2025-12-19 09:04:23,106 [INFO] Activator:176 - 


2025-12-19 09:04:23,110 [INFO] Activator:177 - !SESSION log4j initialized
2025-12-19 09:04:29,560 [INFO] LogOutputStream:77 - [STDOUT_REDIRECT] 
2025-12-19 09:04:36,736 [INFO] ApplicationProperties:184 - Using Application install path: C:\ST\STM32CubeIDE_1.19.0\STM32CubeIDE\plugins\com.st.stm32cube.common.mx_6.15.0.202507011659
2025-12-19 09:04:36,814 [INFO] DbMcusXml:78 - Set database path to: C:\ST\STM32CubeIDE_1.19.0\STM32CubeIDE\plugins\com.st.stm32cube.common.mx_6.15.0.202507011659\\db\/mcu/
2025-12-19 09:04:36,815 [INFO] ApiDb:274 - Set plugin database path to: C:\ST\STM32CubeIDE_1.19.0\STM32CubeIDE\plugins\com.st.stm32cube.common.mx_6.15.0.202507011659\\db\/plugins/boardmanager/
2025-12-19 09:04:36,816 [WARN] ApiDb:259 - Overriding images path with different value:  => C:\ST\STM32CubeIDE_1.19.0\STM32CubeIDE\plugins\com.st.stm32cube.common.mx_6.15.0.202507011659\\db\/plugins/mcufinder/images/
2025-12-19 09:04:36,840 [INFO] ApiDb:250 - Set database path to: C:\Users\aditi\.stmcufinder\plugins\mcufinder//mcu/
2025-12-19 09:04:36,845 [INFO] DbMcusAds:125 - Set database path to: C:\Users\aditi\.stmcufinder\plugins\mcufinder//mcu/
2025-12-19 09:04:36,858 [INFO] CrossReferenceDbSqlite:203 - Set database path to: C:\Users\aditi\.stmcufinder\plugins\mcufinder//mcu/cs/
2025-12-19 09:04:37,184 [INFO] RulesReader:64 - Compatibility file has been processed (317 Rules)
2025-12-19 09:04:37,409 [INFO] DbMcusXml:78 - Set database path to: C:\ST\STM32CubeIDE_1.19.0\STM32CubeIDE\plugins\com.st.stm32cube.common.mx_6.15.0.202507011659\\db\/mcu/
2025-12-19 09:04:37,410 [INFO] ApiDb:274 - Set plugin database path to: C:\ST\STM32CubeIDE_1.19.0\STM32CubeIDE\plugins\com.st.stm32cube.common.mx_6.15.0.202507011659\\db\/plugins/boardmanager/
2025-12-19 09:04:37,410 [INFO] ApiDb:261 - Set plugin images path to: C:\ST\STM32CubeIDE_1.19.0\STM32CubeIDE\plugins\com.st.stm32cube.common.mx_6.15.0.202507011659\\db\/plugins/mcufinder/images/
2025-12-19 09:04:37,410 [WARN] DbFile:41 - Overriding database path with different value: C:\Users\aditi\.stmcufinder\plugins\mcufinder/ => C:\Users\aditi\.stmcufinder\plugins\mcufinder
2025-12-19 09:04:37,410 [INFO] ApiDb:250 - Set database path to: C:\Users\aditi\.stmcufinder\plugins\mcufinder//mcu/
2025-12-19 09:04:37,410 [WARN] DbFile:41 - Overriding database path with different value: C:\Users\aditi\.stmcufinder\plugins\mcufinder/ => C:\Users\aditi\.stmcufinder\plugins\mcufinder
2025-12-19 09:04:37,411 [INFO] DbMcusAds:125 - Set database path to: C:\Users\aditi\.stmcufinder\plugins\mcufinder//mcu/
2025-12-19 09:04:37,411 [WARN] DbFile:41 - Overriding database path with different value: C:\Users\aditi\.stmcufinder\plugins\mcufinder/ => C:\Users\aditi\.stmcufinder\plugins\mcufinder
2025-12-19 09:04:37,411 [WARN] DbFile:41 - Overriding database path with different value: C:\Users\aditi\.stmcufinder\plugins\mcufinder/ => C:\Users\aditi\.stmcufinder\plugins\mcufinder
2025-12-19 09:04:37,411 [INFO] CrossReferenceDbSqlite:203 - Set database path to: C:\Users\aditi\.stmcufinder\plugins\mcufinder//mcu/cs/
2025-12-19 09:04:37,573 [INFO] MainPanel:274 - HeapMemory: 268435456
2025-12-19 09:04:37,795 [INFO] DbMcusXml:78 - Set database path to: C:\ST\STM32CubeIDE_1.19.0\STM32CubeIDE\plugins\com.st.stm32cube.common.mx_6.15.0.202507011659\\db\/mcu/
2025-12-19 09:04:37,795 [INFO] ApiDb:274 - Set plugin database path to: C:\ST\STM32CubeIDE_1.19.0\STM32CubeIDE\plugins\com.st.stm32cube.common.mx_6.15.0.202507011659\\db\/plugins/boardmanager/
2025-12-19 09:04:37,795 [INFO] ApiDb:261 - Set plugin images path to: C:\ST\STM32CubeIDE_1.19.0\STM32CubeIDE\plugins\com.st.stm32cube.common.mx_6.15.0.202507011659\\db\/plugins/mcufinder/images/
2025-12-19 09:04:37,796 [WARN] DbFile:41 - Overriding database path with different value: C:\Users\aditi\.stmcufinder\plugins\mcufinder/ => C:\Users\aditi\.stmcufinder\plugins\mcufinder
2025-12-19 09:04:37,796 [INFO] ApiDb:250 - Set database path to: C:\Users\aditi\.stmcufinder\plugins\mcufinder//mcu/
2025-12-19 09:04:37,796 [WARN] DbFile:41 - Overriding database path with different value: C:\Users\aditi\.stmcufinder\plugins\mcufinder/ => C:\Users\aditi\.stmcufinder\plugins\mcufinder
2025-12-19 09:04:37,797 [INFO] DbMcusAds:125 - Set database path to: C:\Users\aditi\.stmcufinder\plugins\mcufinder//mcu/
2025-12-19 09:04:37,797 [WARN] DbFile:41 - Overriding database path with different value: C:\Users\aditi\.stmcufinder\plugins\mcufinder/ => C:\Users\aditi\.stmcufinder\plugins\mcufinder
2025-12-19 09:04:37,797 [WARN] DbFile:41 - Overriding database path with different value: C:\Users\aditi\.stmcufinder\plugins\mcufinder/ => C:\Users\aditi\.stmcufinder\plugins\mcufinder
2025-12-19 09:04:37,797 [INFO] CrossReferenceDbSqlite:203 - Set database path to: C:\Users\aditi\.stmcufinder\plugins\mcufinder//mcu/cs/
2025-12-19 09:04:37,834 [INFO] ApplicationProperties:184 - Using Application install path: C:\ST\STM32CubeIDE_1.19.0\STM32CubeIDE\plugins\com.st.stm32cube.common.mx_6.15.0.202507011659
2025-12-19 09:04:37,836 [INFO] PluginManage:196 - Search for loadable plugins [exclusion list=, ]
2025-12-19 09:04:37,839 [INFO] PluginManage:310 - Check plugin analytics
2025-12-19 09:04:38,276 [INFO] AnalyticsPlugin:253 - Accepted Software Licenses: 
2025-12-19 09:04:38,276 [INFO] AnalyticsPlugin:255 - Accepted CMSIS Pack Licenses: 
2025-12-19 09:04:38,277 [INFO] AnalyticsPlugin:257 - Accepted Firmware Licenses: 
2025-12-19 09:04:38,286 [INFO] PluginManage:359 - Loaded plugin analytics (category:tool,tabindex:-1)
2025-12-19 09:04:38,286 [INFO] PluginManage:310 - Check plugin cadmodel
2025-12-19 09:04:38,301 [INFO] CADModel:105 - Init CAD model plugin
2025-12-19 09:04:38,302 [INFO] PluginManage:359 - Loaded plugin cadmodel (category:power,tabindex:5)
2025-12-19 09:04:38,302 [INFO] PluginManage:310 - Check plugin clock
2025-12-19 09:04:38,330 [INFO] PluginManage:359 - Loaded plugin clock (category:base,tabindex:2)
2025-12-19 09:04:38,331 [INFO] PluginManage:310 - Check plugin ddr
2025-12-19 09:04:38,338 [INFO] PluginManage:359 - Loaded plugin ddr (category:tool,tabindex:6)
2025-12-19 09:04:38,339 [INFO] PluginManage:310 - Check plugin filemanager
2025-12-19 09:04:38,567 [INFO] PluginManage:359 - Loaded plugin filemanager (category:base,tabindex:10)
2025-12-19 09:04:38,568 [INFO] PluginManage:310 - Check plugin ipmanager
2025-12-19 09:04:38,581 [INFO] PluginManage:359 - Loaded plugin ipmanager (category:base,tabindex:5)
2025-12-19 09:04:38,581 [INFO] PluginManage:310 - Check plugin lpbam
2025-12-19 09:04:38,595 [INFO] PluginManage:359 - Loaded plugin lpbam (category:base,tabindex:0)
2025-12-19 09:04:38,595 [INFO] PluginManage:310 - Check plugin memorymap
2025-12-19 09:04:38,619 [INFO] PluginManage:359 - Loaded plugin memorymap (category:base,tabindex:4)
2025-12-19 09:04:38,619 [INFO] PluginManage:310 - Check plugin pinoutandconfiguration
2025-12-19 09:04:38,632 [INFO] PluginManage:359 - Loaded plugin pinoutandconfiguration (category:base,tabindex:1)
2025-12-19 09:04:38,632 [INFO] PluginManage:310 - Check plugin pinoutconfig
2025-12-19 09:04:38,777 [WARN] SupportedApi:132 - Cannot load RTOS API schema: s4s-elt-must-match.1: The content of 'definitions' must match (annotation?, (simpleType | complexType)?, (unique | key | keyref)*)). A problem was found starting at: attribute.
2025-12-19 09:04:38,952 [INFO] PluginManage:359 - Loaded plugin pinoutconfig (category:base,tabindex:0)
2025-12-19 09:04:38,952 [INFO] PluginManage:310 - Check plugin power
2025-12-19 09:04:38,966 [INFO] PluginManage:359 - Loaded plugin power (category:power,tabindex:4)
2025-12-19 09:04:38,966 [INFO] PluginManage:310 - Check plugin projectmanager
2025-12-19 09:04:38,993 [INFO] PluginManage:359 - Loaded plugin projectmanager (category:projectmanager,tabindex:4)
2025-12-19 09:04:38,994 [INFO] PluginManage:310 - Check plugin rif
2025-12-19 09:04:39,008 [INFO] PluginManage:359 - Loaded plugin rif (category:base,tabindex:3)
2025-12-19 09:04:39,009 [INFO] PluginManage:310 - Check plugin thirdparty
2025-12-19 09:04:39,389 [WARN] IntegrityCheckThread:84 - waiting for thirdparty lock release [integrity check]
2025-12-19 09:04:39,390 [INFO] IntegrityCheckThread:86 - entering critical section [integrity check]
2025-12-19 09:04:39,390 [INFO] ThirdPartyUpdaterWithRetryManager:70 - Updater plugin not ready yet. [1/15]
2025-12-19 09:04:39,391 [INFO] PluginManage:359 - Loaded plugin thirdparty (category:base,tabindex:-1)
2025-12-19 09:04:39,391 [INFO] PluginManage:310 - Check plugin tools
2025-12-19 09:04:39,403 [INFO] PluginManage:359 - Loaded plugin tools (category:base,tabindex:7)
2025-12-19 09:04:39,403 [INFO] PluginManage:310 - Check plugin tutovideos
2025-12-19 09:04:39,738 [INFO] PluginManage:359 - Loaded plugin tutovideos (category:base,tabindex:-1)
2025-12-19 09:04:39,738 [INFO] PluginManage:310 - Check plugin updater
2025-12-19 09:04:39,763 [INFO] PluginManage:359 - Loaded plugin updater (category:base,tabindex:12)
2025-12-19 09:04:39,764 [INFO] PluginManage:310 - Check plugin userauth
2025-12-19 09:04:39,767 [INFO] UserAuth:118 - Init User Auth plugin
2025-12-19 09:04:39,769 [INFO] PluginManage:359 - Loaded plugin userauth (category:base,tabindex:14)
2025-12-19 09:04:39,769 [INFO] PluginManage:283 - PluginManage : Loaded plugins [18]
2025-12-19 09:04:40,058 [INFO] PinOutPanel:1589 - setPackage(No Configuration,No Configuration)
2025-12-19 09:04:40,154 [INFO] CADModel:165 - CPN selected for project level
2025-12-19 09:04:40,154 [INFO] CADModel:114 - Register for checkConnection events
2025-12-19 09:04:40,177 [INFO] IPUIPlugin:80 - create IPUIPlugin
2025-12-19 09:04:40,178 [INFO] PluginManager:220 - loadIPPluginJar : add adc
2025-12-19 09:04:40,182 [INFO] IPUIPlugin:80 - create IPUIPlugin
2025-12-19 09:04:40,183 [INFO] PluginManager:220 - loadIPPluginJar : add aes
2025-12-19 09:04:40,187 [INFO] IPUIPlugin:80 - create IPUIPlugin
2025-12-19 09:04:40,188 [INFO] PluginManager:220 - loadIPPluginJar : add can
2025-12-19 09:04:40,190 [INFO] IPUIPlugin:80 - create IPUIPlugin
2025-12-19 09:04:40,190 [INFO] PluginManager:220 - loadIPPluginJar : add comp
2025-12-19 09:04:40,194 [INFO] IPUIPlugin:80 - create IPUIPlugin
2025-12-19 09:04:40,195 [INFO] PluginManager:220 - loadIPPluginJar : add cryp
2025-12-19 09:04:40,199 [INFO] IPUIPlugin:80 - create IPUIPlugin
2025-12-19 09:04:40,199 [INFO] PluginManager:220 - loadIPPluginJar : add ddr_ctrl_phy
2025-12-19 09:04:40,204 [INFO] IPUIPlugin:80 - create IPUIPlugin
2025-12-19 09:04:40,204 [INFO] PluginManager:220 - loadIPPluginJar : add dfsdm
2025-12-19 09:04:40,211 [INFO] IPUIPlugin:80 - create IPUIPlugin
2025-12-19 09:04:40,212 [INFO] PluginManager:220 - loadIPPluginJar : add dma
2025-12-19 09:04:40,216 [INFO] IPUIPlugin:80 - create IPUIPlugin
2025-12-19 09:04:40,216 [INFO] PluginManager:220 - loadIPPluginJar : add dma3
2025-12-19 09:04:40,220 [INFO] IPUIPlugin:80 - create IPUIPlugin
2025-12-19 09:04:40,221 [INFO] PluginManager:220 - loadIPPluginJar : add extmemmanager
2025-12-19 09:04:40,224 [INFO] IPUIPlugin:80 - create IPUIPlugin
2025-12-19 09:04:40,224 [INFO] PluginManager:220 - loadIPPluginJar : add fatfs
2025-12-19 09:04:40,232 [INFO] IPUIPlugin:80 - create IPUIPlugin
2025-12-19 09:04:40,232 [INFO] PluginManager:220 - loadIPPluginJar : add fmc
2025-12-19 09:04:40,238 [INFO] IPUIPlugin:80 - create IPUIPlugin
2025-12-19 09:04:40,238 [INFO] PluginManager:220 - loadIPPluginJar : add freertos
2025-12-19 09:04:40,240 [INFO] IPUIPlugin:80 - create IPUIPlugin
2025-12-19 09:04:40,240 [INFO] PluginManager:220 - loadIPPluginJar : add genericplugin
2025-12-19 09:04:40,242 [INFO] IPUIPlugin:80 - create IPUIPlugin
2025-12-19 09:04:40,242 [INFO] PluginManager:220 - loadIPPluginJar : add gfxmmu
2025-12-19 09:04:40,247 [INFO] IPUIPlugin:80 - create IPUIPlugin
2025-12-19 09:04:40,247 [INFO] PluginManager:220 - loadIPPluginJar : add gic
2025-12-19 09:04:40,251 [INFO] IPUIPlugin:80 - create IPUIPlugin
2025-12-19 09:04:40,251 [INFO] PluginManager:220 - loadIPPluginJar : add gpio
2025-12-19 09:04:40,254 [INFO] IPUIPlugin:80 - create IPUIPlugin
2025-12-19 09:04:40,254 [INFO] PluginManager:220 - loadIPPluginJar : add gtzc
2025-12-19 09:04:40,258 [INFO] IPUIPlugin:80 - create IPUIPlugin
2025-12-19 09:04:40,258 [INFO] PluginManager:220 - loadIPPluginJar : add hash
2025-12-19 09:04:40,263 [INFO] IPUIPlugin:80 - create IPUIPlugin
2025-12-19 09:04:40,263 [INFO] PluginManager:220 - loadIPPluginJar : add i2c
2025-12-19 09:04:40,267 [INFO] IPUIPlugin:80 - create IPUIPlugin
2025-12-19 09:04:40,267 [INFO] PluginManager:220 - loadIPPluginJar : add i2s
2025-12-19 09:04:40,273 [INFO] IPUIPlugin:80 - create IPUIPlugin
2025-12-19 09:04:40,273 [INFO] PluginManager:220 - loadIPPluginJar : add i3c
2025-12-19 09:04:40,278 [INFO] IPUIPlugin:80 - create IPUIPlugin
2025-12-19 09:04:40,279 [INFO] PluginManager:220 - loadIPPluginJar : add ipddr
2025-12-19 09:04:40,286 [INFO] IPUIPlugin:80 - create IPUIPlugin
2025-12-19 09:04:40,287 [INFO] PluginManager:220 - loadIPPluginJar : add linkedlist
2025-12-19 09:04:40,292 [INFO] IPUIPlugin:80 - create IPUIPlugin
2025-12-19 09:04:40,292 [INFO] PluginManager:220 - loadIPPluginJar : add lorawan
2025-12-19 09:04:40,296 [INFO] IPUIPlugin:80 - create IPUIPlugin
2025-12-19 09:04:40,296 [INFO] PluginManager:220 - loadIPPluginJar : add ltdc
2025-12-19 09:04:40,304 [INFO] IPUIPlugin:80 - create IPUIPlugin
2025-12-19 09:04:40,304 [INFO] PluginManager:220 - loadIPPluginJar : add mdma
2025-12-19 09:04:40,308 [INFO] IPUIPlugin:80 - create IPUIPlugin
2025-12-19 09:04:40,309 [INFO] PluginManager:220 - loadIPPluginJar : add nvic
2025-12-19 09:04:40,314 [INFO] IPUIPlugin:80 - create IPUIPlugin
2025-12-19 09:04:40,315 [INFO] PluginManager:220 - loadIPPluginJar : add opamp
2025-12-19 09:04:40,322 [INFO] IPUIPlugin:80 - create IPUIPlugin
2025-12-19 09:04:40,322 [INFO] PluginManager:220 - loadIPPluginJar : add openamp
2025-12-19 09:04:40,327 [INFO] IPUIPlugin:80 - create IPUIPlugin
2025-12-19 09:04:40,328 [INFO] PluginManager:220 - loadIPPluginJar : add pdm2pcm
2025-12-19 09:04:40,337 [INFO] IPUIPlugin:80 - create IPUIPlugin
2025-12-19 09:04:40,341 [INFO] PluginManager:220 - loadIPPluginJar : add plateformsettings
2025-12-19 09:04:40,345 [INFO] IPUIPlugin:80 - create IPUIPlugin
2025-12-19 09:04:40,345 [INFO] PluginManager:220 - loadIPPluginJar : add quadspi
2025-12-19 09:04:40,348 [INFO] IPUIPlugin:80 - create IPUIPlugin
2025-12-19 09:04:40,350 [INFO] PluginManager:220 - loadIPPluginJar : add radio
2025-12-19 09:04:40,355 [INFO] IPUIPlugin:80 - create IPUIPlugin
2025-12-19 09:04:40,355 [INFO] PluginManager:220 - loadIPPluginJar : add resmgrutility
2025-12-19 09:04:40,359 [INFO] IPUIPlugin:80 - create IPUIPlugin
2025-12-19 09:04:40,360 [INFO] PluginManager:220 - loadIPPluginJar : add sai
2025-12-19 09:04:40,364 [INFO] IPUIPlugin:80 - create IPUIPlugin
2025-12-19 09:04:40,364 [INFO] PluginManager:220 - loadIPPluginJar : add spi
2025-12-19 09:04:40,373 [INFO] IPUIPlugin:80 - create IPUIPlugin
2025-12-19 09:04:40,374 [INFO] PluginManager:220 - loadIPPluginJar : add stm32_wpan
2025-12-19 09:04:40,377 [INFO] IPUIPlugin:80 - create IPUIPlugin
2025-12-19 09:04:40,377 [INFO] PluginManager:220 - loadIPPluginJar : add tim
2025-12-19 09:04:40,382 [INFO] IPUIPlugin:80 - create IPUIPlugin
2025-12-19 09:04:40,383 [INFO] PluginManager:220 - loadIPPluginJar : add touchsensing
2025-12-19 09:04:40,386 [INFO] IPUIPlugin:80 - create IPUIPlugin
2025-12-19 09:04:40,386 [INFO] PluginManager:220 - loadIPPluginJar : add tracer_emb
2025-12-19 09:04:40,389 [INFO] IPUIPlugin:80 - create IPUIPlugin
2025-12-19 09:04:40,389 [INFO] PluginManager:220 - loadIPPluginJar : add ts
2025-12-19 09:04:40,392 [INFO] IPUIPlugin:80 - create IPUIPlugin
2025-12-19 09:04:40,392 [INFO] PluginManager:220 - loadIPPluginJar : add tsc
2025-12-19 09:04:40,396 [INFO] IPUIPlugin:80 - create IPUIPlugin
2025-12-19 09:04:40,396 [INFO] PluginManager:220 - loadIPPluginJar : add ucpd
2025-12-19 09:04:40,399 [INFO] IPUIPlugin:80 - create IPUIPlugin
2025-12-19 09:04:40,399 [INFO] PluginManager:220 - loadIPPluginJar : add usart
2025-12-19 09:04:40,404 [INFO] IPUIPlugin:80 - create IPUIPlugin
2025-12-19 09:04:40,404 [INFO] PluginManager:220 - loadIPPluginJar : add usbx
2025-12-19 09:04:40,556 [FATAL] Updater:351 - Updater called before beeing initialized
2025-12-19 09:04:40,598 [INFO] RulesReader:64 - Compatibility file has been processed (317 Rules)
2025-12-19 09:04:40,616 [INFO] RulesReader:64 - Compatibility file has been processed (317 Rules)
2025-12-19 09:04:40,635 [INFO] CADModel:165 - CPN selected for project level
2025-12-19 09:04:40,635 [INFO] CADModel:114 - Register for checkConnection events
2025-12-19 09:04:40,635 [FATAL] Updater:351 - Updater called before beeing initialized
2025-12-19 09:04:40,635 [ERROR] CADModel:125 - Updater not yet initialized, retry later 
2025-12-19 09:04:40,935 [FATAL] Updater:351 - Updater called before beeing initialized
2025-12-19 09:04:40,939 [INFO] CADModel:165 - CPN selected for project level
2025-12-19 09:04:40,939 [INFO] CADModel:114 - Register for checkConnection events
2025-12-19 09:04:40,939 [FATAL] Updater:351 - Updater called before beeing initialized
2025-12-19 09:04:40,939 [ERROR] CADModel:125 - Updater not yet initialized, retry later 
2025-12-19 09:04:40,944 [FATAL] Updater:351 - Updater called before beeing initialized
2025-12-19 09:04:41,121 [FATAL] Updater:351 - Updater called before beeing initialized
2025-12-19 09:04:41,125 [INFO] DbMcusAds:53 - JSON generation date=Tue Dec 16 04:41:46 IST 2025 (1765840306612)
2025-12-19 09:04:41,125 [FATAL] Updater:351 - Updater called before beeing initialized
2025-12-19 09:04:41,179 [WARN] DetailPanel:346 - Failed to get advertising image, set to default
2025-12-19 09:04:41,299 [FATAL] Updater:351 - Updater called before beeing initialized
2025-12-19 09:04:41,302 [FATAL] Updater:351 - Updater called before beeing initialized
2025-12-19 09:04:41,302 [FATAL] Updater:351 - Updater called before beeing initialized
2025-12-19 09:04:41,302 [WARN] DetailPanel:346 - Failed to get advertising image, set to default
2025-12-19 09:04:41,303 [FATAL] Updater:351 - Updater called before beeing initialized
2025-12-19 09:04:41,359 [ERROR] Updater:1198 - MainUpdater not yet initialized. External WinMGr cannot be set.
2025-12-19 09:04:41,362 [INFO] Updater:1134 - Updater Version found : 6.15.0
2025-12-19 09:04:41,378 [INFO] ApplicationProperties:184 - Using Application install path: C:\ST\STM32CubeIDE_1.19.0\STM32CubeIDE\plugins\com.st.stm32cube.common.mx_6.15.0.202507011659
2025-12-19 09:04:42,391 [INFO] ThirdPartyUpdaterWithRetryManager:70 - Updater plugin not ready yet. [2/15]
2025-12-19 09:04:42,961 [ERROR] LogOutputStream:75 - [STDERR_REDIRECT] Dec 19, 2025 9:04:42 AM java.util.prefs.WindowsPreferences <init>
2025-12-19 09:04:42,962 [ERROR] LogOutputStream:75 - [STDERR_REDIRECT] WARNING: Could not open/create prefs root node Software\JavaSoft\Prefs at root 0xffffffff80000002. Windows RegCreateKeyEx(...) returned error code 5.
2025-12-19 09:04:42,962 [ERROR] LogOutputStream:75 - [STDERR_REDIRECT] 
2025-12-19 09:04:43,475 [INFO] MainUpdater:2872 - connection check result : 10
2025-12-19 09:04:43,476 [INFO] MainUpdater:289 - Updater Check For Update Now.
2025-12-19 09:04:43,477 [INFO] MicroXplorer:498 - Change Database Version : DB.6.0.150
2025-12-19 09:04:43,489 [INFO] McuFinderGlobals:63 - Set McuFinder mode to 2 (CubeIDE integrated)
2025-12-19 09:04:43,490 [INFO] UserAuth:171 - activating auth plugin
2025-12-19 09:04:43,494 [INFO] UserAuth:487 - Internet connection configuration mode: 1
2025-12-19 09:04:43,526 [INFO] JxBrowserEngine:152 - Initiate JxBrowser Engine with user profile folder
2025-12-19 09:04:43,674 [INFO] CheckServerUpdateThread:120 - End of CheckServer Thread
2025-12-19 09:04:44,831 [INFO] WebApp:169 - Instantiating new browser for Auth
2025-12-19 09:04:45,776 [WARN] PackLoader:240 - Cannot read IP mode file for STMicroelectronics.FP-SNS-MOTENVWB1.1.4.0
2025-12-19 09:04:45,791 [WARN] PackLoader:240 - Cannot read IP mode file for STMicroelectronics.FP-ATR-ASTRA1.2.0.2
2025-12-19 09:04:45,805 [WARN] PackLoader:240 - Cannot read IP mode file for STMicroelectronics.X-CUBE-SMBUS.2.1.0
2025-12-19 09:04:45,852 [WARN] PackLoader:240 - Cannot read IP mode file for STMicroelectronics.X-CUBE-AZRTOS-F7.1.1.0
2025-12-19 09:04:45,874 [WARN] PackLoader:240 - Cannot read IP mode file for STMicroelectronics.X-CUBE-DISPLAY.3.0.0
2025-12-19 09:04:45,903 [WARN] PackLoader:240 - Cannot read IP mode file for STMicroelectronics.X-CUBE-NFC10.1.0.0
2025-12-19 09:04:45,914 [WARN] PackLoader:240 - Cannot read IP mode file for STMicroelectronics.FP-SNS-SMARTAG2.1.2.0
2025-12-19 09:04:45,922 [WARN] PackLoader:240 - Cannot read IP mode file for STMicroelectronics.FP-SNS-FLIGHT1.5.1.0
2025-12-19 09:04:45,940 [INFO] LogOutputStream:77 - [STDOUT_REDIRECT] 1 : Invalid condition id : UX_CORESTACK_Condition cause : null
2025-12-19 09:04:45,943 [INFO] LogOutputStream:77 - [STDOUT_REDIRECT] 1 : Invalid condition id : UX_CORESTACK_Condition cause : null
2025-12-19 09:04:45,945 [INFO] LogOutputStream:77 - [STDOUT_REDIRECT] 1 : Invalid condition id : UX_CORESTACK_Condition cause : null
2025-12-19 09:04:45,948 [INFO] LogOutputStream:77 - [STDOUT_REDIRECT] 1 : Invalid condition id : UX_CORESTACK_Condition cause : null
2025-12-19 09:04:45,951 [INFO] LogOutputStream:77 - [STDOUT_REDIRECT] 1 : Invalid condition id : UX_CORESTACK_Condition cause : null
2025-12-19 09:04:45,956 [WARN] PackLoader:240 - Cannot read IP mode file for STMicroelectronics.X-CUBE-AZRTOS-WL.2.0.0
2025-12-19 09:04:45,969 [WARN] PackLoader:240 - Cannot read IP mode file for STMicroelectronics.X-CUBE-BLE2.3.3.0
2025-12-19 09:04:45,982 [WARN] PackLoader:240 - Cannot read IP mode file for STMicroelectronics.X-CUBE-NFC9.1.0.0
2025-12-19 09:04:45,995 [WARN] PackLoader:240 - Cannot read IP mode file for STMicroelectronics.X-CUBE-BLE1.7.1.0
2025-12-19 09:04:46,024 [WARN] PackLoader:240 - Cannot read IP mode file for STMicroelectronics.X-CUBE-AZRTOS-G0.1.1.0
2025-12-19 09:04:46,041 [WARN] PackLoader:240 - Cannot read IP mode file for STMicroelectronics.X-CUBE-NFC4.3.0.0
2025-12-19 09:04:46,054 [WARN] PackLoader:240 - Cannot read IP mode file for STMicroelectronics.X-CUBE-WB05N.2.0.0
2025-12-19 09:04:46,064 [WARN] PackLoader:240 - Cannot read IP mode file for STMicroelectronics.X-CUBE-TCPP.4.2.0
2025-12-19 09:04:46,073 [WARN] PackLoader:240 - Cannot read IP mode file for STMicroelectronics.FP-ATR-SIGFOX1.3.2.0
2025-12-19 09:04:46,088 [WARN] PackLoader:240 - Cannot read IP mode file for STMicroelectronics.X-CUBE-ALGOBUILD.1.4.0
2025-12-19 09:04:46,100 [WARN] PackLoader:240 - Cannot read IP mode file for STMicroelectronics.X-CUBE-PM33A1.1.0.0
2025-12-19 09:04:46,130 [WARN] PackLoader:240 - Cannot read IP mode file for STMicroelectronics.X-CUBE-AZRTOS-F4.1.1.0
2025-12-19 09:04:46,146 [WARN] PackLoader:240 - Cannot read IP mode file for STMicroelectronics.X-CUBE-ISPU.2.1.0
2025-12-19 09:04:46,254 [WARN] PackLoader:240 - Cannot read IP mode file for STMicroelectronics.X-CUBE-AZRTOS-L5.2.0.0
2025-12-19 09:04:46,369 [WARN] PackLoader:240 - Cannot read IP mode file for STMicroelectronics.X-CUBE-NFC6.3.1.0
2025-12-19 09:04:46,394 [WARN] PackLoader:240 - Cannot read IP mode file for STMicroelectronics.X-CUBE-DPower.1.3.0
2025-12-19 09:04:46,433 [WARN] ConditionMgr:438 - getConditionDescription Invalid condition id : LAN8742 Phy interface Condition cause : null
2025-12-19 09:04:46,434 [WARN] PackLoader:240 - Cannot read IP mode file for STMicroelectronics.X-CUBE-AZRTOS-L4.2.0.0
2025-12-19 09:04:46,436 [WARN] ConditionMgr:1044 - genDependencies : Invalid condition id : LAN8742 Phy interface Condition cause : null
2025-12-19 09:04:46,436 [WARN] ConditionMgr:1044 - genDependencies : Invalid condition id : LAN8742 Phy interface Condition cause : null
2025-12-19 09:04:46,437 [WARN] ConditionMgr:1044 - genDependencies : Invalid condition id : LAN8742 Phy interface Condition cause : null
2025-12-19 09:04:46,449 [WARN] PackLoader:240 - Cannot read IP mode file for STMicroelectronics.X-CUBE-SFXS2LP1.4.0.0
2025-12-19 09:04:46,468 [WARN] ConditionMgr:438 - getConditionDescription Invalid condition id : UX DEVICE CLASS RTOS Condition cause : null
2025-12-19 09:04:46,468 [WARN] ConditionMgr:438 - getConditionDescription Invalid condition id : UX DEVICE CLASS RTOS Condition cause : null
2025-12-19 09:04:46,472 [WARN] PackLoader:240 - Cannot read IP mode file for STMicroelectronics.X-CUBE-AZRTOS-WB.2.0.0
2025-12-19 09:04:46,472 [WARN] ConditionMgr:1044 - genDependencies : Invalid condition id : UX DEVICE CLASS RTOS Condition cause : null
2025-12-19 09:04:46,473 [WARN] ConditionMgr:1044 - genDependencies : Invalid condition id : UX DEVICE CLASS RTOS Condition cause : null
2025-12-19 09:04:46,473 [WARN] ConditionMgr:1044 - genDependencies : Invalid condition id : UX DEVICE CLASS RTOS Condition cause : null
2025-12-19 09:04:46,474 [WARN] ConditionMgr:1044 - genDependencies : Invalid condition id : UX DEVICE CLASS RTOS Condition cause : null
2025-12-19 09:04:46,474 [WARN] ConditionMgr:1044 - genDependencies : Invalid condition id : UX DEVICE CLASS RTOS Condition cause : null
2025-12-19 09:04:46,491 [WARN] PackLoader:240 - Cannot read IP mode file for STMicroelectronics.X-CUBE-SUBG2.5.0.0
2025-12-19 09:04:46,520 [WARN] PackLoader:240 - Cannot read IP mode file for STMicroelectronics.X-CUBE-AZRTOS-G4.2.0.0
2025-12-19 09:04:46,533 [WARN] PackLoader:240 - Cannot read IP mode file for STMicroelectronics.X-CUBE-NFC7.2.0.0
2025-12-19 09:04:46,541 [WARN] PackLoader:240 - Cannot read IP mode file for STMicroelectronics.X-CUBE-ALS.1.0.2
2025-12-19 09:04:46,566 [WARN] PackLoader:240 - Cannot read IP mode file for STMicroelectronics.X-CUBE-TOF1.3.4.3
2025-12-19 09:04:46,587 [INFO] ThirdParty:978 - Integrity check success = true
2025-12-19 09:04:46,587 [INFO] IntegrityCheckThread:100 - exiting critical section [integrity check]
2025-12-19 09:04:46,587 [INFO] IntegrityCheckThread:103 - End integrity checks thread
2025-12-19 09:04:46,788 [INFO] WebApp:463 - Apply proxy settings
2025-12-19 09:04:46,789 [INFO] WebApp:548 - Chromium requires no authentication
2025-12-19 09:04:46,823 [INFO] WebApp:491 - Direct internet connection detected
2025-12-19 09:04:46,864 [INFO] WebApp:900 - Register for checkConnection events
2025-12-19 09:04:46,864 [INFO] WebApp:463 - Apply proxy settings
2025-12-19 09:04:46,864 [INFO] WebApp:548 - Chromium requires no authentication
2025-12-19 09:04:46,865 [INFO] WebApp:491 - Direct internet connection detected
2025-12-19 09:04:47,089 [INFO] WebApp:225 - Starting web application
2025-12-19 09:04:47,089 [INFO] WebApp:593 - Web application path used C:\ST\STM32CubeIDE_1.19.0\STM32CubeIDE\plugins\com.st.stm32cube.common.mx_6.15.0.202507011659\db\plugins\mcufinder\reactClient1\index.html
2025-12-19 09:04:47,578 [INFO] WebApp:191 - Connection restablished
2025-12-19 09:30:13,701 [INFO] WebApp:194 - Connection lost
2025-12-19 09:30:22,139 [INFO] WebApp:191 - Connection restablished
2025-12-19 09:30:23,484 [INFO] WebApp:194 - Connection lost
2025-12-19 09:30:23,849 [INFO] WebApp:191 - Connection restablished
2025-12-19 09:31:00,481 [INFO] WebApp:194 - Connection lost
2025-12-19 09:31:01,327 [INFO] WebApp:191 - Connection restablished
2025-12-19 09:34:57,799 [ERROR] ConfigurationRetriever:142 - IOException on connection: Read timed out
2025-12-19 09:34:59,908 [ERROR] ConfigurationRetriever:142 - IOException on connection: Read timed out
2025-12-19 09:35:02,073 [ERROR] ConfigurationRetriever:142 - IOException on connection: Read timed out
2025-12-19 09:45:04,611 [INFO] WebApp:194 - Connection lost
2025-12-19 09:45:07,361 [INFO] WebApp:191 - Connection restablished
2025-12-19 09:45:09,514 [INFO] WebApp:194 - Connection lost
2025-12-19 09:45:09,812 [INFO] WebApp:191 - Connection restablished
2025-12-19 09:45:56,826 [INFO] WebApp:194 - Connection lost
2025-12-19 09:45:59,583 [INFO] WebApp:191 - Connection restablished
2025-12-19 09:46:01,531 [INFO] WebApp:194 - Connection lost
2025-12-19 09:46:01,921 [INFO] WebApp:191 - Connection restablished
2025-12-19 09:49:54,680 [INFO] WebApp:194 - Connection lost
2025-12-19 09:49:57,494 [INFO] WebApp:191 - Connection restablished
2025-12-19 09:49:59,108 [INFO] WebApp:194 - Connection lost
2025-12-19 09:49:59,324 [INFO] WebApp:191 - Connection restablished
2025-12-19 10:46:40,851 [INFO] WebApp:194 - Connection lost
2025-12-19 10:46:50,340 [INFO] WebApp:191 - Connection restablished
2025-12-19 10:46:52,158 [INFO] WebApp:194 - Connection lost
2025-12-19 10:46:52,435 [INFO] WebApp:191 - Connection restablished
2025-12-19 11:01:11,578 [INFO] WebApp:194 - Connection lost
2025-12-19 11:06:44,022 [ERROR] ConfigurationRetriever:142 - IOException on connection: sw-center.st.com
2025-12-19 11:06:44,026 [ERROR] ConfigurationRetriever:142 - IOException on connection: sw-center.st.com
2025-12-19 11:06:44,026 [ERROR] ConfigurationRetriever:142 - IOException on connection: sw-center.st.com
2025-12-19 11:06:45,318 [ERROR] LogOutputStream:75 - [STDERR_REDIRECT] 
2025-12-19 11:06:45,321 [ERROR] LogOutputStream:75 - [STDERR_REDIRECT] 
2025-12-19 12:29:51,895 [INFO] Activator:176 - 


2025-12-19 12:29:51,896 [INFO] Activator:177 - !SESSION log4j initialized
2025-12-19 12:29:59,498 [INFO] LogOutputStream:77 - [STDOUT_REDIRECT] 
2025-12-19 12:30:20,861 [INFO] ApplicationProperties:184 - Using Application install path: C:\ST\STM32CubeIDE_1.19.0\STM32CubeIDE\plugins\com.st.stm32cube.common.mx_6.15.0.202507011659
2025-12-19 12:30:20,885 [INFO] DbMcusXml:78 - Set database path to: C:\ST\STM32CubeIDE_1.19.0\STM32CubeIDE\plugins\com.st.stm32cube.common.mx_6.15.0.202507011659\\db\/mcu/
2025-12-19 12:30:20,885 [INFO] ApiDb:274 - Set plugin database path to: C:\ST\STM32CubeIDE_1.19.0\STM32CubeIDE\plugins\com.st.stm32cube.common.mx_6.15.0.202507011659\\db\/plugins/boardmanager/
2025-12-19 12:30:20,885 [WARN] ApiDb:259 - Overriding images path with different value:  => C:\ST\STM32CubeIDE_1.19.0\STM32CubeIDE\plugins\com.st.stm32cube.common.mx_6.15.0.202507011659\\db\/plugins/mcufinder/images/
2025-12-19 12:30:20,892 [INFO] ApiDb:250 - Set database path to: C:\Users\aditi\.stmcufinder\plugins\mcufinder//mcu/
2025-12-19 12:30:20,892 [INFO] DbMcusAds:125 - Set database path to: C:\Users\aditi\.stmcufinder\plugins\mcufinder//mcu/
2025-12-19 12:30:20,960 [INFO] CrossReferenceDbSqlite:203 - Set database path to: C:\Users\aditi\.stmcufinder\plugins\mcufinder//mcu/cs/
2025-12-19 12:30:21,131 [INFO] RulesReader:64 - Compatibility file has been processed (317 Rules)
2025-12-19 12:30:21,194 [INFO] DbMcusXml:78 - Set database path to: C:\ST\STM32CubeIDE_1.19.0\STM32CubeIDE\plugins\com.st.stm32cube.common.mx_6.15.0.202507011659\\db\/mcu/
2025-12-19 12:30:21,194 [INFO] ApiDb:274 - Set plugin database path to: C:\ST\STM32CubeIDE_1.19.0\STM32CubeIDE\plugins\com.st.stm32cube.common.mx_6.15.0.202507011659\\db\/plugins/boardmanager/
2025-12-19 12:30:21,194 [INFO] ApiDb:261 - Set plugin images path to: C:\ST\STM32CubeIDE_1.19.0\STM32CubeIDE\plugins\com.st.stm32cube.common.mx_6.15.0.202507011659\\db\/plugins/mcufinder/images/
2025-12-19 12:30:21,194 [WARN] DbFile:41 - Overriding database path with different value: C:\Users\aditi\.stmcufinder\plugins\mcufinder/ => C:\Users\aditi\.stmcufinder\plugins\mcufinder
2025-12-19 12:30:21,194 [INFO] ApiDb:250 - Set database path to: C:\Users\aditi\.stmcufinder\plugins\mcufinder//mcu/
2025-12-19 12:30:21,194 [WARN] DbFile:41 - Overriding database path with different value: C:\Users\aditi\.stmcufinder\plugins\mcufinder/ => C:\Users\aditi\.stmcufinder\plugins\mcufinder
2025-12-19 12:30:21,194 [INFO] DbMcusAds:125 - Set database path to: C:\Users\aditi\.stmcufinder\plugins\mcufinder//mcu/
2025-12-19 12:30:21,194 [WARN] DbFile:41 - Overriding database path with different value: C:\Users\aditi\.stmcufinder\plugins\mcufinder/ => C:\Users\aditi\.stmcufinder\plugins\mcufinder
2025-12-19 12:30:21,194 [WARN] DbFile:41 - Overriding database path with different value: C:\Users\aditi\.stmcufinder\plugins\mcufinder/ => C:\Users\aditi\.stmcufinder\plugins\mcufinder
2025-12-19 12:30:21,194 [INFO] CrossReferenceDbSqlite:203 - Set database path to: C:\Users\aditi\.stmcufinder\plugins\mcufinder//mcu/cs/
2025-12-19 12:30:21,272 [INFO] MainPanel:274 - HeapMemory: 268435456
2025-12-19 12:30:21,437 [INFO] DbMcusXml:78 - Set database path to: C:\ST\STM32CubeIDE_1.19.0\STM32CubeIDE\plugins\com.st.stm32cube.common.mx_6.15.0.202507011659\\db\/mcu/
2025-12-19 12:30:21,437 [INFO] ApiDb:274 - Set plugin database path to: C:\ST\STM32CubeIDE_1.19.0\STM32CubeIDE\plugins\com.st.stm32cube.common.mx_6.15.0.202507011659\\db\/plugins/boardmanager/
2025-12-19 12:30:21,437 [INFO] ApiDb:261 - Set plugin images path to: C:\ST\STM32CubeIDE_1.19.0\STM32CubeIDE\plugins\com.st.stm32cube.common.mx_6.15.0.202507011659\\db\/plugins/mcufinder/images/
2025-12-19 12:30:21,442 [WARN] DbFile:41 - Overriding database path with different value: C:\Users\aditi\.stmcufinder\plugins\mcufinder/ => C:\Users\aditi\.stmcufinder\plugins\mcufinder
2025-12-19 12:30:21,442 [INFO] ApiDb:250 - Set database path to: C:\Users\aditi\.stmcufinder\plugins\mcufinder//mcu/
2025-12-19 12:30:21,442 [WARN] DbFile:41 - Overriding database path with different value: C:\Users\aditi\.stmcufinder\plugins\mcufinder/ => C:\Users\aditi\.stmcufinder\plugins\mcufinder
2025-12-19 12:30:21,442 [INFO] DbMcusAds:125 - Set database path to: C:\Users\aditi\.stmcufinder\plugins\mcufinder//mcu/
2025-12-19 12:30:21,442 [WARN] DbFile:41 - Overriding database path with different value: C:\Users\aditi\.stmcufinder\plugins\mcufinder/ => C:\Users\aditi\.stmcufinder\plugins\mcufinder
2025-12-19 12:30:21,442 [WARN] DbFile:41 - Overriding database path with different value: C:\Users\aditi\.stmcufinder\plugins\mcufinder/ => C:\Users\aditi\.stmcufinder\plugins\mcufinder
2025-12-19 12:30:21,442 [INFO] CrossReferenceDbSqlite:203 - Set database path to: C:\Users\aditi\.stmcufinder\plugins\mcufinder//mcu/cs/
2025-12-19 12:30:21,458 [INFO] ApplicationProperties:184 - Using Application install path: C:\ST\STM32CubeIDE_1.19.0\STM32CubeIDE\plugins\com.st.stm32cube.common.mx_6.15.0.202507011659
2025-12-19 12:30:21,460 [INFO] PluginManage:196 - Search for loadable plugins [exclusion list=, ]
2025-12-19 12:30:21,460 [INFO] PluginManage:310 - Check plugin analytics
2025-12-19 12:30:21,799 [INFO] AnalyticsPlugin:253 - Accepted Software Licenses: 
2025-12-19 12:30:21,799 [INFO] AnalyticsPlugin:255 - Accepted CMSIS Pack Licenses: 
2025-12-19 12:30:21,799 [INFO] AnalyticsPlugin:257 - Accepted Firmware Licenses: 
2025-12-19 12:30:21,805 [INFO] PluginManage:359 - Loaded plugin analytics (category:tool,tabindex:-1)
2025-12-19 12:30:21,805 [INFO] PluginManage:310 - Check plugin cadmodel
2025-12-19 12:30:21,811 [INFO] CADModel:105 - Init CAD model plugin
2025-12-19 12:30:21,811 [INFO] PluginManage:359 - Loaded plugin cadmodel (category:power,tabindex:5)
2025-12-19 12:30:21,811 [INFO] PluginManage:310 - Check plugin clock
2025-12-19 12:30:21,827 [INFO] PluginManage:359 - Loaded plugin clock (category:base,tabindex:2)
2025-12-19 12:30:21,830 [INFO] PluginManage:310 - Check plugin ddr
2025-12-19 12:30:21,832 [INFO] PluginManage:359 - Loaded plugin ddr (category:tool,tabindex:6)
2025-12-19 12:30:21,832 [INFO] PluginManage:310 - Check plugin filemanager
2025-12-19 12:30:21,967 [INFO] PluginManage:359 - Loaded plugin filemanager (category:base,tabindex:10)
2025-12-19 12:30:21,967 [INFO] PluginManage:310 - Check plugin ipmanager
2025-12-19 12:30:21,986 [INFO] PluginManage:359 - Loaded plugin ipmanager (category:base,tabindex:5)
2025-12-19 12:30:21,986 [INFO] PluginManage:310 - Check plugin lpbam
2025-12-19 12:30:21,994 [INFO] PluginManage:359 - Loaded plugin lpbam (category:base,tabindex:0)
2025-12-19 12:30:21,994 [INFO] PluginManage:310 - Check plugin memorymap
2025-12-19 12:30:22,001 [INFO] PluginManage:359 - Loaded plugin memorymap (category:base,tabindex:4)
2025-12-19 12:30:22,001 [INFO] PluginManage:310 - Check plugin pinoutandconfiguration
2025-12-19 12:30:22,022 [INFO] PluginManage:359 - Loaded plugin pinoutandconfiguration (category:base,tabindex:1)
2025-12-19 12:30:22,026 [INFO] PluginManage:310 - Check plugin pinoutconfig
2025-12-19 12:30:22,116 [WARN] SupportedApi:132 - Cannot load RTOS API schema: s4s-elt-must-match.1: The content of 'definitions' must match (annotation?, (simpleType | complexType)?, (unique | key | keyref)*)). A problem was found starting at: attribute.
2025-12-19 12:30:22,255 [INFO] PluginManage:359 - Loaded plugin pinoutconfig (category:base,tabindex:0)
2025-12-19 12:30:22,255 [INFO] PluginManage:310 - Check plugin power
2025-12-19 12:30:22,271 [INFO] PluginManage:359 - Loaded plugin power (category:power,tabindex:4)
2025-12-19 12:30:22,278 [INFO] PluginManage:310 - Check plugin projectmanager
2025-12-19 12:30:22,306 [INFO] PluginManage:359 - Loaded plugin projectmanager (category:projectmanager,tabindex:4)
2025-12-19 12:30:22,306 [INFO] PluginManage:310 - Check plugin rif
2025-12-19 12:30:22,315 [INFO] PluginManage:359 - Loaded plugin rif (category:base,tabindex:3)
2025-12-19 12:30:22,315 [INFO] PluginManage:310 - Check plugin thirdparty
2025-12-19 12:30:22,493 [WARN] IntegrityCheckThread:84 - waiting for thirdparty lock release [integrity check]
2025-12-19 12:30:22,493 [INFO] PluginManage:359 - Loaded plugin thirdparty (category:base,tabindex:-1)
2025-12-19 12:30:22,493 [INFO] IntegrityCheckThread:86 - entering critical section [integrity check]
2025-12-19 12:30:22,493 [INFO] PluginManage:310 - Check plugin tools
2025-12-19 12:30:22,493 [INFO] ThirdPartyUpdaterWithRetryManager:70 - Updater plugin not ready yet. [1/15]
2025-12-19 12:30:22,493 [INFO] PluginManage:359 - Loaded plugin tools (category:base,tabindex:7)
2025-12-19 12:30:22,493 [INFO] PluginManage:310 - Check plugin tutovideos
2025-12-19 12:30:22,752 [INFO] PluginManage:359 - Loaded plugin tutovideos (category:base,tabindex:-1)
2025-12-19 12:30:22,752 [INFO] PluginManage:310 - Check plugin updater
2025-12-19 12:30:22,780 [INFO] PluginManage:359 - Loaded plugin updater (category:base,tabindex:12)
2025-12-19 12:30:22,780 [INFO] PluginManage:310 - Check plugin userauth
2025-12-19 12:30:22,788 [INFO] UserAuth:118 - Init User Auth plugin
2025-12-19 12:30:22,788 [INFO] PluginManage:359 - Loaded plugin userauth (category:base,tabindex:14)
2025-12-19 12:30:22,788 [INFO] PluginManage:283 - PluginManage : Loaded plugins [18]
2025-12-19 12:30:23,006 [INFO] PinOutPanel:1589 - setPackage(No Configuration,No Configuration)
2025-12-19 12:30:23,105 [INFO] CADModel:165 - CPN selected for project level
2025-12-19 12:30:23,105 [INFO] CADModel:114 - Register for checkConnection events
2025-12-19 12:30:23,134 [INFO] IPUIPlugin:80 - create IPUIPlugin
2025-12-19 12:30:23,136 [INFO] PluginManager:220 - loadIPPluginJar : add adc
2025-12-19 12:30:23,138 [INFO] IPUIPlugin:80 - create IPUIPlugin
2025-12-19 12:30:23,140 [INFO] PluginManager:220 - loadIPPluginJar : add aes
2025-12-19 12:30:23,144 [INFO] IPUIPlugin:80 - create IPUIPlugin
2025-12-19 12:30:23,146 [INFO] PluginManager:220 - loadIPPluginJar : add can
2025-12-19 12:30:23,149 [INFO] IPUIPlugin:80 - create IPUIPlugin
2025-12-19 12:30:23,149 [INFO] PluginManager:220 - loadIPPluginJar : add comp
2025-12-19 12:30:23,153 [INFO] IPUIPlugin:80 - create IPUIPlugin
2025-12-19 12:30:23,153 [INFO] PluginManager:220 - loadIPPluginJar : add cryp
2025-12-19 12:30:23,156 [INFO] IPUIPlugin:80 - create IPUIPlugin
2025-12-19 12:30:23,156 [INFO] PluginManager:220 - loadIPPluginJar : add ddr_ctrl_phy
2025-12-19 12:30:23,156 [INFO] IPUIPlugin:80 - create IPUIPlugin
2025-12-19 12:30:23,156 [INFO] PluginManager:220 - loadIPPluginJar : add dfsdm
2025-12-19 12:30:23,163 [INFO] IPUIPlugin:80 - create IPUIPlugin
2025-12-19 12:30:23,163 [INFO] PluginManager:220 - loadIPPluginJar : add dma
2025-12-19 12:30:23,170 [INFO] IPUIPlugin:80 - create IPUIPlugin
2025-12-19 12:30:23,170 [INFO] PluginManager:220 - loadIPPluginJar : add dma3
2025-12-19 12:30:23,170 [INFO] IPUIPlugin:80 - create IPUIPlugin
2025-12-19 12:30:23,170 [INFO] PluginManager:220 - loadIPPluginJar : add extmemmanager
2025-12-19 12:30:23,170 [INFO] IPUIPlugin:80 - create IPUIPlugin
2025-12-19 12:30:23,170 [INFO] PluginManager:220 - loadIPPluginJar : add fatfs
2025-12-19 12:30:23,181 [INFO] IPUIPlugin:80 - create IPUIPlugin
2025-12-19 12:30:23,181 [INFO] PluginManager:220 - loadIPPluginJar : add fmc
2025-12-19 12:30:23,189 [INFO] IPUIPlugin:80 - create IPUIPlugin
2025-12-19 12:30:23,189 [INFO] PluginManager:220 - loadIPPluginJar : add freertos
2025-12-19 12:30:23,192 [INFO] IPUIPlugin:80 - create IPUIPlugin
2025-12-19 12:30:23,192 [INFO] PluginManager:220 - loadIPPluginJar : add genericplugin
2025-12-19 12:30:23,195 [INFO] IPUIPlugin:80 - create IPUIPlugin
2025-12-19 12:30:23,195 [INFO] PluginManager:220 - loadIPPluginJar : add gfxmmu
2025-12-19 12:30:23,203 [INFO] IPUIPlugin:80 - create IPUIPlugin
2025-12-19 12:30:23,203 [INFO] PluginManager:220 - loadIPPluginJar : add gic
2025-12-19 12:30:23,210 [INFO] IPUIPlugin:80 - create IPUIPlugin
2025-12-19 12:30:23,210 [INFO] PluginManager:220 - loadIPPluginJar : add gpio
2025-12-19 12:30:23,214 [INFO] IPUIPlugin:80 - create IPUIPlugin
2025-12-19 12:30:23,214 [INFO] PluginManager:220 - loadIPPluginJar : add gtzc
2025-12-19 12:30:23,214 [INFO] IPUIPlugin:80 - create IPUIPlugin
2025-12-19 12:30:23,214 [INFO] PluginManager:220 - loadIPPluginJar : add hash
2025-12-19 12:30:23,214 [INFO] IPUIPlugin:80 - create IPUIPlugin
2025-12-19 12:30:23,214 [INFO] PluginManager:220 - loadIPPluginJar : add i2c
2025-12-19 12:30:23,214 [INFO] IPUIPlugin:80 - create IPUIPlugin
2025-12-19 12:30:23,226 [INFO] PluginManager:220 - loadIPPluginJar : add i2s
2025-12-19 12:30:23,226 [INFO] IPUIPlugin:80 - create IPUIPlugin
2025-12-19 12:30:23,226 [INFO] PluginManager:220 - loadIPPluginJar : add i3c
2025-12-19 12:30:23,226 [INFO] IPUIPlugin:80 - create IPUIPlugin
2025-12-19 12:30:23,226 [INFO] PluginManager:220 - loadIPPluginJar : add ipddr
2025-12-19 12:30:23,226 [INFO] IPUIPlugin:80 - create IPUIPlugin
2025-12-19 12:30:23,226 [INFO] PluginManager:220 - loadIPPluginJar : add linkedlist
2025-12-19 12:30:23,241 [INFO] IPUIPlugin:80 - create IPUIPlugin
2025-12-19 12:30:23,241 [INFO] PluginManager:220 - loadIPPluginJar : add lorawan
2025-12-19 12:30:23,241 [INFO] IPUIPlugin:80 - create IPUIPlugin
2025-12-19 12:30:23,241 [INFO] PluginManager:220 - loadIPPluginJar : add ltdc
2025-12-19 12:30:23,241 [INFO] IPUIPlugin:80 - create IPUIPlugin
2025-12-19 12:30:23,241 [INFO] PluginManager:220 - loadIPPluginJar : add mdma
2025-12-19 12:30:23,241 [INFO] IPUIPlugin:80 - create IPUIPlugin
2025-12-19 12:30:23,241 [INFO] PluginManager:220 - loadIPPluginJar : add nvic
2025-12-19 12:30:23,258 [INFO] IPUIPlugin:80 - create IPUIPlugin
2025-12-19 12:30:23,258 [INFO] PluginManager:220 - loadIPPluginJar : add opamp
2025-12-19 12:30:23,258 [INFO] IPUIPlugin:80 - create IPUIPlugin
2025-12-19 12:30:23,258 [INFO] PluginManager:220 - loadIPPluginJar : add openamp
2025-12-19 12:30:23,258 [INFO] IPUIPlugin:80 - create IPUIPlugin
2025-12-19 12:30:23,258 [INFO] PluginManager:220 - loadIPPluginJar : add pdm2pcm
2025-12-19 12:30:23,258 [INFO] IPUIPlugin:80 - create IPUIPlugin
2025-12-19 12:30:23,258 [INFO] PluginManager:220 - loadIPPluginJar : add plateformsettings
2025-12-19 12:30:23,273 [INFO] IPUIPlugin:80 - create IPUIPlugin
2025-12-19 12:30:23,273 [INFO] PluginManager:220 - loadIPPluginJar : add quadspi
2025-12-19 12:30:23,273 [INFO] IPUIPlugin:80 - create IPUIPlugin
2025-12-19 12:30:23,273 [INFO] PluginManager:220 - loadIPPluginJar : add radio
2025-12-19 12:30:23,273 [INFO] IPUIPlugin:80 - create IPUIPlugin
2025-12-19 12:30:23,273 [INFO] PluginManager:220 - loadIPPluginJar : add resmgrutility
2025-12-19 12:30:23,273 [INFO] IPUIPlugin:80 - create IPUIPlugin
2025-12-19 12:30:23,273 [INFO] PluginManager:220 - loadIPPluginJar : add sai
2025-12-19 12:30:23,273 [INFO] IPUIPlugin:80 - create IPUIPlugin
2025-12-19 12:30:23,273 [INFO] PluginManager:220 - loadIPPluginJar : add spi
2025-12-19 12:30:23,294 [INFO] IPUIPlugin:80 - create IPUIPlugin
2025-12-19 12:30:23,294 [INFO] PluginManager:220 - loadIPPluginJar : add stm32_wpan
2025-12-19 12:30:23,296 [INFO] IPUIPlugin:80 - create IPUIPlugin
2025-12-19 12:30:23,296 [INFO] PluginManager:220 - loadIPPluginJar : add tim
2025-12-19 12:30:23,301 [INFO] IPUIPlugin:80 - create IPUIPlugin
2025-12-19 12:30:23,301 [INFO] PluginManager:220 - loadIPPluginJar : add touchsensing
2025-12-19 12:30:23,305 [INFO] IPUIPlugin:80 - create IPUIPlugin
2025-12-19 12:30:23,305 [INFO] PluginManager:220 - loadIPPluginJar : add tracer_emb
2025-12-19 12:30:23,307 [INFO] IPUIPlugin:80 - create IPUIPlugin
2025-12-19 12:30:23,307 [INFO] PluginManager:220 - loadIPPluginJar : add ts
2025-12-19 12:30:23,309 [INFO] IPUIPlugin:80 - create IPUIPlugin
2025-12-19 12:30:23,309 [INFO] PluginManager:220 - loadIPPluginJar : add tsc
2025-12-19 12:30:23,312 [INFO] IPUIPlugin:80 - create IPUIPlugin
2025-12-19 12:30:23,312 [INFO] PluginManager:220 - loadIPPluginJar : add ucpd
2025-12-19 12:30:23,312 [INFO] IPUIPlugin:80 - create IPUIPlugin
2025-12-19 12:30:23,312 [INFO] PluginManager:220 - loadIPPluginJar : add usart
2025-12-19 12:30:23,321 [INFO] IPUIPlugin:80 - create IPUIPlugin
2025-12-19 12:30:23,321 [INFO] PluginManager:220 - loadIPPluginJar : add usbx
2025-12-19 12:30:23,445 [FATAL] Updater:351 - Updater called before beeing initialized
2025-12-19 12:30:23,522 [INFO] RulesReader:64 - Compatibility file has been processed (317 Rules)
2025-12-19 12:30:23,535 [INFO] RulesReader:64 - Compatibility file has been processed (317 Rules)
2025-12-19 12:30:23,587 [INFO] CADModel:165 - CPN selected for project level
2025-12-19 12:30:23,587 [INFO] CADModel:114 - Register for checkConnection events
2025-12-19 12:30:23,587 [FATAL] Updater:351 - Updater called before beeing initialized
2025-12-19 12:30:23,587 [ERROR] CADModel:125 - Updater not yet initialized, retry later 
2025-12-19 12:30:23,839 [FATAL] Updater:351 - Updater called before beeing initialized
2025-12-19 12:30:23,842 [INFO] CADModel:165 - CPN selected for project level
2025-12-19 12:30:23,843 [INFO] CADModel:114 - Register for checkConnection events
2025-12-19 12:30:23,843 [FATAL] Updater:351 - Updater called before beeing initialized
2025-12-19 12:30:23,843 [ERROR] CADModel:125 - Updater not yet initialized, retry later 
2025-12-19 12:30:23,849 [FATAL] Updater:351 - Updater called before beeing initialized
2025-12-19 12:30:24,010 [FATAL] Updater:351 - Updater called before beeing initialized
2025-12-19 12:30:24,016 [INFO] DbMcusAds:53 - JSON generation date=Tue Dec 16 04:41:46 IST 2025 (1765840306612)
2025-12-19 12:30:24,018 [FATAL] Updater:351 - Updater called before beeing initialized
2025-12-19 12:30:24,077 [WARN] DetailPanel:346 - Failed to get advertising image, set to default
2025-12-19 12:30:24,205 [FATAL] Updater:351 - Updater called before beeing initialized
2025-12-19 12:30:24,209 [FATAL] Updater:351 - Updater called before beeing initialized
2025-12-19 12:30:24,209 [FATAL] Updater:351 - Updater called before beeing initialized
2025-12-19 12:30:24,209 [WARN] DetailPanel:346 - Failed to get advertising image, set to default
2025-12-19 12:30:24,211 [FATAL] Updater:351 - Updater called before beeing initialized
2025-12-19 12:30:24,303 [ERROR] Updater:1198 - MainUpdater not yet initialized. External WinMGr cannot be set.
2025-12-19 12:30:24,307 [INFO] Updater:1134 - Updater Version found : 6.15.0
2025-12-19 12:30:24,332 [INFO] ApplicationProperties:184 - Using Application install path: C:\ST\STM32CubeIDE_1.19.0\STM32CubeIDE\plugins\com.st.stm32cube.common.mx_6.15.0.202507011659
2025-12-19 12:30:25,501 [INFO] ThirdPartyUpdaterWithRetryManager:70 - Updater plugin not ready yet. [2/15]
2025-12-19 12:30:25,971 [ERROR] LogOutputStream:75 - [STDERR_REDIRECT] Dec 19, 2025 12:30:25 PM java.util.prefs.WindowsPreferences <init>
2025-12-19 12:30:25,973 [ERROR] LogOutputStream:75 - [STDERR_REDIRECT] WARNING: Could not open/create prefs root node Software\JavaSoft\Prefs at root 0xffffffff80000002. Windows RegCreateKeyEx(...) returned error code 5.
2025-12-19 12:30:25,973 [ERROR] LogOutputStream:75 - [STDERR_REDIRECT] 
2025-12-19 12:30:26,712 [INFO] MainUpdater:2872 - connection check result : 10
2025-12-19 12:30:26,714 [INFO] MainUpdater:289 - Updater Check For Update Now.
2025-12-19 12:30:26,714 [INFO] MicroXplorer:498 - Change Database Version : DB.6.0.150
2025-12-19 12:30:26,732 [INFO] McuFinderGlobals:63 - Set McuFinder mode to 2 (CubeIDE integrated)
2025-12-19 12:30:26,732 [INFO] UserAuth:171 - activating auth plugin
2025-12-19 12:30:26,738 [INFO] UserAuth:487 - Internet connection configuration mode: 1
2025-12-19 12:30:26,791 [INFO] JxBrowserEngine:152 - Initiate JxBrowser Engine with user profile folder
2025-12-19 12:30:26,951 [INFO] CheckServerUpdateThread:120 - End of CheckServer Thread
2025-12-19 12:30:28,163 [INFO] WebApp:169 - Instantiating new browser for Auth
2025-12-19 12:30:28,748 [WARN] PackLoader:240 - Cannot read IP mode file for STMicroelectronics.FP-SNS-MOTENVWB1.1.4.0
2025-12-19 12:30:28,778 [WARN] PackLoader:240 - Cannot read IP mode file for STMicroelectronics.FP-ATR-ASTRA1.2.0.2
2025-12-19 12:30:28,783 [WARN] PackLoader:240 - Cannot read IP mode file for STMicroelectronics.X-CUBE-SMBUS.2.1.0
2025-12-19 12:30:28,827 [WARN] PackLoader:240 - Cannot read IP mode file for STMicroelectronics.X-CUBE-AZRTOS-F7.1.1.0
2025-12-19 12:30:28,850 [WARN] PackLoader:240 - Cannot read IP mode file for STMicroelectronics.X-CUBE-DISPLAY.3.0.0
2025-12-19 12:30:28,877 [WARN] PackLoader:240 - Cannot read IP mode file for STMicroelectronics.X-CUBE-NFC10.1.0.0
2025-12-19 12:30:28,889 [WARN] PackLoader:240 - Cannot read IP mode file for STMicroelectronics.FP-SNS-SMARTAG2.1.2.0
2025-12-19 12:30:28,897 [WARN] PackLoader:240 - Cannot read IP mode file for STMicroelectronics.FP-SNS-FLIGHT1.5.1.0
2025-12-19 12:30:28,912 [INFO] LogOutputStream:77 - [STDOUT_REDIRECT] 1 : Invalid condition id : UX_CORESTACK_Condition cause : null
2025-12-19 12:30:28,918 [INFO] LogOutputStream:77 - [STDOUT_REDIRECT] 1 : Invalid condition id : UX_CORESTACK_Condition cause : null
2025-12-19 12:30:28,918 [INFO] LogOutputStream:77 - [STDOUT_REDIRECT] 1 : Invalid condition id : UX_CORESTACK_Condition cause : null
2025-12-19 12:30:28,918 [INFO] LogOutputStream:77 - [STDOUT_REDIRECT] 1 : Invalid condition id : UX_CORESTACK_Condition cause : null
2025-12-19 12:30:28,918 [INFO] LogOutputStream:77 - [STDOUT_REDIRECT] 1 : Invalid condition id : UX_CORESTACK_Condition cause : null
2025-12-19 12:30:28,918 [WARN] PackLoader:240 - Cannot read IP mode file for STMicroelectronics.X-CUBE-AZRTOS-WL.2.0.0
2025-12-19 12:30:28,934 [WARN] PackLoader:240 - Cannot read IP mode file for STMicroelectronics.X-CUBE-BLE2.3.3.0
2025-12-19 12:30:28,940 [WARN] PackLoader:240 - Cannot read IP mode file for STMicroelectronics.X-CUBE-NFC9.1.0.0
2025-12-19 12:30:28,952 [WARN] PackLoader:240 - Cannot read IP mode file for STMicroelectronics.X-CUBE-BLE1.7.1.0
2025-12-19 12:30:28,984 [WARN] PackLoader:240 - Cannot read IP mode file for STMicroelectronics.X-CUBE-AZRTOS-G0.1.1.0
2025-12-19 12:30:28,998 [WARN] PackLoader:240 - Cannot read IP mode file for STMicroelectronics.X-CUBE-NFC4.3.0.0
2025-12-19 12:30:29,010 [WARN] PackLoader:240 - Cannot read IP mode file for STMicroelectronics.X-CUBE-WB05N.2.0.0
2025-12-19 12:30:29,019 [WARN] PackLoader:240 - Cannot read IP mode file for STMicroelectronics.X-CUBE-TCPP.4.2.0
2025-12-19 12:30:29,027 [WARN] PackLoader:240 - Cannot read IP mode file for STMicroelectronics.FP-ATR-SIGFOX1.3.2.0
2025-12-19 12:30:29,039 [WARN] PackLoader:240 - Cannot read IP mode file for STMicroelectronics.X-CUBE-ALGOBUILD.1.4.0
2025-12-19 12:30:29,047 [WARN] PackLoader:240 - Cannot read IP mode file for STMicroelectronics.X-CUBE-PM33A1.1.0.0
2025-12-19 12:30:29,067 [WARN] PackLoader:240 - Cannot read IP mode file for STMicroelectronics.X-CUBE-AZRTOS-F4.1.1.0
2025-12-19 12:30:29,080 [WARN] PackLoader:240 - Cannot read IP mode file for STMicroelectronics.X-CUBE-ISPU.2.1.0
2025-12-19 12:30:29,096 [WARN] PackLoader:240 - Cannot read IP mode file for STMicroelectronics.X-CUBE-AZRTOS-L5.2.0.0
2025-12-19 12:30:29,106 [WARN] PackLoader:240 - Cannot read IP mode file for STMicroelectronics.X-CUBE-NFC6.3.1.0
2025-12-19 12:30:29,123 [WARN] PackLoader:240 - Cannot read IP mode file for STMicroelectronics.X-CUBE-DPower.1.3.0
2025-12-19 12:30:29,132 [WARN] ConditionMgr:438 - getConditionDescription Invalid condition id : LAN8742 Phy interface Condition cause : null
2025-12-19 12:30:29,141 [WARN] PackLoader:240 - Cannot read IP mode file for STMicroelectronics.X-CUBE-AZRTOS-L4.2.0.0
2025-12-19 12:30:29,141 [WARN] ConditionMgr:1044 - genDependencies : Invalid condition id : LAN8742 Phy interface Condition cause : null
2025-12-19 12:30:29,141 [WARN] ConditionMgr:1044 - genDependencies : Invalid condition id : LAN8742 Phy interface Condition cause : null
2025-12-19 12:30:29,144 [WARN] ConditionMgr:1044 - genDependencies : Invalid condition id : LAN8742 Phy interface Condition cause : null
2025-12-19 12:30:29,158 [WARN] PackLoader:240 - Cannot read IP mode file for STMicroelectronics.X-CUBE-SFXS2LP1.4.0.0
2025-12-19 12:30:29,175 [WARN] ConditionMgr:438 - getConditionDescription Invalid condition id : UX DEVICE CLASS RTOS Condition cause : null
2025-12-19 12:30:29,175 [WARN] ConditionMgr:438 - getConditionDescription Invalid condition id : UX DEVICE CLASS RTOS Condition cause : null
2025-12-19 12:30:29,178 [WARN] PackLoader:240 - Cannot read IP mode file for STMicroelectronics.X-CUBE-AZRTOS-WB.2.0.0
2025-12-19 12:30:29,178 [WARN] ConditionMgr:1044 - genDependencies : Invalid condition id : UX DEVICE CLASS RTOS Condition cause : null
2025-12-19 12:30:29,178 [WARN] ConditionMgr:1044 - genDependencies : Invalid condition id : UX DEVICE CLASS RTOS Condition cause : null
2025-12-19 12:30:29,181 [WARN] ConditionMgr:1044 - genDependencies : Invalid condition id : UX DEVICE CLASS RTOS Condition cause : null
2025-12-19 12:30:29,181 [WARN] ConditionMgr:1044 - genDependencies : Invalid condition id : UX DEVICE CLASS RTOS Condition cause : null
2025-12-19 12:30:29,183 [WARN] ConditionMgr:1044 - genDependencies : Invalid condition id : UX DEVICE CLASS RTOS Condition cause : null
2025-12-19 12:30:29,198 [WARN] PackLoader:240 - Cannot read IP mode file for STMicroelectronics.X-CUBE-SUBG2.5.0.0
2025-12-19 12:30:29,257 [WARN] PackLoader:240 - Cannot read IP mode file for STMicroelectronics.X-CUBE-AZRTOS-G4.2.0.0
2025-12-19 12:30:29,266 [WARN] PackLoader:240 - Cannot read IP mode file for STMicroelectronics.X-CUBE-NFC7.2.0.0
2025-12-19 12:30:29,280 [WARN] PackLoader:240 - Cannot read IP mode file for STMicroelectronics.X-CUBE-ALS.1.0.2
2025-12-19 12:30:29,301 [WARN] PackLoader:240 - Cannot read IP mode file for STMicroelectronics.X-CUBE-TOF1.3.4.3
2025-12-19 12:30:29,324 [INFO] ThirdParty:978 - Integrity check success = true
2025-12-19 12:30:29,325 [INFO] IntegrityCheckThread:100 - exiting critical section [integrity check]
2025-12-19 12:30:29,325 [INFO] IntegrityCheckThread:103 - End integrity checks thread
2025-12-19 12:30:29,436 [INFO] WebApp:463 - Apply proxy settings
2025-12-19 12:30:29,436 [INFO] WebApp:548 - Chromium requires no authentication
2025-12-19 12:30:29,452 [INFO] WebApp:491 - Direct internet connection detected
2025-12-19 12:30:29,476 [INFO] WebApp:900 - Register for checkConnection events
2025-12-19 12:30:29,476 [INFO] WebApp:463 - Apply proxy settings
2025-12-19 12:30:29,476 [INFO] WebApp:548 - Chromium requires no authentication
2025-12-19 12:30:29,476 [INFO] WebApp:491 - Direct internet connection detected
2025-12-19 12:30:29,677 [INFO] WebApp:225 - Starting web application
2025-12-19 12:30:29,677 [INFO] WebApp:593 - Web application path used C:\ST\STM32CubeIDE_1.19.0\STM32CubeIDE\plugins\com.st.stm32cube.common.mx_6.15.0.202507011659\db\plugins\mcufinder\reactClient1\index.html
2025-12-19 12:30:30,308 [INFO] WebApp:191 - Connection restablished
2025-12-19 12:55:48,952 [ERROR] LogOutputStream:75 - [STDERR_REDIRECT] 
2025-12-19 12:55:48,959 [ERROR] LogOutputStream:75 - [STDERR_REDIRECT] 
2025-12-19 15:30:48,618 [INFO] Activator:176 - 


2025-12-19 15:30:48,619 [INFO] Activator:177 - !SESSION log4j initialized
2025-12-19 15:30:56,581 [INFO] LogOutputStream:77 - [STDOUT_REDIRECT] 
2025-12-19 15:30:58,765 [INFO] ApplicationProperties:184 - Using Application install path: C:\ST\STM32CubeIDE_1.19.0\STM32CubeIDE\plugins\com.st.stm32cube.common.mx_6.15.0.202507011659
2025-12-19 15:30:58,801 [INFO] DbMcusXml:78 - Set database path to: C:\ST\STM32CubeIDE_1.19.0\STM32CubeIDE\plugins\com.st.stm32cube.common.mx_6.15.0.202507011659\\db\/mcu/
2025-12-19 15:30:58,801 [INFO] ApiDb:274 - Set plugin database path to: C:\ST\STM32CubeIDE_1.19.0\STM32CubeIDE\plugins\com.st.stm32cube.common.mx_6.15.0.202507011659\\db\/plugins/boardmanager/
2025-12-19 15:30:58,802 [WARN] ApiDb:259 - Overriding images path with different value:  => C:\ST\STM32CubeIDE_1.19.0\STM32CubeIDE\plugins\com.st.stm32cube.common.mx_6.15.0.202507011659\\db\/plugins/mcufinder/images/
2025-12-19 15:30:58,817 [INFO] ApiDb:250 - Set database path to: C:\Users\aditi\.stmcufinder\plugins\mcufinder//mcu/
2025-12-19 15:30:58,819 [INFO] DbMcusAds:125 - Set database path to: C:\Users\aditi\.stmcufinder\plugins\mcufinder//mcu/
2025-12-19 15:30:58,823 [INFO] CrossReferenceDbSqlite:203 - Set database path to: C:\Users\aditi\.stmcufinder\plugins\mcufinder//mcu/cs/
2025-12-19 15:30:59,001 [INFO] RulesReader:64 - Compatibility file has been processed (317 Rules)
2025-12-19 15:30:59,111 [INFO] DbMcusXml:78 - Set database path to: C:\ST\STM32CubeIDE_1.19.0\STM32CubeIDE\plugins\com.st.stm32cube.common.mx_6.15.0.202507011659\\db\/mcu/
2025-12-19 15:30:59,111 [INFO] ApiDb:274 - Set plugin database path to: C:\ST\STM32CubeIDE_1.19.0\STM32CubeIDE\plugins\com.st.stm32cube.common.mx_6.15.0.202507011659\\db\/plugins/boardmanager/
2025-12-19 15:30:59,112 [INFO] ApiDb:261 - Set plugin images path to: C:\ST\STM32CubeIDE_1.19.0\STM32CubeIDE\plugins\com.st.stm32cube.common.mx_6.15.0.202507011659\\db\/plugins/mcufinder/images/
2025-12-19 15:30:59,112 [WARN] DbFile:41 - Overriding database path with different value: C:\Users\aditi\.stmcufinder\plugins\mcufinder/ => C:\Users\aditi\.stmcufinder\plugins\mcufinder
2025-12-19 15:30:59,112 [INFO] ApiDb:250 - Set database path to: C:\Users\aditi\.stmcufinder\plugins\mcufinder//mcu/
2025-12-19 15:30:59,112 [WARN] DbFile:41 - Overriding database path with different value: C:\Users\aditi\.stmcufinder\plugins\mcufinder/ => C:\Users\aditi\.stmcufinder\plugins\mcufinder
2025-12-19 15:30:59,113 [INFO] DbMcusAds:125 - Set database path to: C:\Users\aditi\.stmcufinder\plugins\mcufinder//mcu/
2025-12-19 15:30:59,113 [WARN] DbFile:41 - Overriding database path with different value: C:\Users\aditi\.stmcufinder\plugins\mcufinder/ => C:\Users\aditi\.stmcufinder\plugins\mcufinder
2025-12-19 15:30:59,113 [WARN] DbFile:41 - Overriding database path with different value: C:\Users\aditi\.stmcufinder\plugins\mcufinder/ => C:\Users\aditi\.stmcufinder\plugins\mcufinder
2025-12-19 15:30:59,113 [INFO] CrossReferenceDbSqlite:203 - Set database path to: C:\Users\aditi\.stmcufinder\plugins\mcufinder//mcu/cs/
2025-12-19 15:30:59,213 [INFO] MainPanel:274 - HeapMemory: 277872640
2025-12-19 15:30:59,378 [INFO] DbMcusXml:78 - Set database path to: C:\ST\STM32CubeIDE_1.19.0\STM32CubeIDE\plugins\com.st.stm32cube.common.mx_6.15.0.202507011659\\db\/mcu/
2025-12-19 15:30:59,378 [INFO] ApiDb:274 - Set plugin database path to: C:\ST\STM32CubeIDE_1.19.0\STM32CubeIDE\plugins\com.st.stm32cube.common.mx_6.15.0.202507011659\\db\/plugins/boardmanager/
2025-12-19 15:30:59,378 [INFO] ApiDb:261 - Set plugin images path to: C:\ST\STM32CubeIDE_1.19.0\STM32CubeIDE\plugins\com.st.stm32cube.common.mx_6.15.0.202507011659\\db\/plugins/mcufinder/images/
2025-12-19 15:30:59,379 [WARN] DbFile:41 - Overriding database path with different value: C:\Users\aditi\.stmcufinder\plugins\mcufinder/ => C:\Users\aditi\.stmcufinder\plugins\mcufinder
2025-12-19 15:30:59,379 [INFO] ApiDb:250 - Set database path to: C:\Users\aditi\.stmcufinder\plugins\mcufinder//mcu/
2025-12-19 15:30:59,379 [WARN] DbFile:41 - Overriding database path with different value: C:\Users\aditi\.stmcufinder\plugins\mcufinder/ => C:\Users\aditi\.stmcufinder\plugins\mcufinder
2025-12-19 15:30:59,379 [INFO] DbMcusAds:125 - Set database path to: C:\Users\aditi\.stmcufinder\plugins\mcufinder//mcu/
2025-12-19 15:30:59,379 [WARN] DbFile:41 - Overriding database path with different value: C:\Users\aditi\.stmcufinder\plugins\mcufinder/ => C:\Users\aditi\.stmcufinder\plugins\mcufinder
2025-12-19 15:30:59,379 [WARN] DbFile:41 - Overriding database path with different value: C:\Users\aditi\.stmcufinder\plugins\mcufinder/ => C:\Users\aditi\.stmcufinder\plugins\mcufinder
2025-12-19 15:30:59,379 [INFO] CrossReferenceDbSqlite:203 - Set database path to: C:\Users\aditi\.stmcufinder\plugins\mcufinder//mcu/cs/
2025-12-19 15:30:59,403 [INFO] ApplicationProperties:184 - Using Application install path: C:\ST\STM32CubeIDE_1.19.0\STM32CubeIDE\plugins\com.st.stm32cube.common.mx_6.15.0.202507011659
2025-12-19 15:30:59,405 [INFO] PluginManage:196 - Search for loadable plugins [exclusion list=, ]
2025-12-19 15:30:59,406 [INFO] PluginManage:310 - Check plugin analytics
2025-12-19 15:30:59,854 [INFO] AnalyticsPlugin:253 - Accepted Software Licenses: 
2025-12-19 15:30:59,854 [INFO] AnalyticsPlugin:255 - Accepted CMSIS Pack Licenses: 
2025-12-19 15:30:59,854 [INFO] AnalyticsPlugin:257 - Accepted Firmware Licenses: 
2025-12-19 15:30:59,861 [INFO] PluginManage:359 - Loaded plugin analytics (category:tool,tabindex:-1)
2025-12-19 15:30:59,861 [INFO] PluginManage:310 - Check plugin cadmodel
2025-12-19 15:30:59,872 [INFO] CADModel:105 - Init CAD model plugin
2025-12-19 15:30:59,872 [INFO] PluginManage:359 - Loaded plugin cadmodel (category:power,tabindex:5)
2025-12-19 15:30:59,872 [INFO] PluginManage:310 - Check plugin clock
2025-12-19 15:30:59,888 [INFO] PluginManage:359 - Loaded plugin clock (category:base,tabindex:2)
2025-12-19 15:30:59,888 [INFO] PluginManage:310 - Check plugin ddr
2025-12-19 15:30:59,892 [INFO] PluginManage:359 - Loaded plugin ddr (category:tool,tabindex:6)
2025-12-19 15:30:59,892 [INFO] PluginManage:310 - Check plugin filemanager
2025-12-19 15:31:00,062 [INFO] PluginManage:359 - Loaded plugin filemanager (category:base,tabindex:10)
2025-12-19 15:31:00,063 [INFO] PluginManage:310 - Check plugin ipmanager
2025-12-19 15:31:00,069 [INFO] PluginManage:359 - Loaded plugin ipmanager (category:base,tabindex:5)
2025-12-19 15:31:00,070 [INFO] PluginManage:310 - Check plugin lpbam
2025-12-19 15:31:00,079 [INFO] PluginManage:359 - Loaded plugin lpbam (category:base,tabindex:0)
2025-12-19 15:31:00,079 [INFO] PluginManage:310 - Check plugin memorymap
2025-12-19 15:31:00,106 [INFO] PluginManage:359 - Loaded plugin memorymap (category:base,tabindex:4)
2025-12-19 15:31:00,106 [INFO] PluginManage:310 - Check plugin pinoutandconfiguration
2025-12-19 15:31:00,131 [INFO] PluginManage:359 - Loaded plugin pinoutandconfiguration (category:base,tabindex:1)
2025-12-19 15:31:00,131 [INFO] PluginManage:310 - Check plugin pinoutconfig
2025-12-19 15:31:00,282 [WARN] SupportedApi:132 - Cannot load RTOS API schema: s4s-elt-must-match.1: The content of 'definitions' must match (annotation?, (simpleType | complexType)?, (unique | key | keyref)*)). A problem was found starting at: attribute.
2025-12-19 15:31:00,513 [INFO] PluginManage:359 - Loaded plugin pinoutconfig (category:base,tabindex:0)
2025-12-19 15:31:00,513 [INFO] PluginManage:310 - Check plugin power
2025-12-19 15:31:00,535 [INFO] PluginManage:359 - Loaded plugin power (category:power,tabindex:4)
2025-12-19 15:31:00,536 [INFO] PluginManage:310 - Check plugin projectmanager
2025-12-19 15:31:00,574 [INFO] PluginManage:359 - Loaded plugin projectmanager (category:projectmanager,tabindex:4)
2025-12-19 15:31:00,575 [INFO] PluginManage:310 - Check plugin rif
2025-12-19 15:31:00,608 [INFO] PluginManage:359 - Loaded plugin rif (category:base,tabindex:3)
2025-12-19 15:31:00,608 [INFO] PluginManage:310 - Check plugin thirdparty
2025-12-19 15:31:00,844 [WARN] IntegrityCheckThread:84 - waiting for thirdparty lock release [integrity check]
2025-12-19 15:31:00,845 [INFO] IntegrityCheckThread:86 - entering critical section [integrity check]
2025-12-19 15:31:00,845 [INFO] PluginManage:359 - Loaded plugin thirdparty (category:base,tabindex:-1)
2025-12-19 15:31:00,845 [INFO] ThirdPartyUpdaterWithRetryManager:70 - Updater plugin not ready yet. [1/15]
2025-12-19 15:31:00,845 [INFO] PluginManage:310 - Check plugin tools
2025-12-19 15:31:00,852 [INFO] PluginManage:359 - Loaded plugin tools (category:base,tabindex:7)
2025-12-19 15:31:00,852 [INFO] PluginManage:310 - Check plugin tutovideos
2025-12-19 15:31:01,116 [INFO] PluginManage:359 - Loaded plugin tutovideos (category:base,tabindex:-1)
2025-12-19 15:31:01,116 [INFO] PluginManage:310 - Check plugin updater
2025-12-19 15:31:01,139 [INFO] PluginManage:359 - Loaded plugin updater (category:base,tabindex:12)
2025-12-19 15:31:01,139 [INFO] PluginManage:310 - Check plugin userauth
2025-12-19 15:31:01,144 [INFO] UserAuth:118 - Init User Auth plugin
2025-12-19 15:31:01,145 [INFO] PluginManage:359 - Loaded plugin userauth (category:base,tabindex:14)
2025-12-19 15:31:01,146 [INFO] PluginManage:283 - PluginManage : Loaded plugins [18]
2025-12-19 15:31:01,388 [INFO] PinOutPanel:1589 - setPackage(No Configuration,No Configuration)
2025-12-19 15:31:01,502 [INFO] CADModel:165 - CPN selected for project level
2025-12-19 15:31:01,502 [INFO] CADModel:114 - Register for checkConnection events
2025-12-19 15:31:01,536 [INFO] IPUIPlugin:80 - create IPUIPlugin
2025-12-19 15:31:01,536 [INFO] PluginManager:220 - loadIPPluginJar : add adc
2025-12-19 15:31:01,540 [INFO] IPUIPlugin:80 - create IPUIPlugin
2025-12-19 15:31:01,541 [INFO] PluginManager:220 - loadIPPluginJar : add aes
2025-12-19 15:31:01,551 [INFO] IPUIPlugin:80 - create IPUIPlugin
2025-12-19 15:31:01,551 [INFO] PluginManager:220 - loadIPPluginJar : add can
2025-12-19 15:31:01,556 [INFO] IPUIPlugin:80 - create IPUIPlugin
2025-12-19 15:31:01,556 [INFO] PluginManager:220 - loadIPPluginJar : add comp
2025-12-19 15:31:01,564 [INFO] IPUIPlugin:80 - create IPUIPlugin
2025-12-19 15:31:01,564 [INFO] PluginManager:220 - loadIPPluginJar : add cryp
2025-12-19 15:31:01,586 [INFO] IPUIPlugin:80 - create IPUIPlugin
2025-12-19 15:31:01,586 [INFO] PluginManager:220 - loadIPPluginJar : add ddr_ctrl_phy
2025-12-19 15:31:01,595 [INFO] IPUIPlugin:80 - create IPUIPlugin
2025-12-19 15:31:01,595 [INFO] PluginManager:220 - loadIPPluginJar : add dfsdm
2025-12-19 15:31:01,602 [INFO] IPUIPlugin:80 - create IPUIPlugin
2025-12-19 15:31:01,603 [INFO] PluginManager:220 - loadIPPluginJar : add dma
2025-12-19 15:31:01,616 [INFO] IPUIPlugin:80 - create IPUIPlugin
2025-12-19 15:31:01,616 [INFO] PluginManager:220 - loadIPPluginJar : add dma3
2025-12-19 15:31:01,628 [INFO] IPUIPlugin:80 - create IPUIPlugin
2025-12-19 15:31:01,628 [INFO] PluginManager:220 - loadIPPluginJar : add extmemmanager
2025-12-19 15:31:01,632 [INFO] IPUIPlugin:80 - create IPUIPlugin
2025-12-19 15:31:01,632 [INFO] PluginManager:220 - loadIPPluginJar : add fatfs
2025-12-19 15:31:01,641 [INFO] IPUIPlugin:80 - create IPUIPlugin
2025-12-19 15:31:01,641 [INFO] PluginManager:220 - loadIPPluginJar : add fmc
2025-12-19 15:31:01,655 [INFO] IPUIPlugin:80 - create IPUIPlugin
2025-12-19 15:31:01,655 [INFO] PluginManager:220 - loadIPPluginJar : add freertos
2025-12-19 15:31:01,658 [INFO] IPUIPlugin:80 - create IPUIPlugin
2025-12-19 15:31:01,658 [INFO] PluginManager:220 - loadIPPluginJar : add genericplugin
2025-12-19 15:31:01,663 [INFO] IPUIPlugin:80 - create IPUIPlugin
2025-12-19 15:31:01,663 [INFO] PluginManager:220 - loadIPPluginJar : add gfxmmu
2025-12-19 15:31:01,671 [INFO] IPUIPlugin:80 - create IPUIPlugin
2025-12-19 15:31:01,672 [INFO] PluginManager:220 - loadIPPluginJar : add gic
2025-12-19 15:31:01,680 [INFO] IPUIPlugin:80 - create IPUIPlugin
2025-12-19 15:31:01,681 [INFO] PluginManager:220 - loadIPPluginJar : add gpio
2025-12-19 15:31:01,686 [INFO] IPUIPlugin:80 - create IPUIPlugin
2025-12-19 15:31:01,686 [INFO] PluginManager:220 - loadIPPluginJar : add gtzc
2025-12-19 15:31:01,693 [INFO] IPUIPlugin:80 - create IPUIPlugin
2025-12-19 15:31:01,693 [INFO] PluginManager:220 - loadIPPluginJar : add hash
2025-12-19 15:31:01,700 [INFO] IPUIPlugin:80 - create IPUIPlugin
2025-12-19 15:31:01,701 [INFO] PluginManager:220 - loadIPPluginJar : add i2c
2025-12-19 15:31:01,706 [INFO] IPUIPlugin:80 - create IPUIPlugin
2025-12-19 15:31:01,706 [INFO] PluginManager:220 - loadIPPluginJar : add i2s
2025-12-19 15:31:01,714 [INFO] IPUIPlugin:80 - create IPUIPlugin
2025-12-19 15:31:01,714 [INFO] PluginManager:220 - loadIPPluginJar : add i3c
2025-12-19 15:31:01,727 [INFO] IPUIPlugin:80 - create IPUIPlugin
2025-12-19 15:31:01,728 [INFO] PluginManager:220 - loadIPPluginJar : add ipddr
2025-12-19 15:31:01,738 [INFO] IPUIPlugin:80 - create IPUIPlugin
2025-12-19 15:31:01,738 [INFO] PluginManager:220 - loadIPPluginJar : add linkedlist
2025-12-19 15:31:01,745 [INFO] IPUIPlugin:80 - create IPUIPlugin
2025-12-19 15:31:01,746 [INFO] PluginManager:220 - loadIPPluginJar : add lorawan
2025-12-19 15:31:01,748 [INFO] IPUIPlugin:80 - create IPUIPlugin
2025-12-19 15:31:01,749 [INFO] PluginManager:220 - loadIPPluginJar : add ltdc
2025-12-19 15:31:01,757 [INFO] IPUIPlugin:80 - create IPUIPlugin
2025-12-19 15:31:01,757 [INFO] PluginManager:220 - loadIPPluginJar : add mdma
2025-12-19 15:31:01,762 [INFO] IPUIPlugin:80 - create IPUIPlugin
2025-12-19 15:31:01,762 [INFO] PluginManager:220 - loadIPPluginJar : add nvic
2025-12-19 15:31:01,767 [INFO] IPUIPlugin:80 - create IPUIPlugin
2025-12-19 15:31:01,767 [INFO] PluginManager:220 - loadIPPluginJar : add opamp
2025-12-19 15:31:01,772 [INFO] IPUIPlugin:80 - create IPUIPlugin
2025-12-19 15:31:01,772 [INFO] PluginManager:220 - loadIPPluginJar : add openamp
2025-12-19 15:31:01,779 [INFO] IPUIPlugin:80 - create IPUIPlugin
2025-12-19 15:31:01,779 [INFO] PluginManager:220 - loadIPPluginJar : add pdm2pcm
2025-12-19 15:31:01,787 [INFO] IPUIPlugin:80 - create IPUIPlugin
2025-12-19 15:31:01,789 [INFO] PluginManager:220 - loadIPPluginJar : add plateformsettings
2025-12-19 15:31:01,791 [INFO] IPUIPlugin:80 - create IPUIPlugin
2025-12-19 15:31:01,791 [INFO] PluginManager:220 - loadIPPluginJar : add quadspi
2025-12-19 15:31:01,795 [INFO] IPUIPlugin:80 - create IPUIPlugin
2025-12-19 15:31:01,796 [INFO] PluginManager:220 - loadIPPluginJar : add radio
2025-12-19 15:31:01,802 [INFO] IPUIPlugin:80 - create IPUIPlugin
2025-12-19 15:31:01,802 [INFO] PluginManager:220 - loadIPPluginJar : add resmgrutility
2025-12-19 15:31:01,807 [INFO] IPUIPlugin:80 - create IPUIPlugin
2025-12-19 15:31:01,807 [INFO] PluginManager:220 - loadIPPluginJar : add sai
2025-12-19 15:31:01,811 [INFO] IPUIPlugin:80 - create IPUIPlugin
2025-12-19 15:31:01,811 [INFO] PluginManager:220 - loadIPPluginJar : add spi
2025-12-19 15:31:01,819 [INFO] IPUIPlugin:80 - create IPUIPlugin
2025-12-19 15:31:01,819 [INFO] PluginManager:220 - loadIPPluginJar : add stm32_wpan
2025-12-19 15:31:01,822 [INFO] IPUIPlugin:80 - create IPUIPlugin
2025-12-19 15:31:01,822 [INFO] PluginManager:220 - loadIPPluginJar : add tim
2025-12-19 15:31:01,827 [INFO] IPUIPlugin:80 - create IPUIPlugin
2025-12-19 15:31:01,827 [INFO] PluginManager:220 - loadIPPluginJar : add touchsensing
2025-12-19 15:31:01,830 [INFO] IPUIPlugin:80 - create IPUIPlugin
2025-12-19 15:31:01,831 [INFO] PluginManager:220 - loadIPPluginJar : add tracer_emb
2025-12-19 15:31:01,833 [INFO] IPUIPlugin:80 - create IPUIPlugin
2025-12-19 15:31:01,833 [INFO] PluginManager:220 - loadIPPluginJar : add ts
2025-12-19 15:31:01,835 [INFO] IPUIPlugin:80 - create IPUIPlugin
2025-12-19 15:31:01,835 [INFO] PluginManager:220 - loadIPPluginJar : add tsc
2025-12-19 15:31:01,838 [INFO] IPUIPlugin:80 - create IPUIPlugin
2025-12-19 15:31:01,838 [INFO] PluginManager:220 - loadIPPluginJar : add ucpd
2025-12-19 15:31:01,841 [INFO] IPUIPlugin:80 - create IPUIPlugin
2025-12-19 15:31:01,841 [INFO] PluginManager:220 - loadIPPluginJar : add usart
2025-12-19 15:31:01,845 [INFO] IPUIPlugin:80 - create IPUIPlugin
2025-12-19 15:31:01,846 [INFO] PluginManager:220 - loadIPPluginJar : add usbx
2025-12-19 15:31:01,982 [FATAL] Updater:351 - Updater called before beeing initialized
2025-12-19 15:31:02,023 [INFO] RulesReader:64 - Compatibility file has been processed (317 Rules)
2025-12-19 15:31:02,038 [INFO] RulesReader:64 - Compatibility file has been processed (317 Rules)
2025-12-19 15:31:02,060 [INFO] CADModel:165 - CPN selected for project level
2025-12-19 15:31:02,061 [INFO] CADModel:114 - Register for checkConnection events
2025-12-19 15:31:02,062 [FATAL] Updater:351 - Updater called before beeing initialized
2025-12-19 15:31:02,062 [ERROR] CADModel:125 - Updater not yet initialized, retry later 
2025-12-19 15:31:02,293 [FATAL] Updater:351 - Updater called before beeing initialized
2025-12-19 15:31:02,298 [INFO] CADModel:165 - CPN selected for project level
2025-12-19 15:31:02,298 [INFO] CADModel:114 - Register for checkConnection events
2025-12-19 15:31:02,298 [FATAL] Updater:351 - Updater called before beeing initialized
2025-12-19 15:31:02,299 [ERROR] CADModel:125 - Updater not yet initialized, retry later 
2025-12-19 15:31:02,306 [FATAL] Updater:351 - Updater called before beeing initialized
2025-12-19 15:31:02,471 [FATAL] Updater:351 - Updater called before beeing initialized
2025-12-19 15:31:02,476 [INFO] DbMcusAds:53 - JSON generation date=Tue Dec 16 04:41:46 IST 2025 (1765840306612)
2025-12-19 15:31:02,476 [FATAL] Updater:351 - Updater called before beeing initialized
2025-12-19 15:31:02,527 [WARN] DetailPanel:346 - Failed to get advertising image, set to default
2025-12-19 15:31:02,610 [FATAL] Updater:351 - Updater called before beeing initialized
2025-12-19 15:31:02,612 [FATAL] Updater:351 - Updater called before beeing initialized
2025-12-19 15:31:02,613 [FATAL] Updater:351 - Updater called before beeing initialized
2025-12-19 15:31:02,613 [WARN] DetailPanel:346 - Failed to get advertising image, set to default
2025-12-19 15:31:02,614 [FATAL] Updater:351 - Updater called before beeing initialized
2025-12-19 15:31:02,664 [ERROR] Updater:1198 - MainUpdater not yet initialized. External WinMGr cannot be set.
2025-12-19 15:31:02,665 [INFO] Updater:1134 - Updater Version found : 6.15.0
2025-12-19 15:31:02,682 [INFO] ApplicationProperties:184 - Using Application install path: C:\ST\STM32CubeIDE_1.19.0\STM32CubeIDE\plugins\com.st.stm32cube.common.mx_6.15.0.202507011659
2025-12-19 15:31:03,847 [INFO] ThirdPartyUpdaterWithRetryManager:70 - Updater plugin not ready yet. [2/15]
2025-12-19 15:31:04,253 [ERROR] LogOutputStream:75 - [STDERR_REDIRECT] Dec 19, 2025 3:31:04 PM java.util.prefs.WindowsPreferences <init>
2025-12-19 15:31:04,255 [ERROR] LogOutputStream:75 - [STDERR_REDIRECT] WARNING: Could not open/create prefs root node Software\JavaSoft\Prefs at root 0xffffffff80000002. Windows RegCreateKeyEx(...) returned error code 5.
2025-12-19 15:31:04,255 [ERROR] LogOutputStream:75 - [STDERR_REDIRECT] 
2025-12-19 15:31:04,776 [INFO] MainUpdater:2872 - connection check result : 10
2025-12-19 15:31:04,778 [INFO] MainUpdater:289 - Updater Check For Update Now.
2025-12-19 15:31:04,778 [INFO] MicroXplorer:498 - Change Database Version : DB.6.0.150
2025-12-19 15:31:04,788 [INFO] McuFinderGlobals:63 - Set McuFinder mode to 2 (CubeIDE integrated)
2025-12-19 15:31:04,788 [INFO] UserAuth:171 - activating auth plugin
2025-12-19 15:31:04,797 [INFO] UserAuth:487 - Internet connection configuration mode: 1
2025-12-19 15:31:04,944 [INFO] JxBrowserEngine:152 - Initiate JxBrowser Engine with user profile folder
2025-12-19 15:31:05,070 [INFO] CheckServerUpdateThread:120 - End of CheckServer Thread
2025-12-19 15:31:06,420 [INFO] WebApp:169 - Instantiating new browser for Auth
2025-12-19 15:31:07,125 [WARN] PackLoader:240 - Cannot read IP mode file for STMicroelectronics.FP-SNS-MOTENVWB1.1.4.0
2025-12-19 15:31:07,140 [WARN] PackLoader:240 - Cannot read IP mode file for STMicroelectronics.FP-ATR-ASTRA1.2.0.2
2025-12-19 15:31:07,159 [WARN] PackLoader:240 - Cannot read IP mode file for STMicroelectronics.X-CUBE-SMBUS.2.1.0
2025-12-19 15:31:07,218 [WARN] PackLoader:240 - Cannot read IP mode file for STMicroelectronics.X-CUBE-AZRTOS-F7.1.1.0
2025-12-19 15:31:07,241 [WARN] PackLoader:240 - Cannot read IP mode file for STMicroelectronics.X-CUBE-DISPLAY.3.0.0
2025-12-19 15:31:07,262 [WARN] PackLoader:240 - Cannot read IP mode file for STMicroelectronics.X-CUBE-NFC10.1.0.0
2025-12-19 15:31:07,273 [WARN] PackLoader:240 - Cannot read IP mode file for STMicroelectronics.FP-SNS-SMARTAG2.1.2.0
2025-12-19 15:31:07,281 [WARN] PackLoader:240 - Cannot read IP mode file for STMicroelectronics.FP-SNS-FLIGHT1.5.1.0
2025-12-19 15:31:07,304 [INFO] LogOutputStream:77 - [STDOUT_REDIRECT] 1 : Invalid condition id : UX_CORESTACK_Condition cause : null
2025-12-19 15:31:07,306 [INFO] LogOutputStream:77 - [STDOUT_REDIRECT] 1 : Invalid condition id : UX_CORESTACK_Condition cause : null
2025-12-19 15:31:07,308 [INFO] LogOutputStream:77 - [STDOUT_REDIRECT] 1 : Invalid condition id : UX_CORESTACK_Condition cause : null
2025-12-19 15:31:07,310 [INFO] LogOutputStream:77 - [STDOUT_REDIRECT] 1 : Invalid condition id : UX_CORESTACK_Condition cause : null
2025-12-19 15:31:07,313 [INFO] LogOutputStream:77 - [STDOUT_REDIRECT] 1 : Invalid condition id : UX_CORESTACK_Condition cause : null
2025-12-19 15:31:07,317 [WARN] PackLoader:240 - Cannot read IP mode file for STMicroelectronics.X-CUBE-AZRTOS-WL.2.0.0
2025-12-19 15:31:07,328 [WARN] PackLoader:240 - Cannot read IP mode file for STMicroelectronics.X-CUBE-BLE2.3.3.0
2025-12-19 15:31:07,335 [WARN] PackLoader:240 - Cannot read IP mode file for STMicroelectronics.X-CUBE-NFC9.1.0.0
2025-12-19 15:31:07,344 [WARN] PackLoader:240 - Cannot read IP mode file for STMicroelectronics.X-CUBE-BLE1.7.1.0
2025-12-19 15:31:07,361 [WARN] PackLoader:240 - Cannot read IP mode file for STMicroelectronics.X-CUBE-AZRTOS-G0.1.1.0
2025-12-19 15:31:07,370 [WARN] PackLoader:240 - Cannot read IP mode file for STMicroelectronics.X-CUBE-NFC4.3.0.0
2025-12-19 15:31:07,380 [WARN] PackLoader:240 - Cannot read IP mode file for STMicroelectronics.X-CUBE-WB05N.2.0.0
2025-12-19 15:31:07,389 [WARN] PackLoader:240 - Cannot read IP mode file for STMicroelectronics.X-CUBE-TCPP.4.2.0
2025-12-19 15:31:07,400 [WARN] PackLoader:240 - Cannot read IP mode file for STMicroelectronics.FP-ATR-SIGFOX1.3.2.0
2025-12-19 15:31:07,411 [WARN] PackLoader:240 - Cannot read IP mode file for STMicroelectronics.X-CUBE-ALGOBUILD.1.4.0
2025-12-19 15:31:07,419 [WARN] PackLoader:240 - Cannot read IP mode file for STMicroelectronics.X-CUBE-PM33A1.1.0.0
2025-12-19 15:31:07,444 [WARN] PackLoader:240 - Cannot read IP mode file for STMicroelectronics.X-CUBE-AZRTOS-F4.1.1.0
2025-12-19 15:31:07,458 [WARN] PackLoader:240 - Cannot read IP mode file for STMicroelectronics.X-CUBE-ISPU.2.1.0
2025-12-19 15:31:07,482 [WARN] PackLoader:240 - Cannot read IP mode file for STMicroelectronics.X-CUBE-AZRTOS-L5.2.0.0
2025-12-19 15:31:07,497 [WARN] PackLoader:240 - Cannot read IP mode file for STMicroelectronics.X-CUBE-NFC6.3.1.0
2025-12-19 15:31:07,511 [WARN] PackLoader:240 - Cannot read IP mode file for STMicroelectronics.X-CUBE-DPower.1.3.0
2025-12-19 15:31:07,527 [WARN] ConditionMgr:438 - getConditionDescription Invalid condition id : LAN8742 Phy interface Condition cause : null
2025-12-19 15:31:07,528 [WARN] PackLoader:240 - Cannot read IP mode file for STMicroelectronics.X-CUBE-AZRTOS-L4.2.0.0
2025-12-19 15:31:07,529 [WARN] ConditionMgr:1044 - genDependencies : Invalid condition id : LAN8742 Phy interface Condition cause : null
2025-12-19 15:31:07,529 [WARN] ConditionMgr:1044 - genDependencies : Invalid condition id : LAN8742 Phy interface Condition cause : null
2025-12-19 15:31:07,530 [WARN] ConditionMgr:1044 - genDependencies : Invalid condition id : LAN8742 Phy interface Condition cause : null
2025-12-19 15:31:07,539 [WARN] PackLoader:240 - Cannot read IP mode file for STMicroelectronics.X-CUBE-SFXS2LP1.4.0.0
2025-12-19 15:31:07,572 [WARN] ConditionMgr:438 - getConditionDescription Invalid condition id : UX DEVICE CLASS RTOS Condition cause : null
2025-12-19 15:31:07,572 [WARN] ConditionMgr:438 - getConditionDescription Invalid condition id : UX DEVICE CLASS RTOS Condition cause : null
2025-12-19 15:31:07,575 [WARN] PackLoader:240 - Cannot read IP mode file for STMicroelectronics.X-CUBE-AZRTOS-WB.2.0.0
2025-12-19 15:31:07,575 [WARN] ConditionMgr:1044 - genDependencies : Invalid condition id : UX DEVICE CLASS RTOS Condition cause : null
2025-12-19 15:31:07,575 [WARN] ConditionMgr:1044 - genDependencies : Invalid condition id : UX DEVICE CLASS RTOS Condition cause : null
2025-12-19 15:31:07,576 [WARN] ConditionMgr:1044 - genDependencies : Invalid condition id : UX DEVICE CLASS RTOS Condition cause : null
2025-12-19 15:31:07,577 [WARN] ConditionMgr:1044 - genDependencies : Invalid condition id : UX DEVICE CLASS RTOS Condition cause : null
2025-12-19 15:31:07,577 [WARN] ConditionMgr:1044 - genDependencies : Invalid condition id : UX DEVICE CLASS RTOS Condition cause : null
2025-12-19 15:31:07,602 [WARN] PackLoader:240 - Cannot read IP mode file for STMicroelectronics.X-CUBE-SUBG2.5.0.0
2025-12-19 15:31:07,687 [WARN] PackLoader:240 - Cannot read IP mode file for STMicroelectronics.X-CUBE-AZRTOS-G4.2.0.0
2025-12-19 15:31:07,700 [WARN] PackLoader:240 - Cannot read IP mode file for STMicroelectronics.X-CUBE-NFC7.2.0.0
2025-12-19 15:31:07,712 [WARN] PackLoader:240 - Cannot read IP mode file for STMicroelectronics.X-CUBE-ALS.1.0.2
2025-12-19 15:31:07,729 [WARN] PackLoader:240 - Cannot read IP mode file for STMicroelectronics.X-CUBE-TOF1.3.4.3
2025-12-19 15:31:07,748 [INFO] ThirdParty:978 - Integrity check success = true
2025-12-19 15:31:07,749 [INFO] IntegrityCheckThread:100 - exiting critical section [integrity check]
2025-12-19 15:31:07,749 [INFO] IntegrityCheckThread:103 - End integrity checks thread
2025-12-19 15:31:08,191 [INFO] WebApp:463 - Apply proxy settings
2025-12-19 15:31:08,191 [INFO] WebApp:548 - Chromium requires no authentication
2025-12-19 15:31:08,274 [INFO] WebApp:491 - Direct internet connection detected
2025-12-19 15:31:08,428 [INFO] WebApp:900 - Register for checkConnection events
2025-12-19 15:31:08,428 [INFO] WebApp:463 - Apply proxy settings
2025-12-19 15:31:08,428 [INFO] WebApp:548 - Chromium requires no authentication
2025-12-19 15:31:08,429 [INFO] WebApp:491 - Direct internet connection detected
2025-12-19 15:31:08,795 [INFO] WebApp:225 - Starting web application
2025-12-19 15:31:08,795 [INFO] WebApp:593 - Web application path used C:\ST\STM32CubeIDE_1.19.0\STM32CubeIDE\plugins\com.st.stm32cube.common.mx_6.15.0.202507011659\db\plugins\mcufinder\reactClient1\index.html
2025-12-19 15:31:08,989 [INFO] WebApp:191 - Connection restablished
2025-12-19 15:31:44,640 [INFO] WebApp:194 - Connection lost
2025-12-19 15:31:45,168 [INFO] WebApp:191 - Connection restablished
2025-12-19 15:36:13,470 [INFO] McuFinderGlobals:63 - Set McuFinder mode to 2 (CubeIDE integrated)
2025-12-19 15:36:13,476 [INFO] MainUpdater:2872 - connection check result : 10
2025-12-19 15:36:14,048 [INFO] ApiDb:581 - Connected to CubeFinder SQLite database (C:\Users\aditi\.stmcufinder\plugins\mcufinder\mcu\cube-finder-db.db)
2025-12-19 15:36:14,148 [INFO] ApiDb:668 - CubeFinder database Data Model version=2.1
2025-12-19 15:36:14,148 [INFO] ApiDb:669 - CubeFinder database Configuration version=3.0.39
2025-12-19 15:36:14,149 [INFO] ApiDb:670 - CubeFinder database generation date=2025-11-05 (1762334721)
2025-12-19 15:36:14,149 [INFO] ApiDb:671 - CubeFinder database FW Pack versions=[FP-ATR-ASTRA1_V2.0.0, FP-SNS-FLIGHT1_V5.1.0, FP-SNS-MOTENV1_V5.1.0, FP-SNS-MOTENVWB1_V1.4.0, FP-SNS-SMARTAG2_V1.2.0, FP-SNS-STBOX1_V2.1.0, STM32Cube_FW_C0_V1.4.0, STM32Cube_FW_F4_V1.28.3, STM32Cube_FW_F7_V1.17.4, STM32Cube_FW_G0_V1.6.2, STM32Cube_FW_G4_V1.6.1, STM32Cube_FW_H5_V1.5.1, STM32Cube_FW_H7RS_V1.3.0, STM32Cube_FW_H7_V1.12.1, STM32Cube_FW_L0_V1.12.2, STM32Cube_FW_L4_V1.18.1, STM32Cube_FW_L5_V1.6.0, STM32Cube_FW_N6_V1.3.0, STM32Cube_FW_U0_V1.3.0, STM32Cube_FW_U3_V1.2.1, STM32Cube_FW_U5_V1.8.0, STM32Cube_FW_WB0_V1.4.0, STM32Cube_FW_WBA_V1.8.0, STM32Cube_FW_WB_V1.24.0, STM32Cube_FW_WL3_V1.3.0, STM32Cube_FW_WL_V1.4.0, X-CUBE-ALGOBUILD_V1.4.0, X-CUBE-ALS_V1.0.2, X-CUBE-AZRTOS-F4_V1.1.0, X-CUBE-AZRTOS-F7_V1.1.0, X-CUBE-AZRTOS-G0_V1.1.0, X-CUBE-AZRTOS-G4_V2.0.0, X-CUBE-AZRTOS-H7RS_V1.1.0, X-CUBE-AZRTOS-H7_V3.4.0, X-CUBE-AZRTOS-L4_V2.0.0, X-CUBE-AZRTOS-L5_V2.0.0, X-CUBE-AZRTOS-WB_V2.0.0, X-CUBE-AZRTOS-WL_V2.0.0, X-CUBE-BLE1_V7.1.0, X-CUBE-BLE2_V3.3.0, X-CUBE-BLEMGR_V4.1.0, X-CUBE-EEPRMA1_V5.2.0, X-CUBE-FREERTOS_V1.3.1, X-CUBE-GNSS1_V6.0.0, X-CUBE-MEMS1_V11.3.0, X-CUBE-NFC4_V3.0.0, X-CUBE-NFC7_V2.0.0, X-CUBE-SFXS2LP1_V4.0.0, X-CUBE-ST67W61_V1.1.0, X-CUBE-SUBG2_V5.0.0, X-CUBE-TOF1_V3.4.3]
2025-12-19 15:36:16,576 [INFO] ApiDb:240 - Found 880 in-development CPN: [B-G473E-ZEST1S, B-WB1M-WPAN1, B-WBA5M-WPAN, B-WL5M-SUBG1, NUCLEO-C031C6, NUCLEO-C051C8, NUCLEO-C071RB, NUCLEO-C092RC, NUCLEO-H503RB, NUCLEO-H533RE, NUCLEO-H563ZI, NUCLEO-H7S3L8, NUCLEO-N657X0-Q, NUCLEO-U031R8, NUCLEO-U083RC, NUCLEO-U385RG-Q, NUCLEO-U545RE-Q, NUCLEO-U5A5ZJ-Q, NUCLEO-WB05KZ, NUCLEO-WB07CC, NUCLEO-WB09KE, NUCLEO-WBA52CG, NUCLEO-WBA55CG, NUCLEO-WL33CC1, NUCLEO-WL33CC2, STEVAL-PROTEUS1, STEVAL-SMARTAG2, STEVAL-STWINBX1, STM320518-EVAL, STM32C0116-DK, STM32C011D6Y3TR, STM32C011D6Y6TR, STM32C011F4P3, STM32C011F4P6, STM32C011F4U3, STM32C011F4U6TR, STM32C011F6P3, STM32C011F6P6, STM32C011F6U3, STM32C011F6U6TR, STM32C011J4M3, STM32C011J4M6, STM32C011J6M3, STM32C011J6M6, STM32C0316-DK, STM32C031C4T3, STM32C031C4T6, STM32C031C4U3, STM32C031C4U6, STM32C031C6T3, STM32C031C6T6, STM32C031C6U3, STM32C031C6U6, STM32C031F4P3, STM32C031F4P6, STM32C031F6P3, STM32C031F6P6, STM32C031G4U3, STM32C031G4U6, STM32C031G6U3, STM32C031G6U6, STM32C031K4T3, STM32C031K4T6, STM32C031K4U3, STM32C031K4U6, STM32C031K6T3, STM32C031K6T6, STM32C031K6U3, STM32C031K6U6, STM32C051C6T6, STM32C051C6U6, STM32C051C8T6, STM32C051C8U6, STM32C051D8Y6TR, STM32C051F6P6, STM32C051F8P6, STM32C051G6U6, STM32C051G8U6, STM32C051K6T6, STM32C051K6U6, STM32C051K8T6, STM32C071C8T6, STM32C071C8T6N, STM32C071C8U6, STM32C071C8U6N, STM32C071CBT6, STM32C071CBT6N, STM32C071CBU6, STM32C071CBU6N, STM32C071F8P6, STM32C071F8P6N, STM32C071FBP6, STM32C071FBP6N, STM32C071FBY6TR, STM32C071G8U6, STM32C071G8U6N, STM32C071GBU6, STM32C071GBU6N, STM32C071K8T6, STM32C071K8T6N, STM32C071K8U6, STM32C071K8U6N, STM32C071KBT6, STM32C071KBT6N, STM32C071KBU6, STM32C071KBU6N, STM32C071R8T6, STM32C071R8T6N, STM32C071RBI6N, STM32C071RBT6, STM32C071RBT6N, STM32C091CBT6, STM32C091CBU6, STM32C091CCT6, STM32C091CCU6, STM32C091ECY6TR, STM32C091FBP6, STM32C091FCP6, STM32C091GBU6, STM32C091GCU6, STM32C091KBT6, STM32C091KBU6, STM32C091KCT6, STM32C091KCU6, STM32C091RBT6, STM32C091RCI6, STM32C091RCT6, STM32C092CBT6, STM32C092CBU6, STM32C092CCT6, STM32C092CCU6, STM32C092ECY6TR, STM32C092FBP6, STM32C092FCP6, STM32C092GBU6, STM32C092GCU6, STM32C092KBT6, STM32C092KBU6, STM32C092KCT6, STM32C092KCU6, STM32C092RBT6, STM32C092RCI6, STM32C092RCT6, STM32G071K8TXN, STM32G071K8UXN, STM32G081GBU6N, STM32G081KBT6N, STM32G081KBUXN, STM32G0B1CCT6N, STM32G0B1KCT6, STM32G0B1NEY6TR, STM32G0B1RCT6N, STM32G0C1CCT6, STM32G0C1CCT6N, STM32G0C1CCU6N, STM32G0C1CET6N, STM32G0C1CEU6N, STM32G0C1KCT6, STM32G0C1NEY6TR, STM32G0C1RCI6N, STM32G0C1RCT6N, STM32G0C1REI6N, STM32G0C1RET6N, STM32G0C1VCI6, STM32G0C1VEI6, STM32G411C6T3, STM32G411C6T6, STM32G411C6U3, STM32G411C6U6, STM32G411C8T3, STM32G411C8T6, STM32G411C8U3, STM32G411C8U6, STM32G411CBT3, STM32G411CBT6, STM32G411CBU3, STM32G411CBU6, STM32G411K6T3, STM32G411K6T6, STM32G411K6U3, STM32G411K6U6, STM32G411K8T3, STM32G411K8T6, STM32G411K8U3, STM32G411K8U6, STM32G411KBT3, STM32G411KBT6, STM32G411KBU3, STM32G411KBU6, STM32G411M6T3, STM32G411M6T6, STM32G411M8T3, STM32G411M8T6, STM32G411MBT3, STM32G411MBT6, STM32G411R6T3, STM32G411R6T6, STM32G411R8T3, STM32G411R8T6, STM32G411RBT3, STM32G411RBT6, STM32G414CBT3, STM32G414CBT6, STM32G414CBU3, STM32G414CBU6, STM32G414CCT3, STM32G414CCT6, STM32G414CCU3, STM32G414CCU6, STM32G414MBT3, STM32G414MBT6, STM32G414MCT3, STM32G414MCT6, STM32G414RBT3, STM32G414RBT6, STM32G414RCT3, STM32G414RCT6, STM32G414VBT3, STM32G414VBT6, STM32G414VCT3, STM32G414VCT6, STM32G431CBT3Z, STM32G431RBT3Z, STM32G471CCT6, STM32G471CCU6, STM32G471CET3, STM32G471CET6, STM32G471CEU3, STM32G471CEU6, STM32G471MCT6, STM32G471MET3, STM32G471MET6, STM32G471MEY6TR, STM32G471QCT6, STM32G471QET3, STM32G471RCT6, STM32G471RET3, STM32G471RET6, STM32G471VCH6, STM32G471VCI6, STM32G471VCT6, STM32G471VEH3, STM32G471VEH6, STM32G471VEI3, STM32G471VEI6, STM32G471VET3, STM32G471VET6, STM32G473QET3Z, STM32G473RET3Z, STM32G474CCT6, STM32G491RET3Z, STM32H503CBT6, STM32H503CBU6, STM32H503EBY6TR, STM32H503KBU6, STM32H503RBT6, STM32H523CCT6, STM32H523CCU6, STM32H523CET6, STM32H523CEU6, STM32H523HEY6TR, STM32H523RCT6, STM32H523RET6, STM32H523VCI6, STM32H523VCT6, STM32H523VEI6, STM32H523VET6, STM32H523ZCJ6, STM32H523ZCT6, STM32H523ZEJ6, STM32H523ZET6, STM32H533CET6, STM32H533CEU6, STM32H533HEY6TR, STM32H533RET6, STM32H533VEI6, STM32H533VET6, STM32H533ZEJ6, STM32H533ZET6, STM32H562AGI6, STM32H562AII6, STM32H562IGK6, STM32H562IGT6, STM32H562IIK6, STM32H562IIT6, STM32H562RGT6, STM32H562RGV6, STM32H562RIT6, STM32H562RIV6, STM32H562VGT6, STM32H562VIT6, STM32H562ZGT6, STM32H562ZIT6, STM32H563AGI6, STM32H563AII3Q, STM32H563AII6, STM32H563IGK6, STM32H563IGT6, STM32H563IIK3Q, STM32H563IIK6, STM32H563IIT3Q, STM32H563IIT6, STM32H563MIY3QTR, STM32H563RGT6, STM32H563RGV6, STM32H563RIT6, STM32H563RIV6, STM32H563VGT6, STM32H563VIT3Q, STM32H563VIT6, STM32H563ZGT6, STM32H563ZIT3Q, STM32H563ZIT6, STM32H573AII3Q, STM32H573AII6, STM32H573I-DK, STM32H573IIK3Q, STM32H573IIK6, STM32H573IIT3Q, STM32H573IIT6, STM32H573MIY3QTR, STM32H573RIT6, STM32H573RIV6, STM32H573VIT3Q, STM32H573VIT6, STM32H573ZIT3Q, STM32H573ZIT6, STM32H7R3A8I6, STM32H7R3I8K6, STM32H7R3I8T6, STM32H7R3L8H6, STM32H7R3L8H6H, STM32H7R3R8V6, STM32H7R3V8H6, STM32H7R3V8T6, STM32H7R3V8Y6TR, STM32H7R3Z8J6, STM32H7R3Z8T6, STM32H7R7A8I6, STM32H7R7I8K6, STM32H7R7I8T6, STM32H7R7L8H6, STM32H7R7L8H6H, STM32H7R7Z8J6, STM32H7S3A8I6, STM32H7S3I8K6, STM32H7S3I8T6, STM32H7S3L8H6, STM32H7S3L8H6H, STM32H7S3R8V6, STM32H7S3V8H6, STM32H7S3V8T6, STM32H7S3V8Y6TR, STM32H7S3Z8J6, STM32H7S3Z8T6, STM32H7S78-DK, STM32H7S7A8I6, STM32H7S7I8K6, STM32H7S7I8T6, STM32H7S7L8H6, STM32H7S7L8H6H, STM32H7S7Z8J6, STM32L4R5QGI6STR, STM32MP131AAE3, STM32MP131AAF3, STM32MP131AAG3, STM32MP131CAE3, STM32MP131CAF3, STM32MP131CAG3, STM32MP131DAE7, STM32MP131DAF7, STM32MP131DAG7, STM32MP131FAE7, STM32MP131FAF7, STM32MP131FAG7, STM32MP133AAE3, STM32MP133AAF3, STM32MP133AAG3, STM32MP133CAE3, STM32MP133CAF3, STM32MP133CAG3, STM32MP133DAE7, STM32MP133DAF7, STM32MP133DAG7, STM32MP133FAE7, STM32MP133FAF7, STM32MP133FAG7, STM32MP135AAE3, STM32MP135AAF3, STM32MP135AAG3, STM32MP135CAE3, STM32MP135CAF3, STM32MP135CAG3, STM32MP135DAE7, STM32MP135DAF7, STM32MP135DAG7, STM32MP135F-DK, STM32MP135FAE7, STM32MP135FAF7, STM32MP135FAF7T, STM32MP135FAF7U, STM32MP135FAG7, STM32MP211AAL3, STM32MP211AAM3, STM32MP211AAN3, STM32MP211AAO3, STM32MP211CAL3, STM32MP211CAM3, STM32MP211CAN3, STM32MP211CAO3, STM32MP211DAL3, STM32MP211DAM3, STM32MP211DAN3, STM32MP211DAO3, STM32MP211FAL3, STM32MP211FAM3, STM32MP211FAN3, STM32MP211FAO3, STM32MP213AAL3, STM32MP213AAM3, STM32MP213AAN3, STM32MP213AAO3, STM32MP213CAL3, STM32MP213CAM3, STM32MP213CAN3, STM32MP213CAO3, STM32MP213DAL3, STM32MP213DAM3, STM32MP213DAN3, STM32MP213DAO3, STM32MP213FAL3, STM32MP213FAM3, STM32MP213FAN3, STM32MP213FAO3, STM32MP215AAL3, STM32MP215AAM3, STM32MP215AAN3, STM32MP215AAO3, STM32MP215CAL3, STM32MP215CAM3, STM32MP215CAN3, STM32MP215CAO3, STM32MP215DAL3, STM32MP215DAM3, STM32MP215DAN3, STM32MP215DAO3, STM32MP215F-DK, STM32MP215FAL3, STM32MP215FAM3, STM32MP215FAN3, STM32MP215FAO3, STM32MP231AAJ3, STM32MP231AAK3, STM32MP231AAL3, STM32MP231CAJ3, STM32MP231CAK3, STM32MP231CAL3, STM32MP231DAJ3, STM32MP231DAK3, STM32MP231DAL3, STM32MP231FAJ3, STM32MP231FAK3, STM32MP231FAL3, STM32MP233AAJ3, STM32MP233AAK3, STM32MP233AAL3, STM32MP233CAJ3, STM32MP233CAK3, STM32MP233CAL3, STM32MP233DAJ3, STM32MP233DAK3, STM32MP233DAL3, STM32MP233FAJ3, STM32MP233FAK3, STM32MP233FAL3, STM32MP235AAJ3, STM32MP235AAK3, STM32MP235AAL3, STM32MP235CAJ3, STM32MP235CAK3, STM32MP235CAL3, STM32MP235DAJ3, STM32MP235DAK3, STM32MP235DAL3, STM32MP235FAJ3, STM32MP235FAK3, STM32MP235FAL3, STM32MP251AAI3, STM32MP251AAK3, STM32MP251AAL3, STM32MP251CAI3, STM32MP251CAK3, STM32MP251CAL3, STM32MP251DAI3, STM32MP251DAK3, STM32MP251DAL3, STM32MP251FAI3, STM32MP251FAK3, STM32MP251FAL3, STM32MP253AAI3, STM32MP253AAK3, STM32MP253AAL3, STM32MP253CAI3, STM32MP253CAK3, STM32MP253CAL3, STM32MP253DAI3, STM32MP253DAK3, STM32MP253DAL3, STM32MP253FAI3, STM32MP253FAK3, STM32MP253FAL3, STM32MP255AAI3, STM32MP255AAK3, STM32MP255AAL3, STM32MP255CAI3, STM32MP255CAK3, STM32MP255CAL3, STM32MP255DAI3, STM32MP255DAK3, STM32MP255DAL3, STM32MP255FAI3, STM32MP255FAK3, STM32MP255FAL3, STM32MP257AAI3, STM32MP257AAK3, STM32MP257AAL3, STM32MP257CAI3, STM32MP257CAK3, STM32MP257CAL3, STM32MP257DAI3, STM32MP257DAK3, STM32MP257DAL3, STM32MP257F-DK, STM32MP257F-EV1, STM32MP257FAI3, STM32MP257FAK3, STM32MP257FAL3, STM32N645A0H3Q, STM32N645B0H3Q, STM32N645I0H3Q, STM32N645L0H3Q, STM32N645X0H3Q, STM32N645Z0H3Q, STM32N647A0H3Q, STM32N647B0H3Q, STM32N647I0H3Q, STM32N647L0H3Q, STM32N647X0H3Q, STM32N647Z0H3Q, STM32N655A0H3Q, STM32N655B0H3Q, STM32N655I0H3Q, STM32N655L0H3Q, STM32N655X0H3Q, STM32N655Z0H3Q, STM32N6570-DK, STM32N657A0H3Q, STM32N657B0H3Q, STM32N657I0H3Q, STM32N657L0H3Q, STM32N657X0H3Q, STM32N657Z0H3Q, STM32U031C6T6, STM32U031C6U6, STM32U031C8T6, STM32U031C8U6, STM32U031F4P6, STM32U031F6P6, STM32U031F8P6, STM32U031G6Y6TR, STM32U031G8Y6TR, STM32U031K4U6, STM32U031K6U6, STM32U031K8U6, STM32U031R6I6, STM32U031R6T6, STM32U031R8I6, STM32U031R8T6, STM32U073C8T6, STM32U073C8U6, STM32U073CBT6, STM32U073CBU6, STM32U073CCT6, STM32U073CCU6, STM32U073H8Y6TR, STM32U073HBY6TR, STM32U073HCY6TR, STM32U073K8U6, STM32U073KBU6, STM32U073KCU6, STM32U073M8I6, STM32U073M8T6, STM32U073MBI6, STM32U073MBT6, STM32U073MCI6, STM32U073MCT6, STM32U073R8I6, STM32U073R8T6, STM32U073RBI6, STM32U073RBT6, STM32U073RCI6, STM32U073RCT6, STM32U083C-DK, STM32U083CCT6, STM32U083CCU6, STM32U083HCY6TR, STM32U083KCU6, STM32U083MCI6, STM32U083MCT6, STM32U083RCI6, STM32U083RCT6, STM32U375CET6, STM32U375CET6Q, STM32U375CEU6, STM32U375CEU6Q, STM32U375CEY6QTR, STM32U375CGT6, STM32U375CGT6Q, STM32U375CGU6, STM32U375CGU6Q, STM32U375CGY6QTR, STM32U375KEU6, STM32U375KGU6, STM32U375REI6, STM32U375REI6Q, STM32U375RET6, STM32U375RET6Q, STM32U375REY6GTR, STM32U375REY6QTR, STM32U375RGI6, STM32U375RGI6Q, STM32U375RGT6, STM32U375RGT6Q, STM32U375RGY6GTR, STM32U375RGY6QTR, STM32U375VEI6, STM32U375VEI6Q, STM32U375VET6, STM32U375VET6Q, STM32U375VGI6, STM32U375VGI6Q, STM32U375VGT6, STM32U375VGT6Q, STM32U385CGT6, STM32U385CGT6Q, STM32U385CGU6, STM32U385CGU6Q, STM32U385CGY6QTR, STM32U385KGU6, STM32U385RGI6, STM32U385RGI6Q, STM32U385RGT6, STM32U385RGT6Q, STM32U385RGY6GTR, STM32U385RGY6QTR, STM32U385VGI6, STM32U385VGI6Q, STM32U385VGT6, STM32U385VGT6Q, STM32U535CBT6, STM32U535CBT6Q, STM32U535CBU6, STM32U535CBU6Q, STM32U535CCT6, STM32U535CCT6Q, STM32U535CCU6, STM32U535CCU6Q, STM32U535CET6, STM32U535CET6Q, STM32U535CEU6, STM32U535CEU6Q, STM32U535JEY6QTR, STM32U535NCY6QTR, STM32U535NEY6QTR, STM32U535RBI6, STM32U535RBI6Q, STM32U535RBT6, STM32U535RBT6Q, STM32U535RCI6, STM32U535RCI6Q, STM32U535RCT6, STM32U535RCT6Q, STM32U535REI6, STM32U535REI6Q, STM32U535RET6, STM32U535RET6Q, STM32U535VCI6, STM32U535VCI6Q, STM32U535VCT6, STM32U535VCT6Q, STM32U535VEI6, STM32U535VEI6Q, STM32U535VET6, STM32U535VET6Q, STM32U545CET6, STM32U545CET6Q, STM32U545CEU6, STM32U545CEU6Q, STM32U545JEY6QTR, STM32U545NEY6QTR, STM32U545REI6, STM32U545REI6Q, STM32U545RET6, STM32U545RET6Q, STM32U545VEI6, STM32U545VEI6Q, STM32U545VET6, STM32U545VET6Q, STM32U595AIH6, STM32U595AIH6Q, STM32U595AJH6, STM32U595AJH6Q, STM32U595QII6, STM32U595QII6Q, STM32U595QJI6, STM32U595QJI6Q, STM32U595RIT6, STM32U595RIT6Q, STM32U595RJT6, STM32U595RJT6Q, STM32U595VIT6, STM32U595VIT6Q, STM32U595VJT6, STM32U595VJT6Q, STM32U595ZIT6, STM32U595ZIT6Q, STM32U595ZIY6QTR, STM32U595ZJT6, STM32U595ZJT6Q, STM32U595ZJY6QTR, STM32U599BJY6QTR, STM32U599NIH6Q, STM32U599NJH6Q, STM32U599VIT6Q, STM32U599VJT6, STM32U599VJT6Q, STM32U599ZIT6Q, STM32U599ZIY6QTR, STM32U599ZJT6Q, STM32U599ZJY6QTR, STM32U5A5AJH6, STM32U5A5AJH6Q, STM32U5A5QII3Q , STM32U5A5QJI6, STM32U5A5QJI6Q, STM32U5A5RJT6, STM32U5A5RJT6Q, STM32U5A5VJT6, STM32U5A5VJT6Q, STM32U5A5ZJT6, STM32U5A5ZJT6Q, STM32U5A5ZJY6QTR, STM32U5A9BJY6QTR, STM32U5A9J-DK, STM32U5A9NJH6Q, STM32U5A9VJT6Q, STM32U5A9ZJT6Q, STM32U5A9ZJY6QTR, STM32U5F7VIT6, STM32U5F7VIT6Q, STM32U5F7VJT6, STM32U5F7VJT6Q, STM32U5F9BJY6QTR, STM32U5F9NJH6Q, STM32U5F9VIT6Q, STM32U5F9VJT6Q, STM32U5F9ZIJ6QTR, STM32U5F9ZIT6Q, STM32U5F9ZJJ6QTR, STM32U5F9ZJT6Q, STM32U5G7VJT6, STM32U5G7VJT6Q, STM32U5G9BJY6QTR, STM32U5G9J-DK1, STM32U5G9J-DK2, STM32U5G9NJH6Q, STM32U5G9VJT6Q, STM32U5G9ZJJ6QTR, STM32U5G9ZJT6Q, STM32WB05KZV6TR, STM32WB05KZV7TR, STM32WB05TZF6TR, STM32WB05TZF7TR, STM32WB06CCF6TR, STM32WB06CCF7TR, STM32WB06CCV6TR, STM32WB06CCV7TR, STM32WB06KCV6TR, STM32WB06KCV7TR, STM32WB07CCF6TR, STM32WB07CCF7TR, STM32WB07CCV6TR, STM32WB07CCV7TR, STM32WB07KCV6TR, STM32WB07KCV7TR, STM32WB09KEV6TR, STM32WB09KEV7TR, STM32WB09TEF6TR, STM32WB09TEF7TR, STM32WB1MMCH6, STM32WBA50KGU6, STM32WBA50KGU6TR, STM32WBA52CEU6, STM32WBA52CEU6TR, STM32WBA52CEU7, STM32WBA52CEU7TR, STM32WBA52CGU6, STM32WBA52CGU6TR, STM32WBA52CGU6U, STM32WBA52CGU7, STM32WBA52CGU7TR, STM32WBA52KEU6, STM32WBA52KEU6TR, STM32WBA52KGU6, STM32WBA52KGU6TR, STM32WBA54CEU6, STM32WBA54CEU6TR, STM32WBA54CEU7, STM32WBA54CEU7TR, STM32WBA54CGU6, STM32WBA54CGU6TR, STM32WBA54CGU7, STM32WBA54CGU7TR, STM32WBA54KEU6, STM32WBA54KEU6TR, STM32WBA54KEU7, STM32WBA54KEU7TR, STM32WBA54KGU6, STM32WBA54KGU6TR, STM32WBA54KGU7, STM32WBA54KGU7TR, STM32WBA55CEU6, STM32WBA55CEU6TR, STM32WBA55CEU7, STM32WBA55CEU7TR, STM32WBA55CGU6, STM32WBA55CGU6TR, STM32WBA55CGU6U, STM32WBA55CGU7, STM32WBA55CGU7TR, STM32WBA55G-DK1, STM32WBA55HEF6, STM32WBA55HEF7, STM32WBA55HGF6, STM32WBA55HGF7, STM32WBA55UEI6, STM32WBA55UEI6TR, STM32WBA55UEI7, STM32WBA55UEI7TR, STM32WBA55UGI6, STM32WBA55UGI6TR, STM32WBA55UGI7, STM32WBA55UGI7TR, STM32WBA5MMGH6TR, STM32WBA62MGF6, STM32WBA62MIF6, STM32WBA65MGF7, STM32WBA65MIF6, STM32WBA65MIF7, STM32WL30K8V6, STM32WL30KBV6, STM32WL31C8V6, STM32WL31CBV6, STM32WL31K8V6, STM32WL31KBV6, STM32WL33C8V6, STM32WL33C8V6X, STM32WL33CBV6, STM32WL33CBV6X, STM32WL33CCV6, STM32WL33CCV6A, STM32WL33CCV6X, STM32WL33K8V7, STM32WL33K8V7X, STM32WL33KBV7 , STM32WL33KBV7X, STM32WL33KCV7, STM32WL33KCV7X, STM32WL5MOCH6, STM32WL5MOCH6TR]
2025-12-19 15:36:16,583 [INFO] DbMcus:218 - Found 4876 MCUs, 4876 are supported
2025-12-19 15:36:16,585 [INFO] ApiDb:423 - Load user favorites file C:\Users\aditi/.stm32cubeide/favorites.mcus.txt: 0 item(s)
2025-12-19 15:36:16,585 [INFO] ApiDb:427 - User favorites MCUs=[]
2025-12-19 15:36:16,585 [INFO] DbMcus:224 - Set 0 / 0 favorites MCUs
2025-12-19 15:36:16,945 [INFO] ApiDb:668 - CubeFinder database Data Model version=2.1
2025-12-19 15:36:16,945 [INFO] ApiDb:669 - CubeFinder database Configuration version=3.0.39
2025-12-19 15:36:16,945 [INFO] ApiDb:670 - CubeFinder database generation date=2025-11-05 (1762334721)
2025-12-19 15:36:16,948 [INFO] ApiDb:671 - CubeFinder database FW Pack versions=[FP-ATR-ASTRA1_V2.0.0, FP-SNS-FLIGHT1_V5.1.0, FP-SNS-MOTENV1_V5.1.0, FP-SNS-MOTENVWB1_V1.4.0, FP-SNS-SMARTAG2_V1.2.0, FP-SNS-STBOX1_V2.1.0, STM32Cube_FW_C0_V1.4.0, STM32Cube_FW_F4_V1.28.3, STM32Cube_FW_F7_V1.17.4, STM32Cube_FW_G0_V1.6.2, STM32Cube_FW_G4_V1.6.1, STM32Cube_FW_H5_V1.5.1, STM32Cube_FW_H7RS_V1.3.0, STM32Cube_FW_H7_V1.12.1, STM32Cube_FW_L0_V1.12.2, STM32Cube_FW_L4_V1.18.1, STM32Cube_FW_L5_V1.6.0, STM32Cube_FW_N6_V1.3.0, STM32Cube_FW_U0_V1.3.0, STM32Cube_FW_U3_V1.2.1, STM32Cube_FW_U5_V1.8.0, STM32Cube_FW_WB0_V1.4.0, STM32Cube_FW_WBA_V1.8.0, STM32Cube_FW_WB_V1.24.0, STM32Cube_FW_WL3_V1.3.0, STM32Cube_FW_WL_V1.4.0, X-CUBE-ALGOBUILD_V1.4.0, X-CUBE-ALS_V1.0.2, X-CUBE-AZRTOS-F4_V1.1.0, X-CUBE-AZRTOS-F7_V1.1.0, X-CUBE-AZRTOS-G0_V1.1.0, X-CUBE-AZRTOS-G4_V2.0.0, X-CUBE-AZRTOS-H7RS_V1.1.0, X-CUBE-AZRTOS-H7_V3.4.0, X-CUBE-AZRTOS-L4_V2.0.0, X-CUBE-AZRTOS-L5_V2.0.0, X-CUBE-AZRTOS-WB_V2.0.0, X-CUBE-AZRTOS-WL_V2.0.0, X-CUBE-BLE1_V7.1.0, X-CUBE-BLE2_V3.3.0, X-CUBE-BLEMGR_V4.1.0, X-CUBE-EEPRMA1_V5.2.0, X-CUBE-FREERTOS_V1.3.1, X-CUBE-GNSS1_V6.0.0, X-CUBE-MEMS1_V11.3.0, X-CUBE-NFC4_V3.0.0, X-CUBE-NFC7_V2.0.0, X-CUBE-SFXS2LP1_V4.0.0, X-CUBE-ST67W61_V1.1.0, X-CUBE-SUBG2_V5.0.0, X-CUBE-TOF1_V3.4.3]
2025-12-19 15:36:17,024 [INFO] DbBoardsSqlite:226 - include board P-NUCLEO-WB55-NUCLEO as a kit item of type 'Nucleo-64'
2025-12-19 15:36:17,025 [INFO] DbBoardsSqlite:226 - include board P-NUCLEO-WB55-USBDONGLE as a kit item of type 'Nucleo USB Dongle'
2025-12-19 15:36:17,025 [INFO] DbBoardsSqlite:226 - include board STEVAL-IDP005V1 as a kit item of type 'Evaluation Board'
2025-12-19 15:36:17,025 [INFO] DbBoardsSqlite:226 - include board STEVAL-IDP005V2 as a kit item of type 'Evaluation Board'
2025-12-19 15:36:17,093 [INFO] ApiDb:240 - Found 880 in-development CPN: [B-G473E-ZEST1S, B-WB1M-WPAN1, B-WBA5M-WPAN, B-WL5M-SUBG1, NUCLEO-C031C6, NUCLEO-C051C8, NUCLEO-C071RB, NUCLEO-C092RC, NUCLEO-H503RB, NUCLEO-H533RE, NUCLEO-H563ZI, NUCLEO-H7S3L8, NUCLEO-N657X0-Q, NUCLEO-U031R8, NUCLEO-U083RC, NUCLEO-U385RG-Q, NUCLEO-U545RE-Q, NUCLEO-U5A5ZJ-Q, NUCLEO-WB05KZ, NUCLEO-WB07CC, NUCLEO-WB09KE, NUCLEO-WBA52CG, NUCLEO-WBA55CG, NUCLEO-WL33CC1, NUCLEO-WL33CC2, STEVAL-PROTEUS1, STEVAL-SMARTAG2, STEVAL-STWINBX1, STM320518-EVAL, STM32C0116-DK, STM32C011D6Y3TR, STM32C011D6Y6TR, STM32C011F4P3, STM32C011F4P6, STM32C011F4U3, STM32C011F4U6TR, STM32C011F6P3, STM32C011F6P6, STM32C011F6U3, STM32C011F6U6TR, STM32C011J4M3, STM32C011J4M6, STM32C011J6M3, STM32C011J6M6, STM32C0316-DK, STM32C031C4T3, STM32C031C4T6, STM32C031C4U3, STM32C031C4U6, STM32C031C6T3, STM32C031C6T6, STM32C031C6U3, STM32C031C6U6, STM32C031F4P3, STM32C031F4P6, STM32C031F6P3, STM32C031F6P6, STM32C031G4U3, STM32C031G4U6, STM32C031G6U3, STM32C031G6U6, STM32C031K4T3, STM32C031K4T6, STM32C031K4U3, STM32C031K4U6, STM32C031K6T3, STM32C031K6T6, STM32C031K6U3, STM32C031K6U6, STM32C051C6T6, STM32C051C6U6, STM32C051C8T6, STM32C051C8U6, STM32C051D8Y6TR, STM32C051F6P6, STM32C051F8P6, STM32C051G6U6, STM32C051G8U6, STM32C051K6T6, STM32C051K6U6, STM32C051K8T6, STM32C071C8T6, STM32C071C8T6N, STM32C071C8U6, STM32C071C8U6N, STM32C071CBT6, STM32C071CBT6N, STM32C071CBU6, STM32C071CBU6N, STM32C071F8P6, STM32C071F8P6N, STM32C071FBP6, STM32C071FBP6N, STM32C071FBY6TR, STM32C071G8U6, STM32C071G8U6N, STM32C071GBU6, STM32C071GBU6N, STM32C071K8T6, STM32C071K8T6N, STM32C071K8U6, STM32C071K8U6N, STM32C071KBT6, STM32C071KBT6N, STM32C071KBU6, STM32C071KBU6N, STM32C071R8T6, STM32C071R8T6N, STM32C071RBI6N, STM32C071RBT6, STM32C071RBT6N, STM32C091CBT6, STM32C091CBU6, STM32C091CCT6, STM32C091CCU6, STM32C091ECY6TR, STM32C091FBP6, STM32C091FCP6, STM32C091GBU6, STM32C091GCU6, STM32C091KBT6, STM32C091KBU6, STM32C091KCT6, STM32C091KCU6, STM32C091RBT6, STM32C091RCI6, STM32C091RCT6, STM32C092CBT6, STM32C092CBU6, STM32C092CCT6, STM32C092CCU6, STM32C092ECY6TR, STM32C092FBP6, STM32C092FCP6, STM32C092GBU6, STM32C092GCU6, STM32C092KBT6, STM32C092KBU6, STM32C092KCT6, STM32C092KCU6, STM32C092RBT6, STM32C092RCI6, STM32C092RCT6, STM32G071K8TXN, STM32G071K8UXN, STM32G081GBU6N, STM32G081KBT6N, STM32G081KBUXN, STM32G0B1CCT6N, STM32G0B1KCT6, STM32G0B1NEY6TR, STM32G0B1RCT6N, STM32G0C1CCT6, STM32G0C1CCT6N, STM32G0C1CCU6N, STM32G0C1CET6N, STM32G0C1CEU6N, STM32G0C1KCT6, STM32G0C1NEY6TR, STM32G0C1RCI6N, STM32G0C1RCT6N, STM32G0C1REI6N, STM32G0C1RET6N, STM32G0C1VCI6, STM32G0C1VEI6, STM32G411C6T3, STM32G411C6T6, STM32G411C6U3, STM32G411C6U6, STM32G411C8T3, STM32G411C8T6, STM32G411C8U3, STM32G411C8U6, STM32G411CBT3, STM32G411CBT6, STM32G411CBU3, STM32G411CBU6, STM32G411K6T3, STM32G411K6T6, STM32G411K6U3, STM32G411K6U6, STM32G411K8T3, STM32G411K8T6, STM32G411K8U3, STM32G411K8U6, STM32G411KBT3, STM32G411KBT6, STM32G411KBU3, STM32G411KBU6, STM32G411M6T3, STM32G411M6T6, STM32G411M8T3, STM32G411M8T6, STM32G411MBT3, STM32G411MBT6, STM32G411R6T3, STM32G411R6T6, STM32G411R8T3, STM32G411R8T6, STM32G411RBT3, STM32G411RBT6, STM32G414CBT3, STM32G414CBT6, STM32G414CBU3, STM32G414CBU6, STM32G414CCT3, STM32G414CCT6, STM32G414CCU3, STM32G414CCU6, STM32G414MBT3, STM32G414MBT6, STM32G414MCT3, STM32G414MCT6, STM32G414RBT3, STM32G414RBT6, STM32G414RCT3, STM32G414RCT6, STM32G414VBT3, STM32G414VBT6, STM32G414VCT3, STM32G414VCT6, STM32G431CBT3Z, STM32G431RBT3Z, STM32G471CCT6, STM32G471CCU6, STM32G471CET3, STM32G471CET6, STM32G471CEU3, STM32G471CEU6, STM32G471MCT6, STM32G471MET3, STM32G471MET6, STM32G471MEY6TR, STM32G471QCT6, STM32G471QET3, STM32G471RCT6, STM32G471RET3, STM32G471RET6, STM32G471VCH6, STM32G471VCI6, STM32G471VCT6, STM32G471VEH3, STM32G471VEH6, STM32G471VEI3, STM32G471VEI6, STM32G471VET3, STM32G471VET6, STM32G473QET3Z, STM32G473RET3Z, STM32G474CCT6, STM32G491RET3Z, STM32H503CBT6, STM32H503CBU6, STM32H503EBY6TR, STM32H503KBU6, STM32H503RBT6, STM32H523CCT6, STM32H523CCU6, STM32H523CET6, STM32H523CEU6, STM32H523HEY6TR, STM32H523RCT6, STM32H523RET6, STM32H523VCI6, STM32H523VCT6, STM32H523VEI6, STM32H523VET6, STM32H523ZCJ6, STM32H523ZCT6, STM32H523ZEJ6, STM32H523ZET6, STM32H533CET6, STM32H533CEU6, STM32H533HEY6TR, STM32H533RET6, STM32H533VEI6, STM32H533VET6, STM32H533ZEJ6, STM32H533ZET6, STM32H562AGI6, STM32H562AII6, STM32H562IGK6, STM32H562IGT6, STM32H562IIK6, STM32H562IIT6, STM32H562RGT6, STM32H562RGV6, STM32H562RIT6, STM32H562RIV6, STM32H562VGT6, STM32H562VIT6, STM32H562ZGT6, STM32H562ZIT6, STM32H563AGI6, STM32H563AII3Q, STM32H563AII6, STM32H563IGK6, STM32H563IGT6, STM32H563IIK3Q, STM32H563IIK6, STM32H563IIT3Q, STM32H563IIT6, STM32H563MIY3QTR, STM32H563RGT6, STM32H563RGV6, STM32H563RIT6, STM32H563RIV6, STM32H563VGT6, STM32H563VIT3Q, STM32H563VIT6, STM32H563ZGT6, STM32H563ZIT3Q, STM32H563ZIT6, STM32H573AII3Q, STM32H573AII6, STM32H573I-DK, STM32H573IIK3Q, STM32H573IIK6, STM32H573IIT3Q, STM32H573IIT6, STM32H573MIY3QTR, STM32H573RIT6, STM32H573RIV6, STM32H573VIT3Q, STM32H573VIT6, STM32H573ZIT3Q, STM32H573ZIT6, STM32H7R3A8I6, STM32H7R3I8K6, STM32H7R3I8T6, STM32H7R3L8H6, STM32H7R3L8H6H, STM32H7R3R8V6, STM32H7R3V8H6, STM32H7R3V8T6, STM32H7R3V8Y6TR, STM32H7R3Z8J6, STM32H7R3Z8T6, STM32H7R7A8I6, STM32H7R7I8K6, STM32H7R7I8T6, STM32H7R7L8H6, STM32H7R7L8H6H, STM32H7R7Z8J6, STM32H7S3A8I6, STM32H7S3I8K6, STM32H7S3I8T6, STM32H7S3L8H6, STM32H7S3L8H6H, STM32H7S3R8V6, STM32H7S3V8H6, STM32H7S3V8T6, STM32H7S3V8Y6TR, STM32H7S3Z8J6, STM32H7S3Z8T6, STM32H7S78-DK, STM32H7S7A8I6, STM32H7S7I8K6, STM32H7S7I8T6, STM32H7S7L8H6, STM32H7S7L8H6H, STM32H7S7Z8J6, STM32L4R5QGI6STR, STM32MP131AAE3, STM32MP131AAF3, STM32MP131AAG3, STM32MP131CAE3, STM32MP131CAF3, STM32MP131CAG3, STM32MP131DAE7, STM32MP131DAF7, STM32MP131DAG7, STM32MP131FAE7, STM32MP131FAF7, STM32MP131FAG7, STM32MP133AAE3, STM32MP133AAF3, STM32MP133AAG3, STM32MP133CAE3, STM32MP133CAF3, STM32MP133CAG3, STM32MP133DAE7, STM32MP133DAF7, STM32MP133DAG7, STM32MP133FAE7, STM32MP133FAF7, STM32MP133FAG7, STM32MP135AAE3, STM32MP135AAF3, STM32MP135AAG3, STM32MP135CAE3, STM32MP135CAF3, STM32MP135CAG3, STM32MP135DAE7, STM32MP135DAF7, STM32MP135DAG7, STM32MP135F-DK, STM32MP135FAE7, STM32MP135FAF7, STM32MP135FAF7T, STM32MP135FAF7U, STM32MP135FAG7, STM32MP211AAL3, STM32MP211AAM3, STM32MP211AAN3, STM32MP211AAO3, STM32MP211CAL3, STM32MP211CAM3, STM32MP211CAN3, STM32MP211CAO3, STM32MP211DAL3, STM32MP211DAM3, STM32MP211DAN3, STM32MP211DAO3, STM32MP211FAL3, STM32MP211FAM3, STM32MP211FAN3, STM32MP211FAO3, STM32MP213AAL3, STM32MP213AAM3, STM32MP213AAN3, STM32MP213AAO3, STM32MP213CAL3, STM32MP213CAM3, STM32MP213CAN3, STM32MP213CAO3, STM32MP213DAL3, STM32MP213DAM3, STM32MP213DAN3, STM32MP213DAO3, STM32MP213FAL3, STM32MP213FAM3, STM32MP213FAN3, STM32MP213FAO3, STM32MP215AAL3, STM32MP215AAM3, STM32MP215AAN3, STM32MP215AAO3, STM32MP215CAL3, STM32MP215CAM3, STM32MP215CAN3, STM32MP215CAO3, STM32MP215DAL3, STM32MP215DAM3, STM32MP215DAN3, STM32MP215DAO3, STM32MP215F-DK, STM32MP215FAL3, STM32MP215FAM3, STM32MP215FAN3, STM32MP215FAO3, STM32MP231AAJ3, STM32MP231AAK3, STM32MP231AAL3, STM32MP231CAJ3, STM32MP231CAK3, STM32MP231CAL3, STM32MP231DAJ3, STM32MP231DAK3, STM32MP231DAL3, STM32MP231FAJ3, STM32MP231FAK3, STM32MP231FAL3, STM32MP233AAJ3, STM32MP233AAK3, STM32MP233AAL3, STM32MP233CAJ3, STM32MP233CAK3, STM32MP233CAL3, STM32MP233DAJ3, STM32MP233DAK3, STM32MP233DAL3, STM32MP233FAJ3, STM32MP233FAK3, STM32MP233FAL3, STM32MP235AAJ3, STM32MP235AAK3, STM32MP235AAL3, STM32MP235CAJ3, STM32MP235CAK3, STM32MP235CAL3, STM32MP235DAJ3, STM32MP235DAK3, STM32MP235DAL3, STM32MP235FAJ3, STM32MP235FAK3, STM32MP235FAL3, STM32MP251AAI3, STM32MP251AAK3, STM32MP251AAL3, STM32MP251CAI3, STM32MP251CAK3, STM32MP251CAL3, STM32MP251DAI3, STM32MP251DAK3, STM32MP251DAL3, STM32MP251FAI3, STM32MP251FAK3, STM32MP251FAL3, STM32MP253AAI3, STM32MP253AAK3, STM32MP253AAL3, STM32MP253CAI3, STM32MP253CAK3, STM32MP253CAL3, STM32MP253DAI3, STM32MP253DAK3, STM32MP253DAL3, STM32MP253FAI3, STM32MP253FAK3, STM32MP253FAL3, STM32MP255AAI3, STM32MP255AAK3, STM32MP255AAL3, STM32MP255CAI3, STM32MP255CAK3, STM32MP255CAL3, STM32MP255DAI3, STM32MP255DAK3, STM32MP255DAL3, STM32MP255FAI3, STM32MP255FAK3, STM32MP255FAL3, STM32MP257AAI3, STM32MP257AAK3, STM32MP257AAL3, STM32MP257CAI3, STM32MP257CAK3, STM32MP257CAL3, STM32MP257DAI3, STM32MP257DAK3, STM32MP257DAL3, STM32MP257F-DK, STM32MP257F-EV1, STM32MP257FAI3, STM32MP257FAK3, STM32MP257FAL3, STM32N645A0H3Q, STM32N645B0H3Q, STM32N645I0H3Q, STM32N645L0H3Q, STM32N645X0H3Q, STM32N645Z0H3Q, STM32N647A0H3Q, STM32N647B0H3Q, STM32N647I0H3Q, STM32N647L0H3Q, STM32N647X0H3Q, STM32N647Z0H3Q, STM32N655A0H3Q, STM32N655B0H3Q, STM32N655I0H3Q, STM32N655L0H3Q, STM32N655X0H3Q, STM32N655Z0H3Q, STM32N6570-DK, STM32N657A0H3Q, STM32N657B0H3Q, STM32N657I0H3Q, STM32N657L0H3Q, STM32N657X0H3Q, STM32N657Z0H3Q, STM32U031C6T6, STM32U031C6U6, STM32U031C8T6, STM32U031C8U6, STM32U031F4P6, STM32U031F6P6, STM32U031F8P6, STM32U031G6Y6TR, STM32U031G8Y6TR, STM32U031K4U6, STM32U031K6U6, STM32U031K8U6, STM32U031R6I6, STM32U031R6T6, STM32U031R8I6, STM32U031R8T6, STM32U073C8T6, STM32U073C8U6, STM32U073CBT6, STM32U073CBU6, STM32U073CCT6, STM32U073CCU6, STM32U073H8Y6TR, STM32U073HBY6TR, STM32U073HCY6TR, STM32U073K8U6, STM32U073KBU6, STM32U073KCU6, STM32U073M8I6, STM32U073M8T6, STM32U073MBI6, STM32U073MBT6, STM32U073MCI6, STM32U073MCT6, STM32U073R8I6, STM32U073R8T6, STM32U073RBI6, STM32U073RBT6, STM32U073RCI6, STM32U073RCT6, STM32U083C-DK, STM32U083CCT6, STM32U083CCU6, STM32U083HCY6TR, STM32U083KCU6, STM32U083MCI6, STM32U083MCT6, STM32U083RCI6, STM32U083RCT6, STM32U375CET6, STM32U375CET6Q, STM32U375CEU6, STM32U375CEU6Q, STM32U375CEY6QTR, STM32U375CGT6, STM32U375CGT6Q, STM32U375CGU6, STM32U375CGU6Q, STM32U375CGY6QTR, STM32U375KEU6, STM32U375KGU6, STM32U375REI6, STM32U375REI6Q, STM32U375RET6, STM32U375RET6Q, STM32U375REY6GTR, STM32U375REY6QTR, STM32U375RGI6, STM32U375RGI6Q, STM32U375RGT6, STM32U375RGT6Q, STM32U375RGY6GTR, STM32U375RGY6QTR, STM32U375VEI6, STM32U375VEI6Q, STM32U375VET6, STM32U375VET6Q, STM32U375VGI6, STM32U375VGI6Q, STM32U375VGT6, STM32U375VGT6Q, STM32U385CGT6, STM32U385CGT6Q, STM32U385CGU6, STM32U385CGU6Q, STM32U385CGY6QTR, STM32U385KGU6, STM32U385RGI6, STM32U385RGI6Q, STM32U385RGT6, STM32U385RGT6Q, STM32U385RGY6GTR, STM32U385RGY6QTR, STM32U385VGI6, STM32U385VGI6Q, STM32U385VGT6, STM32U385VGT6Q, STM32U535CBT6, STM32U535CBT6Q, STM32U535CBU6, STM32U535CBU6Q, STM32U535CCT6, STM32U535CCT6Q, STM32U535CCU6, STM32U535CCU6Q, STM32U535CET6, STM32U535CET6Q, STM32U535CEU6, STM32U535CEU6Q, STM32U535JEY6QTR, STM32U535NCY6QTR, STM32U535NEY6QTR, STM32U535RBI6, STM32U535RBI6Q, STM32U535RBT6, STM32U535RBT6Q, STM32U535RCI6, STM32U535RCI6Q, STM32U535RCT6, STM32U535RCT6Q, STM32U535REI6, STM32U535REI6Q, STM32U535RET6, STM32U535RET6Q, STM32U535VCI6, STM32U535VCI6Q, STM32U535VCT6, STM32U535VCT6Q, STM32U535VEI6, STM32U535VEI6Q, STM32U535VET6, STM32U535VET6Q, STM32U545CET6, STM32U545CET6Q, STM32U545CEU6, STM32U545CEU6Q, STM32U545JEY6QTR, STM32U545NEY6QTR, STM32U545REI6, STM32U545REI6Q, STM32U545RET6, STM32U545RET6Q, STM32U545VEI6, STM32U545VEI6Q, STM32U545VET6, STM32U545VET6Q, STM32U595AIH6, STM32U595AIH6Q, STM32U595AJH6, STM32U595AJH6Q, STM32U595QII6, STM32U595QII6Q, STM32U595QJI6, STM32U595QJI6Q, STM32U595RIT6, STM32U595RIT6Q, STM32U595RJT6, STM32U595RJT6Q, STM32U595VIT6, STM32U595VIT6Q, STM32U595VJT6, STM32U595VJT6Q, STM32U595ZIT6, STM32U595ZIT6Q, STM32U595ZIY6QTR, STM32U595ZJT6, STM32U595ZJT6Q, STM32U595ZJY6QTR, STM32U599BJY6QTR, STM32U599NIH6Q, STM32U599NJH6Q, STM32U599VIT6Q, STM32U599VJT6, STM32U599VJT6Q, STM32U599ZIT6Q, STM32U599ZIY6QTR, STM32U599ZJT6Q, STM32U599ZJY6QTR, STM32U5A5AJH6, STM32U5A5AJH6Q, STM32U5A5QII3Q , STM32U5A5QJI6, STM32U5A5QJI6Q, STM32U5A5RJT6, STM32U5A5RJT6Q, STM32U5A5VJT6, STM32U5A5VJT6Q, STM32U5A5ZJT6, STM32U5A5ZJT6Q, STM32U5A5ZJY6QTR, STM32U5A9BJY6QTR, STM32U5A9J-DK, STM32U5A9NJH6Q, STM32U5A9VJT6Q, STM32U5A9ZJT6Q, STM32U5A9ZJY6QTR, STM32U5F7VIT6, STM32U5F7VIT6Q, STM32U5F7VJT6, STM32U5F7VJT6Q, STM32U5F9BJY6QTR, STM32U5F9NJH6Q, STM32U5F9VIT6Q, STM32U5F9VJT6Q, STM32U5F9ZIJ6QTR, STM32U5F9ZIT6Q, STM32U5F9ZJJ6QTR, STM32U5F9ZJT6Q, STM32U5G7VJT6, STM32U5G7VJT6Q, STM32U5G9BJY6QTR, STM32U5G9J-DK1, STM32U5G9J-DK2, STM32U5G9NJH6Q, STM32U5G9VJT6Q, STM32U5G9ZJJ6QTR, STM32U5G9ZJT6Q, STM32WB05KZV6TR, STM32WB05KZV7TR, STM32WB05TZF6TR, STM32WB05TZF7TR, STM32WB06CCF6TR, STM32WB06CCF7TR, STM32WB06CCV6TR, STM32WB06CCV7TR, STM32WB06KCV6TR, STM32WB06KCV7TR, STM32WB07CCF6TR, STM32WB07CCF7TR, STM32WB07CCV6TR, STM32WB07CCV7TR, STM32WB07KCV6TR, STM32WB07KCV7TR, STM32WB09KEV6TR, STM32WB09KEV7TR, STM32WB09TEF6TR, STM32WB09TEF7TR, STM32WB1MMCH6, STM32WBA50KGU6, STM32WBA50KGU6TR, STM32WBA52CEU6, STM32WBA52CEU6TR, STM32WBA52CEU7, STM32WBA52CEU7TR, STM32WBA52CGU6, STM32WBA52CGU6TR, STM32WBA52CGU6U, STM32WBA52CGU7, STM32WBA52CGU7TR, STM32WBA52KEU6, STM32WBA52KEU6TR, STM32WBA52KGU6, STM32WBA52KGU6TR, STM32WBA54CEU6, STM32WBA54CEU6TR, STM32WBA54CEU7, STM32WBA54CEU7TR, STM32WBA54CGU6, STM32WBA54CGU6TR, STM32WBA54CGU7, STM32WBA54CGU7TR, STM32WBA54KEU6, STM32WBA54KEU6TR, STM32WBA54KEU7, STM32WBA54KEU7TR, STM32WBA54KGU6, STM32WBA54KGU6TR, STM32WBA54KGU7, STM32WBA54KGU7TR, STM32WBA55CEU6, STM32WBA55CEU6TR, STM32WBA55CEU7, STM32WBA55CEU7TR, STM32WBA55CGU6, STM32WBA55CGU6TR, STM32WBA55CGU6U, STM32WBA55CGU7, STM32WBA55CGU7TR, STM32WBA55G-DK1, STM32WBA55HEF6, STM32WBA55HEF7, STM32WBA55HGF6, STM32WBA55HGF7, STM32WBA55UEI6, STM32WBA55UEI6TR, STM32WBA55UEI7, STM32WBA55UEI7TR, STM32WBA55UGI6, STM32WBA55UGI6TR, STM32WBA55UGI7, STM32WBA55UGI7TR, STM32WBA5MMGH6TR, STM32WBA62MGF6, STM32WBA62MIF6, STM32WBA65MGF7, STM32WBA65MIF6, STM32WBA65MIF7, STM32WL30K8V6, STM32WL30KBV6, STM32WL31C8V6, STM32WL31CBV6, STM32WL31K8V6, STM32WL31KBV6, STM32WL33C8V6, STM32WL33C8V6X, STM32WL33CBV6, STM32WL33CBV6X, STM32WL33CCV6, STM32WL33CCV6A, STM32WL33CCV6X, STM32WL33K8V7, STM32WL33K8V7X, STM32WL33KBV7 , STM32WL33KBV7X, STM32WL33KCV7, STM32WL33KCV7X, STM32WL5MOCH6, STM32WL5MOCH6TR]
2025-12-19 15:36:17,363 [INFO] BoardInfo:889 - No configuration file found for board P-NUCLEO-WB55
2025-12-19 15:36:17,367 [INFO] DbBoards:161 - Kit is not supported: P-NUCLEO-WB55
2025-12-19 15:36:17,377 [INFO] BoardInfo:889 - No configuration file found for board STEVAL-BFA001V1B
2025-12-19 15:36:17,378 [INFO] DbBoards:161 - Kit is not supported: STEVAL-BFA001V1B
2025-12-19 15:36:17,379 [INFO] BoardInfo:889 - No configuration file found for board STEVAL-BFA001V2B
2025-12-19 15:36:17,380 [INFO] DbBoards:161 - Kit is not supported: STEVAL-BFA001V2B
2025-12-19 15:36:17,702 [INFO] DbBoards:168 - Found 212 boards, 209 are supported
2025-12-19 15:36:17,703 [INFO] DbBoards:169 - Found 212 boards, 43 of them is supported for  Bsp
2025-12-19 15:36:17,707 [INFO] ApiDb:423 - Load user favorites file C:\Users\aditi/.stm32cubeide/favorites.boards.txt: 1 item(s)
2025-12-19 15:36:17,707 [INFO] ApiDb:427 - User favorites Boards=[STM32F407G-DISC1]
2025-12-19 15:36:17,708 [INFO] DbBoards:198 - Set 1 / 1 favorites Boards
2025-12-19 15:36:17,708 [INFO] McuFinderGlobals:76 - Set McuFinderConnectedMode to true
2025-12-19 15:36:17,728 [INFO] MultiScanPanel:200 - Auto-refresh data requested => check proxy status ongoing
2025-12-19 15:36:17,731 [INFO] FinderPluginLoader:96 - Searching for filters in installed packs
2025-12-19 15:36:19,444 [INFO] LoadUrlFilesThread:185 - End of LoadServerUrlFiles without Thread
2025-12-19 15:36:19,467 [INFO] DetailPanel:341 - Set advertising image to C:/Users/aditi/STM32Cube/Repository/\en.prom-st67w-expansion-board.png
2025-12-19 15:36:33,473 [INFO] MultiScanPanel:200 - Auto-refresh data requested => check proxy status ongoing
2025-12-19 15:36:33,612 [INFO] LoadUrlFilesThread:185 - End of LoadServerUrlFiles without Thread
2025-12-19 15:36:33,612 [INFO] DetailPanel:341 - Set advertising image to C:/Users/aditi/STM32Cube/Repository/\en.prom-st67w-expansion-board.png
2025-12-19 15:36:33,642 [INFO] DbBoards:642 - Loading board mini-images...
2025-12-19 15:36:35,754 [ERROR] DbBoards:659 - Image file not found for board STM32MP215F-DK: C:\Users\aditi\.stmcufinder\plugins\mcufinder//mcu//boards_images/STM32MP215F-DK.jpg
2025-12-19 15:36:35,868 [INFO] DbBoards:665 - Loaded 211 board mini-images
2025-12-19 15:37:50,389 [INFO] MainUpdater:2872 - connection check result : 10
2025-12-19 15:37:50,390 [INFO] MainUpdater:2872 - connection check result : 10
2025-12-19 15:37:50,424 [INFO] MicroXplorer:468 - Change Database Path : 
2025-12-19 15:37:50,425 [INFO] MicroXplorer:498 - Change Database Version : DB.6.0.150
2025-12-19 15:37:50,430 [WARN] ThirdParty:871 - waiting for thirdparty lock release [close project]
2025-12-19 15:37:50,430 [INFO] ThirdParty:873 - entering critical section [close project]
2025-12-19 15:37:50,431 [INFO] ThirdParty:883 - exiting critical section [close project]
2025-12-19 15:37:50,433 [INFO] PinOutPanel:1589 - setPackage(No Configuration,No Configuration)
2025-12-19 15:37:50,436 [INFO] UtilMem:75 - Begin LoadConfig() Used Memory: 1059458896 Bytes (1073741824)
2025-12-19 15:37:50,452 [INFO] OpenFileManager:355 - Change cursor
2025-12-19 15:37:50,566 [INFO] ProjectFactory:514 - No CPN specified for board STM32F407G-DISC1 => set CPN to STM32F407VGT6
2025-12-19 15:37:50,568 [INFO] Mcu:2029 - Initializing MCU STM32F407V(E-G)Tx STM32F407VGTx STM32F407VGT6
2025-12-19 15:37:53,257 [INFO] Context:786 - Trying to add GPIOservice into a context  which must be forbidden
2025-12-19 15:37:53,980 [INFO] Rule:233 - rule 117617 - U5Cobra4M][GTZC] default value MPCBB3 and MPCBB5 - Not Secured memory - MPCBB1 is applicable
2025-12-19 15:37:53,980 [INFO] Rule:233 - rule 117617 - U5Cobra4M][GTZC] default value MPCBB3 and MPCBB5 - Not Secured memory - MPCBB1 is applicable
2025-12-19 15:37:53,980 [INFO] Rule:233 - rule 117617 - U5Cobra4M][GTZC] default value MPCBB3 and MPCBB5 - Not Secured memory - MPCBB2 is applicable
2025-12-19 15:37:53,980 [INFO] Rule:233 - rule 117617 - U5Cobra4M][GTZC] default value MPCBB3 and MPCBB5 - Not Secured memory - MPCBB2 is applicable
2025-12-19 15:37:53,980 [INFO] Rule:233 - rule 117617 - U5Cobra4M][GTZC] default value MPCBB3 and MPCBB5 - Not Secured memory - MPCBB3 is applicable
2025-12-19 15:37:53,980 [INFO] Rule:233 - rule 117617 - U5Cobra4M][GTZC] default value MPCBB3 and MPCBB5 - Not Secured memory - MPCBB3 is applicable
2025-12-19 15:37:53,980 [INFO] Rule:233 - rule 117617 - U5Cobra4M][GTZC] default value MPCBB3 and MPCBB5 - Not Secured memory - MPCBB4 is applicable
2025-12-19 15:37:53,980 [INFO] Rule:233 - rule 117617 - U5Cobra4M][GTZC] default value MPCBB3 and MPCBB5 - Not Secured memory - MPCBB4 is applicable
2025-12-19 15:37:53,980 [INFO] Rule:233 - rule 117617 - U5Cobra4M][GTZC] default value MPCBB3 and MPCBB5 - Secured memory - MPCBB1 is applicable
2025-12-19 15:37:53,980 [INFO] Rule:233 - rule 117617 - U5Cobra4M][GTZC] default value MPCBB3 and MPCBB5 - Secured memory - MPCBB2 is applicable
2025-12-19 15:37:53,980 [INFO] Rule:233 - rule 117617 - U5Cobra4M][GTZC] default value MPCBB3 and MPCBB5 - Secured memory - MPCBB3 is applicable
2025-12-19 15:37:53,980 [INFO] Rule:233 - rule 117617 - U5Cobra4M][GTZC] default value MPCBB3 and MPCBB5 - Secured memory - MPCBB4 is applicable
2025-12-19 15:37:53,980 [INFO] Rule:233 - rule 117617 - U5Cobra4M][GTZC] default value MPCBB3 and MPCBB5 - Privileged memory - MPCBB1 is applicable
2025-12-19 15:37:53,981 [INFO] Rule:233 - rule 117617 - U5Cobra4M][GTZC] default value MPCBB3 and MPCBB5 - Privileged memory - MPCBB2 is applicable
2025-12-19 15:37:53,981 [INFO] Rule:233 - rule 117617 - U5Cobra4M][GTZC] default value MPCBB3 and MPCBB5 - Privileged memory - MPCBB3 is applicable
2025-12-19 15:37:53,981 [INFO] Rule:233 - rule 117617 - U5Cobra4M][GTZC] default value MPCBB3 and MPCBB5 - Privileged memory - MPCBB4 is applicable
2025-12-19 15:37:53,981 [INFO] Rule:233 - rule 117617 - U5Cobra4M][GTZC] default value MPCBB3 and MPCBB5 - Not Privileged memory - MPCBB1 is applicable
2025-12-19 15:37:53,981 [INFO] Rule:233 - rule 117617 - U5Cobra4M][GTZC] default value MPCBB3 and MPCBB5 - Not Privileged memory - MPCBB2 is applicable
2025-12-19 15:37:53,981 [INFO] Rule:233 - rule 117617 - U5Cobra4M][GTZC] default value MPCBB3 and MPCBB5 - Not Privileged memory - MPCBB3 is applicable
2025-12-19 15:37:53,981 [INFO] Rule:233 - rule 117617 - U5Cobra4M][GTZC] default value MPCBB3 and MPCBB5 - Not Privileged memory - MPCBB4 is applicable
2025-12-19 15:37:53,981 [INFO] Rule:233 - rule 117617 - U5Cobra4M][GTZC] default value MPCBB3 and MPCBB5 - Privileged memory - MPCBB1 is applicable
2025-12-19 15:37:53,981 [INFO] Rule:233 - rule 117617 - U5Cobra4M][GTZC] default value MPCBB3 and MPCBB5 - Privileged memory - MPCBB2 is applicable
2025-12-19 15:37:53,981 [INFO] Rule:233 - rule 117617 - U5Cobra4M][GTZC] default value MPCBB3 and MPCBB5 - Privileged memory - MPCBB3 is applicable
2025-12-19 15:37:53,981 [INFO] Rule:233 - rule 117617 - U5Cobra4M][GTZC] default value MPCBB3 and MPCBB5 - Privileged memory - MPCBB4 is applicable
2025-12-19 15:37:53,981 [INFO] Rule:233 - rule 117617 - U5Cobra4M][GTZC] default value MPCBB3 and MPCBB5 - Privileged memory - MPCBB1 is applicable
2025-12-19 15:37:53,981 [INFO] Rule:233 - rule 117617 - U5Cobra4M][GTZC] default value MPCBB3 and MPCBB5 - Privileged memory - MPCBB2 is applicable
2025-12-19 15:37:53,981 [INFO] Rule:233 - rule 117617 - U5Cobra4M][GTZC] default value MPCBB3 and MPCBB5 - Privileged memory - MPCBB3 is applicable
2025-12-19 15:37:53,981 [INFO] Rule:233 - rule 117617 - U5Cobra4M][GTZC] default value MPCBB3 and MPCBB5 - Privileged memory - MPCBB4 is applicable
2025-12-19 15:37:53,981 [INFO] Rule:233 - rule 117617 - U5Cobra4M][GTZC] default value MPCBB3 and MPCBB5 - Not Privileged memory - MPCBB1 is applicable
2025-12-19 15:37:53,982 [INFO] Rule:233 - rule 117617 - U5Cobra4M][GTZC] default value MPCBB3 and MPCBB5 - Not Privileged memory - MPCBB2 is applicable
2025-12-19 15:37:53,982 [INFO] Rule:233 - rule 117617 - U5Cobra4M][GTZC] default value MPCBB3 and MPCBB5 - Not Privileged memory - MPCBB3 is applicable
2025-12-19 15:37:53,982 [INFO] Rule:233 - rule 117617 - U5Cobra4M][GTZC] default value MPCBB3 and MPCBB5 - Not Privileged memory - MPCBB4 is applicable
2025-12-19 15:37:53,982 [INFO] Rule:233 - rule 117617 - U5Cobra4M][GTZC] default value MPCBB3 and MPCBB5 - Privileged memory - MPCBB1 is applicable
2025-12-19 15:37:53,982 [INFO] Rule:233 - rule 117617 - U5Cobra4M][GTZC] default value MPCBB3 and MPCBB5 - Privileged memory - MPCBB2 is applicable
2025-12-19 15:37:53,982 [INFO] Rule:233 - rule 117617 - U5Cobra4M][GTZC] default value MPCBB3 and MPCBB5 - Privileged memory - MPCBB3 is applicable
2025-12-19 15:37:53,982 [INFO] Rule:233 - rule 117617 - U5Cobra4M][GTZC] default value MPCBB3 and MPCBB5 - Privileged memory - MPCBB4 is applicable
2025-12-19 15:37:53,982 [INFO] Rule:233 - rule Rename SubGHz_Phy SUBGHZ_APPLICATION SUBGHZ_PINGPONG to SUBGHZ_ADV_APPLICATION is applicable
2025-12-19 15:37:53,982 [INFO] Rule:233 - rule Rename Enabled to IBEACON is applicable
2025-12-19 15:37:53,982 [INFO] Rule:233 - rule GTZC_S instance for project manager is applicable
2025-12-19 15:37:53,982 [INFO] Rule:233 - rule GTZC_S instance for context M33S is applicable
2025-12-19 15:37:53,982 [INFO] Rule:233 - rule GTZC_S instance value for IP GTZC is applicable
2025-12-19 15:37:53,982 [INFO] Rule:233 - rule GTZC_S instance for mcu.IP is applicable
2025-12-19 15:37:53,982 [INFO] Rule:233 - rule GTZC_S instance for VP is applicable
2025-12-19 15:37:53,982 [INFO] Rule:233 - rule GTZC_S instance for signal is applicable
2025-12-19 15:37:53,982 [INFO] Rule:233 - rule GTZC_S instance for mcu.Pin is applicable
2025-12-19 15:37:53,982 [INFO] Rule:233 - rule GTZC_S instance for VP is applicable
2025-12-19 15:37:53,982 [INFO] Rule:233 - rule GTZC_S instance for signal is applicable
2025-12-19 15:37:53,982 [INFO] Rule:233 - rule GTZC_S instance for mcu is applicable
2025-12-19 15:37:53,982 [INFO] Rule:233 - rule GTZC_S instance for mcu.Pin is applicable
2025-12-19 15:37:53,982 [INFO] Rule:233 - rule GTZC_S instance value for IP GTZC is applicable
2025-12-19 15:37:53,982 [INFO] Rule:233 - rule GTZC_S instance for project manager is applicable
2025-12-19 15:37:53,982 [INFO] Rule:233 - rule GTZC_S instance for context M33S is applicable
2025-12-19 15:37:53,982 [INFO] Rule:233 - rule GTZC_S instance for VP is applicable
2025-12-19 15:37:53,982 [INFO] Rule:233 - rule GTZC_S instance for signal is applicable
2025-12-19 15:37:53,982 [INFO] Rule:233 - rule SPDIFRX instance for mcu is applicable
2025-12-19 15:37:53,982 [INFO] Rule:233 - rule Rename Tracer Mode is applicable
2025-12-19 15:37:53,983 [INFO] Rule:233 - rule SPDIFRX instance value for IP SPDIFRX is applicable
2025-12-19 15:37:53,983 [INFO] Rule:233 - rule SPDIFRX instance for signal is applicable
2025-12-19 15:37:53,983 [INFO] Rule:233 - rule SPDIFRX instance for project manager is applicable
2025-12-19 15:37:53,983 [INFO] Rule:233 - rule SPDIFRX instance for project manager is applicable
2025-12-19 15:37:53,983 [INFO] Rule:233 - rule ADC Scan  fix with FW F7 is applicable
2025-12-19 15:37:53,983 [INFO] Rule:233 - rule ADC Scan  fix with FW F7 is applicable
2025-12-19 15:37:53,985 [INFO] Rule:233 - rule WakeUp0 Mode is applicable
2025-12-19 15:37:53,991 [INFO] Rule:233 - rule WakeUp0 SIGNAL is applicable
2025-12-19 15:37:53,991 [INFO] Rule:233 - rule WakeUp1 Mode is applicable
2025-12-19 15:37:53,991 [INFO] Rule:233 - rule WakeUp1 SIGNAL is applicable
2025-12-19 15:37:53,991 [INFO] Rule:233 - rule WakeUp2 Mode is applicable
2025-12-19 15:37:53,991 [INFO] Rule:233 - rule WakeUp2 SIGNAL is applicable
2025-12-19 15:37:53,991 [INFO] Rule:233 - rule WakeUp4 Mode is applicable
2025-12-19 15:37:53,991 [INFO] Rule:233 - rule WakeUp4 SIGNAL is applicable
2025-12-19 15:37:53,991 [INFO] Rule:233 - rule WakeUp5 Mode is applicable
2025-12-19 15:37:53,991 [INFO] Rule:233 - rule WakeUp5 SIGNAL is applicable
2025-12-19 15:37:53,993 [INFO] Rule:233 - rule UART/USART WORD LENGTH 7 is applicable
2025-12-19 15:37:53,993 [INFO] Rule:233 - rule UART/USART WORD LENGTH 8 is applicable
2025-12-19 15:37:53,993 [INFO] Rule:233 - rule UART/USART WORD LENGTH 9 is applicable
2025-12-19 15:37:53,993 [INFO] Rule:233 - rule Change Default Value for LSE Drive Capability for WB family is applicable
2025-12-19 15:37:53,993 [INFO] Rule:233 - rule Change Default Value for ADC Clock Prescaler G0 family is applicable
2025-12-19 15:37:53,993 [INFO] Rule:233 - rule ADC SamplingTime fix with FW L0  is applicable
2025-12-19 15:37:53,993 [INFO] Rule:233 - rule ADC SamplingTime fix with FW L0  is applicable
2025-12-19 15:37:53,993 [INFO] Rule:233 - rule ADC SamplingTime fix with FW L0 is applicable
2025-12-19 15:37:53,993 [INFO] Rule:233 - rule ADC SamplingTime fix with FW L0 is applicable
2025-12-19 15:37:53,993 [INFO] Rule:233 - rule ADC SamplingTime fix with FW L0  is applicable
2025-12-19 15:37:53,993 [INFO] Rule:233 - rule ADC SamplingTime fix with FW L0 is applicable
2025-12-19 15:37:53,993 [INFO] Rule:233 - rule Rename USB_OE Signal is applicable
2025-12-19 15:37:53,993 [INFO] Rule:233 - rule Rename Activate_OE Mode is applicable
2025-12-19 15:37:53,993 [INFO] Rule:233 - rule Rename DIE462/DIE415 pin PC14/OSC32_IN -> PC14-OSC32_IN (PC14) is applicable
2025-12-19 15:37:53,993 [INFO] Rule:233 - rule Rename DIE462/DIE415 pin PC15/OSC32_OUT -> PC15-OSC32_OUT (PC15) is applicable
2025-12-19 15:37:53,993 [INFO] Rule:233 - rule Rename DIE462/DIE415 pin PH0/OSC_IN -> PH0-OSC_IN (PH0) is applicable
2025-12-19 15:37:53,993 [INFO] Rule:233 - rule Rename DIE462/DIE415 pin PH1/OSC_OUT -> PH1-OSC_OUT (PH1) is applicable
2025-12-19 15:37:53,993 [INFO] Rule:233 - rule Rename DIE462 pin PA13 -> PA13 (JTMS/SWDIO) is applicable
2025-12-19 15:37:53,993 [INFO] Rule:233 - rule Rename DIE415 pin PA13 -> PA13 (JTMS/SWDIO) is applicable
2025-12-19 15:37:53,993 [INFO] Rule:233 - rule Rename DIE462 pin PA14 -> PA14 (JTCK/SWCLK) is applicable
2025-12-19 15:37:53,993 [INFO] Rule:233 - rule Rename DIE415 pin PA14 -> PA14 (JTCK/SWCLK) is applicable
2025-12-19 15:37:53,993 [INFO] Rule:233 - rule Rename DIE462/DIE415 pin PA15 -> PA15 (JTDI) is applicable
2025-12-19 15:37:53,993 [INFO] Rule:233 - rule Rename DIE462 pin PB3 -> PB3 (JTD0/TRACESWO) is applicable
2025-12-19 15:37:53,993 [INFO] Rule:233 - rule Rename DIE415 pin PB3 -> PB3 (JTD0-TRACESWO) is applicable
2025-12-19 15:37:53,993 [INFO] Rule:233 - rule Rename DIE462/DIE415 pin PB4 -> PB4 (NJTRST) is applicable
2025-12-19 15:37:53,993 [INFO] Rule:233 - rule Rename DIE462 pin PH3/BOOT0 -> PH3-BOOT0 (BOOT0) is applicable
2025-12-19 15:37:53,994 [INFO] Rule:233 - rule Rename CRYP DataEncryptionTypesList to Algorithm is applicable
2025-12-19 15:37:53,994 [INFO] Rule:233 - rule Rename AES DataEncryptionTypesList to Algorithm is applicable
2025-12-19 15:37:53,994 [INFO] Rule:233 - rule Rename TDESECB to CRYP_TDES_ECB is applicable
2025-12-19 15:37:53,994 [INFO] Rule:233 - rule Rename TDESCBC to CRYP_TDES_CBC is applicable
2025-12-19 15:37:53,994 [INFO] Rule:233 - rule Rename DESECB to CRYP_DES_ECB is applicable
2025-12-19 15:37:53,994 [INFO] Rule:233 - rule Rename DESCBC to CRYP_DES_CBC is applicable
2025-12-19 15:37:53,994 [INFO] Rule:233 - rule Rename AESECB to CRYP_AES_ECB is applicable
2025-12-19 15:37:53,994 [INFO] Rule:233 - rule Rename AESCBC to CRYP_AES_CBC is applicable
2025-12-19 15:37:53,994 [INFO] Rule:233 - rule Rename AESCTR to CRYP_AES_CTR is applicable
2025-12-19 15:37:53,994 [INFO] Rule:233 - rule Rename AESGCM to CRYP_AES_GCM is applicable
2025-12-19 15:37:53,994 [INFO] Rule:233 - rule Rename AESCCM to CRYP_AES_CCM is applicable
2025-12-19 15:37:53,994 [INFO] Rule:233 - rule Rename CAN TimeSeg1 to BS1 is applicable
2025-12-19 15:37:53,994 [INFO] Rule:233 - rule Rename CAN TimeSeg2 to BS2 is applicable
2025-12-19 15:37:53,994 [INFO] Rule:233 - rule Rename CAN SyncJumpWidth to SJW is applicable
2025-12-19 15:37:53,994 [INFO] Rule:233 - rule TimeTriggeredMode to TTCM is applicable
2025-12-19 15:37:53,994 [INFO] Rule:233 - rule Rename CAN AutoBusOff to ABOM is applicable
2025-12-19 15:37:53,994 [INFO] Rule:233 - rule Rename CAN AutoWakeUp to AWUM is applicable
2025-12-19 15:37:53,994 [INFO] Rule:233 - rule Rename CAN AutoRetransmission to NART is applicable
2025-12-19 15:37:53,994 [INFO] Rule:233 - rule Rename CAN ReceiveFifoLocked to RFLM is applicable
2025-12-19 15:37:53,994 [INFO] Rule:233 - rule Rename CAN TransmitFifoPriority to TXFP is applicable
2025-12-19 15:37:53,994 [INFO] Rule:233 - rule Rename HRTIMER HRTIM_OUTPUTFAULTLEVEL_HIGH in HRTIMER HRTIM_OUTPUTFAULTLEVEL_HIGHZ is applicable
2025-12-19 15:37:53,994 [INFO] Rule:233 - rule Rename TIMER TIM_CLEARINPUTSOURCE_OCREFCLR in  TIMER TIM_CLEARINPUTSOURCE_NONE for F7 family is applicable
2025-12-19 15:37:53,994 [INFO] Rule:233 - rule FDCAN_R1 - Rename FDCAN mode Master into Classic is applicable
2025-12-19 15:37:53,994 [INFO] Rule:233 - rule FDCAN_R2 - Rename FDCAN mode Slave into Classic is applicable
2025-12-19 15:37:53,994 [INFO] Rule:233 - rule FDCAN1_R3 - if PA10.Mode=FullDuplex, add Pin PA12 is applicable
2025-12-19 15:37:53,994 [INFO] Rule:233 - rule FDCAN1_R3 - if PA9.Mode=FullDuplex, add Pin PA11 is applicable
2025-12-19 15:37:53,994 [INFO] Rule:233 - rule FDCAN1_R3 - Alternatepin_1 - if PE1.Mode=FullDuplex, add Pin PB9 is applicable
2025-12-19 15:37:53,994 [INFO] Rule:233 - rule FDCAN1_R3 - Alternatepin_1 - if PE0.Mode=FullDuplex, add Pin PB8 is applicable
2025-12-19 15:37:53,994 [INFO] Rule:233 - rule FDCAN1_R3 - Alternatepin_2 - if PD5.Mode=FullDuplex, add Pin PD1 is applicable
2025-12-19 15:37:53,995 [INFO] Rule:233 - rule FDCAN1_R3 - Alternatepin_2 - if PD4.Mode=FullDuplex, add Pin PD0 is applicable
2025-12-19 15:37:53,995 [INFO] Rule:233 - rule FDCAN1_R4 - Rename Mode FullDuplex into Enable FDCAN_TXFD for pin PA10 is applicable
2025-12-19 15:37:53,995 [INFO] Rule:233 - rule FDCAN1_R4 - Rename Mode FullDuplex into Enable FDCAN_TXFD for pin PA9 is applicable
2025-12-19 15:37:53,995 [INFO] Rule:233 - rule FDCAN1_R4 - Alternatepin_1 - Rename Mode FullDuplex into Enable FDCAN_TXFD for pin PE1 is applicable
2025-12-19 15:37:53,995 [INFO] Rule:233 - rule FDCAN1_R4 - Alternatepin_1 - Rename Mode FullDuplex into Enable FDCAN_TXFD for pin PE0 is applicable
2025-12-19 15:37:53,995 [INFO] Rule:233 - rule FDCAN1_R4 - Alternatepin_2 - Rename Mode FullDuplex into Enable FDCAN_TXFD for pin PD5 is applicable
2025-12-19 15:37:53,995 [INFO] Rule:233 - rule FDCAN1_R4 - Alternatepin_2 - Rename Mode FullDuplex into Enable FDCAN_TXFD for pin PD4 is applicable
2025-12-19 15:37:53,995 [INFO] Rule:233 - rule FDCAN2_R3 - if PD10.Mode=FullDuplex, add Pin PB13 is applicable
2025-12-19 15:37:53,995 [INFO] Rule:233 - rule FDCAN2_R3 - if PD9.Mode=FullDuplex, add Pin PB12 is applicable
2025-12-19 15:37:53,995 [INFO] Rule:233 - rule FDCAN2_R3 - Alternatepin_1 - if PB7.Mode=FullDuplex, add Pin PB6 is applicable
2025-12-19 15:37:53,995 [INFO] Rule:233 - rule FDCAN2_R3 - Alternatepin_1 - if PD9.Mode=FullDuplex, add Pin PB12 is applicable
2025-12-19 15:37:53,995 [INFO] Rule:233 - rule FDCAN2_R4 - Rename Mode FullDuplex into Enable FDCAN_TXFD for pin PD10 is applicable
2025-12-19 15:37:53,995 [INFO] Rule:233 - rule FDCAN2_R4 - Rename Mode FullDuplex into Enable FDCAN_TXFD for pin PD9 is applicable
2025-12-19 15:37:53,995 [INFO] Rule:233 - rule FDCAN2_R4 - Alternatepin_1 - Rename Mode FullDuplex into Enable FDCAN_TXFD for pin PB7 is applicable
2025-12-19 15:37:53,995 [INFO] Rule:233 - rule FDCAN2_R4 - Alternatepin_1 - Rename Mode FullDuplex into Enable FDCAN_TXFD for pin PD6 is applicable
2025-12-19 15:37:53,995 [INFO] Rule:233 - rule USART TxPinLevelInvertParam Mode is applicable
2025-12-19 15:37:53,995 [INFO] Rule:233 - rule USART RxPinLevelInvertParam Mode is applicable
2025-12-19 15:37:53,995 [INFO] Rule:233 - rule USART DataInvertParam Mode is applicable
2025-12-19 15:37:53,995 [INFO] Rule:233 - rule USART SwapParam Mode is applicable
2025-12-19 15:37:53,995 [INFO] Rule:233 - rule USART OverrunDisableParam Mode is applicable
2025-12-19 15:37:53,995 [INFO] Rule:233 - rule USART DMADisableonRxErrorParam Mode is applicable
2025-12-19 15:37:53,995 [INFO] Rule:233 - rule USART MSBFirstParam Mode is applicable
2025-12-19 15:37:53,995 [INFO] Rule:233 - rule Update MwName for USB_DEVICE is applicable
2025-12-19 15:37:53,995 [INFO] Rule:233 - rule Change PWR_Regulator_Voltage_Scale Default Value for RCC  H7 family is applicable
2025-12-19 15:37:53,995 [INFO] Rule:233 - rule UART/USART IPParameter rename Prescaler parameter to ClockPrescaler is applicable
2025-12-19 15:37:53,995 [INFO] Rule:233 - rule UART/USART Prescaler rename Prescaler parameter to ClockPrescaler is applicable
2025-12-19 15:37:53,995 [INFO] Rule:233 - rule TIM1CLockSelection is applicable
2025-12-19 15:37:53,995 [INFO] Rule:233 - rule TIM15CLockSelection is applicable
2025-12-19 15:37:53,995 [INFO] Rule:233 - rule align RCC SDMMC3CLockSelection default value on MP1 is applicable
2025-12-19 15:37:53,995 [INFO] Rule:233 - rule align RCC SDMMC12CLockSelection default value on MP1 is applicable
2025-12-19 15:37:53,995 [INFO] Rule:233 - rule align RCC QSPICLockSelection default value on MP1 is applicable
2025-12-19 15:37:53,995 [INFO] Rule:233 - rule align RCC QSPICLockSelection default value on MP1 is applicable
2025-12-19 15:37:53,995 [INFO] Rule:233 - rule align RCC SPI6CLockSelection default value on MP1 is applicable
2025-12-19 15:37:53,995 [INFO] Rule:233 - rule align RCC LPTIM23CLockSelection default value on MP1 is applicable
2025-12-19 15:37:53,995 [INFO] Rule:233 - rule align RCC LPTIM1CLockSelection default value on MP1 is applicable
2025-12-19 15:37:53,995 [INFO] Rule:233 - rule align RCC USART1CLockSelection default value on MP1 is applicable
2025-12-19 15:37:53,995 [INFO] Rule:233 - rule align RCC USART24CLockSelection default value on MP1 is applicable
2025-12-19 15:37:53,995 [INFO] Rule:233 - rule align RCC USART6CLockSelection default value on MP1 is applicable
2025-12-19 15:37:53,995 [INFO] Rule:233 - rule align RCC UART78CLockSelection default value on MP1 is applicable
2025-12-19 15:37:53,995 [INFO] Rule:233 - rule align RCC USART35CLockSelection default value on MP1 is applicable
2025-12-19 15:37:53,995 [INFO] Rule:233 - rule align RCC SPI45CLockSelection default value on MP1 is applicable
2025-12-19 15:37:53,995 [INFO] Rule:233 - rule align RCC I2C46CLockSelection BCLK value on MP1 is applicable
2025-12-19 15:37:53,995 [INFO] Rule:233 - rule align RCC SPI45CLockSelection default value on MP1 is applicable
2025-12-19 15:37:53,995 [INFO] Rule:233 - rule align RCC I2C12CLockSelection default value on MP1 is applicable
2025-12-19 15:37:53,995 [INFO] Rule:233 - rule align RCC I2C35CLockSelection default value on MP1 is applicable
2025-12-19 15:37:53,996 [INFO] Rule:233 - rule align RCC LPTIM45CLockSelection default value on MP1 is applicable
2025-12-19 15:37:53,996 [INFO] Rule:233 - rule Rename DCMI PIXCK signal is applicable
2025-12-19 15:37:53,996 [INFO] Rule:233 - rule Change Default Value for I2C46CLockSelection MP1 family is applicable
2025-12-19 15:37:53,996 [INFO] Rule:233 - rule Change Default Value for UART for G4, G0 and WB families is applicable
2025-12-19 15:37:53,996 [INFO] Rule:233 - rule Change Default Value for USART for G4, G0 and WB families is applicable
2025-12-19 15:37:53,996 [INFO] Rule:233 - rule Change Default Value for USART for G4 family is applicable
2025-12-19 15:37:53,996 [INFO] Rule:233 - rule Change USART1CLockSelection refparam name for MP1 is applicable
2025-12-19 15:37:53,996 [INFO] Rule:233 - rule Change USART2CLockSelection refparam name for MP1 is applicable
2025-12-19 15:37:53,996 [INFO] Rule:233 - rule Change USART3CLockSelection refparam name for MP1 is applicable
2025-12-19 15:37:53,996 [INFO] Rule:233 - rule Change UART4CLockSelection refparam name for MP1 is applicable
2025-12-19 15:37:53,996 [INFO] Rule:233 - rule Change UART5CLockSelection refparam name for MP1 is applicable
2025-12-19 15:37:53,996 [INFO] Rule:233 - rule Change LPUART1CLockSelection refparam name for MP1 is applicable
2025-12-19 15:37:53,996 [INFO] Rule:233 - rule Change LPTIM1CLockSelection refparam name for MP1 is applicable
2025-12-19 15:37:53,996 [INFO] Rule:233 - rule Change LPTIM2CLockSelection refparam name for MP1 is applicable
2025-12-19 15:37:53,996 [INFO] Rule:233 - rule Change RCC_MCO1Source refparam name for MP1 is applicable
2025-12-19 15:37:53,996 [INFO] Rule:233 - rule Change LSCOSource1 refparam name for MP1 is applicable
2025-12-19 15:37:53,996 [INFO] Rule:233 - rule Change SMPSCLockSelection refparam name for MP1 is applicable
2025-12-19 15:37:53,996 [INFO] Rule:233 - rule Change LPTIM3CLockSelection refparam name for MP1 is applicable
2025-12-19 15:37:53,997 [INFO] Rule:233 - rule Change MPCBB* Default Template Mode to Parameters is applicable
2025-12-19 15:37:53,997 [INFO] Rule:233 - rule Change MPCWM* or MPCBB* Secure Mode to Parameters is applicable
2025-12-19 15:37:53,997 [INFO] Rule:233 - rule Change MPCWM* or MPCBB* No Secure Mode to Parameters is applicable
2025-12-19 15:37:53,997 [INFO] Rule:233 - rule Change TZSC IP Secure Mode to Parameters is applicable
2025-12-19 15:37:53,997 [INFO] Rule:233 - rule Change TZSC IP No Secure Mode to Parameters is applicable
2025-12-19 15:37:53,997 [INFO] Rule:233 - rule Change TZSC IP Privilege Mode to Parameters is applicable
2025-12-19 15:37:53,997 [INFO] Rule:233 - rule Change TZSC IP No Privilege Mode to Parameters is applicable
2025-12-19 15:37:53,997 [INFO] Rule:233 - rule Change TZIC IT Secure Mode to Parameters is applicable
2025-12-19 15:37:53,997 [INFO] Rule:233 - rule Change TZIC IT No Secure Mode to Parameters is applicable
2025-12-19 15:37:53,997 [INFO] Rule:233 - rule Add MPCBB1_NonSecureArea_Start_Address value with referenced to MPCBB1_NonSecureArea_Start value is applicable
2025-12-19 15:37:53,997 [INFO] Rule:233 - rule Add MPCBB2_NonSecureArea_Start_Address value with referenced to MPCBB2_NonSecureArea_Start value is applicable
2025-12-19 15:37:53,997 [INFO] Rule:233 - rule Add MPCWM1_NonSecureArea*_Start_Address value with referenced to MPCWM1_NonSecureArea*_Start value is applicable
2025-12-19 15:37:53,997 [INFO] Rule:233 - rule Add MPCWM2_NonSecureArea*_Start_Address value with referenced to MPCWM2_NonSecureArea*_Start value is applicable
2025-12-19 15:37:53,997 [INFO] Rule:233 - rule Add MPCWM3_NonSecureArea_Start_Address value with referenced to MPCWM3_NonSecureArea_Start value is applicable
2025-12-19 15:37:53,997 [INFO] Rule:233 - rule Change Default Value for PLL1UserDefinedConfig is applicable
2025-12-19 15:37:53,997 [INFO] Rule:233 - rule Change GPIO_PuPd Default Value for USART in async mode is applicable
2025-12-19 15:37:53,997 [INFO] Rule:233 - rule Change SMPSDivider Default Value is applicable
2025-12-19 15:37:53,997 [INFO] Rule:233 - rule OPAMP is applicable
2025-12-19 15:37:53,997 [INFO] Rule:233 - rule LPUART IPParameter rename Prescaler parameter to ClockPrescaler for STM32H7 is applicable
2025-12-19 15:37:53,997 [INFO] Rule:233 - rule LPUART IPParameter rename Prescaler parameter to ClockPrescaler for STM32H7 is applicable
2025-12-19 15:37:53,997 [INFO] Rule:233 - rule LPUART IPParameter rename Prescaler parameter to ClockPrescaler for STM32WB is applicable
2025-12-19 15:37:53,997 [INFO] Rule:233 - rule LPUART IPParameter rename Prescaler parameter to ClockPrescaler for STM32WB is applicable
2025-12-19 15:37:53,997 [INFO] Rule:233 - rule LPUART IPParameter rename Prescaler parameter to ClockPrescaler for STM32G4 is applicable
2025-12-19 15:37:53,997 [INFO] Rule:233 - rule LPUART IPParameter rename Prescaler parameter to ClockPrescaler for STM32G4 is applicable
2025-12-19 15:37:53,997 [INFO] Rule:233 - rule LPUART IPParameter rename Prescaler parameter to ClockPrescaler for STM32L5 is applicable
2025-12-19 15:37:53,997 [INFO] Rule:233 - rule LPUART IPParameter rename Prescaler parameter to ClockPrescaler for STM32L5 is applicable
2025-12-19 15:37:53,997 [INFO] Rule:233 - rule LPUART IPParameter rename Prescaler parameter to ClockPrescaler for STM32G4 is applicable
2025-12-19 15:37:53,997 [INFO] Rule:233 - rule LPUART IPParameter rename Prescaler parameter to ClockPrescaler for STM32G4 is applicable
2025-12-19 15:37:53,997 [INFO] Rule:233 - rule USB device lib V2.5.3 for L0 rename USBD_SUPPORT_USER_STRING parameter to USBD_SUPPORT_USER_STRING_DESC4 is applicable
2025-12-19 15:37:53,997 [INFO] Rule:233 - rule I2SCLockSelection clock entry align is applicable
2025-12-19 15:37:53,998 [INFO] Rule:233 - rule Assign TIMx context if used as SYS timebase is applicable
2025-12-19 15:37:53,998 [INFO] Rule:233 - rule Change GPIO_Pu Default Value for I2C is applicable
2025-12-19 15:37:53,998 [INFO] Rule:233 - rule Change GPIO_Pu Default Value for SMBus is applicable
2025-12-19 15:37:53,998 [INFO] Rule:233 - rule change FDCAN default value is applicable
2025-12-19 15:37:53,998 [INFO] Rule:233 - rule Change mode sai is applicable
2025-12-19 15:37:53,998 [INFO] Rule:233 - rule **Change sai mode is applicable
2025-12-19 15:37:53,998 [INFO] Rule:233 - rule Rename STM32WPAN CFG_BLE_IRK to CFG_BLE_IR is applicable
2025-12-19 15:37:53,998 [INFO] Rule:233 - rule Rename STM32WPAN CFG_BLE_ERK to CFG_BLE_ER is applicable
2025-12-19 15:37:53,998 [INFO] Rule:233 - rule Rename STM32WPAN CFG_BLE_IRK_HEX to CFG_BLE_IR_HEX is applicable
2025-12-19 15:37:53,998 [INFO] Rule:233 - rule Rename STM32WPAN CFG_BLE_ERK_HEX to CFG_BLE_ER_HEX is applicable
2025-12-19 15:37:53,998 [INFO] Rule:233 - rule Adapt Old IOC before rework replace old CORTEX_M33/CORTEX_M55 attributes by the new one. is applicable
2025-12-19 15:37:53,998 [INFO] Rule:233 - rule Rename parametre of RCC RCC_APBDBG_DIV2 to RCC_TIMPRES_DIV2 is applicable
2025-12-19 15:37:53,998 [INFO] Rule:233 - rule Rename DIE493 pin PA10 [PA12] -> PA10 is applicable
2025-12-19 15:37:53,998 [INFO] Rule:233 - rule Rename DIE493 pin PA9 [PA11] -> PA9 is applicable
2025-12-19 15:37:53,998 [INFO] Rule:233 - rule Rename DIE492 PartNumber CPN STM32WBA5MJGHx -> STM32WBA5MMGHx is applicable
2025-12-19 15:37:53,998 [INFO] Rule:233 - rule Rename DIE492 PartNumber  Name STM32WBA5MJGHx -> STM32WBA5MMGHx is applicable
2025-12-19 15:37:53,998 [INFO] Rule:233 - rule Rename DIE492 PartNumber UserName STM32WBA5MJGHx -> STM32WBA5MMGHx is applicable
2025-12-19 15:37:53,998 [INFO] Rule:233 - rule Rename DIE492 PartNumber DeviceId STM32WBA5MJGHx -> STM32WBA5MMGHx is applicable
2025-12-19 15:37:53,999 [INFO] Rule:233 - rule Adapt Old IOC CSI. is applicable
2025-12-19 15:37:53,999 [INFO] Rule:233 - rule Adapt Old IOC DCMIPP. is applicable
2025-12-19 15:37:53,999 [INFO] Rule:233 - rule Adapt Old IOC DCMIPP Mode Parallel. is applicable
2025-12-19 15:37:53,999 [INFO] Rule:233 - rule Adapt Old IOC LTDC. is applicable
2025-12-19 15:37:53,999 [INFO] Rule:233 - rule Rename STM32MP2 RIF Peripheral LTDC RIF.RISUP.LTDC_L0L1.Privilege -> RIF.RISUP.LTDC_L1L2.Privilege is applicable
2025-12-19 15:37:53,999 [INFO] Rule:233 - rule Rename STM32MP2 RIF Peripheral LTDC RIF.RISUP.LTDC_L0L1.Privilege -> RIF.RISUP.LTDC_L1L2.Privilege is applicable
2025-12-19 15:37:53,999 [INFO] Rule:233 - rule Rename STM32MP2 RIF Peripheral LTDC RIF.RISUP.LTDC_L0L1.Lock -> RIF.RISUP.LTDC_L1L2.Lock is applicable
2025-12-19 15:37:53,999 [INFO] Rule:233 - rule Rename STM32MP2 RIF Peripheral LTDC RIF.RISUP.LTDC_L2.Lock -> RIF.RISUP.LTDC_L3.Lock is applicable
2025-12-19 15:37:53,999 [INFO] Rule:233 - rule Adapt the old IOC example for updating the SYS when it is misconfigured. is applicable
2025-12-19 15:37:53,999 [INFO] Rule:233 - rule Rename STM32C09 Mcu.Package LQFP64 -> LQFP48 is applicable
2025-12-19 15:37:53,999 [INFO] Rule:233 - rule Adapt the old IOC example for updating the SYS when it is misconfigured. is applicable
2025-12-19 15:37:53,999 [INFO] Rule:233 - rule Adapt the old IOC example for updating the SYS when it is misconfigured. is applicable
2025-12-19 15:37:54,021 [INFO] DbConfProperties:307 - Apply Compatibility (38/250 Rules)
2025-12-19 15:37:54,059 [INFO] ImportTextPane:234 - (OptionalMessage_ERROR) Unable to find key (Mcu.ThirdPartyNb) in loaded IOC file
2025-12-19 15:37:54,069 [INFO] ImportTextPane:234 - (OptionalMessage_ERROR) Pin34 (VP_RIF_VS_RIF1) cannot be retrieved for this MCU
2025-12-19 15:37:54,263 [INFO] RtosManager:558 - Registered RTOS mode: class=CMSIS, group=RTOS, mode=CMSIS_V1, owner=FREERTOS
2025-12-19 15:37:54,264 [INFO] RtosManager:558 - Registered RTOS mode: class=CMSIS, group=RTOS2, mode=CMSIS_V2, owner=FREERTOS
2025-12-19 15:37:54,264 [INFO] RtosManager:558 - Registered RTOS mode: class=RTOS, group=Core, mode=CMSIS_V1, owner=FREERTOS
2025-12-19 15:37:54,264 [INFO] RtosManager:558 - Registered RTOS mode: class=RTOS, group=Core, mode=CMSIS_V2, owner=FREERTOS
2025-12-19 15:37:54,264 [WARN] ModelIntegratedComponent:184 - Missing modes for component STMicroelectronics:FreeRTOS:0.0.1:STMicroelectronics:RTOS:FreeRTOS:Core:::10.2.0:
2025-12-19 15:37:54,286 [WARN] ModelIntegratedComponent:63 - No mode defined for component null
2025-12-19 15:37:54,286 [WARN] ModelIntegratedComponent:63 - No mode defined for component null
2025-12-19 15:37:54,286 [WARN] ModelIntegratedComponent:63 - No mode defined for component null
2025-12-19 15:37:54,286 [WARN] ModelIntegratedComponent:63 - No mode defined for component null
2025-12-19 15:37:54,286 [WARN] ModelIntegratedComponent:63 - No mode defined for component null
2025-12-19 15:37:54,286 [WARN] ModelIntegratedComponent:63 - No mode defined for component null
2025-12-19 15:37:54,286 [WARN] ModelIntegratedComponent:63 - No mode defined for component null
2025-12-19 15:37:54,286 [WARN] ModelIntegratedComponent:63 - No mode defined for component null
2025-12-19 15:37:54,286 [WARN] ModelIntegratedComponent:63 - No mode defined for component null
2025-12-19 15:37:54,286 [WARN] ModelIntegratedComponent:63 - No mode defined for component null
2025-12-19 15:37:54,286 [WARN] ModelIntegratedComponent:63 - No mode defined for component null
2025-12-19 15:37:54,286 [WARN] ModelIntegratedComponent:63 - No mode defined for component null
2025-12-19 15:37:54,286 [WARN] ModelIntegratedComponent:63 - No mode defined for component null
2025-12-19 15:37:54,286 [WARN] ModelIntegratedComponent:63 - No mode defined for component null
2025-12-19 15:37:54,286 [WARN] ModelIntegratedComponent:63 - No mode defined for component null
2025-12-19 15:37:54,286 [WARN] ModelIntegratedComponent:63 - No mode defined for component null
2025-12-19 15:37:54,286 [WARN] ModelIntegratedComponent:63 - No mode defined for component null
2025-12-19 15:37:54,286 [WARN] ModelIntegratedComponent:63 - No mode defined for component null
2025-12-19 15:37:54,286 [WARN] ModelIntegratedComponent:63 - No mode defined for component null
2025-12-19 15:37:54,286 [WARN] ModelIntegratedComponent:63 - No mode defined for component null
2025-12-19 15:37:54,286 [WARN] ModelIntegratedComponent:63 - No mode defined for component null
2025-12-19 15:37:54,287 [WARN] ModelIntegratedComponent:63 - No mode defined for component null
2025-12-19 15:37:54,287 [WARN] ModelIntegratedComponent:63 - No mode defined for component null
2025-12-19 15:37:54,287 [WARN] ModelIntegratedComponent:63 - No mode defined for component null
2025-12-19 15:37:54,287 [WARN] ModelIntegratedComponent:63 - No mode defined for component null
2025-12-19 15:37:54,287 [WARN] ModelIntegratedComponent:63 - No mode defined for component null
2025-12-19 15:37:54,287 [WARN] ModelIntegratedComponent:63 - No mode defined for component null
2025-12-19 15:37:54,287 [WARN] ModelIntegratedComponent:63 - No mode defined for component null
2025-12-19 15:37:54,287 [WARN] ModelIntegratedComponent:63 - No mode defined for component null
2025-12-19 15:37:54,287 [WARN] ModelIntegratedComponent:63 - No mode defined for component null
2025-12-19 15:37:54,287 [WARN] ModelIntegratedComponent:63 - No mode defined for component null
2025-12-19 15:37:54,287 [WARN] ModelIntegratedComponent:63 - No mode defined for component null
2025-12-19 15:37:54,287 [WARN] ModelIntegratedComponent:63 - No mode defined for component null
2025-12-19 15:37:54,287 [WARN] ModelIntegratedComponent:63 - No mode defined for component null
2025-12-19 15:37:54,287 [WARN] ModelIntegratedComponent:63 - No mode defined for component null
2025-12-19 15:37:54,287 [WARN] ModelPack:524 - Component already loaded: STMicroelectronics:HAL Drivers:0.0.0:STMicroelectronics:Device:STMicro_Driver:XSPI:HAL::0.0.1:HAL_XSPI
2025-12-19 15:37:54,319 [INFO] ThirdPartyModel:298 - Start build external matchings
2025-12-19 15:37:54,425 [INFO] ThirdPartyModel:316 - End build external matchings
2025-12-19 15:37:54,825 [INFO] UtilMem:75 - End LoadConfig() Used Memory: 620397496 Bytes (1073741824)
2025-12-19 15:37:54,975 [WARN] ThirdParty:833 - waiting for thirdparty lock release [change project]
2025-12-19 15:37:54,976 [INFO] ThirdParty:835 - entering critical section [change project]
2025-12-19 15:37:54,976 [INFO] ThirdParty:1030 - CMSIS Pack Vendor :STMicroelectronics X-CUBE-PM33A1 1.0.0
2025-12-19 15:37:54,976 [INFO] ThirdParty:1030 - CMSIS Pack Vendor :STMicroelectronics USBPD 4.1
2025-12-19 15:37:54,976 [INFO] ThirdParty:1030 - CMSIS Pack Vendor :STMicroelectronics X-CUBE-NFC9 1.0.0
2025-12-19 15:37:54,976 [INFO] ThirdParty:1030 - CMSIS Pack Vendor :STMicroelectronics USB_HOST 2.0.0
2025-12-19 15:37:54,976 [INFO] ThirdParty:1030 - CMSIS Pack Vendor :STMicroelectronics FP-SNS-MOTENVWB1 1.4.0
2025-12-19 15:37:54,976 [INFO] ThirdParty:1030 - CMSIS Pack Vendor :STMicroelectronics X-CUBE-AZRTOS-F4 1.1.0
2025-12-19 15:37:54,976 [INFO] ThirdParty:1030 - CMSIS Pack Vendor :STMicroelectronics LIBJPEG 8.0.0
2025-12-19 15:37:54,976 [INFO] ThirdParty:1030 - CMSIS Pack Vendor :STMicroelectronics FP-ATR-ASTRA1 2.0.2
2025-12-19 15:37:54,976 [INFO] ThirdParty:1030 - CMSIS Pack Vendor :STMicroelectronics X-CUBE-BLE1 7.1.0
2025-12-19 15:37:54,976 [INFO] ThirdParty:1030 - CMSIS Pack Vendor :STMicroelectronics X-CUBE-SMBUS 2.1.0
2025-12-19 15:37:54,976 [INFO] ThirdParty:1030 - CMSIS Pack Vendor :STMicroelectronics USB_DEVICE 3.0.0
2025-12-19 15:37:54,976 [INFO] ThirdParty:1030 - CMSIS Pack Vendor :STMicroelectronics X-CUBE-ISPU 2.1.0
2025-12-19 15:37:54,976 [INFO] ThirdParty:1030 - CMSIS Pack Vendor :STMicroelectronics X-CUBE-AZRTOS-WB 2.0.0
2025-12-19 15:37:54,976 [INFO] ThirdParty:1030 - CMSIS Pack Vendor :STMicroelectronics X-CUBE-AZRTOS-F7 1.1.0
2025-12-19 15:37:54,976 [INFO] ThirdParty:1030 - CMSIS Pack Vendor :STMicroelectronics X-CUBE-AZRTOS-L5 2.0.0
2025-12-19 15:37:54,976 [INFO] ThirdParty:1030 - CMSIS Pack Vendor :STMicroelectronics USB_DEVICE 2.0.0
2025-12-19 15:37:54,976 [INFO] ThirdParty:1030 - CMSIS Pack Vendor :STMicroelectronics X-CUBE-NFC6 3.1.0
2025-12-19 15:37:54,976 [INFO] ThirdParty:1030 - CMSIS Pack Vendor :STMicroelectronics FreeRTOS 0.0.1
2025-12-19 15:37:54,976 [INFO] ThirdParty:1030 - CMSIS Pack Vendor :STMicroelectronics X-CUBE-AZRTOS-G0 1.1.0
2025-12-19 15:37:54,976 [INFO] ThirdParty:1030 - CMSIS Pack Vendor :STMicroelectronics X-CUBE-NFC4 3.0.0
2025-12-19 15:37:54,976 [INFO] ThirdParty:1030 - CMSIS Pack Vendor :STMicroelectronics X-CUBE-SUBG2 5.0.0
2025-12-19 15:37:54,976 [INFO] ThirdParty:1030 - CMSIS Pack Vendor :STMicroelectronics STM32_WPAN 1.0.0
2025-12-19 15:37:54,976 [INFO] ThirdParty:1030 - CMSIS Pack Vendor :STMicroelectronics lwIP 2.0.3
2025-12-19 15:37:54,977 [INFO] ThirdParty:1030 - CMSIS Pack Vendor :STMicroelectronics USB_HOST 1.0.0
2025-12-19 15:37:54,977 [INFO] ThirdParty:1030 - CMSIS Pack Vendor :STMicroelectronics X-CUBE-AZRTOS-G4 2.0.0
2025-12-19 15:37:54,977 [INFO] ThirdParty:1030 - CMSIS Pack Vendor :STMicroelectronics X-CUBE-WB05N 2.0.0
2025-12-19 15:37:54,977 [INFO] ThirdParty:1030 - CMSIS Pack Vendor :STMicroelectronics PDM2PCM 3.1.0
2025-12-19 15:37:54,977 [INFO] ThirdParty:1030 - CMSIS Pack Vendor :STMicroelectronics PDM2PCM 3.3.0
2025-12-19 15:37:54,977 [INFO] ThirdParty:1030 - CMSIS Pack Vendor :STMicroelectronics X-CUBE-DISPLAY 3.0.0
2025-12-19 15:37:54,977 [INFO] ThirdParty:1030 - CMSIS Pack Vendor :STMicroelectronics X-CUBE-NFC7 2.0.0
2025-12-19 15:37:54,977 [INFO] ThirdParty:1030 - CMSIS Pack Vendor :STMicroelectronics X-CUBE-TCPP 4.2.0
2025-12-19 15:37:54,977 [INFO] ThirdParty:1030 - CMSIS Pack Vendor :STMicroelectronics FP-ATR-SIGFOX1 3.2.0
2025-12-19 15:37:54,977 [INFO] ThirdParty:1030 - CMSIS Pack Vendor :STMicroelectronics X-CUBE-NFC10 1.0.0
2025-12-19 15:37:54,977 [INFO] ThirdParty:1030 - CMSIS Pack Vendor :STMicroelectronics HAL Drivers 0.0.0
2025-12-19 15:37:54,977 [INFO] ThirdParty:1030 - CMSIS Pack Vendor :STMicroelectronics MBEDTLS 2.16.2
2025-12-19 15:37:54,977 [INFO] ThirdParty:1030 - CMSIS Pack Vendor :STMicroelectronics X-CUBE-ALS 1.0.2
2025-12-19 15:37:54,977 [INFO] ThirdParty:1030 - CMSIS Pack Vendor :STMicroelectronics MBEDTLS 2.14.1
2025-12-19 15:37:54,977 [INFO] ThirdParty:1030 - CMSIS Pack Vendor :STMicroelectronics ThreadX 1.0.0
2025-12-19 15:37:54,977 [INFO] ThirdParty:1030 - CMSIS Pack Vendor :STMicroelectronics FP-SNS-SMARTAG2 1.2.0
2025-12-19 15:37:54,977 [INFO] ThirdParty:1030 - CMSIS Pack Vendor :STMicroelectronics FP-SNS-FLIGHT1 5.1.0
2025-12-19 15:37:54,977 [INFO] ThirdParty:1030 - CMSIS Pack Vendor :STMicroelectronics X-CUBE-AZRTOS-WL 2.0.0
2025-12-19 15:37:54,977 [INFO] ThirdParty:1030 - CMSIS Pack Vendor :STMicroelectronics X-CUBE-ALGOBUILD 1.4.0
2025-12-19 15:37:54,977 [INFO] ThirdParty:1030 - CMSIS Pack Vendor :STMicroelectronics X-CUBE-DPower 1.3.0
2025-12-19 15:37:54,977 [INFO] ThirdParty:1030 - CMSIS Pack Vendor :STMicroelectronics USB_DEVICE 1.0.0
2025-12-19 15:37:54,977 [INFO] ThirdParty:1030 - CMSIS Pack Vendor :STMicroelectronics X-CUBE-AZRTOS-L4 2.0.0
2025-12-19 15:37:54,977 [INFO] ThirdParty:1030 - CMSIS Pack Vendor :STMicroelectronics ThreadX 0.0.2
2025-12-19 15:37:54,977 [INFO] ThirdParty:1030 - CMSIS Pack Vendor :STMicroelectronics lwIP 2.1.2
2025-12-19 15:37:54,977 [INFO] ThirdParty:1030 - CMSIS Pack Vendor :STMicroelectronics X-CUBE-SFXS2LP1 4.0.0
2025-12-19 15:37:54,977 [INFO] ThirdParty:1030 - CMSIS Pack Vendor :STMicroelectronics X-CUBE-BLE2 3.3.0
2025-12-19 15:37:54,977 [INFO] ThirdParty:1030 - CMSIS Pack Vendor :STMicroelectronics X-CUBE-TOF1 3.4.3
2025-12-19 15:37:54,977 [INFO] ThirdParty:1030 - CMSIS Pack Vendor :STMicroelectronics PDM2PCM 3.2.0
2025-12-19 15:37:54,977 [INFO] ThirdParty:841 - exiting critical section [change project]
2025-12-19 15:37:55,603 [INFO] PinOutPanel:1589 - setPackage(No Configuration,No Configuration)
2025-12-19 15:37:55,607 [INFO] PinOutPanel:1589 - setPackage(STM32F407VGTx,LQFP100)
2025-12-19 15:37:56,217 [INFO] UtilMem:75 - Before build in PCC Used Memory: 614129576 Bytes (1073741824)
2025-12-19 15:37:57,360 [INFO] UtilMem:75 - After build in PCC Used Memory: 684384168 Bytes (1073741824)
2025-12-19 15:37:57,404 [INFO] IPUIPlugin:80 - create IPUIPlugin
2025-12-19 15:37:57,405 [INFO] IPUIPlugin:80 - create IPUIPlugin
2025-12-19 15:37:57,405 [INFO] IPUIPlugin:80 - create IPUIPlugin
2025-12-19 15:37:57,405 [INFO] IPUIPlugin:80 - create IPUIPlugin
2025-12-19 15:37:57,405 [INFO] IPUIPlugin:80 - create IPUIPlugin
2025-12-19 15:37:57,406 [INFO] IPUIPlugin:80 - create IPUIPlugin
2025-12-19 15:37:57,406 [INFO] IPUIPlugin:80 - create IPUIPlugin
2025-12-19 15:37:57,406 [INFO] IPUIPlugin:80 - create IPUIPlugin
2025-12-19 15:37:57,406 [INFO] IPUIPlugin:80 - create IPUIPlugin
2025-12-19 15:37:57,406 [INFO] IPUIPlugin:80 - create IPUIPlugin
2025-12-19 15:37:57,406 [INFO] IPUIPlugin:80 - create IPUIPlugin
2025-12-19 15:37:57,406 [INFO] IPUIPlugin:80 - create IPUIPlugin
2025-12-19 15:37:57,406 [INFO] IPUIPlugin:80 - create IPUIPlugin
2025-12-19 15:37:57,406 [INFO] IPUIPlugin:80 - create IPUIPlugin
2025-12-19 15:37:57,407 [INFO] IPUIPlugin:80 - create IPUIPlugin
2025-12-19 15:37:57,407 [INFO] IPUIPlugin:80 - create IPUIPlugin
2025-12-19 15:37:57,407 [INFO] IPUIPlugin:80 - create IPUIPlugin
2025-12-19 15:37:57,407 [INFO] IPUIPlugin:80 - create IPUIPlugin
2025-12-19 15:37:57,407 [INFO] IPUIPlugin:80 - create IPUIPlugin
2025-12-19 15:37:57,407 [INFO] IPUIPlugin:80 - create IPUIPlugin
2025-12-19 15:37:57,407 [INFO] IPUIPlugin:80 - create IPUIPlugin
2025-12-19 15:37:57,407 [INFO] IPUIPlugin:80 - create IPUIPlugin
2025-12-19 15:37:57,407 [INFO] IPUIPlugin:80 - create IPUIPlugin
2025-12-19 15:37:57,407 [INFO] IPUIPlugin:80 - create IPUIPlugin
2025-12-19 15:37:57,408 [INFO] IPUIPlugin:80 - create IPUIPlugin
2025-12-19 15:37:57,408 [INFO] IPUIPlugin:80 - create IPUIPlugin
2025-12-19 15:37:57,408 [INFO] IPUIPlugin:80 - create IPUIPlugin
2025-12-19 15:37:57,408 [INFO] IPUIPlugin:80 - create IPUIPlugin
2025-12-19 15:37:57,408 [INFO] IPUIPlugin:80 - create IPUIPlugin
2025-12-19 15:37:57,408 [INFO] IPUIPlugin:80 - create IPUIPlugin
2025-12-19 15:37:57,408 [INFO] IPUIPlugin:80 - create IPUIPlugin
2025-12-19 15:37:57,408 [INFO] IPUIPlugin:80 - create IPUIPlugin
2025-12-19 15:37:57,408 [INFO] IPUIPlugin:80 - create IPUIPlugin
2025-12-19 15:37:57,409 [INFO] IPUIPlugin:80 - create IPUIPlugin
2025-12-19 15:37:57,409 [INFO] IPUIPlugin:80 - create IPUIPlugin
2025-12-19 15:37:57,409 [INFO] IPUIPlugin:80 - create IPUIPlugin
2025-12-19 15:37:57,409 [INFO] IPUIPlugin:80 - create IPUIPlugin
2025-12-19 15:37:57,410 [INFO] IPUIPlugin:80 - create IPUIPlugin
2025-12-19 15:37:57,410 [INFO] IPUIPlugin:80 - create IPUIPlugin
2025-12-19 15:37:57,410 [INFO] IPUIPlugin:80 - create IPUIPlugin
2025-12-19 15:37:57,410 [INFO] IPUIPlugin:80 - create IPUIPlugin
2025-12-19 15:37:57,410 [INFO] IPUIPlugin:80 - create IPUIPlugin
2025-12-19 15:37:57,411 [INFO] IPUIPlugin:80 - create IPUIPlugin
2025-12-19 15:37:57,411 [INFO] IPUIPlugin:80 - create IPUIPlugin
2025-12-19 15:37:57,411 [INFO] IPUIPlugin:80 - create IPUIPlugin
2025-12-19 15:37:57,411 [INFO] IPUIPlugin:80 - create IPUIPlugin
2025-12-19 15:37:57,411 [INFO] IPUIPlugin:80 - create IPUIPlugin
2025-12-19 15:37:57,411 [INFO] IPUIPlugin:80 - create IPUIPlugin
2025-12-19 15:37:57,412 [INFO] IPUIPlugin:80 - create IPUIPlugin
2025-12-19 15:37:57,412 [INFO] IPUIPlugin:80 - create IPUIPlugin
2025-12-19 15:37:57,412 [INFO] IPUIPlugin:80 - create IPUIPlugin
2025-12-19 15:37:57,412 [INFO] IPUIPlugin:80 - create IPUIPlugin
2025-12-19 15:37:57,412 [INFO] IPUIPlugin:80 - create IPUIPlugin
2025-12-19 15:37:57,413 [INFO] IPUIPlugin:80 - create IPUIPlugin
2025-12-19 15:37:57,413 [INFO] IPUIPlugin:80 - create IPUIPlugin
2025-12-19 15:37:57,413 [INFO] IPUIPlugin:80 - create IPUIPlugin
2025-12-19 15:37:57,413 [INFO] IPUIPlugin:80 - create IPUIPlugin
2025-12-19 15:37:57,413 [INFO] IPUIPlugin:80 - create IPUIPlugin
2025-12-19 15:37:57,493 [INFO] ApiDbMcu:532 - Load IP Config File for PDM2PCM
2025-12-19 15:37:57,666 [INFO] CADModel:165 - CPN selected for project levelSTM32F407VGT6
2025-12-19 15:37:57,666 [INFO] CADModel:114 - Register for checkConnection events
2025-12-19 15:37:57,729 [INFO] OpenFileManager:386 - Restore cursor
2025-12-19 15:37:58,751 [INFO] UtilMem:75 - End SaveConfig() Used Memory: 814180872 Bytes (1073741824)
2025-12-19 15:38:58,636 [INFO] McuFinderGlobals:76 - Set McuFinderConnectedMode to true
2025-12-19 15:38:58,639 [INFO] ApiDb:448 - Save user favorites file C:\Users\aditi/.stm32cubeide/favorites.mcus.txt: 0 item(s)
2025-12-19 15:38:58,639 [INFO] ApiDb:452 - User favorites MCUs=[]
2025-12-19 15:38:58,640 [INFO] ApiDb:448 - Save user favorites file C:\Users\aditi/.stm32cubeide/favorites.boards.txt: 1 item(s)
2025-12-19 15:38:58,640 [INFO] ApiDb:452 - User favorites Boards=[STM32F407G-DISC1]
2025-12-19 15:39:28,297 [INFO] McuFinderGlobals:63 - Set McuFinder mode to 2 (CubeIDE integrated)
2025-12-19 15:39:28,298 [INFO] UserAuth:171 - activating auth plugin
2025-12-19 15:39:28,302 [INFO] UserAuth:487 - Internet connection configuration mode: 1
2025-12-19 15:40:24,722 [INFO] McuFinderGlobals:63 - Set McuFinder mode to 2 (CubeIDE integrated)
2025-12-19 15:40:24,722 [INFO] UserAuth:171 - activating auth plugin
2025-12-19 15:40:24,724 [INFO] UserAuth:487 - Internet connection configuration mode: 1
2025-12-19 15:42:11,307 [INFO] Gpio:278 - dependency for GPIO []
2025-12-19 15:44:11,872 [INFO] UtilMem:75 - End SaveConfig() Used Memory: 611707864 Bytes (1073741824)
2025-12-19 15:44:16,448 [INFO] UtilMem:75 - End SaveConfig() Used Memory: 655736424 Bytes (1073741824)
2025-12-19 15:44:17,479 [INFO] LogOutputStream:77 - [STDOUT_REDIRECT] This download action requires prior login. To proceed, please use the 'login' command with your my.st.com account email and password.
2025-12-19 15:44:17,483 [INFO] LogOutputStream:77 - [STDOUT_REDIRECT] Run 'login <email> <password> <remember_me>' for example 'login john.smith@st.com mypassword y'.
2025-12-19 15:44:17,487 [INFO] LogOutputStream:77 - [STDOUT_REDIRECT] If you do not have a my.st.com account, please visit https://st.com website to create one.
2025-12-19 15:52:57,963 [INFO] McuFinderGlobals:63 - Set McuFinder mode to 2 (CubeIDE integrated)
2025-12-19 15:52:57,964 [INFO] UserAuth:171 - activating auth plugin
2025-12-19 15:52:57,970 [INFO] UserAuth:487 - Internet connection configuration mode: 1
2025-12-19 15:53:35,876 [INFO] McuFinderGlobals:63 - Set McuFinder mode to 2 (CubeIDE integrated)
2025-12-19 15:53:35,877 [INFO] UserAuth:171 - activating auth plugin
2025-12-19 15:53:35,882 [INFO] UserAuth:487 - Internet connection configuration mode: 1
2025-12-19 15:59:14,786 [INFO] McuFinderGlobals:63 - Set McuFinder mode to 2 (CubeIDE integrated)
2025-12-19 15:59:14,787 [INFO] UserAuth:171 - activating auth plugin
2025-12-19 15:59:14,795 [INFO] UserAuth:487 - Internet connection configuration mode: 1
2025-12-19 15:59:42,988 [INFO] McuFinderGlobals:63 - Set McuFinder mode to 2 (CubeIDE integrated)
2025-12-19 15:59:42,989 [INFO] UserAuth:171 - activating auth plugin
2025-12-19 15:59:42,998 [INFO] UserAuth:487 - Internet connection configuration mode: 1
2025-12-19 16:02:07,733 [INFO] McuFinderGlobals:63 - Set McuFinder mode to 2 (CubeIDE integrated)
2025-12-19 16:02:07,734 [INFO] UserAuth:171 - activating auth plugin
2025-12-19 16:02:07,743 [INFO] UserAuth:487 - Internet connection configuration mode: 1
2025-12-19 16:04:01,491 [INFO] McuFinderGlobals:63 - Set McuFinder mode to 2 (CubeIDE integrated)
2025-12-19 16:04:01,493 [INFO] UserAuth:171 - activating auth plugin
2025-12-19 16:04:01,496 [INFO] UserAuth:487 - Internet connection configuration mode: 1
2025-12-19 16:07:15,676 [INFO] McuFinderGlobals:63 - Set McuFinder mode to 2 (CubeIDE integrated)
2025-12-19 16:07:15,677 [INFO] UserAuth:171 - activating auth plugin
2025-12-19 16:07:15,679 [INFO] UserAuth:487 - Internet connection configuration mode: 1
2025-12-19 16:08:11,993 [INFO] WebApp:650 - userauth.ini created with success
2025-12-19 16:08:16,221 [INFO] McuFinderGlobals:63 - Set McuFinder mode to 2 (CubeIDE integrated)
2025-12-19 16:08:16,225 [INFO] UserAuth:487 - Internet connection configuration mode: 1
2025-12-19 16:12:58,383 [INFO] McuFinderGlobals:63 - Set McuFinder mode to 2 (CubeIDE integrated)
2025-12-19 16:12:58,384 [INFO] UserAuth:487 - Internet connection configuration mode: 1
2025-12-19 16:14:55,045 [INFO] Gpio:278 - dependency for GPIO []
2025-12-19 16:15:04,692 [INFO] UtilMem:75 - End SaveConfig() Used Memory: 1004397584 Bytes (1073741824)
2025-12-19 16:15:08,604 [INFO] UtilMem:75 - End SaveConfig() Used Memory: 600995840 Bytes (1073741824)
2025-12-19 16:15:09,063 [INFO] ServerAccessManage:452 - Complete download http(s) 200
2025-12-19 16:15:09,068 [INFO] ServerAccessManage:509 - Download File stm32cube_fw_f4_v1280.zip
2025-12-19 16:19:00,534 [INFO] AnalyticsPlugin:368 - Accepted License(s): [FW.F4.1.28.0]
2025-12-19 16:19:00,536 [INFO] FileExtend:248 - Unzip File : stm32cube_fw_f4_v1280.zip
2025-12-19 16:19:00,537 [INFO] FileExtend:263 - Standard Zip Deflate
2025-12-19 16:37:48,236 [INFO] WebApp:194 - Connection lost
2025-12-19 16:44:47,094 [INFO] WebApp:191 - Connection restablished
2025-12-19 16:44:48,705 [INFO] WebApp:194 - Connection lost
2025-12-19 16:44:48,984 [INFO] WebApp:191 - Connection restablished
2025-12-19 16:47:37,411 [INFO] ServerAccessManage:452 - Complete download http(s) 200
2025-12-19 16:47:37,417 [INFO] ServerAccessManage:509 - Download File stm32cube_fw_f4_v1283.zip
2025-12-19 16:47:54,526 [INFO] FileExtend:248 - Unzip File : stm32cube_fw_f4_v1283.zip
2025-12-19 16:47:54,528 [INFO] FileExtend:263 - Standard Zip Deflate
2025-12-19 17:11:15,667 [WARN] LoadServerPackagesThread:1331 - Error 1st try while moving folder into repository: C:\Users\aditi\STM32Cube\Repository\STM32Cube_FW_F4_V1.28.3
2025-12-19 17:11:21,590 [INFO] LoadServerPackagesThread:196 - End of LoadServerPackages Thread
2025-12-19 17:11:22,069 [INFO] ThirdPartyModel:298 - Start build external matchings
2025-12-19 17:11:22,119 [INFO] UtilMem:75 - End SaveConfig() Used Memory: 1017261776 Bytes (1073741824)
2025-12-19 17:11:22,304 [INFO] ThirdPartyModel:316 - End build external matchings
2025-12-19 17:11:22,310 [INFO] CheckServerUpdateThread:120 - End of CheckServer Thread
2025-12-19 17:11:23,421 [INFO] BlockDiagram:2775 - set Specific Code input for plugin: SYS
2025-12-19 17:11:23,423 [INFO] BlockDiagram:2775 - set Specific Code input for plugin: RCC
2025-12-19 17:11:23,423 [INFO] BlockDiagram:2775 - set Specific Code input for plugin: NVIC
2025-12-19 17:11:23,425 [INFO] BlockDiagram:2775 - set Specific Code input for plugin: GPIO
2025-12-19 17:11:23,520 [INFO] CodeGenerator:892 - code generatio: config db path: C:\ST\STM32CubeIDE_1.19.0\STM32CubeIDE\plugins\com.st.stm32cube.common.mx_6.15.0.202507011659\\db\
2025-12-19 17:11:23,748 [INFO] CodeEngine:265 - oldGeneratedFile, C:\Users\aditi\OneDrive\Desktop\Sunbeam_Internship\Internship_Practice_on_Board\HAL_LED\MXTmpFiles\license.tmp_save
2025-12-19 17:11:24,686 [INFO] CodeEngine:289 - Generated code: C:\Users\aditi\OneDrive\Desktop\Sunbeam_Internship\Internship_Practice_on_Board\HAL_LED\MXTmpFiles\license.tmp
2025-12-19 17:11:24,938 [INFO] CodeEngine:265 - oldGeneratedFile, C:\Users\aditi\OneDrive\Desktop\Sunbeam_Internship\Internship_Practice_on_Board\HAL_LED\MXTmpFiles\gpio.tmp_save
2025-12-19 17:11:25,293 [INFO] CodeEngine:289 - Generated code: C:\Users\aditi\OneDrive\Desktop\Sunbeam_Internship\Internship_Practice_on_Board\HAL_LED\MXTmpFiles\gpio.tmp
2025-12-19 17:11:25,403 [INFO] CodeEngine:265 - oldGeneratedFile, C:\Users\aditi\OneDrive\Desktop\Sunbeam_Internship\Internship_Practice_on_Board\HAL_LED\Core\Src\stm32f4xx_it.c_save
2025-12-19 17:11:25,621 [INFO] CodeEngine:289 - Generated code: C:\Users\aditi\OneDrive\Desktop\Sunbeam_Internship\Internship_Practice_on_Board\HAL_LED\Core\Src\stm32f4xx_it.c
2025-12-19 17:11:25,637 [INFO] CodeEngine:265 - oldGeneratedFile, C:\Users\aditi\OneDrive\Desktop\Sunbeam_Internship\Internship_Practice_on_Board\HAL_LED\Core\Inc\stm32f4xx_it.h_save
2025-12-19 17:11:25,795 [INFO] CodeEngine:289 - Generated code: C:\Users\aditi\OneDrive\Desktop\Sunbeam_Internship\Internship_Practice_on_Board\HAL_LED\Core\Inc\stm32f4xx_it.h
2025-12-19 17:11:25,830 [INFO] CodeEngine:265 - oldGeneratedFile, C:\Users\aditi\OneDrive\Desktop\Sunbeam_Internship\Internship_Practice_on_Board\HAL_LED\Core\Src\stm32f4xx_hal_msp.c_save
2025-12-19 17:11:26,047 [INFO] CodeEngine:289 - Generated code: C:\Users\aditi\OneDrive\Desktop\Sunbeam_Internship\Internship_Practice_on_Board\HAL_LED\Core\Src\stm32f4xx_hal_msp.c
2025-12-19 17:11:26,062 [INFO] CodeEngine:265 - oldGeneratedFile, C:\Users\aditi\OneDrive\Desktop\Sunbeam_Internship\Internship_Practice_on_Board\HAL_LED\MXTmpFiles\system.tmp_save
2025-12-19 17:11:26,158 [INFO] CodeEngine:289 - Generated code: C:\Users\aditi\OneDrive\Desktop\Sunbeam_Internship\Internship_Practice_on_Board\HAL_LED\MXTmpFiles\system.tmp
2025-12-19 17:11:26,190 [INFO] CodeEngine:321 - oldGeneratedFile, C:\Users\aditi\OneDrive\Desktop\Sunbeam_Internship\Internship_Practice_on_Board\HAL_LED\Core\Inc\stm32f4xx_hal_conf.h_save
2025-12-19 17:11:26,360 [INFO] CodeEngine:345 - Generated code: C:\Users\aditi\OneDrive\Desktop\Sunbeam_Internship\Internship_Practice_on_Board\HAL_LED\Core\Inc\stm32f4xx_hal_conf.h
2025-12-19 17:11:26,489 [INFO] ApiDbMcu:532 - Load IP Config File for RCC
2025-12-19 17:11:26,524 [INFO] CodeEngine:265 - oldGeneratedFile, C:\Users\aditi\OneDrive\Desktop\Sunbeam_Internship\Internship_Practice_on_Board\HAL_LED\Core\Inc\main.h_save
2025-12-19 17:11:26,776 [INFO] CodeEngine:289 - Generated code: C:\Users\aditi\OneDrive\Desktop\Sunbeam_Internship\Internship_Practice_on_Board\HAL_LED\Core\Inc\main.h
2025-12-19 17:11:26,806 [INFO] CodeEngine:265 - oldGeneratedFile, C:\Users\aditi\OneDrive\Desktop\Sunbeam_Internship\Internship_Practice_on_Board\HAL_LED\Core\Src\main.c_save
2025-12-19 17:11:27,047 [INFO] CodeEngine:289 - Generated code: C:\Users\aditi\OneDrive\Desktop\Sunbeam_Internship\Internship_Practice_on_Board\HAL_LED\Core\Src\main.c
2025-12-19 17:11:28,526 [INFO] ProjectBuilder:3606 - Time for Copy HAL[1] : 1214mS.
2025-12-19 17:11:28,559 [INFO] ProjectBuilder:5216 - Project Generator version: 4.7.0-B52
2025-12-19 17:11:28,635 [INFO] ConfigFileManager:1595 - The Die is : DIE413
2025-12-19 17:11:28,647 [INFO] ApiDbMcu:532 - Load IP Config File for FATFS
2025-12-19 17:11:28,656 [INFO] ApiDbMcu:532 - Load IP Config File for FREERTOS
2025-12-19 17:11:28,661 [INFO] ApiDbMcu:532 - Load IP Config File for LIBJPEG
2025-12-19 17:11:28,669 [INFO] ApiDbMcu:532 - Load IP Config File for LWIP
2025-12-19 17:11:28,680 [INFO] ApiDbMcu:532 - Load IP Config File for MBEDTLS
2025-12-19 17:11:28,697 [INFO] ApiDbMcu:532 - Load IP Config File for USB_DEVICE
2025-12-19 17:11:28,704 [INFO] ApiDbMcu:532 - Load IP Config File for USB_HOST
2025-12-19 17:11:29,412 [INFO] LogOutputStream:77 - [STDOUT_REDIRECT] 
2025-12-19 17:11:32,860 [INFO] ProjectBuilder:5496 - Time for Generating toolchain IDE Files: 4297mS.
2025-12-19 17:11:32,864 [INFO] ProjectBuilder:3463 - Time for Copy CMSIS : 2mS.
2025-12-19 17:11:32,876 [INFO] ProjectBuilder:3463 - Time for Copy CMSIS : 0mS.
2025-12-19 17:11:38,110 [ERROR] LogOutputStream:75 - [STDERR_REDIRECT] 
2025-12-19 17:11:38,112 [ERROR] LogOutputStream:75 - [STDERR_REDIRECT] 
