2025-12-29 12:25:28,232 [INFO] Activator:176 - 


2025-12-29 12:25:28,237 [INFO] Activator:177 - !SESSION log4j initialized
2025-12-29 12:25:36,888 [INFO] LogOutputStream:77 - [STDOUT_REDIRECT] 
2025-12-29 12:26:10,111 [INFO] ApplicationProperties:184 - Using Application install path: C:\ST\STM32CubeIDE_1.19.0\STM32CubeIDE\plugins\com.st.stm32cube.common.mx_6.15.0.202507011659
2025-12-29 12:26:10,127 [INFO] DbMcusXml:78 - Set database path to: C:\ST\STM32CubeIDE_1.19.0\STM32CubeIDE\plugins\com.st.stm32cube.common.mx_6.15.0.202507011659\\db\/mcu/
2025-12-29 12:26:10,127 [INFO] ApiDb:274 - Set plugin database path to: C:\ST\STM32CubeIDE_1.19.0\STM32CubeIDE\plugins\com.st.stm32cube.common.mx_6.15.0.202507011659\\db\/plugins/boardmanager/
2025-12-29 12:26:10,127 [WARN] ApiDb:259 - Overriding images path with different value:  => C:\ST\STM32CubeIDE_1.19.0\STM32CubeIDE\plugins\com.st.stm32cube.common.mx_6.15.0.202507011659\\db\/plugins/mcufinder/images/
2025-12-29 12:26:10,133 [INFO] ApiDb:250 - Set database path to: C:\Users\aditi\.stmcufinder\plugins\mcufinder//mcu/
2025-12-29 12:26:10,134 [INFO] DbMcusAds:125 - Set database path to: C:\Users\aditi\.stmcufinder\plugins\mcufinder//mcu/
2025-12-29 12:26:10,174 [INFO] CrossReferenceDbSqlite:203 - Set database path to: C:\Users\aditi\.stmcufinder\plugins\mcufinder//mcu/cs/
2025-12-29 12:26:10,290 [INFO] RulesReader:64 - Compatibility file has been processed (317 Rules)
2025-12-29 12:26:10,390 [INFO] DbMcusXml:78 - Set database path to: C:\ST\STM32CubeIDE_1.19.0\STM32CubeIDE\plugins\com.st.stm32cube.common.mx_6.15.0.202507011659\\db\/mcu/
2025-12-29 12:26:10,390 [INFO] ApiDb:274 - Set plugin database path to: C:\ST\STM32CubeIDE_1.19.0\STM32CubeIDE\plugins\com.st.stm32cube.common.mx_6.15.0.202507011659\\db\/plugins/boardmanager/
2025-12-29 12:26:10,390 [INFO] ApiDb:261 - Set plugin images path to: C:\ST\STM32CubeIDE_1.19.0\STM32CubeIDE\plugins\com.st.stm32cube.common.mx_6.15.0.202507011659\\db\/plugins/mcufinder/images/
2025-12-29 12:26:10,390 [WARN] DbFile:41 - Overriding database path with different value: C:\Users\aditi\.stmcufinder\plugins\mcufinder/ => C:\Users\aditi\.stmcufinder\plugins\mcufinder
2025-12-29 12:26:10,390 [INFO] ApiDb:250 - Set database path to: C:\Users\aditi\.stmcufinder\plugins\mcufinder//mcu/
2025-12-29 12:26:10,390 [WARN] DbFile:41 - Overriding database path with different value: C:\Users\aditi\.stmcufinder\plugins\mcufinder/ => C:\Users\aditi\.stmcufinder\plugins\mcufinder
2025-12-29 12:26:10,390 [INFO] DbMcusAds:125 - Set database path to: C:\Users\aditi\.stmcufinder\plugins\mcufinder//mcu/
2025-12-29 12:26:10,391 [WARN] DbFile:41 - Overriding database path with different value: C:\Users\aditi\.stmcufinder\plugins\mcufinder/ => C:\Users\aditi\.stmcufinder\plugins\mcufinder
2025-12-29 12:26:10,391 [WARN] DbFile:41 - Overriding database path with different value: C:\Users\aditi\.stmcufinder\plugins\mcufinder/ => C:\Users\aditi\.stmcufinder\plugins\mcufinder
2025-12-29 12:26:10,391 [INFO] CrossReferenceDbSqlite:203 - Set database path to: C:\Users\aditi\.stmcufinder\plugins\mcufinder//mcu/cs/
2025-12-29 12:26:10,463 [INFO] MainPanel:274 - HeapMemory: 325058560
2025-12-29 12:26:10,547 [INFO] DbMcusXml:78 - Set database path to: C:\ST\STM32CubeIDE_1.19.0\STM32CubeIDE\plugins\com.st.stm32cube.common.mx_6.15.0.202507011659\\db\/mcu/
2025-12-29 12:26:10,547 [INFO] ApiDb:274 - Set plugin database path to: C:\ST\STM32CubeIDE_1.19.0\STM32CubeIDE\plugins\com.st.stm32cube.common.mx_6.15.0.202507011659\\db\/plugins/boardmanager/
2025-12-29 12:26:10,547 [INFO] ApiDb:261 - Set plugin images path to: C:\ST\STM32CubeIDE_1.19.0\STM32CubeIDE\plugins\com.st.stm32cube.common.mx_6.15.0.202507011659\\db\/plugins/mcufinder/images/
2025-12-29 12:26:10,548 [WARN] DbFile:41 - Overriding database path with different value: C:\Users\aditi\.stmcufinder\plugins\mcufinder/ => C:\Users\aditi\.stmcufinder\plugins\mcufinder
2025-12-29 12:26:10,548 [INFO] ApiDb:250 - Set database path to: C:\Users\aditi\.stmcufinder\plugins\mcufinder//mcu/
2025-12-29 12:26:10,548 [WARN] DbFile:41 - Overriding database path with different value: C:\Users\aditi\.stmcufinder\plugins\mcufinder/ => C:\Users\aditi\.stmcufinder\plugins\mcufinder
2025-12-29 12:26:10,548 [INFO] DbMcusAds:125 - Set database path to: C:\Users\aditi\.stmcufinder\plugins\mcufinder//mcu/
2025-12-29 12:26:10,548 [WARN] DbFile:41 - Overriding database path with different value: C:\Users\aditi\.stmcufinder\plugins\mcufinder/ => C:\Users\aditi\.stmcufinder\plugins\mcufinder
2025-12-29 12:26:10,548 [WARN] DbFile:41 - Overriding database path with different value: C:\Users\aditi\.stmcufinder\plugins\mcufinder/ => C:\Users\aditi\.stmcufinder\plugins\mcufinder
2025-12-29 12:26:10,548 [INFO] CrossReferenceDbSqlite:203 - Set database path to: C:\Users\aditi\.stmcufinder\plugins\mcufinder//mcu/cs/
2025-12-29 12:26:10,562 [INFO] ApplicationProperties:184 - Using Application install path: C:\ST\STM32CubeIDE_1.19.0\STM32CubeIDE\plugins\com.st.stm32cube.common.mx_6.15.0.202507011659
2025-12-29 12:26:10,563 [INFO] PluginManage:196 - Search for loadable plugins [exclusion list=, ]
2025-12-29 12:26:10,565 [INFO] PluginManage:310 - Check plugin analytics
2025-12-29 12:26:10,767 [INFO] AnalyticsPlugin:253 - Accepted Software Licenses: 
2025-12-29 12:26:10,767 [INFO] AnalyticsPlugin:255 - Accepted CMSIS Pack Licenses: 
2025-12-29 12:26:10,767 [INFO] AnalyticsPlugin:257 - Accepted Firmware Licenses: FW.F4.1.28.0
2025-12-29 12:26:10,770 [INFO] PluginManage:359 - Loaded plugin analytics (category:tool,tabindex:-1)
2025-12-29 12:26:10,770 [INFO] PluginManage:310 - Check plugin cadmodel
2025-12-29 12:26:10,779 [INFO] CADModel:105 - Init CAD model plugin
2025-12-29 12:26:10,779 [INFO] PluginManage:359 - Loaded plugin cadmodel (category:power,tabindex:5)
2025-12-29 12:26:10,779 [INFO] PluginManage:310 - Check plugin clock
2025-12-29 12:26:10,788 [INFO] PluginManage:359 - Loaded plugin clock (category:base,tabindex:2)
2025-12-29 12:26:10,788 [INFO] PluginManage:310 - Check plugin ddr
2025-12-29 12:26:10,791 [INFO] PluginManage:359 - Loaded plugin ddr (category:tool,tabindex:6)
2025-12-29 12:26:10,791 [INFO] PluginManage:310 - Check plugin filemanager
2025-12-29 12:26:10,907 [INFO] PluginManage:359 - Loaded plugin filemanager (category:base,tabindex:10)
2025-12-29 12:26:10,907 [INFO] PluginManage:310 - Check plugin ipmanager
2025-12-29 12:26:10,913 [INFO] PluginManage:359 - Loaded plugin ipmanager (category:base,tabindex:5)
2025-12-29 12:26:10,913 [INFO] PluginManage:310 - Check plugin lpbam
2025-12-29 12:26:10,919 [INFO] PluginManage:359 - Loaded plugin lpbam (category:base,tabindex:0)
2025-12-29 12:26:10,919 [INFO] PluginManage:310 - Check plugin memorymap
2025-12-29 12:26:10,930 [INFO] PluginManage:359 - Loaded plugin memorymap (category:base,tabindex:4)
2025-12-29 12:26:10,930 [INFO] PluginManage:310 - Check plugin pinoutandconfiguration
2025-12-29 12:26:10,938 [INFO] PluginManage:359 - Loaded plugin pinoutandconfiguration (category:base,tabindex:1)
2025-12-29 12:26:10,938 [INFO] PluginManage:310 - Check plugin pinoutconfig
2025-12-29 12:26:11,004 [WARN] SupportedApi:132 - Cannot load RTOS API schema: s4s-elt-must-match.1: The content of 'definitions' must match (annotation?, (simpleType | complexType)?, (unique | key | keyref)*)). A problem was found starting at: attribute.
2025-12-29 12:26:11,122 [INFO] PluginManage:359 - Loaded plugin pinoutconfig (category:base,tabindex:0)
2025-12-29 12:26:11,122 [INFO] PluginManage:310 - Check plugin power
2025-12-29 12:26:11,131 [INFO] PluginManage:359 - Loaded plugin power (category:power,tabindex:4)
2025-12-29 12:26:11,131 [INFO] PluginManage:310 - Check plugin projectmanager
2025-12-29 12:26:11,146 [INFO] PluginManage:359 - Loaded plugin projectmanager (category:projectmanager,tabindex:4)
2025-12-29 12:26:11,147 [INFO] PluginManage:310 - Check plugin rif
2025-12-29 12:26:11,156 [INFO] PluginManage:359 - Loaded plugin rif (category:base,tabindex:3)
2025-12-29 12:26:11,156 [INFO] PluginManage:310 - Check plugin thirdparty
2025-12-29 12:26:11,269 [INFO] PluginManage:359 - Loaded plugin thirdparty (category:base,tabindex:-1)
2025-12-29 12:26:11,269 [WARN] IntegrityCheckThread:84 - waiting for thirdparty lock release [integrity check]
2025-12-29 12:26:11,269 [INFO] PluginManage:310 - Check plugin tools
2025-12-29 12:26:11,269 [INFO] IntegrityCheckThread:86 - entering critical section [integrity check]
2025-12-29 12:26:11,269 [INFO] ThirdPartyUpdaterWithRetryManager:70 - Updater plugin not ready yet. [1/15]
2025-12-29 12:26:11,272 [INFO] PluginManage:359 - Loaded plugin tools (category:base,tabindex:7)
2025-12-29 12:26:11,272 [INFO] PluginManage:310 - Check plugin tutovideos
2025-12-29 12:26:11,433 [INFO] PluginManage:359 - Loaded plugin tutovideos (category:base,tabindex:-1)
2025-12-29 12:26:11,433 [INFO] PluginManage:310 - Check plugin updater
2025-12-29 12:26:11,450 [INFO] PluginManage:359 - Loaded plugin updater (category:base,tabindex:12)
2025-12-29 12:26:11,450 [INFO] PluginManage:310 - Check plugin userauth
2025-12-29 12:26:11,454 [INFO] UserAuth:118 - Init User Auth plugin
2025-12-29 12:26:11,454 [INFO] PluginManage:359 - Loaded plugin userauth (category:base,tabindex:14)
2025-12-29 12:26:11,455 [INFO] PluginManage:283 - PluginManage : Loaded plugins [18]
2025-12-29 12:26:11,629 [INFO] PinOutPanel:1589 - setPackage(No Configuration,No Configuration)
2025-12-29 12:26:11,709 [INFO] CADModel:165 - CPN selected for project level
2025-12-29 12:26:11,709 [INFO] CADModel:114 - Register for checkConnection events
2025-12-29 12:26:11,734 [INFO] IPUIPlugin:80 - create IPUIPlugin
2025-12-29 12:26:11,735 [INFO] PluginManager:220 - loadIPPluginJar : add adc
2025-12-29 12:26:11,738 [INFO] IPUIPlugin:80 - create IPUIPlugin
2025-12-29 12:26:11,738 [INFO] PluginManager:220 - loadIPPluginJar : add aes
2025-12-29 12:26:11,741 [INFO] IPUIPlugin:80 - create IPUIPlugin
2025-12-29 12:26:11,742 [INFO] PluginManager:220 - loadIPPluginJar : add can
2025-12-29 12:26:11,745 [INFO] IPUIPlugin:80 - create IPUIPlugin
2025-12-29 12:26:11,745 [INFO] PluginManager:220 - loadIPPluginJar : add comp
2025-12-29 12:26:11,748 [INFO] IPUIPlugin:80 - create IPUIPlugin
2025-12-29 12:26:11,749 [INFO] PluginManager:220 - loadIPPluginJar : add cryp
2025-12-29 12:26:11,753 [INFO] IPUIPlugin:80 - create IPUIPlugin
2025-12-29 12:26:11,753 [INFO] PluginManager:220 - loadIPPluginJar : add ddr_ctrl_phy
2025-12-29 12:26:11,756 [INFO] IPUIPlugin:80 - create IPUIPlugin
2025-12-29 12:26:11,756 [INFO] PluginManager:220 - loadIPPluginJar : add dfsdm
2025-12-29 12:26:11,762 [INFO] IPUIPlugin:80 - create IPUIPlugin
2025-12-29 12:26:11,762 [INFO] PluginManager:220 - loadIPPluginJar : add dma
2025-12-29 12:26:11,767 [INFO] IPUIPlugin:80 - create IPUIPlugin
2025-12-29 12:26:11,767 [INFO] PluginManager:220 - loadIPPluginJar : add dma3
2025-12-29 12:26:11,770 [INFO] IPUIPlugin:80 - create IPUIPlugin
2025-12-29 12:26:11,771 [INFO] PluginManager:220 - loadIPPluginJar : add extmemmanager
2025-12-29 12:26:11,772 [INFO] IPUIPlugin:80 - create IPUIPlugin
2025-12-29 12:26:11,773 [INFO] PluginManager:220 - loadIPPluginJar : add fatfs
2025-12-29 12:26:11,778 [INFO] IPUIPlugin:80 - create IPUIPlugin
2025-12-29 12:26:11,778 [INFO] PluginManager:220 - loadIPPluginJar : add fmc
2025-12-29 12:26:11,785 [INFO] IPUIPlugin:80 - create IPUIPlugin
2025-12-29 12:26:11,785 [INFO] PluginManager:220 - loadIPPluginJar : add freertos
2025-12-29 12:26:11,787 [INFO] IPUIPlugin:80 - create IPUIPlugin
2025-12-29 12:26:11,788 [INFO] PluginManager:220 - loadIPPluginJar : add genericplugin
2025-12-29 12:26:11,791 [INFO] IPUIPlugin:80 - create IPUIPlugin
2025-12-29 12:26:11,791 [INFO] PluginManager:220 - loadIPPluginJar : add gfxmmu
2025-12-29 12:26:11,796 [INFO] IPUIPlugin:80 - create IPUIPlugin
2025-12-29 12:26:11,796 [INFO] PluginManager:220 - loadIPPluginJar : add gic
2025-12-29 12:26:11,801 [INFO] IPUIPlugin:80 - create IPUIPlugin
2025-12-29 12:26:11,801 [INFO] PluginManager:220 - loadIPPluginJar : add gpio
2025-12-29 12:26:11,805 [INFO] IPUIPlugin:80 - create IPUIPlugin
2025-12-29 12:26:11,805 [INFO] PluginManager:220 - loadIPPluginJar : add gtzc
2025-12-29 12:26:11,808 [INFO] IPUIPlugin:80 - create IPUIPlugin
2025-12-29 12:26:11,809 [INFO] PluginManager:220 - loadIPPluginJar : add hash
2025-12-29 12:26:11,812 [INFO] IPUIPlugin:80 - create IPUIPlugin
2025-12-29 12:26:11,812 [INFO] PluginManager:220 - loadIPPluginJar : add i2c
2025-12-29 12:26:11,816 [INFO] IPUIPlugin:80 - create IPUIPlugin
2025-12-29 12:26:11,816 [INFO] PluginManager:220 - loadIPPluginJar : add i2s
2025-12-29 12:26:11,821 [INFO] IPUIPlugin:80 - create IPUIPlugin
2025-12-29 12:26:11,821 [INFO] PluginManager:220 - loadIPPluginJar : add i3c
2025-12-29 12:26:11,826 [INFO] IPUIPlugin:80 - create IPUIPlugin
2025-12-29 12:26:11,826 [INFO] PluginManager:220 - loadIPPluginJar : add ipddr
2025-12-29 12:26:11,833 [INFO] IPUIPlugin:80 - create IPUIPlugin
2025-12-29 12:26:11,833 [INFO] PluginManager:220 - loadIPPluginJar : add linkedlist
2025-12-29 12:26:11,836 [INFO] IPUIPlugin:80 - create IPUIPlugin
2025-12-29 12:26:11,836 [INFO] PluginManager:220 - loadIPPluginJar : add lorawan
2025-12-29 12:26:11,838 [INFO] IPUIPlugin:80 - create IPUIPlugin
2025-12-29 12:26:11,838 [INFO] PluginManager:220 - loadIPPluginJar : add ltdc
2025-12-29 12:26:11,843 [INFO] IPUIPlugin:80 - create IPUIPlugin
2025-12-29 12:26:11,843 [INFO] PluginManager:220 - loadIPPluginJar : add mdma
2025-12-29 12:26:11,847 [INFO] IPUIPlugin:80 - create IPUIPlugin
2025-12-29 12:26:11,847 [INFO] PluginManager:220 - loadIPPluginJar : add nvic
2025-12-29 12:26:11,850 [INFO] IPUIPlugin:80 - create IPUIPlugin
2025-12-29 12:26:11,850 [INFO] PluginManager:220 - loadIPPluginJar : add opamp
2025-12-29 12:26:11,854 [INFO] IPUIPlugin:80 - create IPUIPlugin
2025-12-29 12:26:11,854 [INFO] PluginManager:220 - loadIPPluginJar : add openamp
2025-12-29 12:26:11,857 [INFO] IPUIPlugin:80 - create IPUIPlugin
2025-12-29 12:26:11,857 [INFO] PluginManager:220 - loadIPPluginJar : add pdm2pcm
2025-12-29 12:26:11,862 [INFO] IPUIPlugin:80 - create IPUIPlugin
2025-12-29 12:26:11,863 [INFO] PluginManager:220 - loadIPPluginJar : add plateformsettings
2025-12-29 12:26:11,865 [INFO] IPUIPlugin:80 - create IPUIPlugin
2025-12-29 12:26:11,865 [INFO] PluginManager:220 - loadIPPluginJar : add quadspi
2025-12-29 12:26:11,867 [INFO] IPUIPlugin:80 - create IPUIPlugin
2025-12-29 12:26:11,868 [INFO] PluginManager:220 - loadIPPluginJar : add radio
2025-12-29 12:26:11,872 [INFO] IPUIPlugin:80 - create IPUIPlugin
2025-12-29 12:26:11,873 [INFO] PluginManager:220 - loadIPPluginJar : add resmgrutility
2025-12-29 12:26:11,876 [INFO] IPUIPlugin:80 - create IPUIPlugin
2025-12-29 12:26:11,876 [INFO] PluginManager:220 - loadIPPluginJar : add sai
2025-12-29 12:26:11,879 [INFO] IPUIPlugin:80 - create IPUIPlugin
2025-12-29 12:26:11,879 [INFO] PluginManager:220 - loadIPPluginJar : add spi
2025-12-29 12:26:11,884 [INFO] IPUIPlugin:80 - create IPUIPlugin
2025-12-29 12:26:11,885 [INFO] PluginManager:220 - loadIPPluginJar : add stm32_wpan
2025-12-29 12:26:11,887 [INFO] IPUIPlugin:80 - create IPUIPlugin
2025-12-29 12:26:11,887 [INFO] PluginManager:220 - loadIPPluginJar : add tim
2025-12-29 12:26:11,891 [INFO] IPUIPlugin:80 - create IPUIPlugin
2025-12-29 12:26:11,891 [INFO] PluginManager:220 - loadIPPluginJar : add touchsensing
2025-12-29 12:26:11,893 [INFO] IPUIPlugin:80 - create IPUIPlugin
2025-12-29 12:26:11,893 [INFO] PluginManager:220 - loadIPPluginJar : add tracer_emb
2025-12-29 12:26:11,895 [INFO] IPUIPlugin:80 - create IPUIPlugin
2025-12-29 12:26:11,896 [INFO] PluginManager:220 - loadIPPluginJar : add ts
2025-12-29 12:26:11,897 [INFO] IPUIPlugin:80 - create IPUIPlugin
2025-12-29 12:26:11,898 [INFO] PluginManager:220 - loadIPPluginJar : add tsc
2025-12-29 12:26:11,900 [INFO] IPUIPlugin:80 - create IPUIPlugin
2025-12-29 12:26:11,900 [INFO] PluginManager:220 - loadIPPluginJar : add ucpd
2025-12-29 12:26:11,903 [INFO] IPUIPlugin:80 - create IPUIPlugin
2025-12-29 12:26:11,903 [INFO] PluginManager:220 - loadIPPluginJar : add usart
2025-12-29 12:26:11,906 [INFO] IPUIPlugin:80 - create IPUIPlugin
2025-12-29 12:26:11,906 [INFO] PluginManager:220 - loadIPPluginJar : add usbx
2025-12-29 12:26:12,030 [FATAL] Updater:351 - Updater called before beeing initialized
2025-12-29 12:26:12,060 [INFO] RulesReader:64 - Compatibility file has been processed (317 Rules)
2025-12-29 12:26:12,070 [INFO] RulesReader:64 - Compatibility file has been processed (317 Rules)
2025-12-29 12:26:12,087 [INFO] CADModel:165 - CPN selected for project level
2025-12-29 12:26:12,087 [INFO] CADModel:114 - Register for checkConnection events
2025-12-29 12:26:12,087 [FATAL] Updater:351 - Updater called before beeing initialized
2025-12-29 12:26:12,087 [ERROR] CADModel:125 - Updater not yet initialized, retry later 
2025-12-29 12:26:12,267 [FATAL] Updater:351 - Updater called before beeing initialized
2025-12-29 12:26:12,268 [INFO] CADModel:165 - CPN selected for project level
2025-12-29 12:26:12,268 [INFO] CADModel:114 - Register for checkConnection events
2025-12-29 12:26:12,268 [FATAL] Updater:351 - Updater called before beeing initialized
2025-12-29 12:26:12,269 [ERROR] CADModel:125 - Updater not yet initialized, retry later 
2025-12-29 12:26:12,271 [FATAL] Updater:351 - Updater called before beeing initialized
2025-12-29 12:26:12,367 [FATAL] Updater:351 - Updater called before beeing initialized
2025-12-29 12:26:12,370 [INFO] DbMcusAds:53 - JSON generation date=Tue Dec 16 04:41:46 IST 2025 (1765840306612)
2025-12-29 12:26:12,370 [FATAL] Updater:351 - Updater called before beeing initialized
2025-12-29 12:26:12,400 [WARN] DetailPanel:346 - Failed to get advertising image, set to default
2025-12-29 12:26:12,472 [FATAL] Updater:351 - Updater called before beeing initialized
2025-12-29 12:26:12,474 [FATAL] Updater:351 - Updater called before beeing initialized
2025-12-29 12:26:12,474 [FATAL] Updater:351 - Updater called before beeing initialized
2025-12-29 12:26:12,474 [WARN] DetailPanel:346 - Failed to get advertising image, set to default
2025-12-29 12:26:12,475 [FATAL] Updater:351 - Updater called before beeing initialized
2025-12-29 12:26:12,513 [ERROR] Updater:1198 - MainUpdater not yet initialized. External WinMGr cannot be set.
2025-12-29 12:26:12,514 [INFO] Updater:1134 - Updater Version found : 6.15.0
2025-12-29 12:26:12,528 [INFO] ApplicationProperties:184 - Using Application install path: C:\ST\STM32CubeIDE_1.19.0\STM32CubeIDE\plugins\com.st.stm32cube.common.mx_6.15.0.202507011659
2025-12-29 12:26:14,097 [ERROR] LogOutputStream:75 - [STDERR_REDIRECT] Dec 29, 2025 12:26:14 PM java.util.prefs.WindowsPreferences <init>
2025-12-29 12:26:14,098 [ERROR] LogOutputStream:75 - [STDERR_REDIRECT] WARNING: Could not open/create prefs root node Software\JavaSoft\Prefs at root 0xffffffff80000002. Windows RegCreateKeyEx(...) returned error code 5.
2025-12-29 12:26:14,098 [ERROR] LogOutputStream:75 - [STDERR_REDIRECT] 
2025-12-29 12:26:14,270 [INFO] ThirdPartyUpdaterWithRetryManager:70 - Updater plugin not ready yet. [2/15]
2025-12-29 12:26:14,530 [INFO] MainUpdater:2872 - connection check result : 10
2025-12-29 12:26:14,531 [INFO] MainUpdater:289 - Updater Check For Update Now.
2025-12-29 12:26:14,531 [INFO] MicroXplorer:498 - Change Database Version : DB.6.0.150
2025-12-29 12:26:14,535 [INFO] McuFinderGlobals:63 - Set McuFinder mode to 2 (CubeIDE integrated)
2025-12-29 12:26:14,537 [INFO] UserAuth:487 - Internet connection configuration mode: 1
2025-12-29 12:26:14,579 [INFO] JxBrowserEngine:152 - Initiate JxBrowser Engine with user profile folder
2025-12-29 12:26:14,711 [INFO] CheckServerUpdateThread:120 - End of CheckServer Thread
2025-12-29 12:26:15,612 [INFO] WebApp:169 - Instantiating new browser for Auth
2025-12-29 12:26:16,378 [INFO] WebApp:463 - Apply proxy settings
2025-12-29 12:26:16,379 [INFO] WebApp:548 - Chromium requires no authentication
2025-12-29 12:26:16,389 [INFO] WebApp:491 - Direct internet connection detected
2025-12-29 12:26:16,417 [INFO] WebApp:900 - Register for checkConnection events
2025-12-29 12:26:16,417 [INFO] WebApp:463 - Apply proxy settings
2025-12-29 12:26:16,417 [INFO] WebApp:548 - Chromium requires no authentication
2025-12-29 12:26:16,418 [INFO] WebApp:491 - Direct internet connection detected
2025-12-29 12:26:16,596 [INFO] WebApp:225 - Starting web application
2025-12-29 12:26:16,597 [INFO] WebApp:593 - Web application path used C:\ST\STM32CubeIDE_1.19.0\STM32CubeIDE\plugins\com.st.stm32cube.common.mx_6.15.0.202507011659\db\plugins\mcufinder\reactClient1\index.html
2025-12-29 12:26:16,676 [INFO] UserAuth:487 - Internet connection configuration mode: 1
2025-12-29 12:26:17,021 [INFO] WebApp:191 - Connection restablished
2025-12-29 12:26:17,462 [WARN] PackLoader:240 - Cannot read IP mode file for STMicroelectronics.FP-SNS-MOTENVWB1.1.4.0
2025-12-29 12:26:17,469 [WARN] PackLoader:240 - Cannot read IP mode file for STMicroelectronics.FP-ATR-ASTRA1.2.0.2
2025-12-29 12:26:17,476 [WARN] PackLoader:240 - Cannot read IP mode file for STMicroelectronics.X-CUBE-SMBUS.2.1.0
2025-12-29 12:26:17,510 [WARN] PackLoader:240 - Cannot read IP mode file for STMicroelectronics.X-CUBE-AZRTOS-F7.1.1.0
2025-12-29 12:26:17,526 [WARN] PackLoader:240 - Cannot read IP mode file for STMicroelectronics.X-CUBE-DISPLAY.3.0.0
2025-12-29 12:26:17,542 [WARN] PackLoader:240 - Cannot read IP mode file for STMicroelectronics.X-CUBE-NFC10.1.0.0
2025-12-29 12:26:17,551 [WARN] PackLoader:240 - Cannot read IP mode file for STMicroelectronics.FP-SNS-SMARTAG2.1.2.0
2025-12-29 12:26:17,556 [WARN] PackLoader:240 - Cannot read IP mode file for STMicroelectronics.FP-SNS-FLIGHT1.5.1.0
2025-12-29 12:26:17,570 [INFO] LogOutputStream:77 - [STDOUT_REDIRECT] 1 : Invalid condition id : UX_CORESTACK_Condition cause : null
2025-12-29 12:26:17,571 [INFO] LogOutputStream:77 - [STDOUT_REDIRECT] 1 : Invalid condition id : UX_CORESTACK_Condition cause : null
2025-12-29 12:26:17,573 [INFO] LogOutputStream:77 - [STDOUT_REDIRECT] 1 : Invalid condition id : UX_CORESTACK_Condition cause : null
2025-12-29 12:26:17,573 [INFO] LogOutputStream:77 - [STDOUT_REDIRECT] 1 : Invalid condition id : UX_CORESTACK_Condition cause : null
2025-12-29 12:26:17,575 [INFO] LogOutputStream:77 - [STDOUT_REDIRECT] 1 : Invalid condition id : UX_CORESTACK_Condition cause : null
2025-12-29 12:26:17,577 [WARN] PackLoader:240 - Cannot read IP mode file for STMicroelectronics.X-CUBE-AZRTOS-WL.2.0.0
2025-12-29 12:26:17,584 [WARN] PackLoader:240 - Cannot read IP mode file for STMicroelectronics.X-CUBE-BLE2.3.3.0
2025-12-29 12:26:17,590 [WARN] PackLoader:240 - Cannot read IP mode file for STMicroelectronics.X-CUBE-NFC9.1.0.0
2025-12-29 12:26:17,595 [WARN] PackLoader:240 - Cannot read IP mode file for STMicroelectronics.X-CUBE-BLE1.7.1.0
2025-12-29 12:26:17,608 [WARN] PackLoader:240 - Cannot read IP mode file for STMicroelectronics.X-CUBE-AZRTOS-G0.1.1.0
2025-12-29 12:26:17,619 [WARN] PackLoader:240 - Cannot read IP mode file for STMicroelectronics.X-CUBE-NFC4.3.0.0
2025-12-29 12:26:17,627 [WARN] PackLoader:240 - Cannot read IP mode file for STMicroelectronics.X-CUBE-WB05N.2.0.0
2025-12-29 12:26:17,635 [WARN] PackLoader:240 - Cannot read IP mode file for STMicroelectronics.X-CUBE-TCPP.4.2.0
2025-12-29 12:26:17,640 [WARN] PackLoader:240 - Cannot read IP mode file for STMicroelectronics.FP-ATR-SIGFOX1.3.2.0
2025-12-29 12:26:17,651 [WARN] PackLoader:240 - Cannot read IP mode file for STMicroelectronics.X-CUBE-ALGOBUILD.1.4.0
2025-12-29 12:26:17,658 [WARN] PackLoader:240 - Cannot read IP mode file for STMicroelectronics.X-CUBE-PM33A1.1.0.0
2025-12-29 12:26:17,678 [WARN] PackLoader:240 - Cannot read IP mode file for STMicroelectronics.X-CUBE-AZRTOS-F4.1.1.0
2025-12-29 12:26:17,687 [WARN] PackLoader:240 - Cannot read IP mode file for STMicroelectronics.X-CUBE-ISPU.2.1.0
2025-12-29 12:26:17,697 [WARN] PackLoader:240 - Cannot read IP mode file for STMicroelectronics.X-CUBE-AZRTOS-L5.2.0.0
2025-12-29 12:26:17,704 [WARN] PackLoader:240 - Cannot read IP mode file for STMicroelectronics.X-CUBE-NFC6.3.1.0
2025-12-29 12:26:17,711 [WARN] PackLoader:240 - Cannot read IP mode file for STMicroelectronics.X-CUBE-DPower.1.3.0
2025-12-29 12:26:17,734 [WARN] ConditionMgr:438 - getConditionDescription Invalid condition id : LAN8742 Phy interface Condition cause : null
2025-12-29 12:26:17,735 [WARN] PackLoader:240 - Cannot read IP mode file for STMicroelectronics.X-CUBE-AZRTOS-L4.2.0.0
2025-12-29 12:26:17,737 [WARN] ConditionMgr:1044 - genDependencies : Invalid condition id : LAN8742 Phy interface Condition cause : null
2025-12-29 12:26:17,737 [WARN] ConditionMgr:1044 - genDependencies : Invalid condition id : LAN8742 Phy interface Condition cause : null
2025-12-29 12:26:17,738 [WARN] ConditionMgr:1044 - genDependencies : Invalid condition id : LAN8742 Phy interface Condition cause : null
2025-12-29 12:26:17,749 [WARN] PackLoader:240 - Cannot read IP mode file for STMicroelectronics.X-CUBE-SFXS2LP1.4.0.0
2025-12-29 12:26:17,770 [WARN] ConditionMgr:438 - getConditionDescription Invalid condition id : UX DEVICE CLASS RTOS Condition cause : null
2025-12-29 12:26:17,770 [WARN] ConditionMgr:438 - getConditionDescription Invalid condition id : UX DEVICE CLASS RTOS Condition cause : null
2025-12-29 12:26:17,773 [WARN] PackLoader:240 - Cannot read IP mode file for STMicroelectronics.X-CUBE-AZRTOS-WB.2.0.0
2025-12-29 12:26:17,774 [WARN] ConditionMgr:1044 - genDependencies : Invalid condition id : UX DEVICE CLASS RTOS Condition cause : null
2025-12-29 12:26:17,774 [WARN] ConditionMgr:1044 - genDependencies : Invalid condition id : UX DEVICE CLASS RTOS Condition cause : null
2025-12-29 12:26:17,775 [WARN] ConditionMgr:1044 - genDependencies : Invalid condition id : UX DEVICE CLASS RTOS Condition cause : null
2025-12-29 12:26:17,775 [WARN] ConditionMgr:1044 - genDependencies : Invalid condition id : UX DEVICE CLASS RTOS Condition cause : null
2025-12-29 12:26:17,775 [WARN] ConditionMgr:1044 - genDependencies : Invalid condition id : UX DEVICE CLASS RTOS Condition cause : null
2025-12-29 12:26:17,820 [WARN] PackLoader:240 - Cannot read IP mode file for STMicroelectronics.X-CUBE-SUBG2.5.0.0
2025-12-29 12:26:17,841 [WARN] PackLoader:240 - Cannot read IP mode file for STMicroelectronics.X-CUBE-AZRTOS-G4.2.0.0
2025-12-29 12:26:17,853 [WARN] PackLoader:240 - Cannot read IP mode file for STMicroelectronics.X-CUBE-NFC7.2.0.0
2025-12-29 12:26:17,858 [WARN] PackLoader:240 - Cannot read IP mode file for STMicroelectronics.X-CUBE-ALS.1.0.2
2025-12-29 12:26:17,868 [WARN] PackLoader:240 - Cannot read IP mode file for STMicroelectronics.X-CUBE-TOF1.3.4.3
2025-12-29 12:26:17,875 [INFO] ThirdParty:978 - Integrity check success = true
2025-12-29 12:26:17,875 [INFO] IntegrityCheckThread:100 - exiting critical section [integrity check]
2025-12-29 12:26:17,875 [INFO] IntegrityCheckThread:103 - End integrity checks thread
2025-12-29 12:33:56,084 [ERROR] LogOutputStream:75 - [STDERR_REDIRECT] 
2025-12-29 12:34:20,572 [INFO] Activator:176 - 


2025-12-29 12:34:20,574 [INFO] Activator:177 - !SESSION log4j initialized
2025-12-29 12:34:23,444 [INFO] LogOutputStream:77 - [STDOUT_REDIRECT] 
2025-12-29 12:34:28,835 [INFO] ApplicationProperties:184 - Using Application install path: C:\ST\STM32CubeIDE_1.19.0\STM32CubeIDE\plugins\com.st.stm32cube.common.mx_6.15.0.202507011659
2025-12-29 12:34:28,875 [INFO] DbMcusXml:78 - Set database path to: C:\ST\STM32CubeIDE_1.19.0\STM32CubeIDE\plugins\com.st.stm32cube.common.mx_6.15.0.202507011659\\db\/mcu/
2025-12-29 12:34:28,876 [INFO] ApiDb:274 - Set plugin database path to: C:\ST\STM32CubeIDE_1.19.0\STM32CubeIDE\plugins\com.st.stm32cube.common.mx_6.15.0.202507011659\\db\/plugins/boardmanager/
2025-12-29 12:34:28,876 [WARN] ApiDb:259 - Overriding images path with different value:  => C:\ST\STM32CubeIDE_1.19.0\STM32CubeIDE\plugins\com.st.stm32cube.common.mx_6.15.0.202507011659\\db\/plugins/mcufinder/images/
2025-12-29 12:34:28,901 [INFO] ApiDb:250 - Set database path to: C:\Users\aditi\.stmcufinder\plugins\mcufinder//mcu/
2025-12-29 12:34:28,903 [INFO] DbMcusAds:125 - Set database path to: C:\Users\aditi\.stmcufinder\plugins\mcufinder//mcu/
2025-12-29 12:34:28,910 [INFO] CrossReferenceDbSqlite:203 - Set database path to: C:\Users\aditi\.stmcufinder\plugins\mcufinder//mcu/cs/
2025-12-29 12:34:29,273 [INFO] RulesReader:64 - Compatibility file has been processed (317 Rules)
2025-12-29 12:34:29,528 [INFO] DbMcusXml:78 - Set database path to: C:\ST\STM32CubeIDE_1.19.0\STM32CubeIDE\plugins\com.st.stm32cube.common.mx_6.15.0.202507011659\\db\/mcu/
2025-12-29 12:34:29,529 [INFO] ApiDb:274 - Set plugin database path to: C:\ST\STM32CubeIDE_1.19.0\STM32CubeIDE\plugins\com.st.stm32cube.common.mx_6.15.0.202507011659\\db\/plugins/boardmanager/
2025-12-29 12:34:29,529 [INFO] ApiDb:261 - Set plugin images path to: C:\ST\STM32CubeIDE_1.19.0\STM32CubeIDE\plugins\com.st.stm32cube.common.mx_6.15.0.202507011659\\db\/plugins/mcufinder/images/
2025-12-29 12:34:29,530 [WARN] DbFile:41 - Overriding database path with different value: C:\Users\aditi\.stmcufinder\plugins\mcufinder/ => C:\Users\aditi\.stmcufinder\plugins\mcufinder
2025-12-29 12:34:29,530 [INFO] ApiDb:250 - Set database path to: C:\Users\aditi\.stmcufinder\plugins\mcufinder//mcu/
2025-12-29 12:34:29,530 [WARN] DbFile:41 - Overriding database path with different value: C:\Users\aditi\.stmcufinder\plugins\mcufinder/ => C:\Users\aditi\.stmcufinder\plugins\mcufinder
2025-12-29 12:34:29,530 [INFO] DbMcusAds:125 - Set database path to: C:\Users\aditi\.stmcufinder\plugins\mcufinder//mcu/
2025-12-29 12:34:29,530 [WARN] DbFile:41 - Overriding database path with different value: C:\Users\aditi\.stmcufinder\plugins\mcufinder/ => C:\Users\aditi\.stmcufinder\plugins\mcufinder
2025-12-29 12:34:29,530 [WARN] DbFile:41 - Overriding database path with different value: C:\Users\aditi\.stmcufinder\plugins\mcufinder/ => C:\Users\aditi\.stmcufinder\plugins\mcufinder
2025-12-29 12:34:29,530 [INFO] CrossReferenceDbSqlite:203 - Set database path to: C:\Users\aditi\.stmcufinder\plugins\mcufinder//mcu/cs/
2025-12-29 12:34:29,681 [INFO] MainPanel:274 - HeapMemory: 268435456
2025-12-29 12:34:29,985 [INFO] DbMcusXml:78 - Set database path to: C:\ST\STM32CubeIDE_1.19.0\STM32CubeIDE\plugins\com.st.stm32cube.common.mx_6.15.0.202507011659\\db\/mcu/
2025-12-29 12:34:29,985 [INFO] ApiDb:274 - Set plugin database path to: C:\ST\STM32CubeIDE_1.19.0\STM32CubeIDE\plugins\com.st.stm32cube.common.mx_6.15.0.202507011659\\db\/plugins/boardmanager/
2025-12-29 12:34:29,985 [INFO] ApiDb:261 - Set plugin images path to: C:\ST\STM32CubeIDE_1.19.0\STM32CubeIDE\plugins\com.st.stm32cube.common.mx_6.15.0.202507011659\\db\/plugins/mcufinder/images/
2025-12-29 12:34:29,988 [WARN] DbFile:41 - Overriding database path with different value: C:\Users\aditi\.stmcufinder\plugins\mcufinder/ => C:\Users\aditi\.stmcufinder\plugins\mcufinder
2025-12-29 12:34:29,988 [INFO] ApiDb:250 - Set database path to: C:\Users\aditi\.stmcufinder\plugins\mcufinder//mcu/
2025-12-29 12:34:29,988 [WARN] DbFile:41 - Overriding database path with different value: C:\Users\aditi\.stmcufinder\plugins\mcufinder/ => C:\Users\aditi\.stmcufinder\plugins\mcufinder
2025-12-29 12:34:29,988 [INFO] DbMcusAds:125 - Set database path to: C:\Users\aditi\.stmcufinder\plugins\mcufinder//mcu/
2025-12-29 12:34:29,988 [WARN] DbFile:41 - Overriding database path with different value: C:\Users\aditi\.stmcufinder\plugins\mcufinder/ => C:\Users\aditi\.stmcufinder\plugins\mcufinder
2025-12-29 12:34:29,988 [WARN] DbFile:41 - Overriding database path with different value: C:\Users\aditi\.stmcufinder\plugins\mcufinder/ => C:\Users\aditi\.stmcufinder\plugins\mcufinder
2025-12-29 12:34:29,988 [INFO] CrossReferenceDbSqlite:203 - Set database path to: C:\Users\aditi\.stmcufinder\plugins\mcufinder//mcu/cs/
2025-12-29 12:34:30,036 [INFO] ApplicationProperties:184 - Using Application install path: C:\ST\STM32CubeIDE_1.19.0\STM32CubeIDE\plugins\com.st.stm32cube.common.mx_6.15.0.202507011659
2025-12-29 12:34:30,041 [INFO] PluginManage:196 - Search for loadable plugins [exclusion list=, ]
2025-12-29 12:34:30,046 [INFO] PluginManage:310 - Check plugin analytics
2025-12-29 12:34:30,720 [INFO] AnalyticsPlugin:253 - Accepted Software Licenses: 
2025-12-29 12:34:30,721 [INFO] AnalyticsPlugin:255 - Accepted CMSIS Pack Licenses: 
2025-12-29 12:34:30,721 [INFO] AnalyticsPlugin:257 - Accepted Firmware Licenses: FW.F4.1.28.0
2025-12-29 12:34:30,730 [INFO] PluginManage:359 - Loaded plugin analytics (category:tool,tabindex:-1)
2025-12-29 12:34:30,731 [INFO] PluginManage:310 - Check plugin cadmodel
2025-12-29 12:34:30,738 [INFO] CADModel:105 - Init CAD model plugin
2025-12-29 12:34:30,739 [INFO] PluginManage:359 - Loaded plugin cadmodel (category:power,tabindex:5)
2025-12-29 12:34:30,739 [INFO] PluginManage:310 - Check plugin clock
2025-12-29 12:34:30,760 [INFO] PluginManage:359 - Loaded plugin clock (category:base,tabindex:2)
2025-12-29 12:34:30,760 [INFO] PluginManage:310 - Check plugin ddr
2025-12-29 12:34:30,767 [INFO] PluginManage:359 - Loaded plugin ddr (category:tool,tabindex:6)
2025-12-29 12:34:30,767 [INFO] PluginManage:310 - Check plugin filemanager
2025-12-29 12:34:31,155 [INFO] PluginManage:359 - Loaded plugin filemanager (category:base,tabindex:10)
2025-12-29 12:34:31,155 [INFO] PluginManage:310 - Check plugin ipmanager
2025-12-29 12:34:31,168 [INFO] PluginManage:359 - Loaded plugin ipmanager (category:base,tabindex:5)
2025-12-29 12:34:31,169 [INFO] PluginManage:310 - Check plugin lpbam
2025-12-29 12:34:31,187 [INFO] PluginManage:359 - Loaded plugin lpbam (category:base,tabindex:0)
2025-12-29 12:34:31,187 [INFO] PluginManage:310 - Check plugin memorymap
2025-12-29 12:34:31,239 [INFO] PluginManage:359 - Loaded plugin memorymap (category:base,tabindex:4)
2025-12-29 12:34:31,239 [INFO] PluginManage:310 - Check plugin pinoutandconfiguration
2025-12-29 12:34:31,261 [INFO] PluginManage:359 - Loaded plugin pinoutandconfiguration (category:base,tabindex:1)
2025-12-29 12:34:31,261 [INFO] PluginManage:310 - Check plugin pinoutconfig
2025-12-29 12:34:31,345 [WARN] SupportedApi:132 - Cannot load RTOS API schema: s4s-elt-must-match.1: The content of 'definitions' must match (annotation?, (simpleType | complexType)?, (unique | key | keyref)*)). A problem was found starting at: attribute.
2025-12-29 12:34:31,431 [INFO] PluginManage:359 - Loaded plugin pinoutconfig (category:base,tabindex:0)
2025-12-29 12:34:31,431 [INFO] PluginManage:310 - Check plugin power
2025-12-29 12:34:31,437 [INFO] PluginManage:359 - Loaded plugin power (category:power,tabindex:4)
2025-12-29 12:34:31,437 [INFO] PluginManage:310 - Check plugin projectmanager
2025-12-29 12:34:31,456 [INFO] PluginManage:359 - Loaded plugin projectmanager (category:projectmanager,tabindex:4)
2025-12-29 12:34:31,456 [INFO] PluginManage:310 - Check plugin rif
2025-12-29 12:34:31,462 [INFO] PluginManage:359 - Loaded plugin rif (category:base,tabindex:3)
2025-12-29 12:34:31,463 [INFO] PluginManage:310 - Check plugin thirdparty
2025-12-29 12:34:31,573 [WARN] IntegrityCheckThread:84 - waiting for thirdparty lock release [integrity check]
2025-12-29 12:34:31,573 [INFO] IntegrityCheckThread:86 - entering critical section [integrity check]
2025-12-29 12:34:31,574 [INFO] ThirdPartyUpdaterWithRetryManager:70 - Updater plugin not ready yet. [1/15]
2025-12-29 12:34:31,574 [INFO] PluginManage:359 - Loaded plugin thirdparty (category:base,tabindex:-1)
2025-12-29 12:34:31,574 [INFO] PluginManage:310 - Check plugin tools
2025-12-29 12:34:31,578 [INFO] PluginManage:359 - Loaded plugin tools (category:base,tabindex:7)
2025-12-29 12:34:31,578 [INFO] PluginManage:310 - Check plugin tutovideos
2025-12-29 12:34:31,708 [INFO] PluginManage:359 - Loaded plugin tutovideos (category:base,tabindex:-1)
2025-12-29 12:34:31,708 [INFO] PluginManage:310 - Check plugin updater
2025-12-29 12:34:31,727 [INFO] PluginManage:359 - Loaded plugin updater (category:base,tabindex:12)
2025-12-29 12:34:31,727 [INFO] PluginManage:310 - Check plugin userauth
2025-12-29 12:34:31,730 [INFO] UserAuth:118 - Init User Auth plugin
2025-12-29 12:34:31,731 [INFO] PluginManage:359 - Loaded plugin userauth (category:base,tabindex:14)
2025-12-29 12:34:31,731 [INFO] PluginManage:283 - PluginManage : Loaded plugins [18]
2025-12-29 12:34:31,891 [INFO] PinOutPanel:1589 - setPackage(No Configuration,No Configuration)
2025-12-29 12:34:31,968 [INFO] CADModel:165 - CPN selected for project level
2025-12-29 12:34:31,968 [INFO] CADModel:114 - Register for checkConnection events
2025-12-29 12:34:31,982 [INFO] IPUIPlugin:80 - create IPUIPlugin
2025-12-29 12:34:31,983 [INFO] PluginManager:220 - loadIPPluginJar : add adc
2025-12-29 12:34:31,985 [INFO] IPUIPlugin:80 - create IPUIPlugin
2025-12-29 12:34:31,986 [INFO] PluginManager:220 - loadIPPluginJar : add aes
2025-12-29 12:34:31,988 [INFO] IPUIPlugin:80 - create IPUIPlugin
2025-12-29 12:34:31,988 [INFO] PluginManager:220 - loadIPPluginJar : add can
2025-12-29 12:34:31,990 [INFO] IPUIPlugin:80 - create IPUIPlugin
2025-12-29 12:34:31,990 [INFO] PluginManager:220 - loadIPPluginJar : add comp
2025-12-29 12:34:31,992 [INFO] IPUIPlugin:80 - create IPUIPlugin
2025-12-29 12:34:31,993 [INFO] PluginManager:220 - loadIPPluginJar : add cryp
2025-12-29 12:34:31,995 [INFO] IPUIPlugin:80 - create IPUIPlugin
2025-12-29 12:34:31,995 [INFO] PluginManager:220 - loadIPPluginJar : add ddr_ctrl_phy
2025-12-29 12:34:31,997 [INFO] IPUIPlugin:80 - create IPUIPlugin
2025-12-29 12:34:31,997 [INFO] PluginManager:220 - loadIPPluginJar : add dfsdm
2025-12-29 12:34:32,002 [INFO] IPUIPlugin:80 - create IPUIPlugin
2025-12-29 12:34:32,002 [INFO] PluginManager:220 - loadIPPluginJar : add dma
2025-12-29 12:34:32,004 [INFO] IPUIPlugin:80 - create IPUIPlugin
2025-12-29 12:34:32,005 [INFO] PluginManager:220 - loadIPPluginJar : add dma3
2025-12-29 12:34:32,007 [INFO] IPUIPlugin:80 - create IPUIPlugin
2025-12-29 12:34:32,007 [INFO] PluginManager:220 - loadIPPluginJar : add extmemmanager
2025-12-29 12:34:32,009 [INFO] IPUIPlugin:80 - create IPUIPlugin
2025-12-29 12:34:32,010 [INFO] PluginManager:220 - loadIPPluginJar : add fatfs
2025-12-29 12:34:32,014 [INFO] IPUIPlugin:80 - create IPUIPlugin
2025-12-29 12:34:32,014 [INFO] PluginManager:220 - loadIPPluginJar : add fmc
2025-12-29 12:34:32,017 [INFO] IPUIPlugin:80 - create IPUIPlugin
2025-12-29 12:34:32,017 [INFO] PluginManager:220 - loadIPPluginJar : add freertos
2025-12-29 12:34:32,019 [INFO] IPUIPlugin:80 - create IPUIPlugin
2025-12-29 12:34:32,019 [INFO] PluginManager:220 - loadIPPluginJar : add genericplugin
2025-12-29 12:34:32,020 [INFO] IPUIPlugin:80 - create IPUIPlugin
2025-12-29 12:34:32,020 [INFO] PluginManager:220 - loadIPPluginJar : add gfxmmu
2025-12-29 12:34:32,025 [INFO] IPUIPlugin:80 - create IPUIPlugin
2025-12-29 12:34:32,025 [INFO] PluginManager:220 - loadIPPluginJar : add gic
2025-12-29 12:34:32,028 [INFO] IPUIPlugin:80 - create IPUIPlugin
2025-12-29 12:34:32,029 [INFO] PluginManager:220 - loadIPPluginJar : add gpio
2025-12-29 12:34:32,031 [INFO] IPUIPlugin:80 - create IPUIPlugin
2025-12-29 12:34:32,031 [INFO] PluginManager:220 - loadIPPluginJar : add gtzc
2025-12-29 12:34:32,033 [INFO] IPUIPlugin:80 - create IPUIPlugin
2025-12-29 12:34:32,034 [INFO] PluginManager:220 - loadIPPluginJar : add hash
2025-12-29 12:34:32,037 [INFO] IPUIPlugin:80 - create IPUIPlugin
2025-12-29 12:34:32,037 [INFO] PluginManager:220 - loadIPPluginJar : add i2c
2025-12-29 12:34:32,040 [INFO] IPUIPlugin:80 - create IPUIPlugin
2025-12-29 12:34:32,040 [INFO] PluginManager:220 - loadIPPluginJar : add i2s
2025-12-29 12:34:32,044 [INFO] IPUIPlugin:80 - create IPUIPlugin
2025-12-29 12:34:32,044 [INFO] PluginManager:220 - loadIPPluginJar : add i3c
2025-12-29 12:34:32,047 [INFO] IPUIPlugin:80 - create IPUIPlugin
2025-12-29 12:34:32,047 [INFO] PluginManager:220 - loadIPPluginJar : add ipddr
2025-12-29 12:34:32,053 [INFO] IPUIPlugin:80 - create IPUIPlugin
2025-12-29 12:34:32,054 [INFO] PluginManager:220 - loadIPPluginJar : add linkedlist
2025-12-29 12:34:32,056 [INFO] IPUIPlugin:80 - create IPUIPlugin
2025-12-29 12:34:32,057 [INFO] PluginManager:220 - loadIPPluginJar : add lorawan
2025-12-29 12:34:32,058 [INFO] IPUIPlugin:80 - create IPUIPlugin
2025-12-29 12:34:32,058 [INFO] PluginManager:220 - loadIPPluginJar : add ltdc
2025-12-29 12:34:32,063 [INFO] IPUIPlugin:80 - create IPUIPlugin
2025-12-29 12:34:32,063 [INFO] PluginManager:220 - loadIPPluginJar : add mdma
2025-12-29 12:34:32,067 [INFO] IPUIPlugin:80 - create IPUIPlugin
2025-12-29 12:34:32,067 [INFO] PluginManager:220 - loadIPPluginJar : add nvic
2025-12-29 12:34:32,069 [INFO] IPUIPlugin:80 - create IPUIPlugin
2025-12-29 12:34:32,070 [INFO] PluginManager:220 - loadIPPluginJar : add opamp
2025-12-29 12:34:32,072 [INFO] IPUIPlugin:80 - create IPUIPlugin
2025-12-29 12:34:32,072 [INFO] PluginManager:220 - loadIPPluginJar : add openamp
2025-12-29 12:34:32,075 [INFO] IPUIPlugin:80 - create IPUIPlugin
2025-12-29 12:34:32,075 [INFO] PluginManager:220 - loadIPPluginJar : add pdm2pcm
2025-12-29 12:34:32,080 [INFO] IPUIPlugin:80 - create IPUIPlugin
2025-12-29 12:34:32,081 [INFO] PluginManager:220 - loadIPPluginJar : add plateformsettings
2025-12-29 12:34:32,082 [INFO] IPUIPlugin:80 - create IPUIPlugin
2025-12-29 12:34:32,083 [INFO] PluginManager:220 - loadIPPluginJar : add quadspi
2025-12-29 12:34:32,084 [INFO] IPUIPlugin:80 - create IPUIPlugin
2025-12-29 12:34:32,085 [INFO] PluginManager:220 - loadIPPluginJar : add radio
2025-12-29 12:34:32,087 [INFO] IPUIPlugin:80 - create IPUIPlugin
2025-12-29 12:34:32,087 [INFO] PluginManager:220 - loadIPPluginJar : add resmgrutility
2025-12-29 12:34:32,089 [INFO] IPUIPlugin:80 - create IPUIPlugin
2025-12-29 12:34:32,089 [INFO] PluginManager:220 - loadIPPluginJar : add sai
2025-12-29 12:34:32,091 [INFO] IPUIPlugin:80 - create IPUIPlugin
2025-12-29 12:34:32,091 [INFO] PluginManager:220 - loadIPPluginJar : add spi
2025-12-29 12:34:32,097 [INFO] IPUIPlugin:80 - create IPUIPlugin
2025-12-29 12:34:32,097 [INFO] PluginManager:220 - loadIPPluginJar : add stm32_wpan
2025-12-29 12:34:32,098 [INFO] IPUIPlugin:80 - create IPUIPlugin
2025-12-29 12:34:32,098 [INFO] PluginManager:220 - loadIPPluginJar : add tim
2025-12-29 12:34:32,101 [INFO] IPUIPlugin:80 - create IPUIPlugin
2025-12-29 12:34:32,101 [INFO] PluginManager:220 - loadIPPluginJar : add touchsensing
2025-12-29 12:34:32,103 [INFO] IPUIPlugin:80 - create IPUIPlugin
2025-12-29 12:34:32,103 [INFO] PluginManager:220 - loadIPPluginJar : add tracer_emb
2025-12-29 12:34:32,104 [INFO] IPUIPlugin:80 - create IPUIPlugin
2025-12-29 12:34:32,105 [INFO] PluginManager:220 - loadIPPluginJar : add ts
2025-12-29 12:34:32,106 [INFO] IPUIPlugin:80 - create IPUIPlugin
2025-12-29 12:34:32,106 [INFO] PluginManager:220 - loadIPPluginJar : add tsc
2025-12-29 12:34:32,107 [INFO] IPUIPlugin:80 - create IPUIPlugin
2025-12-29 12:34:32,107 [INFO] PluginManager:220 - loadIPPluginJar : add ucpd
2025-12-29 12:34:32,109 [INFO] IPUIPlugin:80 - create IPUIPlugin
2025-12-29 12:34:32,109 [INFO] PluginManager:220 - loadIPPluginJar : add usart
2025-12-29 12:34:32,112 [INFO] IPUIPlugin:80 - create IPUIPlugin
2025-12-29 12:34:32,112 [INFO] PluginManager:220 - loadIPPluginJar : add usbx
2025-12-29 12:34:32,221 [FATAL] Updater:351 - Updater called before beeing initialized
2025-12-29 12:34:32,242 [INFO] RulesReader:64 - Compatibility file has been processed (317 Rules)
2025-12-29 12:34:32,260 [INFO] RulesReader:64 - Compatibility file has been processed (317 Rules)
2025-12-29 12:34:32,275 [INFO] CADModel:165 - CPN selected for project level
2025-12-29 12:34:32,275 [INFO] CADModel:114 - Register for checkConnection events
2025-12-29 12:34:32,276 [FATAL] Updater:351 - Updater called before beeing initialized
2025-12-29 12:34:32,276 [ERROR] CADModel:125 - Updater not yet initialized, retry later 
2025-12-29 12:34:32,421 [FATAL] Updater:351 - Updater called before beeing initialized
2025-12-29 12:34:32,422 [INFO] CADModel:165 - CPN selected for project level
2025-12-29 12:34:32,422 [INFO] CADModel:114 - Register for checkConnection events
2025-12-29 12:34:32,422 [FATAL] Updater:351 - Updater called before beeing initialized
2025-12-29 12:34:32,422 [ERROR] CADModel:125 - Updater not yet initialized, retry later 
2025-12-29 12:34:32,425 [FATAL] Updater:351 - Updater called before beeing initialized
2025-12-29 12:34:32,549 [FATAL] Updater:351 - Updater called before beeing initialized
2025-12-29 12:34:32,554 [INFO] DbMcusAds:53 - JSON generation date=Tue Dec 16 04:41:46 IST 2025 (1765840306612)
2025-12-29 12:34:32,555 [FATAL] Updater:351 - Updater called before beeing initialized
2025-12-29 12:34:32,590 [WARN] DetailPanel:346 - Failed to get advertising image, set to default
2025-12-29 12:34:32,661 [FATAL] Updater:351 - Updater called before beeing initialized
2025-12-29 12:34:32,663 [FATAL] Updater:351 - Updater called before beeing initialized
2025-12-29 12:34:32,663 [FATAL] Updater:351 - Updater called before beeing initialized
2025-12-29 12:34:32,663 [WARN] DetailPanel:346 - Failed to get advertising image, set to default
2025-12-29 12:34:32,664 [FATAL] Updater:351 - Updater called before beeing initialized
2025-12-29 12:34:32,725 [ERROR] Updater:1198 - MainUpdater not yet initialized. External WinMGr cannot be set.
2025-12-29 12:34:32,728 [INFO] Updater:1134 - Updater Version found : 6.15.0
2025-12-29 12:34:32,743 [INFO] ApplicationProperties:184 - Using Application install path: C:\ST\STM32CubeIDE_1.19.0\STM32CubeIDE\plugins\com.st.stm32cube.common.mx_6.15.0.202507011659
2025-12-29 12:34:34,311 [ERROR] LogOutputStream:75 - [STDERR_REDIRECT] Dec 29, 2025 12:34:34 PM java.util.prefs.WindowsPreferences <init>
2025-12-29 12:34:34,311 [ERROR] LogOutputStream:75 - [STDERR_REDIRECT] WARNING: Could not open/create prefs root node Software\JavaSoft\Prefs at root 0xffffffff80000002. Windows RegCreateKeyEx(...) returned error code 5.
2025-12-29 12:34:34,311 [ERROR] LogOutputStream:75 - [STDERR_REDIRECT] 
2025-12-29 12:34:34,574 [INFO] ThirdPartyUpdaterWithRetryManager:70 - Updater plugin not ready yet. [2/15]
2025-12-29 12:34:34,718 [INFO] MainUpdater:2872 - connection check result : 10
2025-12-29 12:34:34,719 [INFO] MainUpdater:289 - Updater Check For Update Now.
2025-12-29 12:34:34,719 [INFO] MicroXplorer:498 - Change Database Version : DB.6.0.150
2025-12-29 12:34:34,728 [INFO] McuFinderGlobals:63 - Set McuFinder mode to 2 (CubeIDE integrated)
2025-12-29 12:34:34,730 [INFO] UserAuth:487 - Internet connection configuration mode: 1
2025-12-29 12:34:34,775 [INFO] JxBrowserEngine:152 - Initiate JxBrowser Engine with user profile folder
2025-12-29 12:34:34,903 [INFO] CheckServerUpdateThread:120 - End of CheckServer Thread
2025-12-29 12:34:35,488 [INFO] WebApp:169 - Instantiating new browser for Auth
2025-12-29 12:34:36,013 [INFO] WebApp:463 - Apply proxy settings
2025-12-29 12:34:36,014 [INFO] WebApp:548 - Chromium requires no authentication
2025-12-29 12:34:36,021 [INFO] WebApp:491 - Direct internet connection detected
2025-12-29 12:34:36,034 [INFO] WebApp:900 - Register for checkConnection events
2025-12-29 12:34:36,034 [INFO] WebApp:463 - Apply proxy settings
2025-12-29 12:34:36,034 [INFO] WebApp:548 - Chromium requires no authentication
2025-12-29 12:34:36,035 [INFO] WebApp:491 - Direct internet connection detected
2025-12-29 12:34:36,180 [INFO] WebApp:225 - Starting web application
2025-12-29 12:34:36,180 [INFO] WebApp:593 - Web application path used C:\ST\STM32CubeIDE_1.19.0\STM32CubeIDE\plugins\com.st.stm32cube.common.mx_6.15.0.202507011659\db\plugins\mcufinder\reactClient1\index.html
2025-12-29 12:34:36,242 [INFO] UserAuth:487 - Internet connection configuration mode: 1
2025-12-29 12:34:37,039 [INFO] WebApp:191 - Connection restablished
2025-12-29 12:34:37,786 [WARN] PackLoader:240 - Cannot read IP mode file for STMicroelectronics.FP-SNS-MOTENVWB1.1.4.0
2025-12-29 12:34:37,793 [WARN] PackLoader:240 - Cannot read IP mode file for STMicroelectronics.FP-ATR-ASTRA1.2.0.2
2025-12-29 12:34:37,805 [WARN] PackLoader:240 - Cannot read IP mode file for STMicroelectronics.X-CUBE-SMBUS.2.1.0
2025-12-29 12:34:37,841 [WARN] PackLoader:240 - Cannot read IP mode file for STMicroelectronics.X-CUBE-AZRTOS-F7.1.1.0
2025-12-29 12:34:37,857 [WARN] PackLoader:240 - Cannot read IP mode file for STMicroelectronics.X-CUBE-DISPLAY.3.0.0
2025-12-29 12:34:37,879 [WARN] PackLoader:240 - Cannot read IP mode file for STMicroelectronics.X-CUBE-NFC10.1.0.0
2025-12-29 12:34:37,885 [WARN] PackLoader:240 - Cannot read IP mode file for STMicroelectronics.FP-SNS-SMARTAG2.1.2.0
2025-12-29 12:34:37,890 [WARN] PackLoader:240 - Cannot read IP mode file for STMicroelectronics.FP-SNS-FLIGHT1.5.1.0
2025-12-29 12:34:37,904 [INFO] LogOutputStream:77 - [STDOUT_REDIRECT] 1 : Invalid condition id : UX_CORESTACK_Condition cause : null
2025-12-29 12:34:37,906 [INFO] LogOutputStream:77 - [STDOUT_REDIRECT] 1 : Invalid condition id : UX_CORESTACK_Condition cause : null
2025-12-29 12:34:37,909 [INFO] LogOutputStream:77 - [STDOUT_REDIRECT] 1 : Invalid condition id : UX_CORESTACK_Condition cause : null
2025-12-29 12:34:37,913 [INFO] LogOutputStream:77 - [STDOUT_REDIRECT] 1 : Invalid condition id : UX_CORESTACK_Condition cause : null
2025-12-29 12:34:37,915 [INFO] LogOutputStream:77 - [STDOUT_REDIRECT] 1 : Invalid condition id : UX_CORESTACK_Condition cause : null
2025-12-29 12:34:37,918 [WARN] PackLoader:240 - Cannot read IP mode file for STMicroelectronics.X-CUBE-AZRTOS-WL.2.0.0
2025-12-29 12:34:37,927 [WARN] PackLoader:240 - Cannot read IP mode file for STMicroelectronics.X-CUBE-BLE2.3.3.0
2025-12-29 12:34:37,935 [WARN] PackLoader:240 - Cannot read IP mode file for STMicroelectronics.X-CUBE-NFC9.1.0.0
2025-12-29 12:34:37,944 [WARN] PackLoader:240 - Cannot read IP mode file for STMicroelectronics.X-CUBE-BLE1.7.1.0
2025-12-29 12:34:37,965 [WARN] PackLoader:240 - Cannot read IP mode file for STMicroelectronics.X-CUBE-AZRTOS-G0.1.1.0
2025-12-29 12:34:37,973 [WARN] PackLoader:240 - Cannot read IP mode file for STMicroelectronics.X-CUBE-NFC4.3.0.0
2025-12-29 12:34:37,982 [WARN] PackLoader:240 - Cannot read IP mode file for STMicroelectronics.X-CUBE-WB05N.2.0.0
2025-12-29 12:34:37,989 [WARN] PackLoader:240 - Cannot read IP mode file for STMicroelectronics.X-CUBE-TCPP.4.2.0
2025-12-29 12:34:37,997 [WARN] PackLoader:240 - Cannot read IP mode file for STMicroelectronics.FP-ATR-SIGFOX1.3.2.0
2025-12-29 12:34:38,005 [WARN] PackLoader:240 - Cannot read IP mode file for STMicroelectronics.X-CUBE-ALGOBUILD.1.4.0
2025-12-29 12:34:38,012 [WARN] PackLoader:240 - Cannot read IP mode file for STMicroelectronics.X-CUBE-PM33A1.1.0.0
2025-12-29 12:34:38,034 [WARN] PackLoader:240 - Cannot read IP mode file for STMicroelectronics.X-CUBE-AZRTOS-F4.1.1.0
2025-12-29 12:34:38,052 [WARN] PackLoader:240 - Cannot read IP mode file for STMicroelectronics.X-CUBE-ISPU.2.1.0
2025-12-29 12:34:38,088 [WARN] PackLoader:240 - Cannot read IP mode file for STMicroelectronics.X-CUBE-AZRTOS-L5.2.0.0
2025-12-29 12:34:38,117 [WARN] PackLoader:240 - Cannot read IP mode file for STMicroelectronics.X-CUBE-NFC6.3.1.0
2025-12-29 12:34:38,145 [WARN] PackLoader:240 - Cannot read IP mode file for STMicroelectronics.X-CUBE-DPower.1.3.0
2025-12-29 12:34:38,252 [WARN] ConditionMgr:438 - getConditionDescription Invalid condition id : LAN8742 Phy interface Condition cause : null
2025-12-29 12:34:38,254 [WARN] PackLoader:240 - Cannot read IP mode file for STMicroelectronics.X-CUBE-AZRTOS-L4.2.0.0
2025-12-29 12:34:38,261 [WARN] ConditionMgr:1044 - genDependencies : Invalid condition id : LAN8742 Phy interface Condition cause : null
2025-12-29 12:34:38,264 [WARN] ConditionMgr:1044 - genDependencies : Invalid condition id : LAN8742 Phy interface Condition cause : null
2025-12-29 12:34:38,266 [WARN] ConditionMgr:1044 - genDependencies : Invalid condition id : LAN8742 Phy interface Condition cause : null
2025-12-29 12:34:38,287 [WARN] PackLoader:240 - Cannot read IP mode file for STMicroelectronics.X-CUBE-SFXS2LP1.4.0.0
2025-12-29 12:34:38,304 [WARN] ConditionMgr:438 - getConditionDescription Invalid condition id : UX DEVICE CLASS RTOS Condition cause : null
2025-12-29 12:34:38,304 [WARN] ConditionMgr:438 - getConditionDescription Invalid condition id : UX DEVICE CLASS RTOS Condition cause : null
2025-12-29 12:34:38,306 [WARN] PackLoader:240 - Cannot read IP mode file for STMicroelectronics.X-CUBE-AZRTOS-WB.2.0.0
2025-12-29 12:34:38,307 [WARN] ConditionMgr:1044 - genDependencies : Invalid condition id : UX DEVICE CLASS RTOS Condition cause : null
2025-12-29 12:34:38,308 [WARN] ConditionMgr:1044 - genDependencies : Invalid condition id : UX DEVICE CLASS RTOS Condition cause : null
2025-12-29 12:34:38,310 [WARN] ConditionMgr:1044 - genDependencies : Invalid condition id : UX DEVICE CLASS RTOS Condition cause : null
2025-12-29 12:34:38,311 [WARN] ConditionMgr:1044 - genDependencies : Invalid condition id : UX DEVICE CLASS RTOS Condition cause : null
2025-12-29 12:34:38,311 [WARN] ConditionMgr:1044 - genDependencies : Invalid condition id : UX DEVICE CLASS RTOS Condition cause : null
2025-12-29 12:34:38,325 [WARN] PackLoader:240 - Cannot read IP mode file for STMicroelectronics.X-CUBE-SUBG2.5.0.0
2025-12-29 12:34:38,353 [WARN] PackLoader:240 - Cannot read IP mode file for STMicroelectronics.X-CUBE-AZRTOS-G4.2.0.0
2025-12-29 12:34:38,362 [WARN] PackLoader:240 - Cannot read IP mode file for STMicroelectronics.X-CUBE-NFC7.2.0.0
2025-12-29 12:34:38,370 [WARN] PackLoader:240 - Cannot read IP mode file for STMicroelectronics.X-CUBE-ALS.1.0.2
2025-12-29 12:34:38,397 [WARN] PackLoader:240 - Cannot read IP mode file for STMicroelectronics.X-CUBE-TOF1.3.4.3
2025-12-29 12:34:38,412 [INFO] ThirdParty:978 - Integrity check success = true
2025-12-29 12:34:38,412 [INFO] IntegrityCheckThread:100 - exiting critical section [integrity check]
2025-12-29 12:34:38,412 [INFO] IntegrityCheckThread:103 - End integrity checks thread
2025-12-29 12:50:57,534 [ERROR] LogOutputStream:75 - [STDERR_REDIRECT] 
2025-12-29 12:51:08,948 [INFO] Activator:176 - 


2025-12-29 12:51:08,949 [INFO] Activator:177 - !SESSION log4j initialized
2025-12-29 12:51:11,950 [INFO] LogOutputStream:77 - [STDOUT_REDIRECT] 
2025-12-29 12:51:15,073 [INFO] ApplicationProperties:184 - Using Application install path: C:\ST\STM32CubeIDE_1.19.0\STM32CubeIDE\plugins\com.st.stm32cube.common.mx_6.15.0.202507011659
2025-12-29 12:51:15,145 [INFO] DbMcusXml:78 - Set database path to: C:\ST\STM32CubeIDE_1.19.0\STM32CubeIDE\plugins\com.st.stm32cube.common.mx_6.15.0.202507011659\\db\/mcu/
2025-12-29 12:51:15,145 [INFO] ApiDb:274 - Set plugin database path to: C:\ST\STM32CubeIDE_1.19.0\STM32CubeIDE\plugins\com.st.stm32cube.common.mx_6.15.0.202507011659\\db\/plugins/boardmanager/
2025-12-29 12:51:15,146 [WARN] ApiDb:259 - Overriding images path with different value:  => C:\ST\STM32CubeIDE_1.19.0\STM32CubeIDE\plugins\com.st.stm32cube.common.mx_6.15.0.202507011659\\db\/plugins/mcufinder/images/
2025-12-29 12:51:15,162 [INFO] ApiDb:250 - Set database path to: C:\Users\aditi\.stmcufinder\plugins\mcufinder//mcu/
2025-12-29 12:51:15,165 [INFO] DbMcusAds:125 - Set database path to: C:\Users\aditi\.stmcufinder\plugins\mcufinder//mcu/
2025-12-29 12:51:15,175 [INFO] CrossReferenceDbSqlite:203 - Set database path to: C:\Users\aditi\.stmcufinder\plugins\mcufinder//mcu/cs/
2025-12-29 12:51:15,543 [INFO] RulesReader:64 - Compatibility file has been processed (317 Rules)
2025-12-29 12:51:15,774 [INFO] DbMcusXml:78 - Set database path to: C:\ST\STM32CubeIDE_1.19.0\STM32CubeIDE\plugins\com.st.stm32cube.common.mx_6.15.0.202507011659\\db\/mcu/
2025-12-29 12:51:15,774 [INFO] ApiDb:274 - Set plugin database path to: C:\ST\STM32CubeIDE_1.19.0\STM32CubeIDE\plugins\com.st.stm32cube.common.mx_6.15.0.202507011659\\db\/plugins/boardmanager/
2025-12-29 12:51:15,774 [INFO] ApiDb:261 - Set plugin images path to: C:\ST\STM32CubeIDE_1.19.0\STM32CubeIDE\plugins\com.st.stm32cube.common.mx_6.15.0.202507011659\\db\/plugins/mcufinder/images/
2025-12-29 12:51:15,774 [WARN] DbFile:41 - Overriding database path with different value: C:\Users\aditi\.stmcufinder\plugins\mcufinder/ => C:\Users\aditi\.stmcufinder\plugins\mcufinder
2025-12-29 12:51:15,774 [INFO] ApiDb:250 - Set database path to: C:\Users\aditi\.stmcufinder\plugins\mcufinder//mcu/
2025-12-29 12:51:15,775 [WARN] DbFile:41 - Overriding database path with different value: C:\Users\aditi\.stmcufinder\plugins\mcufinder/ => C:\Users\aditi\.stmcufinder\plugins\mcufinder
2025-12-29 12:51:15,775 [INFO] DbMcusAds:125 - Set database path to: C:\Users\aditi\.stmcufinder\plugins\mcufinder//mcu/
2025-12-29 12:51:15,775 [WARN] DbFile:41 - Overriding database path with different value: C:\Users\aditi\.stmcufinder\plugins\mcufinder/ => C:\Users\aditi\.stmcufinder\plugins\mcufinder
2025-12-29 12:51:15,775 [WARN] DbFile:41 - Overriding database path with different value: C:\Users\aditi\.stmcufinder\plugins\mcufinder/ => C:\Users\aditi\.stmcufinder\plugins\mcufinder
2025-12-29 12:51:15,775 [INFO] CrossReferenceDbSqlite:203 - Set database path to: C:\Users\aditi\.stmcufinder\plugins\mcufinder//mcu/cs/
2025-12-29 12:51:15,931 [INFO] MainPanel:274 - HeapMemory: 268435456
2025-12-29 12:51:16,232 [INFO] DbMcusXml:78 - Set database path to: C:\ST\STM32CubeIDE_1.19.0\STM32CubeIDE\plugins\com.st.stm32cube.common.mx_6.15.0.202507011659\\db\/mcu/
2025-12-29 12:51:16,233 [INFO] ApiDb:274 - Set plugin database path to: C:\ST\STM32CubeIDE_1.19.0\STM32CubeIDE\plugins\com.st.stm32cube.common.mx_6.15.0.202507011659\\db\/plugins/boardmanager/
2025-12-29 12:51:16,233 [INFO] ApiDb:261 - Set plugin images path to: C:\ST\STM32CubeIDE_1.19.0\STM32CubeIDE\plugins\com.st.stm32cube.common.mx_6.15.0.202507011659\\db\/plugins/mcufinder/images/
2025-12-29 12:51:16,234 [WARN] DbFile:41 - Overriding database path with different value: C:\Users\aditi\.stmcufinder\plugins\mcufinder/ => C:\Users\aditi\.stmcufinder\plugins\mcufinder
2025-12-29 12:51:16,235 [INFO] ApiDb:250 - Set database path to: C:\Users\aditi\.stmcufinder\plugins\mcufinder//mcu/
2025-12-29 12:51:16,235 [WARN] DbFile:41 - Overriding database path with different value: C:\Users\aditi\.stmcufinder\plugins\mcufinder/ => C:\Users\aditi\.stmcufinder\plugins\mcufinder
2025-12-29 12:51:16,235 [INFO] DbMcusAds:125 - Set database path to: C:\Users\aditi\.stmcufinder\plugins\mcufinder//mcu/
2025-12-29 12:51:16,235 [WARN] DbFile:41 - Overriding database path with different value: C:\Users\aditi\.stmcufinder\plugins\mcufinder/ => C:\Users\aditi\.stmcufinder\plugins\mcufinder
2025-12-29 12:51:16,235 [WARN] DbFile:41 - Overriding database path with different value: C:\Users\aditi\.stmcufinder\plugins\mcufinder/ => C:\Users\aditi\.stmcufinder\plugins\mcufinder
2025-12-29 12:51:16,235 [INFO] CrossReferenceDbSqlite:203 - Set database path to: C:\Users\aditi\.stmcufinder\plugins\mcufinder//mcu/cs/
2025-12-29 12:51:16,272 [INFO] ApplicationProperties:184 - Using Application install path: C:\ST\STM32CubeIDE_1.19.0\STM32CubeIDE\plugins\com.st.stm32cube.common.mx_6.15.0.202507011659
2025-12-29 12:51:16,275 [INFO] PluginManage:196 - Search for loadable plugins [exclusion list=, ]
2025-12-29 12:51:16,279 [INFO] PluginManage:310 - Check plugin analytics
2025-12-29 12:51:17,000 [INFO] AnalyticsPlugin:253 - Accepted Software Licenses: 
2025-12-29 12:51:17,000 [INFO] AnalyticsPlugin:255 - Accepted CMSIS Pack Licenses: 
2025-12-29 12:51:17,000 [INFO] AnalyticsPlugin:257 - Accepted Firmware Licenses: FW.F4.1.28.0
2025-12-29 12:51:17,033 [INFO] PluginManage:359 - Loaded plugin analytics (category:tool,tabindex:-1)
2025-12-29 12:51:17,033 [INFO] PluginManage:310 - Check plugin cadmodel
2025-12-29 12:51:17,045 [INFO] CADModel:105 - Init CAD model plugin
2025-12-29 12:51:17,045 [INFO] PluginManage:359 - Loaded plugin cadmodel (category:power,tabindex:5)
2025-12-29 12:51:17,045 [INFO] PluginManage:310 - Check plugin clock
2025-12-29 12:51:17,074 [INFO] PluginManage:359 - Loaded plugin clock (category:base,tabindex:2)
2025-12-29 12:51:17,074 [INFO] PluginManage:310 - Check plugin ddr
2025-12-29 12:51:17,082 [INFO] PluginManage:359 - Loaded plugin ddr (category:tool,tabindex:6)
2025-12-29 12:51:17,082 [INFO] PluginManage:310 - Check plugin filemanager
2025-12-29 12:51:17,434 [INFO] PluginManage:359 - Loaded plugin filemanager (category:base,tabindex:10)
2025-12-29 12:51:17,434 [INFO] PluginManage:310 - Check plugin ipmanager
2025-12-29 12:51:17,449 [INFO] PluginManage:359 - Loaded plugin ipmanager (category:base,tabindex:5)
2025-12-29 12:51:17,449 [INFO] PluginManage:310 - Check plugin lpbam
2025-12-29 12:51:17,465 [INFO] PluginManage:359 - Loaded plugin lpbam (category:base,tabindex:0)
2025-12-29 12:51:17,465 [INFO] PluginManage:310 - Check plugin memorymap
2025-12-29 12:51:17,515 [INFO] PluginManage:359 - Loaded plugin memorymap (category:base,tabindex:4)
2025-12-29 12:51:17,515 [INFO] PluginManage:310 - Check plugin pinoutandconfiguration
2025-12-29 12:51:17,537 [INFO] PluginManage:359 - Loaded plugin pinoutandconfiguration (category:base,tabindex:1)
2025-12-29 12:51:17,537 [INFO] PluginManage:310 - Check plugin pinoutconfig
2025-12-29 12:51:17,766 [WARN] SupportedApi:132 - Cannot load RTOS API schema: s4s-elt-must-match.1: The content of 'definitions' must match (annotation?, (simpleType | complexType)?, (unique | key | keyref)*)). A problem was found starting at: attribute.
2025-12-29 12:51:18,321 [INFO] PluginManage:359 - Loaded plugin pinoutconfig (category:base,tabindex:0)
2025-12-29 12:51:18,321 [INFO] PluginManage:310 - Check plugin power
2025-12-29 12:51:18,344 [INFO] PluginManage:359 - Loaded plugin power (category:power,tabindex:4)
2025-12-29 12:51:18,345 [INFO] PluginManage:310 - Check plugin projectmanager
2025-12-29 12:51:18,373 [INFO] PluginManage:359 - Loaded plugin projectmanager (category:projectmanager,tabindex:4)
2025-12-29 12:51:18,373 [INFO] PluginManage:310 - Check plugin rif
2025-12-29 12:51:18,402 [INFO] PluginManage:359 - Loaded plugin rif (category:base,tabindex:3)
2025-12-29 12:51:18,402 [INFO] PluginManage:310 - Check plugin thirdparty
2025-12-29 12:51:18,805 [WARN] IntegrityCheckThread:84 - waiting for thirdparty lock release [integrity check]
2025-12-29 12:51:18,805 [INFO] IntegrityCheckThread:86 - entering critical section [integrity check]
2025-12-29 12:51:18,805 [INFO] ThirdPartyUpdaterWithRetryManager:70 - Updater plugin not ready yet. [1/15]
2025-12-29 12:51:18,807 [INFO] PluginManage:359 - Loaded plugin thirdparty (category:base,tabindex:-1)
2025-12-29 12:51:18,807 [INFO] PluginManage:310 - Check plugin tools
2025-12-29 12:51:18,812 [INFO] PluginManage:359 - Loaded plugin tools (category:base,tabindex:7)
2025-12-29 12:51:18,813 [INFO] PluginManage:310 - Check plugin tutovideos
2025-12-29 12:51:19,605 [INFO] PluginManage:359 - Loaded plugin tutovideos (category:base,tabindex:-1)
2025-12-29 12:51:19,605 [INFO] PluginManage:310 - Check plugin updater
2025-12-29 12:51:19,640 [INFO] PluginManage:359 - Loaded plugin updater (category:base,tabindex:12)
2025-12-29 12:51:19,640 [INFO] PluginManage:310 - Check plugin userauth
2025-12-29 12:51:19,651 [INFO] UserAuth:118 - Init User Auth plugin
2025-12-29 12:51:19,654 [INFO] PluginManage:359 - Loaded plugin userauth (category:base,tabindex:14)
2025-12-29 12:51:19,656 [INFO] PluginManage:283 - PluginManage : Loaded plugins [18]
2025-12-29 12:51:20,159 [INFO] PinOutPanel:1589 - setPackage(No Configuration,No Configuration)
2025-12-29 12:51:20,292 [INFO] CADModel:165 - CPN selected for project level
2025-12-29 12:51:20,293 [INFO] CADModel:114 - Register for checkConnection events
2025-12-29 12:51:20,309 [INFO] IPUIPlugin:80 - create IPUIPlugin
2025-12-29 12:51:20,309 [INFO] PluginManager:220 - loadIPPluginJar : add adc
2025-12-29 12:51:20,314 [INFO] IPUIPlugin:80 - create IPUIPlugin
2025-12-29 12:51:20,314 [INFO] PluginManager:220 - loadIPPluginJar : add aes
2025-12-29 12:51:20,318 [INFO] IPUIPlugin:80 - create IPUIPlugin
2025-12-29 12:51:20,319 [INFO] PluginManager:220 - loadIPPluginJar : add can
2025-12-29 12:51:20,321 [INFO] IPUIPlugin:80 - create IPUIPlugin
2025-12-29 12:51:20,321 [INFO] PluginManager:220 - loadIPPluginJar : add comp
2025-12-29 12:51:20,325 [INFO] IPUIPlugin:80 - create IPUIPlugin
2025-12-29 12:51:20,325 [INFO] PluginManager:220 - loadIPPluginJar : add cryp
2025-12-29 12:51:20,327 [INFO] IPUIPlugin:80 - create IPUIPlugin
2025-12-29 12:51:20,327 [INFO] PluginManager:220 - loadIPPluginJar : add ddr_ctrl_phy
2025-12-29 12:51:20,330 [INFO] IPUIPlugin:80 - create IPUIPlugin
2025-12-29 12:51:20,330 [INFO] PluginManager:220 - loadIPPluginJar : add dfsdm
2025-12-29 12:51:20,336 [INFO] IPUIPlugin:80 - create IPUIPlugin
2025-12-29 12:51:20,336 [INFO] PluginManager:220 - loadIPPluginJar : add dma
2025-12-29 12:51:20,340 [INFO] IPUIPlugin:80 - create IPUIPlugin
2025-12-29 12:51:20,341 [INFO] PluginManager:220 - loadIPPluginJar : add dma3
2025-12-29 12:51:20,344 [INFO] IPUIPlugin:80 - create IPUIPlugin
2025-12-29 12:51:20,344 [INFO] PluginManager:220 - loadIPPluginJar : add extmemmanager
2025-12-29 12:51:20,346 [INFO] IPUIPlugin:80 - create IPUIPlugin
2025-12-29 12:51:20,346 [INFO] PluginManager:220 - loadIPPluginJar : add fatfs
2025-12-29 12:51:20,353 [INFO] IPUIPlugin:80 - create IPUIPlugin
2025-12-29 12:51:20,353 [INFO] PluginManager:220 - loadIPPluginJar : add fmc
2025-12-29 12:51:20,358 [INFO] IPUIPlugin:80 - create IPUIPlugin
2025-12-29 12:51:20,358 [INFO] PluginManager:220 - loadIPPluginJar : add freertos
2025-12-29 12:51:20,360 [INFO] IPUIPlugin:80 - create IPUIPlugin
2025-12-29 12:51:20,360 [INFO] PluginManager:220 - loadIPPluginJar : add genericplugin
2025-12-29 12:51:20,362 [INFO] IPUIPlugin:80 - create IPUIPlugin
2025-12-29 12:51:20,362 [INFO] PluginManager:220 - loadIPPluginJar : add gfxmmu
2025-12-29 12:51:20,366 [INFO] IPUIPlugin:80 - create IPUIPlugin
2025-12-29 12:51:20,367 [INFO] PluginManager:220 - loadIPPluginJar : add gic
2025-12-29 12:51:20,372 [INFO] IPUIPlugin:80 - create IPUIPlugin
2025-12-29 12:51:20,372 [INFO] PluginManager:220 - loadIPPluginJar : add gpio
2025-12-29 12:51:20,375 [INFO] IPUIPlugin:80 - create IPUIPlugin
2025-12-29 12:51:20,375 [INFO] PluginManager:220 - loadIPPluginJar : add gtzc
2025-12-29 12:51:20,378 [INFO] IPUIPlugin:80 - create IPUIPlugin
2025-12-29 12:51:20,378 [INFO] PluginManager:220 - loadIPPluginJar : add hash
2025-12-29 12:51:20,382 [INFO] IPUIPlugin:80 - create IPUIPlugin
2025-12-29 12:51:20,382 [INFO] PluginManager:220 - loadIPPluginJar : add i2c
2025-12-29 12:51:20,387 [INFO] IPUIPlugin:80 - create IPUIPlugin
2025-12-29 12:51:20,387 [INFO] PluginManager:220 - loadIPPluginJar : add i2s
2025-12-29 12:51:20,391 [INFO] IPUIPlugin:80 - create IPUIPlugin
2025-12-29 12:51:20,392 [INFO] PluginManager:220 - loadIPPluginJar : add i3c
2025-12-29 12:51:20,396 [INFO] IPUIPlugin:80 - create IPUIPlugin
2025-12-29 12:51:20,396 [INFO] PluginManager:220 - loadIPPluginJar : add ipddr
2025-12-29 12:51:20,403 [INFO] IPUIPlugin:80 - create IPUIPlugin
2025-12-29 12:51:20,403 [INFO] PluginManager:220 - loadIPPluginJar : add linkedlist
2025-12-29 12:51:20,411 [INFO] IPUIPlugin:80 - create IPUIPlugin
2025-12-29 12:51:20,411 [INFO] PluginManager:220 - loadIPPluginJar : add lorawan
2025-12-29 12:51:20,415 [INFO] IPUIPlugin:80 - create IPUIPlugin
2025-12-29 12:51:20,415 [INFO] PluginManager:220 - loadIPPluginJar : add ltdc
2025-12-29 12:51:20,420 [INFO] IPUIPlugin:80 - create IPUIPlugin
2025-12-29 12:51:20,421 [INFO] PluginManager:220 - loadIPPluginJar : add mdma
2025-12-29 12:51:20,424 [INFO] IPUIPlugin:80 - create IPUIPlugin
2025-12-29 12:51:20,424 [INFO] PluginManager:220 - loadIPPluginJar : add nvic
2025-12-29 12:51:20,428 [INFO] IPUIPlugin:80 - create IPUIPlugin
2025-12-29 12:51:20,428 [INFO] PluginManager:220 - loadIPPluginJar : add opamp
2025-12-29 12:51:20,432 [INFO] IPUIPlugin:80 - create IPUIPlugin
2025-12-29 12:51:20,432 [INFO] PluginManager:220 - loadIPPluginJar : add openamp
2025-12-29 12:51:20,436 [INFO] IPUIPlugin:80 - create IPUIPlugin
2025-12-29 12:51:20,436 [INFO] PluginManager:220 - loadIPPluginJar : add pdm2pcm
2025-12-29 12:51:20,442 [INFO] IPUIPlugin:80 - create IPUIPlugin
2025-12-29 12:51:20,444 [INFO] PluginManager:220 - loadIPPluginJar : add plateformsettings
2025-12-29 12:51:20,446 [INFO] IPUIPlugin:80 - create IPUIPlugin
2025-12-29 12:51:20,446 [INFO] PluginManager:220 - loadIPPluginJar : add quadspi
2025-12-29 12:51:20,448 [INFO] IPUIPlugin:80 - create IPUIPlugin
2025-12-29 12:51:20,449 [INFO] PluginManager:220 - loadIPPluginJar : add radio
2025-12-29 12:51:20,452 [INFO] IPUIPlugin:80 - create IPUIPlugin
2025-12-29 12:51:20,453 [INFO] PluginManager:220 - loadIPPluginJar : add resmgrutility
2025-12-29 12:51:20,456 [INFO] IPUIPlugin:80 - create IPUIPlugin
2025-12-29 12:51:20,456 [INFO] PluginManager:220 - loadIPPluginJar : add sai
2025-12-29 12:51:20,460 [INFO] IPUIPlugin:80 - create IPUIPlugin
2025-12-29 12:51:20,460 [INFO] PluginManager:220 - loadIPPluginJar : add spi
2025-12-29 12:51:20,469 [INFO] IPUIPlugin:80 - create IPUIPlugin
2025-12-29 12:51:20,469 [INFO] PluginManager:220 - loadIPPluginJar : add stm32_wpan
2025-12-29 12:51:20,471 [INFO] IPUIPlugin:80 - create IPUIPlugin
2025-12-29 12:51:20,471 [INFO] PluginManager:220 - loadIPPluginJar : add tim
2025-12-29 12:51:20,473 [INFO] IPUIPlugin:80 - create IPUIPlugin
2025-12-29 12:51:20,474 [INFO] PluginManager:220 - loadIPPluginJar : add touchsensing
2025-12-29 12:51:20,475 [INFO] IPUIPlugin:80 - create IPUIPlugin
2025-12-29 12:51:20,476 [INFO] PluginManager:220 - loadIPPluginJar : add tracer_emb
2025-12-29 12:51:20,477 [INFO] IPUIPlugin:80 - create IPUIPlugin
2025-12-29 12:51:20,477 [INFO] PluginManager:220 - loadIPPluginJar : add ts
2025-12-29 12:51:20,478 [INFO] IPUIPlugin:80 - create IPUIPlugin
2025-12-29 12:51:20,478 [INFO] PluginManager:220 - loadIPPluginJar : add tsc
2025-12-29 12:51:20,479 [INFO] IPUIPlugin:80 - create IPUIPlugin
2025-12-29 12:51:20,479 [INFO] PluginManager:220 - loadIPPluginJar : add ucpd
2025-12-29 12:51:20,481 [INFO] IPUIPlugin:80 - create IPUIPlugin
2025-12-29 12:51:20,481 [INFO] PluginManager:220 - loadIPPluginJar : add usart
2025-12-29 12:51:20,483 [INFO] IPUIPlugin:80 - create IPUIPlugin
2025-12-29 12:51:20,483 [INFO] PluginManager:220 - loadIPPluginJar : add usbx
2025-12-29 12:51:20,593 [FATAL] Updater:351 - Updater called before beeing initialized
2025-12-29 12:51:20,620 [INFO] RulesReader:64 - Compatibility file has been processed (317 Rules)
2025-12-29 12:51:20,631 [INFO] RulesReader:64 - Compatibility file has been processed (317 Rules)
2025-12-29 12:51:20,643 [INFO] CADModel:165 - CPN selected for project level
2025-12-29 12:51:20,644 [INFO] CADModel:114 - Register for checkConnection events
2025-12-29 12:51:20,644 [FATAL] Updater:351 - Updater called before beeing initialized
2025-12-29 12:51:20,644 [ERROR] CADModel:125 - Updater not yet initialized, retry later 
2025-12-29 12:51:20,776 [FATAL] Updater:351 - Updater called before beeing initialized
2025-12-29 12:51:20,777 [INFO] CADModel:165 - CPN selected for project level
2025-12-29 12:51:20,777 [INFO] CADModel:114 - Register for checkConnection events
2025-12-29 12:51:20,777 [FATAL] Updater:351 - Updater called before beeing initialized
2025-12-29 12:51:20,777 [ERROR] CADModel:125 - Updater not yet initialized, retry later 
2025-12-29 12:51:20,779 [FATAL] Updater:351 - Updater called before beeing initialized
2025-12-29 12:51:20,871 [FATAL] Updater:351 - Updater called before beeing initialized
2025-12-29 12:51:20,874 [INFO] DbMcusAds:53 - JSON generation date=Tue Dec 16 04:41:46 IST 2025 (1765840306612)
2025-12-29 12:51:20,875 [FATAL] Updater:351 - Updater called before beeing initialized
2025-12-29 12:51:20,897 [WARN] DetailPanel:346 - Failed to get advertising image, set to default
2025-12-29 12:51:20,953 [FATAL] Updater:351 - Updater called before beeing initialized
2025-12-29 12:51:20,954 [FATAL] Updater:351 - Updater called before beeing initialized
2025-12-29 12:51:20,954 [FATAL] Updater:351 - Updater called before beeing initialized
2025-12-29 12:51:20,955 [WARN] DetailPanel:346 - Failed to get advertising image, set to default
2025-12-29 12:51:20,955 [FATAL] Updater:351 - Updater called before beeing initialized
2025-12-29 12:51:20,995 [ERROR] Updater:1198 - MainUpdater not yet initialized. External WinMGr cannot be set.
2025-12-29 12:51:20,996 [INFO] Updater:1134 - Updater Version found : 6.15.0
2025-12-29 12:51:21,010 [INFO] ApplicationProperties:184 - Using Application install path: C:\ST\STM32CubeIDE_1.19.0\STM32CubeIDE\plugins\com.st.stm32cube.common.mx_6.15.0.202507011659
2025-12-29 12:51:21,038 [INFO] McuFinderGlobals:63 - Set McuFinder mode to 2 (CubeIDE integrated)
2025-12-29 12:51:21,807 [INFO] ThirdPartyUpdaterWithRetryManager:70 - Updater plugin not ready yet. [2/15]
2025-12-29 12:51:22,587 [ERROR] LogOutputStream:75 - [STDERR_REDIRECT] Dec 29, 2025 12:51:22 PM java.util.prefs.WindowsPreferences <init>
2025-12-29 12:51:22,588 [ERROR] LogOutputStream:75 - [STDERR_REDIRECT] WARNING: Could not open/create prefs root node Software\JavaSoft\Prefs at root 0xffffffff80000002. Windows RegCreateKeyEx(...) returned error code 5.
2025-12-29 12:51:22,588 [ERROR] LogOutputStream:75 - [STDERR_REDIRECT] 
2025-12-29 12:51:23,109 [INFO] MainUpdater:2872 - connection check result : 10
2025-12-29 12:51:23,110 [INFO] MainUpdater:289 - Updater Check For Update Now.
2025-12-29 12:51:23,110 [INFO] MicroXplorer:498 - Change Database Version : DB.6.0.150
2025-12-29 12:51:23,114 [INFO] McuFinderGlobals:63 - Set McuFinder mode to 2 (CubeIDE integrated)
2025-12-29 12:51:23,115 [INFO] UserAuth:487 - Internet connection configuration mode: 1
2025-12-29 12:51:23,181 [INFO] JxBrowserEngine:152 - Initiate JxBrowser Engine with user profile folder
2025-12-29 12:51:23,297 [INFO] CheckServerUpdateThread:120 - End of CheckServer Thread
2025-12-29 12:51:23,320 [INFO] MainUpdater:2872 - connection check result : 10
2025-12-29 12:51:23,854 [INFO] ApiDb:581 - Connected to CubeFinder SQLite database (C:\Users\aditi\.stmcufinder\plugins\mcufinder\mcu\cube-finder-db.db)
2025-12-29 12:51:23,984 [INFO] ApiDb:668 - CubeFinder database Data Model version=2.1
2025-12-29 12:51:23,984 [INFO] ApiDb:669 - CubeFinder database Configuration version=3.0.39
2025-12-29 12:51:23,984 [INFO] ApiDb:670 - CubeFinder database generation date=2025-11-05 (1762334721)
2025-12-29 12:51:23,985 [INFO] ApiDb:671 - CubeFinder database FW Pack versions=[FP-ATR-ASTRA1_V2.0.0, FP-SNS-FLIGHT1_V5.1.0, FP-SNS-MOTENV1_V5.1.0, FP-SNS-MOTENVWB1_V1.4.0, FP-SNS-SMARTAG2_V1.2.0, FP-SNS-STBOX1_V2.1.0, STM32Cube_FW_C0_V1.4.0, STM32Cube_FW_F4_V1.28.3, STM32Cube_FW_F7_V1.17.4, STM32Cube_FW_G0_V1.6.2, STM32Cube_FW_G4_V1.6.1, STM32Cube_FW_H5_V1.5.1, STM32Cube_FW_H7RS_V1.3.0, STM32Cube_FW_H7_V1.12.1, STM32Cube_FW_L0_V1.12.2, STM32Cube_FW_L4_V1.18.1, STM32Cube_FW_L5_V1.6.0, STM32Cube_FW_N6_V1.3.0, STM32Cube_FW_U0_V1.3.0, STM32Cube_FW_U3_V1.2.1, STM32Cube_FW_U5_V1.8.0, STM32Cube_FW_WB0_V1.4.0, STM32Cube_FW_WBA_V1.8.0, STM32Cube_FW_WB_V1.24.0, STM32Cube_FW_WL3_V1.3.0, STM32Cube_FW_WL_V1.4.0, X-CUBE-ALGOBUILD_V1.4.0, X-CUBE-ALS_V1.0.2, X-CUBE-AZRTOS-F4_V1.1.0, X-CUBE-AZRTOS-F7_V1.1.0, X-CUBE-AZRTOS-G0_V1.1.0, X-CUBE-AZRTOS-G4_V2.0.0, X-CUBE-AZRTOS-H7RS_V1.1.0, X-CUBE-AZRTOS-H7_V3.4.0, X-CUBE-AZRTOS-L4_V2.0.0, X-CUBE-AZRTOS-L5_V2.0.0, X-CUBE-AZRTOS-WB_V2.0.0, X-CUBE-AZRTOS-WL_V2.0.0, X-CUBE-BLE1_V7.1.0, X-CUBE-BLE2_V3.3.0, X-CUBE-BLEMGR_V4.1.0, X-CUBE-EEPRMA1_V5.2.0, X-CUBE-FREERTOS_V1.3.1, X-CUBE-GNSS1_V6.0.0, X-CUBE-MEMS1_V11.3.0, X-CUBE-NFC4_V3.0.0, X-CUBE-NFC7_V2.0.0, X-CUBE-SFXS2LP1_V4.0.0, X-CUBE-ST67W61_V1.1.0, X-CUBE-SUBG2_V5.0.0, X-CUBE-TOF1_V3.4.3]
2025-12-29 12:51:24,230 [INFO] WebApp:169 - Instantiating new browser for Auth
2025-12-29 12:51:24,928 [INFO] WebApp:463 - Apply proxy settings
2025-12-29 12:51:24,928 [INFO] WebApp:548 - Chromium requires no authentication
2025-12-29 12:51:24,940 [INFO] WebApp:491 - Direct internet connection detected
2025-12-29 12:51:24,970 [INFO] WebApp:900 - Register for checkConnection events
2025-12-29 12:51:24,970 [INFO] WebApp:463 - Apply proxy settings
2025-12-29 12:51:24,971 [INFO] WebApp:548 - Chromium requires no authentication
2025-12-29 12:51:24,971 [INFO] WebApp:491 - Direct internet connection detected
2025-12-29 12:51:25,031 [WARN] PackLoader:240 - Cannot read IP mode file for STMicroelectronics.FP-SNS-MOTENVWB1.1.4.0
2025-12-29 12:51:25,041 [WARN] PackLoader:240 - Cannot read IP mode file for STMicroelectronics.FP-ATR-ASTRA1.2.0.2
2025-12-29 12:51:25,055 [WARN] PackLoader:240 - Cannot read IP mode file for STMicroelectronics.X-CUBE-SMBUS.2.1.0
2025-12-29 12:51:25,082 [WARN] PackLoader:240 - Cannot read IP mode file for STMicroelectronics.X-CUBE-AZRTOS-F7.1.1.0
2025-12-29 12:51:25,095 [WARN] PackLoader:240 - Cannot read IP mode file for STMicroelectronics.X-CUBE-DISPLAY.3.0.0
2025-12-29 12:51:25,109 [WARN] PackLoader:240 - Cannot read IP mode file for STMicroelectronics.X-CUBE-NFC10.1.0.0
2025-12-29 12:51:25,114 [WARN] PackLoader:240 - Cannot read IP mode file for STMicroelectronics.FP-SNS-SMARTAG2.1.2.0
2025-12-29 12:51:25,118 [WARN] PackLoader:240 - Cannot read IP mode file for STMicroelectronics.FP-SNS-FLIGHT1.5.1.0
2025-12-29 12:51:25,142 [INFO] LogOutputStream:77 - [STDOUT_REDIRECT] 1 : Invalid condition id : UX_CORESTACK_Condition cause : null
2025-12-29 12:51:25,144 [INFO] LogOutputStream:77 - [STDOUT_REDIRECT] 1 : Invalid condition id : UX_CORESTACK_Condition cause : null
2025-12-29 12:51:25,147 [INFO] LogOutputStream:77 - [STDOUT_REDIRECT] 1 : Invalid condition id : UX_CORESTACK_Condition cause : null
2025-12-29 12:51:25,149 [INFO] LogOutputStream:77 - [STDOUT_REDIRECT] 1 : Invalid condition id : UX_CORESTACK_Condition cause : null
2025-12-29 12:51:25,151 [INFO] LogOutputStream:77 - [STDOUT_REDIRECT] 1 : Invalid condition id : UX_CORESTACK_Condition cause : null
2025-12-29 12:51:25,155 [WARN] PackLoader:240 - Cannot read IP mode file for STMicroelectronics.X-CUBE-AZRTOS-WL.2.0.0
2025-12-29 12:51:25,168 [WARN] PackLoader:240 - Cannot read IP mode file for STMicroelectronics.X-CUBE-BLE2.3.3.0
2025-12-29 12:51:25,176 [WARN] PackLoader:240 - Cannot read IP mode file for STMicroelectronics.X-CUBE-NFC9.1.0.0
2025-12-29 12:51:25,207 [WARN] PackLoader:240 - Cannot read IP mode file for STMicroelectronics.X-CUBE-BLE1.7.1.0
2025-12-29 12:51:25,220 [WARN] PackLoader:240 - Cannot read IP mode file for STMicroelectronics.X-CUBE-AZRTOS-G0.1.1.0
2025-12-29 12:51:25,226 [WARN] PackLoader:240 - Cannot read IP mode file for STMicroelectronics.X-CUBE-NFC4.3.0.0
2025-12-29 12:51:25,239 [WARN] PackLoader:240 - Cannot read IP mode file for STMicroelectronics.X-CUBE-WB05N.2.0.0
2025-12-29 12:51:25,244 [WARN] PackLoader:240 - Cannot read IP mode file for STMicroelectronics.X-CUBE-TCPP.4.2.0
2025-12-29 12:51:25,249 [WARN] PackLoader:240 - Cannot read IP mode file for STMicroelectronics.FP-ATR-SIGFOX1.3.2.0
2025-12-29 12:51:25,254 [WARN] PackLoader:240 - Cannot read IP mode file for STMicroelectronics.X-CUBE-ALGOBUILD.1.4.0
2025-12-29 12:51:25,258 [WARN] PackLoader:240 - Cannot read IP mode file for STMicroelectronics.X-CUBE-PM33A1.1.0.0
2025-12-29 12:51:25,268 [WARN] PackLoader:240 - Cannot read IP mode file for STMicroelectronics.X-CUBE-AZRTOS-F4.1.1.0
2025-12-29 12:51:25,273 [WARN] PackLoader:240 - Cannot read IP mode file for STMicroelectronics.X-CUBE-ISPU.2.1.0
2025-12-29 12:51:25,282 [WARN] PackLoader:240 - Cannot read IP mode file for STMicroelectronics.X-CUBE-AZRTOS-L5.2.0.0
2025-12-29 12:51:25,288 [WARN] PackLoader:240 - Cannot read IP mode file for STMicroelectronics.X-CUBE-NFC6.3.1.0
2025-12-29 12:51:25,294 [WARN] PackLoader:240 - Cannot read IP mode file for STMicroelectronics.X-CUBE-DPower.1.3.0
2025-12-29 12:51:25,303 [WARN] ConditionMgr:438 - getConditionDescription Invalid condition id : LAN8742 Phy interface Condition cause : null
2025-12-29 12:51:25,303 [WARN] PackLoader:240 - Cannot read IP mode file for STMicroelectronics.X-CUBE-AZRTOS-L4.2.0.0
2025-12-29 12:51:25,304 [WARN] ConditionMgr:1044 - genDependencies : Invalid condition id : LAN8742 Phy interface Condition cause : null
2025-12-29 12:51:25,304 [WARN] ConditionMgr:1044 - genDependencies : Invalid condition id : LAN8742 Phy interface Condition cause : null
2025-12-29 12:51:25,304 [WARN] ConditionMgr:1044 - genDependencies : Invalid condition id : LAN8742 Phy interface Condition cause : null
2025-12-29 12:51:25,310 [WARN] PackLoader:240 - Cannot read IP mode file for STMicroelectronics.X-CUBE-SFXS2LP1.4.0.0
2025-12-29 12:51:25,317 [WARN] ConditionMgr:438 - getConditionDescription Invalid condition id : UX DEVICE CLASS RTOS Condition cause : null
2025-12-29 12:51:25,317 [WARN] ConditionMgr:438 - getConditionDescription Invalid condition id : UX DEVICE CLASS RTOS Condition cause : null
2025-12-29 12:51:25,318 [WARN] PackLoader:240 - Cannot read IP mode file for STMicroelectronics.X-CUBE-AZRTOS-WB.2.0.0
2025-12-29 12:51:25,319 [WARN] ConditionMgr:1044 - genDependencies : Invalid condition id : UX DEVICE CLASS RTOS Condition cause : null
2025-12-29 12:51:25,319 [WARN] ConditionMgr:1044 - genDependencies : Invalid condition id : UX DEVICE CLASS RTOS Condition cause : null
2025-12-29 12:51:25,319 [WARN] ConditionMgr:1044 - genDependencies : Invalid condition id : UX DEVICE CLASS RTOS Condition cause : null
2025-12-29 12:51:25,320 [WARN] ConditionMgr:1044 - genDependencies : Invalid condition id : UX DEVICE CLASS RTOS Condition cause : null
2025-12-29 12:51:25,320 [WARN] ConditionMgr:1044 - genDependencies : Invalid condition id : UX DEVICE CLASS RTOS Condition cause : null
2025-12-29 12:51:25,327 [WARN] PackLoader:240 - Cannot read IP mode file for STMicroelectronics.X-CUBE-SUBG2.5.0.0
2025-12-29 12:51:25,337 [WARN] PackLoader:240 - Cannot read IP mode file for STMicroelectronics.X-CUBE-AZRTOS-G4.2.0.0
2025-12-29 12:51:25,352 [WARN] PackLoader:240 - Cannot read IP mode file for STMicroelectronics.X-CUBE-NFC7.2.0.0
2025-12-29 12:51:25,356 [WARN] PackLoader:240 - Cannot read IP mode file for STMicroelectronics.X-CUBE-ALS.1.0.2
2025-12-29 12:51:25,367 [WARN] PackLoader:240 - Cannot read IP mode file for STMicroelectronics.X-CUBE-TOF1.3.4.3
2025-12-29 12:51:25,378 [INFO] ThirdParty:978 - Integrity check success = true
2025-12-29 12:51:25,378 [INFO] IntegrityCheckThread:100 - exiting critical section [integrity check]
2025-12-29 12:51:25,378 [INFO] IntegrityCheckThread:103 - End integrity checks thread
2025-12-29 12:51:25,578 [INFO] WebApp:191 - Connection restablished
2025-12-29 12:51:25,746 [INFO] WebApp:225 - Starting web application
2025-12-29 12:51:25,746 [INFO] WebApp:593 - Web application path used C:\ST\STM32CubeIDE_1.19.0\STM32CubeIDE\plugins\com.st.stm32cube.common.mx_6.15.0.202507011659\db\plugins\mcufinder\reactClient1\index.html
2025-12-29 12:51:25,809 [INFO] UserAuth:487 - Internet connection configuration mode: 1
2025-12-29 12:51:26,659 [INFO] ApiDb:240 - Found 880 in-development CPN: [B-G473E-ZEST1S, B-WB1M-WPAN1, B-WBA5M-WPAN, B-WL5M-SUBG1, NUCLEO-C031C6, NUCLEO-C051C8, NUCLEO-C071RB, NUCLEO-C092RC, NUCLEO-H503RB, NUCLEO-H533RE, NUCLEO-H563ZI, NUCLEO-H7S3L8, NUCLEO-N657X0-Q, NUCLEO-U031R8, NUCLEO-U083RC, NUCLEO-U385RG-Q, NUCLEO-U545RE-Q, NUCLEO-U5A5ZJ-Q, NUCLEO-WB05KZ, NUCLEO-WB07CC, NUCLEO-WB09KE, NUCLEO-WBA52CG, NUCLEO-WBA55CG, NUCLEO-WL33CC1, NUCLEO-WL33CC2, STEVAL-PROTEUS1, STEVAL-SMARTAG2, STEVAL-STWINBX1, STM320518-EVAL, STM32C0116-DK, STM32C011D6Y3TR, STM32C011D6Y6TR, STM32C011F4P3, STM32C011F4P6, STM32C011F4U3, STM32C011F4U6TR, STM32C011F6P3, STM32C011F6P6, STM32C011F6U3, STM32C011F6U6TR, STM32C011J4M3, STM32C011J4M6, STM32C011J6M3, STM32C011J6M6, STM32C0316-DK, STM32C031C4T3, STM32C031C4T6, STM32C031C4U3, STM32C031C4U6, STM32C031C6T3, STM32C031C6T6, STM32C031C6U3, STM32C031C6U6, STM32C031F4P3, STM32C031F4P6, STM32C031F6P3, STM32C031F6P6, STM32C031G4U3, STM32C031G4U6, STM32C031G6U3, STM32C031G6U6, STM32C031K4T3, STM32C031K4T6, STM32C031K4U3, STM32C031K4U6, STM32C031K6T3, STM32C031K6T6, STM32C031K6U3, STM32C031K6U6, STM32C051C6T6, STM32C051C6U6, STM32C051C8T6, STM32C051C8U6, STM32C051D8Y6TR, STM32C051F6P6, STM32C051F8P6, STM32C051G6U6, STM32C051G8U6, STM32C051K6T6, STM32C051K6U6, STM32C051K8T6, STM32C071C8T6, STM32C071C8T6N, STM32C071C8U6, STM32C071C8U6N, STM32C071CBT6, STM32C071CBT6N, STM32C071CBU6, STM32C071CBU6N, STM32C071F8P6, STM32C071F8P6N, STM32C071FBP6, STM32C071FBP6N, STM32C071FBY6TR, STM32C071G8U6, STM32C071G8U6N, STM32C071GBU6, STM32C071GBU6N, STM32C071K8T6, STM32C071K8T6N, STM32C071K8U6, STM32C071K8U6N, STM32C071KBT6, STM32C071KBT6N, STM32C071KBU6, STM32C071KBU6N, STM32C071R8T6, STM32C071R8T6N, STM32C071RBI6N, STM32C071RBT6, STM32C071RBT6N, STM32C091CBT6, STM32C091CBU6, STM32C091CCT6, STM32C091CCU6, STM32C091ECY6TR, STM32C091FBP6, STM32C091FCP6, STM32C091GBU6, STM32C091GCU6, STM32C091KBT6, STM32C091KBU6, STM32C091KCT6, STM32C091KCU6, STM32C091RBT6, STM32C091RCI6, STM32C091RCT6, STM32C092CBT6, STM32C092CBU6, STM32C092CCT6, STM32C092CCU6, STM32C092ECY6TR, STM32C092FBP6, STM32C092FCP6, STM32C092GBU6, STM32C092GCU6, STM32C092KBT6, STM32C092KBU6, STM32C092KCT6, STM32C092KCU6, STM32C092RBT6, STM32C092RCI6, STM32C092RCT6, STM32G071K8TXN, STM32G071K8UXN, STM32G081GBU6N, STM32G081KBT6N, STM32G081KBUXN, STM32G0B1CCT6N, STM32G0B1KCT6, STM32G0B1NEY6TR, STM32G0B1RCT6N, STM32G0C1CCT6, STM32G0C1CCT6N, STM32G0C1CCU6N, STM32G0C1CET6N, STM32G0C1CEU6N, STM32G0C1KCT6, STM32G0C1NEY6TR, STM32G0C1RCI6N, STM32G0C1RCT6N, STM32G0C1REI6N, STM32G0C1RET6N, STM32G0C1VCI6, STM32G0C1VEI6, STM32G411C6T3, STM32G411C6T6, STM32G411C6U3, STM32G411C6U6, STM32G411C8T3, STM32G411C8T6, STM32G411C8U3, STM32G411C8U6, STM32G411CBT3, STM32G411CBT6, STM32G411CBU3, STM32G411CBU6, STM32G411K6T3, STM32G411K6T6, STM32G411K6U3, STM32G411K6U6, STM32G411K8T3, STM32G411K8T6, STM32G411K8U3, STM32G411K8U6, STM32G411KBT3, STM32G411KBT6, STM32G411KBU3, STM32G411KBU6, STM32G411M6T3, STM32G411M6T6, STM32G411M8T3, STM32G411M8T6, STM32G411MBT3, STM32G411MBT6, STM32G411R6T3, STM32G411R6T6, STM32G411R8T3, STM32G411R8T6, STM32G411RBT3, STM32G411RBT6, STM32G414CBT3, STM32G414CBT6, STM32G414CBU3, STM32G414CBU6, STM32G414CCT3, STM32G414CCT6, STM32G414CCU3, STM32G414CCU6, STM32G414MBT3, STM32G414MBT6, STM32G414MCT3, STM32G414MCT6, STM32G414RBT3, STM32G414RBT6, STM32G414RCT3, STM32G414RCT6, STM32G414VBT3, STM32G414VBT6, STM32G414VCT3, STM32G414VCT6, STM32G431CBT3Z, STM32G431RBT3Z, STM32G471CCT6, STM32G471CCU6, STM32G471CET3, STM32G471CET6, STM32G471CEU3, STM32G471CEU6, STM32G471MCT6, STM32G471MET3, STM32G471MET6, STM32G471MEY6TR, STM32G471QCT6, STM32G471QET3, STM32G471RCT6, STM32G471RET3, STM32G471RET6, STM32G471VCH6, STM32G471VCI6, STM32G471VCT6, STM32G471VEH3, STM32G471VEH6, STM32G471VEI3, STM32G471VEI6, STM32G471VET3, STM32G471VET6, STM32G473QET3Z, STM32G473RET3Z, STM32G474CCT6, STM32G491RET3Z, STM32H503CBT6, STM32H503CBU6, STM32H503EBY6TR, STM32H503KBU6, STM32H503RBT6, STM32H523CCT6, STM32H523CCU6, STM32H523CET6, STM32H523CEU6, STM32H523HEY6TR, STM32H523RCT6, STM32H523RET6, STM32H523VCI6, STM32H523VCT6, STM32H523VEI6, STM32H523VET6, STM32H523ZCJ6, STM32H523ZCT6, STM32H523ZEJ6, STM32H523ZET6, STM32H533CET6, STM32H533CEU6, STM32H533HEY6TR, STM32H533RET6, STM32H533VEI6, STM32H533VET6, STM32H533ZEJ6, STM32H533ZET6, STM32H562AGI6, STM32H562AII6, STM32H562IGK6, STM32H562IGT6, STM32H562IIK6, STM32H562IIT6, STM32H562RGT6, STM32H562RGV6, STM32H562RIT6, STM32H562RIV6, STM32H562VGT6, STM32H562VIT6, STM32H562ZGT6, STM32H562ZIT6, STM32H563AGI6, STM32H563AII3Q, STM32H563AII6, STM32H563IGK6, STM32H563IGT6, STM32H563IIK3Q, STM32H563IIK6, STM32H563IIT3Q, STM32H563IIT6, STM32H563MIY3QTR, STM32H563RGT6, STM32H563RGV6, STM32H563RIT6, STM32H563RIV6, STM32H563VGT6, STM32H563VIT3Q, STM32H563VIT6, STM32H563ZGT6, STM32H563ZIT3Q, STM32H563ZIT6, STM32H573AII3Q, STM32H573AII6, STM32H573I-DK, STM32H573IIK3Q, STM32H573IIK6, STM32H573IIT3Q, STM32H573IIT6, STM32H573MIY3QTR, STM32H573RIT6, STM32H573RIV6, STM32H573VIT3Q, STM32H573VIT6, STM32H573ZIT3Q, STM32H573ZIT6, STM32H7R3A8I6, STM32H7R3I8K6, STM32H7R3I8T6, STM32H7R3L8H6, STM32H7R3L8H6H, STM32H7R3R8V6, STM32H7R3V8H6, STM32H7R3V8T6, STM32H7R3V8Y6TR, STM32H7R3Z8J6, STM32H7R3Z8T6, STM32H7R7A8I6, STM32H7R7I8K6, STM32H7R7I8T6, STM32H7R7L8H6, STM32H7R7L8H6H, STM32H7R7Z8J6, STM32H7S3A8I6, STM32H7S3I8K6, STM32H7S3I8T6, STM32H7S3L8H6, STM32H7S3L8H6H, STM32H7S3R8V6, STM32H7S3V8H6, STM32H7S3V8T6, STM32H7S3V8Y6TR, STM32H7S3Z8J6, STM32H7S3Z8T6, STM32H7S78-DK, STM32H7S7A8I6, STM32H7S7I8K6, STM32H7S7I8T6, STM32H7S7L8H6, STM32H7S7L8H6H, STM32H7S7Z8J6, STM32L4R5QGI6STR, STM32MP131AAE3, STM32MP131AAF3, STM32MP131AAG3, STM32MP131CAE3, STM32MP131CAF3, STM32MP131CAG3, STM32MP131DAE7, STM32MP131DAF7, STM32MP131DAG7, STM32MP131FAE7, STM32MP131FAF7, STM32MP131FAG7, STM32MP133AAE3, STM32MP133AAF3, STM32MP133AAG3, STM32MP133CAE3, STM32MP133CAF3, STM32MP133CAG3, STM32MP133DAE7, STM32MP133DAF7, STM32MP133DAG7, STM32MP133FAE7, STM32MP133FAF7, STM32MP133FAG7, STM32MP135AAE3, STM32MP135AAF3, STM32MP135AAG3, STM32MP135CAE3, STM32MP135CAF3, STM32MP135CAG3, STM32MP135DAE7, STM32MP135DAF7, STM32MP135DAG7, STM32MP135F-DK, STM32MP135FAE7, STM32MP135FAF7, STM32MP135FAF7T, STM32MP135FAF7U, STM32MP135FAG7, STM32MP211AAL3, STM32MP211AAM3, STM32MP211AAN3, STM32MP211AAO3, STM32MP211CAL3, STM32MP211CAM3, STM32MP211CAN3, STM32MP211CAO3, STM32MP211DAL3, STM32MP211DAM3, STM32MP211DAN3, STM32MP211DAO3, STM32MP211FAL3, STM32MP211FAM3, STM32MP211FAN3, STM32MP211FAO3, STM32MP213AAL3, STM32MP213AAM3, STM32MP213AAN3, STM32MP213AAO3, STM32MP213CAL3, STM32MP213CAM3, STM32MP213CAN3, STM32MP213CAO3, STM32MP213DAL3, STM32MP213DAM3, STM32MP213DAN3, STM32MP213DAO3, STM32MP213FAL3, STM32MP213FAM3, STM32MP213FAN3, STM32MP213FAO3, STM32MP215AAL3, STM32MP215AAM3, STM32MP215AAN3, STM32MP215AAO3, STM32MP215CAL3, STM32MP215CAM3, STM32MP215CAN3, STM32MP215CAO3, STM32MP215DAL3, STM32MP215DAM3, STM32MP215DAN3, STM32MP215DAO3, STM32MP215F-DK, STM32MP215FAL3, STM32MP215FAM3, STM32MP215FAN3, STM32MP215FAO3, STM32MP231AAJ3, STM32MP231AAK3, STM32MP231AAL3, STM32MP231CAJ3, STM32MP231CAK3, STM32MP231CAL3, STM32MP231DAJ3, STM32MP231DAK3, STM32MP231DAL3, STM32MP231FAJ3, STM32MP231FAK3, STM32MP231FAL3, STM32MP233AAJ3, STM32MP233AAK3, STM32MP233AAL3, STM32MP233CAJ3, STM32MP233CAK3, STM32MP233CAL3, STM32MP233DAJ3, STM32MP233DAK3, STM32MP233DAL3, STM32MP233FAJ3, STM32MP233FAK3, STM32MP233FAL3, STM32MP235AAJ3, STM32MP235AAK3, STM32MP235AAL3, STM32MP235CAJ3, STM32MP235CAK3, STM32MP235CAL3, STM32MP235DAJ3, STM32MP235DAK3, STM32MP235DAL3, STM32MP235FAJ3, STM32MP235FAK3, STM32MP235FAL3, STM32MP251AAI3, STM32MP251AAK3, STM32MP251AAL3, STM32MP251CAI3, STM32MP251CAK3, STM32MP251CAL3, STM32MP251DAI3, STM32MP251DAK3, STM32MP251DAL3, STM32MP251FAI3, STM32MP251FAK3, STM32MP251FAL3, STM32MP253AAI3, STM32MP253AAK3, STM32MP253AAL3, STM32MP253CAI3, STM32MP253CAK3, STM32MP253CAL3, STM32MP253DAI3, STM32MP253DAK3, STM32MP253DAL3, STM32MP253FAI3, STM32MP253FAK3, STM32MP253FAL3, STM32MP255AAI3, STM32MP255AAK3, STM32MP255AAL3, STM32MP255CAI3, STM32MP255CAK3, STM32MP255CAL3, STM32MP255DAI3, STM32MP255DAK3, STM32MP255DAL3, STM32MP255FAI3, STM32MP255FAK3, STM32MP255FAL3, STM32MP257AAI3, STM32MP257AAK3, STM32MP257AAL3, STM32MP257CAI3, STM32MP257CAK3, STM32MP257CAL3, STM32MP257DAI3, STM32MP257DAK3, STM32MP257DAL3, STM32MP257F-DK, STM32MP257F-EV1, STM32MP257FAI3, STM32MP257FAK3, STM32MP257FAL3, STM32N645A0H3Q, STM32N645B0H3Q, STM32N645I0H3Q, STM32N645L0H3Q, STM32N645X0H3Q, STM32N645Z0H3Q, STM32N647A0H3Q, STM32N647B0H3Q, STM32N647I0H3Q, STM32N647L0H3Q, STM32N647X0H3Q, STM32N647Z0H3Q, STM32N655A0H3Q, STM32N655B0H3Q, STM32N655I0H3Q, STM32N655L0H3Q, STM32N655X0H3Q, STM32N655Z0H3Q, STM32N6570-DK, STM32N657A0H3Q, STM32N657B0H3Q, STM32N657I0H3Q, STM32N657L0H3Q, STM32N657X0H3Q, STM32N657Z0H3Q, STM32U031C6T6, STM32U031C6U6, STM32U031C8T6, STM32U031C8U6, STM32U031F4P6, STM32U031F6P6, STM32U031F8P6, STM32U031G6Y6TR, STM32U031G8Y6TR, STM32U031K4U6, STM32U031K6U6, STM32U031K8U6, STM32U031R6I6, STM32U031R6T6, STM32U031R8I6, STM32U031R8T6, STM32U073C8T6, STM32U073C8U6, STM32U073CBT6, STM32U073CBU6, STM32U073CCT6, STM32U073CCU6, STM32U073H8Y6TR, STM32U073HBY6TR, STM32U073HCY6TR, STM32U073K8U6, STM32U073KBU6, STM32U073KCU6, STM32U073M8I6, STM32U073M8T6, STM32U073MBI6, STM32U073MBT6, STM32U073MCI6, STM32U073MCT6, STM32U073R8I6, STM32U073R8T6, STM32U073RBI6, STM32U073RBT6, STM32U073RCI6, STM32U073RCT6, STM32U083C-DK, STM32U083CCT6, STM32U083CCU6, STM32U083HCY6TR, STM32U083KCU6, STM32U083MCI6, STM32U083MCT6, STM32U083RCI6, STM32U083RCT6, STM32U375CET6, STM32U375CET6Q, STM32U375CEU6, STM32U375CEU6Q, STM32U375CEY6QTR, STM32U375CGT6, STM32U375CGT6Q, STM32U375CGU6, STM32U375CGU6Q, STM32U375CGY6QTR, STM32U375KEU6, STM32U375KGU6, STM32U375REI6, STM32U375REI6Q, STM32U375RET6, STM32U375RET6Q, STM32U375REY6GTR, STM32U375REY6QTR, STM32U375RGI6, STM32U375RGI6Q, STM32U375RGT6, STM32U375RGT6Q, STM32U375RGY6GTR, STM32U375RGY6QTR, STM32U375VEI6, STM32U375VEI6Q, STM32U375VET6, STM32U375VET6Q, STM32U375VGI6, STM32U375VGI6Q, STM32U375VGT6, STM32U375VGT6Q, STM32U385CGT6, STM32U385CGT6Q, STM32U385CGU6, STM32U385CGU6Q, STM32U385CGY6QTR, STM32U385KGU6, STM32U385RGI6, STM32U385RGI6Q, STM32U385RGT6, STM32U385RGT6Q, STM32U385RGY6GTR, STM32U385RGY6QTR, STM32U385VGI6, STM32U385VGI6Q, STM32U385VGT6, STM32U385VGT6Q, STM32U535CBT6, STM32U535CBT6Q, STM32U535CBU6, STM32U535CBU6Q, STM32U535CCT6, STM32U535CCT6Q, STM32U535CCU6, STM32U535CCU6Q, STM32U535CET6, STM32U535CET6Q, STM32U535CEU6, STM32U535CEU6Q, STM32U535JEY6QTR, STM32U535NCY6QTR, STM32U535NEY6QTR, STM32U535RBI6, STM32U535RBI6Q, STM32U535RBT6, STM32U535RBT6Q, STM32U535RCI6, STM32U535RCI6Q, STM32U535RCT6, STM32U535RCT6Q, STM32U535REI6, STM32U535REI6Q, STM32U535RET6, STM32U535RET6Q, STM32U535VCI6, STM32U535VCI6Q, STM32U535VCT6, STM32U535VCT6Q, STM32U535VEI6, STM32U535VEI6Q, STM32U535VET6, STM32U535VET6Q, STM32U545CET6, STM32U545CET6Q, STM32U545CEU6, STM32U545CEU6Q, STM32U545JEY6QTR, STM32U545NEY6QTR, STM32U545REI6, STM32U545REI6Q, STM32U545RET6, STM32U545RET6Q, STM32U545VEI6, STM32U545VEI6Q, STM32U545VET6, STM32U545VET6Q, STM32U595AIH6, STM32U595AIH6Q, STM32U595AJH6, STM32U595AJH6Q, STM32U595QII6, STM32U595QII6Q, STM32U595QJI6, STM32U595QJI6Q, STM32U595RIT6, STM32U595RIT6Q, STM32U595RJT6, STM32U595RJT6Q, STM32U595VIT6, STM32U595VIT6Q, STM32U595VJT6, STM32U595VJT6Q, STM32U595ZIT6, STM32U595ZIT6Q, STM32U595ZIY6QTR, STM32U595ZJT6, STM32U595ZJT6Q, STM32U595ZJY6QTR, STM32U599BJY6QTR, STM32U599NIH6Q, STM32U599NJH6Q, STM32U599VIT6Q, STM32U599VJT6, STM32U599VJT6Q, STM32U599ZIT6Q, STM32U599ZIY6QTR, STM32U599ZJT6Q, STM32U599ZJY6QTR, STM32U5A5AJH6, STM32U5A5AJH6Q, STM32U5A5QII3Q , STM32U5A5QJI6, STM32U5A5QJI6Q, STM32U5A5RJT6, STM32U5A5RJT6Q, STM32U5A5VJT6, STM32U5A5VJT6Q, STM32U5A5ZJT6, STM32U5A5ZJT6Q, STM32U5A5ZJY6QTR, STM32U5A9BJY6QTR, STM32U5A9J-DK, STM32U5A9NJH6Q, STM32U5A9VJT6Q, STM32U5A9ZJT6Q, STM32U5A9ZJY6QTR, STM32U5F7VIT6, STM32U5F7VIT6Q, STM32U5F7VJT6, STM32U5F7VJT6Q, STM32U5F9BJY6QTR, STM32U5F9NJH6Q, STM32U5F9VIT6Q, STM32U5F9VJT6Q, STM32U5F9ZIJ6QTR, STM32U5F9ZIT6Q, STM32U5F9ZJJ6QTR, STM32U5F9ZJT6Q, STM32U5G7VJT6, STM32U5G7VJT6Q, STM32U5G9BJY6QTR, STM32U5G9J-DK1, STM32U5G9J-DK2, STM32U5G9NJH6Q, STM32U5G9VJT6Q, STM32U5G9ZJJ6QTR, STM32U5G9ZJT6Q, STM32WB05KZV6TR, STM32WB05KZV7TR, STM32WB05TZF6TR, STM32WB05TZF7TR, STM32WB06CCF6TR, STM32WB06CCF7TR, STM32WB06CCV6TR, STM32WB06CCV7TR, STM32WB06KCV6TR, STM32WB06KCV7TR, STM32WB07CCF6TR, STM32WB07CCF7TR, STM32WB07CCV6TR, STM32WB07CCV7TR, STM32WB07KCV6TR, STM32WB07KCV7TR, STM32WB09KEV6TR, STM32WB09KEV7TR, STM32WB09TEF6TR, STM32WB09TEF7TR, STM32WB1MMCH6, STM32WBA50KGU6, STM32WBA50KGU6TR, STM32WBA52CEU6, STM32WBA52CEU6TR, STM32WBA52CEU7, STM32WBA52CEU7TR, STM32WBA52CGU6, STM32WBA52CGU6TR, STM32WBA52CGU6U, STM32WBA52CGU7, STM32WBA52CGU7TR, STM32WBA52KEU6, STM32WBA52KEU6TR, STM32WBA52KGU6, STM32WBA52KGU6TR, STM32WBA54CEU6, STM32WBA54CEU6TR, STM32WBA54CEU7, STM32WBA54CEU7TR, STM32WBA54CGU6, STM32WBA54CGU6TR, STM32WBA54CGU7, STM32WBA54CGU7TR, STM32WBA54KEU6, STM32WBA54KEU6TR, STM32WBA54KEU7, STM32WBA54KEU7TR, STM32WBA54KGU6, STM32WBA54KGU6TR, STM32WBA54KGU7, STM32WBA54KGU7TR, STM32WBA55CEU6, STM32WBA55CEU6TR, STM32WBA55CEU7, STM32WBA55CEU7TR, STM32WBA55CGU6, STM32WBA55CGU6TR, STM32WBA55CGU6U, STM32WBA55CGU7, STM32WBA55CGU7TR, STM32WBA55G-DK1, STM32WBA55HEF6, STM32WBA55HEF7, STM32WBA55HGF6, STM32WBA55HGF7, STM32WBA55UEI6, STM32WBA55UEI6TR, STM32WBA55UEI7, STM32WBA55UEI7TR, STM32WBA55UGI6, STM32WBA55UGI6TR, STM32WBA55UGI7, STM32WBA55UGI7TR, STM32WBA5MMGH6TR, STM32WBA62MGF6, STM32WBA62MIF6, STM32WBA65MGF7, STM32WBA65MIF6, STM32WBA65MIF7, STM32WL30K8V6, STM32WL30KBV6, STM32WL31C8V6, STM32WL31CBV6, STM32WL31K8V6, STM32WL31KBV6, STM32WL33C8V6, STM32WL33C8V6X, STM32WL33CBV6, STM32WL33CBV6X, STM32WL33CCV6, STM32WL33CCV6A, STM32WL33CCV6X, STM32WL33K8V7, STM32WL33K8V7X, STM32WL33KBV7 , STM32WL33KBV7X, STM32WL33KCV7, STM32WL33KCV7X, STM32WL5MOCH6, STM32WL5MOCH6TR]
2025-12-29 12:51:26,663 [INFO] DbMcus:218 - Found 4876 MCUs, 4876 are supported
2025-12-29 12:51:26,665 [INFO] ApiDb:423 - Load user favorites file C:\Users\aditi/.stm32cubeide/favorites.mcus.txt: 0 item(s)
2025-12-29 12:51:26,665 [INFO] ApiDb:427 - User favorites MCUs=[]
2025-12-29 12:51:26,665 [INFO] DbMcus:224 - Set 0 / 0 favorites MCUs
2025-12-29 12:51:27,011 [INFO] ApiDb:668 - CubeFinder database Data Model version=2.1
2025-12-29 12:51:27,011 [INFO] ApiDb:669 - CubeFinder database Configuration version=3.0.39
2025-12-29 12:51:27,011 [INFO] ApiDb:670 - CubeFinder database generation date=2025-11-05 (1762334721)
2025-12-29 12:51:27,011 [INFO] ApiDb:671 - CubeFinder database FW Pack versions=[FP-ATR-ASTRA1_V2.0.0, FP-SNS-FLIGHT1_V5.1.0, FP-SNS-MOTENV1_V5.1.0, FP-SNS-MOTENVWB1_V1.4.0, FP-SNS-SMARTAG2_V1.2.0, FP-SNS-STBOX1_V2.1.0, STM32Cube_FW_C0_V1.4.0, STM32Cube_FW_F4_V1.28.3, STM32Cube_FW_F7_V1.17.4, STM32Cube_FW_G0_V1.6.2, STM32Cube_FW_G4_V1.6.1, STM32Cube_FW_H5_V1.5.1, STM32Cube_FW_H7RS_V1.3.0, STM32Cube_FW_H7_V1.12.1, STM32Cube_FW_L0_V1.12.2, STM32Cube_FW_L4_V1.18.1, STM32Cube_FW_L5_V1.6.0, STM32Cube_FW_N6_V1.3.0, STM32Cube_FW_U0_V1.3.0, STM32Cube_FW_U3_V1.2.1, STM32Cube_FW_U5_V1.8.0, STM32Cube_FW_WB0_V1.4.0, STM32Cube_FW_WBA_V1.8.0, STM32Cube_FW_WB_V1.24.0, STM32Cube_FW_WL3_V1.3.0, STM32Cube_FW_WL_V1.4.0, X-CUBE-ALGOBUILD_V1.4.0, X-CUBE-ALS_V1.0.2, X-CUBE-AZRTOS-F4_V1.1.0, X-CUBE-AZRTOS-F7_V1.1.0, X-CUBE-AZRTOS-G0_V1.1.0, X-CUBE-AZRTOS-G4_V2.0.0, X-CUBE-AZRTOS-H7RS_V1.1.0, X-CUBE-AZRTOS-H7_V3.4.0, X-CUBE-AZRTOS-L4_V2.0.0, X-CUBE-AZRTOS-L5_V2.0.0, X-CUBE-AZRTOS-WB_V2.0.0, X-CUBE-AZRTOS-WL_V2.0.0, X-CUBE-BLE1_V7.1.0, X-CUBE-BLE2_V3.3.0, X-CUBE-BLEMGR_V4.1.0, X-CUBE-EEPRMA1_V5.2.0, X-CUBE-FREERTOS_V1.3.1, X-CUBE-GNSS1_V6.0.0, X-CUBE-MEMS1_V11.3.0, X-CUBE-NFC4_V3.0.0, X-CUBE-NFC7_V2.0.0, X-CUBE-SFXS2LP1_V4.0.0, X-CUBE-ST67W61_V1.1.0, X-CUBE-SUBG2_V5.0.0, X-CUBE-TOF1_V3.4.3]
2025-12-29 12:51:27,068 [INFO] DbBoardsSqlite:226 - include board P-NUCLEO-WB55-NUCLEO as a kit item of type 'Nucleo-64'
2025-12-29 12:51:27,069 [INFO] DbBoardsSqlite:226 - include board P-NUCLEO-WB55-USBDONGLE as a kit item of type 'Nucleo USB Dongle'
2025-12-29 12:51:27,069 [INFO] DbBoardsSqlite:226 - include board STEVAL-IDP005V1 as a kit item of type 'Evaluation Board'
2025-12-29 12:51:27,069 [INFO] DbBoardsSqlite:226 - include board STEVAL-IDP005V2 as a kit item of type 'Evaluation Board'
2025-12-29 12:51:27,128 [INFO] ApiDb:240 - Found 880 in-development CPN: [B-G473E-ZEST1S, B-WB1M-WPAN1, B-WBA5M-WPAN, B-WL5M-SUBG1, NUCLEO-C031C6, NUCLEO-C051C8, NUCLEO-C071RB, NUCLEO-C092RC, NUCLEO-H503RB, NUCLEO-H533RE, NUCLEO-H563ZI, NUCLEO-H7S3L8, NUCLEO-N657X0-Q, NUCLEO-U031R8, NUCLEO-U083RC, NUCLEO-U385RG-Q, NUCLEO-U545RE-Q, NUCLEO-U5A5ZJ-Q, NUCLEO-WB05KZ, NUCLEO-WB07CC, NUCLEO-WB09KE, NUCLEO-WBA52CG, NUCLEO-WBA55CG, NUCLEO-WL33CC1, NUCLEO-WL33CC2, STEVAL-PROTEUS1, STEVAL-SMARTAG2, STEVAL-STWINBX1, STM320518-EVAL, STM32C0116-DK, STM32C011D6Y3TR, STM32C011D6Y6TR, STM32C011F4P3, STM32C011F4P6, STM32C011F4U3, STM32C011F4U6TR, STM32C011F6P3, STM32C011F6P6, STM32C011F6U3, STM32C011F6U6TR, STM32C011J4M3, STM32C011J4M6, STM32C011J6M3, STM32C011J6M6, STM32C0316-DK, STM32C031C4T3, STM32C031C4T6, STM32C031C4U3, STM32C031C4U6, STM32C031C6T3, STM32C031C6T6, STM32C031C6U3, STM32C031C6U6, STM32C031F4P3, STM32C031F4P6, STM32C031F6P3, STM32C031F6P6, STM32C031G4U3, STM32C031G4U6, STM32C031G6U3, STM32C031G6U6, STM32C031K4T3, STM32C031K4T6, STM32C031K4U3, STM32C031K4U6, STM32C031K6T3, STM32C031K6T6, STM32C031K6U3, STM32C031K6U6, STM32C051C6T6, STM32C051C6U6, STM32C051C8T6, STM32C051C8U6, STM32C051D8Y6TR, STM32C051F6P6, STM32C051F8P6, STM32C051G6U6, STM32C051G8U6, STM32C051K6T6, STM32C051K6U6, STM32C051K8T6, STM32C071C8T6, STM32C071C8T6N, STM32C071C8U6, STM32C071C8U6N, STM32C071CBT6, STM32C071CBT6N, STM32C071CBU6, STM32C071CBU6N, STM32C071F8P6, STM32C071F8P6N, STM32C071FBP6, STM32C071FBP6N, STM32C071FBY6TR, STM32C071G8U6, STM32C071G8U6N, STM32C071GBU6, STM32C071GBU6N, STM32C071K8T6, STM32C071K8T6N, STM32C071K8U6, STM32C071K8U6N, STM32C071KBT6, STM32C071KBT6N, STM32C071KBU6, STM32C071KBU6N, STM32C071R8T6, STM32C071R8T6N, STM32C071RBI6N, STM32C071RBT6, STM32C071RBT6N, STM32C091CBT6, STM32C091CBU6, STM32C091CCT6, STM32C091CCU6, STM32C091ECY6TR, STM32C091FBP6, STM32C091FCP6, STM32C091GBU6, STM32C091GCU6, STM32C091KBT6, STM32C091KBU6, STM32C091KCT6, STM32C091KCU6, STM32C091RBT6, STM32C091RCI6, STM32C091RCT6, STM32C092CBT6, STM32C092CBU6, STM32C092CCT6, STM32C092CCU6, STM32C092ECY6TR, STM32C092FBP6, STM32C092FCP6, STM32C092GBU6, STM32C092GCU6, STM32C092KBT6, STM32C092KBU6, STM32C092KCT6, STM32C092KCU6, STM32C092RBT6, STM32C092RCI6, STM32C092RCT6, STM32G071K8TXN, STM32G071K8UXN, STM32G081GBU6N, STM32G081KBT6N, STM32G081KBUXN, STM32G0B1CCT6N, STM32G0B1KCT6, STM32G0B1NEY6TR, STM32G0B1RCT6N, STM32G0C1CCT6, STM32G0C1CCT6N, STM32G0C1CCU6N, STM32G0C1CET6N, STM32G0C1CEU6N, STM32G0C1KCT6, STM32G0C1NEY6TR, STM32G0C1RCI6N, STM32G0C1RCT6N, STM32G0C1REI6N, STM32G0C1RET6N, STM32G0C1VCI6, STM32G0C1VEI6, STM32G411C6T3, STM32G411C6T6, STM32G411C6U3, STM32G411C6U6, STM32G411C8T3, STM32G411C8T6, STM32G411C8U3, STM32G411C8U6, STM32G411CBT3, STM32G411CBT6, STM32G411CBU3, STM32G411CBU6, STM32G411K6T3, STM32G411K6T6, STM32G411K6U3, STM32G411K6U6, STM32G411K8T3, STM32G411K8T6, STM32G411K8U3, STM32G411K8U6, STM32G411KBT3, STM32G411KBT6, STM32G411KBU3, STM32G411KBU6, STM32G411M6T3, STM32G411M6T6, STM32G411M8T3, STM32G411M8T6, STM32G411MBT3, STM32G411MBT6, STM32G411R6T3, STM32G411R6T6, STM32G411R8T3, STM32G411R8T6, STM32G411RBT3, STM32G411RBT6, STM32G414CBT3, STM32G414CBT6, STM32G414CBU3, STM32G414CBU6, STM32G414CCT3, STM32G414CCT6, STM32G414CCU3, STM32G414CCU6, STM32G414MBT3, STM32G414MBT6, STM32G414MCT3, STM32G414MCT6, STM32G414RBT3, STM32G414RBT6, STM32G414RCT3, STM32G414RCT6, STM32G414VBT3, STM32G414VBT6, STM32G414VCT3, STM32G414VCT6, STM32G431CBT3Z, STM32G431RBT3Z, STM32G471CCT6, STM32G471CCU6, STM32G471CET3, STM32G471CET6, STM32G471CEU3, STM32G471CEU6, STM32G471MCT6, STM32G471MET3, STM32G471MET6, STM32G471MEY6TR, STM32G471QCT6, STM32G471QET3, STM32G471RCT6, STM32G471RET3, STM32G471RET6, STM32G471VCH6, STM32G471VCI6, STM32G471VCT6, STM32G471VEH3, STM32G471VEH6, STM32G471VEI3, STM32G471VEI6, STM32G471VET3, STM32G471VET6, STM32G473QET3Z, STM32G473RET3Z, STM32G474CCT6, STM32G491RET3Z, STM32H503CBT6, STM32H503CBU6, STM32H503EBY6TR, STM32H503KBU6, STM32H503RBT6, STM32H523CCT6, STM32H523CCU6, STM32H523CET6, STM32H523CEU6, STM32H523HEY6TR, STM32H523RCT6, STM32H523RET6, STM32H523VCI6, STM32H523VCT6, STM32H523VEI6, STM32H523VET6, STM32H523ZCJ6, STM32H523ZCT6, STM32H523ZEJ6, STM32H523ZET6, STM32H533CET6, STM32H533CEU6, STM32H533HEY6TR, STM32H533RET6, STM32H533VEI6, STM32H533VET6, STM32H533ZEJ6, STM32H533ZET6, STM32H562AGI6, STM32H562AII6, STM32H562IGK6, STM32H562IGT6, STM32H562IIK6, STM32H562IIT6, STM32H562RGT6, STM32H562RGV6, STM32H562RIT6, STM32H562RIV6, STM32H562VGT6, STM32H562VIT6, STM32H562ZGT6, STM32H562ZIT6, STM32H563AGI6, STM32H563AII3Q, STM32H563AII6, STM32H563IGK6, STM32H563IGT6, STM32H563IIK3Q, STM32H563IIK6, STM32H563IIT3Q, STM32H563IIT6, STM32H563MIY3QTR, STM32H563RGT6, STM32H563RGV6, STM32H563RIT6, STM32H563RIV6, STM32H563VGT6, STM32H563VIT3Q, STM32H563VIT6, STM32H563ZGT6, STM32H563ZIT3Q, STM32H563ZIT6, STM32H573AII3Q, STM32H573AII6, STM32H573I-DK, STM32H573IIK3Q, STM32H573IIK6, STM32H573IIT3Q, STM32H573IIT6, STM32H573MIY3QTR, STM32H573RIT6, STM32H573RIV6, STM32H573VIT3Q, STM32H573VIT6, STM32H573ZIT3Q, STM32H573ZIT6, STM32H7R3A8I6, STM32H7R3I8K6, STM32H7R3I8T6, STM32H7R3L8H6, STM32H7R3L8H6H, STM32H7R3R8V6, STM32H7R3V8H6, STM32H7R3V8T6, STM32H7R3V8Y6TR, STM32H7R3Z8J6, STM32H7R3Z8T6, STM32H7R7A8I6, STM32H7R7I8K6, STM32H7R7I8T6, STM32H7R7L8H6, STM32H7R7L8H6H, STM32H7R7Z8J6, STM32H7S3A8I6, STM32H7S3I8K6, STM32H7S3I8T6, STM32H7S3L8H6, STM32H7S3L8H6H, STM32H7S3R8V6, STM32H7S3V8H6, STM32H7S3V8T6, STM32H7S3V8Y6TR, STM32H7S3Z8J6, STM32H7S3Z8T6, STM32H7S78-DK, STM32H7S7A8I6, STM32H7S7I8K6, STM32H7S7I8T6, STM32H7S7L8H6, STM32H7S7L8H6H, STM32H7S7Z8J6, STM32L4R5QGI6STR, STM32MP131AAE3, STM32MP131AAF3, STM32MP131AAG3, STM32MP131CAE3, STM32MP131CAF3, STM32MP131CAG3, STM32MP131DAE7, STM32MP131DAF7, STM32MP131DAG7, STM32MP131FAE7, STM32MP131FAF7, STM32MP131FAG7, STM32MP133AAE3, STM32MP133AAF3, STM32MP133AAG3, STM32MP133CAE3, STM32MP133CAF3, STM32MP133CAG3, STM32MP133DAE7, STM32MP133DAF7, STM32MP133DAG7, STM32MP133FAE7, STM32MP133FAF7, STM32MP133FAG7, STM32MP135AAE3, STM32MP135AAF3, STM32MP135AAG3, STM32MP135CAE3, STM32MP135CAF3, STM32MP135CAG3, STM32MP135DAE7, STM32MP135DAF7, STM32MP135DAG7, STM32MP135F-DK, STM32MP135FAE7, STM32MP135FAF7, STM32MP135FAF7T, STM32MP135FAF7U, STM32MP135FAG7, STM32MP211AAL3, STM32MP211AAM3, STM32MP211AAN3, STM32MP211AAO3, STM32MP211CAL3, STM32MP211CAM3, STM32MP211CAN3, STM32MP211CAO3, STM32MP211DAL3, STM32MP211DAM3, STM32MP211DAN3, STM32MP211DAO3, STM32MP211FAL3, STM32MP211FAM3, STM32MP211FAN3, STM32MP211FAO3, STM32MP213AAL3, STM32MP213AAM3, STM32MP213AAN3, STM32MP213AAO3, STM32MP213CAL3, STM32MP213CAM3, STM32MP213CAN3, STM32MP213CAO3, STM32MP213DAL3, STM32MP213DAM3, STM32MP213DAN3, STM32MP213DAO3, STM32MP213FAL3, STM32MP213FAM3, STM32MP213FAN3, STM32MP213FAO3, STM32MP215AAL3, STM32MP215AAM3, STM32MP215AAN3, STM32MP215AAO3, STM32MP215CAL3, STM32MP215CAM3, STM32MP215CAN3, STM32MP215CAO3, STM32MP215DAL3, STM32MP215DAM3, STM32MP215DAN3, STM32MP215DAO3, STM32MP215F-DK, STM32MP215FAL3, STM32MP215FAM3, STM32MP215FAN3, STM32MP215FAO3, STM32MP231AAJ3, STM32MP231AAK3, STM32MP231AAL3, STM32MP231CAJ3, STM32MP231CAK3, STM32MP231CAL3, STM32MP231DAJ3, STM32MP231DAK3, STM32MP231DAL3, STM32MP231FAJ3, STM32MP231FAK3, STM32MP231FAL3, STM32MP233AAJ3, STM32MP233AAK3, STM32MP233AAL3, STM32MP233CAJ3, STM32MP233CAK3, STM32MP233CAL3, STM32MP233DAJ3, STM32MP233DAK3, STM32MP233DAL3, STM32MP233FAJ3, STM32MP233FAK3, STM32MP233FAL3, STM32MP235AAJ3, STM32MP235AAK3, STM32MP235AAL3, STM32MP235CAJ3, STM32MP235CAK3, STM32MP235CAL3, STM32MP235DAJ3, STM32MP235DAK3, STM32MP235DAL3, STM32MP235FAJ3, STM32MP235FAK3, STM32MP235FAL3, STM32MP251AAI3, STM32MP251AAK3, STM32MP251AAL3, STM32MP251CAI3, STM32MP251CAK3, STM32MP251CAL3, STM32MP251DAI3, STM32MP251DAK3, STM32MP251DAL3, STM32MP251FAI3, STM32MP251FAK3, STM32MP251FAL3, STM32MP253AAI3, STM32MP253AAK3, STM32MP253AAL3, STM32MP253CAI3, STM32MP253CAK3, STM32MP253CAL3, STM32MP253DAI3, STM32MP253DAK3, STM32MP253DAL3, STM32MP253FAI3, STM32MP253FAK3, STM32MP253FAL3, STM32MP255AAI3, STM32MP255AAK3, STM32MP255AAL3, STM32MP255CAI3, STM32MP255CAK3, STM32MP255CAL3, STM32MP255DAI3, STM32MP255DAK3, STM32MP255DAL3, STM32MP255FAI3, STM32MP255FAK3, STM32MP255FAL3, STM32MP257AAI3, STM32MP257AAK3, STM32MP257AAL3, STM32MP257CAI3, STM32MP257CAK3, STM32MP257CAL3, STM32MP257DAI3, STM32MP257DAK3, STM32MP257DAL3, STM32MP257F-DK, STM32MP257F-EV1, STM32MP257FAI3, STM32MP257FAK3, STM32MP257FAL3, STM32N645A0H3Q, STM32N645B0H3Q, STM32N645I0H3Q, STM32N645L0H3Q, STM32N645X0H3Q, STM32N645Z0H3Q, STM32N647A0H3Q, STM32N647B0H3Q, STM32N647I0H3Q, STM32N647L0H3Q, STM32N647X0H3Q, STM32N647Z0H3Q, STM32N655A0H3Q, STM32N655B0H3Q, STM32N655I0H3Q, STM32N655L0H3Q, STM32N655X0H3Q, STM32N655Z0H3Q, STM32N6570-DK, STM32N657A0H3Q, STM32N657B0H3Q, STM32N657I0H3Q, STM32N657L0H3Q, STM32N657X0H3Q, STM32N657Z0H3Q, STM32U031C6T6, STM32U031C6U6, STM32U031C8T6, STM32U031C8U6, STM32U031F4P6, STM32U031F6P6, STM32U031F8P6, STM32U031G6Y6TR, STM32U031G8Y6TR, STM32U031K4U6, STM32U031K6U6, STM32U031K8U6, STM32U031R6I6, STM32U031R6T6, STM32U031R8I6, STM32U031R8T6, STM32U073C8T6, STM32U073C8U6, STM32U073CBT6, STM32U073CBU6, STM32U073CCT6, STM32U073CCU6, STM32U073H8Y6TR, STM32U073HBY6TR, STM32U073HCY6TR, STM32U073K8U6, STM32U073KBU6, STM32U073KCU6, STM32U073M8I6, STM32U073M8T6, STM32U073MBI6, STM32U073MBT6, STM32U073MCI6, STM32U073MCT6, STM32U073R8I6, STM32U073R8T6, STM32U073RBI6, STM32U073RBT6, STM32U073RCI6, STM32U073RCT6, STM32U083C-DK, STM32U083CCT6, STM32U083CCU6, STM32U083HCY6TR, STM32U083KCU6, STM32U083MCI6, STM32U083MCT6, STM32U083RCI6, STM32U083RCT6, STM32U375CET6, STM32U375CET6Q, STM32U375CEU6, STM32U375CEU6Q, STM32U375CEY6QTR, STM32U375CGT6, STM32U375CGT6Q, STM32U375CGU6, STM32U375CGU6Q, STM32U375CGY6QTR, STM32U375KEU6, STM32U375KGU6, STM32U375REI6, STM32U375REI6Q, STM32U375RET6, STM32U375RET6Q, STM32U375REY6GTR, STM32U375REY6QTR, STM32U375RGI6, STM32U375RGI6Q, STM32U375RGT6, STM32U375RGT6Q, STM32U375RGY6GTR, STM32U375RGY6QTR, STM32U375VEI6, STM32U375VEI6Q, STM32U375VET6, STM32U375VET6Q, STM32U375VGI6, STM32U375VGI6Q, STM32U375VGT6, STM32U375VGT6Q, STM32U385CGT6, STM32U385CGT6Q, STM32U385CGU6, STM32U385CGU6Q, STM32U385CGY6QTR, STM32U385KGU6, STM32U385RGI6, STM32U385RGI6Q, STM32U385RGT6, STM32U385RGT6Q, STM32U385RGY6GTR, STM32U385RGY6QTR, STM32U385VGI6, STM32U385VGI6Q, STM32U385VGT6, STM32U385VGT6Q, STM32U535CBT6, STM32U535CBT6Q, STM32U535CBU6, STM32U535CBU6Q, STM32U535CCT6, STM32U535CCT6Q, STM32U535CCU6, STM32U535CCU6Q, STM32U535CET6, STM32U535CET6Q, STM32U535CEU6, STM32U535CEU6Q, STM32U535JEY6QTR, STM32U535NCY6QTR, STM32U535NEY6QTR, STM32U535RBI6, STM32U535RBI6Q, STM32U535RBT6, STM32U535RBT6Q, STM32U535RCI6, STM32U535RCI6Q, STM32U535RCT6, STM32U535RCT6Q, STM32U535REI6, STM32U535REI6Q, STM32U535RET6, STM32U535RET6Q, STM32U535VCI6, STM32U535VCI6Q, STM32U535VCT6, STM32U535VCT6Q, STM32U535VEI6, STM32U535VEI6Q, STM32U535VET6, STM32U535VET6Q, STM32U545CET6, STM32U545CET6Q, STM32U545CEU6, STM32U545CEU6Q, STM32U545JEY6QTR, STM32U545NEY6QTR, STM32U545REI6, STM32U545REI6Q, STM32U545RET6, STM32U545RET6Q, STM32U545VEI6, STM32U545VEI6Q, STM32U545VET6, STM32U545VET6Q, STM32U595AIH6, STM32U595AIH6Q, STM32U595AJH6, STM32U595AJH6Q, STM32U595QII6, STM32U595QII6Q, STM32U595QJI6, STM32U595QJI6Q, STM32U595RIT6, STM32U595RIT6Q, STM32U595RJT6, STM32U595RJT6Q, STM32U595VIT6, STM32U595VIT6Q, STM32U595VJT6, STM32U595VJT6Q, STM32U595ZIT6, STM32U595ZIT6Q, STM32U595ZIY6QTR, STM32U595ZJT6, STM32U595ZJT6Q, STM32U595ZJY6QTR, STM32U599BJY6QTR, STM32U599NIH6Q, STM32U599NJH6Q, STM32U599VIT6Q, STM32U599VJT6, STM32U599VJT6Q, STM32U599ZIT6Q, STM32U599ZIY6QTR, STM32U599ZJT6Q, STM32U599ZJY6QTR, STM32U5A5AJH6, STM32U5A5AJH6Q, STM32U5A5QII3Q , STM32U5A5QJI6, STM32U5A5QJI6Q, STM32U5A5RJT6, STM32U5A5RJT6Q, STM32U5A5VJT6, STM32U5A5VJT6Q, STM32U5A5ZJT6, STM32U5A5ZJT6Q, STM32U5A5ZJY6QTR, STM32U5A9BJY6QTR, STM32U5A9J-DK, STM32U5A9NJH6Q, STM32U5A9VJT6Q, STM32U5A9ZJT6Q, STM32U5A9ZJY6QTR, STM32U5F7VIT6, STM32U5F7VIT6Q, STM32U5F7VJT6, STM32U5F7VJT6Q, STM32U5F9BJY6QTR, STM32U5F9NJH6Q, STM32U5F9VIT6Q, STM32U5F9VJT6Q, STM32U5F9ZIJ6QTR, STM32U5F9ZIT6Q, STM32U5F9ZJJ6QTR, STM32U5F9ZJT6Q, STM32U5G7VJT6, STM32U5G7VJT6Q, STM32U5G9BJY6QTR, STM32U5G9J-DK1, STM32U5G9J-DK2, STM32U5G9NJH6Q, STM32U5G9VJT6Q, STM32U5G9ZJJ6QTR, STM32U5G9ZJT6Q, STM32WB05KZV6TR, STM32WB05KZV7TR, STM32WB05TZF6TR, STM32WB05TZF7TR, STM32WB06CCF6TR, STM32WB06CCF7TR, STM32WB06CCV6TR, STM32WB06CCV7TR, STM32WB06KCV6TR, STM32WB06KCV7TR, STM32WB07CCF6TR, STM32WB07CCF7TR, STM32WB07CCV6TR, STM32WB07CCV7TR, STM32WB07KCV6TR, STM32WB07KCV7TR, STM32WB09KEV6TR, STM32WB09KEV7TR, STM32WB09TEF6TR, STM32WB09TEF7TR, STM32WB1MMCH6, STM32WBA50KGU6, STM32WBA50KGU6TR, STM32WBA52CEU6, STM32WBA52CEU6TR, STM32WBA52CEU7, STM32WBA52CEU7TR, STM32WBA52CGU6, STM32WBA52CGU6TR, STM32WBA52CGU6U, STM32WBA52CGU7, STM32WBA52CGU7TR, STM32WBA52KEU6, STM32WBA52KEU6TR, STM32WBA52KGU6, STM32WBA52KGU6TR, STM32WBA54CEU6, STM32WBA54CEU6TR, STM32WBA54CEU7, STM32WBA54CEU7TR, STM32WBA54CGU6, STM32WBA54CGU6TR, STM32WBA54CGU7, STM32WBA54CGU7TR, STM32WBA54KEU6, STM32WBA54KEU6TR, STM32WBA54KEU7, STM32WBA54KEU7TR, STM32WBA54KGU6, STM32WBA54KGU6TR, STM32WBA54KGU7, STM32WBA54KGU7TR, STM32WBA55CEU6, STM32WBA55CEU6TR, STM32WBA55CEU7, STM32WBA55CEU7TR, STM32WBA55CGU6, STM32WBA55CGU6TR, STM32WBA55CGU6U, STM32WBA55CGU7, STM32WBA55CGU7TR, STM32WBA55G-DK1, STM32WBA55HEF6, STM32WBA55HEF7, STM32WBA55HGF6, STM32WBA55HGF7, STM32WBA55UEI6, STM32WBA55UEI6TR, STM32WBA55UEI7, STM32WBA55UEI7TR, STM32WBA55UGI6, STM32WBA55UGI6TR, STM32WBA55UGI7, STM32WBA55UGI7TR, STM32WBA5MMGH6TR, STM32WBA62MGF6, STM32WBA62MIF6, STM32WBA65MGF7, STM32WBA65MIF6, STM32WBA65MIF7, STM32WL30K8V6, STM32WL30KBV6, STM32WL31C8V6, STM32WL31CBV6, STM32WL31K8V6, STM32WL31KBV6, STM32WL33C8V6, STM32WL33C8V6X, STM32WL33CBV6, STM32WL33CBV6X, STM32WL33CCV6, STM32WL33CCV6A, STM32WL33CCV6X, STM32WL33K8V7, STM32WL33K8V7X, STM32WL33KBV7 , STM32WL33KBV7X, STM32WL33KCV7, STM32WL33KCV7X, STM32WL5MOCH6, STM32WL5MOCH6TR]
2025-12-29 12:51:27,392 [INFO] BoardInfo:889 - No configuration file found for board P-NUCLEO-WB55
2025-12-29 12:51:27,395 [INFO] DbBoards:161 - Kit is not supported: P-NUCLEO-WB55
2025-12-29 12:51:27,404 [INFO] BoardInfo:889 - No configuration file found for board STEVAL-BFA001V1B
2025-12-29 12:51:27,405 [INFO] DbBoards:161 - Kit is not supported: STEVAL-BFA001V1B
2025-12-29 12:51:27,406 [INFO] BoardInfo:889 - No configuration file found for board STEVAL-BFA001V2B
2025-12-29 12:51:27,407 [INFO] DbBoards:161 - Kit is not supported: STEVAL-BFA001V2B
2025-12-29 12:51:27,624 [INFO] DbBoards:168 - Found 212 boards, 209 are supported
2025-12-29 12:51:27,624 [INFO] DbBoards:169 - Found 212 boards, 43 of them is supported for  Bsp
2025-12-29 12:51:27,627 [INFO] ApiDb:423 - Load user favorites file C:\Users\aditi/.stm32cubeide/favorites.boards.txt: 1 item(s)
2025-12-29 12:51:27,628 [INFO] ApiDb:427 - User favorites Boards=[STM32F407G-DISC1]
2025-12-29 12:51:27,628 [INFO] DbBoards:198 - Set 1 / 1 favorites Boards
2025-12-29 12:51:27,628 [INFO] McuFinderGlobals:76 - Set McuFinderConnectedMode to true
2025-12-29 12:51:27,637 [INFO] MultiScanPanel:200 - Auto-refresh data requested => check proxy status ongoing
2025-12-29 12:51:27,640 [INFO] FinderPluginLoader:96 - Searching for filters in installed packs
2025-12-29 12:51:28,855 [INFO] LoadUrlFilesThread:185 - End of LoadServerUrlFiles without Thread
2025-12-29 12:51:28,868 [INFO] DetailPanel:341 - Set advertising image to C:/Users/aditi/STM32Cube/Repository/\en.prom-st67w-expansion-board.png
2025-12-29 12:51:33,136 [INFO] MultiScanPanel:200 - Auto-refresh data requested => check proxy status ongoing
2025-12-29 12:51:33,231 [INFO] LoadUrlFilesThread:185 - End of LoadServerUrlFiles without Thread
2025-12-29 12:51:33,231 [INFO] DetailPanel:341 - Set advertising image to C:/Users/aditi/STM32Cube/Repository/\en.prom-st67w-expansion-board.png
2025-12-29 12:51:33,250 [INFO] DbBoards:642 - Loading board mini-images...
2025-12-29 12:51:34,755 [ERROR] DbBoards:659 - Image file not found for board STM32MP215F-DK: C:\Users\aditi\.stmcufinder\plugins\mcufinder//mcu//boards_images/STM32MP215F-DK.jpg
2025-12-29 12:51:34,831 [INFO] DbBoards:665 - Loaded 211 board mini-images
2025-12-29 12:51:51,666 [INFO] MainUpdater:2872 - connection check result : 10
2025-12-29 12:51:51,666 [INFO] MainUpdater:2872 - connection check result : 10
2025-12-29 12:51:51,692 [INFO] MicroXplorer:468 - Change Database Path : 
2025-12-29 12:51:51,692 [INFO] MicroXplorer:498 - Change Database Version : DB.6.0.150
2025-12-29 12:51:51,696 [WARN] ThirdParty:871 - waiting for thirdparty lock release [close project]
2025-12-29 12:51:51,696 [INFO] ThirdParty:873 - entering critical section [close project]
2025-12-29 12:51:51,696 [INFO] ThirdParty:883 - exiting critical section [close project]
2025-12-29 12:51:51,698 [INFO] PinOutPanel:1589 - setPackage(No Configuration,No Configuration)
2025-12-29 12:51:51,699 [INFO] UtilMem:75 - Begin LoadConfig() Used Memory: 586510696 Bytes (751828992)
2025-12-29 12:51:51,701 [INFO] OpenFileManager:355 - Change cursor
2025-12-29 12:51:51,723 [INFO] ProjectFactory:514 - No CPN specified for board STM32F407G-DISC1 => set CPN to STM32F407VGT6
2025-12-29 12:51:51,724 [INFO] Mcu:2029 - Initializing MCU STM32F407V(E-G)Tx STM32F407VGTx STM32F407VGT6
2025-12-29 12:51:52,985 [INFO] Context:786 - Trying to add GPIOservice into a context  which must be forbidden
2025-12-29 12:51:53,383 [INFO] Rule:233 - rule 117617 - U5Cobra4M][GTZC] default value MPCBB3 and MPCBB5 - Not Secured memory - MPCBB1 is applicable
2025-12-29 12:51:53,384 [INFO] Rule:233 - rule 117617 - U5Cobra4M][GTZC] default value MPCBB3 and MPCBB5 - Not Secured memory - MPCBB1 is applicable
2025-12-29 12:51:53,384 [INFO] Rule:233 - rule 117617 - U5Cobra4M][GTZC] default value MPCBB3 and MPCBB5 - Not Secured memory - MPCBB2 is applicable
2025-12-29 12:51:53,384 [INFO] Rule:233 - rule 117617 - U5Cobra4M][GTZC] default value MPCBB3 and MPCBB5 - Not Secured memory - MPCBB2 is applicable
2025-12-29 12:51:53,384 [INFO] Rule:233 - rule 117617 - U5Cobra4M][GTZC] default value MPCBB3 and MPCBB5 - Not Secured memory - MPCBB3 is applicable
2025-12-29 12:51:53,384 [INFO] Rule:233 - rule 117617 - U5Cobra4M][GTZC] default value MPCBB3 and MPCBB5 - Not Secured memory - MPCBB3 is applicable
2025-12-29 12:51:53,384 [INFO] Rule:233 - rule 117617 - U5Cobra4M][GTZC] default value MPCBB3 and MPCBB5 - Not Secured memory - MPCBB4 is applicable
2025-12-29 12:51:53,384 [INFO] Rule:233 - rule 117617 - U5Cobra4M][GTZC] default value MPCBB3 and MPCBB5 - Not Secured memory - MPCBB4 is applicable
2025-12-29 12:51:53,384 [INFO] Rule:233 - rule 117617 - U5Cobra4M][GTZC] default value MPCBB3 and MPCBB5 - Secured memory - MPCBB1 is applicable
2025-12-29 12:51:53,385 [INFO] Rule:233 - rule 117617 - U5Cobra4M][GTZC] default value MPCBB3 and MPCBB5 - Secured memory - MPCBB2 is applicable
2025-12-29 12:51:53,385 [INFO] Rule:233 - rule 117617 - U5Cobra4M][GTZC] default value MPCBB3 and MPCBB5 - Secured memory - MPCBB3 is applicable
2025-12-29 12:51:53,385 [INFO] Rule:233 - rule 117617 - U5Cobra4M][GTZC] default value MPCBB3 and MPCBB5 - Secured memory - MPCBB4 is applicable
2025-12-29 12:51:53,385 [INFO] Rule:233 - rule 117617 - U5Cobra4M][GTZC] default value MPCBB3 and MPCBB5 - Privileged memory - MPCBB1 is applicable
2025-12-29 12:51:53,385 [INFO] Rule:233 - rule 117617 - U5Cobra4M][GTZC] default value MPCBB3 and MPCBB5 - Privileged memory - MPCBB2 is applicable
2025-12-29 12:51:53,385 [INFO] Rule:233 - rule 117617 - U5Cobra4M][GTZC] default value MPCBB3 and MPCBB5 - Privileged memory - MPCBB3 is applicable
2025-12-29 12:51:53,385 [INFO] Rule:233 - rule 117617 - U5Cobra4M][GTZC] default value MPCBB3 and MPCBB5 - Privileged memory - MPCBB4 is applicable
2025-12-29 12:51:53,385 [INFO] Rule:233 - rule 117617 - U5Cobra4M][GTZC] default value MPCBB3 and MPCBB5 - Not Privileged memory - MPCBB1 is applicable
2025-12-29 12:51:53,385 [INFO] Rule:233 - rule 117617 - U5Cobra4M][GTZC] default value MPCBB3 and MPCBB5 - Not Privileged memory - MPCBB2 is applicable
2025-12-29 12:51:53,385 [INFO] Rule:233 - rule 117617 - U5Cobra4M][GTZC] default value MPCBB3 and MPCBB5 - Not Privileged memory - MPCBB3 is applicable
2025-12-29 12:51:53,385 [INFO] Rule:233 - rule 117617 - U5Cobra4M][GTZC] default value MPCBB3 and MPCBB5 - Not Privileged memory - MPCBB4 is applicable
2025-12-29 12:51:53,386 [INFO] Rule:233 - rule 117617 - U5Cobra4M][GTZC] default value MPCBB3 and MPCBB5 - Privileged memory - MPCBB1 is applicable
2025-12-29 12:51:53,386 [INFO] Rule:233 - rule 117617 - U5Cobra4M][GTZC] default value MPCBB3 and MPCBB5 - Privileged memory - MPCBB2 is applicable
2025-12-29 12:51:53,386 [INFO] Rule:233 - rule 117617 - U5Cobra4M][GTZC] default value MPCBB3 and MPCBB5 - Privileged memory - MPCBB3 is applicable
2025-12-29 12:51:53,386 [INFO] Rule:233 - rule 117617 - U5Cobra4M][GTZC] default value MPCBB3 and MPCBB5 - Privileged memory - MPCBB4 is applicable
2025-12-29 12:51:53,386 [INFO] Rule:233 - rule 117617 - U5Cobra4M][GTZC] default value MPCBB3 and MPCBB5 - Privileged memory - MPCBB1 is applicable
2025-12-29 12:51:53,386 [INFO] Rule:233 - rule 117617 - U5Cobra4M][GTZC] default value MPCBB3 and MPCBB5 - Privileged memory - MPCBB2 is applicable
2025-12-29 12:51:53,386 [INFO] Rule:233 - rule 117617 - U5Cobra4M][GTZC] default value MPCBB3 and MPCBB5 - Privileged memory - MPCBB3 is applicable
2025-12-29 12:51:53,386 [INFO] Rule:233 - rule 117617 - U5Cobra4M][GTZC] default value MPCBB3 and MPCBB5 - Privileged memory - MPCBB4 is applicable
2025-12-29 12:51:53,386 [INFO] Rule:233 - rule 117617 - U5Cobra4M][GTZC] default value MPCBB3 and MPCBB5 - Not Privileged memory - MPCBB1 is applicable
2025-12-29 12:51:53,386 [INFO] Rule:233 - rule 117617 - U5Cobra4M][GTZC] default value MPCBB3 and MPCBB5 - Not Privileged memory - MPCBB2 is applicable
2025-12-29 12:51:53,386 [INFO] Rule:233 - rule 117617 - U5Cobra4M][GTZC] default value MPCBB3 and MPCBB5 - Not Privileged memory - MPCBB3 is applicable
2025-12-29 12:51:53,386 [INFO] Rule:233 - rule 117617 - U5Cobra4M][GTZC] default value MPCBB3 and MPCBB5 - Not Privileged memory - MPCBB4 is applicable
2025-12-29 12:51:53,387 [INFO] Rule:233 - rule 117617 - U5Cobra4M][GTZC] default value MPCBB3 and MPCBB5 - Privileged memory - MPCBB1 is applicable
2025-12-29 12:51:53,387 [INFO] Rule:233 - rule 117617 - U5Cobra4M][GTZC] default value MPCBB3 and MPCBB5 - Privileged memory - MPCBB2 is applicable
2025-12-29 12:51:53,387 [INFO] Rule:233 - rule 117617 - U5Cobra4M][GTZC] default value MPCBB3 and MPCBB5 - Privileged memory - MPCBB3 is applicable
2025-12-29 12:51:53,387 [INFO] Rule:233 - rule 117617 - U5Cobra4M][GTZC] default value MPCBB3 and MPCBB5 - Privileged memory - MPCBB4 is applicable
2025-12-29 12:51:53,387 [INFO] Rule:233 - rule Rename SubGHz_Phy SUBGHZ_APPLICATION SUBGHZ_PINGPONG to SUBGHZ_ADV_APPLICATION is applicable
2025-12-29 12:51:53,387 [INFO] Rule:233 - rule Rename Enabled to IBEACON is applicable
2025-12-29 12:51:53,387 [INFO] Rule:233 - rule GTZC_S instance for project manager is applicable
2025-12-29 12:51:53,388 [INFO] Rule:233 - rule GTZC_S instance for context M33S is applicable
2025-12-29 12:51:53,388 [INFO] Rule:233 - rule GTZC_S instance value for IP GTZC is applicable
2025-12-29 12:51:53,388 [INFO] Rule:233 - rule GTZC_S instance for mcu.IP is applicable
2025-12-29 12:51:53,388 [INFO] Rule:233 - rule GTZC_S instance for VP is applicable
2025-12-29 12:51:53,388 [INFO] Rule:233 - rule GTZC_S instance for signal is applicable
2025-12-29 12:51:53,388 [INFO] Rule:233 - rule GTZC_S instance for mcu.Pin is applicable
2025-12-29 12:51:53,388 [INFO] Rule:233 - rule GTZC_S instance for VP is applicable
2025-12-29 12:51:53,388 [INFO] Rule:233 - rule GTZC_S instance for signal is applicable
2025-12-29 12:51:53,388 [INFO] Rule:233 - rule GTZC_S instance for mcu is applicable
2025-12-29 12:51:53,388 [INFO] Rule:233 - rule GTZC_S instance for mcu.Pin is applicable
2025-12-29 12:51:53,388 [INFO] Rule:233 - rule GTZC_S instance value for IP GTZC is applicable
2025-12-29 12:51:53,389 [INFO] Rule:233 - rule GTZC_S instance for project manager is applicable
2025-12-29 12:51:53,389 [INFO] Rule:233 - rule GTZC_S instance for context M33S is applicable
2025-12-29 12:51:53,389 [INFO] Rule:233 - rule GTZC_S instance for VP is applicable
2025-12-29 12:51:53,389 [INFO] Rule:233 - rule GTZC_S instance for signal is applicable
2025-12-29 12:51:53,389 [INFO] Rule:233 - rule SPDIFRX instance for mcu is applicable
2025-12-29 12:51:53,389 [INFO] Rule:233 - rule Rename Tracer Mode is applicable
2025-12-29 12:51:53,389 [INFO] Rule:233 - rule SPDIFRX instance value for IP SPDIFRX is applicable
2025-12-29 12:51:53,389 [INFO] Rule:233 - rule SPDIFRX instance for signal is applicable
2025-12-29 12:51:53,389 [INFO] Rule:233 - rule SPDIFRX instance for project manager is applicable
2025-12-29 12:51:53,389 [INFO] Rule:233 - rule SPDIFRX instance for project manager is applicable
2025-12-29 12:51:53,389 [INFO] Rule:233 - rule ADC Scan  fix with FW F7 is applicable
2025-12-29 12:51:53,389 [INFO] Rule:233 - rule ADC Scan  fix with FW F7 is applicable
2025-12-29 12:51:53,390 [INFO] Rule:233 - rule WakeUp0 Mode is applicable
2025-12-29 12:51:53,390 [INFO] Rule:233 - rule WakeUp0 SIGNAL is applicable
2025-12-29 12:51:53,390 [INFO] Rule:233 - rule WakeUp1 Mode is applicable
2025-12-29 12:51:53,390 [INFO] Rule:233 - rule WakeUp1 SIGNAL is applicable
2025-12-29 12:51:53,390 [INFO] Rule:233 - rule WakeUp2 Mode is applicable
2025-12-29 12:51:53,390 [INFO] Rule:233 - rule WakeUp2 SIGNAL is applicable
2025-12-29 12:51:53,390 [INFO] Rule:233 - rule WakeUp4 Mode is applicable
2025-12-29 12:51:53,390 [INFO] Rule:233 - rule WakeUp4 SIGNAL is applicable
2025-12-29 12:51:53,391 [INFO] Rule:233 - rule WakeUp5 Mode is applicable
2025-12-29 12:51:53,391 [INFO] Rule:233 - rule WakeUp5 SIGNAL is applicable
2025-12-29 12:51:53,391 [INFO] Rule:233 - rule UART/USART WORD LENGTH 7 is applicable
2025-12-29 12:51:53,391 [INFO] Rule:233 - rule UART/USART WORD LENGTH 8 is applicable
2025-12-29 12:51:53,391 [INFO] Rule:233 - rule UART/USART WORD LENGTH 9 is applicable
2025-12-29 12:51:53,391 [INFO] Rule:233 - rule Change Default Value for LSE Drive Capability for WB family is applicable
2025-12-29 12:51:53,391 [INFO] Rule:233 - rule Change Default Value for ADC Clock Prescaler G0 family is applicable
2025-12-29 12:51:53,391 [INFO] Rule:233 - rule ADC SamplingTime fix with FW L0  is applicable
2025-12-29 12:51:53,391 [INFO] Rule:233 - rule ADC SamplingTime fix with FW L0  is applicable
2025-12-29 12:51:53,391 [INFO] Rule:233 - rule ADC SamplingTime fix with FW L0 is applicable
2025-12-29 12:51:53,391 [INFO] Rule:233 - rule ADC SamplingTime fix with FW L0 is applicable
2025-12-29 12:51:53,391 [INFO] Rule:233 - rule ADC SamplingTime fix with FW L0  is applicable
2025-12-29 12:51:53,391 [INFO] Rule:233 - rule ADC SamplingTime fix with FW L0 is applicable
2025-12-29 12:51:53,391 [INFO] Rule:233 - rule Rename USB_OE Signal is applicable
2025-12-29 12:51:53,391 [INFO] Rule:233 - rule Rename Activate_OE Mode is applicable
2025-12-29 12:51:53,391 [INFO] Rule:233 - rule Rename DIE462/DIE415 pin PC14/OSC32_IN -> PC14-OSC32_IN (PC14) is applicable
2025-12-29 12:51:53,391 [INFO] Rule:233 - rule Rename DIE462/DIE415 pin PC15/OSC32_OUT -> PC15-OSC32_OUT (PC15) is applicable
2025-12-29 12:51:53,391 [INFO] Rule:233 - rule Rename DIE462/DIE415 pin PH0/OSC_IN -> PH0-OSC_IN (PH0) is applicable
2025-12-29 12:51:53,392 [INFO] Rule:233 - rule Rename DIE462/DIE415 pin PH1/OSC_OUT -> PH1-OSC_OUT (PH1) is applicable
2025-12-29 12:51:53,392 [INFO] Rule:233 - rule Rename DIE462 pin PA13 -> PA13 (JTMS/SWDIO) is applicable
2025-12-29 12:51:53,392 [INFO] Rule:233 - rule Rename DIE415 pin PA13 -> PA13 (JTMS/SWDIO) is applicable
2025-12-29 12:51:53,392 [INFO] Rule:233 - rule Rename DIE462 pin PA14 -> PA14 (JTCK/SWCLK) is applicable
2025-12-29 12:51:53,392 [INFO] Rule:233 - rule Rename DIE415 pin PA14 -> PA14 (JTCK/SWCLK) is applicable
2025-12-29 12:51:53,392 [INFO] Rule:233 - rule Rename DIE462/DIE415 pin PA15 -> PA15 (JTDI) is applicable
2025-12-29 12:51:53,392 [INFO] Rule:233 - rule Rename DIE462 pin PB3 -> PB3 (JTD0/TRACESWO) is applicable
2025-12-29 12:51:53,392 [INFO] Rule:233 - rule Rename DIE415 pin PB3 -> PB3 (JTD0-TRACESWO) is applicable
2025-12-29 12:51:53,392 [INFO] Rule:233 - rule Rename DIE462/DIE415 pin PB4 -> PB4 (NJTRST) is applicable
2025-12-29 12:51:53,392 [INFO] Rule:233 - rule Rename DIE462 pin PH3/BOOT0 -> PH3-BOOT0 (BOOT0) is applicable
2025-12-29 12:51:53,392 [INFO] Rule:233 - rule Rename CRYP DataEncryptionTypesList to Algorithm is applicable
2025-12-29 12:51:53,392 [INFO] Rule:233 - rule Rename AES DataEncryptionTypesList to Algorithm is applicable
2025-12-29 12:51:53,392 [INFO] Rule:233 - rule Rename TDESECB to CRYP_TDES_ECB is applicable
2025-12-29 12:51:53,392 [INFO] Rule:233 - rule Rename TDESCBC to CRYP_TDES_CBC is applicable
2025-12-29 12:51:53,392 [INFO] Rule:233 - rule Rename DESECB to CRYP_DES_ECB is applicable
2025-12-29 12:51:53,392 [INFO] Rule:233 - rule Rename DESCBC to CRYP_DES_CBC is applicable
2025-12-29 12:51:53,392 [INFO] Rule:233 - rule Rename AESECB to CRYP_AES_ECB is applicable
2025-12-29 12:51:53,392 [INFO] Rule:233 - rule Rename AESCBC to CRYP_AES_CBC is applicable
2025-12-29 12:51:53,392 [INFO] Rule:233 - rule Rename AESCTR to CRYP_AES_CTR is applicable
2025-12-29 12:51:53,392 [INFO] Rule:233 - rule Rename AESGCM to CRYP_AES_GCM is applicable
2025-12-29 12:51:53,392 [INFO] Rule:233 - rule Rename AESCCM to CRYP_AES_CCM is applicable
2025-12-29 12:51:53,392 [INFO] Rule:233 - rule Rename CAN TimeSeg1 to BS1 is applicable
2025-12-29 12:51:53,392 [INFO] Rule:233 - rule Rename CAN TimeSeg2 to BS2 is applicable
2025-12-29 12:51:53,392 [INFO] Rule:233 - rule Rename CAN SyncJumpWidth to SJW is applicable
2025-12-29 12:51:53,392 [INFO] Rule:233 - rule TimeTriggeredMode to TTCM is applicable
2025-12-29 12:51:53,392 [INFO] Rule:233 - rule Rename CAN AutoBusOff to ABOM is applicable
2025-12-29 12:51:53,392 [INFO] Rule:233 - rule Rename CAN AutoWakeUp to AWUM is applicable
2025-12-29 12:51:53,392 [INFO] Rule:233 - rule Rename CAN AutoRetransmission to NART is applicable
2025-12-29 12:51:53,393 [INFO] Rule:233 - rule Rename CAN ReceiveFifoLocked to RFLM is applicable
2025-12-29 12:51:53,393 [INFO] Rule:233 - rule Rename CAN TransmitFifoPriority to TXFP is applicable
2025-12-29 12:51:53,393 [INFO] Rule:233 - rule Rename HRTIMER HRTIM_OUTPUTFAULTLEVEL_HIGH in HRTIMER HRTIM_OUTPUTFAULTLEVEL_HIGHZ is applicable
2025-12-29 12:51:53,393 [INFO] Rule:233 - rule Rename TIMER TIM_CLEARINPUTSOURCE_OCREFCLR in  TIMER TIM_CLEARINPUTSOURCE_NONE for F7 family is applicable
2025-12-29 12:51:53,393 [INFO] Rule:233 - rule FDCAN_R1 - Rename FDCAN mode Master into Classic is applicable
2025-12-29 12:51:53,393 [INFO] Rule:233 - rule FDCAN_R2 - Rename FDCAN mode Slave into Classic is applicable
2025-12-29 12:51:53,393 [INFO] Rule:233 - rule FDCAN1_R3 - if PA10.Mode=FullDuplex, add Pin PA12 is applicable
2025-12-29 12:51:53,393 [INFO] Rule:233 - rule FDCAN1_R3 - if PA9.Mode=FullDuplex, add Pin PA11 is applicable
2025-12-29 12:51:53,393 [INFO] Rule:233 - rule FDCAN1_R3 - Alternatepin_1 - if PE1.Mode=FullDuplex, add Pin PB9 is applicable
2025-12-29 12:51:53,393 [INFO] Rule:233 - rule FDCAN1_R3 - Alternatepin_1 - if PE0.Mode=FullDuplex, add Pin PB8 is applicable
2025-12-29 12:51:53,393 [INFO] Rule:233 - rule FDCAN1_R3 - Alternatepin_2 - if PD5.Mode=FullDuplex, add Pin PD1 is applicable
2025-12-29 12:51:53,393 [INFO] Rule:233 - rule FDCAN1_R3 - Alternatepin_2 - if PD4.Mode=FullDuplex, add Pin PD0 is applicable
2025-12-29 12:51:53,393 [INFO] Rule:233 - rule FDCAN1_R4 - Rename Mode FullDuplex into Enable FDCAN_TXFD for pin PA10 is applicable
2025-12-29 12:51:53,393 [INFO] Rule:233 - rule FDCAN1_R4 - Rename Mode FullDuplex into Enable FDCAN_TXFD for pin PA9 is applicable
2025-12-29 12:51:53,393 [INFO] Rule:233 - rule FDCAN1_R4 - Alternatepin_1 - Rename Mode FullDuplex into Enable FDCAN_TXFD for pin PE1 is applicable
2025-12-29 12:51:53,393 [INFO] Rule:233 - rule FDCAN1_R4 - Alternatepin_1 - Rename Mode FullDuplex into Enable FDCAN_TXFD for pin PE0 is applicable
2025-12-29 12:51:53,393 [INFO] Rule:233 - rule FDCAN1_R4 - Alternatepin_2 - Rename Mode FullDuplex into Enable FDCAN_TXFD for pin PD5 is applicable
2025-12-29 12:51:53,393 [INFO] Rule:233 - rule FDCAN1_R4 - Alternatepin_2 - Rename Mode FullDuplex into Enable FDCAN_TXFD for pin PD4 is applicable
2025-12-29 12:51:53,393 [INFO] Rule:233 - rule FDCAN2_R3 - if PD10.Mode=FullDuplex, add Pin PB13 is applicable
2025-12-29 12:51:53,393 [INFO] Rule:233 - rule FDCAN2_R3 - if PD9.Mode=FullDuplex, add Pin PB12 is applicable
2025-12-29 12:51:53,393 [INFO] Rule:233 - rule FDCAN2_R3 - Alternatepin_1 - if PB7.Mode=FullDuplex, add Pin PB6 is applicable
2025-12-29 12:51:53,393 [INFO] Rule:233 - rule FDCAN2_R3 - Alternatepin_1 - if PD9.Mode=FullDuplex, add Pin PB12 is applicable
2025-12-29 12:51:53,393 [INFO] Rule:233 - rule FDCAN2_R4 - Rename Mode FullDuplex into Enable FDCAN_TXFD for pin PD10 is applicable
2025-12-29 12:51:53,393 [INFO] Rule:233 - rule FDCAN2_R4 - Rename Mode FullDuplex into Enable FDCAN_TXFD for pin PD9 is applicable
2025-12-29 12:51:53,393 [INFO] Rule:233 - rule FDCAN2_R4 - Alternatepin_1 - Rename Mode FullDuplex into Enable FDCAN_TXFD for pin PB7 is applicable
2025-12-29 12:51:53,393 [INFO] Rule:233 - rule FDCAN2_R4 - Alternatepin_1 - Rename Mode FullDuplex into Enable FDCAN_TXFD for pin PD6 is applicable
2025-12-29 12:51:53,393 [INFO] Rule:233 - rule USART TxPinLevelInvertParam Mode is applicable
2025-12-29 12:51:53,393 [INFO] Rule:233 - rule USART RxPinLevelInvertParam Mode is applicable
2025-12-29 12:51:53,393 [INFO] Rule:233 - rule USART DataInvertParam Mode is applicable
2025-12-29 12:51:53,393 [INFO] Rule:233 - rule USART SwapParam Mode is applicable
2025-12-29 12:51:53,393 [INFO] Rule:233 - rule USART OverrunDisableParam Mode is applicable
2025-12-29 12:51:53,393 [INFO] Rule:233 - rule USART DMADisableonRxErrorParam Mode is applicable
2025-12-29 12:51:53,393 [INFO] Rule:233 - rule USART MSBFirstParam Mode is applicable
2025-12-29 12:51:53,393 [INFO] Rule:233 - rule Update MwName for USB_DEVICE is applicable
2025-12-29 12:51:53,394 [INFO] Rule:233 - rule Change PWR_Regulator_Voltage_Scale Default Value for RCC  H7 family is applicable
2025-12-29 12:51:53,394 [INFO] Rule:233 - rule UART/USART IPParameter rename Prescaler parameter to ClockPrescaler is applicable
2025-12-29 12:51:53,394 [INFO] Rule:233 - rule UART/USART Prescaler rename Prescaler parameter to ClockPrescaler is applicable
2025-12-29 12:51:53,394 [INFO] Rule:233 - rule TIM1CLockSelection is applicable
2025-12-29 12:51:53,394 [INFO] Rule:233 - rule TIM15CLockSelection is applicable
2025-12-29 12:51:53,394 [INFO] Rule:233 - rule align RCC SDMMC3CLockSelection default value on MP1 is applicable
2025-12-29 12:51:53,394 [INFO] Rule:233 - rule align RCC SDMMC12CLockSelection default value on MP1 is applicable
2025-12-29 12:51:53,394 [INFO] Rule:233 - rule align RCC QSPICLockSelection default value on MP1 is applicable
2025-12-29 12:51:53,394 [INFO] Rule:233 - rule align RCC QSPICLockSelection default value on MP1 is applicable
2025-12-29 12:51:53,394 [INFO] Rule:233 - rule align RCC SPI6CLockSelection default value on MP1 is applicable
2025-12-29 12:51:53,394 [INFO] Rule:233 - rule align RCC LPTIM23CLockSelection default value on MP1 is applicable
2025-12-29 12:51:53,394 [INFO] Rule:233 - rule align RCC LPTIM1CLockSelection default value on MP1 is applicable
2025-12-29 12:51:53,394 [INFO] Rule:233 - rule align RCC USART1CLockSelection default value on MP1 is applicable
2025-12-29 12:51:53,394 [INFO] Rule:233 - rule align RCC USART24CLockSelection default value on MP1 is applicable
2025-12-29 12:51:53,394 [INFO] Rule:233 - rule align RCC USART6CLockSelection default value on MP1 is applicable
2025-12-29 12:51:53,394 [INFO] Rule:233 - rule align RCC UART78CLockSelection default value on MP1 is applicable
2025-12-29 12:51:53,394 [INFO] Rule:233 - rule align RCC USART35CLockSelection default value on MP1 is applicable
2025-12-29 12:51:53,394 [INFO] Rule:233 - rule align RCC SPI45CLockSelection default value on MP1 is applicable
2025-12-29 12:51:53,394 [INFO] Rule:233 - rule align RCC I2C46CLockSelection BCLK value on MP1 is applicable
2025-12-29 12:51:53,394 [INFO] Rule:233 - rule align RCC SPI45CLockSelection default value on MP1 is applicable
2025-12-29 12:51:53,394 [INFO] Rule:233 - rule align RCC I2C12CLockSelection default value on MP1 is applicable
2025-12-29 12:51:53,394 [INFO] Rule:233 - rule align RCC I2C35CLockSelection default value on MP1 is applicable
2025-12-29 12:51:53,394 [INFO] Rule:233 - rule align RCC LPTIM45CLockSelection default value on MP1 is applicable
2025-12-29 12:51:53,394 [INFO] Rule:233 - rule Rename DCMI PIXCK signal is applicable
2025-12-29 12:51:53,394 [INFO] Rule:233 - rule Change Default Value for I2C46CLockSelection MP1 family is applicable
2025-12-29 12:51:53,394 [INFO] Rule:233 - rule Change Default Value for UART for G4, G0 and WB families is applicable
2025-12-29 12:51:53,394 [INFO] Rule:233 - rule Change Default Value for USART for G4, G0 and WB families is applicable
2025-12-29 12:51:53,394 [INFO] Rule:233 - rule Change Default Value for USART for G4 family is applicable
2025-12-29 12:51:53,394 [INFO] Rule:233 - rule Change USART1CLockSelection refparam name for MP1 is applicable
2025-12-29 12:51:53,394 [INFO] Rule:233 - rule Change USART2CLockSelection refparam name for MP1 is applicable
2025-12-29 12:51:53,395 [INFO] Rule:233 - rule Change USART3CLockSelection refparam name for MP1 is applicable
2025-12-29 12:51:53,395 [INFO] Rule:233 - rule Change UART4CLockSelection refparam name for MP1 is applicable
2025-12-29 12:51:53,395 [INFO] Rule:233 - rule Change UART5CLockSelection refparam name for MP1 is applicable
2025-12-29 12:51:53,395 [INFO] Rule:233 - rule Change LPUART1CLockSelection refparam name for MP1 is applicable
2025-12-29 12:51:53,395 [INFO] Rule:233 - rule Change LPTIM1CLockSelection refparam name for MP1 is applicable
2025-12-29 12:51:53,395 [INFO] Rule:233 - rule Change LPTIM2CLockSelection refparam name for MP1 is applicable
2025-12-29 12:51:53,395 [INFO] Rule:233 - rule Change RCC_MCO1Source refparam name for MP1 is applicable
2025-12-29 12:51:53,395 [INFO] Rule:233 - rule Change LSCOSource1 refparam name for MP1 is applicable
2025-12-29 12:51:53,395 [INFO] Rule:233 - rule Change SMPSCLockSelection refparam name for MP1 is applicable
2025-12-29 12:51:53,395 [INFO] Rule:233 - rule Change LPTIM3CLockSelection refparam name for MP1 is applicable
2025-12-29 12:51:53,395 [INFO] Rule:233 - rule Change MPCBB* Default Template Mode to Parameters is applicable
2025-12-29 12:51:53,395 [INFO] Rule:233 - rule Change MPCWM* or MPCBB* Secure Mode to Parameters is applicable
2025-12-29 12:51:53,395 [INFO] Rule:233 - rule Change MPCWM* or MPCBB* No Secure Mode to Parameters is applicable
2025-12-29 12:51:53,395 [INFO] Rule:233 - rule Change TZSC IP Secure Mode to Parameters is applicable
2025-12-29 12:51:53,395 [INFO] Rule:233 - rule Change TZSC IP No Secure Mode to Parameters is applicable
2025-12-29 12:51:53,395 [INFO] Rule:233 - rule Change TZSC IP Privilege Mode to Parameters is applicable
2025-12-29 12:51:53,395 [INFO] Rule:233 - rule Change TZSC IP No Privilege Mode to Parameters is applicable
2025-12-29 12:51:53,395 [INFO] Rule:233 - rule Change TZIC IT Secure Mode to Parameters is applicable
2025-12-29 12:51:53,395 [INFO] Rule:233 - rule Change TZIC IT No Secure Mode to Parameters is applicable
2025-12-29 12:51:53,395 [INFO] Rule:233 - rule Add MPCBB1_NonSecureArea_Start_Address value with referenced to MPCBB1_NonSecureArea_Start value is applicable
2025-12-29 12:51:53,395 [INFO] Rule:233 - rule Add MPCBB2_NonSecureArea_Start_Address value with referenced to MPCBB2_NonSecureArea_Start value is applicable
2025-12-29 12:51:53,395 [INFO] Rule:233 - rule Add MPCWM1_NonSecureArea*_Start_Address value with referenced to MPCWM1_NonSecureArea*_Start value is applicable
2025-12-29 12:51:53,395 [INFO] Rule:233 - rule Add MPCWM2_NonSecureArea*_Start_Address value with referenced to MPCWM2_NonSecureArea*_Start value is applicable
2025-12-29 12:51:53,395 [INFO] Rule:233 - rule Add MPCWM3_NonSecureArea_Start_Address value with referenced to MPCWM3_NonSecureArea_Start value is applicable
2025-12-29 12:51:53,395 [INFO] Rule:233 - rule Change Default Value for PLL1UserDefinedConfig is applicable
2025-12-29 12:51:53,395 [INFO] Rule:233 - rule Change GPIO_PuPd Default Value for USART in async mode is applicable
2025-12-29 12:51:53,396 [INFO] Rule:233 - rule Change SMPSDivider Default Value is applicable
2025-12-29 12:51:53,396 [INFO] Rule:233 - rule OPAMP is applicable
2025-12-29 12:51:53,396 [INFO] Rule:233 - rule LPUART IPParameter rename Prescaler parameter to ClockPrescaler for STM32H7 is applicable
2025-12-29 12:51:53,396 [INFO] Rule:233 - rule LPUART IPParameter rename Prescaler parameter to ClockPrescaler for STM32H7 is applicable
2025-12-29 12:51:53,396 [INFO] Rule:233 - rule LPUART IPParameter rename Prescaler parameter to ClockPrescaler for STM32WB is applicable
2025-12-29 12:51:53,396 [INFO] Rule:233 - rule LPUART IPParameter rename Prescaler parameter to ClockPrescaler for STM32WB is applicable
2025-12-29 12:51:53,396 [INFO] Rule:233 - rule LPUART IPParameter rename Prescaler parameter to ClockPrescaler for STM32G4 is applicable
2025-12-29 12:51:53,396 [INFO] Rule:233 - rule LPUART IPParameter rename Prescaler parameter to ClockPrescaler for STM32G4 is applicable
2025-12-29 12:51:53,396 [INFO] Rule:233 - rule LPUART IPParameter rename Prescaler parameter to ClockPrescaler for STM32L5 is applicable
2025-12-29 12:51:53,396 [INFO] Rule:233 - rule LPUART IPParameter rename Prescaler parameter to ClockPrescaler for STM32L5 is applicable
2025-12-29 12:51:53,396 [INFO] Rule:233 - rule LPUART IPParameter rename Prescaler parameter to ClockPrescaler for STM32G4 is applicable
2025-12-29 12:51:53,396 [INFO] Rule:233 - rule LPUART IPParameter rename Prescaler parameter to ClockPrescaler for STM32G4 is applicable
2025-12-29 12:51:53,396 [INFO] Rule:233 - rule USB device lib V2.5.3 for L0 rename USBD_SUPPORT_USER_STRING parameter to USBD_SUPPORT_USER_STRING_DESC4 is applicable
2025-12-29 12:51:53,396 [INFO] Rule:233 - rule I2SCLockSelection clock entry align is applicable
2025-12-29 12:51:53,396 [INFO] Rule:233 - rule Assign TIMx context if used as SYS timebase is applicable
2025-12-29 12:51:53,396 [INFO] Rule:233 - rule Change GPIO_Pu Default Value for I2C is applicable
2025-12-29 12:51:53,396 [INFO] Rule:233 - rule Change GPIO_Pu Default Value for SMBus is applicable
2025-12-29 12:51:53,396 [INFO] Rule:233 - rule change FDCAN default value is applicable
2025-12-29 12:51:53,396 [INFO] Rule:233 - rule Change mode sai is applicable
2025-12-29 12:51:53,396 [INFO] Rule:233 - rule **Change sai mode is applicable
2025-12-29 12:51:53,396 [INFO] Rule:233 - rule Rename STM32WPAN CFG_BLE_IRK to CFG_BLE_IR is applicable
2025-12-29 12:51:53,396 [INFO] Rule:233 - rule Rename STM32WPAN CFG_BLE_ERK to CFG_BLE_ER is applicable
2025-12-29 12:51:53,396 [INFO] Rule:233 - rule Rename STM32WPAN CFG_BLE_IRK_HEX to CFG_BLE_IR_HEX is applicable
2025-12-29 12:51:53,396 [INFO] Rule:233 - rule Rename STM32WPAN CFG_BLE_ERK_HEX to CFG_BLE_ER_HEX is applicable
2025-12-29 12:51:53,396 [INFO] Rule:233 - rule Adapt Old IOC before rework replace old CORTEX_M33/CORTEX_M55 attributes by the new one. is applicable
2025-12-29 12:51:53,396 [INFO] Rule:233 - rule Rename parametre of RCC RCC_APBDBG_DIV2 to RCC_TIMPRES_DIV2 is applicable
2025-12-29 12:51:53,396 [INFO] Rule:233 - rule Rename DIE493 pin PA10 [PA12] -> PA10 is applicable
2025-12-29 12:51:53,396 [INFO] Rule:233 - rule Rename DIE493 pin PA9 [PA11] -> PA9 is applicable
2025-12-29 12:51:53,396 [INFO] Rule:233 - rule Rename DIE492 PartNumber CPN STM32WBA5MJGHx -> STM32WBA5MMGHx is applicable
2025-12-29 12:51:53,396 [INFO] Rule:233 - rule Rename DIE492 PartNumber  Name STM32WBA5MJGHx -> STM32WBA5MMGHx is applicable
2025-12-29 12:51:53,397 [INFO] Rule:233 - rule Rename DIE492 PartNumber UserName STM32WBA5MJGHx -> STM32WBA5MMGHx is applicable
2025-12-29 12:51:53,397 [INFO] Rule:233 - rule Rename DIE492 PartNumber DeviceId STM32WBA5MJGHx -> STM32WBA5MMGHx is applicable
2025-12-29 12:51:53,397 [INFO] Rule:233 - rule Adapt Old IOC CSI. is applicable
2025-12-29 12:51:53,397 [INFO] Rule:233 - rule Adapt Old IOC DCMIPP. is applicable
2025-12-29 12:51:53,397 [INFO] Rule:233 - rule Adapt Old IOC DCMIPP Mode Parallel. is applicable
2025-12-29 12:51:53,397 [INFO] Rule:233 - rule Adapt Old IOC LTDC. is applicable
2025-12-29 12:51:53,397 [INFO] Rule:233 - rule Rename STM32MP2 RIF Peripheral LTDC RIF.RISUP.LTDC_L0L1.Privilege -> RIF.RISUP.LTDC_L1L2.Privilege is applicable
2025-12-29 12:51:53,397 [INFO] Rule:233 - rule Rename STM32MP2 RIF Peripheral LTDC RIF.RISUP.LTDC_L0L1.Privilege -> RIF.RISUP.LTDC_L1L2.Privilege is applicable
2025-12-29 12:51:53,397 [INFO] Rule:233 - rule Rename STM32MP2 RIF Peripheral LTDC RIF.RISUP.LTDC_L0L1.Lock -> RIF.RISUP.LTDC_L1L2.Lock is applicable
2025-12-29 12:51:53,397 [INFO] Rule:233 - rule Rename STM32MP2 RIF Peripheral LTDC RIF.RISUP.LTDC_L2.Lock -> RIF.RISUP.LTDC_L3.Lock is applicable
2025-12-29 12:51:53,397 [INFO] Rule:233 - rule Adapt the old IOC example for updating the SYS when it is misconfigured. is applicable
2025-12-29 12:51:53,397 [INFO] Rule:233 - rule Rename STM32C09 Mcu.Package LQFP64 -> LQFP48 is applicable
2025-12-29 12:51:53,397 [INFO] Rule:233 - rule Adapt the old IOC example for updating the SYS when it is misconfigured. is applicable
2025-12-29 12:51:53,397 [INFO] Rule:233 - rule Adapt the old IOC example for updating the SYS when it is misconfigured. is applicable
2025-12-29 12:51:53,421 [INFO] DbConfProperties:307 - Apply Compatibility (38/250 Rules)
2025-12-29 12:51:53,456 [INFO] ImportTextPane:234 - (OptionalMessage_ERROR) Unable to find key (Mcu.ThirdPartyNb) in loaded IOC file
2025-12-29 12:51:53,461 [INFO] ImportTextPane:234 - (OptionalMessage_ERROR) Pin34 (VP_RIF_VS_RIF1) cannot be retrieved for this MCU
2025-12-29 12:51:53,593 [INFO] RtosManager:558 - Registered RTOS mode: class=CMSIS, group=RTOS, mode=CMSIS_V1, owner=FREERTOS
2025-12-29 12:51:53,593 [INFO] RtosManager:558 - Registered RTOS mode: class=CMSIS, group=RTOS2, mode=CMSIS_V2, owner=FREERTOS
2025-12-29 12:51:53,593 [INFO] RtosManager:558 - Registered RTOS mode: class=RTOS, group=Core, mode=CMSIS_V1, owner=FREERTOS
2025-12-29 12:51:53,593 [INFO] RtosManager:558 - Registered RTOS mode: class=RTOS, group=Core, mode=CMSIS_V2, owner=FREERTOS
2025-12-29 12:51:53,593 [WARN] ModelIntegratedComponent:184 - Missing modes for component STMicroelectronics:FreeRTOS:0.0.1:STMicroelectronics:RTOS:FreeRTOS:Core:::10.2.0:
2025-12-29 12:51:53,606 [WARN] ModelIntegratedComponent:63 - No mode defined for component null
2025-12-29 12:51:53,607 [WARN] ModelIntegratedComponent:63 - No mode defined for component null
2025-12-29 12:51:53,607 [WARN] ModelIntegratedComponent:63 - No mode defined for component null
2025-12-29 12:51:53,607 [WARN] ModelIntegratedComponent:63 - No mode defined for component null
2025-12-29 12:51:53,607 [WARN] ModelIntegratedComponent:63 - No mode defined for component null
2025-12-29 12:51:53,607 [WARN] ModelIntegratedComponent:63 - No mode defined for component null
2025-12-29 12:51:53,607 [WARN] ModelIntegratedComponent:63 - No mode defined for component null
2025-12-29 12:51:53,607 [WARN] ModelIntegratedComponent:63 - No mode defined for component null
2025-12-29 12:51:53,607 [WARN] ModelIntegratedComponent:63 - No mode defined for component null
2025-12-29 12:51:53,607 [WARN] ModelIntegratedComponent:63 - No mode defined for component null
2025-12-29 12:51:53,607 [WARN] ModelIntegratedComponent:63 - No mode defined for component null
2025-12-29 12:51:53,607 [WARN] ModelIntegratedComponent:63 - No mode defined for component null
2025-12-29 12:51:53,607 [WARN] ModelIntegratedComponent:63 - No mode defined for component null
2025-12-29 12:51:53,607 [WARN] ModelIntegratedComponent:63 - No mode defined for component null
2025-12-29 12:51:53,607 [WARN] ModelIntegratedComponent:63 - No mode defined for component null
2025-12-29 12:51:53,607 [WARN] ModelIntegratedComponent:63 - No mode defined for component null
2025-12-29 12:51:53,607 [WARN] ModelIntegratedComponent:63 - No mode defined for component null
2025-12-29 12:51:53,607 [WARN] ModelIntegratedComponent:63 - No mode defined for component null
2025-12-29 12:51:53,607 [WARN] ModelIntegratedComponent:63 - No mode defined for component null
2025-12-29 12:51:53,607 [WARN] ModelIntegratedComponent:63 - No mode defined for component null
2025-12-29 12:51:53,607 [WARN] ModelIntegratedComponent:63 - No mode defined for component null
2025-12-29 12:51:53,607 [WARN] ModelIntegratedComponent:63 - No mode defined for component null
2025-12-29 12:51:53,607 [WARN] ModelIntegratedComponent:63 - No mode defined for component null
2025-12-29 12:51:53,607 [WARN] ModelIntegratedComponent:63 - No mode defined for component null
2025-12-29 12:51:53,607 [WARN] ModelIntegratedComponent:63 - No mode defined for component null
2025-12-29 12:51:53,607 [WARN] ModelIntegratedComponent:63 - No mode defined for component null
2025-12-29 12:51:53,607 [WARN] ModelIntegratedComponent:63 - No mode defined for component null
2025-12-29 12:51:53,607 [WARN] ModelIntegratedComponent:63 - No mode defined for component null
2025-12-29 12:51:53,607 [WARN] ModelIntegratedComponent:63 - No mode defined for component null
2025-12-29 12:51:53,607 [WARN] ModelIntegratedComponent:63 - No mode defined for component null
2025-12-29 12:51:53,607 [WARN] ModelIntegratedComponent:63 - No mode defined for component null
2025-12-29 12:51:53,607 [WARN] ModelIntegratedComponent:63 - No mode defined for component null
2025-12-29 12:51:53,607 [WARN] ModelIntegratedComponent:63 - No mode defined for component null
2025-12-29 12:51:53,607 [WARN] ModelIntegratedComponent:63 - No mode defined for component null
2025-12-29 12:51:53,607 [WARN] ModelIntegratedComponent:63 - No mode defined for component null
2025-12-29 12:51:53,608 [WARN] ModelPack:524 - Component already loaded: STMicroelectronics:HAL Drivers:0.0.0:STMicroelectronics:Device:STMicro_Driver:XSPI:HAL::0.0.1:HAL_XSPI
2025-12-29 12:51:53,625 [INFO] ThirdPartyModel:298 - Start build external matchings
2025-12-29 12:51:53,752 [INFO] ThirdPartyModel:316 - End build external matchings
2025-12-29 12:51:54,096 [INFO] UtilMem:75 - End LoadConfig() Used Memory: 775054936 Bytes (853540864)
2025-12-29 12:51:54,197 [WARN] ThirdParty:833 - waiting for thirdparty lock release [change project]
2025-12-29 12:51:54,197 [INFO] ThirdParty:835 - entering critical section [change project]
2025-12-29 12:51:54,198 [INFO] ThirdParty:1030 - CMSIS Pack Vendor :STMicroelectronics X-CUBE-PM33A1 1.0.0
2025-12-29 12:51:54,198 [INFO] ThirdParty:1030 - CMSIS Pack Vendor :STMicroelectronics USBPD 4.1
2025-12-29 12:51:54,198 [INFO] ThirdParty:1030 - CMSIS Pack Vendor :STMicroelectronics X-CUBE-NFC9 1.0.0
2025-12-29 12:51:54,198 [INFO] ThirdParty:1030 - CMSIS Pack Vendor :STMicroelectronics USB_HOST 2.0.0
2025-12-29 12:51:54,198 [INFO] ThirdParty:1030 - CMSIS Pack Vendor :STMicroelectronics FP-SNS-MOTENVWB1 1.4.0
2025-12-29 12:51:54,198 [INFO] ThirdParty:1030 - CMSIS Pack Vendor :STMicroelectronics X-CUBE-AZRTOS-F4 1.1.0
2025-12-29 12:51:54,198 [INFO] ThirdParty:1030 - CMSIS Pack Vendor :STMicroelectronics LIBJPEG 8.0.0
2025-12-29 12:51:54,198 [INFO] ThirdParty:1030 - CMSIS Pack Vendor :STMicroelectronics FP-ATR-ASTRA1 2.0.2
2025-12-29 12:51:54,198 [INFO] ThirdParty:1030 - CMSIS Pack Vendor :STMicroelectronics X-CUBE-BLE1 7.1.0
2025-12-29 12:51:54,198 [INFO] ThirdParty:1030 - CMSIS Pack Vendor :STMicroelectronics X-CUBE-SMBUS 2.1.0
2025-12-29 12:51:54,198 [INFO] ThirdParty:1030 - CMSIS Pack Vendor :STMicroelectronics USB_DEVICE 3.0.0
2025-12-29 12:51:54,198 [INFO] ThirdParty:1030 - CMSIS Pack Vendor :STMicroelectronics X-CUBE-ISPU 2.1.0
2025-12-29 12:51:54,199 [INFO] ThirdParty:1030 - CMSIS Pack Vendor :STMicroelectronics X-CUBE-AZRTOS-WB 2.0.0
2025-12-29 12:51:54,199 [INFO] ThirdParty:1030 - CMSIS Pack Vendor :STMicroelectronics X-CUBE-AZRTOS-F7 1.1.0
2025-12-29 12:51:54,199 [INFO] ThirdParty:1030 - CMSIS Pack Vendor :STMicroelectronics X-CUBE-AZRTOS-L5 2.0.0
2025-12-29 12:51:54,199 [INFO] ThirdParty:1030 - CMSIS Pack Vendor :STMicroelectronics USB_DEVICE 2.0.0
2025-12-29 12:51:54,199 [INFO] ThirdParty:1030 - CMSIS Pack Vendor :STMicroelectronics X-CUBE-NFC6 3.1.0
2025-12-29 12:51:54,199 [INFO] ThirdParty:1030 - CMSIS Pack Vendor :STMicroelectronics FreeRTOS 0.0.1
2025-12-29 12:51:54,199 [INFO] ThirdParty:1030 - CMSIS Pack Vendor :STMicroelectronics X-CUBE-AZRTOS-G0 1.1.0
2025-12-29 12:51:54,199 [INFO] ThirdParty:1030 - CMSIS Pack Vendor :STMicroelectronics X-CUBE-NFC4 3.0.0
2025-12-29 12:51:54,199 [INFO] ThirdParty:1030 - CMSIS Pack Vendor :STMicroelectronics X-CUBE-SUBG2 5.0.0
2025-12-29 12:51:54,199 [INFO] ThirdParty:1030 - CMSIS Pack Vendor :STMicroelectronics STM32_WPAN 1.0.0
2025-12-29 12:51:54,200 [INFO] ThirdParty:1030 - CMSIS Pack Vendor :STMicroelectronics lwIP 2.0.3
2025-12-29 12:51:54,200 [INFO] ThirdParty:1030 - CMSIS Pack Vendor :STMicroelectronics USB_HOST 1.0.0
2025-12-29 12:51:54,201 [INFO] ThirdParty:1030 - CMSIS Pack Vendor :STMicroelectronics X-CUBE-AZRTOS-G4 2.0.0
2025-12-29 12:51:54,201 [INFO] ThirdParty:1030 - CMSIS Pack Vendor :STMicroelectronics X-CUBE-WB05N 2.0.0
2025-12-29 12:51:54,201 [INFO] ThirdParty:1030 - CMSIS Pack Vendor :STMicroelectronics PDM2PCM 3.1.0
2025-12-29 12:51:54,201 [INFO] ThirdParty:1030 - CMSIS Pack Vendor :STMicroelectronics PDM2PCM 3.3.0
2025-12-29 12:51:54,201 [INFO] ThirdParty:1030 - CMSIS Pack Vendor :STMicroelectronics X-CUBE-DISPLAY 3.0.0
2025-12-29 12:51:54,201 [INFO] ThirdParty:1030 - CMSIS Pack Vendor :STMicroelectronics X-CUBE-NFC7 2.0.0
2025-12-29 12:51:54,201 [INFO] ThirdParty:1030 - CMSIS Pack Vendor :STMicroelectronics X-CUBE-TCPP 4.2.0
2025-12-29 12:51:54,201 [INFO] ThirdParty:1030 - CMSIS Pack Vendor :STMicroelectronics FP-ATR-SIGFOX1 3.2.0
2025-12-29 12:51:54,201 [INFO] ThirdParty:1030 - CMSIS Pack Vendor :STMicroelectronics X-CUBE-NFC10 1.0.0
2025-12-29 12:51:54,201 [INFO] ThirdParty:1030 - CMSIS Pack Vendor :STMicroelectronics HAL Drivers 0.0.0
2025-12-29 12:51:54,201 [INFO] ThirdParty:1030 - CMSIS Pack Vendor :STMicroelectronics MBEDTLS 2.16.2
2025-12-29 12:51:54,201 [INFO] ThirdParty:1030 - CMSIS Pack Vendor :STMicroelectronics X-CUBE-ALS 1.0.2
2025-12-29 12:51:54,201 [INFO] ThirdParty:1030 - CMSIS Pack Vendor :STMicroelectronics MBEDTLS 2.14.1
2025-12-29 12:51:54,201 [INFO] ThirdParty:1030 - CMSIS Pack Vendor :STMicroelectronics ThreadX 1.0.0
2025-12-29 12:51:54,202 [INFO] ThirdParty:1030 - CMSIS Pack Vendor :STMicroelectronics FP-SNS-SMARTAG2 1.2.0
2025-12-29 12:51:54,202 [INFO] ThirdParty:1030 - CMSIS Pack Vendor :STMicroelectronics FP-SNS-FLIGHT1 5.1.0
2025-12-29 12:51:54,202 [INFO] ThirdParty:1030 - CMSIS Pack Vendor :STMicroelectronics X-CUBE-AZRTOS-WL 2.0.0
2025-12-29 12:51:54,202 [INFO] ThirdParty:1030 - CMSIS Pack Vendor :STMicroelectronics X-CUBE-ALGOBUILD 1.4.0
2025-12-29 12:51:54,202 [INFO] ThirdParty:1030 - CMSIS Pack Vendor :STMicroelectronics X-CUBE-DPower 1.3.0
2025-12-29 12:51:54,202 [INFO] ThirdParty:1030 - CMSIS Pack Vendor :STMicroelectronics USB_DEVICE 1.0.0
2025-12-29 12:51:54,202 [INFO] ThirdParty:1030 - CMSIS Pack Vendor :STMicroelectronics X-CUBE-AZRTOS-L4 2.0.0
2025-12-29 12:51:54,202 [INFO] ThirdParty:1030 - CMSIS Pack Vendor :STMicroelectronics ThreadX 0.0.2
2025-12-29 12:51:54,202 [INFO] ThirdParty:1030 - CMSIS Pack Vendor :STMicroelectronics lwIP 2.1.2
2025-12-29 12:51:54,202 [INFO] ThirdParty:1030 - CMSIS Pack Vendor :STMicroelectronics X-CUBE-SFXS2LP1 4.0.0
2025-12-29 12:51:54,202 [INFO] ThirdParty:1030 - CMSIS Pack Vendor :STMicroelectronics X-CUBE-BLE2 3.3.0
2025-12-29 12:51:54,202 [INFO] ThirdParty:1030 - CMSIS Pack Vendor :STMicroelectronics X-CUBE-TOF1 3.4.3
2025-12-29 12:51:54,202 [INFO] ThirdParty:1030 - CMSIS Pack Vendor :STMicroelectronics PDM2PCM 3.2.0
2025-12-29 12:51:54,202 [INFO] ThirdParty:841 - exiting critical section [change project]
2025-12-29 12:51:54,624 [INFO] PinOutPanel:1589 - setPackage(No Configuration,No Configuration)
2025-12-29 12:51:54,626 [INFO] PinOutPanel:1589 - setPackage(STM32F407VGTx,LQFP100)
2025-12-29 12:51:55,008 [INFO] UtilMem:75 - Before build in PCC Used Memory: 700700736 Bytes (853540864)
2025-12-29 12:51:55,992 [INFO] UtilMem:75 - After build in PCC Used Memory: 584423440 Bytes (902823936)
2025-12-29 12:51:56,030 [INFO] IPUIPlugin:80 - create IPUIPlugin
2025-12-29 12:51:56,031 [INFO] IPUIPlugin:80 - create IPUIPlugin
2025-12-29 12:51:56,031 [INFO] IPUIPlugin:80 - create IPUIPlugin
2025-12-29 12:51:56,031 [INFO] IPUIPlugin:80 - create IPUIPlugin
2025-12-29 12:51:56,031 [INFO] IPUIPlugin:80 - create IPUIPlugin
2025-12-29 12:51:56,031 [INFO] IPUIPlugin:80 - create IPUIPlugin
2025-12-29 12:51:56,031 [INFO] IPUIPlugin:80 - create IPUIPlugin
2025-12-29 12:51:56,031 [INFO] IPUIPlugin:80 - create IPUIPlugin
2025-12-29 12:51:56,031 [INFO] IPUIPlugin:80 - create IPUIPlugin
2025-12-29 12:51:56,031 [INFO] IPUIPlugin:80 - create IPUIPlugin
2025-12-29 12:51:56,031 [INFO] IPUIPlugin:80 - create IPUIPlugin
2025-12-29 12:51:56,031 [INFO] IPUIPlugin:80 - create IPUIPlugin
2025-12-29 12:51:56,031 [INFO] IPUIPlugin:80 - create IPUIPlugin
2025-12-29 12:51:56,031 [INFO] IPUIPlugin:80 - create IPUIPlugin
2025-12-29 12:51:56,031 [INFO] IPUIPlugin:80 - create IPUIPlugin
2025-12-29 12:51:56,031 [INFO] IPUIPlugin:80 - create IPUIPlugin
2025-12-29 12:51:56,031 [INFO] IPUIPlugin:80 - create IPUIPlugin
2025-12-29 12:51:56,031 [INFO] IPUIPlugin:80 - create IPUIPlugin
2025-12-29 12:51:56,031 [INFO] IPUIPlugin:80 - create IPUIPlugin
2025-12-29 12:51:56,031 [INFO] IPUIPlugin:80 - create IPUIPlugin
2025-12-29 12:51:56,032 [INFO] IPUIPlugin:80 - create IPUIPlugin
2025-12-29 12:51:56,032 [INFO] IPUIPlugin:80 - create IPUIPlugin
2025-12-29 12:51:56,032 [INFO] IPUIPlugin:80 - create IPUIPlugin
2025-12-29 12:51:56,032 [INFO] IPUIPlugin:80 - create IPUIPlugin
2025-12-29 12:51:56,032 [INFO] IPUIPlugin:80 - create IPUIPlugin
2025-12-29 12:51:56,032 [INFO] IPUIPlugin:80 - create IPUIPlugin
2025-12-29 12:51:56,032 [INFO] IPUIPlugin:80 - create IPUIPlugin
2025-12-29 12:51:56,032 [INFO] IPUIPlugin:80 - create IPUIPlugin
2025-12-29 12:51:56,032 [INFO] IPUIPlugin:80 - create IPUIPlugin
2025-12-29 12:51:56,033 [INFO] IPUIPlugin:80 - create IPUIPlugin
2025-12-29 12:51:56,033 [INFO] IPUIPlugin:80 - create IPUIPlugin
2025-12-29 12:51:56,033 [INFO] IPUIPlugin:80 - create IPUIPlugin
2025-12-29 12:51:56,033 [INFO] IPUIPlugin:80 - create IPUIPlugin
2025-12-29 12:51:56,033 [INFO] IPUIPlugin:80 - create IPUIPlugin
2025-12-29 12:51:56,033 [INFO] IPUIPlugin:80 - create IPUIPlugin
2025-12-29 12:51:56,033 [INFO] IPUIPlugin:80 - create IPUIPlugin
2025-12-29 12:51:56,033 [INFO] IPUIPlugin:80 - create IPUIPlugin
2025-12-29 12:51:56,033 [INFO] IPUIPlugin:80 - create IPUIPlugin
2025-12-29 12:51:56,033 [INFO] IPUIPlugin:80 - create IPUIPlugin
2025-12-29 12:51:56,034 [INFO] IPUIPlugin:80 - create IPUIPlugin
2025-12-29 12:51:56,034 [INFO] IPUIPlugin:80 - create IPUIPlugin
2025-12-29 12:51:56,034 [INFO] IPUIPlugin:80 - create IPUIPlugin
2025-12-29 12:51:56,034 [INFO] IPUIPlugin:80 - create IPUIPlugin
2025-12-29 12:51:56,034 [INFO] IPUIPlugin:80 - create IPUIPlugin
2025-12-29 12:51:56,034 [INFO] IPUIPlugin:80 - create IPUIPlugin
2025-12-29 12:51:56,034 [INFO] IPUIPlugin:80 - create IPUIPlugin
2025-12-29 12:51:56,034 [INFO] IPUIPlugin:80 - create IPUIPlugin
2025-12-29 12:51:56,035 [INFO] IPUIPlugin:80 - create IPUIPlugin
2025-12-29 12:51:56,035 [INFO] IPUIPlugin:80 - create IPUIPlugin
2025-12-29 12:51:56,035 [INFO] IPUIPlugin:80 - create IPUIPlugin
2025-12-29 12:51:56,035 [INFO] IPUIPlugin:80 - create IPUIPlugin
2025-12-29 12:51:56,035 [INFO] IPUIPlugin:80 - create IPUIPlugin
2025-12-29 12:51:56,035 [INFO] IPUIPlugin:80 - create IPUIPlugin
2025-12-29 12:51:56,036 [INFO] IPUIPlugin:80 - create IPUIPlugin
2025-12-29 12:51:56,036 [INFO] IPUIPlugin:80 - create IPUIPlugin
2025-12-29 12:51:56,037 [INFO] IPUIPlugin:80 - create IPUIPlugin
2025-12-29 12:51:56,037 [INFO] IPUIPlugin:80 - create IPUIPlugin
2025-12-29 12:51:56,038 [INFO] IPUIPlugin:80 - create IPUIPlugin
2025-12-29 12:51:56,216 [INFO] ApiDbMcu:532 - Load IP Config File for PDM2PCM
2025-12-29 12:51:56,426 [INFO] CADModel:165 - CPN selected for project levelSTM32F407VGT6
2025-12-29 12:51:56,426 [INFO] CADModel:114 - Register for checkConnection events
2025-12-29 12:51:56,495 [INFO] OpenFileManager:386 - Restore cursor
2025-12-29 12:51:57,427 [INFO] UtilMem:75 - End SaveConfig() Used Memory: 695193632 Bytes (931135488)
2025-12-29 12:51:57,534 [INFO] UtilMem:75 - End SaveConfig() Used Memory: 728748064 Bytes (931135488)
2025-12-29 12:51:57,996 [INFO] BlockDiagram:2775 - set Specific Code input for plugin: SYS
2025-12-29 12:51:57,997 [INFO] BlockDiagram:2775 - set Specific Code input for plugin: RCC
2025-12-29 12:51:57,997 [INFO] BlockDiagram:2775 - set Specific Code input for plugin: NVIC
2025-12-29 12:51:57,997 [INFO] BlockDiagram:2775 - set Specific Code input for plugin: GPIO
2025-12-29 12:51:57,999 [INFO] CodeGenerator:892 - code generatio: config db path: C:\ST\STM32CubeIDE_1.19.0\STM32CubeIDE\plugins\com.st.stm32cube.common.mx_6.15.0.202507011659\\db\
2025-12-29 12:51:58,276 [INFO] CodeEngine:265 - oldGeneratedFile, C:\Users\aditi\OneDrive\Desktop\Sunbeam_Internship\Internship_Practice_on_Board\LDR_\MXTmpFiles\license.tmp_save
2025-12-29 12:51:58,808 [INFO] CodeEngine:289 - Generated code: C:\Users\aditi\OneDrive\Desktop\Sunbeam_Internship\Internship_Practice_on_Board\LDR_\MXTmpFiles\license.tmp
2025-12-29 12:51:58,939 [INFO] CodeEngine:265 - oldGeneratedFile, C:\Users\aditi\OneDrive\Desktop\Sunbeam_Internship\Internship_Practice_on_Board\LDR_\MXTmpFiles\gpio.tmp_save
2025-12-29 12:51:59,123 [INFO] CodeEngine:289 - Generated code: C:\Users\aditi\OneDrive\Desktop\Sunbeam_Internship\Internship_Practice_on_Board\LDR_\MXTmpFiles\gpio.tmp
2025-12-29 12:51:59,195 [INFO] CodeEngine:265 - oldGeneratedFile, C:\Users\aditi\OneDrive\Desktop\Sunbeam_Internship\Internship_Practice_on_Board\LDR_\Core\Src\stm32f4xx_it.c_save
2025-12-29 12:51:59,339 [INFO] CodeEngine:289 - Generated code: C:\Users\aditi\OneDrive\Desktop\Sunbeam_Internship\Internship_Practice_on_Board\LDR_\Core\Src\stm32f4xx_it.c
2025-12-29 12:51:59,354 [INFO] CodeEngine:265 - oldGeneratedFile, C:\Users\aditi\OneDrive\Desktop\Sunbeam_Internship\Internship_Practice_on_Board\LDR_\Core\Inc\stm32f4xx_it.h_save
2025-12-29 12:51:59,454 [INFO] CodeEngine:289 - Generated code: C:\Users\aditi\OneDrive\Desktop\Sunbeam_Internship\Internship_Practice_on_Board\LDR_\Core\Inc\stm32f4xx_it.h
2025-12-29 12:51:59,477 [INFO] CodeEngine:265 - oldGeneratedFile, C:\Users\aditi\OneDrive\Desktop\Sunbeam_Internship\Internship_Practice_on_Board\LDR_\Core\Src\stm32f4xx_hal_msp.c_save
2025-12-29 12:51:59,599 [INFO] CodeEngine:289 - Generated code: C:\Users\aditi\OneDrive\Desktop\Sunbeam_Internship\Internship_Practice_on_Board\LDR_\Core\Src\stm32f4xx_hal_msp.c
2025-12-29 12:51:59,608 [INFO] CodeEngine:265 - oldGeneratedFile, C:\Users\aditi\OneDrive\Desktop\Sunbeam_Internship\Internship_Practice_on_Board\LDR_\MXTmpFiles\system.tmp_save
2025-12-29 12:51:59,689 [INFO] CodeEngine:289 - Generated code: C:\Users\aditi\OneDrive\Desktop\Sunbeam_Internship\Internship_Practice_on_Board\LDR_\MXTmpFiles\system.tmp
2025-12-29 12:51:59,707 [INFO] CodeEngine:321 - oldGeneratedFile, C:\Users\aditi\OneDrive\Desktop\Sunbeam_Internship\Internship_Practice_on_Board\LDR_\Core\Inc\stm32f4xx_hal_conf.h_save
2025-12-29 12:51:59,821 [INFO] CodeEngine:345 - Generated code: C:\Users\aditi\OneDrive\Desktop\Sunbeam_Internship\Internship_Practice_on_Board\LDR_\Core\Inc\stm32f4xx_hal_conf.h
2025-12-29 12:51:59,900 [INFO] ApiDbMcu:532 - Load IP Config File for RCC
2025-12-29 12:51:59,924 [INFO] CodeEngine:265 - oldGeneratedFile, C:\Users\aditi\OneDrive\Desktop\Sunbeam_Internship\Internship_Practice_on_Board\LDR_\Core\Inc\main.h_save
2025-12-29 12:52:00,060 [INFO] CodeEngine:289 - Generated code: C:\Users\aditi\OneDrive\Desktop\Sunbeam_Internship\Internship_Practice_on_Board\LDR_\Core\Inc\main.h
2025-12-29 12:52:00,071 [INFO] CodeEngine:265 - oldGeneratedFile, C:\Users\aditi\OneDrive\Desktop\Sunbeam_Internship\Internship_Practice_on_Board\LDR_\Core\Src\main.c_save
2025-12-29 12:52:00,199 [INFO] CodeEngine:289 - Generated code: C:\Users\aditi\OneDrive\Desktop\Sunbeam_Internship\Internship_Practice_on_Board\LDR_\Core\Src\main.c
2025-12-29 12:52:01,714 [INFO] ProjectBuilder:3606 - Time for Copy HAL[1] : 1233mS.
2025-12-29 12:52:01,748 [INFO] ProjectBuilder:5216 - Project Generator version: 4.7.0-B52
2025-12-29 12:52:01,809 [INFO] ConfigFileManager:1595 - The Die is : DIE413
2025-12-29 12:52:01,820 [INFO] ApiDbMcu:532 - Load IP Config File for FATFS
2025-12-29 12:52:01,825 [INFO] ApiDbMcu:532 - Load IP Config File for FREERTOS
2025-12-29 12:52:01,827 [INFO] ApiDbMcu:532 - Load IP Config File for LIBJPEG
2025-12-29 12:52:01,831 [INFO] ApiDbMcu:532 - Load IP Config File for LWIP
2025-12-29 12:52:01,835 [INFO] ApiDbMcu:532 - Load IP Config File for MBEDTLS
2025-12-29 12:52:01,841 [INFO] ApiDbMcu:532 - Load IP Config File for USB_DEVICE
2025-12-29 12:52:01,844 [INFO] ApiDbMcu:532 - Load IP Config File for USB_HOST
2025-12-29 12:52:02,219 [INFO] LogOutputStream:77 - [STDOUT_REDIRECT] 
2025-12-29 12:52:05,842 [INFO] ProjectBuilder:5496 - Time for Generating toolchain IDE Files: 4095mS.
2025-12-29 12:52:05,844 [INFO] ProjectBuilder:3463 - Time for Copy CMSIS : 1mS.
2025-12-29 12:52:05,848 [INFO] ProjectBuilder:3463 - Time for Copy CMSIS : 0mS.
2025-12-29 12:52:07,378 [INFO] McuFinderGlobals:76 - Set McuFinderConnectedMode to true
2025-12-29 12:52:07,386 [INFO] ApiDb:448 - Save user favorites file C:\Users\aditi/.stm32cubeide/favorites.mcus.txt: 0 item(s)
2025-12-29 12:52:07,386 [INFO] ApiDb:452 - User favorites MCUs=[]
2025-12-29 12:52:07,389 [INFO] ApiDb:448 - Save user favorites file C:\Users\aditi/.stm32cubeide/favorites.boards.txt: 1 item(s)
2025-12-29 12:52:07,389 [INFO] ApiDb:452 - User favorites Boards=[STM32F407G-DISC1]
2025-12-29 12:53:20,570 [WARN] IP:2250 - I2C_Coeff_DF not found: check if there is a RefParameter without a condition.
2025-12-29 12:53:20,570 [WARN] IP:2250 - Analog_Filter not found: check if there is a RefParameter without a condition.
2025-12-29 12:53:20,581 [WARN] IP:2250 - I2C_Coeff_DF not found: check if there is a RefParameter without a condition.
2025-12-29 12:53:20,581 [WARN] IP:2250 - Analog_Filter not found: check if there is a RefParameter without a condition.
2025-12-29 12:53:20,581 [WARN] IP:2250 - I2C_Coeff_DF not found: check if there is a RefParameter without a condition.
2025-12-29 12:53:20,581 [WARN] IP:2250 - Analog_Filter not found: check if there is a RefParameter without a condition.
2025-12-29 12:53:20,698 [WARN] IP:2250 - I2C_Coeff_DF not found: check if there is a RefParameter without a condition.
2025-12-29 12:53:20,698 [WARN] IP:2250 - Analog_Filter not found: check if there is a RefParameter without a condition.
2025-12-29 12:53:20,703 [WARN] IP:2250 - I2C_Coeff_DF not found: check if there is a RefParameter without a condition.
2025-12-29 12:53:20,703 [WARN] IP:2250 - Analog_Filter not found: check if there is a RefParameter without a condition.
2025-12-29 12:53:50,276 [INFO] NvicIntPanel:101 - NVIC parent = com.st.microxplorer.plugins.ip.nvic.MultiNvicIntPanel[,0,0,450x226,layout=javax.swing.BoxLayout,alignmentX=0.0,alignmentY=0.0,border=,flags=9,maximumSize=,minimumSize=,preferredSize=]
2025-12-29 12:53:53,861 [WARN] IP:2250 - I2C_Coeff_DF not found: check if there is a RefParameter without a condition.
2025-12-29 12:53:53,861 [WARN] IP:2250 - Analog_Filter not found: check if there is a RefParameter without a condition.
2025-12-29 12:53:53,890 [INFO] NvicIntPanel:101 - NVIC parent = com.st.microxplorer.plugins.ip.nvic.MultiNvicIntPanel[,0,0,0x0,invalid,layout=javax.swing.BoxLayout,alignmentX=0.0,alignmentY=0.0,border=,flags=9,maximumSize=,minimumSize=,preferredSize=]
2025-12-29 12:53:54,948 [INFO] NvicIntPanel:101 - NVIC parent = com.st.microxplorer.plugins.ip.nvic.MultiNvicIntPanel[,0,0,0x0,invalid,layout=javax.swing.BoxLayout,alignmentX=0.0,alignmentY=0.0,border=,flags=9,maximumSize=,minimumSize=,preferredSize=]
2025-12-29 12:53:57,458 [INFO] UtilMem:75 - End SaveConfig() Used Memory: 857591488 Bytes (1073741824)
2025-12-29 12:53:59,700 [INFO] UtilMem:75 - End SaveConfig() Used Memory: 886951616 Bytes (1073741824)
2025-12-29 12:53:59,953 [INFO] UtilMem:75 - End SaveConfig() Used Memory: 916838080 Bytes (1073741824)
2025-12-29 12:54:00,111 [INFO] BlockDiagram:2775 - set Specific Code input for plugin: SYS
2025-12-29 12:54:00,112 [INFO] BlockDiagram:2775 - set Specific Code input for plugin: ADC
2025-12-29 12:54:00,112 [INFO] BlockDiagram:2775 - set Specific Code input for plugin: RCC
2025-12-29 12:54:00,112 [INFO] BlockDiagram:2775 - set Specific Code input for plugin: I2C
2025-12-29 12:54:00,112 [INFO] BlockDiagram:2775 - set Specific Code input for plugin: NVIC
2025-12-29 12:54:00,112 [INFO] BlockDiagram:2775 - set Specific Code input for plugin: GPIO
2025-12-29 12:54:00,114 [INFO] CodeGenerator:892 - code generatio: config db path: C:\ST\STM32CubeIDE_1.19.0\STM32CubeIDE\plugins\com.st.stm32cube.common.mx_6.15.0.202507011659\\db\
2025-12-29 12:54:00,121 [WARN] IP:2250 - I2C_Coeff_DF not found: check if there is a RefParameter without a condition.
2025-12-29 12:54:00,121 [WARN] IP:2250 - Analog_Filter not found: check if there is a RefParameter without a condition.
2025-12-29 12:54:00,169 [INFO] CodeEngine:265 - oldGeneratedFile, C:\Users\aditi\OneDrive\Desktop\Sunbeam_Internship\Internship_Practice_on_Board\LDR_\MXTmpFiles\license.tmp_save
2025-12-29 12:54:00,349 [INFO] CodeEngine:289 - Generated code: C:\Users\aditi\OneDrive\Desktop\Sunbeam_Internship\Internship_Practice_on_Board\LDR_\MXTmpFiles\license.tmp
2025-12-29 12:54:00,391 [INFO] CodeEngine:265 - oldGeneratedFile, C:\Users\aditi\OneDrive\Desktop\Sunbeam_Internship\Internship_Practice_on_Board\LDR_\MXTmpFiles\gpio.tmp_save
2025-12-29 12:54:00,483 [INFO] CodeEngine:289 - Generated code: C:\Users\aditi\OneDrive\Desktop\Sunbeam_Internship\Internship_Practice_on_Board\LDR_\MXTmpFiles\gpio.tmp
2025-12-29 12:54:00,619 [INFO] CodeEngine:265 - oldGeneratedFile, C:\Users\aditi\OneDrive\Desktop\Sunbeam_Internship\Internship_Practice_on_Board\LDR_\Core\Src\stm32f4xx_it.c_save
2025-12-29 12:54:00,748 [INFO] CodeEngine:289 - Generated code: C:\Users\aditi\OneDrive\Desktop\Sunbeam_Internship\Internship_Practice_on_Board\LDR_\Core\Src\stm32f4xx_it.c
2025-12-29 12:54:00,759 [INFO] CodeEngine:265 - oldGeneratedFile, C:\Users\aditi\OneDrive\Desktop\Sunbeam_Internship\Internship_Practice_on_Board\LDR_\Core\Inc\stm32f4xx_it.h_save
2025-12-29 12:54:00,842 [INFO] CodeEngine:289 - Generated code: C:\Users\aditi\OneDrive\Desktop\Sunbeam_Internship\Internship_Practice_on_Board\LDR_\Core\Inc\stm32f4xx_it.h
2025-12-29 12:54:00,867 [INFO] CodeEngine:265 - oldGeneratedFile, C:\Users\aditi\OneDrive\Desktop\Sunbeam_Internship\Internship_Practice_on_Board\LDR_\Core\Src\stm32f4xx_hal_msp.c_save
2025-12-29 12:54:01,020 [INFO] CodeEngine:289 - Generated code: C:\Users\aditi\OneDrive\Desktop\Sunbeam_Internship\Internship_Practice_on_Board\LDR_\Core\Src\stm32f4xx_hal_msp.c
2025-12-29 12:54:01,035 [INFO] CodeEngine:265 - oldGeneratedFile, C:\Users\aditi\OneDrive\Desktop\Sunbeam_Internship\Internship_Practice_on_Board\LDR_\MXTmpFiles\system.tmp_save
2025-12-29 12:54:01,107 [INFO] CodeEngine:289 - Generated code: C:\Users\aditi\OneDrive\Desktop\Sunbeam_Internship\Internship_Practice_on_Board\LDR_\MXTmpFiles\system.tmp
2025-12-29 12:54:01,136 [INFO] CodeEngine:321 - oldGeneratedFile, C:\Users\aditi\OneDrive\Desktop\Sunbeam_Internship\Internship_Practice_on_Board\LDR_\Core\Inc\stm32f4xx_hal_conf.h_save
2025-12-29 12:54:01,245 [INFO] CodeEngine:345 - Generated code: C:\Users\aditi\OneDrive\Desktop\Sunbeam_Internship\Internship_Practice_on_Board\LDR_\Core\Inc\stm32f4xx_hal_conf.h
2025-12-29 12:54:01,284 [INFO] ApiDbMcu:532 - Load IP Config File for ADC1
2025-12-29 12:54:01,289 [INFO] ApiDbMcu:532 - Load IP Config File for I2C1
2025-12-29 12:54:01,304 [INFO] CodeEngine:265 - oldGeneratedFile, C:\Users\aditi\OneDrive\Desktop\Sunbeam_Internship\Internship_Practice_on_Board\LDR_\Core\Inc\main.h_save
2025-12-29 12:54:01,367 [INFO] CodeEngine:289 - Generated code: C:\Users\aditi\OneDrive\Desktop\Sunbeam_Internship\Internship_Practice_on_Board\LDR_\Core\Inc\main.h
2025-12-29 12:54:01,382 [INFO] CodeEngine:265 - oldGeneratedFile, C:\Users\aditi\OneDrive\Desktop\Sunbeam_Internship\Internship_Practice_on_Board\LDR_\Core\Src\main.c_save
2025-12-29 12:54:01,479 [INFO] CodeEngine:289 - Generated code: C:\Users\aditi\OneDrive\Desktop\Sunbeam_Internship\Internship_Practice_on_Board\LDR_\Core\Src\main.c
2025-12-29 12:54:03,097 [INFO] ProjectBuilder:3606 - Time for Copy HAL[1] : 1491mS.
2025-12-29 12:54:03,104 [INFO] ProjectBuilder:5216 - Project Generator version: 4.7.0-B52
2025-12-29 12:54:03,146 [INFO] ConfigFileManager:1595 - The Die is : DIE413
2025-12-29 12:54:04,498 [INFO] ProjectBuilder:5496 - Time for Generating toolchain IDE Files: 1394mS.
2025-12-29 12:54:04,500 [INFO] ProjectBuilder:3463 - Time for Copy CMSIS : 1mS.
2025-12-29 12:54:04,505 [INFO] ProjectBuilder:3463 - Time for Copy CMSIS : 0mS.
2025-12-29 12:58:17,735 [INFO] NvicIntPanel:101 - NVIC parent = com.st.microxplorer.plugins.ip.nvic.MultiNvicIntPanel[,0,0,450x226,layout=javax.swing.BoxLayout,alignmentX=0.0,alignmentY=0.0,border=,flags=9,maximumSize=,minimumSize=,preferredSize=]
2025-12-29 12:58:20,192 [INFO] NvicIntPanel:101 - NVIC parent = com.st.microxplorer.plugins.ip.nvic.MultiNvicIntPanel[,0,0,0x0,invalid,layout=javax.swing.BoxLayout,alignmentX=0.0,alignmentY=0.0,border=,flags=9,maximumSize=,minimumSize=,preferredSize=]
2025-12-29 12:58:29,582 [INFO] UtilMem:75 - End SaveConfig() Used Memory: 705829760 Bytes (1073741824)
2025-12-29 12:58:31,657 [INFO] UtilMem:75 - End SaveConfig() Used Memory: 753015680 Bytes (1073741824)
2025-12-29 12:58:31,896 [INFO] UtilMem:75 - End SaveConfig() Used Memory: 780804992 Bytes (1073741824)
2025-12-29 12:58:32,132 [INFO] BlockDiagram:2775 - set Specific Code input for plugin: SYS
2025-12-29 12:58:32,132 [INFO] BlockDiagram:2775 - set Specific Code input for plugin: ADC
2025-12-29 12:58:32,132 [INFO] BlockDiagram:2775 - set Specific Code input for plugin: RCC
2025-12-29 12:58:32,132 [INFO] BlockDiagram:2775 - set Specific Code input for plugin: I2C
2025-12-29 12:58:32,132 [INFO] BlockDiagram:2775 - set Specific Code input for plugin: NVIC
2025-12-29 12:58:32,132 [INFO] BlockDiagram:2775 - set Specific Code input for plugin: USART
2025-12-29 12:58:32,133 [INFO] BlockDiagram:2775 - set Specific Code input for plugin: GPIO
2025-12-29 12:58:32,137 [INFO] CodeGenerator:892 - code generatio: config db path: C:\ST\STM32CubeIDE_1.19.0\STM32CubeIDE\plugins\com.st.stm32cube.common.mx_6.15.0.202507011659\\db\
2025-12-29 12:58:32,146 [WARN] IP:2250 - I2C_Coeff_DF not found: check if there is a RefParameter without a condition.
2025-12-29 12:58:32,146 [WARN] IP:2250 - Analog_Filter not found: check if there is a RefParameter without a condition.
2025-12-29 12:58:32,246 [INFO] CodeEngine:265 - oldGeneratedFile, C:\Users\aditi\OneDrive\Desktop\Sunbeam_Internship\Internship_Practice_on_Board\LDR_\MXTmpFiles\license.tmp_save
2025-12-29 12:58:32,400 [INFO] CodeEngine:289 - Generated code: C:\Users\aditi\OneDrive\Desktop\Sunbeam_Internship\Internship_Practice_on_Board\LDR_\MXTmpFiles\license.tmp
2025-12-29 12:58:32,513 [INFO] CodeEngine:265 - oldGeneratedFile, C:\Users\aditi\OneDrive\Desktop\Sunbeam_Internship\Internship_Practice_on_Board\LDR_\MXTmpFiles\gpio.tmp_save
2025-12-29 12:58:32,648 [INFO] CodeEngine:289 - Generated code: C:\Users\aditi\OneDrive\Desktop\Sunbeam_Internship\Internship_Practice_on_Board\LDR_\MXTmpFiles\gpio.tmp
2025-12-29 12:58:32,842 [INFO] CodeEngine:265 - oldGeneratedFile, C:\Users\aditi\OneDrive\Desktop\Sunbeam_Internship\Internship_Practice_on_Board\LDR_\Core\Src\stm32f4xx_it.c_save
2025-12-29 12:58:33,032 [INFO] CodeEngine:289 - Generated code: C:\Users\aditi\OneDrive\Desktop\Sunbeam_Internship\Internship_Practice_on_Board\LDR_\Core\Src\stm32f4xx_it.c
2025-12-29 12:58:33,096 [INFO] CodeEngine:265 - oldGeneratedFile, C:\Users\aditi\OneDrive\Desktop\Sunbeam_Internship\Internship_Practice_on_Board\LDR_\Core\Inc\stm32f4xx_it.h_save
2025-12-29 12:58:33,199 [INFO] CodeEngine:289 - Generated code: C:\Users\aditi\OneDrive\Desktop\Sunbeam_Internship\Internship_Practice_on_Board\LDR_\Core\Inc\stm32f4xx_it.h
2025-12-29 12:58:33,249 [INFO] CodeEngine:265 - oldGeneratedFile, C:\Users\aditi\OneDrive\Desktop\Sunbeam_Internship\Internship_Practice_on_Board\LDR_\Core\Src\stm32f4xx_hal_msp.c_save
2025-12-29 12:58:33,400 [INFO] CodeEngine:289 - Generated code: C:\Users\aditi\OneDrive\Desktop\Sunbeam_Internship\Internship_Practice_on_Board\LDR_\Core\Src\stm32f4xx_hal_msp.c
2025-12-29 12:58:33,415 [INFO] CodeEngine:265 - oldGeneratedFile, C:\Users\aditi\OneDrive\Desktop\Sunbeam_Internship\Internship_Practice_on_Board\LDR_\MXTmpFiles\system.tmp_save
2025-12-29 12:58:33,466 [INFO] CodeEngine:289 - Generated code: C:\Users\aditi\OneDrive\Desktop\Sunbeam_Internship\Internship_Practice_on_Board\LDR_\MXTmpFiles\system.tmp
2025-12-29 12:58:33,489 [INFO] CodeEngine:321 - oldGeneratedFile, C:\Users\aditi\OneDrive\Desktop\Sunbeam_Internship\Internship_Practice_on_Board\LDR_\Core\Inc\stm32f4xx_hal_conf.h_save
2025-12-29 12:58:33,563 [INFO] CodeEngine:345 - Generated code: C:\Users\aditi\OneDrive\Desktop\Sunbeam_Internship\Internship_Practice_on_Board\LDR_\Core\Inc\stm32f4xx_hal_conf.h
2025-12-29 12:58:33,593 [INFO] ApiDbMcu:532 - Load IP Config File for USART2
2025-12-29 12:58:33,613 [INFO] CodeEngine:265 - oldGeneratedFile, C:\Users\aditi\OneDrive\Desktop\Sunbeam_Internship\Internship_Practice_on_Board\LDR_\Core\Inc\main.h_save
2025-12-29 12:58:33,685 [INFO] CodeEngine:289 - Generated code: C:\Users\aditi\OneDrive\Desktop\Sunbeam_Internship\Internship_Practice_on_Board\LDR_\Core\Inc\main.h
2025-12-29 12:58:33,697 [INFO] CodeEngine:265 - oldGeneratedFile, C:\Users\aditi\OneDrive\Desktop\Sunbeam_Internship\Internship_Practice_on_Board\LDR_\Core\Src\main.c_save
2025-12-29 12:58:33,799 [INFO] CodeEngine:289 - Generated code: C:\Users\aditi\OneDrive\Desktop\Sunbeam_Internship\Internship_Practice_on_Board\LDR_\Core\Src\main.c
2025-12-29 12:58:35,406 [INFO] ProjectBuilder:3606 - Time for Copy HAL[1] : 1484mS.
2025-12-29 12:58:35,413 [INFO] ProjectBuilder:5216 - Project Generator version: 4.7.0-B52
2025-12-29 12:58:35,472 [INFO] ConfigFileManager:1595 - The Die is : DIE413
2025-12-29 12:58:37,020 [INFO] ProjectBuilder:5496 - Time for Generating toolchain IDE Files: 1607mS.
2025-12-29 12:58:37,023 [INFO] ProjectBuilder:3463 - Time for Copy CMSIS : 3mS.
2025-12-29 12:58:37,035 [INFO] ProjectBuilder:3463 - Time for Copy CMSIS : 1mS.
2025-12-29 13:10:36,692 [INFO] WebApp:194 - Connection lost
2025-12-29 13:10:44,319 [INFO] WebApp:191 - Connection restablished
2025-12-29 13:10:45,294 [INFO] WebApp:194 - Connection lost
2025-12-29 13:10:46,352 [INFO] WebApp:191 - Connection restablished
2025-12-29 13:17:54,180 [ERROR] LogOutputStream:75 - [STDERR_REDIRECT] 
2025-12-29 19:23:14,781 [INFO] Activator:176 - 


2025-12-29 19:23:14,783 [INFO] Activator:177 - !SESSION log4j initialized
2025-12-29 19:23:19,880 [INFO] LogOutputStream:77 - [STDOUT_REDIRECT] 
2025-12-29 19:23:20,806 [ERROR] ConfigurationRetriever:142 - IOException on connection: sw-center.st.com
2025-12-29 19:23:20,808 [ERROR] ConfigurationRetriever:142 - IOException on connection: sw-center.st.com
2025-12-29 19:23:20,809 [ERROR] ConfigurationRetriever:142 - IOException on connection: sw-center.st.com
2025-12-29 19:23:21,646 [INFO] ApplicationProperties:184 - Using Application install path: C:\ST\STM32CubeIDE_1.19.0\STM32CubeIDE\plugins\com.st.stm32cube.common.mx_6.15.0.202507011659
2025-12-29 19:23:21,679 [INFO] DbMcusXml:78 - Set database path to: C:\ST\STM32CubeIDE_1.19.0\STM32CubeIDE\plugins\com.st.stm32cube.common.mx_6.15.0.202507011659\\db\/mcu/
2025-12-29 19:23:21,679 [INFO] ApiDb:274 - Set plugin database path to: C:\ST\STM32CubeIDE_1.19.0\STM32CubeIDE\plugins\com.st.stm32cube.common.mx_6.15.0.202507011659\\db\/plugins/boardmanager/
2025-12-29 19:23:21,680 [WARN] ApiDb:259 - Overriding images path with different value:  => C:\ST\STM32CubeIDE_1.19.0\STM32CubeIDE\plugins\com.st.stm32cube.common.mx_6.15.0.202507011659\\db\/plugins/mcufinder/images/
2025-12-29 19:23:21,702 [INFO] ApiDb:250 - Set database path to: C:\Users\aditi\.stmcufinder\plugins\mcufinder//mcu/
2025-12-29 19:23:21,705 [INFO] DbMcusAds:125 - Set database path to: C:\Users\aditi\.stmcufinder\plugins\mcufinder//mcu/
2025-12-29 19:23:21,711 [INFO] CrossReferenceDbSqlite:203 - Set database path to: C:\Users\aditi\.stmcufinder\plugins\mcufinder//mcu/cs/
2025-12-29 19:23:21,936 [INFO] RulesReader:64 - Compatibility file has been processed (317 Rules)
2025-12-29 19:23:22,105 [INFO] DbMcusXml:78 - Set database path to: C:\ST\STM32CubeIDE_1.19.0\STM32CubeIDE\plugins\com.st.stm32cube.common.mx_6.15.0.202507011659\\db\/mcu/
2025-12-29 19:23:22,105 [INFO] ApiDb:274 - Set plugin database path to: C:\ST\STM32CubeIDE_1.19.0\STM32CubeIDE\plugins\com.st.stm32cube.common.mx_6.15.0.202507011659\\db\/plugins/boardmanager/
2025-12-29 19:23:22,105 [INFO] ApiDb:261 - Set plugin images path to: C:\ST\STM32CubeIDE_1.19.0\STM32CubeIDE\plugins\com.st.stm32cube.common.mx_6.15.0.202507011659\\db\/plugins/mcufinder/images/
2025-12-29 19:23:22,105 [WARN] DbFile:41 - Overriding database path with different value: C:\Users\aditi\.stmcufinder\plugins\mcufinder/ => C:\Users\aditi\.stmcufinder\plugins\mcufinder
2025-12-29 19:23:22,106 [INFO] ApiDb:250 - Set database path to: C:\Users\aditi\.stmcufinder\plugins\mcufinder//mcu/
2025-12-29 19:23:22,106 [WARN] DbFile:41 - Overriding database path with different value: C:\Users\aditi\.stmcufinder\plugins\mcufinder/ => C:\Users\aditi\.stmcufinder\plugins\mcufinder
2025-12-29 19:23:22,106 [INFO] DbMcusAds:125 - Set database path to: C:\Users\aditi\.stmcufinder\plugins\mcufinder//mcu/
2025-12-29 19:23:22,106 [WARN] DbFile:41 - Overriding database path with different value: C:\Users\aditi\.stmcufinder\plugins\mcufinder/ => C:\Users\aditi\.stmcufinder\plugins\mcufinder
2025-12-29 19:23:22,106 [WARN] DbFile:41 - Overriding database path with different value: C:\Users\aditi\.stmcufinder\plugins\mcufinder/ => C:\Users\aditi\.stmcufinder\plugins\mcufinder
2025-12-29 19:23:22,106 [INFO] CrossReferenceDbSqlite:203 - Set database path to: C:\Users\aditi\.stmcufinder\plugins\mcufinder//mcu/cs/
2025-12-29 19:23:22,268 [INFO] MainPanel:274 - HeapMemory: 268435456
2025-12-29 19:23:22,445 [INFO] DbMcusXml:78 - Set database path to: C:\ST\STM32CubeIDE_1.19.0\STM32CubeIDE\plugins\com.st.stm32cube.common.mx_6.15.0.202507011659\\db\/mcu/
2025-12-29 19:23:22,445 [INFO] ApiDb:274 - Set plugin database path to: C:\ST\STM32CubeIDE_1.19.0\STM32CubeIDE\plugins\com.st.stm32cube.common.mx_6.15.0.202507011659\\db\/plugins/boardmanager/
2025-12-29 19:23:22,446 [INFO] ApiDb:261 - Set plugin images path to: C:\ST\STM32CubeIDE_1.19.0\STM32CubeIDE\plugins\com.st.stm32cube.common.mx_6.15.0.202507011659\\db\/plugins/mcufinder/images/
2025-12-29 19:23:22,446 [WARN] DbFile:41 - Overriding database path with different value: C:\Users\aditi\.stmcufinder\plugins\mcufinder/ => C:\Users\aditi\.stmcufinder\plugins\mcufinder
2025-12-29 19:23:22,446 [INFO] ApiDb:250 - Set database path to: C:\Users\aditi\.stmcufinder\plugins\mcufinder//mcu/
2025-12-29 19:23:22,446 [WARN] DbFile:41 - Overriding database path with different value: C:\Users\aditi\.stmcufinder\plugins\mcufinder/ => C:\Users\aditi\.stmcufinder\plugins\mcufinder
2025-12-29 19:23:22,446 [INFO] DbMcusAds:125 - Set database path to: C:\Users\aditi\.stmcufinder\plugins\mcufinder//mcu/
2025-12-29 19:23:22,446 [WARN] DbFile:41 - Overriding database path with different value: C:\Users\aditi\.stmcufinder\plugins\mcufinder/ => C:\Users\aditi\.stmcufinder\plugins\mcufinder
2025-12-29 19:23:22,447 [WARN] DbFile:41 - Overriding database path with different value: C:\Users\aditi\.stmcufinder\plugins\mcufinder/ => C:\Users\aditi\.stmcufinder\plugins\mcufinder
2025-12-29 19:23:22,447 [INFO] CrossReferenceDbSqlite:203 - Set database path to: C:\Users\aditi\.stmcufinder\plugins\mcufinder//mcu/cs/
2025-12-29 19:23:22,472 [INFO] ApplicationProperties:184 - Using Application install path: C:\ST\STM32CubeIDE_1.19.0\STM32CubeIDE\plugins\com.st.stm32cube.common.mx_6.15.0.202507011659
2025-12-29 19:23:22,474 [INFO] PluginManage:196 - Search for loadable plugins [exclusion list=, ]
2025-12-29 19:23:22,476 [INFO] PluginManage:310 - Check plugin analytics
2025-12-29 19:23:22,802 [INFO] AnalyticsPlugin:253 - Accepted Software Licenses: 
2025-12-29 19:23:22,803 [INFO] AnalyticsPlugin:255 - Accepted CMSIS Pack Licenses: 
2025-12-29 19:23:22,803 [INFO] AnalyticsPlugin:257 - Accepted Firmware Licenses: FW.F4.1.28.0
2025-12-29 19:23:22,808 [ERROR] ConfigurationRetriever:142 - IOException on connection: sw-center.st.com
2025-12-29 19:23:22,809 [ERROR] ConfigurationRetriever:142 - IOException on connection: sw-center.st.com
2025-12-29 19:23:22,810 [ERROR] ConfigurationRetriever:142 - IOException on connection: sw-center.st.com
2025-12-29 19:23:22,811 [INFO] PluginManage:359 - Loaded plugin analytics (category:tool,tabindex:-1)
2025-12-29 19:23:22,812 [INFO] PluginManage:310 - Check plugin cadmodel
2025-12-29 19:23:22,824 [INFO] CADModel:105 - Init CAD model plugin
2025-12-29 19:23:22,825 [INFO] PluginManage:359 - Loaded plugin cadmodel (category:power,tabindex:5)
2025-12-29 19:23:22,825 [INFO] PluginManage:310 - Check plugin clock
2025-12-29 19:23:22,841 [INFO] PluginManage:359 - Loaded plugin clock (category:base,tabindex:2)
2025-12-29 19:23:22,841 [INFO] PluginManage:310 - Check plugin ddr
2025-12-29 19:23:22,845 [INFO] PluginManage:359 - Loaded plugin ddr (category:tool,tabindex:6)
2025-12-29 19:23:22,845 [INFO] PluginManage:310 - Check plugin filemanager
2025-12-29 19:23:23,096 [INFO] PluginManage:359 - Loaded plugin filemanager (category:base,tabindex:10)
2025-12-29 19:23:23,096 [INFO] PluginManage:310 - Check plugin ipmanager
2025-12-29 19:23:23,109 [INFO] PluginManage:359 - Loaded plugin ipmanager (category:base,tabindex:5)
2025-12-29 19:23:23,109 [INFO] PluginManage:310 - Check plugin lpbam
2025-12-29 19:23:23,124 [INFO] PluginManage:359 - Loaded plugin lpbam (category:base,tabindex:0)
2025-12-29 19:23:23,124 [INFO] PluginManage:310 - Check plugin memorymap
2025-12-29 19:23:23,161 [INFO] PluginManage:359 - Loaded plugin memorymap (category:base,tabindex:4)
2025-12-29 19:23:23,161 [INFO] PluginManage:310 - Check plugin pinoutandconfiguration
2025-12-29 19:23:23,178 [INFO] PluginManage:359 - Loaded plugin pinoutandconfiguration (category:base,tabindex:1)
2025-12-29 19:23:23,179 [INFO] PluginManage:310 - Check plugin pinoutconfig
2025-12-29 19:23:23,310 [WARN] SupportedApi:132 - Cannot load RTOS API schema: s4s-elt-must-match.1: The content of 'definitions' must match (annotation?, (simpleType | complexType)?, (unique | key | keyref)*)). A problem was found starting at: attribute.
2025-12-29 19:23:23,494 [INFO] PluginManage:359 - Loaded plugin pinoutconfig (category:base,tabindex:0)
2025-12-29 19:23:23,494 [INFO] PluginManage:310 - Check plugin power
2025-12-29 19:23:23,506 [INFO] PluginManage:359 - Loaded plugin power (category:power,tabindex:4)
2025-12-29 19:23:23,506 [INFO] PluginManage:310 - Check plugin projectmanager
2025-12-29 19:23:23,530 [INFO] PluginManage:359 - Loaded plugin projectmanager (category:projectmanager,tabindex:4)
2025-12-29 19:23:23,530 [INFO] PluginManage:310 - Check plugin rif
2025-12-29 19:23:23,543 [INFO] PluginManage:359 - Loaded plugin rif (category:base,tabindex:3)
2025-12-29 19:23:23,543 [INFO] PluginManage:310 - Check plugin thirdparty
2025-12-29 19:23:23,718 [WARN] IntegrityCheckThread:84 - waiting for thirdparty lock release [integrity check]
2025-12-29 19:23:23,718 [INFO] PluginManage:359 - Loaded plugin thirdparty (category:base,tabindex:-1)
2025-12-29 19:23:23,719 [INFO] IntegrityCheckThread:86 - entering critical section [integrity check]
2025-12-29 19:23:23,719 [INFO] PluginManage:310 - Check plugin tools
2025-12-29 19:23:23,719 [INFO] ThirdPartyUpdaterWithRetryManager:70 - Updater plugin not ready yet. [1/15]
2025-12-29 19:23:23,723 [INFO] PluginManage:359 - Loaded plugin tools (category:base,tabindex:7)
2025-12-29 19:23:23,723 [INFO] PluginManage:310 - Check plugin tutovideos
2025-12-29 19:23:24,017 [INFO] PluginManage:359 - Loaded plugin tutovideos (category:base,tabindex:-1)
2025-12-29 19:23:24,017 [INFO] PluginManage:310 - Check plugin updater
2025-12-29 19:23:24,060 [INFO] PluginManage:359 - Loaded plugin updater (category:base,tabindex:12)
2025-12-29 19:23:24,060 [INFO] PluginManage:310 - Check plugin userauth
2025-12-29 19:23:24,067 [INFO] UserAuth:118 - Init User Auth plugin
2025-12-29 19:23:24,069 [INFO] PluginManage:359 - Loaded plugin userauth (category:base,tabindex:14)
2025-12-29 19:23:24,069 [INFO] PluginManage:283 - PluginManage : Loaded plugins [18]
2025-12-29 19:23:24,356 [INFO] PinOutPanel:1589 - setPackage(No Configuration,No Configuration)
2025-12-29 19:23:24,466 [INFO] CADModel:165 - CPN selected for project level
2025-12-29 19:23:24,466 [INFO] CADModel:114 - Register for checkConnection events
2025-12-29 19:23:24,491 [INFO] IPUIPlugin:80 - create IPUIPlugin
2025-12-29 19:23:24,492 [INFO] PluginManager:220 - loadIPPluginJar : add adc
2025-12-29 19:23:24,496 [INFO] IPUIPlugin:80 - create IPUIPlugin
2025-12-29 19:23:24,496 [INFO] PluginManager:220 - loadIPPluginJar : add aes
2025-12-29 19:23:24,500 [INFO] IPUIPlugin:80 - create IPUIPlugin
2025-12-29 19:23:24,500 [INFO] PluginManager:220 - loadIPPluginJar : add can
2025-12-29 19:23:24,503 [INFO] IPUIPlugin:80 - create IPUIPlugin
2025-12-29 19:23:24,503 [INFO] PluginManager:220 - loadIPPluginJar : add comp
2025-12-29 19:23:24,507 [INFO] IPUIPlugin:80 - create IPUIPlugin
2025-12-29 19:23:24,507 [INFO] PluginManager:220 - loadIPPluginJar : add cryp
2025-12-29 19:23:24,512 [INFO] IPUIPlugin:80 - create IPUIPlugin
2025-12-29 19:23:24,512 [INFO] PluginManager:220 - loadIPPluginJar : add ddr_ctrl_phy
2025-12-29 19:23:24,517 [INFO] IPUIPlugin:80 - create IPUIPlugin
2025-12-29 19:23:24,517 [INFO] PluginManager:220 - loadIPPluginJar : add dfsdm
2025-12-29 19:23:24,524 [INFO] IPUIPlugin:80 - create IPUIPlugin
2025-12-29 19:23:24,525 [INFO] PluginManager:220 - loadIPPluginJar : add dma
2025-12-29 19:23:24,529 [INFO] IPUIPlugin:80 - create IPUIPlugin
2025-12-29 19:23:24,529 [INFO] PluginManager:220 - loadIPPluginJar : add dma3
2025-12-29 19:23:24,535 [INFO] IPUIPlugin:80 - create IPUIPlugin
2025-12-29 19:23:24,536 [INFO] PluginManager:220 - loadIPPluginJar : add extmemmanager
2025-12-29 19:23:24,539 [INFO] IPUIPlugin:80 - create IPUIPlugin
2025-12-29 19:23:24,539 [INFO] PluginManager:220 - loadIPPluginJar : add fatfs
2025-12-29 19:23:24,547 [INFO] IPUIPlugin:80 - create IPUIPlugin
2025-12-29 19:23:24,547 [INFO] PluginManager:220 - loadIPPluginJar : add fmc
2025-12-29 19:23:24,555 [INFO] IPUIPlugin:80 - create IPUIPlugin
2025-12-29 19:23:24,556 [INFO] PluginManager:220 - loadIPPluginJar : add freertos
2025-12-29 19:23:24,558 [INFO] IPUIPlugin:80 - create IPUIPlugin
2025-12-29 19:23:24,558 [INFO] PluginManager:220 - loadIPPluginJar : add genericplugin
2025-12-29 19:23:24,562 [INFO] IPUIPlugin:80 - create IPUIPlugin
2025-12-29 19:23:24,563 [INFO] PluginManager:220 - loadIPPluginJar : add gfxmmu
2025-12-29 19:23:24,568 [INFO] IPUIPlugin:80 - create IPUIPlugin
2025-12-29 19:23:24,568 [INFO] PluginManager:220 - loadIPPluginJar : add gic
2025-12-29 19:23:24,573 [INFO] IPUIPlugin:80 - create IPUIPlugin
2025-12-29 19:23:24,574 [INFO] PluginManager:220 - loadIPPluginJar : add gpio
2025-12-29 19:23:24,578 [INFO] IPUIPlugin:80 - create IPUIPlugin
2025-12-29 19:23:24,578 [INFO] PluginManager:220 - loadIPPluginJar : add gtzc
2025-12-29 19:23:24,582 [INFO] IPUIPlugin:80 - create IPUIPlugin
2025-12-29 19:23:24,583 [INFO] PluginManager:220 - loadIPPluginJar : add hash
2025-12-29 19:23:24,587 [INFO] IPUIPlugin:80 - create IPUIPlugin
2025-12-29 19:23:24,587 [INFO] PluginManager:220 - loadIPPluginJar : add i2c
2025-12-29 19:23:24,591 [INFO] IPUIPlugin:80 - create IPUIPlugin
2025-12-29 19:23:24,592 [INFO] PluginManager:220 - loadIPPluginJar : add i2s
2025-12-29 19:23:24,597 [INFO] IPUIPlugin:80 - create IPUIPlugin
2025-12-29 19:23:24,597 [INFO] PluginManager:220 - loadIPPluginJar : add i3c
2025-12-29 19:23:24,602 [INFO] IPUIPlugin:80 - create IPUIPlugin
2025-12-29 19:23:24,604 [INFO] PluginManager:220 - loadIPPluginJar : add ipddr
2025-12-29 19:23:24,615 [INFO] IPUIPlugin:80 - create IPUIPlugin
2025-12-29 19:23:24,615 [INFO] PluginManager:220 - loadIPPluginJar : add linkedlist
2025-12-29 19:23:24,620 [INFO] IPUIPlugin:80 - create IPUIPlugin
2025-12-29 19:23:24,620 [INFO] PluginManager:220 - loadIPPluginJar : add lorawan
2025-12-29 19:23:24,622 [INFO] IPUIPlugin:80 - create IPUIPlugin
2025-12-29 19:23:24,622 [INFO] PluginManager:220 - loadIPPluginJar : add ltdc
2025-12-29 19:23:24,628 [INFO] IPUIPlugin:80 - create IPUIPlugin
2025-12-29 19:23:24,629 [INFO] PluginManager:220 - loadIPPluginJar : add mdma
2025-12-29 19:23:24,633 [INFO] IPUIPlugin:80 - create IPUIPlugin
2025-12-29 19:23:24,633 [INFO] PluginManager:220 - loadIPPluginJar : add nvic
2025-12-29 19:23:24,637 [INFO] IPUIPlugin:80 - create IPUIPlugin
2025-12-29 19:23:24,637 [INFO] PluginManager:220 - loadIPPluginJar : add opamp
2025-12-29 19:23:24,641 [INFO] IPUIPlugin:80 - create IPUIPlugin
2025-12-29 19:23:24,642 [INFO] PluginManager:220 - loadIPPluginJar : add openamp
2025-12-29 19:23:24,646 [INFO] IPUIPlugin:80 - create IPUIPlugin
2025-12-29 19:23:24,646 [INFO] PluginManager:220 - loadIPPluginJar : add pdm2pcm
2025-12-29 19:23:24,652 [INFO] IPUIPlugin:80 - create IPUIPlugin
2025-12-29 19:23:24,654 [INFO] PluginManager:220 - loadIPPluginJar : add plateformsettings
2025-12-29 19:23:24,656 [INFO] IPUIPlugin:80 - create IPUIPlugin
2025-12-29 19:23:24,656 [INFO] PluginManager:220 - loadIPPluginJar : add quadspi
2025-12-29 19:23:24,659 [INFO] IPUIPlugin:80 - create IPUIPlugin
2025-12-29 19:23:24,659 [INFO] PluginManager:220 - loadIPPluginJar : add radio
2025-12-29 19:23:24,665 [INFO] IPUIPlugin:80 - create IPUIPlugin
2025-12-29 19:23:24,666 [INFO] PluginManager:220 - loadIPPluginJar : add resmgrutility
2025-12-29 19:23:24,669 [INFO] IPUIPlugin:80 - create IPUIPlugin
2025-12-29 19:23:24,670 [INFO] PluginManager:220 - loadIPPluginJar : add sai
2025-12-29 19:23:24,672 [INFO] IPUIPlugin:80 - create IPUIPlugin
2025-12-29 19:23:24,672 [INFO] PluginManager:220 - loadIPPluginJar : add spi
2025-12-29 19:23:24,677 [INFO] IPUIPlugin:80 - create IPUIPlugin
2025-12-29 19:23:24,677 [INFO] PluginManager:220 - loadIPPluginJar : add stm32_wpan
2025-12-29 19:23:24,679 [INFO] IPUIPlugin:80 - create IPUIPlugin
2025-12-29 19:23:24,680 [INFO] PluginManager:220 - loadIPPluginJar : add tim
2025-12-29 19:23:24,684 [INFO] IPUIPlugin:80 - create IPUIPlugin
2025-12-29 19:23:24,684 [INFO] PluginManager:220 - loadIPPluginJar : add touchsensing
2025-12-29 19:23:24,686 [INFO] IPUIPlugin:80 - create IPUIPlugin
2025-12-29 19:23:24,686 [INFO] PluginManager:220 - loadIPPluginJar : add tracer_emb
2025-12-29 19:23:24,688 [INFO] IPUIPlugin:80 - create IPUIPlugin
2025-12-29 19:23:24,688 [INFO] PluginManager:220 - loadIPPluginJar : add ts
2025-12-29 19:23:24,689 [INFO] IPUIPlugin:80 - create IPUIPlugin
2025-12-29 19:23:24,689 [INFO] PluginManager:220 - loadIPPluginJar : add tsc
2025-12-29 19:23:24,691 [INFO] IPUIPlugin:80 - create IPUIPlugin
2025-12-29 19:23:24,691 [INFO] PluginManager:220 - loadIPPluginJar : add ucpd
2025-12-29 19:23:24,693 [INFO] IPUIPlugin:80 - create IPUIPlugin
2025-12-29 19:23:24,694 [INFO] PluginManager:220 - loadIPPluginJar : add usart
2025-12-29 19:23:24,698 [INFO] IPUIPlugin:80 - create IPUIPlugin
2025-12-29 19:23:24,698 [INFO] PluginManager:220 - loadIPPluginJar : add usbx
2025-12-29 19:23:24,825 [FATAL] Updater:351 - Updater called before beeing initialized
2025-12-29 19:23:24,976 [INFO] RulesReader:64 - Compatibility file has been processed (317 Rules)
2025-12-29 19:23:24,996 [INFO] RulesReader:64 - Compatibility file has been processed (317 Rules)
2025-12-29 19:23:25,031 [INFO] CADModel:165 - CPN selected for project level
2025-12-29 19:23:25,035 [INFO] CADModel:114 - Register for checkConnection events
2025-12-29 19:23:25,036 [FATAL] Updater:351 - Updater called before beeing initialized
2025-12-29 19:23:25,037 [ERROR] CADModel:125 - Updater not yet initialized, retry later 
2025-12-29 19:23:25,265 [FATAL] Updater:351 - Updater called before beeing initialized
2025-12-29 19:23:25,268 [INFO] CADModel:165 - CPN selected for project level
2025-12-29 19:23:25,269 [INFO] CADModel:114 - Register for checkConnection events
2025-12-29 19:23:25,269 [FATAL] Updater:351 - Updater called before beeing initialized
2025-12-29 19:23:25,269 [ERROR] CADModel:125 - Updater not yet initialized, retry later 
2025-12-29 19:23:25,273 [FATAL] Updater:351 - Updater called before beeing initialized
2025-12-29 19:23:25,400 [FATAL] Updater:351 - Updater called before beeing initialized
2025-12-29 19:23:25,403 [INFO] DbMcusAds:53 - JSON generation date=Tue Dec 16 04:41:46 IST 2025 (1765840306612)
2025-12-29 19:23:25,404 [FATAL] Updater:351 - Updater called before beeing initialized
2025-12-29 19:23:25,457 [WARN] DetailPanel:346 - Failed to get advertising image, set to default
2025-12-29 19:23:25,542 [FATAL] Updater:351 - Updater called before beeing initialized
2025-12-29 19:23:25,543 [FATAL] Updater:351 - Updater called before beeing initialized
2025-12-29 19:23:25,544 [FATAL] Updater:351 - Updater called before beeing initialized
2025-12-29 19:23:25,544 [WARN] DetailPanel:346 - Failed to get advertising image, set to default
2025-12-29 19:23:25,544 [FATAL] Updater:351 - Updater called before beeing initialized
2025-12-29 19:23:25,589 [ERROR] Updater:1198 - MainUpdater not yet initialized. External WinMGr cannot be set.
2025-12-29 19:23:25,591 [INFO] Updater:1134 - Updater Version found : 6.15.0
2025-12-29 19:23:25,610 [INFO] ApplicationProperties:184 - Using Application install path: C:\ST\STM32CubeIDE_1.19.0\STM32CubeIDE\plugins\com.st.stm32cube.common.mx_6.15.0.202507011659
2025-12-29 19:23:26,721 [INFO] ThirdPartyUpdaterWithRetryManager:70 - Updater plugin not ready yet. [2/15]
2025-12-29 19:23:27,199 [ERROR] LogOutputStream:75 - [STDERR_REDIRECT] Dec 29, 2025 7:23:27 PM java.util.prefs.WindowsPreferences <init>
2025-12-29 19:23:27,201 [ERROR] LogOutputStream:75 - [STDERR_REDIRECT] WARNING: Could not open/create prefs root node Software\JavaSoft\Prefs at root 0xffffffff80000002. Windows RegCreateKeyEx(...) returned error code 5.
2025-12-29 19:23:27,201 [ERROR] LogOutputStream:75 - [STDERR_REDIRECT] 
2025-12-29 19:23:27,602 [INFO] MainUpdater:2872 - connection check result : 22
2025-12-29 19:23:27,602 [INFO] MainUpdater:289 - Updater Check For Update Now.
2025-12-29 19:23:27,602 [INFO] MicroXplorer:498 - Change Database Version : DB.6.0.150
2025-12-29 19:23:27,609 [INFO] McuFinderGlobals:63 - Set McuFinder mode to 2 (CubeIDE integrated)
2025-12-29 19:23:27,612 [INFO] UserAuth:487 - Internet connection configuration mode: 2
2025-12-29 19:23:27,622 [INFO] UserAuth:487 - Internet connection configuration mode: 2
2025-12-29 19:23:27,813 [INFO] CheckServerUpdateThread:120 - End of CheckServer Thread
2025-12-29 19:23:29,984 [WARN] PackLoader:240 - Cannot read IP mode file for STMicroelectronics.FP-SNS-MOTENVWB1.1.4.0
2025-12-29 19:23:29,995 [WARN] PackLoader:240 - Cannot read IP mode file for STMicroelectronics.FP-ATR-ASTRA1.2.0.2
2025-12-29 19:23:30,003 [WARN] PackLoader:240 - Cannot read IP mode file for STMicroelectronics.X-CUBE-SMBUS.2.1.0
2025-12-29 19:23:30,052 [WARN] PackLoader:240 - Cannot read IP mode file for STMicroelectronics.X-CUBE-AZRTOS-F7.1.1.0
2025-12-29 19:23:30,072 [WARN] PackLoader:240 - Cannot read IP mode file for STMicroelectronics.X-CUBE-DISPLAY.3.0.0
2025-12-29 19:23:30,101 [WARN] PackLoader:240 - Cannot read IP mode file for STMicroelectronics.X-CUBE-NFC10.1.0.0
2025-12-29 19:23:30,114 [WARN] PackLoader:240 - Cannot read IP mode file for STMicroelectronics.FP-SNS-SMARTAG2.1.2.0
2025-12-29 19:23:30,129 [WARN] PackLoader:240 - Cannot read IP mode file for STMicroelectronics.FP-SNS-FLIGHT1.5.1.0
2025-12-29 19:23:30,157 [INFO] LogOutputStream:77 - [STDOUT_REDIRECT] 1 : Invalid condition id : UX_CORESTACK_Condition cause : null
2025-12-29 19:23:30,158 [INFO] LogOutputStream:77 - [STDOUT_REDIRECT] 1 : Invalid condition id : UX_CORESTACK_Condition cause : null
2025-12-29 19:23:30,159 [INFO] LogOutputStream:77 - [STDOUT_REDIRECT] 1 : Invalid condition id : UX_CORESTACK_Condition cause : null
2025-12-29 19:23:30,161 [INFO] LogOutputStream:77 - [STDOUT_REDIRECT] 1 : Invalid condition id : UX_CORESTACK_Condition cause : null
2025-12-29 19:23:30,161 [INFO] LogOutputStream:77 - [STDOUT_REDIRECT] 1 : Invalid condition id : UX_CORESTACK_Condition cause : null
2025-12-29 19:23:30,165 [WARN] PackLoader:240 - Cannot read IP mode file for STMicroelectronics.X-CUBE-AZRTOS-WL.2.0.0
2025-12-29 19:23:30,176 [WARN] PackLoader:240 - Cannot read IP mode file for STMicroelectronics.X-CUBE-BLE2.3.3.0
2025-12-29 19:23:30,185 [WARN] PackLoader:240 - Cannot read IP mode file for STMicroelectronics.X-CUBE-NFC9.1.0.0
2025-12-29 19:23:30,194 [WARN] PackLoader:240 - Cannot read IP mode file for STMicroelectronics.X-CUBE-BLE1.7.1.0
2025-12-29 19:23:30,216 [WARN] PackLoader:240 - Cannot read IP mode file for STMicroelectronics.X-CUBE-AZRTOS-G0.1.1.0
2025-12-29 19:23:30,226 [WARN] PackLoader:240 - Cannot read IP mode file for STMicroelectronics.X-CUBE-NFC4.3.0.0
2025-12-29 19:23:30,234 [WARN] PackLoader:240 - Cannot read IP mode file for STMicroelectronics.X-CUBE-WB05N.2.0.0
2025-12-29 19:23:30,242 [WARN] PackLoader:240 - Cannot read IP mode file for STMicroelectronics.X-CUBE-TCPP.4.2.0
2025-12-29 19:23:30,250 [WARN] PackLoader:240 - Cannot read IP mode file for STMicroelectronics.FP-ATR-SIGFOX1.3.2.0
2025-12-29 19:23:30,256 [WARN] PackLoader:240 - Cannot read IP mode file for STMicroelectronics.X-CUBE-ALGOBUILD.1.4.0
2025-12-29 19:23:30,262 [WARN] PackLoader:240 - Cannot read IP mode file for STMicroelectronics.X-CUBE-PM33A1.1.0.0
2025-12-29 19:23:30,277 [WARN] PackLoader:240 - Cannot read IP mode file for STMicroelectronics.X-CUBE-AZRTOS-F4.1.1.0
2025-12-29 19:23:30,286 [WARN] PackLoader:240 - Cannot read IP mode file for STMicroelectronics.X-CUBE-ISPU.2.1.0
2025-12-29 19:23:30,303 [WARN] PackLoader:240 - Cannot read IP mode file for STMicroelectronics.X-CUBE-AZRTOS-L5.2.0.0
2025-12-29 19:23:30,313 [WARN] PackLoader:240 - Cannot read IP mode file for STMicroelectronics.X-CUBE-NFC6.3.1.0
2025-12-29 19:23:30,323 [WARN] PackLoader:240 - Cannot read IP mode file for STMicroelectronics.X-CUBE-DPower.1.3.0
2025-12-29 19:23:30,340 [WARN] ConditionMgr:438 - getConditionDescription Invalid condition id : LAN8742 Phy interface Condition cause : null
2025-12-29 19:23:30,340 [WARN] PackLoader:240 - Cannot read IP mode file for STMicroelectronics.X-CUBE-AZRTOS-L4.2.0.0
2025-12-29 19:23:30,341 [WARN] ConditionMgr:1044 - genDependencies : Invalid condition id : LAN8742 Phy interface Condition cause : null
2025-12-29 19:23:30,341 [WARN] ConditionMgr:1044 - genDependencies : Invalid condition id : LAN8742 Phy interface Condition cause : null
2025-12-29 19:23:30,342 [WARN] ConditionMgr:1044 - genDependencies : Invalid condition id : LAN8742 Phy interface Condition cause : null
2025-12-29 19:23:30,352 [WARN] PackLoader:240 - Cannot read IP mode file for STMicroelectronics.X-CUBE-SFXS2LP1.4.0.0
2025-12-29 19:23:30,481 [WARN] ConditionMgr:438 - getConditionDescription Invalid condition id : UX DEVICE CLASS RTOS Condition cause : null
2025-12-29 19:23:30,482 [WARN] ConditionMgr:438 - getConditionDescription Invalid condition id : UX DEVICE CLASS RTOS Condition cause : null
2025-12-29 19:23:30,484 [WARN] PackLoader:240 - Cannot read IP mode file for STMicroelectronics.X-CUBE-AZRTOS-WB.2.0.0
2025-12-29 19:23:30,485 [WARN] ConditionMgr:1044 - genDependencies : Invalid condition id : UX DEVICE CLASS RTOS Condition cause : null
2025-12-29 19:23:30,486 [WARN] ConditionMgr:1044 - genDependencies : Invalid condition id : UX DEVICE CLASS RTOS Condition cause : null
2025-12-29 19:23:30,486 [WARN] ConditionMgr:1044 - genDependencies : Invalid condition id : UX DEVICE CLASS RTOS Condition cause : null
2025-12-29 19:23:30,486 [WARN] ConditionMgr:1044 - genDependencies : Invalid condition id : UX DEVICE CLASS RTOS Condition cause : null
2025-12-29 19:23:30,487 [WARN] ConditionMgr:1044 - genDependencies : Invalid condition id : UX DEVICE CLASS RTOS Condition cause : null
2025-12-29 19:23:30,497 [WARN] PackLoader:240 - Cannot read IP mode file for STMicroelectronics.X-CUBE-SUBG2.5.0.0
2025-12-29 19:23:30,515 [WARN] PackLoader:240 - Cannot read IP mode file for STMicroelectronics.X-CUBE-AZRTOS-G4.2.0.0
2025-12-29 19:23:30,523 [WARN] PackLoader:240 - Cannot read IP mode file for STMicroelectronics.X-CUBE-NFC7.2.0.0
2025-12-29 19:23:30,529 [WARN] PackLoader:240 - Cannot read IP mode file for STMicroelectronics.X-CUBE-ALS.1.0.2
2025-12-29 19:23:30,540 [WARN] PackLoader:240 - Cannot read IP mode file for STMicroelectronics.X-CUBE-TOF1.3.4.3
2025-12-29 19:23:30,548 [INFO] ThirdParty:978 - Integrity check success = true
2025-12-29 19:23:30,549 [INFO] IntegrityCheckThread:100 - exiting critical section [integrity check]
2025-12-29 19:23:30,549 [INFO] IntegrityCheckThread:103 - End integrity checks thread
2025-12-29 19:23:36,603 [INFO] McuFinderGlobals:63 - Set McuFinder mode to 2 (CubeIDE integrated)
2025-12-29 19:23:36,612 [INFO] MainUpdater:2872 - connection check result : 22
2025-12-29 19:23:40,267 [INFO] ApiDb:581 - Connected to CubeFinder SQLite database (C:\Users\aditi\.stmcufinder\plugins\mcufinder\mcu\cube-finder-db.db)
2025-12-29 19:23:40,364 [INFO] ApiDb:668 - CubeFinder database Data Model version=2.1
2025-12-29 19:23:40,364 [INFO] ApiDb:669 - CubeFinder database Configuration version=3.0.39
2025-12-29 19:23:40,364 [INFO] ApiDb:670 - CubeFinder database generation date=2025-11-05 (1762334721)
2025-12-29 19:23:40,365 [INFO] ApiDb:671 - CubeFinder database FW Pack versions=[FP-ATR-ASTRA1_V2.0.0, FP-SNS-FLIGHT1_V5.1.0, FP-SNS-MOTENV1_V5.1.0, FP-SNS-MOTENVWB1_V1.4.0, FP-SNS-SMARTAG2_V1.2.0, FP-SNS-STBOX1_V2.1.0, STM32Cube_FW_C0_V1.4.0, STM32Cube_FW_F4_V1.28.3, STM32Cube_FW_F7_V1.17.4, STM32Cube_FW_G0_V1.6.2, STM32Cube_FW_G4_V1.6.1, STM32Cube_FW_H5_V1.5.1, STM32Cube_FW_H7RS_V1.3.0, STM32Cube_FW_H7_V1.12.1, STM32Cube_FW_L0_V1.12.2, STM32Cube_FW_L4_V1.18.1, STM32Cube_FW_L5_V1.6.0, STM32Cube_FW_N6_V1.3.0, STM32Cube_FW_U0_V1.3.0, STM32Cube_FW_U3_V1.2.1, STM32Cube_FW_U5_V1.8.0, STM32Cube_FW_WB0_V1.4.0, STM32Cube_FW_WBA_V1.8.0, STM32Cube_FW_WB_V1.24.0, STM32Cube_FW_WL3_V1.3.0, STM32Cube_FW_WL_V1.4.0, X-CUBE-ALGOBUILD_V1.4.0, X-CUBE-ALS_V1.0.2, X-CUBE-AZRTOS-F4_V1.1.0, X-CUBE-AZRTOS-F7_V1.1.0, X-CUBE-AZRTOS-G0_V1.1.0, X-CUBE-AZRTOS-G4_V2.0.0, X-CUBE-AZRTOS-H7RS_V1.1.0, X-CUBE-AZRTOS-H7_V3.4.0, X-CUBE-AZRTOS-L4_V2.0.0, X-CUBE-AZRTOS-L5_V2.0.0, X-CUBE-AZRTOS-WB_V2.0.0, X-CUBE-AZRTOS-WL_V2.0.0, X-CUBE-BLE1_V7.1.0, X-CUBE-BLE2_V3.3.0, X-CUBE-BLEMGR_V4.1.0, X-CUBE-EEPRMA1_V5.2.0, X-CUBE-FREERTOS_V1.3.1, X-CUBE-GNSS1_V6.0.0, X-CUBE-MEMS1_V11.3.0, X-CUBE-NFC4_V3.0.0, X-CUBE-NFC7_V2.0.0, X-CUBE-SFXS2LP1_V4.0.0, X-CUBE-ST67W61_V1.1.0, X-CUBE-SUBG2_V5.0.0, X-CUBE-TOF1_V3.4.3]
2025-12-29 19:23:42,519 [INFO] ApiDb:240 - Found 880 in-development CPN: [B-G473E-ZEST1S, B-WB1M-WPAN1, B-WBA5M-WPAN, B-WL5M-SUBG1, NUCLEO-C031C6, NUCLEO-C051C8, NUCLEO-C071RB, NUCLEO-C092RC, NUCLEO-H503RB, NUCLEO-H533RE, NUCLEO-H563ZI, NUCLEO-H7S3L8, NUCLEO-N657X0-Q, NUCLEO-U031R8, NUCLEO-U083RC, NUCLEO-U385RG-Q, NUCLEO-U545RE-Q, NUCLEO-U5A5ZJ-Q, NUCLEO-WB05KZ, NUCLEO-WB07CC, NUCLEO-WB09KE, NUCLEO-WBA52CG, NUCLEO-WBA55CG, NUCLEO-WL33CC1, NUCLEO-WL33CC2, STEVAL-PROTEUS1, STEVAL-SMARTAG2, STEVAL-STWINBX1, STM320518-EVAL, STM32C0116-DK, STM32C011D6Y3TR, STM32C011D6Y6TR, STM32C011F4P3, STM32C011F4P6, STM32C011F4U3, STM32C011F4U6TR, STM32C011F6P3, STM32C011F6P6, STM32C011F6U3, STM32C011F6U6TR, STM32C011J4M3, STM32C011J4M6, STM32C011J6M3, STM32C011J6M6, STM32C0316-DK, STM32C031C4T3, STM32C031C4T6, STM32C031C4U3, STM32C031C4U6, STM32C031C6T3, STM32C031C6T6, STM32C031C6U3, STM32C031C6U6, STM32C031F4P3, STM32C031F4P6, STM32C031F6P3, STM32C031F6P6, STM32C031G4U3, STM32C031G4U6, STM32C031G6U3, STM32C031G6U6, STM32C031K4T3, STM32C031K4T6, STM32C031K4U3, STM32C031K4U6, STM32C031K6T3, STM32C031K6T6, STM32C031K6U3, STM32C031K6U6, STM32C051C6T6, STM32C051C6U6, STM32C051C8T6, STM32C051C8U6, STM32C051D8Y6TR, STM32C051F6P6, STM32C051F8P6, STM32C051G6U6, STM32C051G8U6, STM32C051K6T6, STM32C051K6U6, STM32C051K8T6, STM32C071C8T6, STM32C071C8T6N, STM32C071C8U6, STM32C071C8U6N, STM32C071CBT6, STM32C071CBT6N, STM32C071CBU6, STM32C071CBU6N, STM32C071F8P6, STM32C071F8P6N, STM32C071FBP6, STM32C071FBP6N, STM32C071FBY6TR, STM32C071G8U6, STM32C071G8U6N, STM32C071GBU6, STM32C071GBU6N, STM32C071K8T6, STM32C071K8T6N, STM32C071K8U6, STM32C071K8U6N, STM32C071KBT6, STM32C071KBT6N, STM32C071KBU6, STM32C071KBU6N, STM32C071R8T6, STM32C071R8T6N, STM32C071RBI6N, STM32C071RBT6, STM32C071RBT6N, STM32C091CBT6, STM32C091CBU6, STM32C091CCT6, STM32C091CCU6, STM32C091ECY6TR, STM32C091FBP6, STM32C091FCP6, STM32C091GBU6, STM32C091GCU6, STM32C091KBT6, STM32C091KBU6, STM32C091KCT6, STM32C091KCU6, STM32C091RBT6, STM32C091RCI6, STM32C091RCT6, STM32C092CBT6, STM32C092CBU6, STM32C092CCT6, STM32C092CCU6, STM32C092ECY6TR, STM32C092FBP6, STM32C092FCP6, STM32C092GBU6, STM32C092GCU6, STM32C092KBT6, STM32C092KBU6, STM32C092KCT6, STM32C092KCU6, STM32C092RBT6, STM32C092RCI6, STM32C092RCT6, STM32G071K8TXN, STM32G071K8UXN, STM32G081GBU6N, STM32G081KBT6N, STM32G081KBUXN, STM32G0B1CCT6N, STM32G0B1KCT6, STM32G0B1NEY6TR, STM32G0B1RCT6N, STM32G0C1CCT6, STM32G0C1CCT6N, STM32G0C1CCU6N, STM32G0C1CET6N, STM32G0C1CEU6N, STM32G0C1KCT6, STM32G0C1NEY6TR, STM32G0C1RCI6N, STM32G0C1RCT6N, STM32G0C1REI6N, STM32G0C1RET6N, STM32G0C1VCI6, STM32G0C1VEI6, STM32G411C6T3, STM32G411C6T6, STM32G411C6U3, STM32G411C6U6, STM32G411C8T3, STM32G411C8T6, STM32G411C8U3, STM32G411C8U6, STM32G411CBT3, STM32G411CBT6, STM32G411CBU3, STM32G411CBU6, STM32G411K6T3, STM32G411K6T6, STM32G411K6U3, STM32G411K6U6, STM32G411K8T3, STM32G411K8T6, STM32G411K8U3, STM32G411K8U6, STM32G411KBT3, STM32G411KBT6, STM32G411KBU3, STM32G411KBU6, STM32G411M6T3, STM32G411M6T6, STM32G411M8T3, STM32G411M8T6, STM32G411MBT3, STM32G411MBT6, STM32G411R6T3, STM32G411R6T6, STM32G411R8T3, STM32G411R8T6, STM32G411RBT3, STM32G411RBT6, STM32G414CBT3, STM32G414CBT6, STM32G414CBU3, STM32G414CBU6, STM32G414CCT3, STM32G414CCT6, STM32G414CCU3, STM32G414CCU6, STM32G414MBT3, STM32G414MBT6, STM32G414MCT3, STM32G414MCT6, STM32G414RBT3, STM32G414RBT6, STM32G414RCT3, STM32G414RCT6, STM32G414VBT3, STM32G414VBT6, STM32G414VCT3, STM32G414VCT6, STM32G431CBT3Z, STM32G431RBT3Z, STM32G471CCT6, STM32G471CCU6, STM32G471CET3, STM32G471CET6, STM32G471CEU3, STM32G471CEU6, STM32G471MCT6, STM32G471MET3, STM32G471MET6, STM32G471MEY6TR, STM32G471QCT6, STM32G471QET3, STM32G471RCT6, STM32G471RET3, STM32G471RET6, STM32G471VCH6, STM32G471VCI6, STM32G471VCT6, STM32G471VEH3, STM32G471VEH6, STM32G471VEI3, STM32G471VEI6, STM32G471VET3, STM32G471VET6, STM32G473QET3Z, STM32G473RET3Z, STM32G474CCT6, STM32G491RET3Z, STM32H503CBT6, STM32H503CBU6, STM32H503EBY6TR, STM32H503KBU6, STM32H503RBT6, STM32H523CCT6, STM32H523CCU6, STM32H523CET6, STM32H523CEU6, STM32H523HEY6TR, STM32H523RCT6, STM32H523RET6, STM32H523VCI6, STM32H523VCT6, STM32H523VEI6, STM32H523VET6, STM32H523ZCJ6, STM32H523ZCT6, STM32H523ZEJ6, STM32H523ZET6, STM32H533CET6, STM32H533CEU6, STM32H533HEY6TR, STM32H533RET6, STM32H533VEI6, STM32H533VET6, STM32H533ZEJ6, STM32H533ZET6, STM32H562AGI6, STM32H562AII6, STM32H562IGK6, STM32H562IGT6, STM32H562IIK6, STM32H562IIT6, STM32H562RGT6, STM32H562RGV6, STM32H562RIT6, STM32H562RIV6, STM32H562VGT6, STM32H562VIT6, STM32H562ZGT6, STM32H562ZIT6, STM32H563AGI6, STM32H563AII3Q, STM32H563AII6, STM32H563IGK6, STM32H563IGT6, STM32H563IIK3Q, STM32H563IIK6, STM32H563IIT3Q, STM32H563IIT6, STM32H563MIY3QTR, STM32H563RGT6, STM32H563RGV6, STM32H563RIT6, STM32H563RIV6, STM32H563VGT6, STM32H563VIT3Q, STM32H563VIT6, STM32H563ZGT6, STM32H563ZIT3Q, STM32H563ZIT6, STM32H573AII3Q, STM32H573AII6, STM32H573I-DK, STM32H573IIK3Q, STM32H573IIK6, STM32H573IIT3Q, STM32H573IIT6, STM32H573MIY3QTR, STM32H573RIT6, STM32H573RIV6, STM32H573VIT3Q, STM32H573VIT6, STM32H573ZIT3Q, STM32H573ZIT6, STM32H7R3A8I6, STM32H7R3I8K6, STM32H7R3I8T6, STM32H7R3L8H6, STM32H7R3L8H6H, STM32H7R3R8V6, STM32H7R3V8H6, STM32H7R3V8T6, STM32H7R3V8Y6TR, STM32H7R3Z8J6, STM32H7R3Z8T6, STM32H7R7A8I6, STM32H7R7I8K6, STM32H7R7I8T6, STM32H7R7L8H6, STM32H7R7L8H6H, STM32H7R7Z8J6, STM32H7S3A8I6, STM32H7S3I8K6, STM32H7S3I8T6, STM32H7S3L8H6, STM32H7S3L8H6H, STM32H7S3R8V6, STM32H7S3V8H6, STM32H7S3V8T6, STM32H7S3V8Y6TR, STM32H7S3Z8J6, STM32H7S3Z8T6, STM32H7S78-DK, STM32H7S7A8I6, STM32H7S7I8K6, STM32H7S7I8T6, STM32H7S7L8H6, STM32H7S7L8H6H, STM32H7S7Z8J6, STM32L4R5QGI6STR, STM32MP131AAE3, STM32MP131AAF3, STM32MP131AAG3, STM32MP131CAE3, STM32MP131CAF3, STM32MP131CAG3, STM32MP131DAE7, STM32MP131DAF7, STM32MP131DAG7, STM32MP131FAE7, STM32MP131FAF7, STM32MP131FAG7, STM32MP133AAE3, STM32MP133AAF3, STM32MP133AAG3, STM32MP133CAE3, STM32MP133CAF3, STM32MP133CAG3, STM32MP133DAE7, STM32MP133DAF7, STM32MP133DAG7, STM32MP133FAE7, STM32MP133FAF7, STM32MP133FAG7, STM32MP135AAE3, STM32MP135AAF3, STM32MP135AAG3, STM32MP135CAE3, STM32MP135CAF3, STM32MP135CAG3, STM32MP135DAE7, STM32MP135DAF7, STM32MP135DAG7, STM32MP135F-DK, STM32MP135FAE7, STM32MP135FAF7, STM32MP135FAF7T, STM32MP135FAF7U, STM32MP135FAG7, STM32MP211AAL3, STM32MP211AAM3, STM32MP211AAN3, STM32MP211AAO3, STM32MP211CAL3, STM32MP211CAM3, STM32MP211CAN3, STM32MP211CAO3, STM32MP211DAL3, STM32MP211DAM3, STM32MP211DAN3, STM32MP211DAO3, STM32MP211FAL3, STM32MP211FAM3, STM32MP211FAN3, STM32MP211FAO3, STM32MP213AAL3, STM32MP213AAM3, STM32MP213AAN3, STM32MP213AAO3, STM32MP213CAL3, STM32MP213CAM3, STM32MP213CAN3, STM32MP213CAO3, STM32MP213DAL3, STM32MP213DAM3, STM32MP213DAN3, STM32MP213DAO3, STM32MP213FAL3, STM32MP213FAM3, STM32MP213FAN3, STM32MP213FAO3, STM32MP215AAL3, STM32MP215AAM3, STM32MP215AAN3, STM32MP215AAO3, STM32MP215CAL3, STM32MP215CAM3, STM32MP215CAN3, STM32MP215CAO3, STM32MP215DAL3, STM32MP215DAM3, STM32MP215DAN3, STM32MP215DAO3, STM32MP215F-DK, STM32MP215FAL3, STM32MP215FAM3, STM32MP215FAN3, STM32MP215FAO3, STM32MP231AAJ3, STM32MP231AAK3, STM32MP231AAL3, STM32MP231CAJ3, STM32MP231CAK3, STM32MP231CAL3, STM32MP231DAJ3, STM32MP231DAK3, STM32MP231DAL3, STM32MP231FAJ3, STM32MP231FAK3, STM32MP231FAL3, STM32MP233AAJ3, STM32MP233AAK3, STM32MP233AAL3, STM32MP233CAJ3, STM32MP233CAK3, STM32MP233CAL3, STM32MP233DAJ3, STM32MP233DAK3, STM32MP233DAL3, STM32MP233FAJ3, STM32MP233FAK3, STM32MP233FAL3, STM32MP235AAJ3, STM32MP235AAK3, STM32MP235AAL3, STM32MP235CAJ3, STM32MP235CAK3, STM32MP235CAL3, STM32MP235DAJ3, STM32MP235DAK3, STM32MP235DAL3, STM32MP235FAJ3, STM32MP235FAK3, STM32MP235FAL3, STM32MP251AAI3, STM32MP251AAK3, STM32MP251AAL3, STM32MP251CAI3, STM32MP251CAK3, STM32MP251CAL3, STM32MP251DAI3, STM32MP251DAK3, STM32MP251DAL3, STM32MP251FAI3, STM32MP251FAK3, STM32MP251FAL3, STM32MP253AAI3, STM32MP253AAK3, STM32MP253AAL3, STM32MP253CAI3, STM32MP253CAK3, STM32MP253CAL3, STM32MP253DAI3, STM32MP253DAK3, STM32MP253DAL3, STM32MP253FAI3, STM32MP253FAK3, STM32MP253FAL3, STM32MP255AAI3, STM32MP255AAK3, STM32MP255AAL3, STM32MP255CAI3, STM32MP255CAK3, STM32MP255CAL3, STM32MP255DAI3, STM32MP255DAK3, STM32MP255DAL3, STM32MP255FAI3, STM32MP255FAK3, STM32MP255FAL3, STM32MP257AAI3, STM32MP257AAK3, STM32MP257AAL3, STM32MP257CAI3, STM32MP257CAK3, STM32MP257CAL3, STM32MP257DAI3, STM32MP257DAK3, STM32MP257DAL3, STM32MP257F-DK, STM32MP257F-EV1, STM32MP257FAI3, STM32MP257FAK3, STM32MP257FAL3, STM32N645A0H3Q, STM32N645B0H3Q, STM32N645I0H3Q, STM32N645L0H3Q, STM32N645X0H3Q, STM32N645Z0H3Q, STM32N647A0H3Q, STM32N647B0H3Q, STM32N647I0H3Q, STM32N647L0H3Q, STM32N647X0H3Q, STM32N647Z0H3Q, STM32N655A0H3Q, STM32N655B0H3Q, STM32N655I0H3Q, STM32N655L0H3Q, STM32N655X0H3Q, STM32N655Z0H3Q, STM32N6570-DK, STM32N657A0H3Q, STM32N657B0H3Q, STM32N657I0H3Q, STM32N657L0H3Q, STM32N657X0H3Q, STM32N657Z0H3Q, STM32U031C6T6, STM32U031C6U6, STM32U031C8T6, STM32U031C8U6, STM32U031F4P6, STM32U031F6P6, STM32U031F8P6, STM32U031G6Y6TR, STM32U031G8Y6TR, STM32U031K4U6, STM32U031K6U6, STM32U031K8U6, STM32U031R6I6, STM32U031R6T6, STM32U031R8I6, STM32U031R8T6, STM32U073C8T6, STM32U073C8U6, STM32U073CBT6, STM32U073CBU6, STM32U073CCT6, STM32U073CCU6, STM32U073H8Y6TR, STM32U073HBY6TR, STM32U073HCY6TR, STM32U073K8U6, STM32U073KBU6, STM32U073KCU6, STM32U073M8I6, STM32U073M8T6, STM32U073MBI6, STM32U073MBT6, STM32U073MCI6, STM32U073MCT6, STM32U073R8I6, STM32U073R8T6, STM32U073RBI6, STM32U073RBT6, STM32U073RCI6, STM32U073RCT6, STM32U083C-DK, STM32U083CCT6, STM32U083CCU6, STM32U083HCY6TR, STM32U083KCU6, STM32U083MCI6, STM32U083MCT6, STM32U083RCI6, STM32U083RCT6, STM32U375CET6, STM32U375CET6Q, STM32U375CEU6, STM32U375CEU6Q, STM32U375CEY6QTR, STM32U375CGT6, STM32U375CGT6Q, STM32U375CGU6, STM32U375CGU6Q, STM32U375CGY6QTR, STM32U375KEU6, STM32U375KGU6, STM32U375REI6, STM32U375REI6Q, STM32U375RET6, STM32U375RET6Q, STM32U375REY6GTR, STM32U375REY6QTR, STM32U375RGI6, STM32U375RGI6Q, STM32U375RGT6, STM32U375RGT6Q, STM32U375RGY6GTR, STM32U375RGY6QTR, STM32U375VEI6, STM32U375VEI6Q, STM32U375VET6, STM32U375VET6Q, STM32U375VGI6, STM32U375VGI6Q, STM32U375VGT6, STM32U375VGT6Q, STM32U385CGT6, STM32U385CGT6Q, STM32U385CGU6, STM32U385CGU6Q, STM32U385CGY6QTR, STM32U385KGU6, STM32U385RGI6, STM32U385RGI6Q, STM32U385RGT6, STM32U385RGT6Q, STM32U385RGY6GTR, STM32U385RGY6QTR, STM32U385VGI6, STM32U385VGI6Q, STM32U385VGT6, STM32U385VGT6Q, STM32U535CBT6, STM32U535CBT6Q, STM32U535CBU6, STM32U535CBU6Q, STM32U535CCT6, STM32U535CCT6Q, STM32U535CCU6, STM32U535CCU6Q, STM32U535CET6, STM32U535CET6Q, STM32U535CEU6, STM32U535CEU6Q, STM32U535JEY6QTR, STM32U535NCY6QTR, STM32U535NEY6QTR, STM32U535RBI6, STM32U535RBI6Q, STM32U535RBT6, STM32U535RBT6Q, STM32U535RCI6, STM32U535RCI6Q, STM32U535RCT6, STM32U535RCT6Q, STM32U535REI6, STM32U535REI6Q, STM32U535RET6, STM32U535RET6Q, STM32U535VCI6, STM32U535VCI6Q, STM32U535VCT6, STM32U535VCT6Q, STM32U535VEI6, STM32U535VEI6Q, STM32U535VET6, STM32U535VET6Q, STM32U545CET6, STM32U545CET6Q, STM32U545CEU6, STM32U545CEU6Q, STM32U545JEY6QTR, STM32U545NEY6QTR, STM32U545REI6, STM32U545REI6Q, STM32U545RET6, STM32U545RET6Q, STM32U545VEI6, STM32U545VEI6Q, STM32U545VET6, STM32U545VET6Q, STM32U595AIH6, STM32U595AIH6Q, STM32U595AJH6, STM32U595AJH6Q, STM32U595QII6, STM32U595QII6Q, STM32U595QJI6, STM32U595QJI6Q, STM32U595RIT6, STM32U595RIT6Q, STM32U595RJT6, STM32U595RJT6Q, STM32U595VIT6, STM32U595VIT6Q, STM32U595VJT6, STM32U595VJT6Q, STM32U595ZIT6, STM32U595ZIT6Q, STM32U595ZIY6QTR, STM32U595ZJT6, STM32U595ZJT6Q, STM32U595ZJY6QTR, STM32U599BJY6QTR, STM32U599NIH6Q, STM32U599NJH6Q, STM32U599VIT6Q, STM32U599VJT6, STM32U599VJT6Q, STM32U599ZIT6Q, STM32U599ZIY6QTR, STM32U599ZJT6Q, STM32U599ZJY6QTR, STM32U5A5AJH6, STM32U5A5AJH6Q, STM32U5A5QII3Q , STM32U5A5QJI6, STM32U5A5QJI6Q, STM32U5A5RJT6, STM32U5A5RJT6Q, STM32U5A5VJT6, STM32U5A5VJT6Q, STM32U5A5ZJT6, STM32U5A5ZJT6Q, STM32U5A5ZJY6QTR, STM32U5A9BJY6QTR, STM32U5A9J-DK, STM32U5A9NJH6Q, STM32U5A9VJT6Q, STM32U5A9ZJT6Q, STM32U5A9ZJY6QTR, STM32U5F7VIT6, STM32U5F7VIT6Q, STM32U5F7VJT6, STM32U5F7VJT6Q, STM32U5F9BJY6QTR, STM32U5F9NJH6Q, STM32U5F9VIT6Q, STM32U5F9VJT6Q, STM32U5F9ZIJ6QTR, STM32U5F9ZIT6Q, STM32U5F9ZJJ6QTR, STM32U5F9ZJT6Q, STM32U5G7VJT6, STM32U5G7VJT6Q, STM32U5G9BJY6QTR, STM32U5G9J-DK1, STM32U5G9J-DK2, STM32U5G9NJH6Q, STM32U5G9VJT6Q, STM32U5G9ZJJ6QTR, STM32U5G9ZJT6Q, STM32WB05KZV6TR, STM32WB05KZV7TR, STM32WB05TZF6TR, STM32WB05TZF7TR, STM32WB06CCF6TR, STM32WB06CCF7TR, STM32WB06CCV6TR, STM32WB06CCV7TR, STM32WB06KCV6TR, STM32WB06KCV7TR, STM32WB07CCF6TR, STM32WB07CCF7TR, STM32WB07CCV6TR, STM32WB07CCV7TR, STM32WB07KCV6TR, STM32WB07KCV7TR, STM32WB09KEV6TR, STM32WB09KEV7TR, STM32WB09TEF6TR, STM32WB09TEF7TR, STM32WB1MMCH6, STM32WBA50KGU6, STM32WBA50KGU6TR, STM32WBA52CEU6, STM32WBA52CEU6TR, STM32WBA52CEU7, STM32WBA52CEU7TR, STM32WBA52CGU6, STM32WBA52CGU6TR, STM32WBA52CGU6U, STM32WBA52CGU7, STM32WBA52CGU7TR, STM32WBA52KEU6, STM32WBA52KEU6TR, STM32WBA52KGU6, STM32WBA52KGU6TR, STM32WBA54CEU6, STM32WBA54CEU6TR, STM32WBA54CEU7, STM32WBA54CEU7TR, STM32WBA54CGU6, STM32WBA54CGU6TR, STM32WBA54CGU7, STM32WBA54CGU7TR, STM32WBA54KEU6, STM32WBA54KEU6TR, STM32WBA54KEU7, STM32WBA54KEU7TR, STM32WBA54KGU6, STM32WBA54KGU6TR, STM32WBA54KGU7, STM32WBA54KGU7TR, STM32WBA55CEU6, STM32WBA55CEU6TR, STM32WBA55CEU7, STM32WBA55CEU7TR, STM32WBA55CGU6, STM32WBA55CGU6TR, STM32WBA55CGU6U, STM32WBA55CGU7, STM32WBA55CGU7TR, STM32WBA55G-DK1, STM32WBA55HEF6, STM32WBA55HEF7, STM32WBA55HGF6, STM32WBA55HGF7, STM32WBA55UEI6, STM32WBA55UEI6TR, STM32WBA55UEI7, STM32WBA55UEI7TR, STM32WBA55UGI6, STM32WBA55UGI6TR, STM32WBA55UGI7, STM32WBA55UGI7TR, STM32WBA5MMGH6TR, STM32WBA62MGF6, STM32WBA62MIF6, STM32WBA65MGF7, STM32WBA65MIF6, STM32WBA65MIF7, STM32WL30K8V6, STM32WL30KBV6, STM32WL31C8V6, STM32WL31CBV6, STM32WL31K8V6, STM32WL31KBV6, STM32WL33C8V6, STM32WL33C8V6X, STM32WL33CBV6, STM32WL33CBV6X, STM32WL33CCV6, STM32WL33CCV6A, STM32WL33CCV6X, STM32WL33K8V7, STM32WL33K8V7X, STM32WL33KBV7 , STM32WL33KBV7X, STM32WL33KCV7, STM32WL33KCV7X, STM32WL5MOCH6, STM32WL5MOCH6TR]
2025-12-29 19:23:42,526 [INFO] DbMcus:218 - Found 4876 MCUs, 4876 are supported
2025-12-29 19:23:42,528 [INFO] ApiDb:423 - Load user favorites file C:\Users\aditi/.stm32cubeide/favorites.mcus.txt: 0 item(s)
2025-12-29 19:23:42,529 [INFO] ApiDb:427 - User favorites MCUs=[]
2025-12-29 19:23:42,529 [INFO] DbMcus:224 - Set 0 / 0 favorites MCUs
2025-12-29 19:23:42,899 [INFO] ApiDb:668 - CubeFinder database Data Model version=2.1
2025-12-29 19:23:42,899 [INFO] ApiDb:669 - CubeFinder database Configuration version=3.0.39
2025-12-29 19:23:42,899 [INFO] ApiDb:670 - CubeFinder database generation date=2025-11-05 (1762334721)
2025-12-29 19:23:42,899 [INFO] ApiDb:671 - CubeFinder database FW Pack versions=[FP-ATR-ASTRA1_V2.0.0, FP-SNS-FLIGHT1_V5.1.0, FP-SNS-MOTENV1_V5.1.0, FP-SNS-MOTENVWB1_V1.4.0, FP-SNS-SMARTAG2_V1.2.0, FP-SNS-STBOX1_V2.1.0, STM32Cube_FW_C0_V1.4.0, STM32Cube_FW_F4_V1.28.3, STM32Cube_FW_F7_V1.17.4, STM32Cube_FW_G0_V1.6.2, STM32Cube_FW_G4_V1.6.1, STM32Cube_FW_H5_V1.5.1, STM32Cube_FW_H7RS_V1.3.0, STM32Cube_FW_H7_V1.12.1, STM32Cube_FW_L0_V1.12.2, STM32Cube_FW_L4_V1.18.1, STM32Cube_FW_L5_V1.6.0, STM32Cube_FW_N6_V1.3.0, STM32Cube_FW_U0_V1.3.0, STM32Cube_FW_U3_V1.2.1, STM32Cube_FW_U5_V1.8.0, STM32Cube_FW_WB0_V1.4.0, STM32Cube_FW_WBA_V1.8.0, STM32Cube_FW_WB_V1.24.0, STM32Cube_FW_WL3_V1.3.0, STM32Cube_FW_WL_V1.4.0, X-CUBE-ALGOBUILD_V1.4.0, X-CUBE-ALS_V1.0.2, X-CUBE-AZRTOS-F4_V1.1.0, X-CUBE-AZRTOS-F7_V1.1.0, X-CUBE-AZRTOS-G0_V1.1.0, X-CUBE-AZRTOS-G4_V2.0.0, X-CUBE-AZRTOS-H7RS_V1.1.0, X-CUBE-AZRTOS-H7_V3.4.0, X-CUBE-AZRTOS-L4_V2.0.0, X-CUBE-AZRTOS-L5_V2.0.0, X-CUBE-AZRTOS-WB_V2.0.0, X-CUBE-AZRTOS-WL_V2.0.0, X-CUBE-BLE1_V7.1.0, X-CUBE-BLE2_V3.3.0, X-CUBE-BLEMGR_V4.1.0, X-CUBE-EEPRMA1_V5.2.0, X-CUBE-FREERTOS_V1.3.1, X-CUBE-GNSS1_V6.0.0, X-CUBE-MEMS1_V11.3.0, X-CUBE-NFC4_V3.0.0, X-CUBE-NFC7_V2.0.0, X-CUBE-SFXS2LP1_V4.0.0, X-CUBE-ST67W61_V1.1.0, X-CUBE-SUBG2_V5.0.0, X-CUBE-TOF1_V3.4.3]
2025-12-29 19:23:42,954 [INFO] DbBoardsSqlite:226 - include board P-NUCLEO-WB55-NUCLEO as a kit item of type 'Nucleo-64'
2025-12-29 19:23:42,955 [INFO] DbBoardsSqlite:226 - include board P-NUCLEO-WB55-USBDONGLE as a kit item of type 'Nucleo USB Dongle'
2025-12-29 19:23:42,955 [INFO] DbBoardsSqlite:226 - include board STEVAL-IDP005V1 as a kit item of type 'Evaluation Board'
2025-12-29 19:23:42,955 [INFO] DbBoardsSqlite:226 - include board STEVAL-IDP005V2 as a kit item of type 'Evaluation Board'
2025-12-29 19:23:43,022 [INFO] ApiDb:240 - Found 880 in-development CPN: [B-G473E-ZEST1S, B-WB1M-WPAN1, B-WBA5M-WPAN, B-WL5M-SUBG1, NUCLEO-C031C6, NUCLEO-C051C8, NUCLEO-C071RB, NUCLEO-C092RC, NUCLEO-H503RB, NUCLEO-H533RE, NUCLEO-H563ZI, NUCLEO-H7S3L8, NUCLEO-N657X0-Q, NUCLEO-U031R8, NUCLEO-U083RC, NUCLEO-U385RG-Q, NUCLEO-U545RE-Q, NUCLEO-U5A5ZJ-Q, NUCLEO-WB05KZ, NUCLEO-WB07CC, NUCLEO-WB09KE, NUCLEO-WBA52CG, NUCLEO-WBA55CG, NUCLEO-WL33CC1, NUCLEO-WL33CC2, STEVAL-PROTEUS1, STEVAL-SMARTAG2, STEVAL-STWINBX1, STM320518-EVAL, STM32C0116-DK, STM32C011D6Y3TR, STM32C011D6Y6TR, STM32C011F4P3, STM32C011F4P6, STM32C011F4U3, STM32C011F4U6TR, STM32C011F6P3, STM32C011F6P6, STM32C011F6U3, STM32C011F6U6TR, STM32C011J4M3, STM32C011J4M6, STM32C011J6M3, STM32C011J6M6, STM32C0316-DK, STM32C031C4T3, STM32C031C4T6, STM32C031C4U3, STM32C031C4U6, STM32C031C6T3, STM32C031C6T6, STM32C031C6U3, STM32C031C6U6, STM32C031F4P3, STM32C031F4P6, STM32C031F6P3, STM32C031F6P6, STM32C031G4U3, STM32C031G4U6, STM32C031G6U3, STM32C031G6U6, STM32C031K4T3, STM32C031K4T6, STM32C031K4U3, STM32C031K4U6, STM32C031K6T3, STM32C031K6T6, STM32C031K6U3, STM32C031K6U6, STM32C051C6T6, STM32C051C6U6, STM32C051C8T6, STM32C051C8U6, STM32C051D8Y6TR, STM32C051F6P6, STM32C051F8P6, STM32C051G6U6, STM32C051G8U6, STM32C051K6T6, STM32C051K6U6, STM32C051K8T6, STM32C071C8T6, STM32C071C8T6N, STM32C071C8U6, STM32C071C8U6N, STM32C071CBT6, STM32C071CBT6N, STM32C071CBU6, STM32C071CBU6N, STM32C071F8P6, STM32C071F8P6N, STM32C071FBP6, STM32C071FBP6N, STM32C071FBY6TR, STM32C071G8U6, STM32C071G8U6N, STM32C071GBU6, STM32C071GBU6N, STM32C071K8T6, STM32C071K8T6N, STM32C071K8U6, STM32C071K8U6N, STM32C071KBT6, STM32C071KBT6N, STM32C071KBU6, STM32C071KBU6N, STM32C071R8T6, STM32C071R8T6N, STM32C071RBI6N, STM32C071RBT6, STM32C071RBT6N, STM32C091CBT6, STM32C091CBU6, STM32C091CCT6, STM32C091CCU6, STM32C091ECY6TR, STM32C091FBP6, STM32C091FCP6, STM32C091GBU6, STM32C091GCU6, STM32C091KBT6, STM32C091KBU6, STM32C091KCT6, STM32C091KCU6, STM32C091RBT6, STM32C091RCI6, STM32C091RCT6, STM32C092CBT6, STM32C092CBU6, STM32C092CCT6, STM32C092CCU6, STM32C092ECY6TR, STM32C092FBP6, STM32C092FCP6, STM32C092GBU6, STM32C092GCU6, STM32C092KBT6, STM32C092KBU6, STM32C092KCT6, STM32C092KCU6, STM32C092RBT6, STM32C092RCI6, STM32C092RCT6, STM32G071K8TXN, STM32G071K8UXN, STM32G081GBU6N, STM32G081KBT6N, STM32G081KBUXN, STM32G0B1CCT6N, STM32G0B1KCT6, STM32G0B1NEY6TR, STM32G0B1RCT6N, STM32G0C1CCT6, STM32G0C1CCT6N, STM32G0C1CCU6N, STM32G0C1CET6N, STM32G0C1CEU6N, STM32G0C1KCT6, STM32G0C1NEY6TR, STM32G0C1RCI6N, STM32G0C1RCT6N, STM32G0C1REI6N, STM32G0C1RET6N, STM32G0C1VCI6, STM32G0C1VEI6, STM32G411C6T3, STM32G411C6T6, STM32G411C6U3, STM32G411C6U6, STM32G411C8T3, STM32G411C8T6, STM32G411C8U3, STM32G411C8U6, STM32G411CBT3, STM32G411CBT6, STM32G411CBU3, STM32G411CBU6, STM32G411K6T3, STM32G411K6T6, STM32G411K6U3, STM32G411K6U6, STM32G411K8T3, STM32G411K8T6, STM32G411K8U3, STM32G411K8U6, STM32G411KBT3, STM32G411KBT6, STM32G411KBU3, STM32G411KBU6, STM32G411M6T3, STM32G411M6T6, STM32G411M8T3, STM32G411M8T6, STM32G411MBT3, STM32G411MBT6, STM32G411R6T3, STM32G411R6T6, STM32G411R8T3, STM32G411R8T6, STM32G411RBT3, STM32G411RBT6, STM32G414CBT3, STM32G414CBT6, STM32G414CBU3, STM32G414CBU6, STM32G414CCT3, STM32G414CCT6, STM32G414CCU3, STM32G414CCU6, STM32G414MBT3, STM32G414MBT6, STM32G414MCT3, STM32G414MCT6, STM32G414RBT3, STM32G414RBT6, STM32G414RCT3, STM32G414RCT6, STM32G414VBT3, STM32G414VBT6, STM32G414VCT3, STM32G414VCT6, STM32G431CBT3Z, STM32G431RBT3Z, STM32G471CCT6, STM32G471CCU6, STM32G471CET3, STM32G471CET6, STM32G471CEU3, STM32G471CEU6, STM32G471MCT6, STM32G471MET3, STM32G471MET6, STM32G471MEY6TR, STM32G471QCT6, STM32G471QET3, STM32G471RCT6, STM32G471RET3, STM32G471RET6, STM32G471VCH6, STM32G471VCI6, STM32G471VCT6, STM32G471VEH3, STM32G471VEH6, STM32G471VEI3, STM32G471VEI6, STM32G471VET3, STM32G471VET6, STM32G473QET3Z, STM32G473RET3Z, STM32G474CCT6, STM32G491RET3Z, STM32H503CBT6, STM32H503CBU6, STM32H503EBY6TR, STM32H503KBU6, STM32H503RBT6, STM32H523CCT6, STM32H523CCU6, STM32H523CET6, STM32H523CEU6, STM32H523HEY6TR, STM32H523RCT6, STM32H523RET6, STM32H523VCI6, STM32H523VCT6, STM32H523VEI6, STM32H523VET6, STM32H523ZCJ6, STM32H523ZCT6, STM32H523ZEJ6, STM32H523ZET6, STM32H533CET6, STM32H533CEU6, STM32H533HEY6TR, STM32H533RET6, STM32H533VEI6, STM32H533VET6, STM32H533ZEJ6, STM32H533ZET6, STM32H562AGI6, STM32H562AII6, STM32H562IGK6, STM32H562IGT6, STM32H562IIK6, STM32H562IIT6, STM32H562RGT6, STM32H562RGV6, STM32H562RIT6, STM32H562RIV6, STM32H562VGT6, STM32H562VIT6, STM32H562ZGT6, STM32H562ZIT6, STM32H563AGI6, STM32H563AII3Q, STM32H563AII6, STM32H563IGK6, STM32H563IGT6, STM32H563IIK3Q, STM32H563IIK6, STM32H563IIT3Q, STM32H563IIT6, STM32H563MIY3QTR, STM32H563RGT6, STM32H563RGV6, STM32H563RIT6, STM32H563RIV6, STM32H563VGT6, STM32H563VIT3Q, STM32H563VIT6, STM32H563ZGT6, STM32H563ZIT3Q, STM32H563ZIT6, STM32H573AII3Q, STM32H573AII6, STM32H573I-DK, STM32H573IIK3Q, STM32H573IIK6, STM32H573IIT3Q, STM32H573IIT6, STM32H573MIY3QTR, STM32H573RIT6, STM32H573RIV6, STM32H573VIT3Q, STM32H573VIT6, STM32H573ZIT3Q, STM32H573ZIT6, STM32H7R3A8I6, STM32H7R3I8K6, STM32H7R3I8T6, STM32H7R3L8H6, STM32H7R3L8H6H, STM32H7R3R8V6, STM32H7R3V8H6, STM32H7R3V8T6, STM32H7R3V8Y6TR, STM32H7R3Z8J6, STM32H7R3Z8T6, STM32H7R7A8I6, STM32H7R7I8K6, STM32H7R7I8T6, STM32H7R7L8H6, STM32H7R7L8H6H, STM32H7R7Z8J6, STM32H7S3A8I6, STM32H7S3I8K6, STM32H7S3I8T6, STM32H7S3L8H6, STM32H7S3L8H6H, STM32H7S3R8V6, STM32H7S3V8H6, STM32H7S3V8T6, STM32H7S3V8Y6TR, STM32H7S3Z8J6, STM32H7S3Z8T6, STM32H7S78-DK, STM32H7S7A8I6, STM32H7S7I8K6, STM32H7S7I8T6, STM32H7S7L8H6, STM32H7S7L8H6H, STM32H7S7Z8J6, STM32L4R5QGI6STR, STM32MP131AAE3, STM32MP131AAF3, STM32MP131AAG3, STM32MP131CAE3, STM32MP131CAF3, STM32MP131CAG3, STM32MP131DAE7, STM32MP131DAF7, STM32MP131DAG7, STM32MP131FAE7, STM32MP131FAF7, STM32MP131FAG7, STM32MP133AAE3, STM32MP133AAF3, STM32MP133AAG3, STM32MP133CAE3, STM32MP133CAF3, STM32MP133CAG3, STM32MP133DAE7, STM32MP133DAF7, STM32MP133DAG7, STM32MP133FAE7, STM32MP133FAF7, STM32MP133FAG7, STM32MP135AAE3, STM32MP135AAF3, STM32MP135AAG3, STM32MP135CAE3, STM32MP135CAF3, STM32MP135CAG3, STM32MP135DAE7, STM32MP135DAF7, STM32MP135DAG7, STM32MP135F-DK, STM32MP135FAE7, STM32MP135FAF7, STM32MP135FAF7T, STM32MP135FAF7U, STM32MP135FAG7, STM32MP211AAL3, STM32MP211AAM3, STM32MP211AAN3, STM32MP211AAO3, STM32MP211CAL3, STM32MP211CAM3, STM32MP211CAN3, STM32MP211CAO3, STM32MP211DAL3, STM32MP211DAM3, STM32MP211DAN3, STM32MP211DAO3, STM32MP211FAL3, STM32MP211FAM3, STM32MP211FAN3, STM32MP211FAO3, STM32MP213AAL3, STM32MP213AAM3, STM32MP213AAN3, STM32MP213AAO3, STM32MP213CAL3, STM32MP213CAM3, STM32MP213CAN3, STM32MP213CAO3, STM32MP213DAL3, STM32MP213DAM3, STM32MP213DAN3, STM32MP213DAO3, STM32MP213FAL3, STM32MP213FAM3, STM32MP213FAN3, STM32MP213FAO3, STM32MP215AAL3, STM32MP215AAM3, STM32MP215AAN3, STM32MP215AAO3, STM32MP215CAL3, STM32MP215CAM3, STM32MP215CAN3, STM32MP215CAO3, STM32MP215DAL3, STM32MP215DAM3, STM32MP215DAN3, STM32MP215DAO3, STM32MP215F-DK, STM32MP215FAL3, STM32MP215FAM3, STM32MP215FAN3, STM32MP215FAO3, STM32MP231AAJ3, STM32MP231AAK3, STM32MP231AAL3, STM32MP231CAJ3, STM32MP231CAK3, STM32MP231CAL3, STM32MP231DAJ3, STM32MP231DAK3, STM32MP231DAL3, STM32MP231FAJ3, STM32MP231FAK3, STM32MP231FAL3, STM32MP233AAJ3, STM32MP233AAK3, STM32MP233AAL3, STM32MP233CAJ3, STM32MP233CAK3, STM32MP233CAL3, STM32MP233DAJ3, STM32MP233DAK3, STM32MP233DAL3, STM32MP233FAJ3, STM32MP233FAK3, STM32MP233FAL3, STM32MP235AAJ3, STM32MP235AAK3, STM32MP235AAL3, STM32MP235CAJ3, STM32MP235CAK3, STM32MP235CAL3, STM32MP235DAJ3, STM32MP235DAK3, STM32MP235DAL3, STM32MP235FAJ3, STM32MP235FAK3, STM32MP235FAL3, STM32MP251AAI3, STM32MP251AAK3, STM32MP251AAL3, STM32MP251CAI3, STM32MP251CAK3, STM32MP251CAL3, STM32MP251DAI3, STM32MP251DAK3, STM32MP251DAL3, STM32MP251FAI3, STM32MP251FAK3, STM32MP251FAL3, STM32MP253AAI3, STM32MP253AAK3, STM32MP253AAL3, STM32MP253CAI3, STM32MP253CAK3, STM32MP253CAL3, STM32MP253DAI3, STM32MP253DAK3, STM32MP253DAL3, STM32MP253FAI3, STM32MP253FAK3, STM32MP253FAL3, STM32MP255AAI3, STM32MP255AAK3, STM32MP255AAL3, STM32MP255CAI3, STM32MP255CAK3, STM32MP255CAL3, STM32MP255DAI3, STM32MP255DAK3, STM32MP255DAL3, STM32MP255FAI3, STM32MP255FAK3, STM32MP255FAL3, STM32MP257AAI3, STM32MP257AAK3, STM32MP257AAL3, STM32MP257CAI3, STM32MP257CAK3, STM32MP257CAL3, STM32MP257DAI3, STM32MP257DAK3, STM32MP257DAL3, STM32MP257F-DK, STM32MP257F-EV1, STM32MP257FAI3, STM32MP257FAK3, STM32MP257FAL3, STM32N645A0H3Q, STM32N645B0H3Q, STM32N645I0H3Q, STM32N645L0H3Q, STM32N645X0H3Q, STM32N645Z0H3Q, STM32N647A0H3Q, STM32N647B0H3Q, STM32N647I0H3Q, STM32N647L0H3Q, STM32N647X0H3Q, STM32N647Z0H3Q, STM32N655A0H3Q, STM32N655B0H3Q, STM32N655I0H3Q, STM32N655L0H3Q, STM32N655X0H3Q, STM32N655Z0H3Q, STM32N6570-DK, STM32N657A0H3Q, STM32N657B0H3Q, STM32N657I0H3Q, STM32N657L0H3Q, STM32N657X0H3Q, STM32N657Z0H3Q, STM32U031C6T6, STM32U031C6U6, STM32U031C8T6, STM32U031C8U6, STM32U031F4P6, STM32U031F6P6, STM32U031F8P6, STM32U031G6Y6TR, STM32U031G8Y6TR, STM32U031K4U6, STM32U031K6U6, STM32U031K8U6, STM32U031R6I6, STM32U031R6T6, STM32U031R8I6, STM32U031R8T6, STM32U073C8T6, STM32U073C8U6, STM32U073CBT6, STM32U073CBU6, STM32U073CCT6, STM32U073CCU6, STM32U073H8Y6TR, STM32U073HBY6TR, STM32U073HCY6TR, STM32U073K8U6, STM32U073KBU6, STM32U073KCU6, STM32U073M8I6, STM32U073M8T6, STM32U073MBI6, STM32U073MBT6, STM32U073MCI6, STM32U073MCT6, STM32U073R8I6, STM32U073R8T6, STM32U073RBI6, STM32U073RBT6, STM32U073RCI6, STM32U073RCT6, STM32U083C-DK, STM32U083CCT6, STM32U083CCU6, STM32U083HCY6TR, STM32U083KCU6, STM32U083MCI6, STM32U083MCT6, STM32U083RCI6, STM32U083RCT6, STM32U375CET6, STM32U375CET6Q, STM32U375CEU6, STM32U375CEU6Q, STM32U375CEY6QTR, STM32U375CGT6, STM32U375CGT6Q, STM32U375CGU6, STM32U375CGU6Q, STM32U375CGY6QTR, STM32U375KEU6, STM32U375KGU6, STM32U375REI6, STM32U375REI6Q, STM32U375RET6, STM32U375RET6Q, STM32U375REY6GTR, STM32U375REY6QTR, STM32U375RGI6, STM32U375RGI6Q, STM32U375RGT6, STM32U375RGT6Q, STM32U375RGY6GTR, STM32U375RGY6QTR, STM32U375VEI6, STM32U375VEI6Q, STM32U375VET6, STM32U375VET6Q, STM32U375VGI6, STM32U375VGI6Q, STM32U375VGT6, STM32U375VGT6Q, STM32U385CGT6, STM32U385CGT6Q, STM32U385CGU6, STM32U385CGU6Q, STM32U385CGY6QTR, STM32U385KGU6, STM32U385RGI6, STM32U385RGI6Q, STM32U385RGT6, STM32U385RGT6Q, STM32U385RGY6GTR, STM32U385RGY6QTR, STM32U385VGI6, STM32U385VGI6Q, STM32U385VGT6, STM32U385VGT6Q, STM32U535CBT6, STM32U535CBT6Q, STM32U535CBU6, STM32U535CBU6Q, STM32U535CCT6, STM32U535CCT6Q, STM32U535CCU6, STM32U535CCU6Q, STM32U535CET6, STM32U535CET6Q, STM32U535CEU6, STM32U535CEU6Q, STM32U535JEY6QTR, STM32U535NCY6QTR, STM32U535NEY6QTR, STM32U535RBI6, STM32U535RBI6Q, STM32U535RBT6, STM32U535RBT6Q, STM32U535RCI6, STM32U535RCI6Q, STM32U535RCT6, STM32U535RCT6Q, STM32U535REI6, STM32U535REI6Q, STM32U535RET6, STM32U535RET6Q, STM32U535VCI6, STM32U535VCI6Q, STM32U535VCT6, STM32U535VCT6Q, STM32U535VEI6, STM32U535VEI6Q, STM32U535VET6, STM32U535VET6Q, STM32U545CET6, STM32U545CET6Q, STM32U545CEU6, STM32U545CEU6Q, STM32U545JEY6QTR, STM32U545NEY6QTR, STM32U545REI6, STM32U545REI6Q, STM32U545RET6, STM32U545RET6Q, STM32U545VEI6, STM32U545VEI6Q, STM32U545VET6, STM32U545VET6Q, STM32U595AIH6, STM32U595AIH6Q, STM32U595AJH6, STM32U595AJH6Q, STM32U595QII6, STM32U595QII6Q, STM32U595QJI6, STM32U595QJI6Q, STM32U595RIT6, STM32U595RIT6Q, STM32U595RJT6, STM32U595RJT6Q, STM32U595VIT6, STM32U595VIT6Q, STM32U595VJT6, STM32U595VJT6Q, STM32U595ZIT6, STM32U595ZIT6Q, STM32U595ZIY6QTR, STM32U595ZJT6, STM32U595ZJT6Q, STM32U595ZJY6QTR, STM32U599BJY6QTR, STM32U599NIH6Q, STM32U599NJH6Q, STM32U599VIT6Q, STM32U599VJT6, STM32U599VJT6Q, STM32U599ZIT6Q, STM32U599ZIY6QTR, STM32U599ZJT6Q, STM32U599ZJY6QTR, STM32U5A5AJH6, STM32U5A5AJH6Q, STM32U5A5QII3Q , STM32U5A5QJI6, STM32U5A5QJI6Q, STM32U5A5RJT6, STM32U5A5RJT6Q, STM32U5A5VJT6, STM32U5A5VJT6Q, STM32U5A5ZJT6, STM32U5A5ZJT6Q, STM32U5A5ZJY6QTR, STM32U5A9BJY6QTR, STM32U5A9J-DK, STM32U5A9NJH6Q, STM32U5A9VJT6Q, STM32U5A9ZJT6Q, STM32U5A9ZJY6QTR, STM32U5F7VIT6, STM32U5F7VIT6Q, STM32U5F7VJT6, STM32U5F7VJT6Q, STM32U5F9BJY6QTR, STM32U5F9NJH6Q, STM32U5F9VIT6Q, STM32U5F9VJT6Q, STM32U5F9ZIJ6QTR, STM32U5F9ZIT6Q, STM32U5F9ZJJ6QTR, STM32U5F9ZJT6Q, STM32U5G7VJT6, STM32U5G7VJT6Q, STM32U5G9BJY6QTR, STM32U5G9J-DK1, STM32U5G9J-DK2, STM32U5G9NJH6Q, STM32U5G9VJT6Q, STM32U5G9ZJJ6QTR, STM32U5G9ZJT6Q, STM32WB05KZV6TR, STM32WB05KZV7TR, STM32WB05TZF6TR, STM32WB05TZF7TR, STM32WB06CCF6TR, STM32WB06CCF7TR, STM32WB06CCV6TR, STM32WB06CCV7TR, STM32WB06KCV6TR, STM32WB06KCV7TR, STM32WB07CCF6TR, STM32WB07CCF7TR, STM32WB07CCV6TR, STM32WB07CCV7TR, STM32WB07KCV6TR, STM32WB07KCV7TR, STM32WB09KEV6TR, STM32WB09KEV7TR, STM32WB09TEF6TR, STM32WB09TEF7TR, STM32WB1MMCH6, STM32WBA50KGU6, STM32WBA50KGU6TR, STM32WBA52CEU6, STM32WBA52CEU6TR, STM32WBA52CEU7, STM32WBA52CEU7TR, STM32WBA52CGU6, STM32WBA52CGU6TR, STM32WBA52CGU6U, STM32WBA52CGU7, STM32WBA52CGU7TR, STM32WBA52KEU6, STM32WBA52KEU6TR, STM32WBA52KGU6, STM32WBA52KGU6TR, STM32WBA54CEU6, STM32WBA54CEU6TR, STM32WBA54CEU7, STM32WBA54CEU7TR, STM32WBA54CGU6, STM32WBA54CGU6TR, STM32WBA54CGU7, STM32WBA54CGU7TR, STM32WBA54KEU6, STM32WBA54KEU6TR, STM32WBA54KEU7, STM32WBA54KEU7TR, STM32WBA54KGU6, STM32WBA54KGU6TR, STM32WBA54KGU7, STM32WBA54KGU7TR, STM32WBA55CEU6, STM32WBA55CEU6TR, STM32WBA55CEU7, STM32WBA55CEU7TR, STM32WBA55CGU6, STM32WBA55CGU6TR, STM32WBA55CGU6U, STM32WBA55CGU7, STM32WBA55CGU7TR, STM32WBA55G-DK1, STM32WBA55HEF6, STM32WBA55HEF7, STM32WBA55HGF6, STM32WBA55HGF7, STM32WBA55UEI6, STM32WBA55UEI6TR, STM32WBA55UEI7, STM32WBA55UEI7TR, STM32WBA55UGI6, STM32WBA55UGI6TR, STM32WBA55UGI7, STM32WBA55UGI7TR, STM32WBA5MMGH6TR, STM32WBA62MGF6, STM32WBA62MIF6, STM32WBA65MGF7, STM32WBA65MIF6, STM32WBA65MIF7, STM32WL30K8V6, STM32WL30KBV6, STM32WL31C8V6, STM32WL31CBV6, STM32WL31K8V6, STM32WL31KBV6, STM32WL33C8V6, STM32WL33C8V6X, STM32WL33CBV6, STM32WL33CBV6X, STM32WL33CCV6, STM32WL33CCV6A, STM32WL33CCV6X, STM32WL33K8V7, STM32WL33K8V7X, STM32WL33KBV7 , STM32WL33KBV7X, STM32WL33KCV7, STM32WL33KCV7X, STM32WL5MOCH6, STM32WL5MOCH6TR]
2025-12-29 19:23:43,364 [INFO] BoardInfo:889 - No configuration file found for board P-NUCLEO-WB55
2025-12-29 19:23:43,365 [INFO] DbBoards:161 - Kit is not supported: P-NUCLEO-WB55
2025-12-29 19:23:43,370 [INFO] BoardInfo:889 - No configuration file found for board STEVAL-BFA001V1B
2025-12-29 19:23:43,371 [INFO] DbBoards:161 - Kit is not supported: STEVAL-BFA001V1B
2025-12-29 19:23:43,372 [INFO] BoardInfo:889 - No configuration file found for board STEVAL-BFA001V2B
2025-12-29 19:23:43,373 [INFO] DbBoards:161 - Kit is not supported: STEVAL-BFA001V2B
2025-12-29 19:23:43,549 [INFO] DbBoards:168 - Found 212 boards, 209 are supported
2025-12-29 19:23:43,550 [INFO] DbBoards:169 - Found 212 boards, 43 of them is supported for  Bsp
2025-12-29 19:23:43,566 [INFO] ApiDb:423 - Load user favorites file C:\Users\aditi/.stm32cubeide/favorites.boards.txt: 1 item(s)
2025-12-29 19:23:43,567 [INFO] ApiDb:427 - User favorites Boards=[STM32F407G-DISC1]
2025-12-29 19:23:43,567 [INFO] DbBoards:198 - Set 1 / 1 favorites Boards
2025-12-29 19:23:43,567 [INFO] McuFinderGlobals:76 - Set McuFinderConnectedMode to false
2025-12-29 19:23:43,577 [INFO] MultiScanPanel:200 - Auto-refresh data requested => check proxy status ongoing
2025-12-29 19:23:43,577 [INFO] MultiScanPanel:204 - Proxy status is invalid
2025-12-29 19:23:43,581 [INFO] FinderPluginLoader:96 - Searching for filters in installed packs
2025-12-29 19:23:45,201 [INFO] DetailPanel:341 - Set advertising image to C:/Users/aditi/STM32Cube/Repository/\en.prom-st67w-expansion-board.png
2025-12-29 19:23:50,982 [INFO] MultiScanPanel:200 - Auto-refresh data requested => check proxy status ongoing
2025-12-29 19:23:50,982 [INFO] MultiScanPanel:204 - Proxy status is invalid
2025-12-29 19:23:51,237 [INFO] DetailPanel:341 - Set advertising image to C:/Users/aditi/STM32Cube/Repository/\en.prom-st67w-expansion-board.png
2025-12-29 19:23:51,266 [INFO] DbBoards:642 - Loading board mini-images...
2025-12-29 19:23:53,075 [ERROR] DbBoards:659 - Image file not found for board STM32MP215F-DK: C:\Users\aditi\.stmcufinder\plugins\mcufinder//mcu//boards_images/STM32MP215F-DK.jpg
2025-12-29 19:23:53,266 [INFO] DbBoards:665 - Loaded 211 board mini-images
2025-12-29 19:24:10,113 [INFO] MainUpdater:2872 - connection check result : 22
2025-12-29 19:24:10,117 [INFO] MainUpdater:2872 - connection check result : 22
2025-12-29 19:25:39,442 [INFO] MicroXplorer:468 - Change Database Path : 
2025-12-29 19:25:39,442 [INFO] MicroXplorer:498 - Change Database Version : DB.6.0.150
2025-12-29 19:25:39,449 [WARN] ThirdParty:871 - waiting for thirdparty lock release [close project]
2025-12-29 19:25:39,449 [INFO] ThirdParty:873 - entering critical section [close project]
2025-12-29 19:25:39,450 [INFO] ThirdParty:883 - exiting critical section [close project]
2025-12-29 19:25:39,454 [INFO] PinOutPanel:1589 - setPackage(No Configuration,No Configuration)
2025-12-29 19:25:39,458 [INFO] UtilMem:75 - Begin LoadConfig() Used Memory: 453069304 Bytes (720371712)
2025-12-29 19:25:39,477 [INFO] OpenFileManager:355 - Change cursor
2025-12-29 19:25:39,540 [INFO] ProjectFactory:514 - No CPN specified for board STM32F407G-DISC1 => set CPN to STM32F407VGT6
2025-12-29 19:25:39,542 [INFO] Mcu:2029 - Initializing MCU STM32F407V(E-G)Tx STM32F407VGTx STM32F407VGT6
2025-12-29 19:25:41,231 [INFO] Context:786 - Trying to add GPIOservice into a context  which must be forbidden
2025-12-29 19:25:41,841 [INFO] Rule:233 - rule 117617 - U5Cobra4M][GTZC] default value MPCBB3 and MPCBB5 - Not Secured memory - MPCBB1 is applicable
2025-12-29 19:25:41,842 [INFO] Rule:233 - rule 117617 - U5Cobra4M][GTZC] default value MPCBB3 and MPCBB5 - Not Secured memory - MPCBB1 is applicable
2025-12-29 19:25:41,842 [INFO] Rule:233 - rule 117617 - U5Cobra4M][GTZC] default value MPCBB3 and MPCBB5 - Not Secured memory - MPCBB2 is applicable
2025-12-29 19:25:41,842 [INFO] Rule:233 - rule 117617 - U5Cobra4M][GTZC] default value MPCBB3 and MPCBB5 - Not Secured memory - MPCBB2 is applicable
2025-12-29 19:25:41,842 [INFO] Rule:233 - rule 117617 - U5Cobra4M][GTZC] default value MPCBB3 and MPCBB5 - Not Secured memory - MPCBB3 is applicable
2025-12-29 19:25:41,842 [INFO] Rule:233 - rule 117617 - U5Cobra4M][GTZC] default value MPCBB3 and MPCBB5 - Not Secured memory - MPCBB3 is applicable
2025-12-29 19:25:41,842 [INFO] Rule:233 - rule 117617 - U5Cobra4M][GTZC] default value MPCBB3 and MPCBB5 - Not Secured memory - MPCBB4 is applicable
2025-12-29 19:25:41,842 [INFO] Rule:233 - rule 117617 - U5Cobra4M][GTZC] default value MPCBB3 and MPCBB5 - Not Secured memory - MPCBB4 is applicable
2025-12-29 19:25:41,842 [INFO] Rule:233 - rule 117617 - U5Cobra4M][GTZC] default value MPCBB3 and MPCBB5 - Secured memory - MPCBB1 is applicable
2025-12-29 19:25:41,842 [INFO] Rule:233 - rule 117617 - U5Cobra4M][GTZC] default value MPCBB3 and MPCBB5 - Secured memory - MPCBB2 is applicable
2025-12-29 19:25:41,842 [INFO] Rule:233 - rule 117617 - U5Cobra4M][GTZC] default value MPCBB3 and MPCBB5 - Secured memory - MPCBB3 is applicable
2025-12-29 19:25:41,842 [INFO] Rule:233 - rule 117617 - U5Cobra4M][GTZC] default value MPCBB3 and MPCBB5 - Secured memory - MPCBB4 is applicable
2025-12-29 19:25:41,842 [INFO] Rule:233 - rule 117617 - U5Cobra4M][GTZC] default value MPCBB3 and MPCBB5 - Privileged memory - MPCBB1 is applicable
2025-12-29 19:25:41,842 [INFO] Rule:233 - rule 117617 - U5Cobra4M][GTZC] default value MPCBB3 and MPCBB5 - Privileged memory - MPCBB2 is applicable
2025-12-29 19:25:41,842 [INFO] Rule:233 - rule 117617 - U5Cobra4M][GTZC] default value MPCBB3 and MPCBB5 - Privileged memory - MPCBB3 is applicable
2025-12-29 19:25:41,842 [INFO] Rule:233 - rule 117617 - U5Cobra4M][GTZC] default value MPCBB3 and MPCBB5 - Privileged memory - MPCBB4 is applicable
2025-12-29 19:25:41,842 [INFO] Rule:233 - rule 117617 - U5Cobra4M][GTZC] default value MPCBB3 and MPCBB5 - Not Privileged memory - MPCBB1 is applicable
2025-12-29 19:25:41,842 [INFO] Rule:233 - rule 117617 - U5Cobra4M][GTZC] default value MPCBB3 and MPCBB5 - Not Privileged memory - MPCBB2 is applicable
2025-12-29 19:25:41,842 [INFO] Rule:233 - rule 117617 - U5Cobra4M][GTZC] default value MPCBB3 and MPCBB5 - Not Privileged memory - MPCBB3 is applicable
2025-12-29 19:25:41,842 [INFO] Rule:233 - rule 117617 - U5Cobra4M][GTZC] default value MPCBB3 and MPCBB5 - Not Privileged memory - MPCBB4 is applicable
2025-12-29 19:25:41,842 [INFO] Rule:233 - rule 117617 - U5Cobra4M][GTZC] default value MPCBB3 and MPCBB5 - Privileged memory - MPCBB1 is applicable
2025-12-29 19:25:41,842 [INFO] Rule:233 - rule 117617 - U5Cobra4M][GTZC] default value MPCBB3 and MPCBB5 - Privileged memory - MPCBB2 is applicable
2025-12-29 19:25:41,842 [INFO] Rule:233 - rule 117617 - U5Cobra4M][GTZC] default value MPCBB3 and MPCBB5 - Privileged memory - MPCBB3 is applicable
2025-12-29 19:25:41,842 [INFO] Rule:233 - rule 117617 - U5Cobra4M][GTZC] default value MPCBB3 and MPCBB5 - Privileged memory - MPCBB4 is applicable
2025-12-29 19:25:41,842 [INFO] Rule:233 - rule 117617 - U5Cobra4M][GTZC] default value MPCBB3 and MPCBB5 - Privileged memory - MPCBB1 is applicable
2025-12-29 19:25:41,842 [INFO] Rule:233 - rule 117617 - U5Cobra4M][GTZC] default value MPCBB3 and MPCBB5 - Privileged memory - MPCBB2 is applicable
2025-12-29 19:25:41,843 [INFO] Rule:233 - rule 117617 - U5Cobra4M][GTZC] default value MPCBB3 and MPCBB5 - Privileged memory - MPCBB3 is applicable
2025-12-29 19:25:41,843 [INFO] Rule:233 - rule 117617 - U5Cobra4M][GTZC] default value MPCBB3 and MPCBB5 - Privileged memory - MPCBB4 is applicable
2025-12-29 19:25:41,843 [INFO] Rule:233 - rule 117617 - U5Cobra4M][GTZC] default value MPCBB3 and MPCBB5 - Not Privileged memory - MPCBB1 is applicable
2025-12-29 19:25:41,843 [INFO] Rule:233 - rule 117617 - U5Cobra4M][GTZC] default value MPCBB3 and MPCBB5 - Not Privileged memory - MPCBB2 is applicable
2025-12-29 19:25:41,843 [INFO] Rule:233 - rule 117617 - U5Cobra4M][GTZC] default value MPCBB3 and MPCBB5 - Not Privileged memory - MPCBB3 is applicable
2025-12-29 19:25:41,843 [INFO] Rule:233 - rule 117617 - U5Cobra4M][GTZC] default value MPCBB3 and MPCBB5 - Not Privileged memory - MPCBB4 is applicable
2025-12-29 19:25:41,843 [INFO] Rule:233 - rule 117617 - U5Cobra4M][GTZC] default value MPCBB3 and MPCBB5 - Privileged memory - MPCBB1 is applicable
2025-12-29 19:25:41,843 [INFO] Rule:233 - rule 117617 - U5Cobra4M][GTZC] default value MPCBB3 and MPCBB5 - Privileged memory - MPCBB2 is applicable
2025-12-29 19:25:41,843 [INFO] Rule:233 - rule 117617 - U5Cobra4M][GTZC] default value MPCBB3 and MPCBB5 - Privileged memory - MPCBB3 is applicable
2025-12-29 19:25:41,843 [INFO] Rule:233 - rule 117617 - U5Cobra4M][GTZC] default value MPCBB3 and MPCBB5 - Privileged memory - MPCBB4 is applicable
2025-12-29 19:25:41,843 [INFO] Rule:233 - rule Rename SubGHz_Phy SUBGHZ_APPLICATION SUBGHZ_PINGPONG to SUBGHZ_ADV_APPLICATION is applicable
2025-12-29 19:25:41,843 [INFO] Rule:233 - rule Rename Enabled to IBEACON is applicable
2025-12-29 19:25:41,843 [INFO] Rule:233 - rule GTZC_S instance for project manager is applicable
2025-12-29 19:25:41,843 [INFO] Rule:233 - rule GTZC_S instance for context M33S is applicable
2025-12-29 19:25:41,843 [INFO] Rule:233 - rule GTZC_S instance value for IP GTZC is applicable
2025-12-29 19:25:41,843 [INFO] Rule:233 - rule GTZC_S instance for mcu.IP is applicable
2025-12-29 19:25:41,843 [INFO] Rule:233 - rule GTZC_S instance for VP is applicable
2025-12-29 19:25:41,843 [INFO] Rule:233 - rule GTZC_S instance for signal is applicable
2025-12-29 19:25:41,843 [INFO] Rule:233 - rule GTZC_S instance for mcu.Pin is applicable
2025-12-29 19:25:41,843 [INFO] Rule:233 - rule GTZC_S instance for VP is applicable
2025-12-29 19:25:41,843 [INFO] Rule:233 - rule GTZC_S instance for signal is applicable
2025-12-29 19:25:41,843 [INFO] Rule:233 - rule GTZC_S instance for mcu is applicable
2025-12-29 19:25:41,843 [INFO] Rule:233 - rule GTZC_S instance for mcu.Pin is applicable
2025-12-29 19:25:41,843 [INFO] Rule:233 - rule GTZC_S instance value for IP GTZC is applicable
2025-12-29 19:25:41,843 [INFO] Rule:233 - rule GTZC_S instance for project manager is applicable
2025-12-29 19:25:41,843 [INFO] Rule:233 - rule GTZC_S instance for context M33S is applicable
2025-12-29 19:25:41,843 [INFO] Rule:233 - rule GTZC_S instance for VP is applicable
2025-12-29 19:25:41,843 [INFO] Rule:233 - rule GTZC_S instance for signal is applicable
2025-12-29 19:25:41,843 [INFO] Rule:233 - rule SPDIFRX instance for mcu is applicable
2025-12-29 19:25:41,843 [INFO] Rule:233 - rule Rename Tracer Mode is applicable
2025-12-29 19:25:41,843 [INFO] Rule:233 - rule SPDIFRX instance value for IP SPDIFRX is applicable
2025-12-29 19:25:41,843 [INFO] Rule:233 - rule SPDIFRX instance for signal is applicable
2025-12-29 19:25:41,843 [INFO] Rule:233 - rule SPDIFRX instance for project manager is applicable
2025-12-29 19:25:41,843 [INFO] Rule:233 - rule SPDIFRX instance for project manager is applicable
2025-12-29 19:25:41,843 [INFO] Rule:233 - rule ADC Scan  fix with FW F7 is applicable
2025-12-29 19:25:41,843 [INFO] Rule:233 - rule ADC Scan  fix with FW F7 is applicable
2025-12-29 19:25:41,843 [INFO] Rule:233 - rule WakeUp0 Mode is applicable
2025-12-29 19:25:41,843 [INFO] Rule:233 - rule WakeUp0 SIGNAL is applicable
2025-12-29 19:25:41,843 [INFO] Rule:233 - rule WakeUp1 Mode is applicable
2025-12-29 19:25:41,843 [INFO] Rule:233 - rule WakeUp1 SIGNAL is applicable
2025-12-29 19:25:41,844 [INFO] Rule:233 - rule WakeUp2 Mode is applicable
2025-12-29 19:25:41,844 [INFO] Rule:233 - rule WakeUp2 SIGNAL is applicable
2025-12-29 19:25:41,844 [INFO] Rule:233 - rule WakeUp4 Mode is applicable
2025-12-29 19:25:41,844 [INFO] Rule:233 - rule WakeUp4 SIGNAL is applicable
2025-12-29 19:25:41,844 [INFO] Rule:233 - rule WakeUp5 Mode is applicable
2025-12-29 19:25:41,844 [INFO] Rule:233 - rule WakeUp5 SIGNAL is applicable
2025-12-29 19:25:41,845 [INFO] Rule:233 - rule UART/USART WORD LENGTH 7 is applicable
2025-12-29 19:25:41,846 [INFO] Rule:233 - rule UART/USART WORD LENGTH 8 is applicable
2025-12-29 19:25:41,850 [INFO] Rule:233 - rule UART/USART WORD LENGTH 9 is applicable
2025-12-29 19:25:41,851 [INFO] Rule:233 - rule Change Default Value for LSE Drive Capability for WB family is applicable
2025-12-29 19:25:41,851 [INFO] Rule:233 - rule Change Default Value for ADC Clock Prescaler G0 family is applicable
2025-12-29 19:25:41,851 [INFO] Rule:233 - rule ADC SamplingTime fix with FW L0  is applicable
2025-12-29 19:25:41,851 [INFO] Rule:233 - rule ADC SamplingTime fix with FW L0  is applicable
2025-12-29 19:25:41,851 [INFO] Rule:233 - rule ADC SamplingTime fix with FW L0 is applicable
2025-12-29 19:25:41,851 [INFO] Rule:233 - rule ADC SamplingTime fix with FW L0 is applicable
2025-12-29 19:25:41,851 [INFO] Rule:233 - rule ADC SamplingTime fix with FW L0  is applicable
2025-12-29 19:25:41,851 [INFO] Rule:233 - rule ADC SamplingTime fix with FW L0 is applicable
2025-12-29 19:25:41,851 [INFO] Rule:233 - rule Rename USB_OE Signal is applicable
2025-12-29 19:25:41,851 [INFO] Rule:233 - rule Rename Activate_OE Mode is applicable
2025-12-29 19:25:41,851 [INFO] Rule:233 - rule Rename DIE462/DIE415 pin PC14/OSC32_IN -> PC14-OSC32_IN (PC14) is applicable
2025-12-29 19:25:41,851 [INFO] Rule:233 - rule Rename DIE462/DIE415 pin PC15/OSC32_OUT -> PC15-OSC32_OUT (PC15) is applicable
2025-12-29 19:25:41,851 [INFO] Rule:233 - rule Rename DIE462/DIE415 pin PH0/OSC_IN -> PH0-OSC_IN (PH0) is applicable
2025-12-29 19:25:41,851 [INFO] Rule:233 - rule Rename DIE462/DIE415 pin PH1/OSC_OUT -> PH1-OSC_OUT (PH1) is applicable
2025-12-29 19:25:41,851 [INFO] Rule:233 - rule Rename DIE462 pin PA13 -> PA13 (JTMS/SWDIO) is applicable
2025-12-29 19:25:41,851 [INFO] Rule:233 - rule Rename DIE415 pin PA13 -> PA13 (JTMS/SWDIO) is applicable
2025-12-29 19:25:41,852 [INFO] Rule:233 - rule Rename DIE462 pin PA14 -> PA14 (JTCK/SWCLK) is applicable
2025-12-29 19:25:41,852 [INFO] Rule:233 - rule Rename DIE415 pin PA14 -> PA14 (JTCK/SWCLK) is applicable
2025-12-29 19:25:41,852 [INFO] Rule:233 - rule Rename DIE462/DIE415 pin PA15 -> PA15 (JTDI) is applicable
2025-12-29 19:25:41,852 [INFO] Rule:233 - rule Rename DIE462 pin PB3 -> PB3 (JTD0/TRACESWO) is applicable
2025-12-29 19:25:41,852 [INFO] Rule:233 - rule Rename DIE415 pin PB3 -> PB3 (JTD0-TRACESWO) is applicable
2025-12-29 19:25:41,852 [INFO] Rule:233 - rule Rename DIE462/DIE415 pin PB4 -> PB4 (NJTRST) is applicable
2025-12-29 19:25:41,852 [INFO] Rule:233 - rule Rename DIE462 pin PH3/BOOT0 -> PH3-BOOT0 (BOOT0) is applicable
2025-12-29 19:25:41,852 [INFO] Rule:233 - rule Rename CRYP DataEncryptionTypesList to Algorithm is applicable
2025-12-29 19:25:41,852 [INFO] Rule:233 - rule Rename AES DataEncryptionTypesList to Algorithm is applicable
2025-12-29 19:25:41,852 [INFO] Rule:233 - rule Rename TDESECB to CRYP_TDES_ECB is applicable
2025-12-29 19:25:41,852 [INFO] Rule:233 - rule Rename TDESCBC to CRYP_TDES_CBC is applicable
2025-12-29 19:25:41,852 [INFO] Rule:233 - rule Rename DESECB to CRYP_DES_ECB is applicable
2025-12-29 19:25:41,852 [INFO] Rule:233 - rule Rename DESCBC to CRYP_DES_CBC is applicable
2025-12-29 19:25:41,852 [INFO] Rule:233 - rule Rename AESECB to CRYP_AES_ECB is applicable
2025-12-29 19:25:41,852 [INFO] Rule:233 - rule Rename AESCBC to CRYP_AES_CBC is applicable
2025-12-29 19:25:41,852 [INFO] Rule:233 - rule Rename AESCTR to CRYP_AES_CTR is applicable
2025-12-29 19:25:41,852 [INFO] Rule:233 - rule Rename AESGCM to CRYP_AES_GCM is applicable
2025-12-29 19:25:41,852 [INFO] Rule:233 - rule Rename AESCCM to CRYP_AES_CCM is applicable
2025-12-29 19:25:41,852 [INFO] Rule:233 - rule Rename CAN TimeSeg1 to BS1 is applicable
2025-12-29 19:25:41,852 [INFO] Rule:233 - rule Rename CAN TimeSeg2 to BS2 is applicable
2025-12-29 19:25:41,852 [INFO] Rule:233 - rule Rename CAN SyncJumpWidth to SJW is applicable
2025-12-29 19:25:41,852 [INFO] Rule:233 - rule TimeTriggeredMode to TTCM is applicable
2025-12-29 19:25:41,852 [INFO] Rule:233 - rule Rename CAN AutoBusOff to ABOM is applicable
2025-12-29 19:25:41,852 [INFO] Rule:233 - rule Rename CAN AutoWakeUp to AWUM is applicable
2025-12-29 19:25:41,852 [INFO] Rule:233 - rule Rename CAN AutoRetransmission to NART is applicable
2025-12-29 19:25:41,852 [INFO] Rule:233 - rule Rename CAN ReceiveFifoLocked to RFLM is applicable
2025-12-29 19:25:41,852 [INFO] Rule:233 - rule Rename CAN TransmitFifoPriority to TXFP is applicable
2025-12-29 19:25:41,852 [INFO] Rule:233 - rule Rename HRTIMER HRTIM_OUTPUTFAULTLEVEL_HIGH in HRTIMER HRTIM_OUTPUTFAULTLEVEL_HIGHZ is applicable
2025-12-29 19:25:41,852 [INFO] Rule:233 - rule Rename TIMER TIM_CLEARINPUTSOURCE_OCREFCLR in  TIMER TIM_CLEARINPUTSOURCE_NONE for F7 family is applicable
2025-12-29 19:25:41,852 [INFO] Rule:233 - rule FDCAN_R1 - Rename FDCAN mode Master into Classic is applicable
2025-12-29 19:25:41,852 [INFO] Rule:233 - rule FDCAN_R2 - Rename FDCAN mode Slave into Classic is applicable
2025-12-29 19:25:41,852 [INFO] Rule:233 - rule FDCAN1_R3 - if PA10.Mode=FullDuplex, add Pin PA12 is applicable
2025-12-29 19:25:41,852 [INFO] Rule:233 - rule FDCAN1_R3 - if PA9.Mode=FullDuplex, add Pin PA11 is applicable
2025-12-29 19:25:41,852 [INFO] Rule:233 - rule FDCAN1_R3 - Alternatepin_1 - if PE1.Mode=FullDuplex, add Pin PB9 is applicable
2025-12-29 19:25:41,852 [INFO] Rule:233 - rule FDCAN1_R3 - Alternatepin_1 - if PE0.Mode=FullDuplex, add Pin PB8 is applicable
2025-12-29 19:25:41,852 [INFO] Rule:233 - rule FDCAN1_R3 - Alternatepin_2 - if PD5.Mode=FullDuplex, add Pin PD1 is applicable
2025-12-29 19:25:41,852 [INFO] Rule:233 - rule FDCAN1_R3 - Alternatepin_2 - if PD4.Mode=FullDuplex, add Pin PD0 is applicable
2025-12-29 19:25:41,852 [INFO] Rule:233 - rule FDCAN1_R4 - Rename Mode FullDuplex into Enable FDCAN_TXFD for pin PA10 is applicable
2025-12-29 19:25:41,852 [INFO] Rule:233 - rule FDCAN1_R4 - Rename Mode FullDuplex into Enable FDCAN_TXFD for pin PA9 is applicable
2025-12-29 19:25:41,852 [INFO] Rule:233 - rule FDCAN1_R4 - Alternatepin_1 - Rename Mode FullDuplex into Enable FDCAN_TXFD for pin PE1 is applicable
2025-12-29 19:25:41,852 [INFO] Rule:233 - rule FDCAN1_R4 - Alternatepin_1 - Rename Mode FullDuplex into Enable FDCAN_TXFD for pin PE0 is applicable
2025-12-29 19:25:41,852 [INFO] Rule:233 - rule FDCAN1_R4 - Alternatepin_2 - Rename Mode FullDuplex into Enable FDCAN_TXFD for pin PD5 is applicable
2025-12-29 19:25:41,852 [INFO] Rule:233 - rule FDCAN1_R4 - Alternatepin_2 - Rename Mode FullDuplex into Enable FDCAN_TXFD for pin PD4 is applicable
2025-12-29 19:25:41,852 [INFO] Rule:233 - rule FDCAN2_R3 - if PD10.Mode=FullDuplex, add Pin PB13 is applicable
2025-12-29 19:25:41,852 [INFO] Rule:233 - rule FDCAN2_R3 - if PD9.Mode=FullDuplex, add Pin PB12 is applicable
2025-12-29 19:25:41,852 [INFO] Rule:233 - rule FDCAN2_R3 - Alternatepin_1 - if PB7.Mode=FullDuplex, add Pin PB6 is applicable
2025-12-29 19:25:41,852 [INFO] Rule:233 - rule FDCAN2_R3 - Alternatepin_1 - if PD9.Mode=FullDuplex, add Pin PB12 is applicable
2025-12-29 19:25:41,852 [INFO] Rule:233 - rule FDCAN2_R4 - Rename Mode FullDuplex into Enable FDCAN_TXFD for pin PD10 is applicable
2025-12-29 19:25:41,852 [INFO] Rule:233 - rule FDCAN2_R4 - Rename Mode FullDuplex into Enable FDCAN_TXFD for pin PD9 is applicable
2025-12-29 19:25:41,852 [INFO] Rule:233 - rule FDCAN2_R4 - Alternatepin_1 - Rename Mode FullDuplex into Enable FDCAN_TXFD for pin PB7 is applicable
2025-12-29 19:25:41,852 [INFO] Rule:233 - rule FDCAN2_R4 - Alternatepin_1 - Rename Mode FullDuplex into Enable FDCAN_TXFD for pin PD6 is applicable
2025-12-29 19:25:41,852 [INFO] Rule:233 - rule USART TxPinLevelInvertParam Mode is applicable
2025-12-29 19:25:41,852 [INFO] Rule:233 - rule USART RxPinLevelInvertParam Mode is applicable
2025-12-29 19:25:41,852 [INFO] Rule:233 - rule USART DataInvertParam Mode is applicable
2025-12-29 19:25:41,852 [INFO] Rule:233 - rule USART SwapParam Mode is applicable
2025-12-29 19:25:41,852 [INFO] Rule:233 - rule USART OverrunDisableParam Mode is applicable
2025-12-29 19:25:41,852 [INFO] Rule:233 - rule USART DMADisableonRxErrorParam Mode is applicable
2025-12-29 19:25:41,853 [INFO] Rule:233 - rule USART MSBFirstParam Mode is applicable
2025-12-29 19:25:41,853 [INFO] Rule:233 - rule Update MwName for USB_DEVICE is applicable
2025-12-29 19:25:41,853 [INFO] Rule:233 - rule Change PWR_Regulator_Voltage_Scale Default Value for RCC  H7 family is applicable
2025-12-29 19:25:41,853 [INFO] Rule:233 - rule UART/USART IPParameter rename Prescaler parameter to ClockPrescaler is applicable
2025-12-29 19:25:41,853 [INFO] Rule:233 - rule UART/USART Prescaler rename Prescaler parameter to ClockPrescaler is applicable
2025-12-29 19:25:41,853 [INFO] Rule:233 - rule TIM1CLockSelection is applicable
2025-12-29 19:25:41,853 [INFO] Rule:233 - rule TIM15CLockSelection is applicable
2025-12-29 19:25:41,853 [INFO] Rule:233 - rule align RCC SDMMC3CLockSelection default value on MP1 is applicable
2025-12-29 19:25:41,853 [INFO] Rule:233 - rule align RCC SDMMC12CLockSelection default value on MP1 is applicable
2025-12-29 19:25:41,853 [INFO] Rule:233 - rule align RCC QSPICLockSelection default value on MP1 is applicable
2025-12-29 19:25:41,853 [INFO] Rule:233 - rule align RCC QSPICLockSelection default value on MP1 is applicable
2025-12-29 19:25:41,853 [INFO] Rule:233 - rule align RCC SPI6CLockSelection default value on MP1 is applicable
2025-12-29 19:25:41,853 [INFO] Rule:233 - rule align RCC LPTIM23CLockSelection default value on MP1 is applicable
2025-12-29 19:25:41,853 [INFO] Rule:233 - rule align RCC LPTIM1CLockSelection default value on MP1 is applicable
2025-12-29 19:25:41,853 [INFO] Rule:233 - rule align RCC USART1CLockSelection default value on MP1 is applicable
2025-12-29 19:25:41,853 [INFO] Rule:233 - rule align RCC USART24CLockSelection default value on MP1 is applicable
2025-12-29 19:25:41,853 [INFO] Rule:233 - rule align RCC USART6CLockSelection default value on MP1 is applicable
2025-12-29 19:25:41,853 [INFO] Rule:233 - rule align RCC UART78CLockSelection default value on MP1 is applicable
2025-12-29 19:25:41,853 [INFO] Rule:233 - rule align RCC USART35CLockSelection default value on MP1 is applicable
2025-12-29 19:25:41,853 [INFO] Rule:233 - rule align RCC SPI45CLockSelection default value on MP1 is applicable
2025-12-29 19:25:41,853 [INFO] Rule:233 - rule align RCC I2C46CLockSelection BCLK value on MP1 is applicable
2025-12-29 19:25:41,853 [INFO] Rule:233 - rule align RCC SPI45CLockSelection default value on MP1 is applicable
2025-12-29 19:25:41,853 [INFO] Rule:233 - rule align RCC I2C12CLockSelection default value on MP1 is applicable
2025-12-29 19:25:41,853 [INFO] Rule:233 - rule align RCC I2C35CLockSelection default value on MP1 is applicable
2025-12-29 19:25:41,853 [INFO] Rule:233 - rule align RCC LPTIM45CLockSelection default value on MP1 is applicable
2025-12-29 19:25:41,853 [INFO] Rule:233 - rule Rename DCMI PIXCK signal is applicable
2025-12-29 19:25:41,853 [INFO] Rule:233 - rule Change Default Value for I2C46CLockSelection MP1 family is applicable
2025-12-29 19:25:41,853 [INFO] Rule:233 - rule Change Default Value for UART for G4, G0 and WB families is applicable
2025-12-29 19:25:41,853 [INFO] Rule:233 - rule Change Default Value for USART for G4, G0 and WB families is applicable
2025-12-29 19:25:41,853 [INFO] Rule:233 - rule Change Default Value for USART for G4 family is applicable
2025-12-29 19:25:41,853 [INFO] Rule:233 - rule Change USART1CLockSelection refparam name for MP1 is applicable
2025-12-29 19:25:41,853 [INFO] Rule:233 - rule Change USART2CLockSelection refparam name for MP1 is applicable
2025-12-29 19:25:41,853 [INFO] Rule:233 - rule Change USART3CLockSelection refparam name for MP1 is applicable
2025-12-29 19:25:41,853 [INFO] Rule:233 - rule Change UART4CLockSelection refparam name for MP1 is applicable
2025-12-29 19:25:41,853 [INFO] Rule:233 - rule Change UART5CLockSelection refparam name for MP1 is applicable
2025-12-29 19:25:41,853 [INFO] Rule:233 - rule Change LPUART1CLockSelection refparam name for MP1 is applicable
2025-12-29 19:25:41,853 [INFO] Rule:233 - rule Change LPTIM1CLockSelection refparam name for MP1 is applicable
2025-12-29 19:25:41,853 [INFO] Rule:233 - rule Change LPTIM2CLockSelection refparam name for MP1 is applicable
2025-12-29 19:25:41,853 [INFO] Rule:233 - rule Change RCC_MCO1Source refparam name for MP1 is applicable
2025-12-29 19:25:41,853 [INFO] Rule:233 - rule Change LSCOSource1 refparam name for MP1 is applicable
2025-12-29 19:25:41,854 [INFO] Rule:233 - rule Change SMPSCLockSelection refparam name for MP1 is applicable
2025-12-29 19:25:41,854 [INFO] Rule:233 - rule Change LPTIM3CLockSelection refparam name for MP1 is applicable
2025-12-29 19:25:41,854 [INFO] Rule:233 - rule Change MPCBB* Default Template Mode to Parameters is applicable
2025-12-29 19:25:41,854 [INFO] Rule:233 - rule Change MPCWM* or MPCBB* Secure Mode to Parameters is applicable
2025-12-29 19:25:41,854 [INFO] Rule:233 - rule Change MPCWM* or MPCBB* No Secure Mode to Parameters is applicable
2025-12-29 19:25:41,854 [INFO] Rule:233 - rule Change TZSC IP Secure Mode to Parameters is applicable
2025-12-29 19:25:41,854 [INFO] Rule:233 - rule Change TZSC IP No Secure Mode to Parameters is applicable
2025-12-29 19:25:41,854 [INFO] Rule:233 - rule Change TZSC IP Privilege Mode to Parameters is applicable
2025-12-29 19:25:41,854 [INFO] Rule:233 - rule Change TZSC IP No Privilege Mode to Parameters is applicable
2025-12-29 19:25:41,854 [INFO] Rule:233 - rule Change TZIC IT Secure Mode to Parameters is applicable
2025-12-29 19:25:41,854 [INFO] Rule:233 - rule Change TZIC IT No Secure Mode to Parameters is applicable
2025-12-29 19:25:41,854 [INFO] Rule:233 - rule Add MPCBB1_NonSecureArea_Start_Address value with referenced to MPCBB1_NonSecureArea_Start value is applicable
2025-12-29 19:25:41,854 [INFO] Rule:233 - rule Add MPCBB2_NonSecureArea_Start_Address value with referenced to MPCBB2_NonSecureArea_Start value is applicable
2025-12-29 19:25:41,854 [INFO] Rule:233 - rule Add MPCWM1_NonSecureArea*_Start_Address value with referenced to MPCWM1_NonSecureArea*_Start value is applicable
2025-12-29 19:25:41,855 [INFO] Rule:233 - rule Add MPCWM2_NonSecureArea*_Start_Address value with referenced to MPCWM2_NonSecureArea*_Start value is applicable
2025-12-29 19:25:41,855 [INFO] Rule:233 - rule Add MPCWM3_NonSecureArea_Start_Address value with referenced to MPCWM3_NonSecureArea_Start value is applicable
2025-12-29 19:25:41,855 [INFO] Rule:233 - rule Change Default Value for PLL1UserDefinedConfig is applicable
2025-12-29 19:25:41,855 [INFO] Rule:233 - rule Change GPIO_PuPd Default Value for USART in async mode is applicable
2025-12-29 19:25:41,855 [INFO] Rule:233 - rule Change SMPSDivider Default Value is applicable
2025-12-29 19:25:41,855 [INFO] Rule:233 - rule OPAMP is applicable
2025-12-29 19:25:41,855 [INFO] Rule:233 - rule LPUART IPParameter rename Prescaler parameter to ClockPrescaler for STM32H7 is applicable
2025-12-29 19:25:41,855 [INFO] Rule:233 - rule LPUART IPParameter rename Prescaler parameter to ClockPrescaler for STM32H7 is applicable
2025-12-29 19:25:41,855 [INFO] Rule:233 - rule LPUART IPParameter rename Prescaler parameter to ClockPrescaler for STM32WB is applicable
2025-12-29 19:25:41,855 [INFO] Rule:233 - rule LPUART IPParameter rename Prescaler parameter to ClockPrescaler for STM32WB is applicable
2025-12-29 19:25:41,855 [INFO] Rule:233 - rule LPUART IPParameter rename Prescaler parameter to ClockPrescaler for STM32G4 is applicable
2025-12-29 19:25:41,855 [INFO] Rule:233 - rule LPUART IPParameter rename Prescaler parameter to ClockPrescaler for STM32G4 is applicable
2025-12-29 19:25:41,855 [INFO] Rule:233 - rule LPUART IPParameter rename Prescaler parameter to ClockPrescaler for STM32L5 is applicable
2025-12-29 19:25:41,855 [INFO] Rule:233 - rule LPUART IPParameter rename Prescaler parameter to ClockPrescaler for STM32L5 is applicable
2025-12-29 19:25:41,855 [INFO] Rule:233 - rule LPUART IPParameter rename Prescaler parameter to ClockPrescaler for STM32G4 is applicable
2025-12-29 19:25:41,855 [INFO] Rule:233 - rule LPUART IPParameter rename Prescaler parameter to ClockPrescaler for STM32G4 is applicable
2025-12-29 19:25:41,855 [INFO] Rule:233 - rule USB device lib V2.5.3 for L0 rename USBD_SUPPORT_USER_STRING parameter to USBD_SUPPORT_USER_STRING_DESC4 is applicable
2025-12-29 19:25:41,855 [INFO] Rule:233 - rule I2SCLockSelection clock entry align is applicable
2025-12-29 19:25:41,855 [INFO] Rule:233 - rule Assign TIMx context if used as SYS timebase is applicable
2025-12-29 19:25:41,855 [INFO] Rule:233 - rule Change GPIO_Pu Default Value for I2C is applicable
2025-12-29 19:25:41,855 [INFO] Rule:233 - rule Change GPIO_Pu Default Value for SMBus is applicable
2025-12-29 19:25:41,855 [INFO] Rule:233 - rule change FDCAN default value is applicable
2025-12-29 19:25:41,855 [INFO] Rule:233 - rule Change mode sai is applicable
2025-12-29 19:25:41,855 [INFO] Rule:233 - rule **Change sai mode is applicable
2025-12-29 19:25:41,855 [INFO] Rule:233 - rule Rename STM32WPAN CFG_BLE_IRK to CFG_BLE_IR is applicable
2025-12-29 19:25:41,855 [INFO] Rule:233 - rule Rename STM32WPAN CFG_BLE_ERK to CFG_BLE_ER is applicable
2025-12-29 19:25:41,855 [INFO] Rule:233 - rule Rename STM32WPAN CFG_BLE_IRK_HEX to CFG_BLE_IR_HEX is applicable
2025-12-29 19:25:41,855 [INFO] Rule:233 - rule Rename STM32WPAN CFG_BLE_ERK_HEX to CFG_BLE_ER_HEX is applicable
2025-12-29 19:25:41,856 [INFO] Rule:233 - rule Adapt Old IOC before rework replace old CORTEX_M33/CORTEX_M55 attributes by the new one. is applicable
2025-12-29 19:25:41,856 [INFO] Rule:233 - rule Rename parametre of RCC RCC_APBDBG_DIV2 to RCC_TIMPRES_DIV2 is applicable
2025-12-29 19:25:41,856 [INFO] Rule:233 - rule Rename DIE493 pin PA10 [PA12] -> PA10 is applicable
2025-12-29 19:25:41,856 [INFO] Rule:233 - rule Rename DIE493 pin PA9 [PA11] -> PA9 is applicable
2025-12-29 19:25:41,856 [INFO] Rule:233 - rule Rename DIE492 PartNumber CPN STM32WBA5MJGHx -> STM32WBA5MMGHx is applicable
2025-12-29 19:25:41,856 [INFO] Rule:233 - rule Rename DIE492 PartNumber  Name STM32WBA5MJGHx -> STM32WBA5MMGHx is applicable
2025-12-29 19:25:41,856 [INFO] Rule:233 - rule Rename DIE492 PartNumber UserName STM32WBA5MJGHx -> STM32WBA5MMGHx is applicable
2025-12-29 19:25:41,856 [INFO] Rule:233 - rule Rename DIE492 PartNumber DeviceId STM32WBA5MJGHx -> STM32WBA5MMGHx is applicable
2025-12-29 19:25:41,856 [INFO] Rule:233 - rule Adapt Old IOC CSI. is applicable
2025-12-29 19:25:41,856 [INFO] Rule:233 - rule Adapt Old IOC DCMIPP. is applicable
2025-12-29 19:25:41,856 [INFO] Rule:233 - rule Adapt Old IOC DCMIPP Mode Parallel. is applicable
2025-12-29 19:25:41,856 [INFO] Rule:233 - rule Adapt Old IOC LTDC. is applicable
2025-12-29 19:25:41,856 [INFO] Rule:233 - rule Rename STM32MP2 RIF Peripheral LTDC RIF.RISUP.LTDC_L0L1.Privilege -> RIF.RISUP.LTDC_L1L2.Privilege is applicable
2025-12-29 19:25:41,856 [INFO] Rule:233 - rule Rename STM32MP2 RIF Peripheral LTDC RIF.RISUP.LTDC_L0L1.Privilege -> RIF.RISUP.LTDC_L1L2.Privilege is applicable
2025-12-29 19:25:41,856 [INFO] Rule:233 - rule Rename STM32MP2 RIF Peripheral LTDC RIF.RISUP.LTDC_L0L1.Lock -> RIF.RISUP.LTDC_L1L2.Lock is applicable
2025-12-29 19:25:41,856 [INFO] Rule:233 - rule Rename STM32MP2 RIF Peripheral LTDC RIF.RISUP.LTDC_L2.Lock -> RIF.RISUP.LTDC_L3.Lock is applicable
2025-12-29 19:25:41,856 [INFO] Rule:233 - rule Adapt the old IOC example for updating the SYS when it is misconfigured. is applicable
2025-12-29 19:25:41,856 [INFO] Rule:233 - rule Rename STM32C09 Mcu.Package LQFP64 -> LQFP48 is applicable
2025-12-29 19:25:41,856 [INFO] Rule:233 - rule Adapt the old IOC example for updating the SYS when it is misconfigured. is applicable
2025-12-29 19:25:41,856 [INFO] Rule:233 - rule Adapt the old IOC example for updating the SYS when it is misconfigured. is applicable
2025-12-29 19:25:41,874 [INFO] DbConfProperties:307 - Apply Compatibility (38/250 Rules)
2025-12-29 19:25:41,911 [INFO] ImportTextPane:234 - (OptionalMessage_ERROR) Unable to find key (Mcu.ThirdPartyNb) in loaded IOC file
2025-12-29 19:25:41,913 [INFO] ImportTextPane:234 - (OptionalMessage_ERROR) Pin34 (VP_RIF_VS_RIF1) cannot be retrieved for this MCU
2025-12-29 19:25:42,068 [INFO] RtosManager:558 - Registered RTOS mode: class=CMSIS, group=RTOS, mode=CMSIS_V1, owner=FREERTOS
2025-12-29 19:25:42,068 [INFO] RtosManager:558 - Registered RTOS mode: class=CMSIS, group=RTOS2, mode=CMSIS_V2, owner=FREERTOS
2025-12-29 19:25:42,068 [INFO] RtosManager:558 - Registered RTOS mode: class=RTOS, group=Core, mode=CMSIS_V1, owner=FREERTOS
2025-12-29 19:25:42,068 [INFO] RtosManager:558 - Registered RTOS mode: class=RTOS, group=Core, mode=CMSIS_V2, owner=FREERTOS
2025-12-29 19:25:42,068 [WARN] ModelIntegratedComponent:184 - Missing modes for component STMicroelectronics:FreeRTOS:0.0.1:STMicroelectronics:RTOS:FreeRTOS:Core:::10.2.0:
2025-12-29 19:25:42,080 [WARN] ModelIntegratedComponent:63 - No mode defined for component null
2025-12-29 19:25:42,080 [WARN] ModelIntegratedComponent:63 - No mode defined for component null
2025-12-29 19:25:42,080 [WARN] ModelIntegratedComponent:63 - No mode defined for component null
2025-12-29 19:25:42,080 [WARN] ModelIntegratedComponent:63 - No mode defined for component null
2025-12-29 19:25:42,080 [WARN] ModelIntegratedComponent:63 - No mode defined for component null
2025-12-29 19:25:42,080 [WARN] ModelIntegratedComponent:63 - No mode defined for component null
2025-12-29 19:25:42,080 [WARN] ModelIntegratedComponent:63 - No mode defined for component null
2025-12-29 19:25:42,080 [WARN] ModelIntegratedComponent:63 - No mode defined for component null
2025-12-29 19:25:42,080 [WARN] ModelIntegratedComponent:63 - No mode defined for component null
2025-12-29 19:25:42,080 [WARN] ModelIntegratedComponent:63 - No mode defined for component null
2025-12-29 19:25:42,080 [WARN] ModelIntegratedComponent:63 - No mode defined for component null
2025-12-29 19:25:42,080 [WARN] ModelIntegratedComponent:63 - No mode defined for component null
2025-12-29 19:25:42,080 [WARN] ModelIntegratedComponent:63 - No mode defined for component null
2025-12-29 19:25:42,080 [WARN] ModelIntegratedComponent:63 - No mode defined for component null
2025-12-29 19:25:42,081 [WARN] ModelIntegratedComponent:63 - No mode defined for component null
2025-12-29 19:25:42,081 [WARN] ModelIntegratedComponent:63 - No mode defined for component null
2025-12-29 19:25:42,081 [WARN] ModelIntegratedComponent:63 - No mode defined for component null
2025-12-29 19:25:42,081 [WARN] ModelIntegratedComponent:63 - No mode defined for component null
2025-12-29 19:25:42,081 [WARN] ModelIntegratedComponent:63 - No mode defined for component null
2025-12-29 19:25:42,081 [WARN] ModelIntegratedComponent:63 - No mode defined for component null
2025-12-29 19:25:42,081 [WARN] ModelIntegratedComponent:63 - No mode defined for component null
2025-12-29 19:25:42,081 [WARN] ModelIntegratedComponent:63 - No mode defined for component null
2025-12-29 19:25:42,081 [WARN] ModelIntegratedComponent:63 - No mode defined for component null
2025-12-29 19:25:42,081 [WARN] ModelIntegratedComponent:63 - No mode defined for component null
2025-12-29 19:25:42,081 [WARN] ModelIntegratedComponent:63 - No mode defined for component null
2025-12-29 19:25:42,081 [WARN] ModelIntegratedComponent:63 - No mode defined for component null
2025-12-29 19:25:42,081 [WARN] ModelIntegratedComponent:63 - No mode defined for component null
2025-12-29 19:25:42,081 [WARN] ModelIntegratedComponent:63 - No mode defined for component null
2025-12-29 19:25:42,081 [WARN] ModelIntegratedComponent:63 - No mode defined for component null
2025-12-29 19:25:42,081 [WARN] ModelIntegratedComponent:63 - No mode defined for component null
2025-12-29 19:25:42,081 [WARN] ModelIntegratedComponent:63 - No mode defined for component null
2025-12-29 19:25:42,081 [WARN] ModelIntegratedComponent:63 - No mode defined for component null
2025-12-29 19:25:42,081 [WARN] ModelIntegratedComponent:63 - No mode defined for component null
2025-12-29 19:25:42,081 [WARN] ModelIntegratedComponent:63 - No mode defined for component null
2025-12-29 19:25:42,081 [WARN] ModelIntegratedComponent:63 - No mode defined for component null
2025-12-29 19:25:42,081 [WARN] ModelPack:524 - Component already loaded: STMicroelectronics:HAL Drivers:0.0.0:STMicroelectronics:Device:STMicro_Driver:XSPI:HAL::0.0.1:HAL_XSPI
2025-12-29 19:25:42,111 [INFO] ThirdPartyModel:298 - Start build external matchings
2025-12-29 19:25:42,178 [INFO] ThirdPartyModel:316 - End build external matchings
2025-12-29 19:25:42,613 [INFO] UtilMem:75 - End LoadConfig() Used Memory: 605572520 Bytes (791674880)
2025-12-29 19:25:42,739 [WARN] ThirdParty:833 - waiting for thirdparty lock release [change project]
2025-12-29 19:25:42,739 [INFO] ThirdParty:835 - entering critical section [change project]
2025-12-29 19:25:42,740 [INFO] ThirdParty:1030 - CMSIS Pack Vendor :STMicroelectronics X-CUBE-PM33A1 1.0.0
2025-12-29 19:25:42,740 [INFO] ThirdParty:1030 - CMSIS Pack Vendor :STMicroelectronics USBPD 4.1
2025-12-29 19:25:42,740 [INFO] ThirdParty:1030 - CMSIS Pack Vendor :STMicroelectronics X-CUBE-NFC9 1.0.0
2025-12-29 19:25:42,740 [INFO] ThirdParty:1030 - CMSIS Pack Vendor :STMicroelectronics USB_HOST 2.0.0
2025-12-29 19:25:42,740 [INFO] ThirdParty:1030 - CMSIS Pack Vendor :STMicroelectronics FP-SNS-MOTENVWB1 1.4.0
2025-12-29 19:25:42,740 [INFO] ThirdParty:1030 - CMSIS Pack Vendor :STMicroelectronics X-CUBE-AZRTOS-F4 1.1.0
2025-12-29 19:25:42,740 [INFO] ThirdParty:1030 - CMSIS Pack Vendor :STMicroelectronics LIBJPEG 8.0.0
2025-12-29 19:25:42,740 [INFO] ThirdParty:1030 - CMSIS Pack Vendor :STMicroelectronics FP-ATR-ASTRA1 2.0.2
2025-12-29 19:25:42,740 [INFO] ThirdParty:1030 - CMSIS Pack Vendor :STMicroelectronics X-CUBE-BLE1 7.1.0
2025-12-29 19:25:42,740 [INFO] ThirdParty:1030 - CMSIS Pack Vendor :STMicroelectronics X-CUBE-SMBUS 2.1.0
2025-12-29 19:25:42,740 [INFO] ThirdParty:1030 - CMSIS Pack Vendor :STMicroelectronics USB_DEVICE 3.0.0
2025-12-29 19:25:42,740 [INFO] ThirdParty:1030 - CMSIS Pack Vendor :STMicroelectronics X-CUBE-ISPU 2.1.0
2025-12-29 19:25:42,740 [INFO] ThirdParty:1030 - CMSIS Pack Vendor :STMicroelectronics X-CUBE-AZRTOS-WB 2.0.0
2025-12-29 19:25:42,740 [INFO] ThirdParty:1030 - CMSIS Pack Vendor :STMicroelectronics X-CUBE-AZRTOS-F7 1.1.0
2025-12-29 19:25:42,740 [INFO] ThirdParty:1030 - CMSIS Pack Vendor :STMicroelectronics X-CUBE-AZRTOS-L5 2.0.0
2025-12-29 19:25:42,740 [INFO] ThirdParty:1030 - CMSIS Pack Vendor :STMicroelectronics USB_DEVICE 2.0.0
2025-12-29 19:25:42,740 [INFO] ThirdParty:1030 - CMSIS Pack Vendor :STMicroelectronics X-CUBE-NFC6 3.1.0
2025-12-29 19:25:42,740 [INFO] ThirdParty:1030 - CMSIS Pack Vendor :STMicroelectronics FreeRTOS 0.0.1
2025-12-29 19:25:42,740 [INFO] ThirdParty:1030 - CMSIS Pack Vendor :STMicroelectronics X-CUBE-AZRTOS-G0 1.1.0
2025-12-29 19:25:42,740 [INFO] ThirdParty:1030 - CMSIS Pack Vendor :STMicroelectronics X-CUBE-NFC4 3.0.0
2025-12-29 19:25:42,740 [INFO] ThirdParty:1030 - CMSIS Pack Vendor :STMicroelectronics X-CUBE-SUBG2 5.0.0
2025-12-29 19:25:42,740 [INFO] ThirdParty:1030 - CMSIS Pack Vendor :STMicroelectronics STM32_WPAN 1.0.0
2025-12-29 19:25:42,740 [INFO] ThirdParty:1030 - CMSIS Pack Vendor :STMicroelectronics lwIP 2.0.3
2025-12-29 19:25:42,740 [INFO] ThirdParty:1030 - CMSIS Pack Vendor :STMicroelectronics USB_HOST 1.0.0
2025-12-29 19:25:42,740 [INFO] ThirdParty:1030 - CMSIS Pack Vendor :STMicroelectronics X-CUBE-AZRTOS-G4 2.0.0
2025-12-29 19:25:42,740 [INFO] ThirdParty:1030 - CMSIS Pack Vendor :STMicroelectronics X-CUBE-WB05N 2.0.0
2025-12-29 19:25:42,740 [INFO] ThirdParty:1030 - CMSIS Pack Vendor :STMicroelectronics PDM2PCM 3.1.0
2025-12-29 19:25:42,740 [INFO] ThirdParty:1030 - CMSIS Pack Vendor :STMicroelectronics PDM2PCM 3.3.0
2025-12-29 19:25:42,740 [INFO] ThirdParty:1030 - CMSIS Pack Vendor :STMicroelectronics X-CUBE-DISPLAY 3.0.0
2025-12-29 19:25:42,740 [INFO] ThirdParty:1030 - CMSIS Pack Vendor :STMicroelectronics X-CUBE-NFC7 2.0.0
2025-12-29 19:25:42,740 [INFO] ThirdParty:1030 - CMSIS Pack Vendor :STMicroelectronics X-CUBE-TCPP 4.2.0
2025-12-29 19:25:42,740 [INFO] ThirdParty:1030 - CMSIS Pack Vendor :STMicroelectronics FP-ATR-SIGFOX1 3.2.0
2025-12-29 19:25:42,740 [INFO] ThirdParty:1030 - CMSIS Pack Vendor :STMicroelectronics X-CUBE-NFC10 1.0.0
2025-12-29 19:25:42,741 [INFO] ThirdParty:1030 - CMSIS Pack Vendor :STMicroelectronics HAL Drivers 0.0.0
2025-12-29 19:25:42,741 [INFO] ThirdParty:1030 - CMSIS Pack Vendor :STMicroelectronics MBEDTLS 2.16.2
2025-12-29 19:25:42,741 [INFO] ThirdParty:1030 - CMSIS Pack Vendor :STMicroelectronics X-CUBE-ALS 1.0.2
2025-12-29 19:25:42,741 [INFO] ThirdParty:1030 - CMSIS Pack Vendor :STMicroelectronics MBEDTLS 2.14.1
2025-12-29 19:25:42,741 [INFO] ThirdParty:1030 - CMSIS Pack Vendor :STMicroelectronics ThreadX 1.0.0
2025-12-29 19:25:42,741 [INFO] ThirdParty:1030 - CMSIS Pack Vendor :STMicroelectronics FP-SNS-SMARTAG2 1.2.0
2025-12-29 19:25:42,741 [INFO] ThirdParty:1030 - CMSIS Pack Vendor :STMicroelectronics FP-SNS-FLIGHT1 5.1.0
2025-12-29 19:25:42,741 [INFO] ThirdParty:1030 - CMSIS Pack Vendor :STMicroelectronics X-CUBE-AZRTOS-WL 2.0.0
2025-12-29 19:25:42,741 [INFO] ThirdParty:1030 - CMSIS Pack Vendor :STMicroelectronics X-CUBE-ALGOBUILD 1.4.0
2025-12-29 19:25:42,741 [INFO] ThirdParty:1030 - CMSIS Pack Vendor :STMicroelectronics X-CUBE-DPower 1.3.0
2025-12-29 19:25:42,741 [INFO] ThirdParty:1030 - CMSIS Pack Vendor :STMicroelectronics USB_DEVICE 1.0.0
2025-12-29 19:25:42,741 [INFO] ThirdParty:1030 - CMSIS Pack Vendor :STMicroelectronics X-CUBE-AZRTOS-L4 2.0.0
2025-12-29 19:25:42,741 [INFO] ThirdParty:1030 - CMSIS Pack Vendor :STMicroelectronics ThreadX 0.0.2
2025-12-29 19:25:42,741 [INFO] ThirdParty:1030 - CMSIS Pack Vendor :STMicroelectronics lwIP 2.1.2
2025-12-29 19:25:42,743 [INFO] ThirdParty:1030 - CMSIS Pack Vendor :STMicroelectronics X-CUBE-SFXS2LP1 4.0.0
2025-12-29 19:25:42,743 [INFO] ThirdParty:1030 - CMSIS Pack Vendor :STMicroelectronics X-CUBE-BLE2 3.3.0
2025-12-29 19:25:42,743 [INFO] ThirdParty:1030 - CMSIS Pack Vendor :STMicroelectronics X-CUBE-TOF1 3.4.3
2025-12-29 19:25:42,743 [INFO] ThirdParty:1030 - CMSIS Pack Vendor :STMicroelectronics PDM2PCM 3.2.0
2025-12-29 19:25:42,743 [INFO] ThirdParty:841 - exiting critical section [change project]
2025-12-29 19:25:43,257 [INFO] PinOutPanel:1589 - setPackage(No Configuration,No Configuration)
2025-12-29 19:25:43,259 [INFO] PinOutPanel:1589 - setPackage(STM32F407VGTx,LQFP100)
2025-12-29 19:25:43,762 [INFO] UtilMem:75 - Before build in PCC Used Memory: 504086896 Bytes (791674880)
2025-12-29 19:25:44,751 [INFO] UtilMem:75 - After build in PCC Used Memory: 572419464 Bytes (791674880)
2025-12-29 19:25:44,787 [INFO] IPUIPlugin:80 - create IPUIPlugin
2025-12-29 19:25:44,788 [INFO] IPUIPlugin:80 - create IPUIPlugin
2025-12-29 19:25:44,788 [INFO] IPUIPlugin:80 - create IPUIPlugin
2025-12-29 19:25:44,788 [INFO] IPUIPlugin:80 - create IPUIPlugin
2025-12-29 19:25:44,788 [INFO] IPUIPlugin:80 - create IPUIPlugin
2025-12-29 19:25:44,788 [INFO] IPUIPlugin:80 - create IPUIPlugin
2025-12-29 19:25:44,788 [INFO] IPUIPlugin:80 - create IPUIPlugin
2025-12-29 19:25:44,788 [INFO] IPUIPlugin:80 - create IPUIPlugin
2025-12-29 19:25:44,789 [INFO] IPUIPlugin:80 - create IPUIPlugin
2025-12-29 19:25:44,789 [INFO] IPUIPlugin:80 - create IPUIPlugin
2025-12-29 19:25:44,790 [INFO] IPUIPlugin:80 - create IPUIPlugin
2025-12-29 19:25:44,790 [INFO] IPUIPlugin:80 - create IPUIPlugin
2025-12-29 19:25:44,790 [INFO] IPUIPlugin:80 - create IPUIPlugin
2025-12-29 19:25:44,790 [INFO] IPUIPlugin:80 - create IPUIPlugin
2025-12-29 19:25:44,790 [INFO] IPUIPlugin:80 - create IPUIPlugin
2025-12-29 19:25:44,790 [INFO] IPUIPlugin:80 - create IPUIPlugin
2025-12-29 19:25:44,790 [INFO] IPUIPlugin:80 - create IPUIPlugin
2025-12-29 19:25:44,790 [INFO] IPUIPlugin:80 - create IPUIPlugin
2025-12-29 19:25:44,790 [INFO] IPUIPlugin:80 - create IPUIPlugin
2025-12-29 19:25:44,791 [INFO] IPUIPlugin:80 - create IPUIPlugin
2025-12-29 19:25:44,791 [INFO] IPUIPlugin:80 - create IPUIPlugin
2025-12-29 19:25:44,791 [INFO] IPUIPlugin:80 - create IPUIPlugin
2025-12-29 19:25:44,791 [INFO] IPUIPlugin:80 - create IPUIPlugin
2025-12-29 19:25:44,792 [INFO] IPUIPlugin:80 - create IPUIPlugin
2025-12-29 19:25:44,792 [INFO] IPUIPlugin:80 - create IPUIPlugin
2025-12-29 19:25:44,792 [INFO] IPUIPlugin:80 - create IPUIPlugin
2025-12-29 19:25:44,792 [INFO] IPUIPlugin:80 - create IPUIPlugin
2025-12-29 19:25:44,792 [INFO] IPUIPlugin:80 - create IPUIPlugin
2025-12-29 19:25:44,792 [INFO] IPUIPlugin:80 - create IPUIPlugin
2025-12-29 19:25:44,793 [INFO] IPUIPlugin:80 - create IPUIPlugin
2025-12-29 19:25:44,793 [INFO] IPUIPlugin:80 - create IPUIPlugin
2025-12-29 19:25:44,793 [INFO] IPUIPlugin:80 - create IPUIPlugin
2025-12-29 19:25:44,793 [INFO] IPUIPlugin:80 - create IPUIPlugin
2025-12-29 19:25:44,794 [INFO] IPUIPlugin:80 - create IPUIPlugin
2025-12-29 19:25:44,794 [INFO] IPUIPlugin:80 - create IPUIPlugin
2025-12-29 19:25:44,794 [INFO] IPUIPlugin:80 - create IPUIPlugin
2025-12-29 19:25:44,794 [INFO] IPUIPlugin:80 - create IPUIPlugin
2025-12-29 19:25:44,794 [INFO] IPUIPlugin:80 - create IPUIPlugin
2025-12-29 19:25:44,794 [INFO] IPUIPlugin:80 - create IPUIPlugin
2025-12-29 19:25:44,794 [INFO] IPUIPlugin:80 - create IPUIPlugin
2025-12-29 19:25:44,794 [INFO] IPUIPlugin:80 - create IPUIPlugin
2025-12-29 19:25:44,795 [INFO] IPUIPlugin:80 - create IPUIPlugin
2025-12-29 19:25:44,795 [INFO] IPUIPlugin:80 - create IPUIPlugin
2025-12-29 19:25:44,795 [INFO] IPUIPlugin:80 - create IPUIPlugin
2025-12-29 19:25:44,795 [INFO] IPUIPlugin:80 - create IPUIPlugin
2025-12-29 19:25:44,795 [INFO] IPUIPlugin:80 - create IPUIPlugin
2025-12-29 19:25:44,795 [INFO] IPUIPlugin:80 - create IPUIPlugin
2025-12-29 19:25:44,795 [INFO] IPUIPlugin:80 - create IPUIPlugin
2025-12-29 19:25:44,795 [INFO] IPUIPlugin:80 - create IPUIPlugin
2025-12-29 19:25:44,796 [INFO] IPUIPlugin:80 - create IPUIPlugin
2025-12-29 19:25:44,796 [INFO] IPUIPlugin:80 - create IPUIPlugin
2025-12-29 19:25:44,796 [INFO] IPUIPlugin:80 - create IPUIPlugin
2025-12-29 19:25:44,796 [INFO] IPUIPlugin:80 - create IPUIPlugin
2025-12-29 19:25:44,796 [INFO] IPUIPlugin:80 - create IPUIPlugin
2025-12-29 19:25:44,796 [INFO] IPUIPlugin:80 - create IPUIPlugin
2025-12-29 19:25:44,797 [INFO] IPUIPlugin:80 - create IPUIPlugin
2025-12-29 19:25:44,797 [INFO] IPUIPlugin:80 - create IPUIPlugin
2025-12-29 19:25:44,797 [INFO] IPUIPlugin:80 - create IPUIPlugin
2025-12-29 19:25:44,880 [INFO] ApiDbMcu:532 - Load IP Config File for PDM2PCM
2025-12-29 19:25:45,026 [INFO] CADModel:165 - CPN selected for project levelSTM32F407VGT6
2025-12-29 19:25:45,026 [INFO] CADModel:114 - Register for checkConnection events
2025-12-29 19:25:45,077 [INFO] OpenFileManager:386 - Restore cursor
2025-12-29 19:25:46,309 [INFO] UtilMem:75 - End SaveConfig() Used Memory: 697724296 Bytes (791674880)
2025-12-29 19:25:46,375 [ERROR] ConfigurationRetriever:142 - IOException on connection: sw-center.st.com
2025-12-29 19:25:46,376 [ERROR] ConfigurationRetriever:142 - IOException on connection: sw-center.st.com
2025-12-29 19:25:46,376 [ERROR] ConfigurationRetriever:142 - IOException on connection: sw-center.st.com
2025-12-29 19:25:46,419 [INFO] UtilMem:75 - End SaveConfig() Used Memory: 718455968 Bytes (791674880)
2025-12-29 19:25:47,027 [INFO] BlockDiagram:2775 - set Specific Code input for plugin: SYS
2025-12-29 19:25:47,027 [INFO] BlockDiagram:2775 - set Specific Code input for plugin: RCC
2025-12-29 19:25:47,027 [INFO] BlockDiagram:2775 - set Specific Code input for plugin: NVIC
2025-12-29 19:25:47,028 [INFO] BlockDiagram:2775 - set Specific Code input for plugin: GPIO
2025-12-29 19:25:47,030 [INFO] CodeGenerator:892 - code generatio: config db path: C:\ST\STM32CubeIDE_1.19.0\STM32CubeIDE\plugins\com.st.stm32cube.common.mx_6.15.0.202507011659\\db\
2025-12-29 19:25:47,248 [INFO] CodeEngine:265 - oldGeneratedFile, C:\Users\aditi\OneDrive\Desktop\Sunbeam_Internship\Internship_Practice_on_Board\LDR_using_LCD\MXTmpFiles\license.tmp_save
2025-12-29 19:25:47,710 [INFO] CodeEngine:289 - Generated code: C:\Users\aditi\OneDrive\Desktop\Sunbeam_Internship\Internship_Practice_on_Board\LDR_using_LCD\MXTmpFiles\license.tmp
2025-12-29 19:25:47,913 [INFO] CodeEngine:265 - oldGeneratedFile, C:\Users\aditi\OneDrive\Desktop\Sunbeam_Internship\Internship_Practice_on_Board\LDR_using_LCD\MXTmpFiles\gpio.tmp_save
2025-12-29 19:25:48,163 [INFO] CodeEngine:289 - Generated code: C:\Users\aditi\OneDrive\Desktop\Sunbeam_Internship\Internship_Practice_on_Board\LDR_using_LCD\MXTmpFiles\gpio.tmp
2025-12-29 19:25:48,290 [INFO] CodeEngine:265 - oldGeneratedFile, C:\Users\aditi\OneDrive\Desktop\Sunbeam_Internship\Internship_Practice_on_Board\LDR_using_LCD\Core\Src\stm32f4xx_it.c_save
2025-12-29 19:25:48,450 [INFO] CodeEngine:289 - Generated code: C:\Users\aditi\OneDrive\Desktop\Sunbeam_Internship\Internship_Practice_on_Board\LDR_using_LCD\Core\Src\stm32f4xx_it.c
2025-12-29 19:25:48,459 [INFO] CodeEngine:265 - oldGeneratedFile, C:\Users\aditi\OneDrive\Desktop\Sunbeam_Internship\Internship_Practice_on_Board\LDR_using_LCD\Core\Inc\stm32f4xx_it.h_save
2025-12-29 19:25:48,575 [INFO] CodeEngine:289 - Generated code: C:\Users\aditi\OneDrive\Desktop\Sunbeam_Internship\Internship_Practice_on_Board\LDR_using_LCD\Core\Inc\stm32f4xx_it.h
2025-12-29 19:25:48,609 [INFO] CodeEngine:265 - oldGeneratedFile, C:\Users\aditi\OneDrive\Desktop\Sunbeam_Internship\Internship_Practice_on_Board\LDR_using_LCD\Core\Src\stm32f4xx_hal_msp.c_save
2025-12-29 19:25:48,751 [INFO] CodeEngine:289 - Generated code: C:\Users\aditi\OneDrive\Desktop\Sunbeam_Internship\Internship_Practice_on_Board\LDR_using_LCD\Core\Src\stm32f4xx_hal_msp.c
2025-12-29 19:25:48,765 [INFO] CodeEngine:265 - oldGeneratedFile, C:\Users\aditi\OneDrive\Desktop\Sunbeam_Internship\Internship_Practice_on_Board\LDR_using_LCD\MXTmpFiles\system.tmp_save
2025-12-29 19:25:48,852 [INFO] CodeEngine:289 - Generated code: C:\Users\aditi\OneDrive\Desktop\Sunbeam_Internship\Internship_Practice_on_Board\LDR_using_LCD\MXTmpFiles\system.tmp
2025-12-29 19:25:48,879 [INFO] CodeEngine:321 - oldGeneratedFile, C:\Users\aditi\OneDrive\Desktop\Sunbeam_Internship\Internship_Practice_on_Board\LDR_using_LCD\Core\Inc\stm32f4xx_hal_conf.h_save
2025-12-29 19:25:48,972 [INFO] CodeEngine:345 - Generated code: C:\Users\aditi\OneDrive\Desktop\Sunbeam_Internship\Internship_Practice_on_Board\LDR_using_LCD\Core\Inc\stm32f4xx_hal_conf.h
2025-12-29 19:25:49,024 [INFO] ApiDbMcu:532 - Load IP Config File for RCC
2025-12-29 19:25:49,044 [INFO] CodeEngine:265 - oldGeneratedFile, C:\Users\aditi\OneDrive\Desktop\Sunbeam_Internship\Internship_Practice_on_Board\LDR_using_LCD\Core\Inc\main.h_save
2025-12-29 19:25:49,167 [INFO] CodeEngine:289 - Generated code: C:\Users\aditi\OneDrive\Desktop\Sunbeam_Internship\Internship_Practice_on_Board\LDR_using_LCD\Core\Inc\main.h
2025-12-29 19:25:49,178 [INFO] CodeEngine:265 - oldGeneratedFile, C:\Users\aditi\OneDrive\Desktop\Sunbeam_Internship\Internship_Practice_on_Board\LDR_using_LCD\Core\Src\main.c_save
2025-12-29 19:25:49,364 [INFO] CodeEngine:289 - Generated code: C:\Users\aditi\OneDrive\Desktop\Sunbeam_Internship\Internship_Practice_on_Board\LDR_using_LCD\Core\Src\main.c
2025-12-29 19:25:50,776 [INFO] ProjectBuilder:3606 - Time for Copy HAL[1] : 1212mS.
2025-12-29 19:25:50,798 [INFO] ProjectBuilder:5216 - Project Generator version: 4.7.0-B52
2025-12-29 19:25:50,907 [INFO] ConfigFileManager:1595 - The Die is : DIE413
2025-12-29 19:25:50,920 [INFO] ApiDbMcu:532 - Load IP Config File for FATFS
2025-12-29 19:25:50,930 [INFO] ApiDbMcu:532 - Load IP Config File for FREERTOS
2025-12-29 19:25:50,934 [INFO] ApiDbMcu:532 - Load IP Config File for LIBJPEG
2025-12-29 19:25:50,942 [INFO] ApiDbMcu:532 - Load IP Config File for LWIP
2025-12-29 19:25:50,951 [INFO] ApiDbMcu:532 - Load IP Config File for MBEDTLS
2025-12-29 19:25:50,963 [INFO] ApiDbMcu:532 - Load IP Config File for USB_DEVICE
2025-12-29 19:25:50,969 [INFO] ApiDbMcu:532 - Load IP Config File for USB_HOST
2025-12-29 19:25:51,455 [INFO] LogOutputStream:77 - [STDOUT_REDIRECT] 
2025-12-29 19:25:54,934 [INFO] ProjectBuilder:5496 - Time for Generating toolchain IDE Files: 4136mS.
2025-12-29 19:25:54,938 [INFO] ProjectBuilder:3463 - Time for Copy CMSIS : 1mS.
2025-12-29 19:25:54,946 [INFO] ProjectBuilder:3463 - Time for Copy CMSIS : 0mS.
2025-12-29 19:25:55,440 [ERROR] ConfigurationRetriever:142 - IOException on connection: sw-center.st.com
2025-12-29 19:25:55,441 [ERROR] ConfigurationRetriever:142 - IOException on connection: sw-center.st.com
2025-12-29 19:25:55,441 [ERROR] ConfigurationRetriever:142 - IOException on connection: sw-center.st.com
2025-12-29 19:25:56,133 [INFO] McuFinderGlobals:76 - Set McuFinderConnectedMode to true
2025-12-29 19:25:56,137 [INFO] ApiDb:448 - Save user favorites file C:\Users\aditi/.stm32cubeide/favorites.mcus.txt: 0 item(s)
2025-12-29 19:25:56,138 [INFO] ApiDb:452 - User favorites MCUs=[]
2025-12-29 19:25:56,140 [INFO] ApiDb:448 - Save user favorites file C:\Users\aditi/.stm32cubeide/favorites.boards.txt: 1 item(s)
2025-12-29 19:25:56,141 [INFO] ApiDb:452 - User favorites Boards=[STM32F407G-DISC1]
2025-12-29 21:13:14,825 [INFO] Activator:176 - 


2025-12-29 21:13:14,827 [INFO] Activator:177 - !SESSION log4j initialized
2025-12-29 21:13:16,664 [INFO] ApplicationProperties:184 - Using Application install path: C:\ST\STM32CubeIDE_1.19.0\STM32CubeIDE\plugins\com.st.stm32cube.common.mx_6.15.0.202507011659
2025-12-29 21:13:16,682 [INFO] DbMcusXml:78 - Set database path to: C:\ST\STM32CubeIDE_1.19.0\STM32CubeIDE\plugins\com.st.stm32cube.common.mx_6.15.0.202507011659\\db\/mcu/
2025-12-29 21:13:16,682 [INFO] ApiDb:274 - Set plugin database path to: C:\ST\STM32CubeIDE_1.19.0\STM32CubeIDE\plugins\com.st.stm32cube.common.mx_6.15.0.202507011659\\db\/plugins/boardmanager/
2025-12-29 21:13:16,683 [WARN] ApiDb:259 - Overriding images path with different value:  => C:\ST\STM32CubeIDE_1.19.0\STM32CubeIDE\plugins\com.st.stm32cube.common.mx_6.15.0.202507011659\\db\/plugins/mcufinder/images/
2025-12-29 21:13:16,693 [INFO] ApiDb:250 - Set database path to: C:\Users\aditi\.stmcufinder\plugins\mcufinder//mcu/
2025-12-29 21:13:16,694 [INFO] DbMcusAds:125 - Set database path to: C:\Users\aditi\.stmcufinder\plugins\mcufinder//mcu/
2025-12-29 21:13:16,697 [INFO] CrossReferenceDbSqlite:203 - Set database path to: C:\Users\aditi\.stmcufinder\plugins\mcufinder//mcu/cs/
2025-12-29 21:13:16,836 [INFO] RulesReader:64 - Compatibility file has been processed (317 Rules)
2025-12-29 21:13:16,916 [INFO] DbMcusXml:78 - Set database path to: C:\ST\STM32CubeIDE_1.19.0\STM32CubeIDE\plugins\com.st.stm32cube.common.mx_6.15.0.202507011659\\db\/mcu/
2025-12-29 21:13:16,916 [INFO] ApiDb:274 - Set plugin database path to: C:\ST\STM32CubeIDE_1.19.0\STM32CubeIDE\plugins\com.st.stm32cube.common.mx_6.15.0.202507011659\\db\/plugins/boardmanager/
2025-12-29 21:13:16,916 [INFO] ApiDb:261 - Set plugin images path to: C:\ST\STM32CubeIDE_1.19.0\STM32CubeIDE\plugins\com.st.stm32cube.common.mx_6.15.0.202507011659\\db\/plugins/mcufinder/images/
2025-12-29 21:13:16,917 [WARN] DbFile:41 - Overriding database path with different value: C:\Users\aditi\.stmcufinder\plugins\mcufinder/ => C:\Users\aditi\.stmcufinder\plugins\mcufinder
2025-12-29 21:13:16,917 [INFO] ApiDb:250 - Set database path to: C:\Users\aditi\.stmcufinder\plugins\mcufinder//mcu/
2025-12-29 21:13:16,917 [WARN] DbFile:41 - Overriding database path with different value: C:\Users\aditi\.stmcufinder\plugins\mcufinder/ => C:\Users\aditi\.stmcufinder\plugins\mcufinder
2025-12-29 21:13:16,917 [INFO] DbMcusAds:125 - Set database path to: C:\Users\aditi\.stmcufinder\plugins\mcufinder//mcu/
2025-12-29 21:13:16,917 [WARN] DbFile:41 - Overriding database path with different value: C:\Users\aditi\.stmcufinder\plugins\mcufinder/ => C:\Users\aditi\.stmcufinder\plugins\mcufinder
2025-12-29 21:13:16,917 [WARN] DbFile:41 - Overriding database path with different value: C:\Users\aditi\.stmcufinder\plugins\mcufinder/ => C:\Users\aditi\.stmcufinder\plugins\mcufinder
2025-12-29 21:13:16,917 [INFO] CrossReferenceDbSqlite:203 - Set database path to: C:\Users\aditi\.stmcufinder\plugins\mcufinder//mcu/cs/
2025-12-29 21:13:17,001 [INFO] MainPanel:274 - HeapMemory: 268435456
2025-12-29 21:13:17,161 [INFO] DbMcusXml:78 - Set database path to: C:\ST\STM32CubeIDE_1.19.0\STM32CubeIDE\plugins\com.st.stm32cube.common.mx_6.15.0.202507011659\\db\/mcu/
2025-12-29 21:13:17,161 [INFO] ApiDb:274 - Set plugin database path to: C:\ST\STM32CubeIDE_1.19.0\STM32CubeIDE\plugins\com.st.stm32cube.common.mx_6.15.0.202507011659\\db\/plugins/boardmanager/
2025-12-29 21:13:17,161 [INFO] ApiDb:261 - Set plugin images path to: C:\ST\STM32CubeIDE_1.19.0\STM32CubeIDE\plugins\com.st.stm32cube.common.mx_6.15.0.202507011659\\db\/plugins/mcufinder/images/
2025-12-29 21:13:17,162 [WARN] DbFile:41 - Overriding database path with different value: C:\Users\aditi\.stmcufinder\plugins\mcufinder/ => C:\Users\aditi\.stmcufinder\plugins\mcufinder
2025-12-29 21:13:17,162 [INFO] ApiDb:250 - Set database path to: C:\Users\aditi\.stmcufinder\plugins\mcufinder//mcu/
2025-12-29 21:13:17,162 [WARN] DbFile:41 - Overriding database path with different value: C:\Users\aditi\.stmcufinder\plugins\mcufinder/ => C:\Users\aditi\.stmcufinder\plugins\mcufinder
2025-12-29 21:13:17,162 [INFO] DbMcusAds:125 - Set database path to: C:\Users\aditi\.stmcufinder\plugins\mcufinder//mcu/
2025-12-29 21:13:17,162 [WARN] DbFile:41 - Overriding database path with different value: C:\Users\aditi\.stmcufinder\plugins\mcufinder/ => C:\Users\aditi\.stmcufinder\plugins\mcufinder
2025-12-29 21:13:17,162 [WARN] DbFile:41 - Overriding database path with different value: C:\Users\aditi\.stmcufinder\plugins\mcufinder/ => C:\Users\aditi\.stmcufinder\plugins\mcufinder
2025-12-29 21:13:17,162 [INFO] CrossReferenceDbSqlite:203 - Set database path to: C:\Users\aditi\.stmcufinder\plugins\mcufinder//mcu/cs/
2025-12-29 21:13:17,179 [INFO] ApplicationProperties:184 - Using Application install path: C:\ST\STM32CubeIDE_1.19.0\STM32CubeIDE\plugins\com.st.stm32cube.common.mx_6.15.0.202507011659
2025-12-29 21:13:17,180 [INFO] PluginManage:196 - Search for loadable plugins [exclusion list=, ]
2025-12-29 21:13:17,182 [INFO] PluginManage:310 - Check plugin analytics
2025-12-29 21:13:17,565 [INFO] AnalyticsPlugin:253 - Accepted Software Licenses: 
2025-12-29 21:13:17,566 [INFO] AnalyticsPlugin:255 - Accepted CMSIS Pack Licenses: 
2025-12-29 21:13:17,566 [INFO] AnalyticsPlugin:257 - Accepted Firmware Licenses: FW.F4.1.28.0
2025-12-29 21:13:17,570 [INFO] PluginManage:359 - Loaded plugin analytics (category:tool,tabindex:-1)
2025-12-29 21:13:17,570 [INFO] PluginManage:310 - Check plugin cadmodel
2025-12-29 21:13:17,580 [INFO] CADModel:105 - Init CAD model plugin
2025-12-29 21:13:17,580 [INFO] PluginManage:359 - Loaded plugin cadmodel (category:power,tabindex:5)
2025-12-29 21:13:17,580 [INFO] PluginManage:310 - Check plugin clock
2025-12-29 21:13:17,597 [INFO] PluginManage:359 - Loaded plugin clock (category:base,tabindex:2)
2025-12-29 21:13:17,597 [INFO] PluginManage:310 - Check plugin ddr
2025-12-29 21:13:17,601 [INFO] PluginManage:359 - Loaded plugin ddr (category:tool,tabindex:6)
2025-12-29 21:13:17,601 [INFO] PluginManage:310 - Check plugin filemanager
2025-12-29 21:13:17,801 [INFO] PluginManage:359 - Loaded plugin filemanager (category:base,tabindex:10)
2025-12-29 21:13:17,801 [INFO] PluginManage:310 - Check plugin ipmanager
2025-12-29 21:13:17,810 [INFO] PluginManage:359 - Loaded plugin ipmanager (category:base,tabindex:5)
2025-12-29 21:13:17,811 [INFO] PluginManage:310 - Check plugin lpbam
2025-12-29 21:13:17,822 [INFO] PluginManage:359 - Loaded plugin lpbam (category:base,tabindex:0)
2025-12-29 21:13:17,823 [INFO] PluginManage:310 - Check plugin memorymap
2025-12-29 21:13:17,840 [INFO] PluginManage:359 - Loaded plugin memorymap (category:base,tabindex:4)
2025-12-29 21:13:17,840 [INFO] PluginManage:310 - Check plugin pinoutandconfiguration
2025-12-29 21:13:17,851 [INFO] PluginManage:359 - Loaded plugin pinoutandconfiguration (category:base,tabindex:1)
2025-12-29 21:13:17,851 [INFO] PluginManage:310 - Check plugin pinoutconfig
2025-12-29 21:13:17,889 [ERROR] ConfigurationRetriever:142 - IOException on connection: sw-center.st.com
2025-12-29 21:13:17,890 [ERROR] ConfigurationRetriever:142 - IOException on connection: sw-center.st.com
2025-12-29 21:13:17,890 [ERROR] ConfigurationRetriever:142 - IOException on connection: sw-center.st.com
2025-12-29 21:13:17,939 [WARN] SupportedApi:132 - Cannot load RTOS API schema: s4s-elt-must-match.1: The content of 'definitions' must match (annotation?, (simpleType | complexType)?, (unique | key | keyref)*)). A problem was found starting at: attribute.
2025-12-29 21:13:18,071 [INFO] PluginManage:359 - Loaded plugin pinoutconfig (category:base,tabindex:0)
2025-12-29 21:13:18,071 [INFO] PluginManage:310 - Check plugin power
2025-12-29 21:13:18,081 [INFO] PluginManage:359 - Loaded plugin power (category:power,tabindex:4)
2025-12-29 21:13:18,081 [INFO] PluginManage:310 - Check plugin projectmanager
2025-12-29 21:13:18,117 [INFO] PluginManage:359 - Loaded plugin projectmanager (category:projectmanager,tabindex:4)
2025-12-29 21:13:18,118 [INFO] PluginManage:310 - Check plugin rif
2025-12-29 21:13:18,126 [INFO] PluginManage:359 - Loaded plugin rif (category:base,tabindex:3)
2025-12-29 21:13:18,126 [INFO] PluginManage:310 - Check plugin thirdparty
2025-12-29 21:13:18,303 [INFO] PluginManage:359 - Loaded plugin thirdparty (category:base,tabindex:-1)
2025-12-29 21:13:18,304 [INFO] PluginManage:310 - Check plugin tools
2025-12-29 21:13:18,304 [WARN] IntegrityCheckThread:84 - waiting for thirdparty lock release [integrity check]
2025-12-29 21:13:18,310 [INFO] IntegrityCheckThread:86 - entering critical section [integrity check]
2025-12-29 21:13:18,311 [INFO] ThirdPartyUpdaterWithRetryManager:70 - Updater plugin not ready yet. [1/15]
2025-12-29 21:13:18,315 [INFO] PluginManage:359 - Loaded plugin tools (category:base,tabindex:7)
2025-12-29 21:13:18,315 [INFO] PluginManage:310 - Check plugin tutovideos
2025-12-29 21:13:18,594 [INFO] PluginManage:359 - Loaded plugin tutovideos (category:base,tabindex:-1)
2025-12-29 21:13:18,594 [INFO] PluginManage:310 - Check plugin updater
2025-12-29 21:13:18,619 [INFO] PluginManage:359 - Loaded plugin updater (category:base,tabindex:12)
2025-12-29 21:13:18,619 [INFO] PluginManage:310 - Check plugin userauth
2025-12-29 21:13:18,619 [INFO] UserAuth:118 - Init User Auth plugin
2025-12-29 21:13:18,625 [INFO] PluginManage:359 - Loaded plugin userauth (category:base,tabindex:14)
2025-12-29 21:13:18,627 [INFO] PluginManage:283 - PluginManage : Loaded plugins [18]
2025-12-29 21:13:18,852 [INFO] PinOutPanel:1589 - setPackage(No Configuration,No Configuration)
2025-12-29 21:13:18,946 [INFO] CADModel:165 - CPN selected for project level
2025-12-29 21:13:18,946 [INFO] CADModel:114 - Register for checkConnection events
2025-12-29 21:13:18,966 [INFO] IPUIPlugin:80 - create IPUIPlugin
2025-12-29 21:13:18,966 [INFO] PluginManager:220 - loadIPPluginJar : add adc
2025-12-29 21:13:18,973 [INFO] IPUIPlugin:80 - create IPUIPlugin
2025-12-29 21:13:18,973 [INFO] PluginManager:220 - loadIPPluginJar : add aes
2025-12-29 21:13:18,977 [INFO] IPUIPlugin:80 - create IPUIPlugin
2025-12-29 21:13:18,977 [INFO] PluginManager:220 - loadIPPluginJar : add can
2025-12-29 21:13:18,979 [INFO] IPUIPlugin:80 - create IPUIPlugin
2025-12-29 21:13:18,979 [INFO] PluginManager:220 - loadIPPluginJar : add comp
2025-12-29 21:13:18,983 [INFO] IPUIPlugin:80 - create IPUIPlugin
2025-12-29 21:13:18,990 [INFO] PluginManager:220 - loadIPPluginJar : add cryp
2025-12-29 21:13:18,993 [INFO] IPUIPlugin:80 - create IPUIPlugin
2025-12-29 21:13:18,997 [INFO] PluginManager:220 - loadIPPluginJar : add ddr_ctrl_phy
2025-12-29 21:13:19,001 [INFO] IPUIPlugin:80 - create IPUIPlugin
2025-12-29 21:13:19,001 [INFO] PluginManager:220 - loadIPPluginJar : add dfsdm
2025-12-29 21:13:19,006 [INFO] IPUIPlugin:80 - create IPUIPlugin
2025-12-29 21:13:19,006 [INFO] PluginManager:220 - loadIPPluginJar : add dma
2025-12-29 21:13:19,006 [INFO] IPUIPlugin:80 - create IPUIPlugin
2025-12-29 21:13:19,012 [INFO] PluginManager:220 - loadIPPluginJar : add dma3
2025-12-29 21:13:19,015 [INFO] IPUIPlugin:80 - create IPUIPlugin
2025-12-29 21:13:19,015 [INFO] PluginManager:220 - loadIPPluginJar : add extmemmanager
2025-12-29 21:13:19,017 [INFO] IPUIPlugin:80 - create IPUIPlugin
2025-12-29 21:13:19,017 [INFO] PluginManager:220 - loadIPPluginJar : add fatfs
2025-12-29 21:13:19,019 [INFO] IPUIPlugin:80 - create IPUIPlugin
2025-12-29 21:13:19,019 [INFO] PluginManager:220 - loadIPPluginJar : add fmc
2025-12-29 21:13:19,028 [INFO] IPUIPlugin:80 - create IPUIPlugin
2025-12-29 21:13:19,028 [INFO] PluginManager:220 - loadIPPluginJar : add freertos
2025-12-29 21:13:19,028 [INFO] IPUIPlugin:80 - create IPUIPlugin
2025-12-29 21:13:19,028 [INFO] PluginManager:220 - loadIPPluginJar : add genericplugin
2025-12-29 21:13:19,038 [INFO] IPUIPlugin:80 - create IPUIPlugin
2025-12-29 21:13:19,038 [INFO] PluginManager:220 - loadIPPluginJar : add gfxmmu
2025-12-29 21:13:19,041 [INFO] IPUIPlugin:80 - create IPUIPlugin
2025-12-29 21:13:19,041 [INFO] PluginManager:220 - loadIPPluginJar : add gic
2025-12-29 21:13:19,049 [INFO] IPUIPlugin:80 - create IPUIPlugin
2025-12-29 21:13:19,049 [INFO] PluginManager:220 - loadIPPluginJar : add gpio
2025-12-29 21:13:19,051 [INFO] IPUIPlugin:80 - create IPUIPlugin
2025-12-29 21:13:19,051 [INFO] PluginManager:220 - loadIPPluginJar : add gtzc
2025-12-29 21:13:19,055 [INFO] IPUIPlugin:80 - create IPUIPlugin
2025-12-29 21:13:19,055 [INFO] PluginManager:220 - loadIPPluginJar : add hash
2025-12-29 21:13:19,057 [INFO] IPUIPlugin:80 - create IPUIPlugin
2025-12-29 21:13:19,057 [INFO] PluginManager:220 - loadIPPluginJar : add i2c
2025-12-29 21:13:19,062 [INFO] IPUIPlugin:80 - create IPUIPlugin
2025-12-29 21:13:19,062 [INFO] PluginManager:220 - loadIPPluginJar : add i2s
2025-12-29 21:13:19,066 [INFO] IPUIPlugin:80 - create IPUIPlugin
2025-12-29 21:13:19,066 [INFO] PluginManager:220 - loadIPPluginJar : add i3c
2025-12-29 21:13:19,070 [INFO] IPUIPlugin:80 - create IPUIPlugin
2025-12-29 21:13:19,070 [INFO] PluginManager:220 - loadIPPluginJar : add ipddr
2025-12-29 21:13:19,078 [INFO] IPUIPlugin:80 - create IPUIPlugin
2025-12-29 21:13:19,078 [INFO] PluginManager:220 - loadIPPluginJar : add linkedlist
2025-12-29 21:13:19,082 [INFO] IPUIPlugin:80 - create IPUIPlugin
2025-12-29 21:13:19,082 [INFO] PluginManager:220 - loadIPPluginJar : add lorawan
2025-12-29 21:13:19,082 [INFO] IPUIPlugin:80 - create IPUIPlugin
2025-12-29 21:13:19,082 [INFO] PluginManager:220 - loadIPPluginJar : add ltdc
2025-12-29 21:13:19,088 [INFO] IPUIPlugin:80 - create IPUIPlugin
2025-12-29 21:13:19,088 [INFO] PluginManager:220 - loadIPPluginJar : add mdma
2025-12-29 21:13:19,088 [INFO] IPUIPlugin:80 - create IPUIPlugin
2025-12-29 21:13:19,088 [INFO] PluginManager:220 - loadIPPluginJar : add nvic
2025-12-29 21:13:19,094 [INFO] IPUIPlugin:80 - create IPUIPlugin
2025-12-29 21:13:19,094 [INFO] PluginManager:220 - loadIPPluginJar : add opamp
2025-12-29 21:13:19,094 [INFO] IPUIPlugin:80 - create IPUIPlugin
2025-12-29 21:13:19,094 [INFO] PluginManager:220 - loadIPPluginJar : add openamp
2025-12-29 21:13:19,094 [INFO] IPUIPlugin:80 - create IPUIPlugin
2025-12-29 21:13:19,094 [INFO] PluginManager:220 - loadIPPluginJar : add pdm2pcm
2025-12-29 21:13:19,109 [INFO] IPUIPlugin:80 - create IPUIPlugin
2025-12-29 21:13:19,111 [INFO] PluginManager:220 - loadIPPluginJar : add plateformsettings
2025-12-29 21:13:19,113 [INFO] IPUIPlugin:80 - create IPUIPlugin
2025-12-29 21:13:19,113 [INFO] PluginManager:220 - loadIPPluginJar : add quadspi
2025-12-29 21:13:19,115 [INFO] IPUIPlugin:80 - create IPUIPlugin
2025-12-29 21:13:19,115 [INFO] PluginManager:220 - loadIPPluginJar : add radio
2025-12-29 21:13:19,123 [INFO] IPUIPlugin:80 - create IPUIPlugin
2025-12-29 21:13:19,123 [INFO] PluginManager:220 - loadIPPluginJar : add resmgrutility
2025-12-29 21:13:19,126 [INFO] IPUIPlugin:80 - create IPUIPlugin
2025-12-29 21:13:19,126 [INFO] PluginManager:220 - loadIPPluginJar : add sai
2025-12-29 21:13:19,126 [INFO] IPUIPlugin:80 - create IPUIPlugin
2025-12-29 21:13:19,126 [INFO] PluginManager:220 - loadIPPluginJar : add spi
2025-12-29 21:13:19,130 [INFO] IPUIPlugin:80 - create IPUIPlugin
2025-12-29 21:13:19,130 [INFO] PluginManager:220 - loadIPPluginJar : add stm32_wpan
2025-12-29 21:13:19,139 [INFO] IPUIPlugin:80 - create IPUIPlugin
2025-12-29 21:13:19,139 [INFO] PluginManager:220 - loadIPPluginJar : add tim
2025-12-29 21:13:19,142 [INFO] IPUIPlugin:80 - create IPUIPlugin
2025-12-29 21:13:19,142 [INFO] PluginManager:220 - loadIPPluginJar : add touchsensing
2025-12-29 21:13:19,142 [INFO] IPUIPlugin:80 - create IPUIPlugin
2025-12-29 21:13:19,142 [INFO] PluginManager:220 - loadIPPluginJar : add tracer_emb
2025-12-29 21:13:19,142 [INFO] IPUIPlugin:80 - create IPUIPlugin
2025-12-29 21:13:19,142 [INFO] PluginManager:220 - loadIPPluginJar : add ts
2025-12-29 21:13:19,142 [INFO] IPUIPlugin:80 - create IPUIPlugin
2025-12-29 21:13:19,142 [INFO] PluginManager:220 - loadIPPluginJar : add tsc
2025-12-29 21:13:19,142 [INFO] IPUIPlugin:80 - create IPUIPlugin
2025-12-29 21:13:19,142 [INFO] PluginManager:220 - loadIPPluginJar : add ucpd
2025-12-29 21:13:19,142 [INFO] IPUIPlugin:80 - create IPUIPlugin
2025-12-29 21:13:19,142 [INFO] PluginManager:220 - loadIPPluginJar : add usart
2025-12-29 21:13:19,155 [INFO] IPUIPlugin:80 - create IPUIPlugin
2025-12-29 21:13:19,155 [INFO] PluginManager:220 - loadIPPluginJar : add usbx
2025-12-29 21:13:19,284 [FATAL] Updater:351 - Updater called before beeing initialized
2025-12-29 21:13:19,367 [INFO] RulesReader:64 - Compatibility file has been processed (317 Rules)
2025-12-29 21:13:19,385 [INFO] RulesReader:64 - Compatibility file has been processed (317 Rules)
2025-12-29 21:13:19,410 [INFO] CADModel:165 - CPN selected for project level
2025-12-29 21:13:19,410 [INFO] CADModel:114 - Register for checkConnection events
2025-12-29 21:13:19,410 [FATAL] Updater:351 - Updater called before beeing initialized
2025-12-29 21:13:19,410 [ERROR] CADModel:125 - Updater not yet initialized, retry later 
2025-12-29 21:13:19,609 [FATAL] Updater:351 - Updater called before beeing initialized
2025-12-29 21:13:19,620 [INFO] CADModel:165 - CPN selected for project level
2025-12-29 21:13:19,620 [INFO] CADModel:114 - Register for checkConnection events
2025-12-29 21:13:19,621 [FATAL] Updater:351 - Updater called before beeing initialized
2025-12-29 21:13:19,621 [ERROR] CADModel:125 - Updater not yet initialized, retry later 
2025-12-29 21:13:19,621 [FATAL] Updater:351 - Updater called before beeing initialized
2025-12-29 21:13:19,750 [FATAL] Updater:351 - Updater called before beeing initialized
2025-12-29 21:13:19,762 [INFO] DbMcusAds:53 - JSON generation date=Tue Dec 16 04:41:46 IST 2025 (1765840306612)
2025-12-29 21:13:19,762 [FATAL] Updater:351 - Updater called before beeing initialized
2025-12-29 21:13:19,809 [WARN] DetailPanel:346 - Failed to get advertising image, set to default
2025-12-29 21:13:19,884 [FATAL] Updater:351 - Updater called before beeing initialized
2025-12-29 21:13:19,884 [FATAL] Updater:351 - Updater called before beeing initialized
2025-12-29 21:13:19,884 [FATAL] Updater:351 - Updater called before beeing initialized
2025-12-29 21:13:19,884 [WARN] DetailPanel:346 - Failed to get advertising image, set to default
2025-12-29 21:13:19,884 [FATAL] Updater:351 - Updater called before beeing initialized
2025-12-29 21:13:19,946 [ERROR] Updater:1198 - MainUpdater not yet initialized. External WinMGr cannot be set.
2025-12-29 21:13:19,946 [INFO] Updater:1134 - Updater Version found : 6.15.0
2025-12-29 21:13:19,962 [INFO] ApplicationProperties:184 - Using Application install path: C:\ST\STM32CubeIDE_1.19.0\STM32CubeIDE\plugins\com.st.stm32cube.common.mx_6.15.0.202507011659
2025-12-29 21:13:21,326 [INFO] ThirdPartyUpdaterWithRetryManager:70 - Updater plugin not ready yet. [2/15]
2025-12-29 21:13:21,599 [ERROR] LogOutputStream:75 - [STDERR_REDIRECT] Dec 29, 2025 9:13:21 PM java.util.prefs.WindowsPreferences <init>
2025-12-29 21:13:21,599 [ERROR] LogOutputStream:75 - [STDERR_REDIRECT] WARNING: Could not open/create prefs root node Software\JavaSoft\Prefs at root 0xffffffff80000002. Windows RegCreateKeyEx(...) returned error code 5.
2025-12-29 21:13:21,599 [ERROR] LogOutputStream:75 - [STDERR_REDIRECT] 
2025-12-29 21:13:22,036 [INFO] MainUpdater:2872 - connection check result : 22
2025-12-29 21:13:22,037 [INFO] MainUpdater:289 - Updater Check For Update Now.
2025-12-29 21:13:22,037 [INFO] MicroXplorer:498 - Change Database Version : DB.6.0.150
2025-12-29 21:13:22,230 [INFO] CheckServerUpdateThread:120 - End of CheckServer Thread
2025-12-29 21:13:22,270 [INFO] MainUpdater:2872 - connection check result : 22
2025-12-29 21:13:22,270 [INFO] MainUpdater:2872 - connection check result : 22
2025-12-29 21:13:24,587 [WARN] PackLoader:240 - Cannot read IP mode file for STMicroelectronics.FP-SNS-MOTENVWB1.1.4.0
2025-12-29 21:13:24,590 [WARN] PackLoader:240 - Cannot read IP mode file for STMicroelectronics.FP-ATR-ASTRA1.2.0.2
2025-12-29 21:13:24,603 [WARN] PackLoader:240 - Cannot read IP mode file for STMicroelectronics.X-CUBE-SMBUS.2.1.0
2025-12-29 21:13:24,660 [WARN] PackLoader:240 - Cannot read IP mode file for STMicroelectronics.X-CUBE-AZRTOS-F7.1.1.0
2025-12-29 21:13:24,696 [WARN] PackLoader:240 - Cannot read IP mode file for STMicroelectronics.X-CUBE-DISPLAY.3.0.0
2025-12-29 21:13:24,712 [WARN] PackLoader:240 - Cannot read IP mode file for STMicroelectronics.X-CUBE-NFC10.1.0.0
2025-12-29 21:13:24,727 [WARN] PackLoader:240 - Cannot read IP mode file for STMicroelectronics.FP-SNS-SMARTAG2.1.2.0
2025-12-29 21:13:24,743 [WARN] PackLoader:240 - Cannot read IP mode file for STMicroelectronics.FP-SNS-FLIGHT1.5.1.0
2025-12-29 21:13:24,758 [INFO] LogOutputStream:77 - [STDOUT_REDIRECT] 1 : Invalid condition id : UX_CORESTACK_Condition cause : null
2025-12-29 21:13:24,758 [INFO] LogOutputStream:77 - [STDOUT_REDIRECT] 1 : Invalid condition id : UX_CORESTACK_Condition cause : null
2025-12-29 21:13:24,774 [INFO] LogOutputStream:77 - [STDOUT_REDIRECT] 1 : Invalid condition id : UX_CORESTACK_Condition cause : null
2025-12-29 21:13:24,775 [INFO] LogOutputStream:77 - [STDOUT_REDIRECT] 1 : Invalid condition id : UX_CORESTACK_Condition cause : null
2025-12-29 21:13:24,775 [INFO] LogOutputStream:77 - [STDOUT_REDIRECT] 1 : Invalid condition id : UX_CORESTACK_Condition cause : null
2025-12-29 21:13:24,775 [WARN] PackLoader:240 - Cannot read IP mode file for STMicroelectronics.X-CUBE-AZRTOS-WL.2.0.0
2025-12-29 21:13:24,775 [WARN] PackLoader:240 - Cannot read IP mode file for STMicroelectronics.X-CUBE-BLE2.3.3.0
2025-12-29 21:13:24,790 [WARN] PackLoader:240 - Cannot read IP mode file for STMicroelectronics.X-CUBE-NFC9.1.0.0
2025-12-29 21:13:24,790 [WARN] PackLoader:240 - Cannot read IP mode file for STMicroelectronics.X-CUBE-BLE1.7.1.0
2025-12-29 21:13:24,822 [WARN] PackLoader:240 - Cannot read IP mode file for STMicroelectronics.X-CUBE-AZRTOS-G0.1.1.0
2025-12-29 21:13:24,838 [WARN] PackLoader:240 - Cannot read IP mode file for STMicroelectronics.X-CUBE-NFC4.3.0.0
2025-12-29 21:13:24,838 [WARN] PackLoader:240 - Cannot read IP mode file for STMicroelectronics.X-CUBE-WB05N.2.0.0
2025-12-29 21:13:24,859 [WARN] PackLoader:240 - Cannot read IP mode file for STMicroelectronics.X-CUBE-TCPP.4.2.0
2025-12-29 21:13:24,887 [WARN] PackLoader:240 - Cannot read IP mode file for STMicroelectronics.FP-ATR-SIGFOX1.3.2.0
2025-12-29 21:13:24,900 [WARN] PackLoader:240 - Cannot read IP mode file for STMicroelectronics.X-CUBE-ALGOBUILD.1.4.0
2025-12-29 21:13:24,906 [WARN] PackLoader:240 - Cannot read IP mode file for STMicroelectronics.X-CUBE-PM33A1.1.0.0
2025-12-29 21:13:24,935 [WARN] PackLoader:240 - Cannot read IP mode file for STMicroelectronics.X-CUBE-AZRTOS-F4.1.1.0
2025-12-29 21:13:24,949 [WARN] PackLoader:240 - Cannot read IP mode file for STMicroelectronics.X-CUBE-ISPU.2.1.0
2025-12-29 21:13:24,965 [WARN] PackLoader:240 - Cannot read IP mode file for STMicroelectronics.X-CUBE-AZRTOS-L5.2.0.0
2025-12-29 21:13:24,986 [WARN] PackLoader:240 - Cannot read IP mode file for STMicroelectronics.X-CUBE-NFC6.3.1.0
2025-12-29 21:13:24,996 [WARN] PackLoader:240 - Cannot read IP mode file for STMicroelectronics.X-CUBE-DPower.1.3.0
2025-12-29 21:13:25,027 [WARN] ConditionMgr:438 - getConditionDescription Invalid condition id : LAN8742 Phy interface Condition cause : null
2025-12-29 21:13:25,029 [WARN] PackLoader:240 - Cannot read IP mode file for STMicroelectronics.X-CUBE-AZRTOS-L4.2.0.0
2025-12-29 21:13:25,029 [WARN] ConditionMgr:1044 - genDependencies : Invalid condition id : LAN8742 Phy interface Condition cause : null
2025-12-29 21:13:25,029 [WARN] ConditionMgr:1044 - genDependencies : Invalid condition id : LAN8742 Phy interface Condition cause : null
2025-12-29 21:13:25,029 [WARN] ConditionMgr:1044 - genDependencies : Invalid condition id : LAN8742 Phy interface Condition cause : null
2025-12-29 21:13:25,042 [WARN] PackLoader:240 - Cannot read IP mode file for STMicroelectronics.X-CUBE-SFXS2LP1.4.0.0
2025-12-29 21:13:25,052 [WARN] ConditionMgr:438 - getConditionDescription Invalid condition id : UX DEVICE CLASS RTOS Condition cause : null
2025-12-29 21:13:25,052 [WARN] ConditionMgr:438 - getConditionDescription Invalid condition id : UX DEVICE CLASS RTOS Condition cause : null
2025-12-29 21:13:25,052 [WARN] PackLoader:240 - Cannot read IP mode file for STMicroelectronics.X-CUBE-AZRTOS-WB.2.0.0
2025-12-29 21:13:25,052 [WARN] ConditionMgr:1044 - genDependencies : Invalid condition id : UX DEVICE CLASS RTOS Condition cause : null
2025-12-29 21:13:25,052 [WARN] ConditionMgr:1044 - genDependencies : Invalid condition id : UX DEVICE CLASS RTOS Condition cause : null
2025-12-29 21:13:25,052 [WARN] ConditionMgr:1044 - genDependencies : Invalid condition id : UX DEVICE CLASS RTOS Condition cause : null
2025-12-29 21:13:25,052 [WARN] ConditionMgr:1044 - genDependencies : Invalid condition id : UX DEVICE CLASS RTOS Condition cause : null
2025-12-29 21:13:25,052 [WARN] ConditionMgr:1044 - genDependencies : Invalid condition id : UX DEVICE CLASS RTOS Condition cause : null
2025-12-29 21:13:25,068 [WARN] PackLoader:240 - Cannot read IP mode file for STMicroelectronics.X-CUBE-SUBG2.5.0.0
2025-12-29 21:13:25,082 [WARN] PackLoader:240 - Cannot read IP mode file for STMicroelectronics.X-CUBE-AZRTOS-G4.2.0.0
2025-12-29 21:13:25,091 [WARN] PackLoader:240 - Cannot read IP mode file for STMicroelectronics.X-CUBE-NFC7.2.0.0
2025-12-29 21:13:25,095 [WARN] PackLoader:240 - Cannot read IP mode file for STMicroelectronics.X-CUBE-ALS.1.0.2
2025-12-29 21:13:25,111 [WARN] PackLoader:240 - Cannot read IP mode file for STMicroelectronics.X-CUBE-TOF1.3.4.3
2025-12-29 21:13:25,130 [INFO] ThirdParty:978 - Integrity check success = true
2025-12-29 21:13:25,130 [INFO] IntegrityCheckThread:100 - exiting critical section [integrity check]
2025-12-29 21:13:25,130 [INFO] IntegrityCheckThread:103 - End integrity checks thread
2025-12-29 21:13:31,637 [INFO] MicroXplorer:468 - Change Database Path : 
2025-12-29 21:13:31,639 [INFO] MicroXplorer:498 - Change Database Version : DB.6.0.150
2025-12-29 21:13:31,662 [WARN] ThirdParty:871 - waiting for thirdparty lock release [close project]
2025-12-29 21:13:31,663 [INFO] ThirdParty:873 - entering critical section [close project]
2025-12-29 21:13:31,664 [INFO] ThirdParty:883 - exiting critical section [close project]
2025-12-29 21:13:31,667 [INFO] PinOutPanel:1589 - setPackage(No Configuration,No Configuration)
2025-12-29 21:13:31,671 [INFO] UtilMem:75 - Begin LoadConfig() Used Memory: 183716104 Bytes (269484032)
2025-12-29 21:13:31,674 [INFO] MicroXplorer:468 - Change Database Path : 
2025-12-29 21:13:31,674 [INFO] MicroXplorer:498 - Change Database Version : DB.6.0.150
2025-12-29 21:13:31,674 [INFO] OpenFileManager:355 - Change cursor
2025-12-29 21:13:31,710 [INFO] Mcu:2029 - Initializing MCU STM32F407V(E-G)Tx STM32F407VGTx STM32F407VGT6
2025-12-29 21:13:33,470 [INFO] Context:786 - Trying to add GPIOservice into a context  which must be forbidden
2025-12-29 21:13:34,149 [INFO] ImportTextPane:234 - (OptionalMessage_ERROR) Pin34 (VP_RIF_VS_RIF1) cannot be retrieved for this MCU
2025-12-29 21:13:34,299 [INFO] RtosManager:558 - Registered RTOS mode: class=CMSIS, group=RTOS, mode=CMSIS_V1, owner=FREERTOS
2025-12-29 21:13:34,300 [INFO] RtosManager:558 - Registered RTOS mode: class=CMSIS, group=RTOS2, mode=CMSIS_V2, owner=FREERTOS
2025-12-29 21:13:34,300 [INFO] RtosManager:558 - Registered RTOS mode: class=RTOS, group=Core, mode=CMSIS_V1, owner=FREERTOS
2025-12-29 21:13:34,300 [INFO] RtosManager:558 - Registered RTOS mode: class=RTOS, group=Core, mode=CMSIS_V2, owner=FREERTOS
2025-12-29 21:13:34,300 [WARN] ModelIntegratedComponent:184 - Missing modes for component STMicroelectronics:FreeRTOS:0.0.1:STMicroelectronics:RTOS:FreeRTOS:Core:::10.2.0:
2025-12-29 21:13:34,312 [WARN] ModelIntegratedComponent:63 - No mode defined for component null
2025-12-29 21:13:34,312 [WARN] ModelIntegratedComponent:63 - No mode defined for component null
2025-12-29 21:13:34,312 [WARN] ModelIntegratedComponent:63 - No mode defined for component null
2025-12-29 21:13:34,313 [WARN] ModelIntegratedComponent:63 - No mode defined for component null
2025-12-29 21:13:34,313 [WARN] ModelIntegratedComponent:63 - No mode defined for component null
2025-12-29 21:13:34,313 [WARN] ModelIntegratedComponent:63 - No mode defined for component null
2025-12-29 21:13:34,313 [WARN] ModelIntegratedComponent:63 - No mode defined for component null
2025-12-29 21:13:34,313 [WARN] ModelIntegratedComponent:63 - No mode defined for component null
2025-12-29 21:13:34,313 [WARN] ModelIntegratedComponent:63 - No mode defined for component null
2025-12-29 21:13:34,313 [WARN] ModelIntegratedComponent:63 - No mode defined for component null
2025-12-29 21:13:34,313 [WARN] ModelIntegratedComponent:63 - No mode defined for component null
2025-12-29 21:13:34,313 [WARN] ModelIntegratedComponent:63 - No mode defined for component null
2025-12-29 21:13:34,313 [WARN] ModelIntegratedComponent:63 - No mode defined for component null
2025-12-29 21:13:34,313 [WARN] ModelIntegratedComponent:63 - No mode defined for component null
2025-12-29 21:13:34,313 [WARN] ModelIntegratedComponent:63 - No mode defined for component null
2025-12-29 21:13:34,313 [WARN] ModelIntegratedComponent:63 - No mode defined for component null
2025-12-29 21:13:34,313 [WARN] ModelIntegratedComponent:63 - No mode defined for component null
2025-12-29 21:13:34,313 [WARN] ModelIntegratedComponent:63 - No mode defined for component null
2025-12-29 21:13:34,313 [WARN] ModelIntegratedComponent:63 - No mode defined for component null
2025-12-29 21:13:34,313 [WARN] ModelIntegratedComponent:63 - No mode defined for component null
2025-12-29 21:13:34,313 [WARN] ModelIntegratedComponent:63 - No mode defined for component null
2025-12-29 21:13:34,313 [WARN] ModelIntegratedComponent:63 - No mode defined for component null
2025-12-29 21:13:34,313 [WARN] ModelIntegratedComponent:63 - No mode defined for component null
2025-12-29 21:13:34,313 [WARN] ModelIntegratedComponent:63 - No mode defined for component null
2025-12-29 21:13:34,313 [WARN] ModelIntegratedComponent:63 - No mode defined for component null
2025-12-29 21:13:34,313 [WARN] ModelIntegratedComponent:63 - No mode defined for component null
2025-12-29 21:13:34,313 [WARN] ModelIntegratedComponent:63 - No mode defined for component null
2025-12-29 21:13:34,314 [WARN] ModelIntegratedComponent:63 - No mode defined for component null
2025-12-29 21:13:34,314 [WARN] ModelIntegratedComponent:63 - No mode defined for component null
2025-12-29 21:13:34,314 [WARN] ModelIntegratedComponent:63 - No mode defined for component null
2025-12-29 21:13:34,314 [WARN] ModelIntegratedComponent:63 - No mode defined for component null
2025-12-29 21:13:34,314 [WARN] ModelIntegratedComponent:63 - No mode defined for component null
2025-12-29 21:13:34,314 [WARN] ModelIntegratedComponent:63 - No mode defined for component null
2025-12-29 21:13:34,314 [WARN] ModelIntegratedComponent:63 - No mode defined for component null
2025-12-29 21:13:34,314 [WARN] ModelIntegratedComponent:63 - No mode defined for component null
2025-12-29 21:13:34,314 [WARN] ModelPack:524 - Component already loaded: STMicroelectronics:HAL Drivers:0.0.0:STMicroelectronics:Device:STMicro_Driver:XSPI:HAL::0.0.1:HAL_XSPI
2025-12-29 21:13:34,339 [INFO] ThirdPartyModel:298 - Start build external matchings
2025-12-29 21:13:34,415 [INFO] ThirdPartyModel:316 - End build external matchings
2025-12-29 21:13:34,904 [INFO] ApiDb:581 - Connected to CubeFinder SQLite database (C:\Users\aditi\.stmcufinder\plugins\mcufinder\mcu\cube-finder-db.db)
2025-12-29 21:13:35,012 [INFO] ApiDb:668 - CubeFinder database Data Model version=2.1
2025-12-29 21:13:35,012 [INFO] ApiDb:669 - CubeFinder database Configuration version=3.0.39
2025-12-29 21:13:35,012 [INFO] ApiDb:670 - CubeFinder database generation date=2025-11-05 (1762334721)
2025-12-29 21:13:35,012 [INFO] ApiDb:671 - CubeFinder database FW Pack versions=[FP-ATR-ASTRA1_V2.0.0, FP-SNS-FLIGHT1_V5.1.0, FP-SNS-MOTENV1_V5.1.0, FP-SNS-MOTENVWB1_V1.4.0, FP-SNS-SMARTAG2_V1.2.0, FP-SNS-STBOX1_V2.1.0, STM32Cube_FW_C0_V1.4.0, STM32Cube_FW_F4_V1.28.3, STM32Cube_FW_F7_V1.17.4, STM32Cube_FW_G0_V1.6.2, STM32Cube_FW_G4_V1.6.1, STM32Cube_FW_H5_V1.5.1, STM32Cube_FW_H7RS_V1.3.0, STM32Cube_FW_H7_V1.12.1, STM32Cube_FW_L0_V1.12.2, STM32Cube_FW_L4_V1.18.1, STM32Cube_FW_L5_V1.6.0, STM32Cube_FW_N6_V1.3.0, STM32Cube_FW_U0_V1.3.0, STM32Cube_FW_U3_V1.2.1, STM32Cube_FW_U5_V1.8.0, STM32Cube_FW_WB0_V1.4.0, STM32Cube_FW_WBA_V1.8.0, STM32Cube_FW_WB_V1.24.0, STM32Cube_FW_WL3_V1.3.0, STM32Cube_FW_WL_V1.4.0, X-CUBE-ALGOBUILD_V1.4.0, X-CUBE-ALS_V1.0.2, X-CUBE-AZRTOS-F4_V1.1.0, X-CUBE-AZRTOS-F7_V1.1.0, X-CUBE-AZRTOS-G0_V1.1.0, X-CUBE-AZRTOS-G4_V2.0.0, X-CUBE-AZRTOS-H7RS_V1.1.0, X-CUBE-AZRTOS-H7_V3.4.0, X-CUBE-AZRTOS-L4_V2.0.0, X-CUBE-AZRTOS-L5_V2.0.0, X-CUBE-AZRTOS-WB_V2.0.0, X-CUBE-AZRTOS-WL_V2.0.0, X-CUBE-BLE1_V7.1.0, X-CUBE-BLE2_V3.3.0, X-CUBE-BLEMGR_V4.1.0, X-CUBE-EEPRMA1_V5.2.0, X-CUBE-FREERTOS_V1.3.1, X-CUBE-GNSS1_V6.0.0, X-CUBE-MEMS1_V11.3.0, X-CUBE-NFC4_V3.0.0, X-CUBE-NFC7_V2.0.0, X-CUBE-SFXS2LP1_V4.0.0, X-CUBE-ST67W61_V1.1.0, X-CUBE-SUBG2_V5.0.0, X-CUBE-TOF1_V3.4.3]
2025-12-29 21:13:35,215 [INFO] DbBoardsSqlite:226 - include board P-NUCLEO-WB55-NUCLEO as a kit item of type 'Nucleo-64'
2025-12-29 21:13:35,215 [INFO] DbBoardsSqlite:226 - include board P-NUCLEO-WB55-USBDONGLE as a kit item of type 'Nucleo USB Dongle'
2025-12-29 21:13:35,217 [INFO] DbBoardsSqlite:226 - include board STEVAL-IDP005V1 as a kit item of type 'Evaluation Board'
2025-12-29 21:13:35,217 [INFO] DbBoardsSqlite:226 - include board STEVAL-IDP005V2 as a kit item of type 'Evaluation Board'
2025-12-29 21:13:35,609 [INFO] ApiDb:240 - Found 880 in-development CPN: [B-G473E-ZEST1S, B-WB1M-WPAN1, B-WBA5M-WPAN, B-WL5M-SUBG1, NUCLEO-C031C6, NUCLEO-C051C8, NUCLEO-C071RB, NUCLEO-C092RC, NUCLEO-H503RB, NUCLEO-H533RE, NUCLEO-H563ZI, NUCLEO-H7S3L8, NUCLEO-N657X0-Q, NUCLEO-U031R8, NUCLEO-U083RC, NUCLEO-U385RG-Q, NUCLEO-U545RE-Q, NUCLEO-U5A5ZJ-Q, NUCLEO-WB05KZ, NUCLEO-WB07CC, NUCLEO-WB09KE, NUCLEO-WBA52CG, NUCLEO-WBA55CG, NUCLEO-WL33CC1, NUCLEO-WL33CC2, STEVAL-PROTEUS1, STEVAL-SMARTAG2, STEVAL-STWINBX1, STM320518-EVAL, STM32C0116-DK, STM32C011D6Y3TR, STM32C011D6Y6TR, STM32C011F4P3, STM32C011F4P6, STM32C011F4U3, STM32C011F4U6TR, STM32C011F6P3, STM32C011F6P6, STM32C011F6U3, STM32C011F6U6TR, STM32C011J4M3, STM32C011J4M6, STM32C011J6M3, STM32C011J6M6, STM32C0316-DK, STM32C031C4T3, STM32C031C4T6, STM32C031C4U3, STM32C031C4U6, STM32C031C6T3, STM32C031C6T6, STM32C031C6U3, STM32C031C6U6, STM32C031F4P3, STM32C031F4P6, STM32C031F6P3, STM32C031F6P6, STM32C031G4U3, STM32C031G4U6, STM32C031G6U3, STM32C031G6U6, STM32C031K4T3, STM32C031K4T6, STM32C031K4U3, STM32C031K4U6, STM32C031K6T3, STM32C031K6T6, STM32C031K6U3, STM32C031K6U6, STM32C051C6T6, STM32C051C6U6, STM32C051C8T6, STM32C051C8U6, STM32C051D8Y6TR, STM32C051F6P6, STM32C051F8P6, STM32C051G6U6, STM32C051G8U6, STM32C051K6T6, STM32C051K6U6, STM32C051K8T6, STM32C071C8T6, STM32C071C8T6N, STM32C071C8U6, STM32C071C8U6N, STM32C071CBT6, STM32C071CBT6N, STM32C071CBU6, STM32C071CBU6N, STM32C071F8P6, STM32C071F8P6N, STM32C071FBP6, STM32C071FBP6N, STM32C071FBY6TR, STM32C071G8U6, STM32C071G8U6N, STM32C071GBU6, STM32C071GBU6N, STM32C071K8T6, STM32C071K8T6N, STM32C071K8U6, STM32C071K8U6N, STM32C071KBT6, STM32C071KBT6N, STM32C071KBU6, STM32C071KBU6N, STM32C071R8T6, STM32C071R8T6N, STM32C071RBI6N, STM32C071RBT6, STM32C071RBT6N, STM32C091CBT6, STM32C091CBU6, STM32C091CCT6, STM32C091CCU6, STM32C091ECY6TR, STM32C091FBP6, STM32C091FCP6, STM32C091GBU6, STM32C091GCU6, STM32C091KBT6, STM32C091KBU6, STM32C091KCT6, STM32C091KCU6, STM32C091RBT6, STM32C091RCI6, STM32C091RCT6, STM32C092CBT6, STM32C092CBU6, STM32C092CCT6, STM32C092CCU6, STM32C092ECY6TR, STM32C092FBP6, STM32C092FCP6, STM32C092GBU6, STM32C092GCU6, STM32C092KBT6, STM32C092KBU6, STM32C092KCT6, STM32C092KCU6, STM32C092RBT6, STM32C092RCI6, STM32C092RCT6, STM32G071K8TXN, STM32G071K8UXN, STM32G081GBU6N, STM32G081KBT6N, STM32G081KBUXN, STM32G0B1CCT6N, STM32G0B1KCT6, STM32G0B1NEY6TR, STM32G0B1RCT6N, STM32G0C1CCT6, STM32G0C1CCT6N, STM32G0C1CCU6N, STM32G0C1CET6N, STM32G0C1CEU6N, STM32G0C1KCT6, STM32G0C1NEY6TR, STM32G0C1RCI6N, STM32G0C1RCT6N, STM32G0C1REI6N, STM32G0C1RET6N, STM32G0C1VCI6, STM32G0C1VEI6, STM32G411C6T3, STM32G411C6T6, STM32G411C6U3, STM32G411C6U6, STM32G411C8T3, STM32G411C8T6, STM32G411C8U3, STM32G411C8U6, STM32G411CBT3, STM32G411CBT6, STM32G411CBU3, STM32G411CBU6, STM32G411K6T3, STM32G411K6T6, STM32G411K6U3, STM32G411K6U6, STM32G411K8T3, STM32G411K8T6, STM32G411K8U3, STM32G411K8U6, STM32G411KBT3, STM32G411KBT6, STM32G411KBU3, STM32G411KBU6, STM32G411M6T3, STM32G411M6T6, STM32G411M8T3, STM32G411M8T6, STM32G411MBT3, STM32G411MBT6, STM32G411R6T3, STM32G411R6T6, STM32G411R8T3, STM32G411R8T6, STM32G411RBT3, STM32G411RBT6, STM32G414CBT3, STM32G414CBT6, STM32G414CBU3, STM32G414CBU6, STM32G414CCT3, STM32G414CCT6, STM32G414CCU3, STM32G414CCU6, STM32G414MBT3, STM32G414MBT6, STM32G414MCT3, STM32G414MCT6, STM32G414RBT3, STM32G414RBT6, STM32G414RCT3, STM32G414RCT6, STM32G414VBT3, STM32G414VBT6, STM32G414VCT3, STM32G414VCT6, STM32G431CBT3Z, STM32G431RBT3Z, STM32G471CCT6, STM32G471CCU6, STM32G471CET3, STM32G471CET6, STM32G471CEU3, STM32G471CEU6, STM32G471MCT6, STM32G471MET3, STM32G471MET6, STM32G471MEY6TR, STM32G471QCT6, STM32G471QET3, STM32G471RCT6, STM32G471RET3, STM32G471RET6, STM32G471VCH6, STM32G471VCI6, STM32G471VCT6, STM32G471VEH3, STM32G471VEH6, STM32G471VEI3, STM32G471VEI6, STM32G471VET3, STM32G471VET6, STM32G473QET3Z, STM32G473RET3Z, STM32G474CCT6, STM32G491RET3Z, STM32H503CBT6, STM32H503CBU6, STM32H503EBY6TR, STM32H503KBU6, STM32H503RBT6, STM32H523CCT6, STM32H523CCU6, STM32H523CET6, STM32H523CEU6, STM32H523HEY6TR, STM32H523RCT6, STM32H523RET6, STM32H523VCI6, STM32H523VCT6, STM32H523VEI6, STM32H523VET6, STM32H523ZCJ6, STM32H523ZCT6, STM32H523ZEJ6, STM32H523ZET6, STM32H533CET6, STM32H533CEU6, STM32H533HEY6TR, STM32H533RET6, STM32H533VEI6, STM32H533VET6, STM32H533ZEJ6, STM32H533ZET6, STM32H562AGI6, STM32H562AII6, STM32H562IGK6, STM32H562IGT6, STM32H562IIK6, STM32H562IIT6, STM32H562RGT6, STM32H562RGV6, STM32H562RIT6, STM32H562RIV6, STM32H562VGT6, STM32H562VIT6, STM32H562ZGT6, STM32H562ZIT6, STM32H563AGI6, STM32H563AII3Q, STM32H563AII6, STM32H563IGK6, STM32H563IGT6, STM32H563IIK3Q, STM32H563IIK6, STM32H563IIT3Q, STM32H563IIT6, STM32H563MIY3QTR, STM32H563RGT6, STM32H563RGV6, STM32H563RIT6, STM32H563RIV6, STM32H563VGT6, STM32H563VIT3Q, STM32H563VIT6, STM32H563ZGT6, STM32H563ZIT3Q, STM32H563ZIT6, STM32H573AII3Q, STM32H573AII6, STM32H573I-DK, STM32H573IIK3Q, STM32H573IIK6, STM32H573IIT3Q, STM32H573IIT6, STM32H573MIY3QTR, STM32H573RIT6, STM32H573RIV6, STM32H573VIT3Q, STM32H573VIT6, STM32H573ZIT3Q, STM32H573ZIT6, STM32H7R3A8I6, STM32H7R3I8K6, STM32H7R3I8T6, STM32H7R3L8H6, STM32H7R3L8H6H, STM32H7R3R8V6, STM32H7R3V8H6, STM32H7R3V8T6, STM32H7R3V8Y6TR, STM32H7R3Z8J6, STM32H7R3Z8T6, STM32H7R7A8I6, STM32H7R7I8K6, STM32H7R7I8T6, STM32H7R7L8H6, STM32H7R7L8H6H, STM32H7R7Z8J6, STM32H7S3A8I6, STM32H7S3I8K6, STM32H7S3I8T6, STM32H7S3L8H6, STM32H7S3L8H6H, STM32H7S3R8V6, STM32H7S3V8H6, STM32H7S3V8T6, STM32H7S3V8Y6TR, STM32H7S3Z8J6, STM32H7S3Z8T6, STM32H7S78-DK, STM32H7S7A8I6, STM32H7S7I8K6, STM32H7S7I8T6, STM32H7S7L8H6, STM32H7S7L8H6H, STM32H7S7Z8J6, STM32L4R5QGI6STR, STM32MP131AAE3, STM32MP131AAF3, STM32MP131AAG3, STM32MP131CAE3, STM32MP131CAF3, STM32MP131CAG3, STM32MP131DAE7, STM32MP131DAF7, STM32MP131DAG7, STM32MP131FAE7, STM32MP131FAF7, STM32MP131FAG7, STM32MP133AAE3, STM32MP133AAF3, STM32MP133AAG3, STM32MP133CAE3, STM32MP133CAF3, STM32MP133CAG3, STM32MP133DAE7, STM32MP133DAF7, STM32MP133DAG7, STM32MP133FAE7, STM32MP133FAF7, STM32MP133FAG7, STM32MP135AAE3, STM32MP135AAF3, STM32MP135AAG3, STM32MP135CAE3, STM32MP135CAF3, STM32MP135CAG3, STM32MP135DAE7, STM32MP135DAF7, STM32MP135DAG7, STM32MP135F-DK, STM32MP135FAE7, STM32MP135FAF7, STM32MP135FAF7T, STM32MP135FAF7U, STM32MP135FAG7, STM32MP211AAL3, STM32MP211AAM3, STM32MP211AAN3, STM32MP211AAO3, STM32MP211CAL3, STM32MP211CAM3, STM32MP211CAN3, STM32MP211CAO3, STM32MP211DAL3, STM32MP211DAM3, STM32MP211DAN3, STM32MP211DAO3, STM32MP211FAL3, STM32MP211FAM3, STM32MP211FAN3, STM32MP211FAO3, STM32MP213AAL3, STM32MP213AAM3, STM32MP213AAN3, STM32MP213AAO3, STM32MP213CAL3, STM32MP213CAM3, STM32MP213CAN3, STM32MP213CAO3, STM32MP213DAL3, STM32MP213DAM3, STM32MP213DAN3, STM32MP213DAO3, STM32MP213FAL3, STM32MP213FAM3, STM32MP213FAN3, STM32MP213FAO3, STM32MP215AAL3, STM32MP215AAM3, STM32MP215AAN3, STM32MP215AAO3, STM32MP215CAL3, STM32MP215CAM3, STM32MP215CAN3, STM32MP215CAO3, STM32MP215DAL3, STM32MP215DAM3, STM32MP215DAN3, STM32MP215DAO3, STM32MP215F-DK, STM32MP215FAL3, STM32MP215FAM3, STM32MP215FAN3, STM32MP215FAO3, STM32MP231AAJ3, STM32MP231AAK3, STM32MP231AAL3, STM32MP231CAJ3, STM32MP231CAK3, STM32MP231CAL3, STM32MP231DAJ3, STM32MP231DAK3, STM32MP231DAL3, STM32MP231FAJ3, STM32MP231FAK3, STM32MP231FAL3, STM32MP233AAJ3, STM32MP233AAK3, STM32MP233AAL3, STM32MP233CAJ3, STM32MP233CAK3, STM32MP233CAL3, STM32MP233DAJ3, STM32MP233DAK3, STM32MP233DAL3, STM32MP233FAJ3, STM32MP233FAK3, STM32MP233FAL3, STM32MP235AAJ3, STM32MP235AAK3, STM32MP235AAL3, STM32MP235CAJ3, STM32MP235CAK3, STM32MP235CAL3, STM32MP235DAJ3, STM32MP235DAK3, STM32MP235DAL3, STM32MP235FAJ3, STM32MP235FAK3, STM32MP235FAL3, STM32MP251AAI3, STM32MP251AAK3, STM32MP251AAL3, STM32MP251CAI3, STM32MP251CAK3, STM32MP251CAL3, STM32MP251DAI3, STM32MP251DAK3, STM32MP251DAL3, STM32MP251FAI3, STM32MP251FAK3, STM32MP251FAL3, STM32MP253AAI3, STM32MP253AAK3, STM32MP253AAL3, STM32MP253CAI3, STM32MP253CAK3, STM32MP253CAL3, STM32MP253DAI3, STM32MP253DAK3, STM32MP253DAL3, STM32MP253FAI3, STM32MP253FAK3, STM32MP253FAL3, STM32MP255AAI3, STM32MP255AAK3, STM32MP255AAL3, STM32MP255CAI3, STM32MP255CAK3, STM32MP255CAL3, STM32MP255DAI3, STM32MP255DAK3, STM32MP255DAL3, STM32MP255FAI3, STM32MP255FAK3, STM32MP255FAL3, STM32MP257AAI3, STM32MP257AAK3, STM32MP257AAL3, STM32MP257CAI3, STM32MP257CAK3, STM32MP257CAL3, STM32MP257DAI3, STM32MP257DAK3, STM32MP257DAL3, STM32MP257F-DK, STM32MP257F-EV1, STM32MP257FAI3, STM32MP257FAK3, STM32MP257FAL3, STM32N645A0H3Q, STM32N645B0H3Q, STM32N645I0H3Q, STM32N645L0H3Q, STM32N645X0H3Q, STM32N645Z0H3Q, STM32N647A0H3Q, STM32N647B0H3Q, STM32N647I0H3Q, STM32N647L0H3Q, STM32N647X0H3Q, STM32N647Z0H3Q, STM32N655A0H3Q, STM32N655B0H3Q, STM32N655I0H3Q, STM32N655L0H3Q, STM32N655X0H3Q, STM32N655Z0H3Q, STM32N6570-DK, STM32N657A0H3Q, STM32N657B0H3Q, STM32N657I0H3Q, STM32N657L0H3Q, STM32N657X0H3Q, STM32N657Z0H3Q, STM32U031C6T6, STM32U031C6U6, STM32U031C8T6, STM32U031C8U6, STM32U031F4P6, STM32U031F6P6, STM32U031F8P6, STM32U031G6Y6TR, STM32U031G8Y6TR, STM32U031K4U6, STM32U031K6U6, STM32U031K8U6, STM32U031R6I6, STM32U031R6T6, STM32U031R8I6, STM32U031R8T6, STM32U073C8T6, STM32U073C8U6, STM32U073CBT6, STM32U073CBU6, STM32U073CCT6, STM32U073CCU6, STM32U073H8Y6TR, STM32U073HBY6TR, STM32U073HCY6TR, STM32U073K8U6, STM32U073KBU6, STM32U073KCU6, STM32U073M8I6, STM32U073M8T6, STM32U073MBI6, STM32U073MBT6, STM32U073MCI6, STM32U073MCT6, STM32U073R8I6, STM32U073R8T6, STM32U073RBI6, STM32U073RBT6, STM32U073RCI6, STM32U073RCT6, STM32U083C-DK, STM32U083CCT6, STM32U083CCU6, STM32U083HCY6TR, STM32U083KCU6, STM32U083MCI6, STM32U083MCT6, STM32U083RCI6, STM32U083RCT6, STM32U375CET6, STM32U375CET6Q, STM32U375CEU6, STM32U375CEU6Q, STM32U375CEY6QTR, STM32U375CGT6, STM32U375CGT6Q, STM32U375CGU6, STM32U375CGU6Q, STM32U375CGY6QTR, STM32U375KEU6, STM32U375KGU6, STM32U375REI6, STM32U375REI6Q, STM32U375RET6, STM32U375RET6Q, STM32U375REY6GTR, STM32U375REY6QTR, STM32U375RGI6, STM32U375RGI6Q, STM32U375RGT6, STM32U375RGT6Q, STM32U375RGY6GTR, STM32U375RGY6QTR, STM32U375VEI6, STM32U375VEI6Q, STM32U375VET6, STM32U375VET6Q, STM32U375VGI6, STM32U375VGI6Q, STM32U375VGT6, STM32U375VGT6Q, STM32U385CGT6, STM32U385CGT6Q, STM32U385CGU6, STM32U385CGU6Q, STM32U385CGY6QTR, STM32U385KGU6, STM32U385RGI6, STM32U385RGI6Q, STM32U385RGT6, STM32U385RGT6Q, STM32U385RGY6GTR, STM32U385RGY6QTR, STM32U385VGI6, STM32U385VGI6Q, STM32U385VGT6, STM32U385VGT6Q, STM32U535CBT6, STM32U535CBT6Q, STM32U535CBU6, STM32U535CBU6Q, STM32U535CCT6, STM32U535CCT6Q, STM32U535CCU6, STM32U535CCU6Q, STM32U535CET6, STM32U535CET6Q, STM32U535CEU6, STM32U535CEU6Q, STM32U535JEY6QTR, STM32U535NCY6QTR, STM32U535NEY6QTR, STM32U535RBI6, STM32U535RBI6Q, STM32U535RBT6, STM32U535RBT6Q, STM32U535RCI6, STM32U535RCI6Q, STM32U535RCT6, STM32U535RCT6Q, STM32U535REI6, STM32U535REI6Q, STM32U535RET6, STM32U535RET6Q, STM32U535VCI6, STM32U535VCI6Q, STM32U535VCT6, STM32U535VCT6Q, STM32U535VEI6, STM32U535VEI6Q, STM32U535VET6, STM32U535VET6Q, STM32U545CET6, STM32U545CET6Q, STM32U545CEU6, STM32U545CEU6Q, STM32U545JEY6QTR, STM32U545NEY6QTR, STM32U545REI6, STM32U545REI6Q, STM32U545RET6, STM32U545RET6Q, STM32U545VEI6, STM32U545VEI6Q, STM32U545VET6, STM32U545VET6Q, STM32U595AIH6, STM32U595AIH6Q, STM32U595AJH6, STM32U595AJH6Q, STM32U595QII6, STM32U595QII6Q, STM32U595QJI6, STM32U595QJI6Q, STM32U595RIT6, STM32U595RIT6Q, STM32U595RJT6, STM32U595RJT6Q, STM32U595VIT6, STM32U595VIT6Q, STM32U595VJT6, STM32U595VJT6Q, STM32U595ZIT6, STM32U595ZIT6Q, STM32U595ZIY6QTR, STM32U595ZJT6, STM32U595ZJT6Q, STM32U595ZJY6QTR, STM32U599BJY6QTR, STM32U599NIH6Q, STM32U599NJH6Q, STM32U599VIT6Q, STM32U599VJT6, STM32U599VJT6Q, STM32U599ZIT6Q, STM32U599ZIY6QTR, STM32U599ZJT6Q, STM32U599ZJY6QTR, STM32U5A5AJH6, STM32U5A5AJH6Q, STM32U5A5QII3Q , STM32U5A5QJI6, STM32U5A5QJI6Q, STM32U5A5RJT6, STM32U5A5RJT6Q, STM32U5A5VJT6, STM32U5A5VJT6Q, STM32U5A5ZJT6, STM32U5A5ZJT6Q, STM32U5A5ZJY6QTR, STM32U5A9BJY6QTR, STM32U5A9J-DK, STM32U5A9NJH6Q, STM32U5A9VJT6Q, STM32U5A9ZJT6Q, STM32U5A9ZJY6QTR, STM32U5F7VIT6, STM32U5F7VIT6Q, STM32U5F7VJT6, STM32U5F7VJT6Q, STM32U5F9BJY6QTR, STM32U5F9NJH6Q, STM32U5F9VIT6Q, STM32U5F9VJT6Q, STM32U5F9ZIJ6QTR, STM32U5F9ZIT6Q, STM32U5F9ZJJ6QTR, STM32U5F9ZJT6Q, STM32U5G7VJT6, STM32U5G7VJT6Q, STM32U5G9BJY6QTR, STM32U5G9J-DK1, STM32U5G9J-DK2, STM32U5G9NJH6Q, STM32U5G9VJT6Q, STM32U5G9ZJJ6QTR, STM32U5G9ZJT6Q, STM32WB05KZV6TR, STM32WB05KZV7TR, STM32WB05TZF6TR, STM32WB05TZF7TR, STM32WB06CCF6TR, STM32WB06CCF7TR, STM32WB06CCV6TR, STM32WB06CCV7TR, STM32WB06KCV6TR, STM32WB06KCV7TR, STM32WB07CCF6TR, STM32WB07CCF7TR, STM32WB07CCV6TR, STM32WB07CCV7TR, STM32WB07KCV6TR, STM32WB07KCV7TR, STM32WB09KEV6TR, STM32WB09KEV7TR, STM32WB09TEF6TR, STM32WB09TEF7TR, STM32WB1MMCH6, STM32WBA50KGU6, STM32WBA50KGU6TR, STM32WBA52CEU6, STM32WBA52CEU6TR, STM32WBA52CEU7, STM32WBA52CEU7TR, STM32WBA52CGU6, STM32WBA52CGU6TR, STM32WBA52CGU6U, STM32WBA52CGU7, STM32WBA52CGU7TR, STM32WBA52KEU6, STM32WBA52KEU6TR, STM32WBA52KGU6, STM32WBA52KGU6TR, STM32WBA54CEU6, STM32WBA54CEU6TR, STM32WBA54CEU7, STM32WBA54CEU7TR, STM32WBA54CGU6, STM32WBA54CGU6TR, STM32WBA54CGU7, STM32WBA54CGU7TR, STM32WBA54KEU6, STM32WBA54KEU6TR, STM32WBA54KEU7, STM32WBA54KEU7TR, STM32WBA54KGU6, STM32WBA54KGU6TR, STM32WBA54KGU7, STM32WBA54KGU7TR, STM32WBA55CEU6, STM32WBA55CEU6TR, STM32WBA55CEU7, STM32WBA55CEU7TR, STM32WBA55CGU6, STM32WBA55CGU6TR, STM32WBA55CGU6U, STM32WBA55CGU7, STM32WBA55CGU7TR, STM32WBA55G-DK1, STM32WBA55HEF6, STM32WBA55HEF7, STM32WBA55HGF6, STM32WBA55HGF7, STM32WBA55UEI6, STM32WBA55UEI6TR, STM32WBA55UEI7, STM32WBA55UEI7TR, STM32WBA55UGI6, STM32WBA55UGI6TR, STM32WBA55UGI7, STM32WBA55UGI7TR, STM32WBA5MMGH6TR, STM32WBA62MGF6, STM32WBA62MIF6, STM32WBA65MGF7, STM32WBA65MIF6, STM32WBA65MIF7, STM32WL30K8V6, STM32WL30KBV6, STM32WL31C8V6, STM32WL31CBV6, STM32WL31K8V6, STM32WL31KBV6, STM32WL33C8V6, STM32WL33C8V6X, STM32WL33CBV6, STM32WL33CBV6X, STM32WL33CCV6, STM32WL33CCV6A, STM32WL33CCV6X, STM32WL33K8V7, STM32WL33K8V7X, STM32WL33KBV7 , STM32WL33KBV7X, STM32WL33KCV7, STM32WL33KCV7X, STM32WL5MOCH6, STM32WL5MOCH6TR]
2025-12-29 21:13:35,614 [INFO] ApiDb:668 - CubeFinder database Data Model version=2.1
2025-12-29 21:13:35,614 [INFO] ApiDb:669 - CubeFinder database Configuration version=3.0.39
2025-12-29 21:13:35,614 [INFO] ApiDb:670 - CubeFinder database generation date=2025-11-05 (1762334721)
2025-12-29 21:13:35,614 [INFO] ApiDb:671 - CubeFinder database FW Pack versions=[FP-ATR-ASTRA1_V2.0.0, FP-SNS-FLIGHT1_V5.1.0, FP-SNS-MOTENV1_V5.1.0, FP-SNS-MOTENVWB1_V1.4.0, FP-SNS-SMARTAG2_V1.2.0, FP-SNS-STBOX1_V2.1.0, STM32Cube_FW_C0_V1.4.0, STM32Cube_FW_F4_V1.28.3, STM32Cube_FW_F7_V1.17.4, STM32Cube_FW_G0_V1.6.2, STM32Cube_FW_G4_V1.6.1, STM32Cube_FW_H5_V1.5.1, STM32Cube_FW_H7RS_V1.3.0, STM32Cube_FW_H7_V1.12.1, STM32Cube_FW_L0_V1.12.2, STM32Cube_FW_L4_V1.18.1, STM32Cube_FW_L5_V1.6.0, STM32Cube_FW_N6_V1.3.0, STM32Cube_FW_U0_V1.3.0, STM32Cube_FW_U3_V1.2.1, STM32Cube_FW_U5_V1.8.0, STM32Cube_FW_WB0_V1.4.0, STM32Cube_FW_WBA_V1.8.0, STM32Cube_FW_WB_V1.24.0, STM32Cube_FW_WL3_V1.3.0, STM32Cube_FW_WL_V1.4.0, X-CUBE-ALGOBUILD_V1.4.0, X-CUBE-ALS_V1.0.2, X-CUBE-AZRTOS-F4_V1.1.0, X-CUBE-AZRTOS-F7_V1.1.0, X-CUBE-AZRTOS-G0_V1.1.0, X-CUBE-AZRTOS-G4_V2.0.0, X-CUBE-AZRTOS-H7RS_V1.1.0, X-CUBE-AZRTOS-H7_V3.4.0, X-CUBE-AZRTOS-L4_V2.0.0, X-CUBE-AZRTOS-L5_V2.0.0, X-CUBE-AZRTOS-WB_V2.0.0, X-CUBE-AZRTOS-WL_V2.0.0, X-CUBE-BLE1_V7.1.0, X-CUBE-BLE2_V3.3.0, X-CUBE-BLEMGR_V4.1.0, X-CUBE-EEPRMA1_V5.2.0, X-CUBE-FREERTOS_V1.3.1, X-CUBE-GNSS1_V6.0.0, X-CUBE-MEMS1_V11.3.0, X-CUBE-NFC4_V3.0.0, X-CUBE-NFC7_V2.0.0, X-CUBE-SFXS2LP1_V4.0.0, X-CUBE-ST67W61_V1.1.0, X-CUBE-SUBG2_V5.0.0, X-CUBE-TOF1_V3.4.3]
2025-12-29 21:13:37,023 [INFO] ApiDb:240 - Found 880 in-development CPN: [B-G473E-ZEST1S, B-WB1M-WPAN1, B-WBA5M-WPAN, B-WL5M-SUBG1, NUCLEO-C031C6, NUCLEO-C051C8, NUCLEO-C071RB, NUCLEO-C092RC, NUCLEO-H503RB, NUCLEO-H533RE, NUCLEO-H563ZI, NUCLEO-H7S3L8, NUCLEO-N657X0-Q, NUCLEO-U031R8, NUCLEO-U083RC, NUCLEO-U385RG-Q, NUCLEO-U545RE-Q, NUCLEO-U5A5ZJ-Q, NUCLEO-WB05KZ, NUCLEO-WB07CC, NUCLEO-WB09KE, NUCLEO-WBA52CG, NUCLEO-WBA55CG, NUCLEO-WL33CC1, NUCLEO-WL33CC2, STEVAL-PROTEUS1, STEVAL-SMARTAG2, STEVAL-STWINBX1, STM320518-EVAL, STM32C0116-DK, STM32C011D6Y3TR, STM32C011D6Y6TR, STM32C011F4P3, STM32C011F4P6, STM32C011F4U3, STM32C011F4U6TR, STM32C011F6P3, STM32C011F6P6, STM32C011F6U3, STM32C011F6U6TR, STM32C011J4M3, STM32C011J4M6, STM32C011J6M3, STM32C011J6M6, STM32C0316-DK, STM32C031C4T3, STM32C031C4T6, STM32C031C4U3, STM32C031C4U6, STM32C031C6T3, STM32C031C6T6, STM32C031C6U3, STM32C031C6U6, STM32C031F4P3, STM32C031F4P6, STM32C031F6P3, STM32C031F6P6, STM32C031G4U3, STM32C031G4U6, STM32C031G6U3, STM32C031G6U6, STM32C031K4T3, STM32C031K4T6, STM32C031K4U3, STM32C031K4U6, STM32C031K6T3, STM32C031K6T6, STM32C031K6U3, STM32C031K6U6, STM32C051C6T6, STM32C051C6U6, STM32C051C8T6, STM32C051C8U6, STM32C051D8Y6TR, STM32C051F6P6, STM32C051F8P6, STM32C051G6U6, STM32C051G8U6, STM32C051K6T6, STM32C051K6U6, STM32C051K8T6, STM32C071C8T6, STM32C071C8T6N, STM32C071C8U6, STM32C071C8U6N, STM32C071CBT6, STM32C071CBT6N, STM32C071CBU6, STM32C071CBU6N, STM32C071F8P6, STM32C071F8P6N, STM32C071FBP6, STM32C071FBP6N, STM32C071FBY6TR, STM32C071G8U6, STM32C071G8U6N, STM32C071GBU6, STM32C071GBU6N, STM32C071K8T6, STM32C071K8T6N, STM32C071K8U6, STM32C071K8U6N, STM32C071KBT6, STM32C071KBT6N, STM32C071KBU6, STM32C071KBU6N, STM32C071R8T6, STM32C071R8T6N, STM32C071RBI6N, STM32C071RBT6, STM32C071RBT6N, STM32C091CBT6, STM32C091CBU6, STM32C091CCT6, STM32C091CCU6, STM32C091ECY6TR, STM32C091FBP6, STM32C091FCP6, STM32C091GBU6, STM32C091GCU6, STM32C091KBT6, STM32C091KBU6, STM32C091KCT6, STM32C091KCU6, STM32C091RBT6, STM32C091RCI6, STM32C091RCT6, STM32C092CBT6, STM32C092CBU6, STM32C092CCT6, STM32C092CCU6, STM32C092ECY6TR, STM32C092FBP6, STM32C092FCP6, STM32C092GBU6, STM32C092GCU6, STM32C092KBT6, STM32C092KBU6, STM32C092KCT6, STM32C092KCU6, STM32C092RBT6, STM32C092RCI6, STM32C092RCT6, STM32G071K8TXN, STM32G071K8UXN, STM32G081GBU6N, STM32G081KBT6N, STM32G081KBUXN, STM32G0B1CCT6N, STM32G0B1KCT6, STM32G0B1NEY6TR, STM32G0B1RCT6N, STM32G0C1CCT6, STM32G0C1CCT6N, STM32G0C1CCU6N, STM32G0C1CET6N, STM32G0C1CEU6N, STM32G0C1KCT6, STM32G0C1NEY6TR, STM32G0C1RCI6N, STM32G0C1RCT6N, STM32G0C1REI6N, STM32G0C1RET6N, STM32G0C1VCI6, STM32G0C1VEI6, STM32G411C6T3, STM32G411C6T6, STM32G411C6U3, STM32G411C6U6, STM32G411C8T3, STM32G411C8T6, STM32G411C8U3, STM32G411C8U6, STM32G411CBT3, STM32G411CBT6, STM32G411CBU3, STM32G411CBU6, STM32G411K6T3, STM32G411K6T6, STM32G411K6U3, STM32G411K6U6, STM32G411K8T3, STM32G411K8T6, STM32G411K8U3, STM32G411K8U6, STM32G411KBT3, STM32G411KBT6, STM32G411KBU3, STM32G411KBU6, STM32G411M6T3, STM32G411M6T6, STM32G411M8T3, STM32G411M8T6, STM32G411MBT3, STM32G411MBT6, STM32G411R6T3, STM32G411R6T6, STM32G411R8T3, STM32G411R8T6, STM32G411RBT3, STM32G411RBT6, STM32G414CBT3, STM32G414CBT6, STM32G414CBU3, STM32G414CBU6, STM32G414CCT3, STM32G414CCT6, STM32G414CCU3, STM32G414CCU6, STM32G414MBT3, STM32G414MBT6, STM32G414MCT3, STM32G414MCT6, STM32G414RBT3, STM32G414RBT6, STM32G414RCT3, STM32G414RCT6, STM32G414VBT3, STM32G414VBT6, STM32G414VCT3, STM32G414VCT6, STM32G431CBT3Z, STM32G431RBT3Z, STM32G471CCT6, STM32G471CCU6, STM32G471CET3, STM32G471CET6, STM32G471CEU3, STM32G471CEU6, STM32G471MCT6, STM32G471MET3, STM32G471MET6, STM32G471MEY6TR, STM32G471QCT6, STM32G471QET3, STM32G471RCT6, STM32G471RET3, STM32G471RET6, STM32G471VCH6, STM32G471VCI6, STM32G471VCT6, STM32G471VEH3, STM32G471VEH6, STM32G471VEI3, STM32G471VEI6, STM32G471VET3, STM32G471VET6, STM32G473QET3Z, STM32G473RET3Z, STM32G474CCT6, STM32G491RET3Z, STM32H503CBT6, STM32H503CBU6, STM32H503EBY6TR, STM32H503KBU6, STM32H503RBT6, STM32H523CCT6, STM32H523CCU6, STM32H523CET6, STM32H523CEU6, STM32H523HEY6TR, STM32H523RCT6, STM32H523RET6, STM32H523VCI6, STM32H523VCT6, STM32H523VEI6, STM32H523VET6, STM32H523ZCJ6, STM32H523ZCT6, STM32H523ZEJ6, STM32H523ZET6, STM32H533CET6, STM32H533CEU6, STM32H533HEY6TR, STM32H533RET6, STM32H533VEI6, STM32H533VET6, STM32H533ZEJ6, STM32H533ZET6, STM32H562AGI6, STM32H562AII6, STM32H562IGK6, STM32H562IGT6, STM32H562IIK6, STM32H562IIT6, STM32H562RGT6, STM32H562RGV6, STM32H562RIT6, STM32H562RIV6, STM32H562VGT6, STM32H562VIT6, STM32H562ZGT6, STM32H562ZIT6, STM32H563AGI6, STM32H563AII3Q, STM32H563AII6, STM32H563IGK6, STM32H563IGT6, STM32H563IIK3Q, STM32H563IIK6, STM32H563IIT3Q, STM32H563IIT6, STM32H563MIY3QTR, STM32H563RGT6, STM32H563RGV6, STM32H563RIT6, STM32H563RIV6, STM32H563VGT6, STM32H563VIT3Q, STM32H563VIT6, STM32H563ZGT6, STM32H563ZIT3Q, STM32H563ZIT6, STM32H573AII3Q, STM32H573AII6, STM32H573I-DK, STM32H573IIK3Q, STM32H573IIK6, STM32H573IIT3Q, STM32H573IIT6, STM32H573MIY3QTR, STM32H573RIT6, STM32H573RIV6, STM32H573VIT3Q, STM32H573VIT6, STM32H573ZIT3Q, STM32H573ZIT6, STM32H7R3A8I6, STM32H7R3I8K6, STM32H7R3I8T6, STM32H7R3L8H6, STM32H7R3L8H6H, STM32H7R3R8V6, STM32H7R3V8H6, STM32H7R3V8T6, STM32H7R3V8Y6TR, STM32H7R3Z8J6, STM32H7R3Z8T6, STM32H7R7A8I6, STM32H7R7I8K6, STM32H7R7I8T6, STM32H7R7L8H6, STM32H7R7L8H6H, STM32H7R7Z8J6, STM32H7S3A8I6, STM32H7S3I8K6, STM32H7S3I8T6, STM32H7S3L8H6, STM32H7S3L8H6H, STM32H7S3R8V6, STM32H7S3V8H6, STM32H7S3V8T6, STM32H7S3V8Y6TR, STM32H7S3Z8J6, STM32H7S3Z8T6, STM32H7S78-DK, STM32H7S7A8I6, STM32H7S7I8K6, STM32H7S7I8T6, STM32H7S7L8H6, STM32H7S7L8H6H, STM32H7S7Z8J6, STM32L4R5QGI6STR, STM32MP131AAE3, STM32MP131AAF3, STM32MP131AAG3, STM32MP131CAE3, STM32MP131CAF3, STM32MP131CAG3, STM32MP131DAE7, STM32MP131DAF7, STM32MP131DAG7, STM32MP131FAE7, STM32MP131FAF7, STM32MP131FAG7, STM32MP133AAE3, STM32MP133AAF3, STM32MP133AAG3, STM32MP133CAE3, STM32MP133CAF3, STM32MP133CAG3, STM32MP133DAE7, STM32MP133DAF7, STM32MP133DAG7, STM32MP133FAE7, STM32MP133FAF7, STM32MP133FAG7, STM32MP135AAE3, STM32MP135AAF3, STM32MP135AAG3, STM32MP135CAE3, STM32MP135CAF3, STM32MP135CAG3, STM32MP135DAE7, STM32MP135DAF7, STM32MP135DAG7, STM32MP135F-DK, STM32MP135FAE7, STM32MP135FAF7, STM32MP135FAF7T, STM32MP135FAF7U, STM32MP135FAG7, STM32MP211AAL3, STM32MP211AAM3, STM32MP211AAN3, STM32MP211AAO3, STM32MP211CAL3, STM32MP211CAM3, STM32MP211CAN3, STM32MP211CAO3, STM32MP211DAL3, STM32MP211DAM3, STM32MP211DAN3, STM32MP211DAO3, STM32MP211FAL3, STM32MP211FAM3, STM32MP211FAN3, STM32MP211FAO3, STM32MP213AAL3, STM32MP213AAM3, STM32MP213AAN3, STM32MP213AAO3, STM32MP213CAL3, STM32MP213CAM3, STM32MP213CAN3, STM32MP213CAO3, STM32MP213DAL3, STM32MP213DAM3, STM32MP213DAN3, STM32MP213DAO3, STM32MP213FAL3, STM32MP213FAM3, STM32MP213FAN3, STM32MP213FAO3, STM32MP215AAL3, STM32MP215AAM3, STM32MP215AAN3, STM32MP215AAO3, STM32MP215CAL3, STM32MP215CAM3, STM32MP215CAN3, STM32MP215CAO3, STM32MP215DAL3, STM32MP215DAM3, STM32MP215DAN3, STM32MP215DAO3, STM32MP215F-DK, STM32MP215FAL3, STM32MP215FAM3, STM32MP215FAN3, STM32MP215FAO3, STM32MP231AAJ3, STM32MP231AAK3, STM32MP231AAL3, STM32MP231CAJ3, STM32MP231CAK3, STM32MP231CAL3, STM32MP231DAJ3, STM32MP231DAK3, STM32MP231DAL3, STM32MP231FAJ3, STM32MP231FAK3, STM32MP231FAL3, STM32MP233AAJ3, STM32MP233AAK3, STM32MP233AAL3, STM32MP233CAJ3, STM32MP233CAK3, STM32MP233CAL3, STM32MP233DAJ3, STM32MP233DAK3, STM32MP233DAL3, STM32MP233FAJ3, STM32MP233FAK3, STM32MP233FAL3, STM32MP235AAJ3, STM32MP235AAK3, STM32MP235AAL3, STM32MP235CAJ3, STM32MP235CAK3, STM32MP235CAL3, STM32MP235DAJ3, STM32MP235DAK3, STM32MP235DAL3, STM32MP235FAJ3, STM32MP235FAK3, STM32MP235FAL3, STM32MP251AAI3, STM32MP251AAK3, STM32MP251AAL3, STM32MP251CAI3, STM32MP251CAK3, STM32MP251CAL3, STM32MP251DAI3, STM32MP251DAK3, STM32MP251DAL3, STM32MP251FAI3, STM32MP251FAK3, STM32MP251FAL3, STM32MP253AAI3, STM32MP253AAK3, STM32MP253AAL3, STM32MP253CAI3, STM32MP253CAK3, STM32MP253CAL3, STM32MP253DAI3, STM32MP253DAK3, STM32MP253DAL3, STM32MP253FAI3, STM32MP253FAK3, STM32MP253FAL3, STM32MP255AAI3, STM32MP255AAK3, STM32MP255AAL3, STM32MP255CAI3, STM32MP255CAK3, STM32MP255CAL3, STM32MP255DAI3, STM32MP255DAK3, STM32MP255DAL3, STM32MP255FAI3, STM32MP255FAK3, STM32MP255FAL3, STM32MP257AAI3, STM32MP257AAK3, STM32MP257AAL3, STM32MP257CAI3, STM32MP257CAK3, STM32MP257CAL3, STM32MP257DAI3, STM32MP257DAK3, STM32MP257DAL3, STM32MP257F-DK, STM32MP257F-EV1, STM32MP257FAI3, STM32MP257FAK3, STM32MP257FAL3, STM32N645A0H3Q, STM32N645B0H3Q, STM32N645I0H3Q, STM32N645L0H3Q, STM32N645X0H3Q, STM32N645Z0H3Q, STM32N647A0H3Q, STM32N647B0H3Q, STM32N647I0H3Q, STM32N647L0H3Q, STM32N647X0H3Q, STM32N647Z0H3Q, STM32N655A0H3Q, STM32N655B0H3Q, STM32N655I0H3Q, STM32N655L0H3Q, STM32N655X0H3Q, STM32N655Z0H3Q, STM32N6570-DK, STM32N657A0H3Q, STM32N657B0H3Q, STM32N657I0H3Q, STM32N657L0H3Q, STM32N657X0H3Q, STM32N657Z0H3Q, STM32U031C6T6, STM32U031C6U6, STM32U031C8T6, STM32U031C8U6, STM32U031F4P6, STM32U031F6P6, STM32U031F8P6, STM32U031G6Y6TR, STM32U031G8Y6TR, STM32U031K4U6, STM32U031K6U6, STM32U031K8U6, STM32U031R6I6, STM32U031R6T6, STM32U031R8I6, STM32U031R8T6, STM32U073C8T6, STM32U073C8U6, STM32U073CBT6, STM32U073CBU6, STM32U073CCT6, STM32U073CCU6, STM32U073H8Y6TR, STM32U073HBY6TR, STM32U073HCY6TR, STM32U073K8U6, STM32U073KBU6, STM32U073KCU6, STM32U073M8I6, STM32U073M8T6, STM32U073MBI6, STM32U073MBT6, STM32U073MCI6, STM32U073MCT6, STM32U073R8I6, STM32U073R8T6, STM32U073RBI6, STM32U073RBT6, STM32U073RCI6, STM32U073RCT6, STM32U083C-DK, STM32U083CCT6, STM32U083CCU6, STM32U083HCY6TR, STM32U083KCU6, STM32U083MCI6, STM32U083MCT6, STM32U083RCI6, STM32U083RCT6, STM32U375CET6, STM32U375CET6Q, STM32U375CEU6, STM32U375CEU6Q, STM32U375CEY6QTR, STM32U375CGT6, STM32U375CGT6Q, STM32U375CGU6, STM32U375CGU6Q, STM32U375CGY6QTR, STM32U375KEU6, STM32U375KGU6, STM32U375REI6, STM32U375REI6Q, STM32U375RET6, STM32U375RET6Q, STM32U375REY6GTR, STM32U375REY6QTR, STM32U375RGI6, STM32U375RGI6Q, STM32U375RGT6, STM32U375RGT6Q, STM32U375RGY6GTR, STM32U375RGY6QTR, STM32U375VEI6, STM32U375VEI6Q, STM32U375VET6, STM32U375VET6Q, STM32U375VGI6, STM32U375VGI6Q, STM32U375VGT6, STM32U375VGT6Q, STM32U385CGT6, STM32U385CGT6Q, STM32U385CGU6, STM32U385CGU6Q, STM32U385CGY6QTR, STM32U385KGU6, STM32U385RGI6, STM32U385RGI6Q, STM32U385RGT6, STM32U385RGT6Q, STM32U385RGY6GTR, STM32U385RGY6QTR, STM32U385VGI6, STM32U385VGI6Q, STM32U385VGT6, STM32U385VGT6Q, STM32U535CBT6, STM32U535CBT6Q, STM32U535CBU6, STM32U535CBU6Q, STM32U535CCT6, STM32U535CCT6Q, STM32U535CCU6, STM32U535CCU6Q, STM32U535CET6, STM32U535CET6Q, STM32U535CEU6, STM32U535CEU6Q, STM32U535JEY6QTR, STM32U535NCY6QTR, STM32U535NEY6QTR, STM32U535RBI6, STM32U535RBI6Q, STM32U535RBT6, STM32U535RBT6Q, STM32U535RCI6, STM32U535RCI6Q, STM32U535RCT6, STM32U535RCT6Q, STM32U535REI6, STM32U535REI6Q, STM32U535RET6, STM32U535RET6Q, STM32U535VCI6, STM32U535VCI6Q, STM32U535VCT6, STM32U535VCT6Q, STM32U535VEI6, STM32U535VEI6Q, STM32U535VET6, STM32U535VET6Q, STM32U545CET6, STM32U545CET6Q, STM32U545CEU6, STM32U545CEU6Q, STM32U545JEY6QTR, STM32U545NEY6QTR, STM32U545REI6, STM32U545REI6Q, STM32U545RET6, STM32U545RET6Q, STM32U545VEI6, STM32U545VEI6Q, STM32U545VET6, STM32U545VET6Q, STM32U595AIH6, STM32U595AIH6Q, STM32U595AJH6, STM32U595AJH6Q, STM32U595QII6, STM32U595QII6Q, STM32U595QJI6, STM32U595QJI6Q, STM32U595RIT6, STM32U595RIT6Q, STM32U595RJT6, STM32U595RJT6Q, STM32U595VIT6, STM32U595VIT6Q, STM32U595VJT6, STM32U595VJT6Q, STM32U595ZIT6, STM32U595ZIT6Q, STM32U595ZIY6QTR, STM32U595ZJT6, STM32U595ZJT6Q, STM32U595ZJY6QTR, STM32U599BJY6QTR, STM32U599NIH6Q, STM32U599NJH6Q, STM32U599VIT6Q, STM32U599VJT6, STM32U599VJT6Q, STM32U599ZIT6Q, STM32U599ZIY6QTR, STM32U599ZJT6Q, STM32U599ZJY6QTR, STM32U5A5AJH6, STM32U5A5AJH6Q, STM32U5A5QII3Q , STM32U5A5QJI6, STM32U5A5QJI6Q, STM32U5A5RJT6, STM32U5A5RJT6Q, STM32U5A5VJT6, STM32U5A5VJT6Q, STM32U5A5ZJT6, STM32U5A5ZJT6Q, STM32U5A5ZJY6QTR, STM32U5A9BJY6QTR, STM32U5A9J-DK, STM32U5A9NJH6Q, STM32U5A9VJT6Q, STM32U5A9ZJT6Q, STM32U5A9ZJY6QTR, STM32U5F7VIT6, STM32U5F7VIT6Q, STM32U5F7VJT6, STM32U5F7VJT6Q, STM32U5F9BJY6QTR, STM32U5F9NJH6Q, STM32U5F9VIT6Q, STM32U5F9VJT6Q, STM32U5F9ZIJ6QTR, STM32U5F9ZIT6Q, STM32U5F9ZJJ6QTR, STM32U5F9ZJT6Q, STM32U5G7VJT6, STM32U5G7VJT6Q, STM32U5G9BJY6QTR, STM32U5G9J-DK1, STM32U5G9J-DK2, STM32U5G9NJH6Q, STM32U5G9VJT6Q, STM32U5G9ZJJ6QTR, STM32U5G9ZJT6Q, STM32WB05KZV6TR, STM32WB05KZV7TR, STM32WB05TZF6TR, STM32WB05TZF7TR, STM32WB06CCF6TR, STM32WB06CCF7TR, STM32WB06CCV6TR, STM32WB06CCV7TR, STM32WB06KCV6TR, STM32WB06KCV7TR, STM32WB07CCF6TR, STM32WB07CCF7TR, STM32WB07CCV6TR, STM32WB07CCV7TR, STM32WB07KCV6TR, STM32WB07KCV7TR, STM32WB09KEV6TR, STM32WB09KEV7TR, STM32WB09TEF6TR, STM32WB09TEF7TR, STM32WB1MMCH6, STM32WBA50KGU6, STM32WBA50KGU6TR, STM32WBA52CEU6, STM32WBA52CEU6TR, STM32WBA52CEU7, STM32WBA52CEU7TR, STM32WBA52CGU6, STM32WBA52CGU6TR, STM32WBA52CGU6U, STM32WBA52CGU7, STM32WBA52CGU7TR, STM32WBA52KEU6, STM32WBA52KEU6TR, STM32WBA52KGU6, STM32WBA52KGU6TR, STM32WBA54CEU6, STM32WBA54CEU6TR, STM32WBA54CEU7, STM32WBA54CEU7TR, STM32WBA54CGU6, STM32WBA54CGU6TR, STM32WBA54CGU7, STM32WBA54CGU7TR, STM32WBA54KEU6, STM32WBA54KEU6TR, STM32WBA54KEU7, STM32WBA54KEU7TR, STM32WBA54KGU6, STM32WBA54KGU6TR, STM32WBA54KGU7, STM32WBA54KGU7TR, STM32WBA55CEU6, STM32WBA55CEU6TR, STM32WBA55CEU7, STM32WBA55CEU7TR, STM32WBA55CGU6, STM32WBA55CGU6TR, STM32WBA55CGU6U, STM32WBA55CGU7, STM32WBA55CGU7TR, STM32WBA55G-DK1, STM32WBA55HEF6, STM32WBA55HEF7, STM32WBA55HGF6, STM32WBA55HGF7, STM32WBA55UEI6, STM32WBA55UEI6TR, STM32WBA55UEI7, STM32WBA55UEI7TR, STM32WBA55UGI6, STM32WBA55UGI6TR, STM32WBA55UGI7, STM32WBA55UGI7TR, STM32WBA5MMGH6TR, STM32WBA62MGF6, STM32WBA62MIF6, STM32WBA65MGF7, STM32WBA65MIF6, STM32WBA65MIF7, STM32WL30K8V6, STM32WL30KBV6, STM32WL31C8V6, STM32WL31CBV6, STM32WL31K8V6, STM32WL31KBV6, STM32WL33C8V6, STM32WL33C8V6X, STM32WL33CBV6, STM32WL33CBV6X, STM32WL33CCV6, STM32WL33CCV6A, STM32WL33CCV6X, STM32WL33K8V7, STM32WL33K8V7X, STM32WL33KBV7 , STM32WL33KBV7X, STM32WL33KCV7, STM32WL33KCV7X, STM32WL5MOCH6, STM32WL5MOCH6TR]
2025-12-29 21:13:37,055 [INFO] DbMcus:218 - Found 4876 MCUs, 4876 are supported
2025-12-29 21:13:37,055 [INFO] ApiDb:423 - Load user favorites file C:\Users\aditi/.stm32cubeide/favorites.mcus.txt: 0 item(s)
2025-12-29 21:13:37,055 [INFO] ApiDb:427 - User favorites MCUs=[]
2025-12-29 21:13:37,055 [INFO] DbMcus:224 - Set 0 / 0 favorites MCUs
2025-12-29 21:13:37,593 [INFO] BoardInfo:889 - No configuration file found for board P-NUCLEO-WB55
2025-12-29 21:13:37,593 [INFO] DbBoards:161 - Kit is not supported: P-NUCLEO-WB55
2025-12-29 21:13:37,593 [INFO] BoardInfo:889 - No configuration file found for board STEVAL-BFA001V1B
2025-12-29 21:13:37,593 [INFO] DbBoards:161 - Kit is not supported: STEVAL-BFA001V1B
2025-12-29 21:13:37,593 [INFO] BoardInfo:889 - No configuration file found for board STEVAL-BFA001V2B
2025-12-29 21:13:37,593 [INFO] DbBoards:161 - Kit is not supported: STEVAL-BFA001V2B
2025-12-29 21:13:37,888 [INFO] DbBoards:168 - Found 212 boards, 209 are supported
2025-12-29 21:13:37,888 [INFO] DbBoards:169 - Found 212 boards, 43 of them is supported for  Bsp
2025-12-29 21:13:37,904 [INFO] ApiDb:423 - Load user favorites file C:\Users\aditi/.stm32cubeide/favorites.boards.txt: 1 item(s)
2025-12-29 21:13:37,904 [INFO] ApiDb:427 - User favorites Boards=[STM32F407G-DISC1]
2025-12-29 21:13:37,904 [INFO] DbBoards:198 - Set 1 / 1 favorites Boards
2025-12-29 21:13:38,001 [INFO] UtilMem:75 - End LoadConfig() Used Memory: 186280544 Bytes (329252864)
2025-12-29 21:13:38,144 [WARN] ThirdParty:833 - waiting for thirdparty lock release [change project]
2025-12-29 21:13:38,144 [INFO] ThirdParty:835 - entering critical section [change project]
2025-12-29 21:13:38,144 [INFO] ThirdParty:1030 - CMSIS Pack Vendor :STMicroelectronics X-CUBE-PM33A1 1.0.0
2025-12-29 21:13:38,144 [INFO] ThirdParty:1030 - CMSIS Pack Vendor :STMicroelectronics USBPD 4.1
2025-12-29 21:13:38,144 [INFO] ThirdParty:1030 - CMSIS Pack Vendor :STMicroelectronics X-CUBE-NFC9 1.0.0
2025-12-29 21:13:38,144 [INFO] ThirdParty:1030 - CMSIS Pack Vendor :STMicroelectronics USB_HOST 2.0.0
2025-12-29 21:13:38,144 [INFO] ThirdParty:1030 - CMSIS Pack Vendor :STMicroelectronics FP-SNS-MOTENVWB1 1.4.0
2025-12-29 21:13:38,144 [INFO] ThirdParty:1030 - CMSIS Pack Vendor :STMicroelectronics X-CUBE-AZRTOS-F4 1.1.0
2025-12-29 21:13:38,144 [INFO] ThirdParty:1030 - CMSIS Pack Vendor :STMicroelectronics LIBJPEG 8.0.0
2025-12-29 21:13:38,144 [INFO] ThirdParty:1030 - CMSIS Pack Vendor :STMicroelectronics FP-ATR-ASTRA1 2.0.2
2025-12-29 21:13:38,144 [INFO] ThirdParty:1030 - CMSIS Pack Vendor :STMicroelectronics X-CUBE-BLE1 7.1.0
2025-12-29 21:13:38,144 [INFO] ThirdParty:1030 - CMSIS Pack Vendor :STMicroelectronics X-CUBE-SMBUS 2.1.0
2025-12-29 21:13:38,144 [INFO] ThirdParty:1030 - CMSIS Pack Vendor :STMicroelectronics USB_DEVICE 3.0.0
2025-12-29 21:13:38,144 [INFO] ThirdParty:1030 - CMSIS Pack Vendor :STMicroelectronics X-CUBE-ISPU 2.1.0
2025-12-29 21:13:38,144 [INFO] ThirdParty:1030 - CMSIS Pack Vendor :STMicroelectronics X-CUBE-AZRTOS-WB 2.0.0
2025-12-29 21:13:38,144 [INFO] ThirdParty:1030 - CMSIS Pack Vendor :STMicroelectronics X-CUBE-AZRTOS-F7 1.1.0
2025-12-29 21:13:38,148 [INFO] ThirdParty:1030 - CMSIS Pack Vendor :STMicroelectronics X-CUBE-AZRTOS-L5 2.0.0
2025-12-29 21:13:38,148 [INFO] ThirdParty:1030 - CMSIS Pack Vendor :STMicroelectronics USB_DEVICE 2.0.0
2025-12-29 21:13:38,148 [INFO] ThirdParty:1030 - CMSIS Pack Vendor :STMicroelectronics X-CUBE-NFC6 3.1.0
2025-12-29 21:13:38,148 [INFO] ThirdParty:1030 - CMSIS Pack Vendor :STMicroelectronics FreeRTOS 0.0.1
2025-12-29 21:13:38,148 [INFO] ThirdParty:1030 - CMSIS Pack Vendor :STMicroelectronics X-CUBE-AZRTOS-G0 1.1.0
2025-12-29 21:13:38,148 [INFO] ThirdParty:1030 - CMSIS Pack Vendor :STMicroelectronics X-CUBE-NFC4 3.0.0
2025-12-29 21:13:38,148 [INFO] ThirdParty:1030 - CMSIS Pack Vendor :STMicroelectronics X-CUBE-SUBG2 5.0.0
2025-12-29 21:13:38,148 [INFO] ThirdParty:1030 - CMSIS Pack Vendor :STMicroelectronics STM32_WPAN 1.0.0
2025-12-29 21:13:38,148 [INFO] ThirdParty:1030 - CMSIS Pack Vendor :STMicroelectronics lwIP 2.0.3
2025-12-29 21:13:38,148 [INFO] ThirdParty:1030 - CMSIS Pack Vendor :STMicroelectronics USB_HOST 1.0.0
2025-12-29 21:13:38,148 [INFO] ThirdParty:1030 - CMSIS Pack Vendor :STMicroelectronics X-CUBE-AZRTOS-G4 2.0.0
2025-12-29 21:13:38,148 [INFO] ThirdParty:1030 - CMSIS Pack Vendor :STMicroelectronics X-CUBE-WB05N 2.0.0
2025-12-29 21:13:38,148 [INFO] ThirdParty:1030 - CMSIS Pack Vendor :STMicroelectronics PDM2PCM 3.1.0
2025-12-29 21:13:38,148 [INFO] ThirdParty:1030 - CMSIS Pack Vendor :STMicroelectronics PDM2PCM 3.3.0
2025-12-29 21:13:38,148 [INFO] ThirdParty:1030 - CMSIS Pack Vendor :STMicroelectronics X-CUBE-DISPLAY 3.0.0
2025-12-29 21:13:38,148 [INFO] ThirdParty:1030 - CMSIS Pack Vendor :STMicroelectronics X-CUBE-NFC7 2.0.0
2025-12-29 21:13:38,148 [INFO] ThirdParty:1030 - CMSIS Pack Vendor :STMicroelectronics X-CUBE-TCPP 4.2.0
2025-12-29 21:13:38,148 [INFO] ThirdParty:1030 - CMSIS Pack Vendor :STMicroelectronics FP-ATR-SIGFOX1 3.2.0
2025-12-29 21:13:38,148 [INFO] ThirdParty:1030 - CMSIS Pack Vendor :STMicroelectronics X-CUBE-NFC10 1.0.0
2025-12-29 21:13:38,148 [INFO] ThirdParty:1030 - CMSIS Pack Vendor :STMicroelectronics HAL Drivers 0.0.0
2025-12-29 21:13:38,148 [INFO] ThirdParty:1030 - CMSIS Pack Vendor :STMicroelectronics MBEDTLS 2.16.2
2025-12-29 21:13:38,148 [INFO] ThirdParty:1030 - CMSIS Pack Vendor :STMicroelectronics X-CUBE-ALS 1.0.2
2025-12-29 21:13:38,148 [INFO] ThirdParty:1030 - CMSIS Pack Vendor :STMicroelectronics MBEDTLS 2.14.1
2025-12-29 21:13:38,148 [INFO] ThirdParty:1030 - CMSIS Pack Vendor :STMicroelectronics ThreadX 1.0.0
2025-12-29 21:13:38,148 [INFO] ThirdParty:1030 - CMSIS Pack Vendor :STMicroelectronics FP-SNS-SMARTAG2 1.2.0
2025-12-29 21:13:38,150 [INFO] ThirdParty:1030 - CMSIS Pack Vendor :STMicroelectronics FP-SNS-FLIGHT1 5.1.0
2025-12-29 21:13:38,154 [INFO] ThirdParty:1030 - CMSIS Pack Vendor :STMicroelectronics X-CUBE-AZRTOS-WL 2.0.0
2025-12-29 21:13:38,156 [INFO] ThirdParty:1030 - CMSIS Pack Vendor :STMicroelectronics X-CUBE-ALGOBUILD 1.4.0
2025-12-29 21:13:38,164 [INFO] ThirdParty:1030 - CMSIS Pack Vendor :STMicroelectronics X-CUBE-DPower 1.3.0
2025-12-29 21:13:38,164 [INFO] ThirdParty:1030 - CMSIS Pack Vendor :STMicroelectronics USB_DEVICE 1.0.0
2025-12-29 21:13:38,164 [INFO] ThirdParty:1030 - CMSIS Pack Vendor :STMicroelectronics X-CUBE-AZRTOS-L4 2.0.0
2025-12-29 21:13:38,164 [INFO] ThirdParty:1030 - CMSIS Pack Vendor :STMicroelectronics ThreadX 0.0.2
2025-12-29 21:13:38,164 [INFO] ThirdParty:1030 - CMSIS Pack Vendor :STMicroelectronics lwIP 2.1.2
2025-12-29 21:13:38,164 [INFO] ThirdParty:1030 - CMSIS Pack Vendor :STMicroelectronics X-CUBE-SFXS2LP1 4.0.0
2025-12-29 21:13:38,164 [INFO] ThirdParty:1030 - CMSIS Pack Vendor :STMicroelectronics X-CUBE-BLE2 3.3.0
2025-12-29 21:13:38,165 [INFO] ThirdParty:1030 - CMSIS Pack Vendor :STMicroelectronics X-CUBE-TOF1 3.4.3
2025-12-29 21:13:38,165 [INFO] ThirdParty:1030 - CMSIS Pack Vendor :STMicroelectronics PDM2PCM 3.2.0
2025-12-29 21:13:38,165 [INFO] ThirdParty:841 - exiting critical section [change project]
2025-12-29 21:13:38,824 [INFO] PinOutPanel:1589 - setPackage(No Configuration,No Configuration)
2025-12-29 21:13:38,824 [INFO] PinOutPanel:1589 - setPackage(STM32F407VGTx,LQFP100)
2025-12-29 21:13:39,332 [INFO] UtilMem:75 - Before build in PCC Used Memory: 204315032 Bytes (329252864)
2025-12-29 21:13:40,412 [INFO] UtilMem:75 - After build in PCC Used Memory: 271558200 Bytes (329252864)
2025-12-29 21:13:40,474 [INFO] IPUIPlugin:80 - create IPUIPlugin
2025-12-29 21:13:40,474 [INFO] IPUIPlugin:80 - create IPUIPlugin
2025-12-29 21:13:40,474 [INFO] IPUIPlugin:80 - create IPUIPlugin
2025-12-29 21:13:40,474 [INFO] IPUIPlugin:80 - create IPUIPlugin
2025-12-29 21:13:40,474 [INFO] IPUIPlugin:80 - create IPUIPlugin
2025-12-29 21:13:40,474 [INFO] IPUIPlugin:80 - create IPUIPlugin
2025-12-29 21:13:40,474 [INFO] IPUIPlugin:80 - create IPUIPlugin
2025-12-29 21:13:40,474 [INFO] IPUIPlugin:80 - create IPUIPlugin
2025-12-29 21:13:40,474 [INFO] IPUIPlugin:80 - create IPUIPlugin
2025-12-29 21:13:40,474 [INFO] IPUIPlugin:80 - create IPUIPlugin
2025-12-29 21:13:40,474 [INFO] IPUIPlugin:80 - create IPUIPlugin
2025-12-29 21:13:40,474 [INFO] IPUIPlugin:80 - create IPUIPlugin
2025-12-29 21:13:40,474 [INFO] IPUIPlugin:80 - create IPUIPlugin
2025-12-29 21:13:40,474 [INFO] IPUIPlugin:80 - create IPUIPlugin
2025-12-29 21:13:40,474 [INFO] IPUIPlugin:80 - create IPUIPlugin
2025-12-29 21:13:40,474 [INFO] IPUIPlugin:80 - create IPUIPlugin
2025-12-29 21:13:40,474 [INFO] IPUIPlugin:80 - create IPUIPlugin
2025-12-29 21:13:40,474 [INFO] IPUIPlugin:80 - create IPUIPlugin
2025-12-29 21:13:40,474 [INFO] IPUIPlugin:80 - create IPUIPlugin
2025-12-29 21:13:40,474 [INFO] IPUIPlugin:80 - create IPUIPlugin
2025-12-29 21:13:40,474 [INFO] IPUIPlugin:80 - create IPUIPlugin
2025-12-29 21:13:40,474 [INFO] IPUIPlugin:80 - create IPUIPlugin
2025-12-29 21:13:40,474 [INFO] IPUIPlugin:80 - create IPUIPlugin
2025-12-29 21:13:40,474 [INFO] IPUIPlugin:80 - create IPUIPlugin
2025-12-29 21:13:40,474 [INFO] IPUIPlugin:80 - create IPUIPlugin
2025-12-29 21:13:40,474 [INFO] IPUIPlugin:80 - create IPUIPlugin
2025-12-29 21:13:40,474 [INFO] IPUIPlugin:80 - create IPUIPlugin
2025-12-29 21:13:40,474 [INFO] IPUIPlugin:80 - create IPUIPlugin
2025-12-29 21:13:40,474 [INFO] IPUIPlugin:80 - create IPUIPlugin
2025-12-29 21:13:40,474 [INFO] IPUIPlugin:80 - create IPUIPlugin
2025-12-29 21:13:40,474 [INFO] IPUIPlugin:80 - create IPUIPlugin
2025-12-29 21:13:40,474 [INFO] IPUIPlugin:80 - create IPUIPlugin
2025-12-29 21:13:40,474 [INFO] IPUIPlugin:80 - create IPUIPlugin
2025-12-29 21:13:40,474 [INFO] IPUIPlugin:80 - create IPUIPlugin
2025-12-29 21:13:40,474 [INFO] IPUIPlugin:80 - create IPUIPlugin
2025-12-29 21:13:40,474 [INFO] IPUIPlugin:80 - create IPUIPlugin
2025-12-29 21:13:40,474 [INFO] IPUIPlugin:80 - create IPUIPlugin
2025-12-29 21:13:40,474 [INFO] IPUIPlugin:80 - create IPUIPlugin
2025-12-29 21:13:40,474 [INFO] IPUIPlugin:80 - create IPUIPlugin
2025-12-29 21:13:40,474 [INFO] IPUIPlugin:80 - create IPUIPlugin
2025-12-29 21:13:40,474 [INFO] IPUIPlugin:80 - create IPUIPlugin
2025-12-29 21:13:40,474 [INFO] IPUIPlugin:80 - create IPUIPlugin
2025-12-29 21:13:40,474 [INFO] IPUIPlugin:80 - create IPUIPlugin
2025-12-29 21:13:40,474 [INFO] IPUIPlugin:80 - create IPUIPlugin
2025-12-29 21:13:40,474 [INFO] IPUIPlugin:80 - create IPUIPlugin
2025-12-29 21:13:40,474 [INFO] IPUIPlugin:80 - create IPUIPlugin
2025-12-29 21:13:40,474 [INFO] IPUIPlugin:80 - create IPUIPlugin
2025-12-29 21:13:40,474 [INFO] IPUIPlugin:80 - create IPUIPlugin
2025-12-29 21:13:40,474 [INFO] IPUIPlugin:80 - create IPUIPlugin
2025-12-29 21:13:40,474 [INFO] IPUIPlugin:80 - create IPUIPlugin
2025-12-29 21:13:40,474 [INFO] IPUIPlugin:80 - create IPUIPlugin
2025-12-29 21:13:40,474 [INFO] IPUIPlugin:80 - create IPUIPlugin
2025-12-29 21:13:40,474 [INFO] IPUIPlugin:80 - create IPUIPlugin
2025-12-29 21:13:40,474 [INFO] IPUIPlugin:80 - create IPUIPlugin
2025-12-29 21:13:40,474 [INFO] IPUIPlugin:80 - create IPUIPlugin
2025-12-29 21:13:40,474 [INFO] IPUIPlugin:80 - create IPUIPlugin
2025-12-29 21:13:40,474 [INFO] IPUIPlugin:80 - create IPUIPlugin
2025-12-29 21:13:40,474 [INFO] IPUIPlugin:80 - create IPUIPlugin
2025-12-29 21:13:40,569 [INFO] ApiDbMcu:532 - Load IP Config File for PDM2PCM
2025-12-29 21:13:40,814 [INFO] CADModel:165 - CPN selected for project levelSTM32F407VGT6
2025-12-29 21:13:40,814 [INFO] CADModel:114 - Register for checkConnection events
2025-12-29 21:13:40,862 [INFO] OpenFileManager:386 - Restore cursor
2025-12-29 21:13:43,252 [INFO] LogOutputStream:77 - [STDOUT_REDIRECT] 
2025-12-29 21:13:43,562 [ERROR] ConfigurationRetriever:142 - IOException on connection: sw-center.st.com
2025-12-29 21:13:43,563 [ERROR] ConfigurationRetriever:142 - IOException on connection: sw-center.st.com
2025-12-29 21:13:43,564 [ERROR] ConfigurationRetriever:142 - IOException on connection: sw-center.st.com
2025-12-29 21:13:44,834 [INFO] McuFinderGlobals:63 - Set McuFinder mode to 2 (CubeIDE integrated)
2025-12-29 21:13:44,836 [INFO] UserAuth:487 - Internet connection configuration mode: 2
2025-12-29 21:13:44,846 [INFO] UserAuth:487 - Internet connection configuration mode: 2
