2025-12-22 10:31:02,337 [INFO] Activator:176 - 


2025-12-22 10:31:02,337 [INFO] Activator:177 - !SESSION log4j initialized
2025-12-22 10:31:06,171 [INFO] LogOutputStream:77 - [STDOUT_REDIRECT] 
2025-12-22 10:31:07,124 [INFO] ApplicationProperties:184 - Using Application install path: C:\ST\STM32CubeIDE_1.19.0\STM32CubeIDE\plugins\com.st.stm32cube.common.mx_6.15.0.202507011659
2025-12-22 10:31:07,143 [INFO] DbMcusXml:78 - Set database path to: C:\ST\STM32CubeIDE_1.19.0\STM32CubeIDE\plugins\com.st.stm32cube.common.mx_6.15.0.202507011659\\db\/mcu/
2025-12-22 10:31:07,143 [INFO] ApiDb:274 - Set plugin database path to: C:\ST\STM32CubeIDE_1.19.0\STM32CubeIDE\plugins\com.st.stm32cube.common.mx_6.15.0.202507011659\\db\/plugins/boardmanager/
2025-12-22 10:31:07,144 [WARN] ApiDb:259 - Overriding images path with different value:  => C:\ST\STM32CubeIDE_1.19.0\STM32CubeIDE\plugins\com.st.stm32cube.common.mx_6.15.0.202507011659\\db\/plugins/mcufinder/images/
2025-12-22 10:31:07,150 [INFO] ApiDb:250 - Set database path to: C:\Users\aditi\.stmcufinder\plugins\mcufinder//mcu/
2025-12-22 10:31:07,151 [INFO] DbMcusAds:125 - Set database path to: C:\Users\aditi\.stmcufinder\plugins\mcufinder//mcu/
2025-12-22 10:31:07,152 [INFO] CrossReferenceDbSqlite:203 - Set database path to: C:\Users\aditi\.stmcufinder\plugins\mcufinder//mcu/cs/
2025-12-22 10:31:07,271 [INFO] RulesReader:64 - Compatibility file has been processed (317 Rules)
2025-12-22 10:31:07,485 [INFO] DbMcusXml:78 - Set database path to: C:\ST\STM32CubeIDE_1.19.0\STM32CubeIDE\plugins\com.st.stm32cube.common.mx_6.15.0.202507011659\\db\/mcu/
2025-12-22 10:31:07,485 [INFO] ApiDb:274 - Set plugin database path to: C:\ST\STM32CubeIDE_1.19.0\STM32CubeIDE\plugins\com.st.stm32cube.common.mx_6.15.0.202507011659\\db\/plugins/boardmanager/
2025-12-22 10:31:07,485 [INFO] ApiDb:261 - Set plugin images path to: C:\ST\STM32CubeIDE_1.19.0\STM32CubeIDE\plugins\com.st.stm32cube.common.mx_6.15.0.202507011659\\db\/plugins/mcufinder/images/
2025-12-22 10:31:07,486 [WARN] DbFile:41 - Overriding database path with different value: C:\Users\aditi\.stmcufinder\plugins\mcufinder/ => C:\Users\aditi\.stmcufinder\plugins\mcufinder
2025-12-22 10:31:07,486 [INFO] ApiDb:250 - Set database path to: C:\Users\aditi\.stmcufinder\plugins\mcufinder//mcu/
2025-12-22 10:31:07,486 [WARN] DbFile:41 - Overriding database path with different value: C:\Users\aditi\.stmcufinder\plugins\mcufinder/ => C:\Users\aditi\.stmcufinder\plugins\mcufinder
2025-12-22 10:31:07,486 [INFO] DbMcusAds:125 - Set database path to: C:\Users\aditi\.stmcufinder\plugins\mcufinder//mcu/
2025-12-22 10:31:07,486 [WARN] DbFile:41 - Overriding database path with different value: C:\Users\aditi\.stmcufinder\plugins\mcufinder/ => C:\Users\aditi\.stmcufinder\plugins\mcufinder
2025-12-22 10:31:07,486 [WARN] DbFile:41 - Overriding database path with different value: C:\Users\aditi\.stmcufinder\plugins\mcufinder/ => C:\Users\aditi\.stmcufinder\plugins\mcufinder
2025-12-22 10:31:07,486 [INFO] CrossReferenceDbSqlite:203 - Set database path to: C:\Users\aditi\.stmcufinder\plugins\mcufinder//mcu/cs/
2025-12-22 10:31:07,566 [INFO] MainPanel:274 - HeapMemory: 268435456
2025-12-22 10:31:07,677 [INFO] DbMcusXml:78 - Set database path to: C:\ST\STM32CubeIDE_1.19.0\STM32CubeIDE\plugins\com.st.stm32cube.common.mx_6.15.0.202507011659\\db\/mcu/
2025-12-22 10:31:07,677 [INFO] ApiDb:274 - Set plugin database path to: C:\ST\STM32CubeIDE_1.19.0\STM32CubeIDE\plugins\com.st.stm32cube.common.mx_6.15.0.202507011659\\db\/plugins/boardmanager/
2025-12-22 10:31:07,677 [INFO] ApiDb:261 - Set plugin images path to: C:\ST\STM32CubeIDE_1.19.0\STM32CubeIDE\plugins\com.st.stm32cube.common.mx_6.15.0.202507011659\\db\/plugins/mcufinder/images/
2025-12-22 10:31:07,678 [WARN] DbFile:41 - Overriding database path with different value: C:\Users\aditi\.stmcufinder\plugins\mcufinder/ => C:\Users\aditi\.stmcufinder\plugins\mcufinder
2025-12-22 10:31:07,678 [INFO] ApiDb:250 - Set database path to: C:\Users\aditi\.stmcufinder\plugins\mcufinder//mcu/
2025-12-22 10:31:07,678 [WARN] DbFile:41 - Overriding database path with different value: C:\Users\aditi\.stmcufinder\plugins\mcufinder/ => C:\Users\aditi\.stmcufinder\plugins\mcufinder
2025-12-22 10:31:07,678 [INFO] DbMcusAds:125 - Set database path to: C:\Users\aditi\.stmcufinder\plugins\mcufinder//mcu/
2025-12-22 10:31:07,678 [WARN] DbFile:41 - Overriding database path with different value: C:\Users\aditi\.stmcufinder\plugins\mcufinder/ => C:\Users\aditi\.stmcufinder\plugins\mcufinder
2025-12-22 10:31:07,679 [WARN] DbFile:41 - Overriding database path with different value: C:\Users\aditi\.stmcufinder\plugins\mcufinder/ => C:\Users\aditi\.stmcufinder\plugins\mcufinder
2025-12-22 10:31:07,679 [INFO] CrossReferenceDbSqlite:203 - Set database path to: C:\Users\aditi\.stmcufinder\plugins\mcufinder//mcu/cs/
2025-12-22 10:31:07,702 [INFO] ApplicationProperties:184 - Using Application install path: C:\ST\STM32CubeIDE_1.19.0\STM32CubeIDE\plugins\com.st.stm32cube.common.mx_6.15.0.202507011659
2025-12-22 10:31:07,704 [INFO] PluginManage:196 - Search for loadable plugins [exclusion list=, ]
2025-12-22 10:31:07,706 [INFO] PluginManage:310 - Check plugin analytics
2025-12-22 10:31:07,962 [INFO] AnalyticsPlugin:253 - Accepted Software Licenses: 
2025-12-22 10:31:07,963 [INFO] AnalyticsPlugin:255 - Accepted CMSIS Pack Licenses: 
2025-12-22 10:31:07,963 [INFO] AnalyticsPlugin:257 - Accepted Firmware Licenses: FW.F4.1.28.0
2025-12-22 10:31:07,967 [INFO] PluginManage:359 - Loaded plugin analytics (category:tool,tabindex:-1)
2025-12-22 10:31:07,968 [INFO] PluginManage:310 - Check plugin cadmodel
2025-12-22 10:31:07,973 [INFO] CADModel:105 - Init CAD model plugin
2025-12-22 10:31:07,973 [INFO] PluginManage:359 - Loaded plugin cadmodel (category:power,tabindex:5)
2025-12-22 10:31:07,973 [INFO] PluginManage:310 - Check plugin clock
2025-12-22 10:31:07,990 [INFO] PluginManage:359 - Loaded plugin clock (category:base,tabindex:2)
2025-12-22 10:31:07,990 [INFO] PluginManage:310 - Check plugin ddr
2025-12-22 10:31:07,993 [INFO] PluginManage:359 - Loaded plugin ddr (category:tool,tabindex:6)
2025-12-22 10:31:07,993 [INFO] PluginManage:310 - Check plugin filemanager
2025-12-22 10:31:08,210 [INFO] PluginManage:359 - Loaded plugin filemanager (category:base,tabindex:10)
2025-12-22 10:31:08,210 [INFO] PluginManage:310 - Check plugin ipmanager
2025-12-22 10:31:08,223 [INFO] PluginManage:359 - Loaded plugin ipmanager (category:base,tabindex:5)
2025-12-22 10:31:08,223 [INFO] PluginManage:310 - Check plugin lpbam
2025-12-22 10:31:08,233 [INFO] PluginManage:359 - Loaded plugin lpbam (category:base,tabindex:0)
2025-12-22 10:31:08,233 [INFO] PluginManage:310 - Check plugin memorymap
2025-12-22 10:31:08,253 [INFO] PluginManage:359 - Loaded plugin memorymap (category:base,tabindex:4)
2025-12-22 10:31:08,253 [INFO] PluginManage:310 - Check plugin pinoutandconfiguration
2025-12-22 10:31:08,265 [INFO] PluginManage:359 - Loaded plugin pinoutandconfiguration (category:base,tabindex:1)
2025-12-22 10:31:08,266 [INFO] PluginManage:310 - Check plugin pinoutconfig
2025-12-22 10:31:08,389 [WARN] SupportedApi:132 - Cannot load RTOS API schema: s4s-elt-must-match.1: The content of 'definitions' must match (annotation?, (simpleType | complexType)?, (unique | key | keyref)*)). A problem was found starting at: attribute.
2025-12-22 10:31:08,523 [INFO] PluginManage:359 - Loaded plugin pinoutconfig (category:base,tabindex:0)
2025-12-22 10:31:08,523 [INFO] PluginManage:310 - Check plugin power
2025-12-22 10:31:08,530 [INFO] PluginManage:359 - Loaded plugin power (category:power,tabindex:4)
2025-12-22 10:31:08,530 [INFO] PluginManage:310 - Check plugin projectmanager
2025-12-22 10:31:08,554 [INFO] PluginManage:359 - Loaded plugin projectmanager (category:projectmanager,tabindex:4)
2025-12-22 10:31:08,554 [INFO] PluginManage:310 - Check plugin rif
2025-12-22 10:31:08,563 [INFO] PluginManage:359 - Loaded plugin rif (category:base,tabindex:3)
2025-12-22 10:31:08,563 [INFO] PluginManage:310 - Check plugin thirdparty
2025-12-22 10:31:08,713 [INFO] PluginManage:359 - Loaded plugin thirdparty (category:base,tabindex:-1)
2025-12-22 10:31:08,713 [WARN] IntegrityCheckThread:84 - waiting for thirdparty lock release [integrity check]
2025-12-22 10:31:08,715 [INFO] IntegrityCheckThread:86 - entering critical section [integrity check]
2025-12-22 10:31:08,715 [INFO] PluginManage:310 - Check plugin tools
2025-12-22 10:31:08,715 [INFO] ThirdPartyUpdaterWithRetryManager:70 - Updater plugin not ready yet. [1/15]
2025-12-22 10:31:08,718 [INFO] PluginManage:359 - Loaded plugin tools (category:base,tabindex:7)
2025-12-22 10:31:08,718 [INFO] PluginManage:310 - Check plugin tutovideos
2025-12-22 10:31:08,899 [INFO] PluginManage:359 - Loaded plugin tutovideos (category:base,tabindex:-1)
2025-12-22 10:31:08,899 [INFO] PluginManage:310 - Check plugin updater
2025-12-22 10:31:08,956 [INFO] PluginManage:359 - Loaded plugin updater (category:base,tabindex:12)
2025-12-22 10:31:08,956 [INFO] PluginManage:310 - Check plugin userauth
2025-12-22 10:31:08,963 [INFO] UserAuth:118 - Init User Auth plugin
2025-12-22 10:31:08,964 [INFO] PluginManage:359 - Loaded plugin userauth (category:base,tabindex:14)
2025-12-22 10:31:08,964 [INFO] PluginManage:283 - PluginManage : Loaded plugins [18]
2025-12-22 10:31:09,243 [INFO] PinOutPanel:1589 - setPackage(No Configuration,No Configuration)
2025-12-22 10:31:09,338 [INFO] CADModel:165 - CPN selected for project level
2025-12-22 10:31:09,338 [INFO] CADModel:114 - Register for checkConnection events
2025-12-22 10:31:09,356 [INFO] IPUIPlugin:80 - create IPUIPlugin
2025-12-22 10:31:09,356 [INFO] PluginManager:220 - loadIPPluginJar : add adc
2025-12-22 10:31:09,360 [INFO] IPUIPlugin:80 - create IPUIPlugin
2025-12-22 10:31:09,360 [INFO] PluginManager:220 - loadIPPluginJar : add aes
2025-12-22 10:31:09,363 [INFO] IPUIPlugin:80 - create IPUIPlugin
2025-12-22 10:31:09,364 [INFO] PluginManager:220 - loadIPPluginJar : add can
2025-12-22 10:31:09,367 [INFO] IPUIPlugin:80 - create IPUIPlugin
2025-12-22 10:31:09,367 [INFO] PluginManager:220 - loadIPPluginJar : add comp
2025-12-22 10:31:09,370 [INFO] IPUIPlugin:80 - create IPUIPlugin
2025-12-22 10:31:09,370 [INFO] PluginManager:220 - loadIPPluginJar : add cryp
2025-12-22 10:31:09,374 [INFO] IPUIPlugin:80 - create IPUIPlugin
2025-12-22 10:31:09,374 [INFO] PluginManager:220 - loadIPPluginJar : add ddr_ctrl_phy
2025-12-22 10:31:09,377 [INFO] IPUIPlugin:80 - create IPUIPlugin
2025-12-22 10:31:09,377 [INFO] PluginManager:220 - loadIPPluginJar : add dfsdm
2025-12-22 10:31:09,383 [INFO] IPUIPlugin:80 - create IPUIPlugin
2025-12-22 10:31:09,383 [INFO] PluginManager:220 - loadIPPluginJar : add dma
2025-12-22 10:31:09,387 [INFO] IPUIPlugin:80 - create IPUIPlugin
2025-12-22 10:31:09,387 [INFO] PluginManager:220 - loadIPPluginJar : add dma3
2025-12-22 10:31:09,390 [INFO] IPUIPlugin:80 - create IPUIPlugin
2025-12-22 10:31:09,391 [INFO] PluginManager:220 - loadIPPluginJar : add extmemmanager
2025-12-22 10:31:09,393 [INFO] IPUIPlugin:80 - create IPUIPlugin
2025-12-22 10:31:09,393 [INFO] PluginManager:220 - loadIPPluginJar : add fatfs
2025-12-22 10:31:09,400 [INFO] IPUIPlugin:80 - create IPUIPlugin
2025-12-22 10:31:09,400 [INFO] PluginManager:220 - loadIPPluginJar : add fmc
2025-12-22 10:31:09,407 [INFO] IPUIPlugin:80 - create IPUIPlugin
2025-12-22 10:31:09,407 [INFO] PluginManager:220 - loadIPPluginJar : add freertos
2025-12-22 10:31:09,409 [INFO] IPUIPlugin:80 - create IPUIPlugin
2025-12-22 10:31:09,409 [INFO] PluginManager:220 - loadIPPluginJar : add genericplugin
2025-12-22 10:31:09,412 [INFO] IPUIPlugin:80 - create IPUIPlugin
2025-12-22 10:31:09,412 [INFO] PluginManager:220 - loadIPPluginJar : add gfxmmu
2025-12-22 10:31:09,418 [INFO] IPUIPlugin:80 - create IPUIPlugin
2025-12-22 10:31:09,418 [INFO] PluginManager:220 - loadIPPluginJar : add gic
2025-12-22 10:31:09,424 [INFO] IPUIPlugin:80 - create IPUIPlugin
2025-12-22 10:31:09,424 [INFO] PluginManager:220 - loadIPPluginJar : add gpio
2025-12-22 10:31:09,430 [INFO] IPUIPlugin:80 - create IPUIPlugin
2025-12-22 10:31:09,430 [INFO] PluginManager:220 - loadIPPluginJar : add gtzc
2025-12-22 10:31:09,434 [INFO] IPUIPlugin:80 - create IPUIPlugin
2025-12-22 10:31:09,434 [INFO] PluginManager:220 - loadIPPluginJar : add hash
2025-12-22 10:31:09,438 [INFO] IPUIPlugin:80 - create IPUIPlugin
2025-12-22 10:31:09,438 [INFO] PluginManager:220 - loadIPPluginJar : add i2c
2025-12-22 10:31:09,442 [INFO] IPUIPlugin:80 - create IPUIPlugin
2025-12-22 10:31:09,442 [INFO] PluginManager:220 - loadIPPluginJar : add i2s
2025-12-22 10:31:09,447 [INFO] IPUIPlugin:80 - create IPUIPlugin
2025-12-22 10:31:09,447 [INFO] PluginManager:220 - loadIPPluginJar : add i3c
2025-12-22 10:31:09,452 [INFO] IPUIPlugin:80 - create IPUIPlugin
2025-12-22 10:31:09,452 [INFO] PluginManager:220 - loadIPPluginJar : add ipddr
2025-12-22 10:31:09,462 [INFO] IPUIPlugin:80 - create IPUIPlugin
2025-12-22 10:31:09,462 [INFO] PluginManager:220 - loadIPPluginJar : add linkedlist
2025-12-22 10:31:09,469 [INFO] IPUIPlugin:80 - create IPUIPlugin
2025-12-22 10:31:09,469 [INFO] PluginManager:220 - loadIPPluginJar : add lorawan
2025-12-22 10:31:09,472 [INFO] IPUIPlugin:80 - create IPUIPlugin
2025-12-22 10:31:09,472 [INFO] PluginManager:220 - loadIPPluginJar : add ltdc
2025-12-22 10:31:09,480 [INFO] IPUIPlugin:80 - create IPUIPlugin
2025-12-22 10:31:09,480 [INFO] PluginManager:220 - loadIPPluginJar : add mdma
2025-12-22 10:31:09,485 [INFO] IPUIPlugin:80 - create IPUIPlugin
2025-12-22 10:31:09,485 [INFO] PluginManager:220 - loadIPPluginJar : add nvic
2025-12-22 10:31:09,490 [INFO] IPUIPlugin:80 - create IPUIPlugin
2025-12-22 10:31:09,490 [INFO] PluginManager:220 - loadIPPluginJar : add opamp
2025-12-22 10:31:09,494 [INFO] IPUIPlugin:80 - create IPUIPlugin
2025-12-22 10:31:09,495 [INFO] PluginManager:220 - loadIPPluginJar : add openamp
2025-12-22 10:31:09,500 [INFO] IPUIPlugin:80 - create IPUIPlugin
2025-12-22 10:31:09,500 [INFO] PluginManager:220 - loadIPPluginJar : add pdm2pcm
2025-12-22 10:31:09,512 [INFO] IPUIPlugin:80 - create IPUIPlugin
2025-12-22 10:31:09,523 [INFO] PluginManager:220 - loadIPPluginJar : add plateformsettings
2025-12-22 10:31:09,527 [INFO] IPUIPlugin:80 - create IPUIPlugin
2025-12-22 10:31:09,527 [INFO] PluginManager:220 - loadIPPluginJar : add quadspi
2025-12-22 10:31:09,530 [INFO] IPUIPlugin:80 - create IPUIPlugin
2025-12-22 10:31:09,531 [INFO] PluginManager:220 - loadIPPluginJar : add radio
2025-12-22 10:31:09,536 [INFO] IPUIPlugin:80 - create IPUIPlugin
2025-12-22 10:31:09,537 [INFO] PluginManager:220 - loadIPPluginJar : add resmgrutility
2025-12-22 10:31:09,541 [INFO] IPUIPlugin:80 - create IPUIPlugin
2025-12-22 10:31:09,541 [INFO] PluginManager:220 - loadIPPluginJar : add sai
2025-12-22 10:31:09,545 [INFO] IPUIPlugin:80 - create IPUIPlugin
2025-12-22 10:31:09,545 [INFO] PluginManager:220 - loadIPPluginJar : add spi
2025-12-22 10:31:09,555 [INFO] IPUIPlugin:80 - create IPUIPlugin
2025-12-22 10:31:09,555 [INFO] PluginManager:220 - loadIPPluginJar : add stm32_wpan
2025-12-22 10:31:09,557 [INFO] IPUIPlugin:80 - create IPUIPlugin
2025-12-22 10:31:09,558 [INFO] PluginManager:220 - loadIPPluginJar : add tim
2025-12-22 10:31:09,563 [INFO] IPUIPlugin:80 - create IPUIPlugin
2025-12-22 10:31:09,563 [INFO] PluginManager:220 - loadIPPluginJar : add touchsensing
2025-12-22 10:31:09,566 [INFO] IPUIPlugin:80 - create IPUIPlugin
2025-12-22 10:31:09,567 [INFO] PluginManager:220 - loadIPPluginJar : add tracer_emb
2025-12-22 10:31:09,570 [INFO] IPUIPlugin:80 - create IPUIPlugin
2025-12-22 10:31:09,570 [INFO] PluginManager:220 - loadIPPluginJar : add ts
2025-12-22 10:31:09,572 [INFO] IPUIPlugin:80 - create IPUIPlugin
2025-12-22 10:31:09,572 [INFO] PluginManager:220 - loadIPPluginJar : add tsc
2025-12-22 10:31:09,575 [INFO] IPUIPlugin:80 - create IPUIPlugin
2025-12-22 10:31:09,576 [INFO] PluginManager:220 - loadIPPluginJar : add ucpd
2025-12-22 10:31:09,580 [INFO] IPUIPlugin:80 - create IPUIPlugin
2025-12-22 10:31:09,581 [INFO] PluginManager:220 - loadIPPluginJar : add usart
2025-12-22 10:31:09,584 [INFO] IPUIPlugin:80 - create IPUIPlugin
2025-12-22 10:31:09,585 [INFO] PluginManager:220 - loadIPPluginJar : add usbx
2025-12-22 10:31:09,722 [FATAL] Updater:351 - Updater called before beeing initialized
2025-12-22 10:31:09,761 [INFO] RulesReader:64 - Compatibility file has been processed (317 Rules)
2025-12-22 10:31:09,784 [INFO] RulesReader:64 - Compatibility file has been processed (317 Rules)
2025-12-22 10:31:09,803 [INFO] CADModel:165 - CPN selected for project level
2025-12-22 10:31:09,804 [INFO] CADModel:114 - Register for checkConnection events
2025-12-22 10:31:09,804 [FATAL] Updater:351 - Updater called before beeing initialized
2025-12-22 10:31:09,804 [ERROR] CADModel:125 - Updater not yet initialized, retry later 
2025-12-22 10:31:10,041 [FATAL] Updater:351 - Updater called before beeing initialized
2025-12-22 10:31:10,043 [INFO] CADModel:165 - CPN selected for project level
2025-12-22 10:31:10,043 [INFO] CADModel:114 - Register for checkConnection events
2025-12-22 10:31:10,043 [FATAL] Updater:351 - Updater called before beeing initialized
2025-12-22 10:31:10,043 [ERROR] CADModel:125 - Updater not yet initialized, retry later 
2025-12-22 10:31:10,048 [FATAL] Updater:351 - Updater called before beeing initialized
2025-12-22 10:31:10,224 [FATAL] Updater:351 - Updater called before beeing initialized
2025-12-22 10:31:10,230 [INFO] DbMcusAds:53 - JSON generation date=Tue Dec 16 04:41:46 IST 2025 (1765840306612)
2025-12-22 10:31:10,230 [FATAL] Updater:351 - Updater called before beeing initialized
2025-12-22 10:31:10,274 [WARN] DetailPanel:346 - Failed to get advertising image, set to default
2025-12-22 10:31:10,379 [FATAL] Updater:351 - Updater called before beeing initialized
2025-12-22 10:31:10,380 [FATAL] Updater:351 - Updater called before beeing initialized
2025-12-22 10:31:10,380 [FATAL] Updater:351 - Updater called before beeing initialized
2025-12-22 10:31:10,380 [WARN] DetailPanel:346 - Failed to get advertising image, set to default
2025-12-22 10:31:10,382 [FATAL] Updater:351 - Updater called before beeing initialized
2025-12-22 10:31:10,427 [ERROR] Updater:1198 - MainUpdater not yet initialized. External WinMGr cannot be set.
2025-12-22 10:31:10,429 [INFO] Updater:1134 - Updater Version found : 6.15.0
2025-12-22 10:31:10,443 [INFO] ApplicationProperties:184 - Using Application install path: C:\ST\STM32CubeIDE_1.19.0\STM32CubeIDE\plugins\com.st.stm32cube.common.mx_6.15.0.202507011659
2025-12-22 10:31:11,717 [INFO] ThirdPartyUpdaterWithRetryManager:70 - Updater plugin not ready yet. [2/15]
2025-12-22 10:31:12,015 [ERROR] LogOutputStream:75 - [STDERR_REDIRECT] Dec 22, 2025 10:31:12 AM java.util.prefs.WindowsPreferences <init>
2025-12-22 10:31:12,017 [ERROR] LogOutputStream:75 - [STDERR_REDIRECT] WARNING: Could not open/create prefs root node Software\JavaSoft\Prefs at root 0xffffffff80000002. Windows RegCreateKeyEx(...) returned error code 5.
2025-12-22 10:31:12,017 [ERROR] LogOutputStream:75 - [STDERR_REDIRECT] 
2025-12-22 10:31:12,585 [INFO] MainUpdater:2872 - connection check result : 10
2025-12-22 10:31:12,586 [INFO] MainUpdater:289 - Updater Check For Update Now.
2025-12-22 10:31:12,586 [INFO] MicroXplorer:498 - Change Database Version : DB.6.0.150
2025-12-22 10:31:12,595 [INFO] McuFinderGlobals:63 - Set McuFinder mode to 2 (CubeIDE integrated)
2025-12-22 10:31:12,595 [INFO] UserAuth:487 - Internet connection configuration mode: 1
2025-12-22 10:31:12,631 [INFO] JxBrowserEngine:152 - Initiate JxBrowser Engine with user profile folder
2025-12-22 10:31:12,802 [INFO] CheckServerUpdateThread:120 - End of CheckServer Thread
2025-12-22 10:31:13,551 [INFO] WebApp:169 - Instantiating new browser for Auth
2025-12-22 10:31:14,298 [INFO] WebApp:463 - Apply proxy settings
2025-12-22 10:31:14,299 [INFO] WebApp:548 - Chromium requires no authentication
2025-12-22 10:31:14,306 [INFO] WebApp:491 - Direct internet connection detected
2025-12-22 10:31:14,331 [INFO] WebApp:900 - Register for checkConnection events
2025-12-22 10:31:14,332 [INFO] WebApp:463 - Apply proxy settings
2025-12-22 10:31:14,332 [INFO] WebApp:548 - Chromium requires no authentication
2025-12-22 10:31:14,333 [INFO] WebApp:491 - Direct internet connection detected
2025-12-22 10:31:14,496 [INFO] WebApp:225 - Starting web application
2025-12-22 10:31:14,496 [INFO] WebApp:593 - Web application path used C:\ST\STM32CubeIDE_1.19.0\STM32CubeIDE\plugins\com.st.stm32cube.common.mx_6.15.0.202507011659\db\plugins\mcufinder\reactClient1\index.html
2025-12-22 10:31:14,586 [INFO] UserAuth:487 - Internet connection configuration mode: 1
2025-12-22 10:31:14,994 [WARN] PackLoader:240 - Cannot read IP mode file for STMicroelectronics.FP-SNS-MOTENVWB1.1.4.0
2025-12-22 10:31:15,007 [WARN] PackLoader:240 - Cannot read IP mode file for STMicroelectronics.FP-ATR-ASTRA1.2.0.2
2025-12-22 10:31:15,021 [WARN] PackLoader:240 - Cannot read IP mode file for STMicroelectronics.X-CUBE-SMBUS.2.1.0
2025-12-22 10:31:15,066 [WARN] PackLoader:240 - Cannot read IP mode file for STMicroelectronics.X-CUBE-AZRTOS-F7.1.1.0
2025-12-22 10:31:15,091 [WARN] PackLoader:240 - Cannot read IP mode file for STMicroelectronics.X-CUBE-DISPLAY.3.0.0
2025-12-22 10:31:15,126 [WARN] PackLoader:240 - Cannot read IP mode file for STMicroelectronics.X-CUBE-NFC10.1.0.0
2025-12-22 10:31:15,150 [WARN] PackLoader:240 - Cannot read IP mode file for STMicroelectronics.FP-SNS-SMARTAG2.1.2.0
2025-12-22 10:31:15,160 [WARN] PackLoader:240 - Cannot read IP mode file for STMicroelectronics.FP-SNS-FLIGHT1.5.1.0
2025-12-22 10:31:15,178 [INFO] LogOutputStream:77 - [STDOUT_REDIRECT] 1 : Invalid condition id : UX_CORESTACK_Condition cause : null
2025-12-22 10:31:15,179 [INFO] LogOutputStream:77 - [STDOUT_REDIRECT] 1 : Invalid condition id : UX_CORESTACK_Condition cause : null
2025-12-22 10:31:15,184 [INFO] LogOutputStream:77 - [STDOUT_REDIRECT] 1 : Invalid condition id : UX_CORESTACK_Condition cause : null
2025-12-22 10:31:15,186 [INFO] LogOutputStream:77 - [STDOUT_REDIRECT] 1 : Invalid condition id : UX_CORESTACK_Condition cause : null
2025-12-22 10:31:15,188 [INFO] LogOutputStream:77 - [STDOUT_REDIRECT] 1 : Invalid condition id : UX_CORESTACK_Condition cause : null
2025-12-22 10:31:15,193 [WARN] PackLoader:240 - Cannot read IP mode file for STMicroelectronics.X-CUBE-AZRTOS-WL.2.0.0
2025-12-22 10:31:15,208 [WARN] PackLoader:240 - Cannot read IP mode file for STMicroelectronics.X-CUBE-BLE2.3.3.0
2025-12-22 10:31:15,223 [WARN] PackLoader:240 - Cannot read IP mode file for STMicroelectronics.X-CUBE-NFC9.1.0.0
2025-12-22 10:31:15,236 [WARN] PackLoader:240 - Cannot read IP mode file for STMicroelectronics.X-CUBE-BLE1.7.1.0
2025-12-22 10:31:15,263 [WARN] PackLoader:240 - Cannot read IP mode file for STMicroelectronics.X-CUBE-AZRTOS-G0.1.1.0
2025-12-22 10:31:15,280 [WARN] PackLoader:240 - Cannot read IP mode file for STMicroelectronics.X-CUBE-NFC4.3.0.0
2025-12-22 10:31:15,300 [WARN] PackLoader:240 - Cannot read IP mode file for STMicroelectronics.X-CUBE-WB05N.2.0.0
2025-12-22 10:31:15,315 [WARN] PackLoader:240 - Cannot read IP mode file for STMicroelectronics.X-CUBE-TCPP.4.2.0
2025-12-22 10:31:15,328 [WARN] PackLoader:240 - Cannot read IP mode file for STMicroelectronics.FP-ATR-SIGFOX1.3.2.0
2025-12-22 10:31:15,346 [WARN] PackLoader:240 - Cannot read IP mode file for STMicroelectronics.X-CUBE-ALGOBUILD.1.4.0
2025-12-22 10:31:15,371 [WARN] PackLoader:240 - Cannot read IP mode file for STMicroelectronics.X-CUBE-PM33A1.1.0.0
2025-12-22 10:31:15,405 [WARN] PackLoader:240 - Cannot read IP mode file for STMicroelectronics.X-CUBE-AZRTOS-F4.1.1.0
2025-12-22 10:31:15,420 [WARN] PackLoader:240 - Cannot read IP mode file for STMicroelectronics.X-CUBE-ISPU.2.1.0
2025-12-22 10:31:15,457 [WARN] PackLoader:240 - Cannot read IP mode file for STMicroelectronics.X-CUBE-AZRTOS-L5.2.0.0
2025-12-22 10:31:15,479 [WARN] PackLoader:240 - Cannot read IP mode file for STMicroelectronics.X-CUBE-NFC6.3.1.0
2025-12-22 10:31:15,502 [WARN] PackLoader:240 - Cannot read IP mode file for STMicroelectronics.X-CUBE-DPower.1.3.0
2025-12-22 10:31:15,526 [WARN] ConditionMgr:438 - getConditionDescription Invalid condition id : LAN8742 Phy interface Condition cause : null
2025-12-22 10:31:15,527 [WARN] PackLoader:240 - Cannot read IP mode file for STMicroelectronics.X-CUBE-AZRTOS-L4.2.0.0
2025-12-22 10:31:15,529 [WARN] ConditionMgr:1044 - genDependencies : Invalid condition id : LAN8742 Phy interface Condition cause : null
2025-12-22 10:31:15,530 [WARN] ConditionMgr:1044 - genDependencies : Invalid condition id : LAN8742 Phy interface Condition cause : null
2025-12-22 10:31:15,531 [WARN] ConditionMgr:1044 - genDependencies : Invalid condition id : LAN8742 Phy interface Condition cause : null
2025-12-22 10:31:15,544 [WARN] PackLoader:240 - Cannot read IP mode file for STMicroelectronics.X-CUBE-SFXS2LP1.4.0.0
2025-12-22 10:31:15,562 [WARN] ConditionMgr:438 - getConditionDescription Invalid condition id : UX DEVICE CLASS RTOS Condition cause : null
2025-12-22 10:31:15,562 [WARN] ConditionMgr:438 - getConditionDescription Invalid condition id : UX DEVICE CLASS RTOS Condition cause : null
2025-12-22 10:31:15,566 [WARN] PackLoader:240 - Cannot read IP mode file for STMicroelectronics.X-CUBE-AZRTOS-WB.2.0.0
2025-12-22 10:31:15,567 [WARN] ConditionMgr:1044 - genDependencies : Invalid condition id : UX DEVICE CLASS RTOS Condition cause : null
2025-12-22 10:31:15,568 [WARN] ConditionMgr:1044 - genDependencies : Invalid condition id : UX DEVICE CLASS RTOS Condition cause : null
2025-12-22 10:31:15,568 [WARN] ConditionMgr:1044 - genDependencies : Invalid condition id : UX DEVICE CLASS RTOS Condition cause : null
2025-12-22 10:31:15,569 [WARN] ConditionMgr:1044 - genDependencies : Invalid condition id : UX DEVICE CLASS RTOS Condition cause : null
2025-12-22 10:31:15,569 [WARN] ConditionMgr:1044 - genDependencies : Invalid condition id : UX DEVICE CLASS RTOS Condition cause : null
2025-12-22 10:31:15,584 [WARN] PackLoader:240 - Cannot read IP mode file for STMicroelectronics.X-CUBE-SUBG2.5.0.0
2025-12-22 10:31:15,630 [WARN] PackLoader:240 - Cannot read IP mode file for STMicroelectronics.X-CUBE-AZRTOS-G4.2.0.0
2025-12-22 10:31:15,648 [WARN] PackLoader:240 - Cannot read IP mode file for STMicroelectronics.X-CUBE-NFC7.2.0.0
2025-12-22 10:31:15,662 [WARN] PackLoader:240 - Cannot read IP mode file for STMicroelectronics.X-CUBE-ALS.1.0.2
2025-12-22 10:31:15,734 [WARN] PackLoader:240 - Cannot read IP mode file for STMicroelectronics.X-CUBE-TOF1.3.4.3
2025-12-22 10:31:15,754 [INFO] ThirdParty:978 - Integrity check success = true
2025-12-22 10:31:15,754 [INFO] IntegrityCheckThread:100 - exiting critical section [integrity check]
2025-12-22 10:31:15,755 [INFO] IntegrityCheckThread:103 - End integrity checks thread
2025-12-22 10:31:15,770 [INFO] WebApp:191 - Connection restablished
2025-12-22 10:31:20,221 [INFO] McuFinderGlobals:63 - Set McuFinder mode to 2 (CubeIDE integrated)
2025-12-22 10:31:20,223 [INFO] MainUpdater:2872 - connection check result : 10
2025-12-22 10:31:20,706 [INFO] ApiDb:581 - Connected to CubeFinder SQLite database (C:\Users\aditi\.stmcufinder\plugins\mcufinder\mcu\cube-finder-db.db)
2025-12-22 10:31:20,788 [INFO] ApiDb:668 - CubeFinder database Data Model version=2.1
2025-12-22 10:31:20,788 [INFO] ApiDb:669 - CubeFinder database Configuration version=3.0.39
2025-12-22 10:31:20,789 [INFO] ApiDb:670 - CubeFinder database generation date=2025-11-05 (1762334721)
2025-12-22 10:31:20,789 [INFO] ApiDb:671 - CubeFinder database FW Pack versions=[FP-ATR-ASTRA1_V2.0.0, FP-SNS-FLIGHT1_V5.1.0, FP-SNS-MOTENV1_V5.1.0, FP-SNS-MOTENVWB1_V1.4.0, FP-SNS-SMARTAG2_V1.2.0, FP-SNS-STBOX1_V2.1.0, STM32Cube_FW_C0_V1.4.0, STM32Cube_FW_F4_V1.28.3, STM32Cube_FW_F7_V1.17.4, STM32Cube_FW_G0_V1.6.2, STM32Cube_FW_G4_V1.6.1, STM32Cube_FW_H5_V1.5.1, STM32Cube_FW_H7RS_V1.3.0, STM32Cube_FW_H7_V1.12.1, STM32Cube_FW_L0_V1.12.2, STM32Cube_FW_L4_V1.18.1, STM32Cube_FW_L5_V1.6.0, STM32Cube_FW_N6_V1.3.0, STM32Cube_FW_U0_V1.3.0, STM32Cube_FW_U3_V1.2.1, STM32Cube_FW_U5_V1.8.0, STM32Cube_FW_WB0_V1.4.0, STM32Cube_FW_WBA_V1.8.0, STM32Cube_FW_WB_V1.24.0, STM32Cube_FW_WL3_V1.3.0, STM32Cube_FW_WL_V1.4.0, X-CUBE-ALGOBUILD_V1.4.0, X-CUBE-ALS_V1.0.2, X-CUBE-AZRTOS-F4_V1.1.0, X-CUBE-AZRTOS-F7_V1.1.0, X-CUBE-AZRTOS-G0_V1.1.0, X-CUBE-AZRTOS-G4_V2.0.0, X-CUBE-AZRTOS-H7RS_V1.1.0, X-CUBE-AZRTOS-H7_V3.4.0, X-CUBE-AZRTOS-L4_V2.0.0, X-CUBE-AZRTOS-L5_V2.0.0, X-CUBE-AZRTOS-WB_V2.0.0, X-CUBE-AZRTOS-WL_V2.0.0, X-CUBE-BLE1_V7.1.0, X-CUBE-BLE2_V3.3.0, X-CUBE-BLEMGR_V4.1.0, X-CUBE-EEPRMA1_V5.2.0, X-CUBE-FREERTOS_V1.3.1, X-CUBE-GNSS1_V6.0.0, X-CUBE-MEMS1_V11.3.0, X-CUBE-NFC4_V3.0.0, X-CUBE-NFC7_V2.0.0, X-CUBE-SFXS2LP1_V4.0.0, X-CUBE-ST67W61_V1.1.0, X-CUBE-SUBG2_V5.0.0, X-CUBE-TOF1_V3.4.3]
2025-12-22 10:31:22,398 [INFO] ApiDb:240 - Found 880 in-development CPN: [B-G473E-ZEST1S, B-WB1M-WPAN1, B-WBA5M-WPAN, B-WL5M-SUBG1, NUCLEO-C031C6, NUCLEO-C051C8, NUCLEO-C071RB, NUCLEO-C092RC, NUCLEO-H503RB, NUCLEO-H533RE, NUCLEO-H563ZI, NUCLEO-H7S3L8, NUCLEO-N657X0-Q, NUCLEO-U031R8, NUCLEO-U083RC, NUCLEO-U385RG-Q, NUCLEO-U545RE-Q, NUCLEO-U5A5ZJ-Q, NUCLEO-WB05KZ, NUCLEO-WB07CC, NUCLEO-WB09KE, NUCLEO-WBA52CG, NUCLEO-WBA55CG, NUCLEO-WL33CC1, NUCLEO-WL33CC2, STEVAL-PROTEUS1, STEVAL-SMARTAG2, STEVAL-STWINBX1, STM320518-EVAL, STM32C0116-DK, STM32C011D6Y3TR, STM32C011D6Y6TR, STM32C011F4P3, STM32C011F4P6, STM32C011F4U3, STM32C011F4U6TR, STM32C011F6P3, STM32C011F6P6, STM32C011F6U3, STM32C011F6U6TR, STM32C011J4M3, STM32C011J4M6, STM32C011J6M3, STM32C011J6M6, STM32C0316-DK, STM32C031C4T3, STM32C031C4T6, STM32C031C4U3, STM32C031C4U6, STM32C031C6T3, STM32C031C6T6, STM32C031C6U3, STM32C031C6U6, STM32C031F4P3, STM32C031F4P6, STM32C031F6P3, STM32C031F6P6, STM32C031G4U3, STM32C031G4U6, STM32C031G6U3, STM32C031G6U6, STM32C031K4T3, STM32C031K4T6, STM32C031K4U3, STM32C031K4U6, STM32C031K6T3, STM32C031K6T6, STM32C031K6U3, STM32C031K6U6, STM32C051C6T6, STM32C051C6U6, STM32C051C8T6, STM32C051C8U6, STM32C051D8Y6TR, STM32C051F6P6, STM32C051F8P6, STM32C051G6U6, STM32C051G8U6, STM32C051K6T6, STM32C051K6U6, STM32C051K8T6, STM32C071C8T6, STM32C071C8T6N, STM32C071C8U6, STM32C071C8U6N, STM32C071CBT6, STM32C071CBT6N, STM32C071CBU6, STM32C071CBU6N, STM32C071F8P6, STM32C071F8P6N, STM32C071FBP6, STM32C071FBP6N, STM32C071FBY6TR, STM32C071G8U6, STM32C071G8U6N, STM32C071GBU6, STM32C071GBU6N, STM32C071K8T6, STM32C071K8T6N, STM32C071K8U6, STM32C071K8U6N, STM32C071KBT6, STM32C071KBT6N, STM32C071KBU6, STM32C071KBU6N, STM32C071R8T6, STM32C071R8T6N, STM32C071RBI6N, STM32C071RBT6, STM32C071RBT6N, STM32C091CBT6, STM32C091CBU6, STM32C091CCT6, STM32C091CCU6, STM32C091ECY6TR, STM32C091FBP6, STM32C091FCP6, STM32C091GBU6, STM32C091GCU6, STM32C091KBT6, STM32C091KBU6, STM32C091KCT6, STM32C091KCU6, STM32C091RBT6, STM32C091RCI6, STM32C091RCT6, STM32C092CBT6, STM32C092CBU6, STM32C092CCT6, STM32C092CCU6, STM32C092ECY6TR, STM32C092FBP6, STM32C092FCP6, STM32C092GBU6, STM32C092GCU6, STM32C092KBT6, STM32C092KBU6, STM32C092KCT6, STM32C092KCU6, STM32C092RBT6, STM32C092RCI6, STM32C092RCT6, STM32G071K8TXN, STM32G071K8UXN, STM32G081GBU6N, STM32G081KBT6N, STM32G081KBUXN, STM32G0B1CCT6N, STM32G0B1KCT6, STM32G0B1NEY6TR, STM32G0B1RCT6N, STM32G0C1CCT6, STM32G0C1CCT6N, STM32G0C1CCU6N, STM32G0C1CET6N, STM32G0C1CEU6N, STM32G0C1KCT6, STM32G0C1NEY6TR, STM32G0C1RCI6N, STM32G0C1RCT6N, STM32G0C1REI6N, STM32G0C1RET6N, STM32G0C1VCI6, STM32G0C1VEI6, STM32G411C6T3, STM32G411C6T6, STM32G411C6U3, STM32G411C6U6, STM32G411C8T3, STM32G411C8T6, STM32G411C8U3, STM32G411C8U6, STM32G411CBT3, STM32G411CBT6, STM32G411CBU3, STM32G411CBU6, STM32G411K6T3, STM32G411K6T6, STM32G411K6U3, STM32G411K6U6, STM32G411K8T3, STM32G411K8T6, STM32G411K8U3, STM32G411K8U6, STM32G411KBT3, STM32G411KBT6, STM32G411KBU3, STM32G411KBU6, STM32G411M6T3, STM32G411M6T6, STM32G411M8T3, STM32G411M8T6, STM32G411MBT3, STM32G411MBT6, STM32G411R6T3, STM32G411R6T6, STM32G411R8T3, STM32G411R8T6, STM32G411RBT3, STM32G411RBT6, STM32G414CBT3, STM32G414CBT6, STM32G414CBU3, STM32G414CBU6, STM32G414CCT3, STM32G414CCT6, STM32G414CCU3, STM32G414CCU6, STM32G414MBT3, STM32G414MBT6, STM32G414MCT3, STM32G414MCT6, STM32G414RBT3, STM32G414RBT6, STM32G414RCT3, STM32G414RCT6, STM32G414VBT3, STM32G414VBT6, STM32G414VCT3, STM32G414VCT6, STM32G431CBT3Z, STM32G431RBT3Z, STM32G471CCT6, STM32G471CCU6, STM32G471CET3, STM32G471CET6, STM32G471CEU3, STM32G471CEU6, STM32G471MCT6, STM32G471MET3, STM32G471MET6, STM32G471MEY6TR, STM32G471QCT6, STM32G471QET3, STM32G471RCT6, STM32G471RET3, STM32G471RET6, STM32G471VCH6, STM32G471VCI6, STM32G471VCT6, STM32G471VEH3, STM32G471VEH6, STM32G471VEI3, STM32G471VEI6, STM32G471VET3, STM32G471VET6, STM32G473QET3Z, STM32G473RET3Z, STM32G474CCT6, STM32G491RET3Z, STM32H503CBT6, STM32H503CBU6, STM32H503EBY6TR, STM32H503KBU6, STM32H503RBT6, STM32H523CCT6, STM32H523CCU6, STM32H523CET6, STM32H523CEU6, STM32H523HEY6TR, STM32H523RCT6, STM32H523RET6, STM32H523VCI6, STM32H523VCT6, STM32H523VEI6, STM32H523VET6, STM32H523ZCJ6, STM32H523ZCT6, STM32H523ZEJ6, STM32H523ZET6, STM32H533CET6, STM32H533CEU6, STM32H533HEY6TR, STM32H533RET6, STM32H533VEI6, STM32H533VET6, STM32H533ZEJ6, STM32H533ZET6, STM32H562AGI6, STM32H562AII6, STM32H562IGK6, STM32H562IGT6, STM32H562IIK6, STM32H562IIT6, STM32H562RGT6, STM32H562RGV6, STM32H562RIT6, STM32H562RIV6, STM32H562VGT6, STM32H562VIT6, STM32H562ZGT6, STM32H562ZIT6, STM32H563AGI6, STM32H563AII3Q, STM32H563AII6, STM32H563IGK6, STM32H563IGT6, STM32H563IIK3Q, STM32H563IIK6, STM32H563IIT3Q, STM32H563IIT6, STM32H563MIY3QTR, STM32H563RGT6, STM32H563RGV6, STM32H563RIT6, STM32H563RIV6, STM32H563VGT6, STM32H563VIT3Q, STM32H563VIT6, STM32H563ZGT6, STM32H563ZIT3Q, STM32H563ZIT6, STM32H573AII3Q, STM32H573AII6, STM32H573I-DK, STM32H573IIK3Q, STM32H573IIK6, STM32H573IIT3Q, STM32H573IIT6, STM32H573MIY3QTR, STM32H573RIT6, STM32H573RIV6, STM32H573VIT3Q, STM32H573VIT6, STM32H573ZIT3Q, STM32H573ZIT6, STM32H7R3A8I6, STM32H7R3I8K6, STM32H7R3I8T6, STM32H7R3L8H6, STM32H7R3L8H6H, STM32H7R3R8V6, STM32H7R3V8H6, STM32H7R3V8T6, STM32H7R3V8Y6TR, STM32H7R3Z8J6, STM32H7R3Z8T6, STM32H7R7A8I6, STM32H7R7I8K6, STM32H7R7I8T6, STM32H7R7L8H6, STM32H7R7L8H6H, STM32H7R7Z8J6, STM32H7S3A8I6, STM32H7S3I8K6, STM32H7S3I8T6, STM32H7S3L8H6, STM32H7S3L8H6H, STM32H7S3R8V6, STM32H7S3V8H6, STM32H7S3V8T6, STM32H7S3V8Y6TR, STM32H7S3Z8J6, STM32H7S3Z8T6, STM32H7S78-DK, STM32H7S7A8I6, STM32H7S7I8K6, STM32H7S7I8T6, STM32H7S7L8H6, STM32H7S7L8H6H, STM32H7S7Z8J6, STM32L4R5QGI6STR, STM32MP131AAE3, STM32MP131AAF3, STM32MP131AAG3, STM32MP131CAE3, STM32MP131CAF3, STM32MP131CAG3, STM32MP131DAE7, STM32MP131DAF7, STM32MP131DAG7, STM32MP131FAE7, STM32MP131FAF7, STM32MP131FAG7, STM32MP133AAE3, STM32MP133AAF3, STM32MP133AAG3, STM32MP133CAE3, STM32MP133CAF3, STM32MP133CAG3, STM32MP133DAE7, STM32MP133DAF7, STM32MP133DAG7, STM32MP133FAE7, STM32MP133FAF7, STM32MP133FAG7, STM32MP135AAE3, STM32MP135AAF3, STM32MP135AAG3, STM32MP135CAE3, STM32MP135CAF3, STM32MP135CAG3, STM32MP135DAE7, STM32MP135DAF7, STM32MP135DAG7, STM32MP135F-DK, STM32MP135FAE7, STM32MP135FAF7, STM32MP135FAF7T, STM32MP135FAF7U, STM32MP135FAG7, STM32MP211AAL3, STM32MP211AAM3, STM32MP211AAN3, STM32MP211AAO3, STM32MP211CAL3, STM32MP211CAM3, STM32MP211CAN3, STM32MP211CAO3, STM32MP211DAL3, STM32MP211DAM3, STM32MP211DAN3, STM32MP211DAO3, STM32MP211FAL3, STM32MP211FAM3, STM32MP211FAN3, STM32MP211FAO3, STM32MP213AAL3, STM32MP213AAM3, STM32MP213AAN3, STM32MP213AAO3, STM32MP213CAL3, STM32MP213CAM3, STM32MP213CAN3, STM32MP213CAO3, STM32MP213DAL3, STM32MP213DAM3, STM32MP213DAN3, STM32MP213DAO3, STM32MP213FAL3, STM32MP213FAM3, STM32MP213FAN3, STM32MP213FAO3, STM32MP215AAL3, STM32MP215AAM3, STM32MP215AAN3, STM32MP215AAO3, STM32MP215CAL3, STM32MP215CAM3, STM32MP215CAN3, STM32MP215CAO3, STM32MP215DAL3, STM32MP215DAM3, STM32MP215DAN3, STM32MP215DAO3, STM32MP215F-DK, STM32MP215FAL3, STM32MP215FAM3, STM32MP215FAN3, STM32MP215FAO3, STM32MP231AAJ3, STM32MP231AAK3, STM32MP231AAL3, STM32MP231CAJ3, STM32MP231CAK3, STM32MP231CAL3, STM32MP231DAJ3, STM32MP231DAK3, STM32MP231DAL3, STM32MP231FAJ3, STM32MP231FAK3, STM32MP231FAL3, STM32MP233AAJ3, STM32MP233AAK3, STM32MP233AAL3, STM32MP233CAJ3, STM32MP233CAK3, STM32MP233CAL3, STM32MP233DAJ3, STM32MP233DAK3, STM32MP233DAL3, STM32MP233FAJ3, STM32MP233FAK3, STM32MP233FAL3, STM32MP235AAJ3, STM32MP235AAK3, STM32MP235AAL3, STM32MP235CAJ3, STM32MP235CAK3, STM32MP235CAL3, STM32MP235DAJ3, STM32MP235DAK3, STM32MP235DAL3, STM32MP235FAJ3, STM32MP235FAK3, STM32MP235FAL3, STM32MP251AAI3, STM32MP251AAK3, STM32MP251AAL3, STM32MP251CAI3, STM32MP251CAK3, STM32MP251CAL3, STM32MP251DAI3, STM32MP251DAK3, STM32MP251DAL3, STM32MP251FAI3, STM32MP251FAK3, STM32MP251FAL3, STM32MP253AAI3, STM32MP253AAK3, STM32MP253AAL3, STM32MP253CAI3, STM32MP253CAK3, STM32MP253CAL3, STM32MP253DAI3, STM32MP253DAK3, STM32MP253DAL3, STM32MP253FAI3, STM32MP253FAK3, STM32MP253FAL3, STM32MP255AAI3, STM32MP255AAK3, STM32MP255AAL3, STM32MP255CAI3, STM32MP255CAK3, STM32MP255CAL3, STM32MP255DAI3, STM32MP255DAK3, STM32MP255DAL3, STM32MP255FAI3, STM32MP255FAK3, STM32MP255FAL3, STM32MP257AAI3, STM32MP257AAK3, STM32MP257AAL3, STM32MP257CAI3, STM32MP257CAK3, STM32MP257CAL3, STM32MP257DAI3, STM32MP257DAK3, STM32MP257DAL3, STM32MP257F-DK, STM32MP257F-EV1, STM32MP257FAI3, STM32MP257FAK3, STM32MP257FAL3, STM32N645A0H3Q, STM32N645B0H3Q, STM32N645I0H3Q, STM32N645L0H3Q, STM32N645X0H3Q, STM32N645Z0H3Q, STM32N647A0H3Q, STM32N647B0H3Q, STM32N647I0H3Q, STM32N647L0H3Q, STM32N647X0H3Q, STM32N647Z0H3Q, STM32N655A0H3Q, STM32N655B0H3Q, STM32N655I0H3Q, STM32N655L0H3Q, STM32N655X0H3Q, STM32N655Z0H3Q, STM32N6570-DK, STM32N657A0H3Q, STM32N657B0H3Q, STM32N657I0H3Q, STM32N657L0H3Q, STM32N657X0H3Q, STM32N657Z0H3Q, STM32U031C6T6, STM32U031C6U6, STM32U031C8T6, STM32U031C8U6, STM32U031F4P6, STM32U031F6P6, STM32U031F8P6, STM32U031G6Y6TR, STM32U031G8Y6TR, STM32U031K4U6, STM32U031K6U6, STM32U031K8U6, STM32U031R6I6, STM32U031R6T6, STM32U031R8I6, STM32U031R8T6, STM32U073C8T6, STM32U073C8U6, STM32U073CBT6, STM32U073CBU6, STM32U073CCT6, STM32U073CCU6, STM32U073H8Y6TR, STM32U073HBY6TR, STM32U073HCY6TR, STM32U073K8U6, STM32U073KBU6, STM32U073KCU6, STM32U073M8I6, STM32U073M8T6, STM32U073MBI6, STM32U073MBT6, STM32U073MCI6, STM32U073MCT6, STM32U073R8I6, STM32U073R8T6, STM32U073RBI6, STM32U073RBT6, STM32U073RCI6, STM32U073RCT6, STM32U083C-DK, STM32U083CCT6, STM32U083CCU6, STM32U083HCY6TR, STM32U083KCU6, STM32U083MCI6, STM32U083MCT6, STM32U083RCI6, STM32U083RCT6, STM32U375CET6, STM32U375CET6Q, STM32U375CEU6, STM32U375CEU6Q, STM32U375CEY6QTR, STM32U375CGT6, STM32U375CGT6Q, STM32U375CGU6, STM32U375CGU6Q, STM32U375CGY6QTR, STM32U375KEU6, STM32U375KGU6, STM32U375REI6, STM32U375REI6Q, STM32U375RET6, STM32U375RET6Q, STM32U375REY6GTR, STM32U375REY6QTR, STM32U375RGI6, STM32U375RGI6Q, STM32U375RGT6, STM32U375RGT6Q, STM32U375RGY6GTR, STM32U375RGY6QTR, STM32U375VEI6, STM32U375VEI6Q, STM32U375VET6, STM32U375VET6Q, STM32U375VGI6, STM32U375VGI6Q, STM32U375VGT6, STM32U375VGT6Q, STM32U385CGT6, STM32U385CGT6Q, STM32U385CGU6, STM32U385CGU6Q, STM32U385CGY6QTR, STM32U385KGU6, STM32U385RGI6, STM32U385RGI6Q, STM32U385RGT6, STM32U385RGT6Q, STM32U385RGY6GTR, STM32U385RGY6QTR, STM32U385VGI6, STM32U385VGI6Q, STM32U385VGT6, STM32U385VGT6Q, STM32U535CBT6, STM32U535CBT6Q, STM32U535CBU6, STM32U535CBU6Q, STM32U535CCT6, STM32U535CCT6Q, STM32U535CCU6, STM32U535CCU6Q, STM32U535CET6, STM32U535CET6Q, STM32U535CEU6, STM32U535CEU6Q, STM32U535JEY6QTR, STM32U535NCY6QTR, STM32U535NEY6QTR, STM32U535RBI6, STM32U535RBI6Q, STM32U535RBT6, STM32U535RBT6Q, STM32U535RCI6, STM32U535RCI6Q, STM32U535RCT6, STM32U535RCT6Q, STM32U535REI6, STM32U535REI6Q, STM32U535RET6, STM32U535RET6Q, STM32U535VCI6, STM32U535VCI6Q, STM32U535VCT6, STM32U535VCT6Q, STM32U535VEI6, STM32U535VEI6Q, STM32U535VET6, STM32U535VET6Q, STM32U545CET6, STM32U545CET6Q, STM32U545CEU6, STM32U545CEU6Q, STM32U545JEY6QTR, STM32U545NEY6QTR, STM32U545REI6, STM32U545REI6Q, STM32U545RET6, STM32U545RET6Q, STM32U545VEI6, STM32U545VEI6Q, STM32U545VET6, STM32U545VET6Q, STM32U595AIH6, STM32U595AIH6Q, STM32U595AJH6, STM32U595AJH6Q, STM32U595QII6, STM32U595QII6Q, STM32U595QJI6, STM32U595QJI6Q, STM32U595RIT6, STM32U595RIT6Q, STM32U595RJT6, STM32U595RJT6Q, STM32U595VIT6, STM32U595VIT6Q, STM32U595VJT6, STM32U595VJT6Q, STM32U595ZIT6, STM32U595ZIT6Q, STM32U595ZIY6QTR, STM32U595ZJT6, STM32U595ZJT6Q, STM32U595ZJY6QTR, STM32U599BJY6QTR, STM32U599NIH6Q, STM32U599NJH6Q, STM32U599VIT6Q, STM32U599VJT6, STM32U599VJT6Q, STM32U599ZIT6Q, STM32U599ZIY6QTR, STM32U599ZJT6Q, STM32U599ZJY6QTR, STM32U5A5AJH6, STM32U5A5AJH6Q, STM32U5A5QII3Q , STM32U5A5QJI6, STM32U5A5QJI6Q, STM32U5A5RJT6, STM32U5A5RJT6Q, STM32U5A5VJT6, STM32U5A5VJT6Q, STM32U5A5ZJT6, STM32U5A5ZJT6Q, STM32U5A5ZJY6QTR, STM32U5A9BJY6QTR, STM32U5A9J-DK, STM32U5A9NJH6Q, STM32U5A9VJT6Q, STM32U5A9ZJT6Q, STM32U5A9ZJY6QTR, STM32U5F7VIT6, STM32U5F7VIT6Q, STM32U5F7VJT6, STM32U5F7VJT6Q, STM32U5F9BJY6QTR, STM32U5F9NJH6Q, STM32U5F9VIT6Q, STM32U5F9VJT6Q, STM32U5F9ZIJ6QTR, STM32U5F9ZIT6Q, STM32U5F9ZJJ6QTR, STM32U5F9ZJT6Q, STM32U5G7VJT6, STM32U5G7VJT6Q, STM32U5G9BJY6QTR, STM32U5G9J-DK1, STM32U5G9J-DK2, STM32U5G9NJH6Q, STM32U5G9VJT6Q, STM32U5G9ZJJ6QTR, STM32U5G9ZJT6Q, STM32WB05KZV6TR, STM32WB05KZV7TR, STM32WB05TZF6TR, STM32WB05TZF7TR, STM32WB06CCF6TR, STM32WB06CCF7TR, STM32WB06CCV6TR, STM32WB06CCV7TR, STM32WB06KCV6TR, STM32WB06KCV7TR, STM32WB07CCF6TR, STM32WB07CCF7TR, STM32WB07CCV6TR, STM32WB07CCV7TR, STM32WB07KCV6TR, STM32WB07KCV7TR, STM32WB09KEV6TR, STM32WB09KEV7TR, STM32WB09TEF6TR, STM32WB09TEF7TR, STM32WB1MMCH6, STM32WBA50KGU6, STM32WBA50KGU6TR, STM32WBA52CEU6, STM32WBA52CEU6TR, STM32WBA52CEU7, STM32WBA52CEU7TR, STM32WBA52CGU6, STM32WBA52CGU6TR, STM32WBA52CGU6U, STM32WBA52CGU7, STM32WBA52CGU7TR, STM32WBA52KEU6, STM32WBA52KEU6TR, STM32WBA52KGU6, STM32WBA52KGU6TR, STM32WBA54CEU6, STM32WBA54CEU6TR, STM32WBA54CEU7, STM32WBA54CEU7TR, STM32WBA54CGU6, STM32WBA54CGU6TR, STM32WBA54CGU7, STM32WBA54CGU7TR, STM32WBA54KEU6, STM32WBA54KEU6TR, STM32WBA54KEU7, STM32WBA54KEU7TR, STM32WBA54KGU6, STM32WBA54KGU6TR, STM32WBA54KGU7, STM32WBA54KGU7TR, STM32WBA55CEU6, STM32WBA55CEU6TR, STM32WBA55CEU7, STM32WBA55CEU7TR, STM32WBA55CGU6, STM32WBA55CGU6TR, STM32WBA55CGU6U, STM32WBA55CGU7, STM32WBA55CGU7TR, STM32WBA55G-DK1, STM32WBA55HEF6, STM32WBA55HEF7, STM32WBA55HGF6, STM32WBA55HGF7, STM32WBA55UEI6, STM32WBA55UEI6TR, STM32WBA55UEI7, STM32WBA55UEI7TR, STM32WBA55UGI6, STM32WBA55UGI6TR, STM32WBA55UGI7, STM32WBA55UGI7TR, STM32WBA5MMGH6TR, STM32WBA62MGF6, STM32WBA62MIF6, STM32WBA65MGF7, STM32WBA65MIF6, STM32WBA65MIF7, STM32WL30K8V6, STM32WL30KBV6, STM32WL31C8V6, STM32WL31CBV6, STM32WL31K8V6, STM32WL31KBV6, STM32WL33C8V6, STM32WL33C8V6X, STM32WL33CBV6, STM32WL33CBV6X, STM32WL33CCV6, STM32WL33CCV6A, STM32WL33CCV6X, STM32WL33K8V7, STM32WL33K8V7X, STM32WL33KBV7 , STM32WL33KBV7X, STM32WL33KCV7, STM32WL33KCV7X, STM32WL5MOCH6, STM32WL5MOCH6TR]
2025-12-22 10:31:22,406 [INFO] DbMcus:218 - Found 4876 MCUs, 4876 are supported
2025-12-22 10:31:22,429 [INFO] ApiDb:423 - Load user favorites file C:\Users\aditi/.stm32cubeide/favorites.mcus.txt: 0 item(s)
2025-12-22 10:31:22,430 [INFO] ApiDb:427 - User favorites MCUs=[]
2025-12-22 10:31:22,430 [INFO] DbMcus:224 - Set 0 / 0 favorites MCUs
2025-12-22 10:31:22,781 [INFO] ApiDb:668 - CubeFinder database Data Model version=2.1
2025-12-22 10:31:22,782 [INFO] ApiDb:669 - CubeFinder database Configuration version=3.0.39
2025-12-22 10:31:22,782 [INFO] ApiDb:670 - CubeFinder database generation date=2025-11-05 (1762334721)
2025-12-22 10:31:22,782 [INFO] ApiDb:671 - CubeFinder database FW Pack versions=[FP-ATR-ASTRA1_V2.0.0, FP-SNS-FLIGHT1_V5.1.0, FP-SNS-MOTENV1_V5.1.0, FP-SNS-MOTENVWB1_V1.4.0, FP-SNS-SMARTAG2_V1.2.0, FP-SNS-STBOX1_V2.1.0, STM32Cube_FW_C0_V1.4.0, STM32Cube_FW_F4_V1.28.3, STM32Cube_FW_F7_V1.17.4, STM32Cube_FW_G0_V1.6.2, STM32Cube_FW_G4_V1.6.1, STM32Cube_FW_H5_V1.5.1, STM32Cube_FW_H7RS_V1.3.0, STM32Cube_FW_H7_V1.12.1, STM32Cube_FW_L0_V1.12.2, STM32Cube_FW_L4_V1.18.1, STM32Cube_FW_L5_V1.6.0, STM32Cube_FW_N6_V1.3.0, STM32Cube_FW_U0_V1.3.0, STM32Cube_FW_U3_V1.2.1, STM32Cube_FW_U5_V1.8.0, STM32Cube_FW_WB0_V1.4.0, STM32Cube_FW_WBA_V1.8.0, STM32Cube_FW_WB_V1.24.0, STM32Cube_FW_WL3_V1.3.0, STM32Cube_FW_WL_V1.4.0, X-CUBE-ALGOBUILD_V1.4.0, X-CUBE-ALS_V1.0.2, X-CUBE-AZRTOS-F4_V1.1.0, X-CUBE-AZRTOS-F7_V1.1.0, X-CUBE-AZRTOS-G0_V1.1.0, X-CUBE-AZRTOS-G4_V2.0.0, X-CUBE-AZRTOS-H7RS_V1.1.0, X-CUBE-AZRTOS-H7_V3.4.0, X-CUBE-AZRTOS-L4_V2.0.0, X-CUBE-AZRTOS-L5_V2.0.0, X-CUBE-AZRTOS-WB_V2.0.0, X-CUBE-AZRTOS-WL_V2.0.0, X-CUBE-BLE1_V7.1.0, X-CUBE-BLE2_V3.3.0, X-CUBE-BLEMGR_V4.1.0, X-CUBE-EEPRMA1_V5.2.0, X-CUBE-FREERTOS_V1.3.1, X-CUBE-GNSS1_V6.0.0, X-CUBE-MEMS1_V11.3.0, X-CUBE-NFC4_V3.0.0, X-CUBE-NFC7_V2.0.0, X-CUBE-SFXS2LP1_V4.0.0, X-CUBE-ST67W61_V1.1.0, X-CUBE-SUBG2_V5.0.0, X-CUBE-TOF1_V3.4.3]
2025-12-22 10:31:22,833 [INFO] DbBoardsSqlite:226 - include board P-NUCLEO-WB55-NUCLEO as a kit item of type 'Nucleo-64'
2025-12-22 10:31:22,833 [INFO] DbBoardsSqlite:226 - include board P-NUCLEO-WB55-USBDONGLE as a kit item of type 'Nucleo USB Dongle'
2025-12-22 10:31:22,834 [INFO] DbBoardsSqlite:226 - include board STEVAL-IDP005V1 as a kit item of type 'Evaluation Board'
2025-12-22 10:31:22,834 [INFO] DbBoardsSqlite:226 - include board STEVAL-IDP005V2 as a kit item of type 'Evaluation Board'
2025-12-22 10:31:22,888 [INFO] ApiDb:240 - Found 880 in-development CPN: [B-G473E-ZEST1S, B-WB1M-WPAN1, B-WBA5M-WPAN, B-WL5M-SUBG1, NUCLEO-C031C6, NUCLEO-C051C8, NUCLEO-C071RB, NUCLEO-C092RC, NUCLEO-H503RB, NUCLEO-H533RE, NUCLEO-H563ZI, NUCLEO-H7S3L8, NUCLEO-N657X0-Q, NUCLEO-U031R8, NUCLEO-U083RC, NUCLEO-U385RG-Q, NUCLEO-U545RE-Q, NUCLEO-U5A5ZJ-Q, NUCLEO-WB05KZ, NUCLEO-WB07CC, NUCLEO-WB09KE, NUCLEO-WBA52CG, NUCLEO-WBA55CG, NUCLEO-WL33CC1, NUCLEO-WL33CC2, STEVAL-PROTEUS1, STEVAL-SMARTAG2, STEVAL-STWINBX1, STM320518-EVAL, STM32C0116-DK, STM32C011D6Y3TR, STM32C011D6Y6TR, STM32C011F4P3, STM32C011F4P6, STM32C011F4U3, STM32C011F4U6TR, STM32C011F6P3, STM32C011F6P6, STM32C011F6U3, STM32C011F6U6TR, STM32C011J4M3, STM32C011J4M6, STM32C011J6M3, STM32C011J6M6, STM32C0316-DK, STM32C031C4T3, STM32C031C4T6, STM32C031C4U3, STM32C031C4U6, STM32C031C6T3, STM32C031C6T6, STM32C031C6U3, STM32C031C6U6, STM32C031F4P3, STM32C031F4P6, STM32C031F6P3, STM32C031F6P6, STM32C031G4U3, STM32C031G4U6, STM32C031G6U3, STM32C031G6U6, STM32C031K4T3, STM32C031K4T6, STM32C031K4U3, STM32C031K4U6, STM32C031K6T3, STM32C031K6T6, STM32C031K6U3, STM32C031K6U6, STM32C051C6T6, STM32C051C6U6, STM32C051C8T6, STM32C051C8U6, STM32C051D8Y6TR, STM32C051F6P6, STM32C051F8P6, STM32C051G6U6, STM32C051G8U6, STM32C051K6T6, STM32C051K6U6, STM32C051K8T6, STM32C071C8T6, STM32C071C8T6N, STM32C071C8U6, STM32C071C8U6N, STM32C071CBT6, STM32C071CBT6N, STM32C071CBU6, STM32C071CBU6N, STM32C071F8P6, STM32C071F8P6N, STM32C071FBP6, STM32C071FBP6N, STM32C071FBY6TR, STM32C071G8U6, STM32C071G8U6N, STM32C071GBU6, STM32C071GBU6N, STM32C071K8T6, STM32C071K8T6N, STM32C071K8U6, STM32C071K8U6N, STM32C071KBT6, STM32C071KBT6N, STM32C071KBU6, STM32C071KBU6N, STM32C071R8T6, STM32C071R8T6N, STM32C071RBI6N, STM32C071RBT6, STM32C071RBT6N, STM32C091CBT6, STM32C091CBU6, STM32C091CCT6, STM32C091CCU6, STM32C091ECY6TR, STM32C091FBP6, STM32C091FCP6, STM32C091GBU6, STM32C091GCU6, STM32C091KBT6, STM32C091KBU6, STM32C091KCT6, STM32C091KCU6, STM32C091RBT6, STM32C091RCI6, STM32C091RCT6, STM32C092CBT6, STM32C092CBU6, STM32C092CCT6, STM32C092CCU6, STM32C092ECY6TR, STM32C092FBP6, STM32C092FCP6, STM32C092GBU6, STM32C092GCU6, STM32C092KBT6, STM32C092KBU6, STM32C092KCT6, STM32C092KCU6, STM32C092RBT6, STM32C092RCI6, STM32C092RCT6, STM32G071K8TXN, STM32G071K8UXN, STM32G081GBU6N, STM32G081KBT6N, STM32G081KBUXN, STM32G0B1CCT6N, STM32G0B1KCT6, STM32G0B1NEY6TR, STM32G0B1RCT6N, STM32G0C1CCT6, STM32G0C1CCT6N, STM32G0C1CCU6N, STM32G0C1CET6N, STM32G0C1CEU6N, STM32G0C1KCT6, STM32G0C1NEY6TR, STM32G0C1RCI6N, STM32G0C1RCT6N, STM32G0C1REI6N, STM32G0C1RET6N, STM32G0C1VCI6, STM32G0C1VEI6, STM32G411C6T3, STM32G411C6T6, STM32G411C6U3, STM32G411C6U6, STM32G411C8T3, STM32G411C8T6, STM32G411C8U3, STM32G411C8U6, STM32G411CBT3, STM32G411CBT6, STM32G411CBU3, STM32G411CBU6, STM32G411K6T3, STM32G411K6T6, STM32G411K6U3, STM32G411K6U6, STM32G411K8T3, STM32G411K8T6, STM32G411K8U3, STM32G411K8U6, STM32G411KBT3, STM32G411KBT6, STM32G411KBU3, STM32G411KBU6, STM32G411M6T3, STM32G411M6T6, STM32G411M8T3, STM32G411M8T6, STM32G411MBT3, STM32G411MBT6, STM32G411R6T3, STM32G411R6T6, STM32G411R8T3, STM32G411R8T6, STM32G411RBT3, STM32G411RBT6, STM32G414CBT3, STM32G414CBT6, STM32G414CBU3, STM32G414CBU6, STM32G414CCT3, STM32G414CCT6, STM32G414CCU3, STM32G414CCU6, STM32G414MBT3, STM32G414MBT6, STM32G414MCT3, STM32G414MCT6, STM32G414RBT3, STM32G414RBT6, STM32G414RCT3, STM32G414RCT6, STM32G414VBT3, STM32G414VBT6, STM32G414VCT3, STM32G414VCT6, STM32G431CBT3Z, STM32G431RBT3Z, STM32G471CCT6, STM32G471CCU6, STM32G471CET3, STM32G471CET6, STM32G471CEU3, STM32G471CEU6, STM32G471MCT6, STM32G471MET3, STM32G471MET6, STM32G471MEY6TR, STM32G471QCT6, STM32G471QET3, STM32G471RCT6, STM32G471RET3, STM32G471RET6, STM32G471VCH6, STM32G471VCI6, STM32G471VCT6, STM32G471VEH3, STM32G471VEH6, STM32G471VEI3, STM32G471VEI6, STM32G471VET3, STM32G471VET6, STM32G473QET3Z, STM32G473RET3Z, STM32G474CCT6, STM32G491RET3Z, STM32H503CBT6, STM32H503CBU6, STM32H503EBY6TR, STM32H503KBU6, STM32H503RBT6, STM32H523CCT6, STM32H523CCU6, STM32H523CET6, STM32H523CEU6, STM32H523HEY6TR, STM32H523RCT6, STM32H523RET6, STM32H523VCI6, STM32H523VCT6, STM32H523VEI6, STM32H523VET6, STM32H523ZCJ6, STM32H523ZCT6, STM32H523ZEJ6, STM32H523ZET6, STM32H533CET6, STM32H533CEU6, STM32H533HEY6TR, STM32H533RET6, STM32H533VEI6, STM32H533VET6, STM32H533ZEJ6, STM32H533ZET6, STM32H562AGI6, STM32H562AII6, STM32H562IGK6, STM32H562IGT6, STM32H562IIK6, STM32H562IIT6, STM32H562RGT6, STM32H562RGV6, STM32H562RIT6, STM32H562RIV6, STM32H562VGT6, STM32H562VIT6, STM32H562ZGT6, STM32H562ZIT6, STM32H563AGI6, STM32H563AII3Q, STM32H563AII6, STM32H563IGK6, STM32H563IGT6, STM32H563IIK3Q, STM32H563IIK6, STM32H563IIT3Q, STM32H563IIT6, STM32H563MIY3QTR, STM32H563RGT6, STM32H563RGV6, STM32H563RIT6, STM32H563RIV6, STM32H563VGT6, STM32H563VIT3Q, STM32H563VIT6, STM32H563ZGT6, STM32H563ZIT3Q, STM32H563ZIT6, STM32H573AII3Q, STM32H573AII6, STM32H573I-DK, STM32H573IIK3Q, STM32H573IIK6, STM32H573IIT3Q, STM32H573IIT6, STM32H573MIY3QTR, STM32H573RIT6, STM32H573RIV6, STM32H573VIT3Q, STM32H573VIT6, STM32H573ZIT3Q, STM32H573ZIT6, STM32H7R3A8I6, STM32H7R3I8K6, STM32H7R3I8T6, STM32H7R3L8H6, STM32H7R3L8H6H, STM32H7R3R8V6, STM32H7R3V8H6, STM32H7R3V8T6, STM32H7R3V8Y6TR, STM32H7R3Z8J6, STM32H7R3Z8T6, STM32H7R7A8I6, STM32H7R7I8K6, STM32H7R7I8T6, STM32H7R7L8H6, STM32H7R7L8H6H, STM32H7R7Z8J6, STM32H7S3A8I6, STM32H7S3I8K6, STM32H7S3I8T6, STM32H7S3L8H6, STM32H7S3L8H6H, STM32H7S3R8V6, STM32H7S3V8H6, STM32H7S3V8T6, STM32H7S3V8Y6TR, STM32H7S3Z8J6, STM32H7S3Z8T6, STM32H7S78-DK, STM32H7S7A8I6, STM32H7S7I8K6, STM32H7S7I8T6, STM32H7S7L8H6, STM32H7S7L8H6H, STM32H7S7Z8J6, STM32L4R5QGI6STR, STM32MP131AAE3, STM32MP131AAF3, STM32MP131AAG3, STM32MP131CAE3, STM32MP131CAF3, STM32MP131CAG3, STM32MP131DAE7, STM32MP131DAF7, STM32MP131DAG7, STM32MP131FAE7, STM32MP131FAF7, STM32MP131FAG7, STM32MP133AAE3, STM32MP133AAF3, STM32MP133AAG3, STM32MP133CAE3, STM32MP133CAF3, STM32MP133CAG3, STM32MP133DAE7, STM32MP133DAF7, STM32MP133DAG7, STM32MP133FAE7, STM32MP133FAF7, STM32MP133FAG7, STM32MP135AAE3, STM32MP135AAF3, STM32MP135AAG3, STM32MP135CAE3, STM32MP135CAF3, STM32MP135CAG3, STM32MP135DAE7, STM32MP135DAF7, STM32MP135DAG7, STM32MP135F-DK, STM32MP135FAE7, STM32MP135FAF7, STM32MP135FAF7T, STM32MP135FAF7U, STM32MP135FAG7, STM32MP211AAL3, STM32MP211AAM3, STM32MP211AAN3, STM32MP211AAO3, STM32MP211CAL3, STM32MP211CAM3, STM32MP211CAN3, STM32MP211CAO3, STM32MP211DAL3, STM32MP211DAM3, STM32MP211DAN3, STM32MP211DAO3, STM32MP211FAL3, STM32MP211FAM3, STM32MP211FAN3, STM32MP211FAO3, STM32MP213AAL3, STM32MP213AAM3, STM32MP213AAN3, STM32MP213AAO3, STM32MP213CAL3, STM32MP213CAM3, STM32MP213CAN3, STM32MP213CAO3, STM32MP213DAL3, STM32MP213DAM3, STM32MP213DAN3, STM32MP213DAO3, STM32MP213FAL3, STM32MP213FAM3, STM32MP213FAN3, STM32MP213FAO3, STM32MP215AAL3, STM32MP215AAM3, STM32MP215AAN3, STM32MP215AAO3, STM32MP215CAL3, STM32MP215CAM3, STM32MP215CAN3, STM32MP215CAO3, STM32MP215DAL3, STM32MP215DAM3, STM32MP215DAN3, STM32MP215DAO3, STM32MP215F-DK, STM32MP215FAL3, STM32MP215FAM3, STM32MP215FAN3, STM32MP215FAO3, STM32MP231AAJ3, STM32MP231AAK3, STM32MP231AAL3, STM32MP231CAJ3, STM32MP231CAK3, STM32MP231CAL3, STM32MP231DAJ3, STM32MP231DAK3, STM32MP231DAL3, STM32MP231FAJ3, STM32MP231FAK3, STM32MP231FAL3, STM32MP233AAJ3, STM32MP233AAK3, STM32MP233AAL3, STM32MP233CAJ3, STM32MP233CAK3, STM32MP233CAL3, STM32MP233DAJ3, STM32MP233DAK3, STM32MP233DAL3, STM32MP233FAJ3, STM32MP233FAK3, STM32MP233FAL3, STM32MP235AAJ3, STM32MP235AAK3, STM32MP235AAL3, STM32MP235CAJ3, STM32MP235CAK3, STM32MP235CAL3, STM32MP235DAJ3, STM32MP235DAK3, STM32MP235DAL3, STM32MP235FAJ3, STM32MP235FAK3, STM32MP235FAL3, STM32MP251AAI3, STM32MP251AAK3, STM32MP251AAL3, STM32MP251CAI3, STM32MP251CAK3, STM32MP251CAL3, STM32MP251DAI3, STM32MP251DAK3, STM32MP251DAL3, STM32MP251FAI3, STM32MP251FAK3, STM32MP251FAL3, STM32MP253AAI3, STM32MP253AAK3, STM32MP253AAL3, STM32MP253CAI3, STM32MP253CAK3, STM32MP253CAL3, STM32MP253DAI3, STM32MP253DAK3, STM32MP253DAL3, STM32MP253FAI3, STM32MP253FAK3, STM32MP253FAL3, STM32MP255AAI3, STM32MP255AAK3, STM32MP255AAL3, STM32MP255CAI3, STM32MP255CAK3, STM32MP255CAL3, STM32MP255DAI3, STM32MP255DAK3, STM32MP255DAL3, STM32MP255FAI3, STM32MP255FAK3, STM32MP255FAL3, STM32MP257AAI3, STM32MP257AAK3, STM32MP257AAL3, STM32MP257CAI3, STM32MP257CAK3, STM32MP257CAL3, STM32MP257DAI3, STM32MP257DAK3, STM32MP257DAL3, STM32MP257F-DK, STM32MP257F-EV1, STM32MP257FAI3, STM32MP257FAK3, STM32MP257FAL3, STM32N645A0H3Q, STM32N645B0H3Q, STM32N645I0H3Q, STM32N645L0H3Q, STM32N645X0H3Q, STM32N645Z0H3Q, STM32N647A0H3Q, STM32N647B0H3Q, STM32N647I0H3Q, STM32N647L0H3Q, STM32N647X0H3Q, STM32N647Z0H3Q, STM32N655A0H3Q, STM32N655B0H3Q, STM32N655I0H3Q, STM32N655L0H3Q, STM32N655X0H3Q, STM32N655Z0H3Q, STM32N6570-DK, STM32N657A0H3Q, STM32N657B0H3Q, STM32N657I0H3Q, STM32N657L0H3Q, STM32N657X0H3Q, STM32N657Z0H3Q, STM32U031C6T6, STM32U031C6U6, STM32U031C8T6, STM32U031C8U6, STM32U031F4P6, STM32U031F6P6, STM32U031F8P6, STM32U031G6Y6TR, STM32U031G8Y6TR, STM32U031K4U6, STM32U031K6U6, STM32U031K8U6, STM32U031R6I6, STM32U031R6T6, STM32U031R8I6, STM32U031R8T6, STM32U073C8T6, STM32U073C8U6, STM32U073CBT6, STM32U073CBU6, STM32U073CCT6, STM32U073CCU6, STM32U073H8Y6TR, STM32U073HBY6TR, STM32U073HCY6TR, STM32U073K8U6, STM32U073KBU6, STM32U073KCU6, STM32U073M8I6, STM32U073M8T6, STM32U073MBI6, STM32U073MBT6, STM32U073MCI6, STM32U073MCT6, STM32U073R8I6, STM32U073R8T6, STM32U073RBI6, STM32U073RBT6, STM32U073RCI6, STM32U073RCT6, STM32U083C-DK, STM32U083CCT6, STM32U083CCU6, STM32U083HCY6TR, STM32U083KCU6, STM32U083MCI6, STM32U083MCT6, STM32U083RCI6, STM32U083RCT6, STM32U375CET6, STM32U375CET6Q, STM32U375CEU6, STM32U375CEU6Q, STM32U375CEY6QTR, STM32U375CGT6, STM32U375CGT6Q, STM32U375CGU6, STM32U375CGU6Q, STM32U375CGY6QTR, STM32U375KEU6, STM32U375KGU6, STM32U375REI6, STM32U375REI6Q, STM32U375RET6, STM32U375RET6Q, STM32U375REY6GTR, STM32U375REY6QTR, STM32U375RGI6, STM32U375RGI6Q, STM32U375RGT6, STM32U375RGT6Q, STM32U375RGY6GTR, STM32U375RGY6QTR, STM32U375VEI6, STM32U375VEI6Q, STM32U375VET6, STM32U375VET6Q, STM32U375VGI6, STM32U375VGI6Q, STM32U375VGT6, STM32U375VGT6Q, STM32U385CGT6, STM32U385CGT6Q, STM32U385CGU6, STM32U385CGU6Q, STM32U385CGY6QTR, STM32U385KGU6, STM32U385RGI6, STM32U385RGI6Q, STM32U385RGT6, STM32U385RGT6Q, STM32U385RGY6GTR, STM32U385RGY6QTR, STM32U385VGI6, STM32U385VGI6Q, STM32U385VGT6, STM32U385VGT6Q, STM32U535CBT6, STM32U535CBT6Q, STM32U535CBU6, STM32U535CBU6Q, STM32U535CCT6, STM32U535CCT6Q, STM32U535CCU6, STM32U535CCU6Q, STM32U535CET6, STM32U535CET6Q, STM32U535CEU6, STM32U535CEU6Q, STM32U535JEY6QTR, STM32U535NCY6QTR, STM32U535NEY6QTR, STM32U535RBI6, STM32U535RBI6Q, STM32U535RBT6, STM32U535RBT6Q, STM32U535RCI6, STM32U535RCI6Q, STM32U535RCT6, STM32U535RCT6Q, STM32U535REI6, STM32U535REI6Q, STM32U535RET6, STM32U535RET6Q, STM32U535VCI6, STM32U535VCI6Q, STM32U535VCT6, STM32U535VCT6Q, STM32U535VEI6, STM32U535VEI6Q, STM32U535VET6, STM32U535VET6Q, STM32U545CET6, STM32U545CET6Q, STM32U545CEU6, STM32U545CEU6Q, STM32U545JEY6QTR, STM32U545NEY6QTR, STM32U545REI6, STM32U545REI6Q, STM32U545RET6, STM32U545RET6Q, STM32U545VEI6, STM32U545VEI6Q, STM32U545VET6, STM32U545VET6Q, STM32U595AIH6, STM32U595AIH6Q, STM32U595AJH6, STM32U595AJH6Q, STM32U595QII6, STM32U595QII6Q, STM32U595QJI6, STM32U595QJI6Q, STM32U595RIT6, STM32U595RIT6Q, STM32U595RJT6, STM32U595RJT6Q, STM32U595VIT6, STM32U595VIT6Q, STM32U595VJT6, STM32U595VJT6Q, STM32U595ZIT6, STM32U595ZIT6Q, STM32U595ZIY6QTR, STM32U595ZJT6, STM32U595ZJT6Q, STM32U595ZJY6QTR, STM32U599BJY6QTR, STM32U599NIH6Q, STM32U599NJH6Q, STM32U599VIT6Q, STM32U599VJT6, STM32U599VJT6Q, STM32U599ZIT6Q, STM32U599ZIY6QTR, STM32U599ZJT6Q, STM32U599ZJY6QTR, STM32U5A5AJH6, STM32U5A5AJH6Q, STM32U5A5QII3Q , STM32U5A5QJI6, STM32U5A5QJI6Q, STM32U5A5RJT6, STM32U5A5RJT6Q, STM32U5A5VJT6, STM32U5A5VJT6Q, STM32U5A5ZJT6, STM32U5A5ZJT6Q, STM32U5A5ZJY6QTR, STM32U5A9BJY6QTR, STM32U5A9J-DK, STM32U5A9NJH6Q, STM32U5A9VJT6Q, STM32U5A9ZJT6Q, STM32U5A9ZJY6QTR, STM32U5F7VIT6, STM32U5F7VIT6Q, STM32U5F7VJT6, STM32U5F7VJT6Q, STM32U5F9BJY6QTR, STM32U5F9NJH6Q, STM32U5F9VIT6Q, STM32U5F9VJT6Q, STM32U5F9ZIJ6QTR, STM32U5F9ZIT6Q, STM32U5F9ZJJ6QTR, STM32U5F9ZJT6Q, STM32U5G7VJT6, STM32U5G7VJT6Q, STM32U5G9BJY6QTR, STM32U5G9J-DK1, STM32U5G9J-DK2, STM32U5G9NJH6Q, STM32U5G9VJT6Q, STM32U5G9ZJJ6QTR, STM32U5G9ZJT6Q, STM32WB05KZV6TR, STM32WB05KZV7TR, STM32WB05TZF6TR, STM32WB05TZF7TR, STM32WB06CCF6TR, STM32WB06CCF7TR, STM32WB06CCV6TR, STM32WB06CCV7TR, STM32WB06KCV6TR, STM32WB06KCV7TR, STM32WB07CCF6TR, STM32WB07CCF7TR, STM32WB07CCV6TR, STM32WB07CCV7TR, STM32WB07KCV6TR, STM32WB07KCV7TR, STM32WB09KEV6TR, STM32WB09KEV7TR, STM32WB09TEF6TR, STM32WB09TEF7TR, STM32WB1MMCH6, STM32WBA50KGU6, STM32WBA50KGU6TR, STM32WBA52CEU6, STM32WBA52CEU6TR, STM32WBA52CEU7, STM32WBA52CEU7TR, STM32WBA52CGU6, STM32WBA52CGU6TR, STM32WBA52CGU6U, STM32WBA52CGU7, STM32WBA52CGU7TR, STM32WBA52KEU6, STM32WBA52KEU6TR, STM32WBA52KGU6, STM32WBA52KGU6TR, STM32WBA54CEU6, STM32WBA54CEU6TR, STM32WBA54CEU7, STM32WBA54CEU7TR, STM32WBA54CGU6, STM32WBA54CGU6TR, STM32WBA54CGU7, STM32WBA54CGU7TR, STM32WBA54KEU6, STM32WBA54KEU6TR, STM32WBA54KEU7, STM32WBA54KEU7TR, STM32WBA54KGU6, STM32WBA54KGU6TR, STM32WBA54KGU7, STM32WBA54KGU7TR, STM32WBA55CEU6, STM32WBA55CEU6TR, STM32WBA55CEU7, STM32WBA55CEU7TR, STM32WBA55CGU6, STM32WBA55CGU6TR, STM32WBA55CGU6U, STM32WBA55CGU7, STM32WBA55CGU7TR, STM32WBA55G-DK1, STM32WBA55HEF6, STM32WBA55HEF7, STM32WBA55HGF6, STM32WBA55HGF7, STM32WBA55UEI6, STM32WBA55UEI6TR, STM32WBA55UEI7, STM32WBA55UEI7TR, STM32WBA55UGI6, STM32WBA55UGI6TR, STM32WBA55UGI7, STM32WBA55UGI7TR, STM32WBA5MMGH6TR, STM32WBA62MGF6, STM32WBA62MIF6, STM32WBA65MGF7, STM32WBA65MIF6, STM32WBA65MIF7, STM32WL30K8V6, STM32WL30KBV6, STM32WL31C8V6, STM32WL31CBV6, STM32WL31K8V6, STM32WL31KBV6, STM32WL33C8V6, STM32WL33C8V6X, STM32WL33CBV6, STM32WL33CBV6X, STM32WL33CCV6, STM32WL33CCV6A, STM32WL33CCV6X, STM32WL33K8V7, STM32WL33K8V7X, STM32WL33KBV7 , STM32WL33KBV7X, STM32WL33KCV7, STM32WL33KCV7X, STM32WL5MOCH6, STM32WL5MOCH6TR]
2025-12-22 10:31:23,093 [INFO] BoardInfo:889 - No configuration file found for board P-NUCLEO-WB55
2025-12-22 10:31:23,094 [INFO] DbBoards:161 - Kit is not supported: P-NUCLEO-WB55
2025-12-22 10:31:23,101 [INFO] BoardInfo:889 - No configuration file found for board STEVAL-BFA001V1B
2025-12-22 10:31:23,102 [INFO] DbBoards:161 - Kit is not supported: STEVAL-BFA001V1B
2025-12-22 10:31:23,103 [INFO] BoardInfo:889 - No configuration file found for board STEVAL-BFA001V2B
2025-12-22 10:31:23,104 [INFO] DbBoards:161 - Kit is not supported: STEVAL-BFA001V2B
2025-12-22 10:31:23,370 [INFO] DbBoards:168 - Found 212 boards, 209 are supported
2025-12-22 10:31:23,371 [INFO] DbBoards:169 - Found 212 boards, 43 of them is supported for  Bsp
2025-12-22 10:31:23,373 [INFO] ApiDb:423 - Load user favorites file C:\Users\aditi/.stm32cubeide/favorites.boards.txt: 1 item(s)
2025-12-22 10:31:23,373 [INFO] ApiDb:427 - User favorites Boards=[STM32F407G-DISC1]
2025-12-22 10:31:23,373 [INFO] DbBoards:198 - Set 1 / 1 favorites Boards
2025-12-22 10:31:23,373 [INFO] McuFinderGlobals:76 - Set McuFinderConnectedMode to true
2025-12-22 10:31:23,379 [INFO] MultiScanPanel:200 - Auto-refresh data requested => check proxy status ongoing
2025-12-22 10:31:23,381 [INFO] FinderPluginLoader:96 - Searching for filters in installed packs
2025-12-22 10:31:24,717 [INFO] LoadUrlFilesThread:185 - End of LoadServerUrlFiles without Thread
2025-12-22 10:31:24,722 [INFO] DetailPanel:341 - Set advertising image to C:/Users/aditi/STM32Cube/Repository/\en.prom-st67w-expansion-board.png
2025-12-22 10:33:38,903 [INFO] MultiScanPanel:200 - Auto-refresh data requested => check proxy status ongoing
2025-12-22 10:33:39,603 [INFO] LoadUrlFilesThread:185 - End of LoadServerUrlFiles without Thread
2025-12-22 10:33:39,604 [INFO] DetailPanel:341 - Set advertising image to C:/Users/aditi/STM32Cube/Repository/\en.prom-st67w-expansion-board.png
2025-12-22 10:33:39,659 [INFO] DbBoards:642 - Loading board mini-images...
2025-12-22 10:33:41,543 [ERROR] DbBoards:659 - Image file not found for board STM32MP215F-DK: C:\Users\aditi\.stmcufinder\plugins\mcufinder//mcu//boards_images/STM32MP215F-DK.jpg
2025-12-22 10:33:41,635 [INFO] DbBoards:665 - Loaded 211 board mini-images
2025-12-22 10:34:27,625 [INFO] MainUpdater:2872 - connection check result : 10
2025-12-22 10:34:27,625 [INFO] MainUpdater:2872 - connection check result : 10
2025-12-22 10:34:27,646 [INFO] MicroXplorer:468 - Change Database Path : 
2025-12-22 10:34:27,647 [INFO] MicroXplorer:498 - Change Database Version : DB.6.0.150
2025-12-22 10:34:27,656 [WARN] ThirdParty:871 - waiting for thirdparty lock release [close project]
2025-12-22 10:34:27,657 [INFO] ThirdParty:873 - entering critical section [close project]
2025-12-22 10:34:27,658 [INFO] ThirdParty:883 - exiting critical section [close project]
2025-12-22 10:34:27,663 [INFO] PinOutPanel:1589 - setPackage(No Configuration,No Configuration)
2025-12-22 10:34:27,668 [INFO] UtilMem:75 - Begin LoadConfig() Used Memory: 568382824 Bytes (1073741824)
2025-12-22 10:34:27,678 [INFO] OpenFileManager:355 - Change cursor
2025-12-22 10:34:27,775 [INFO] ProjectFactory:514 - No CPN specified for board STM32F407G-DISC1 => set CPN to STM32F407VGT6
2025-12-22 10:34:27,790 [INFO] Mcu:2029 - Initializing MCU STM32F407V(E-G)Tx STM32F407VGTx STM32F407VGT6
2025-12-22 10:34:30,098 [INFO] Context:786 - Trying to add GPIOservice into a context  which must be forbidden
2025-12-22 10:34:30,775 [INFO] Rule:233 - rule 117617 - U5Cobra4M][GTZC] default value MPCBB3 and MPCBB5 - Not Secured memory - MPCBB1 is applicable
2025-12-22 10:34:30,776 [INFO] Rule:233 - rule 117617 - U5Cobra4M][GTZC] default value MPCBB3 and MPCBB5 - Not Secured memory - MPCBB1 is applicable
2025-12-22 10:34:30,776 [INFO] Rule:233 - rule 117617 - U5Cobra4M][GTZC] default value MPCBB3 and MPCBB5 - Not Secured memory - MPCBB2 is applicable
2025-12-22 10:34:30,776 [INFO] Rule:233 - rule 117617 - U5Cobra4M][GTZC] default value MPCBB3 and MPCBB5 - Not Secured memory - MPCBB2 is applicable
2025-12-22 10:34:30,776 [INFO] Rule:233 - rule 117617 - U5Cobra4M][GTZC] default value MPCBB3 and MPCBB5 - Not Secured memory - MPCBB3 is applicable
2025-12-22 10:34:30,776 [INFO] Rule:233 - rule 117617 - U5Cobra4M][GTZC] default value MPCBB3 and MPCBB5 - Not Secured memory - MPCBB3 is applicable
2025-12-22 10:34:30,776 [INFO] Rule:233 - rule 117617 - U5Cobra4M][GTZC] default value MPCBB3 and MPCBB5 - Not Secured memory - MPCBB4 is applicable
2025-12-22 10:34:30,776 [INFO] Rule:233 - rule 117617 - U5Cobra4M][GTZC] default value MPCBB3 and MPCBB5 - Not Secured memory - MPCBB4 is applicable
2025-12-22 10:34:30,776 [INFO] Rule:233 - rule 117617 - U5Cobra4M][GTZC] default value MPCBB3 and MPCBB5 - Secured memory - MPCBB1 is applicable
2025-12-22 10:34:30,777 [INFO] Rule:233 - rule 117617 - U5Cobra4M][GTZC] default value MPCBB3 and MPCBB5 - Secured memory - MPCBB2 is applicable
2025-12-22 10:34:30,777 [INFO] Rule:233 - rule 117617 - U5Cobra4M][GTZC] default value MPCBB3 and MPCBB5 - Secured memory - MPCBB3 is applicable
2025-12-22 10:34:30,777 [INFO] Rule:233 - rule 117617 - U5Cobra4M][GTZC] default value MPCBB3 and MPCBB5 - Secured memory - MPCBB4 is applicable
2025-12-22 10:34:30,777 [INFO] Rule:233 - rule 117617 - U5Cobra4M][GTZC] default value MPCBB3 and MPCBB5 - Privileged memory - MPCBB1 is applicable
2025-12-22 10:34:30,777 [INFO] Rule:233 - rule 117617 - U5Cobra4M][GTZC] default value MPCBB3 and MPCBB5 - Privileged memory - MPCBB2 is applicable
2025-12-22 10:34:30,777 [INFO] Rule:233 - rule 117617 - U5Cobra4M][GTZC] default value MPCBB3 and MPCBB5 - Privileged memory - MPCBB3 is applicable
2025-12-22 10:34:30,777 [INFO] Rule:233 - rule 117617 - U5Cobra4M][GTZC] default value MPCBB3 and MPCBB5 - Privileged memory - MPCBB4 is applicable
2025-12-22 10:34:30,777 [INFO] Rule:233 - rule 117617 - U5Cobra4M][GTZC] default value MPCBB3 and MPCBB5 - Not Privileged memory - MPCBB1 is applicable
2025-12-22 10:34:30,777 [INFO] Rule:233 - rule 117617 - U5Cobra4M][GTZC] default value MPCBB3 and MPCBB5 - Not Privileged memory - MPCBB2 is applicable
2025-12-22 10:34:30,777 [INFO] Rule:233 - rule 117617 - U5Cobra4M][GTZC] default value MPCBB3 and MPCBB5 - Not Privileged memory - MPCBB3 is applicable
2025-12-22 10:34:30,777 [INFO] Rule:233 - rule 117617 - U5Cobra4M][GTZC] default value MPCBB3 and MPCBB5 - Not Privileged memory - MPCBB4 is applicable
2025-12-22 10:34:30,777 [INFO] Rule:233 - rule 117617 - U5Cobra4M][GTZC] default value MPCBB3 and MPCBB5 - Privileged memory - MPCBB1 is applicable
2025-12-22 10:34:30,777 [INFO] Rule:233 - rule 117617 - U5Cobra4M][GTZC] default value MPCBB3 and MPCBB5 - Privileged memory - MPCBB2 is applicable
2025-12-22 10:34:30,778 [INFO] Rule:233 - rule 117617 - U5Cobra4M][GTZC] default value MPCBB3 and MPCBB5 - Privileged memory - MPCBB3 is applicable
2025-12-22 10:34:30,778 [INFO] Rule:233 - rule 117617 - U5Cobra4M][GTZC] default value MPCBB3 and MPCBB5 - Privileged memory - MPCBB4 is applicable
2025-12-22 10:34:30,778 [INFO] Rule:233 - rule 117617 - U5Cobra4M][GTZC] default value MPCBB3 and MPCBB5 - Privileged memory - MPCBB1 is applicable
2025-12-22 10:34:30,778 [INFO] Rule:233 - rule 117617 - U5Cobra4M][GTZC] default value MPCBB3 and MPCBB5 - Privileged memory - MPCBB2 is applicable
2025-12-22 10:34:30,778 [INFO] Rule:233 - rule 117617 - U5Cobra4M][GTZC] default value MPCBB3 and MPCBB5 - Privileged memory - MPCBB3 is applicable
2025-12-22 10:34:30,778 [INFO] Rule:233 - rule 117617 - U5Cobra4M][GTZC] default value MPCBB3 and MPCBB5 - Privileged memory - MPCBB4 is applicable
2025-12-22 10:34:30,778 [INFO] Rule:233 - rule 117617 - U5Cobra4M][GTZC] default value MPCBB3 and MPCBB5 - Not Privileged memory - MPCBB1 is applicable
2025-12-22 10:34:30,778 [INFO] Rule:233 - rule 117617 - U5Cobra4M][GTZC] default value MPCBB3 and MPCBB5 - Not Privileged memory - MPCBB2 is applicable
2025-12-22 10:34:30,778 [INFO] Rule:233 - rule 117617 - U5Cobra4M][GTZC] default value MPCBB3 and MPCBB5 - Not Privileged memory - MPCBB3 is applicable
2025-12-22 10:34:30,778 [INFO] Rule:233 - rule 117617 - U5Cobra4M][GTZC] default value MPCBB3 and MPCBB5 - Not Privileged memory - MPCBB4 is applicable
2025-12-22 10:34:30,778 [INFO] Rule:233 - rule 117617 - U5Cobra4M][GTZC] default value MPCBB3 and MPCBB5 - Privileged memory - MPCBB1 is applicable
2025-12-22 10:34:30,778 [INFO] Rule:233 - rule 117617 - U5Cobra4M][GTZC] default value MPCBB3 and MPCBB5 - Privileged memory - MPCBB2 is applicable
2025-12-22 10:34:30,779 [INFO] Rule:233 - rule 117617 - U5Cobra4M][GTZC] default value MPCBB3 and MPCBB5 - Privileged memory - MPCBB3 is applicable
2025-12-22 10:34:30,779 [INFO] Rule:233 - rule 117617 - U5Cobra4M][GTZC] default value MPCBB3 and MPCBB5 - Privileged memory - MPCBB4 is applicable
2025-12-22 10:34:30,779 [INFO] Rule:233 - rule Rename SubGHz_Phy SUBGHZ_APPLICATION SUBGHZ_PINGPONG to SUBGHZ_ADV_APPLICATION is applicable
2025-12-22 10:34:30,779 [INFO] Rule:233 - rule Rename Enabled to IBEACON is applicable
2025-12-22 10:34:30,779 [INFO] Rule:233 - rule GTZC_S instance for project manager is applicable
2025-12-22 10:34:30,779 [INFO] Rule:233 - rule GTZC_S instance for context M33S is applicable
2025-12-22 10:34:30,779 [INFO] Rule:233 - rule GTZC_S instance value for IP GTZC is applicable
2025-12-22 10:34:30,779 [INFO] Rule:233 - rule GTZC_S instance for mcu.IP is applicable
2025-12-22 10:34:30,779 [INFO] Rule:233 - rule GTZC_S instance for VP is applicable
2025-12-22 10:34:30,779 [INFO] Rule:233 - rule GTZC_S instance for signal is applicable
2025-12-22 10:34:30,779 [INFO] Rule:233 - rule GTZC_S instance for mcu.Pin is applicable
2025-12-22 10:34:30,780 [INFO] Rule:233 - rule GTZC_S instance for VP is applicable
2025-12-22 10:34:30,780 [INFO] Rule:233 - rule GTZC_S instance for signal is applicable
2025-12-22 10:34:30,780 [INFO] Rule:233 - rule GTZC_S instance for mcu is applicable
2025-12-22 10:34:30,780 [INFO] Rule:233 - rule GTZC_S instance for mcu.Pin is applicable
2025-12-22 10:34:30,780 [INFO] Rule:233 - rule GTZC_S instance value for IP GTZC is applicable
2025-12-22 10:34:30,780 [INFO] Rule:233 - rule GTZC_S instance for project manager is applicable
2025-12-22 10:34:30,780 [INFO] Rule:233 - rule GTZC_S instance for context M33S is applicable
2025-12-22 10:34:30,780 [INFO] Rule:233 - rule GTZC_S instance for VP is applicable
2025-12-22 10:34:30,780 [INFO] Rule:233 - rule GTZC_S instance for signal is applicable
2025-12-22 10:34:30,780 [INFO] Rule:233 - rule SPDIFRX instance for mcu is applicable
2025-12-22 10:34:30,781 [INFO] Rule:233 - rule Rename Tracer Mode is applicable
2025-12-22 10:34:30,781 [INFO] Rule:233 - rule SPDIFRX instance value for IP SPDIFRX is applicable
2025-12-22 10:34:30,781 [INFO] Rule:233 - rule SPDIFRX instance for signal is applicable
2025-12-22 10:34:30,781 [INFO] Rule:233 - rule SPDIFRX instance for project manager is applicable
2025-12-22 10:34:30,781 [INFO] Rule:233 - rule SPDIFRX instance for project manager is applicable
2025-12-22 10:34:30,781 [INFO] Rule:233 - rule ADC Scan  fix with FW F7 is applicable
2025-12-22 10:34:30,782 [INFO] Rule:233 - rule ADC Scan  fix with FW F7 is applicable
2025-12-22 10:34:30,782 [INFO] Rule:233 - rule WakeUp0 Mode is applicable
2025-12-22 10:34:30,782 [INFO] Rule:233 - rule WakeUp0 SIGNAL is applicable
2025-12-22 10:34:30,783 [INFO] Rule:233 - rule WakeUp1 Mode is applicable
2025-12-22 10:34:30,783 [INFO] Rule:233 - rule WakeUp1 SIGNAL is applicable
2025-12-22 10:34:30,783 [INFO] Rule:233 - rule WakeUp2 Mode is applicable
2025-12-22 10:34:30,783 [INFO] Rule:233 - rule WakeUp2 SIGNAL is applicable
2025-12-22 10:34:30,783 [INFO] Rule:233 - rule WakeUp4 Mode is applicable
2025-12-22 10:34:30,783 [INFO] Rule:233 - rule WakeUp4 SIGNAL is applicable
2025-12-22 10:34:30,783 [INFO] Rule:233 - rule WakeUp5 Mode is applicable
2025-12-22 10:34:30,783 [INFO] Rule:233 - rule WakeUp5 SIGNAL is applicable
2025-12-22 10:34:30,784 [INFO] Rule:233 - rule UART/USART WORD LENGTH 7 is applicable
2025-12-22 10:34:30,784 [INFO] Rule:233 - rule UART/USART WORD LENGTH 8 is applicable
2025-12-22 10:34:30,784 [INFO] Rule:233 - rule UART/USART WORD LENGTH 9 is applicable
2025-12-22 10:34:30,784 [INFO] Rule:233 - rule Change Default Value for LSE Drive Capability for WB family is applicable
2025-12-22 10:34:30,784 [INFO] Rule:233 - rule Change Default Value for ADC Clock Prescaler G0 family is applicable
2025-12-22 10:34:30,784 [INFO] Rule:233 - rule ADC SamplingTime fix with FW L0  is applicable
2025-12-22 10:34:30,784 [INFO] Rule:233 - rule ADC SamplingTime fix with FW L0  is applicable
2025-12-22 10:34:30,784 [INFO] Rule:233 - rule ADC SamplingTime fix with FW L0 is applicable
2025-12-22 10:34:30,784 [INFO] Rule:233 - rule ADC SamplingTime fix with FW L0 is applicable
2025-12-22 10:34:30,784 [INFO] Rule:233 - rule ADC SamplingTime fix with FW L0  is applicable
2025-12-22 10:34:30,784 [INFO] Rule:233 - rule ADC SamplingTime fix with FW L0 is applicable
2025-12-22 10:34:30,785 [INFO] Rule:233 - rule Rename USB_OE Signal is applicable
2025-12-22 10:34:30,785 [INFO] Rule:233 - rule Rename Activate_OE Mode is applicable
2025-12-22 10:34:30,785 [INFO] Rule:233 - rule Rename DIE462/DIE415 pin PC14/OSC32_IN -> PC14-OSC32_IN (PC14) is applicable
2025-12-22 10:34:30,785 [INFO] Rule:233 - rule Rename DIE462/DIE415 pin PC15/OSC32_OUT -> PC15-OSC32_OUT (PC15) is applicable
2025-12-22 10:34:30,785 [INFO] Rule:233 - rule Rename DIE462/DIE415 pin PH0/OSC_IN -> PH0-OSC_IN (PH0) is applicable
2025-12-22 10:34:30,785 [INFO] Rule:233 - rule Rename DIE462/DIE415 pin PH1/OSC_OUT -> PH1-OSC_OUT (PH1) is applicable
2025-12-22 10:34:30,785 [INFO] Rule:233 - rule Rename DIE462 pin PA13 -> PA13 (JTMS/SWDIO) is applicable
2025-12-22 10:34:30,785 [INFO] Rule:233 - rule Rename DIE415 pin PA13 -> PA13 (JTMS/SWDIO) is applicable
2025-12-22 10:34:30,785 [INFO] Rule:233 - rule Rename DIE462 pin PA14 -> PA14 (JTCK/SWCLK) is applicable
2025-12-22 10:34:30,786 [INFO] Rule:233 - rule Rename DIE415 pin PA14 -> PA14 (JTCK/SWCLK) is applicable
2025-12-22 10:34:30,786 [INFO] Rule:233 - rule Rename DIE462/DIE415 pin PA15 -> PA15 (JTDI) is applicable
2025-12-22 10:34:30,786 [INFO] Rule:233 - rule Rename DIE462 pin PB3 -> PB3 (JTD0/TRACESWO) is applicable
2025-12-22 10:34:30,786 [INFO] Rule:233 - rule Rename DIE415 pin PB3 -> PB3 (JTD0-TRACESWO) is applicable
2025-12-22 10:34:30,786 [INFO] Rule:233 - rule Rename DIE462/DIE415 pin PB4 -> PB4 (NJTRST) is applicable
2025-12-22 10:34:30,786 [INFO] Rule:233 - rule Rename DIE462 pin PH3/BOOT0 -> PH3-BOOT0 (BOOT0) is applicable
2025-12-22 10:34:30,786 [INFO] Rule:233 - rule Rename CRYP DataEncryptionTypesList to Algorithm is applicable
2025-12-22 10:34:30,786 [INFO] Rule:233 - rule Rename AES DataEncryptionTypesList to Algorithm is applicable
2025-12-22 10:34:30,786 [INFO] Rule:233 - rule Rename TDESECB to CRYP_TDES_ECB is applicable
2025-12-22 10:34:30,786 [INFO] Rule:233 - rule Rename TDESCBC to CRYP_TDES_CBC is applicable
2025-12-22 10:34:30,786 [INFO] Rule:233 - rule Rename DESECB to CRYP_DES_ECB is applicable
2025-12-22 10:34:30,786 [INFO] Rule:233 - rule Rename DESCBC to CRYP_DES_CBC is applicable
2025-12-22 10:34:30,786 [INFO] Rule:233 - rule Rename AESECB to CRYP_AES_ECB is applicable
2025-12-22 10:34:30,786 [INFO] Rule:233 - rule Rename AESCBC to CRYP_AES_CBC is applicable
2025-12-22 10:34:30,787 [INFO] Rule:233 - rule Rename AESCTR to CRYP_AES_CTR is applicable
2025-12-22 10:34:30,787 [INFO] Rule:233 - rule Rename AESGCM to CRYP_AES_GCM is applicable
2025-12-22 10:34:30,787 [INFO] Rule:233 - rule Rename AESCCM to CRYP_AES_CCM is applicable
2025-12-22 10:34:30,787 [INFO] Rule:233 - rule Rename CAN TimeSeg1 to BS1 is applicable
2025-12-22 10:34:30,787 [INFO] Rule:233 - rule Rename CAN TimeSeg2 to BS2 is applicable
2025-12-22 10:34:30,787 [INFO] Rule:233 - rule Rename CAN SyncJumpWidth to SJW is applicable
2025-12-22 10:34:30,787 [INFO] Rule:233 - rule TimeTriggeredMode to TTCM is applicable
2025-12-22 10:34:30,787 [INFO] Rule:233 - rule Rename CAN AutoBusOff to ABOM is applicable
2025-12-22 10:34:30,788 [INFO] Rule:233 - rule Rename CAN AutoWakeUp to AWUM is applicable
2025-12-22 10:34:30,788 [INFO] Rule:233 - rule Rename CAN AutoRetransmission to NART is applicable
2025-12-22 10:34:30,788 [INFO] Rule:233 - rule Rename CAN ReceiveFifoLocked to RFLM is applicable
2025-12-22 10:34:30,788 [INFO] Rule:233 - rule Rename CAN TransmitFifoPriority to TXFP is applicable
2025-12-22 10:34:30,788 [INFO] Rule:233 - rule Rename HRTIMER HRTIM_OUTPUTFAULTLEVEL_HIGH in HRTIMER HRTIM_OUTPUTFAULTLEVEL_HIGHZ is applicable
2025-12-22 10:34:30,788 [INFO] Rule:233 - rule Rename TIMER TIM_CLEARINPUTSOURCE_OCREFCLR in  TIMER TIM_CLEARINPUTSOURCE_NONE for F7 family is applicable
2025-12-22 10:34:30,788 [INFO] Rule:233 - rule FDCAN_R1 - Rename FDCAN mode Master into Classic is applicable
2025-12-22 10:34:30,788 [INFO] Rule:233 - rule FDCAN_R2 - Rename FDCAN mode Slave into Classic is applicable
2025-12-22 10:34:30,788 [INFO] Rule:233 - rule FDCAN1_R3 - if PA10.Mode=FullDuplex, add Pin PA12 is applicable
2025-12-22 10:34:30,788 [INFO] Rule:233 - rule FDCAN1_R3 - if PA9.Mode=FullDuplex, add Pin PA11 is applicable
2025-12-22 10:34:30,789 [INFO] Rule:233 - rule FDCAN1_R3 - Alternatepin_1 - if PE1.Mode=FullDuplex, add Pin PB9 is applicable
2025-12-22 10:34:30,789 [INFO] Rule:233 - rule FDCAN1_R3 - Alternatepin_1 - if PE0.Mode=FullDuplex, add Pin PB8 is applicable
2025-12-22 10:34:30,789 [INFO] Rule:233 - rule FDCAN1_R3 - Alternatepin_2 - if PD5.Mode=FullDuplex, add Pin PD1 is applicable
2025-12-22 10:34:30,789 [INFO] Rule:233 - rule FDCAN1_R3 - Alternatepin_2 - if PD4.Mode=FullDuplex, add Pin PD0 is applicable
2025-12-22 10:34:30,789 [INFO] Rule:233 - rule FDCAN1_R4 - Rename Mode FullDuplex into Enable FDCAN_TXFD for pin PA10 is applicable
2025-12-22 10:34:30,789 [INFO] Rule:233 - rule FDCAN1_R4 - Rename Mode FullDuplex into Enable FDCAN_TXFD for pin PA9 is applicable
2025-12-22 10:34:30,789 [INFO] Rule:233 - rule FDCAN1_R4 - Alternatepin_1 - Rename Mode FullDuplex into Enable FDCAN_TXFD for pin PE1 is applicable
2025-12-22 10:34:30,789 [INFO] Rule:233 - rule FDCAN1_R4 - Alternatepin_1 - Rename Mode FullDuplex into Enable FDCAN_TXFD for pin PE0 is applicable
2025-12-22 10:34:30,790 [INFO] Rule:233 - rule FDCAN1_R4 - Alternatepin_2 - Rename Mode FullDuplex into Enable FDCAN_TXFD for pin PD5 is applicable
2025-12-22 10:34:30,790 [INFO] Rule:233 - rule FDCAN1_R4 - Alternatepin_2 - Rename Mode FullDuplex into Enable FDCAN_TXFD for pin PD4 is applicable
2025-12-22 10:34:30,790 [INFO] Rule:233 - rule FDCAN2_R3 - if PD10.Mode=FullDuplex, add Pin PB13 is applicable
2025-12-22 10:34:30,790 [INFO] Rule:233 - rule FDCAN2_R3 - if PD9.Mode=FullDuplex, add Pin PB12 is applicable
2025-12-22 10:34:30,790 [INFO] Rule:233 - rule FDCAN2_R3 - Alternatepin_1 - if PB7.Mode=FullDuplex, add Pin PB6 is applicable
2025-12-22 10:34:30,790 [INFO] Rule:233 - rule FDCAN2_R3 - Alternatepin_1 - if PD9.Mode=FullDuplex, add Pin PB12 is applicable
2025-12-22 10:34:30,790 [INFO] Rule:233 - rule FDCAN2_R4 - Rename Mode FullDuplex into Enable FDCAN_TXFD for pin PD10 is applicable
2025-12-22 10:34:30,790 [INFO] Rule:233 - rule FDCAN2_R4 - Rename Mode FullDuplex into Enable FDCAN_TXFD for pin PD9 is applicable
2025-12-22 10:34:30,790 [INFO] Rule:233 - rule FDCAN2_R4 - Alternatepin_1 - Rename Mode FullDuplex into Enable FDCAN_TXFD for pin PB7 is applicable
2025-12-22 10:34:30,791 [INFO] Rule:233 - rule FDCAN2_R4 - Alternatepin_1 - Rename Mode FullDuplex into Enable FDCAN_TXFD for pin PD6 is applicable
2025-12-22 10:34:30,791 [INFO] Rule:233 - rule USART TxPinLevelInvertParam Mode is applicable
2025-12-22 10:34:30,791 [INFO] Rule:233 - rule USART RxPinLevelInvertParam Mode is applicable
2025-12-22 10:34:30,791 [INFO] Rule:233 - rule USART DataInvertParam Mode is applicable
2025-12-22 10:34:30,791 [INFO] Rule:233 - rule USART SwapParam Mode is applicable
2025-12-22 10:34:30,791 [INFO] Rule:233 - rule USART OverrunDisableParam Mode is applicable
2025-12-22 10:34:30,791 [INFO] Rule:233 - rule USART DMADisableonRxErrorParam Mode is applicable
2025-12-22 10:34:30,791 [INFO] Rule:233 - rule USART MSBFirstParam Mode is applicable
2025-12-22 10:34:30,791 [INFO] Rule:233 - rule Update MwName for USB_DEVICE is applicable
2025-12-22 10:34:30,791 [INFO] Rule:233 - rule Change PWR_Regulator_Voltage_Scale Default Value for RCC  H7 family is applicable
2025-12-22 10:34:30,792 [INFO] Rule:233 - rule UART/USART IPParameter rename Prescaler parameter to ClockPrescaler is applicable
2025-12-22 10:34:30,792 [INFO] Rule:233 - rule UART/USART Prescaler rename Prescaler parameter to ClockPrescaler is applicable
2025-12-22 10:34:30,792 [INFO] Rule:233 - rule TIM1CLockSelection is applicable
2025-12-22 10:34:30,792 [INFO] Rule:233 - rule TIM15CLockSelection is applicable
2025-12-22 10:34:30,792 [INFO] Rule:233 - rule align RCC SDMMC3CLockSelection default value on MP1 is applicable
2025-12-22 10:34:30,792 [INFO] Rule:233 - rule align RCC SDMMC12CLockSelection default value on MP1 is applicable
2025-12-22 10:34:30,792 [INFO] Rule:233 - rule align RCC QSPICLockSelection default value on MP1 is applicable
2025-12-22 10:34:30,792 [INFO] Rule:233 - rule align RCC QSPICLockSelection default value on MP1 is applicable
2025-12-22 10:34:30,792 [INFO] Rule:233 - rule align RCC SPI6CLockSelection default value on MP1 is applicable
2025-12-22 10:34:30,792 [INFO] Rule:233 - rule align RCC LPTIM23CLockSelection default value on MP1 is applicable
2025-12-22 10:34:30,792 [INFO] Rule:233 - rule align RCC LPTIM1CLockSelection default value on MP1 is applicable
2025-12-22 10:34:30,792 [INFO] Rule:233 - rule align RCC USART1CLockSelection default value on MP1 is applicable
2025-12-22 10:34:30,792 [INFO] Rule:233 - rule align RCC USART24CLockSelection default value on MP1 is applicable
2025-12-22 10:34:30,792 [INFO] Rule:233 - rule align RCC USART6CLockSelection default value on MP1 is applicable
2025-12-22 10:34:30,793 [INFO] Rule:233 - rule align RCC UART78CLockSelection default value on MP1 is applicable
2025-12-22 10:34:30,793 [INFO] Rule:233 - rule align RCC USART35CLockSelection default value on MP1 is applicable
2025-12-22 10:34:30,793 [INFO] Rule:233 - rule align RCC SPI45CLockSelection default value on MP1 is applicable
2025-12-22 10:34:30,793 [INFO] Rule:233 - rule align RCC I2C46CLockSelection BCLK value on MP1 is applicable
2025-12-22 10:34:30,793 [INFO] Rule:233 - rule align RCC SPI45CLockSelection default value on MP1 is applicable
2025-12-22 10:34:30,793 [INFO] Rule:233 - rule align RCC I2C12CLockSelection default value on MP1 is applicable
2025-12-22 10:34:30,793 [INFO] Rule:233 - rule align RCC I2C35CLockSelection default value on MP1 is applicable
2025-12-22 10:34:30,793 [INFO] Rule:233 - rule align RCC LPTIM45CLockSelection default value on MP1 is applicable
2025-12-22 10:34:30,793 [INFO] Rule:233 - rule Rename DCMI PIXCK signal is applicable
2025-12-22 10:34:30,793 [INFO] Rule:233 - rule Change Default Value for I2C46CLockSelection MP1 family is applicable
2025-12-22 10:34:30,793 [INFO] Rule:233 - rule Change Default Value for UART for G4, G0 and WB families is applicable
2025-12-22 10:34:30,793 [INFO] Rule:233 - rule Change Default Value for USART for G4, G0 and WB families is applicable
2025-12-22 10:34:30,793 [INFO] Rule:233 - rule Change Default Value for USART for G4 family is applicable
2025-12-22 10:34:30,793 [INFO] Rule:233 - rule Change USART1CLockSelection refparam name for MP1 is applicable
2025-12-22 10:34:30,793 [INFO] Rule:233 - rule Change USART2CLockSelection refparam name for MP1 is applicable
2025-12-22 10:34:30,793 [INFO] Rule:233 - rule Change USART3CLockSelection refparam name for MP1 is applicable
2025-12-22 10:34:30,794 [INFO] Rule:233 - rule Change UART4CLockSelection refparam name for MP1 is applicable
2025-12-22 10:34:30,794 [INFO] Rule:233 - rule Change UART5CLockSelection refparam name for MP1 is applicable
2025-12-22 10:34:30,794 [INFO] Rule:233 - rule Change LPUART1CLockSelection refparam name for MP1 is applicable
2025-12-22 10:34:30,794 [INFO] Rule:233 - rule Change LPTIM1CLockSelection refparam name for MP1 is applicable
2025-12-22 10:34:30,794 [INFO] Rule:233 - rule Change LPTIM2CLockSelection refparam name for MP1 is applicable
2025-12-22 10:34:30,794 [INFO] Rule:233 - rule Change RCC_MCO1Source refparam name for MP1 is applicable
2025-12-22 10:34:30,794 [INFO] Rule:233 - rule Change LSCOSource1 refparam name for MP1 is applicable
2025-12-22 10:34:30,794 [INFO] Rule:233 - rule Change SMPSCLockSelection refparam name for MP1 is applicable
2025-12-22 10:34:30,794 [INFO] Rule:233 - rule Change LPTIM3CLockSelection refparam name for MP1 is applicable
2025-12-22 10:34:30,794 [INFO] Rule:233 - rule Change MPCBB* Default Template Mode to Parameters is applicable
2025-12-22 10:34:30,794 [INFO] Rule:233 - rule Change MPCWM* or MPCBB* Secure Mode to Parameters is applicable
2025-12-22 10:34:30,794 [INFO] Rule:233 - rule Change MPCWM* or MPCBB* No Secure Mode to Parameters is applicable
2025-12-22 10:34:30,795 [INFO] Rule:233 - rule Change TZSC IP Secure Mode to Parameters is applicable
2025-12-22 10:34:30,795 [INFO] Rule:233 - rule Change TZSC IP No Secure Mode to Parameters is applicable
2025-12-22 10:34:30,795 [INFO] Rule:233 - rule Change TZSC IP Privilege Mode to Parameters is applicable
2025-12-22 10:34:30,795 [INFO] Rule:233 - rule Change TZSC IP No Privilege Mode to Parameters is applicable
2025-12-22 10:34:30,795 [INFO] Rule:233 - rule Change TZIC IT Secure Mode to Parameters is applicable
2025-12-22 10:34:30,795 [INFO] Rule:233 - rule Change TZIC IT No Secure Mode to Parameters is applicable
2025-12-22 10:34:30,795 [INFO] Rule:233 - rule Add MPCBB1_NonSecureArea_Start_Address value with referenced to MPCBB1_NonSecureArea_Start value is applicable
2025-12-22 10:34:30,795 [INFO] Rule:233 - rule Add MPCBB2_NonSecureArea_Start_Address value with referenced to MPCBB2_NonSecureArea_Start value is applicable
2025-12-22 10:34:30,795 [INFO] Rule:233 - rule Add MPCWM1_NonSecureArea*_Start_Address value with referenced to MPCWM1_NonSecureArea*_Start value is applicable
2025-12-22 10:34:30,795 [INFO] Rule:233 - rule Add MPCWM2_NonSecureArea*_Start_Address value with referenced to MPCWM2_NonSecureArea*_Start value is applicable
2025-12-22 10:34:30,795 [INFO] Rule:233 - rule Add MPCWM3_NonSecureArea_Start_Address value with referenced to MPCWM3_NonSecureArea_Start value is applicable
2025-12-22 10:34:30,795 [INFO] Rule:233 - rule Change Default Value for PLL1UserDefinedConfig is applicable
2025-12-22 10:34:30,795 [INFO] Rule:233 - rule Change GPIO_PuPd Default Value for USART in async mode is applicable
2025-12-22 10:34:30,795 [INFO] Rule:233 - rule Change SMPSDivider Default Value is applicable
2025-12-22 10:34:30,795 [INFO] Rule:233 - rule OPAMP is applicable
2025-12-22 10:34:30,796 [INFO] Rule:233 - rule LPUART IPParameter rename Prescaler parameter to ClockPrescaler for STM32H7 is applicable
2025-12-22 10:34:30,796 [INFO] Rule:233 - rule LPUART IPParameter rename Prescaler parameter to ClockPrescaler for STM32H7 is applicable
2025-12-22 10:34:30,796 [INFO] Rule:233 - rule LPUART IPParameter rename Prescaler parameter to ClockPrescaler for STM32WB is applicable
2025-12-22 10:34:30,796 [INFO] Rule:233 - rule LPUART IPParameter rename Prescaler parameter to ClockPrescaler for STM32WB is applicable
2025-12-22 10:34:30,796 [INFO] Rule:233 - rule LPUART IPParameter rename Prescaler parameter to ClockPrescaler for STM32G4 is applicable
2025-12-22 10:34:30,796 [INFO] Rule:233 - rule LPUART IPParameter rename Prescaler parameter to ClockPrescaler for STM32G4 is applicable
2025-12-22 10:34:30,796 [INFO] Rule:233 - rule LPUART IPParameter rename Prescaler parameter to ClockPrescaler for STM32L5 is applicable
2025-12-22 10:34:30,796 [INFO] Rule:233 - rule LPUART IPParameter rename Prescaler parameter to ClockPrescaler for STM32L5 is applicable
2025-12-22 10:34:30,796 [INFO] Rule:233 - rule LPUART IPParameter rename Prescaler parameter to ClockPrescaler for STM32G4 is applicable
2025-12-22 10:34:30,796 [INFO] Rule:233 - rule LPUART IPParameter rename Prescaler parameter to ClockPrescaler for STM32G4 is applicable
2025-12-22 10:34:30,796 [INFO] Rule:233 - rule USB device lib V2.5.3 for L0 rename USBD_SUPPORT_USER_STRING parameter to USBD_SUPPORT_USER_STRING_DESC4 is applicable
2025-12-22 10:34:30,796 [INFO] Rule:233 - rule I2SCLockSelection clock entry align is applicable
2025-12-22 10:34:30,796 [INFO] Rule:233 - rule Assign TIMx context if used as SYS timebase is applicable
2025-12-22 10:34:30,796 [INFO] Rule:233 - rule Change GPIO_Pu Default Value for I2C is applicable
2025-12-22 10:34:30,796 [INFO] Rule:233 - rule Change GPIO_Pu Default Value for SMBus is applicable
2025-12-22 10:34:30,796 [INFO] Rule:233 - rule change FDCAN default value is applicable
2025-12-22 10:34:30,796 [INFO] Rule:233 - rule Change mode sai is applicable
2025-12-22 10:34:30,796 [INFO] Rule:233 - rule **Change sai mode is applicable
2025-12-22 10:34:30,797 [INFO] Rule:233 - rule Rename STM32WPAN CFG_BLE_IRK to CFG_BLE_IR is applicable
2025-12-22 10:34:30,797 [INFO] Rule:233 - rule Rename STM32WPAN CFG_BLE_ERK to CFG_BLE_ER is applicable
2025-12-22 10:34:30,797 [INFO] Rule:233 - rule Rename STM32WPAN CFG_BLE_IRK_HEX to CFG_BLE_IR_HEX is applicable
2025-12-22 10:34:30,797 [INFO] Rule:233 - rule Rename STM32WPAN CFG_BLE_ERK_HEX to CFG_BLE_ER_HEX is applicable
2025-12-22 10:34:30,797 [INFO] Rule:233 - rule Adapt Old IOC before rework replace old CORTEX_M33/CORTEX_M55 attributes by the new one. is applicable
2025-12-22 10:34:30,797 [INFO] Rule:233 - rule Rename parametre of RCC RCC_APBDBG_DIV2 to RCC_TIMPRES_DIV2 is applicable
2025-12-22 10:34:30,797 [INFO] Rule:233 - rule Rename DIE493 pin PA10 [PA12] -> PA10 is applicable
2025-12-22 10:34:30,797 [INFO] Rule:233 - rule Rename DIE493 pin PA9 [PA11] -> PA9 is applicable
2025-12-22 10:34:30,797 [INFO] Rule:233 - rule Rename DIE492 PartNumber CPN STM32WBA5MJGHx -> STM32WBA5MMGHx is applicable
2025-12-22 10:34:30,797 [INFO] Rule:233 - rule Rename DIE492 PartNumber  Name STM32WBA5MJGHx -> STM32WBA5MMGHx is applicable
2025-12-22 10:34:30,797 [INFO] Rule:233 - rule Rename DIE492 PartNumber UserName STM32WBA5MJGHx -> STM32WBA5MMGHx is applicable
2025-12-22 10:34:30,797 [INFO] Rule:233 - rule Rename DIE492 PartNumber DeviceId STM32WBA5MJGHx -> STM32WBA5MMGHx is applicable
2025-12-22 10:34:30,797 [INFO] Rule:233 - rule Adapt Old IOC CSI. is applicable
2025-12-22 10:34:30,797 [INFO] Rule:233 - rule Adapt Old IOC DCMIPP. is applicable
2025-12-22 10:34:30,797 [INFO] Rule:233 - rule Adapt Old IOC DCMIPP Mode Parallel. is applicable
2025-12-22 10:34:30,797 [INFO] Rule:233 - rule Adapt Old IOC LTDC. is applicable
2025-12-22 10:34:30,798 [INFO] Rule:233 - rule Rename STM32MP2 RIF Peripheral LTDC RIF.RISUP.LTDC_L0L1.Privilege -> RIF.RISUP.LTDC_L1L2.Privilege is applicable
2025-12-22 10:34:30,798 [INFO] Rule:233 - rule Rename STM32MP2 RIF Peripheral LTDC RIF.RISUP.LTDC_L0L1.Privilege -> RIF.RISUP.LTDC_L1L2.Privilege is applicable
2025-12-22 10:34:30,798 [INFO] Rule:233 - rule Rename STM32MP2 RIF Peripheral LTDC RIF.RISUP.LTDC_L0L1.Lock -> RIF.RISUP.LTDC_L1L2.Lock is applicable
2025-12-22 10:34:30,798 [INFO] Rule:233 - rule Rename STM32MP2 RIF Peripheral LTDC RIF.RISUP.LTDC_L2.Lock -> RIF.RISUP.LTDC_L3.Lock is applicable
2025-12-22 10:34:30,798 [INFO] Rule:233 - rule Adapt the old IOC example for updating the SYS when it is misconfigured. is applicable
2025-12-22 10:34:30,798 [INFO] Rule:233 - rule Rename STM32C09 Mcu.Package LQFP64 -> LQFP48 is applicable
2025-12-22 10:34:30,798 [INFO] Rule:233 - rule Adapt the old IOC example for updating the SYS when it is misconfigured. is applicable
2025-12-22 10:34:30,798 [INFO] Rule:233 - rule Adapt the old IOC example for updating the SYS when it is misconfigured. is applicable
2025-12-22 10:34:30,830 [INFO] DbConfProperties:307 - Apply Compatibility (38/250 Rules)
2025-12-22 10:34:30,879 [INFO] ImportTextPane:234 - (OptionalMessage_ERROR) Unable to find key (Mcu.ThirdPartyNb) in loaded IOC file
2025-12-22 10:34:30,893 [INFO] ImportTextPane:234 - (OptionalMessage_ERROR) Pin34 (VP_RIF_VS_RIF1) cannot be retrieved for this MCU
2025-12-22 10:34:31,106 [INFO] RtosManager:558 - Registered RTOS mode: class=CMSIS, group=RTOS, mode=CMSIS_V1, owner=FREERTOS
2025-12-22 10:34:31,106 [INFO] RtosManager:558 - Registered RTOS mode: class=CMSIS, group=RTOS2, mode=CMSIS_V2, owner=FREERTOS
2025-12-22 10:34:31,106 [INFO] RtosManager:558 - Registered RTOS mode: class=RTOS, group=Core, mode=CMSIS_V1, owner=FREERTOS
2025-12-22 10:34:31,106 [INFO] RtosManager:558 - Registered RTOS mode: class=RTOS, group=Core, mode=CMSIS_V2, owner=FREERTOS
2025-12-22 10:34:31,107 [WARN] ModelIntegratedComponent:184 - Missing modes for component STMicroelectronics:FreeRTOS:0.0.1:STMicroelectronics:RTOS:FreeRTOS:Core:::10.2.0:
2025-12-22 10:34:31,130 [WARN] ModelIntegratedComponent:63 - No mode defined for component null
2025-12-22 10:34:31,131 [WARN] ModelIntegratedComponent:63 - No mode defined for component null
2025-12-22 10:34:31,131 [WARN] ModelIntegratedComponent:63 - No mode defined for component null
2025-12-22 10:34:31,131 [WARN] ModelIntegratedComponent:63 - No mode defined for component null
2025-12-22 10:34:31,132 [WARN] ModelIntegratedComponent:63 - No mode defined for component null
2025-12-22 10:34:31,132 [WARN] ModelIntegratedComponent:63 - No mode defined for component null
2025-12-22 10:34:31,132 [WARN] ModelIntegratedComponent:63 - No mode defined for component null
2025-12-22 10:34:31,132 [WARN] ModelIntegratedComponent:63 - No mode defined for component null
2025-12-22 10:34:31,132 [WARN] ModelIntegratedComponent:63 - No mode defined for component null
2025-12-22 10:34:31,132 [WARN] ModelIntegratedComponent:63 - No mode defined for component null
2025-12-22 10:34:31,133 [WARN] ModelIntegratedComponent:63 - No mode defined for component null
2025-12-22 10:34:31,133 [WARN] ModelIntegratedComponent:63 - No mode defined for component null
2025-12-22 10:34:31,133 [WARN] ModelIntegratedComponent:63 - No mode defined for component null
2025-12-22 10:34:31,133 [WARN] ModelIntegratedComponent:63 - No mode defined for component null
2025-12-22 10:34:31,133 [WARN] ModelIntegratedComponent:63 - No mode defined for component null
2025-12-22 10:34:31,133 [WARN] ModelIntegratedComponent:63 - No mode defined for component null
2025-12-22 10:34:31,133 [WARN] ModelIntegratedComponent:63 - No mode defined for component null
2025-12-22 10:34:31,133 [WARN] ModelIntegratedComponent:63 - No mode defined for component null
2025-12-22 10:34:31,133 [WARN] ModelIntegratedComponent:63 - No mode defined for component null
2025-12-22 10:34:31,133 [WARN] ModelIntegratedComponent:63 - No mode defined for component null
2025-12-22 10:34:31,133 [WARN] ModelIntegratedComponent:63 - No mode defined for component null
2025-12-22 10:34:31,133 [WARN] ModelIntegratedComponent:63 - No mode defined for component null
2025-12-22 10:34:31,134 [WARN] ModelIntegratedComponent:63 - No mode defined for component null
2025-12-22 10:34:31,134 [WARN] ModelIntegratedComponent:63 - No mode defined for component null
2025-12-22 10:34:31,134 [WARN] ModelIntegratedComponent:63 - No mode defined for component null
2025-12-22 10:34:31,134 [WARN] ModelIntegratedComponent:63 - No mode defined for component null
2025-12-22 10:34:31,134 [WARN] ModelIntegratedComponent:63 - No mode defined for component null
2025-12-22 10:34:31,134 [WARN] ModelIntegratedComponent:63 - No mode defined for component null
2025-12-22 10:34:31,134 [WARN] ModelIntegratedComponent:63 - No mode defined for component null
2025-12-22 10:34:31,134 [WARN] ModelIntegratedComponent:63 - No mode defined for component null
2025-12-22 10:34:31,134 [WARN] ModelIntegratedComponent:63 - No mode defined for component null
2025-12-22 10:34:31,134 [WARN] ModelIntegratedComponent:63 - No mode defined for component null
2025-12-22 10:34:31,134 [WARN] ModelIntegratedComponent:63 - No mode defined for component null
2025-12-22 10:34:31,134 [WARN] ModelIntegratedComponent:63 - No mode defined for component null
2025-12-22 10:34:31,134 [WARN] ModelIntegratedComponent:63 - No mode defined for component null
2025-12-22 10:34:31,135 [WARN] ModelPack:524 - Component already loaded: STMicroelectronics:HAL Drivers:0.0.0:STMicroelectronics:Device:STMicro_Driver:XSPI:HAL::0.0.1:HAL_XSPI
2025-12-22 10:34:31,165 [INFO] ThirdPartyModel:298 - Start build external matchings
2025-12-22 10:34:31,266 [INFO] ThirdPartyModel:316 - End build external matchings
2025-12-22 10:34:31,644 [INFO] UtilMem:75 - End LoadConfig() Used Memory: 590977232 Bytes (1073741824)
2025-12-22 10:34:31,833 [WARN] ThirdParty:833 - waiting for thirdparty lock release [change project]
2025-12-22 10:34:31,834 [INFO] ThirdParty:835 - entering critical section [change project]
2025-12-22 10:34:31,834 [INFO] ThirdParty:1030 - CMSIS Pack Vendor :STMicroelectronics X-CUBE-PM33A1 1.0.0
2025-12-22 10:34:31,834 [INFO] ThirdParty:1030 - CMSIS Pack Vendor :STMicroelectronics USBPD 4.1
2025-12-22 10:34:31,834 [INFO] ThirdParty:1030 - CMSIS Pack Vendor :STMicroelectronics X-CUBE-NFC9 1.0.0
2025-12-22 10:34:31,834 [INFO] ThirdParty:1030 - CMSIS Pack Vendor :STMicroelectronics USB_HOST 2.0.0
2025-12-22 10:34:31,834 [INFO] ThirdParty:1030 - CMSIS Pack Vendor :STMicroelectronics FP-SNS-MOTENVWB1 1.4.0
2025-12-22 10:34:31,834 [INFO] ThirdParty:1030 - CMSIS Pack Vendor :STMicroelectronics X-CUBE-AZRTOS-F4 1.1.0
2025-12-22 10:34:31,834 [INFO] ThirdParty:1030 - CMSIS Pack Vendor :STMicroelectronics LIBJPEG 8.0.0
2025-12-22 10:34:31,834 [INFO] ThirdParty:1030 - CMSIS Pack Vendor :STMicroelectronics FP-ATR-ASTRA1 2.0.2
2025-12-22 10:34:31,834 [INFO] ThirdParty:1030 - CMSIS Pack Vendor :STMicroelectronics X-CUBE-BLE1 7.1.0
2025-12-22 10:34:31,835 [INFO] ThirdParty:1030 - CMSIS Pack Vendor :STMicroelectronics X-CUBE-SMBUS 2.1.0
2025-12-22 10:34:31,835 [INFO] ThirdParty:1030 - CMSIS Pack Vendor :STMicroelectronics USB_DEVICE 3.0.0
2025-12-22 10:34:31,835 [INFO] ThirdParty:1030 - CMSIS Pack Vendor :STMicroelectronics X-CUBE-ISPU 2.1.0
2025-12-22 10:34:31,835 [INFO] ThirdParty:1030 - CMSIS Pack Vendor :STMicroelectronics X-CUBE-AZRTOS-WB 2.0.0
2025-12-22 10:34:31,835 [INFO] ThirdParty:1030 - CMSIS Pack Vendor :STMicroelectronics X-CUBE-AZRTOS-F7 1.1.0
2025-12-22 10:34:31,835 [INFO] ThirdParty:1030 - CMSIS Pack Vendor :STMicroelectronics X-CUBE-AZRTOS-L5 2.0.0
2025-12-22 10:34:31,835 [INFO] ThirdParty:1030 - CMSIS Pack Vendor :STMicroelectronics USB_DEVICE 2.0.0
2025-12-22 10:34:31,835 [INFO] ThirdParty:1030 - CMSIS Pack Vendor :STMicroelectronics X-CUBE-NFC6 3.1.0
2025-12-22 10:34:31,835 [INFO] ThirdParty:1030 - CMSIS Pack Vendor :STMicroelectronics FreeRTOS 0.0.1
2025-12-22 10:34:31,835 [INFO] ThirdParty:1030 - CMSIS Pack Vendor :STMicroelectronics X-CUBE-AZRTOS-G0 1.1.0
2025-12-22 10:34:31,835 [INFO] ThirdParty:1030 - CMSIS Pack Vendor :STMicroelectronics X-CUBE-NFC4 3.0.0
2025-12-22 10:34:31,835 [INFO] ThirdParty:1030 - CMSIS Pack Vendor :STMicroelectronics X-CUBE-SUBG2 5.0.0
2025-12-22 10:34:31,836 [INFO] ThirdParty:1030 - CMSIS Pack Vendor :STMicroelectronics STM32_WPAN 1.0.0
2025-12-22 10:34:31,839 [INFO] ThirdParty:1030 - CMSIS Pack Vendor :STMicroelectronics lwIP 2.0.3
2025-12-22 10:34:31,839 [INFO] ThirdParty:1030 - CMSIS Pack Vendor :STMicroelectronics USB_HOST 1.0.0
2025-12-22 10:34:31,840 [INFO] ThirdParty:1030 - CMSIS Pack Vendor :STMicroelectronics X-CUBE-AZRTOS-G4 2.0.0
2025-12-22 10:34:31,841 [INFO] ThirdParty:1030 - CMSIS Pack Vendor :STMicroelectronics X-CUBE-WB05N 2.0.0
2025-12-22 10:34:31,841 [INFO] ThirdParty:1030 - CMSIS Pack Vendor :STMicroelectronics PDM2PCM 3.1.0
2025-12-22 10:34:31,841 [INFO] ThirdParty:1030 - CMSIS Pack Vendor :STMicroelectronics PDM2PCM 3.3.0
2025-12-22 10:34:31,841 [INFO] ThirdParty:1030 - CMSIS Pack Vendor :STMicroelectronics X-CUBE-DISPLAY 3.0.0
2025-12-22 10:34:31,841 [INFO] ThirdParty:1030 - CMSIS Pack Vendor :STMicroelectronics X-CUBE-NFC7 2.0.0
2025-12-22 10:34:31,841 [INFO] ThirdParty:1030 - CMSIS Pack Vendor :STMicroelectronics X-CUBE-TCPP 4.2.0
2025-12-22 10:34:31,841 [INFO] ThirdParty:1030 - CMSIS Pack Vendor :STMicroelectronics FP-ATR-SIGFOX1 3.2.0
2025-12-22 10:34:31,841 [INFO] ThirdParty:1030 - CMSIS Pack Vendor :STMicroelectronics X-CUBE-NFC10 1.0.0
2025-12-22 10:34:31,841 [INFO] ThirdParty:1030 - CMSIS Pack Vendor :STMicroelectronics HAL Drivers 0.0.0
2025-12-22 10:34:31,841 [INFO] ThirdParty:1030 - CMSIS Pack Vendor :STMicroelectronics MBEDTLS 2.16.2
2025-12-22 10:34:31,841 [INFO] ThirdParty:1030 - CMSIS Pack Vendor :STMicroelectronics X-CUBE-ALS 1.0.2
2025-12-22 10:34:31,842 [INFO] ThirdParty:1030 - CMSIS Pack Vendor :STMicroelectronics MBEDTLS 2.14.1
2025-12-22 10:34:31,842 [INFO] ThirdParty:1030 - CMSIS Pack Vendor :STMicroelectronics ThreadX 1.0.0
2025-12-22 10:34:31,842 [INFO] ThirdParty:1030 - CMSIS Pack Vendor :STMicroelectronics FP-SNS-SMARTAG2 1.2.0
2025-12-22 10:34:31,843 [INFO] ThirdParty:1030 - CMSIS Pack Vendor :STMicroelectronics FP-SNS-FLIGHT1 5.1.0
2025-12-22 10:34:31,843 [INFO] ThirdParty:1030 - CMSIS Pack Vendor :STMicroelectronics X-CUBE-AZRTOS-WL 2.0.0
2025-12-22 10:34:31,843 [INFO] ThirdParty:1030 - CMSIS Pack Vendor :STMicroelectronics X-CUBE-ALGOBUILD 1.4.0
2025-12-22 10:34:31,843 [INFO] ThirdParty:1030 - CMSIS Pack Vendor :STMicroelectronics X-CUBE-DPower 1.3.0
2025-12-22 10:34:31,843 [INFO] ThirdParty:1030 - CMSIS Pack Vendor :STMicroelectronics USB_DEVICE 1.0.0
2025-12-22 10:34:31,843 [INFO] ThirdParty:1030 - CMSIS Pack Vendor :STMicroelectronics X-CUBE-AZRTOS-L4 2.0.0
2025-12-22 10:34:31,843 [INFO] ThirdParty:1030 - CMSIS Pack Vendor :STMicroelectronics ThreadX 0.0.2
2025-12-22 10:34:31,843 [INFO] ThirdParty:1030 - CMSIS Pack Vendor :STMicroelectronics lwIP 2.1.2
2025-12-22 10:34:31,843 [INFO] ThirdParty:1030 - CMSIS Pack Vendor :STMicroelectronics X-CUBE-SFXS2LP1 4.0.0
2025-12-22 10:34:31,843 [INFO] ThirdParty:1030 - CMSIS Pack Vendor :STMicroelectronics X-CUBE-BLE2 3.3.0
2025-12-22 10:34:31,843 [INFO] ThirdParty:1030 - CMSIS Pack Vendor :STMicroelectronics X-CUBE-TOF1 3.4.3
2025-12-22 10:34:31,843 [INFO] ThirdParty:1030 - CMSIS Pack Vendor :STMicroelectronics PDM2PCM 3.2.0
2025-12-22 10:34:31,844 [INFO] ThirdParty:841 - exiting critical section [change project]
2025-12-22 10:34:32,345 [INFO] PinOutPanel:1589 - setPackage(No Configuration,No Configuration)
2025-12-22 10:34:32,348 [INFO] PinOutPanel:1589 - setPackage(STM32F407VGTx,LQFP100)
2025-12-22 10:34:32,818 [INFO] UtilMem:75 - Before build in PCC Used Memory: 765442272 Bytes (1073741824)
2025-12-22 10:34:33,964 [INFO] UtilMem:75 - After build in PCC Used Memory: 830488488 Bytes (1073741824)
2025-12-22 10:34:33,994 [INFO] IPUIPlugin:80 - create IPUIPlugin
2025-12-22 10:34:33,994 [INFO] IPUIPlugin:80 - create IPUIPlugin
2025-12-22 10:34:33,994 [INFO] IPUIPlugin:80 - create IPUIPlugin
2025-12-22 10:34:33,995 [INFO] IPUIPlugin:80 - create IPUIPlugin
2025-12-22 10:34:33,995 [INFO] IPUIPlugin:80 - create IPUIPlugin
2025-12-22 10:34:33,995 [INFO] IPUIPlugin:80 - create IPUIPlugin
2025-12-22 10:34:33,995 [INFO] IPUIPlugin:80 - create IPUIPlugin
2025-12-22 10:34:33,996 [INFO] IPUIPlugin:80 - create IPUIPlugin
2025-12-22 10:34:33,996 [INFO] IPUIPlugin:80 - create IPUIPlugin
2025-12-22 10:34:33,997 [INFO] IPUIPlugin:80 - create IPUIPlugin
2025-12-22 10:34:33,997 [INFO] IPUIPlugin:80 - create IPUIPlugin
2025-12-22 10:34:33,997 [INFO] IPUIPlugin:80 - create IPUIPlugin
2025-12-22 10:34:33,997 [INFO] IPUIPlugin:80 - create IPUIPlugin
2025-12-22 10:34:33,997 [INFO] IPUIPlugin:80 - create IPUIPlugin
2025-12-22 10:34:33,998 [INFO] IPUIPlugin:80 - create IPUIPlugin
2025-12-22 10:34:33,998 [INFO] IPUIPlugin:80 - create IPUIPlugin
2025-12-22 10:34:33,998 [INFO] IPUIPlugin:80 - create IPUIPlugin
2025-12-22 10:34:33,998 [INFO] IPUIPlugin:80 - create IPUIPlugin
2025-12-22 10:34:33,999 [INFO] IPUIPlugin:80 - create IPUIPlugin
2025-12-22 10:34:33,999 [INFO] IPUIPlugin:80 - create IPUIPlugin
2025-12-22 10:34:33,999 [INFO] IPUIPlugin:80 - create IPUIPlugin
2025-12-22 10:34:33,999 [INFO] IPUIPlugin:80 - create IPUIPlugin
2025-12-22 10:34:34,000 [INFO] IPUIPlugin:80 - create IPUIPlugin
2025-12-22 10:34:34,000 [INFO] IPUIPlugin:80 - create IPUIPlugin
2025-12-22 10:34:34,000 [INFO] IPUIPlugin:80 - create IPUIPlugin
2025-12-22 10:34:34,000 [INFO] IPUIPlugin:80 - create IPUIPlugin
2025-12-22 10:34:34,000 [INFO] IPUIPlugin:80 - create IPUIPlugin
2025-12-22 10:34:34,000 [INFO] IPUIPlugin:80 - create IPUIPlugin
2025-12-22 10:34:34,001 [INFO] IPUIPlugin:80 - create IPUIPlugin
2025-12-22 10:34:34,001 [INFO] IPUIPlugin:80 - create IPUIPlugin
2025-12-22 10:34:34,001 [INFO] IPUIPlugin:80 - create IPUIPlugin
2025-12-22 10:34:34,001 [INFO] IPUIPlugin:80 - create IPUIPlugin
2025-12-22 10:34:34,001 [INFO] IPUIPlugin:80 - create IPUIPlugin
2025-12-22 10:34:34,001 [INFO] IPUIPlugin:80 - create IPUIPlugin
2025-12-22 10:34:34,002 [INFO] IPUIPlugin:80 - create IPUIPlugin
2025-12-22 10:34:34,002 [INFO] IPUIPlugin:80 - create IPUIPlugin
2025-12-22 10:34:34,002 [INFO] IPUIPlugin:80 - create IPUIPlugin
2025-12-22 10:34:34,002 [INFO] IPUIPlugin:80 - create IPUIPlugin
2025-12-22 10:34:34,002 [INFO] IPUIPlugin:80 - create IPUIPlugin
2025-12-22 10:34:34,002 [INFO] IPUIPlugin:80 - create IPUIPlugin
2025-12-22 10:34:34,002 [INFO] IPUIPlugin:80 - create IPUIPlugin
2025-12-22 10:34:34,002 [INFO] IPUIPlugin:80 - create IPUIPlugin
2025-12-22 10:34:34,003 [INFO] IPUIPlugin:80 - create IPUIPlugin
2025-12-22 10:34:34,003 [INFO] IPUIPlugin:80 - create IPUIPlugin
2025-12-22 10:34:34,003 [INFO] IPUIPlugin:80 - create IPUIPlugin
2025-12-22 10:34:34,003 [INFO] IPUIPlugin:80 - create IPUIPlugin
2025-12-22 10:34:34,003 [INFO] IPUIPlugin:80 - create IPUIPlugin
2025-12-22 10:34:34,004 [INFO] IPUIPlugin:80 - create IPUIPlugin
2025-12-22 10:34:34,004 [INFO] IPUIPlugin:80 - create IPUIPlugin
2025-12-22 10:34:34,004 [INFO] IPUIPlugin:80 - create IPUIPlugin
2025-12-22 10:34:34,004 [INFO] IPUIPlugin:80 - create IPUIPlugin
2025-12-22 10:34:34,005 [INFO] IPUIPlugin:80 - create IPUIPlugin
2025-12-22 10:34:34,005 [INFO] IPUIPlugin:80 - create IPUIPlugin
2025-12-22 10:34:34,005 [INFO] IPUIPlugin:80 - create IPUIPlugin
2025-12-22 10:34:34,005 [INFO] IPUIPlugin:80 - create IPUIPlugin
2025-12-22 10:34:34,006 [INFO] IPUIPlugin:80 - create IPUIPlugin
2025-12-22 10:34:34,006 [INFO] IPUIPlugin:80 - create IPUIPlugin
2025-12-22 10:34:34,006 [INFO] IPUIPlugin:80 - create IPUIPlugin
2025-12-22 10:34:34,114 [INFO] ApiDbMcu:532 - Load IP Config File for PDM2PCM
2025-12-22 10:34:34,312 [INFO] CADModel:165 - CPN selected for project levelSTM32F407VGT6
2025-12-22 10:34:34,312 [INFO] CADModel:114 - Register for checkConnection events
2025-12-22 10:34:34,362 [INFO] OpenFileManager:386 - Restore cursor
2025-12-22 10:34:35,430 [INFO] UtilMem:75 - End SaveConfig() Used Memory: 956487088 Bytes (1073741824)
2025-12-22 10:34:35,558 [INFO] UtilMem:75 - End SaveConfig() Used Memory: 976304008 Bytes (1073741824)
2025-12-22 10:34:36,104 [INFO] BlockDiagram:2775 - set Specific Code input for plugin: SYS
2025-12-22 10:34:36,104 [INFO] BlockDiagram:2775 - set Specific Code input for plugin: RCC
2025-12-22 10:34:36,104 [INFO] BlockDiagram:2775 - set Specific Code input for plugin: NVIC
2025-12-22 10:34:36,105 [INFO] BlockDiagram:2775 - set Specific Code input for plugin: GPIO
2025-12-22 10:34:36,108 [INFO] CodeGenerator:892 - code generatio: config db path: C:\ST\STM32CubeIDE_1.19.0\STM32CubeIDE\plugins\com.st.stm32cube.common.mx_6.15.0.202507011659\\db\
2025-12-22 10:34:36,323 [INFO] CodeEngine:265 - oldGeneratedFile, C:\Users\aditi\OneDrive\Desktop\Sunbeam_Internship\Internship_Practice_on_Board\HAL_code\MXTmpFiles\license.tmp_save
2025-12-22 10:34:36,821 [INFO] CodeEngine:289 - Generated code: C:\Users\aditi\OneDrive\Desktop\Sunbeam_Internship\Internship_Practice_on_Board\HAL_code\MXTmpFiles\license.tmp
2025-12-22 10:34:36,983 [INFO] CodeEngine:265 - oldGeneratedFile, C:\Users\aditi\OneDrive\Desktop\Sunbeam_Internship\Internship_Practice_on_Board\HAL_code\MXTmpFiles\gpio.tmp_save
2025-12-22 10:34:37,262 [INFO] CodeEngine:289 - Generated code: C:\Users\aditi\OneDrive\Desktop\Sunbeam_Internship\Internship_Practice_on_Board\HAL_code\MXTmpFiles\gpio.tmp
2025-12-22 10:34:37,477 [INFO] CodeEngine:265 - oldGeneratedFile, C:\Users\aditi\OneDrive\Desktop\Sunbeam_Internship\Internship_Practice_on_Board\HAL_code\Core\Src\stm32f4xx_it.c_save
2025-12-22 10:34:37,674 [INFO] CodeEngine:289 - Generated code: C:\Users\aditi\OneDrive\Desktop\Sunbeam_Internship\Internship_Practice_on_Board\HAL_code\Core\Src\stm32f4xx_it.c
2025-12-22 10:34:37,690 [INFO] CodeEngine:265 - oldGeneratedFile, C:\Users\aditi\OneDrive\Desktop\Sunbeam_Internship\Internship_Practice_on_Board\HAL_code\Core\Inc\stm32f4xx_it.h_save
2025-12-22 10:34:37,780 [INFO] CodeEngine:289 - Generated code: C:\Users\aditi\OneDrive\Desktop\Sunbeam_Internship\Internship_Practice_on_Board\HAL_code\Core\Inc\stm32f4xx_it.h
2025-12-22 10:34:37,813 [INFO] CodeEngine:265 - oldGeneratedFile, C:\Users\aditi\OneDrive\Desktop\Sunbeam_Internship\Internship_Practice_on_Board\HAL_code\Core\Src\stm32f4xx_hal_msp.c_save
2025-12-22 10:34:37,989 [INFO] CodeEngine:289 - Generated code: C:\Users\aditi\OneDrive\Desktop\Sunbeam_Internship\Internship_Practice_on_Board\HAL_code\Core\Src\stm32f4xx_hal_msp.c
2025-12-22 10:34:38,001 [INFO] CodeEngine:265 - oldGeneratedFile, C:\Users\aditi\OneDrive\Desktop\Sunbeam_Internship\Internship_Practice_on_Board\HAL_code\MXTmpFiles\system.tmp_save
2025-12-22 10:34:38,105 [INFO] CodeEngine:289 - Generated code: C:\Users\aditi\OneDrive\Desktop\Sunbeam_Internship\Internship_Practice_on_Board\HAL_code\MXTmpFiles\system.tmp
2025-12-22 10:34:38,169 [INFO] CodeEngine:321 - oldGeneratedFile, C:\Users\aditi\OneDrive\Desktop\Sunbeam_Internship\Internship_Practice_on_Board\HAL_code\Core\Inc\stm32f4xx_hal_conf.h_save
2025-12-22 10:34:38,308 [INFO] CodeEngine:345 - Generated code: C:\Users\aditi\OneDrive\Desktop\Sunbeam_Internship\Internship_Practice_on_Board\HAL_code\Core\Inc\stm32f4xx_hal_conf.h
2025-12-22 10:34:38,377 [INFO] ApiDbMcu:532 - Load IP Config File for RCC
2025-12-22 10:34:38,401 [INFO] CodeEngine:265 - oldGeneratedFile, C:\Users\aditi\OneDrive\Desktop\Sunbeam_Internship\Internship_Practice_on_Board\HAL_code\Core\Inc\main.h_save
2025-12-22 10:34:38,561 [INFO] CodeEngine:289 - Generated code: C:\Users\aditi\OneDrive\Desktop\Sunbeam_Internship\Internship_Practice_on_Board\HAL_code\Core\Inc\main.h
2025-12-22 10:34:38,576 [INFO] CodeEngine:265 - oldGeneratedFile, C:\Users\aditi\OneDrive\Desktop\Sunbeam_Internship\Internship_Practice_on_Board\HAL_code\Core\Src\main.c_save
2025-12-22 10:34:38,793 [INFO] CodeEngine:289 - Generated code: C:\Users\aditi\OneDrive\Desktop\Sunbeam_Internship\Internship_Practice_on_Board\HAL_code\Core\Src\main.c
2025-12-22 10:34:40,219 [INFO] ProjectBuilder:3606 - Time for Copy HAL[1] : 1200mS.
2025-12-22 10:34:40,250 [INFO] ProjectBuilder:5216 - Project Generator version: 4.7.0-B52
2025-12-22 10:34:40,335 [INFO] ConfigFileManager:1595 - The Die is : DIE413
2025-12-22 10:34:40,349 [INFO] ApiDbMcu:532 - Load IP Config File for FATFS
2025-12-22 10:34:40,359 [INFO] ApiDbMcu:532 - Load IP Config File for FREERTOS
2025-12-22 10:34:40,364 [INFO] ApiDbMcu:532 - Load IP Config File for LIBJPEG
2025-12-22 10:34:40,371 [INFO] ApiDbMcu:532 - Load IP Config File for LWIP
2025-12-22 10:34:40,382 [INFO] ApiDbMcu:532 - Load IP Config File for MBEDTLS
2025-12-22 10:34:40,392 [INFO] ApiDbMcu:532 - Load IP Config File for USB_DEVICE
2025-12-22 10:34:40,397 [INFO] ApiDbMcu:532 - Load IP Config File for USB_HOST
2025-12-22 10:34:40,995 [INFO] LogOutputStream:77 - [STDOUT_REDIRECT] 
2025-12-22 10:34:44,841 [INFO] ProjectBuilder:5496 - Time for Generating toolchain IDE Files: 4590mS.
2025-12-22 10:34:44,844 [INFO] ProjectBuilder:3463 - Time for Copy CMSIS : 2mS.
2025-12-22 10:34:44,854 [INFO] ProjectBuilder:3463 - Time for Copy CMSIS : 0mS.
2025-12-22 10:34:46,187 [INFO] McuFinderGlobals:76 - Set McuFinderConnectedMode to true
2025-12-22 10:34:46,196 [INFO] ApiDb:448 - Save user favorites file C:\Users\aditi/.stm32cubeide/favorites.mcus.txt: 0 item(s)
2025-12-22 10:34:46,196 [INFO] ApiDb:452 - User favorites MCUs=[]
2025-12-22 10:34:46,200 [INFO] ApiDb:448 - Save user favorites file C:\Users\aditi/.stm32cubeide/favorites.boards.txt: 1 item(s)
2025-12-22 10:34:46,200 [INFO] ApiDb:452 - User favorites Boards=[STM32F407G-DISC1]
2025-12-22 10:35:33,415 [INFO] Gpio:278 - dependency for GPIO []
2025-12-22 10:36:46,774 [INFO] UtilMem:75 - End SaveConfig() Used Memory: 850340056 Bytes (1073741824)
2025-12-22 10:36:50,658 [INFO] UtilMem:75 - End SaveConfig() Used Memory: 628923368 Bytes (1073741824)
2025-12-22 10:36:51,030 [INFO] UtilMem:75 - End SaveConfig() Used Memory: 657761256 Bytes (1073741824)
2025-12-22 10:36:51,591 [INFO] BlockDiagram:2775 - set Specific Code input for plugin: SYS
2025-12-22 10:36:51,592 [INFO] BlockDiagram:2775 - set Specific Code input for plugin: RCC
2025-12-22 10:36:51,592 [INFO] BlockDiagram:2775 - set Specific Code input for plugin: NVIC
2025-12-22 10:36:51,592 [INFO] BlockDiagram:2775 - set Specific Code input for plugin: GPIO
2025-12-22 10:36:51,595 [INFO] CodeGenerator:892 - code generatio: config db path: C:\ST\STM32CubeIDE_1.19.0\STM32CubeIDE\plugins\com.st.stm32cube.common.mx_6.15.0.202507011659\\db\
2025-12-22 10:36:51,705 [INFO] CodeEngine:265 - oldGeneratedFile, C:\Users\aditi\OneDrive\Desktop\Sunbeam_Internship\Internship_Practice_on_Board\HAL_code\MXTmpFiles\license.tmp_save
2025-12-22 10:36:51,948 [INFO] CodeEngine:289 - Generated code: C:\Users\aditi\OneDrive\Desktop\Sunbeam_Internship\Internship_Practice_on_Board\HAL_code\MXTmpFiles\license.tmp
2025-12-22 10:36:52,017 [INFO] CodeEngine:265 - oldGeneratedFile, C:\Users\aditi\OneDrive\Desktop\Sunbeam_Internship\Internship_Practice_on_Board\HAL_code\MXTmpFiles\gpio.tmp_save
2025-12-22 10:36:52,159 [INFO] CodeEngine:289 - Generated code: C:\Users\aditi\OneDrive\Desktop\Sunbeam_Internship\Internship_Practice_on_Board\HAL_code\MXTmpFiles\gpio.tmp
2025-12-22 10:36:52,218 [INFO] CodeEngine:265 - oldGeneratedFile, C:\Users\aditi\OneDrive\Desktop\Sunbeam_Internship\Internship_Practice_on_Board\HAL_code\Core\Src\stm32f4xx_it.c_save
2025-12-22 10:36:52,378 [INFO] CodeEngine:289 - Generated code: C:\Users\aditi\OneDrive\Desktop\Sunbeam_Internship\Internship_Practice_on_Board\HAL_code\Core\Src\stm32f4xx_it.c
2025-12-22 10:36:52,400 [INFO] CodeEngine:265 - oldGeneratedFile, C:\Users\aditi\OneDrive\Desktop\Sunbeam_Internship\Internship_Practice_on_Board\HAL_code\Core\Inc\stm32f4xx_it.h_save
2025-12-22 10:36:52,539 [INFO] CodeEngine:289 - Generated code: C:\Users\aditi\OneDrive\Desktop\Sunbeam_Internship\Internship_Practice_on_Board\HAL_code\Core\Inc\stm32f4xx_it.h
2025-12-22 10:36:52,581 [INFO] CodeEngine:265 - oldGeneratedFile, C:\Users\aditi\OneDrive\Desktop\Sunbeam_Internship\Internship_Practice_on_Board\HAL_code\Core\Src\stm32f4xx_hal_msp.c_save
2025-12-22 10:36:52,755 [INFO] CodeEngine:289 - Generated code: C:\Users\aditi\OneDrive\Desktop\Sunbeam_Internship\Internship_Practice_on_Board\HAL_code\Core\Src\stm32f4xx_hal_msp.c
2025-12-22 10:36:52,772 [INFO] CodeEngine:265 - oldGeneratedFile, C:\Users\aditi\OneDrive\Desktop\Sunbeam_Internship\Internship_Practice_on_Board\HAL_code\MXTmpFiles\system.tmp_save
2025-12-22 10:36:52,866 [INFO] CodeEngine:289 - Generated code: C:\Users\aditi\OneDrive\Desktop\Sunbeam_Internship\Internship_Practice_on_Board\HAL_code\MXTmpFiles\system.tmp
2025-12-22 10:36:52,901 [INFO] CodeEngine:321 - oldGeneratedFile, C:\Users\aditi\OneDrive\Desktop\Sunbeam_Internship\Internship_Practice_on_Board\HAL_code\Core\Inc\stm32f4xx_hal_conf.h_save
2025-12-22 10:36:53,019 [INFO] CodeEngine:345 - Generated code: C:\Users\aditi\OneDrive\Desktop\Sunbeam_Internship\Internship_Practice_on_Board\HAL_code\Core\Inc\stm32f4xx_hal_conf.h
2025-12-22 10:36:53,111 [INFO] CodeEngine:265 - oldGeneratedFile, C:\Users\aditi\OneDrive\Desktop\Sunbeam_Internship\Internship_Practice_on_Board\HAL_code\Core\Inc\main.h_save
2025-12-22 10:36:53,219 [INFO] CodeEngine:289 - Generated code: C:\Users\aditi\OneDrive\Desktop\Sunbeam_Internship\Internship_Practice_on_Board\HAL_code\Core\Inc\main.h
2025-12-22 10:36:53,247 [INFO] CodeEngine:265 - oldGeneratedFile, C:\Users\aditi\OneDrive\Desktop\Sunbeam_Internship\Internship_Practice_on_Board\HAL_code\Core\Src\main.c_save
2025-12-22 10:36:53,399 [INFO] CodeEngine:289 - Generated code: C:\Users\aditi\OneDrive\Desktop\Sunbeam_Internship\Internship_Practice_on_Board\HAL_code\Core\Src\main.c
2025-12-22 10:36:54,879 [INFO] ProjectBuilder:3606 - Time for Copy HAL[1] : 1278mS.
2025-12-22 10:36:54,886 [INFO] ProjectBuilder:5216 - Project Generator version: 4.7.0-B52
2025-12-22 10:36:54,949 [INFO] ConfigFileManager:1595 - The Die is : DIE413
2025-12-22 10:36:55,893 [INFO] WebApp:194 - Connection lost
2025-12-22 10:36:56,318 [INFO] WebApp:191 - Connection restablished
2025-12-22 10:36:57,044 [INFO] ProjectBuilder:5496 - Time for Generating toolchain IDE Files: 2157mS.
2025-12-22 10:36:57,046 [INFO] ProjectBuilder:3463 - Time for Copy CMSIS : 1mS.
2025-12-22 10:36:57,066 [INFO] ProjectBuilder:3463 - Time for Copy CMSIS : 0mS.
2025-12-22 11:02:54,881 [INFO] WebApp:194 - Connection lost
2025-12-22 11:02:55,279 [INFO] WebApp:191 - Connection restablished
2025-12-22 11:12:13,912 [ERROR] LogOutputStream:75 - [STDERR_REDIRECT] 
2025-12-22 11:12:13,918 [ERROR] LogOutputStream:75 - [STDERR_REDIRECT] 
2025-12-22 11:56:12,314 [INFO] Activator:176 - 


2025-12-22 11:56:12,317 [INFO] Activator:177 - !SESSION log4j initialized
2025-12-22 11:56:19,707 [INFO] LogOutputStream:77 - [STDOUT_REDIRECT] 
2025-12-22 11:56:21,043 [INFO] ApplicationProperties:184 - Using Application install path: C:\ST\STM32CubeIDE_1.19.0\STM32CubeIDE\plugins\com.st.stm32cube.common.mx_6.15.0.202507011659
2025-12-22 11:56:21,081 [INFO] DbMcusXml:78 - Set database path to: C:\ST\STM32CubeIDE_1.19.0\STM32CubeIDE\plugins\com.st.stm32cube.common.mx_6.15.0.202507011659\\db\/mcu/
2025-12-22 11:56:21,081 [INFO] ApiDb:274 - Set plugin database path to: C:\ST\STM32CubeIDE_1.19.0\STM32CubeIDE\plugins\com.st.stm32cube.common.mx_6.15.0.202507011659\\db\/plugins/boardmanager/
2025-12-22 11:56:21,082 [WARN] ApiDb:259 - Overriding images path with different value:  => C:\ST\STM32CubeIDE_1.19.0\STM32CubeIDE\plugins\com.st.stm32cube.common.mx_6.15.0.202507011659\\db\/plugins/mcufinder/images/
2025-12-22 11:56:21,097 [INFO] ApiDb:250 - Set database path to: C:\Users\aditi\.stmcufinder\plugins\mcufinder//mcu/
2025-12-22 11:56:21,100 [INFO] DbMcusAds:125 - Set database path to: C:\Users\aditi\.stmcufinder\plugins\mcufinder//mcu/
2025-12-22 11:56:21,105 [INFO] CrossReferenceDbSqlite:203 - Set database path to: C:\Users\aditi\.stmcufinder\plugins\mcufinder//mcu/cs/
2025-12-22 11:56:21,327 [INFO] RulesReader:64 - Compatibility file has been processed (317 Rules)
2025-12-22 11:56:21,498 [INFO] DbMcusXml:78 - Set database path to: C:\ST\STM32CubeIDE_1.19.0\STM32CubeIDE\plugins\com.st.stm32cube.common.mx_6.15.0.202507011659\\db\/mcu/
2025-12-22 11:56:21,498 [INFO] ApiDb:274 - Set plugin database path to: C:\ST\STM32CubeIDE_1.19.0\STM32CubeIDE\plugins\com.st.stm32cube.common.mx_6.15.0.202507011659\\db\/plugins/boardmanager/
2025-12-22 11:56:21,498 [INFO] ApiDb:261 - Set plugin images path to: C:\ST\STM32CubeIDE_1.19.0\STM32CubeIDE\plugins\com.st.stm32cube.common.mx_6.15.0.202507011659\\db\/plugins/mcufinder/images/
2025-12-22 11:56:21,498 [WARN] DbFile:41 - Overriding database path with different value: C:\Users\aditi\.stmcufinder\plugins\mcufinder/ => C:\Users\aditi\.stmcufinder\plugins\mcufinder
2025-12-22 11:56:21,499 [INFO] ApiDb:250 - Set database path to: C:\Users\aditi\.stmcufinder\plugins\mcufinder//mcu/
2025-12-22 11:56:21,499 [WARN] DbFile:41 - Overriding database path with different value: C:\Users\aditi\.stmcufinder\plugins\mcufinder/ => C:\Users\aditi\.stmcufinder\plugins\mcufinder
2025-12-22 11:56:21,499 [INFO] DbMcusAds:125 - Set database path to: C:\Users\aditi\.stmcufinder\plugins\mcufinder//mcu/
2025-12-22 11:56:21,499 [WARN] DbFile:41 - Overriding database path with different value: C:\Users\aditi\.stmcufinder\plugins\mcufinder/ => C:\Users\aditi\.stmcufinder\plugins\mcufinder
2025-12-22 11:56:21,499 [WARN] DbFile:41 - Overriding database path with different value: C:\Users\aditi\.stmcufinder\plugins\mcufinder/ => C:\Users\aditi\.stmcufinder\plugins\mcufinder
2025-12-22 11:56:21,499 [INFO] CrossReferenceDbSqlite:203 - Set database path to: C:\Users\aditi\.stmcufinder\plugins\mcufinder//mcu/cs/
2025-12-22 11:56:21,617 [INFO] MainPanel:274 - HeapMemory: 268435456
2025-12-22 11:56:21,788 [INFO] DbMcusXml:78 - Set database path to: C:\ST\STM32CubeIDE_1.19.0\STM32CubeIDE\plugins\com.st.stm32cube.common.mx_6.15.0.202507011659\\db\/mcu/
2025-12-22 11:56:21,788 [INFO] ApiDb:274 - Set plugin database path to: C:\ST\STM32CubeIDE_1.19.0\STM32CubeIDE\plugins\com.st.stm32cube.common.mx_6.15.0.202507011659\\db\/plugins/boardmanager/
2025-12-22 11:56:21,788 [INFO] ApiDb:261 - Set plugin images path to: C:\ST\STM32CubeIDE_1.19.0\STM32CubeIDE\plugins\com.st.stm32cube.common.mx_6.15.0.202507011659\\db\/plugins/mcufinder/images/
2025-12-22 11:56:21,788 [WARN] DbFile:41 - Overriding database path with different value: C:\Users\aditi\.stmcufinder\plugins\mcufinder/ => C:\Users\aditi\.stmcufinder\plugins\mcufinder
2025-12-22 11:56:21,788 [INFO] ApiDb:250 - Set database path to: C:\Users\aditi\.stmcufinder\plugins\mcufinder//mcu/
2025-12-22 11:56:21,789 [WARN] DbFile:41 - Overriding database path with different value: C:\Users\aditi\.stmcufinder\plugins\mcufinder/ => C:\Users\aditi\.stmcufinder\plugins\mcufinder
2025-12-22 11:56:21,789 [INFO] DbMcusAds:125 - Set database path to: C:\Users\aditi\.stmcufinder\plugins\mcufinder//mcu/
2025-12-22 11:56:21,789 [WARN] DbFile:41 - Overriding database path with different value: C:\Users\aditi\.stmcufinder\plugins\mcufinder/ => C:\Users\aditi\.stmcufinder\plugins\mcufinder
2025-12-22 11:56:21,789 [WARN] DbFile:41 - Overriding database path with different value: C:\Users\aditi\.stmcufinder\plugins\mcufinder/ => C:\Users\aditi\.stmcufinder\plugins\mcufinder
2025-12-22 11:56:21,789 [INFO] CrossReferenceDbSqlite:203 - Set database path to: C:\Users\aditi\.stmcufinder\plugins\mcufinder//mcu/cs/
2025-12-22 11:56:21,814 [INFO] ApplicationProperties:184 - Using Application install path: C:\ST\STM32CubeIDE_1.19.0\STM32CubeIDE\plugins\com.st.stm32cube.common.mx_6.15.0.202507011659
2025-12-22 11:56:21,816 [INFO] PluginManage:196 - Search for loadable plugins [exclusion list=, ]
2025-12-22 11:56:21,818 [INFO] PluginManage:310 - Check plugin analytics
2025-12-22 11:56:22,168 [INFO] AnalyticsPlugin:253 - Accepted Software Licenses: 
2025-12-22 11:56:22,169 [INFO] AnalyticsPlugin:255 - Accepted CMSIS Pack Licenses: 
2025-12-22 11:56:22,169 [INFO] AnalyticsPlugin:257 - Accepted Firmware Licenses: FW.F4.1.28.0
2025-12-22 11:56:22,178 [INFO] PluginManage:359 - Loaded plugin analytics (category:tool,tabindex:-1)
2025-12-22 11:56:22,178 [INFO] PluginManage:310 - Check plugin cadmodel
2025-12-22 11:56:22,193 [INFO] CADModel:105 - Init CAD model plugin
2025-12-22 11:56:22,193 [INFO] PluginManage:359 - Loaded plugin cadmodel (category:power,tabindex:5)
2025-12-22 11:56:22,194 [INFO] PluginManage:310 - Check plugin clock
2025-12-22 11:56:22,218 [INFO] PluginManage:359 - Loaded plugin clock (category:base,tabindex:2)
2025-12-22 11:56:22,218 [INFO] PluginManage:310 - Check plugin ddr
2025-12-22 11:56:22,223 [INFO] PluginManage:359 - Loaded plugin ddr (category:tool,tabindex:6)
2025-12-22 11:56:22,224 [INFO] PluginManage:310 - Check plugin filemanager
2025-12-22 11:56:22,447 [INFO] PluginManage:359 - Loaded plugin filemanager (category:base,tabindex:10)
2025-12-22 11:56:22,447 [INFO] PluginManage:310 - Check plugin ipmanager
2025-12-22 11:56:22,457 [INFO] PluginManage:359 - Loaded plugin ipmanager (category:base,tabindex:5)
2025-12-22 11:56:22,458 [INFO] PluginManage:310 - Check plugin lpbam
2025-12-22 11:56:22,469 [INFO] PluginManage:359 - Loaded plugin lpbam (category:base,tabindex:0)
2025-12-22 11:56:22,469 [INFO] PluginManage:310 - Check plugin memorymap
2025-12-22 11:56:22,491 [INFO] PluginManage:359 - Loaded plugin memorymap (category:base,tabindex:4)
2025-12-22 11:56:22,491 [INFO] PluginManage:310 - Check plugin pinoutandconfiguration
2025-12-22 11:56:22,520 [INFO] PluginManage:359 - Loaded plugin pinoutandconfiguration (category:base,tabindex:1)
2025-12-22 11:56:22,520 [INFO] PluginManage:310 - Check plugin pinoutconfig
2025-12-22 11:56:22,668 [WARN] SupportedApi:132 - Cannot load RTOS API schema: s4s-elt-must-match.1: The content of 'definitions' must match (annotation?, (simpleType | complexType)?, (unique | key | keyref)*)). A problem was found starting at: attribute.
2025-12-22 11:56:22,886 [INFO] PluginManage:359 - Loaded plugin pinoutconfig (category:base,tabindex:0)
2025-12-22 11:56:22,886 [INFO] PluginManage:310 - Check plugin power
2025-12-22 11:56:22,904 [INFO] PluginManage:359 - Loaded plugin power (category:power,tabindex:4)
2025-12-22 11:56:22,904 [INFO] PluginManage:310 - Check plugin projectmanager
2025-12-22 11:56:22,931 [INFO] PluginManage:359 - Loaded plugin projectmanager (category:projectmanager,tabindex:4)
2025-12-22 11:56:22,931 [INFO] PluginManage:310 - Check plugin rif
2025-12-22 11:56:22,946 [INFO] PluginManage:359 - Loaded plugin rif (category:base,tabindex:3)
2025-12-22 11:56:22,946 [INFO] PluginManage:310 - Check plugin thirdparty
2025-12-22 11:56:23,181 [INFO] PluginManage:359 - Loaded plugin thirdparty (category:base,tabindex:-1)
2025-12-22 11:56:23,181 [WARN] IntegrityCheckThread:84 - waiting for thirdparty lock release [integrity check]
2025-12-22 11:56:23,181 [INFO] PluginManage:310 - Check plugin tools
2025-12-22 11:56:23,182 [INFO] IntegrityCheckThread:86 - entering critical section [integrity check]
2025-12-22 11:56:23,182 [INFO] ThirdPartyUpdaterWithRetryManager:70 - Updater plugin not ready yet. [1/15]
2025-12-22 11:56:23,187 [INFO] PluginManage:359 - Loaded plugin tools (category:base,tabindex:7)
2025-12-22 11:56:23,187 [INFO] PluginManage:310 - Check plugin tutovideos
2025-12-22 11:56:23,515 [INFO] PluginManage:359 - Loaded plugin tutovideos (category:base,tabindex:-1)
2025-12-22 11:56:23,516 [INFO] PluginManage:310 - Check plugin updater
2025-12-22 11:56:23,549 [INFO] PluginManage:359 - Loaded plugin updater (category:base,tabindex:12)
2025-12-22 11:56:23,550 [INFO] PluginManage:310 - Check plugin userauth
2025-12-22 11:56:23,558 [INFO] UserAuth:118 - Init User Auth plugin
2025-12-22 11:56:23,560 [INFO] PluginManage:359 - Loaded plugin userauth (category:base,tabindex:14)
2025-12-22 11:56:23,561 [INFO] PluginManage:283 - PluginManage : Loaded plugins [18]
2025-12-22 11:56:23,882 [INFO] PinOutPanel:1589 - setPackage(No Configuration,No Configuration)
2025-12-22 11:56:24,014 [INFO] CADModel:165 - CPN selected for project level
2025-12-22 11:56:24,015 [INFO] CADModel:114 - Register for checkConnection events
2025-12-22 11:56:24,048 [INFO] IPUIPlugin:80 - create IPUIPlugin
2025-12-22 11:56:24,048 [INFO] PluginManager:220 - loadIPPluginJar : add adc
2025-12-22 11:56:24,053 [INFO] IPUIPlugin:80 - create IPUIPlugin
2025-12-22 11:56:24,053 [INFO] PluginManager:220 - loadIPPluginJar : add aes
2025-12-22 11:56:24,058 [INFO] IPUIPlugin:80 - create IPUIPlugin
2025-12-22 11:56:24,058 [INFO] PluginManager:220 - loadIPPluginJar : add can
2025-12-22 11:56:24,061 [INFO] IPUIPlugin:80 - create IPUIPlugin
2025-12-22 11:56:24,061 [INFO] PluginManager:220 - loadIPPluginJar : add comp
2025-12-22 11:56:24,066 [INFO] IPUIPlugin:80 - create IPUIPlugin
2025-12-22 11:56:24,067 [INFO] PluginManager:220 - loadIPPluginJar : add cryp
2025-12-22 11:56:24,072 [INFO] IPUIPlugin:80 - create IPUIPlugin
2025-12-22 11:56:24,072 [INFO] PluginManager:220 - loadIPPluginJar : add ddr_ctrl_phy
2025-12-22 11:56:24,076 [INFO] IPUIPlugin:80 - create IPUIPlugin
2025-12-22 11:56:24,076 [INFO] PluginManager:220 - loadIPPluginJar : add dfsdm
2025-12-22 11:56:24,084 [INFO] IPUIPlugin:80 - create IPUIPlugin
2025-12-22 11:56:24,085 [INFO] PluginManager:220 - loadIPPluginJar : add dma
2025-12-22 11:56:24,089 [INFO] IPUIPlugin:80 - create IPUIPlugin
2025-12-22 11:56:24,089 [INFO] PluginManager:220 - loadIPPluginJar : add dma3
2025-12-22 11:56:24,095 [INFO] IPUIPlugin:80 - create IPUIPlugin
2025-12-22 11:56:24,096 [INFO] PluginManager:220 - loadIPPluginJar : add extmemmanager
2025-12-22 11:56:24,099 [INFO] IPUIPlugin:80 - create IPUIPlugin
2025-12-22 11:56:24,099 [INFO] PluginManager:220 - loadIPPluginJar : add fatfs
2025-12-22 11:56:24,107 [INFO] IPUIPlugin:80 - create IPUIPlugin
2025-12-22 11:56:24,107 [INFO] PluginManager:220 - loadIPPluginJar : add fmc
2025-12-22 11:56:24,119 [INFO] IPUIPlugin:80 - create IPUIPlugin
2025-12-22 11:56:24,120 [INFO] PluginManager:220 - loadIPPluginJar : add freertos
2025-12-22 11:56:24,122 [INFO] IPUIPlugin:80 - create IPUIPlugin
2025-12-22 11:56:24,122 [INFO] PluginManager:220 - loadIPPluginJar : add genericplugin
2025-12-22 11:56:24,127 [INFO] IPUIPlugin:80 - create IPUIPlugin
2025-12-22 11:56:24,127 [INFO] PluginManager:220 - loadIPPluginJar : add gfxmmu
2025-12-22 11:56:24,133 [INFO] IPUIPlugin:80 - create IPUIPlugin
2025-12-22 11:56:24,133 [INFO] PluginManager:220 - loadIPPluginJar : add gic
2025-12-22 11:56:24,140 [INFO] IPUIPlugin:80 - create IPUIPlugin
2025-12-22 11:56:24,141 [INFO] PluginManager:220 - loadIPPluginJar : add gpio
2025-12-22 11:56:24,146 [INFO] IPUIPlugin:80 - create IPUIPlugin
2025-12-22 11:56:24,146 [INFO] PluginManager:220 - loadIPPluginJar : add gtzc
2025-12-22 11:56:24,151 [INFO] IPUIPlugin:80 - create IPUIPlugin
2025-12-22 11:56:24,151 [INFO] PluginManager:220 - loadIPPluginJar : add hash
2025-12-22 11:56:24,159 [INFO] IPUIPlugin:80 - create IPUIPlugin
2025-12-22 11:56:24,159 [INFO] PluginManager:220 - loadIPPluginJar : add i2c
2025-12-22 11:56:24,164 [INFO] IPUIPlugin:80 - create IPUIPlugin
2025-12-22 11:56:24,165 [INFO] PluginManager:220 - loadIPPluginJar : add i2s
2025-12-22 11:56:24,170 [INFO] IPUIPlugin:80 - create IPUIPlugin
2025-12-22 11:56:24,171 [INFO] PluginManager:220 - loadIPPluginJar : add i3c
2025-12-22 11:56:24,177 [INFO] IPUIPlugin:80 - create IPUIPlugin
2025-12-22 11:56:24,177 [INFO] PluginManager:220 - loadIPPluginJar : add ipddr
2025-12-22 11:56:24,192 [INFO] IPUIPlugin:80 - create IPUIPlugin
2025-12-22 11:56:24,192 [INFO] PluginManager:220 - loadIPPluginJar : add linkedlist
2025-12-22 11:56:24,199 [INFO] IPUIPlugin:80 - create IPUIPlugin
2025-12-22 11:56:24,199 [INFO] PluginManager:220 - loadIPPluginJar : add lorawan
2025-12-22 11:56:24,203 [INFO] IPUIPlugin:80 - create IPUIPlugin
2025-12-22 11:56:24,203 [INFO] PluginManager:220 - loadIPPluginJar : add ltdc
2025-12-22 11:56:24,216 [INFO] IPUIPlugin:80 - create IPUIPlugin
2025-12-22 11:56:24,217 [INFO] PluginManager:220 - loadIPPluginJar : add mdma
2025-12-22 11:56:24,223 [INFO] IPUIPlugin:80 - create IPUIPlugin
2025-12-22 11:56:24,223 [INFO] PluginManager:220 - loadIPPluginJar : add nvic
2025-12-22 11:56:24,229 [INFO] IPUIPlugin:80 - create IPUIPlugin
2025-12-22 11:56:24,230 [INFO] PluginManager:220 - loadIPPluginJar : add opamp
2025-12-22 11:56:24,237 [INFO] IPUIPlugin:80 - create IPUIPlugin
2025-12-22 11:56:24,237 [INFO] PluginManager:220 - loadIPPluginJar : add openamp
2025-12-22 11:56:24,244 [INFO] IPUIPlugin:80 - create IPUIPlugin
2025-12-22 11:56:24,244 [INFO] PluginManager:220 - loadIPPluginJar : add pdm2pcm
2025-12-22 11:56:24,255 [INFO] IPUIPlugin:80 - create IPUIPlugin
2025-12-22 11:56:24,258 [INFO] PluginManager:220 - loadIPPluginJar : add plateformsettings
2025-12-22 11:56:24,261 [INFO] IPUIPlugin:80 - create IPUIPlugin
2025-12-22 11:56:24,261 [INFO] PluginManager:220 - loadIPPluginJar : add quadspi
2025-12-22 11:56:24,265 [INFO] IPUIPlugin:80 - create IPUIPlugin
2025-12-22 11:56:24,266 [INFO] PluginManager:220 - loadIPPluginJar : add radio
2025-12-22 11:56:24,273 [INFO] IPUIPlugin:80 - create IPUIPlugin
2025-12-22 11:56:24,273 [INFO] PluginManager:220 - loadIPPluginJar : add resmgrutility
2025-12-22 11:56:24,279 [INFO] IPUIPlugin:80 - create IPUIPlugin
2025-12-22 11:56:24,279 [INFO] PluginManager:220 - loadIPPluginJar : add sai
2025-12-22 11:56:24,284 [INFO] IPUIPlugin:80 - create IPUIPlugin
2025-12-22 11:56:24,284 [INFO] PluginManager:220 - loadIPPluginJar : add spi
2025-12-22 11:56:24,293 [INFO] IPUIPlugin:80 - create IPUIPlugin
2025-12-22 11:56:24,293 [INFO] PluginManager:220 - loadIPPluginJar : add stm32_wpan
2025-12-22 11:56:24,297 [INFO] IPUIPlugin:80 - create IPUIPlugin
2025-12-22 11:56:24,297 [INFO] PluginManager:220 - loadIPPluginJar : add tim
2025-12-22 11:56:24,303 [INFO] IPUIPlugin:80 - create IPUIPlugin
2025-12-22 11:56:24,303 [INFO] PluginManager:220 - loadIPPluginJar : add touchsensing
2025-12-22 11:56:24,307 [INFO] IPUIPlugin:80 - create IPUIPlugin
2025-12-22 11:56:24,308 [INFO] PluginManager:220 - loadIPPluginJar : add tracer_emb
2025-12-22 11:56:24,312 [INFO] IPUIPlugin:80 - create IPUIPlugin
2025-12-22 11:56:24,312 [INFO] PluginManager:220 - loadIPPluginJar : add ts
2025-12-22 11:56:24,315 [INFO] IPUIPlugin:80 - create IPUIPlugin
2025-12-22 11:56:24,315 [INFO] PluginManager:220 - loadIPPluginJar : add tsc
2025-12-22 11:56:24,319 [INFO] IPUIPlugin:80 - create IPUIPlugin
2025-12-22 11:56:24,319 [INFO] PluginManager:220 - loadIPPluginJar : add ucpd
2025-12-22 11:56:24,323 [INFO] IPUIPlugin:80 - create IPUIPlugin
2025-12-22 11:56:24,323 [INFO] PluginManager:220 - loadIPPluginJar : add usart
2025-12-22 11:56:24,328 [INFO] IPUIPlugin:80 - create IPUIPlugin
2025-12-22 11:56:24,329 [INFO] PluginManager:220 - loadIPPluginJar : add usbx
2025-12-22 11:56:24,480 [FATAL] Updater:351 - Updater called before beeing initialized
2025-12-22 11:56:24,528 [INFO] RulesReader:64 - Compatibility file has been processed (317 Rules)
2025-12-22 11:56:24,541 [INFO] RulesReader:64 - Compatibility file has been processed (317 Rules)
2025-12-22 11:56:24,568 [INFO] CADModel:165 - CPN selected for project level
2025-12-22 11:56:24,568 [INFO] CADModel:114 - Register for checkConnection events
2025-12-22 11:56:24,568 [FATAL] Updater:351 - Updater called before beeing initialized
2025-12-22 11:56:24,569 [ERROR] CADModel:125 - Updater not yet initialized, retry later 
2025-12-22 11:56:24,824 [FATAL] Updater:351 - Updater called before beeing initialized
2025-12-22 11:56:24,828 [INFO] CADModel:165 - CPN selected for project level
2025-12-22 11:56:24,828 [INFO] CADModel:114 - Register for checkConnection events
2025-12-22 11:56:24,828 [FATAL] Updater:351 - Updater called before beeing initialized
2025-12-22 11:56:24,828 [ERROR] CADModel:125 - Updater not yet initialized, retry later 
2025-12-22 11:56:24,834 [FATAL] Updater:351 - Updater called before beeing initialized
2025-12-22 11:56:25,022 [FATAL] Updater:351 - Updater called before beeing initialized
2025-12-22 11:56:25,028 [INFO] DbMcusAds:53 - JSON generation date=Tue Dec 16 04:41:46 IST 2025 (1765840306612)
2025-12-22 11:56:25,028 [FATAL] Updater:351 - Updater called before beeing initialized
2025-12-22 11:56:25,077 [WARN] DetailPanel:346 - Failed to get advertising image, set to default
2025-12-22 11:56:25,161 [FATAL] Updater:351 - Updater called before beeing initialized
2025-12-22 11:56:25,163 [FATAL] Updater:351 - Updater called before beeing initialized
2025-12-22 11:56:25,163 [FATAL] Updater:351 - Updater called before beeing initialized
2025-12-22 11:56:25,164 [WARN] DetailPanel:346 - Failed to get advertising image, set to default
2025-12-22 11:56:25,165 [FATAL] Updater:351 - Updater called before beeing initialized
2025-12-22 11:56:25,240 [ERROR] Updater:1198 - MainUpdater not yet initialized. External WinMGr cannot be set.
2025-12-22 11:56:25,243 [INFO] Updater:1134 - Updater Version found : 6.15.0
2025-12-22 11:56:25,275 [INFO] ApplicationProperties:184 - Using Application install path: C:\ST\STM32CubeIDE_1.19.0\STM32CubeIDE\plugins\com.st.stm32cube.common.mx_6.15.0.202507011659
2025-12-22 11:56:26,183 [INFO] ThirdPartyUpdaterWithRetryManager:70 - Updater plugin not ready yet. [2/15]
2025-12-22 11:56:26,877 [ERROR] LogOutputStream:75 - [STDERR_REDIRECT] Dec 22, 2025 11:56:26 AM java.util.prefs.WindowsPreferences <init>
2025-12-22 11:56:26,879 [ERROR] LogOutputStream:75 - [STDERR_REDIRECT] WARNING: Could not open/create prefs root node Software\JavaSoft\Prefs at root 0xffffffff80000002. Windows RegCreateKeyEx(...) returned error code 5.
2025-12-22 11:56:26,880 [ERROR] LogOutputStream:75 - [STDERR_REDIRECT] 
2025-12-22 11:56:27,422 [INFO] MainUpdater:2872 - connection check result : 10
2025-12-22 11:56:27,423 [INFO] MainUpdater:289 - Updater Check For Update Now.
2025-12-22 11:56:27,423 [INFO] MicroXplorer:498 - Change Database Version : DB.6.0.150
2025-12-22 11:56:27,433 [INFO] McuFinderGlobals:63 - Set McuFinder mode to 2 (CubeIDE integrated)
2025-12-22 11:56:27,437 [INFO] UserAuth:487 - Internet connection configuration mode: 1
2025-12-22 11:56:27,488 [INFO] JxBrowserEngine:152 - Initiate JxBrowser Engine with user profile folder
2025-12-22 11:56:27,679 [INFO] CheckServerUpdateThread:120 - End of CheckServer Thread
2025-12-22 11:56:28,977 [INFO] WebApp:169 - Instantiating new browser for Auth
2025-12-22 11:56:29,438 [WARN] PackLoader:240 - Cannot read IP mode file for STMicroelectronics.FP-SNS-MOTENVWB1.1.4.0
2025-12-22 11:56:29,449 [WARN] PackLoader:240 - Cannot read IP mode file for STMicroelectronics.FP-ATR-ASTRA1.2.0.2
2025-12-22 11:56:29,459 [WARN] PackLoader:240 - Cannot read IP mode file for STMicroelectronics.X-CUBE-SMBUS.2.1.0
2025-12-22 11:56:29,487 [WARN] PackLoader:240 - Cannot read IP mode file for STMicroelectronics.X-CUBE-AZRTOS-F7.1.1.0
2025-12-22 11:56:29,506 [WARN] PackLoader:240 - Cannot read IP mode file for STMicroelectronics.X-CUBE-DISPLAY.3.0.0
2025-12-22 11:56:29,530 [WARN] PackLoader:240 - Cannot read IP mode file for STMicroelectronics.X-CUBE-NFC10.1.0.0
2025-12-22 11:56:29,541 [WARN] PackLoader:240 - Cannot read IP mode file for STMicroelectronics.FP-SNS-SMARTAG2.1.2.0
2025-12-22 11:56:29,558 [WARN] PackLoader:240 - Cannot read IP mode file for STMicroelectronics.FP-SNS-FLIGHT1.5.1.0
2025-12-22 11:56:29,572 [INFO] LogOutputStream:77 - [STDOUT_REDIRECT] 1 : Invalid condition id : UX_CORESTACK_Condition cause : null
2025-12-22 11:56:29,576 [INFO] LogOutputStream:77 - [STDOUT_REDIRECT] 1 : Invalid condition id : UX_CORESTACK_Condition cause : null
2025-12-22 11:56:29,577 [INFO] LogOutputStream:77 - [STDOUT_REDIRECT] 1 : Invalid condition id : UX_CORESTACK_Condition cause : null
2025-12-22 11:56:29,580 [INFO] LogOutputStream:77 - [STDOUT_REDIRECT] 1 : Invalid condition id : UX_CORESTACK_Condition cause : null
2025-12-22 11:56:29,582 [INFO] LogOutputStream:77 - [STDOUT_REDIRECT] 1 : Invalid condition id : UX_CORESTACK_Condition cause : null
2025-12-22 11:56:29,586 [WARN] PackLoader:240 - Cannot read IP mode file for STMicroelectronics.X-CUBE-AZRTOS-WL.2.0.0
2025-12-22 11:56:29,602 [WARN] PackLoader:240 - Cannot read IP mode file for STMicroelectronics.X-CUBE-BLE2.3.3.0
2025-12-22 11:56:29,622 [WARN] PackLoader:240 - Cannot read IP mode file for STMicroelectronics.X-CUBE-NFC9.1.0.0
2025-12-22 11:56:29,630 [WARN] PackLoader:240 - Cannot read IP mode file for STMicroelectronics.X-CUBE-BLE1.7.1.0
2025-12-22 11:56:29,659 [WARN] PackLoader:240 - Cannot read IP mode file for STMicroelectronics.X-CUBE-AZRTOS-G0.1.1.0
2025-12-22 11:56:29,672 [WARN] PackLoader:240 - Cannot read IP mode file for STMicroelectronics.X-CUBE-NFC4.3.0.0
2025-12-22 11:56:29,688 [WARN] PackLoader:240 - Cannot read IP mode file for STMicroelectronics.X-CUBE-WB05N.2.0.0
2025-12-22 11:56:29,701 [WARN] PackLoader:240 - Cannot read IP mode file for STMicroelectronics.X-CUBE-TCPP.4.2.0
2025-12-22 11:56:29,710 [WARN] PackLoader:240 - Cannot read IP mode file for STMicroelectronics.FP-ATR-SIGFOX1.3.2.0
2025-12-22 11:56:29,721 [WARN] PackLoader:240 - Cannot read IP mode file for STMicroelectronics.X-CUBE-ALGOBUILD.1.4.0
2025-12-22 11:56:29,730 [WARN] PackLoader:240 - Cannot read IP mode file for STMicroelectronics.X-CUBE-PM33A1.1.0.0
2025-12-22 11:56:29,762 [WARN] PackLoader:240 - Cannot read IP mode file for STMicroelectronics.X-CUBE-AZRTOS-F4.1.1.0
2025-12-22 11:56:29,779 [WARN] PackLoader:240 - Cannot read IP mode file for STMicroelectronics.X-CUBE-ISPU.2.1.0
2025-12-22 11:56:29,808 [WARN] PackLoader:240 - Cannot read IP mode file for STMicroelectronics.X-CUBE-AZRTOS-L5.2.0.0
2025-12-22 11:56:29,860 [WARN] PackLoader:240 - Cannot read IP mode file for STMicroelectronics.X-CUBE-NFC6.3.1.0
2025-12-22 11:56:29,882 [WARN] PackLoader:240 - Cannot read IP mode file for STMicroelectronics.X-CUBE-DPower.1.3.0
2025-12-22 11:56:29,913 [WARN] ConditionMgr:438 - getConditionDescription Invalid condition id : LAN8742 Phy interface Condition cause : null
2025-12-22 11:56:29,914 [WARN] PackLoader:240 - Cannot read IP mode file for STMicroelectronics.X-CUBE-AZRTOS-L4.2.0.0
2025-12-22 11:56:29,916 [WARN] ConditionMgr:1044 - genDependencies : Invalid condition id : LAN8742 Phy interface Condition cause : null
2025-12-22 11:56:29,917 [WARN] ConditionMgr:1044 - genDependencies : Invalid condition id : LAN8742 Phy interface Condition cause : null
2025-12-22 11:56:29,918 [WARN] ConditionMgr:1044 - genDependencies : Invalid condition id : LAN8742 Phy interface Condition cause : null
2025-12-22 11:56:29,930 [WARN] PackLoader:240 - Cannot read IP mode file for STMicroelectronics.X-CUBE-SFXS2LP1.4.0.0
2025-12-22 11:56:29,948 [WARN] ConditionMgr:438 - getConditionDescription Invalid condition id : UX DEVICE CLASS RTOS Condition cause : null
2025-12-22 11:56:29,948 [WARN] ConditionMgr:438 - getConditionDescription Invalid condition id : UX DEVICE CLASS RTOS Condition cause : null
2025-12-22 11:56:29,951 [WARN] PackLoader:240 - Cannot read IP mode file for STMicroelectronics.X-CUBE-AZRTOS-WB.2.0.0
2025-12-22 11:56:29,952 [WARN] ConditionMgr:1044 - genDependencies : Invalid condition id : UX DEVICE CLASS RTOS Condition cause : null
2025-12-22 11:56:29,952 [WARN] ConditionMgr:1044 - genDependencies : Invalid condition id : UX DEVICE CLASS RTOS Condition cause : null
2025-12-22 11:56:29,953 [WARN] ConditionMgr:1044 - genDependencies : Invalid condition id : UX DEVICE CLASS RTOS Condition cause : null
2025-12-22 11:56:29,953 [WARN] ConditionMgr:1044 - genDependencies : Invalid condition id : UX DEVICE CLASS RTOS Condition cause : null
2025-12-22 11:56:29,954 [WARN] ConditionMgr:1044 - genDependencies : Invalid condition id : UX DEVICE CLASS RTOS Condition cause : null
2025-12-22 11:56:29,971 [WARN] PackLoader:240 - Cannot read IP mode file for STMicroelectronics.X-CUBE-SUBG2.5.0.0
2025-12-22 11:56:29,994 [WARN] PackLoader:240 - Cannot read IP mode file for STMicroelectronics.X-CUBE-AZRTOS-G4.2.0.0
2025-12-22 11:56:30,002 [WARN] PackLoader:240 - Cannot read IP mode file for STMicroelectronics.X-CUBE-NFC7.2.0.0
2025-12-22 11:56:30,010 [WARN] PackLoader:240 - Cannot read IP mode file for STMicroelectronics.X-CUBE-ALS.1.0.2
2025-12-22 11:56:30,023 [WARN] PackLoader:240 - Cannot read IP mode file for STMicroelectronics.X-CUBE-TOF1.3.4.3
2025-12-22 11:56:30,034 [INFO] ThirdParty:978 - Integrity check success = true
2025-12-22 11:56:30,034 [INFO] IntegrityCheckThread:100 - exiting critical section [integrity check]
2025-12-22 11:56:30,034 [INFO] IntegrityCheckThread:103 - End integrity checks thread
2025-12-22 11:56:30,522 [INFO] WebApp:463 - Apply proxy settings
2025-12-22 11:56:30,523 [INFO] WebApp:548 - Chromium requires no authentication
2025-12-22 11:56:30,534 [INFO] WebApp:491 - Direct internet connection detected
2025-12-22 11:56:30,560 [INFO] WebApp:900 - Register for checkConnection events
2025-12-22 11:56:30,561 [INFO] WebApp:463 - Apply proxy settings
2025-12-22 11:56:30,561 [INFO] WebApp:548 - Chromium requires no authentication
2025-12-22 11:56:30,561 [INFO] WebApp:491 - Direct internet connection detected
2025-12-22 11:56:30,760 [INFO] WebApp:225 - Starting web application
2025-12-22 11:56:30,760 [INFO] WebApp:593 - Web application path used C:\ST\STM32CubeIDE_1.19.0\STM32CubeIDE\plugins\com.st.stm32cube.common.mx_6.15.0.202507011659\db\plugins\mcufinder\reactClient1\index.html
2025-12-22 11:56:30,851 [INFO] UserAuth:487 - Internet connection configuration mode: 1
2025-12-22 11:56:31,343 [INFO] WebApp:191 - Connection restablished
2025-12-22 12:28:52,000 [INFO] WebApp:194 - Connection lost
2025-12-22 12:28:58,542 [INFO] WebApp:191 - Connection restablished
2025-12-22 12:29:01,657 [INFO] WebApp:194 - Connection lost
2025-12-22 12:29:03,776 [INFO] WebApp:191 - Connection restablished
