2025-12-16 12:15:47,438 [INFO] Activator:176 - 


2025-12-16 12:15:47,443 [INFO] Activator:177 - !SESSION log4j initialized
2025-12-16 12:15:53,855 [INFO] LogOutputStream:77 - [STDOUT_REDIRECT] 
2025-12-16 12:15:55,066 [INFO] ApplicationProperties:184 - Using Application install path: C:\ST\STM32CubeIDE_1.19.0\STM32CubeIDE\plugins\com.st.stm32cube.common.mx_6.15.0.202507011659
2025-12-16 12:15:55,098 [INFO] DbMcusXml:78 - Set database path to: C:\ST\STM32CubeIDE_1.19.0\STM32CubeIDE\plugins\com.st.stm32cube.common.mx_6.15.0.202507011659\\db\/mcu/
2025-12-16 12:15:55,098 [INFO] ApiDb:274 - Set plugin database path to: C:\ST\STM32CubeIDE_1.19.0\STM32CubeIDE\plugins\com.st.stm32cube.common.mx_6.15.0.202507011659\\db\/plugins/boardmanager/
2025-12-16 12:15:55,099 [WARN] ApiDb:259 - Overriding images path with different value:  => C:\ST\STM32CubeIDE_1.19.0\STM32CubeIDE\plugins\com.st.stm32cube.common.mx_6.15.0.202507011659\\db\/plugins/mcufinder/images/
2025-12-16 12:15:55,115 [INFO] ApiDb:250 - Set database path to: C:\Users\aditi\.stmcufinder\plugins\mcufinder//mcu/
2025-12-16 12:15:55,118 [INFO] DbMcusAds:125 - Set database path to: C:\Users\aditi\.stmcufinder\plugins\mcufinder//mcu/
2025-12-16 12:15:55,122 [INFO] CrossReferenceDbSqlite:203 - Set database path to: C:\Users\aditi\.stmcufinder\plugins\mcufinder//mcu/cs/
2025-12-16 12:15:55,314 [INFO] RulesReader:64 - Compatibility file has been processed (317 Rules)
2025-12-16 12:15:55,451 [INFO] DbMcusXml:78 - Set database path to: C:\ST\STM32CubeIDE_1.19.0\STM32CubeIDE\plugins\com.st.stm32cube.common.mx_6.15.0.202507011659\\db\/mcu/
2025-12-16 12:15:55,451 [INFO] ApiDb:274 - Set plugin database path to: C:\ST\STM32CubeIDE_1.19.0\STM32CubeIDE\plugins\com.st.stm32cube.common.mx_6.15.0.202507011659\\db\/plugins/boardmanager/
2025-12-16 12:15:55,452 [INFO] ApiDb:261 - Set plugin images path to: C:\ST\STM32CubeIDE_1.19.0\STM32CubeIDE\plugins\com.st.stm32cube.common.mx_6.15.0.202507011659\\db\/plugins/mcufinder/images/
2025-12-16 12:15:55,452 [WARN] DbFile:41 - Overriding database path with different value: C:\Users\aditi\.stmcufinder\plugins\mcufinder/ => C:\Users\aditi\.stmcufinder\plugins\mcufinder
2025-12-16 12:15:55,452 [INFO] ApiDb:250 - Set database path to: C:\Users\aditi\.stmcufinder\plugins\mcufinder//mcu/
2025-12-16 12:15:55,452 [WARN] DbFile:41 - Overriding database path with different value: C:\Users\aditi\.stmcufinder\plugins\mcufinder/ => C:\Users\aditi\.stmcufinder\plugins\mcufinder
2025-12-16 12:15:55,452 [INFO] DbMcusAds:125 - Set database path to: C:\Users\aditi\.stmcufinder\plugins\mcufinder//mcu/
2025-12-16 12:15:55,452 [WARN] DbFile:41 - Overriding database path with different value: C:\Users\aditi\.stmcufinder\plugins\mcufinder/ => C:\Users\aditi\.stmcufinder\plugins\mcufinder
2025-12-16 12:15:55,453 [WARN] DbFile:41 - Overriding database path with different value: C:\Users\aditi\.stmcufinder\plugins\mcufinder/ => C:\Users\aditi\.stmcufinder\plugins\mcufinder
2025-12-16 12:15:55,453 [INFO] CrossReferenceDbSqlite:203 - Set database path to: C:\Users\aditi\.stmcufinder\plugins\mcufinder//mcu/cs/
2025-12-16 12:15:55,562 [INFO] MainPanel:274 - HeapMemory: 268435456
2025-12-16 12:15:55,707 [INFO] DbMcusXml:78 - Set database path to: C:\ST\STM32CubeIDE_1.19.0\STM32CubeIDE\plugins\com.st.stm32cube.common.mx_6.15.0.202507011659\\db\/mcu/
2025-12-16 12:15:55,707 [INFO] ApiDb:274 - Set plugin database path to: C:\ST\STM32CubeIDE_1.19.0\STM32CubeIDE\plugins\com.st.stm32cube.common.mx_6.15.0.202507011659\\db\/plugins/boardmanager/
2025-12-16 12:15:55,707 [INFO] ApiDb:261 - Set plugin images path to: C:\ST\STM32CubeIDE_1.19.0\STM32CubeIDE\plugins\com.st.stm32cube.common.mx_6.15.0.202507011659\\db\/plugins/mcufinder/images/
2025-12-16 12:15:55,708 [WARN] DbFile:41 - Overriding database path with different value: C:\Users\aditi\.stmcufinder\plugins\mcufinder/ => C:\Users\aditi\.stmcufinder\plugins\mcufinder
2025-12-16 12:15:55,708 [INFO] ApiDb:250 - Set database path to: C:\Users\aditi\.stmcufinder\plugins\mcufinder//mcu/
2025-12-16 12:15:55,708 [WARN] DbFile:41 - Overriding database path with different value: C:\Users\aditi\.stmcufinder\plugins\mcufinder/ => C:\Users\aditi\.stmcufinder\plugins\mcufinder
2025-12-16 12:15:55,708 [INFO] DbMcusAds:125 - Set database path to: C:\Users\aditi\.stmcufinder\plugins\mcufinder//mcu/
2025-12-16 12:15:55,708 [WARN] DbFile:41 - Overriding database path with different value: C:\Users\aditi\.stmcufinder\plugins\mcufinder/ => C:\Users\aditi\.stmcufinder\plugins\mcufinder
2025-12-16 12:15:55,708 [WARN] DbFile:41 - Overriding database path with different value: C:\Users\aditi\.stmcufinder\plugins\mcufinder/ => C:\Users\aditi\.stmcufinder\plugins\mcufinder
2025-12-16 12:15:55,708 [INFO] CrossReferenceDbSqlite:203 - Set database path to: C:\Users\aditi\.stmcufinder\plugins\mcufinder//mcu/cs/
2025-12-16 12:15:55,730 [INFO] ApplicationProperties:184 - Using Application install path: C:\ST\STM32CubeIDE_1.19.0\STM32CubeIDE\plugins\com.st.stm32cube.common.mx_6.15.0.202507011659
2025-12-16 12:15:55,732 [INFO] PluginManage:196 - Search for loadable plugins [exclusion list=, ]
2025-12-16 12:15:55,734 [INFO] PluginManage:310 - Check plugin analytics
2025-12-16 12:15:56,020 [INFO] AnalyticsPlugin:253 - Accepted Software Licenses: 
2025-12-16 12:15:56,020 [INFO] AnalyticsPlugin:255 - Accepted CMSIS Pack Licenses: 
2025-12-16 12:15:56,020 [INFO] AnalyticsPlugin:257 - Accepted Firmware Licenses: 
2025-12-16 12:15:56,023 [INFO] PluginManage:359 - Loaded plugin analytics (category:tool,tabindex:-1)
2025-12-16 12:15:56,024 [INFO] PluginManage:310 - Check plugin cadmodel
2025-12-16 12:15:56,033 [INFO] CADModel:105 - Init CAD model plugin
2025-12-16 12:15:56,033 [INFO] PluginManage:359 - Loaded plugin cadmodel (category:power,tabindex:5)
2025-12-16 12:15:56,034 [INFO] PluginManage:310 - Check plugin clock
2025-12-16 12:15:56,049 [INFO] PluginManage:359 - Loaded plugin clock (category:base,tabindex:2)
2025-12-16 12:15:56,049 [INFO] PluginManage:310 - Check plugin ddr
2025-12-16 12:15:56,053 [INFO] PluginManage:359 - Loaded plugin ddr (category:tool,tabindex:6)
2025-12-16 12:15:56,054 [INFO] PluginManage:310 - Check plugin filemanager
2025-12-16 12:15:56,248 [INFO] PluginManage:359 - Loaded plugin filemanager (category:base,tabindex:10)
2025-12-16 12:15:56,248 [INFO] PluginManage:310 - Check plugin ipmanager
2025-12-16 12:15:56,256 [INFO] PluginManage:359 - Loaded plugin ipmanager (category:base,tabindex:5)
2025-12-16 12:15:56,256 [INFO] PluginManage:310 - Check plugin lpbam
2025-12-16 12:15:56,266 [INFO] PluginManage:359 - Loaded plugin lpbam (category:base,tabindex:0)
2025-12-16 12:15:56,266 [INFO] PluginManage:310 - Check plugin memorymap
2025-12-16 12:15:56,286 [INFO] PluginManage:359 - Loaded plugin memorymap (category:base,tabindex:4)
2025-12-16 12:15:56,287 [INFO] PluginManage:310 - Check plugin pinoutandconfiguration
2025-12-16 12:15:56,299 [INFO] PluginManage:359 - Loaded plugin pinoutandconfiguration (category:base,tabindex:1)
2025-12-16 12:15:56,299 [INFO] PluginManage:310 - Check plugin pinoutconfig
2025-12-16 12:15:56,415 [WARN] SupportedApi:132 - Cannot load RTOS API schema: s4s-elt-must-match.1: The content of 'definitions' must match (annotation?, (simpleType | complexType)?, (unique | key | keyref)*)). A problem was found starting at: attribute.
2025-12-16 12:15:56,582 [INFO] PluginManage:359 - Loaded plugin pinoutconfig (category:base,tabindex:0)
2025-12-16 12:15:56,582 [INFO] PluginManage:310 - Check plugin power
2025-12-16 12:15:56,596 [INFO] PluginManage:359 - Loaded plugin power (category:power,tabindex:4)
2025-12-16 12:15:56,596 [INFO] PluginManage:310 - Check plugin projectmanager
2025-12-16 12:15:56,622 [INFO] PluginManage:359 - Loaded plugin projectmanager (category:projectmanager,tabindex:4)
2025-12-16 12:15:56,622 [INFO] PluginManage:310 - Check plugin rif
2025-12-16 12:15:56,639 [INFO] PluginManage:359 - Loaded plugin rif (category:base,tabindex:3)
2025-12-16 12:15:56,639 [INFO] PluginManage:310 - Check plugin thirdparty
2025-12-16 12:15:56,811 [WARN] IntegrityCheckThread:84 - waiting for thirdparty lock release [integrity check]
2025-12-16 12:15:56,812 [INFO] IntegrityCheckThread:86 - entering critical section [integrity check]
2025-12-16 12:15:56,812 [INFO] PluginManage:359 - Loaded plugin thirdparty (category:base,tabindex:-1)
2025-12-16 12:15:56,812 [INFO] ThirdPartyUpdaterWithRetryManager:70 - Updater plugin not ready yet. [1/15]
2025-12-16 12:15:56,812 [INFO] PluginManage:310 - Check plugin tools
2025-12-16 12:15:56,816 [INFO] PluginManage:359 - Loaded plugin tools (category:base,tabindex:7)
2025-12-16 12:15:56,817 [INFO] PluginManage:310 - Check plugin tutovideos
2025-12-16 12:15:57,067 [INFO] PluginManage:359 - Loaded plugin tutovideos (category:base,tabindex:-1)
2025-12-16 12:15:57,068 [INFO] PluginManage:310 - Check plugin updater
2025-12-16 12:15:57,099 [INFO] PluginManage:359 - Loaded plugin updater (category:base,tabindex:12)
2025-12-16 12:15:57,099 [INFO] PluginManage:310 - Check plugin userauth
2025-12-16 12:15:57,104 [INFO] UserAuth:118 - Init User Auth plugin
2025-12-16 12:15:57,104 [INFO] PluginManage:359 - Loaded plugin userauth (category:base,tabindex:14)
2025-12-16 12:15:57,105 [INFO] PluginManage:283 - PluginManage : Loaded plugins [18]
2025-12-16 12:15:57,372 [INFO] PinOutPanel:1589 - setPackage(No Configuration,No Configuration)
2025-12-16 12:15:57,487 [INFO] CADModel:165 - CPN selected for project level
2025-12-16 12:15:57,487 [INFO] CADModel:114 - Register for checkConnection events
2025-12-16 12:15:57,512 [INFO] IPUIPlugin:80 - create IPUIPlugin
2025-12-16 12:15:57,513 [INFO] PluginManager:220 - loadIPPluginJar : add adc
2025-12-16 12:15:57,519 [INFO] IPUIPlugin:80 - create IPUIPlugin
2025-12-16 12:15:57,519 [INFO] PluginManager:220 - loadIPPluginJar : add aes
2025-12-16 12:15:57,523 [INFO] IPUIPlugin:80 - create IPUIPlugin
2025-12-16 12:15:57,524 [INFO] PluginManager:220 - loadIPPluginJar : add can
2025-12-16 12:15:57,527 [INFO] IPUIPlugin:80 - create IPUIPlugin
2025-12-16 12:15:57,527 [INFO] PluginManager:220 - loadIPPluginJar : add comp
2025-12-16 12:15:57,531 [INFO] IPUIPlugin:80 - create IPUIPlugin
2025-12-16 12:15:57,531 [INFO] PluginManager:220 - loadIPPluginJar : add cryp
2025-12-16 12:15:57,536 [INFO] IPUIPlugin:80 - create IPUIPlugin
2025-12-16 12:15:57,536 [INFO] PluginManager:220 - loadIPPluginJar : add ddr_ctrl_phy
2025-12-16 12:15:57,540 [INFO] IPUIPlugin:80 - create IPUIPlugin
2025-12-16 12:15:57,540 [INFO] PluginManager:220 - loadIPPluginJar : add dfsdm
2025-12-16 12:15:57,548 [INFO] IPUIPlugin:80 - create IPUIPlugin
2025-12-16 12:15:57,549 [INFO] PluginManager:220 - loadIPPluginJar : add dma
2025-12-16 12:15:57,553 [INFO] IPUIPlugin:80 - create IPUIPlugin
2025-12-16 12:15:57,554 [INFO] PluginManager:220 - loadIPPluginJar : add dma3
2025-12-16 12:15:57,559 [INFO] IPUIPlugin:80 - create IPUIPlugin
2025-12-16 12:15:57,559 [INFO] PluginManager:220 - loadIPPluginJar : add extmemmanager
2025-12-16 12:15:57,562 [INFO] IPUIPlugin:80 - create IPUIPlugin
2025-12-16 12:15:57,563 [INFO] PluginManager:220 - loadIPPluginJar : add fatfs
2025-12-16 12:15:57,571 [INFO] IPUIPlugin:80 - create IPUIPlugin
2025-12-16 12:15:57,571 [INFO] PluginManager:220 - loadIPPluginJar : add fmc
2025-12-16 12:15:57,581 [INFO] IPUIPlugin:80 - create IPUIPlugin
2025-12-16 12:15:57,581 [INFO] PluginManager:220 - loadIPPluginJar : add freertos
2025-12-16 12:15:57,584 [INFO] IPUIPlugin:80 - create IPUIPlugin
2025-12-16 12:15:57,584 [INFO] PluginManager:220 - loadIPPluginJar : add genericplugin
2025-12-16 12:15:57,589 [INFO] IPUIPlugin:80 - create IPUIPlugin
2025-12-16 12:15:57,589 [INFO] PluginManager:220 - loadIPPluginJar : add gfxmmu
2025-12-16 12:15:57,594 [INFO] IPUIPlugin:80 - create IPUIPlugin
2025-12-16 12:15:57,594 [INFO] PluginManager:220 - loadIPPluginJar : add gic
2025-12-16 12:15:57,601 [INFO] IPUIPlugin:80 - create IPUIPlugin
2025-12-16 12:15:57,602 [INFO] PluginManager:220 - loadIPPluginJar : add gpio
2025-12-16 12:15:57,606 [INFO] IPUIPlugin:80 - create IPUIPlugin
2025-12-16 12:15:57,606 [INFO] PluginManager:220 - loadIPPluginJar : add gtzc
2025-12-16 12:15:57,610 [INFO] IPUIPlugin:80 - create IPUIPlugin
2025-12-16 12:15:57,610 [INFO] PluginManager:220 - loadIPPluginJar : add hash
2025-12-16 12:15:57,615 [INFO] IPUIPlugin:80 - create IPUIPlugin
2025-12-16 12:15:57,615 [INFO] PluginManager:220 - loadIPPluginJar : add i2c
2025-12-16 12:15:57,619 [INFO] IPUIPlugin:80 - create IPUIPlugin
2025-12-16 12:15:57,619 [INFO] PluginManager:220 - loadIPPluginJar : add i2s
2025-12-16 12:15:57,623 [INFO] IPUIPlugin:80 - create IPUIPlugin
2025-12-16 12:15:57,624 [INFO] PluginManager:220 - loadIPPluginJar : add i3c
2025-12-16 12:15:57,630 [INFO] IPUIPlugin:80 - create IPUIPlugin
2025-12-16 12:15:57,631 [INFO] PluginManager:220 - loadIPPluginJar : add ipddr
2025-12-16 12:15:57,645 [INFO] IPUIPlugin:80 - create IPUIPlugin
2025-12-16 12:15:57,646 [INFO] PluginManager:220 - loadIPPluginJar : add linkedlist
2025-12-16 12:15:57,650 [INFO] IPUIPlugin:80 - create IPUIPlugin
2025-12-16 12:15:57,650 [INFO] PluginManager:220 - loadIPPluginJar : add lorawan
2025-12-16 12:15:57,653 [INFO] IPUIPlugin:80 - create IPUIPlugin
2025-12-16 12:15:57,653 [INFO] PluginManager:220 - loadIPPluginJar : add ltdc
2025-12-16 12:15:57,661 [INFO] IPUIPlugin:80 - create IPUIPlugin
2025-12-16 12:15:57,661 [INFO] PluginManager:220 - loadIPPluginJar : add mdma
2025-12-16 12:15:57,665 [INFO] IPUIPlugin:80 - create IPUIPlugin
2025-12-16 12:15:57,666 [INFO] PluginManager:220 - loadIPPluginJar : add nvic
2025-12-16 12:15:57,669 [INFO] IPUIPlugin:80 - create IPUIPlugin
2025-12-16 12:15:57,670 [INFO] PluginManager:220 - loadIPPluginJar : add opamp
2025-12-16 12:15:57,673 [INFO] IPUIPlugin:80 - create IPUIPlugin
2025-12-16 12:15:57,673 [INFO] PluginManager:220 - loadIPPluginJar : add openamp
2025-12-16 12:15:57,678 [INFO] IPUIPlugin:80 - create IPUIPlugin
2025-12-16 12:15:57,678 [INFO] PluginManager:220 - loadIPPluginJar : add pdm2pcm
2025-12-16 12:15:57,684 [INFO] IPUIPlugin:80 - create IPUIPlugin
2025-12-16 12:15:57,687 [INFO] PluginManager:220 - loadIPPluginJar : add plateformsettings
2025-12-16 12:15:57,689 [INFO] IPUIPlugin:80 - create IPUIPlugin
2025-12-16 12:15:57,689 [INFO] PluginManager:220 - loadIPPluginJar : add quadspi
2025-12-16 12:15:57,691 [INFO] IPUIPlugin:80 - create IPUIPlugin
2025-12-16 12:15:57,692 [INFO] PluginManager:220 - loadIPPluginJar : add radio
2025-12-16 12:15:57,696 [INFO] IPUIPlugin:80 - create IPUIPlugin
2025-12-16 12:15:57,697 [INFO] PluginManager:220 - loadIPPluginJar : add resmgrutility
2025-12-16 12:15:57,700 [INFO] IPUIPlugin:80 - create IPUIPlugin
2025-12-16 12:15:57,700 [INFO] PluginManager:220 - loadIPPluginJar : add sai
2025-12-16 12:15:57,703 [INFO] IPUIPlugin:80 - create IPUIPlugin
2025-12-16 12:15:57,704 [INFO] PluginManager:220 - loadIPPluginJar : add spi
2025-12-16 12:15:57,711 [INFO] IPUIPlugin:80 - create IPUIPlugin
2025-12-16 12:15:57,711 [INFO] PluginManager:220 - loadIPPluginJar : add stm32_wpan
2025-12-16 12:15:57,715 [INFO] IPUIPlugin:80 - create IPUIPlugin
2025-12-16 12:15:57,716 [INFO] PluginManager:220 - loadIPPluginJar : add tim
2025-12-16 12:15:57,720 [INFO] IPUIPlugin:80 - create IPUIPlugin
2025-12-16 12:15:57,721 [INFO] PluginManager:220 - loadIPPluginJar : add touchsensing
2025-12-16 12:15:57,724 [INFO] IPUIPlugin:80 - create IPUIPlugin
2025-12-16 12:15:57,724 [INFO] PluginManager:220 - loadIPPluginJar : add tracer_emb
2025-12-16 12:15:57,727 [INFO] IPUIPlugin:80 - create IPUIPlugin
2025-12-16 12:15:57,728 [INFO] PluginManager:220 - loadIPPluginJar : add ts
2025-12-16 12:15:57,730 [INFO] IPUIPlugin:80 - create IPUIPlugin
2025-12-16 12:15:57,730 [INFO] PluginManager:220 - loadIPPluginJar : add tsc
2025-12-16 12:15:57,733 [INFO] IPUIPlugin:80 - create IPUIPlugin
2025-12-16 12:15:57,733 [INFO] PluginManager:220 - loadIPPluginJar : add ucpd
2025-12-16 12:15:57,736 [INFO] IPUIPlugin:80 - create IPUIPlugin
2025-12-16 12:15:57,736 [INFO] PluginManager:220 - loadIPPluginJar : add usart
2025-12-16 12:15:57,740 [INFO] IPUIPlugin:80 - create IPUIPlugin
2025-12-16 12:15:57,740 [INFO] PluginManager:220 - loadIPPluginJar : add usbx
2025-12-16 12:15:57,866 [FATAL] Updater:351 - Updater called before beeing initialized
2025-12-16 12:15:57,922 [INFO] RulesReader:64 - Compatibility file has been processed (317 Rules)
2025-12-16 12:15:57,938 [INFO] RulesReader:64 - Compatibility file has been processed (317 Rules)
2025-12-16 12:15:57,964 [INFO] CADModel:165 - CPN selected for project level
2025-12-16 12:15:57,965 [INFO] CADModel:114 - Register for checkConnection events
2025-12-16 12:15:57,965 [FATAL] Updater:351 - Updater called before beeing initialized
2025-12-16 12:15:57,965 [ERROR] CADModel:125 - Updater not yet initialized, retry later 
2025-12-16 12:15:58,216 [FATAL] Updater:351 - Updater called before beeing initialized
2025-12-16 12:15:58,220 [INFO] CADModel:165 - CPN selected for project level
2025-12-16 12:15:58,220 [INFO] CADModel:114 - Register for checkConnection events
2025-12-16 12:15:58,220 [FATAL] Updater:351 - Updater called before beeing initialized
2025-12-16 12:15:58,220 [ERROR] CADModel:125 - Updater not yet initialized, retry later 
2025-12-16 12:15:58,224 [FATAL] Updater:351 - Updater called before beeing initialized
2025-12-16 12:15:58,350 [FATAL] Updater:351 - Updater called before beeing initialized
2025-12-16 12:15:58,354 [INFO] DbMcusAds:53 - JSON generation date=Mon Dec 08 19:58:09 IST 2025 (1765204089998)
2025-12-16 12:15:58,354 [FATAL] Updater:351 - Updater called before beeing initialized
2025-12-16 12:15:58,408 [WARN] DetailPanel:346 - Failed to get advertising image, set to default
2025-12-16 12:15:58,483 [FATAL] Updater:351 - Updater called before beeing initialized
2025-12-16 12:15:58,485 [FATAL] Updater:351 - Updater called before beeing initialized
2025-12-16 12:15:58,485 [FATAL] Updater:351 - Updater called before beeing initialized
2025-12-16 12:15:58,486 [WARN] DetailPanel:346 - Failed to get advertising image, set to default
2025-12-16 12:15:58,486 [FATAL] Updater:351 - Updater called before beeing initialized
2025-12-16 12:15:58,537 [ERROR] Updater:1198 - MainUpdater not yet initialized. External WinMGr cannot be set.
2025-12-16 12:15:58,539 [INFO] Updater:1134 - Updater Version found : 6.15.0
2025-12-16 12:15:58,560 [INFO] ApplicationProperties:184 - Using Application install path: C:\ST\STM32CubeIDE_1.19.0\STM32CubeIDE\plugins\com.st.stm32cube.common.mx_6.15.0.202507011659
2025-12-16 12:15:59,815 [INFO] ThirdPartyUpdaterWithRetryManager:70 - Updater plugin not ready yet. [2/15]
2025-12-16 12:16:00,153 [ERROR] LogOutputStream:75 - [STDERR_REDIRECT] Dec 16, 2025 12:16:00 PM java.util.prefs.WindowsPreferences <init>
2025-12-16 12:16:00,156 [ERROR] LogOutputStream:75 - [STDERR_REDIRECT] WARNING: Could not open/create prefs root node Software\JavaSoft\Prefs at root 0xffffffff80000002. Windows RegCreateKeyEx(...) returned error code 5.
2025-12-16 12:16:00,156 [ERROR] LogOutputStream:75 - [STDERR_REDIRECT] 
2025-12-16 12:16:00,850 [INFO] MainUpdater:2872 - connection check result : 10
2025-12-16 12:16:00,851 [INFO] MainUpdater:289 - Updater Check For Update Now.
2025-12-16 12:16:00,851 [INFO] MicroXplorer:498 - Change Database Version : DB.6.0.150
2025-12-16 12:16:00,866 [INFO] McuFinderGlobals:63 - Set McuFinder mode to 2 (CubeIDE integrated)
2025-12-16 12:16:00,867 [INFO] UserAuth:171 - activating auth plugin
2025-12-16 12:16:00,871 [INFO] UserAuth:487 - Internet connection configuration mode: 1
2025-12-16 12:16:00,923 [INFO] JxBrowserEngine:152 - Initiate JxBrowser Engine with user profile folder
2025-12-16 12:16:01,072 [INFO] CheckServerUpdateThread:120 - End of CheckServer Thread
2025-12-16 12:16:02,416 [INFO] WebApp:169 - Instantiating new browser for Auth
2025-12-16 12:16:03,176 [WARN] PackLoader:240 - Cannot read IP mode file for STMicroelectronics.FP-SNS-MOTENVWB1.1.4.0
2025-12-16 12:16:03,185 [WARN] PackLoader:240 - Cannot read IP mode file for STMicroelectronics.FP-ATR-ASTRA1.2.0.2
2025-12-16 12:16:03,195 [WARN] PackLoader:240 - Cannot read IP mode file for STMicroelectronics.X-CUBE-SMBUS.2.1.0
2025-12-16 12:16:03,236 [WARN] PackLoader:240 - Cannot read IP mode file for STMicroelectronics.X-CUBE-AZRTOS-F7.1.1.0
2025-12-16 12:16:03,257 [WARN] PackLoader:240 - Cannot read IP mode file for STMicroelectronics.X-CUBE-DISPLAY.3.0.0
2025-12-16 12:16:03,280 [WARN] PackLoader:240 - Cannot read IP mode file for STMicroelectronics.X-CUBE-NFC10.1.0.0
2025-12-16 12:16:03,292 [WARN] PackLoader:240 - Cannot read IP mode file for STMicroelectronics.FP-SNS-SMARTAG2.1.2.0
2025-12-16 12:16:03,304 [WARN] PackLoader:240 - Cannot read IP mode file for STMicroelectronics.FP-SNS-FLIGHT1.5.1.0
2025-12-16 12:16:03,322 [INFO] LogOutputStream:77 - [STDOUT_REDIRECT] 1 : Invalid condition id : UX_CORESTACK_Condition cause : null
2025-12-16 12:16:03,323 [INFO] LogOutputStream:77 - [STDOUT_REDIRECT] 1 : Invalid condition id : UX_CORESTACK_Condition cause : null
2025-12-16 12:16:03,325 [INFO] LogOutputStream:77 - [STDOUT_REDIRECT] 1 : Invalid condition id : UX_CORESTACK_Condition cause : null
2025-12-16 12:16:03,325 [INFO] LogOutputStream:77 - [STDOUT_REDIRECT] 1 : Invalid condition id : UX_CORESTACK_Condition cause : null
2025-12-16 12:16:03,326 [INFO] LogOutputStream:77 - [STDOUT_REDIRECT] 1 : Invalid condition id : UX_CORESTACK_Condition cause : null
2025-12-16 12:16:03,330 [WARN] PackLoader:240 - Cannot read IP mode file for STMicroelectronics.X-CUBE-AZRTOS-WL.2.0.0
2025-12-16 12:16:03,341 [WARN] PackLoader:240 - Cannot read IP mode file for STMicroelectronics.X-CUBE-BLE2.3.3.0
2025-12-16 12:16:03,350 [WARN] PackLoader:240 - Cannot read IP mode file for STMicroelectronics.X-CUBE-NFC9.1.0.0
2025-12-16 12:16:03,360 [WARN] PackLoader:240 - Cannot read IP mode file for STMicroelectronics.X-CUBE-BLE1.7.1.0
2025-12-16 12:16:03,390 [WARN] PackLoader:240 - Cannot read IP mode file for STMicroelectronics.X-CUBE-AZRTOS-G0.1.1.0
2025-12-16 12:16:03,402 [WARN] PackLoader:240 - Cannot read IP mode file for STMicroelectronics.X-CUBE-NFC4.3.0.0
2025-12-16 12:16:03,411 [WARN] PackLoader:240 - Cannot read IP mode file for STMicroelectronics.X-CUBE-WB05N.2.0.0
2025-12-16 12:16:03,420 [WARN] PackLoader:240 - Cannot read IP mode file for STMicroelectronics.X-CUBE-TCPP.4.2.0
2025-12-16 12:16:03,429 [WARN] PackLoader:240 - Cannot read IP mode file for STMicroelectronics.FP-ATR-SIGFOX1.3.2.0
2025-12-16 12:16:03,439 [WARN] PackLoader:240 - Cannot read IP mode file for STMicroelectronics.X-CUBE-ALGOBUILD.1.4.0
2025-12-16 12:16:03,447 [WARN] PackLoader:240 - Cannot read IP mode file for STMicroelectronics.X-CUBE-PM33A1.1.0.0
2025-12-16 12:16:03,515 [WARN] PackLoader:240 - Cannot read IP mode file for STMicroelectronics.X-CUBE-AZRTOS-F4.1.1.0
2025-12-16 12:16:03,570 [WARN] PackLoader:240 - Cannot read IP mode file for STMicroelectronics.X-CUBE-ISPU.2.1.0
2025-12-16 12:16:03,596 [WARN] PackLoader:240 - Cannot read IP mode file for STMicroelectronics.X-CUBE-AZRTOS-L5.2.0.0
2025-12-16 12:16:03,610 [WARN] PackLoader:240 - Cannot read IP mode file for STMicroelectronics.X-CUBE-NFC6.3.1.0
2025-12-16 12:16:03,622 [WARN] PackLoader:240 - Cannot read IP mode file for STMicroelectronics.X-CUBE-DPower.1.3.0
2025-12-16 12:16:03,646 [WARN] ConditionMgr:438 - getConditionDescription Invalid condition id : LAN8742 Phy interface Condition cause : null
2025-12-16 12:16:03,647 [WARN] PackLoader:240 - Cannot read IP mode file for STMicroelectronics.X-CUBE-AZRTOS-L4.2.0.0
2025-12-16 12:16:03,648 [WARN] ConditionMgr:1044 - genDependencies : Invalid condition id : LAN8742 Phy interface Condition cause : null
2025-12-16 12:16:03,648 [WARN] ConditionMgr:1044 - genDependencies : Invalid condition id : LAN8742 Phy interface Condition cause : null
2025-12-16 12:16:03,650 [WARN] ConditionMgr:1044 - genDependencies : Invalid condition id : LAN8742 Phy interface Condition cause : null
2025-12-16 12:16:03,661 [WARN] PackLoader:240 - Cannot read IP mode file for STMicroelectronics.X-CUBE-SFXS2LP1.4.0.0
2025-12-16 12:16:03,685 [WARN] ConditionMgr:438 - getConditionDescription Invalid condition id : UX DEVICE CLASS RTOS Condition cause : null
2025-12-16 12:16:03,685 [WARN] ConditionMgr:438 - getConditionDescription Invalid condition id : UX DEVICE CLASS RTOS Condition cause : null
2025-12-16 12:16:03,688 [WARN] PackLoader:240 - Cannot read IP mode file for STMicroelectronics.X-CUBE-AZRTOS-WB.2.0.0
2025-12-16 12:16:03,689 [WARN] ConditionMgr:1044 - genDependencies : Invalid condition id : UX DEVICE CLASS RTOS Condition cause : null
2025-12-16 12:16:03,689 [WARN] ConditionMgr:1044 - genDependencies : Invalid condition id : UX DEVICE CLASS RTOS Condition cause : null
2025-12-16 12:16:03,693 [WARN] ConditionMgr:1044 - genDependencies : Invalid condition id : UX DEVICE CLASS RTOS Condition cause : null
2025-12-16 12:16:03,695 [WARN] ConditionMgr:1044 - genDependencies : Invalid condition id : UX DEVICE CLASS RTOS Condition cause : null
2025-12-16 12:16:03,696 [WARN] ConditionMgr:1044 - genDependencies : Invalid condition id : UX DEVICE CLASS RTOS Condition cause : null
2025-12-16 12:16:03,724 [WARN] PackLoader:240 - Cannot read IP mode file for STMicroelectronics.X-CUBE-SUBG2.5.0.0
2025-12-16 12:16:03,782 [WARN] PackLoader:240 - Cannot read IP mode file for STMicroelectronics.X-CUBE-AZRTOS-G4.2.0.0
2025-12-16 12:16:03,801 [WARN] PackLoader:240 - Cannot read IP mode file for STMicroelectronics.X-CUBE-NFC7.2.0.0
2025-12-16 12:16:03,810 [WARN] PackLoader:240 - Cannot read IP mode file for STMicroelectronics.X-CUBE-ALS.1.0.2
2025-12-16 12:16:03,828 [WARN] PackLoader:240 - Cannot read IP mode file for STMicroelectronics.X-CUBE-TOF1.3.4.3
2025-12-16 12:16:03,843 [INFO] ThirdParty:978 - Integrity check success = true
2025-12-16 12:16:03,843 [INFO] IntegrityCheckThread:100 - exiting critical section [integrity check]
2025-12-16 12:16:03,843 [INFO] IntegrityCheckThread:103 - End integrity checks thread
2025-12-16 12:16:03,964 [INFO] WebApp:463 - Apply proxy settings
2025-12-16 12:16:03,964 [INFO] WebApp:548 - Chromium requires no authentication
2025-12-16 12:16:03,977 [INFO] WebApp:491 - Direct internet connection detected
2025-12-16 12:16:04,006 [INFO] WebApp:900 - Register for checkConnection events
2025-12-16 12:16:04,006 [INFO] WebApp:463 - Apply proxy settings
2025-12-16 12:16:04,006 [INFO] WebApp:548 - Chromium requires no authentication
2025-12-16 12:16:04,007 [INFO] WebApp:491 - Direct internet connection detected
2025-12-16 12:16:04,238 [INFO] WebApp:225 - Starting web application
2025-12-16 12:16:04,238 [INFO] WebApp:593 - Web application path used C:\ST\STM32CubeIDE_1.19.0\STM32CubeIDE\plugins\com.st.stm32cube.common.mx_6.15.0.202507011659\db\plugins\mcufinder\reactClient1\index.html
2025-12-16 12:16:04,728 [INFO] WebApp:191 - Connection restablished
2025-12-16 12:16:35,080 [INFO] McuFinderGlobals:63 - Set McuFinder mode to 2 (CubeIDE integrated)
2025-12-16 12:16:35,086 [INFO] MainUpdater:2872 - connection check result : 10
2025-12-16 12:16:35,615 [INFO] ApiDb:581 - Connected to CubeFinder SQLite database (C:\Users\aditi\.stmcufinder\plugins\mcufinder\mcu\cube-finder-db.db)
2025-12-16 12:16:35,731 [INFO] ApiDb:668 - CubeFinder database Data Model version=2.1
2025-12-16 12:16:35,731 [INFO] ApiDb:669 - CubeFinder database Configuration version=3.0.39
2025-12-16 12:16:35,731 [INFO] ApiDb:670 - CubeFinder database generation date=2025-11-05 (1762334721)
2025-12-16 12:16:35,731 [INFO] ApiDb:671 - CubeFinder database FW Pack versions=[FP-ATR-ASTRA1_V2.0.0, FP-SNS-FLIGHT1_V5.1.0, FP-SNS-MOTENV1_V5.1.0, FP-SNS-MOTENVWB1_V1.4.0, FP-SNS-SMARTAG2_V1.2.0, FP-SNS-STBOX1_V2.1.0, STM32Cube_FW_C0_V1.4.0, STM32Cube_FW_F4_V1.28.3, STM32Cube_FW_F7_V1.17.4, STM32Cube_FW_G0_V1.6.2, STM32Cube_FW_G4_V1.6.1, STM32Cube_FW_H5_V1.5.1, STM32Cube_FW_H7RS_V1.3.0, STM32Cube_FW_H7_V1.12.1, STM32Cube_FW_L0_V1.12.2, STM32Cube_FW_L4_V1.18.1, STM32Cube_FW_L5_V1.6.0, STM32Cube_FW_N6_V1.3.0, STM32Cube_FW_U0_V1.3.0, STM32Cube_FW_U3_V1.2.1, STM32Cube_FW_U5_V1.8.0, STM32Cube_FW_WB0_V1.4.0, STM32Cube_FW_WBA_V1.8.0, STM32Cube_FW_WB_V1.24.0, STM32Cube_FW_WL3_V1.3.0, STM32Cube_FW_WL_V1.4.0, X-CUBE-ALGOBUILD_V1.4.0, X-CUBE-ALS_V1.0.2, X-CUBE-AZRTOS-F4_V1.1.0, X-CUBE-AZRTOS-F7_V1.1.0, X-CUBE-AZRTOS-G0_V1.1.0, X-CUBE-AZRTOS-G4_V2.0.0, X-CUBE-AZRTOS-H7RS_V1.1.0, X-CUBE-AZRTOS-H7_V3.4.0, X-CUBE-AZRTOS-L4_V2.0.0, X-CUBE-AZRTOS-L5_V2.0.0, X-CUBE-AZRTOS-WB_V2.0.0, X-CUBE-AZRTOS-WL_V2.0.0, X-CUBE-BLE1_V7.1.0, X-CUBE-BLE2_V3.3.0, X-CUBE-BLEMGR_V4.1.0, X-CUBE-EEPRMA1_V5.2.0, X-CUBE-FREERTOS_V1.3.1, X-CUBE-GNSS1_V6.0.0, X-CUBE-MEMS1_V11.3.0, X-CUBE-NFC4_V3.0.0, X-CUBE-NFC7_V2.0.0, X-CUBE-SFXS2LP1_V4.0.0, X-CUBE-ST67W61_V1.1.0, X-CUBE-SUBG2_V5.0.0, X-CUBE-TOF1_V3.4.3]
2025-12-16 12:16:38,344 [INFO] ApiDb:240 - Found 880 in-development CPN: [B-G473E-ZEST1S, B-WB1M-WPAN1, B-WBA5M-WPAN, B-WL5M-SUBG1, NUCLEO-C031C6, NUCLEO-C051C8, NUCLEO-C071RB, NUCLEO-C092RC, NUCLEO-H503RB, NUCLEO-H533RE, NUCLEO-H563ZI, NUCLEO-H7S3L8, NUCLEO-N657X0-Q, NUCLEO-U031R8, NUCLEO-U083RC, NUCLEO-U385RG-Q, NUCLEO-U545RE-Q, NUCLEO-U5A5ZJ-Q, NUCLEO-WB05KZ, NUCLEO-WB07CC, NUCLEO-WB09KE, NUCLEO-WBA52CG, NUCLEO-WBA55CG, NUCLEO-WL33CC1, NUCLEO-WL33CC2, STEVAL-PROTEUS1, STEVAL-SMARTAG2, STEVAL-STWINBX1, STM320518-EVAL, STM32C0116-DK, STM32C011D6Y3TR, STM32C011D6Y6TR, STM32C011F4P3, STM32C011F4P6, STM32C011F4U3, STM32C011F4U6TR, STM32C011F6P3, STM32C011F6P6, STM32C011F6U3, STM32C011F6U6TR, STM32C011J4M3, STM32C011J4M6, STM32C011J6M3, STM32C011J6M6, STM32C0316-DK, STM32C031C4T3, STM32C031C4T6, STM32C031C4U3, STM32C031C4U6, STM32C031C6T3, STM32C031C6T6, STM32C031C6U3, STM32C031C6U6, STM32C031F4P3, STM32C031F4P6, STM32C031F6P3, STM32C031F6P6, STM32C031G4U3, STM32C031G4U6, STM32C031G6U3, STM32C031G6U6, STM32C031K4T3, STM32C031K4T6, STM32C031K4U3, STM32C031K4U6, STM32C031K6T3, STM32C031K6T6, STM32C031K6U3, STM32C031K6U6, STM32C051C6T6, STM32C051C6U6, STM32C051C8T6, STM32C051C8U6, STM32C051D8Y6TR, STM32C051F6P6, STM32C051F8P6, STM32C051G6U6, STM32C051G8U6, STM32C051K6T6, STM32C051K6U6, STM32C051K8T6, STM32C071C8T6, STM32C071C8T6N, STM32C071C8U6, STM32C071C8U6N, STM32C071CBT6, STM32C071CBT6N, STM32C071CBU6, STM32C071CBU6N, STM32C071F8P6, STM32C071F8P6N, STM32C071FBP6, STM32C071FBP6N, STM32C071FBY6TR, STM32C071G8U6, STM32C071G8U6N, STM32C071GBU6, STM32C071GBU6N, STM32C071K8T6, STM32C071K8T6N, STM32C071K8U6, STM32C071K8U6N, STM32C071KBT6, STM32C071KBT6N, STM32C071KBU6, STM32C071KBU6N, STM32C071R8T6, STM32C071R8T6N, STM32C071RBI6N, STM32C071RBT6, STM32C071RBT6N, STM32C091CBT6, STM32C091CBU6, STM32C091CCT6, STM32C091CCU6, STM32C091ECY6TR, STM32C091FBP6, STM32C091FCP6, STM32C091GBU6, STM32C091GCU6, STM32C091KBT6, STM32C091KBU6, STM32C091KCT6, STM32C091KCU6, STM32C091RBT6, STM32C091RCI6, STM32C091RCT6, STM32C092CBT6, STM32C092CBU6, STM32C092CCT6, STM32C092CCU6, STM32C092ECY6TR, STM32C092FBP6, STM32C092FCP6, STM32C092GBU6, STM32C092GCU6, STM32C092KBT6, STM32C092KBU6, STM32C092KCT6, STM32C092KCU6, STM32C092RBT6, STM32C092RCI6, STM32C092RCT6, STM32G071K8TXN, STM32G071K8UXN, STM32G081GBU6N, STM32G081KBT6N, STM32G081KBUXN, STM32G0B1CCT6N, STM32G0B1KCT6, STM32G0B1NEY6TR, STM32G0B1RCT6N, STM32G0C1CCT6, STM32G0C1CCT6N, STM32G0C1CCU6N, STM32G0C1CET6N, STM32G0C1CEU6N, STM32G0C1KCT6, STM32G0C1NEY6TR, STM32G0C1RCI6N, STM32G0C1RCT6N, STM32G0C1REI6N, STM32G0C1RET6N, STM32G0C1VCI6, STM32G0C1VEI6, STM32G411C6T3, STM32G411C6T6, STM32G411C6U3, STM32G411C6U6, STM32G411C8T3, STM32G411C8T6, STM32G411C8U3, STM32G411C8U6, STM32G411CBT3, STM32G411CBT6, STM32G411CBU3, STM32G411CBU6, STM32G411K6T3, STM32G411K6T6, STM32G411K6U3, STM32G411K6U6, STM32G411K8T3, STM32G411K8T6, STM32G411K8U3, STM32G411K8U6, STM32G411KBT3, STM32G411KBT6, STM32G411KBU3, STM32G411KBU6, STM32G411M6T3, STM32G411M6T6, STM32G411M8T3, STM32G411M8T6, STM32G411MBT3, STM32G411MBT6, STM32G411R6T3, STM32G411R6T6, STM32G411R8T3, STM32G411R8T6, STM32G411RBT3, STM32G411RBT6, STM32G414CBT3, STM32G414CBT6, STM32G414CBU3, STM32G414CBU6, STM32G414CCT3, STM32G414CCT6, STM32G414CCU3, STM32G414CCU6, STM32G414MBT3, STM32G414MBT6, STM32G414MCT3, STM32G414MCT6, STM32G414RBT3, STM32G414RBT6, STM32G414RCT3, STM32G414RCT6, STM32G414VBT3, STM32G414VBT6, STM32G414VCT3, STM32G414VCT6, STM32G431CBT3Z, STM32G431RBT3Z, STM32G471CCT6, STM32G471CCU6, STM32G471CET3, STM32G471CET6, STM32G471CEU3, STM32G471CEU6, STM32G471MCT6, STM32G471MET3, STM32G471MET6, STM32G471MEY6TR, STM32G471QCT6, STM32G471QET3, STM32G471RCT6, STM32G471RET3, STM32G471RET6, STM32G471VCH6, STM32G471VCI6, STM32G471VCT6, STM32G471VEH3, STM32G471VEH6, STM32G471VEI3, STM32G471VEI6, STM32G471VET3, STM32G471VET6, STM32G473QET3Z, STM32G473RET3Z, STM32G474CCT6, STM32G491RET3Z, STM32H503CBT6, STM32H503CBU6, STM32H503EBY6TR, STM32H503KBU6, STM32H503RBT6, STM32H523CCT6, STM32H523CCU6, STM32H523CET6, STM32H523CEU6, STM32H523HEY6TR, STM32H523RCT6, STM32H523RET6, STM32H523VCI6, STM32H523VCT6, STM32H523VEI6, STM32H523VET6, STM32H523ZCJ6, STM32H523ZCT6, STM32H523ZEJ6, STM32H523ZET6, STM32H533CET6, STM32H533CEU6, STM32H533HEY6TR, STM32H533RET6, STM32H533VEI6, STM32H533VET6, STM32H533ZEJ6, STM32H533ZET6, STM32H562AGI6, STM32H562AII6, STM32H562IGK6, STM32H562IGT6, STM32H562IIK6, STM32H562IIT6, STM32H562RGT6, STM32H562RGV6, STM32H562RIT6, STM32H562RIV6, STM32H562VGT6, STM32H562VIT6, STM32H562ZGT6, STM32H562ZIT6, STM32H563AGI6, STM32H563AII3Q, STM32H563AII6, STM32H563IGK6, STM32H563IGT6, STM32H563IIK3Q, STM32H563IIK6, STM32H563IIT3Q, STM32H563IIT6, STM32H563MIY3QTR, STM32H563RGT6, STM32H563RGV6, STM32H563RIT6, STM32H563RIV6, STM32H563VGT6, STM32H563VIT3Q, STM32H563VIT6, STM32H563ZGT6, STM32H563ZIT3Q, STM32H563ZIT6, STM32H573AII3Q, STM32H573AII6, STM32H573I-DK, STM32H573IIK3Q, STM32H573IIK6, STM32H573IIT3Q, STM32H573IIT6, STM32H573MIY3QTR, STM32H573RIT6, STM32H573RIV6, STM32H573VIT3Q, STM32H573VIT6, STM32H573ZIT3Q, STM32H573ZIT6, STM32H7R3A8I6, STM32H7R3I8K6, STM32H7R3I8T6, STM32H7R3L8H6, STM32H7R3L8H6H, STM32H7R3R8V6, STM32H7R3V8H6, STM32H7R3V8T6, STM32H7R3V8Y6TR, STM32H7R3Z8J6, STM32H7R3Z8T6, STM32H7R7A8I6, STM32H7R7I8K6, STM32H7R7I8T6, STM32H7R7L8H6, STM32H7R7L8H6H, STM32H7R7Z8J6, STM32H7S3A8I6, STM32H7S3I8K6, STM32H7S3I8T6, STM32H7S3L8H6, STM32H7S3L8H6H, STM32H7S3R8V6, STM32H7S3V8H6, STM32H7S3V8T6, STM32H7S3V8Y6TR, STM32H7S3Z8J6, STM32H7S3Z8T6, STM32H7S78-DK, STM32H7S7A8I6, STM32H7S7I8K6, STM32H7S7I8T6, STM32H7S7L8H6, STM32H7S7L8H6H, STM32H7S7Z8J6, STM32L4R5QGI6STR, STM32MP131AAE3, STM32MP131AAF3, STM32MP131AAG3, STM32MP131CAE3, STM32MP131CAF3, STM32MP131CAG3, STM32MP131DAE7, STM32MP131DAF7, STM32MP131DAG7, STM32MP131FAE7, STM32MP131FAF7, STM32MP131FAG7, STM32MP133AAE3, STM32MP133AAF3, STM32MP133AAG3, STM32MP133CAE3, STM32MP133CAF3, STM32MP133CAG3, STM32MP133DAE7, STM32MP133DAF7, STM32MP133DAG7, STM32MP133FAE7, STM32MP133FAF7, STM32MP133FAG7, STM32MP135AAE3, STM32MP135AAF3, STM32MP135AAG3, STM32MP135CAE3, STM32MP135CAF3, STM32MP135CAG3, STM32MP135DAE7, STM32MP135DAF7, STM32MP135DAG7, STM32MP135F-DK, STM32MP135FAE7, STM32MP135FAF7, STM32MP135FAF7T, STM32MP135FAF7U, STM32MP135FAG7, STM32MP211AAL3, STM32MP211AAM3, STM32MP211AAN3, STM32MP211AAO3, STM32MP211CAL3, STM32MP211CAM3, STM32MP211CAN3, STM32MP211CAO3, STM32MP211DAL3, STM32MP211DAM3, STM32MP211DAN3, STM32MP211DAO3, STM32MP211FAL3, STM32MP211FAM3, STM32MP211FAN3, STM32MP211FAO3, STM32MP213AAL3, STM32MP213AAM3, STM32MP213AAN3, STM32MP213AAO3, STM32MP213CAL3, STM32MP213CAM3, STM32MP213CAN3, STM32MP213CAO3, STM32MP213DAL3, STM32MP213DAM3, STM32MP213DAN3, STM32MP213DAO3, STM32MP213FAL3, STM32MP213FAM3, STM32MP213FAN3, STM32MP213FAO3, STM32MP215AAL3, STM32MP215AAM3, STM32MP215AAN3, STM32MP215AAO3, STM32MP215CAL3, STM32MP215CAM3, STM32MP215CAN3, STM32MP215CAO3, STM32MP215DAL3, STM32MP215DAM3, STM32MP215DAN3, STM32MP215DAO3, STM32MP215F-DK, STM32MP215FAL3, STM32MP215FAM3, STM32MP215FAN3, STM32MP215FAO3, STM32MP231AAJ3, STM32MP231AAK3, STM32MP231AAL3, STM32MP231CAJ3, STM32MP231CAK3, STM32MP231CAL3, STM32MP231DAJ3, STM32MP231DAK3, STM32MP231DAL3, STM32MP231FAJ3, STM32MP231FAK3, STM32MP231FAL3, STM32MP233AAJ3, STM32MP233AAK3, STM32MP233AAL3, STM32MP233CAJ3, STM32MP233CAK3, STM32MP233CAL3, STM32MP233DAJ3, STM32MP233DAK3, STM32MP233DAL3, STM32MP233FAJ3, STM32MP233FAK3, STM32MP233FAL3, STM32MP235AAJ3, STM32MP235AAK3, STM32MP235AAL3, STM32MP235CAJ3, STM32MP235CAK3, STM32MP235CAL3, STM32MP235DAJ3, STM32MP235DAK3, STM32MP235DAL3, STM32MP235FAJ3, STM32MP235FAK3, STM32MP235FAL3, STM32MP251AAI3, STM32MP251AAK3, STM32MP251AAL3, STM32MP251CAI3, STM32MP251CAK3, STM32MP251CAL3, STM32MP251DAI3, STM32MP251DAK3, STM32MP251DAL3, STM32MP251FAI3, STM32MP251FAK3, STM32MP251FAL3, STM32MP253AAI3, STM32MP253AAK3, STM32MP253AAL3, STM32MP253CAI3, STM32MP253CAK3, STM32MP253CAL3, STM32MP253DAI3, STM32MP253DAK3, STM32MP253DAL3, STM32MP253FAI3, STM32MP253FAK3, STM32MP253FAL3, STM32MP255AAI3, STM32MP255AAK3, STM32MP255AAL3, STM32MP255CAI3, STM32MP255CAK3, STM32MP255CAL3, STM32MP255DAI3, STM32MP255DAK3, STM32MP255DAL3, STM32MP255FAI3, STM32MP255FAK3, STM32MP255FAL3, STM32MP257AAI3, STM32MP257AAK3, STM32MP257AAL3, STM32MP257CAI3, STM32MP257CAK3, STM32MP257CAL3, STM32MP257DAI3, STM32MP257DAK3, STM32MP257DAL3, STM32MP257F-DK, STM32MP257F-EV1, STM32MP257FAI3, STM32MP257FAK3, STM32MP257FAL3, STM32N645A0H3Q, STM32N645B0H3Q, STM32N645I0H3Q, STM32N645L0H3Q, STM32N645X0H3Q, STM32N645Z0H3Q, STM32N647A0H3Q, STM32N647B0H3Q, STM32N647I0H3Q, STM32N647L0H3Q, STM32N647X0H3Q, STM32N647Z0H3Q, STM32N655A0H3Q, STM32N655B0H3Q, STM32N655I0H3Q, STM32N655L0H3Q, STM32N655X0H3Q, STM32N655Z0H3Q, STM32N6570-DK, STM32N657A0H3Q, STM32N657B0H3Q, STM32N657I0H3Q, STM32N657L0H3Q, STM32N657X0H3Q, STM32N657Z0H3Q, STM32U031C6T6, STM32U031C6U6, STM32U031C8T6, STM32U031C8U6, STM32U031F4P6, STM32U031F6P6, STM32U031F8P6, STM32U031G6Y6TR, STM32U031G8Y6TR, STM32U031K4U6, STM32U031K6U6, STM32U031K8U6, STM32U031R6I6, STM32U031R6T6, STM32U031R8I6, STM32U031R8T6, STM32U073C8T6, STM32U073C8U6, STM32U073CBT6, STM32U073CBU6, STM32U073CCT6, STM32U073CCU6, STM32U073H8Y6TR, STM32U073HBY6TR, STM32U073HCY6TR, STM32U073K8U6, STM32U073KBU6, STM32U073KCU6, STM32U073M8I6, STM32U073M8T6, STM32U073MBI6, STM32U073MBT6, STM32U073MCI6, STM32U073MCT6, STM32U073R8I6, STM32U073R8T6, STM32U073RBI6, STM32U073RBT6, STM32U073RCI6, STM32U073RCT6, STM32U083C-DK, STM32U083CCT6, STM32U083CCU6, STM32U083HCY6TR, STM32U083KCU6, STM32U083MCI6, STM32U083MCT6, STM32U083RCI6, STM32U083RCT6, STM32U375CET6, STM32U375CET6Q, STM32U375CEU6, STM32U375CEU6Q, STM32U375CEY6QTR, STM32U375CGT6, STM32U375CGT6Q, STM32U375CGU6, STM32U375CGU6Q, STM32U375CGY6QTR, STM32U375KEU6, STM32U375KGU6, STM32U375REI6, STM32U375REI6Q, STM32U375RET6, STM32U375RET6Q, STM32U375REY6GTR, STM32U375REY6QTR, STM32U375RGI6, STM32U375RGI6Q, STM32U375RGT6, STM32U375RGT6Q, STM32U375RGY6GTR, STM32U375RGY6QTR, STM32U375VEI6, STM32U375VEI6Q, STM32U375VET6, STM32U375VET6Q, STM32U375VGI6, STM32U375VGI6Q, STM32U375VGT6, STM32U375VGT6Q, STM32U385CGT6, STM32U385CGT6Q, STM32U385CGU6, STM32U385CGU6Q, STM32U385CGY6QTR, STM32U385KGU6, STM32U385RGI6, STM32U385RGI6Q, STM32U385RGT6, STM32U385RGT6Q, STM32U385RGY6GTR, STM32U385RGY6QTR, STM32U385VGI6, STM32U385VGI6Q, STM32U385VGT6, STM32U385VGT6Q, STM32U535CBT6, STM32U535CBT6Q, STM32U535CBU6, STM32U535CBU6Q, STM32U535CCT6, STM32U535CCT6Q, STM32U535CCU6, STM32U535CCU6Q, STM32U535CET6, STM32U535CET6Q, STM32U535CEU6, STM32U535CEU6Q, STM32U535JEY6QTR, STM32U535NCY6QTR, STM32U535NEY6QTR, STM32U535RBI6, STM32U535RBI6Q, STM32U535RBT6, STM32U535RBT6Q, STM32U535RCI6, STM32U535RCI6Q, STM32U535RCT6, STM32U535RCT6Q, STM32U535REI6, STM32U535REI6Q, STM32U535RET6, STM32U535RET6Q, STM32U535VCI6, STM32U535VCI6Q, STM32U535VCT6, STM32U535VCT6Q, STM32U535VEI6, STM32U535VEI6Q, STM32U535VET6, STM32U535VET6Q, STM32U545CET6, STM32U545CET6Q, STM32U545CEU6, STM32U545CEU6Q, STM32U545JEY6QTR, STM32U545NEY6QTR, STM32U545REI6, STM32U545REI6Q, STM32U545RET6, STM32U545RET6Q, STM32U545VEI6, STM32U545VEI6Q, STM32U545VET6, STM32U545VET6Q, STM32U595AIH6, STM32U595AIH6Q, STM32U595AJH6, STM32U595AJH6Q, STM32U595QII6, STM32U595QII6Q, STM32U595QJI6, STM32U595QJI6Q, STM32U595RIT6, STM32U595RIT6Q, STM32U595RJT6, STM32U595RJT6Q, STM32U595VIT6, STM32U595VIT6Q, STM32U595VJT6, STM32U595VJT6Q, STM32U595ZIT6, STM32U595ZIT6Q, STM32U595ZIY6QTR, STM32U595ZJT6, STM32U595ZJT6Q, STM32U595ZJY6QTR, STM32U599BJY6QTR, STM32U599NIH6Q, STM32U599NJH6Q, STM32U599VIT6Q, STM32U599VJT6, STM32U599VJT6Q, STM32U599ZIT6Q, STM32U599ZIY6QTR, STM32U599ZJT6Q, STM32U599ZJY6QTR, STM32U5A5AJH6, STM32U5A5AJH6Q, STM32U5A5QII3Q , STM32U5A5QJI6, STM32U5A5QJI6Q, STM32U5A5RJT6, STM32U5A5RJT6Q, STM32U5A5VJT6, STM32U5A5VJT6Q, STM32U5A5ZJT6, STM32U5A5ZJT6Q, STM32U5A5ZJY6QTR, STM32U5A9BJY6QTR, STM32U5A9J-DK, STM32U5A9NJH6Q, STM32U5A9VJT6Q, STM32U5A9ZJT6Q, STM32U5A9ZJY6QTR, STM32U5F7VIT6, STM32U5F7VIT6Q, STM32U5F7VJT6, STM32U5F7VJT6Q, STM32U5F9BJY6QTR, STM32U5F9NJH6Q, STM32U5F9VIT6Q, STM32U5F9VJT6Q, STM32U5F9ZIJ6QTR, STM32U5F9ZIT6Q, STM32U5F9ZJJ6QTR, STM32U5F9ZJT6Q, STM32U5G7VJT6, STM32U5G7VJT6Q, STM32U5G9BJY6QTR, STM32U5G9J-DK1, STM32U5G9J-DK2, STM32U5G9NJH6Q, STM32U5G9VJT6Q, STM32U5G9ZJJ6QTR, STM32U5G9ZJT6Q, STM32WB05KZV6TR, STM32WB05KZV7TR, STM32WB05TZF6TR, STM32WB05TZF7TR, STM32WB06CCF6TR, STM32WB06CCF7TR, STM32WB06CCV6TR, STM32WB06CCV7TR, STM32WB06KCV6TR, STM32WB06KCV7TR, STM32WB07CCF6TR, STM32WB07CCF7TR, STM32WB07CCV6TR, STM32WB07CCV7TR, STM32WB07KCV6TR, STM32WB07KCV7TR, STM32WB09KEV6TR, STM32WB09KEV7TR, STM32WB09TEF6TR, STM32WB09TEF7TR, STM32WB1MMCH6, STM32WBA50KGU6, STM32WBA50KGU6TR, STM32WBA52CEU6, STM32WBA52CEU6TR, STM32WBA52CEU7, STM32WBA52CEU7TR, STM32WBA52CGU6, STM32WBA52CGU6TR, STM32WBA52CGU6U, STM32WBA52CGU7, STM32WBA52CGU7TR, STM32WBA52KEU6, STM32WBA52KEU6TR, STM32WBA52KGU6, STM32WBA52KGU6TR, STM32WBA54CEU6, STM32WBA54CEU6TR, STM32WBA54CEU7, STM32WBA54CEU7TR, STM32WBA54CGU6, STM32WBA54CGU6TR, STM32WBA54CGU7, STM32WBA54CGU7TR, STM32WBA54KEU6, STM32WBA54KEU6TR, STM32WBA54KEU7, STM32WBA54KEU7TR, STM32WBA54KGU6, STM32WBA54KGU6TR, STM32WBA54KGU7, STM32WBA54KGU7TR, STM32WBA55CEU6, STM32WBA55CEU6TR, STM32WBA55CEU7, STM32WBA55CEU7TR, STM32WBA55CGU6, STM32WBA55CGU6TR, STM32WBA55CGU6U, STM32WBA55CGU7, STM32WBA55CGU7TR, STM32WBA55G-DK1, STM32WBA55HEF6, STM32WBA55HEF7, STM32WBA55HGF6, STM32WBA55HGF7, STM32WBA55UEI6, STM32WBA55UEI6TR, STM32WBA55UEI7, STM32WBA55UEI7TR, STM32WBA55UGI6, STM32WBA55UGI6TR, STM32WBA55UGI7, STM32WBA55UGI7TR, STM32WBA5MMGH6TR, STM32WBA62MGF6, STM32WBA62MIF6, STM32WBA65MGF7, STM32WBA65MIF6, STM32WBA65MIF7, STM32WL30K8V6, STM32WL30KBV6, STM32WL31C8V6, STM32WL31CBV6, STM32WL31K8V6, STM32WL31KBV6, STM32WL33C8V6, STM32WL33C8V6X, STM32WL33CBV6, STM32WL33CBV6X, STM32WL33CCV6, STM32WL33CCV6A, STM32WL33CCV6X, STM32WL33K8V7, STM32WL33K8V7X, STM32WL33KBV7 , STM32WL33KBV7X, STM32WL33KCV7, STM32WL33KCV7X, STM32WL5MOCH6, STM32WL5MOCH6TR]
2025-12-16 12:16:38,350 [INFO] DbMcus:218 - Found 4876 MCUs, 4876 are supported
2025-12-16 12:16:38,351 [INFO] ApiDb:423 - Load user favorites file C:\Users\aditi/.stm32cubeide/favorites.mcus.txt: 0 item(s)
2025-12-16 12:16:38,351 [INFO] ApiDb:427 - User favorites MCUs=[]
2025-12-16 12:16:38,351 [INFO] DbMcus:224 - Set 0 / 0 favorites MCUs
2025-12-16 12:16:38,687 [INFO] ApiDb:668 - CubeFinder database Data Model version=2.1
2025-12-16 12:16:38,687 [INFO] ApiDb:669 - CubeFinder database Configuration version=3.0.39
2025-12-16 12:16:38,687 [INFO] ApiDb:670 - CubeFinder database generation date=2025-11-05 (1762334721)
2025-12-16 12:16:38,687 [INFO] ApiDb:671 - CubeFinder database FW Pack versions=[FP-ATR-ASTRA1_V2.0.0, FP-SNS-FLIGHT1_V5.1.0, FP-SNS-MOTENV1_V5.1.0, FP-SNS-MOTENVWB1_V1.4.0, FP-SNS-SMARTAG2_V1.2.0, FP-SNS-STBOX1_V2.1.0, STM32Cube_FW_C0_V1.4.0, STM32Cube_FW_F4_V1.28.3, STM32Cube_FW_F7_V1.17.4, STM32Cube_FW_G0_V1.6.2, STM32Cube_FW_G4_V1.6.1, STM32Cube_FW_H5_V1.5.1, STM32Cube_FW_H7RS_V1.3.0, STM32Cube_FW_H7_V1.12.1, STM32Cube_FW_L0_V1.12.2, STM32Cube_FW_L4_V1.18.1, STM32Cube_FW_L5_V1.6.0, STM32Cube_FW_N6_V1.3.0, STM32Cube_FW_U0_V1.3.0, STM32Cube_FW_U3_V1.2.1, STM32Cube_FW_U5_V1.8.0, STM32Cube_FW_WB0_V1.4.0, STM32Cube_FW_WBA_V1.8.0, STM32Cube_FW_WB_V1.24.0, STM32Cube_FW_WL3_V1.3.0, STM32Cube_FW_WL_V1.4.0, X-CUBE-ALGOBUILD_V1.4.0, X-CUBE-ALS_V1.0.2, X-CUBE-AZRTOS-F4_V1.1.0, X-CUBE-AZRTOS-F7_V1.1.0, X-CUBE-AZRTOS-G0_V1.1.0, X-CUBE-AZRTOS-G4_V2.0.0, X-CUBE-AZRTOS-H7RS_V1.1.0, X-CUBE-AZRTOS-H7_V3.4.0, X-CUBE-AZRTOS-L4_V2.0.0, X-CUBE-AZRTOS-L5_V2.0.0, X-CUBE-AZRTOS-WB_V2.0.0, X-CUBE-AZRTOS-WL_V2.0.0, X-CUBE-BLE1_V7.1.0, X-CUBE-BLE2_V3.3.0, X-CUBE-BLEMGR_V4.1.0, X-CUBE-EEPRMA1_V5.2.0, X-CUBE-FREERTOS_V1.3.1, X-CUBE-GNSS1_V6.0.0, X-CUBE-MEMS1_V11.3.0, X-CUBE-NFC4_V3.0.0, X-CUBE-NFC7_V2.0.0, X-CUBE-SFXS2LP1_V4.0.0, X-CUBE-ST67W61_V1.1.0, X-CUBE-SUBG2_V5.0.0, X-CUBE-TOF1_V3.4.3]
2025-12-16 12:16:38,760 [INFO] DbBoardsSqlite:226 - include board P-NUCLEO-WB55-NUCLEO as a kit item of type 'Nucleo-64'
2025-12-16 12:16:38,760 [INFO] DbBoardsSqlite:226 - include board P-NUCLEO-WB55-USBDONGLE as a kit item of type 'Nucleo USB Dongle'
2025-12-16 12:16:38,760 [INFO] DbBoardsSqlite:226 - include board STEVAL-IDP005V1 as a kit item of type 'Evaluation Board'
2025-12-16 12:16:38,761 [INFO] DbBoardsSqlite:226 - include board STEVAL-IDP005V2 as a kit item of type 'Evaluation Board'
2025-12-16 12:16:38,828 [INFO] ApiDb:240 - Found 880 in-development CPN: [B-G473E-ZEST1S, B-WB1M-WPAN1, B-WBA5M-WPAN, B-WL5M-SUBG1, NUCLEO-C031C6, NUCLEO-C051C8, NUCLEO-C071RB, NUCLEO-C092RC, NUCLEO-H503RB, NUCLEO-H533RE, NUCLEO-H563ZI, NUCLEO-H7S3L8, NUCLEO-N657X0-Q, NUCLEO-U031R8, NUCLEO-U083RC, NUCLEO-U385RG-Q, NUCLEO-U545RE-Q, NUCLEO-U5A5ZJ-Q, NUCLEO-WB05KZ, NUCLEO-WB07CC, NUCLEO-WB09KE, NUCLEO-WBA52CG, NUCLEO-WBA55CG, NUCLEO-WL33CC1, NUCLEO-WL33CC2, STEVAL-PROTEUS1, STEVAL-SMARTAG2, STEVAL-STWINBX1, STM320518-EVAL, STM32C0116-DK, STM32C011D6Y3TR, STM32C011D6Y6TR, STM32C011F4P3, STM32C011F4P6, STM32C011F4U3, STM32C011F4U6TR, STM32C011F6P3, STM32C011F6P6, STM32C011F6U3, STM32C011F6U6TR, STM32C011J4M3, STM32C011J4M6, STM32C011J6M3, STM32C011J6M6, STM32C0316-DK, STM32C031C4T3, STM32C031C4T6, STM32C031C4U3, STM32C031C4U6, STM32C031C6T3, STM32C031C6T6, STM32C031C6U3, STM32C031C6U6, STM32C031F4P3, STM32C031F4P6, STM32C031F6P3, STM32C031F6P6, STM32C031G4U3, STM32C031G4U6, STM32C031G6U3, STM32C031G6U6, STM32C031K4T3, STM32C031K4T6, STM32C031K4U3, STM32C031K4U6, STM32C031K6T3, STM32C031K6T6, STM32C031K6U3, STM32C031K6U6, STM32C051C6T6, STM32C051C6U6, STM32C051C8T6, STM32C051C8U6, STM32C051D8Y6TR, STM32C051F6P6, STM32C051F8P6, STM32C051G6U6, STM32C051G8U6, STM32C051K6T6, STM32C051K6U6, STM32C051K8T6, STM32C071C8T6, STM32C071C8T6N, STM32C071C8U6, STM32C071C8U6N, STM32C071CBT6, STM32C071CBT6N, STM32C071CBU6, STM32C071CBU6N, STM32C071F8P6, STM32C071F8P6N, STM32C071FBP6, STM32C071FBP6N, STM32C071FBY6TR, STM32C071G8U6, STM32C071G8U6N, STM32C071GBU6, STM32C071GBU6N, STM32C071K8T6, STM32C071K8T6N, STM32C071K8U6, STM32C071K8U6N, STM32C071KBT6, STM32C071KBT6N, STM32C071KBU6, STM32C071KBU6N, STM32C071R8T6, STM32C071R8T6N, STM32C071RBI6N, STM32C071RBT6, STM32C071RBT6N, STM32C091CBT6, STM32C091CBU6, STM32C091CCT6, STM32C091CCU6, STM32C091ECY6TR, STM32C091FBP6, STM32C091FCP6, STM32C091GBU6, STM32C091GCU6, STM32C091KBT6, STM32C091KBU6, STM32C091KCT6, STM32C091KCU6, STM32C091RBT6, STM32C091RCI6, STM32C091RCT6, STM32C092CBT6, STM32C092CBU6, STM32C092CCT6, STM32C092CCU6, STM32C092ECY6TR, STM32C092FBP6, STM32C092FCP6, STM32C092GBU6, STM32C092GCU6, STM32C092KBT6, STM32C092KBU6, STM32C092KCT6, STM32C092KCU6, STM32C092RBT6, STM32C092RCI6, STM32C092RCT6, STM32G071K8TXN, STM32G071K8UXN, STM32G081GBU6N, STM32G081KBT6N, STM32G081KBUXN, STM32G0B1CCT6N, STM32G0B1KCT6, STM32G0B1NEY6TR, STM32G0B1RCT6N, STM32G0C1CCT6, STM32G0C1CCT6N, STM32G0C1CCU6N, STM32G0C1CET6N, STM32G0C1CEU6N, STM32G0C1KCT6, STM32G0C1NEY6TR, STM32G0C1RCI6N, STM32G0C1RCT6N, STM32G0C1REI6N, STM32G0C1RET6N, STM32G0C1VCI6, STM32G0C1VEI6, STM32G411C6T3, STM32G411C6T6, STM32G411C6U3, STM32G411C6U6, STM32G411C8T3, STM32G411C8T6, STM32G411C8U3, STM32G411C8U6, STM32G411CBT3, STM32G411CBT6, STM32G411CBU3, STM32G411CBU6, STM32G411K6T3, STM32G411K6T6, STM32G411K6U3, STM32G411K6U6, STM32G411K8T3, STM32G411K8T6, STM32G411K8U3, STM32G411K8U6, STM32G411KBT3, STM32G411KBT6, STM32G411KBU3, STM32G411KBU6, STM32G411M6T3, STM32G411M6T6, STM32G411M8T3, STM32G411M8T6, STM32G411MBT3, STM32G411MBT6, STM32G411R6T3, STM32G411R6T6, STM32G411R8T3, STM32G411R8T6, STM32G411RBT3, STM32G411RBT6, STM32G414CBT3, STM32G414CBT6, STM32G414CBU3, STM32G414CBU6, STM32G414CCT3, STM32G414CCT6, STM32G414CCU3, STM32G414CCU6, STM32G414MBT3, STM32G414MBT6, STM32G414MCT3, STM32G414MCT6, STM32G414RBT3, STM32G414RBT6, STM32G414RCT3, STM32G414RCT6, STM32G414VBT3, STM32G414VBT6, STM32G414VCT3, STM32G414VCT6, STM32G431CBT3Z, STM32G431RBT3Z, STM32G471CCT6, STM32G471CCU6, STM32G471CET3, STM32G471CET6, STM32G471CEU3, STM32G471CEU6, STM32G471MCT6, STM32G471MET3, STM32G471MET6, STM32G471MEY6TR, STM32G471QCT6, STM32G471QET3, STM32G471RCT6, STM32G471RET3, STM32G471RET6, STM32G471VCH6, STM32G471VCI6, STM32G471VCT6, STM32G471VEH3, STM32G471VEH6, STM32G471VEI3, STM32G471VEI6, STM32G471VET3, STM32G471VET6, STM32G473QET3Z, STM32G473RET3Z, STM32G474CCT6, STM32G491RET3Z, STM32H503CBT6, STM32H503CBU6, STM32H503EBY6TR, STM32H503KBU6, STM32H503RBT6, STM32H523CCT6, STM32H523CCU6, STM32H523CET6, STM32H523CEU6, STM32H523HEY6TR, STM32H523RCT6, STM32H523RET6, STM32H523VCI6, STM32H523VCT6, STM32H523VEI6, STM32H523VET6, STM32H523ZCJ6, STM32H523ZCT6, STM32H523ZEJ6, STM32H523ZET6, STM32H533CET6, STM32H533CEU6, STM32H533HEY6TR, STM32H533RET6, STM32H533VEI6, STM32H533VET6, STM32H533ZEJ6, STM32H533ZET6, STM32H562AGI6, STM32H562AII6, STM32H562IGK6, STM32H562IGT6, STM32H562IIK6, STM32H562IIT6, STM32H562RGT6, STM32H562RGV6, STM32H562RIT6, STM32H562RIV6, STM32H562VGT6, STM32H562VIT6, STM32H562ZGT6, STM32H562ZIT6, STM32H563AGI6, STM32H563AII3Q, STM32H563AII6, STM32H563IGK6, STM32H563IGT6, STM32H563IIK3Q, STM32H563IIK6, STM32H563IIT3Q, STM32H563IIT6, STM32H563MIY3QTR, STM32H563RGT6, STM32H563RGV6, STM32H563RIT6, STM32H563RIV6, STM32H563VGT6, STM32H563VIT3Q, STM32H563VIT6, STM32H563ZGT6, STM32H563ZIT3Q, STM32H563ZIT6, STM32H573AII3Q, STM32H573AII6, STM32H573I-DK, STM32H573IIK3Q, STM32H573IIK6, STM32H573IIT3Q, STM32H573IIT6, STM32H573MIY3QTR, STM32H573RIT6, STM32H573RIV6, STM32H573VIT3Q, STM32H573VIT6, STM32H573ZIT3Q, STM32H573ZIT6, STM32H7R3A8I6, STM32H7R3I8K6, STM32H7R3I8T6, STM32H7R3L8H6, STM32H7R3L8H6H, STM32H7R3R8V6, STM32H7R3V8H6, STM32H7R3V8T6, STM32H7R3V8Y6TR, STM32H7R3Z8J6, STM32H7R3Z8T6, STM32H7R7A8I6, STM32H7R7I8K6, STM32H7R7I8T6, STM32H7R7L8H6, STM32H7R7L8H6H, STM32H7R7Z8J6, STM32H7S3A8I6, STM32H7S3I8K6, STM32H7S3I8T6, STM32H7S3L8H6, STM32H7S3L8H6H, STM32H7S3R8V6, STM32H7S3V8H6, STM32H7S3V8T6, STM32H7S3V8Y6TR, STM32H7S3Z8J6, STM32H7S3Z8T6, STM32H7S78-DK, STM32H7S7A8I6, STM32H7S7I8K6, STM32H7S7I8T6, STM32H7S7L8H6, STM32H7S7L8H6H, STM32H7S7Z8J6, STM32L4R5QGI6STR, STM32MP131AAE3, STM32MP131AAF3, STM32MP131AAG3, STM32MP131CAE3, STM32MP131CAF3, STM32MP131CAG3, STM32MP131DAE7, STM32MP131DAF7, STM32MP131DAG7, STM32MP131FAE7, STM32MP131FAF7, STM32MP131FAG7, STM32MP133AAE3, STM32MP133AAF3, STM32MP133AAG3, STM32MP133CAE3, STM32MP133CAF3, STM32MP133CAG3, STM32MP133DAE7, STM32MP133DAF7, STM32MP133DAG7, STM32MP133FAE7, STM32MP133FAF7, STM32MP133FAG7, STM32MP135AAE3, STM32MP135AAF3, STM32MP135AAG3, STM32MP135CAE3, STM32MP135CAF3, STM32MP135CAG3, STM32MP135DAE7, STM32MP135DAF7, STM32MP135DAG7, STM32MP135F-DK, STM32MP135FAE7, STM32MP135FAF7, STM32MP135FAF7T, STM32MP135FAF7U, STM32MP135FAG7, STM32MP211AAL3, STM32MP211AAM3, STM32MP211AAN3, STM32MP211AAO3, STM32MP211CAL3, STM32MP211CAM3, STM32MP211CAN3, STM32MP211CAO3, STM32MP211DAL3, STM32MP211DAM3, STM32MP211DAN3, STM32MP211DAO3, STM32MP211FAL3, STM32MP211FAM3, STM32MP211FAN3, STM32MP211FAO3, STM32MP213AAL3, STM32MP213AAM3, STM32MP213AAN3, STM32MP213AAO3, STM32MP213CAL3, STM32MP213CAM3, STM32MP213CAN3, STM32MP213CAO3, STM32MP213DAL3, STM32MP213DAM3, STM32MP213DAN3, STM32MP213DAO3, STM32MP213FAL3, STM32MP213FAM3, STM32MP213FAN3, STM32MP213FAO3, STM32MP215AAL3, STM32MP215AAM3, STM32MP215AAN3, STM32MP215AAO3, STM32MP215CAL3, STM32MP215CAM3, STM32MP215CAN3, STM32MP215CAO3, STM32MP215DAL3, STM32MP215DAM3, STM32MP215DAN3, STM32MP215DAO3, STM32MP215F-DK, STM32MP215FAL3, STM32MP215FAM3, STM32MP215FAN3, STM32MP215FAO3, STM32MP231AAJ3, STM32MP231AAK3, STM32MP231AAL3, STM32MP231CAJ3, STM32MP231CAK3, STM32MP231CAL3, STM32MP231DAJ3, STM32MP231DAK3, STM32MP231DAL3, STM32MP231FAJ3, STM32MP231FAK3, STM32MP231FAL3, STM32MP233AAJ3, STM32MP233AAK3, STM32MP233AAL3, STM32MP233CAJ3, STM32MP233CAK3, STM32MP233CAL3, STM32MP233DAJ3, STM32MP233DAK3, STM32MP233DAL3, STM32MP233FAJ3, STM32MP233FAK3, STM32MP233FAL3, STM32MP235AAJ3, STM32MP235AAK3, STM32MP235AAL3, STM32MP235CAJ3, STM32MP235CAK3, STM32MP235CAL3, STM32MP235DAJ3, STM32MP235DAK3, STM32MP235DAL3, STM32MP235FAJ3, STM32MP235FAK3, STM32MP235FAL3, STM32MP251AAI3, STM32MP251AAK3, STM32MP251AAL3, STM32MP251CAI3, STM32MP251CAK3, STM32MP251CAL3, STM32MP251DAI3, STM32MP251DAK3, STM32MP251DAL3, STM32MP251FAI3, STM32MP251FAK3, STM32MP251FAL3, STM32MP253AAI3, STM32MP253AAK3, STM32MP253AAL3, STM32MP253CAI3, STM32MP253CAK3, STM32MP253CAL3, STM32MP253DAI3, STM32MP253DAK3, STM32MP253DAL3, STM32MP253FAI3, STM32MP253FAK3, STM32MP253FAL3, STM32MP255AAI3, STM32MP255AAK3, STM32MP255AAL3, STM32MP255CAI3, STM32MP255CAK3, STM32MP255CAL3, STM32MP255DAI3, STM32MP255DAK3, STM32MP255DAL3, STM32MP255FAI3, STM32MP255FAK3, STM32MP255FAL3, STM32MP257AAI3, STM32MP257AAK3, STM32MP257AAL3, STM32MP257CAI3, STM32MP257CAK3, STM32MP257CAL3, STM32MP257DAI3, STM32MP257DAK3, STM32MP257DAL3, STM32MP257F-DK, STM32MP257F-EV1, STM32MP257FAI3, STM32MP257FAK3, STM32MP257FAL3, STM32N645A0H3Q, STM32N645B0H3Q, STM32N645I0H3Q, STM32N645L0H3Q, STM32N645X0H3Q, STM32N645Z0H3Q, STM32N647A0H3Q, STM32N647B0H3Q, STM32N647I0H3Q, STM32N647L0H3Q, STM32N647X0H3Q, STM32N647Z0H3Q, STM32N655A0H3Q, STM32N655B0H3Q, STM32N655I0H3Q, STM32N655L0H3Q, STM32N655X0H3Q, STM32N655Z0H3Q, STM32N6570-DK, STM32N657A0H3Q, STM32N657B0H3Q, STM32N657I0H3Q, STM32N657L0H3Q, STM32N657X0H3Q, STM32N657Z0H3Q, STM32U031C6T6, STM32U031C6U6, STM32U031C8T6, STM32U031C8U6, STM32U031F4P6, STM32U031F6P6, STM32U031F8P6, STM32U031G6Y6TR, STM32U031G8Y6TR, STM32U031K4U6, STM32U031K6U6, STM32U031K8U6, STM32U031R6I6, STM32U031R6T6, STM32U031R8I6, STM32U031R8T6, STM32U073C8T6, STM32U073C8U6, STM32U073CBT6, STM32U073CBU6, STM32U073CCT6, STM32U073CCU6, STM32U073H8Y6TR, STM32U073HBY6TR, STM32U073HCY6TR, STM32U073K8U6, STM32U073KBU6, STM32U073KCU6, STM32U073M8I6, STM32U073M8T6, STM32U073MBI6, STM32U073MBT6, STM32U073MCI6, STM32U073MCT6, STM32U073R8I6, STM32U073R8T6, STM32U073RBI6, STM32U073RBT6, STM32U073RCI6, STM32U073RCT6, STM32U083C-DK, STM32U083CCT6, STM32U083CCU6, STM32U083HCY6TR, STM32U083KCU6, STM32U083MCI6, STM32U083MCT6, STM32U083RCI6, STM32U083RCT6, STM32U375CET6, STM32U375CET6Q, STM32U375CEU6, STM32U375CEU6Q, STM32U375CEY6QTR, STM32U375CGT6, STM32U375CGT6Q, STM32U375CGU6, STM32U375CGU6Q, STM32U375CGY6QTR, STM32U375KEU6, STM32U375KGU6, STM32U375REI6, STM32U375REI6Q, STM32U375RET6, STM32U375RET6Q, STM32U375REY6GTR, STM32U375REY6QTR, STM32U375RGI6, STM32U375RGI6Q, STM32U375RGT6, STM32U375RGT6Q, STM32U375RGY6GTR, STM32U375RGY6QTR, STM32U375VEI6, STM32U375VEI6Q, STM32U375VET6, STM32U375VET6Q, STM32U375VGI6, STM32U375VGI6Q, STM32U375VGT6, STM32U375VGT6Q, STM32U385CGT6, STM32U385CGT6Q, STM32U385CGU6, STM32U385CGU6Q, STM32U385CGY6QTR, STM32U385KGU6, STM32U385RGI6, STM32U385RGI6Q, STM32U385RGT6, STM32U385RGT6Q, STM32U385RGY6GTR, STM32U385RGY6QTR, STM32U385VGI6, STM32U385VGI6Q, STM32U385VGT6, STM32U385VGT6Q, STM32U535CBT6, STM32U535CBT6Q, STM32U535CBU6, STM32U535CBU6Q, STM32U535CCT6, STM32U535CCT6Q, STM32U535CCU6, STM32U535CCU6Q, STM32U535CET6, STM32U535CET6Q, STM32U535CEU6, STM32U535CEU6Q, STM32U535JEY6QTR, STM32U535NCY6QTR, STM32U535NEY6QTR, STM32U535RBI6, STM32U535RBI6Q, STM32U535RBT6, STM32U535RBT6Q, STM32U535RCI6, STM32U535RCI6Q, STM32U535RCT6, STM32U535RCT6Q, STM32U535REI6, STM32U535REI6Q, STM32U535RET6, STM32U535RET6Q, STM32U535VCI6, STM32U535VCI6Q, STM32U535VCT6, STM32U535VCT6Q, STM32U535VEI6, STM32U535VEI6Q, STM32U535VET6, STM32U535VET6Q, STM32U545CET6, STM32U545CET6Q, STM32U545CEU6, STM32U545CEU6Q, STM32U545JEY6QTR, STM32U545NEY6QTR, STM32U545REI6, STM32U545REI6Q, STM32U545RET6, STM32U545RET6Q, STM32U545VEI6, STM32U545VEI6Q, STM32U545VET6, STM32U545VET6Q, STM32U595AIH6, STM32U595AIH6Q, STM32U595AJH6, STM32U595AJH6Q, STM32U595QII6, STM32U595QII6Q, STM32U595QJI6, STM32U595QJI6Q, STM32U595RIT6, STM32U595RIT6Q, STM32U595RJT6, STM32U595RJT6Q, STM32U595VIT6, STM32U595VIT6Q, STM32U595VJT6, STM32U595VJT6Q, STM32U595ZIT6, STM32U595ZIT6Q, STM32U595ZIY6QTR, STM32U595ZJT6, STM32U595ZJT6Q, STM32U595ZJY6QTR, STM32U599BJY6QTR, STM32U599NIH6Q, STM32U599NJH6Q, STM32U599VIT6Q, STM32U599VJT6, STM32U599VJT6Q, STM32U599ZIT6Q, STM32U599ZIY6QTR, STM32U599ZJT6Q, STM32U599ZJY6QTR, STM32U5A5AJH6, STM32U5A5AJH6Q, STM32U5A5QII3Q , STM32U5A5QJI6, STM32U5A5QJI6Q, STM32U5A5RJT6, STM32U5A5RJT6Q, STM32U5A5VJT6, STM32U5A5VJT6Q, STM32U5A5ZJT6, STM32U5A5ZJT6Q, STM32U5A5ZJY6QTR, STM32U5A9BJY6QTR, STM32U5A9J-DK, STM32U5A9NJH6Q, STM32U5A9VJT6Q, STM32U5A9ZJT6Q, STM32U5A9ZJY6QTR, STM32U5F7VIT6, STM32U5F7VIT6Q, STM32U5F7VJT6, STM32U5F7VJT6Q, STM32U5F9BJY6QTR, STM32U5F9NJH6Q, STM32U5F9VIT6Q, STM32U5F9VJT6Q, STM32U5F9ZIJ6QTR, STM32U5F9ZIT6Q, STM32U5F9ZJJ6QTR, STM32U5F9ZJT6Q, STM32U5G7VJT6, STM32U5G7VJT6Q, STM32U5G9BJY6QTR, STM32U5G9J-DK1, STM32U5G9J-DK2, STM32U5G9NJH6Q, STM32U5G9VJT6Q, STM32U5G9ZJJ6QTR, STM32U5G9ZJT6Q, STM32WB05KZV6TR, STM32WB05KZV7TR, STM32WB05TZF6TR, STM32WB05TZF7TR, STM32WB06CCF6TR, STM32WB06CCF7TR, STM32WB06CCV6TR, STM32WB06CCV7TR, STM32WB06KCV6TR, STM32WB06KCV7TR, STM32WB07CCF6TR, STM32WB07CCF7TR, STM32WB07CCV6TR, STM32WB07CCV7TR, STM32WB07KCV6TR, STM32WB07KCV7TR, STM32WB09KEV6TR, STM32WB09KEV7TR, STM32WB09TEF6TR, STM32WB09TEF7TR, STM32WB1MMCH6, STM32WBA50KGU6, STM32WBA50KGU6TR, STM32WBA52CEU6, STM32WBA52CEU6TR, STM32WBA52CEU7, STM32WBA52CEU7TR, STM32WBA52CGU6, STM32WBA52CGU6TR, STM32WBA52CGU6U, STM32WBA52CGU7, STM32WBA52CGU7TR, STM32WBA52KEU6, STM32WBA52KEU6TR, STM32WBA52KGU6, STM32WBA52KGU6TR, STM32WBA54CEU6, STM32WBA54CEU6TR, STM32WBA54CEU7, STM32WBA54CEU7TR, STM32WBA54CGU6, STM32WBA54CGU6TR, STM32WBA54CGU7, STM32WBA54CGU7TR, STM32WBA54KEU6, STM32WBA54KEU6TR, STM32WBA54KEU7, STM32WBA54KEU7TR, STM32WBA54KGU6, STM32WBA54KGU6TR, STM32WBA54KGU7, STM32WBA54KGU7TR, STM32WBA55CEU6, STM32WBA55CEU6TR, STM32WBA55CEU7, STM32WBA55CEU7TR, STM32WBA55CGU6, STM32WBA55CGU6TR, STM32WBA55CGU6U, STM32WBA55CGU7, STM32WBA55CGU7TR, STM32WBA55G-DK1, STM32WBA55HEF6, STM32WBA55HEF7, STM32WBA55HGF6, STM32WBA55HGF7, STM32WBA55UEI6, STM32WBA55UEI6TR, STM32WBA55UEI7, STM32WBA55UEI7TR, STM32WBA55UGI6, STM32WBA55UGI6TR, STM32WBA55UGI7, STM32WBA55UGI7TR, STM32WBA5MMGH6TR, STM32WBA62MGF6, STM32WBA62MIF6, STM32WBA65MGF7, STM32WBA65MIF6, STM32WBA65MIF7, STM32WL30K8V6, STM32WL30KBV6, STM32WL31C8V6, STM32WL31CBV6, STM32WL31K8V6, STM32WL31KBV6, STM32WL33C8V6, STM32WL33C8V6X, STM32WL33CBV6, STM32WL33CBV6X, STM32WL33CCV6, STM32WL33CCV6A, STM32WL33CCV6X, STM32WL33K8V7, STM32WL33K8V7X, STM32WL33KBV7 , STM32WL33KBV7X, STM32WL33KCV7, STM32WL33KCV7X, STM32WL5MOCH6, STM32WL5MOCH6TR]
2025-12-16 12:16:39,102 [INFO] BoardInfo:889 - No configuration file found for board P-NUCLEO-WB55
2025-12-16 12:16:39,103 [INFO] DbBoards:161 - Kit is not supported: P-NUCLEO-WB55
2025-12-16 12:16:39,110 [INFO] BoardInfo:889 - No configuration file found for board STEVAL-BFA001V1B
2025-12-16 12:16:39,111 [INFO] DbBoards:161 - Kit is not supported: STEVAL-BFA001V1B
2025-12-16 12:16:39,111 [INFO] BoardInfo:889 - No configuration file found for board STEVAL-BFA001V2B
2025-12-16 12:16:39,112 [INFO] DbBoards:161 - Kit is not supported: STEVAL-BFA001V2B
2025-12-16 12:16:39,300 [INFO] DbBoards:168 - Found 212 boards, 209 are supported
2025-12-16 12:16:39,300 [INFO] DbBoards:169 - Found 212 boards, 43 of them is supported for  Bsp
2025-12-16 12:16:39,315 [INFO] ApiDb:423 - Load user favorites file C:\Users\aditi/.stm32cubeide/favorites.boards.txt: 1 item(s)
2025-12-16 12:16:39,315 [INFO] ApiDb:427 - User favorites Boards=[STM32F407G-DISC1]
2025-12-16 12:16:39,315 [INFO] DbBoards:198 - Set 1 / 1 favorites Boards
2025-12-16 12:16:39,316 [INFO] McuFinderGlobals:76 - Set McuFinderConnectedMode to true
2025-12-16 12:16:39,325 [INFO] MultiScanPanel:200 - Auto-refresh data requested => check proxy status ongoing
2025-12-16 12:16:39,330 [INFO] FinderPluginLoader:96 - Searching for filters in installed packs
2025-12-16 12:16:40,834 [INFO] LoadUrlFilesThread:185 - End of LoadServerUrlFiles without Thread
2025-12-16 12:16:40,852 [INFO] DetailPanel:341 - Set advertising image to C:/Users/aditi/STM32Cube/Repository/\en.prom-st67w-expansion-board.png
2025-12-16 12:16:45,542 [INFO] MultiScanPanel:200 - Auto-refresh data requested => check proxy status ongoing
2025-12-16 12:16:45,714 [INFO] LoadUrlFilesThread:185 - End of LoadServerUrlFiles without Thread
2025-12-16 12:16:45,715 [INFO] DetailPanel:341 - Set advertising image to C:/Users/aditi/STM32Cube/Repository/\en.prom-st67w-expansion-board.png
2025-12-16 12:16:45,758 [INFO] DbBoards:642 - Loading board mini-images...
2025-12-16 12:16:48,229 [ERROR] DbBoards:659 - Image file not found for board STM32MP215F-DK: C:\Users\aditi\.stmcufinder\plugins\mcufinder//mcu//boards_images/STM32MP215F-DK.jpg
2025-12-16 12:16:48,357 [INFO] DbBoards:665 - Loaded 211 board mini-images
2025-12-16 12:17:14,074 [INFO] McuFinderGlobals:76 - Set McuFinderConnectedMode to true
2025-12-16 12:17:14,080 [INFO] ApiDb:448 - Save user favorites file C:\Users\aditi/.stm32cubeide/favorites.mcus.txt: 0 item(s)
2025-12-16 12:17:14,080 [INFO] ApiDb:452 - User favorites MCUs=[]
2025-12-16 12:17:14,085 [INFO] ApiDb:448 - Save user favorites file C:\Users\aditi/.stm32cubeide/favorites.boards.txt: 1 item(s)
2025-12-16 12:17:14,085 [INFO] ApiDb:452 - User favorites Boards=[STM32F407G-DISC1]
2025-12-16 12:55:38,201 [INFO] WebApp:403 - JxBrowser engine has been closed 
2025-12-16 12:55:39,754 [ERROR] LogOutputStream:75 - [STDERR_REDIRECT] 
2025-12-16 14:28:10,906 [INFO] Activator:176 - 


2025-12-16 14:28:10,907 [INFO] Activator:177 - !SESSION log4j initialized
2025-12-16 14:28:17,969 [INFO] LogOutputStream:77 - [STDOUT_REDIRECT] 
2025-12-16 14:28:26,312 [INFO] ApplicationProperties:184 - Using Application install path: C:\ST\STM32CubeIDE_1.19.0\STM32CubeIDE\plugins\com.st.stm32cube.common.mx_6.15.0.202507011659
2025-12-16 14:28:26,337 [INFO] DbMcusXml:78 - Set database path to: C:\ST\STM32CubeIDE_1.19.0\STM32CubeIDE\plugins\com.st.stm32cube.common.mx_6.15.0.202507011659\\db\/mcu/
2025-12-16 14:28:26,337 [INFO] ApiDb:274 - Set plugin database path to: C:\ST\STM32CubeIDE_1.19.0\STM32CubeIDE\plugins\com.st.stm32cube.common.mx_6.15.0.202507011659\\db\/plugins/boardmanager/
2025-12-16 14:28:26,337 [WARN] ApiDb:259 - Overriding images path with different value:  => C:\ST\STM32CubeIDE_1.19.0\STM32CubeIDE\plugins\com.st.stm32cube.common.mx_6.15.0.202507011659\\db\/plugins/mcufinder/images/
2025-12-16 14:28:26,352 [INFO] ApiDb:250 - Set database path to: C:\Users\aditi\.stmcufinder\plugins\mcufinder//mcu/
2025-12-16 14:28:26,354 [INFO] DbMcusAds:125 - Set database path to: C:\Users\aditi\.stmcufinder\plugins\mcufinder//mcu/
2025-12-16 14:28:26,358 [INFO] CrossReferenceDbSqlite:203 - Set database path to: C:\Users\aditi\.stmcufinder\plugins\mcufinder//mcu/cs/
2025-12-16 14:28:26,504 [INFO] RulesReader:64 - Compatibility file has been processed (317 Rules)
2025-12-16 14:28:26,587 [INFO] DbMcusXml:78 - Set database path to: C:\ST\STM32CubeIDE_1.19.0\STM32CubeIDE\plugins\com.st.stm32cube.common.mx_6.15.0.202507011659\\db\/mcu/
2025-12-16 14:28:26,587 [INFO] ApiDb:274 - Set plugin database path to: C:\ST\STM32CubeIDE_1.19.0\STM32CubeIDE\plugins\com.st.stm32cube.common.mx_6.15.0.202507011659\\db\/plugins/boardmanager/
2025-12-16 14:28:26,587 [INFO] ApiDb:261 - Set plugin images path to: C:\ST\STM32CubeIDE_1.19.0\STM32CubeIDE\plugins\com.st.stm32cube.common.mx_6.15.0.202507011659\\db\/plugins/mcufinder/images/
2025-12-16 14:28:26,587 [WARN] DbFile:41 - Overriding database path with different value: C:\Users\aditi\.stmcufinder\plugins\mcufinder/ => C:\Users\aditi\.stmcufinder\plugins\mcufinder
2025-12-16 14:28:26,587 [INFO] ApiDb:250 - Set database path to: C:\Users\aditi\.stmcufinder\plugins\mcufinder//mcu/
2025-12-16 14:28:26,587 [WARN] DbFile:41 - Overriding database path with different value: C:\Users\aditi\.stmcufinder\plugins\mcufinder/ => C:\Users\aditi\.stmcufinder\plugins\mcufinder
2025-12-16 14:28:26,588 [INFO] DbMcusAds:125 - Set database path to: C:\Users\aditi\.stmcufinder\plugins\mcufinder//mcu/
2025-12-16 14:28:26,588 [WARN] DbFile:41 - Overriding database path with different value: C:\Users\aditi\.stmcufinder\plugins\mcufinder/ => C:\Users\aditi\.stmcufinder\plugins\mcufinder
2025-12-16 14:28:26,588 [WARN] DbFile:41 - Overriding database path with different value: C:\Users\aditi\.stmcufinder\plugins\mcufinder/ => C:\Users\aditi\.stmcufinder\plugins\mcufinder
2025-12-16 14:28:26,588 [INFO] CrossReferenceDbSqlite:203 - Set database path to: C:\Users\aditi\.stmcufinder\plugins\mcufinder//mcu/cs/
2025-12-16 14:28:26,671 [INFO] MainPanel:274 - HeapMemory: 268435456
2025-12-16 14:28:26,825 [INFO] DbMcusXml:78 - Set database path to: C:\ST\STM32CubeIDE_1.19.0\STM32CubeIDE\plugins\com.st.stm32cube.common.mx_6.15.0.202507011659\\db\/mcu/
2025-12-16 14:28:26,825 [INFO] ApiDb:274 - Set plugin database path to: C:\ST\STM32CubeIDE_1.19.0\STM32CubeIDE\plugins\com.st.stm32cube.common.mx_6.15.0.202507011659\\db\/plugins/boardmanager/
2025-12-16 14:28:26,825 [INFO] ApiDb:261 - Set plugin images path to: C:\ST\STM32CubeIDE_1.19.0\STM32CubeIDE\plugins\com.st.stm32cube.common.mx_6.15.0.202507011659\\db\/plugins/mcufinder/images/
2025-12-16 14:28:26,826 [WARN] DbFile:41 - Overriding database path with different value: C:\Users\aditi\.stmcufinder\plugins\mcufinder/ => C:\Users\aditi\.stmcufinder\plugins\mcufinder
2025-12-16 14:28:26,826 [INFO] ApiDb:250 - Set database path to: C:\Users\aditi\.stmcufinder\plugins\mcufinder//mcu/
2025-12-16 14:28:26,826 [WARN] DbFile:41 - Overriding database path with different value: C:\Users\aditi\.stmcufinder\plugins\mcufinder/ => C:\Users\aditi\.stmcufinder\plugins\mcufinder
2025-12-16 14:28:26,826 [INFO] DbMcusAds:125 - Set database path to: C:\Users\aditi\.stmcufinder\plugins\mcufinder//mcu/
2025-12-16 14:28:26,826 [WARN] DbFile:41 - Overriding database path with different value: C:\Users\aditi\.stmcufinder\plugins\mcufinder/ => C:\Users\aditi\.stmcufinder\plugins\mcufinder
2025-12-16 14:28:26,826 [WARN] DbFile:41 - Overriding database path with different value: C:\Users\aditi\.stmcufinder\plugins\mcufinder/ => C:\Users\aditi\.stmcufinder\plugins\mcufinder
2025-12-16 14:28:26,826 [INFO] CrossReferenceDbSqlite:203 - Set database path to: C:\Users\aditi\.stmcufinder\plugins\mcufinder//mcu/cs/
2025-12-16 14:28:26,844 [INFO] ApplicationProperties:184 - Using Application install path: C:\ST\STM32CubeIDE_1.19.0\STM32CubeIDE\plugins\com.st.stm32cube.common.mx_6.15.0.202507011659
2025-12-16 14:28:26,846 [INFO] PluginManage:196 - Search for loadable plugins [exclusion list=, ]
2025-12-16 14:28:26,847 [INFO] PluginManage:310 - Check plugin analytics
2025-12-16 14:28:27,111 [INFO] AnalyticsPlugin:253 - Accepted Software Licenses: 
2025-12-16 14:28:27,112 [INFO] AnalyticsPlugin:255 - Accepted CMSIS Pack Licenses: 
2025-12-16 14:28:27,112 [INFO] AnalyticsPlugin:257 - Accepted Firmware Licenses: 
2025-12-16 14:28:27,115 [INFO] PluginManage:359 - Loaded plugin analytics (category:tool,tabindex:-1)
2025-12-16 14:28:27,115 [INFO] PluginManage:310 - Check plugin cadmodel
2025-12-16 14:28:27,138 [INFO] CADModel:105 - Init CAD model plugin
2025-12-16 14:28:27,138 [INFO] PluginManage:359 - Loaded plugin cadmodel (category:power,tabindex:5)
2025-12-16 14:28:27,138 [INFO] PluginManage:310 - Check plugin clock
2025-12-16 14:28:27,155 [INFO] PluginManage:359 - Loaded plugin clock (category:base,tabindex:2)
2025-12-16 14:28:27,155 [INFO] PluginManage:310 - Check plugin ddr
2025-12-16 14:28:27,159 [INFO] PluginManage:359 - Loaded plugin ddr (category:tool,tabindex:6)
2025-12-16 14:28:27,159 [INFO] PluginManage:310 - Check plugin filemanager
2025-12-16 14:28:27,418 [INFO] PluginManage:359 - Loaded plugin filemanager (category:base,tabindex:10)
2025-12-16 14:28:27,418 [INFO] PluginManage:310 - Check plugin ipmanager
2025-12-16 14:28:27,429 [INFO] PluginManage:359 - Loaded plugin ipmanager (category:base,tabindex:5)
2025-12-16 14:28:27,429 [INFO] PluginManage:310 - Check plugin lpbam
2025-12-16 14:28:27,441 [INFO] PluginManage:359 - Loaded plugin lpbam (category:base,tabindex:0)
2025-12-16 14:28:27,441 [INFO] PluginManage:310 - Check plugin memorymap
2025-12-16 14:28:27,468 [INFO] PluginManage:359 - Loaded plugin memorymap (category:base,tabindex:4)
2025-12-16 14:28:27,468 [INFO] PluginManage:310 - Check plugin pinoutandconfiguration
2025-12-16 14:28:27,484 [INFO] PluginManage:359 - Loaded plugin pinoutandconfiguration (category:base,tabindex:1)
2025-12-16 14:28:27,484 [INFO] PluginManage:310 - Check plugin pinoutconfig
2025-12-16 14:28:27,609 [WARN] SupportedApi:132 - Cannot load RTOS API schema: s4s-elt-must-match.1: The content of 'definitions' must match (annotation?, (simpleType | complexType)?, (unique | key | keyref)*)). A problem was found starting at: attribute.
2025-12-16 14:28:27,807 [INFO] PluginManage:359 - Loaded plugin pinoutconfig (category:base,tabindex:0)
2025-12-16 14:28:27,807 [INFO] PluginManage:310 - Check plugin power
2025-12-16 14:28:27,819 [INFO] PluginManage:359 - Loaded plugin power (category:power,tabindex:4)
2025-12-16 14:28:27,819 [INFO] PluginManage:310 - Check plugin projectmanager
2025-12-16 14:28:27,842 [INFO] PluginManage:359 - Loaded plugin projectmanager (category:projectmanager,tabindex:4)
2025-12-16 14:28:27,842 [INFO] PluginManage:310 - Check plugin rif
2025-12-16 14:28:27,856 [INFO] PluginManage:359 - Loaded plugin rif (category:base,tabindex:3)
2025-12-16 14:28:27,856 [INFO] PluginManage:310 - Check plugin thirdparty
2025-12-16 14:28:28,013 [INFO] PluginManage:359 - Loaded plugin thirdparty (category:base,tabindex:-1)
2025-12-16 14:28:28,013 [WARN] IntegrityCheckThread:84 - waiting for thirdparty lock release [integrity check]
2025-12-16 14:28:28,013 [INFO] PluginManage:310 - Check plugin tools
2025-12-16 14:28:28,013 [INFO] IntegrityCheckThread:86 - entering critical section [integrity check]
2025-12-16 14:28:28,014 [INFO] ThirdPartyUpdaterWithRetryManager:70 - Updater plugin not ready yet. [1/15]
2025-12-16 14:28:28,016 [INFO] PluginManage:359 - Loaded plugin tools (category:base,tabindex:7)
2025-12-16 14:28:28,017 [INFO] PluginManage:310 - Check plugin tutovideos
2025-12-16 14:28:28,314 [INFO] PluginManage:359 - Loaded plugin tutovideos (category:base,tabindex:-1)
2025-12-16 14:28:28,314 [INFO] PluginManage:310 - Check plugin updater
2025-12-16 14:28:28,336 [INFO] PluginManage:359 - Loaded plugin updater (category:base,tabindex:12)
2025-12-16 14:28:28,337 [INFO] PluginManage:310 - Check plugin userauth
2025-12-16 14:28:28,340 [INFO] UserAuth:118 - Init User Auth plugin
2025-12-16 14:28:28,341 [INFO] PluginManage:359 - Loaded plugin userauth (category:base,tabindex:14)
2025-12-16 14:28:28,341 [INFO] PluginManage:283 - PluginManage : Loaded plugins [18]
2025-12-16 14:28:28,546 [INFO] PinOutPanel:1589 - setPackage(No Configuration,No Configuration)
2025-12-16 14:28:28,626 [INFO] CADModel:165 - CPN selected for project level
2025-12-16 14:28:28,626 [INFO] CADModel:114 - Register for checkConnection events
2025-12-16 14:28:28,651 [INFO] IPUIPlugin:80 - create IPUIPlugin
2025-12-16 14:28:28,652 [INFO] PluginManager:220 - loadIPPluginJar : add adc
2025-12-16 14:28:28,655 [INFO] IPUIPlugin:80 - create IPUIPlugin
2025-12-16 14:28:28,655 [INFO] PluginManager:220 - loadIPPluginJar : add aes
2025-12-16 14:28:28,659 [INFO] IPUIPlugin:80 - create IPUIPlugin
2025-12-16 14:28:28,659 [INFO] PluginManager:220 - loadIPPluginJar : add can
2025-12-16 14:28:28,661 [INFO] IPUIPlugin:80 - create IPUIPlugin
2025-12-16 14:28:28,661 [INFO] PluginManager:220 - loadIPPluginJar : add comp
2025-12-16 14:28:28,665 [INFO] IPUIPlugin:80 - create IPUIPlugin
2025-12-16 14:28:28,665 [INFO] PluginManager:220 - loadIPPluginJar : add cryp
2025-12-16 14:28:28,670 [INFO] IPUIPlugin:80 - create IPUIPlugin
2025-12-16 14:28:28,670 [INFO] PluginManager:220 - loadIPPluginJar : add ddr_ctrl_phy
2025-12-16 14:28:28,673 [INFO] IPUIPlugin:80 - create IPUIPlugin
2025-12-16 14:28:28,673 [INFO] PluginManager:220 - loadIPPluginJar : add dfsdm
2025-12-16 14:28:28,680 [INFO] IPUIPlugin:80 - create IPUIPlugin
2025-12-16 14:28:28,680 [INFO] PluginManager:220 - loadIPPluginJar : add dma
2025-12-16 14:28:28,684 [INFO] IPUIPlugin:80 - create IPUIPlugin
2025-12-16 14:28:28,684 [INFO] PluginManager:220 - loadIPPluginJar : add dma3
2025-12-16 14:28:28,687 [INFO] IPUIPlugin:80 - create IPUIPlugin
2025-12-16 14:28:28,687 [INFO] PluginManager:220 - loadIPPluginJar : add extmemmanager
2025-12-16 14:28:28,690 [INFO] IPUIPlugin:80 - create IPUIPlugin
2025-12-16 14:28:28,690 [INFO] PluginManager:220 - loadIPPluginJar : add fatfs
2025-12-16 14:28:28,695 [INFO] IPUIPlugin:80 - create IPUIPlugin
2025-12-16 14:28:28,696 [INFO] PluginManager:220 - loadIPPluginJar : add fmc
2025-12-16 14:28:28,708 [INFO] IPUIPlugin:80 - create IPUIPlugin
2025-12-16 14:28:28,708 [INFO] PluginManager:220 - loadIPPluginJar : add freertos
2025-12-16 14:28:28,710 [INFO] IPUIPlugin:80 - create IPUIPlugin
2025-12-16 14:28:28,711 [INFO] PluginManager:220 - loadIPPluginJar : add genericplugin
2025-12-16 14:28:28,717 [INFO] IPUIPlugin:80 - create IPUIPlugin
2025-12-16 14:28:28,717 [INFO] PluginManager:220 - loadIPPluginJar : add gfxmmu
2025-12-16 14:28:28,724 [INFO] IPUIPlugin:80 - create IPUIPlugin
2025-12-16 14:28:28,725 [INFO] PluginManager:220 - loadIPPluginJar : add gic
2025-12-16 14:28:28,733 [INFO] IPUIPlugin:80 - create IPUIPlugin
2025-12-16 14:28:28,734 [INFO] PluginManager:220 - loadIPPluginJar : add gpio
2025-12-16 14:28:28,739 [INFO] IPUIPlugin:80 - create IPUIPlugin
2025-12-16 14:28:28,739 [INFO] PluginManager:220 - loadIPPluginJar : add gtzc
2025-12-16 14:28:28,743 [INFO] IPUIPlugin:80 - create IPUIPlugin
2025-12-16 14:28:28,743 [INFO] PluginManager:220 - loadIPPluginJar : add hash
2025-12-16 14:28:28,747 [INFO] IPUIPlugin:80 - create IPUIPlugin
2025-12-16 14:28:28,747 [INFO] PluginManager:220 - loadIPPluginJar : add i2c
2025-12-16 14:28:28,751 [INFO] IPUIPlugin:80 - create IPUIPlugin
2025-12-16 14:28:28,751 [INFO] PluginManager:220 - loadIPPluginJar : add i2s
2025-12-16 14:28:28,755 [INFO] IPUIPlugin:80 - create IPUIPlugin
2025-12-16 14:28:28,755 [INFO] PluginManager:220 - loadIPPluginJar : add i3c
2025-12-16 14:28:28,759 [INFO] IPUIPlugin:80 - create IPUIPlugin
2025-12-16 14:28:28,760 [INFO] PluginManager:220 - loadIPPluginJar : add ipddr
2025-12-16 14:28:28,768 [INFO] IPUIPlugin:80 - create IPUIPlugin
2025-12-16 14:28:28,769 [INFO] PluginManager:220 - loadIPPluginJar : add linkedlist
2025-12-16 14:28:28,772 [INFO] IPUIPlugin:80 - create IPUIPlugin
2025-12-16 14:28:28,772 [INFO] PluginManager:220 - loadIPPluginJar : add lorawan
2025-12-16 14:28:28,774 [INFO] IPUIPlugin:80 - create IPUIPlugin
2025-12-16 14:28:28,774 [INFO] PluginManager:220 - loadIPPluginJar : add ltdc
2025-12-16 14:28:28,779 [INFO] IPUIPlugin:80 - create IPUIPlugin
2025-12-16 14:28:28,779 [INFO] PluginManager:220 - loadIPPluginJar : add mdma
2025-12-16 14:28:28,783 [INFO] IPUIPlugin:80 - create IPUIPlugin
2025-12-16 14:28:28,783 [INFO] PluginManager:220 - loadIPPluginJar : add nvic
2025-12-16 14:28:28,788 [INFO] IPUIPlugin:80 - create IPUIPlugin
2025-12-16 14:28:28,788 [INFO] PluginManager:220 - loadIPPluginJar : add opamp
2025-12-16 14:28:28,791 [INFO] IPUIPlugin:80 - create IPUIPlugin
2025-12-16 14:28:28,791 [INFO] PluginManager:220 - loadIPPluginJar : add openamp
2025-12-16 14:28:28,794 [INFO] IPUIPlugin:80 - create IPUIPlugin
2025-12-16 14:28:28,794 [INFO] PluginManager:220 - loadIPPluginJar : add pdm2pcm
2025-12-16 14:28:28,800 [INFO] IPUIPlugin:80 - create IPUIPlugin
2025-12-16 14:28:28,801 [INFO] PluginManager:220 - loadIPPluginJar : add plateformsettings
2025-12-16 14:28:28,803 [INFO] IPUIPlugin:80 - create IPUIPlugin
2025-12-16 14:28:28,803 [INFO] PluginManager:220 - loadIPPluginJar : add quadspi
2025-12-16 14:28:28,806 [INFO] IPUIPlugin:80 - create IPUIPlugin
2025-12-16 14:28:28,806 [INFO] PluginManager:220 - loadIPPluginJar : add radio
2025-12-16 14:28:28,810 [INFO] IPUIPlugin:80 - create IPUIPlugin
2025-12-16 14:28:28,810 [INFO] PluginManager:220 - loadIPPluginJar : add resmgrutility
2025-12-16 14:28:28,813 [INFO] IPUIPlugin:80 - create IPUIPlugin
2025-12-16 14:28:28,813 [INFO] PluginManager:220 - loadIPPluginJar : add sai
2025-12-16 14:28:28,815 [INFO] IPUIPlugin:80 - create IPUIPlugin
2025-12-16 14:28:28,815 [INFO] PluginManager:220 - loadIPPluginJar : add spi
2025-12-16 14:28:28,821 [INFO] IPUIPlugin:80 - create IPUIPlugin
2025-12-16 14:28:28,821 [INFO] PluginManager:220 - loadIPPluginJar : add stm32_wpan
2025-12-16 14:28:28,823 [INFO] IPUIPlugin:80 - create IPUIPlugin
2025-12-16 14:28:28,823 [INFO] PluginManager:220 - loadIPPluginJar : add tim
2025-12-16 14:28:28,826 [INFO] IPUIPlugin:80 - create IPUIPlugin
2025-12-16 14:28:28,826 [INFO] PluginManager:220 - loadIPPluginJar : add touchsensing
2025-12-16 14:28:28,830 [INFO] IPUIPlugin:80 - create IPUIPlugin
2025-12-16 14:28:28,830 [INFO] PluginManager:220 - loadIPPluginJar : add tracer_emb
2025-12-16 14:28:28,832 [INFO] IPUIPlugin:80 - create IPUIPlugin
2025-12-16 14:28:28,832 [INFO] PluginManager:220 - loadIPPluginJar : add ts
2025-12-16 14:28:28,834 [INFO] IPUIPlugin:80 - create IPUIPlugin
2025-12-16 14:28:28,834 [INFO] PluginManager:220 - loadIPPluginJar : add tsc
2025-12-16 14:28:28,836 [INFO] IPUIPlugin:80 - create IPUIPlugin
2025-12-16 14:28:28,836 [INFO] PluginManager:220 - loadIPPluginJar : add ucpd
2025-12-16 14:28:28,839 [INFO] IPUIPlugin:80 - create IPUIPlugin
2025-12-16 14:28:28,839 [INFO] PluginManager:220 - loadIPPluginJar : add usart
2025-12-16 14:28:28,843 [INFO] IPUIPlugin:80 - create IPUIPlugin
2025-12-16 14:28:28,843 [INFO] PluginManager:220 - loadIPPluginJar : add usbx
2025-12-16 14:28:28,977 [FATAL] Updater:351 - Updater called before beeing initialized
2025-12-16 14:28:29,067 [INFO] RulesReader:64 - Compatibility file has been processed (317 Rules)
2025-12-16 14:28:29,106 [INFO] RulesReader:64 - Compatibility file has been processed (317 Rules)
2025-12-16 14:28:29,149 [INFO] CADModel:165 - CPN selected for project level
2025-12-16 14:28:29,150 [INFO] CADModel:114 - Register for checkConnection events
2025-12-16 14:28:29,150 [FATAL] Updater:351 - Updater called before beeing initialized
2025-12-16 14:28:29,150 [ERROR] CADModel:125 - Updater not yet initialized, retry later 
2025-12-16 14:28:29,375 [FATAL] Updater:351 - Updater called before beeing initialized
2025-12-16 14:28:29,378 [INFO] CADModel:165 - CPN selected for project level
2025-12-16 14:28:29,378 [INFO] CADModel:114 - Register for checkConnection events
2025-12-16 14:28:29,378 [FATAL] Updater:351 - Updater called before beeing initialized
2025-12-16 14:28:29,378 [ERROR] CADModel:125 - Updater not yet initialized, retry later 
2025-12-16 14:28:29,381 [FATAL] Updater:351 - Updater called before beeing initialized
2025-12-16 14:28:29,523 [FATAL] Updater:351 - Updater called before beeing initialized
2025-12-16 14:28:29,529 [INFO] DbMcusAds:53 - JSON generation date=Mon Dec 08 19:58:09 IST 2025 (1765204089998)
2025-12-16 14:28:29,530 [FATAL] Updater:351 - Updater called before beeing initialized
2025-12-16 14:28:29,587 [WARN] DetailPanel:346 - Failed to get advertising image, set to default
2025-12-16 14:28:29,699 [FATAL] Updater:351 - Updater called before beeing initialized
2025-12-16 14:28:29,701 [FATAL] Updater:351 - Updater called before beeing initialized
2025-12-16 14:28:29,702 [FATAL] Updater:351 - Updater called before beeing initialized
2025-12-16 14:28:29,702 [WARN] DetailPanel:346 - Failed to get advertising image, set to default
2025-12-16 14:28:29,703 [FATAL] Updater:351 - Updater called before beeing initialized
2025-12-16 14:28:29,761 [ERROR] Updater:1198 - MainUpdater not yet initialized. External WinMGr cannot be set.
2025-12-16 14:28:29,764 [INFO] Updater:1134 - Updater Version found : 6.15.0
2025-12-16 14:28:29,789 [INFO] ApplicationProperties:184 - Using Application install path: C:\ST\STM32CubeIDE_1.19.0\STM32CubeIDE\plugins\com.st.stm32cube.common.mx_6.15.0.202507011659
2025-12-16 14:28:31,015 [INFO] ThirdPartyUpdaterWithRetryManager:70 - Updater plugin not ready yet. [2/15]
2025-12-16 14:28:31,383 [ERROR] LogOutputStream:75 - [STDERR_REDIRECT] Dec 16, 2025 2:28:31 PM java.util.prefs.WindowsPreferences <init>
2025-12-16 14:28:31,385 [ERROR] LogOutputStream:75 - [STDERR_REDIRECT] WARNING: Could not open/create prefs root node Software\JavaSoft\Prefs at root 0xffffffff80000002. Windows RegCreateKeyEx(...) returned error code 5.
2025-12-16 14:28:31,385 [ERROR] LogOutputStream:75 - [STDERR_REDIRECT] 
2025-12-16 14:28:31,938 [INFO] MainUpdater:2872 - connection check result : 10
2025-12-16 14:28:31,938 [INFO] MainUpdater:289 - Updater Check For Update Now.
2025-12-16 14:28:31,939 [INFO] MicroXplorer:498 - Change Database Version : DB.6.0.150
2025-12-16 14:28:31,956 [INFO] McuFinderGlobals:63 - Set McuFinder mode to 2 (CubeIDE integrated)
2025-12-16 14:28:31,957 [INFO] UserAuth:171 - activating auth plugin
2025-12-16 14:28:31,968 [INFO] UserAuth:487 - Internet connection configuration mode: 1
2025-12-16 14:28:32,023 [INFO] JxBrowserEngine:152 - Initiate JxBrowser Engine with user profile folder
2025-12-16 14:28:32,152 [INFO] CheckServerUpdateThread:120 - End of CheckServer Thread
2025-12-16 14:28:33,573 [INFO] WebApp:169 - Instantiating new browser for Auth
2025-12-16 14:28:34,306 [WARN] PackLoader:240 - Cannot read IP mode file for STMicroelectronics.FP-SNS-MOTENVWB1.1.4.0
2025-12-16 14:28:34,319 [WARN] PackLoader:240 - Cannot read IP mode file for STMicroelectronics.FP-ATR-ASTRA1.2.0.2
2025-12-16 14:28:34,333 [WARN] PackLoader:240 - Cannot read IP mode file for STMicroelectronics.X-CUBE-SMBUS.2.1.0
2025-12-16 14:28:34,382 [WARN] PackLoader:240 - Cannot read IP mode file for STMicroelectronics.X-CUBE-AZRTOS-F7.1.1.0
2025-12-16 14:28:34,406 [WARN] PackLoader:240 - Cannot read IP mode file for STMicroelectronics.X-CUBE-DISPLAY.3.0.0
2025-12-16 14:28:34,442 [WARN] PackLoader:240 - Cannot read IP mode file for STMicroelectronics.X-CUBE-NFC10.1.0.0
2025-12-16 14:28:34,458 [WARN] PackLoader:240 - Cannot read IP mode file for STMicroelectronics.FP-SNS-SMARTAG2.1.2.0
2025-12-16 14:28:34,474 [WARN] PackLoader:240 - Cannot read IP mode file for STMicroelectronics.FP-SNS-FLIGHT1.5.1.0
2025-12-16 14:28:34,519 [INFO] LogOutputStream:77 - [STDOUT_REDIRECT] 1 : Invalid condition id : UX_CORESTACK_Condition cause : null
2025-12-16 14:28:34,522 [INFO] LogOutputStream:77 - [STDOUT_REDIRECT] 1 : Invalid condition id : UX_CORESTACK_Condition cause : null
2025-12-16 14:28:34,524 [INFO] LogOutputStream:77 - [STDOUT_REDIRECT] 1 : Invalid condition id : UX_CORESTACK_Condition cause : null
2025-12-16 14:28:34,526 [INFO] LogOutputStream:77 - [STDOUT_REDIRECT] 1 : Invalid condition id : UX_CORESTACK_Condition cause : null
2025-12-16 14:28:34,528 [INFO] LogOutputStream:77 - [STDOUT_REDIRECT] 1 : Invalid condition id : UX_CORESTACK_Condition cause : null
2025-12-16 14:28:34,534 [WARN] PackLoader:240 - Cannot read IP mode file for STMicroelectronics.X-CUBE-AZRTOS-WL.2.0.0
2025-12-16 14:28:34,545 [WARN] PackLoader:240 - Cannot read IP mode file for STMicroelectronics.X-CUBE-BLE2.3.3.0
2025-12-16 14:28:34,555 [WARN] PackLoader:240 - Cannot read IP mode file for STMicroelectronics.X-CUBE-NFC9.1.0.0
2025-12-16 14:28:34,566 [WARN] PackLoader:240 - Cannot read IP mode file for STMicroelectronics.X-CUBE-BLE1.7.1.0
2025-12-16 14:28:34,590 [WARN] PackLoader:240 - Cannot read IP mode file for STMicroelectronics.X-CUBE-AZRTOS-G0.1.1.0
2025-12-16 14:28:34,604 [WARN] PackLoader:240 - Cannot read IP mode file for STMicroelectronics.X-CUBE-NFC4.3.0.0
2025-12-16 14:28:34,617 [WARN] PackLoader:240 - Cannot read IP mode file for STMicroelectronics.X-CUBE-WB05N.2.0.0
2025-12-16 14:28:34,628 [WARN] PackLoader:240 - Cannot read IP mode file for STMicroelectronics.X-CUBE-TCPP.4.2.0
2025-12-16 14:28:34,638 [WARN] PackLoader:240 - Cannot read IP mode file for STMicroelectronics.FP-ATR-SIGFOX1.3.2.0
2025-12-16 14:28:34,653 [WARN] PackLoader:240 - Cannot read IP mode file for STMicroelectronics.X-CUBE-ALGOBUILD.1.4.0
2025-12-16 14:28:34,664 [WARN] PackLoader:240 - Cannot read IP mode file for STMicroelectronics.X-CUBE-PM33A1.1.0.0
2025-12-16 14:28:34,698 [WARN] PackLoader:240 - Cannot read IP mode file for STMicroelectronics.X-CUBE-AZRTOS-F4.1.1.0
2025-12-16 14:28:34,712 [WARN] PackLoader:240 - Cannot read IP mode file for STMicroelectronics.X-CUBE-ISPU.2.1.0
2025-12-16 14:28:34,738 [WARN] PackLoader:240 - Cannot read IP mode file for STMicroelectronics.X-CUBE-AZRTOS-L5.2.0.0
2025-12-16 14:28:34,752 [WARN] PackLoader:240 - Cannot read IP mode file for STMicroelectronics.X-CUBE-NFC6.3.1.0
2025-12-16 14:28:34,767 [WARN] PackLoader:240 - Cannot read IP mode file for STMicroelectronics.X-CUBE-DPower.1.3.0
2025-12-16 14:28:34,850 [WARN] ConditionMgr:438 - getConditionDescription Invalid condition id : LAN8742 Phy interface Condition cause : null
2025-12-16 14:28:34,893 [WARN] PackLoader:240 - Cannot read IP mode file for STMicroelectronics.X-CUBE-AZRTOS-L4.2.0.0
2025-12-16 14:28:34,895 [WARN] ConditionMgr:1044 - genDependencies : Invalid condition id : LAN8742 Phy interface Condition cause : null
2025-12-16 14:28:34,896 [WARN] ConditionMgr:1044 - genDependencies : Invalid condition id : LAN8742 Phy interface Condition cause : null
2025-12-16 14:28:34,897 [WARN] ConditionMgr:1044 - genDependencies : Invalid condition id : LAN8742 Phy interface Condition cause : null
2025-12-16 14:28:34,956 [WARN] PackLoader:240 - Cannot read IP mode file for STMicroelectronics.X-CUBE-SFXS2LP1.4.0.0
2025-12-16 14:28:34,976 [WARN] ConditionMgr:438 - getConditionDescription Invalid condition id : UX DEVICE CLASS RTOS Condition cause : null
2025-12-16 14:28:34,976 [WARN] ConditionMgr:438 - getConditionDescription Invalid condition id : UX DEVICE CLASS RTOS Condition cause : null
2025-12-16 14:28:34,978 [WARN] PackLoader:240 - Cannot read IP mode file for STMicroelectronics.X-CUBE-AZRTOS-WB.2.0.0
2025-12-16 14:28:34,980 [WARN] ConditionMgr:1044 - genDependencies : Invalid condition id : UX DEVICE CLASS RTOS Condition cause : null
2025-12-16 14:28:34,980 [WARN] ConditionMgr:1044 - genDependencies : Invalid condition id : UX DEVICE CLASS RTOS Condition cause : null
2025-12-16 14:28:34,981 [WARN] ConditionMgr:1044 - genDependencies : Invalid condition id : UX DEVICE CLASS RTOS Condition cause : null
2025-12-16 14:28:34,982 [WARN] ConditionMgr:1044 - genDependencies : Invalid condition id : UX DEVICE CLASS RTOS Condition cause : null
2025-12-16 14:28:34,982 [WARN] ConditionMgr:1044 - genDependencies : Invalid condition id : UX DEVICE CLASS RTOS Condition cause : null
2025-12-16 14:28:34,998 [WARN] PackLoader:240 - Cannot read IP mode file for STMicroelectronics.X-CUBE-SUBG2.5.0.0
2025-12-16 14:28:35,028 [WARN] PackLoader:240 - Cannot read IP mode file for STMicroelectronics.X-CUBE-AZRTOS-G4.2.0.0
2025-12-16 14:28:35,041 [WARN] PackLoader:240 - Cannot read IP mode file for STMicroelectronics.X-CUBE-NFC7.2.0.0
2025-12-16 14:28:35,050 [WARN] PackLoader:240 - Cannot read IP mode file for STMicroelectronics.X-CUBE-ALS.1.0.2
2025-12-16 14:28:35,065 [WARN] PackLoader:240 - Cannot read IP mode file for STMicroelectronics.X-CUBE-TOF1.3.4.3
2025-12-16 14:28:35,078 [INFO] ThirdParty:978 - Integrity check success = true
2025-12-16 14:28:35,079 [INFO] IntegrityCheckThread:100 - exiting critical section [integrity check]
2025-12-16 14:28:35,079 [INFO] IntegrityCheckThread:103 - End integrity checks thread
2025-12-16 14:28:35,742 [INFO] WebApp:463 - Apply proxy settings
2025-12-16 14:28:35,745 [INFO] WebApp:548 - Chromium requires no authentication
2025-12-16 14:28:35,758 [INFO] WebApp:491 - Direct internet connection detected
2025-12-16 14:28:35,792 [INFO] WebApp:900 - Register for checkConnection events
2025-12-16 14:28:35,792 [INFO] WebApp:463 - Apply proxy settings
2025-12-16 14:28:35,792 [INFO] WebApp:548 - Chromium requires no authentication
2025-12-16 14:28:35,793 [INFO] WebApp:491 - Direct internet connection detected
2025-12-16 14:28:36,096 [INFO] WebApp:225 - Starting web application
2025-12-16 14:28:36,097 [INFO] WebApp:593 - Web application path used C:\ST\STM32CubeIDE_1.19.0\STM32CubeIDE\plugins\com.st.stm32cube.common.mx_6.15.0.202507011659\db\plugins\mcufinder\reactClient1\index.html
2025-12-16 14:28:36,506 [INFO] WebApp:191 - Connection restablished
2025-12-16 14:32:16,356 [ERROR] LogOutputStream:75 - [STDERR_REDIRECT] 
2025-12-16 14:32:16,358 [ERROR] LogOutputStream:75 - [STDERR_REDIRECT] 
2025-12-16 14:32:37,533 [INFO] Activator:176 - 


2025-12-16 14:32:37,535 [INFO] Activator:177 - !SESSION log4j initialized
2025-12-16 14:32:43,386 [INFO] LogOutputStream:77 - [STDOUT_REDIRECT] 
2025-12-16 14:32:51,851 [INFO] ApplicationProperties:184 - Using Application install path: C:\ST\STM32CubeIDE_1.19.0\STM32CubeIDE\plugins\com.st.stm32cube.common.mx_6.15.0.202507011659
2025-12-16 14:32:51,868 [INFO] DbMcusXml:78 - Set database path to: C:\ST\STM32CubeIDE_1.19.0\STM32CubeIDE\plugins\com.st.stm32cube.common.mx_6.15.0.202507011659\\db\/mcu/
2025-12-16 14:32:51,868 [INFO] ApiDb:274 - Set plugin database path to: C:\ST\STM32CubeIDE_1.19.0\STM32CubeIDE\plugins\com.st.stm32cube.common.mx_6.15.0.202507011659\\db\/plugins/boardmanager/
2025-12-16 14:32:51,868 [WARN] ApiDb:259 - Overriding images path with different value:  => C:\ST\STM32CubeIDE_1.19.0\STM32CubeIDE\plugins\com.st.stm32cube.common.mx_6.15.0.202507011659\\db\/plugins/mcufinder/images/
2025-12-16 14:32:51,874 [INFO] ApiDb:250 - Set database path to: C:\Users\aditi\.stmcufinder\plugins\mcufinder//mcu/
2025-12-16 14:32:51,875 [INFO] DbMcusAds:125 - Set database path to: C:\Users\aditi\.stmcufinder\plugins\mcufinder//mcu/
2025-12-16 14:32:51,878 [INFO] CrossReferenceDbSqlite:203 - Set database path to: C:\Users\aditi\.stmcufinder\plugins\mcufinder//mcu/cs/
2025-12-16 14:32:52,029 [INFO] RulesReader:64 - Compatibility file has been processed (317 Rules)
2025-12-16 14:32:52,120 [INFO] DbMcusXml:78 - Set database path to: C:\ST\STM32CubeIDE_1.19.0\STM32CubeIDE\plugins\com.st.stm32cube.common.mx_6.15.0.202507011659\\db\/mcu/
2025-12-16 14:32:52,121 [INFO] ApiDb:274 - Set plugin database path to: C:\ST\STM32CubeIDE_1.19.0\STM32CubeIDE\plugins\com.st.stm32cube.common.mx_6.15.0.202507011659\\db\/plugins/boardmanager/
2025-12-16 14:32:52,121 [INFO] ApiDb:261 - Set plugin images path to: C:\ST\STM32CubeIDE_1.19.0\STM32CubeIDE\plugins\com.st.stm32cube.common.mx_6.15.0.202507011659\\db\/plugins/mcufinder/images/
2025-12-16 14:32:52,121 [WARN] DbFile:41 - Overriding database path with different value: C:\Users\aditi\.stmcufinder\plugins\mcufinder/ => C:\Users\aditi\.stmcufinder\plugins\mcufinder
2025-12-16 14:32:52,121 [INFO] ApiDb:250 - Set database path to: C:\Users\aditi\.stmcufinder\plugins\mcufinder//mcu/
2025-12-16 14:32:52,121 [WARN] DbFile:41 - Overriding database path with different value: C:\Users\aditi\.stmcufinder\plugins\mcufinder/ => C:\Users\aditi\.stmcufinder\plugins\mcufinder
2025-12-16 14:32:52,121 [INFO] DbMcusAds:125 - Set database path to: C:\Users\aditi\.stmcufinder\plugins\mcufinder//mcu/
2025-12-16 14:32:52,122 [WARN] DbFile:41 - Overriding database path with different value: C:\Users\aditi\.stmcufinder\plugins\mcufinder/ => C:\Users\aditi\.stmcufinder\plugins\mcufinder
2025-12-16 14:32:52,122 [WARN] DbFile:41 - Overriding database path with different value: C:\Users\aditi\.stmcufinder\plugins\mcufinder/ => C:\Users\aditi\.stmcufinder\plugins\mcufinder
2025-12-16 14:32:52,122 [INFO] CrossReferenceDbSqlite:203 - Set database path to: C:\Users\aditi\.stmcufinder\plugins\mcufinder//mcu/cs/
2025-12-16 14:32:52,253 [INFO] MainPanel:274 - HeapMemory: 268435456
2025-12-16 14:32:52,343 [INFO] DbMcusXml:78 - Set database path to: C:\ST\STM32CubeIDE_1.19.0\STM32CubeIDE\plugins\com.st.stm32cube.common.mx_6.15.0.202507011659\\db\/mcu/
2025-12-16 14:32:52,343 [INFO] ApiDb:274 - Set plugin database path to: C:\ST\STM32CubeIDE_1.19.0\STM32CubeIDE\plugins\com.st.stm32cube.common.mx_6.15.0.202507011659\\db\/plugins/boardmanager/
2025-12-16 14:32:52,343 [INFO] ApiDb:261 - Set plugin images path to: C:\ST\STM32CubeIDE_1.19.0\STM32CubeIDE\plugins\com.st.stm32cube.common.mx_6.15.0.202507011659\\db\/plugins/mcufinder/images/
2025-12-16 14:32:52,343 [WARN] DbFile:41 - Overriding database path with different value: C:\Users\aditi\.stmcufinder\plugins\mcufinder/ => C:\Users\aditi\.stmcufinder\plugins\mcufinder
2025-12-16 14:32:52,344 [INFO] ApiDb:250 - Set database path to: C:\Users\aditi\.stmcufinder\plugins\mcufinder//mcu/
2025-12-16 14:32:52,344 [WARN] DbFile:41 - Overriding database path with different value: C:\Users\aditi\.stmcufinder\plugins\mcufinder/ => C:\Users\aditi\.stmcufinder\plugins\mcufinder
2025-12-16 14:32:52,344 [INFO] DbMcusAds:125 - Set database path to: C:\Users\aditi\.stmcufinder\plugins\mcufinder//mcu/
2025-12-16 14:32:52,344 [WARN] DbFile:41 - Overriding database path with different value: C:\Users\aditi\.stmcufinder\plugins\mcufinder/ => C:\Users\aditi\.stmcufinder\plugins\mcufinder
2025-12-16 14:32:52,344 [WARN] DbFile:41 - Overriding database path with different value: C:\Users\aditi\.stmcufinder\plugins\mcufinder/ => C:\Users\aditi\.stmcufinder\plugins\mcufinder
2025-12-16 14:32:52,344 [INFO] CrossReferenceDbSqlite:203 - Set database path to: C:\Users\aditi\.stmcufinder\plugins\mcufinder//mcu/cs/
2025-12-16 14:32:52,376 [INFO] ApplicationProperties:184 - Using Application install path: C:\ST\STM32CubeIDE_1.19.0\STM32CubeIDE\plugins\com.st.stm32cube.common.mx_6.15.0.202507011659
2025-12-16 14:32:52,378 [INFO] PluginManage:196 - Search for loadable plugins [exclusion list=, ]
2025-12-16 14:32:52,379 [INFO] PluginManage:310 - Check plugin analytics
2025-12-16 14:32:52,679 [INFO] AnalyticsPlugin:253 - Accepted Software Licenses: 
2025-12-16 14:32:52,679 [INFO] AnalyticsPlugin:255 - Accepted CMSIS Pack Licenses: 
2025-12-16 14:32:52,679 [INFO] AnalyticsPlugin:257 - Accepted Firmware Licenses: 
2025-12-16 14:32:52,683 [INFO] PluginManage:359 - Loaded plugin analytics (category:tool,tabindex:-1)
2025-12-16 14:32:52,684 [INFO] PluginManage:310 - Check plugin cadmodel
2025-12-16 14:32:52,691 [INFO] CADModel:105 - Init CAD model plugin
2025-12-16 14:32:52,692 [INFO] PluginManage:359 - Loaded plugin cadmodel (category:power,tabindex:5)
2025-12-16 14:32:52,692 [INFO] PluginManage:310 - Check plugin clock
2025-12-16 14:32:52,700 [INFO] PluginManage:359 - Loaded plugin clock (category:base,tabindex:2)
2025-12-16 14:32:52,701 [INFO] PluginManage:310 - Check plugin ddr
2025-12-16 14:32:52,702 [INFO] PluginManage:359 - Loaded plugin ddr (category:tool,tabindex:6)
2025-12-16 14:32:52,703 [INFO] PluginManage:310 - Check plugin filemanager
2025-12-16 14:32:52,875 [INFO] PluginManage:359 - Loaded plugin filemanager (category:base,tabindex:10)
2025-12-16 14:32:52,875 [INFO] PluginManage:310 - Check plugin ipmanager
2025-12-16 14:32:52,882 [INFO] PluginManage:359 - Loaded plugin ipmanager (category:base,tabindex:5)
2025-12-16 14:32:52,883 [INFO] PluginManage:310 - Check plugin lpbam
2025-12-16 14:32:52,891 [INFO] PluginManage:359 - Loaded plugin lpbam (category:base,tabindex:0)
2025-12-16 14:32:52,891 [INFO] PluginManage:310 - Check plugin memorymap
2025-12-16 14:32:52,902 [INFO] PluginManage:359 - Loaded plugin memorymap (category:base,tabindex:4)
2025-12-16 14:32:52,903 [INFO] PluginManage:310 - Check plugin pinoutandconfiguration
2025-12-16 14:32:52,909 [INFO] PluginManage:359 - Loaded plugin pinoutandconfiguration (category:base,tabindex:1)
2025-12-16 14:32:52,909 [INFO] PluginManage:310 - Check plugin pinoutconfig
2025-12-16 14:32:53,006 [WARN] SupportedApi:132 - Cannot load RTOS API schema: s4s-elt-must-match.1: The content of 'definitions' must match (annotation?, (simpleType | complexType)?, (unique | key | keyref)*)). A problem was found starting at: attribute.
2025-12-16 14:32:53,122 [INFO] PluginManage:359 - Loaded plugin pinoutconfig (category:base,tabindex:0)
2025-12-16 14:32:53,122 [INFO] PluginManage:310 - Check plugin power
2025-12-16 14:32:53,130 [INFO] PluginManage:359 - Loaded plugin power (category:power,tabindex:4)
2025-12-16 14:32:53,130 [INFO] PluginManage:310 - Check plugin projectmanager
2025-12-16 14:32:53,174 [INFO] PluginManage:359 - Loaded plugin projectmanager (category:projectmanager,tabindex:4)
2025-12-16 14:32:53,181 [INFO] PluginManage:310 - Check plugin rif
2025-12-16 14:32:53,189 [INFO] PluginManage:359 - Loaded plugin rif (category:base,tabindex:3)
2025-12-16 14:32:53,189 [INFO] PluginManage:310 - Check plugin thirdparty
2025-12-16 14:32:53,333 [INFO] PluginManage:359 - Loaded plugin thirdparty (category:base,tabindex:-1)
2025-12-16 14:32:53,334 [INFO] PluginManage:310 - Check plugin tools
2025-12-16 14:32:53,333 [WARN] IntegrityCheckThread:84 - waiting for thirdparty lock release [integrity check]
2025-12-16 14:32:53,335 [INFO] IntegrityCheckThread:86 - entering critical section [integrity check]
2025-12-16 14:32:53,335 [INFO] ThirdPartyUpdaterWithRetryManager:70 - Updater plugin not ready yet. [1/15]
2025-12-16 14:32:53,337 [INFO] PluginManage:359 - Loaded plugin tools (category:base,tabindex:7)
2025-12-16 14:32:53,337 [INFO] PluginManage:310 - Check plugin tutovideos
2025-12-16 14:32:53,535 [INFO] PluginManage:359 - Loaded plugin tutovideos (category:base,tabindex:-1)
2025-12-16 14:32:53,535 [INFO] PluginManage:310 - Check plugin updater
2025-12-16 14:32:53,562 [INFO] PluginManage:359 - Loaded plugin updater (category:base,tabindex:12)
2025-12-16 14:32:53,562 [INFO] PluginManage:310 - Check plugin userauth
2025-12-16 14:32:53,566 [INFO] UserAuth:118 - Init User Auth plugin
2025-12-16 14:32:53,566 [INFO] PluginManage:359 - Loaded plugin userauth (category:base,tabindex:14)
2025-12-16 14:32:53,567 [INFO] PluginManage:283 - PluginManage : Loaded plugins [18]
2025-12-16 14:32:53,825 [INFO] PinOutPanel:1589 - setPackage(No Configuration,No Configuration)
2025-12-16 14:32:53,925 [INFO] CADModel:165 - CPN selected for project level
2025-12-16 14:32:53,926 [INFO] CADModel:114 - Register for checkConnection events
2025-12-16 14:32:53,951 [INFO] IPUIPlugin:80 - create IPUIPlugin
2025-12-16 14:32:53,951 [INFO] PluginManager:220 - loadIPPluginJar : add adc
2025-12-16 14:32:53,956 [INFO] IPUIPlugin:80 - create IPUIPlugin
2025-12-16 14:32:53,956 [INFO] PluginManager:220 - loadIPPluginJar : add aes
2025-12-16 14:32:53,960 [INFO] IPUIPlugin:80 - create IPUIPlugin
2025-12-16 14:32:53,960 [INFO] PluginManager:220 - loadIPPluginJar : add can
2025-12-16 14:32:53,963 [INFO] IPUIPlugin:80 - create IPUIPlugin
2025-12-16 14:32:53,963 [INFO] PluginManager:220 - loadIPPluginJar : add comp
2025-12-16 14:32:53,968 [INFO] IPUIPlugin:80 - create IPUIPlugin
2025-12-16 14:32:53,968 [INFO] PluginManager:220 - loadIPPluginJar : add cryp
2025-12-16 14:32:53,971 [INFO] IPUIPlugin:80 - create IPUIPlugin
2025-12-16 14:32:53,972 [INFO] PluginManager:220 - loadIPPluginJar : add ddr_ctrl_phy
2025-12-16 14:32:53,975 [INFO] IPUIPlugin:80 - create IPUIPlugin
2025-12-16 14:32:53,976 [INFO] PluginManager:220 - loadIPPluginJar : add dfsdm
2025-12-16 14:32:53,983 [INFO] IPUIPlugin:80 - create IPUIPlugin
2025-12-16 14:32:53,983 [INFO] PluginManager:220 - loadIPPluginJar : add dma
2025-12-16 14:32:53,987 [INFO] IPUIPlugin:80 - create IPUIPlugin
2025-12-16 14:32:53,987 [INFO] PluginManager:220 - loadIPPluginJar : add dma3
2025-12-16 14:32:53,991 [INFO] IPUIPlugin:80 - create IPUIPlugin
2025-12-16 14:32:53,991 [INFO] PluginManager:220 - loadIPPluginJar : add extmemmanager
2025-12-16 14:32:53,994 [INFO] IPUIPlugin:80 - create IPUIPlugin
2025-12-16 14:32:53,994 [INFO] PluginManager:220 - loadIPPluginJar : add fatfs
2025-12-16 14:32:54,001 [INFO] IPUIPlugin:80 - create IPUIPlugin
2025-12-16 14:32:54,001 [INFO] PluginManager:220 - loadIPPluginJar : add fmc
2025-12-16 14:32:54,008 [INFO] IPUIPlugin:80 - create IPUIPlugin
2025-12-16 14:32:54,008 [INFO] PluginManager:220 - loadIPPluginJar : add freertos
2025-12-16 14:32:54,011 [INFO] IPUIPlugin:80 - create IPUIPlugin
2025-12-16 14:32:54,011 [INFO] PluginManager:220 - loadIPPluginJar : add genericplugin
2025-12-16 14:32:54,014 [INFO] IPUIPlugin:80 - create IPUIPlugin
2025-12-16 14:32:54,014 [INFO] PluginManager:220 - loadIPPluginJar : add gfxmmu
2025-12-16 14:32:54,021 [INFO] IPUIPlugin:80 - create IPUIPlugin
2025-12-16 14:32:54,021 [INFO] PluginManager:220 - loadIPPluginJar : add gic
2025-12-16 14:32:54,026 [INFO] IPUIPlugin:80 - create IPUIPlugin
2025-12-16 14:32:54,027 [INFO] PluginManager:220 - loadIPPluginJar : add gpio
2025-12-16 14:32:54,031 [INFO] IPUIPlugin:80 - create IPUIPlugin
2025-12-16 14:32:54,031 [INFO] PluginManager:220 - loadIPPluginJar : add gtzc
2025-12-16 14:32:54,037 [INFO] IPUIPlugin:80 - create IPUIPlugin
2025-12-16 14:32:54,037 [INFO] PluginManager:220 - loadIPPluginJar : add hash
2025-12-16 14:32:54,041 [INFO] IPUIPlugin:80 - create IPUIPlugin
2025-12-16 14:32:54,041 [INFO] PluginManager:220 - loadIPPluginJar : add i2c
2025-12-16 14:32:54,045 [INFO] IPUIPlugin:80 - create IPUIPlugin
2025-12-16 14:32:54,046 [INFO] PluginManager:220 - loadIPPluginJar : add i2s
2025-12-16 14:32:54,050 [INFO] IPUIPlugin:80 - create IPUIPlugin
2025-12-16 14:32:54,051 [INFO] PluginManager:220 - loadIPPluginJar : add i3c
2025-12-16 14:32:54,056 [INFO] IPUIPlugin:80 - create IPUIPlugin
2025-12-16 14:32:54,056 [INFO] PluginManager:220 - loadIPPluginJar : add ipddr
2025-12-16 14:32:54,063 [INFO] IPUIPlugin:80 - create IPUIPlugin
2025-12-16 14:32:54,064 [INFO] PluginManager:220 - loadIPPluginJar : add linkedlist
2025-12-16 14:32:54,068 [INFO] IPUIPlugin:80 - create IPUIPlugin
2025-12-16 14:32:54,069 [INFO] PluginManager:220 - loadIPPluginJar : add lorawan
2025-12-16 14:32:54,071 [INFO] IPUIPlugin:80 - create IPUIPlugin
2025-12-16 14:32:54,071 [INFO] PluginManager:220 - loadIPPluginJar : add ltdc
2025-12-16 14:32:54,078 [INFO] IPUIPlugin:80 - create IPUIPlugin
2025-12-16 14:32:54,079 [INFO] PluginManager:220 - loadIPPluginJar : add mdma
2025-12-16 14:32:54,084 [INFO] IPUIPlugin:80 - create IPUIPlugin
2025-12-16 14:32:54,084 [INFO] PluginManager:220 - loadIPPluginJar : add nvic
2025-12-16 14:32:54,088 [INFO] IPUIPlugin:80 - create IPUIPlugin
2025-12-16 14:32:54,088 [INFO] PluginManager:220 - loadIPPluginJar : add opamp
2025-12-16 14:32:54,091 [INFO] IPUIPlugin:80 - create IPUIPlugin
2025-12-16 14:32:54,092 [INFO] PluginManager:220 - loadIPPluginJar : add openamp
2025-12-16 14:32:54,095 [INFO] IPUIPlugin:80 - create IPUIPlugin
2025-12-16 14:32:54,095 [INFO] PluginManager:220 - loadIPPluginJar : add pdm2pcm
2025-12-16 14:32:54,104 [INFO] IPUIPlugin:80 - create IPUIPlugin
2025-12-16 14:32:54,106 [INFO] PluginManager:220 - loadIPPluginJar : add plateformsettings
2025-12-16 14:32:54,108 [INFO] IPUIPlugin:80 - create IPUIPlugin
2025-12-16 14:32:54,108 [INFO] PluginManager:220 - loadIPPluginJar : add quadspi
2025-12-16 14:32:54,110 [INFO] IPUIPlugin:80 - create IPUIPlugin
2025-12-16 14:32:54,110 [INFO] PluginManager:220 - loadIPPluginJar : add radio
2025-12-16 14:32:54,113 [INFO] IPUIPlugin:80 - create IPUIPlugin
2025-12-16 14:32:54,113 [INFO] PluginManager:220 - loadIPPluginJar : add resmgrutility
2025-12-16 14:32:54,116 [INFO] IPUIPlugin:80 - create IPUIPlugin
2025-12-16 14:32:54,116 [INFO] PluginManager:220 - loadIPPluginJar : add sai
2025-12-16 14:32:54,118 [INFO] IPUIPlugin:80 - create IPUIPlugin
2025-12-16 14:32:54,118 [INFO] PluginManager:220 - loadIPPluginJar : add spi
2025-12-16 14:32:54,125 [INFO] IPUIPlugin:80 - create IPUIPlugin
2025-12-16 14:32:54,126 [INFO] PluginManager:220 - loadIPPluginJar : add stm32_wpan
2025-12-16 14:32:54,128 [INFO] IPUIPlugin:80 - create IPUIPlugin
2025-12-16 14:32:54,128 [INFO] PluginManager:220 - loadIPPluginJar : add tim
2025-12-16 14:32:54,132 [INFO] IPUIPlugin:80 - create IPUIPlugin
2025-12-16 14:32:54,132 [INFO] PluginManager:220 - loadIPPluginJar : add touchsensing
2025-12-16 14:32:54,134 [INFO] IPUIPlugin:80 - create IPUIPlugin
2025-12-16 14:32:54,134 [INFO] PluginManager:220 - loadIPPluginJar : add tracer_emb
2025-12-16 14:32:54,136 [INFO] IPUIPlugin:80 - create IPUIPlugin
2025-12-16 14:32:54,136 [INFO] PluginManager:220 - loadIPPluginJar : add ts
2025-12-16 14:32:54,138 [INFO] IPUIPlugin:80 - create IPUIPlugin
2025-12-16 14:32:54,138 [INFO] PluginManager:220 - loadIPPluginJar : add tsc
2025-12-16 14:32:54,140 [INFO] IPUIPlugin:80 - create IPUIPlugin
2025-12-16 14:32:54,140 [INFO] PluginManager:220 - loadIPPluginJar : add ucpd
2025-12-16 14:32:54,143 [INFO] IPUIPlugin:80 - create IPUIPlugin
2025-12-16 14:32:54,143 [INFO] PluginManager:220 - loadIPPluginJar : add usart
2025-12-16 14:32:54,146 [INFO] IPUIPlugin:80 - create IPUIPlugin
2025-12-16 14:32:54,146 [INFO] PluginManager:220 - loadIPPluginJar : add usbx
2025-12-16 14:32:54,292 [FATAL] Updater:351 - Updater called before beeing initialized
2025-12-16 14:32:54,361 [INFO] RulesReader:64 - Compatibility file has been processed (317 Rules)
2025-12-16 14:32:54,383 [INFO] RulesReader:64 - Compatibility file has been processed (317 Rules)
2025-12-16 14:32:54,441 [INFO] CADModel:165 - CPN selected for project level
2025-12-16 14:32:54,442 [INFO] CADModel:114 - Register for checkConnection events
2025-12-16 14:32:54,442 [FATAL] Updater:351 - Updater called before beeing initialized
2025-12-16 14:32:54,444 [ERROR] CADModel:125 - Updater not yet initialized, retry later 
2025-12-16 14:32:54,604 [FATAL] Updater:351 - Updater called before beeing initialized
2025-12-16 14:32:54,606 [INFO] CADModel:165 - CPN selected for project level
2025-12-16 14:32:54,606 [INFO] CADModel:114 - Register for checkConnection events
2025-12-16 14:32:54,606 [FATAL] Updater:351 - Updater called before beeing initialized
2025-12-16 14:32:54,606 [ERROR] CADModel:125 - Updater not yet initialized, retry later 
2025-12-16 14:32:54,609 [FATAL] Updater:351 - Updater called before beeing initialized
2025-12-16 14:32:54,738 [FATAL] Updater:351 - Updater called before beeing initialized
2025-12-16 14:32:54,744 [INFO] DbMcusAds:53 - JSON generation date=Mon Dec 08 19:58:09 IST 2025 (1765204089998)
2025-12-16 14:32:54,745 [FATAL] Updater:351 - Updater called before beeing initialized
2025-12-16 14:32:54,793 [WARN] DetailPanel:346 - Failed to get advertising image, set to default
2025-12-16 14:32:54,950 [FATAL] Updater:351 - Updater called before beeing initialized
2025-12-16 14:32:54,975 [FATAL] Updater:351 - Updater called before beeing initialized
2025-12-16 14:32:54,975 [FATAL] Updater:351 - Updater called before beeing initialized
2025-12-16 14:32:54,975 [WARN] DetailPanel:346 - Failed to get advertising image, set to default
2025-12-16 14:32:54,979 [FATAL] Updater:351 - Updater called before beeing initialized
2025-12-16 14:32:55,083 [ERROR] Updater:1198 - MainUpdater not yet initialized. External WinMGr cannot be set.
2025-12-16 14:32:55,088 [INFO] Updater:1134 - Updater Version found : 6.15.0
2025-12-16 14:32:55,120 [INFO] ApplicationProperties:184 - Using Application install path: C:\ST\STM32CubeIDE_1.19.0\STM32CubeIDE\plugins\com.st.stm32cube.common.mx_6.15.0.202507011659
2025-12-16 14:32:56,337 [INFO] ThirdPartyUpdaterWithRetryManager:70 - Updater plugin not ready yet. [2/15]
2025-12-16 14:32:56,749 [ERROR] LogOutputStream:75 - [STDERR_REDIRECT] Dec 16, 2025 2:32:56 PM java.util.prefs.WindowsPreferences <init>
2025-12-16 14:32:56,751 [ERROR] LogOutputStream:75 - [STDERR_REDIRECT] WARNING: Could not open/create prefs root node Software\JavaSoft\Prefs at root 0xffffffff80000002. Windows RegCreateKeyEx(...) returned error code 5.
2025-12-16 14:32:56,751 [ERROR] LogOutputStream:75 - [STDERR_REDIRECT] 
2025-12-16 14:32:57,555 [INFO] MainUpdater:2872 - connection check result : 10
2025-12-16 14:32:57,556 [INFO] MainUpdater:289 - Updater Check For Update Now.
2025-12-16 14:32:57,556 [INFO] MicroXplorer:498 - Change Database Version : DB.6.0.150
2025-12-16 14:32:57,573 [INFO] McuFinderGlobals:63 - Set McuFinder mode to 2 (CubeIDE integrated)
2025-12-16 14:32:57,573 [INFO] UserAuth:171 - activating auth plugin
2025-12-16 14:32:57,580 [INFO] UserAuth:487 - Internet connection configuration mode: 1
2025-12-16 14:32:57,614 [INFO] JxBrowserEngine:152 - Initiate JxBrowser Engine with user profile folder
2025-12-16 14:32:57,759 [INFO] CheckServerUpdateThread:120 - End of CheckServer Thread
2025-12-16 14:32:58,404 [INFO] WebApp:169 - Instantiating new browser for Auth
2025-12-16 14:32:59,070 [INFO] WebApp:463 - Apply proxy settings
2025-12-16 14:32:59,071 [INFO] WebApp:548 - Chromium requires no authentication
2025-12-16 14:32:59,080 [INFO] WebApp:491 - Direct internet connection detected
2025-12-16 14:32:59,101 [INFO] WebApp:900 - Register for checkConnection events
2025-12-16 14:32:59,101 [INFO] WebApp:463 - Apply proxy settings
2025-12-16 14:32:59,102 [INFO] WebApp:548 - Chromium requires no authentication
2025-12-16 14:32:59,102 [INFO] WebApp:491 - Direct internet connection detected
2025-12-16 14:32:59,228 [INFO] WebApp:225 - Starting web application
2025-12-16 14:32:59,228 [INFO] WebApp:593 - Web application path used C:\ST\STM32CubeIDE_1.19.0\STM32CubeIDE\plugins\com.st.stm32cube.common.mx_6.15.0.202507011659\db\plugins\mcufinder\reactClient1\index.html
2025-12-16 14:32:59,664 [WARN] PackLoader:240 - Cannot read IP mode file for STMicroelectronics.FP-SNS-MOTENVWB1.1.4.0
2025-12-16 14:32:59,674 [WARN] PackLoader:240 - Cannot read IP mode file for STMicroelectronics.FP-ATR-ASTRA1.2.0.2
2025-12-16 14:32:59,684 [WARN] PackLoader:240 - Cannot read IP mode file for STMicroelectronics.X-CUBE-SMBUS.2.1.0
2025-12-16 14:32:59,721 [WARN] PackLoader:240 - Cannot read IP mode file for STMicroelectronics.X-CUBE-AZRTOS-F7.1.1.0
2025-12-16 14:32:59,743 [WARN] PackLoader:240 - Cannot read IP mode file for STMicroelectronics.X-CUBE-DISPLAY.3.0.0
2025-12-16 14:32:59,765 [WARN] PackLoader:240 - Cannot read IP mode file for STMicroelectronics.X-CUBE-NFC10.1.0.0
2025-12-16 14:32:59,778 [WARN] PackLoader:240 - Cannot read IP mode file for STMicroelectronics.FP-SNS-SMARTAG2.1.2.0
2025-12-16 14:32:59,786 [WARN] PackLoader:240 - Cannot read IP mode file for STMicroelectronics.FP-SNS-FLIGHT1.5.1.0
2025-12-16 14:32:59,803 [INFO] LogOutputStream:77 - [STDOUT_REDIRECT] 1 : Invalid condition id : UX_CORESTACK_Condition cause : null
2025-12-16 14:32:59,805 [INFO] LogOutputStream:77 - [STDOUT_REDIRECT] 1 : Invalid condition id : UX_CORESTACK_Condition cause : null
2025-12-16 14:32:59,806 [INFO] LogOutputStream:77 - [STDOUT_REDIRECT] 1 : Invalid condition id : UX_CORESTACK_Condition cause : null
2025-12-16 14:32:59,807 [INFO] LogOutputStream:77 - [STDOUT_REDIRECT] 1 : Invalid condition id : UX_CORESTACK_Condition cause : null
2025-12-16 14:32:59,809 [INFO] LogOutputStream:77 - [STDOUT_REDIRECT] 1 : Invalid condition id : UX_CORESTACK_Condition cause : null
2025-12-16 14:32:59,814 [WARN] PackLoader:240 - Cannot read IP mode file for STMicroelectronics.X-CUBE-AZRTOS-WL.2.0.0
2025-12-16 14:32:59,827 [WARN] PackLoader:240 - Cannot read IP mode file for STMicroelectronics.X-CUBE-BLE2.3.3.0
2025-12-16 14:32:59,838 [WARN] PackLoader:240 - Cannot read IP mode file for STMicroelectronics.X-CUBE-NFC9.1.0.0
2025-12-16 14:32:59,850 [WARN] PackLoader:240 - Cannot read IP mode file for STMicroelectronics.X-CUBE-BLE1.7.1.0
2025-12-16 14:32:59,876 [WARN] PackLoader:240 - Cannot read IP mode file for STMicroelectronics.X-CUBE-AZRTOS-G0.1.1.0
2025-12-16 14:32:59,889 [WARN] PackLoader:240 - Cannot read IP mode file for STMicroelectronics.X-CUBE-NFC4.3.0.0
2025-12-16 14:32:59,901 [WARN] PackLoader:240 - Cannot read IP mode file for STMicroelectronics.X-CUBE-WB05N.2.0.0
2025-12-16 14:32:59,914 [WARN] PackLoader:240 - Cannot read IP mode file for STMicroelectronics.X-CUBE-TCPP.4.2.0
2025-12-16 14:32:59,925 [WARN] PackLoader:240 - Cannot read IP mode file for STMicroelectronics.FP-ATR-SIGFOX1.3.2.0
2025-12-16 14:32:59,939 [WARN] PackLoader:240 - Cannot read IP mode file for STMicroelectronics.X-CUBE-ALGOBUILD.1.4.0
2025-12-16 14:32:59,950 [WARN] PackLoader:240 - Cannot read IP mode file for STMicroelectronics.X-CUBE-PM33A1.1.0.0
2025-12-16 14:32:59,969 [INFO] WebApp:191 - Connection restablished
2025-12-16 14:32:59,977 [WARN] PackLoader:240 - Cannot read IP mode file for STMicroelectronics.X-CUBE-AZRTOS-F4.1.1.0
2025-12-16 14:32:59,991 [WARN] PackLoader:240 - Cannot read IP mode file for STMicroelectronics.X-CUBE-ISPU.2.1.0
2025-12-16 14:33:00,022 [WARN] PackLoader:240 - Cannot read IP mode file for STMicroelectronics.X-CUBE-AZRTOS-L5.2.0.0
2025-12-16 14:33:00,041 [WARN] PackLoader:240 - Cannot read IP mode file for STMicroelectronics.X-CUBE-NFC6.3.1.0
2025-12-16 14:33:00,058 [WARN] PackLoader:240 - Cannot read IP mode file for STMicroelectronics.X-CUBE-DPower.1.3.0
2025-12-16 14:33:00,096 [WARN] ConditionMgr:438 - getConditionDescription Invalid condition id : LAN8742 Phy interface Condition cause : null
2025-12-16 14:33:00,097 [WARN] PackLoader:240 - Cannot read IP mode file for STMicroelectronics.X-CUBE-AZRTOS-L4.2.0.0
2025-12-16 14:33:00,099 [WARN] ConditionMgr:1044 - genDependencies : Invalid condition id : LAN8742 Phy interface Condition cause : null
2025-12-16 14:33:00,100 [WARN] ConditionMgr:1044 - genDependencies : Invalid condition id : LAN8742 Phy interface Condition cause : null
2025-12-16 14:33:00,101 [WARN] ConditionMgr:1044 - genDependencies : Invalid condition id : LAN8742 Phy interface Condition cause : null
2025-12-16 14:33:00,115 [WARN] PackLoader:240 - Cannot read IP mode file for STMicroelectronics.X-CUBE-SFXS2LP1.4.0.0
2025-12-16 14:33:00,139 [WARN] ConditionMgr:438 - getConditionDescription Invalid condition id : UX DEVICE CLASS RTOS Condition cause : null
2025-12-16 14:33:00,139 [WARN] ConditionMgr:438 - getConditionDescription Invalid condition id : UX DEVICE CLASS RTOS Condition cause : null
2025-12-16 14:33:00,143 [WARN] PackLoader:240 - Cannot read IP mode file for STMicroelectronics.X-CUBE-AZRTOS-WB.2.0.0
2025-12-16 14:33:00,144 [WARN] ConditionMgr:1044 - genDependencies : Invalid condition id : UX DEVICE CLASS RTOS Condition cause : null
2025-12-16 14:33:00,144 [WARN] ConditionMgr:1044 - genDependencies : Invalid condition id : UX DEVICE CLASS RTOS Condition cause : null
2025-12-16 14:33:00,145 [WARN] ConditionMgr:1044 - genDependencies : Invalid condition id : UX DEVICE CLASS RTOS Condition cause : null
2025-12-16 14:33:00,146 [WARN] ConditionMgr:1044 - genDependencies : Invalid condition id : UX DEVICE CLASS RTOS Condition cause : null
2025-12-16 14:33:00,146 [WARN] ConditionMgr:1044 - genDependencies : Invalid condition id : UX DEVICE CLASS RTOS Condition cause : null
2025-12-16 14:33:00,169 [WARN] PackLoader:240 - Cannot read IP mode file for STMicroelectronics.X-CUBE-SUBG2.5.0.0
2025-12-16 14:33:00,200 [WARN] PackLoader:240 - Cannot read IP mode file for STMicroelectronics.X-CUBE-AZRTOS-G4.2.0.0
2025-12-16 14:33:00,211 [WARN] PackLoader:240 - Cannot read IP mode file for STMicroelectronics.X-CUBE-NFC7.2.0.0
2025-12-16 14:33:00,220 [WARN] PackLoader:240 - Cannot read IP mode file for STMicroelectronics.X-CUBE-ALS.1.0.2
2025-12-16 14:33:00,236 [WARN] PackLoader:240 - Cannot read IP mode file for STMicroelectronics.X-CUBE-TOF1.3.4.3
2025-12-16 14:33:00,256 [INFO] ThirdParty:978 - Integrity check success = true
2025-12-16 14:33:00,257 [INFO] IntegrityCheckThread:100 - exiting critical section [integrity check]
2025-12-16 14:33:00,257 [INFO] IntegrityCheckThread:103 - End integrity checks thread
2025-12-16 14:37:14,692 [ERROR] LogOutputStream:75 - [STDERR_REDIRECT] 
2025-12-16 14:37:14,695 [ERROR] LogOutputStream:75 - [STDERR_REDIRECT] 
2025-12-16 14:45:45,644 [INFO] Activator:176 - 


2025-12-16 14:45:45,645 [INFO] Activator:177 - !SESSION log4j initialized
2025-12-16 14:45:53,319 [INFO] LogOutputStream:77 - [STDOUT_REDIRECT] 
2025-12-16 14:46:13,886 [INFO] ApplicationProperties:184 - Using Application install path: C:\ST\STM32CubeIDE_1.19.0\STM32CubeIDE\plugins\com.st.stm32cube.common.mx_6.15.0.202507011659
2025-12-16 14:46:13,918 [INFO] DbMcusXml:78 - Set database path to: C:\ST\STM32CubeIDE_1.19.0\STM32CubeIDE\plugins\com.st.stm32cube.common.mx_6.15.0.202507011659\\db\/mcu/
2025-12-16 14:46:13,918 [INFO] ApiDb:274 - Set plugin database path to: C:\ST\STM32CubeIDE_1.19.0\STM32CubeIDE\plugins\com.st.stm32cube.common.mx_6.15.0.202507011659\\db\/plugins/boardmanager/
2025-12-16 14:46:13,918 [WARN] ApiDb:259 - Overriding images path with different value:  => C:\ST\STM32CubeIDE_1.19.0\STM32CubeIDE\plugins\com.st.stm32cube.common.mx_6.15.0.202507011659\\db\/plugins/mcufinder/images/
2025-12-16 14:46:13,929 [INFO] ApiDb:250 - Set database path to: C:\Users\aditi\.stmcufinder\plugins\mcufinder//mcu/
2025-12-16 14:46:13,931 [INFO] DbMcusAds:125 - Set database path to: C:\Users\aditi\.stmcufinder\plugins\mcufinder//mcu/
2025-12-16 14:46:14,039 [INFO] CrossReferenceDbSqlite:203 - Set database path to: C:\Users\aditi\.stmcufinder\plugins\mcufinder//mcu/cs/
2025-12-16 14:46:14,187 [INFO] RulesReader:64 - Compatibility file has been processed (317 Rules)
2025-12-16 14:46:14,274 [INFO] DbMcusXml:78 - Set database path to: C:\ST\STM32CubeIDE_1.19.0\STM32CubeIDE\plugins\com.st.stm32cube.common.mx_6.15.0.202507011659\\db\/mcu/
2025-12-16 14:46:14,274 [INFO] ApiDb:274 - Set plugin database path to: C:\ST\STM32CubeIDE_1.19.0\STM32CubeIDE\plugins\com.st.stm32cube.common.mx_6.15.0.202507011659\\db\/plugins/boardmanager/
2025-12-16 14:46:14,274 [INFO] ApiDb:261 - Set plugin images path to: C:\ST\STM32CubeIDE_1.19.0\STM32CubeIDE\plugins\com.st.stm32cube.common.mx_6.15.0.202507011659\\db\/plugins/mcufinder/images/
2025-12-16 14:46:14,274 [WARN] DbFile:41 - Overriding database path with different value: C:\Users\aditi\.stmcufinder\plugins\mcufinder/ => C:\Users\aditi\.stmcufinder\plugins\mcufinder
2025-12-16 14:46:14,275 [INFO] ApiDb:250 - Set database path to: C:\Users\aditi\.stmcufinder\plugins\mcufinder//mcu/
2025-12-16 14:46:14,275 [WARN] DbFile:41 - Overriding database path with different value: C:\Users\aditi\.stmcufinder\plugins\mcufinder/ => C:\Users\aditi\.stmcufinder\plugins\mcufinder
2025-12-16 14:46:14,275 [INFO] DbMcusAds:125 - Set database path to: C:\Users\aditi\.stmcufinder\plugins\mcufinder//mcu/
2025-12-16 14:46:14,275 [WARN] DbFile:41 - Overriding database path with different value: C:\Users\aditi\.stmcufinder\plugins\mcufinder/ => C:\Users\aditi\.stmcufinder\plugins\mcufinder
2025-12-16 14:46:14,275 [WARN] DbFile:41 - Overriding database path with different value: C:\Users\aditi\.stmcufinder\plugins\mcufinder/ => C:\Users\aditi\.stmcufinder\plugins\mcufinder
2025-12-16 14:46:14,275 [INFO] CrossReferenceDbSqlite:203 - Set database path to: C:\Users\aditi\.stmcufinder\plugins\mcufinder//mcu/cs/
2025-12-16 14:46:14,351 [INFO] MainPanel:274 - HeapMemory: 268435456
2025-12-16 14:46:14,500 [INFO] DbMcusXml:78 - Set database path to: C:\ST\STM32CubeIDE_1.19.0\STM32CubeIDE\plugins\com.st.stm32cube.common.mx_6.15.0.202507011659\\db\/mcu/
2025-12-16 14:46:14,500 [INFO] ApiDb:274 - Set plugin database path to: C:\ST\STM32CubeIDE_1.19.0\STM32CubeIDE\plugins\com.st.stm32cube.common.mx_6.15.0.202507011659\\db\/plugins/boardmanager/
2025-12-16 14:46:14,500 [INFO] ApiDb:261 - Set plugin images path to: C:\ST\STM32CubeIDE_1.19.0\STM32CubeIDE\plugins\com.st.stm32cube.common.mx_6.15.0.202507011659\\db\/plugins/mcufinder/images/
2025-12-16 14:46:14,500 [WARN] DbFile:41 - Overriding database path with different value: C:\Users\aditi\.stmcufinder\plugins\mcufinder/ => C:\Users\aditi\.stmcufinder\plugins\mcufinder
2025-12-16 14:46:14,501 [INFO] ApiDb:250 - Set database path to: C:\Users\aditi\.stmcufinder\plugins\mcufinder//mcu/
2025-12-16 14:46:14,501 [WARN] DbFile:41 - Overriding database path with different value: C:\Users\aditi\.stmcufinder\plugins\mcufinder/ => C:\Users\aditi\.stmcufinder\plugins\mcufinder
2025-12-16 14:46:14,501 [INFO] DbMcusAds:125 - Set database path to: C:\Users\aditi\.stmcufinder\plugins\mcufinder//mcu/
2025-12-16 14:46:14,501 [WARN] DbFile:41 - Overriding database path with different value: C:\Users\aditi\.stmcufinder\plugins\mcufinder/ => C:\Users\aditi\.stmcufinder\plugins\mcufinder
2025-12-16 14:46:14,501 [WARN] DbFile:41 - Overriding database path with different value: C:\Users\aditi\.stmcufinder\plugins\mcufinder/ => C:\Users\aditi\.stmcufinder\plugins\mcufinder
2025-12-16 14:46:14,501 [INFO] CrossReferenceDbSqlite:203 - Set database path to: C:\Users\aditi\.stmcufinder\plugins\mcufinder//mcu/cs/
2025-12-16 14:46:14,534 [INFO] ApplicationProperties:184 - Using Application install path: C:\ST\STM32CubeIDE_1.19.0\STM32CubeIDE\plugins\com.st.stm32cube.common.mx_6.15.0.202507011659
2025-12-16 14:46:14,535 [INFO] PluginManage:196 - Search for loadable plugins [exclusion list=, ]
2025-12-16 14:46:14,536 [INFO] PluginManage:310 - Check plugin analytics
2025-12-16 14:46:14,935 [INFO] AnalyticsPlugin:253 - Accepted Software Licenses: 
2025-12-16 14:46:14,935 [INFO] AnalyticsPlugin:255 - Accepted CMSIS Pack Licenses: 
2025-12-16 14:46:14,935 [INFO] AnalyticsPlugin:257 - Accepted Firmware Licenses: 
2025-12-16 14:46:14,940 [INFO] PluginManage:359 - Loaded plugin analytics (category:tool,tabindex:-1)
2025-12-16 14:46:14,941 [INFO] PluginManage:310 - Check plugin cadmodel
2025-12-16 14:46:14,948 [INFO] CADModel:105 - Init CAD model plugin
2025-12-16 14:46:14,948 [INFO] PluginManage:359 - Loaded plugin cadmodel (category:power,tabindex:5)
2025-12-16 14:46:14,949 [INFO] PluginManage:310 - Check plugin clock
2025-12-16 14:46:14,961 [INFO] PluginManage:359 - Loaded plugin clock (category:base,tabindex:2)
2025-12-16 14:46:14,961 [INFO] PluginManage:310 - Check plugin ddr
2025-12-16 14:46:14,964 [INFO] PluginManage:359 - Loaded plugin ddr (category:tool,tabindex:6)
2025-12-16 14:46:14,965 [INFO] PluginManage:310 - Check plugin filemanager
2025-12-16 14:46:15,140 [INFO] PluginManage:359 - Loaded plugin filemanager (category:base,tabindex:10)
2025-12-16 14:46:15,140 [INFO] PluginManage:310 - Check plugin ipmanager
2025-12-16 14:46:15,154 [INFO] PluginManage:359 - Loaded plugin ipmanager (category:base,tabindex:5)
2025-12-16 14:46:15,154 [INFO] PluginManage:310 - Check plugin lpbam
2025-12-16 14:46:15,164 [INFO] PluginManage:359 - Loaded plugin lpbam (category:base,tabindex:0)
2025-12-16 14:46:15,165 [INFO] PluginManage:310 - Check plugin memorymap
2025-12-16 14:46:15,178 [INFO] PluginManage:359 - Loaded plugin memorymap (category:base,tabindex:4)
2025-12-16 14:46:15,178 [INFO] PluginManage:310 - Check plugin pinoutandconfiguration
2025-12-16 14:46:15,188 [INFO] PluginManage:359 - Loaded plugin pinoutandconfiguration (category:base,tabindex:1)
2025-12-16 14:46:15,188 [INFO] PluginManage:310 - Check plugin pinoutconfig
2025-12-16 14:46:15,343 [WARN] SupportedApi:132 - Cannot load RTOS API schema: s4s-elt-must-match.1: The content of 'definitions' must match (annotation?, (simpleType | complexType)?, (unique | key | keyref)*)). A problem was found starting at: attribute.
2025-12-16 14:46:15,473 [INFO] PluginManage:359 - Loaded plugin pinoutconfig (category:base,tabindex:0)
2025-12-16 14:46:15,473 [INFO] PluginManage:310 - Check plugin power
2025-12-16 14:46:15,479 [INFO] PluginManage:359 - Loaded plugin power (category:power,tabindex:4)
2025-12-16 14:46:15,479 [INFO] PluginManage:310 - Check plugin projectmanager
2025-12-16 14:46:15,501 [INFO] PluginManage:359 - Loaded plugin projectmanager (category:projectmanager,tabindex:4)
2025-12-16 14:46:15,502 [INFO] PluginManage:310 - Check plugin rif
2025-12-16 14:46:15,511 [INFO] PluginManage:359 - Loaded plugin rif (category:base,tabindex:3)
2025-12-16 14:46:15,511 [INFO] PluginManage:310 - Check plugin thirdparty
2025-12-16 14:46:15,634 [INFO] PluginManage:359 - Loaded plugin thirdparty (category:base,tabindex:-1)
2025-12-16 14:46:15,634 [INFO] PluginManage:310 - Check plugin tools
2025-12-16 14:46:15,634 [WARN] IntegrityCheckThread:84 - waiting for thirdparty lock release [integrity check]
2025-12-16 14:46:15,635 [INFO] IntegrityCheckThread:86 - entering critical section [integrity check]
2025-12-16 14:46:15,635 [INFO] ThirdPartyUpdaterWithRetryManager:70 - Updater plugin not ready yet. [1/15]
2025-12-16 14:46:15,637 [INFO] PluginManage:359 - Loaded plugin tools (category:base,tabindex:7)
2025-12-16 14:46:15,637 [INFO] PluginManage:310 - Check plugin tutovideos
2025-12-16 14:46:15,813 [INFO] PluginManage:359 - Loaded plugin tutovideos (category:base,tabindex:-1)
2025-12-16 14:46:15,813 [INFO] PluginManage:310 - Check plugin updater
2025-12-16 14:46:15,837 [INFO] PluginManage:359 - Loaded plugin updater (category:base,tabindex:12)
2025-12-16 14:46:15,837 [INFO] PluginManage:310 - Check plugin userauth
2025-12-16 14:46:15,841 [INFO] UserAuth:118 - Init User Auth plugin
2025-12-16 14:46:15,843 [INFO] PluginManage:359 - Loaded plugin userauth (category:base,tabindex:14)
2025-12-16 14:46:15,843 [INFO] PluginManage:283 - PluginManage : Loaded plugins [18]
2025-12-16 14:46:16,072 [INFO] PinOutPanel:1589 - setPackage(No Configuration,No Configuration)
2025-12-16 14:46:16,157 [INFO] CADModel:165 - CPN selected for project level
2025-12-16 14:46:16,157 [INFO] CADModel:114 - Register for checkConnection events
2025-12-16 14:46:16,181 [INFO] IPUIPlugin:80 - create IPUIPlugin
2025-12-16 14:46:16,181 [INFO] PluginManager:220 - loadIPPluginJar : add adc
2025-12-16 14:46:16,185 [INFO] IPUIPlugin:80 - create IPUIPlugin
2025-12-16 14:46:16,186 [INFO] PluginManager:220 - loadIPPluginJar : add aes
2025-12-16 14:46:16,190 [INFO] IPUIPlugin:80 - create IPUIPlugin
2025-12-16 14:46:16,190 [INFO] PluginManager:220 - loadIPPluginJar : add can
2025-12-16 14:46:16,193 [INFO] IPUIPlugin:80 - create IPUIPlugin
2025-12-16 14:46:16,193 [INFO] PluginManager:220 - loadIPPluginJar : add comp
2025-12-16 14:46:16,196 [INFO] IPUIPlugin:80 - create IPUIPlugin
2025-12-16 14:46:16,196 [INFO] PluginManager:220 - loadIPPluginJar : add cryp
2025-12-16 14:46:16,200 [INFO] IPUIPlugin:80 - create IPUIPlugin
2025-12-16 14:46:16,200 [INFO] PluginManager:220 - loadIPPluginJar : add ddr_ctrl_phy
2025-12-16 14:46:16,203 [INFO] IPUIPlugin:80 - create IPUIPlugin
2025-12-16 14:46:16,204 [INFO] PluginManager:220 - loadIPPluginJar : add dfsdm
2025-12-16 14:46:16,210 [INFO] IPUIPlugin:80 - create IPUIPlugin
2025-12-16 14:46:16,210 [INFO] PluginManager:220 - loadIPPluginJar : add dma
2025-12-16 14:46:16,213 [INFO] IPUIPlugin:80 - create IPUIPlugin
2025-12-16 14:46:16,214 [INFO] PluginManager:220 - loadIPPluginJar : add dma3
2025-12-16 14:46:16,217 [INFO] IPUIPlugin:80 - create IPUIPlugin
2025-12-16 14:46:16,217 [INFO] PluginManager:220 - loadIPPluginJar : add extmemmanager
2025-12-16 14:46:16,219 [INFO] IPUIPlugin:80 - create IPUIPlugin
2025-12-16 14:46:16,219 [INFO] PluginManager:220 - loadIPPluginJar : add fatfs
2025-12-16 14:46:16,226 [INFO] IPUIPlugin:80 - create IPUIPlugin
2025-12-16 14:46:16,226 [INFO] PluginManager:220 - loadIPPluginJar : add fmc
2025-12-16 14:46:16,232 [INFO] IPUIPlugin:80 - create IPUIPlugin
2025-12-16 14:46:16,233 [INFO] PluginManager:220 - loadIPPluginJar : add freertos
2025-12-16 14:46:16,234 [INFO] IPUIPlugin:80 - create IPUIPlugin
2025-12-16 14:46:16,235 [INFO] PluginManager:220 - loadIPPluginJar : add genericplugin
2025-12-16 14:46:16,238 [INFO] IPUIPlugin:80 - create IPUIPlugin
2025-12-16 14:46:16,238 [INFO] PluginManager:220 - loadIPPluginJar : add gfxmmu
2025-12-16 14:46:16,247 [INFO] IPUIPlugin:80 - create IPUIPlugin
2025-12-16 14:46:16,247 [INFO] PluginManager:220 - loadIPPluginJar : add gic
2025-12-16 14:46:16,252 [INFO] IPUIPlugin:80 - create IPUIPlugin
2025-12-16 14:46:16,253 [INFO] PluginManager:220 - loadIPPluginJar : add gpio
2025-12-16 14:46:16,256 [INFO] IPUIPlugin:80 - create IPUIPlugin
2025-12-16 14:46:16,256 [INFO] PluginManager:220 - loadIPPluginJar : add gtzc
2025-12-16 14:46:16,260 [INFO] IPUIPlugin:80 - create IPUIPlugin
2025-12-16 14:46:16,260 [INFO] PluginManager:220 - loadIPPluginJar : add hash
2025-12-16 14:46:16,264 [INFO] IPUIPlugin:80 - create IPUIPlugin
2025-12-16 14:46:16,264 [INFO] PluginManager:220 - loadIPPluginJar : add i2c
2025-12-16 14:46:16,268 [INFO] IPUIPlugin:80 - create IPUIPlugin
2025-12-16 14:46:16,268 [INFO] PluginManager:220 - loadIPPluginJar : add i2s
2025-12-16 14:46:16,272 [INFO] IPUIPlugin:80 - create IPUIPlugin
2025-12-16 14:46:16,273 [INFO] PluginManager:220 - loadIPPluginJar : add i3c
2025-12-16 14:46:16,276 [INFO] IPUIPlugin:80 - create IPUIPlugin
2025-12-16 14:46:16,277 [INFO] PluginManager:220 - loadIPPluginJar : add ipddr
2025-12-16 14:46:16,286 [INFO] IPUIPlugin:80 - create IPUIPlugin
2025-12-16 14:46:16,287 [INFO] PluginManager:220 - loadIPPluginJar : add linkedlist
2025-12-16 14:46:16,293 [INFO] IPUIPlugin:80 - create IPUIPlugin
2025-12-16 14:46:16,294 [INFO] PluginManager:220 - loadIPPluginJar : add lorawan
2025-12-16 14:46:16,296 [INFO] IPUIPlugin:80 - create IPUIPlugin
2025-12-16 14:46:16,296 [INFO] PluginManager:220 - loadIPPluginJar : add ltdc
2025-12-16 14:46:16,302 [INFO] IPUIPlugin:80 - create IPUIPlugin
2025-12-16 14:46:16,303 [INFO] PluginManager:220 - loadIPPluginJar : add mdma
2025-12-16 14:46:16,307 [INFO] IPUIPlugin:80 - create IPUIPlugin
2025-12-16 14:46:16,308 [INFO] PluginManager:220 - loadIPPluginJar : add nvic
2025-12-16 14:46:16,312 [INFO] IPUIPlugin:80 - create IPUIPlugin
2025-12-16 14:46:16,312 [INFO] PluginManager:220 - loadIPPluginJar : add opamp
2025-12-16 14:46:16,316 [INFO] IPUIPlugin:80 - create IPUIPlugin
2025-12-16 14:46:16,316 [INFO] PluginManager:220 - loadIPPluginJar : add openamp
2025-12-16 14:46:16,320 [INFO] IPUIPlugin:80 - create IPUIPlugin
2025-12-16 14:46:16,321 [INFO] PluginManager:220 - loadIPPluginJar : add pdm2pcm
2025-12-16 14:46:16,329 [INFO] IPUIPlugin:80 - create IPUIPlugin
2025-12-16 14:46:16,331 [INFO] PluginManager:220 - loadIPPluginJar : add plateformsettings
2025-12-16 14:46:16,334 [INFO] IPUIPlugin:80 - create IPUIPlugin
2025-12-16 14:46:16,334 [INFO] PluginManager:220 - loadIPPluginJar : add quadspi
2025-12-16 14:46:16,336 [INFO] IPUIPlugin:80 - create IPUIPlugin
2025-12-16 14:46:16,337 [INFO] PluginManager:220 - loadIPPluginJar : add radio
2025-12-16 14:46:16,341 [INFO] IPUIPlugin:80 - create IPUIPlugin
2025-12-16 14:46:16,341 [INFO] PluginManager:220 - loadIPPluginJar : add resmgrutility
2025-12-16 14:46:16,344 [INFO] IPUIPlugin:80 - create IPUIPlugin
2025-12-16 14:46:16,344 [INFO] PluginManager:220 - loadIPPluginJar : add sai
2025-12-16 14:46:16,347 [INFO] IPUIPlugin:80 - create IPUIPlugin
2025-12-16 14:46:16,348 [INFO] PluginManager:220 - loadIPPluginJar : add spi
2025-12-16 14:46:16,356 [INFO] IPUIPlugin:80 - create IPUIPlugin
2025-12-16 14:46:16,356 [INFO] PluginManager:220 - loadIPPluginJar : add stm32_wpan
2025-12-16 14:46:16,359 [INFO] IPUIPlugin:80 - create IPUIPlugin
2025-12-16 14:46:16,359 [INFO] PluginManager:220 - loadIPPluginJar : add tim
2025-12-16 14:46:16,364 [INFO] IPUIPlugin:80 - create IPUIPlugin
2025-12-16 14:46:16,364 [INFO] PluginManager:220 - loadIPPluginJar : add touchsensing
2025-12-16 14:46:16,368 [INFO] IPUIPlugin:80 - create IPUIPlugin
2025-12-16 14:46:16,368 [INFO] PluginManager:220 - loadIPPluginJar : add tracer_emb
2025-12-16 14:46:16,369 [INFO] IPUIPlugin:80 - create IPUIPlugin
2025-12-16 14:46:16,369 [INFO] PluginManager:220 - loadIPPluginJar : add ts
2025-12-16 14:46:16,371 [INFO] IPUIPlugin:80 - create IPUIPlugin
2025-12-16 14:46:16,371 [INFO] PluginManager:220 - loadIPPluginJar : add tsc
2025-12-16 14:46:16,374 [INFO] IPUIPlugin:80 - create IPUIPlugin
2025-12-16 14:46:16,374 [INFO] PluginManager:220 - loadIPPluginJar : add ucpd
2025-12-16 14:46:16,376 [INFO] IPUIPlugin:80 - create IPUIPlugin
2025-12-16 14:46:16,376 [INFO] PluginManager:220 - loadIPPluginJar : add usart
2025-12-16 14:46:16,380 [INFO] IPUIPlugin:80 - create IPUIPlugin
2025-12-16 14:46:16,380 [INFO] PluginManager:220 - loadIPPluginJar : add usbx
2025-12-16 14:46:16,503 [FATAL] Updater:351 - Updater called before beeing initialized
2025-12-16 14:46:16,555 [INFO] RulesReader:64 - Compatibility file has been processed (317 Rules)
2025-12-16 14:46:16,584 [INFO] RulesReader:64 - Compatibility file has been processed (317 Rules)
2025-12-16 14:46:16,610 [INFO] CADModel:165 - CPN selected for project level
2025-12-16 14:46:16,612 [INFO] CADModel:114 - Register for checkConnection events
2025-12-16 14:46:16,612 [FATAL] Updater:351 - Updater called before beeing initialized
2025-12-16 14:46:16,612 [ERROR] CADModel:125 - Updater not yet initialized, retry later 
2025-12-16 14:46:16,830 [FATAL] Updater:351 - Updater called before beeing initialized
2025-12-16 14:46:16,832 [INFO] CADModel:165 - CPN selected for project level
2025-12-16 14:46:16,832 [INFO] CADModel:114 - Register for checkConnection events
2025-12-16 14:46:16,832 [FATAL] Updater:351 - Updater called before beeing initialized
2025-12-16 14:46:16,832 [ERROR] CADModel:125 - Updater not yet initialized, retry later 
2025-12-16 14:46:16,836 [FATAL] Updater:351 - Updater called before beeing initialized
2025-12-16 14:46:16,966 [FATAL] Updater:351 - Updater called before beeing initialized
2025-12-16 14:46:16,970 [INFO] DbMcusAds:53 - JSON generation date=Mon Dec 08 19:58:09 IST 2025 (1765204089998)
2025-12-16 14:46:16,970 [FATAL] Updater:351 - Updater called before beeing initialized
2025-12-16 14:46:17,023 [WARN] DetailPanel:346 - Failed to get advertising image, set to default
2025-12-16 14:46:17,137 [FATAL] Updater:351 - Updater called before beeing initialized
2025-12-16 14:46:17,140 [FATAL] Updater:351 - Updater called before beeing initialized
2025-12-16 14:46:17,141 [FATAL] Updater:351 - Updater called before beeing initialized
2025-12-16 14:46:17,141 [WARN] DetailPanel:346 - Failed to get advertising image, set to default
2025-12-16 14:46:17,142 [FATAL] Updater:351 - Updater called before beeing initialized
2025-12-16 14:46:17,203 [ERROR] Updater:1198 - MainUpdater not yet initialized. External WinMGr cannot be set.
2025-12-16 14:46:17,206 [INFO] Updater:1134 - Updater Version found : 6.15.0
2025-12-16 14:46:17,227 [INFO] ApplicationProperties:184 - Using Application install path: C:\ST\STM32CubeIDE_1.19.0\STM32CubeIDE\plugins\com.st.stm32cube.common.mx_6.15.0.202507011659
2025-12-16 14:46:18,637 [INFO] ThirdPartyUpdaterWithRetryManager:70 - Updater plugin not ready yet. [2/15]
2025-12-16 14:46:18,802 [ERROR] LogOutputStream:75 - [STDERR_REDIRECT] Dec 16, 2025 2:46:18 PM java.util.prefs.WindowsPreferences <init>
2025-12-16 14:46:18,804 [ERROR] LogOutputStream:75 - [STDERR_REDIRECT] WARNING: Could not open/create prefs root node Software\JavaSoft\Prefs at root 0xffffffff80000002. Windows RegCreateKeyEx(...) returned error code 5.
2025-12-16 14:46:18,804 [ERROR] LogOutputStream:75 - [STDERR_REDIRECT] 
2025-12-16 14:46:19,526 [INFO] MainUpdater:2872 - connection check result : 10
2025-12-16 14:46:19,528 [INFO] MainUpdater:289 - Updater Check For Update Now.
2025-12-16 14:46:19,529 [INFO] MicroXplorer:498 - Change Database Version : DB.6.0.150
2025-12-16 14:46:19,542 [INFO] McuFinderGlobals:63 - Set McuFinder mode to 2 (CubeIDE integrated)
2025-12-16 14:46:19,542 [INFO] UserAuth:171 - activating auth plugin
2025-12-16 14:46:19,591 [INFO] UserAuth:487 - Internet connection configuration mode: 1
2025-12-16 14:46:19,637 [INFO] JxBrowserEngine:152 - Initiate JxBrowser Engine with user profile folder
2025-12-16 14:46:19,798 [INFO] CheckServerUpdateThread:120 - End of CheckServer Thread
2025-12-16 14:46:21,845 [WARN] PackLoader:240 - Cannot read IP mode file for STMicroelectronics.FP-SNS-MOTENVWB1.1.4.0
2025-12-16 14:46:21,851 [WARN] PackLoader:240 - Cannot read IP mode file for STMicroelectronics.FP-ATR-ASTRA1.2.0.2
2025-12-16 14:46:21,872 [WARN] PackLoader:240 - Cannot read IP mode file for STMicroelectronics.X-CUBE-SMBUS.2.1.0
2025-12-16 14:46:21,972 [WARN] PackLoader:240 - Cannot read IP mode file for STMicroelectronics.X-CUBE-AZRTOS-F7.1.1.0
2025-12-16 14:46:22,007 [WARN] PackLoader:240 - Cannot read IP mode file for STMicroelectronics.X-CUBE-DISPLAY.3.0.0
2025-12-16 14:46:22,037 [WARN] PackLoader:240 - Cannot read IP mode file for STMicroelectronics.X-CUBE-NFC10.1.0.0
2025-12-16 14:46:22,046 [WARN] PackLoader:240 - Cannot read IP mode file for STMicroelectronics.FP-SNS-SMARTAG2.1.2.0
2025-12-16 14:46:22,053 [WARN] PackLoader:240 - Cannot read IP mode file for STMicroelectronics.FP-SNS-FLIGHT1.5.1.0
2025-12-16 14:46:22,074 [INFO] LogOutputStream:77 - [STDOUT_REDIRECT] 1 : Invalid condition id : UX_CORESTACK_Condition cause : null
2025-12-16 14:46:22,076 [INFO] LogOutputStream:77 - [STDOUT_REDIRECT] 1 : Invalid condition id : UX_CORESTACK_Condition cause : null
2025-12-16 14:46:22,077 [INFO] LogOutputStream:77 - [STDOUT_REDIRECT] 1 : Invalid condition id : UX_CORESTACK_Condition cause : null
2025-12-16 14:46:22,077 [INFO] LogOutputStream:77 - [STDOUT_REDIRECT] 1 : Invalid condition id : UX_CORESTACK_Condition cause : null
2025-12-16 14:46:22,078 [INFO] LogOutputStream:77 - [STDOUT_REDIRECT] 1 : Invalid condition id : UX_CORESTACK_Condition cause : null
2025-12-16 14:46:22,083 [WARN] PackLoader:240 - Cannot read IP mode file for STMicroelectronics.X-CUBE-AZRTOS-WL.2.0.0
2025-12-16 14:46:22,093 [WARN] PackLoader:240 - Cannot read IP mode file for STMicroelectronics.X-CUBE-BLE2.3.3.0
2025-12-16 14:46:22,098 [WARN] PackLoader:240 - Cannot read IP mode file for STMicroelectronics.X-CUBE-NFC9.1.0.0
2025-12-16 14:46:22,103 [WARN] PackLoader:240 - Cannot read IP mode file for STMicroelectronics.X-CUBE-BLE1.7.1.0
2025-12-16 14:46:22,135 [WARN] PackLoader:240 - Cannot read IP mode file for STMicroelectronics.X-CUBE-AZRTOS-G0.1.1.0
2025-12-16 14:46:22,167 [WARN] PackLoader:240 - Cannot read IP mode file for STMicroelectronics.X-CUBE-NFC4.3.0.0
2025-12-16 14:46:22,188 [WARN] PackLoader:240 - Cannot read IP mode file for STMicroelectronics.X-CUBE-WB05N.2.0.0
2025-12-16 14:46:22,207 [WARN] PackLoader:240 - Cannot read IP mode file for STMicroelectronics.X-CUBE-TCPP.4.2.0
2025-12-16 14:46:22,219 [WARN] PackLoader:240 - Cannot read IP mode file for STMicroelectronics.FP-ATR-SIGFOX1.3.2.0
2025-12-16 14:46:22,246 [WARN] PackLoader:240 - Cannot read IP mode file for STMicroelectronics.X-CUBE-ALGOBUILD.1.4.0
2025-12-16 14:46:22,253 [WARN] PackLoader:240 - Cannot read IP mode file for STMicroelectronics.X-CUBE-PM33A1.1.0.0
2025-12-16 14:46:22,271 [WARN] PackLoader:240 - Cannot read IP mode file for STMicroelectronics.X-CUBE-AZRTOS-F4.1.1.0
2025-12-16 14:46:22,279 [WARN] PackLoader:240 - Cannot read IP mode file for STMicroelectronics.X-CUBE-ISPU.2.1.0
2025-12-16 14:46:22,308 [WARN] PackLoader:240 - Cannot read IP mode file for STMicroelectronics.X-CUBE-AZRTOS-L5.2.0.0
2025-12-16 14:46:22,329 [WARN] PackLoader:240 - Cannot read IP mode file for STMicroelectronics.X-CUBE-NFC6.3.1.0
2025-12-16 14:46:22,339 [WARN] PackLoader:240 - Cannot read IP mode file for STMicroelectronics.X-CUBE-DPower.1.3.0
2025-12-16 14:46:22,352 [WARN] ConditionMgr:438 - getConditionDescription Invalid condition id : LAN8742 Phy interface Condition cause : null
2025-12-16 14:46:22,353 [WARN] PackLoader:240 - Cannot read IP mode file for STMicroelectronics.X-CUBE-AZRTOS-L4.2.0.0
2025-12-16 14:46:22,354 [WARN] ConditionMgr:1044 - genDependencies : Invalid condition id : LAN8742 Phy interface Condition cause : null
2025-12-16 14:46:22,355 [WARN] ConditionMgr:1044 - genDependencies : Invalid condition id : LAN8742 Phy interface Condition cause : null
2025-12-16 14:46:22,356 [WARN] ConditionMgr:1044 - genDependencies : Invalid condition id : LAN8742 Phy interface Condition cause : null
2025-12-16 14:46:22,372 [WARN] PackLoader:240 - Cannot read IP mode file for STMicroelectronics.X-CUBE-SFXS2LP1.4.0.0
2025-12-16 14:46:22,395 [WARN] ConditionMgr:438 - getConditionDescription Invalid condition id : UX DEVICE CLASS RTOS Condition cause : null
2025-12-16 14:46:22,395 [WARN] ConditionMgr:438 - getConditionDescription Invalid condition id : UX DEVICE CLASS RTOS Condition cause : null
2025-12-16 14:46:22,400 [WARN] PackLoader:240 - Cannot read IP mode file for STMicroelectronics.X-CUBE-AZRTOS-WB.2.0.0
2025-12-16 14:46:22,416 [WARN] ConditionMgr:1044 - genDependencies : Invalid condition id : UX DEVICE CLASS RTOS Condition cause : null
2025-12-16 14:46:22,417 [WARN] ConditionMgr:1044 - genDependencies : Invalid condition id : UX DEVICE CLASS RTOS Condition cause : null
2025-12-16 14:46:22,424 [WARN] ConditionMgr:1044 - genDependencies : Invalid condition id : UX DEVICE CLASS RTOS Condition cause : null
2025-12-16 14:46:22,425 [WARN] ConditionMgr:1044 - genDependencies : Invalid condition id : UX DEVICE CLASS RTOS Condition cause : null
2025-12-16 14:46:22,445 [WARN] ConditionMgr:1044 - genDependencies : Invalid condition id : UX DEVICE CLASS RTOS Condition cause : null
2025-12-16 14:46:22,482 [WARN] PackLoader:240 - Cannot read IP mode file for STMicroelectronics.X-CUBE-SUBG2.5.0.0
2025-12-16 14:46:22,559 [WARN] PackLoader:240 - Cannot read IP mode file for STMicroelectronics.X-CUBE-AZRTOS-G4.2.0.0
2025-12-16 14:46:22,579 [WARN] PackLoader:240 - Cannot read IP mode file for STMicroelectronics.X-CUBE-NFC7.2.0.0
2025-12-16 14:46:22,587 [WARN] PackLoader:240 - Cannot read IP mode file for STMicroelectronics.X-CUBE-ALS.1.0.2
2025-12-16 14:46:22,614 [WARN] PackLoader:240 - Cannot read IP mode file for STMicroelectronics.X-CUBE-TOF1.3.4.3
2025-12-16 14:46:22,625 [INFO] ThirdParty:978 - Integrity check success = true
2025-12-16 14:46:22,625 [INFO] IntegrityCheckThread:100 - exiting critical section [integrity check]
2025-12-16 14:46:22,625 [INFO] IntegrityCheckThread:103 - End integrity checks thread
2025-12-16 14:46:22,869 [INFO] WebApp:169 - Instantiating new browser for Auth
2025-12-16 14:46:24,199 [INFO] WebApp:463 - Apply proxy settings
2025-12-16 14:46:24,201 [INFO] WebApp:548 - Chromium requires no authentication
2025-12-16 14:46:24,215 [INFO] WebApp:491 - Direct internet connection detected
2025-12-16 14:46:24,254 [INFO] WebApp:900 - Register for checkConnection events
2025-12-16 14:46:24,255 [INFO] WebApp:463 - Apply proxy settings
2025-12-16 14:46:24,256 [INFO] WebApp:548 - Chromium requires no authentication
2025-12-16 14:46:24,256 [INFO] WebApp:491 - Direct internet connection detected
2025-12-16 14:46:24,493 [INFO] WebApp:225 - Starting web application
2025-12-16 14:46:24,493 [INFO] WebApp:593 - Web application path used C:\ST\STM32CubeIDE_1.19.0\STM32CubeIDE\plugins\com.st.stm32cube.common.mx_6.15.0.202507011659\db\plugins\mcufinder\reactClient1\index.html
2025-12-16 14:46:25,171 [INFO] WebApp:191 - Connection restablished
2025-12-16 14:47:25,161 [ERROR] LogOutputStream:75 - [STDERR_REDIRECT] 
2025-12-16 14:47:25,162 [ERROR] LogOutputStream:75 - [STDERR_REDIRECT] 
2025-12-16 14:47:38,685 [INFO] Activator:176 - 


2025-12-16 14:47:38,687 [INFO] Activator:177 - !SESSION log4j initialized
2025-12-16 14:47:42,471 [INFO] LogOutputStream:77 - [STDOUT_REDIRECT] 
2025-12-16 14:48:17,298 [INFO] ApplicationProperties:184 - Using Application install path: C:\ST\STM32CubeIDE_1.19.0\STM32CubeIDE\plugins\com.st.stm32cube.common.mx_6.15.0.202507011659
2025-12-16 14:48:17,352 [INFO] DbMcusXml:78 - Set database path to: C:\ST\STM32CubeIDE_1.19.0\STM32CubeIDE\plugins\com.st.stm32cube.common.mx_6.15.0.202507011659\\db\/mcu/
2025-12-16 14:48:17,352 [INFO] ApiDb:274 - Set plugin database path to: C:\ST\STM32CubeIDE_1.19.0\STM32CubeIDE\plugins\com.st.stm32cube.common.mx_6.15.0.202507011659\\db\/plugins/boardmanager/
2025-12-16 14:48:17,353 [WARN] ApiDb:259 - Overriding images path with different value:  => C:\ST\STM32CubeIDE_1.19.0\STM32CubeIDE\plugins\com.st.stm32cube.common.mx_6.15.0.202507011659\\db\/plugins/mcufinder/images/
2025-12-16 14:48:17,359 [INFO] ApiDb:250 - Set database path to: C:\Users\aditi\.stmcufinder\plugins\mcufinder//mcu/
2025-12-16 14:48:17,362 [INFO] DbMcusAds:125 - Set database path to: C:\Users\aditi\.stmcufinder\plugins\mcufinder//mcu/
2025-12-16 14:48:17,419 [INFO] CrossReferenceDbSqlite:203 - Set database path to: C:\Users\aditi\.stmcufinder\plugins\mcufinder//mcu/cs/
2025-12-16 14:48:17,583 [INFO] RulesReader:64 - Compatibility file has been processed (317 Rules)
2025-12-16 14:48:17,683 [INFO] DbMcusXml:78 - Set database path to: C:\ST\STM32CubeIDE_1.19.0\STM32CubeIDE\plugins\com.st.stm32cube.common.mx_6.15.0.202507011659\\db\/mcu/
2025-12-16 14:48:17,683 [INFO] ApiDb:274 - Set plugin database path to: C:\ST\STM32CubeIDE_1.19.0\STM32CubeIDE\plugins\com.st.stm32cube.common.mx_6.15.0.202507011659\\db\/plugins/boardmanager/
2025-12-16 14:48:17,683 [INFO] ApiDb:261 - Set plugin images path to: C:\ST\STM32CubeIDE_1.19.0\STM32CubeIDE\plugins\com.st.stm32cube.common.mx_6.15.0.202507011659\\db\/plugins/mcufinder/images/
2025-12-16 14:48:17,684 [WARN] DbFile:41 - Overriding database path with different value: C:\Users\aditi\.stmcufinder\plugins\mcufinder/ => C:\Users\aditi\.stmcufinder\plugins\mcufinder
2025-12-16 14:48:17,684 [INFO] ApiDb:250 - Set database path to: C:\Users\aditi\.stmcufinder\plugins\mcufinder//mcu/
2025-12-16 14:48:17,684 [WARN] DbFile:41 - Overriding database path with different value: C:\Users\aditi\.stmcufinder\plugins\mcufinder/ => C:\Users\aditi\.stmcufinder\plugins\mcufinder
2025-12-16 14:48:17,684 [INFO] DbMcusAds:125 - Set database path to: C:\Users\aditi\.stmcufinder\plugins\mcufinder//mcu/
2025-12-16 14:48:17,684 [WARN] DbFile:41 - Overriding database path with different value: C:\Users\aditi\.stmcufinder\plugins\mcufinder/ => C:\Users\aditi\.stmcufinder\plugins\mcufinder
2025-12-16 14:48:17,684 [WARN] DbFile:41 - Overriding database path with different value: C:\Users\aditi\.stmcufinder\plugins\mcufinder/ => C:\Users\aditi\.stmcufinder\plugins\mcufinder
2025-12-16 14:48:17,684 [INFO] CrossReferenceDbSqlite:203 - Set database path to: C:\Users\aditi\.stmcufinder\plugins\mcufinder//mcu/cs/
2025-12-16 14:48:17,768 [INFO] MainPanel:274 - HeapMemory: 268435456
2025-12-16 14:48:17,871 [INFO] DbMcusXml:78 - Set database path to: C:\ST\STM32CubeIDE_1.19.0\STM32CubeIDE\plugins\com.st.stm32cube.common.mx_6.15.0.202507011659\\db\/mcu/
2025-12-16 14:48:17,871 [INFO] ApiDb:274 - Set plugin database path to: C:\ST\STM32CubeIDE_1.19.0\STM32CubeIDE\plugins\com.st.stm32cube.common.mx_6.15.0.202507011659\\db\/plugins/boardmanager/
2025-12-16 14:48:17,871 [INFO] ApiDb:261 - Set plugin images path to: C:\ST\STM32CubeIDE_1.19.0\STM32CubeIDE\plugins\com.st.stm32cube.common.mx_6.15.0.202507011659\\db\/plugins/mcufinder/images/
2025-12-16 14:48:17,871 [WARN] DbFile:41 - Overriding database path with different value: C:\Users\aditi\.stmcufinder\plugins\mcufinder/ => C:\Users\aditi\.stmcufinder\plugins\mcufinder
2025-12-16 14:48:17,873 [INFO] ApiDb:250 - Set database path to: C:\Users\aditi\.stmcufinder\plugins\mcufinder//mcu/
2025-12-16 14:48:17,873 [WARN] DbFile:41 - Overriding database path with different value: C:\Users\aditi\.stmcufinder\plugins\mcufinder/ => C:\Users\aditi\.stmcufinder\plugins\mcufinder
2025-12-16 14:48:17,873 [INFO] DbMcusAds:125 - Set database path to: C:\Users\aditi\.stmcufinder\plugins\mcufinder//mcu/
2025-12-16 14:48:17,873 [WARN] DbFile:41 - Overriding database path with different value: C:\Users\aditi\.stmcufinder\plugins\mcufinder/ => C:\Users\aditi\.stmcufinder\plugins\mcufinder
2025-12-16 14:48:17,873 [WARN] DbFile:41 - Overriding database path with different value: C:\Users\aditi\.stmcufinder\plugins\mcufinder/ => C:\Users\aditi\.stmcufinder\plugins\mcufinder
2025-12-16 14:48:17,873 [INFO] CrossReferenceDbSqlite:203 - Set database path to: C:\Users\aditi\.stmcufinder\plugins\mcufinder//mcu/cs/
2025-12-16 14:48:17,896 [INFO] ApplicationProperties:184 - Using Application install path: C:\ST\STM32CubeIDE_1.19.0\STM32CubeIDE\plugins\com.st.stm32cube.common.mx_6.15.0.202507011659
2025-12-16 14:48:17,898 [INFO] PluginManage:196 - Search for loadable plugins [exclusion list=, ]
2025-12-16 14:48:17,899 [INFO] PluginManage:310 - Check plugin analytics
2025-12-16 14:48:18,185 [INFO] AnalyticsPlugin:253 - Accepted Software Licenses: 
2025-12-16 14:48:18,185 [INFO] AnalyticsPlugin:255 - Accepted CMSIS Pack Licenses: 
2025-12-16 14:48:18,186 [INFO] AnalyticsPlugin:257 - Accepted Firmware Licenses: 
2025-12-16 14:48:18,186 [INFO] PluginManage:359 - Loaded plugin analytics (category:tool,tabindex:-1)
2025-12-16 14:48:18,187 [INFO] PluginManage:310 - Check plugin cadmodel
2025-12-16 14:48:18,193 [INFO] CADModel:105 - Init CAD model plugin
2025-12-16 14:48:18,193 [INFO] PluginManage:359 - Loaded plugin cadmodel (category:power,tabindex:5)
2025-12-16 14:48:18,193 [INFO] PluginManage:310 - Check plugin clock
2025-12-16 14:48:18,202 [INFO] PluginManage:359 - Loaded plugin clock (category:base,tabindex:2)
2025-12-16 14:48:18,202 [INFO] PluginManage:310 - Check plugin ddr
2025-12-16 14:48:18,204 [INFO] PluginManage:359 - Loaded plugin ddr (category:tool,tabindex:6)
2025-12-16 14:48:18,205 [INFO] PluginManage:310 - Check plugin filemanager
2025-12-16 14:48:18,372 [INFO] PluginManage:359 - Loaded plugin filemanager (category:base,tabindex:10)
2025-12-16 14:48:18,372 [INFO] PluginManage:310 - Check plugin ipmanager
2025-12-16 14:48:18,377 [INFO] PluginManage:359 - Loaded plugin ipmanager (category:base,tabindex:5)
2025-12-16 14:48:18,377 [INFO] PluginManage:310 - Check plugin lpbam
2025-12-16 14:48:18,385 [INFO] PluginManage:359 - Loaded plugin lpbam (category:base,tabindex:0)
2025-12-16 14:48:18,386 [INFO] PluginManage:310 - Check plugin memorymap
2025-12-16 14:48:18,400 [INFO] PluginManage:359 - Loaded plugin memorymap (category:base,tabindex:4)
2025-12-16 14:48:18,400 [INFO] PluginManage:310 - Check plugin pinoutandconfiguration
2025-12-16 14:48:18,412 [INFO] PluginManage:359 - Loaded plugin pinoutandconfiguration (category:base,tabindex:1)
2025-12-16 14:48:18,412 [INFO] PluginManage:310 - Check plugin pinoutconfig
2025-12-16 14:48:18,499 [WARN] SupportedApi:132 - Cannot load RTOS API schema: s4s-elt-must-match.1: The content of 'definitions' must match (annotation?, (simpleType | complexType)?, (unique | key | keyref)*)). A problem was found starting at: attribute.
2025-12-16 14:48:18,628 [INFO] PluginManage:359 - Loaded plugin pinoutconfig (category:base,tabindex:0)
2025-12-16 14:48:18,630 [INFO] PluginManage:310 - Check plugin power
2025-12-16 14:48:18,639 [INFO] PluginManage:359 - Loaded plugin power (category:power,tabindex:4)
2025-12-16 14:48:18,639 [INFO] PluginManage:310 - Check plugin projectmanager
2025-12-16 14:48:18,662 [INFO] PluginManage:359 - Loaded plugin projectmanager (category:projectmanager,tabindex:4)
2025-12-16 14:48:18,662 [INFO] PluginManage:310 - Check plugin rif
2025-12-16 14:48:18,674 [INFO] PluginManage:359 - Loaded plugin rif (category:base,tabindex:3)
2025-12-16 14:48:18,674 [INFO] PluginManage:310 - Check plugin thirdparty
2025-12-16 14:48:18,823 [INFO] PluginManage:359 - Loaded plugin thirdparty (category:base,tabindex:-1)
2025-12-16 14:48:18,823 [WARN] IntegrityCheckThread:84 - waiting for thirdparty lock release [integrity check]
2025-12-16 14:48:18,824 [INFO] PluginManage:310 - Check plugin tools
2025-12-16 14:48:18,824 [INFO] IntegrityCheckThread:86 - entering critical section [integrity check]
2025-12-16 14:48:18,824 [INFO] ThirdPartyUpdaterWithRetryManager:70 - Updater plugin not ready yet. [1/15]
2025-12-16 14:48:18,827 [INFO] PluginManage:359 - Loaded plugin tools (category:base,tabindex:7)
2025-12-16 14:48:18,827 [INFO] PluginManage:310 - Check plugin tutovideos
2025-12-16 14:48:19,113 [INFO] PluginManage:359 - Loaded plugin tutovideos (category:base,tabindex:-1)
2025-12-16 14:48:19,114 [INFO] PluginManage:310 - Check plugin updater
2025-12-16 14:48:19,141 [INFO] PluginManage:359 - Loaded plugin updater (category:base,tabindex:12)
2025-12-16 14:48:19,142 [INFO] PluginManage:310 - Check plugin userauth
2025-12-16 14:48:19,146 [INFO] UserAuth:118 - Init User Auth plugin
2025-12-16 14:48:19,147 [INFO] PluginManage:359 - Loaded plugin userauth (category:base,tabindex:14)
2025-12-16 14:48:19,148 [INFO] PluginManage:283 - PluginManage : Loaded plugins [18]
2025-12-16 14:48:19,387 [INFO] PinOutPanel:1589 - setPackage(No Configuration,No Configuration)
2025-12-16 14:48:19,482 [INFO] CADModel:165 - CPN selected for project level
2025-12-16 14:48:19,482 [INFO] CADModel:114 - Register for checkConnection events
2025-12-16 14:48:19,501 [INFO] IPUIPlugin:80 - create IPUIPlugin
2025-12-16 14:48:19,501 [INFO] PluginManager:220 - loadIPPluginJar : add adc
2025-12-16 14:48:19,504 [INFO] IPUIPlugin:80 - create IPUIPlugin
2025-12-16 14:48:19,504 [INFO] PluginManager:220 - loadIPPluginJar : add aes
2025-12-16 14:48:19,506 [INFO] IPUIPlugin:80 - create IPUIPlugin
2025-12-16 14:48:19,506 [INFO] PluginManager:220 - loadIPPluginJar : add can
2025-12-16 14:48:19,508 [INFO] IPUIPlugin:80 - create IPUIPlugin
2025-12-16 14:48:19,508 [INFO] PluginManager:220 - loadIPPluginJar : add comp
2025-12-16 14:48:19,511 [INFO] IPUIPlugin:80 - create IPUIPlugin
2025-12-16 14:48:19,511 [INFO] PluginManager:220 - loadIPPluginJar : add cryp
2025-12-16 14:48:19,513 [INFO] IPUIPlugin:80 - create IPUIPlugin
2025-12-16 14:48:19,513 [INFO] PluginManager:220 - loadIPPluginJar : add ddr_ctrl_phy
2025-12-16 14:48:19,516 [INFO] IPUIPlugin:80 - create IPUIPlugin
2025-12-16 14:48:19,516 [INFO] PluginManager:220 - loadIPPluginJar : add dfsdm
2025-12-16 14:48:19,522 [INFO] IPUIPlugin:80 - create IPUIPlugin
2025-12-16 14:48:19,522 [INFO] PluginManager:220 - loadIPPluginJar : add dma
2025-12-16 14:48:19,524 [INFO] IPUIPlugin:80 - create IPUIPlugin
2025-12-16 14:48:19,524 [INFO] PluginManager:220 - loadIPPluginJar : add dma3
2025-12-16 14:48:19,527 [INFO] IPUIPlugin:80 - create IPUIPlugin
2025-12-16 14:48:19,527 [INFO] PluginManager:220 - loadIPPluginJar : add extmemmanager
2025-12-16 14:48:19,528 [INFO] IPUIPlugin:80 - create IPUIPlugin
2025-12-16 14:48:19,528 [INFO] PluginManager:220 - loadIPPluginJar : add fatfs
2025-12-16 14:48:19,533 [INFO] IPUIPlugin:80 - create IPUIPlugin
2025-12-16 14:48:19,534 [INFO] PluginManager:220 - loadIPPluginJar : add fmc
2025-12-16 14:48:19,539 [INFO] IPUIPlugin:80 - create IPUIPlugin
2025-12-16 14:48:19,540 [INFO] PluginManager:220 - loadIPPluginJar : add freertos
2025-12-16 14:48:19,541 [INFO] IPUIPlugin:80 - create IPUIPlugin
2025-12-16 14:48:19,541 [INFO] PluginManager:220 - loadIPPluginJar : add genericplugin
2025-12-16 14:48:19,543 [INFO] IPUIPlugin:80 - create IPUIPlugin
2025-12-16 14:48:19,543 [INFO] PluginManager:220 - loadIPPluginJar : add gfxmmu
2025-12-16 14:48:19,549 [INFO] IPUIPlugin:80 - create IPUIPlugin
2025-12-16 14:48:19,549 [INFO] PluginManager:220 - loadIPPluginJar : add gic
2025-12-16 14:48:19,554 [INFO] IPUIPlugin:80 - create IPUIPlugin
2025-12-16 14:48:19,554 [INFO] PluginManager:220 - loadIPPluginJar : add gpio
2025-12-16 14:48:19,557 [INFO] IPUIPlugin:80 - create IPUIPlugin
2025-12-16 14:48:19,557 [INFO] PluginManager:220 - loadIPPluginJar : add gtzc
2025-12-16 14:48:19,559 [INFO] IPUIPlugin:80 - create IPUIPlugin
2025-12-16 14:48:19,559 [INFO] PluginManager:220 - loadIPPluginJar : add hash
2025-12-16 14:48:19,562 [INFO] IPUIPlugin:80 - create IPUIPlugin
2025-12-16 14:48:19,563 [INFO] PluginManager:220 - loadIPPluginJar : add i2c
2025-12-16 14:48:19,565 [INFO] IPUIPlugin:80 - create IPUIPlugin
2025-12-16 14:48:19,565 [INFO] PluginManager:220 - loadIPPluginJar : add i2s
2025-12-16 14:48:19,568 [INFO] IPUIPlugin:80 - create IPUIPlugin
2025-12-16 14:48:19,568 [INFO] PluginManager:220 - loadIPPluginJar : add i3c
2025-12-16 14:48:19,572 [INFO] IPUIPlugin:80 - create IPUIPlugin
2025-12-16 14:48:19,572 [INFO] PluginManager:220 - loadIPPluginJar : add ipddr
2025-12-16 14:48:19,578 [INFO] IPUIPlugin:80 - create IPUIPlugin
2025-12-16 14:48:19,578 [INFO] PluginManager:220 - loadIPPluginJar : add linkedlist
2025-12-16 14:48:19,582 [INFO] IPUIPlugin:80 - create IPUIPlugin
2025-12-16 14:48:19,582 [INFO] PluginManager:220 - loadIPPluginJar : add lorawan
2025-12-16 14:48:19,584 [INFO] IPUIPlugin:80 - create IPUIPlugin
2025-12-16 14:48:19,584 [INFO] PluginManager:220 - loadIPPluginJar : add ltdc
2025-12-16 14:48:19,588 [INFO] IPUIPlugin:80 - create IPUIPlugin
2025-12-16 14:48:19,589 [INFO] PluginManager:220 - loadIPPluginJar : add mdma
2025-12-16 14:48:19,592 [INFO] IPUIPlugin:80 - create IPUIPlugin
2025-12-16 14:48:19,592 [INFO] PluginManager:220 - loadIPPluginJar : add nvic
2025-12-16 14:48:19,596 [INFO] IPUIPlugin:80 - create IPUIPlugin
2025-12-16 14:48:19,596 [INFO] PluginManager:220 - loadIPPluginJar : add opamp
2025-12-16 14:48:19,599 [INFO] IPUIPlugin:80 - create IPUIPlugin
2025-12-16 14:48:19,599 [INFO] PluginManager:220 - loadIPPluginJar : add openamp
2025-12-16 14:48:19,603 [INFO] IPUIPlugin:80 - create IPUIPlugin
2025-12-16 14:48:19,603 [INFO] PluginManager:220 - loadIPPluginJar : add pdm2pcm
2025-12-16 14:48:19,608 [INFO] IPUIPlugin:80 - create IPUIPlugin
2025-12-16 14:48:19,611 [INFO] PluginManager:220 - loadIPPluginJar : add plateformsettings
2025-12-16 14:48:19,614 [INFO] IPUIPlugin:80 - create IPUIPlugin
2025-12-16 14:48:19,614 [INFO] PluginManager:220 - loadIPPluginJar : add quadspi
2025-12-16 14:48:19,617 [INFO] IPUIPlugin:80 - create IPUIPlugin
2025-12-16 14:48:19,619 [INFO] PluginManager:220 - loadIPPluginJar : add radio
2025-12-16 14:48:19,623 [INFO] IPUIPlugin:80 - create IPUIPlugin
2025-12-16 14:48:19,624 [INFO] PluginManager:220 - loadIPPluginJar : add resmgrutility
2025-12-16 14:48:19,631 [INFO] IPUIPlugin:80 - create IPUIPlugin
2025-12-16 14:48:19,637 [INFO] PluginManager:220 - loadIPPluginJar : add sai
2025-12-16 14:48:19,641 [INFO] IPUIPlugin:80 - create IPUIPlugin
2025-12-16 14:48:19,641 [INFO] PluginManager:220 - loadIPPluginJar : add spi
2025-12-16 14:48:19,649 [INFO] IPUIPlugin:80 - create IPUIPlugin
2025-12-16 14:48:19,649 [INFO] PluginManager:220 - loadIPPluginJar : add stm32_wpan
2025-12-16 14:48:19,652 [INFO] IPUIPlugin:80 - create IPUIPlugin
2025-12-16 14:48:19,652 [INFO] PluginManager:220 - loadIPPluginJar : add tim
2025-12-16 14:48:19,657 [INFO] IPUIPlugin:80 - create IPUIPlugin
2025-12-16 14:48:19,657 [INFO] PluginManager:220 - loadIPPluginJar : add touchsensing
2025-12-16 14:48:19,660 [INFO] IPUIPlugin:80 - create IPUIPlugin
2025-12-16 14:48:19,660 [INFO] PluginManager:220 - loadIPPluginJar : add tracer_emb
2025-12-16 14:48:19,663 [INFO] IPUIPlugin:80 - create IPUIPlugin
2025-12-16 14:48:19,663 [INFO] PluginManager:220 - loadIPPluginJar : add ts
2025-12-16 14:48:19,665 [INFO] IPUIPlugin:80 - create IPUIPlugin
2025-12-16 14:48:19,666 [INFO] PluginManager:220 - loadIPPluginJar : add tsc
2025-12-16 14:48:19,668 [INFO] IPUIPlugin:80 - create IPUIPlugin
2025-12-16 14:48:19,669 [INFO] PluginManager:220 - loadIPPluginJar : add ucpd
2025-12-16 14:48:19,672 [INFO] IPUIPlugin:80 - create IPUIPlugin
2025-12-16 14:48:19,672 [INFO] PluginManager:220 - loadIPPluginJar : add usart
2025-12-16 14:48:19,676 [INFO] IPUIPlugin:80 - create IPUIPlugin
2025-12-16 14:48:19,676 [INFO] PluginManager:220 - loadIPPluginJar : add usbx
2025-12-16 14:48:19,804 [FATAL] Updater:351 - Updater called before beeing initialized
2025-12-16 14:48:19,865 [INFO] RulesReader:64 - Compatibility file has been processed (317 Rules)
2025-12-16 14:48:19,881 [INFO] RulesReader:64 - Compatibility file has been processed (317 Rules)
2025-12-16 14:48:19,905 [INFO] CADModel:165 - CPN selected for project level
2025-12-16 14:48:19,906 [INFO] CADModel:114 - Register for checkConnection events
2025-12-16 14:48:19,906 [FATAL] Updater:351 - Updater called before beeing initialized
2025-12-16 14:48:19,906 [ERROR] CADModel:125 - Updater not yet initialized, retry later 
2025-12-16 14:48:20,163 [FATAL] Updater:351 - Updater called before beeing initialized
2025-12-16 14:48:20,166 [INFO] CADModel:165 - CPN selected for project level
2025-12-16 14:48:20,166 [INFO] CADModel:114 - Register for checkConnection events
2025-12-16 14:48:20,166 [FATAL] Updater:351 - Updater called before beeing initialized
2025-12-16 14:48:20,166 [ERROR] CADModel:125 - Updater not yet initialized, retry later 
2025-12-16 14:48:20,171 [FATAL] Updater:351 - Updater called before beeing initialized
2025-12-16 14:48:20,350 [FATAL] Updater:351 - Updater called before beeing initialized
2025-12-16 14:48:20,354 [INFO] DbMcusAds:53 - JSON generation date=Mon Dec 08 19:58:09 IST 2025 (1765204089998)
2025-12-16 14:48:20,354 [FATAL] Updater:351 - Updater called before beeing initialized
2025-12-16 14:48:20,392 [WARN] DetailPanel:346 - Failed to get advertising image, set to default
2025-12-16 14:48:20,491 [FATAL] Updater:351 - Updater called before beeing initialized
2025-12-16 14:48:20,496 [FATAL] Updater:351 - Updater called before beeing initialized
2025-12-16 14:48:20,497 [FATAL] Updater:351 - Updater called before beeing initialized
2025-12-16 14:48:20,498 [WARN] DetailPanel:346 - Failed to get advertising image, set to default
2025-12-16 14:48:20,500 [FATAL] Updater:351 - Updater called before beeing initialized
2025-12-16 14:48:20,567 [ERROR] Updater:1198 - MainUpdater not yet initialized. External WinMGr cannot be set.
2025-12-16 14:48:20,569 [INFO] Updater:1134 - Updater Version found : 6.15.0
2025-12-16 14:48:20,585 [INFO] ApplicationProperties:184 - Using Application install path: C:\ST\STM32CubeIDE_1.19.0\STM32CubeIDE\plugins\com.st.stm32cube.common.mx_6.15.0.202507011659
2025-12-16 14:48:21,825 [INFO] ThirdPartyUpdaterWithRetryManager:70 - Updater plugin not ready yet. [2/15]
2025-12-16 14:48:22,171 [ERROR] LogOutputStream:75 - [STDERR_REDIRECT] Dec 16, 2025 2:48:22 PM java.util.prefs.WindowsPreferences <init>
2025-12-16 14:48:22,174 [ERROR] LogOutputStream:75 - [STDERR_REDIRECT] WARNING: Could not open/create prefs root node Software\JavaSoft\Prefs at root 0xffffffff80000002. Windows RegCreateKeyEx(...) returned error code 5.
2025-12-16 14:48:22,174 [ERROR] LogOutputStream:75 - [STDERR_REDIRECT] 
2025-12-16 14:48:22,821 [INFO] MainUpdater:2872 - connection check result : 10
2025-12-16 14:48:22,822 [INFO] MainUpdater:289 - Updater Check For Update Now.
2025-12-16 14:48:22,822 [INFO] MicroXplorer:498 - Change Database Version : DB.6.0.150
2025-12-16 14:48:22,843 [INFO] McuFinderGlobals:63 - Set McuFinder mode to 2 (CubeIDE integrated)
2025-12-16 14:48:22,844 [INFO] UserAuth:171 - activating auth plugin
2025-12-16 14:48:22,849 [INFO] UserAuth:487 - Internet connection configuration mode: 1
2025-12-16 14:48:22,891 [INFO] JxBrowserEngine:152 - Initiate JxBrowser Engine with user profile folder
2025-12-16 14:48:23,031 [INFO] CheckServerUpdateThread:120 - End of CheckServer Thread
2025-12-16 14:48:25,028 [WARN] PackLoader:240 - Cannot read IP mode file for STMicroelectronics.FP-SNS-MOTENVWB1.1.4.0
2025-12-16 14:48:25,038 [WARN] PackLoader:240 - Cannot read IP mode file for STMicroelectronics.FP-ATR-ASTRA1.2.0.2
2025-12-16 14:48:25,057 [WARN] PackLoader:240 - Cannot read IP mode file for STMicroelectronics.X-CUBE-SMBUS.2.1.0
2025-12-16 14:48:25,091 [WARN] PackLoader:240 - Cannot read IP mode file for STMicroelectronics.X-CUBE-AZRTOS-F7.1.1.0
2025-12-16 14:48:25,126 [WARN] PackLoader:240 - Cannot read IP mode file for STMicroelectronics.X-CUBE-DISPLAY.3.0.0
2025-12-16 14:48:25,153 [WARN] PackLoader:240 - Cannot read IP mode file for STMicroelectronics.X-CUBE-NFC10.1.0.0
2025-12-16 14:48:25,164 [WARN] PackLoader:240 - Cannot read IP mode file for STMicroelectronics.FP-SNS-SMARTAG2.1.2.0
2025-12-16 14:48:25,169 [WARN] PackLoader:240 - Cannot read IP mode file for STMicroelectronics.FP-SNS-FLIGHT1.5.1.0
2025-12-16 14:48:25,202 [INFO] LogOutputStream:77 - [STDOUT_REDIRECT] 1 : Invalid condition id : UX_CORESTACK_Condition cause : null
2025-12-16 14:48:25,203 [INFO] LogOutputStream:77 - [STDOUT_REDIRECT] 1 : Invalid condition id : UX_CORESTACK_Condition cause : null
2025-12-16 14:48:25,204 [INFO] LogOutputStream:77 - [STDOUT_REDIRECT] 1 : Invalid condition id : UX_CORESTACK_Condition cause : null
2025-12-16 14:48:25,204 [INFO] LogOutputStream:77 - [STDOUT_REDIRECT] 1 : Invalid condition id : UX_CORESTACK_Condition cause : null
2025-12-16 14:48:25,205 [INFO] LogOutputStream:77 - [STDOUT_REDIRECT] 1 : Invalid condition id : UX_CORESTACK_Condition cause : null
2025-12-16 14:48:25,208 [WARN] PackLoader:240 - Cannot read IP mode file for STMicroelectronics.X-CUBE-AZRTOS-WL.2.0.0
2025-12-16 14:48:25,218 [WARN] PackLoader:240 - Cannot read IP mode file for STMicroelectronics.X-CUBE-BLE2.3.3.0
2025-12-16 14:48:25,225 [WARN] PackLoader:240 - Cannot read IP mode file for STMicroelectronics.X-CUBE-NFC9.1.0.0
2025-12-16 14:48:25,230 [WARN] PackLoader:240 - Cannot read IP mode file for STMicroelectronics.X-CUBE-BLE1.7.1.0
2025-12-16 14:48:25,249 [WARN] PackLoader:240 - Cannot read IP mode file for STMicroelectronics.X-CUBE-AZRTOS-G0.1.1.0
2025-12-16 14:48:25,262 [WARN] PackLoader:240 - Cannot read IP mode file for STMicroelectronics.X-CUBE-NFC4.3.0.0
2025-12-16 14:48:25,270 [WARN] PackLoader:240 - Cannot read IP mode file for STMicroelectronics.X-CUBE-WB05N.2.0.0
2025-12-16 14:48:25,277 [WARN] PackLoader:240 - Cannot read IP mode file for STMicroelectronics.X-CUBE-TCPP.4.2.0
2025-12-16 14:48:25,285 [WARN] PackLoader:240 - Cannot read IP mode file for STMicroelectronics.FP-ATR-SIGFOX1.3.2.0
2025-12-16 14:48:25,294 [WARN] PackLoader:240 - Cannot read IP mode file for STMicroelectronics.X-CUBE-ALGOBUILD.1.4.0
2025-12-16 14:48:25,303 [WARN] PackLoader:240 - Cannot read IP mode file for STMicroelectronics.X-CUBE-PM33A1.1.0.0
2025-12-16 14:48:25,327 [WARN] PackLoader:240 - Cannot read IP mode file for STMicroelectronics.X-CUBE-AZRTOS-F4.1.1.0
2025-12-16 14:48:25,335 [WARN] PackLoader:240 - Cannot read IP mode file for STMicroelectronics.X-CUBE-ISPU.2.1.0
2025-12-16 14:48:25,355 [WARN] PackLoader:240 - Cannot read IP mode file for STMicroelectronics.X-CUBE-AZRTOS-L5.2.0.0
2025-12-16 14:48:25,365 [WARN] PackLoader:240 - Cannot read IP mode file for STMicroelectronics.X-CUBE-NFC6.3.1.0
2025-12-16 14:48:25,374 [WARN] PackLoader:240 - Cannot read IP mode file for STMicroelectronics.X-CUBE-DPower.1.3.0
2025-12-16 14:48:25,387 [WARN] ConditionMgr:438 - getConditionDescription Invalid condition id : LAN8742 Phy interface Condition cause : null
2025-12-16 14:48:25,388 [WARN] PackLoader:240 - Cannot read IP mode file for STMicroelectronics.X-CUBE-AZRTOS-L4.2.0.0
2025-12-16 14:48:25,389 [WARN] ConditionMgr:1044 - genDependencies : Invalid condition id : LAN8742 Phy interface Condition cause : null
2025-12-16 14:48:25,389 [WARN] ConditionMgr:1044 - genDependencies : Invalid condition id : LAN8742 Phy interface Condition cause : null
2025-12-16 14:48:25,390 [WARN] ConditionMgr:1044 - genDependencies : Invalid condition id : LAN8742 Phy interface Condition cause : null
2025-12-16 14:48:25,397 [WARN] PackLoader:240 - Cannot read IP mode file for STMicroelectronics.X-CUBE-SFXS2LP1.4.0.0
2025-12-16 14:48:25,410 [WARN] ConditionMgr:438 - getConditionDescription Invalid condition id : UX DEVICE CLASS RTOS Condition cause : null
2025-12-16 14:48:25,411 [WARN] ConditionMgr:438 - getConditionDescription Invalid condition id : UX DEVICE CLASS RTOS Condition cause : null
2025-12-16 14:48:25,413 [WARN] PackLoader:240 - Cannot read IP mode file for STMicroelectronics.X-CUBE-AZRTOS-WB.2.0.0
2025-12-16 14:48:25,413 [WARN] ConditionMgr:1044 - genDependencies : Invalid condition id : UX DEVICE CLASS RTOS Condition cause : null
2025-12-16 14:48:25,414 [WARN] ConditionMgr:1044 - genDependencies : Invalid condition id : UX DEVICE CLASS RTOS Condition cause : null
2025-12-16 14:48:25,414 [WARN] ConditionMgr:1044 - genDependencies : Invalid condition id : UX DEVICE CLASS RTOS Condition cause : null
2025-12-16 14:48:25,415 [WARN] ConditionMgr:1044 - genDependencies : Invalid condition id : UX DEVICE CLASS RTOS Condition cause : null
2025-12-16 14:48:25,415 [WARN] ConditionMgr:1044 - genDependencies : Invalid condition id : UX DEVICE CLASS RTOS Condition cause : null
2025-12-16 14:48:25,426 [WARN] PackLoader:240 - Cannot read IP mode file for STMicroelectronics.X-CUBE-SUBG2.5.0.0
2025-12-16 14:48:25,456 [WARN] PackLoader:240 - Cannot read IP mode file for STMicroelectronics.X-CUBE-AZRTOS-G4.2.0.0
2025-12-16 14:48:25,463 [WARN] PackLoader:240 - Cannot read IP mode file for STMicroelectronics.X-CUBE-NFC7.2.0.0
2025-12-16 14:48:25,469 [WARN] PackLoader:240 - Cannot read IP mode file for STMicroelectronics.X-CUBE-ALS.1.0.2
2025-12-16 14:48:25,480 [WARN] PackLoader:240 - Cannot read IP mode file for STMicroelectronics.X-CUBE-TOF1.3.4.3
2025-12-16 14:48:25,491 [INFO] ThirdParty:978 - Integrity check success = true
2025-12-16 14:48:25,492 [INFO] IntegrityCheckThread:100 - exiting critical section [integrity check]
2025-12-16 14:48:25,492 [INFO] IntegrityCheckThread:103 - End integrity checks thread
2025-12-16 14:48:25,787 [INFO] WebApp:169 - Instantiating new browser for Auth
2025-12-16 14:48:26,665 [INFO] WebApp:463 - Apply proxy settings
2025-12-16 14:48:26,666 [INFO] WebApp:548 - Chromium requires no authentication
2025-12-16 14:48:26,677 [INFO] WebApp:491 - Direct internet connection detected
2025-12-16 14:48:26,706 [INFO] WebApp:900 - Register for checkConnection events
2025-12-16 14:48:26,706 [INFO] WebApp:463 - Apply proxy settings
2025-12-16 14:48:26,707 [INFO] WebApp:548 - Chromium requires no authentication
2025-12-16 14:48:26,707 [INFO] WebApp:491 - Direct internet connection detected
2025-12-16 14:48:26,950 [INFO] WebApp:225 - Starting web application
2025-12-16 14:48:26,950 [INFO] WebApp:593 - Web application path used C:\ST\STM32CubeIDE_1.19.0\STM32CubeIDE\plugins\com.st.stm32cube.common.mx_6.15.0.202507011659\db\plugins\mcufinder\reactClient1\index.html
2025-12-16 14:48:27,485 [INFO] WebApp:191 - Connection restablished
2025-12-16 15:00:02,901 [ERROR] LogOutputStream:75 - [STDERR_REDIRECT] 
2025-12-16 15:20:12,474 [INFO] Activator:176 - 


2025-12-16 15:20:12,474 [INFO] Activator:177 - !SESSION log4j initialized
2025-12-16 15:20:17,971 [INFO] LogOutputStream:77 - [STDOUT_REDIRECT] 
2025-12-16 15:20:18,759 [INFO] ApplicationProperties:184 - Using Application install path: C:\ST\STM32CubeIDE_1.19.0\STM32CubeIDE\plugins\com.st.stm32cube.common.mx_6.15.0.202507011659
2025-12-16 15:20:18,780 [INFO] DbMcusXml:78 - Set database path to: C:\ST\STM32CubeIDE_1.19.0\STM32CubeIDE\plugins\com.st.stm32cube.common.mx_6.15.0.202507011659\\db\/mcu/
2025-12-16 15:20:18,780 [INFO] ApiDb:274 - Set plugin database path to: C:\ST\STM32CubeIDE_1.19.0\STM32CubeIDE\plugins\com.st.stm32cube.common.mx_6.15.0.202507011659\\db\/plugins/boardmanager/
2025-12-16 15:20:18,781 [WARN] ApiDb:259 - Overriding images path with different value:  => C:\ST\STM32CubeIDE_1.19.0\STM32CubeIDE\plugins\com.st.stm32cube.common.mx_6.15.0.202507011659\\db\/plugins/mcufinder/images/
2025-12-16 15:20:18,787 [INFO] ApiDb:250 - Set database path to: C:\Users\aditi\.stmcufinder\plugins\mcufinder//mcu/
2025-12-16 15:20:18,788 [INFO] DbMcusAds:125 - Set database path to: C:\Users\aditi\.stmcufinder\plugins\mcufinder//mcu/
2025-12-16 15:20:18,790 [INFO] CrossReferenceDbSqlite:203 - Set database path to: C:\Users\aditi\.stmcufinder\plugins\mcufinder//mcu/cs/
2025-12-16 15:20:18,907 [INFO] RulesReader:64 - Compatibility file has been processed (317 Rules)
2025-12-16 15:20:18,973 [INFO] DbMcusXml:78 - Set database path to: C:\ST\STM32CubeIDE_1.19.0\STM32CubeIDE\plugins\com.st.stm32cube.common.mx_6.15.0.202507011659\\db\/mcu/
2025-12-16 15:20:18,973 [INFO] ApiDb:274 - Set plugin database path to: C:\ST\STM32CubeIDE_1.19.0\STM32CubeIDE\plugins\com.st.stm32cube.common.mx_6.15.0.202507011659\\db\/plugins/boardmanager/
2025-12-16 15:20:18,973 [INFO] ApiDb:261 - Set plugin images path to: C:\ST\STM32CubeIDE_1.19.0\STM32CubeIDE\plugins\com.st.stm32cube.common.mx_6.15.0.202507011659\\db\/plugins/mcufinder/images/
2025-12-16 15:20:18,973 [WARN] DbFile:41 - Overriding database path with different value: C:\Users\aditi\.stmcufinder\plugins\mcufinder/ => C:\Users\aditi\.stmcufinder\plugins\mcufinder
2025-12-16 15:20:18,973 [INFO] ApiDb:250 - Set database path to: C:\Users\aditi\.stmcufinder\plugins\mcufinder//mcu/
2025-12-16 15:20:18,973 [WARN] DbFile:41 - Overriding database path with different value: C:\Users\aditi\.stmcufinder\plugins\mcufinder/ => C:\Users\aditi\.stmcufinder\plugins\mcufinder
2025-12-16 15:20:18,973 [INFO] DbMcusAds:125 - Set database path to: C:\Users\aditi\.stmcufinder\plugins\mcufinder//mcu/
2025-12-16 15:20:18,973 [WARN] DbFile:41 - Overriding database path with different value: C:\Users\aditi\.stmcufinder\plugins\mcufinder/ => C:\Users\aditi\.stmcufinder\plugins\mcufinder
2025-12-16 15:20:18,973 [WARN] DbFile:41 - Overriding database path with different value: C:\Users\aditi\.stmcufinder\plugins\mcufinder/ => C:\Users\aditi\.stmcufinder\plugins\mcufinder
2025-12-16 15:20:18,974 [INFO] CrossReferenceDbSqlite:203 - Set database path to: C:\Users\aditi\.stmcufinder\plugins\mcufinder//mcu/cs/
2025-12-16 15:20:19,026 [INFO] MainPanel:274 - HeapMemory: 268435456
2025-12-16 15:20:19,097 [INFO] DbMcusXml:78 - Set database path to: C:\ST\STM32CubeIDE_1.19.0\STM32CubeIDE\plugins\com.st.stm32cube.common.mx_6.15.0.202507011659\\db\/mcu/
2025-12-16 15:20:19,098 [INFO] ApiDb:274 - Set plugin database path to: C:\ST\STM32CubeIDE_1.19.0\STM32CubeIDE\plugins\com.st.stm32cube.common.mx_6.15.0.202507011659\\db\/plugins/boardmanager/
2025-12-16 15:20:19,098 [INFO] ApiDb:261 - Set plugin images path to: C:\ST\STM32CubeIDE_1.19.0\STM32CubeIDE\plugins\com.st.stm32cube.common.mx_6.15.0.202507011659\\db\/plugins/mcufinder/images/
2025-12-16 15:20:19,098 [WARN] DbFile:41 - Overriding database path with different value: C:\Users\aditi\.stmcufinder\plugins\mcufinder/ => C:\Users\aditi\.stmcufinder\plugins\mcufinder
2025-12-16 15:20:19,098 [INFO] ApiDb:250 - Set database path to: C:\Users\aditi\.stmcufinder\plugins\mcufinder//mcu/
2025-12-16 15:20:19,099 [WARN] DbFile:41 - Overriding database path with different value: C:\Users\aditi\.stmcufinder\plugins\mcufinder/ => C:\Users\aditi\.stmcufinder\plugins\mcufinder
2025-12-16 15:20:19,099 [INFO] DbMcusAds:125 - Set database path to: C:\Users\aditi\.stmcufinder\plugins\mcufinder//mcu/
2025-12-16 15:20:19,099 [WARN] DbFile:41 - Overriding database path with different value: C:\Users\aditi\.stmcufinder\plugins\mcufinder/ => C:\Users\aditi\.stmcufinder\plugins\mcufinder
2025-12-16 15:20:19,099 [WARN] DbFile:41 - Overriding database path with different value: C:\Users\aditi\.stmcufinder\plugins\mcufinder/ => C:\Users\aditi\.stmcufinder\plugins\mcufinder
2025-12-16 15:20:19,099 [INFO] CrossReferenceDbSqlite:203 - Set database path to: C:\Users\aditi\.stmcufinder\plugins\mcufinder//mcu/cs/
2025-12-16 15:20:19,130 [INFO] ApplicationProperties:184 - Using Application install path: C:\ST\STM32CubeIDE_1.19.0\STM32CubeIDE\plugins\com.st.stm32cube.common.mx_6.15.0.202507011659
2025-12-16 15:20:19,131 [INFO] PluginManage:196 - Search for loadable plugins [exclusion list=, ]
2025-12-16 15:20:19,133 [INFO] PluginManage:310 - Check plugin analytics
2025-12-16 15:20:19,398 [INFO] AnalyticsPlugin:253 - Accepted Software Licenses: 
2025-12-16 15:20:19,398 [INFO] AnalyticsPlugin:255 - Accepted CMSIS Pack Licenses: 
2025-12-16 15:20:19,398 [INFO] AnalyticsPlugin:257 - Accepted Firmware Licenses: 
2025-12-16 15:20:19,404 [INFO] PluginManage:359 - Loaded plugin analytics (category:tool,tabindex:-1)
2025-12-16 15:20:19,405 [INFO] PluginManage:310 - Check plugin cadmodel
2025-12-16 15:20:19,412 [INFO] CADModel:105 - Init CAD model plugin
2025-12-16 15:20:19,412 [INFO] PluginManage:359 - Loaded plugin cadmodel (category:power,tabindex:5)
2025-12-16 15:20:19,413 [INFO] PluginManage:310 - Check plugin clock
2025-12-16 15:20:19,428 [INFO] PluginManage:359 - Loaded plugin clock (category:base,tabindex:2)
2025-12-16 15:20:19,428 [INFO] PluginManage:310 - Check plugin ddr
2025-12-16 15:20:19,430 [INFO] PluginManage:359 - Loaded plugin ddr (category:tool,tabindex:6)
2025-12-16 15:20:19,431 [INFO] PluginManage:310 - Check plugin filemanager
2025-12-16 15:20:19,612 [INFO] PluginManage:359 - Loaded plugin filemanager (category:base,tabindex:10)
2025-12-16 15:20:19,612 [INFO] PluginManage:310 - Check plugin ipmanager
2025-12-16 15:20:19,619 [INFO] PluginManage:359 - Loaded plugin ipmanager (category:base,tabindex:5)
2025-12-16 15:20:19,619 [INFO] PluginManage:310 - Check plugin lpbam
2025-12-16 15:20:19,627 [INFO] PluginManage:359 - Loaded plugin lpbam (category:base,tabindex:0)
2025-12-16 15:20:19,628 [INFO] PluginManage:310 - Check plugin memorymap
2025-12-16 15:20:19,640 [INFO] PluginManage:359 - Loaded plugin memorymap (category:base,tabindex:4)
2025-12-16 15:20:19,641 [INFO] PluginManage:310 - Check plugin pinoutandconfiguration
2025-12-16 15:20:19,648 [INFO] PluginManage:359 - Loaded plugin pinoutandconfiguration (category:base,tabindex:1)
2025-12-16 15:20:19,648 [INFO] PluginManage:310 - Check plugin pinoutconfig
2025-12-16 15:20:19,722 [WARN] SupportedApi:132 - Cannot load RTOS API schema: s4s-elt-must-match.1: The content of 'definitions' must match (annotation?, (simpleType | complexType)?, (unique | key | keyref)*)). A problem was found starting at: attribute.
2025-12-16 15:20:19,813 [INFO] PluginManage:359 - Loaded plugin pinoutconfig (category:base,tabindex:0)
2025-12-16 15:20:19,813 [INFO] PluginManage:310 - Check plugin power
2025-12-16 15:20:19,819 [INFO] PluginManage:359 - Loaded plugin power (category:power,tabindex:4)
2025-12-16 15:20:19,819 [INFO] PluginManage:310 - Check plugin projectmanager
2025-12-16 15:20:19,836 [INFO] PluginManage:359 - Loaded plugin projectmanager (category:projectmanager,tabindex:4)
2025-12-16 15:20:19,837 [INFO] PluginManage:310 - Check plugin rif
2025-12-16 15:20:19,848 [INFO] PluginManage:359 - Loaded plugin rif (category:base,tabindex:3)
2025-12-16 15:20:19,848 [INFO] PluginManage:310 - Check plugin thirdparty
2025-12-16 15:20:19,957 [WARN] IntegrityCheckThread:84 - waiting for thirdparty lock release [integrity check]
2025-12-16 15:20:19,958 [INFO] IntegrityCheckThread:86 - entering critical section [integrity check]
2025-12-16 15:20:19,958 [INFO] ThirdPartyUpdaterWithRetryManager:70 - Updater plugin not ready yet. [1/15]
2025-12-16 15:20:19,958 [INFO] PluginManage:359 - Loaded plugin thirdparty (category:base,tabindex:-1)
2025-12-16 15:20:19,959 [INFO] PluginManage:310 - Check plugin tools
2025-12-16 15:20:19,963 [INFO] PluginManage:359 - Loaded plugin tools (category:base,tabindex:7)
2025-12-16 15:20:19,963 [INFO] PluginManage:310 - Check plugin tutovideos
2025-12-16 15:20:20,130 [INFO] PluginManage:359 - Loaded plugin tutovideos (category:base,tabindex:-1)
2025-12-16 15:20:20,131 [INFO] PluginManage:310 - Check plugin updater
2025-12-16 15:20:20,145 [INFO] PluginManage:359 - Loaded plugin updater (category:base,tabindex:12)
2025-12-16 15:20:20,146 [INFO] PluginManage:310 - Check plugin userauth
2025-12-16 15:20:20,148 [INFO] UserAuth:118 - Init User Auth plugin
2025-12-16 15:20:20,149 [INFO] PluginManage:359 - Loaded plugin userauth (category:base,tabindex:14)
2025-12-16 15:20:20,149 [INFO] PluginManage:283 - PluginManage : Loaded plugins [18]
2025-12-16 15:20:20,300 [INFO] PinOutPanel:1589 - setPackage(No Configuration,No Configuration)
2025-12-16 15:20:20,360 [INFO] CADModel:165 - CPN selected for project level
2025-12-16 15:20:20,360 [INFO] CADModel:114 - Register for checkConnection events
2025-12-16 15:20:20,375 [INFO] IPUIPlugin:80 - create IPUIPlugin
2025-12-16 15:20:20,375 [INFO] PluginManager:220 - loadIPPluginJar : add adc
2025-12-16 15:20:20,378 [INFO] IPUIPlugin:80 - create IPUIPlugin
2025-12-16 15:20:20,378 [INFO] PluginManager:220 - loadIPPluginJar : add aes
2025-12-16 15:20:20,381 [INFO] IPUIPlugin:80 - create IPUIPlugin
2025-12-16 15:20:20,381 [INFO] PluginManager:220 - loadIPPluginJar : add can
2025-12-16 15:20:20,383 [INFO] IPUIPlugin:80 - create IPUIPlugin
2025-12-16 15:20:20,383 [INFO] PluginManager:220 - loadIPPluginJar : add comp
2025-12-16 15:20:20,385 [INFO] IPUIPlugin:80 - create IPUIPlugin
2025-12-16 15:20:20,385 [INFO] PluginManager:220 - loadIPPluginJar : add cryp
2025-12-16 15:20:20,387 [INFO] IPUIPlugin:80 - create IPUIPlugin
2025-12-16 15:20:20,387 [INFO] PluginManager:220 - loadIPPluginJar : add ddr_ctrl_phy
2025-12-16 15:20:20,389 [INFO] IPUIPlugin:80 - create IPUIPlugin
2025-12-16 15:20:20,389 [INFO] PluginManager:220 - loadIPPluginJar : add dfsdm
2025-12-16 15:20:20,394 [INFO] IPUIPlugin:80 - create IPUIPlugin
2025-12-16 15:20:20,395 [INFO] PluginManager:220 - loadIPPluginJar : add dma
2025-12-16 15:20:20,397 [INFO] IPUIPlugin:80 - create IPUIPlugin
2025-12-16 15:20:20,397 [INFO] PluginManager:220 - loadIPPluginJar : add dma3
2025-12-16 15:20:20,400 [INFO] IPUIPlugin:80 - create IPUIPlugin
2025-12-16 15:20:20,400 [INFO] PluginManager:220 - loadIPPluginJar : add extmemmanager
2025-12-16 15:20:20,402 [INFO] IPUIPlugin:80 - create IPUIPlugin
2025-12-16 15:20:20,403 [INFO] PluginManager:220 - loadIPPluginJar : add fatfs
2025-12-16 15:20:20,408 [INFO] IPUIPlugin:80 - create IPUIPlugin
2025-12-16 15:20:20,408 [INFO] PluginManager:220 - loadIPPluginJar : add fmc
2025-12-16 15:20:20,415 [INFO] IPUIPlugin:80 - create IPUIPlugin
2025-12-16 15:20:20,415 [INFO] PluginManager:220 - loadIPPluginJar : add freertos
2025-12-16 15:20:20,416 [INFO] IPUIPlugin:80 - create IPUIPlugin
2025-12-16 15:20:20,417 [INFO] PluginManager:220 - loadIPPluginJar : add genericplugin
2025-12-16 15:20:20,419 [INFO] IPUIPlugin:80 - create IPUIPlugin
2025-12-16 15:20:20,419 [INFO] PluginManager:220 - loadIPPluginJar : add gfxmmu
2025-12-16 15:20:20,429 [INFO] IPUIPlugin:80 - create IPUIPlugin
2025-12-16 15:20:20,429 [INFO] PluginManager:220 - loadIPPluginJar : add gic
2025-12-16 15:20:20,433 [INFO] IPUIPlugin:80 - create IPUIPlugin
2025-12-16 15:20:20,434 [INFO] PluginManager:220 - loadIPPluginJar : add gpio
2025-12-16 15:20:20,438 [INFO] IPUIPlugin:80 - create IPUIPlugin
2025-12-16 15:20:20,438 [INFO] PluginManager:220 - loadIPPluginJar : add gtzc
2025-12-16 15:20:20,440 [INFO] IPUIPlugin:80 - create IPUIPlugin
2025-12-16 15:20:20,441 [INFO] PluginManager:220 - loadIPPluginJar : add hash
2025-12-16 15:20:20,445 [INFO] IPUIPlugin:80 - create IPUIPlugin
2025-12-16 15:20:20,445 [INFO] PluginManager:220 - loadIPPluginJar : add i2c
2025-12-16 15:20:20,448 [INFO] IPUIPlugin:80 - create IPUIPlugin
2025-12-16 15:20:20,448 [INFO] PluginManager:220 - loadIPPluginJar : add i2s
2025-12-16 15:20:20,451 [INFO] IPUIPlugin:80 - create IPUIPlugin
2025-12-16 15:20:20,452 [INFO] PluginManager:220 - loadIPPluginJar : add i3c
2025-12-16 15:20:20,456 [INFO] IPUIPlugin:80 - create IPUIPlugin
2025-12-16 15:20:20,456 [INFO] PluginManager:220 - loadIPPluginJar : add ipddr
2025-12-16 15:20:20,464 [INFO] IPUIPlugin:80 - create IPUIPlugin
2025-12-16 15:20:20,465 [INFO] PluginManager:220 - loadIPPluginJar : add linkedlist
2025-12-16 15:20:20,468 [INFO] IPUIPlugin:80 - create IPUIPlugin
2025-12-16 15:20:20,469 [INFO] PluginManager:220 - loadIPPluginJar : add lorawan
2025-12-16 15:20:20,470 [INFO] IPUIPlugin:80 - create IPUIPlugin
2025-12-16 15:20:20,471 [INFO] PluginManager:220 - loadIPPluginJar : add ltdc
2025-12-16 15:20:20,477 [INFO] IPUIPlugin:80 - create IPUIPlugin
2025-12-16 15:20:20,477 [INFO] PluginManager:220 - loadIPPluginJar : add mdma
2025-12-16 15:20:20,480 [INFO] IPUIPlugin:80 - create IPUIPlugin
2025-12-16 15:20:20,480 [INFO] PluginManager:220 - loadIPPluginJar : add nvic
2025-12-16 15:20:20,484 [INFO] IPUIPlugin:80 - create IPUIPlugin
2025-12-16 15:20:20,484 [INFO] PluginManager:220 - loadIPPluginJar : add opamp
2025-12-16 15:20:20,487 [INFO] IPUIPlugin:80 - create IPUIPlugin
2025-12-16 15:20:20,487 [INFO] PluginManager:220 - loadIPPluginJar : add openamp
2025-12-16 15:20:20,489 [INFO] IPUIPlugin:80 - create IPUIPlugin
2025-12-16 15:20:20,490 [INFO] PluginManager:220 - loadIPPluginJar : add pdm2pcm
2025-12-16 15:20:20,496 [INFO] IPUIPlugin:80 - create IPUIPlugin
2025-12-16 15:20:20,497 [INFO] PluginManager:220 - loadIPPluginJar : add plateformsettings
2025-12-16 15:20:20,499 [INFO] IPUIPlugin:80 - create IPUIPlugin
2025-12-16 15:20:20,499 [INFO] PluginManager:220 - loadIPPluginJar : add quadspi
2025-12-16 15:20:20,501 [INFO] IPUIPlugin:80 - create IPUIPlugin
2025-12-16 15:20:20,502 [INFO] PluginManager:220 - loadIPPluginJar : add radio
2025-12-16 15:20:20,505 [INFO] IPUIPlugin:80 - create IPUIPlugin
2025-12-16 15:20:20,506 [INFO] PluginManager:220 - loadIPPluginJar : add resmgrutility
2025-12-16 15:20:20,509 [INFO] IPUIPlugin:80 - create IPUIPlugin
2025-12-16 15:20:20,510 [INFO] PluginManager:220 - loadIPPluginJar : add sai
2025-12-16 15:20:20,512 [INFO] IPUIPlugin:80 - create IPUIPlugin
2025-12-16 15:20:20,512 [INFO] PluginManager:220 - loadIPPluginJar : add spi
2025-12-16 15:20:20,519 [INFO] IPUIPlugin:80 - create IPUIPlugin
2025-12-16 15:20:20,519 [INFO] PluginManager:220 - loadIPPluginJar : add stm32_wpan
2025-12-16 15:20:20,521 [INFO] IPUIPlugin:80 - create IPUIPlugin
2025-12-16 15:20:20,521 [INFO] PluginManager:220 - loadIPPluginJar : add tim
2025-12-16 15:20:20,525 [INFO] IPUIPlugin:80 - create IPUIPlugin
2025-12-16 15:20:20,525 [INFO] PluginManager:220 - loadIPPluginJar : add touchsensing
2025-12-16 15:20:20,529 [INFO] IPUIPlugin:80 - create IPUIPlugin
2025-12-16 15:20:20,529 [INFO] PluginManager:220 - loadIPPluginJar : add tracer_emb
2025-12-16 15:20:20,532 [INFO] IPUIPlugin:80 - create IPUIPlugin
2025-12-16 15:20:20,532 [INFO] PluginManager:220 - loadIPPluginJar : add ts
2025-12-16 15:20:20,534 [INFO] IPUIPlugin:80 - create IPUIPlugin
2025-12-16 15:20:20,534 [INFO] PluginManager:220 - loadIPPluginJar : add tsc
2025-12-16 15:20:20,537 [INFO] IPUIPlugin:80 - create IPUIPlugin
2025-12-16 15:20:20,537 [INFO] PluginManager:220 - loadIPPluginJar : add ucpd
2025-12-16 15:20:20,539 [INFO] IPUIPlugin:80 - create IPUIPlugin
2025-12-16 15:20:20,539 [INFO] PluginManager:220 - loadIPPluginJar : add usart
2025-12-16 15:20:20,542 [INFO] IPUIPlugin:80 - create IPUIPlugin
2025-12-16 15:20:20,542 [INFO] PluginManager:220 - loadIPPluginJar : add usbx
2025-12-16 15:20:20,666 [FATAL] Updater:351 - Updater called before beeing initialized
2025-12-16 15:20:20,693 [INFO] RulesReader:64 - Compatibility file has been processed (317 Rules)
2025-12-16 15:20:20,703 [INFO] RulesReader:64 - Compatibility file has been processed (317 Rules)
2025-12-16 15:20:20,715 [INFO] CADModel:165 - CPN selected for project level
2025-12-16 15:20:20,716 [INFO] CADModel:114 - Register for checkConnection events
2025-12-16 15:20:20,716 [FATAL] Updater:351 - Updater called before beeing initialized
2025-12-16 15:20:20,716 [ERROR] CADModel:125 - Updater not yet initialized, retry later 
2025-12-16 15:20:20,852 [FATAL] Updater:351 - Updater called before beeing initialized
2025-12-16 15:20:20,853 [INFO] CADModel:165 - CPN selected for project level
2025-12-16 15:20:20,853 [INFO] CADModel:114 - Register for checkConnection events
2025-12-16 15:20:20,853 [FATAL] Updater:351 - Updater called before beeing initialized
2025-12-16 15:20:20,853 [ERROR] CADModel:125 - Updater not yet initialized, retry later 
2025-12-16 15:20:20,856 [FATAL] Updater:351 - Updater called before beeing initialized
2025-12-16 15:20:20,973 [FATAL] Updater:351 - Updater called before beeing initialized
2025-12-16 15:20:20,978 [INFO] DbMcusAds:53 - JSON generation date=Mon Dec 08 19:58:09 IST 2025 (1765204089998)
2025-12-16 15:20:20,979 [FATAL] Updater:351 - Updater called before beeing initialized
2025-12-16 15:20:21,007 [WARN] DetailPanel:346 - Failed to get advertising image, set to default
2025-12-16 15:20:21,068 [FATAL] Updater:351 - Updater called before beeing initialized
2025-12-16 15:20:21,069 [FATAL] Updater:351 - Updater called before beeing initialized
2025-12-16 15:20:21,069 [FATAL] Updater:351 - Updater called before beeing initialized
2025-12-16 15:20:21,070 [WARN] DetailPanel:346 - Failed to get advertising image, set to default
2025-12-16 15:20:21,070 [FATAL] Updater:351 - Updater called before beeing initialized
2025-12-16 15:20:21,104 [ERROR] Updater:1198 - MainUpdater not yet initialized. External WinMGr cannot be set.
2025-12-16 15:20:21,105 [INFO] Updater:1134 - Updater Version found : 6.15.0
2025-12-16 15:20:21,118 [INFO] ApplicationProperties:184 - Using Application install path: C:\ST\STM32CubeIDE_1.19.0\STM32CubeIDE\plugins\com.st.stm32cube.common.mx_6.15.0.202507011659
2025-12-16 15:20:22,686 [ERROR] LogOutputStream:75 - [STDERR_REDIRECT] Dec 16, 2025 3:20:22 PM java.util.prefs.WindowsPreferences <init>
2025-12-16 15:20:22,687 [ERROR] LogOutputStream:75 - [STDERR_REDIRECT] WARNING: Could not open/create prefs root node Software\JavaSoft\Prefs at root 0xffffffff80000002. Windows RegCreateKeyEx(...) returned error code 5.
2025-12-16 15:20:22,687 [ERROR] LogOutputStream:75 - [STDERR_REDIRECT] 
2025-12-16 15:20:22,950 [INFO] MainUpdater:2872 - connection check result : 10
2025-12-16 15:20:22,951 [INFO] MainUpdater:289 - Updater Check For Update Now.
2025-12-16 15:20:22,951 [INFO] MicroXplorer:498 - Change Database Version : DB.6.0.150
2025-12-16 15:20:22,956 [INFO] McuFinderGlobals:63 - Set McuFinder mode to 2 (CubeIDE integrated)
2025-12-16 15:20:22,956 [INFO] UserAuth:171 - activating auth plugin
2025-12-16 15:20:22,959 [WARN] MainUpdater:1193 - Updater busy. Cannot search thirdparties
2025-12-16 15:20:22,959 [INFO] ThirdPartyUpdaterWithRetryManager:96 - Updater plugin is busy. [1/15]
2025-12-16 15:20:22,961 [INFO] UserAuth:487 - Internet connection configuration mode: 1
2025-12-16 15:20:23,007 [INFO] JxBrowserEngine:152 - Initiate JxBrowser Engine with user profile folder
2025-12-16 15:20:23,130 [INFO] CheckServerUpdateThread:120 - End of CheckServer Thread
2025-12-16 15:20:23,676 [INFO] WebApp:169 - Instantiating new browser for Auth
2025-12-16 15:20:24,180 [INFO] WebApp:463 - Apply proxy settings
2025-12-16 15:20:24,181 [INFO] WebApp:548 - Chromium requires no authentication
2025-12-16 15:20:24,190 [INFO] WebApp:491 - Direct internet connection detected
2025-12-16 15:20:24,207 [INFO] WebApp:900 - Register for checkConnection events
2025-12-16 15:20:24,207 [INFO] WebApp:463 - Apply proxy settings
2025-12-16 15:20:24,208 [INFO] WebApp:548 - Chromium requires no authentication
2025-12-16 15:20:24,208 [INFO] WebApp:491 - Direct internet connection detected
2025-12-16 15:20:24,317 [INFO] WebApp:225 - Starting web application
2025-12-16 15:20:24,317 [INFO] WebApp:593 - Web application path used C:\ST\STM32CubeIDE_1.19.0\STM32CubeIDE\plugins\com.st.stm32cube.common.mx_6.15.0.202507011659\db\plugins\mcufinder\reactClient1\index.html
2025-12-16 15:20:24,810 [INFO] WebApp:191 - Connection restablished
2025-12-16 15:20:26,141 [WARN] PackLoader:240 - Cannot read IP mode file for STMicroelectronics.FP-SNS-MOTENVWB1.1.4.0
2025-12-16 15:20:26,147 [WARN] PackLoader:240 - Cannot read IP mode file for STMicroelectronics.FP-ATR-ASTRA1.2.0.2
2025-12-16 15:20:26,155 [WARN] PackLoader:240 - Cannot read IP mode file for STMicroelectronics.X-CUBE-SMBUS.2.1.0
2025-12-16 15:20:26,180 [WARN] PackLoader:240 - Cannot read IP mode file for STMicroelectronics.X-CUBE-AZRTOS-F7.1.1.0
2025-12-16 15:20:26,198 [WARN] PackLoader:240 - Cannot read IP mode file for STMicroelectronics.X-CUBE-DISPLAY.3.0.0
2025-12-16 15:20:26,232 [WARN] PackLoader:240 - Cannot read IP mode file for STMicroelectronics.X-CUBE-NFC10.1.0.0
2025-12-16 15:20:26,243 [WARN] PackLoader:240 - Cannot read IP mode file for STMicroelectronics.FP-SNS-SMARTAG2.1.2.0
2025-12-16 15:20:26,279 [WARN] PackLoader:240 - Cannot read IP mode file for STMicroelectronics.FP-SNS-FLIGHT1.5.1.0
2025-12-16 15:20:26,296 [INFO] LogOutputStream:77 - [STDOUT_REDIRECT] 1 : Invalid condition id : UX_CORESTACK_Condition cause : null
2025-12-16 15:20:26,298 [INFO] LogOutputStream:77 - [STDOUT_REDIRECT] 1 : Invalid condition id : UX_CORESTACK_Condition cause : null
2025-12-16 15:20:26,300 [INFO] LogOutputStream:77 - [STDOUT_REDIRECT] 1 : Invalid condition id : UX_CORESTACK_Condition cause : null
2025-12-16 15:20:26,301 [INFO] LogOutputStream:77 - [STDOUT_REDIRECT] 1 : Invalid condition id : UX_CORESTACK_Condition cause : null
2025-12-16 15:20:26,302 [INFO] LogOutputStream:77 - [STDOUT_REDIRECT] 1 : Invalid condition id : UX_CORESTACK_Condition cause : null
2025-12-16 15:20:26,305 [WARN] PackLoader:240 - Cannot read IP mode file for STMicroelectronics.X-CUBE-AZRTOS-WL.2.0.0
2025-12-16 15:20:26,313 [WARN] PackLoader:240 - Cannot read IP mode file for STMicroelectronics.X-CUBE-BLE2.3.3.0
2025-12-16 15:20:26,318 [WARN] PackLoader:240 - Cannot read IP mode file for STMicroelectronics.X-CUBE-NFC9.1.0.0
2025-12-16 15:20:26,325 [WARN] PackLoader:240 - Cannot read IP mode file for STMicroelectronics.X-CUBE-BLE1.7.1.0
2025-12-16 15:20:26,335 [WARN] PackLoader:240 - Cannot read IP mode file for STMicroelectronics.X-CUBE-AZRTOS-G0.1.1.0
2025-12-16 15:20:26,342 [WARN] PackLoader:240 - Cannot read IP mode file for STMicroelectronics.X-CUBE-NFC4.3.0.0
2025-12-16 15:20:26,347 [WARN] PackLoader:240 - Cannot read IP mode file for STMicroelectronics.X-CUBE-WB05N.2.0.0
2025-12-16 15:20:26,352 [WARN] PackLoader:240 - Cannot read IP mode file for STMicroelectronics.X-CUBE-TCPP.4.2.0
2025-12-16 15:20:26,359 [WARN] PackLoader:240 - Cannot read IP mode file for STMicroelectronics.FP-ATR-SIGFOX1.3.2.0
2025-12-16 15:20:26,364 [WARN] PackLoader:240 - Cannot read IP mode file for STMicroelectronics.X-CUBE-ALGOBUILD.1.4.0
2025-12-16 15:20:26,371 [WARN] PackLoader:240 - Cannot read IP mode file for STMicroelectronics.X-CUBE-PM33A1.1.0.0
2025-12-16 15:20:26,388 [WARN] PackLoader:240 - Cannot read IP mode file for STMicroelectronics.X-CUBE-AZRTOS-F4.1.1.0
2025-12-16 15:20:26,398 [WARN] PackLoader:240 - Cannot read IP mode file for STMicroelectronics.X-CUBE-ISPU.2.1.0
2025-12-16 15:20:26,409 [WARN] PackLoader:240 - Cannot read IP mode file for STMicroelectronics.X-CUBE-AZRTOS-L5.2.0.0
2025-12-16 15:20:26,415 [WARN] PackLoader:240 - Cannot read IP mode file for STMicroelectronics.X-CUBE-NFC6.3.1.0
2025-12-16 15:20:26,423 [WARN] PackLoader:240 - Cannot read IP mode file for STMicroelectronics.X-CUBE-DPower.1.3.0
2025-12-16 15:20:26,433 [WARN] ConditionMgr:438 - getConditionDescription Invalid condition id : LAN8742 Phy interface Condition cause : null
2025-12-16 15:20:26,434 [WARN] PackLoader:240 - Cannot read IP mode file for STMicroelectronics.X-CUBE-AZRTOS-L4.2.0.0
2025-12-16 15:20:26,434 [WARN] ConditionMgr:1044 - genDependencies : Invalid condition id : LAN8742 Phy interface Condition cause : null
2025-12-16 15:20:26,435 [WARN] ConditionMgr:1044 - genDependencies : Invalid condition id : LAN8742 Phy interface Condition cause : null
2025-12-16 15:20:26,435 [WARN] ConditionMgr:1044 - genDependencies : Invalid condition id : LAN8742 Phy interface Condition cause : null
2025-12-16 15:20:26,444 [WARN] PackLoader:240 - Cannot read IP mode file for STMicroelectronics.X-CUBE-SFXS2LP1.4.0.0
2025-12-16 15:20:26,454 [WARN] ConditionMgr:438 - getConditionDescription Invalid condition id : UX DEVICE CLASS RTOS Condition cause : null
2025-12-16 15:20:26,454 [WARN] ConditionMgr:438 - getConditionDescription Invalid condition id : UX DEVICE CLASS RTOS Condition cause : null
2025-12-16 15:20:26,456 [WARN] PackLoader:240 - Cannot read IP mode file for STMicroelectronics.X-CUBE-AZRTOS-WB.2.0.0
2025-12-16 15:20:26,457 [WARN] ConditionMgr:1044 - genDependencies : Invalid condition id : UX DEVICE CLASS RTOS Condition cause : null
2025-12-16 15:20:26,457 [WARN] ConditionMgr:1044 - genDependencies : Invalid condition id : UX DEVICE CLASS RTOS Condition cause : null
2025-12-16 15:20:26,458 [WARN] ConditionMgr:1044 - genDependencies : Invalid condition id : UX DEVICE CLASS RTOS Condition cause : null
2025-12-16 15:20:26,458 [WARN] ConditionMgr:1044 - genDependencies : Invalid condition id : UX DEVICE CLASS RTOS Condition cause : null
2025-12-16 15:20:26,459 [WARN] ConditionMgr:1044 - genDependencies : Invalid condition id : UX DEVICE CLASS RTOS Condition cause : null
2025-12-16 15:20:26,473 [WARN] PackLoader:240 - Cannot read IP mode file for STMicroelectronics.X-CUBE-SUBG2.5.0.0
2025-12-16 15:20:26,487 [WARN] PackLoader:240 - Cannot read IP mode file for STMicroelectronics.X-CUBE-AZRTOS-G4.2.0.0
2025-12-16 15:20:26,497 [WARN] PackLoader:240 - Cannot read IP mode file for STMicroelectronics.X-CUBE-NFC7.2.0.0
2025-12-16 15:20:26,502 [WARN] PackLoader:240 - Cannot read IP mode file for STMicroelectronics.X-CUBE-ALS.1.0.2
2025-12-16 15:20:26,514 [WARN] PackLoader:240 - Cannot read IP mode file for STMicroelectronics.X-CUBE-TOF1.3.4.3
2025-12-16 15:20:26,523 [INFO] ThirdParty:978 - Integrity check success = true
2025-12-16 15:20:26,524 [INFO] IntegrityCheckThread:100 - exiting critical section [integrity check]
2025-12-16 15:20:26,524 [INFO] IntegrityCheckThread:103 - End integrity checks thread
2025-12-16 15:22:08,687 [ERROR] LogOutputStream:75 - [STDERR_REDIRECT] 
2025-12-16 15:24:14,998 [INFO] Activator:176 - 


2025-12-16 15:24:15,000 [INFO] Activator:177 - !SESSION log4j initialized
2025-12-16 15:24:19,224 [INFO] LogOutputStream:77 - [STDOUT_REDIRECT] 
2025-12-16 15:24:20,298 [INFO] ApplicationProperties:184 - Using Application install path: C:\ST\STM32CubeIDE_1.19.0\STM32CubeIDE\plugins\com.st.stm32cube.common.mx_6.15.0.202507011659
2025-12-16 15:24:20,318 [INFO] DbMcusXml:78 - Set database path to: C:\ST\STM32CubeIDE_1.19.0\STM32CubeIDE\plugins\com.st.stm32cube.common.mx_6.15.0.202507011659\\db\/mcu/
2025-12-16 15:24:20,319 [INFO] ApiDb:274 - Set plugin database path to: C:\ST\STM32CubeIDE_1.19.0\STM32CubeIDE\plugins\com.st.stm32cube.common.mx_6.15.0.202507011659\\db\/plugins/boardmanager/
2025-12-16 15:24:20,319 [WARN] ApiDb:259 - Overriding images path with different value:  => C:\ST\STM32CubeIDE_1.19.0\STM32CubeIDE\plugins\com.st.stm32cube.common.mx_6.15.0.202507011659\\db\/plugins/mcufinder/images/
2025-12-16 15:24:20,325 [INFO] ApiDb:250 - Set database path to: C:\Users\aditi\.stmcufinder\plugins\mcufinder//mcu/
2025-12-16 15:24:20,327 [INFO] DbMcusAds:125 - Set database path to: C:\Users\aditi\.stmcufinder\plugins\mcufinder//mcu/
2025-12-16 15:24:20,328 [INFO] CrossReferenceDbSqlite:203 - Set database path to: C:\Users\aditi\.stmcufinder\plugins\mcufinder//mcu/cs/
2025-12-16 15:24:20,423 [INFO] RulesReader:64 - Compatibility file has been processed (317 Rules)
2025-12-16 15:24:20,506 [INFO] DbMcusXml:78 - Set database path to: C:\ST\STM32CubeIDE_1.19.0\STM32CubeIDE\plugins\com.st.stm32cube.common.mx_6.15.0.202507011659\\db\/mcu/
2025-12-16 15:24:20,506 [INFO] ApiDb:274 - Set plugin database path to: C:\ST\STM32CubeIDE_1.19.0\STM32CubeIDE\plugins\com.st.stm32cube.common.mx_6.15.0.202507011659\\db\/plugins/boardmanager/
2025-12-16 15:24:20,507 [INFO] ApiDb:261 - Set plugin images path to: C:\ST\STM32CubeIDE_1.19.0\STM32CubeIDE\plugins\com.st.stm32cube.common.mx_6.15.0.202507011659\\db\/plugins/mcufinder/images/
2025-12-16 15:24:20,507 [WARN] DbFile:41 - Overriding database path with different value: C:\Users\aditi\.stmcufinder\plugins\mcufinder/ => C:\Users\aditi\.stmcufinder\plugins\mcufinder
2025-12-16 15:24:20,507 [INFO] ApiDb:250 - Set database path to: C:\Users\aditi\.stmcufinder\plugins\mcufinder//mcu/
2025-12-16 15:24:20,507 [WARN] DbFile:41 - Overriding database path with different value: C:\Users\aditi\.stmcufinder\plugins\mcufinder/ => C:\Users\aditi\.stmcufinder\plugins\mcufinder
2025-12-16 15:24:20,507 [INFO] DbMcusAds:125 - Set database path to: C:\Users\aditi\.stmcufinder\plugins\mcufinder//mcu/
2025-12-16 15:24:20,507 [WARN] DbFile:41 - Overriding database path with different value: C:\Users\aditi\.stmcufinder\plugins\mcufinder/ => C:\Users\aditi\.stmcufinder\plugins\mcufinder
2025-12-16 15:24:20,507 [WARN] DbFile:41 - Overriding database path with different value: C:\Users\aditi\.stmcufinder\plugins\mcufinder/ => C:\Users\aditi\.stmcufinder\plugins\mcufinder
2025-12-16 15:24:20,507 [INFO] CrossReferenceDbSqlite:203 - Set database path to: C:\Users\aditi\.stmcufinder\plugins\mcufinder//mcu/cs/
2025-12-16 15:24:20,573 [INFO] MainPanel:274 - HeapMemory: 268435456
2025-12-16 15:24:20,647 [INFO] DbMcusXml:78 - Set database path to: C:\ST\STM32CubeIDE_1.19.0\STM32CubeIDE\plugins\com.st.stm32cube.common.mx_6.15.0.202507011659\\db\/mcu/
2025-12-16 15:24:20,647 [INFO] ApiDb:274 - Set plugin database path to: C:\ST\STM32CubeIDE_1.19.0\STM32CubeIDE\plugins\com.st.stm32cube.common.mx_6.15.0.202507011659\\db\/plugins/boardmanager/
2025-12-16 15:24:20,647 [INFO] ApiDb:261 - Set plugin images path to: C:\ST\STM32CubeIDE_1.19.0\STM32CubeIDE\plugins\com.st.stm32cube.common.mx_6.15.0.202507011659\\db\/plugins/mcufinder/images/
2025-12-16 15:24:20,647 [WARN] DbFile:41 - Overriding database path with different value: C:\Users\aditi\.stmcufinder\plugins\mcufinder/ => C:\Users\aditi\.stmcufinder\plugins\mcufinder
2025-12-16 15:24:20,648 [INFO] ApiDb:250 - Set database path to: C:\Users\aditi\.stmcufinder\plugins\mcufinder//mcu/
2025-12-16 15:24:20,648 [WARN] DbFile:41 - Overriding database path with different value: C:\Users\aditi\.stmcufinder\plugins\mcufinder/ => C:\Users\aditi\.stmcufinder\plugins\mcufinder
2025-12-16 15:24:20,648 [INFO] DbMcusAds:125 - Set database path to: C:\Users\aditi\.stmcufinder\plugins\mcufinder//mcu/
2025-12-16 15:24:20,648 [WARN] DbFile:41 - Overriding database path with different value: C:\Users\aditi\.stmcufinder\plugins\mcufinder/ => C:\Users\aditi\.stmcufinder\plugins\mcufinder
2025-12-16 15:24:20,648 [WARN] DbFile:41 - Overriding database path with different value: C:\Users\aditi\.stmcufinder\plugins\mcufinder/ => C:\Users\aditi\.stmcufinder\plugins\mcufinder
2025-12-16 15:24:20,648 [INFO] CrossReferenceDbSqlite:203 - Set database path to: C:\Users\aditi\.stmcufinder\plugins\mcufinder//mcu/cs/
2025-12-16 15:24:20,663 [INFO] ApplicationProperties:184 - Using Application install path: C:\ST\STM32CubeIDE_1.19.0\STM32CubeIDE\plugins\com.st.stm32cube.common.mx_6.15.0.202507011659
2025-12-16 15:24:20,664 [INFO] PluginManage:196 - Search for loadable plugins [exclusion list=, ]
2025-12-16 15:24:20,665 [INFO] PluginManage:310 - Check plugin analytics
2025-12-16 15:24:20,888 [INFO] AnalyticsPlugin:253 - Accepted Software Licenses: 
2025-12-16 15:24:20,888 [INFO] AnalyticsPlugin:255 - Accepted CMSIS Pack Licenses: 
2025-12-16 15:24:20,888 [INFO] AnalyticsPlugin:257 - Accepted Firmware Licenses: 
2025-12-16 15:24:20,896 [INFO] PluginManage:359 - Loaded plugin analytics (category:tool,tabindex:-1)
2025-12-16 15:24:20,896 [INFO] PluginManage:310 - Check plugin cadmodel
2025-12-16 15:24:20,903 [INFO] CADModel:105 - Init CAD model plugin
2025-12-16 15:24:20,903 [INFO] PluginManage:359 - Loaded plugin cadmodel (category:power,tabindex:5)
2025-12-16 15:24:20,903 [INFO] PluginManage:310 - Check plugin clock
2025-12-16 15:24:20,913 [INFO] PluginManage:359 - Loaded plugin clock (category:base,tabindex:2)
2025-12-16 15:24:20,913 [INFO] PluginManage:310 - Check plugin ddr
2025-12-16 15:24:20,915 [INFO] PluginManage:359 - Loaded plugin ddr (category:tool,tabindex:6)
2025-12-16 15:24:20,915 [INFO] PluginManage:310 - Check plugin filemanager
2025-12-16 15:24:21,061 [INFO] PluginManage:359 - Loaded plugin filemanager (category:base,tabindex:10)
2025-12-16 15:24:21,061 [INFO] PluginManage:310 - Check plugin ipmanager
2025-12-16 15:24:21,067 [INFO] PluginManage:359 - Loaded plugin ipmanager (category:base,tabindex:5)
2025-12-16 15:24:21,068 [INFO] PluginManage:310 - Check plugin lpbam
2025-12-16 15:24:21,075 [INFO] PluginManage:359 - Loaded plugin lpbam (category:base,tabindex:0)
2025-12-16 15:24:21,075 [INFO] PluginManage:310 - Check plugin memorymap
2025-12-16 15:24:21,086 [INFO] PluginManage:359 - Loaded plugin memorymap (category:base,tabindex:4)
2025-12-16 15:24:21,087 [INFO] PluginManage:310 - Check plugin pinoutandconfiguration
2025-12-16 15:24:21,093 [INFO] PluginManage:359 - Loaded plugin pinoutandconfiguration (category:base,tabindex:1)
2025-12-16 15:24:21,094 [INFO] PluginManage:310 - Check plugin pinoutconfig
2025-12-16 15:24:21,172 [WARN] SupportedApi:132 - Cannot load RTOS API schema: s4s-elt-must-match.1: The content of 'definitions' must match (annotation?, (simpleType | complexType)?, (unique | key | keyref)*)). A problem was found starting at: attribute.
2025-12-16 15:24:21,305 [INFO] PluginManage:359 - Loaded plugin pinoutconfig (category:base,tabindex:0)
2025-12-16 15:24:21,306 [INFO] PluginManage:310 - Check plugin power
2025-12-16 15:24:21,313 [INFO] PluginManage:359 - Loaded plugin power (category:power,tabindex:4)
2025-12-16 15:24:21,313 [INFO] PluginManage:310 - Check plugin projectmanager
2025-12-16 15:24:21,331 [INFO] PluginManage:359 - Loaded plugin projectmanager (category:projectmanager,tabindex:4)
2025-12-16 15:24:21,331 [INFO] PluginManage:310 - Check plugin rif
2025-12-16 15:24:21,339 [INFO] PluginManage:359 - Loaded plugin rif (category:base,tabindex:3)
2025-12-16 15:24:21,339 [INFO] PluginManage:310 - Check plugin thirdparty
2025-12-16 15:24:21,468 [WARN] IntegrityCheckThread:84 - waiting for thirdparty lock release [integrity check]
2025-12-16 15:24:21,469 [INFO] IntegrityCheckThread:86 - entering critical section [integrity check]
2025-12-16 15:24:21,469 [INFO] PluginManage:359 - Loaded plugin thirdparty (category:base,tabindex:-1)
2025-12-16 15:24:21,469 [INFO] ThirdPartyUpdaterWithRetryManager:70 - Updater plugin not ready yet. [1/15]
2025-12-16 15:24:21,469 [INFO] PluginManage:310 - Check plugin tools
2025-12-16 15:24:21,474 [INFO] PluginManage:359 - Loaded plugin tools (category:base,tabindex:7)
2025-12-16 15:24:21,474 [INFO] PluginManage:310 - Check plugin tutovideos
2025-12-16 15:24:21,609 [INFO] PluginManage:359 - Loaded plugin tutovideos (category:base,tabindex:-1)
2025-12-16 15:24:21,609 [INFO] PluginManage:310 - Check plugin updater
2025-12-16 15:24:21,625 [INFO] PluginManage:359 - Loaded plugin updater (category:base,tabindex:12)
2025-12-16 15:24:21,625 [INFO] PluginManage:310 - Check plugin userauth
2025-12-16 15:24:21,628 [INFO] UserAuth:118 - Init User Auth plugin
2025-12-16 15:24:21,629 [INFO] PluginManage:359 - Loaded plugin userauth (category:base,tabindex:14)
2025-12-16 15:24:21,629 [INFO] PluginManage:283 - PluginManage : Loaded plugins [18]
2025-12-16 15:24:21,808 [INFO] PinOutPanel:1589 - setPackage(No Configuration,No Configuration)
2025-12-16 15:24:21,879 [INFO] CADModel:165 - CPN selected for project level
2025-12-16 15:24:21,879 [INFO] CADModel:114 - Register for checkConnection events
2025-12-16 15:24:21,898 [INFO] IPUIPlugin:80 - create IPUIPlugin
2025-12-16 15:24:21,898 [INFO] PluginManager:220 - loadIPPluginJar : add adc
2025-12-16 15:24:21,902 [INFO] IPUIPlugin:80 - create IPUIPlugin
2025-12-16 15:24:21,902 [INFO] PluginManager:220 - loadIPPluginJar : add aes
2025-12-16 15:24:21,906 [INFO] IPUIPlugin:80 - create IPUIPlugin
2025-12-16 15:24:21,906 [INFO] PluginManager:220 - loadIPPluginJar : add can
2025-12-16 15:24:21,909 [INFO] IPUIPlugin:80 - create IPUIPlugin
2025-12-16 15:24:21,910 [INFO] PluginManager:220 - loadIPPluginJar : add comp
2025-12-16 15:24:21,913 [INFO] IPUIPlugin:80 - create IPUIPlugin
2025-12-16 15:24:21,913 [INFO] PluginManager:220 - loadIPPluginJar : add cryp
2025-12-16 15:24:21,917 [INFO] IPUIPlugin:80 - create IPUIPlugin
2025-12-16 15:24:21,917 [INFO] PluginManager:220 - loadIPPluginJar : add ddr_ctrl_phy
2025-12-16 15:24:21,922 [INFO] IPUIPlugin:80 - create IPUIPlugin
2025-12-16 15:24:21,923 [INFO] PluginManager:220 - loadIPPluginJar : add dfsdm
2025-12-16 15:24:21,933 [INFO] IPUIPlugin:80 - create IPUIPlugin
2025-12-16 15:24:21,934 [INFO] PluginManager:220 - loadIPPluginJar : add dma
2025-12-16 15:24:21,938 [INFO] IPUIPlugin:80 - create IPUIPlugin
2025-12-16 15:24:21,938 [INFO] PluginManager:220 - loadIPPluginJar : add dma3
2025-12-16 15:24:21,942 [INFO] IPUIPlugin:80 - create IPUIPlugin
2025-12-16 15:24:21,942 [INFO] PluginManager:220 - loadIPPluginJar : add extmemmanager
2025-12-16 15:24:21,944 [INFO] IPUIPlugin:80 - create IPUIPlugin
2025-12-16 15:24:21,945 [INFO] PluginManager:220 - loadIPPluginJar : add fatfs
2025-12-16 15:24:21,951 [INFO] IPUIPlugin:80 - create IPUIPlugin
2025-12-16 15:24:21,952 [INFO] PluginManager:220 - loadIPPluginJar : add fmc
2025-12-16 15:24:21,959 [INFO] IPUIPlugin:80 - create IPUIPlugin
2025-12-16 15:24:21,960 [INFO] PluginManager:220 - loadIPPluginJar : add freertos
2025-12-16 15:24:21,963 [INFO] IPUIPlugin:80 - create IPUIPlugin
2025-12-16 15:24:21,963 [INFO] PluginManager:220 - loadIPPluginJar : add genericplugin
2025-12-16 15:24:21,966 [INFO] IPUIPlugin:80 - create IPUIPlugin
2025-12-16 15:24:21,966 [INFO] PluginManager:220 - loadIPPluginJar : add gfxmmu
2025-12-16 15:24:21,972 [INFO] IPUIPlugin:80 - create IPUIPlugin
2025-12-16 15:24:21,972 [INFO] PluginManager:220 - loadIPPluginJar : add gic
2025-12-16 15:24:21,980 [INFO] IPUIPlugin:80 - create IPUIPlugin
2025-12-16 15:24:21,980 [INFO] PluginManager:220 - loadIPPluginJar : add gpio
2025-12-16 15:24:21,983 [INFO] IPUIPlugin:80 - create IPUIPlugin
2025-12-16 15:24:21,983 [INFO] PluginManager:220 - loadIPPluginJar : add gtzc
2025-12-16 15:24:21,986 [INFO] IPUIPlugin:80 - create IPUIPlugin
2025-12-16 15:24:21,986 [INFO] PluginManager:220 - loadIPPluginJar : add hash
2025-12-16 15:24:21,989 [INFO] IPUIPlugin:80 - create IPUIPlugin
2025-12-16 15:24:21,989 [INFO] PluginManager:220 - loadIPPluginJar : add i2c
2025-12-16 15:24:21,992 [INFO] IPUIPlugin:80 - create IPUIPlugin
2025-12-16 15:24:21,993 [INFO] PluginManager:220 - loadIPPluginJar : add i2s
2025-12-16 15:24:21,997 [INFO] IPUIPlugin:80 - create IPUIPlugin
2025-12-16 15:24:21,997 [INFO] PluginManager:220 - loadIPPluginJar : add i3c
2025-12-16 15:24:22,001 [INFO] IPUIPlugin:80 - create IPUIPlugin
2025-12-16 15:24:22,001 [INFO] PluginManager:220 - loadIPPluginJar : add ipddr
2025-12-16 15:24:22,008 [INFO] IPUIPlugin:80 - create IPUIPlugin
2025-12-16 15:24:22,008 [INFO] PluginManager:220 - loadIPPluginJar : add linkedlist
2025-12-16 15:24:22,014 [INFO] IPUIPlugin:80 - create IPUIPlugin
2025-12-16 15:24:22,014 [INFO] PluginManager:220 - loadIPPluginJar : add lorawan
2025-12-16 15:24:22,016 [INFO] IPUIPlugin:80 - create IPUIPlugin
2025-12-16 15:24:22,016 [INFO] PluginManager:220 - loadIPPluginJar : add ltdc
2025-12-16 15:24:22,024 [INFO] IPUIPlugin:80 - create IPUIPlugin
2025-12-16 15:24:22,024 [INFO] PluginManager:220 - loadIPPluginJar : add mdma
2025-12-16 15:24:22,029 [INFO] IPUIPlugin:80 - create IPUIPlugin
2025-12-16 15:24:22,029 [INFO] PluginManager:220 - loadIPPluginJar : add nvic
2025-12-16 15:24:22,033 [INFO] IPUIPlugin:80 - create IPUIPlugin
2025-12-16 15:24:22,033 [INFO] PluginManager:220 - loadIPPluginJar : add opamp
2025-12-16 15:24:22,036 [INFO] IPUIPlugin:80 - create IPUIPlugin
2025-12-16 15:24:22,037 [INFO] PluginManager:220 - loadIPPluginJar : add openamp
2025-12-16 15:24:22,040 [INFO] IPUIPlugin:80 - create IPUIPlugin
2025-12-16 15:24:22,040 [INFO] PluginManager:220 - loadIPPluginJar : add pdm2pcm
2025-12-16 15:24:22,048 [INFO] IPUIPlugin:80 - create IPUIPlugin
2025-12-16 15:24:22,051 [INFO] PluginManager:220 - loadIPPluginJar : add plateformsettings
2025-12-16 15:24:22,053 [INFO] IPUIPlugin:80 - create IPUIPlugin
2025-12-16 15:24:22,053 [INFO] PluginManager:220 - loadIPPluginJar : add quadspi
2025-12-16 15:24:22,055 [INFO] IPUIPlugin:80 - create IPUIPlugin
2025-12-16 15:24:22,056 [INFO] PluginManager:220 - loadIPPluginJar : add radio
2025-12-16 15:24:22,060 [INFO] IPUIPlugin:80 - create IPUIPlugin
2025-12-16 15:24:22,060 [INFO] PluginManager:220 - loadIPPluginJar : add resmgrutility
2025-12-16 15:24:22,064 [INFO] IPUIPlugin:80 - create IPUIPlugin
2025-12-16 15:24:22,064 [INFO] PluginManager:220 - loadIPPluginJar : add sai
2025-12-16 15:24:22,067 [INFO] IPUIPlugin:80 - create IPUIPlugin
2025-12-16 15:24:22,067 [INFO] PluginManager:220 - loadIPPluginJar : add spi
2025-12-16 15:24:22,073 [INFO] IPUIPlugin:80 - create IPUIPlugin
2025-12-16 15:24:22,073 [INFO] PluginManager:220 - loadIPPluginJar : add stm32_wpan
2025-12-16 15:24:22,075 [INFO] IPUIPlugin:80 - create IPUIPlugin
2025-12-16 15:24:22,075 [INFO] PluginManager:220 - loadIPPluginJar : add tim
2025-12-16 15:24:22,079 [INFO] IPUIPlugin:80 - create IPUIPlugin
2025-12-16 15:24:22,080 [INFO] PluginManager:220 - loadIPPluginJar : add touchsensing
2025-12-16 15:24:22,082 [INFO] IPUIPlugin:80 - create IPUIPlugin
2025-12-16 15:24:22,082 [INFO] PluginManager:220 - loadIPPluginJar : add tracer_emb
2025-12-16 15:24:22,085 [INFO] IPUIPlugin:80 - create IPUIPlugin
2025-12-16 15:24:22,085 [INFO] PluginManager:220 - loadIPPluginJar : add ts
2025-12-16 15:24:22,087 [INFO] IPUIPlugin:80 - create IPUIPlugin
2025-12-16 15:24:22,087 [INFO] PluginManager:220 - loadIPPluginJar : add tsc
2025-12-16 15:24:22,089 [INFO] IPUIPlugin:80 - create IPUIPlugin
2025-12-16 15:24:22,090 [INFO] PluginManager:220 - loadIPPluginJar : add ucpd
2025-12-16 15:24:22,093 [INFO] IPUIPlugin:80 - create IPUIPlugin
2025-12-16 15:24:22,094 [INFO] PluginManager:220 - loadIPPluginJar : add usart
2025-12-16 15:24:22,097 [INFO] IPUIPlugin:80 - create IPUIPlugin
2025-12-16 15:24:22,097 [INFO] PluginManager:220 - loadIPPluginJar : add usbx
2025-12-16 15:24:22,209 [FATAL] Updater:351 - Updater called before beeing initialized
2025-12-16 15:24:22,228 [INFO] RulesReader:64 - Compatibility file has been processed (317 Rules)
2025-12-16 15:24:22,245 [INFO] RulesReader:64 - Compatibility file has been processed (317 Rules)
2025-12-16 15:24:22,257 [INFO] CADModel:165 - CPN selected for project level
2025-12-16 15:24:22,259 [INFO] CADModel:114 - Register for checkConnection events
2025-12-16 15:24:22,259 [FATAL] Updater:351 - Updater called before beeing initialized
2025-12-16 15:24:22,259 [ERROR] CADModel:125 - Updater not yet initialized, retry later 
2025-12-16 15:24:22,370 [FATAL] Updater:351 - Updater called before beeing initialized
2025-12-16 15:24:22,371 [INFO] CADModel:165 - CPN selected for project level
2025-12-16 15:24:22,371 [INFO] CADModel:114 - Register for checkConnection events
2025-12-16 15:24:22,371 [FATAL] Updater:351 - Updater called before beeing initialized
2025-12-16 15:24:22,371 [ERROR] CADModel:125 - Updater not yet initialized, retry later 
2025-12-16 15:24:22,373 [FATAL] Updater:351 - Updater called before beeing initialized
2025-12-16 15:24:22,456 [FATAL] Updater:351 - Updater called before beeing initialized
2025-12-16 15:24:22,460 [INFO] DbMcusAds:53 - JSON generation date=Mon Dec 08 19:58:09 IST 2025 (1765204089998)
2025-12-16 15:24:22,460 [FATAL] Updater:351 - Updater called before beeing initialized
2025-12-16 15:24:22,487 [WARN] DetailPanel:346 - Failed to get advertising image, set to default
2025-12-16 15:24:22,549 [FATAL] Updater:351 - Updater called before beeing initialized
2025-12-16 15:24:22,550 [FATAL] Updater:351 - Updater called before beeing initialized
2025-12-16 15:24:22,551 [FATAL] Updater:351 - Updater called before beeing initialized
2025-12-16 15:24:22,551 [WARN] DetailPanel:346 - Failed to get advertising image, set to default
2025-12-16 15:24:22,552 [FATAL] Updater:351 - Updater called before beeing initialized
2025-12-16 15:24:22,585 [ERROR] Updater:1198 - MainUpdater not yet initialized. External WinMGr cannot be set.
2025-12-16 15:24:22,586 [INFO] Updater:1134 - Updater Version found : 6.15.0
2025-12-16 15:24:22,598 [INFO] ApplicationProperties:184 - Using Application install path: C:\ST\STM32CubeIDE_1.19.0\STM32CubeIDE\plugins\com.st.stm32cube.common.mx_6.15.0.202507011659
2025-12-16 15:24:24,169 [ERROR] LogOutputStream:75 - [STDERR_REDIRECT] Dec 16, 2025 3:24:24 PM java.util.prefs.WindowsPreferences <init>
2025-12-16 15:24:24,170 [ERROR] LogOutputStream:75 - [STDERR_REDIRECT] WARNING: Could not open/create prefs root node Software\JavaSoft\Prefs at root 0xffffffff80000002. Windows RegCreateKeyEx(...) returned error code 5.
2025-12-16 15:24:24,170 [ERROR] LogOutputStream:75 - [STDERR_REDIRECT] 
2025-12-16 15:24:24,471 [INFO] ThirdPartyUpdaterWithRetryManager:70 - Updater plugin not ready yet. [2/15]
2025-12-16 15:24:24,482 [INFO] MainUpdater:2872 - connection check result : 10
2025-12-16 15:24:24,482 [INFO] MainUpdater:289 - Updater Check For Update Now.
2025-12-16 15:24:24,482 [INFO] MicroXplorer:498 - Change Database Version : DB.6.0.150
2025-12-16 15:24:24,488 [INFO] McuFinderGlobals:63 - Set McuFinder mode to 2 (CubeIDE integrated)
2025-12-16 15:24:24,488 [INFO] UserAuth:171 - activating auth plugin
2025-12-16 15:24:24,492 [INFO] UserAuth:487 - Internet connection configuration mode: 1
2025-12-16 15:24:24,532 [INFO] JxBrowserEngine:152 - Initiate JxBrowser Engine with user profile folder
2025-12-16 15:24:24,662 [INFO] CheckServerUpdateThread:120 - End of CheckServer Thread
2025-12-16 15:24:25,173 [INFO] WebApp:169 - Instantiating new browser for Auth
2025-12-16 15:24:25,685 [INFO] WebApp:463 - Apply proxy settings
2025-12-16 15:24:25,685 [INFO] WebApp:548 - Chromium requires no authentication
2025-12-16 15:24:25,698 [INFO] WebApp:491 - Direct internet connection detected
2025-12-16 15:24:25,720 [INFO] WebApp:900 - Register for checkConnection events
2025-12-16 15:24:25,720 [INFO] WebApp:463 - Apply proxy settings
2025-12-16 15:24:25,720 [INFO] WebApp:548 - Chromium requires no authentication
2025-12-16 15:24:25,721 [INFO] WebApp:491 - Direct internet connection detected
2025-12-16 15:24:25,841 [INFO] WebApp:225 - Starting web application
2025-12-16 15:24:25,841 [INFO] WebApp:593 - Web application path used C:\ST\STM32CubeIDE_1.19.0\STM32CubeIDE\plugins\com.st.stm32cube.common.mx_6.15.0.202507011659\db\plugins\mcufinder\reactClient1\index.html
2025-12-16 15:24:26,278 [INFO] WebApp:191 - Connection restablished
2025-12-16 15:24:27,689 [WARN] PackLoader:240 - Cannot read IP mode file for STMicroelectronics.FP-SNS-MOTENVWB1.1.4.0
2025-12-16 15:24:27,700 [WARN] PackLoader:240 - Cannot read IP mode file for STMicroelectronics.FP-ATR-ASTRA1.2.0.2
2025-12-16 15:24:27,709 [WARN] PackLoader:240 - Cannot read IP mode file for STMicroelectronics.X-CUBE-SMBUS.2.1.0
2025-12-16 15:24:27,739 [WARN] PackLoader:240 - Cannot read IP mode file for STMicroelectronics.X-CUBE-AZRTOS-F7.1.1.0
2025-12-16 15:24:27,759 [WARN] PackLoader:240 - Cannot read IP mode file for STMicroelectronics.X-CUBE-DISPLAY.3.0.0
2025-12-16 15:24:27,779 [WARN] PackLoader:240 - Cannot read IP mode file for STMicroelectronics.X-CUBE-NFC10.1.0.0
2025-12-16 15:24:27,785 [WARN] PackLoader:240 - Cannot read IP mode file for STMicroelectronics.FP-SNS-SMARTAG2.1.2.0
2025-12-16 15:24:27,791 [WARN] PackLoader:240 - Cannot read IP mode file for STMicroelectronics.FP-SNS-FLIGHT1.5.1.0
2025-12-16 15:24:27,799 [INFO] LogOutputStream:77 - [STDOUT_REDIRECT] 1 : Invalid condition id : UX_CORESTACK_Condition cause : null
2025-12-16 15:24:27,800 [INFO] LogOutputStream:77 - [STDOUT_REDIRECT] 1 : Invalid condition id : UX_CORESTACK_Condition cause : null
2025-12-16 15:24:27,802 [INFO] LogOutputStream:77 - [STDOUT_REDIRECT] 1 : Invalid condition id : UX_CORESTACK_Condition cause : null
2025-12-16 15:24:27,804 [INFO] LogOutputStream:77 - [STDOUT_REDIRECT] 1 : Invalid condition id : UX_CORESTACK_Condition cause : null
2025-12-16 15:24:27,806 [INFO] LogOutputStream:77 - [STDOUT_REDIRECT] 1 : Invalid condition id : UX_CORESTACK_Condition cause : null
2025-12-16 15:24:27,826 [WARN] PackLoader:240 - Cannot read IP mode file for STMicroelectronics.X-CUBE-AZRTOS-WL.2.0.0
2025-12-16 15:24:27,838 [WARN] PackLoader:240 - Cannot read IP mode file for STMicroelectronics.X-CUBE-BLE2.3.3.0
2025-12-16 15:24:27,849 [WARN] PackLoader:240 - Cannot read IP mode file for STMicroelectronics.X-CUBE-NFC9.1.0.0
2025-12-16 15:24:27,870 [WARN] PackLoader:240 - Cannot read IP mode file for STMicroelectronics.X-CUBE-BLE1.7.1.0
2025-12-16 15:24:27,884 [WARN] PackLoader:240 - Cannot read IP mode file for STMicroelectronics.X-CUBE-AZRTOS-G0.1.1.0
2025-12-16 15:24:27,893 [WARN] PackLoader:240 - Cannot read IP mode file for STMicroelectronics.X-CUBE-NFC4.3.0.0
2025-12-16 15:24:27,900 [WARN] PackLoader:240 - Cannot read IP mode file for STMicroelectronics.X-CUBE-WB05N.2.0.0
2025-12-16 15:24:27,905 [WARN] PackLoader:240 - Cannot read IP mode file for STMicroelectronics.X-CUBE-TCPP.4.2.0
2025-12-16 15:24:27,910 [WARN] PackLoader:240 - Cannot read IP mode file for STMicroelectronics.FP-ATR-SIGFOX1.3.2.0
2025-12-16 15:24:27,917 [WARN] PackLoader:240 - Cannot read IP mode file for STMicroelectronics.X-CUBE-ALGOBUILD.1.4.0
2025-12-16 15:24:27,921 [WARN] PackLoader:240 - Cannot read IP mode file for STMicroelectronics.X-CUBE-PM33A1.1.0.0
2025-12-16 15:24:27,931 [WARN] PackLoader:240 - Cannot read IP mode file for STMicroelectronics.X-CUBE-AZRTOS-F4.1.1.0
2025-12-16 15:24:27,936 [WARN] PackLoader:240 - Cannot read IP mode file for STMicroelectronics.X-CUBE-ISPU.2.1.0
2025-12-16 15:24:27,948 [WARN] PackLoader:240 - Cannot read IP mode file for STMicroelectronics.X-CUBE-AZRTOS-L5.2.0.0
2025-12-16 15:24:27,955 [WARN] PackLoader:240 - Cannot read IP mode file for STMicroelectronics.X-CUBE-NFC6.3.1.0
2025-12-16 15:24:27,961 [WARN] PackLoader:240 - Cannot read IP mode file for STMicroelectronics.X-CUBE-DPower.1.3.0
2025-12-16 15:24:27,973 [WARN] ConditionMgr:438 - getConditionDescription Invalid condition id : LAN8742 Phy interface Condition cause : null
2025-12-16 15:24:27,974 [WARN] PackLoader:240 - Cannot read IP mode file for STMicroelectronics.X-CUBE-AZRTOS-L4.2.0.0
2025-12-16 15:24:27,976 [WARN] ConditionMgr:1044 - genDependencies : Invalid condition id : LAN8742 Phy interface Condition cause : null
2025-12-16 15:24:27,976 [WARN] ConditionMgr:1044 - genDependencies : Invalid condition id : LAN8742 Phy interface Condition cause : null
2025-12-16 15:24:27,976 [WARN] ConditionMgr:1044 - genDependencies : Invalid condition id : LAN8742 Phy interface Condition cause : null
2025-12-16 15:24:27,983 [WARN] PackLoader:240 - Cannot read IP mode file for STMicroelectronics.X-CUBE-SFXS2LP1.4.0.0
2025-12-16 15:24:27,992 [WARN] ConditionMgr:438 - getConditionDescription Invalid condition id : UX DEVICE CLASS RTOS Condition cause : null
2025-12-16 15:24:27,992 [WARN] ConditionMgr:438 - getConditionDescription Invalid condition id : UX DEVICE CLASS RTOS Condition cause : null
2025-12-16 15:24:27,993 [WARN] PackLoader:240 - Cannot read IP mode file for STMicroelectronics.X-CUBE-AZRTOS-WB.2.0.0
2025-12-16 15:24:27,994 [WARN] ConditionMgr:1044 - genDependencies : Invalid condition id : UX DEVICE CLASS RTOS Condition cause : null
2025-12-16 15:24:27,994 [WARN] ConditionMgr:1044 - genDependencies : Invalid condition id : UX DEVICE CLASS RTOS Condition cause : null
2025-12-16 15:24:27,994 [WARN] ConditionMgr:1044 - genDependencies : Invalid condition id : UX DEVICE CLASS RTOS Condition cause : null
2025-12-16 15:24:27,994 [WARN] ConditionMgr:1044 - genDependencies : Invalid condition id : UX DEVICE CLASS RTOS Condition cause : null
2025-12-16 15:24:27,995 [WARN] ConditionMgr:1044 - genDependencies : Invalid condition id : UX DEVICE CLASS RTOS Condition cause : null
2025-12-16 15:24:28,004 [WARN] PackLoader:240 - Cannot read IP mode file for STMicroelectronics.X-CUBE-SUBG2.5.0.0
2025-12-16 15:24:28,019 [WARN] PackLoader:240 - Cannot read IP mode file for STMicroelectronics.X-CUBE-AZRTOS-G4.2.0.0
2025-12-16 15:24:28,026 [WARN] PackLoader:240 - Cannot read IP mode file for STMicroelectronics.X-CUBE-NFC7.2.0.0
2025-12-16 15:24:28,031 [WARN] PackLoader:240 - Cannot read IP mode file for STMicroelectronics.X-CUBE-ALS.1.0.2
2025-12-16 15:24:28,038 [WARN] PackLoader:240 - Cannot read IP mode file for STMicroelectronics.X-CUBE-TOF1.3.4.3
2025-12-16 15:24:28,051 [INFO] ThirdParty:978 - Integrity check success = true
2025-12-16 15:24:28,051 [INFO] IntegrityCheckThread:100 - exiting critical section [integrity check]
2025-12-16 15:24:28,051 [INFO] IntegrityCheckThread:103 - End integrity checks thread
2025-12-16 15:25:23,831 [ERROR] LogOutputStream:75 - [STDERR_REDIRECT] 
2025-12-16 15:25:51,215 [INFO] Activator:176 - 


2025-12-16 15:25:51,217 [INFO] Activator:177 - !SESSION log4j initialized
2025-12-16 15:25:55,434 [INFO] LogOutputStream:77 - [STDOUT_REDIRECT] 
2025-12-16 15:25:56,425 [INFO] ApplicationProperties:184 - Using Application install path: C:\ST\STM32CubeIDE_1.19.0\STM32CubeIDE\plugins\com.st.stm32cube.common.mx_6.15.0.202507011659
2025-12-16 15:25:56,441 [INFO] DbMcusXml:78 - Set database path to: C:\ST\STM32CubeIDE_1.19.0\STM32CubeIDE\plugins\com.st.stm32cube.common.mx_6.15.0.202507011659\\db\/mcu/
2025-12-16 15:25:56,442 [INFO] ApiDb:274 - Set plugin database path to: C:\ST\STM32CubeIDE_1.19.0\STM32CubeIDE\plugins\com.st.stm32cube.common.mx_6.15.0.202507011659\\db\/plugins/boardmanager/
2025-12-16 15:25:56,442 [WARN] ApiDb:259 - Overriding images path with different value:  => C:\ST\STM32CubeIDE_1.19.0\STM32CubeIDE\plugins\com.st.stm32cube.common.mx_6.15.0.202507011659\\db\/plugins/mcufinder/images/
2025-12-16 15:25:56,448 [INFO] ApiDb:250 - Set database path to: C:\Users\aditi\.stmcufinder\plugins\mcufinder//mcu/
2025-12-16 15:25:56,450 [INFO] DbMcusAds:125 - Set database path to: C:\Users\aditi\.stmcufinder\plugins\mcufinder//mcu/
2025-12-16 15:25:56,451 [INFO] CrossReferenceDbSqlite:203 - Set database path to: C:\Users\aditi\.stmcufinder\plugins\mcufinder//mcu/cs/
2025-12-16 15:25:56,562 [INFO] RulesReader:64 - Compatibility file has been processed (317 Rules)
2025-12-16 15:25:56,652 [INFO] DbMcusXml:78 - Set database path to: C:\ST\STM32CubeIDE_1.19.0\STM32CubeIDE\plugins\com.st.stm32cube.common.mx_6.15.0.202507011659\\db\/mcu/
2025-12-16 15:25:56,652 [INFO] ApiDb:274 - Set plugin database path to: C:\ST\STM32CubeIDE_1.19.0\STM32CubeIDE\plugins\com.st.stm32cube.common.mx_6.15.0.202507011659\\db\/plugins/boardmanager/
2025-12-16 15:25:56,652 [INFO] ApiDb:261 - Set plugin images path to: C:\ST\STM32CubeIDE_1.19.0\STM32CubeIDE\plugins\com.st.stm32cube.common.mx_6.15.0.202507011659\\db\/plugins/mcufinder/images/
2025-12-16 15:25:56,653 [WARN] DbFile:41 - Overriding database path with different value: C:\Users\aditi\.stmcufinder\plugins\mcufinder/ => C:\Users\aditi\.stmcufinder\plugins\mcufinder
2025-12-16 15:25:56,653 [INFO] ApiDb:250 - Set database path to: C:\Users\aditi\.stmcufinder\plugins\mcufinder//mcu/
2025-12-16 15:25:56,653 [WARN] DbFile:41 - Overriding database path with different value: C:\Users\aditi\.stmcufinder\plugins\mcufinder/ => C:\Users\aditi\.stmcufinder\plugins\mcufinder
2025-12-16 15:25:56,653 [INFO] DbMcusAds:125 - Set database path to: C:\Users\aditi\.stmcufinder\plugins\mcufinder//mcu/
2025-12-16 15:25:56,653 [WARN] DbFile:41 - Overriding database path with different value: C:\Users\aditi\.stmcufinder\plugins\mcufinder/ => C:\Users\aditi\.stmcufinder\plugins\mcufinder
2025-12-16 15:25:56,653 [WARN] DbFile:41 - Overriding database path with different value: C:\Users\aditi\.stmcufinder\plugins\mcufinder/ => C:\Users\aditi\.stmcufinder\plugins\mcufinder
2025-12-16 15:25:56,653 [INFO] CrossReferenceDbSqlite:203 - Set database path to: C:\Users\aditi\.stmcufinder\plugins\mcufinder//mcu/cs/
2025-12-16 15:25:56,727 [INFO] MainPanel:274 - HeapMemory: 268435456
2025-12-16 15:25:56,799 [INFO] DbMcusXml:78 - Set database path to: C:\ST\STM32CubeIDE_1.19.0\STM32CubeIDE\plugins\com.st.stm32cube.common.mx_6.15.0.202507011659\\db\/mcu/
2025-12-16 15:25:56,799 [INFO] ApiDb:274 - Set plugin database path to: C:\ST\STM32CubeIDE_1.19.0\STM32CubeIDE\plugins\com.st.stm32cube.common.mx_6.15.0.202507011659\\db\/plugins/boardmanager/
2025-12-16 15:25:56,799 [INFO] ApiDb:261 - Set plugin images path to: C:\ST\STM32CubeIDE_1.19.0\STM32CubeIDE\plugins\com.st.stm32cube.common.mx_6.15.0.202507011659\\db\/plugins/mcufinder/images/
2025-12-16 15:25:56,799 [WARN] DbFile:41 - Overriding database path with different value: C:\Users\aditi\.stmcufinder\plugins\mcufinder/ => C:\Users\aditi\.stmcufinder\plugins\mcufinder
2025-12-16 15:25:56,799 [INFO] ApiDb:250 - Set database path to: C:\Users\aditi\.stmcufinder\plugins\mcufinder//mcu/
2025-12-16 15:25:56,799 [WARN] DbFile:41 - Overriding database path with different value: C:\Users\aditi\.stmcufinder\plugins\mcufinder/ => C:\Users\aditi\.stmcufinder\plugins\mcufinder
2025-12-16 15:25:56,799 [INFO] DbMcusAds:125 - Set database path to: C:\Users\aditi\.stmcufinder\plugins\mcufinder//mcu/
2025-12-16 15:25:56,800 [WARN] DbFile:41 - Overriding database path with different value: C:\Users\aditi\.stmcufinder\plugins\mcufinder/ => C:\Users\aditi\.stmcufinder\plugins\mcufinder
2025-12-16 15:25:56,800 [WARN] DbFile:41 - Overriding database path with different value: C:\Users\aditi\.stmcufinder\plugins\mcufinder/ => C:\Users\aditi\.stmcufinder\plugins\mcufinder
2025-12-16 15:25:56,800 [INFO] CrossReferenceDbSqlite:203 - Set database path to: C:\Users\aditi\.stmcufinder\plugins\mcufinder//mcu/cs/
2025-12-16 15:25:56,814 [INFO] ApplicationProperties:184 - Using Application install path: C:\ST\STM32CubeIDE_1.19.0\STM32CubeIDE\plugins\com.st.stm32cube.common.mx_6.15.0.202507011659
2025-12-16 15:25:56,816 [INFO] PluginManage:196 - Search for loadable plugins [exclusion list=, ]
2025-12-16 15:25:56,817 [INFO] PluginManage:310 - Check plugin analytics
2025-12-16 15:25:57,029 [INFO] AnalyticsPlugin:253 - Accepted Software Licenses: 
2025-12-16 15:25:57,030 [INFO] AnalyticsPlugin:255 - Accepted CMSIS Pack Licenses: 
2025-12-16 15:25:57,030 [INFO] AnalyticsPlugin:257 - Accepted Firmware Licenses: 
2025-12-16 15:25:57,032 [INFO] PluginManage:359 - Loaded plugin analytics (category:tool,tabindex:-1)
2025-12-16 15:25:57,033 [INFO] PluginManage:310 - Check plugin cadmodel
2025-12-16 15:25:57,038 [INFO] CADModel:105 - Init CAD model plugin
2025-12-16 15:25:57,039 [INFO] PluginManage:359 - Loaded plugin cadmodel (category:power,tabindex:5)
2025-12-16 15:25:57,039 [INFO] PluginManage:310 - Check plugin clock
2025-12-16 15:25:57,051 [INFO] PluginManage:359 - Loaded plugin clock (category:base,tabindex:2)
2025-12-16 15:25:57,051 [INFO] PluginManage:310 - Check plugin ddr
2025-12-16 15:25:57,054 [INFO] PluginManage:359 - Loaded plugin ddr (category:tool,tabindex:6)
2025-12-16 15:25:57,054 [INFO] PluginManage:310 - Check plugin filemanager
2025-12-16 15:25:57,213 [INFO] PluginManage:359 - Loaded plugin filemanager (category:base,tabindex:10)
2025-12-16 15:25:57,213 [INFO] PluginManage:310 - Check plugin ipmanager
2025-12-16 15:25:57,219 [INFO] PluginManage:359 - Loaded plugin ipmanager (category:base,tabindex:5)
2025-12-16 15:25:57,219 [INFO] PluginManage:310 - Check plugin lpbam
2025-12-16 15:25:57,227 [INFO] PluginManage:359 - Loaded plugin lpbam (category:base,tabindex:0)
2025-12-16 15:25:57,227 [INFO] PluginManage:310 - Check plugin memorymap
2025-12-16 15:25:57,238 [INFO] PluginManage:359 - Loaded plugin memorymap (category:base,tabindex:4)
2025-12-16 15:25:57,238 [INFO] PluginManage:310 - Check plugin pinoutandconfiguration
2025-12-16 15:25:57,247 [INFO] PluginManage:359 - Loaded plugin pinoutandconfiguration (category:base,tabindex:1)
2025-12-16 15:25:57,247 [INFO] PluginManage:310 - Check plugin pinoutconfig
2025-12-16 15:25:57,334 [WARN] SupportedApi:132 - Cannot load RTOS API schema: s4s-elt-must-match.1: The content of 'definitions' must match (annotation?, (simpleType | complexType)?, (unique | key | keyref)*)). A problem was found starting at: attribute.
2025-12-16 15:25:57,464 [INFO] PluginManage:359 - Loaded plugin pinoutconfig (category:base,tabindex:0)
2025-12-16 15:25:57,464 [INFO] PluginManage:310 - Check plugin power
2025-12-16 15:25:57,472 [INFO] PluginManage:359 - Loaded plugin power (category:power,tabindex:4)
2025-12-16 15:25:57,473 [INFO] PluginManage:310 - Check plugin projectmanager
2025-12-16 15:25:57,495 [INFO] PluginManage:359 - Loaded plugin projectmanager (category:projectmanager,tabindex:4)
2025-12-16 15:25:57,495 [INFO] PluginManage:310 - Check plugin rif
2025-12-16 15:25:57,504 [INFO] PluginManage:359 - Loaded plugin rif (category:base,tabindex:3)
2025-12-16 15:25:57,504 [INFO] PluginManage:310 - Check plugin thirdparty
2025-12-16 15:25:57,638 [INFO] PluginManage:359 - Loaded plugin thirdparty (category:base,tabindex:-1)
2025-12-16 15:25:57,638 [WARN] IntegrityCheckThread:84 - waiting for thirdparty lock release [integrity check]
2025-12-16 15:25:57,638 [INFO] IntegrityCheckThread:86 - entering critical section [integrity check]
2025-12-16 15:25:57,638 [INFO] PluginManage:310 - Check plugin tools
2025-12-16 15:25:57,639 [INFO] ThirdPartyUpdaterWithRetryManager:70 - Updater plugin not ready yet. [1/15]
2025-12-16 15:25:57,641 [INFO] PluginManage:359 - Loaded plugin tools (category:base,tabindex:7)
2025-12-16 15:25:57,641 [INFO] PluginManage:310 - Check plugin tutovideos
2025-12-16 15:25:57,810 [INFO] PluginManage:359 - Loaded plugin tutovideos (category:base,tabindex:-1)
2025-12-16 15:25:57,810 [INFO] PluginManage:310 - Check plugin updater
2025-12-16 15:25:57,828 [INFO] PluginManage:359 - Loaded plugin updater (category:base,tabindex:12)
2025-12-16 15:25:57,828 [INFO] PluginManage:310 - Check plugin userauth
2025-12-16 15:25:57,831 [INFO] UserAuth:118 - Init User Auth plugin
2025-12-16 15:25:57,832 [INFO] PluginManage:359 - Loaded plugin userauth (category:base,tabindex:14)
2025-12-16 15:25:57,832 [INFO] PluginManage:283 - PluginManage : Loaded plugins [18]
2025-12-16 15:25:57,987 [INFO] PinOutPanel:1589 - setPackage(No Configuration,No Configuration)
2025-12-16 15:25:58,058 [INFO] CADModel:165 - CPN selected for project level
2025-12-16 15:25:58,058 [INFO] CADModel:114 - Register for checkConnection events
2025-12-16 15:25:58,077 [INFO] IPUIPlugin:80 - create IPUIPlugin
2025-12-16 15:25:58,077 [INFO] PluginManager:220 - loadIPPluginJar : add adc
2025-12-16 15:25:58,081 [INFO] IPUIPlugin:80 - create IPUIPlugin
2025-12-16 15:25:58,081 [INFO] PluginManager:220 - loadIPPluginJar : add aes
2025-12-16 15:25:58,083 [INFO] IPUIPlugin:80 - create IPUIPlugin
2025-12-16 15:25:58,084 [INFO] PluginManager:220 - loadIPPluginJar : add can
2025-12-16 15:25:58,086 [INFO] IPUIPlugin:80 - create IPUIPlugin
2025-12-16 15:25:58,086 [INFO] PluginManager:220 - loadIPPluginJar : add comp
2025-12-16 15:25:58,090 [INFO] IPUIPlugin:80 - create IPUIPlugin
2025-12-16 15:25:58,090 [INFO] PluginManager:220 - loadIPPluginJar : add cryp
2025-12-16 15:25:58,094 [INFO] IPUIPlugin:80 - create IPUIPlugin
2025-12-16 15:25:58,094 [INFO] PluginManager:220 - loadIPPluginJar : add ddr_ctrl_phy
2025-12-16 15:25:58,098 [INFO] IPUIPlugin:80 - create IPUIPlugin
2025-12-16 15:25:58,098 [INFO] PluginManager:220 - loadIPPluginJar : add dfsdm
2025-12-16 15:25:58,104 [INFO] IPUIPlugin:80 - create IPUIPlugin
2025-12-16 15:25:58,104 [INFO] PluginManager:220 - loadIPPluginJar : add dma
2025-12-16 15:25:58,107 [INFO] IPUIPlugin:80 - create IPUIPlugin
2025-12-16 15:25:58,107 [INFO] PluginManager:220 - loadIPPluginJar : add dma3
2025-12-16 15:25:58,111 [INFO] IPUIPlugin:80 - create IPUIPlugin
2025-12-16 15:25:58,112 [INFO] PluginManager:220 - loadIPPluginJar : add extmemmanager
2025-12-16 15:25:58,114 [INFO] IPUIPlugin:80 - create IPUIPlugin
2025-12-16 15:25:58,114 [INFO] PluginManager:220 - loadIPPluginJar : add fatfs
2025-12-16 15:25:58,119 [INFO] IPUIPlugin:80 - create IPUIPlugin
2025-12-16 15:25:58,119 [INFO] PluginManager:220 - loadIPPluginJar : add fmc
2025-12-16 15:25:58,126 [INFO] IPUIPlugin:80 - create IPUIPlugin
2025-12-16 15:25:58,126 [INFO] PluginManager:220 - loadIPPluginJar : add freertos
2025-12-16 15:25:58,129 [INFO] IPUIPlugin:80 - create IPUIPlugin
2025-12-16 15:25:58,129 [INFO] PluginManager:220 - loadIPPluginJar : add genericplugin
2025-12-16 15:25:58,132 [INFO] IPUIPlugin:80 - create IPUIPlugin
2025-12-16 15:25:58,132 [INFO] PluginManager:220 - loadIPPluginJar : add gfxmmu
2025-12-16 15:25:58,136 [INFO] IPUIPlugin:80 - create IPUIPlugin
2025-12-16 15:25:58,136 [INFO] PluginManager:220 - loadIPPluginJar : add gic
2025-12-16 15:25:58,141 [INFO] IPUIPlugin:80 - create IPUIPlugin
2025-12-16 15:25:58,141 [INFO] PluginManager:220 - loadIPPluginJar : add gpio
2025-12-16 15:25:58,145 [INFO] IPUIPlugin:80 - create IPUIPlugin
2025-12-16 15:25:58,146 [INFO] PluginManager:220 - loadIPPluginJar : add gtzc
2025-12-16 15:25:58,148 [INFO] IPUIPlugin:80 - create IPUIPlugin
2025-12-16 15:25:58,148 [INFO] PluginManager:220 - loadIPPluginJar : add hash
2025-12-16 15:25:58,152 [INFO] IPUIPlugin:80 - create IPUIPlugin
2025-12-16 15:25:58,152 [INFO] PluginManager:220 - loadIPPluginJar : add i2c
2025-12-16 15:25:58,156 [INFO] IPUIPlugin:80 - create IPUIPlugin
2025-12-16 15:25:58,156 [INFO] PluginManager:220 - loadIPPluginJar : add i2s
2025-12-16 15:25:58,160 [INFO] IPUIPlugin:80 - create IPUIPlugin
2025-12-16 15:25:58,161 [INFO] PluginManager:220 - loadIPPluginJar : add i3c
2025-12-16 15:25:58,164 [INFO] IPUIPlugin:80 - create IPUIPlugin
2025-12-16 15:25:58,165 [INFO] PluginManager:220 - loadIPPluginJar : add ipddr
2025-12-16 15:25:58,173 [INFO] IPUIPlugin:80 - create IPUIPlugin
2025-12-16 15:25:58,173 [INFO] PluginManager:220 - loadIPPluginJar : add linkedlist
2025-12-16 15:25:58,180 [INFO] IPUIPlugin:80 - create IPUIPlugin
2025-12-16 15:25:58,182 [INFO] PluginManager:220 - loadIPPluginJar : add lorawan
2025-12-16 15:25:58,183 [INFO] IPUIPlugin:80 - create IPUIPlugin
2025-12-16 15:25:58,183 [INFO] PluginManager:220 - loadIPPluginJar : add ltdc
2025-12-16 15:25:58,190 [INFO] IPUIPlugin:80 - create IPUIPlugin
2025-12-16 15:25:58,190 [INFO] PluginManager:220 - loadIPPluginJar : add mdma
2025-12-16 15:25:58,196 [INFO] IPUIPlugin:80 - create IPUIPlugin
2025-12-16 15:25:58,196 [INFO] PluginManager:220 - loadIPPluginJar : add nvic
2025-12-16 15:25:58,200 [INFO] IPUIPlugin:80 - create IPUIPlugin
2025-12-16 15:25:58,200 [INFO] PluginManager:220 - loadIPPluginJar : add opamp
2025-12-16 15:25:58,204 [INFO] IPUIPlugin:80 - create IPUIPlugin
2025-12-16 15:25:58,204 [INFO] PluginManager:220 - loadIPPluginJar : add openamp
2025-12-16 15:25:58,207 [INFO] IPUIPlugin:80 - create IPUIPlugin
2025-12-16 15:25:58,207 [INFO] PluginManager:220 - loadIPPluginJar : add pdm2pcm
2025-12-16 15:25:58,214 [INFO] IPUIPlugin:80 - create IPUIPlugin
2025-12-16 15:25:58,216 [INFO] PluginManager:220 - loadIPPluginJar : add plateformsettings
2025-12-16 15:25:58,219 [INFO] IPUIPlugin:80 - create IPUIPlugin
2025-12-16 15:25:58,219 [INFO] PluginManager:220 - loadIPPluginJar : add quadspi
2025-12-16 15:25:58,222 [INFO] IPUIPlugin:80 - create IPUIPlugin
2025-12-16 15:25:58,222 [INFO] PluginManager:220 - loadIPPluginJar : add radio
2025-12-16 15:25:58,227 [INFO] IPUIPlugin:80 - create IPUIPlugin
2025-12-16 15:25:58,227 [INFO] PluginManager:220 - loadIPPluginJar : add resmgrutility
2025-12-16 15:25:58,230 [INFO] IPUIPlugin:80 - create IPUIPlugin
2025-12-16 15:25:58,230 [INFO] PluginManager:220 - loadIPPluginJar : add sai
2025-12-16 15:25:58,232 [INFO] IPUIPlugin:80 - create IPUIPlugin
2025-12-16 15:25:58,232 [INFO] PluginManager:220 - loadIPPluginJar : add spi
2025-12-16 15:25:58,238 [INFO] IPUIPlugin:80 - create IPUIPlugin
2025-12-16 15:25:58,239 [INFO] PluginManager:220 - loadIPPluginJar : add stm32_wpan
2025-12-16 15:25:58,241 [INFO] IPUIPlugin:80 - create IPUIPlugin
2025-12-16 15:25:58,241 [INFO] PluginManager:220 - loadIPPluginJar : add tim
2025-12-16 15:25:58,245 [INFO] IPUIPlugin:80 - create IPUIPlugin
2025-12-16 15:25:58,246 [INFO] PluginManager:220 - loadIPPluginJar : add touchsensing
2025-12-16 15:25:58,248 [INFO] IPUIPlugin:80 - create IPUIPlugin
2025-12-16 15:25:58,248 [INFO] PluginManager:220 - loadIPPluginJar : add tracer_emb
2025-12-16 15:25:58,250 [INFO] IPUIPlugin:80 - create IPUIPlugin
2025-12-16 15:25:58,251 [INFO] PluginManager:220 - loadIPPluginJar : add ts
2025-12-16 15:25:58,252 [INFO] IPUIPlugin:80 - create IPUIPlugin
2025-12-16 15:25:58,252 [INFO] PluginManager:220 - loadIPPluginJar : add tsc
2025-12-16 15:25:58,255 [INFO] IPUIPlugin:80 - create IPUIPlugin
2025-12-16 15:25:58,255 [INFO] PluginManager:220 - loadIPPluginJar : add ucpd
2025-12-16 15:25:58,258 [INFO] IPUIPlugin:80 - create IPUIPlugin
2025-12-16 15:25:58,258 [INFO] PluginManager:220 - loadIPPluginJar : add usart
2025-12-16 15:25:58,262 [INFO] IPUIPlugin:80 - create IPUIPlugin
2025-12-16 15:25:58,262 [INFO] PluginManager:220 - loadIPPluginJar : add usbx
2025-12-16 15:25:58,373 [FATAL] Updater:351 - Updater called before beeing initialized
2025-12-16 15:25:58,395 [INFO] RulesReader:64 - Compatibility file has been processed (317 Rules)
2025-12-16 15:25:58,405 [INFO] RulesReader:64 - Compatibility file has been processed (317 Rules)
2025-12-16 15:25:58,417 [INFO] CADModel:165 - CPN selected for project level
2025-12-16 15:25:58,417 [INFO] CADModel:114 - Register for checkConnection events
2025-12-16 15:25:58,417 [FATAL] Updater:351 - Updater called before beeing initialized
2025-12-16 15:25:58,417 [ERROR] CADModel:125 - Updater not yet initialized, retry later 
2025-12-16 15:25:58,535 [FATAL] Updater:351 - Updater called before beeing initialized
2025-12-16 15:25:58,536 [INFO] CADModel:165 - CPN selected for project level
2025-12-16 15:25:58,537 [INFO] CADModel:114 - Register for checkConnection events
2025-12-16 15:25:58,537 [FATAL] Updater:351 - Updater called before beeing initialized
2025-12-16 15:25:58,537 [ERROR] CADModel:125 - Updater not yet initialized, retry later 
2025-12-16 15:25:58,539 [FATAL] Updater:351 - Updater called before beeing initialized
2025-12-16 15:25:58,627 [FATAL] Updater:351 - Updater called before beeing initialized
2025-12-16 15:25:58,631 [INFO] DbMcusAds:53 - JSON generation date=Mon Dec 08 19:58:09 IST 2025 (1765204089998)
2025-12-16 15:25:58,631 [FATAL] Updater:351 - Updater called before beeing initialized
2025-12-16 15:25:58,659 [WARN] DetailPanel:346 - Failed to get advertising image, set to default
2025-12-16 15:25:58,716 [FATAL] Updater:351 - Updater called before beeing initialized
2025-12-16 15:25:58,718 [FATAL] Updater:351 - Updater called before beeing initialized
2025-12-16 15:25:58,718 [FATAL] Updater:351 - Updater called before beeing initialized
2025-12-16 15:25:58,718 [WARN] DetailPanel:346 - Failed to get advertising image, set to default
2025-12-16 15:25:58,718 [FATAL] Updater:351 - Updater called before beeing initialized
2025-12-16 15:25:58,748 [ERROR] Updater:1198 - MainUpdater not yet initialized. External WinMGr cannot be set.
2025-12-16 15:25:58,750 [INFO] Updater:1134 - Updater Version found : 6.15.0
2025-12-16 15:25:58,761 [INFO] ApplicationProperties:184 - Using Application install path: C:\ST\STM32CubeIDE_1.19.0\STM32CubeIDE\plugins\com.st.stm32cube.common.mx_6.15.0.202507011659
2025-12-16 15:26:00,350 [ERROR] LogOutputStream:75 - [STDERR_REDIRECT] Dec 16, 2025 3:26:00 PM java.util.prefs.WindowsPreferences <init>
2025-12-16 15:26:00,350 [ERROR] LogOutputStream:75 - [STDERR_REDIRECT] WARNING: Could not open/create prefs root node Software\JavaSoft\Prefs at root 0xffffffff80000002. Windows RegCreateKeyEx(...) returned error code 5.
2025-12-16 15:26:00,350 [ERROR] LogOutputStream:75 - [STDERR_REDIRECT] 
2025-12-16 15:26:00,651 [INFO] ThirdPartyUpdaterWithRetryManager:70 - Updater plugin not ready yet. [2/15]
2025-12-16 15:26:00,792 [INFO] MainUpdater:2872 - connection check result : 10
2025-12-16 15:26:00,792 [INFO] MainUpdater:289 - Updater Check For Update Now.
2025-12-16 15:26:00,792 [INFO] MicroXplorer:498 - Change Database Version : DB.6.0.150
2025-12-16 15:26:00,792 [INFO] McuFinderGlobals:63 - Set McuFinder mode to 2 (CubeIDE integrated)
2025-12-16 15:26:00,792 [INFO] UserAuth:171 - activating auth plugin
2025-12-16 15:26:00,808 [INFO] UserAuth:487 - Internet connection configuration mode: 1
2025-12-16 15:26:00,852 [INFO] JxBrowserEngine:152 - Initiate JxBrowser Engine with user profile folder
2025-12-16 15:26:00,978 [INFO] CheckServerUpdateThread:120 - End of CheckServer Thread
2025-12-16 15:26:01,465 [INFO] WebApp:169 - Instantiating new browser for Auth
2025-12-16 15:26:01,981 [INFO] WebApp:463 - Apply proxy settings
2025-12-16 15:26:01,981 [INFO] WebApp:548 - Chromium requires no authentication
2025-12-16 15:26:01,985 [INFO] WebApp:491 - Direct internet connection detected
2025-12-16 15:26:02,005 [INFO] WebApp:900 - Register for checkConnection events
2025-12-16 15:26:02,005 [INFO] WebApp:463 - Apply proxy settings
2025-12-16 15:26:02,005 [INFO] WebApp:548 - Chromium requires no authentication
2025-12-16 15:26:02,006 [INFO] WebApp:491 - Direct internet connection detected
2025-12-16 15:26:02,103 [INFO] WebApp:225 - Starting web application
2025-12-16 15:26:02,103 [INFO] WebApp:593 - Web application path used C:\ST\STM32CubeIDE_1.19.0\STM32CubeIDE\plugins\com.st.stm32cube.common.mx_6.15.0.202507011659\db\plugins\mcufinder\reactClient1\index.html
2025-12-16 15:26:02,670 [INFO] WebApp:191 - Connection restablished
2025-12-16 15:26:03,834 [WARN] PackLoader:240 - Cannot read IP mode file for STMicroelectronics.FP-SNS-MOTENVWB1.1.4.0
2025-12-16 15:26:03,841 [WARN] PackLoader:240 - Cannot read IP mode file for STMicroelectronics.FP-ATR-ASTRA1.2.0.2
2025-12-16 15:26:03,866 [WARN] PackLoader:240 - Cannot read IP mode file for STMicroelectronics.X-CUBE-SMBUS.2.1.0
2025-12-16 15:26:03,931 [WARN] PackLoader:240 - Cannot read IP mode file for STMicroelectronics.X-CUBE-AZRTOS-F7.1.1.0
2025-12-16 15:26:03,948 [WARN] PackLoader:240 - Cannot read IP mode file for STMicroelectronics.X-CUBE-DISPLAY.3.0.0
2025-12-16 15:26:03,963 [WARN] PackLoader:240 - Cannot read IP mode file for STMicroelectronics.X-CUBE-NFC10.1.0.0
2025-12-16 15:26:03,970 [WARN] PackLoader:240 - Cannot read IP mode file for STMicroelectronics.FP-SNS-SMARTAG2.1.2.0
2025-12-16 15:26:03,975 [WARN] PackLoader:240 - Cannot read IP mode file for STMicroelectronics.FP-SNS-FLIGHT1.5.1.0
2025-12-16 15:26:03,984 [INFO] LogOutputStream:77 - [STDOUT_REDIRECT] 1 : Invalid condition id : UX_CORESTACK_Condition cause : null
2025-12-16 15:26:03,985 [INFO] LogOutputStream:77 - [STDOUT_REDIRECT] 1 : Invalid condition id : UX_CORESTACK_Condition cause : null
2025-12-16 15:26:03,986 [INFO] LogOutputStream:77 - [STDOUT_REDIRECT] 1 : Invalid condition id : UX_CORESTACK_Condition cause : null
2025-12-16 15:26:03,989 [INFO] LogOutputStream:77 - [STDOUT_REDIRECT] 1 : Invalid condition id : UX_CORESTACK_Condition cause : null
2025-12-16 15:26:03,992 [INFO] LogOutputStream:77 - [STDOUT_REDIRECT] 1 : Invalid condition id : UX_CORESTACK_Condition cause : null
2025-12-16 15:26:03,995 [WARN] PackLoader:240 - Cannot read IP mode file for STMicroelectronics.X-CUBE-AZRTOS-WL.2.0.0
2025-12-16 15:26:04,001 [WARN] PackLoader:240 - Cannot read IP mode file for STMicroelectronics.X-CUBE-BLE2.3.3.0
2025-12-16 15:26:04,008 [WARN] PackLoader:240 - Cannot read IP mode file for STMicroelectronics.X-CUBE-NFC9.1.0.0
2025-12-16 15:26:04,015 [WARN] PackLoader:240 - Cannot read IP mode file for STMicroelectronics.X-CUBE-BLE1.7.1.0
2025-12-16 15:26:04,033 [WARN] PackLoader:240 - Cannot read IP mode file for STMicroelectronics.X-CUBE-AZRTOS-G0.1.1.0
2025-12-16 15:26:04,040 [WARN] PackLoader:240 - Cannot read IP mode file for STMicroelectronics.X-CUBE-NFC4.3.0.0
2025-12-16 15:26:04,047 [WARN] PackLoader:240 - Cannot read IP mode file for STMicroelectronics.X-CUBE-WB05N.2.0.0
2025-12-16 15:26:04,053 [WARN] PackLoader:240 - Cannot read IP mode file for STMicroelectronics.X-CUBE-TCPP.4.2.0
2025-12-16 15:26:04,058 [WARN] PackLoader:240 - Cannot read IP mode file for STMicroelectronics.FP-ATR-SIGFOX1.3.2.0
2025-12-16 15:26:04,064 [WARN] PackLoader:240 - Cannot read IP mode file for STMicroelectronics.X-CUBE-ALGOBUILD.1.4.0
2025-12-16 15:26:04,069 [WARN] PackLoader:240 - Cannot read IP mode file for STMicroelectronics.X-CUBE-PM33A1.1.0.0
2025-12-16 15:26:04,081 [WARN] PackLoader:240 - Cannot read IP mode file for STMicroelectronics.X-CUBE-AZRTOS-F4.1.1.0
2025-12-16 15:26:04,088 [WARN] PackLoader:240 - Cannot read IP mode file for STMicroelectronics.X-CUBE-ISPU.2.1.0
2025-12-16 15:26:04,104 [WARN] PackLoader:240 - Cannot read IP mode file for STMicroelectronics.X-CUBE-AZRTOS-L5.2.0.0
2025-12-16 15:26:04,113 [WARN] PackLoader:240 - Cannot read IP mode file for STMicroelectronics.X-CUBE-NFC6.3.1.0
2025-12-16 15:26:04,119 [WARN] PackLoader:240 - Cannot read IP mode file for STMicroelectronics.X-CUBE-DPower.1.3.0
2025-12-16 15:26:04,132 [WARN] ConditionMgr:438 - getConditionDescription Invalid condition id : LAN8742 Phy interface Condition cause : null
2025-12-16 15:26:04,133 [WARN] PackLoader:240 - Cannot read IP mode file for STMicroelectronics.X-CUBE-AZRTOS-L4.2.0.0
2025-12-16 15:26:04,134 [WARN] ConditionMgr:1044 - genDependencies : Invalid condition id : LAN8742 Phy interface Condition cause : null
2025-12-16 15:26:04,134 [WARN] ConditionMgr:1044 - genDependencies : Invalid condition id : LAN8742 Phy interface Condition cause : null
2025-12-16 15:26:04,134 [WARN] ConditionMgr:1044 - genDependencies : Invalid condition id : LAN8742 Phy interface Condition cause : null
2025-12-16 15:26:04,140 [WARN] PackLoader:240 - Cannot read IP mode file for STMicroelectronics.X-CUBE-SFXS2LP1.4.0.0
2025-12-16 15:26:04,151 [WARN] ConditionMgr:438 - getConditionDescription Invalid condition id : UX DEVICE CLASS RTOS Condition cause : null
2025-12-16 15:26:04,151 [WARN] ConditionMgr:438 - getConditionDescription Invalid condition id : UX DEVICE CLASS RTOS Condition cause : null
2025-12-16 15:26:04,152 [WARN] PackLoader:240 - Cannot read IP mode file for STMicroelectronics.X-CUBE-AZRTOS-WB.2.0.0
2025-12-16 15:26:04,152 [WARN] ConditionMgr:1044 - genDependencies : Invalid condition id : UX DEVICE CLASS RTOS Condition cause : null
2025-12-16 15:26:04,153 [WARN] ConditionMgr:1044 - genDependencies : Invalid condition id : UX DEVICE CLASS RTOS Condition cause : null
2025-12-16 15:26:04,153 [WARN] ConditionMgr:1044 - genDependencies : Invalid condition id : UX DEVICE CLASS RTOS Condition cause : null
2025-12-16 15:26:04,153 [WARN] ConditionMgr:1044 - genDependencies : Invalid condition id : UX DEVICE CLASS RTOS Condition cause : null
2025-12-16 15:26:04,153 [WARN] ConditionMgr:1044 - genDependencies : Invalid condition id : UX DEVICE CLASS RTOS Condition cause : null
2025-12-16 15:26:04,163 [WARN] PackLoader:240 - Cannot read IP mode file for STMicroelectronics.X-CUBE-SUBG2.5.0.0
2025-12-16 15:26:04,184 [WARN] PackLoader:240 - Cannot read IP mode file for STMicroelectronics.X-CUBE-AZRTOS-G4.2.0.0
2025-12-16 15:26:04,191 [WARN] PackLoader:240 - Cannot read IP mode file for STMicroelectronics.X-CUBE-NFC7.2.0.0
2025-12-16 15:26:04,197 [WARN] PackLoader:240 - Cannot read IP mode file for STMicroelectronics.X-CUBE-ALS.1.0.2
2025-12-16 15:26:04,204 [WARN] PackLoader:240 - Cannot read IP mode file for STMicroelectronics.X-CUBE-TOF1.3.4.3
2025-12-16 15:26:04,213 [INFO] ThirdParty:978 - Integrity check success = true
2025-12-16 15:26:04,214 [INFO] IntegrityCheckThread:100 - exiting critical section [integrity check]
2025-12-16 15:26:04,214 [INFO] IntegrityCheckThread:103 - End integrity checks thread
2025-12-16 15:26:11,247 [INFO] McuFinderGlobals:63 - Set McuFinder mode to 2 (CubeIDE integrated)
2025-12-16 15:26:11,249 [INFO] MainUpdater:2872 - connection check result : 10
2025-12-16 15:26:11,648 [INFO] ApiDb:581 - Connected to CubeFinder SQLite database (C:\Users\aditi\.stmcufinder\plugins\mcufinder\mcu\cube-finder-db.db)
2025-12-16 15:26:11,715 [INFO] ApiDb:668 - CubeFinder database Data Model version=2.1
2025-12-16 15:26:11,715 [INFO] ApiDb:669 - CubeFinder database Configuration version=3.0.39
2025-12-16 15:26:11,716 [INFO] ApiDb:670 - CubeFinder database generation date=2025-11-05 (1762334721)
2025-12-16 15:26:11,716 [INFO] ApiDb:671 - CubeFinder database FW Pack versions=[FP-ATR-ASTRA1_V2.0.0, FP-SNS-FLIGHT1_V5.1.0, FP-SNS-MOTENV1_V5.1.0, FP-SNS-MOTENVWB1_V1.4.0, FP-SNS-SMARTAG2_V1.2.0, FP-SNS-STBOX1_V2.1.0, STM32Cube_FW_C0_V1.4.0, STM32Cube_FW_F4_V1.28.3, STM32Cube_FW_F7_V1.17.4, STM32Cube_FW_G0_V1.6.2, STM32Cube_FW_G4_V1.6.1, STM32Cube_FW_H5_V1.5.1, STM32Cube_FW_H7RS_V1.3.0, STM32Cube_FW_H7_V1.12.1, STM32Cube_FW_L0_V1.12.2, STM32Cube_FW_L4_V1.18.1, STM32Cube_FW_L5_V1.6.0, STM32Cube_FW_N6_V1.3.0, STM32Cube_FW_U0_V1.3.0, STM32Cube_FW_U3_V1.2.1, STM32Cube_FW_U5_V1.8.0, STM32Cube_FW_WB0_V1.4.0, STM32Cube_FW_WBA_V1.8.0, STM32Cube_FW_WB_V1.24.0, STM32Cube_FW_WL3_V1.3.0, STM32Cube_FW_WL_V1.4.0, X-CUBE-ALGOBUILD_V1.4.0, X-CUBE-ALS_V1.0.2, X-CUBE-AZRTOS-F4_V1.1.0, X-CUBE-AZRTOS-F7_V1.1.0, X-CUBE-AZRTOS-G0_V1.1.0, X-CUBE-AZRTOS-G4_V2.0.0, X-CUBE-AZRTOS-H7RS_V1.1.0, X-CUBE-AZRTOS-H7_V3.4.0, X-CUBE-AZRTOS-L4_V2.0.0, X-CUBE-AZRTOS-L5_V2.0.0, X-CUBE-AZRTOS-WB_V2.0.0, X-CUBE-AZRTOS-WL_V2.0.0, X-CUBE-BLE1_V7.1.0, X-CUBE-BLE2_V3.3.0, X-CUBE-BLEMGR_V4.1.0, X-CUBE-EEPRMA1_V5.2.0, X-CUBE-FREERTOS_V1.3.1, X-CUBE-GNSS1_V6.0.0, X-CUBE-MEMS1_V11.3.0, X-CUBE-NFC4_V3.0.0, X-CUBE-NFC7_V2.0.0, X-CUBE-SFXS2LP1_V4.0.0, X-CUBE-ST67W61_V1.1.0, X-CUBE-SUBG2_V5.0.0, X-CUBE-TOF1_V3.4.3]
2025-12-16 15:26:13,141 [INFO] ApiDb:240 - Found 880 in-development CPN: [B-G473E-ZEST1S, B-WB1M-WPAN1, B-WBA5M-WPAN, B-WL5M-SUBG1, NUCLEO-C031C6, NUCLEO-C051C8, NUCLEO-C071RB, NUCLEO-C092RC, NUCLEO-H503RB, NUCLEO-H533RE, NUCLEO-H563ZI, NUCLEO-H7S3L8, NUCLEO-N657X0-Q, NUCLEO-U031R8, NUCLEO-U083RC, NUCLEO-U385RG-Q, NUCLEO-U545RE-Q, NUCLEO-U5A5ZJ-Q, NUCLEO-WB05KZ, NUCLEO-WB07CC, NUCLEO-WB09KE, NUCLEO-WBA52CG, NUCLEO-WBA55CG, NUCLEO-WL33CC1, NUCLEO-WL33CC2, STEVAL-PROTEUS1, STEVAL-SMARTAG2, STEVAL-STWINBX1, STM320518-EVAL, STM32C0116-DK, STM32C011D6Y3TR, STM32C011D6Y6TR, STM32C011F4P3, STM32C011F4P6, STM32C011F4U3, STM32C011F4U6TR, STM32C011F6P3, STM32C011F6P6, STM32C011F6U3, STM32C011F6U6TR, STM32C011J4M3, STM32C011J4M6, STM32C011J6M3, STM32C011J6M6, STM32C0316-DK, STM32C031C4T3, STM32C031C4T6, STM32C031C4U3, STM32C031C4U6, STM32C031C6T3, STM32C031C6T6, STM32C031C6U3, STM32C031C6U6, STM32C031F4P3, STM32C031F4P6, STM32C031F6P3, STM32C031F6P6, STM32C031G4U3, STM32C031G4U6, STM32C031G6U3, STM32C031G6U6, STM32C031K4T3, STM32C031K4T6, STM32C031K4U3, STM32C031K4U6, STM32C031K6T3, STM32C031K6T6, STM32C031K6U3, STM32C031K6U6, STM32C051C6T6, STM32C051C6U6, STM32C051C8T6, STM32C051C8U6, STM32C051D8Y6TR, STM32C051F6P6, STM32C051F8P6, STM32C051G6U6, STM32C051G8U6, STM32C051K6T6, STM32C051K6U6, STM32C051K8T6, STM32C071C8T6, STM32C071C8T6N, STM32C071C8U6, STM32C071C8U6N, STM32C071CBT6, STM32C071CBT6N, STM32C071CBU6, STM32C071CBU6N, STM32C071F8P6, STM32C071F8P6N, STM32C071FBP6, STM32C071FBP6N, STM32C071FBY6TR, STM32C071G8U6, STM32C071G8U6N, STM32C071GBU6, STM32C071GBU6N, STM32C071K8T6, STM32C071K8T6N, STM32C071K8U6, STM32C071K8U6N, STM32C071KBT6, STM32C071KBT6N, STM32C071KBU6, STM32C071KBU6N, STM32C071R8T6, STM32C071R8T6N, STM32C071RBI6N, STM32C071RBT6, STM32C071RBT6N, STM32C091CBT6, STM32C091CBU6, STM32C091CCT6, STM32C091CCU6, STM32C091ECY6TR, STM32C091FBP6, STM32C091FCP6, STM32C091GBU6, STM32C091GCU6, STM32C091KBT6, STM32C091KBU6, STM32C091KCT6, STM32C091KCU6, STM32C091RBT6, STM32C091RCI6, STM32C091RCT6, STM32C092CBT6, STM32C092CBU6, STM32C092CCT6, STM32C092CCU6, STM32C092ECY6TR, STM32C092FBP6, STM32C092FCP6, STM32C092GBU6, STM32C092GCU6, STM32C092KBT6, STM32C092KBU6, STM32C092KCT6, STM32C092KCU6, STM32C092RBT6, STM32C092RCI6, STM32C092RCT6, STM32G071K8TXN, STM32G071K8UXN, STM32G081GBU6N, STM32G081KBT6N, STM32G081KBUXN, STM32G0B1CCT6N, STM32G0B1KCT6, STM32G0B1NEY6TR, STM32G0B1RCT6N, STM32G0C1CCT6, STM32G0C1CCT6N, STM32G0C1CCU6N, STM32G0C1CET6N, STM32G0C1CEU6N, STM32G0C1KCT6, STM32G0C1NEY6TR, STM32G0C1RCI6N, STM32G0C1RCT6N, STM32G0C1REI6N, STM32G0C1RET6N, STM32G0C1VCI6, STM32G0C1VEI6, STM32G411C6T3, STM32G411C6T6, STM32G411C6U3, STM32G411C6U6, STM32G411C8T3, STM32G411C8T6, STM32G411C8U3, STM32G411C8U6, STM32G411CBT3, STM32G411CBT6, STM32G411CBU3, STM32G411CBU6, STM32G411K6T3, STM32G411K6T6, STM32G411K6U3, STM32G411K6U6, STM32G411K8T3, STM32G411K8T6, STM32G411K8U3, STM32G411K8U6, STM32G411KBT3, STM32G411KBT6, STM32G411KBU3, STM32G411KBU6, STM32G411M6T3, STM32G411M6T6, STM32G411M8T3, STM32G411M8T6, STM32G411MBT3, STM32G411MBT6, STM32G411R6T3, STM32G411R6T6, STM32G411R8T3, STM32G411R8T6, STM32G411RBT3, STM32G411RBT6, STM32G414CBT3, STM32G414CBT6, STM32G414CBU3, STM32G414CBU6, STM32G414CCT3, STM32G414CCT6, STM32G414CCU3, STM32G414CCU6, STM32G414MBT3, STM32G414MBT6, STM32G414MCT3, STM32G414MCT6, STM32G414RBT3, STM32G414RBT6, STM32G414RCT3, STM32G414RCT6, STM32G414VBT3, STM32G414VBT6, STM32G414VCT3, STM32G414VCT6, STM32G431CBT3Z, STM32G431RBT3Z, STM32G471CCT6, STM32G471CCU6, STM32G471CET3, STM32G471CET6, STM32G471CEU3, STM32G471CEU6, STM32G471MCT6, STM32G471MET3, STM32G471MET6, STM32G471MEY6TR, STM32G471QCT6, STM32G471QET3, STM32G471RCT6, STM32G471RET3, STM32G471RET6, STM32G471VCH6, STM32G471VCI6, STM32G471VCT6, STM32G471VEH3, STM32G471VEH6, STM32G471VEI3, STM32G471VEI6, STM32G471VET3, STM32G471VET6, STM32G473QET3Z, STM32G473RET3Z, STM32G474CCT6, STM32G491RET3Z, STM32H503CBT6, STM32H503CBU6, STM32H503EBY6TR, STM32H503KBU6, STM32H503RBT6, STM32H523CCT6, STM32H523CCU6, STM32H523CET6, STM32H523CEU6, STM32H523HEY6TR, STM32H523RCT6, STM32H523RET6, STM32H523VCI6, STM32H523VCT6, STM32H523VEI6, STM32H523VET6, STM32H523ZCJ6, STM32H523ZCT6, STM32H523ZEJ6, STM32H523ZET6, STM32H533CET6, STM32H533CEU6, STM32H533HEY6TR, STM32H533RET6, STM32H533VEI6, STM32H533VET6, STM32H533ZEJ6, STM32H533ZET6, STM32H562AGI6, STM32H562AII6, STM32H562IGK6, STM32H562IGT6, STM32H562IIK6, STM32H562IIT6, STM32H562RGT6, STM32H562RGV6, STM32H562RIT6, STM32H562RIV6, STM32H562VGT6, STM32H562VIT6, STM32H562ZGT6, STM32H562ZIT6, STM32H563AGI6, STM32H563AII3Q, STM32H563AII6, STM32H563IGK6, STM32H563IGT6, STM32H563IIK3Q, STM32H563IIK6, STM32H563IIT3Q, STM32H563IIT6, STM32H563MIY3QTR, STM32H563RGT6, STM32H563RGV6, STM32H563RIT6, STM32H563RIV6, STM32H563VGT6, STM32H563VIT3Q, STM32H563VIT6, STM32H563ZGT6, STM32H563ZIT3Q, STM32H563ZIT6, STM32H573AII3Q, STM32H573AII6, STM32H573I-DK, STM32H573IIK3Q, STM32H573IIK6, STM32H573IIT3Q, STM32H573IIT6, STM32H573MIY3QTR, STM32H573RIT6, STM32H573RIV6, STM32H573VIT3Q, STM32H573VIT6, STM32H573ZIT3Q, STM32H573ZIT6, STM32H7R3A8I6, STM32H7R3I8K6, STM32H7R3I8T6, STM32H7R3L8H6, STM32H7R3L8H6H, STM32H7R3R8V6, STM32H7R3V8H6, STM32H7R3V8T6, STM32H7R3V8Y6TR, STM32H7R3Z8J6, STM32H7R3Z8T6, STM32H7R7A8I6, STM32H7R7I8K6, STM32H7R7I8T6, STM32H7R7L8H6, STM32H7R7L8H6H, STM32H7R7Z8J6, STM32H7S3A8I6, STM32H7S3I8K6, STM32H7S3I8T6, STM32H7S3L8H6, STM32H7S3L8H6H, STM32H7S3R8V6, STM32H7S3V8H6, STM32H7S3V8T6, STM32H7S3V8Y6TR, STM32H7S3Z8J6, STM32H7S3Z8T6, STM32H7S78-DK, STM32H7S7A8I6, STM32H7S7I8K6, STM32H7S7I8T6, STM32H7S7L8H6, STM32H7S7L8H6H, STM32H7S7Z8J6, STM32L4R5QGI6STR, STM32MP131AAE3, STM32MP131AAF3, STM32MP131AAG3, STM32MP131CAE3, STM32MP131CAF3, STM32MP131CAG3, STM32MP131DAE7, STM32MP131DAF7, STM32MP131DAG7, STM32MP131FAE7, STM32MP131FAF7, STM32MP131FAG7, STM32MP133AAE3, STM32MP133AAF3, STM32MP133AAG3, STM32MP133CAE3, STM32MP133CAF3, STM32MP133CAG3, STM32MP133DAE7, STM32MP133DAF7, STM32MP133DAG7, STM32MP133FAE7, STM32MP133FAF7, STM32MP133FAG7, STM32MP135AAE3, STM32MP135AAF3, STM32MP135AAG3, STM32MP135CAE3, STM32MP135CAF3, STM32MP135CAG3, STM32MP135DAE7, STM32MP135DAF7, STM32MP135DAG7, STM32MP135F-DK, STM32MP135FAE7, STM32MP135FAF7, STM32MP135FAF7T, STM32MP135FAF7U, STM32MP135FAG7, STM32MP211AAL3, STM32MP211AAM3, STM32MP211AAN3, STM32MP211AAO3, STM32MP211CAL3, STM32MP211CAM3, STM32MP211CAN3, STM32MP211CAO3, STM32MP211DAL3, STM32MP211DAM3, STM32MP211DAN3, STM32MP211DAO3, STM32MP211FAL3, STM32MP211FAM3, STM32MP211FAN3, STM32MP211FAO3, STM32MP213AAL3, STM32MP213AAM3, STM32MP213AAN3, STM32MP213AAO3, STM32MP213CAL3, STM32MP213CAM3, STM32MP213CAN3, STM32MP213CAO3, STM32MP213DAL3, STM32MP213DAM3, STM32MP213DAN3, STM32MP213DAO3, STM32MP213FAL3, STM32MP213FAM3, STM32MP213FAN3, STM32MP213FAO3, STM32MP215AAL3, STM32MP215AAM3, STM32MP215AAN3, STM32MP215AAO3, STM32MP215CAL3, STM32MP215CAM3, STM32MP215CAN3, STM32MP215CAO3, STM32MP215DAL3, STM32MP215DAM3, STM32MP215DAN3, STM32MP215DAO3, STM32MP215F-DK, STM32MP215FAL3, STM32MP215FAM3, STM32MP215FAN3, STM32MP215FAO3, STM32MP231AAJ3, STM32MP231AAK3, STM32MP231AAL3, STM32MP231CAJ3, STM32MP231CAK3, STM32MP231CAL3, STM32MP231DAJ3, STM32MP231DAK3, STM32MP231DAL3, STM32MP231FAJ3, STM32MP231FAK3, STM32MP231FAL3, STM32MP233AAJ3, STM32MP233AAK3, STM32MP233AAL3, STM32MP233CAJ3, STM32MP233CAK3, STM32MP233CAL3, STM32MP233DAJ3, STM32MP233DAK3, STM32MP233DAL3, STM32MP233FAJ3, STM32MP233FAK3, STM32MP233FAL3, STM32MP235AAJ3, STM32MP235AAK3, STM32MP235AAL3, STM32MP235CAJ3, STM32MP235CAK3, STM32MP235CAL3, STM32MP235DAJ3, STM32MP235DAK3, STM32MP235DAL3, STM32MP235FAJ3, STM32MP235FAK3, STM32MP235FAL3, STM32MP251AAI3, STM32MP251AAK3, STM32MP251AAL3, STM32MP251CAI3, STM32MP251CAK3, STM32MP251CAL3, STM32MP251DAI3, STM32MP251DAK3, STM32MP251DAL3, STM32MP251FAI3, STM32MP251FAK3, STM32MP251FAL3, STM32MP253AAI3, STM32MP253AAK3, STM32MP253AAL3, STM32MP253CAI3, STM32MP253CAK3, STM32MP253CAL3, STM32MP253DAI3, STM32MP253DAK3, STM32MP253DAL3, STM32MP253FAI3, STM32MP253FAK3, STM32MP253FAL3, STM32MP255AAI3, STM32MP255AAK3, STM32MP255AAL3, STM32MP255CAI3, STM32MP255CAK3, STM32MP255CAL3, STM32MP255DAI3, STM32MP255DAK3, STM32MP255DAL3, STM32MP255FAI3, STM32MP255FAK3, STM32MP255FAL3, STM32MP257AAI3, STM32MP257AAK3, STM32MP257AAL3, STM32MP257CAI3, STM32MP257CAK3, STM32MP257CAL3, STM32MP257DAI3, STM32MP257DAK3, STM32MP257DAL3, STM32MP257F-DK, STM32MP257F-EV1, STM32MP257FAI3, STM32MP257FAK3, STM32MP257FAL3, STM32N645A0H3Q, STM32N645B0H3Q, STM32N645I0H3Q, STM32N645L0H3Q, STM32N645X0H3Q, STM32N645Z0H3Q, STM32N647A0H3Q, STM32N647B0H3Q, STM32N647I0H3Q, STM32N647L0H3Q, STM32N647X0H3Q, STM32N647Z0H3Q, STM32N655A0H3Q, STM32N655B0H3Q, STM32N655I0H3Q, STM32N655L0H3Q, STM32N655X0H3Q, STM32N655Z0H3Q, STM32N6570-DK, STM32N657A0H3Q, STM32N657B0H3Q, STM32N657I0H3Q, STM32N657L0H3Q, STM32N657X0H3Q, STM32N657Z0H3Q, STM32U031C6T6, STM32U031C6U6, STM32U031C8T6, STM32U031C8U6, STM32U031F4P6, STM32U031F6P6, STM32U031F8P6, STM32U031G6Y6TR, STM32U031G8Y6TR, STM32U031K4U6, STM32U031K6U6, STM32U031K8U6, STM32U031R6I6, STM32U031R6T6, STM32U031R8I6, STM32U031R8T6, STM32U073C8T6, STM32U073C8U6, STM32U073CBT6, STM32U073CBU6, STM32U073CCT6, STM32U073CCU6, STM32U073H8Y6TR, STM32U073HBY6TR, STM32U073HCY6TR, STM32U073K8U6, STM32U073KBU6, STM32U073KCU6, STM32U073M8I6, STM32U073M8T6, STM32U073MBI6, STM32U073MBT6, STM32U073MCI6, STM32U073MCT6, STM32U073R8I6, STM32U073R8T6, STM32U073RBI6, STM32U073RBT6, STM32U073RCI6, STM32U073RCT6, STM32U083C-DK, STM32U083CCT6, STM32U083CCU6, STM32U083HCY6TR, STM32U083KCU6, STM32U083MCI6, STM32U083MCT6, STM32U083RCI6, STM32U083RCT6, STM32U375CET6, STM32U375CET6Q, STM32U375CEU6, STM32U375CEU6Q, STM32U375CEY6QTR, STM32U375CGT6, STM32U375CGT6Q, STM32U375CGU6, STM32U375CGU6Q, STM32U375CGY6QTR, STM32U375KEU6, STM32U375KGU6, STM32U375REI6, STM32U375REI6Q, STM32U375RET6, STM32U375RET6Q, STM32U375REY6GTR, STM32U375REY6QTR, STM32U375RGI6, STM32U375RGI6Q, STM32U375RGT6, STM32U375RGT6Q, STM32U375RGY6GTR, STM32U375RGY6QTR, STM32U375VEI6, STM32U375VEI6Q, STM32U375VET6, STM32U375VET6Q, STM32U375VGI6, STM32U375VGI6Q, STM32U375VGT6, STM32U375VGT6Q, STM32U385CGT6, STM32U385CGT6Q, STM32U385CGU6, STM32U385CGU6Q, STM32U385CGY6QTR, STM32U385KGU6, STM32U385RGI6, STM32U385RGI6Q, STM32U385RGT6, STM32U385RGT6Q, STM32U385RGY6GTR, STM32U385RGY6QTR, STM32U385VGI6, STM32U385VGI6Q, STM32U385VGT6, STM32U385VGT6Q, STM32U535CBT6, STM32U535CBT6Q, STM32U535CBU6, STM32U535CBU6Q, STM32U535CCT6, STM32U535CCT6Q, STM32U535CCU6, STM32U535CCU6Q, STM32U535CET6, STM32U535CET6Q, STM32U535CEU6, STM32U535CEU6Q, STM32U535JEY6QTR, STM32U535NCY6QTR, STM32U535NEY6QTR, STM32U535RBI6, STM32U535RBI6Q, STM32U535RBT6, STM32U535RBT6Q, STM32U535RCI6, STM32U535RCI6Q, STM32U535RCT6, STM32U535RCT6Q, STM32U535REI6, STM32U535REI6Q, STM32U535RET6, STM32U535RET6Q, STM32U535VCI6, STM32U535VCI6Q, STM32U535VCT6, STM32U535VCT6Q, STM32U535VEI6, STM32U535VEI6Q, STM32U535VET6, STM32U535VET6Q, STM32U545CET6, STM32U545CET6Q, STM32U545CEU6, STM32U545CEU6Q, STM32U545JEY6QTR, STM32U545NEY6QTR, STM32U545REI6, STM32U545REI6Q, STM32U545RET6, STM32U545RET6Q, STM32U545VEI6, STM32U545VEI6Q, STM32U545VET6, STM32U545VET6Q, STM32U595AIH6, STM32U595AIH6Q, STM32U595AJH6, STM32U595AJH6Q, STM32U595QII6, STM32U595QII6Q, STM32U595QJI6, STM32U595QJI6Q, STM32U595RIT6, STM32U595RIT6Q, STM32U595RJT6, STM32U595RJT6Q, STM32U595VIT6, STM32U595VIT6Q, STM32U595VJT6, STM32U595VJT6Q, STM32U595ZIT6, STM32U595ZIT6Q, STM32U595ZIY6QTR, STM32U595ZJT6, STM32U595ZJT6Q, STM32U595ZJY6QTR, STM32U599BJY6QTR, STM32U599NIH6Q, STM32U599NJH6Q, STM32U599VIT6Q, STM32U599VJT6, STM32U599VJT6Q, STM32U599ZIT6Q, STM32U599ZIY6QTR, STM32U599ZJT6Q, STM32U599ZJY6QTR, STM32U5A5AJH6, STM32U5A5AJH6Q, STM32U5A5QII3Q , STM32U5A5QJI6, STM32U5A5QJI6Q, STM32U5A5RJT6, STM32U5A5RJT6Q, STM32U5A5VJT6, STM32U5A5VJT6Q, STM32U5A5ZJT6, STM32U5A5ZJT6Q, STM32U5A5ZJY6QTR, STM32U5A9BJY6QTR, STM32U5A9J-DK, STM32U5A9NJH6Q, STM32U5A9VJT6Q, STM32U5A9ZJT6Q, STM32U5A9ZJY6QTR, STM32U5F7VIT6, STM32U5F7VIT6Q, STM32U5F7VJT6, STM32U5F7VJT6Q, STM32U5F9BJY6QTR, STM32U5F9NJH6Q, STM32U5F9VIT6Q, STM32U5F9VJT6Q, STM32U5F9ZIJ6QTR, STM32U5F9ZIT6Q, STM32U5F9ZJJ6QTR, STM32U5F9ZJT6Q, STM32U5G7VJT6, STM32U5G7VJT6Q, STM32U5G9BJY6QTR, STM32U5G9J-DK1, STM32U5G9J-DK2, STM32U5G9NJH6Q, STM32U5G9VJT6Q, STM32U5G9ZJJ6QTR, STM32U5G9ZJT6Q, STM32WB05KZV6TR, STM32WB05KZV7TR, STM32WB05TZF6TR, STM32WB05TZF7TR, STM32WB06CCF6TR, STM32WB06CCF7TR, STM32WB06CCV6TR, STM32WB06CCV7TR, STM32WB06KCV6TR, STM32WB06KCV7TR, STM32WB07CCF6TR, STM32WB07CCF7TR, STM32WB07CCV6TR, STM32WB07CCV7TR, STM32WB07KCV6TR, STM32WB07KCV7TR, STM32WB09KEV6TR, STM32WB09KEV7TR, STM32WB09TEF6TR, STM32WB09TEF7TR, STM32WB1MMCH6, STM32WBA50KGU6, STM32WBA50KGU6TR, STM32WBA52CEU6, STM32WBA52CEU6TR, STM32WBA52CEU7, STM32WBA52CEU7TR, STM32WBA52CGU6, STM32WBA52CGU6TR, STM32WBA52CGU6U, STM32WBA52CGU7, STM32WBA52CGU7TR, STM32WBA52KEU6, STM32WBA52KEU6TR, STM32WBA52KGU6, STM32WBA52KGU6TR, STM32WBA54CEU6, STM32WBA54CEU6TR, STM32WBA54CEU7, STM32WBA54CEU7TR, STM32WBA54CGU6, STM32WBA54CGU6TR, STM32WBA54CGU7, STM32WBA54CGU7TR, STM32WBA54KEU6, STM32WBA54KEU6TR, STM32WBA54KEU7, STM32WBA54KEU7TR, STM32WBA54KGU6, STM32WBA54KGU6TR, STM32WBA54KGU7, STM32WBA54KGU7TR, STM32WBA55CEU6, STM32WBA55CEU6TR, STM32WBA55CEU7, STM32WBA55CEU7TR, STM32WBA55CGU6, STM32WBA55CGU6TR, STM32WBA55CGU6U, STM32WBA55CGU7, STM32WBA55CGU7TR, STM32WBA55G-DK1, STM32WBA55HEF6, STM32WBA55HEF7, STM32WBA55HGF6, STM32WBA55HGF7, STM32WBA55UEI6, STM32WBA55UEI6TR, STM32WBA55UEI7, STM32WBA55UEI7TR, STM32WBA55UGI6, STM32WBA55UGI6TR, STM32WBA55UGI7, STM32WBA55UGI7TR, STM32WBA5MMGH6TR, STM32WBA62MGF6, STM32WBA62MIF6, STM32WBA65MGF7, STM32WBA65MIF6, STM32WBA65MIF7, STM32WL30K8V6, STM32WL30KBV6, STM32WL31C8V6, STM32WL31CBV6, STM32WL31K8V6, STM32WL31KBV6, STM32WL33C8V6, STM32WL33C8V6X, STM32WL33CBV6, STM32WL33CBV6X, STM32WL33CCV6, STM32WL33CCV6A, STM32WL33CCV6X, STM32WL33K8V7, STM32WL33K8V7X, STM32WL33KBV7 , STM32WL33KBV7X, STM32WL33KCV7, STM32WL33KCV7X, STM32WL5MOCH6, STM32WL5MOCH6TR]
2025-12-16 15:26:13,145 [INFO] DbMcus:218 - Found 4876 MCUs, 4876 are supported
2025-12-16 15:26:13,146 [INFO] ApiDb:423 - Load user favorites file C:\Users\aditi/.stm32cubeide/favorites.mcus.txt: 0 item(s)
2025-12-16 15:26:13,146 [INFO] ApiDb:427 - User favorites MCUs=[]
2025-12-16 15:26:13,146 [INFO] DbMcus:224 - Set 0 / 0 favorites MCUs
2025-12-16 15:26:13,441 [INFO] ApiDb:668 - CubeFinder database Data Model version=2.1
2025-12-16 15:26:13,441 [INFO] ApiDb:669 - CubeFinder database Configuration version=3.0.39
2025-12-16 15:26:13,441 [INFO] ApiDb:670 - CubeFinder database generation date=2025-11-05 (1762334721)
2025-12-16 15:26:13,441 [INFO] ApiDb:671 - CubeFinder database FW Pack versions=[FP-ATR-ASTRA1_V2.0.0, FP-SNS-FLIGHT1_V5.1.0, FP-SNS-MOTENV1_V5.1.0, FP-SNS-MOTENVWB1_V1.4.0, FP-SNS-SMARTAG2_V1.2.0, FP-SNS-STBOX1_V2.1.0, STM32Cube_FW_C0_V1.4.0, STM32Cube_FW_F4_V1.28.3, STM32Cube_FW_F7_V1.17.4, STM32Cube_FW_G0_V1.6.2, STM32Cube_FW_G4_V1.6.1, STM32Cube_FW_H5_V1.5.1, STM32Cube_FW_H7RS_V1.3.0, STM32Cube_FW_H7_V1.12.1, STM32Cube_FW_L0_V1.12.2, STM32Cube_FW_L4_V1.18.1, STM32Cube_FW_L5_V1.6.0, STM32Cube_FW_N6_V1.3.0, STM32Cube_FW_U0_V1.3.0, STM32Cube_FW_U3_V1.2.1, STM32Cube_FW_U5_V1.8.0, STM32Cube_FW_WB0_V1.4.0, STM32Cube_FW_WBA_V1.8.0, STM32Cube_FW_WB_V1.24.0, STM32Cube_FW_WL3_V1.3.0, STM32Cube_FW_WL_V1.4.0, X-CUBE-ALGOBUILD_V1.4.0, X-CUBE-ALS_V1.0.2, X-CUBE-AZRTOS-F4_V1.1.0, X-CUBE-AZRTOS-F7_V1.1.0, X-CUBE-AZRTOS-G0_V1.1.0, X-CUBE-AZRTOS-G4_V2.0.0, X-CUBE-AZRTOS-H7RS_V1.1.0, X-CUBE-AZRTOS-H7_V3.4.0, X-CUBE-AZRTOS-L4_V2.0.0, X-CUBE-AZRTOS-L5_V2.0.0, X-CUBE-AZRTOS-WB_V2.0.0, X-CUBE-AZRTOS-WL_V2.0.0, X-CUBE-BLE1_V7.1.0, X-CUBE-BLE2_V3.3.0, X-CUBE-BLEMGR_V4.1.0, X-CUBE-EEPRMA1_V5.2.0, X-CUBE-FREERTOS_V1.3.1, X-CUBE-GNSS1_V6.0.0, X-CUBE-MEMS1_V11.3.0, X-CUBE-NFC4_V3.0.0, X-CUBE-NFC7_V2.0.0, X-CUBE-SFXS2LP1_V4.0.0, X-CUBE-ST67W61_V1.1.0, X-CUBE-SUBG2_V5.0.0, X-CUBE-TOF1_V3.4.3]
2025-12-16 15:26:13,530 [INFO] DbBoardsSqlite:226 - include board P-NUCLEO-WB55-NUCLEO as a kit item of type 'Nucleo-64'
2025-12-16 15:26:13,530 [INFO] DbBoardsSqlite:226 - include board P-NUCLEO-WB55-USBDONGLE as a kit item of type 'Nucleo USB Dongle'
2025-12-16 15:26:13,530 [INFO] DbBoardsSqlite:226 - include board STEVAL-IDP005V1 as a kit item of type 'Evaluation Board'
2025-12-16 15:26:13,531 [INFO] DbBoardsSqlite:226 - include board STEVAL-IDP005V2 as a kit item of type 'Evaluation Board'
2025-12-16 15:26:13,587 [INFO] ApiDb:240 - Found 880 in-development CPN: [B-G473E-ZEST1S, B-WB1M-WPAN1, B-WBA5M-WPAN, B-WL5M-SUBG1, NUCLEO-C031C6, NUCLEO-C051C8, NUCLEO-C071RB, NUCLEO-C092RC, NUCLEO-H503RB, NUCLEO-H533RE, NUCLEO-H563ZI, NUCLEO-H7S3L8, NUCLEO-N657X0-Q, NUCLEO-U031R8, NUCLEO-U083RC, NUCLEO-U385RG-Q, NUCLEO-U545RE-Q, NUCLEO-U5A5ZJ-Q, NUCLEO-WB05KZ, NUCLEO-WB07CC, NUCLEO-WB09KE, NUCLEO-WBA52CG, NUCLEO-WBA55CG, NUCLEO-WL33CC1, NUCLEO-WL33CC2, STEVAL-PROTEUS1, STEVAL-SMARTAG2, STEVAL-STWINBX1, STM320518-EVAL, STM32C0116-DK, STM32C011D6Y3TR, STM32C011D6Y6TR, STM32C011F4P3, STM32C011F4P6, STM32C011F4U3, STM32C011F4U6TR, STM32C011F6P3, STM32C011F6P6, STM32C011F6U3, STM32C011F6U6TR, STM32C011J4M3, STM32C011J4M6, STM32C011J6M3, STM32C011J6M6, STM32C0316-DK, STM32C031C4T3, STM32C031C4T6, STM32C031C4U3, STM32C031C4U6, STM32C031C6T3, STM32C031C6T6, STM32C031C6U3, STM32C031C6U6, STM32C031F4P3, STM32C031F4P6, STM32C031F6P3, STM32C031F6P6, STM32C031G4U3, STM32C031G4U6, STM32C031G6U3, STM32C031G6U6, STM32C031K4T3, STM32C031K4T6, STM32C031K4U3, STM32C031K4U6, STM32C031K6T3, STM32C031K6T6, STM32C031K6U3, STM32C031K6U6, STM32C051C6T6, STM32C051C6U6, STM32C051C8T6, STM32C051C8U6, STM32C051D8Y6TR, STM32C051F6P6, STM32C051F8P6, STM32C051G6U6, STM32C051G8U6, STM32C051K6T6, STM32C051K6U6, STM32C051K8T6, STM32C071C8T6, STM32C071C8T6N, STM32C071C8U6, STM32C071C8U6N, STM32C071CBT6, STM32C071CBT6N, STM32C071CBU6, STM32C071CBU6N, STM32C071F8P6, STM32C071F8P6N, STM32C071FBP6, STM32C071FBP6N, STM32C071FBY6TR, STM32C071G8U6, STM32C071G8U6N, STM32C071GBU6, STM32C071GBU6N, STM32C071K8T6, STM32C071K8T6N, STM32C071K8U6, STM32C071K8U6N, STM32C071KBT6, STM32C071KBT6N, STM32C071KBU6, STM32C071KBU6N, STM32C071R8T6, STM32C071R8T6N, STM32C071RBI6N, STM32C071RBT6, STM32C071RBT6N, STM32C091CBT6, STM32C091CBU6, STM32C091CCT6, STM32C091CCU6, STM32C091ECY6TR, STM32C091FBP6, STM32C091FCP6, STM32C091GBU6, STM32C091GCU6, STM32C091KBT6, STM32C091KBU6, STM32C091KCT6, STM32C091KCU6, STM32C091RBT6, STM32C091RCI6, STM32C091RCT6, STM32C092CBT6, STM32C092CBU6, STM32C092CCT6, STM32C092CCU6, STM32C092ECY6TR, STM32C092FBP6, STM32C092FCP6, STM32C092GBU6, STM32C092GCU6, STM32C092KBT6, STM32C092KBU6, STM32C092KCT6, STM32C092KCU6, STM32C092RBT6, STM32C092RCI6, STM32C092RCT6, STM32G071K8TXN, STM32G071K8UXN, STM32G081GBU6N, STM32G081KBT6N, STM32G081KBUXN, STM32G0B1CCT6N, STM32G0B1KCT6, STM32G0B1NEY6TR, STM32G0B1RCT6N, STM32G0C1CCT6, STM32G0C1CCT6N, STM32G0C1CCU6N, STM32G0C1CET6N, STM32G0C1CEU6N, STM32G0C1KCT6, STM32G0C1NEY6TR, STM32G0C1RCI6N, STM32G0C1RCT6N, STM32G0C1REI6N, STM32G0C1RET6N, STM32G0C1VCI6, STM32G0C1VEI6, STM32G411C6T3, STM32G411C6T6, STM32G411C6U3, STM32G411C6U6, STM32G411C8T3, STM32G411C8T6, STM32G411C8U3, STM32G411C8U6, STM32G411CBT3, STM32G411CBT6, STM32G411CBU3, STM32G411CBU6, STM32G411K6T3, STM32G411K6T6, STM32G411K6U3, STM32G411K6U6, STM32G411K8T3, STM32G411K8T6, STM32G411K8U3, STM32G411K8U6, STM32G411KBT3, STM32G411KBT6, STM32G411KBU3, STM32G411KBU6, STM32G411M6T3, STM32G411M6T6, STM32G411M8T3, STM32G411M8T6, STM32G411MBT3, STM32G411MBT6, STM32G411R6T3, STM32G411R6T6, STM32G411R8T3, STM32G411R8T6, STM32G411RBT3, STM32G411RBT6, STM32G414CBT3, STM32G414CBT6, STM32G414CBU3, STM32G414CBU6, STM32G414CCT3, STM32G414CCT6, STM32G414CCU3, STM32G414CCU6, STM32G414MBT3, STM32G414MBT6, STM32G414MCT3, STM32G414MCT6, STM32G414RBT3, STM32G414RBT6, STM32G414RCT3, STM32G414RCT6, STM32G414VBT3, STM32G414VBT6, STM32G414VCT3, STM32G414VCT6, STM32G431CBT3Z, STM32G431RBT3Z, STM32G471CCT6, STM32G471CCU6, STM32G471CET3, STM32G471CET6, STM32G471CEU3, STM32G471CEU6, STM32G471MCT6, STM32G471MET3, STM32G471MET6, STM32G471MEY6TR, STM32G471QCT6, STM32G471QET3, STM32G471RCT6, STM32G471RET3, STM32G471RET6, STM32G471VCH6, STM32G471VCI6, STM32G471VCT6, STM32G471VEH3, STM32G471VEH6, STM32G471VEI3, STM32G471VEI6, STM32G471VET3, STM32G471VET6, STM32G473QET3Z, STM32G473RET3Z, STM32G474CCT6, STM32G491RET3Z, STM32H503CBT6, STM32H503CBU6, STM32H503EBY6TR, STM32H503KBU6, STM32H503RBT6, STM32H523CCT6, STM32H523CCU6, STM32H523CET6, STM32H523CEU6, STM32H523HEY6TR, STM32H523RCT6, STM32H523RET6, STM32H523VCI6, STM32H523VCT6, STM32H523VEI6, STM32H523VET6, STM32H523ZCJ6, STM32H523ZCT6, STM32H523ZEJ6, STM32H523ZET6, STM32H533CET6, STM32H533CEU6, STM32H533HEY6TR, STM32H533RET6, STM32H533VEI6, STM32H533VET6, STM32H533ZEJ6, STM32H533ZET6, STM32H562AGI6, STM32H562AII6, STM32H562IGK6, STM32H562IGT6, STM32H562IIK6, STM32H562IIT6, STM32H562RGT6, STM32H562RGV6, STM32H562RIT6, STM32H562RIV6, STM32H562VGT6, STM32H562VIT6, STM32H562ZGT6, STM32H562ZIT6, STM32H563AGI6, STM32H563AII3Q, STM32H563AII6, STM32H563IGK6, STM32H563IGT6, STM32H563IIK3Q, STM32H563IIK6, STM32H563IIT3Q, STM32H563IIT6, STM32H563MIY3QTR, STM32H563RGT6, STM32H563RGV6, STM32H563RIT6, STM32H563RIV6, STM32H563VGT6, STM32H563VIT3Q, STM32H563VIT6, STM32H563ZGT6, STM32H563ZIT3Q, STM32H563ZIT6, STM32H573AII3Q, STM32H573AII6, STM32H573I-DK, STM32H573IIK3Q, STM32H573IIK6, STM32H573IIT3Q, STM32H573IIT6, STM32H573MIY3QTR, STM32H573RIT6, STM32H573RIV6, STM32H573VIT3Q, STM32H573VIT6, STM32H573ZIT3Q, STM32H573ZIT6, STM32H7R3A8I6, STM32H7R3I8K6, STM32H7R3I8T6, STM32H7R3L8H6, STM32H7R3L8H6H, STM32H7R3R8V6, STM32H7R3V8H6, STM32H7R3V8T6, STM32H7R3V8Y6TR, STM32H7R3Z8J6, STM32H7R3Z8T6, STM32H7R7A8I6, STM32H7R7I8K6, STM32H7R7I8T6, STM32H7R7L8H6, STM32H7R7L8H6H, STM32H7R7Z8J6, STM32H7S3A8I6, STM32H7S3I8K6, STM32H7S3I8T6, STM32H7S3L8H6, STM32H7S3L8H6H, STM32H7S3R8V6, STM32H7S3V8H6, STM32H7S3V8T6, STM32H7S3V8Y6TR, STM32H7S3Z8J6, STM32H7S3Z8T6, STM32H7S78-DK, STM32H7S7A8I6, STM32H7S7I8K6, STM32H7S7I8T6, STM32H7S7L8H6, STM32H7S7L8H6H, STM32H7S7Z8J6, STM32L4R5QGI6STR, STM32MP131AAE3, STM32MP131AAF3, STM32MP131AAG3, STM32MP131CAE3, STM32MP131CAF3, STM32MP131CAG3, STM32MP131DAE7, STM32MP131DAF7, STM32MP131DAG7, STM32MP131FAE7, STM32MP131FAF7, STM32MP131FAG7, STM32MP133AAE3, STM32MP133AAF3, STM32MP133AAG3, STM32MP133CAE3, STM32MP133CAF3, STM32MP133CAG3, STM32MP133DAE7, STM32MP133DAF7, STM32MP133DAG7, STM32MP133FAE7, STM32MP133FAF7, STM32MP133FAG7, STM32MP135AAE3, STM32MP135AAF3, STM32MP135AAG3, STM32MP135CAE3, STM32MP135CAF3, STM32MP135CAG3, STM32MP135DAE7, STM32MP135DAF7, STM32MP135DAG7, STM32MP135F-DK, STM32MP135FAE7, STM32MP135FAF7, STM32MP135FAF7T, STM32MP135FAF7U, STM32MP135FAG7, STM32MP211AAL3, STM32MP211AAM3, STM32MP211AAN3, STM32MP211AAO3, STM32MP211CAL3, STM32MP211CAM3, STM32MP211CAN3, STM32MP211CAO3, STM32MP211DAL3, STM32MP211DAM3, STM32MP211DAN3, STM32MP211DAO3, STM32MP211FAL3, STM32MP211FAM3, STM32MP211FAN3, STM32MP211FAO3, STM32MP213AAL3, STM32MP213AAM3, STM32MP213AAN3, STM32MP213AAO3, STM32MP213CAL3, STM32MP213CAM3, STM32MP213CAN3, STM32MP213CAO3, STM32MP213DAL3, STM32MP213DAM3, STM32MP213DAN3, STM32MP213DAO3, STM32MP213FAL3, STM32MP213FAM3, STM32MP213FAN3, STM32MP213FAO3, STM32MP215AAL3, STM32MP215AAM3, STM32MP215AAN3, STM32MP215AAO3, STM32MP215CAL3, STM32MP215CAM3, STM32MP215CAN3, STM32MP215CAO3, STM32MP215DAL3, STM32MP215DAM3, STM32MP215DAN3, STM32MP215DAO3, STM32MP215F-DK, STM32MP215FAL3, STM32MP215FAM3, STM32MP215FAN3, STM32MP215FAO3, STM32MP231AAJ3, STM32MP231AAK3, STM32MP231AAL3, STM32MP231CAJ3, STM32MP231CAK3, STM32MP231CAL3, STM32MP231DAJ3, STM32MP231DAK3, STM32MP231DAL3, STM32MP231FAJ3, STM32MP231FAK3, STM32MP231FAL3, STM32MP233AAJ3, STM32MP233AAK3, STM32MP233AAL3, STM32MP233CAJ3, STM32MP233CAK3, STM32MP233CAL3, STM32MP233DAJ3, STM32MP233DAK3, STM32MP233DAL3, STM32MP233FAJ3, STM32MP233FAK3, STM32MP233FAL3, STM32MP235AAJ3, STM32MP235AAK3, STM32MP235AAL3, STM32MP235CAJ3, STM32MP235CAK3, STM32MP235CAL3, STM32MP235DAJ3, STM32MP235DAK3, STM32MP235DAL3, STM32MP235FAJ3, STM32MP235FAK3, STM32MP235FAL3, STM32MP251AAI3, STM32MP251AAK3, STM32MP251AAL3, STM32MP251CAI3, STM32MP251CAK3, STM32MP251CAL3, STM32MP251DAI3, STM32MP251DAK3, STM32MP251DAL3, STM32MP251FAI3, STM32MP251FAK3, STM32MP251FAL3, STM32MP253AAI3, STM32MP253AAK3, STM32MP253AAL3, STM32MP253CAI3, STM32MP253CAK3, STM32MP253CAL3, STM32MP253DAI3, STM32MP253DAK3, STM32MP253DAL3, STM32MP253FAI3, STM32MP253FAK3, STM32MP253FAL3, STM32MP255AAI3, STM32MP255AAK3, STM32MP255AAL3, STM32MP255CAI3, STM32MP255CAK3, STM32MP255CAL3, STM32MP255DAI3, STM32MP255DAK3, STM32MP255DAL3, STM32MP255FAI3, STM32MP255FAK3, STM32MP255FAL3, STM32MP257AAI3, STM32MP257AAK3, STM32MP257AAL3, STM32MP257CAI3, STM32MP257CAK3, STM32MP257CAL3, STM32MP257DAI3, STM32MP257DAK3, STM32MP257DAL3, STM32MP257F-DK, STM32MP257F-EV1, STM32MP257FAI3, STM32MP257FAK3, STM32MP257FAL3, STM32N645A0H3Q, STM32N645B0H3Q, STM32N645I0H3Q, STM32N645L0H3Q, STM32N645X0H3Q, STM32N645Z0H3Q, STM32N647A0H3Q, STM32N647B0H3Q, STM32N647I0H3Q, STM32N647L0H3Q, STM32N647X0H3Q, STM32N647Z0H3Q, STM32N655A0H3Q, STM32N655B0H3Q, STM32N655I0H3Q, STM32N655L0H3Q, STM32N655X0H3Q, STM32N655Z0H3Q, STM32N6570-DK, STM32N657A0H3Q, STM32N657B0H3Q, STM32N657I0H3Q, STM32N657L0H3Q, STM32N657X0H3Q, STM32N657Z0H3Q, STM32U031C6T6, STM32U031C6U6, STM32U031C8T6, STM32U031C8U6, STM32U031F4P6, STM32U031F6P6, STM32U031F8P6, STM32U031G6Y6TR, STM32U031G8Y6TR, STM32U031K4U6, STM32U031K6U6, STM32U031K8U6, STM32U031R6I6, STM32U031R6T6, STM32U031R8I6, STM32U031R8T6, STM32U073C8T6, STM32U073C8U6, STM32U073CBT6, STM32U073CBU6, STM32U073CCT6, STM32U073CCU6, STM32U073H8Y6TR, STM32U073HBY6TR, STM32U073HCY6TR, STM32U073K8U6, STM32U073KBU6, STM32U073KCU6, STM32U073M8I6, STM32U073M8T6, STM32U073MBI6, STM32U073MBT6, STM32U073MCI6, STM32U073MCT6, STM32U073R8I6, STM32U073R8T6, STM32U073RBI6, STM32U073RBT6, STM32U073RCI6, STM32U073RCT6, STM32U083C-DK, STM32U083CCT6, STM32U083CCU6, STM32U083HCY6TR, STM32U083KCU6, STM32U083MCI6, STM32U083MCT6, STM32U083RCI6, STM32U083RCT6, STM32U375CET6, STM32U375CET6Q, STM32U375CEU6, STM32U375CEU6Q, STM32U375CEY6QTR, STM32U375CGT6, STM32U375CGT6Q, STM32U375CGU6, STM32U375CGU6Q, STM32U375CGY6QTR, STM32U375KEU6, STM32U375KGU6, STM32U375REI6, STM32U375REI6Q, STM32U375RET6, STM32U375RET6Q, STM32U375REY6GTR, STM32U375REY6QTR, STM32U375RGI6, STM32U375RGI6Q, STM32U375RGT6, STM32U375RGT6Q, STM32U375RGY6GTR, STM32U375RGY6QTR, STM32U375VEI6, STM32U375VEI6Q, STM32U375VET6, STM32U375VET6Q, STM32U375VGI6, STM32U375VGI6Q, STM32U375VGT6, STM32U375VGT6Q, STM32U385CGT6, STM32U385CGT6Q, STM32U385CGU6, STM32U385CGU6Q, STM32U385CGY6QTR, STM32U385KGU6, STM32U385RGI6, STM32U385RGI6Q, STM32U385RGT6, STM32U385RGT6Q, STM32U385RGY6GTR, STM32U385RGY6QTR, STM32U385VGI6, STM32U385VGI6Q, STM32U385VGT6, STM32U385VGT6Q, STM32U535CBT6, STM32U535CBT6Q, STM32U535CBU6, STM32U535CBU6Q, STM32U535CCT6, STM32U535CCT6Q, STM32U535CCU6, STM32U535CCU6Q, STM32U535CET6, STM32U535CET6Q, STM32U535CEU6, STM32U535CEU6Q, STM32U535JEY6QTR, STM32U535NCY6QTR, STM32U535NEY6QTR, STM32U535RBI6, STM32U535RBI6Q, STM32U535RBT6, STM32U535RBT6Q, STM32U535RCI6, STM32U535RCI6Q, STM32U535RCT6, STM32U535RCT6Q, STM32U535REI6, STM32U535REI6Q, STM32U535RET6, STM32U535RET6Q, STM32U535VCI6, STM32U535VCI6Q, STM32U535VCT6, STM32U535VCT6Q, STM32U535VEI6, STM32U535VEI6Q, STM32U535VET6, STM32U535VET6Q, STM32U545CET6, STM32U545CET6Q, STM32U545CEU6, STM32U545CEU6Q, STM32U545JEY6QTR, STM32U545NEY6QTR, STM32U545REI6, STM32U545REI6Q, STM32U545RET6, STM32U545RET6Q, STM32U545VEI6, STM32U545VEI6Q, STM32U545VET6, STM32U545VET6Q, STM32U595AIH6, STM32U595AIH6Q, STM32U595AJH6, STM32U595AJH6Q, STM32U595QII6, STM32U595QII6Q, STM32U595QJI6, STM32U595QJI6Q, STM32U595RIT6, STM32U595RIT6Q, STM32U595RJT6, STM32U595RJT6Q, STM32U595VIT6, STM32U595VIT6Q, STM32U595VJT6, STM32U595VJT6Q, STM32U595ZIT6, STM32U595ZIT6Q, STM32U595ZIY6QTR, STM32U595ZJT6, STM32U595ZJT6Q, STM32U595ZJY6QTR, STM32U599BJY6QTR, STM32U599NIH6Q, STM32U599NJH6Q, STM32U599VIT6Q, STM32U599VJT6, STM32U599VJT6Q, STM32U599ZIT6Q, STM32U599ZIY6QTR, STM32U599ZJT6Q, STM32U599ZJY6QTR, STM32U5A5AJH6, STM32U5A5AJH6Q, STM32U5A5QII3Q , STM32U5A5QJI6, STM32U5A5QJI6Q, STM32U5A5RJT6, STM32U5A5RJT6Q, STM32U5A5VJT6, STM32U5A5VJT6Q, STM32U5A5ZJT6, STM32U5A5ZJT6Q, STM32U5A5ZJY6QTR, STM32U5A9BJY6QTR, STM32U5A9J-DK, STM32U5A9NJH6Q, STM32U5A9VJT6Q, STM32U5A9ZJT6Q, STM32U5A9ZJY6QTR, STM32U5F7VIT6, STM32U5F7VIT6Q, STM32U5F7VJT6, STM32U5F7VJT6Q, STM32U5F9BJY6QTR, STM32U5F9NJH6Q, STM32U5F9VIT6Q, STM32U5F9VJT6Q, STM32U5F9ZIJ6QTR, STM32U5F9ZIT6Q, STM32U5F9ZJJ6QTR, STM32U5F9ZJT6Q, STM32U5G7VJT6, STM32U5G7VJT6Q, STM32U5G9BJY6QTR, STM32U5G9J-DK1, STM32U5G9J-DK2, STM32U5G9NJH6Q, STM32U5G9VJT6Q, STM32U5G9ZJJ6QTR, STM32U5G9ZJT6Q, STM32WB05KZV6TR, STM32WB05KZV7TR, STM32WB05TZF6TR, STM32WB05TZF7TR, STM32WB06CCF6TR, STM32WB06CCF7TR, STM32WB06CCV6TR, STM32WB06CCV7TR, STM32WB06KCV6TR, STM32WB06KCV7TR, STM32WB07CCF6TR, STM32WB07CCF7TR, STM32WB07CCV6TR, STM32WB07CCV7TR, STM32WB07KCV6TR, STM32WB07KCV7TR, STM32WB09KEV6TR, STM32WB09KEV7TR, STM32WB09TEF6TR, STM32WB09TEF7TR, STM32WB1MMCH6, STM32WBA50KGU6, STM32WBA50KGU6TR, STM32WBA52CEU6, STM32WBA52CEU6TR, STM32WBA52CEU7, STM32WBA52CEU7TR, STM32WBA52CGU6, STM32WBA52CGU6TR, STM32WBA52CGU6U, STM32WBA52CGU7, STM32WBA52CGU7TR, STM32WBA52KEU6, STM32WBA52KEU6TR, STM32WBA52KGU6, STM32WBA52KGU6TR, STM32WBA54CEU6, STM32WBA54CEU6TR, STM32WBA54CEU7, STM32WBA54CEU7TR, STM32WBA54CGU6, STM32WBA54CGU6TR, STM32WBA54CGU7, STM32WBA54CGU7TR, STM32WBA54KEU6, STM32WBA54KEU6TR, STM32WBA54KEU7, STM32WBA54KEU7TR, STM32WBA54KGU6, STM32WBA54KGU6TR, STM32WBA54KGU7, STM32WBA54KGU7TR, STM32WBA55CEU6, STM32WBA55CEU6TR, STM32WBA55CEU7, STM32WBA55CEU7TR, STM32WBA55CGU6, STM32WBA55CGU6TR, STM32WBA55CGU6U, STM32WBA55CGU7, STM32WBA55CGU7TR, STM32WBA55G-DK1, STM32WBA55HEF6, STM32WBA55HEF7, STM32WBA55HGF6, STM32WBA55HGF7, STM32WBA55UEI6, STM32WBA55UEI6TR, STM32WBA55UEI7, STM32WBA55UEI7TR, STM32WBA55UGI6, STM32WBA55UGI6TR, STM32WBA55UGI7, STM32WBA55UGI7TR, STM32WBA5MMGH6TR, STM32WBA62MGF6, STM32WBA62MIF6, STM32WBA65MGF7, STM32WBA65MIF6, STM32WBA65MIF7, STM32WL30K8V6, STM32WL30KBV6, STM32WL31C8V6, STM32WL31CBV6, STM32WL31K8V6, STM32WL31KBV6, STM32WL33C8V6, STM32WL33C8V6X, STM32WL33CBV6, STM32WL33CBV6X, STM32WL33CCV6, STM32WL33CCV6A, STM32WL33CCV6X, STM32WL33K8V7, STM32WL33K8V7X, STM32WL33KBV7 , STM32WL33KBV7X, STM32WL33KCV7, STM32WL33KCV7X, STM32WL5MOCH6, STM32WL5MOCH6TR]
2025-12-16 15:26:13,768 [INFO] BoardInfo:889 - No configuration file found for board P-NUCLEO-WB55
2025-12-16 15:26:13,769 [INFO] DbBoards:161 - Kit is not supported: P-NUCLEO-WB55
2025-12-16 15:26:13,775 [INFO] BoardInfo:889 - No configuration file found for board STEVAL-BFA001V1B
2025-12-16 15:26:13,776 [INFO] DbBoards:161 - Kit is not supported: STEVAL-BFA001V1B
2025-12-16 15:26:13,777 [INFO] BoardInfo:889 - No configuration file found for board STEVAL-BFA001V2B
2025-12-16 15:26:13,778 [INFO] DbBoards:161 - Kit is not supported: STEVAL-BFA001V2B
2025-12-16 15:26:13,956 [INFO] DbBoards:168 - Found 212 boards, 209 are supported
2025-12-16 15:26:13,956 [INFO] DbBoards:169 - Found 212 boards, 43 of them is supported for  Bsp
2025-12-16 15:26:13,958 [INFO] ApiDb:423 - Load user favorites file C:\Users\aditi/.stm32cubeide/favorites.boards.txt: 1 item(s)
2025-12-16 15:26:13,959 [INFO] ApiDb:427 - User favorites Boards=[STM32F407G-DISC1]
2025-12-16 15:26:13,959 [INFO] DbBoards:198 - Set 1 / 1 favorites Boards
2025-12-16 15:26:13,959 [INFO] McuFinderGlobals:76 - Set McuFinderConnectedMode to true
2025-12-16 15:26:13,963 [INFO] MultiScanPanel:200 - Auto-refresh data requested => check proxy status ongoing
2025-12-16 15:26:13,964 [INFO] FinderPluginLoader:96 - Searching for filters in installed packs
2025-12-16 15:26:15,016 [INFO] LoadUrlFilesThread:185 - End of LoadServerUrlFiles without Thread
2025-12-16 15:26:15,028 [INFO] DetailPanel:341 - Set advertising image to C:/Users/aditi/STM32Cube/Repository/\en.prom-st67w-expansion-board.png
2025-12-16 15:26:19,928 [INFO] MultiScanPanel:200 - Auto-refresh data requested => check proxy status ongoing
2025-12-16 15:26:20,039 [INFO] LoadUrlFilesThread:185 - End of LoadServerUrlFiles without Thread
2025-12-16 15:26:20,040 [INFO] DetailPanel:341 - Set advertising image to C:/Users/aditi/STM32Cube/Repository/\en.prom-st67w-expansion-board.png
2025-12-16 15:26:20,060 [INFO] DbBoards:642 - Loading board mini-images...
2025-12-16 15:26:21,490 [ERROR] DbBoards:659 - Image file not found for board STM32MP215F-DK: C:\Users\aditi\.stmcufinder\plugins\mcufinder//mcu//boards_images/STM32MP215F-DK.jpg
2025-12-16 15:26:21,566 [INFO] DbBoards:665 - Loaded 211 board mini-images
2025-12-16 15:26:39,552 [INFO] McuFinderGlobals:76 - Set McuFinderConnectedMode to true
2025-12-16 15:26:39,557 [INFO] ApiDb:448 - Save user favorites file C:\Users\aditi/.stm32cubeide/favorites.mcus.txt: 0 item(s)
2025-12-16 15:26:39,557 [INFO] ApiDb:452 - User favorites MCUs=[]
2025-12-16 15:26:39,561 [INFO] ApiDb:448 - Save user favorites file C:\Users\aditi/.stm32cubeide/favorites.boards.txt: 1 item(s)
2025-12-16 15:26:39,561 [INFO] ApiDb:452 - User favorites Boards=[STM32F407G-DISC1]
2025-12-16 15:29:46,905 [ERROR] LogOutputStream:75 - [STDERR_REDIRECT] 
2025-12-16 15:29:46,905 [ERROR] LogOutputStream:75 - [STDERR_REDIRECT] 
