2025-12-25 10:55:13,553 [INFO] Activator:176 - 


2025-12-25 10:55:13,558 [INFO] Activator:177 - !SESSION log4j initialized
2025-12-25 10:55:20,961 [INFO] LogOutputStream:77 - [STDOUT_REDIRECT] 
2025-12-25 10:55:22,477 [INFO] ApplicationProperties:184 - Using Application install path: C:\ST\STM32CubeIDE_1.19.0\STM32CubeIDE\plugins\com.st.stm32cube.common.mx_6.15.0.202507011659
2025-12-25 10:55:22,505 [INFO] DbMcusXml:78 - Set database path to: C:\ST\STM32CubeIDE_1.19.0\STM32CubeIDE\plugins\com.st.stm32cube.common.mx_6.15.0.202507011659\\db\/mcu/
2025-12-25 10:55:22,505 [INFO] ApiDb:274 - Set plugin database path to: C:\ST\STM32CubeIDE_1.19.0\STM32CubeIDE\plugins\com.st.stm32cube.common.mx_6.15.0.202507011659\\db\/plugins/boardmanager/
2025-12-25 10:55:22,506 [WARN] ApiDb:259 - Overriding images path with different value:  => C:\ST\STM32CubeIDE_1.19.0\STM32CubeIDE\plugins\com.st.stm32cube.common.mx_6.15.0.202507011659\\db\/plugins/mcufinder/images/
2025-12-25 10:55:22,513 [INFO] ApiDb:250 - Set database path to: C:\Users\aditi\.stmcufinder\plugins\mcufinder//mcu/
2025-12-25 10:55:22,515 [INFO] DbMcusAds:125 - Set database path to: C:\Users\aditi\.stmcufinder\plugins\mcufinder//mcu/
2025-12-25 10:55:22,520 [INFO] CrossReferenceDbSqlite:203 - Set database path to: C:\Users\aditi\.stmcufinder\plugins\mcufinder//mcu/cs/
2025-12-25 10:55:22,680 [INFO] RulesReader:64 - Compatibility file has been processed (317 Rules)
2025-12-25 10:55:22,786 [INFO] DbMcusXml:78 - Set database path to: C:\ST\STM32CubeIDE_1.19.0\STM32CubeIDE\plugins\com.st.stm32cube.common.mx_6.15.0.202507011659\\db\/mcu/
2025-12-25 10:55:22,786 [INFO] ApiDb:274 - Set plugin database path to: C:\ST\STM32CubeIDE_1.19.0\STM32CubeIDE\plugins\com.st.stm32cube.common.mx_6.15.0.202507011659\\db\/plugins/boardmanager/
2025-12-25 10:55:22,787 [INFO] ApiDb:261 - Set plugin images path to: C:\ST\STM32CubeIDE_1.19.0\STM32CubeIDE\plugins\com.st.stm32cube.common.mx_6.15.0.202507011659\\db\/plugins/mcufinder/images/
2025-12-25 10:55:22,787 [WARN] DbFile:41 - Overriding database path with different value: C:\Users\aditi\.stmcufinder\plugins\mcufinder/ => C:\Users\aditi\.stmcufinder\plugins\mcufinder
2025-12-25 10:55:22,787 [INFO] ApiDb:250 - Set database path to: C:\Users\aditi\.stmcufinder\plugins\mcufinder//mcu/
2025-12-25 10:55:22,787 [WARN] DbFile:41 - Overriding database path with different value: C:\Users\aditi\.stmcufinder\plugins\mcufinder/ => C:\Users\aditi\.stmcufinder\plugins\mcufinder
2025-12-25 10:55:22,787 [INFO] DbMcusAds:125 - Set database path to: C:\Users\aditi\.stmcufinder\plugins\mcufinder//mcu/
2025-12-25 10:55:22,788 [WARN] DbFile:41 - Overriding database path with different value: C:\Users\aditi\.stmcufinder\plugins\mcufinder/ => C:\Users\aditi\.stmcufinder\plugins\mcufinder
2025-12-25 10:55:22,788 [WARN] DbFile:41 - Overriding database path with different value: C:\Users\aditi\.stmcufinder\plugins\mcufinder/ => C:\Users\aditi\.stmcufinder\plugins\mcufinder
2025-12-25 10:55:22,788 [INFO] CrossReferenceDbSqlite:203 - Set database path to: C:\Users\aditi\.stmcufinder\plugins\mcufinder//mcu/cs/
2025-12-25 10:55:22,864 [INFO] MainPanel:274 - HeapMemory: 268435456
2025-12-25 10:55:22,961 [INFO] DbMcusXml:78 - Set database path to: C:\ST\STM32CubeIDE_1.19.0\STM32CubeIDE\plugins\com.st.stm32cube.common.mx_6.15.0.202507011659\\db\/mcu/
2025-12-25 10:55:22,961 [INFO] ApiDb:274 - Set plugin database path to: C:\ST\STM32CubeIDE_1.19.0\STM32CubeIDE\plugins\com.st.stm32cube.common.mx_6.15.0.202507011659\\db\/plugins/boardmanager/
2025-12-25 10:55:22,961 [INFO] ApiDb:261 - Set plugin images path to: C:\ST\STM32CubeIDE_1.19.0\STM32CubeIDE\plugins\com.st.stm32cube.common.mx_6.15.0.202507011659\\db\/plugins/mcufinder/images/
2025-12-25 10:55:22,961 [WARN] DbFile:41 - Overriding database path with different value: C:\Users\aditi\.stmcufinder\plugins\mcufinder/ => C:\Users\aditi\.stmcufinder\plugins\mcufinder
2025-12-25 10:55:22,962 [INFO] ApiDb:250 - Set database path to: C:\Users\aditi\.stmcufinder\plugins\mcufinder//mcu/
2025-12-25 10:55:22,962 [WARN] DbFile:41 - Overriding database path with different value: C:\Users\aditi\.stmcufinder\plugins\mcufinder/ => C:\Users\aditi\.stmcufinder\plugins\mcufinder
2025-12-25 10:55:22,962 [INFO] DbMcusAds:125 - Set database path to: C:\Users\aditi\.stmcufinder\plugins\mcufinder//mcu/
2025-12-25 10:55:22,962 [WARN] DbFile:41 - Overriding database path with different value: C:\Users\aditi\.stmcufinder\plugins\mcufinder/ => C:\Users\aditi\.stmcufinder\plugins\mcufinder
2025-12-25 10:55:22,962 [WARN] DbFile:41 - Overriding database path with different value: C:\Users\aditi\.stmcufinder\plugins\mcufinder/ => C:\Users\aditi\.stmcufinder\plugins\mcufinder
2025-12-25 10:55:22,962 [INFO] CrossReferenceDbSqlite:203 - Set database path to: C:\Users\aditi\.stmcufinder\plugins\mcufinder//mcu/cs/
2025-12-25 10:55:22,993 [INFO] ApplicationProperties:184 - Using Application install path: C:\ST\STM32CubeIDE_1.19.0\STM32CubeIDE\plugins\com.st.stm32cube.common.mx_6.15.0.202507011659
2025-12-25 10:55:22,995 [INFO] PluginManage:196 - Search for loadable plugins [exclusion list=, ]
2025-12-25 10:55:22,996 [INFO] PluginManage:310 - Check plugin analytics
2025-12-25 10:55:23,262 [INFO] AnalyticsPlugin:253 - Accepted Software Licenses: 
2025-12-25 10:55:23,262 [INFO] AnalyticsPlugin:255 - Accepted CMSIS Pack Licenses: 
2025-12-25 10:55:23,262 [INFO] AnalyticsPlugin:257 - Accepted Firmware Licenses: FW.F4.1.28.0
2025-12-25 10:55:23,269 [INFO] PluginManage:359 - Loaded plugin analytics (category:tool,tabindex:-1)
2025-12-25 10:55:23,270 [INFO] PluginManage:310 - Check plugin cadmodel
2025-12-25 10:55:23,280 [INFO] CADModel:105 - Init CAD model plugin
2025-12-25 10:55:23,281 [INFO] PluginManage:359 - Loaded plugin cadmodel (category:power,tabindex:5)
2025-12-25 10:55:23,281 [INFO] PluginManage:310 - Check plugin clock
2025-12-25 10:55:23,297 [INFO] PluginManage:359 - Loaded plugin clock (category:base,tabindex:2)
2025-12-25 10:55:23,298 [INFO] PluginManage:310 - Check plugin ddr
2025-12-25 10:55:23,302 [INFO] PluginManage:359 - Loaded plugin ddr (category:tool,tabindex:6)
2025-12-25 10:55:23,302 [INFO] PluginManage:310 - Check plugin filemanager
2025-12-25 10:55:23,509 [INFO] PluginManage:359 - Loaded plugin filemanager (category:base,tabindex:10)
2025-12-25 10:55:23,510 [INFO] PluginManage:310 - Check plugin ipmanager
2025-12-25 10:55:23,517 [INFO] PluginManage:359 - Loaded plugin ipmanager (category:base,tabindex:5)
2025-12-25 10:55:23,517 [INFO] PluginManage:310 - Check plugin lpbam
2025-12-25 10:55:23,529 [INFO] PluginManage:359 - Loaded plugin lpbam (category:base,tabindex:0)
2025-12-25 10:55:23,529 [INFO] PluginManage:310 - Check plugin memorymap
2025-12-25 10:55:23,544 [INFO] PluginManage:359 - Loaded plugin memorymap (category:base,tabindex:4)
2025-12-25 10:55:23,544 [INFO] PluginManage:310 - Check plugin pinoutandconfiguration
2025-12-25 10:55:23,553 [INFO] PluginManage:359 - Loaded plugin pinoutandconfiguration (category:base,tabindex:1)
2025-12-25 10:55:23,553 [INFO] PluginManage:310 - Check plugin pinoutconfig
2025-12-25 10:55:23,648 [WARN] SupportedApi:132 - Cannot load RTOS API schema: s4s-elt-must-match.1: The content of 'definitions' must match (annotation?, (simpleType | complexType)?, (unique | key | keyref)*)). A problem was found starting at: attribute.
2025-12-25 10:55:23,770 [INFO] PluginManage:359 - Loaded plugin pinoutconfig (category:base,tabindex:0)
2025-12-25 10:55:23,770 [INFO] PluginManage:310 - Check plugin power
2025-12-25 10:55:23,780 [INFO] PluginManage:359 - Loaded plugin power (category:power,tabindex:4)
2025-12-25 10:55:23,780 [INFO] PluginManage:310 - Check plugin projectmanager
2025-12-25 10:55:23,807 [INFO] PluginManage:359 - Loaded plugin projectmanager (category:projectmanager,tabindex:4)
2025-12-25 10:55:23,807 [INFO] PluginManage:310 - Check plugin rif
2025-12-25 10:55:23,815 [INFO] PluginManage:359 - Loaded plugin rif (category:base,tabindex:3)
2025-12-25 10:55:23,815 [INFO] PluginManage:310 - Check plugin thirdparty
2025-12-25 10:55:23,954 [INFO] PluginManage:359 - Loaded plugin thirdparty (category:base,tabindex:-1)
2025-12-25 10:55:23,954 [WARN] IntegrityCheckThread:84 - waiting for thirdparty lock release [integrity check]
2025-12-25 10:55:23,955 [INFO] PluginManage:310 - Check plugin tools
2025-12-25 10:55:23,955 [INFO] IntegrityCheckThread:86 - entering critical section [integrity check]
2025-12-25 10:55:23,955 [INFO] ThirdPartyUpdaterWithRetryManager:70 - Updater plugin not ready yet. [1/15]
2025-12-25 10:55:23,957 [INFO] PluginManage:359 - Loaded plugin tools (category:base,tabindex:7)
2025-12-25 10:55:23,957 [INFO] PluginManage:310 - Check plugin tutovideos
2025-12-25 10:55:24,126 [INFO] PluginManage:359 - Loaded plugin tutovideos (category:base,tabindex:-1)
2025-12-25 10:55:24,126 [INFO] PluginManage:310 - Check plugin updater
2025-12-25 10:55:24,148 [INFO] PluginManage:359 - Loaded plugin updater (category:base,tabindex:12)
2025-12-25 10:55:24,148 [INFO] PluginManage:310 - Check plugin userauth
2025-12-25 10:55:24,151 [INFO] UserAuth:118 - Init User Auth plugin
2025-12-25 10:55:24,152 [INFO] PluginManage:359 - Loaded plugin userauth (category:base,tabindex:14)
2025-12-25 10:55:24,152 [INFO] PluginManage:283 - PluginManage : Loaded plugins [18]
2025-12-25 10:55:24,354 [INFO] PinOutPanel:1589 - setPackage(No Configuration,No Configuration)
2025-12-25 10:55:24,471 [INFO] CADModel:165 - CPN selected for project level
2025-12-25 10:55:24,471 [INFO] CADModel:114 - Register for checkConnection events
2025-12-25 10:55:24,492 [INFO] IPUIPlugin:80 - create IPUIPlugin
2025-12-25 10:55:24,492 [INFO] PluginManager:220 - loadIPPluginJar : add adc
2025-12-25 10:55:24,495 [INFO] IPUIPlugin:80 - create IPUIPlugin
2025-12-25 10:55:24,495 [INFO] PluginManager:220 - loadIPPluginJar : add aes
2025-12-25 10:55:24,498 [INFO] IPUIPlugin:80 - create IPUIPlugin
2025-12-25 10:55:24,499 [INFO] PluginManager:220 - loadIPPluginJar : add can
2025-12-25 10:55:24,501 [INFO] IPUIPlugin:80 - create IPUIPlugin
2025-12-25 10:55:24,501 [INFO] PluginManager:220 - loadIPPluginJar : add comp
2025-12-25 10:55:24,503 [INFO] IPUIPlugin:80 - create IPUIPlugin
2025-12-25 10:55:24,504 [INFO] PluginManager:220 - loadIPPluginJar : add cryp
2025-12-25 10:55:24,506 [INFO] IPUIPlugin:80 - create IPUIPlugin
2025-12-25 10:55:24,506 [INFO] PluginManager:220 - loadIPPluginJar : add ddr_ctrl_phy
2025-12-25 10:55:24,509 [INFO] IPUIPlugin:80 - create IPUIPlugin
2025-12-25 10:55:24,509 [INFO] PluginManager:220 - loadIPPluginJar : add dfsdm
2025-12-25 10:55:24,517 [INFO] IPUIPlugin:80 - create IPUIPlugin
2025-12-25 10:55:24,518 [INFO] PluginManager:220 - loadIPPluginJar : add dma
2025-12-25 10:55:24,522 [INFO] IPUIPlugin:80 - create IPUIPlugin
2025-12-25 10:55:24,522 [INFO] PluginManager:220 - loadIPPluginJar : add dma3
2025-12-25 10:55:24,526 [INFO] IPUIPlugin:80 - create IPUIPlugin
2025-12-25 10:55:24,526 [INFO] PluginManager:220 - loadIPPluginJar : add extmemmanager
2025-12-25 10:55:24,528 [INFO] IPUIPlugin:80 - create IPUIPlugin
2025-12-25 10:55:24,528 [INFO] PluginManager:220 - loadIPPluginJar : add fatfs
2025-12-25 10:55:24,535 [INFO] IPUIPlugin:80 - create IPUIPlugin
2025-12-25 10:55:24,536 [INFO] PluginManager:220 - loadIPPluginJar : add fmc
2025-12-25 10:55:24,547 [INFO] IPUIPlugin:80 - create IPUIPlugin
2025-12-25 10:55:24,547 [INFO] PluginManager:220 - loadIPPluginJar : add freertos
2025-12-25 10:55:24,550 [INFO] IPUIPlugin:80 - create IPUIPlugin
2025-12-25 10:55:24,550 [INFO] PluginManager:220 - loadIPPluginJar : add genericplugin
2025-12-25 10:55:24,554 [INFO] IPUIPlugin:80 - create IPUIPlugin
2025-12-25 10:55:24,554 [INFO] PluginManager:220 - loadIPPluginJar : add gfxmmu
2025-12-25 10:55:24,559 [INFO] IPUIPlugin:80 - create IPUIPlugin
2025-12-25 10:55:24,561 [INFO] PluginManager:220 - loadIPPluginJar : add gic
2025-12-25 10:55:24,566 [INFO] IPUIPlugin:80 - create IPUIPlugin
2025-12-25 10:55:24,566 [INFO] PluginManager:220 - loadIPPluginJar : add gpio
2025-12-25 10:55:24,574 [INFO] IPUIPlugin:80 - create IPUIPlugin
2025-12-25 10:55:24,580 [INFO] PluginManager:220 - loadIPPluginJar : add gtzc
2025-12-25 10:55:24,583 [INFO] IPUIPlugin:80 - create IPUIPlugin
2025-12-25 10:55:24,583 [INFO] PluginManager:220 - loadIPPluginJar : add hash
2025-12-25 10:55:24,589 [INFO] IPUIPlugin:80 - create IPUIPlugin
2025-12-25 10:55:24,589 [INFO] PluginManager:220 - loadIPPluginJar : add i2c
2025-12-25 10:55:24,594 [INFO] IPUIPlugin:80 - create IPUIPlugin
2025-12-25 10:55:24,594 [INFO] PluginManager:220 - loadIPPluginJar : add i2s
2025-12-25 10:55:24,598 [INFO] IPUIPlugin:80 - create IPUIPlugin
2025-12-25 10:55:24,598 [INFO] PluginManager:220 - loadIPPluginJar : add i3c
2025-12-25 10:55:24,604 [INFO] IPUIPlugin:80 - create IPUIPlugin
2025-12-25 10:55:24,604 [INFO] PluginManager:220 - loadIPPluginJar : add ipddr
2025-12-25 10:55:24,612 [INFO] IPUIPlugin:80 - create IPUIPlugin
2025-12-25 10:55:24,613 [INFO] PluginManager:220 - loadIPPluginJar : add linkedlist
2025-12-25 10:55:24,617 [INFO] IPUIPlugin:80 - create IPUIPlugin
2025-12-25 10:55:24,617 [INFO] PluginManager:220 - loadIPPluginJar : add lorawan
2025-12-25 10:55:24,619 [INFO] IPUIPlugin:80 - create IPUIPlugin
2025-12-25 10:55:24,619 [INFO] PluginManager:220 - loadIPPluginJar : add ltdc
2025-12-25 10:55:24,626 [INFO] IPUIPlugin:80 - create IPUIPlugin
2025-12-25 10:55:24,627 [INFO] PluginManager:220 - loadIPPluginJar : add mdma
2025-12-25 10:55:24,631 [INFO] IPUIPlugin:80 - create IPUIPlugin
2025-12-25 10:55:24,631 [INFO] PluginManager:220 - loadIPPluginJar : add nvic
2025-12-25 10:55:24,634 [INFO] IPUIPlugin:80 - create IPUIPlugin
2025-12-25 10:55:24,634 [INFO] PluginManager:220 - loadIPPluginJar : add opamp
2025-12-25 10:55:24,638 [INFO] IPUIPlugin:80 - create IPUIPlugin
2025-12-25 10:55:24,638 [INFO] PluginManager:220 - loadIPPluginJar : add openamp
2025-12-25 10:55:24,640 [INFO] IPUIPlugin:80 - create IPUIPlugin
2025-12-25 10:55:24,640 [INFO] PluginManager:220 - loadIPPluginJar : add pdm2pcm
2025-12-25 10:55:24,644 [INFO] IPUIPlugin:80 - create IPUIPlugin
2025-12-25 10:55:24,646 [INFO] PluginManager:220 - loadIPPluginJar : add plateformsettings
2025-12-25 10:55:24,647 [INFO] IPUIPlugin:80 - create IPUIPlugin
2025-12-25 10:55:24,647 [INFO] PluginManager:220 - loadIPPluginJar : add quadspi
2025-12-25 10:55:24,648 [INFO] IPUIPlugin:80 - create IPUIPlugin
2025-12-25 10:55:24,649 [INFO] PluginManager:220 - loadIPPluginJar : add radio
2025-12-25 10:55:24,651 [INFO] IPUIPlugin:80 - create IPUIPlugin
2025-12-25 10:55:24,651 [INFO] PluginManager:220 - loadIPPluginJar : add resmgrutility
2025-12-25 10:55:24,655 [INFO] IPUIPlugin:80 - create IPUIPlugin
2025-12-25 10:55:24,656 [INFO] PluginManager:220 - loadIPPluginJar : add sai
2025-12-25 10:55:24,658 [INFO] IPUIPlugin:80 - create IPUIPlugin
2025-12-25 10:55:24,658 [INFO] PluginManager:220 - loadIPPluginJar : add spi
2025-12-25 10:55:24,664 [INFO] IPUIPlugin:80 - create IPUIPlugin
2025-12-25 10:55:24,664 [INFO] PluginManager:220 - loadIPPluginJar : add stm32_wpan
2025-12-25 10:55:24,665 [INFO] IPUIPlugin:80 - create IPUIPlugin
2025-12-25 10:55:24,666 [INFO] PluginManager:220 - loadIPPluginJar : add tim
2025-12-25 10:55:24,670 [INFO] IPUIPlugin:80 - create IPUIPlugin
2025-12-25 10:55:24,670 [INFO] PluginManager:220 - loadIPPluginJar : add touchsensing
2025-12-25 10:55:24,674 [INFO] IPUIPlugin:80 - create IPUIPlugin
2025-12-25 10:55:24,674 [INFO] PluginManager:220 - loadIPPluginJar : add tracer_emb
2025-12-25 10:55:24,675 [INFO] IPUIPlugin:80 - create IPUIPlugin
2025-12-25 10:55:24,675 [INFO] PluginManager:220 - loadIPPluginJar : add ts
2025-12-25 10:55:24,678 [INFO] IPUIPlugin:80 - create IPUIPlugin
2025-12-25 10:55:24,678 [INFO] PluginManager:220 - loadIPPluginJar : add tsc
2025-12-25 10:55:24,681 [INFO] IPUIPlugin:80 - create IPUIPlugin
2025-12-25 10:55:24,681 [INFO] PluginManager:220 - loadIPPluginJar : add ucpd
2025-12-25 10:55:24,684 [INFO] IPUIPlugin:80 - create IPUIPlugin
2025-12-25 10:55:24,684 [INFO] PluginManager:220 - loadIPPluginJar : add usart
2025-12-25 10:55:24,688 [INFO] IPUIPlugin:80 - create IPUIPlugin
2025-12-25 10:55:24,688 [INFO] PluginManager:220 - loadIPPluginJar : add usbx
2025-12-25 10:55:24,825 [FATAL] Updater:351 - Updater called before beeing initialized
2025-12-25 10:55:24,902 [INFO] RulesReader:64 - Compatibility file has been processed (317 Rules)
2025-12-25 10:55:24,925 [INFO] RulesReader:64 - Compatibility file has been processed (317 Rules)
2025-12-25 10:55:24,940 [INFO] CADModel:165 - CPN selected for project level
2025-12-25 10:55:24,941 [INFO] CADModel:114 - Register for checkConnection events
2025-12-25 10:55:24,941 [FATAL] Updater:351 - Updater called before beeing initialized
2025-12-25 10:55:24,942 [ERROR] CADModel:125 - Updater not yet initialized, retry later 
2025-12-25 10:55:25,127 [FATAL] Updater:351 - Updater called before beeing initialized
2025-12-25 10:55:25,128 [INFO] CADModel:165 - CPN selected for project level
2025-12-25 10:55:25,128 [INFO] CADModel:114 - Register for checkConnection events
2025-12-25 10:55:25,128 [FATAL] Updater:351 - Updater called before beeing initialized
2025-12-25 10:55:25,128 [ERROR] CADModel:125 - Updater not yet initialized, retry later 
2025-12-25 10:55:25,131 [FATAL] Updater:351 - Updater called before beeing initialized
2025-12-25 10:55:25,250 [FATAL] Updater:351 - Updater called before beeing initialized
2025-12-25 10:55:25,253 [INFO] DbMcusAds:53 - JSON generation date=Tue Dec 16 04:41:46 IST 2025 (1765840306612)
2025-12-25 10:55:25,253 [FATAL] Updater:351 - Updater called before beeing initialized
2025-12-25 10:55:25,282 [WARN] DetailPanel:346 - Failed to get advertising image, set to default
2025-12-25 10:55:25,351 [FATAL] Updater:351 - Updater called before beeing initialized
2025-12-25 10:55:25,354 [FATAL] Updater:351 - Updater called before beeing initialized
2025-12-25 10:55:25,354 [FATAL] Updater:351 - Updater called before beeing initialized
2025-12-25 10:55:25,354 [WARN] DetailPanel:346 - Failed to get advertising image, set to default
2025-12-25 10:55:25,355 [FATAL] Updater:351 - Updater called before beeing initialized
2025-12-25 10:55:25,397 [ERROR] Updater:1198 - MainUpdater not yet initialized. External WinMGr cannot be set.
2025-12-25 10:55:25,398 [INFO] Updater:1134 - Updater Version found : 6.15.0
2025-12-25 10:55:25,411 [INFO] ApplicationProperties:184 - Using Application install path: C:\ST\STM32CubeIDE_1.19.0\STM32CubeIDE\plugins\com.st.stm32cube.common.mx_6.15.0.202507011659
2025-12-25 10:55:26,957 [INFO] ThirdPartyUpdaterWithRetryManager:70 - Updater plugin not ready yet. [2/15]
2025-12-25 10:55:26,997 [ERROR] LogOutputStream:75 - [STDERR_REDIRECT] Dec 25, 2025 10:55:26 AM java.util.prefs.WindowsPreferences <init>
2025-12-25 10:55:26,999 [ERROR] LogOutputStream:75 - [STDERR_REDIRECT] WARNING: Could not open/create prefs root node Software\JavaSoft\Prefs at root 0xffffffff80000002. Windows RegCreateKeyEx(...) returned error code 5.
2025-12-25 10:55:26,999 [ERROR] LogOutputStream:75 - [STDERR_REDIRECT] 
2025-12-25 10:55:27,594 [INFO] MainUpdater:2872 - connection check result : 10
2025-12-25 10:55:27,595 [INFO] MainUpdater:289 - Updater Check For Update Now.
2025-12-25 10:55:27,595 [INFO] MicroXplorer:498 - Change Database Version : DB.6.0.150
2025-12-25 10:55:27,603 [INFO] McuFinderGlobals:63 - Set McuFinder mode to 2 (CubeIDE integrated)
2025-12-25 10:55:27,604 [INFO] UserAuth:487 - Internet connection configuration mode: 1
2025-12-25 10:55:27,650 [INFO] JxBrowserEngine:152 - Initiate JxBrowser Engine with user profile folder
2025-12-25 10:55:27,852 [INFO] CheckServerUpdateThread:120 - End of CheckServer Thread
2025-12-25 10:55:28,530 [INFO] WebApp:169 - Instantiating new browser for Auth
2025-12-25 10:55:29,357 [INFO] WebApp:463 - Apply proxy settings
2025-12-25 10:55:29,358 [INFO] WebApp:548 - Chromium requires no authentication
2025-12-25 10:55:29,364 [INFO] WebApp:491 - Direct internet connection detected
2025-12-25 10:55:29,395 [INFO] WebApp:900 - Register for checkConnection events
2025-12-25 10:55:29,395 [INFO] WebApp:463 - Apply proxy settings
2025-12-25 10:55:29,395 [INFO] WebApp:548 - Chromium requires no authentication
2025-12-25 10:55:29,396 [INFO] WebApp:491 - Direct internet connection detected
2025-12-25 10:55:29,555 [INFO] WebApp:225 - Starting web application
2025-12-25 10:55:29,555 [INFO] WebApp:593 - Web application path used C:\ST\STM32CubeIDE_1.19.0\STM32CubeIDE\plugins\com.st.stm32cube.common.mx_6.15.0.202507011659\db\plugins\mcufinder\reactClient1\index.html
2025-12-25 10:55:29,642 [INFO] UserAuth:487 - Internet connection configuration mode: 1
2025-12-25 10:55:30,205 [WARN] PackLoader:240 - Cannot read IP mode file for STMicroelectronics.FP-SNS-MOTENVWB1.1.4.0
2025-12-25 10:55:30,214 [WARN] PackLoader:240 - Cannot read IP mode file for STMicroelectronics.FP-ATR-ASTRA1.2.0.2
2025-12-25 10:55:30,223 [WARN] PackLoader:240 - Cannot read IP mode file for STMicroelectronics.X-CUBE-SMBUS.2.1.0
2025-12-25 10:55:30,299 [WARN] PackLoader:240 - Cannot read IP mode file for STMicroelectronics.X-CUBE-AZRTOS-F7.1.1.0
2025-12-25 10:55:30,363 [WARN] PackLoader:240 - Cannot read IP mode file for STMicroelectronics.X-CUBE-DISPLAY.3.0.0
2025-12-25 10:55:30,390 [WARN] PackLoader:240 - Cannot read IP mode file for STMicroelectronics.X-CUBE-NFC10.1.0.0
2025-12-25 10:55:30,401 [WARN] PackLoader:240 - Cannot read IP mode file for STMicroelectronics.FP-SNS-SMARTAG2.1.2.0
2025-12-25 10:55:30,410 [WARN] PackLoader:240 - Cannot read IP mode file for STMicroelectronics.FP-SNS-FLIGHT1.5.1.0
2025-12-25 10:55:30,428 [INFO] LogOutputStream:77 - [STDOUT_REDIRECT] 1 : Invalid condition id : UX_CORESTACK_Condition cause : null
2025-12-25 10:55:30,429 [INFO] LogOutputStream:77 - [STDOUT_REDIRECT] 1 : Invalid condition id : UX_CORESTACK_Condition cause : null
2025-12-25 10:55:30,430 [INFO] LogOutputStream:77 - [STDOUT_REDIRECT] 1 : Invalid condition id : UX_CORESTACK_Condition cause : null
2025-12-25 10:55:30,431 [INFO] LogOutputStream:77 - [STDOUT_REDIRECT] 1 : Invalid condition id : UX_CORESTACK_Condition cause : null
2025-12-25 10:55:30,432 [INFO] LogOutputStream:77 - [STDOUT_REDIRECT] 1 : Invalid condition id : UX_CORESTACK_Condition cause : null
2025-12-25 10:55:30,438 [WARN] PackLoader:240 - Cannot read IP mode file for STMicroelectronics.X-CUBE-AZRTOS-WL.2.0.0
2025-12-25 10:55:30,447 [WARN] PackLoader:240 - Cannot read IP mode file for STMicroelectronics.X-CUBE-BLE2.3.3.0
2025-12-25 10:55:30,457 [WARN] PackLoader:240 - Cannot read IP mode file for STMicroelectronics.X-CUBE-NFC9.1.0.0
2025-12-25 10:55:30,464 [WARN] PackLoader:240 - Cannot read IP mode file for STMicroelectronics.X-CUBE-BLE1.7.1.0
2025-12-25 10:55:30,482 [WARN] PackLoader:240 - Cannot read IP mode file for STMicroelectronics.X-CUBE-AZRTOS-G0.1.1.0
2025-12-25 10:55:30,494 [WARN] PackLoader:240 - Cannot read IP mode file for STMicroelectronics.X-CUBE-NFC4.3.0.0
2025-12-25 10:55:30,505 [WARN] PackLoader:240 - Cannot read IP mode file for STMicroelectronics.X-CUBE-WB05N.2.0.0
2025-12-25 10:55:30,514 [WARN] PackLoader:240 - Cannot read IP mode file for STMicroelectronics.X-CUBE-TCPP.4.2.0
2025-12-25 10:55:30,526 [WARN] PackLoader:240 - Cannot read IP mode file for STMicroelectronics.FP-ATR-SIGFOX1.3.2.0
2025-12-25 10:55:30,543 [WARN] PackLoader:240 - Cannot read IP mode file for STMicroelectronics.X-CUBE-ALGOBUILD.1.4.0
2025-12-25 10:55:30,550 [WARN] PackLoader:240 - Cannot read IP mode file for STMicroelectronics.X-CUBE-PM33A1.1.0.0
2025-12-25 10:55:30,577 [WARN] PackLoader:240 - Cannot read IP mode file for STMicroelectronics.X-CUBE-AZRTOS-F4.1.1.0
2025-12-25 10:55:30,587 [WARN] PackLoader:240 - Cannot read IP mode file for STMicroelectronics.X-CUBE-ISPU.2.1.0
2025-12-25 10:55:30,608 [WARN] PackLoader:240 - Cannot read IP mode file for STMicroelectronics.X-CUBE-AZRTOS-L5.2.0.0
2025-12-25 10:55:30,621 [WARN] PackLoader:240 - Cannot read IP mode file for STMicroelectronics.X-CUBE-NFC6.3.1.0
2025-12-25 10:55:30,630 [WARN] PackLoader:240 - Cannot read IP mode file for STMicroelectronics.X-CUBE-DPower.1.3.0
2025-12-25 10:55:30,649 [WARN] ConditionMgr:438 - getConditionDescription Invalid condition id : LAN8742 Phy interface Condition cause : null
2025-12-25 10:55:30,649 [WARN] PackLoader:240 - Cannot read IP mode file for STMicroelectronics.X-CUBE-AZRTOS-L4.2.0.0
2025-12-25 10:55:30,651 [WARN] ConditionMgr:1044 - genDependencies : Invalid condition id : LAN8742 Phy interface Condition cause : null
2025-12-25 10:55:30,651 [WARN] ConditionMgr:1044 - genDependencies : Invalid condition id : LAN8742 Phy interface Condition cause : null
2025-12-25 10:55:30,654 [WARN] ConditionMgr:1044 - genDependencies : Invalid condition id : LAN8742 Phy interface Condition cause : null
2025-12-25 10:55:30,665 [WARN] PackLoader:240 - Cannot read IP mode file for STMicroelectronics.X-CUBE-SFXS2LP1.4.0.0
2025-12-25 10:55:30,682 [WARN] ConditionMgr:438 - getConditionDescription Invalid condition id : UX DEVICE CLASS RTOS Condition cause : null
2025-12-25 10:55:30,683 [WARN] ConditionMgr:438 - getConditionDescription Invalid condition id : UX DEVICE CLASS RTOS Condition cause : null
2025-12-25 10:55:30,686 [WARN] PackLoader:240 - Cannot read IP mode file for STMicroelectronics.X-CUBE-AZRTOS-WB.2.0.0
2025-12-25 10:55:30,687 [WARN] ConditionMgr:1044 - genDependencies : Invalid condition id : UX DEVICE CLASS RTOS Condition cause : null
2025-12-25 10:55:30,688 [WARN] ConditionMgr:1044 - genDependencies : Invalid condition id : UX DEVICE CLASS RTOS Condition cause : null
2025-12-25 10:55:30,688 [WARN] ConditionMgr:1044 - genDependencies : Invalid condition id : UX DEVICE CLASS RTOS Condition cause : null
2025-12-25 10:55:30,689 [WARN] ConditionMgr:1044 - genDependencies : Invalid condition id : UX DEVICE CLASS RTOS Condition cause : null
2025-12-25 10:55:30,689 [WARN] ConditionMgr:1044 - genDependencies : Invalid condition id : UX DEVICE CLASS RTOS Condition cause : null
2025-12-25 10:55:30,714 [WARN] PackLoader:240 - Cannot read IP mode file for STMicroelectronics.X-CUBE-SUBG2.5.0.0
2025-12-25 10:55:30,741 [WARN] PackLoader:240 - Cannot read IP mode file for STMicroelectronics.X-CUBE-AZRTOS-G4.2.0.0
2025-12-25 10:55:30,755 [WARN] PackLoader:240 - Cannot read IP mode file for STMicroelectronics.X-CUBE-NFC7.2.0.0
2025-12-25 10:55:30,765 [WARN] PackLoader:240 - Cannot read IP mode file for STMicroelectronics.X-CUBE-ALS.1.0.2
2025-12-25 10:55:30,784 [WARN] PackLoader:240 - Cannot read IP mode file for STMicroelectronics.X-CUBE-TOF1.3.4.3
2025-12-25 10:55:30,801 [INFO] ThirdParty:978 - Integrity check success = true
2025-12-25 10:55:30,802 [INFO] IntegrityCheckThread:100 - exiting critical section [integrity check]
2025-12-25 10:55:30,803 [INFO] IntegrityCheckThread:103 - End integrity checks thread
2025-12-25 10:55:31,295 [INFO] WebApp:191 - Connection restablished
2025-12-25 10:55:43,920 [INFO] McuFinderGlobals:63 - Set McuFinder mode to 2 (CubeIDE integrated)
2025-12-25 10:55:43,922 [INFO] MainUpdater:2872 - connection check result : 10
2025-12-25 10:55:44,544 [INFO] ApiDb:581 - Connected to CubeFinder SQLite database (C:\Users\aditi\.stmcufinder\plugins\mcufinder\mcu\cube-finder-db.db)
2025-12-25 10:55:44,633 [INFO] ApiDb:668 - CubeFinder database Data Model version=2.1
2025-12-25 10:55:44,633 [INFO] ApiDb:669 - CubeFinder database Configuration version=3.0.39
2025-12-25 10:55:44,634 [INFO] ApiDb:670 - CubeFinder database generation date=2025-11-05 (1762334721)
2025-12-25 10:55:44,634 [INFO] ApiDb:671 - CubeFinder database FW Pack versions=[FP-ATR-ASTRA1_V2.0.0, FP-SNS-FLIGHT1_V5.1.0, FP-SNS-MOTENV1_V5.1.0, FP-SNS-MOTENVWB1_V1.4.0, FP-SNS-SMARTAG2_V1.2.0, FP-SNS-STBOX1_V2.1.0, STM32Cube_FW_C0_V1.4.0, STM32Cube_FW_F4_V1.28.3, STM32Cube_FW_F7_V1.17.4, STM32Cube_FW_G0_V1.6.2, STM32Cube_FW_G4_V1.6.1, STM32Cube_FW_H5_V1.5.1, STM32Cube_FW_H7RS_V1.3.0, STM32Cube_FW_H7_V1.12.1, STM32Cube_FW_L0_V1.12.2, STM32Cube_FW_L4_V1.18.1, STM32Cube_FW_L5_V1.6.0, STM32Cube_FW_N6_V1.3.0, STM32Cube_FW_U0_V1.3.0, STM32Cube_FW_U3_V1.2.1, STM32Cube_FW_U5_V1.8.0, STM32Cube_FW_WB0_V1.4.0, STM32Cube_FW_WBA_V1.8.0, STM32Cube_FW_WB_V1.24.0, STM32Cube_FW_WL3_V1.3.0, STM32Cube_FW_WL_V1.4.0, X-CUBE-ALGOBUILD_V1.4.0, X-CUBE-ALS_V1.0.2, X-CUBE-AZRTOS-F4_V1.1.0, X-CUBE-AZRTOS-F7_V1.1.0, X-CUBE-AZRTOS-G0_V1.1.0, X-CUBE-AZRTOS-G4_V2.0.0, X-CUBE-AZRTOS-H7RS_V1.1.0, X-CUBE-AZRTOS-H7_V3.4.0, X-CUBE-AZRTOS-L4_V2.0.0, X-CUBE-AZRTOS-L5_V2.0.0, X-CUBE-AZRTOS-WB_V2.0.0, X-CUBE-AZRTOS-WL_V2.0.0, X-CUBE-BLE1_V7.1.0, X-CUBE-BLE2_V3.3.0, X-CUBE-BLEMGR_V4.1.0, X-CUBE-EEPRMA1_V5.2.0, X-CUBE-FREERTOS_V1.3.1, X-CUBE-GNSS1_V6.0.0, X-CUBE-MEMS1_V11.3.0, X-CUBE-NFC4_V3.0.0, X-CUBE-NFC7_V2.0.0, X-CUBE-SFXS2LP1_V4.0.0, X-CUBE-ST67W61_V1.1.0, X-CUBE-SUBG2_V5.0.0, X-CUBE-TOF1_V3.4.3]
2025-12-25 10:55:46,922 [INFO] ApiDb:240 - Found 880 in-development CPN: [B-G473E-ZEST1S, B-WB1M-WPAN1, B-WBA5M-WPAN, B-WL5M-SUBG1, NUCLEO-C031C6, NUCLEO-C051C8, NUCLEO-C071RB, NUCLEO-C092RC, NUCLEO-H503RB, NUCLEO-H533RE, NUCLEO-H563ZI, NUCLEO-H7S3L8, NUCLEO-N657X0-Q, NUCLEO-U031R8, NUCLEO-U083RC, NUCLEO-U385RG-Q, NUCLEO-U545RE-Q, NUCLEO-U5A5ZJ-Q, NUCLEO-WB05KZ, NUCLEO-WB07CC, NUCLEO-WB09KE, NUCLEO-WBA52CG, NUCLEO-WBA55CG, NUCLEO-WL33CC1, NUCLEO-WL33CC2, STEVAL-PROTEUS1, STEVAL-SMARTAG2, STEVAL-STWINBX1, STM320518-EVAL, STM32C0116-DK, STM32C011D6Y3TR, STM32C011D6Y6TR, STM32C011F4P3, STM32C011F4P6, STM32C011F4U3, STM32C011F4U6TR, STM32C011F6P3, STM32C011F6P6, STM32C011F6U3, STM32C011F6U6TR, STM32C011J4M3, STM32C011J4M6, STM32C011J6M3, STM32C011J6M6, STM32C0316-DK, STM32C031C4T3, STM32C031C4T6, STM32C031C4U3, STM32C031C4U6, STM32C031C6T3, STM32C031C6T6, STM32C031C6U3, STM32C031C6U6, STM32C031F4P3, STM32C031F4P6, STM32C031F6P3, STM32C031F6P6, STM32C031G4U3, STM32C031G4U6, STM32C031G6U3, STM32C031G6U6, STM32C031K4T3, STM32C031K4T6, STM32C031K4U3, STM32C031K4U6, STM32C031K6T3, STM32C031K6T6, STM32C031K6U3, STM32C031K6U6, STM32C051C6T6, STM32C051C6U6, STM32C051C8T6, STM32C051C8U6, STM32C051D8Y6TR, STM32C051F6P6, STM32C051F8P6, STM32C051G6U6, STM32C051G8U6, STM32C051K6T6, STM32C051K6U6, STM32C051K8T6, STM32C071C8T6, STM32C071C8T6N, STM32C071C8U6, STM32C071C8U6N, STM32C071CBT6, STM32C071CBT6N, STM32C071CBU6, STM32C071CBU6N, STM32C071F8P6, STM32C071F8P6N, STM32C071FBP6, STM32C071FBP6N, STM32C071FBY6TR, STM32C071G8U6, STM32C071G8U6N, STM32C071GBU6, STM32C071GBU6N, STM32C071K8T6, STM32C071K8T6N, STM32C071K8U6, STM32C071K8U6N, STM32C071KBT6, STM32C071KBT6N, STM32C071KBU6, STM32C071KBU6N, STM32C071R8T6, STM32C071R8T6N, STM32C071RBI6N, STM32C071RBT6, STM32C071RBT6N, STM32C091CBT6, STM32C091CBU6, STM32C091CCT6, STM32C091CCU6, STM32C091ECY6TR, STM32C091FBP6, STM32C091FCP6, STM32C091GBU6, STM32C091GCU6, STM32C091KBT6, STM32C091KBU6, STM32C091KCT6, STM32C091KCU6, STM32C091RBT6, STM32C091RCI6, STM32C091RCT6, STM32C092CBT6, STM32C092CBU6, STM32C092CCT6, STM32C092CCU6, STM32C092ECY6TR, STM32C092FBP6, STM32C092FCP6, STM32C092GBU6, STM32C092GCU6, STM32C092KBT6, STM32C092KBU6, STM32C092KCT6, STM32C092KCU6, STM32C092RBT6, STM32C092RCI6, STM32C092RCT6, STM32G071K8TXN, STM32G071K8UXN, STM32G081GBU6N, STM32G081KBT6N, STM32G081KBUXN, STM32G0B1CCT6N, STM32G0B1KCT6, STM32G0B1NEY6TR, STM32G0B1RCT6N, STM32G0C1CCT6, STM32G0C1CCT6N, STM32G0C1CCU6N, STM32G0C1CET6N, STM32G0C1CEU6N, STM32G0C1KCT6, STM32G0C1NEY6TR, STM32G0C1RCI6N, STM32G0C1RCT6N, STM32G0C1REI6N, STM32G0C1RET6N, STM32G0C1VCI6, STM32G0C1VEI6, STM32G411C6T3, STM32G411C6T6, STM32G411C6U3, STM32G411C6U6, STM32G411C8T3, STM32G411C8T6, STM32G411C8U3, STM32G411C8U6, STM32G411CBT3, STM32G411CBT6, STM32G411CBU3, STM32G411CBU6, STM32G411K6T3, STM32G411K6T6, STM32G411K6U3, STM32G411K6U6, STM32G411K8T3, STM32G411K8T6, STM32G411K8U3, STM32G411K8U6, STM32G411KBT3, STM32G411KBT6, STM32G411KBU3, STM32G411KBU6, STM32G411M6T3, STM32G411M6T6, STM32G411M8T3, STM32G411M8T6, STM32G411MBT3, STM32G411MBT6, STM32G411R6T3, STM32G411R6T6, STM32G411R8T3, STM32G411R8T6, STM32G411RBT3, STM32G411RBT6, STM32G414CBT3, STM32G414CBT6, STM32G414CBU3, STM32G414CBU6, STM32G414CCT3, STM32G414CCT6, STM32G414CCU3, STM32G414CCU6, STM32G414MBT3, STM32G414MBT6, STM32G414MCT3, STM32G414MCT6, STM32G414RBT3, STM32G414RBT6, STM32G414RCT3, STM32G414RCT6, STM32G414VBT3, STM32G414VBT6, STM32G414VCT3, STM32G414VCT6, STM32G431CBT3Z, STM32G431RBT3Z, STM32G471CCT6, STM32G471CCU6, STM32G471CET3, STM32G471CET6, STM32G471CEU3, STM32G471CEU6, STM32G471MCT6, STM32G471MET3, STM32G471MET6, STM32G471MEY6TR, STM32G471QCT6, STM32G471QET3, STM32G471RCT6, STM32G471RET3, STM32G471RET6, STM32G471VCH6, STM32G471VCI6, STM32G471VCT6, STM32G471VEH3, STM32G471VEH6, STM32G471VEI3, STM32G471VEI6, STM32G471VET3, STM32G471VET6, STM32G473QET3Z, STM32G473RET3Z, STM32G474CCT6, STM32G491RET3Z, STM32H503CBT6, STM32H503CBU6, STM32H503EBY6TR, STM32H503KBU6, STM32H503RBT6, STM32H523CCT6, STM32H523CCU6, STM32H523CET6, STM32H523CEU6, STM32H523HEY6TR, STM32H523RCT6, STM32H523RET6, STM32H523VCI6, STM32H523VCT6, STM32H523VEI6, STM32H523VET6, STM32H523ZCJ6, STM32H523ZCT6, STM32H523ZEJ6, STM32H523ZET6, STM32H533CET6, STM32H533CEU6, STM32H533HEY6TR, STM32H533RET6, STM32H533VEI6, STM32H533VET6, STM32H533ZEJ6, STM32H533ZET6, STM32H562AGI6, STM32H562AII6, STM32H562IGK6, STM32H562IGT6, STM32H562IIK6, STM32H562IIT6, STM32H562RGT6, STM32H562RGV6, STM32H562RIT6, STM32H562RIV6, STM32H562VGT6, STM32H562VIT6, STM32H562ZGT6, STM32H562ZIT6, STM32H563AGI6, STM32H563AII3Q, STM32H563AII6, STM32H563IGK6, STM32H563IGT6, STM32H563IIK3Q, STM32H563IIK6, STM32H563IIT3Q, STM32H563IIT6, STM32H563MIY3QTR, STM32H563RGT6, STM32H563RGV6, STM32H563RIT6, STM32H563RIV6, STM32H563VGT6, STM32H563VIT3Q, STM32H563VIT6, STM32H563ZGT6, STM32H563ZIT3Q, STM32H563ZIT6, STM32H573AII3Q, STM32H573AII6, STM32H573I-DK, STM32H573IIK3Q, STM32H573IIK6, STM32H573IIT3Q, STM32H573IIT6, STM32H573MIY3QTR, STM32H573RIT6, STM32H573RIV6, STM32H573VIT3Q, STM32H573VIT6, STM32H573ZIT3Q, STM32H573ZIT6, STM32H7R3A8I6, STM32H7R3I8K6, STM32H7R3I8T6, STM32H7R3L8H6, STM32H7R3L8H6H, STM32H7R3R8V6, STM32H7R3V8H6, STM32H7R3V8T6, STM32H7R3V8Y6TR, STM32H7R3Z8J6, STM32H7R3Z8T6, STM32H7R7A8I6, STM32H7R7I8K6, STM32H7R7I8T6, STM32H7R7L8H6, STM32H7R7L8H6H, STM32H7R7Z8J6, STM32H7S3A8I6, STM32H7S3I8K6, STM32H7S3I8T6, STM32H7S3L8H6, STM32H7S3L8H6H, STM32H7S3R8V6, STM32H7S3V8H6, STM32H7S3V8T6, STM32H7S3V8Y6TR, STM32H7S3Z8J6, STM32H7S3Z8T6, STM32H7S78-DK, STM32H7S7A8I6, STM32H7S7I8K6, STM32H7S7I8T6, STM32H7S7L8H6, STM32H7S7L8H6H, STM32H7S7Z8J6, STM32L4R5QGI6STR, STM32MP131AAE3, STM32MP131AAF3, STM32MP131AAG3, STM32MP131CAE3, STM32MP131CAF3, STM32MP131CAG3, STM32MP131DAE7, STM32MP131DAF7, STM32MP131DAG7, STM32MP131FAE7, STM32MP131FAF7, STM32MP131FAG7, STM32MP133AAE3, STM32MP133AAF3, STM32MP133AAG3, STM32MP133CAE3, STM32MP133CAF3, STM32MP133CAG3, STM32MP133DAE7, STM32MP133DAF7, STM32MP133DAG7, STM32MP133FAE7, STM32MP133FAF7, STM32MP133FAG7, STM32MP135AAE3, STM32MP135AAF3, STM32MP135AAG3, STM32MP135CAE3, STM32MP135CAF3, STM32MP135CAG3, STM32MP135DAE7, STM32MP135DAF7, STM32MP135DAG7, STM32MP135F-DK, STM32MP135FAE7, STM32MP135FAF7, STM32MP135FAF7T, STM32MP135FAF7U, STM32MP135FAG7, STM32MP211AAL3, STM32MP211AAM3, STM32MP211AAN3, STM32MP211AAO3, STM32MP211CAL3, STM32MP211CAM3, STM32MP211CAN3, STM32MP211CAO3, STM32MP211DAL3, STM32MP211DAM3, STM32MP211DAN3, STM32MP211DAO3, STM32MP211FAL3, STM32MP211FAM3, STM32MP211FAN3, STM32MP211FAO3, STM32MP213AAL3, STM32MP213AAM3, STM32MP213AAN3, STM32MP213AAO3, STM32MP213CAL3, STM32MP213CAM3, STM32MP213CAN3, STM32MP213CAO3, STM32MP213DAL3, STM32MP213DAM3, STM32MP213DAN3, STM32MP213DAO3, STM32MP213FAL3, STM32MP213FAM3, STM32MP213FAN3, STM32MP213FAO3, STM32MP215AAL3, STM32MP215AAM3, STM32MP215AAN3, STM32MP215AAO3, STM32MP215CAL3, STM32MP215CAM3, STM32MP215CAN3, STM32MP215CAO3, STM32MP215DAL3, STM32MP215DAM3, STM32MP215DAN3, STM32MP215DAO3, STM32MP215F-DK, STM32MP215FAL3, STM32MP215FAM3, STM32MP215FAN3, STM32MP215FAO3, STM32MP231AAJ3, STM32MP231AAK3, STM32MP231AAL3, STM32MP231CAJ3, STM32MP231CAK3, STM32MP231CAL3, STM32MP231DAJ3, STM32MP231DAK3, STM32MP231DAL3, STM32MP231FAJ3, STM32MP231FAK3, STM32MP231FAL3, STM32MP233AAJ3, STM32MP233AAK3, STM32MP233AAL3, STM32MP233CAJ3, STM32MP233CAK3, STM32MP233CAL3, STM32MP233DAJ3, STM32MP233DAK3, STM32MP233DAL3, STM32MP233FAJ3, STM32MP233FAK3, STM32MP233FAL3, STM32MP235AAJ3, STM32MP235AAK3, STM32MP235AAL3, STM32MP235CAJ3, STM32MP235CAK3, STM32MP235CAL3, STM32MP235DAJ3, STM32MP235DAK3, STM32MP235DAL3, STM32MP235FAJ3, STM32MP235FAK3, STM32MP235FAL3, STM32MP251AAI3, STM32MP251AAK3, STM32MP251AAL3, STM32MP251CAI3, STM32MP251CAK3, STM32MP251CAL3, STM32MP251DAI3, STM32MP251DAK3, STM32MP251DAL3, STM32MP251FAI3, STM32MP251FAK3, STM32MP251FAL3, STM32MP253AAI3, STM32MP253AAK3, STM32MP253AAL3, STM32MP253CAI3, STM32MP253CAK3, STM32MP253CAL3, STM32MP253DAI3, STM32MP253DAK3, STM32MP253DAL3, STM32MP253FAI3, STM32MP253FAK3, STM32MP253FAL3, STM32MP255AAI3, STM32MP255AAK3, STM32MP255AAL3, STM32MP255CAI3, STM32MP255CAK3, STM32MP255CAL3, STM32MP255DAI3, STM32MP255DAK3, STM32MP255DAL3, STM32MP255FAI3, STM32MP255FAK3, STM32MP255FAL3, STM32MP257AAI3, STM32MP257AAK3, STM32MP257AAL3, STM32MP257CAI3, STM32MP257CAK3, STM32MP257CAL3, STM32MP257DAI3, STM32MP257DAK3, STM32MP257DAL3, STM32MP257F-DK, STM32MP257F-EV1, STM32MP257FAI3, STM32MP257FAK3, STM32MP257FAL3, STM32N645A0H3Q, STM32N645B0H3Q, STM32N645I0H3Q, STM32N645L0H3Q, STM32N645X0H3Q, STM32N645Z0H3Q, STM32N647A0H3Q, STM32N647B0H3Q, STM32N647I0H3Q, STM32N647L0H3Q, STM32N647X0H3Q, STM32N647Z0H3Q, STM32N655A0H3Q, STM32N655B0H3Q, STM32N655I0H3Q, STM32N655L0H3Q, STM32N655X0H3Q, STM32N655Z0H3Q, STM32N6570-DK, STM32N657A0H3Q, STM32N657B0H3Q, STM32N657I0H3Q, STM32N657L0H3Q, STM32N657X0H3Q, STM32N657Z0H3Q, STM32U031C6T6, STM32U031C6U6, STM32U031C8T6, STM32U031C8U6, STM32U031F4P6, STM32U031F6P6, STM32U031F8P6, STM32U031G6Y6TR, STM32U031G8Y6TR, STM32U031K4U6, STM32U031K6U6, STM32U031K8U6, STM32U031R6I6, STM32U031R6T6, STM32U031R8I6, STM32U031R8T6, STM32U073C8T6, STM32U073C8U6, STM32U073CBT6, STM32U073CBU6, STM32U073CCT6, STM32U073CCU6, STM32U073H8Y6TR, STM32U073HBY6TR, STM32U073HCY6TR, STM32U073K8U6, STM32U073KBU6, STM32U073KCU6, STM32U073M8I6, STM32U073M8T6, STM32U073MBI6, STM32U073MBT6, STM32U073MCI6, STM32U073MCT6, STM32U073R8I6, STM32U073R8T6, STM32U073RBI6, STM32U073RBT6, STM32U073RCI6, STM32U073RCT6, STM32U083C-DK, STM32U083CCT6, STM32U083CCU6, STM32U083HCY6TR, STM32U083KCU6, STM32U083MCI6, STM32U083MCT6, STM32U083RCI6, STM32U083RCT6, STM32U375CET6, STM32U375CET6Q, STM32U375CEU6, STM32U375CEU6Q, STM32U375CEY6QTR, STM32U375CGT6, STM32U375CGT6Q, STM32U375CGU6, STM32U375CGU6Q, STM32U375CGY6QTR, STM32U375KEU6, STM32U375KGU6, STM32U375REI6, STM32U375REI6Q, STM32U375RET6, STM32U375RET6Q, STM32U375REY6GTR, STM32U375REY6QTR, STM32U375RGI6, STM32U375RGI6Q, STM32U375RGT6, STM32U375RGT6Q, STM32U375RGY6GTR, STM32U375RGY6QTR, STM32U375VEI6, STM32U375VEI6Q, STM32U375VET6, STM32U375VET6Q, STM32U375VGI6, STM32U375VGI6Q, STM32U375VGT6, STM32U375VGT6Q, STM32U385CGT6, STM32U385CGT6Q, STM32U385CGU6, STM32U385CGU6Q, STM32U385CGY6QTR, STM32U385KGU6, STM32U385RGI6, STM32U385RGI6Q, STM32U385RGT6, STM32U385RGT6Q, STM32U385RGY6GTR, STM32U385RGY6QTR, STM32U385VGI6, STM32U385VGI6Q, STM32U385VGT6, STM32U385VGT6Q, STM32U535CBT6, STM32U535CBT6Q, STM32U535CBU6, STM32U535CBU6Q, STM32U535CCT6, STM32U535CCT6Q, STM32U535CCU6, STM32U535CCU6Q, STM32U535CET6, STM32U535CET6Q, STM32U535CEU6, STM32U535CEU6Q, STM32U535JEY6QTR, STM32U535NCY6QTR, STM32U535NEY6QTR, STM32U535RBI6, STM32U535RBI6Q, STM32U535RBT6, STM32U535RBT6Q, STM32U535RCI6, STM32U535RCI6Q, STM32U535RCT6, STM32U535RCT6Q, STM32U535REI6, STM32U535REI6Q, STM32U535RET6, STM32U535RET6Q, STM32U535VCI6, STM32U535VCI6Q, STM32U535VCT6, STM32U535VCT6Q, STM32U535VEI6, STM32U535VEI6Q, STM32U535VET6, STM32U535VET6Q, STM32U545CET6, STM32U545CET6Q, STM32U545CEU6, STM32U545CEU6Q, STM32U545JEY6QTR, STM32U545NEY6QTR, STM32U545REI6, STM32U545REI6Q, STM32U545RET6, STM32U545RET6Q, STM32U545VEI6, STM32U545VEI6Q, STM32U545VET6, STM32U545VET6Q, STM32U595AIH6, STM32U595AIH6Q, STM32U595AJH6, STM32U595AJH6Q, STM32U595QII6, STM32U595QII6Q, STM32U595QJI6, STM32U595QJI6Q, STM32U595RIT6, STM32U595RIT6Q, STM32U595RJT6, STM32U595RJT6Q, STM32U595VIT6, STM32U595VIT6Q, STM32U595VJT6, STM32U595VJT6Q, STM32U595ZIT6, STM32U595ZIT6Q, STM32U595ZIY6QTR, STM32U595ZJT6, STM32U595ZJT6Q, STM32U595ZJY6QTR, STM32U599BJY6QTR, STM32U599NIH6Q, STM32U599NJH6Q, STM32U599VIT6Q, STM32U599VJT6, STM32U599VJT6Q, STM32U599ZIT6Q, STM32U599ZIY6QTR, STM32U599ZJT6Q, STM32U599ZJY6QTR, STM32U5A5AJH6, STM32U5A5AJH6Q, STM32U5A5QII3Q , STM32U5A5QJI6, STM32U5A5QJI6Q, STM32U5A5RJT6, STM32U5A5RJT6Q, STM32U5A5VJT6, STM32U5A5VJT6Q, STM32U5A5ZJT6, STM32U5A5ZJT6Q, STM32U5A5ZJY6QTR, STM32U5A9BJY6QTR, STM32U5A9J-DK, STM32U5A9NJH6Q, STM32U5A9VJT6Q, STM32U5A9ZJT6Q, STM32U5A9ZJY6QTR, STM32U5F7VIT6, STM32U5F7VIT6Q, STM32U5F7VJT6, STM32U5F7VJT6Q, STM32U5F9BJY6QTR, STM32U5F9NJH6Q, STM32U5F9VIT6Q, STM32U5F9VJT6Q, STM32U5F9ZIJ6QTR, STM32U5F9ZIT6Q, STM32U5F9ZJJ6QTR, STM32U5F9ZJT6Q, STM32U5G7VJT6, STM32U5G7VJT6Q, STM32U5G9BJY6QTR, STM32U5G9J-DK1, STM32U5G9J-DK2, STM32U5G9NJH6Q, STM32U5G9VJT6Q, STM32U5G9ZJJ6QTR, STM32U5G9ZJT6Q, STM32WB05KZV6TR, STM32WB05KZV7TR, STM32WB05TZF6TR, STM32WB05TZF7TR, STM32WB06CCF6TR, STM32WB06CCF7TR, STM32WB06CCV6TR, STM32WB06CCV7TR, STM32WB06KCV6TR, STM32WB06KCV7TR, STM32WB07CCF6TR, STM32WB07CCF7TR, STM32WB07CCV6TR, STM32WB07CCV7TR, STM32WB07KCV6TR, STM32WB07KCV7TR, STM32WB09KEV6TR, STM32WB09KEV7TR, STM32WB09TEF6TR, STM32WB09TEF7TR, STM32WB1MMCH6, STM32WBA50KGU6, STM32WBA50KGU6TR, STM32WBA52CEU6, STM32WBA52CEU6TR, STM32WBA52CEU7, STM32WBA52CEU7TR, STM32WBA52CGU6, STM32WBA52CGU6TR, STM32WBA52CGU6U, STM32WBA52CGU7, STM32WBA52CGU7TR, STM32WBA52KEU6, STM32WBA52KEU6TR, STM32WBA52KGU6, STM32WBA52KGU6TR, STM32WBA54CEU6, STM32WBA54CEU6TR, STM32WBA54CEU7, STM32WBA54CEU7TR, STM32WBA54CGU6, STM32WBA54CGU6TR, STM32WBA54CGU7, STM32WBA54CGU7TR, STM32WBA54KEU6, STM32WBA54KEU6TR, STM32WBA54KEU7, STM32WBA54KEU7TR, STM32WBA54KGU6, STM32WBA54KGU6TR, STM32WBA54KGU7, STM32WBA54KGU7TR, STM32WBA55CEU6, STM32WBA55CEU6TR, STM32WBA55CEU7, STM32WBA55CEU7TR, STM32WBA55CGU6, STM32WBA55CGU6TR, STM32WBA55CGU6U, STM32WBA55CGU7, STM32WBA55CGU7TR, STM32WBA55G-DK1, STM32WBA55HEF6, STM32WBA55HEF7, STM32WBA55HGF6, STM32WBA55HGF7, STM32WBA55UEI6, STM32WBA55UEI6TR, STM32WBA55UEI7, STM32WBA55UEI7TR, STM32WBA55UGI6, STM32WBA55UGI6TR, STM32WBA55UGI7, STM32WBA55UGI7TR, STM32WBA5MMGH6TR, STM32WBA62MGF6, STM32WBA62MIF6, STM32WBA65MGF7, STM32WBA65MIF6, STM32WBA65MIF7, STM32WL30K8V6, STM32WL30KBV6, STM32WL31C8V6, STM32WL31CBV6, STM32WL31K8V6, STM32WL31KBV6, STM32WL33C8V6, STM32WL33C8V6X, STM32WL33CBV6, STM32WL33CBV6X, STM32WL33CCV6, STM32WL33CCV6A, STM32WL33CCV6X, STM32WL33K8V7, STM32WL33K8V7X, STM32WL33KBV7 , STM32WL33KBV7X, STM32WL33KCV7, STM32WL33KCV7X, STM32WL5MOCH6, STM32WL5MOCH6TR]
2025-12-25 10:55:46,929 [INFO] DbMcus:218 - Found 4876 MCUs, 4876 are supported
2025-12-25 10:55:46,931 [INFO] ApiDb:423 - Load user favorites file C:\Users\aditi/.stm32cubeide/favorites.mcus.txt: 0 item(s)
2025-12-25 10:55:46,932 [INFO] ApiDb:427 - User favorites MCUs=[]
2025-12-25 10:55:46,932 [INFO] DbMcus:224 - Set 0 / 0 favorites MCUs
2025-12-25 10:55:47,447 [INFO] ApiDb:668 - CubeFinder database Data Model version=2.1
2025-12-25 10:55:47,447 [INFO] ApiDb:669 - CubeFinder database Configuration version=3.0.39
2025-12-25 10:55:47,447 [INFO] ApiDb:670 - CubeFinder database generation date=2025-11-05 (1762334721)
2025-12-25 10:55:47,447 [INFO] ApiDb:671 - CubeFinder database FW Pack versions=[FP-ATR-ASTRA1_V2.0.0, FP-SNS-FLIGHT1_V5.1.0, FP-SNS-MOTENV1_V5.1.0, FP-SNS-MOTENVWB1_V1.4.0, FP-SNS-SMARTAG2_V1.2.0, FP-SNS-STBOX1_V2.1.0, STM32Cube_FW_C0_V1.4.0, STM32Cube_FW_F4_V1.28.3, STM32Cube_FW_F7_V1.17.4, STM32Cube_FW_G0_V1.6.2, STM32Cube_FW_G4_V1.6.1, STM32Cube_FW_H5_V1.5.1, STM32Cube_FW_H7RS_V1.3.0, STM32Cube_FW_H7_V1.12.1, STM32Cube_FW_L0_V1.12.2, STM32Cube_FW_L4_V1.18.1, STM32Cube_FW_L5_V1.6.0, STM32Cube_FW_N6_V1.3.0, STM32Cube_FW_U0_V1.3.0, STM32Cube_FW_U3_V1.2.1, STM32Cube_FW_U5_V1.8.0, STM32Cube_FW_WB0_V1.4.0, STM32Cube_FW_WBA_V1.8.0, STM32Cube_FW_WB_V1.24.0, STM32Cube_FW_WL3_V1.3.0, STM32Cube_FW_WL_V1.4.0, X-CUBE-ALGOBUILD_V1.4.0, X-CUBE-ALS_V1.0.2, X-CUBE-AZRTOS-F4_V1.1.0, X-CUBE-AZRTOS-F7_V1.1.0, X-CUBE-AZRTOS-G0_V1.1.0, X-CUBE-AZRTOS-G4_V2.0.0, X-CUBE-AZRTOS-H7RS_V1.1.0, X-CUBE-AZRTOS-H7_V3.4.0, X-CUBE-AZRTOS-L4_V2.0.0, X-CUBE-AZRTOS-L5_V2.0.0, X-CUBE-AZRTOS-WB_V2.0.0, X-CUBE-AZRTOS-WL_V2.0.0, X-CUBE-BLE1_V7.1.0, X-CUBE-BLE2_V3.3.0, X-CUBE-BLEMGR_V4.1.0, X-CUBE-EEPRMA1_V5.2.0, X-CUBE-FREERTOS_V1.3.1, X-CUBE-GNSS1_V6.0.0, X-CUBE-MEMS1_V11.3.0, X-CUBE-NFC4_V3.0.0, X-CUBE-NFC7_V2.0.0, X-CUBE-SFXS2LP1_V4.0.0, X-CUBE-ST67W61_V1.1.0, X-CUBE-SUBG2_V5.0.0, X-CUBE-TOF1_V3.4.3]
2025-12-25 10:55:47,500 [INFO] DbBoardsSqlite:226 - include board P-NUCLEO-WB55-NUCLEO as a kit item of type 'Nucleo-64'
2025-12-25 10:55:47,500 [INFO] DbBoardsSqlite:226 - include board P-NUCLEO-WB55-USBDONGLE as a kit item of type 'Nucleo USB Dongle'
2025-12-25 10:55:47,500 [INFO] DbBoardsSqlite:226 - include board STEVAL-IDP005V1 as a kit item of type 'Evaluation Board'
2025-12-25 10:55:47,500 [INFO] DbBoardsSqlite:226 - include board STEVAL-IDP005V2 as a kit item of type 'Evaluation Board'
2025-12-25 10:55:47,552 [INFO] ApiDb:240 - Found 880 in-development CPN: [B-G473E-ZEST1S, B-WB1M-WPAN1, B-WBA5M-WPAN, B-WL5M-SUBG1, NUCLEO-C031C6, NUCLEO-C051C8, NUCLEO-C071RB, NUCLEO-C092RC, NUCLEO-H503RB, NUCLEO-H533RE, NUCLEO-H563ZI, NUCLEO-H7S3L8, NUCLEO-N657X0-Q, NUCLEO-U031R8, NUCLEO-U083RC, NUCLEO-U385RG-Q, NUCLEO-U545RE-Q, NUCLEO-U5A5ZJ-Q, NUCLEO-WB05KZ, NUCLEO-WB07CC, NUCLEO-WB09KE, NUCLEO-WBA52CG, NUCLEO-WBA55CG, NUCLEO-WL33CC1, NUCLEO-WL33CC2, STEVAL-PROTEUS1, STEVAL-SMARTAG2, STEVAL-STWINBX1, STM320518-EVAL, STM32C0116-DK, STM32C011D6Y3TR, STM32C011D6Y6TR, STM32C011F4P3, STM32C011F4P6, STM32C011F4U3, STM32C011F4U6TR, STM32C011F6P3, STM32C011F6P6, STM32C011F6U3, STM32C011F6U6TR, STM32C011J4M3, STM32C011J4M6, STM32C011J6M3, STM32C011J6M6, STM32C0316-DK, STM32C031C4T3, STM32C031C4T6, STM32C031C4U3, STM32C031C4U6, STM32C031C6T3, STM32C031C6T6, STM32C031C6U3, STM32C031C6U6, STM32C031F4P3, STM32C031F4P6, STM32C031F6P3, STM32C031F6P6, STM32C031G4U3, STM32C031G4U6, STM32C031G6U3, STM32C031G6U6, STM32C031K4T3, STM32C031K4T6, STM32C031K4U3, STM32C031K4U6, STM32C031K6T3, STM32C031K6T6, STM32C031K6U3, STM32C031K6U6, STM32C051C6T6, STM32C051C6U6, STM32C051C8T6, STM32C051C8U6, STM32C051D8Y6TR, STM32C051F6P6, STM32C051F8P6, STM32C051G6U6, STM32C051G8U6, STM32C051K6T6, STM32C051K6U6, STM32C051K8T6, STM32C071C8T6, STM32C071C8T6N, STM32C071C8U6, STM32C071C8U6N, STM32C071CBT6, STM32C071CBT6N, STM32C071CBU6, STM32C071CBU6N, STM32C071F8P6, STM32C071F8P6N, STM32C071FBP6, STM32C071FBP6N, STM32C071FBY6TR, STM32C071G8U6, STM32C071G8U6N, STM32C071GBU6, STM32C071GBU6N, STM32C071K8T6, STM32C071K8T6N, STM32C071K8U6, STM32C071K8U6N, STM32C071KBT6, STM32C071KBT6N, STM32C071KBU6, STM32C071KBU6N, STM32C071R8T6, STM32C071R8T6N, STM32C071RBI6N, STM32C071RBT6, STM32C071RBT6N, STM32C091CBT6, STM32C091CBU6, STM32C091CCT6, STM32C091CCU6, STM32C091ECY6TR, STM32C091FBP6, STM32C091FCP6, STM32C091GBU6, STM32C091GCU6, STM32C091KBT6, STM32C091KBU6, STM32C091KCT6, STM32C091KCU6, STM32C091RBT6, STM32C091RCI6, STM32C091RCT6, STM32C092CBT6, STM32C092CBU6, STM32C092CCT6, STM32C092CCU6, STM32C092ECY6TR, STM32C092FBP6, STM32C092FCP6, STM32C092GBU6, STM32C092GCU6, STM32C092KBT6, STM32C092KBU6, STM32C092KCT6, STM32C092KCU6, STM32C092RBT6, STM32C092RCI6, STM32C092RCT6, STM32G071K8TXN, STM32G071K8UXN, STM32G081GBU6N, STM32G081KBT6N, STM32G081KBUXN, STM32G0B1CCT6N, STM32G0B1KCT6, STM32G0B1NEY6TR, STM32G0B1RCT6N, STM32G0C1CCT6, STM32G0C1CCT6N, STM32G0C1CCU6N, STM32G0C1CET6N, STM32G0C1CEU6N, STM32G0C1KCT6, STM32G0C1NEY6TR, STM32G0C1RCI6N, STM32G0C1RCT6N, STM32G0C1REI6N, STM32G0C1RET6N, STM32G0C1VCI6, STM32G0C1VEI6, STM32G411C6T3, STM32G411C6T6, STM32G411C6U3, STM32G411C6U6, STM32G411C8T3, STM32G411C8T6, STM32G411C8U3, STM32G411C8U6, STM32G411CBT3, STM32G411CBT6, STM32G411CBU3, STM32G411CBU6, STM32G411K6T3, STM32G411K6T6, STM32G411K6U3, STM32G411K6U6, STM32G411K8T3, STM32G411K8T6, STM32G411K8U3, STM32G411K8U6, STM32G411KBT3, STM32G411KBT6, STM32G411KBU3, STM32G411KBU6, STM32G411M6T3, STM32G411M6T6, STM32G411M8T3, STM32G411M8T6, STM32G411MBT3, STM32G411MBT6, STM32G411R6T3, STM32G411R6T6, STM32G411R8T3, STM32G411R8T6, STM32G411RBT3, STM32G411RBT6, STM32G414CBT3, STM32G414CBT6, STM32G414CBU3, STM32G414CBU6, STM32G414CCT3, STM32G414CCT6, STM32G414CCU3, STM32G414CCU6, STM32G414MBT3, STM32G414MBT6, STM32G414MCT3, STM32G414MCT6, STM32G414RBT3, STM32G414RBT6, STM32G414RCT3, STM32G414RCT6, STM32G414VBT3, STM32G414VBT6, STM32G414VCT3, STM32G414VCT6, STM32G431CBT3Z, STM32G431RBT3Z, STM32G471CCT6, STM32G471CCU6, STM32G471CET3, STM32G471CET6, STM32G471CEU3, STM32G471CEU6, STM32G471MCT6, STM32G471MET3, STM32G471MET6, STM32G471MEY6TR, STM32G471QCT6, STM32G471QET3, STM32G471RCT6, STM32G471RET3, STM32G471RET6, STM32G471VCH6, STM32G471VCI6, STM32G471VCT6, STM32G471VEH3, STM32G471VEH6, STM32G471VEI3, STM32G471VEI6, STM32G471VET3, STM32G471VET6, STM32G473QET3Z, STM32G473RET3Z, STM32G474CCT6, STM32G491RET3Z, STM32H503CBT6, STM32H503CBU6, STM32H503EBY6TR, STM32H503KBU6, STM32H503RBT6, STM32H523CCT6, STM32H523CCU6, STM32H523CET6, STM32H523CEU6, STM32H523HEY6TR, STM32H523RCT6, STM32H523RET6, STM32H523VCI6, STM32H523VCT6, STM32H523VEI6, STM32H523VET6, STM32H523ZCJ6, STM32H523ZCT6, STM32H523ZEJ6, STM32H523ZET6, STM32H533CET6, STM32H533CEU6, STM32H533HEY6TR, STM32H533RET6, STM32H533VEI6, STM32H533VET6, STM32H533ZEJ6, STM32H533ZET6, STM32H562AGI6, STM32H562AII6, STM32H562IGK6, STM32H562IGT6, STM32H562IIK6, STM32H562IIT6, STM32H562RGT6, STM32H562RGV6, STM32H562RIT6, STM32H562RIV6, STM32H562VGT6, STM32H562VIT6, STM32H562ZGT6, STM32H562ZIT6, STM32H563AGI6, STM32H563AII3Q, STM32H563AII6, STM32H563IGK6, STM32H563IGT6, STM32H563IIK3Q, STM32H563IIK6, STM32H563IIT3Q, STM32H563IIT6, STM32H563MIY3QTR, STM32H563RGT6, STM32H563RGV6, STM32H563RIT6, STM32H563RIV6, STM32H563VGT6, STM32H563VIT3Q, STM32H563VIT6, STM32H563ZGT6, STM32H563ZIT3Q, STM32H563ZIT6, STM32H573AII3Q, STM32H573AII6, STM32H573I-DK, STM32H573IIK3Q, STM32H573IIK6, STM32H573IIT3Q, STM32H573IIT6, STM32H573MIY3QTR, STM32H573RIT6, STM32H573RIV6, STM32H573VIT3Q, STM32H573VIT6, STM32H573ZIT3Q, STM32H573ZIT6, STM32H7R3A8I6, STM32H7R3I8K6, STM32H7R3I8T6, STM32H7R3L8H6, STM32H7R3L8H6H, STM32H7R3R8V6, STM32H7R3V8H6, STM32H7R3V8T6, STM32H7R3V8Y6TR, STM32H7R3Z8J6, STM32H7R3Z8T6, STM32H7R7A8I6, STM32H7R7I8K6, STM32H7R7I8T6, STM32H7R7L8H6, STM32H7R7L8H6H, STM32H7R7Z8J6, STM32H7S3A8I6, STM32H7S3I8K6, STM32H7S3I8T6, STM32H7S3L8H6, STM32H7S3L8H6H, STM32H7S3R8V6, STM32H7S3V8H6, STM32H7S3V8T6, STM32H7S3V8Y6TR, STM32H7S3Z8J6, STM32H7S3Z8T6, STM32H7S78-DK, STM32H7S7A8I6, STM32H7S7I8K6, STM32H7S7I8T6, STM32H7S7L8H6, STM32H7S7L8H6H, STM32H7S7Z8J6, STM32L4R5QGI6STR, STM32MP131AAE3, STM32MP131AAF3, STM32MP131AAG3, STM32MP131CAE3, STM32MP131CAF3, STM32MP131CAG3, STM32MP131DAE7, STM32MP131DAF7, STM32MP131DAG7, STM32MP131FAE7, STM32MP131FAF7, STM32MP131FAG7, STM32MP133AAE3, STM32MP133AAF3, STM32MP133AAG3, STM32MP133CAE3, STM32MP133CAF3, STM32MP133CAG3, STM32MP133DAE7, STM32MP133DAF7, STM32MP133DAG7, STM32MP133FAE7, STM32MP133FAF7, STM32MP133FAG7, STM32MP135AAE3, STM32MP135AAF3, STM32MP135AAG3, STM32MP135CAE3, STM32MP135CAF3, STM32MP135CAG3, STM32MP135DAE7, STM32MP135DAF7, STM32MP135DAG7, STM32MP135F-DK, STM32MP135FAE7, STM32MP135FAF7, STM32MP135FAF7T, STM32MP135FAF7U, STM32MP135FAG7, STM32MP211AAL3, STM32MP211AAM3, STM32MP211AAN3, STM32MP211AAO3, STM32MP211CAL3, STM32MP211CAM3, STM32MP211CAN3, STM32MP211CAO3, STM32MP211DAL3, STM32MP211DAM3, STM32MP211DAN3, STM32MP211DAO3, STM32MP211FAL3, STM32MP211FAM3, STM32MP211FAN3, STM32MP211FAO3, STM32MP213AAL3, STM32MP213AAM3, STM32MP213AAN3, STM32MP213AAO3, STM32MP213CAL3, STM32MP213CAM3, STM32MP213CAN3, STM32MP213CAO3, STM32MP213DAL3, STM32MP213DAM3, STM32MP213DAN3, STM32MP213DAO3, STM32MP213FAL3, STM32MP213FAM3, STM32MP213FAN3, STM32MP213FAO3, STM32MP215AAL3, STM32MP215AAM3, STM32MP215AAN3, STM32MP215AAO3, STM32MP215CAL3, STM32MP215CAM3, STM32MP215CAN3, STM32MP215CAO3, STM32MP215DAL3, STM32MP215DAM3, STM32MP215DAN3, STM32MP215DAO3, STM32MP215F-DK, STM32MP215FAL3, STM32MP215FAM3, STM32MP215FAN3, STM32MP215FAO3, STM32MP231AAJ3, STM32MP231AAK3, STM32MP231AAL3, STM32MP231CAJ3, STM32MP231CAK3, STM32MP231CAL3, STM32MP231DAJ3, STM32MP231DAK3, STM32MP231DAL3, STM32MP231FAJ3, STM32MP231FAK3, STM32MP231FAL3, STM32MP233AAJ3, STM32MP233AAK3, STM32MP233AAL3, STM32MP233CAJ3, STM32MP233CAK3, STM32MP233CAL3, STM32MP233DAJ3, STM32MP233DAK3, STM32MP233DAL3, STM32MP233FAJ3, STM32MP233FAK3, STM32MP233FAL3, STM32MP235AAJ3, STM32MP235AAK3, STM32MP235AAL3, STM32MP235CAJ3, STM32MP235CAK3, STM32MP235CAL3, STM32MP235DAJ3, STM32MP235DAK3, STM32MP235DAL3, STM32MP235FAJ3, STM32MP235FAK3, STM32MP235FAL3, STM32MP251AAI3, STM32MP251AAK3, STM32MP251AAL3, STM32MP251CAI3, STM32MP251CAK3, STM32MP251CAL3, STM32MP251DAI3, STM32MP251DAK3, STM32MP251DAL3, STM32MP251FAI3, STM32MP251FAK3, STM32MP251FAL3, STM32MP253AAI3, STM32MP253AAK3, STM32MP253AAL3, STM32MP253CAI3, STM32MP253CAK3, STM32MP253CAL3, STM32MP253DAI3, STM32MP253DAK3, STM32MP253DAL3, STM32MP253FAI3, STM32MP253FAK3, STM32MP253FAL3, STM32MP255AAI3, STM32MP255AAK3, STM32MP255AAL3, STM32MP255CAI3, STM32MP255CAK3, STM32MP255CAL3, STM32MP255DAI3, STM32MP255DAK3, STM32MP255DAL3, STM32MP255FAI3, STM32MP255FAK3, STM32MP255FAL3, STM32MP257AAI3, STM32MP257AAK3, STM32MP257AAL3, STM32MP257CAI3, STM32MP257CAK3, STM32MP257CAL3, STM32MP257DAI3, STM32MP257DAK3, STM32MP257DAL3, STM32MP257F-DK, STM32MP257F-EV1, STM32MP257FAI3, STM32MP257FAK3, STM32MP257FAL3, STM32N645A0H3Q, STM32N645B0H3Q, STM32N645I0H3Q, STM32N645L0H3Q, STM32N645X0H3Q, STM32N645Z0H3Q, STM32N647A0H3Q, STM32N647B0H3Q, STM32N647I0H3Q, STM32N647L0H3Q, STM32N647X0H3Q, STM32N647Z0H3Q, STM32N655A0H3Q, STM32N655B0H3Q, STM32N655I0H3Q, STM32N655L0H3Q, STM32N655X0H3Q, STM32N655Z0H3Q, STM32N6570-DK, STM32N657A0H3Q, STM32N657B0H3Q, STM32N657I0H3Q, STM32N657L0H3Q, STM32N657X0H3Q, STM32N657Z0H3Q, STM32U031C6T6, STM32U031C6U6, STM32U031C8T6, STM32U031C8U6, STM32U031F4P6, STM32U031F6P6, STM32U031F8P6, STM32U031G6Y6TR, STM32U031G8Y6TR, STM32U031K4U6, STM32U031K6U6, STM32U031K8U6, STM32U031R6I6, STM32U031R6T6, STM32U031R8I6, STM32U031R8T6, STM32U073C8T6, STM32U073C8U6, STM32U073CBT6, STM32U073CBU6, STM32U073CCT6, STM32U073CCU6, STM32U073H8Y6TR, STM32U073HBY6TR, STM32U073HCY6TR, STM32U073K8U6, STM32U073KBU6, STM32U073KCU6, STM32U073M8I6, STM32U073M8T6, STM32U073MBI6, STM32U073MBT6, STM32U073MCI6, STM32U073MCT6, STM32U073R8I6, STM32U073R8T6, STM32U073RBI6, STM32U073RBT6, STM32U073RCI6, STM32U073RCT6, STM32U083C-DK, STM32U083CCT6, STM32U083CCU6, STM32U083HCY6TR, STM32U083KCU6, STM32U083MCI6, STM32U083MCT6, STM32U083RCI6, STM32U083RCT6, STM32U375CET6, STM32U375CET6Q, STM32U375CEU6, STM32U375CEU6Q, STM32U375CEY6QTR, STM32U375CGT6, STM32U375CGT6Q, STM32U375CGU6, STM32U375CGU6Q, STM32U375CGY6QTR, STM32U375KEU6, STM32U375KGU6, STM32U375REI6, STM32U375REI6Q, STM32U375RET6, STM32U375RET6Q, STM32U375REY6GTR, STM32U375REY6QTR, STM32U375RGI6, STM32U375RGI6Q, STM32U375RGT6, STM32U375RGT6Q, STM32U375RGY6GTR, STM32U375RGY6QTR, STM32U375VEI6, STM32U375VEI6Q, STM32U375VET6, STM32U375VET6Q, STM32U375VGI6, STM32U375VGI6Q, STM32U375VGT6, STM32U375VGT6Q, STM32U385CGT6, STM32U385CGT6Q, STM32U385CGU6, STM32U385CGU6Q, STM32U385CGY6QTR, STM32U385KGU6, STM32U385RGI6, STM32U385RGI6Q, STM32U385RGT6, STM32U385RGT6Q, STM32U385RGY6GTR, STM32U385RGY6QTR, STM32U385VGI6, STM32U385VGI6Q, STM32U385VGT6, STM32U385VGT6Q, STM32U535CBT6, STM32U535CBT6Q, STM32U535CBU6, STM32U535CBU6Q, STM32U535CCT6, STM32U535CCT6Q, STM32U535CCU6, STM32U535CCU6Q, STM32U535CET6, STM32U535CET6Q, STM32U535CEU6, STM32U535CEU6Q, STM32U535JEY6QTR, STM32U535NCY6QTR, STM32U535NEY6QTR, STM32U535RBI6, STM32U535RBI6Q, STM32U535RBT6, STM32U535RBT6Q, STM32U535RCI6, STM32U535RCI6Q, STM32U535RCT6, STM32U535RCT6Q, STM32U535REI6, STM32U535REI6Q, STM32U535RET6, STM32U535RET6Q, STM32U535VCI6, STM32U535VCI6Q, STM32U535VCT6, STM32U535VCT6Q, STM32U535VEI6, STM32U535VEI6Q, STM32U535VET6, STM32U535VET6Q, STM32U545CET6, STM32U545CET6Q, STM32U545CEU6, STM32U545CEU6Q, STM32U545JEY6QTR, STM32U545NEY6QTR, STM32U545REI6, STM32U545REI6Q, STM32U545RET6, STM32U545RET6Q, STM32U545VEI6, STM32U545VEI6Q, STM32U545VET6, STM32U545VET6Q, STM32U595AIH6, STM32U595AIH6Q, STM32U595AJH6, STM32U595AJH6Q, STM32U595QII6, STM32U595QII6Q, STM32U595QJI6, STM32U595QJI6Q, STM32U595RIT6, STM32U595RIT6Q, STM32U595RJT6, STM32U595RJT6Q, STM32U595VIT6, STM32U595VIT6Q, STM32U595VJT6, STM32U595VJT6Q, STM32U595ZIT6, STM32U595ZIT6Q, STM32U595ZIY6QTR, STM32U595ZJT6, STM32U595ZJT6Q, STM32U595ZJY6QTR, STM32U599BJY6QTR, STM32U599NIH6Q, STM32U599NJH6Q, STM32U599VIT6Q, STM32U599VJT6, STM32U599VJT6Q, STM32U599ZIT6Q, STM32U599ZIY6QTR, STM32U599ZJT6Q, STM32U599ZJY6QTR, STM32U5A5AJH6, STM32U5A5AJH6Q, STM32U5A5QII3Q , STM32U5A5QJI6, STM32U5A5QJI6Q, STM32U5A5RJT6, STM32U5A5RJT6Q, STM32U5A5VJT6, STM32U5A5VJT6Q, STM32U5A5ZJT6, STM32U5A5ZJT6Q, STM32U5A5ZJY6QTR, STM32U5A9BJY6QTR, STM32U5A9J-DK, STM32U5A9NJH6Q, STM32U5A9VJT6Q, STM32U5A9ZJT6Q, STM32U5A9ZJY6QTR, STM32U5F7VIT6, STM32U5F7VIT6Q, STM32U5F7VJT6, STM32U5F7VJT6Q, STM32U5F9BJY6QTR, STM32U5F9NJH6Q, STM32U5F9VIT6Q, STM32U5F9VJT6Q, STM32U5F9ZIJ6QTR, STM32U5F9ZIT6Q, STM32U5F9ZJJ6QTR, STM32U5F9ZJT6Q, STM32U5G7VJT6, STM32U5G7VJT6Q, STM32U5G9BJY6QTR, STM32U5G9J-DK1, STM32U5G9J-DK2, STM32U5G9NJH6Q, STM32U5G9VJT6Q, STM32U5G9ZJJ6QTR, STM32U5G9ZJT6Q, STM32WB05KZV6TR, STM32WB05KZV7TR, STM32WB05TZF6TR, STM32WB05TZF7TR, STM32WB06CCF6TR, STM32WB06CCF7TR, STM32WB06CCV6TR, STM32WB06CCV7TR, STM32WB06KCV6TR, STM32WB06KCV7TR, STM32WB07CCF6TR, STM32WB07CCF7TR, STM32WB07CCV6TR, STM32WB07CCV7TR, STM32WB07KCV6TR, STM32WB07KCV7TR, STM32WB09KEV6TR, STM32WB09KEV7TR, STM32WB09TEF6TR, STM32WB09TEF7TR, STM32WB1MMCH6, STM32WBA50KGU6, STM32WBA50KGU6TR, STM32WBA52CEU6, STM32WBA52CEU6TR, STM32WBA52CEU7, STM32WBA52CEU7TR, STM32WBA52CGU6, STM32WBA52CGU6TR, STM32WBA52CGU6U, STM32WBA52CGU7, STM32WBA52CGU7TR, STM32WBA52KEU6, STM32WBA52KEU6TR, STM32WBA52KGU6, STM32WBA52KGU6TR, STM32WBA54CEU6, STM32WBA54CEU6TR, STM32WBA54CEU7, STM32WBA54CEU7TR, STM32WBA54CGU6, STM32WBA54CGU6TR, STM32WBA54CGU7, STM32WBA54CGU7TR, STM32WBA54KEU6, STM32WBA54KEU6TR, STM32WBA54KEU7, STM32WBA54KEU7TR, STM32WBA54KGU6, STM32WBA54KGU6TR, STM32WBA54KGU7, STM32WBA54KGU7TR, STM32WBA55CEU6, STM32WBA55CEU6TR, STM32WBA55CEU7, STM32WBA55CEU7TR, STM32WBA55CGU6, STM32WBA55CGU6TR, STM32WBA55CGU6U, STM32WBA55CGU7, STM32WBA55CGU7TR, STM32WBA55G-DK1, STM32WBA55HEF6, STM32WBA55HEF7, STM32WBA55HGF6, STM32WBA55HGF7, STM32WBA55UEI6, STM32WBA55UEI6TR, STM32WBA55UEI7, STM32WBA55UEI7TR, STM32WBA55UGI6, STM32WBA55UGI6TR, STM32WBA55UGI7, STM32WBA55UGI7TR, STM32WBA5MMGH6TR, STM32WBA62MGF6, STM32WBA62MIF6, STM32WBA65MGF7, STM32WBA65MIF6, STM32WBA65MIF7, STM32WL30K8V6, STM32WL30KBV6, STM32WL31C8V6, STM32WL31CBV6, STM32WL31K8V6, STM32WL31KBV6, STM32WL33C8V6, STM32WL33C8V6X, STM32WL33CBV6, STM32WL33CBV6X, STM32WL33CCV6, STM32WL33CCV6A, STM32WL33CCV6X, STM32WL33K8V7, STM32WL33K8V7X, STM32WL33KBV7 , STM32WL33KBV7X, STM32WL33KCV7, STM32WL33KCV7X, STM32WL5MOCH6, STM32WL5MOCH6TR]
2025-12-25 10:55:47,812 [INFO] BoardInfo:889 - No configuration file found for board P-NUCLEO-WB55
2025-12-25 10:55:47,814 [INFO] DbBoards:161 - Kit is not supported: P-NUCLEO-WB55
2025-12-25 10:55:47,820 [INFO] BoardInfo:889 - No configuration file found for board STEVAL-BFA001V1B
2025-12-25 10:55:47,821 [INFO] DbBoards:161 - Kit is not supported: STEVAL-BFA001V1B
2025-12-25 10:55:47,822 [INFO] BoardInfo:889 - No configuration file found for board STEVAL-BFA001V2B
2025-12-25 10:55:47,823 [INFO] DbBoards:161 - Kit is not supported: STEVAL-BFA001V2B
2025-12-25 10:55:48,034 [INFO] DbBoards:168 - Found 212 boards, 209 are supported
2025-12-25 10:55:48,034 [INFO] DbBoards:169 - Found 212 boards, 43 of them is supported for  Bsp
2025-12-25 10:55:48,036 [INFO] ApiDb:423 - Load user favorites file C:\Users\aditi/.stm32cubeide/favorites.boards.txt: 1 item(s)
2025-12-25 10:55:48,037 [INFO] ApiDb:427 - User favorites Boards=[STM32F407G-DISC1]
2025-12-25 10:55:48,037 [INFO] DbBoards:198 - Set 1 / 1 favorites Boards
2025-12-25 10:55:48,037 [INFO] McuFinderGlobals:76 - Set McuFinderConnectedMode to true
2025-12-25 10:55:48,043 [INFO] MultiScanPanel:200 - Auto-refresh data requested => check proxy status ongoing
2025-12-25 10:55:48,044 [INFO] FinderPluginLoader:96 - Searching for filters in installed packs
2025-12-25 10:55:49,601 [INFO] LoadUrlFilesThread:185 - End of LoadServerUrlFiles without Thread
2025-12-25 10:55:49,619 [INFO] DetailPanel:341 - Set advertising image to C:/Users/aditi/STM32Cube/Repository/\en.prom-st67w-expansion-board.png
2025-12-25 10:56:31,080 [INFO] MultiScanPanel:200 - Auto-refresh data requested => check proxy status ongoing
2025-12-25 10:56:31,348 [INFO] LoadUrlFilesThread:185 - End of LoadServerUrlFiles without Thread
2025-12-25 10:56:31,349 [INFO] DetailPanel:341 - Set advertising image to C:/Users/aditi/STM32Cube/Repository/\en.prom-st67w-expansion-board.png
2025-12-25 10:56:31,410 [INFO] DbBoards:642 - Loading board mini-images...
2025-12-25 10:56:33,528 [ERROR] DbBoards:659 - Image file not found for board STM32MP215F-DK: C:\Users\aditi\.stmcufinder\plugins\mcufinder//mcu//boards_images/STM32MP215F-DK.jpg
2025-12-25 10:56:33,762 [INFO] DbBoards:665 - Loaded 211 board mini-images
2025-12-25 10:56:56,512 [INFO] MainUpdater:2872 - connection check result : 10
2025-12-25 10:56:56,513 [INFO] MainUpdater:2872 - connection check result : 10
2025-12-25 10:56:56,602 [INFO] MicroXplorer:468 - Change Database Path : 
2025-12-25 10:56:56,603 [INFO] MicroXplorer:498 - Change Database Version : DB.6.0.150
2025-12-25 10:56:56,614 [WARN] ThirdParty:871 - waiting for thirdparty lock release [close project]
2025-12-25 10:56:56,614 [INFO] ThirdParty:873 - entering critical section [close project]
2025-12-25 10:56:56,617 [INFO] ThirdParty:883 - exiting critical section [close project]
2025-12-25 10:56:56,625 [INFO] PinOutPanel:1589 - setPackage(No Configuration,No Configuration)
2025-12-25 10:56:56,629 [INFO] UtilMem:75 - Begin LoadConfig() Used Memory: 994654088 Bytes (1073741824)
2025-12-25 10:56:56,640 [INFO] OpenFileManager:355 - Change cursor
2025-12-25 10:56:56,795 [INFO] ProjectFactory:514 - No CPN specified for board STM32F407G-DISC1 => set CPN to STM32F407VGT6
2025-12-25 10:56:56,796 [INFO] Mcu:2029 - Initializing MCU STM32F407V(E-G)Tx STM32F407VGTx STM32F407VGT6
2025-12-25 10:57:00,126 [INFO] Context:786 - Trying to add GPIOservice into a context  which must be forbidden
2025-12-25 10:57:01,100 [INFO] Rule:233 - rule 117617 - U5Cobra4M][GTZC] default value MPCBB3 and MPCBB5 - Not Secured memory - MPCBB1 is applicable
2025-12-25 10:57:01,100 [INFO] Rule:233 - rule 117617 - U5Cobra4M][GTZC] default value MPCBB3 and MPCBB5 - Not Secured memory - MPCBB1 is applicable
2025-12-25 10:57:01,101 [INFO] Rule:233 - rule 117617 - U5Cobra4M][GTZC] default value MPCBB3 and MPCBB5 - Not Secured memory - MPCBB2 is applicable
2025-12-25 10:57:01,101 [INFO] Rule:233 - rule 117617 - U5Cobra4M][GTZC] default value MPCBB3 and MPCBB5 - Not Secured memory - MPCBB2 is applicable
2025-12-25 10:57:01,101 [INFO] Rule:233 - rule 117617 - U5Cobra4M][GTZC] default value MPCBB3 and MPCBB5 - Not Secured memory - MPCBB3 is applicable
2025-12-25 10:57:01,101 [INFO] Rule:233 - rule 117617 - U5Cobra4M][GTZC] default value MPCBB3 and MPCBB5 - Not Secured memory - MPCBB3 is applicable
2025-12-25 10:57:01,101 [INFO] Rule:233 - rule 117617 - U5Cobra4M][GTZC] default value MPCBB3 and MPCBB5 - Not Secured memory - MPCBB4 is applicable
2025-12-25 10:57:01,101 [INFO] Rule:233 - rule 117617 - U5Cobra4M][GTZC] default value MPCBB3 and MPCBB5 - Not Secured memory - MPCBB4 is applicable
2025-12-25 10:57:01,101 [INFO] Rule:233 - rule 117617 - U5Cobra4M][GTZC] default value MPCBB3 and MPCBB5 - Secured memory - MPCBB1 is applicable
2025-12-25 10:57:01,101 [INFO] Rule:233 - rule 117617 - U5Cobra4M][GTZC] default value MPCBB3 and MPCBB5 - Secured memory - MPCBB2 is applicable
2025-12-25 10:57:01,101 [INFO] Rule:233 - rule 117617 - U5Cobra4M][GTZC] default value MPCBB3 and MPCBB5 - Secured memory - MPCBB3 is applicable
2025-12-25 10:57:01,101 [INFO] Rule:233 - rule 117617 - U5Cobra4M][GTZC] default value MPCBB3 and MPCBB5 - Secured memory - MPCBB4 is applicable
2025-12-25 10:57:01,101 [INFO] Rule:233 - rule 117617 - U5Cobra4M][GTZC] default value MPCBB3 and MPCBB5 - Privileged memory - MPCBB1 is applicable
2025-12-25 10:57:01,101 [INFO] Rule:233 - rule 117617 - U5Cobra4M][GTZC] default value MPCBB3 and MPCBB5 - Privileged memory - MPCBB2 is applicable
2025-12-25 10:57:01,101 [INFO] Rule:233 - rule 117617 - U5Cobra4M][GTZC] default value MPCBB3 and MPCBB5 - Privileged memory - MPCBB3 is applicable
2025-12-25 10:57:01,101 [INFO] Rule:233 - rule 117617 - U5Cobra4M][GTZC] default value MPCBB3 and MPCBB5 - Privileged memory - MPCBB4 is applicable
2025-12-25 10:57:01,102 [INFO] Rule:233 - rule 117617 - U5Cobra4M][GTZC] default value MPCBB3 and MPCBB5 - Not Privileged memory - MPCBB1 is applicable
2025-12-25 10:57:01,102 [INFO] Rule:233 - rule 117617 - U5Cobra4M][GTZC] default value MPCBB3 and MPCBB5 - Not Privileged memory - MPCBB2 is applicable
2025-12-25 10:57:01,102 [INFO] Rule:233 - rule 117617 - U5Cobra4M][GTZC] default value MPCBB3 and MPCBB5 - Not Privileged memory - MPCBB3 is applicable
2025-12-25 10:57:01,102 [INFO] Rule:233 - rule 117617 - U5Cobra4M][GTZC] default value MPCBB3 and MPCBB5 - Not Privileged memory - MPCBB4 is applicable
2025-12-25 10:57:01,102 [INFO] Rule:233 - rule 117617 - U5Cobra4M][GTZC] default value MPCBB3 and MPCBB5 - Privileged memory - MPCBB1 is applicable
2025-12-25 10:57:01,102 [INFO] Rule:233 - rule 117617 - U5Cobra4M][GTZC] default value MPCBB3 and MPCBB5 - Privileged memory - MPCBB2 is applicable
2025-12-25 10:57:01,102 [INFO] Rule:233 - rule 117617 - U5Cobra4M][GTZC] default value MPCBB3 and MPCBB5 - Privileged memory - MPCBB3 is applicable
2025-12-25 10:57:01,102 [INFO] Rule:233 - rule 117617 - U5Cobra4M][GTZC] default value MPCBB3 and MPCBB5 - Privileged memory - MPCBB4 is applicable
2025-12-25 10:57:01,103 [INFO] Rule:233 - rule 117617 - U5Cobra4M][GTZC] default value MPCBB3 and MPCBB5 - Privileged memory - MPCBB1 is applicable
2025-12-25 10:57:01,103 [INFO] Rule:233 - rule 117617 - U5Cobra4M][GTZC] default value MPCBB3 and MPCBB5 - Privileged memory - MPCBB2 is applicable
2025-12-25 10:57:01,103 [INFO] Rule:233 - rule 117617 - U5Cobra4M][GTZC] default value MPCBB3 and MPCBB5 - Privileged memory - MPCBB3 is applicable
2025-12-25 10:57:01,103 [INFO] Rule:233 - rule 117617 - U5Cobra4M][GTZC] default value MPCBB3 and MPCBB5 - Privileged memory - MPCBB4 is applicable
2025-12-25 10:57:01,103 [INFO] Rule:233 - rule 117617 - U5Cobra4M][GTZC] default value MPCBB3 and MPCBB5 - Not Privileged memory - MPCBB1 is applicable
2025-12-25 10:57:01,103 [INFO] Rule:233 - rule 117617 - U5Cobra4M][GTZC] default value MPCBB3 and MPCBB5 - Not Privileged memory - MPCBB2 is applicable
2025-12-25 10:57:01,103 [INFO] Rule:233 - rule 117617 - U5Cobra4M][GTZC] default value MPCBB3 and MPCBB5 - Not Privileged memory - MPCBB3 is applicable
2025-12-25 10:57:01,103 [INFO] Rule:233 - rule 117617 - U5Cobra4M][GTZC] default value MPCBB3 and MPCBB5 - Not Privileged memory - MPCBB4 is applicable
2025-12-25 10:57:01,103 [INFO] Rule:233 - rule 117617 - U5Cobra4M][GTZC] default value MPCBB3 and MPCBB5 - Privileged memory - MPCBB1 is applicable
2025-12-25 10:57:01,103 [INFO] Rule:233 - rule 117617 - U5Cobra4M][GTZC] default value MPCBB3 and MPCBB5 - Privileged memory - MPCBB2 is applicable
2025-12-25 10:57:01,103 [INFO] Rule:233 - rule 117617 - U5Cobra4M][GTZC] default value MPCBB3 and MPCBB5 - Privileged memory - MPCBB3 is applicable
2025-12-25 10:57:01,103 [INFO] Rule:233 - rule 117617 - U5Cobra4M][GTZC] default value MPCBB3 and MPCBB5 - Privileged memory - MPCBB4 is applicable
2025-12-25 10:57:01,103 [INFO] Rule:233 - rule Rename SubGHz_Phy SUBGHZ_APPLICATION SUBGHZ_PINGPONG to SUBGHZ_ADV_APPLICATION is applicable
2025-12-25 10:57:01,103 [INFO] Rule:233 - rule Rename Enabled to IBEACON is applicable
2025-12-25 10:57:01,103 [INFO] Rule:233 - rule GTZC_S instance for project manager is applicable
2025-12-25 10:57:01,103 [INFO] Rule:233 - rule GTZC_S instance for context M33S is applicable
2025-12-25 10:57:01,104 [INFO] Rule:233 - rule GTZC_S instance value for IP GTZC is applicable
2025-12-25 10:57:01,104 [INFO] Rule:233 - rule GTZC_S instance for mcu.IP is applicable
2025-12-25 10:57:01,104 [INFO] Rule:233 - rule GTZC_S instance for VP is applicable
2025-12-25 10:57:01,105 [INFO] Rule:233 - rule GTZC_S instance for signal is applicable
2025-12-25 10:57:01,105 [INFO] Rule:233 - rule GTZC_S instance for mcu.Pin is applicable
2025-12-25 10:57:01,105 [INFO] Rule:233 - rule GTZC_S instance for VP is applicable
2025-12-25 10:57:01,105 [INFO] Rule:233 - rule GTZC_S instance for signal is applicable
2025-12-25 10:57:01,105 [INFO] Rule:233 - rule GTZC_S instance for mcu is applicable
2025-12-25 10:57:01,106 [INFO] Rule:233 - rule GTZC_S instance for mcu.Pin is applicable
2025-12-25 10:57:01,106 [INFO] Rule:233 - rule GTZC_S instance value for IP GTZC is applicable
2025-12-25 10:57:01,106 [INFO] Rule:233 - rule GTZC_S instance for project manager is applicable
2025-12-25 10:57:01,106 [INFO] Rule:233 - rule GTZC_S instance for context M33S is applicable
2025-12-25 10:57:01,106 [INFO] Rule:233 - rule GTZC_S instance for VP is applicable
2025-12-25 10:57:01,106 [INFO] Rule:233 - rule GTZC_S instance for signal is applicable
2025-12-25 10:57:01,107 [INFO] Rule:233 - rule SPDIFRX instance for mcu is applicable
2025-12-25 10:57:01,107 [INFO] Rule:233 - rule Rename Tracer Mode is applicable
2025-12-25 10:57:01,107 [INFO] Rule:233 - rule SPDIFRX instance value for IP SPDIFRX is applicable
2025-12-25 10:57:01,107 [INFO] Rule:233 - rule SPDIFRX instance for signal is applicable
2025-12-25 10:57:01,107 [INFO] Rule:233 - rule SPDIFRX instance for project manager is applicable
2025-12-25 10:57:01,107 [INFO] Rule:233 - rule SPDIFRX instance for project manager is applicable
2025-12-25 10:57:01,107 [INFO] Rule:233 - rule ADC Scan  fix with FW F7 is applicable
2025-12-25 10:57:01,107 [INFO] Rule:233 - rule ADC Scan  fix with FW F7 is applicable
2025-12-25 10:57:01,108 [INFO] Rule:233 - rule WakeUp0 Mode is applicable
2025-12-25 10:57:01,108 [INFO] Rule:233 - rule WakeUp0 SIGNAL is applicable
2025-12-25 10:57:01,108 [INFO] Rule:233 - rule WakeUp1 Mode is applicable
2025-12-25 10:57:01,108 [INFO] Rule:233 - rule WakeUp1 SIGNAL is applicable
2025-12-25 10:57:01,108 [INFO] Rule:233 - rule WakeUp2 Mode is applicable
2025-12-25 10:57:01,108 [INFO] Rule:233 - rule WakeUp2 SIGNAL is applicable
2025-12-25 10:57:01,109 [INFO] Rule:233 - rule WakeUp4 Mode is applicable
2025-12-25 10:57:01,109 [INFO] Rule:233 - rule WakeUp4 SIGNAL is applicable
2025-12-25 10:57:01,109 [INFO] Rule:233 - rule WakeUp5 Mode is applicable
2025-12-25 10:57:01,109 [INFO] Rule:233 - rule WakeUp5 SIGNAL is applicable
2025-12-25 10:57:01,109 [INFO] Rule:233 - rule UART/USART WORD LENGTH 7 is applicable
2025-12-25 10:57:01,109 [INFO] Rule:233 - rule UART/USART WORD LENGTH 8 is applicable
2025-12-25 10:57:01,109 [INFO] Rule:233 - rule UART/USART WORD LENGTH 9 is applicable
2025-12-25 10:57:01,109 [INFO] Rule:233 - rule Change Default Value for LSE Drive Capability for WB family is applicable
2025-12-25 10:57:01,109 [INFO] Rule:233 - rule Change Default Value for ADC Clock Prescaler G0 family is applicable
2025-12-25 10:57:01,111 [INFO] Rule:233 - rule ADC SamplingTime fix with FW L0  is applicable
2025-12-25 10:57:01,111 [INFO] Rule:233 - rule ADC SamplingTime fix with FW L0  is applicable
2025-12-25 10:57:01,111 [INFO] Rule:233 - rule ADC SamplingTime fix with FW L0 is applicable
2025-12-25 10:57:01,111 [INFO] Rule:233 - rule ADC SamplingTime fix with FW L0 is applicable
2025-12-25 10:57:01,111 [INFO] Rule:233 - rule ADC SamplingTime fix with FW L0  is applicable
2025-12-25 10:57:01,111 [INFO] Rule:233 - rule ADC SamplingTime fix with FW L0 is applicable
2025-12-25 10:57:01,111 [INFO] Rule:233 - rule Rename USB_OE Signal is applicable
2025-12-25 10:57:01,111 [INFO] Rule:233 - rule Rename Activate_OE Mode is applicable
2025-12-25 10:57:01,111 [INFO] Rule:233 - rule Rename DIE462/DIE415 pin PC14/OSC32_IN -> PC14-OSC32_IN (PC14) is applicable
2025-12-25 10:57:01,111 [INFO] Rule:233 - rule Rename DIE462/DIE415 pin PC15/OSC32_OUT -> PC15-OSC32_OUT (PC15) is applicable
2025-12-25 10:57:01,111 [INFO] Rule:233 - rule Rename DIE462/DIE415 pin PH0/OSC_IN -> PH0-OSC_IN (PH0) is applicable
2025-12-25 10:57:01,111 [INFO] Rule:233 - rule Rename DIE462/DIE415 pin PH1/OSC_OUT -> PH1-OSC_OUT (PH1) is applicable
2025-12-25 10:57:01,111 [INFO] Rule:233 - rule Rename DIE462 pin PA13 -> PA13 (JTMS/SWDIO) is applicable
2025-12-25 10:57:01,111 [INFO] Rule:233 - rule Rename DIE415 pin PA13 -> PA13 (JTMS/SWDIO) is applicable
2025-12-25 10:57:01,111 [INFO] Rule:233 - rule Rename DIE462 pin PA14 -> PA14 (JTCK/SWCLK) is applicable
2025-12-25 10:57:01,112 [INFO] Rule:233 - rule Rename DIE415 pin PA14 -> PA14 (JTCK/SWCLK) is applicable
2025-12-25 10:57:01,112 [INFO] Rule:233 - rule Rename DIE462/DIE415 pin PA15 -> PA15 (JTDI) is applicable
2025-12-25 10:57:01,112 [INFO] Rule:233 - rule Rename DIE462 pin PB3 -> PB3 (JTD0/TRACESWO) is applicable
2025-12-25 10:57:01,112 [INFO] Rule:233 - rule Rename DIE415 pin PB3 -> PB3 (JTD0-TRACESWO) is applicable
2025-12-25 10:57:01,112 [INFO] Rule:233 - rule Rename DIE462/DIE415 pin PB4 -> PB4 (NJTRST) is applicable
2025-12-25 10:57:01,112 [INFO] Rule:233 - rule Rename DIE462 pin PH3/BOOT0 -> PH3-BOOT0 (BOOT0) is applicable
2025-12-25 10:57:01,112 [INFO] Rule:233 - rule Rename CRYP DataEncryptionTypesList to Algorithm is applicable
2025-12-25 10:57:01,112 [INFO] Rule:233 - rule Rename AES DataEncryptionTypesList to Algorithm is applicable
2025-12-25 10:57:01,112 [INFO] Rule:233 - rule Rename TDESECB to CRYP_TDES_ECB is applicable
2025-12-25 10:57:01,113 [INFO] Rule:233 - rule Rename TDESCBC to CRYP_TDES_CBC is applicable
2025-12-25 10:57:01,113 [INFO] Rule:233 - rule Rename DESECB to CRYP_DES_ECB is applicable
2025-12-25 10:57:01,113 [INFO] Rule:233 - rule Rename DESCBC to CRYP_DES_CBC is applicable
2025-12-25 10:57:01,113 [INFO] Rule:233 - rule Rename AESECB to CRYP_AES_ECB is applicable
2025-12-25 10:57:01,113 [INFO] Rule:233 - rule Rename AESCBC to CRYP_AES_CBC is applicable
2025-12-25 10:57:01,113 [INFO] Rule:233 - rule Rename AESCTR to CRYP_AES_CTR is applicable
2025-12-25 10:57:01,113 [INFO] Rule:233 - rule Rename AESGCM to CRYP_AES_GCM is applicable
2025-12-25 10:57:01,113 [INFO] Rule:233 - rule Rename AESCCM to CRYP_AES_CCM is applicable
2025-12-25 10:57:01,113 [INFO] Rule:233 - rule Rename CAN TimeSeg1 to BS1 is applicable
2025-12-25 10:57:01,113 [INFO] Rule:233 - rule Rename CAN TimeSeg2 to BS2 is applicable
2025-12-25 10:57:01,113 [INFO] Rule:233 - rule Rename CAN SyncJumpWidth to SJW is applicable
2025-12-25 10:57:01,113 [INFO] Rule:233 - rule TimeTriggeredMode to TTCM is applicable
2025-12-25 10:57:01,113 [INFO] Rule:233 - rule Rename CAN AutoBusOff to ABOM is applicable
2025-12-25 10:57:01,113 [INFO] Rule:233 - rule Rename CAN AutoWakeUp to AWUM is applicable
2025-12-25 10:57:01,113 [INFO] Rule:233 - rule Rename CAN AutoRetransmission to NART is applicable
2025-12-25 10:57:01,113 [INFO] Rule:233 - rule Rename CAN ReceiveFifoLocked to RFLM is applicable
2025-12-25 10:57:01,113 [INFO] Rule:233 - rule Rename CAN TransmitFifoPriority to TXFP is applicable
2025-12-25 10:57:01,113 [INFO] Rule:233 - rule Rename HRTIMER HRTIM_OUTPUTFAULTLEVEL_HIGH in HRTIMER HRTIM_OUTPUTFAULTLEVEL_HIGHZ is applicable
2025-12-25 10:57:01,113 [INFO] Rule:233 - rule Rename TIMER TIM_CLEARINPUTSOURCE_OCREFCLR in  TIMER TIM_CLEARINPUTSOURCE_NONE for F7 family is applicable
2025-12-25 10:57:01,114 [INFO] Rule:233 - rule FDCAN_R1 - Rename FDCAN mode Master into Classic is applicable
2025-12-25 10:57:01,114 [INFO] Rule:233 - rule FDCAN_R2 - Rename FDCAN mode Slave into Classic is applicable
2025-12-25 10:57:01,114 [INFO] Rule:233 - rule FDCAN1_R3 - if PA10.Mode=FullDuplex, add Pin PA12 is applicable
2025-12-25 10:57:01,114 [INFO] Rule:233 - rule FDCAN1_R3 - if PA9.Mode=FullDuplex, add Pin PA11 is applicable
2025-12-25 10:57:01,114 [INFO] Rule:233 - rule FDCAN1_R3 - Alternatepin_1 - if PE1.Mode=FullDuplex, add Pin PB9 is applicable
2025-12-25 10:57:01,114 [INFO] Rule:233 - rule FDCAN1_R3 - Alternatepin_1 - if PE0.Mode=FullDuplex, add Pin PB8 is applicable
2025-12-25 10:57:01,114 [INFO] Rule:233 - rule FDCAN1_R3 - Alternatepin_2 - if PD5.Mode=FullDuplex, add Pin PD1 is applicable
2025-12-25 10:57:01,114 [INFO] Rule:233 - rule FDCAN1_R3 - Alternatepin_2 - if PD4.Mode=FullDuplex, add Pin PD0 is applicable
2025-12-25 10:57:01,114 [INFO] Rule:233 - rule FDCAN1_R4 - Rename Mode FullDuplex into Enable FDCAN_TXFD for pin PA10 is applicable
2025-12-25 10:57:01,114 [INFO] Rule:233 - rule FDCAN1_R4 - Rename Mode FullDuplex into Enable FDCAN_TXFD for pin PA9 is applicable
2025-12-25 10:57:01,114 [INFO] Rule:233 - rule FDCAN1_R4 - Alternatepin_1 - Rename Mode FullDuplex into Enable FDCAN_TXFD for pin PE1 is applicable
2025-12-25 10:57:01,114 [INFO] Rule:233 - rule FDCAN1_R4 - Alternatepin_1 - Rename Mode FullDuplex into Enable FDCAN_TXFD for pin PE0 is applicable
2025-12-25 10:57:01,114 [INFO] Rule:233 - rule FDCAN1_R4 - Alternatepin_2 - Rename Mode FullDuplex into Enable FDCAN_TXFD for pin PD5 is applicable
2025-12-25 10:57:01,114 [INFO] Rule:233 - rule FDCAN1_R4 - Alternatepin_2 - Rename Mode FullDuplex into Enable FDCAN_TXFD for pin PD4 is applicable
2025-12-25 10:57:01,114 [INFO] Rule:233 - rule FDCAN2_R3 - if PD10.Mode=FullDuplex, add Pin PB13 is applicable
2025-12-25 10:57:01,114 [INFO] Rule:233 - rule FDCAN2_R3 - if PD9.Mode=FullDuplex, add Pin PB12 is applicable
2025-12-25 10:57:01,115 [INFO] Rule:233 - rule FDCAN2_R3 - Alternatepin_1 - if PB7.Mode=FullDuplex, add Pin PB6 is applicable
2025-12-25 10:57:01,115 [INFO] Rule:233 - rule FDCAN2_R3 - Alternatepin_1 - if PD9.Mode=FullDuplex, add Pin PB12 is applicable
2025-12-25 10:57:01,115 [INFO] Rule:233 - rule FDCAN2_R4 - Rename Mode FullDuplex into Enable FDCAN_TXFD for pin PD10 is applicable
2025-12-25 10:57:01,115 [INFO] Rule:233 - rule FDCAN2_R4 - Rename Mode FullDuplex into Enable FDCAN_TXFD for pin PD9 is applicable
2025-12-25 10:57:01,115 [INFO] Rule:233 - rule FDCAN2_R4 - Alternatepin_1 - Rename Mode FullDuplex into Enable FDCAN_TXFD for pin PB7 is applicable
2025-12-25 10:57:01,115 [INFO] Rule:233 - rule FDCAN2_R4 - Alternatepin_1 - Rename Mode FullDuplex into Enable FDCAN_TXFD for pin PD6 is applicable
2025-12-25 10:57:01,115 [INFO] Rule:233 - rule USART TxPinLevelInvertParam Mode is applicable
2025-12-25 10:57:01,116 [INFO] Rule:233 - rule USART RxPinLevelInvertParam Mode is applicable
2025-12-25 10:57:01,116 [INFO] Rule:233 - rule USART DataInvertParam Mode is applicable
2025-12-25 10:57:01,116 [INFO] Rule:233 - rule USART SwapParam Mode is applicable
2025-12-25 10:57:01,116 [INFO] Rule:233 - rule USART OverrunDisableParam Mode is applicable
2025-12-25 10:57:01,116 [INFO] Rule:233 - rule USART DMADisableonRxErrorParam Mode is applicable
2025-12-25 10:57:01,116 [INFO] Rule:233 - rule USART MSBFirstParam Mode is applicable
2025-12-25 10:57:01,116 [INFO] Rule:233 - rule Update MwName for USB_DEVICE is applicable
2025-12-25 10:57:01,116 [INFO] Rule:233 - rule Change PWR_Regulator_Voltage_Scale Default Value for RCC  H7 family is applicable
2025-12-25 10:57:01,116 [INFO] Rule:233 - rule UART/USART IPParameter rename Prescaler parameter to ClockPrescaler is applicable
2025-12-25 10:57:01,117 [INFO] Rule:233 - rule UART/USART Prescaler rename Prescaler parameter to ClockPrescaler is applicable
2025-12-25 10:57:01,117 [INFO] Rule:233 - rule TIM1CLockSelection is applicable
2025-12-25 10:57:01,117 [INFO] Rule:233 - rule TIM15CLockSelection is applicable
2025-12-25 10:57:01,117 [INFO] Rule:233 - rule align RCC SDMMC3CLockSelection default value on MP1 is applicable
2025-12-25 10:57:01,117 [INFO] Rule:233 - rule align RCC SDMMC12CLockSelection default value on MP1 is applicable
2025-12-25 10:57:01,117 [INFO] Rule:233 - rule align RCC QSPICLockSelection default value on MP1 is applicable
2025-12-25 10:57:01,117 [INFO] Rule:233 - rule align RCC QSPICLockSelection default value on MP1 is applicable
2025-12-25 10:57:01,117 [INFO] Rule:233 - rule align RCC SPI6CLockSelection default value on MP1 is applicable
2025-12-25 10:57:01,117 [INFO] Rule:233 - rule align RCC LPTIM23CLockSelection default value on MP1 is applicable
2025-12-25 10:57:01,117 [INFO] Rule:233 - rule align RCC LPTIM1CLockSelection default value on MP1 is applicable
2025-12-25 10:57:01,117 [INFO] Rule:233 - rule align RCC USART1CLockSelection default value on MP1 is applicable
2025-12-25 10:57:01,117 [INFO] Rule:233 - rule align RCC USART24CLockSelection default value on MP1 is applicable
2025-12-25 10:57:01,118 [INFO] Rule:233 - rule align RCC USART6CLockSelection default value on MP1 is applicable
2025-12-25 10:57:01,118 [INFO] Rule:233 - rule align RCC UART78CLockSelection default value on MP1 is applicable
2025-12-25 10:57:01,118 [INFO] Rule:233 - rule align RCC USART35CLockSelection default value on MP1 is applicable
2025-12-25 10:57:01,118 [INFO] Rule:233 - rule align RCC SPI45CLockSelection default value on MP1 is applicable
2025-12-25 10:57:01,118 [INFO] Rule:233 - rule align RCC I2C46CLockSelection BCLK value on MP1 is applicable
2025-12-25 10:57:01,118 [INFO] Rule:233 - rule align RCC SPI45CLockSelection default value on MP1 is applicable
2025-12-25 10:57:01,118 [INFO] Rule:233 - rule align RCC I2C12CLockSelection default value on MP1 is applicable
2025-12-25 10:57:01,119 [INFO] Rule:233 - rule align RCC I2C35CLockSelection default value on MP1 is applicable
2025-12-25 10:57:01,119 [INFO] Rule:233 - rule align RCC LPTIM45CLockSelection default value on MP1 is applicable
2025-12-25 10:57:01,119 [INFO] Rule:233 - rule Rename DCMI PIXCK signal is applicable
2025-12-25 10:57:01,119 [INFO] Rule:233 - rule Change Default Value for I2C46CLockSelection MP1 family is applicable
2025-12-25 10:57:01,119 [INFO] Rule:233 - rule Change Default Value for UART for G4, G0 and WB families is applicable
2025-12-25 10:57:01,119 [INFO] Rule:233 - rule Change Default Value for USART for G4, G0 and WB families is applicable
2025-12-25 10:57:01,119 [INFO] Rule:233 - rule Change Default Value for USART for G4 family is applicable
2025-12-25 10:57:01,119 [INFO] Rule:233 - rule Change USART1CLockSelection refparam name for MP1 is applicable
2025-12-25 10:57:01,119 [INFO] Rule:233 - rule Change USART2CLockSelection refparam name for MP1 is applicable
2025-12-25 10:57:01,119 [INFO] Rule:233 - rule Change USART3CLockSelection refparam name for MP1 is applicable
2025-12-25 10:57:01,119 [INFO] Rule:233 - rule Change UART4CLockSelection refparam name for MP1 is applicable
2025-12-25 10:57:01,119 [INFO] Rule:233 - rule Change UART5CLockSelection refparam name for MP1 is applicable
2025-12-25 10:57:01,119 [INFO] Rule:233 - rule Change LPUART1CLockSelection refparam name for MP1 is applicable
2025-12-25 10:57:01,119 [INFO] Rule:233 - rule Change LPTIM1CLockSelection refparam name for MP1 is applicable
2025-12-25 10:57:01,119 [INFO] Rule:233 - rule Change LPTIM2CLockSelection refparam name for MP1 is applicable
2025-12-25 10:57:01,119 [INFO] Rule:233 - rule Change RCC_MCO1Source refparam name for MP1 is applicable
2025-12-25 10:57:01,119 [INFO] Rule:233 - rule Change LSCOSource1 refparam name for MP1 is applicable
2025-12-25 10:57:01,120 [INFO] Rule:233 - rule Change SMPSCLockSelection refparam name for MP1 is applicable
2025-12-25 10:57:01,120 [INFO] Rule:233 - rule Change LPTIM3CLockSelection refparam name for MP1 is applicable
2025-12-25 10:57:01,120 [INFO] Rule:233 - rule Change MPCBB* Default Template Mode to Parameters is applicable
2025-12-25 10:57:01,120 [INFO] Rule:233 - rule Change MPCWM* or MPCBB* Secure Mode to Parameters is applicable
2025-12-25 10:57:01,120 [INFO] Rule:233 - rule Change MPCWM* or MPCBB* No Secure Mode to Parameters is applicable
2025-12-25 10:57:01,121 [INFO] Rule:233 - rule Change TZSC IP Secure Mode to Parameters is applicable
2025-12-25 10:57:01,122 [INFO] Rule:233 - rule Change TZSC IP No Secure Mode to Parameters is applicable
2025-12-25 10:57:01,122 [INFO] Rule:233 - rule Change TZSC IP Privilege Mode to Parameters is applicable
2025-12-25 10:57:01,122 [INFO] Rule:233 - rule Change TZSC IP No Privilege Mode to Parameters is applicable
2025-12-25 10:57:01,123 [INFO] Rule:233 - rule Change TZIC IT Secure Mode to Parameters is applicable
2025-12-25 10:57:01,123 [INFO] Rule:233 - rule Change TZIC IT No Secure Mode to Parameters is applicable
2025-12-25 10:57:01,123 [INFO] Rule:233 - rule Add MPCBB1_NonSecureArea_Start_Address value with referenced to MPCBB1_NonSecureArea_Start value is applicable
2025-12-25 10:57:01,123 [INFO] Rule:233 - rule Add MPCBB2_NonSecureArea_Start_Address value with referenced to MPCBB2_NonSecureArea_Start value is applicable
2025-12-25 10:57:01,123 [INFO] Rule:233 - rule Add MPCWM1_NonSecureArea*_Start_Address value with referenced to MPCWM1_NonSecureArea*_Start value is applicable
2025-12-25 10:57:01,123 [INFO] Rule:233 - rule Add MPCWM2_NonSecureArea*_Start_Address value with referenced to MPCWM2_NonSecureArea*_Start value is applicable
2025-12-25 10:57:01,123 [INFO] Rule:233 - rule Add MPCWM3_NonSecureArea_Start_Address value with referenced to MPCWM3_NonSecureArea_Start value is applicable
2025-12-25 10:57:01,123 [INFO] Rule:233 - rule Change Default Value for PLL1UserDefinedConfig is applicable
2025-12-25 10:57:01,123 [INFO] Rule:233 - rule Change GPIO_PuPd Default Value for USART in async mode is applicable
2025-12-25 10:57:01,123 [INFO] Rule:233 - rule Change SMPSDivider Default Value is applicable
2025-12-25 10:57:01,123 [INFO] Rule:233 - rule OPAMP is applicable
2025-12-25 10:57:01,123 [INFO] Rule:233 - rule LPUART IPParameter rename Prescaler parameter to ClockPrescaler for STM32H7 is applicable
2025-12-25 10:57:01,123 [INFO] Rule:233 - rule LPUART IPParameter rename Prescaler parameter to ClockPrescaler for STM32H7 is applicable
2025-12-25 10:57:01,123 [INFO] Rule:233 - rule LPUART IPParameter rename Prescaler parameter to ClockPrescaler for STM32WB is applicable
2025-12-25 10:57:01,123 [INFO] Rule:233 - rule LPUART IPParameter rename Prescaler parameter to ClockPrescaler for STM32WB is applicable
2025-12-25 10:57:01,123 [INFO] Rule:233 - rule LPUART IPParameter rename Prescaler parameter to ClockPrescaler for STM32G4 is applicable
2025-12-25 10:57:01,123 [INFO] Rule:233 - rule LPUART IPParameter rename Prescaler parameter to ClockPrescaler for STM32G4 is applicable
2025-12-25 10:57:01,123 [INFO] Rule:233 - rule LPUART IPParameter rename Prescaler parameter to ClockPrescaler for STM32L5 is applicable
2025-12-25 10:57:01,123 [INFO] Rule:233 - rule LPUART IPParameter rename Prescaler parameter to ClockPrescaler for STM32L5 is applicable
2025-12-25 10:57:01,123 [INFO] Rule:233 - rule LPUART IPParameter rename Prescaler parameter to ClockPrescaler for STM32G4 is applicable
2025-12-25 10:57:01,123 [INFO] Rule:233 - rule LPUART IPParameter rename Prescaler parameter to ClockPrescaler for STM32G4 is applicable
2025-12-25 10:57:01,123 [INFO] Rule:233 - rule USB device lib V2.5.3 for L0 rename USBD_SUPPORT_USER_STRING parameter to USBD_SUPPORT_USER_STRING_DESC4 is applicable
2025-12-25 10:57:01,123 [INFO] Rule:233 - rule I2SCLockSelection clock entry align is applicable
2025-12-25 10:57:01,123 [INFO] Rule:233 - rule Assign TIMx context if used as SYS timebase is applicable
2025-12-25 10:57:01,123 [INFO] Rule:233 - rule Change GPIO_Pu Default Value for I2C is applicable
2025-12-25 10:57:01,124 [INFO] Rule:233 - rule Change GPIO_Pu Default Value for SMBus is applicable
2025-12-25 10:57:01,124 [INFO] Rule:233 - rule change FDCAN default value is applicable
2025-12-25 10:57:01,124 [INFO] Rule:233 - rule Change mode sai is applicable
2025-12-25 10:57:01,124 [INFO] Rule:233 - rule **Change sai mode is applicable
2025-12-25 10:57:01,124 [INFO] Rule:233 - rule Rename STM32WPAN CFG_BLE_IRK to CFG_BLE_IR is applicable
2025-12-25 10:57:01,124 [INFO] Rule:233 - rule Rename STM32WPAN CFG_BLE_ERK to CFG_BLE_ER is applicable
2025-12-25 10:57:01,124 [INFO] Rule:233 - rule Rename STM32WPAN CFG_BLE_IRK_HEX to CFG_BLE_IR_HEX is applicable
2025-12-25 10:57:01,124 [INFO] Rule:233 - rule Rename STM32WPAN CFG_BLE_ERK_HEX to CFG_BLE_ER_HEX is applicable
2025-12-25 10:57:01,124 [INFO] Rule:233 - rule Adapt Old IOC before rework replace old CORTEX_M33/CORTEX_M55 attributes by the new one. is applicable
2025-12-25 10:57:01,124 [INFO] Rule:233 - rule Rename parametre of RCC RCC_APBDBG_DIV2 to RCC_TIMPRES_DIV2 is applicable
2025-12-25 10:57:01,124 [INFO] Rule:233 - rule Rename DIE493 pin PA10 [PA12] -> PA10 is applicable
2025-12-25 10:57:01,124 [INFO] Rule:233 - rule Rename DIE493 pin PA9 [PA11] -> PA9 is applicable
2025-12-25 10:57:01,124 [INFO] Rule:233 - rule Rename DIE492 PartNumber CPN STM32WBA5MJGHx -> STM32WBA5MMGHx is applicable
2025-12-25 10:57:01,124 [INFO] Rule:233 - rule Rename DIE492 PartNumber  Name STM32WBA5MJGHx -> STM32WBA5MMGHx is applicable
2025-12-25 10:57:01,124 [INFO] Rule:233 - rule Rename DIE492 PartNumber UserName STM32WBA5MJGHx -> STM32WBA5MMGHx is applicable
2025-12-25 10:57:01,124 [INFO] Rule:233 - rule Rename DIE492 PartNumber DeviceId STM32WBA5MJGHx -> STM32WBA5MMGHx is applicable
2025-12-25 10:57:01,124 [INFO] Rule:233 - rule Adapt Old IOC CSI. is applicable
2025-12-25 10:57:01,124 [INFO] Rule:233 - rule Adapt Old IOC DCMIPP. is applicable
2025-12-25 10:57:01,124 [INFO] Rule:233 - rule Adapt Old IOC DCMIPP Mode Parallel. is applicable
2025-12-25 10:57:01,124 [INFO] Rule:233 - rule Adapt Old IOC LTDC. is applicable
2025-12-25 10:57:01,124 [INFO] Rule:233 - rule Rename STM32MP2 RIF Peripheral LTDC RIF.RISUP.LTDC_L0L1.Privilege -> RIF.RISUP.LTDC_L1L2.Privilege is applicable
2025-12-25 10:57:01,125 [INFO] Rule:233 - rule Rename STM32MP2 RIF Peripheral LTDC RIF.RISUP.LTDC_L0L1.Privilege -> RIF.RISUP.LTDC_L1L2.Privilege is applicable
2025-12-25 10:57:01,125 [INFO] Rule:233 - rule Rename STM32MP2 RIF Peripheral LTDC RIF.RISUP.LTDC_L0L1.Lock -> RIF.RISUP.LTDC_L1L2.Lock is applicable
2025-12-25 10:57:01,125 [INFO] Rule:233 - rule Rename STM32MP2 RIF Peripheral LTDC RIF.RISUP.LTDC_L2.Lock -> RIF.RISUP.LTDC_L3.Lock is applicable
2025-12-25 10:57:01,125 [INFO] Rule:233 - rule Adapt the old IOC example for updating the SYS when it is misconfigured. is applicable
2025-12-25 10:57:01,125 [INFO] Rule:233 - rule Rename STM32C09 Mcu.Package LQFP64 -> LQFP48 is applicable
2025-12-25 10:57:01,125 [INFO] Rule:233 - rule Adapt the old IOC example for updating the SYS when it is misconfigured. is applicable
2025-12-25 10:57:01,125 [INFO] Rule:233 - rule Adapt the old IOC example for updating the SYS when it is misconfigured. is applicable
2025-12-25 10:57:01,162 [INFO] DbConfProperties:307 - Apply Compatibility (38/250 Rules)
2025-12-25 10:57:01,212 [INFO] ImportTextPane:234 - (OptionalMessage_ERROR) Unable to find key (Mcu.ThirdPartyNb) in loaded IOC file
2025-12-25 10:57:01,224 [INFO] ImportTextPane:234 - (OptionalMessage_ERROR) Pin34 (VP_RIF_VS_RIF1) cannot be retrieved for this MCU
2025-12-25 10:57:01,598 [INFO] RtosManager:558 - Registered RTOS mode: class=CMSIS, group=RTOS, mode=CMSIS_V1, owner=FREERTOS
2025-12-25 10:57:01,599 [INFO] RtosManager:558 - Registered RTOS mode: class=CMSIS, group=RTOS2, mode=CMSIS_V2, owner=FREERTOS
2025-12-25 10:57:01,599 [INFO] RtosManager:558 - Registered RTOS mode: class=RTOS, group=Core, mode=CMSIS_V1, owner=FREERTOS
2025-12-25 10:57:01,599 [INFO] RtosManager:558 - Registered RTOS mode: class=RTOS, group=Core, mode=CMSIS_V2, owner=FREERTOS
2025-12-25 10:57:01,599 [WARN] ModelIntegratedComponent:184 - Missing modes for component STMicroelectronics:FreeRTOS:0.0.1:STMicroelectronics:RTOS:FreeRTOS:Core:::10.2.0:
2025-12-25 10:57:01,636 [WARN] ModelIntegratedComponent:63 - No mode defined for component null
2025-12-25 10:57:01,636 [WARN] ModelIntegratedComponent:63 - No mode defined for component null
2025-12-25 10:57:01,636 [WARN] ModelIntegratedComponent:63 - No mode defined for component null
2025-12-25 10:57:01,636 [WARN] ModelIntegratedComponent:63 - No mode defined for component null
2025-12-25 10:57:01,636 [WARN] ModelIntegratedComponent:63 - No mode defined for component null
2025-12-25 10:57:01,636 [WARN] ModelIntegratedComponent:63 - No mode defined for component null
2025-12-25 10:57:01,636 [WARN] ModelIntegratedComponent:63 - No mode defined for component null
2025-12-25 10:57:01,636 [WARN] ModelIntegratedComponent:63 - No mode defined for component null
2025-12-25 10:57:01,636 [WARN] ModelIntegratedComponent:63 - No mode defined for component null
2025-12-25 10:57:01,636 [WARN] ModelIntegratedComponent:63 - No mode defined for component null
2025-12-25 10:57:01,637 [WARN] ModelIntegratedComponent:63 - No mode defined for component null
2025-12-25 10:57:01,638 [WARN] ModelIntegratedComponent:63 - No mode defined for component null
2025-12-25 10:57:01,638 [WARN] ModelIntegratedComponent:63 - No mode defined for component null
2025-12-25 10:57:01,638 [WARN] ModelIntegratedComponent:63 - No mode defined for component null
2025-12-25 10:57:01,639 [WARN] ModelIntegratedComponent:63 - No mode defined for component null
2025-12-25 10:57:01,639 [WARN] ModelIntegratedComponent:63 - No mode defined for component null
2025-12-25 10:57:01,639 [WARN] ModelIntegratedComponent:63 - No mode defined for component null
2025-12-25 10:57:01,639 [WARN] ModelIntegratedComponent:63 - No mode defined for component null
2025-12-25 10:57:01,640 [WARN] ModelIntegratedComponent:63 - No mode defined for component null
2025-12-25 10:57:01,640 [WARN] ModelIntegratedComponent:63 - No mode defined for component null
2025-12-25 10:57:01,640 [WARN] ModelIntegratedComponent:63 - No mode defined for component null
2025-12-25 10:57:01,640 [WARN] ModelIntegratedComponent:63 - No mode defined for component null
2025-12-25 10:57:01,640 [WARN] ModelIntegratedComponent:63 - No mode defined for component null
2025-12-25 10:57:01,640 [WARN] ModelIntegratedComponent:63 - No mode defined for component null
2025-12-25 10:57:01,640 [WARN] ModelIntegratedComponent:63 - No mode defined for component null
2025-12-25 10:57:01,640 [WARN] ModelIntegratedComponent:63 - No mode defined for component null
2025-12-25 10:57:01,640 [WARN] ModelIntegratedComponent:63 - No mode defined for component null
2025-12-25 10:57:01,640 [WARN] ModelIntegratedComponent:63 - No mode defined for component null
2025-12-25 10:57:01,640 [WARN] ModelIntegratedComponent:63 - No mode defined for component null
2025-12-25 10:57:01,640 [WARN] ModelIntegratedComponent:63 - No mode defined for component null
2025-12-25 10:57:01,641 [WARN] ModelIntegratedComponent:63 - No mode defined for component null
2025-12-25 10:57:01,641 [WARN] ModelIntegratedComponent:63 - No mode defined for component null
2025-12-25 10:57:01,641 [WARN] ModelIntegratedComponent:63 - No mode defined for component null
2025-12-25 10:57:01,641 [WARN] ModelIntegratedComponent:63 - No mode defined for component null
2025-12-25 10:57:01,641 [WARN] ModelIntegratedComponent:63 - No mode defined for component null
2025-12-25 10:57:01,641 [WARN] ModelPack:524 - Component already loaded: STMicroelectronics:HAL Drivers:0.0.0:STMicroelectronics:Device:STMicro_Driver:XSPI:HAL::0.0.1:HAL_XSPI
2025-12-25 10:57:01,708 [INFO] ThirdPartyModel:298 - Start build external matchings
2025-12-25 10:57:01,861 [INFO] ThirdPartyModel:316 - End build external matchings
2025-12-25 10:57:02,473 [INFO] UtilMem:75 - End LoadConfig() Used Memory: 953788760 Bytes (1073741824)
2025-12-25 10:57:02,635 [WARN] ThirdParty:833 - waiting for thirdparty lock release [change project]
2025-12-25 10:57:02,635 [INFO] ThirdParty:835 - entering critical section [change project]
2025-12-25 10:57:02,636 [INFO] ThirdParty:1030 - CMSIS Pack Vendor :STMicroelectronics X-CUBE-PM33A1 1.0.0
2025-12-25 10:57:02,636 [INFO] ThirdParty:1030 - CMSIS Pack Vendor :STMicroelectronics USBPD 4.1
2025-12-25 10:57:02,636 [INFO] ThirdParty:1030 - CMSIS Pack Vendor :STMicroelectronics X-CUBE-NFC9 1.0.0
2025-12-25 10:57:02,636 [INFO] ThirdParty:1030 - CMSIS Pack Vendor :STMicroelectronics USB_HOST 2.0.0
2025-12-25 10:57:02,636 [INFO] ThirdParty:1030 - CMSIS Pack Vendor :STMicroelectronics FP-SNS-MOTENVWB1 1.4.0
2025-12-25 10:57:02,636 [INFO] ThirdParty:1030 - CMSIS Pack Vendor :STMicroelectronics X-CUBE-AZRTOS-F4 1.1.0
2025-12-25 10:57:02,636 [INFO] ThirdParty:1030 - CMSIS Pack Vendor :STMicroelectronics LIBJPEG 8.0.0
2025-12-25 10:57:02,636 [INFO] ThirdParty:1030 - CMSIS Pack Vendor :STMicroelectronics FP-ATR-ASTRA1 2.0.2
2025-12-25 10:57:02,636 [INFO] ThirdParty:1030 - CMSIS Pack Vendor :STMicroelectronics X-CUBE-BLE1 7.1.0
2025-12-25 10:57:02,636 [INFO] ThirdParty:1030 - CMSIS Pack Vendor :STMicroelectronics X-CUBE-SMBUS 2.1.0
2025-12-25 10:57:02,636 [INFO] ThirdParty:1030 - CMSIS Pack Vendor :STMicroelectronics USB_DEVICE 3.0.0
2025-12-25 10:57:02,636 [INFO] ThirdParty:1030 - CMSIS Pack Vendor :STMicroelectronics X-CUBE-ISPU 2.1.0
2025-12-25 10:57:02,636 [INFO] ThirdParty:1030 - CMSIS Pack Vendor :STMicroelectronics X-CUBE-AZRTOS-WB 2.0.0
2025-12-25 10:57:02,636 [INFO] ThirdParty:1030 - CMSIS Pack Vendor :STMicroelectronics X-CUBE-AZRTOS-F7 1.1.0
2025-12-25 10:57:02,636 [INFO] ThirdParty:1030 - CMSIS Pack Vendor :STMicroelectronics X-CUBE-AZRTOS-L5 2.0.0
2025-12-25 10:57:02,636 [INFO] ThirdParty:1030 - CMSIS Pack Vendor :STMicroelectronics USB_DEVICE 2.0.0
2025-12-25 10:57:02,637 [INFO] ThirdParty:1030 - CMSIS Pack Vendor :STMicroelectronics X-CUBE-NFC6 3.1.0
2025-12-25 10:57:02,637 [INFO] ThirdParty:1030 - CMSIS Pack Vendor :STMicroelectronics FreeRTOS 0.0.1
2025-12-25 10:57:02,637 [INFO] ThirdParty:1030 - CMSIS Pack Vendor :STMicroelectronics X-CUBE-AZRTOS-G0 1.1.0
2025-12-25 10:57:02,637 [INFO] ThirdParty:1030 - CMSIS Pack Vendor :STMicroelectronics X-CUBE-NFC4 3.0.0
2025-12-25 10:57:02,637 [INFO] ThirdParty:1030 - CMSIS Pack Vendor :STMicroelectronics X-CUBE-SUBG2 5.0.0
2025-12-25 10:57:02,637 [INFO] ThirdParty:1030 - CMSIS Pack Vendor :STMicroelectronics STM32_WPAN 1.0.0
2025-12-25 10:57:02,639 [INFO] ThirdParty:1030 - CMSIS Pack Vendor :STMicroelectronics lwIP 2.0.3
2025-12-25 10:57:02,640 [INFO] ThirdParty:1030 - CMSIS Pack Vendor :STMicroelectronics USB_HOST 1.0.0
2025-12-25 10:57:02,640 [INFO] ThirdParty:1030 - CMSIS Pack Vendor :STMicroelectronics X-CUBE-AZRTOS-G4 2.0.0
2025-12-25 10:57:02,640 [INFO] ThirdParty:1030 - CMSIS Pack Vendor :STMicroelectronics X-CUBE-WB05N 2.0.0
2025-12-25 10:57:02,640 [INFO] ThirdParty:1030 - CMSIS Pack Vendor :STMicroelectronics PDM2PCM 3.1.0
2025-12-25 10:57:02,640 [INFO] ThirdParty:1030 - CMSIS Pack Vendor :STMicroelectronics PDM2PCM 3.3.0
2025-12-25 10:57:02,640 [INFO] ThirdParty:1030 - CMSIS Pack Vendor :STMicroelectronics X-CUBE-DISPLAY 3.0.0
2025-12-25 10:57:02,640 [INFO] ThirdParty:1030 - CMSIS Pack Vendor :STMicroelectronics X-CUBE-NFC7 2.0.0
2025-12-25 10:57:02,640 [INFO] ThirdParty:1030 - CMSIS Pack Vendor :STMicroelectronics X-CUBE-TCPP 4.2.0
2025-12-25 10:57:02,640 [INFO] ThirdParty:1030 - CMSIS Pack Vendor :STMicroelectronics FP-ATR-SIGFOX1 3.2.0
2025-12-25 10:57:02,640 [INFO] ThirdParty:1030 - CMSIS Pack Vendor :STMicroelectronics X-CUBE-NFC10 1.0.0
2025-12-25 10:57:02,640 [INFO] ThirdParty:1030 - CMSIS Pack Vendor :STMicroelectronics HAL Drivers 0.0.0
2025-12-25 10:57:02,641 [INFO] ThirdParty:1030 - CMSIS Pack Vendor :STMicroelectronics MBEDTLS 2.16.2
2025-12-25 10:57:02,641 [INFO] ThirdParty:1030 - CMSIS Pack Vendor :STMicroelectronics X-CUBE-ALS 1.0.2
2025-12-25 10:57:02,641 [INFO] ThirdParty:1030 - CMSIS Pack Vendor :STMicroelectronics MBEDTLS 2.14.1
2025-12-25 10:57:02,641 [INFO] ThirdParty:1030 - CMSIS Pack Vendor :STMicroelectronics ThreadX 1.0.0
2025-12-25 10:57:02,641 [INFO] ThirdParty:1030 - CMSIS Pack Vendor :STMicroelectronics FP-SNS-SMARTAG2 1.2.0
2025-12-25 10:57:02,641 [INFO] ThirdParty:1030 - CMSIS Pack Vendor :STMicroelectronics FP-SNS-FLIGHT1 5.1.0
2025-12-25 10:57:02,641 [INFO] ThirdParty:1030 - CMSIS Pack Vendor :STMicroelectronics X-CUBE-AZRTOS-WL 2.0.0
2025-12-25 10:57:02,641 [INFO] ThirdParty:1030 - CMSIS Pack Vendor :STMicroelectronics X-CUBE-ALGOBUILD 1.4.0
2025-12-25 10:57:02,641 [INFO] ThirdParty:1030 - CMSIS Pack Vendor :STMicroelectronics X-CUBE-DPower 1.3.0
2025-12-25 10:57:02,641 [INFO] ThirdParty:1030 - CMSIS Pack Vendor :STMicroelectronics USB_DEVICE 1.0.0
2025-12-25 10:57:02,641 [INFO] ThirdParty:1030 - CMSIS Pack Vendor :STMicroelectronics X-CUBE-AZRTOS-L4 2.0.0
2025-12-25 10:57:02,641 [INFO] ThirdParty:1030 - CMSIS Pack Vendor :STMicroelectronics ThreadX 0.0.2
2025-12-25 10:57:02,641 [INFO] ThirdParty:1030 - CMSIS Pack Vendor :STMicroelectronics lwIP 2.1.2
2025-12-25 10:57:02,641 [INFO] ThirdParty:1030 - CMSIS Pack Vendor :STMicroelectronics X-CUBE-SFXS2LP1 4.0.0
2025-12-25 10:57:02,641 [INFO] ThirdParty:1030 - CMSIS Pack Vendor :STMicroelectronics X-CUBE-BLE2 3.3.0
2025-12-25 10:57:02,641 [INFO] ThirdParty:1030 - CMSIS Pack Vendor :STMicroelectronics X-CUBE-TOF1 3.4.3
2025-12-25 10:57:02,641 [INFO] ThirdParty:1030 - CMSIS Pack Vendor :STMicroelectronics PDM2PCM 3.2.0
2025-12-25 10:57:02,641 [INFO] ThirdParty:841 - exiting critical section [change project]
2025-12-25 10:57:03,327 [INFO] PinOutPanel:1589 - setPackage(No Configuration,No Configuration)
2025-12-25 10:57:03,331 [INFO] PinOutPanel:1589 - setPackage(STM32F407VGTx,LQFP100)
2025-12-25 10:57:04,194 [INFO] UtilMem:75 - Before build in PCC Used Memory: 991906088 Bytes (1073741824)
2025-12-25 10:57:06,150 [INFO] UtilMem:75 - After build in PCC Used Memory: 1001617744 Bytes (1073741824)
2025-12-25 10:57:06,219 [INFO] IPUIPlugin:80 - create IPUIPlugin
2025-12-25 10:57:06,220 [INFO] IPUIPlugin:80 - create IPUIPlugin
2025-12-25 10:57:06,221 [INFO] IPUIPlugin:80 - create IPUIPlugin
2025-12-25 10:57:06,221 [INFO] IPUIPlugin:80 - create IPUIPlugin
2025-12-25 10:57:06,221 [INFO] IPUIPlugin:80 - create IPUIPlugin
2025-12-25 10:57:06,222 [INFO] IPUIPlugin:80 - create IPUIPlugin
2025-12-25 10:57:06,222 [INFO] IPUIPlugin:80 - create IPUIPlugin
2025-12-25 10:57:06,222 [INFO] IPUIPlugin:80 - create IPUIPlugin
2025-12-25 10:57:06,222 [INFO] IPUIPlugin:80 - create IPUIPlugin
2025-12-25 10:57:06,222 [INFO] IPUIPlugin:80 - create IPUIPlugin
2025-12-25 10:57:06,222 [INFO] IPUIPlugin:80 - create IPUIPlugin
2025-12-25 10:57:06,223 [INFO] IPUIPlugin:80 - create IPUIPlugin
2025-12-25 10:57:06,223 [INFO] IPUIPlugin:80 - create IPUIPlugin
2025-12-25 10:57:06,223 [INFO] IPUIPlugin:80 - create IPUIPlugin
2025-12-25 10:57:06,223 [INFO] IPUIPlugin:80 - create IPUIPlugin
2025-12-25 10:57:06,223 [INFO] IPUIPlugin:80 - create IPUIPlugin
2025-12-25 10:57:06,224 [INFO] IPUIPlugin:80 - create IPUIPlugin
2025-12-25 10:57:06,224 [INFO] IPUIPlugin:80 - create IPUIPlugin
2025-12-25 10:57:06,224 [INFO] IPUIPlugin:80 - create IPUIPlugin
2025-12-25 10:57:06,226 [INFO] IPUIPlugin:80 - create IPUIPlugin
2025-12-25 10:57:06,226 [INFO] IPUIPlugin:80 - create IPUIPlugin
2025-12-25 10:57:06,226 [INFO] IPUIPlugin:80 - create IPUIPlugin
2025-12-25 10:57:06,227 [INFO] IPUIPlugin:80 - create IPUIPlugin
2025-12-25 10:57:06,227 [INFO] IPUIPlugin:80 - create IPUIPlugin
2025-12-25 10:57:06,227 [INFO] IPUIPlugin:80 - create IPUIPlugin
2025-12-25 10:57:06,228 [INFO] IPUIPlugin:80 - create IPUIPlugin
2025-12-25 10:57:06,228 [INFO] IPUIPlugin:80 - create IPUIPlugin
2025-12-25 10:57:06,228 [INFO] IPUIPlugin:80 - create IPUIPlugin
2025-12-25 10:57:06,228 [INFO] IPUIPlugin:80 - create IPUIPlugin
2025-12-25 10:57:06,228 [INFO] IPUIPlugin:80 - create IPUIPlugin
2025-12-25 10:57:06,228 [INFO] IPUIPlugin:80 - create IPUIPlugin
2025-12-25 10:57:06,230 [INFO] IPUIPlugin:80 - create IPUIPlugin
2025-12-25 10:57:06,230 [INFO] IPUIPlugin:80 - create IPUIPlugin
2025-12-25 10:57:06,230 [INFO] IPUIPlugin:80 - create IPUIPlugin
2025-12-25 10:57:06,231 [INFO] IPUIPlugin:80 - create IPUIPlugin
2025-12-25 10:57:06,231 [INFO] IPUIPlugin:80 - create IPUIPlugin
2025-12-25 10:57:06,231 [INFO] IPUIPlugin:80 - create IPUIPlugin
2025-12-25 10:57:06,231 [INFO] IPUIPlugin:80 - create IPUIPlugin
2025-12-25 10:57:06,232 [INFO] IPUIPlugin:80 - create IPUIPlugin
2025-12-25 10:57:06,232 [INFO] IPUIPlugin:80 - create IPUIPlugin
2025-12-25 10:57:06,232 [INFO] IPUIPlugin:80 - create IPUIPlugin
2025-12-25 10:57:06,233 [INFO] IPUIPlugin:80 - create IPUIPlugin
2025-12-25 10:57:06,233 [INFO] IPUIPlugin:80 - create IPUIPlugin
2025-12-25 10:57:06,233 [INFO] IPUIPlugin:80 - create IPUIPlugin
2025-12-25 10:57:06,233 [INFO] IPUIPlugin:80 - create IPUIPlugin
2025-12-25 10:57:06,234 [INFO] IPUIPlugin:80 - create IPUIPlugin
2025-12-25 10:57:06,234 [INFO] IPUIPlugin:80 - create IPUIPlugin
2025-12-25 10:57:06,234 [INFO] IPUIPlugin:80 - create IPUIPlugin
2025-12-25 10:57:06,235 [INFO] IPUIPlugin:80 - create IPUIPlugin
2025-12-25 10:57:06,237 [INFO] IPUIPlugin:80 - create IPUIPlugin
2025-12-25 10:57:06,238 [INFO] IPUIPlugin:80 - create IPUIPlugin
2025-12-25 10:57:06,239 [INFO] IPUIPlugin:80 - create IPUIPlugin
2025-12-25 10:57:06,239 [INFO] IPUIPlugin:80 - create IPUIPlugin
2025-12-25 10:57:06,240 [INFO] IPUIPlugin:80 - create IPUIPlugin
2025-12-25 10:57:06,240 [INFO] IPUIPlugin:80 - create IPUIPlugin
2025-12-25 10:57:06,240 [INFO] IPUIPlugin:80 - create IPUIPlugin
2025-12-25 10:57:06,241 [INFO] IPUIPlugin:80 - create IPUIPlugin
2025-12-25 10:57:06,242 [INFO] IPUIPlugin:80 - create IPUIPlugin
2025-12-25 10:57:06,370 [INFO] ApiDbMcu:532 - Load IP Config File for PDM2PCM
2025-12-25 10:57:06,696 [INFO] CADModel:165 - CPN selected for project levelSTM32F407VGT6
2025-12-25 10:57:06,697 [INFO] CADModel:114 - Register for checkConnection events
2025-12-25 10:57:06,763 [INFO] OpenFileManager:386 - Restore cursor
2025-12-25 10:57:07,757 [INFO] UtilMem:75 - End SaveConfig() Used Memory: 965239312 Bytes (1073741824)
2025-12-25 10:57:07,865 [INFO] UtilMem:75 - End SaveConfig() Used Memory: 984847408 Bytes (1073741824)
2025-12-25 10:57:09,027 [INFO] BlockDiagram:2775 - set Specific Code input for plugin: SYS
2025-12-25 10:57:09,027 [INFO] BlockDiagram:2775 - set Specific Code input for plugin: RCC
2025-12-25 10:57:09,027 [INFO] BlockDiagram:2775 - set Specific Code input for plugin: NVIC
2025-12-25 10:57:09,028 [INFO] BlockDiagram:2775 - set Specific Code input for plugin: GPIO
2025-12-25 10:57:09,030 [INFO] CodeGenerator:892 - code generatio: config db path: C:\ST\STM32CubeIDE_1.19.0\STM32CubeIDE\plugins\com.st.stm32cube.common.mx_6.15.0.202507011659\\db\
2025-12-25 10:57:09,291 [INFO] CodeEngine:265 - oldGeneratedFile, C:\Users\aditi\OneDrive\Desktop\Sunbeam_Internship\Internship_Practice_on_Board\buzzer\MXTmpFiles\license.tmp_save
2025-12-25 10:57:09,795 [INFO] CodeEngine:289 - Generated code: C:\Users\aditi\OneDrive\Desktop\Sunbeam_Internship\Internship_Practice_on_Board\buzzer\MXTmpFiles\license.tmp
2025-12-25 10:57:09,995 [INFO] CodeEngine:265 - oldGeneratedFile, C:\Users\aditi\OneDrive\Desktop\Sunbeam_Internship\Internship_Practice_on_Board\buzzer\MXTmpFiles\gpio.tmp_save
2025-12-25 10:57:10,285 [INFO] CodeEngine:289 - Generated code: C:\Users\aditi\OneDrive\Desktop\Sunbeam_Internship\Internship_Practice_on_Board\buzzer\MXTmpFiles\gpio.tmp
2025-12-25 10:57:10,394 [INFO] CodeEngine:265 - oldGeneratedFile, C:\Users\aditi\OneDrive\Desktop\Sunbeam_Internship\Internship_Practice_on_Board\buzzer\Core\Src\stm32f4xx_it.c_save
2025-12-25 10:57:10,632 [INFO] CodeEngine:289 - Generated code: C:\Users\aditi\OneDrive\Desktop\Sunbeam_Internship\Internship_Practice_on_Board\buzzer\Core\Src\stm32f4xx_it.c
2025-12-25 10:57:10,648 [INFO] CodeEngine:265 - oldGeneratedFile, C:\Users\aditi\OneDrive\Desktop\Sunbeam_Internship\Internship_Practice_on_Board\buzzer\Core\Inc\stm32f4xx_it.h_save
2025-12-25 10:57:10,795 [INFO] CodeEngine:289 - Generated code: C:\Users\aditi\OneDrive\Desktop\Sunbeam_Internship\Internship_Practice_on_Board\buzzer\Core\Inc\stm32f4xx_it.h
2025-12-25 10:57:10,833 [INFO] CodeEngine:265 - oldGeneratedFile, C:\Users\aditi\OneDrive\Desktop\Sunbeam_Internship\Internship_Practice_on_Board\buzzer\Core\Src\stm32f4xx_hal_msp.c_save
2025-12-25 10:57:11,110 [INFO] CodeEngine:289 - Generated code: C:\Users\aditi\OneDrive\Desktop\Sunbeam_Internship\Internship_Practice_on_Board\buzzer\Core\Src\stm32f4xx_hal_msp.c
2025-12-25 10:57:11,128 [INFO] CodeEngine:265 - oldGeneratedFile, C:\Users\aditi\OneDrive\Desktop\Sunbeam_Internship\Internship_Practice_on_Board\buzzer\MXTmpFiles\system.tmp_save
2025-12-25 10:57:11,256 [INFO] CodeEngine:289 - Generated code: C:\Users\aditi\OneDrive\Desktop\Sunbeam_Internship\Internship_Practice_on_Board\buzzer\MXTmpFiles\system.tmp
2025-12-25 10:57:11,305 [INFO] CodeEngine:321 - oldGeneratedFile, C:\Users\aditi\OneDrive\Desktop\Sunbeam_Internship\Internship_Practice_on_Board\buzzer\Core\Inc\stm32f4xx_hal_conf.h_save
2025-12-25 10:57:11,522 [INFO] CodeEngine:345 - Generated code: C:\Users\aditi\OneDrive\Desktop\Sunbeam_Internship\Internship_Practice_on_Board\buzzer\Core\Inc\stm32f4xx_hal_conf.h
2025-12-25 10:57:11,690 [INFO] ApiDbMcu:532 - Load IP Config File for RCC
2025-12-25 10:57:11,730 [INFO] CodeEngine:265 - oldGeneratedFile, C:\Users\aditi\OneDrive\Desktop\Sunbeam_Internship\Internship_Practice_on_Board\buzzer\Core\Inc\main.h_save
2025-12-25 10:57:11,907 [INFO] CodeEngine:289 - Generated code: C:\Users\aditi\OneDrive\Desktop\Sunbeam_Internship\Internship_Practice_on_Board\buzzer\Core\Inc\main.h
2025-12-25 10:57:11,925 [INFO] CodeEngine:265 - oldGeneratedFile, C:\Users\aditi\OneDrive\Desktop\Sunbeam_Internship\Internship_Practice_on_Board\buzzer\Core\Src\main.c_save
2025-12-25 10:57:12,144 [INFO] CodeEngine:289 - Generated code: C:\Users\aditi\OneDrive\Desktop\Sunbeam_Internship\Internship_Practice_on_Board\buzzer\Core\Src\main.c
2025-12-25 10:57:13,556 [INFO] ProjectBuilder:3606 - Time for Copy HAL[1] : 1217mS.
2025-12-25 10:57:13,578 [INFO] ProjectBuilder:5216 - Project Generator version: 4.7.0-B52
2025-12-25 10:57:13,664 [INFO] ConfigFileManager:1595 - The Die is : DIE413
2025-12-25 10:57:13,674 [INFO] ApiDbMcu:532 - Load IP Config File for FATFS
2025-12-25 10:57:13,680 [INFO] ApiDbMcu:532 - Load IP Config File for FREERTOS
2025-12-25 10:57:13,684 [INFO] ApiDbMcu:532 - Load IP Config File for LIBJPEG
2025-12-25 10:57:13,690 [INFO] ApiDbMcu:532 - Load IP Config File for LWIP
2025-12-25 10:57:13,696 [INFO] ApiDbMcu:532 - Load IP Config File for MBEDTLS
2025-12-25 10:57:13,705 [INFO] ApiDbMcu:532 - Load IP Config File for USB_DEVICE
2025-12-25 10:57:13,709 [INFO] ApiDbMcu:532 - Load IP Config File for USB_HOST
2025-12-25 10:57:14,475 [INFO] LogOutputStream:77 - [STDOUT_REDIRECT] 
2025-12-25 10:57:17,901 [INFO] ProjectBuilder:5496 - Time for Generating toolchain IDE Files: 4323mS.
2025-12-25 10:57:17,903 [INFO] ProjectBuilder:3463 - Time for Copy CMSIS : 1mS.
2025-12-25 10:57:17,911 [INFO] ProjectBuilder:3463 - Time for Copy CMSIS : 0mS.
2025-12-25 10:57:20,219 [INFO] McuFinderGlobals:76 - Set McuFinderConnectedMode to true
2025-12-25 10:57:20,225 [INFO] ApiDb:448 - Save user favorites file C:\Users\aditi/.stm32cubeide/favorites.mcus.txt: 0 item(s)
2025-12-25 10:57:20,226 [INFO] ApiDb:452 - User favorites MCUs=[]
2025-12-25 10:57:20,229 [INFO] ApiDb:448 - Save user favorites file C:\Users\aditi/.stm32cubeide/favorites.boards.txt: 1 item(s)
2025-12-25 10:57:20,229 [INFO] ApiDb:452 - User favorites Boards=[STM32F407G-DISC1]
2025-12-25 10:57:42,429 [INFO] UtilMem:75 - End SaveConfig() Used Memory: 968263672 Bytes (1073741824)
2025-12-25 10:57:43,404 [INFO] UtilMem:75 - End SaveConfig() Used Memory: 952499160 Bytes (1073741824)
2025-12-25 10:57:44,237 [INFO] BlockDiagram:2775 - set Specific Code input for plugin: SYS
2025-12-25 10:57:44,238 [INFO] BlockDiagram:2775 - set Specific Code input for plugin: RCC
2025-12-25 10:57:44,238 [INFO] BlockDiagram:2775 - set Specific Code input for plugin: NVIC
2025-12-25 10:57:44,238 [INFO] BlockDiagram:2775 - set Specific Code input for plugin: GPIO
2025-12-25 10:57:44,241 [INFO] CodeGenerator:892 - code generatio: config db path: C:\ST\STM32CubeIDE_1.19.0\STM32CubeIDE\plugins\com.st.stm32cube.common.mx_6.15.0.202507011659\\db\
2025-12-25 10:57:44,365 [INFO] CodeEngine:265 - oldGeneratedFile, C:\Users\aditi\OneDrive\Desktop\Sunbeam_Internship\Internship_Practice_on_Board\buzzer\MXTmpFiles\license.tmp_save
2025-12-25 10:57:44,486 [INFO] CodeEngine:289 - Generated code: C:\Users\aditi\OneDrive\Desktop\Sunbeam_Internship\Internship_Practice_on_Board\buzzer\MXTmpFiles\license.tmp
2025-12-25 10:57:44,525 [INFO] CodeEngine:265 - oldGeneratedFile, C:\Users\aditi\OneDrive\Desktop\Sunbeam_Internship\Internship_Practice_on_Board\buzzer\MXTmpFiles\gpio.tmp_save
2025-12-25 10:57:44,638 [INFO] CodeEngine:289 - Generated code: C:\Users\aditi\OneDrive\Desktop\Sunbeam_Internship\Internship_Practice_on_Board\buzzer\MXTmpFiles\gpio.tmp
2025-12-25 10:57:44,682 [INFO] CodeEngine:265 - oldGeneratedFile, C:\Users\aditi\OneDrive\Desktop\Sunbeam_Internship\Internship_Practice_on_Board\buzzer\Core\Src\stm32f4xx_it.c_save
2025-12-25 10:57:44,807 [INFO] CodeEngine:289 - Generated code: C:\Users\aditi\OneDrive\Desktop\Sunbeam_Internship\Internship_Practice_on_Board\buzzer\Core\Src\stm32f4xx_it.c
2025-12-25 10:57:44,829 [INFO] CodeEngine:265 - oldGeneratedFile, C:\Users\aditi\OneDrive\Desktop\Sunbeam_Internship\Internship_Practice_on_Board\buzzer\Core\Inc\stm32f4xx_it.h_save
2025-12-25 10:57:44,911 [INFO] CodeEngine:289 - Generated code: C:\Users\aditi\OneDrive\Desktop\Sunbeam_Internship\Internship_Practice_on_Board\buzzer\Core\Inc\stm32f4xx_it.h
2025-12-25 10:57:44,938 [INFO] CodeEngine:265 - oldGeneratedFile, C:\Users\aditi\OneDrive\Desktop\Sunbeam_Internship\Internship_Practice_on_Board\buzzer\Core\Src\stm32f4xx_hal_msp.c_save
2025-12-25 10:57:45,047 [INFO] CodeEngine:289 - Generated code: C:\Users\aditi\OneDrive\Desktop\Sunbeam_Internship\Internship_Practice_on_Board\buzzer\Core\Src\stm32f4xx_hal_msp.c
2025-12-25 10:57:45,062 [INFO] CodeEngine:265 - oldGeneratedFile, C:\Users\aditi\OneDrive\Desktop\Sunbeam_Internship\Internship_Practice_on_Board\buzzer\MXTmpFiles\system.tmp_save
2025-12-25 10:57:45,133 [INFO] CodeEngine:289 - Generated code: C:\Users\aditi\OneDrive\Desktop\Sunbeam_Internship\Internship_Practice_on_Board\buzzer\MXTmpFiles\system.tmp
2025-12-25 10:57:45,161 [INFO] CodeEngine:321 - oldGeneratedFile, C:\Users\aditi\OneDrive\Desktop\Sunbeam_Internship\Internship_Practice_on_Board\buzzer\Core\Inc\stm32f4xx_hal_conf.h_save
2025-12-25 10:57:45,259 [INFO] CodeEngine:345 - Generated code: C:\Users\aditi\OneDrive\Desktop\Sunbeam_Internship\Internship_Practice_on_Board\buzzer\Core\Inc\stm32f4xx_hal_conf.h
2025-12-25 10:57:45,301 [INFO] CodeEngine:265 - oldGeneratedFile, C:\Users\aditi\OneDrive\Desktop\Sunbeam_Internship\Internship_Practice_on_Board\buzzer\Core\Inc\main.h_save
2025-12-25 10:57:45,392 [INFO] CodeEngine:289 - Generated code: C:\Users\aditi\OneDrive\Desktop\Sunbeam_Internship\Internship_Practice_on_Board\buzzer\Core\Inc\main.h
2025-12-25 10:57:45,411 [INFO] CodeEngine:265 - oldGeneratedFile, C:\Users\aditi\OneDrive\Desktop\Sunbeam_Internship\Internship_Practice_on_Board\buzzer\Core\Src\main.c_save
2025-12-25 10:57:45,535 [INFO] CodeEngine:289 - Generated code: C:\Users\aditi\OneDrive\Desktop\Sunbeam_Internship\Internship_Practice_on_Board\buzzer\Core\Src\main.c
2025-12-25 10:57:46,948 [INFO] ProjectBuilder:3606 - Time for Copy HAL[1] : 1250mS.
2025-12-25 10:57:46,958 [INFO] ProjectBuilder:5216 - Project Generator version: 4.7.0-B52
2025-12-25 10:57:47,012 [INFO] ConfigFileManager:1595 - The Die is : DIE413
2025-12-25 10:57:48,217 [INFO] ProjectBuilder:5496 - Time for Generating toolchain IDE Files: 1259mS.
2025-12-25 10:57:48,218 [INFO] ProjectBuilder:3463 - Time for Copy CMSIS : 1mS.
2025-12-25 10:57:48,229 [INFO] ProjectBuilder:3463 - Time for Copy CMSIS : 0mS.
2025-12-25 11:08:12,712 [INFO] WebApp:194 - Connection lost
2025-12-25 11:08:13,211 [INFO] WebApp:191 - Connection restablished
2025-12-25 11:08:42,091 [INFO] MainUpdater:2872 - connection check result : 10
2025-12-25 11:08:42,308 [INFO] McuFinderGlobals:76 - Set McuFinderConnectedMode to true
2025-12-25 11:08:42,309 [INFO] MultiScanPanel:200 - Auto-refresh data requested => check proxy status ongoing
2025-12-25 11:08:42,309 [INFO] FinderPluginLoader:96 - Searching for filters in installed packs
2025-12-25 11:08:44,598 [INFO] LoadUrlFilesThread:185 - End of LoadServerUrlFiles without Thread
2025-12-25 11:08:44,599 [INFO] DetailPanel:341 - Set advertising image to C:/Users/aditi/STM32Cube/Repository/\en.prom-st67w-expansion-board.png
2025-12-25 11:08:50,414 [INFO] MultiScanPanel:200 - Auto-refresh data requested => check proxy status ongoing
2025-12-25 11:08:50,574 [INFO] LoadUrlFilesThread:185 - End of LoadServerUrlFiles without Thread
2025-12-25 11:08:50,575 [INFO] DetailPanel:341 - Set advertising image to C:/Users/aditi/STM32Cube/Repository/\en.prom-st67w-expansion-board.png
2025-12-25 11:09:17,659 [INFO] MainUpdater:2872 - connection check result : 10
2025-12-25 11:09:17,662 [INFO] MainUpdater:2872 - connection check result : 10
2025-12-25 11:09:18,193 [INFO] MicroXplorer:468 - Change Database Path : 
2025-12-25 11:09:18,193 [INFO] MicroXplorer:498 - Change Database Version : DB.6.0.150
2025-12-25 11:09:18,321 [ERROR] ProjectManagerView:395 - 
java.lang.NullPointerException: Cannot invoke "javax.swing.JTextField.getText()" because the return value of "java.util.List.get(int)" is null
	at com.st.microxplorer.plugins.projectmanager.gui.ProjectChoiceTab$9.caretUpdate(ProjectChoiceTab.java:2706) ~[filemanager.jar:?]
	at javax.swing.text.JTextComponent.fireCaretUpdate(JTextComponent.java:408) ~[?:?]
	at javax.swing.text.JTextComponent$MutableCaretEvent.fire(JTextComponent.java:4484) ~[?:?]
	at javax.swing.text.JTextComponent$MutableCaretEvent.stateChanged(JTextComponent.java:4506) ~[?:?]
	at javax.swing.text.DefaultCaret.fireStateChanged(DefaultCaret.java:857) ~[?:?]
	at javax.swing.text.DefaultCaret.changeCaretPosition(DefaultCaret.java:1343) ~[?:?]
	at javax.swing.text.DefaultCaret.handleSetDot(DefaultCaret.java:1242) ~[?:?]
	at javax.swing.text.DefaultCaret.setDot(DefaultCaret.java:1223) ~[?:?]
	at javax.swing.text.DefaultCaret$Handler.insertUpdate(DefaultCaret.java:1819) ~[?:?]
	at javax.swing.text.AbstractDocument.fireInsertUpdate(AbstractDocument.java:227) ~[?:?]
	at javax.swing.text.AbstractDocument.handleInsertString(AbstractDocument.java:781) ~[?:?]
	at javax.swing.text.AbstractDocument.insertString(AbstractDocument.java:740) ~[?:?]
	at javax.swing.text.PlainDocument.insertString(PlainDocument.java:131) ~[?:?]
	at javax.swing.text.AbstractDocument.replace(AbstractDocument.java:699) ~[?:?]
	at javax.swing.text.JTextComponent.setText(JTextComponent.java:1725) ~[?:?]
	at com.st.microxplorer.plugins.projectmanager.gui.ProjectChoiceTab.createHeapStackFields(ProjectChoiceTab.java:993) ~[filemanager.jar:?]
	at com.st.microxplorer.plugins.projectmanager.gui.ProjectChoiceTab.buildLinkSettingsPanel(ProjectChoiceTab.java:3813) ~[filemanager.jar:?]
	at com.st.microxplorer.plugins.projectmanager.gui.ProjectChoiceTab.defineWindowsFields(ProjectChoiceTab.java:1987) ~[filemanager.jar:?]
	at com.st.microxplorer.plugins.projectmanager.gui.ProjectChoiceTab.updateSettings(ProjectChoiceTab.java:558) ~[filemanager.jar:?]
	at com.st.microxplorer.plugins.projectmanager.gui.ProjectSettingsPanel.UpdateDialog(ProjectSettingsPanel.java:247) ~[filemanager.jar:?]
	at com.st.microxplorer.plugins.projectmanager.ProjectManagerView.propertyChange(ProjectManagerView.java:392) ~[filemanager.jar:?]
	at java.beans.PropertyChangeSupport.fire(PropertyChangeSupport.java:343) ~[?:?]
	at java.beans.PropertyChangeSupport.firePropertyChange(PropertyChangeSupport.java:335) ~[?:?]
	at java.beans.PropertyChangeSupport.firePropertyChange(PropertyChangeSupport.java:268) ~[?:?]
	at com.st.microxplorer.util.MXPropertyChangeSupport.firePropertyChange(MXPropertyChangeSupport.java:54) ~[STM32CubeMX.jar:?]
	at com.st.microxplorer.mxsystem.MxSystem.closeConfig(MxSystem.java:899) ~[STM32CubeMX.jar:?]
	at com.st.microxplorer.maingui.MainPanel.closeConfig(MainPanel.java:792) ~[STM32CubeMX.jar:?]
	at com.st.microxplorer.plugins.filemanager.engine.OpenFileManager.loadConfigurationFile(OpenFileManager.java:288) ~[filemanager.jar:?]
	at com.st.microxplorer.plugins.filemanager.engine.MainFileManager.userLoadConfig(MainFileManager.java:364) ~[filemanager.jar:?]
	at com.st.microxplorer.plugins.filemanager.FileManagerView.getSpecificTask(FileManagerView.java:268) ~[filemanager.jar:?]
	at com.st.stm32cube.common.mx.editor.CubeMxEditor.getMxTabbedPaneInstance(CubeMxEditor.java:1191) ~[com.st.stm32cube.common.mx_6.15.0.202507011659/:?]
	at com.st.stm32cube.common.mx.editor.CubeMxEditor$12$1.createSwingComponent(CubeMxEditor.java:1068) ~[com.st.stm32cube.common.mx_6.15.0.202507011659/:?]
	at com.st.stm32cube.common.mx.oss.core.awtswtbridge.EmbeddedSwingComposite.doComponentCreation(EmbeddedSwingComposite.java:492) ~[com.st.stm32cube.common.mx.oss_6.15.0.202507011659/:?]
	at com.st.stm32cube.common.mx.oss.core.awtswtbridge.EmbeddedSwingComposite$4.run(EmbeddedSwingComposite.java:291) ~[com.st.stm32cube.common.mx.oss_6.15.0.202507011659/:?]
	at com.st.stm32cube.common.mx.oss.core.awtswtbridge.AwtEnvironment$2.run(AwtEnvironment.java:166) ~[com.st.stm32cube.common.mx.oss_6.15.0.202507011659/:?]
	at java.awt.event.InvocationEvent.dispatch(InvocationEvent.java:318) ~[?:?]
	at java.awt.EventQueue.dispatchEventImpl(EventQueue.java:773) ~[?:?]
	at java.awt.EventQueue$4.run(EventQueue.java:720) ~[?:?]
	at java.awt.EventQueue$4.run(EventQueue.java:714) ~[?:?]
	at java.security.AccessController.doPrivileged(AccessController.java:400) ~[?:?]
	at java.security.ProtectionDomain$JavaSecurityAccessImpl.doIntersectionPrivilege(ProtectionDomain.java:87) ~[?:?]
	at java.awt.EventQueue.dispatchEvent(EventQueue.java:742) ~[?:?]
	at java.awt.EventDispatchThread.pumpOneEventForFilters(EventDispatchThread.java:203) ~[?:?]
	at java.awt.EventDispatchThread.pumpEventsForFilter(EventDispatchThread.java:124) ~[?:?]
	at java.awt.EventDispatchThread.pumpEventsForHierarchy(EventDispatchThread.java:113) ~[?:?]
	at java.awt.EventDispatchThread.pumpEvents(EventDispatchThread.java:109) ~[?:?]
	at java.awt.EventDispatchThread.pumpEvents(EventDispatchThread.java:101) ~[?:?]
	at java.awt.EventDispatchThread.run(EventDispatchThread.java:90) ~[?:?]
2025-12-25 11:09:18,356 [WARN] ThirdParty:871 - waiting for thirdparty lock release [close project]
2025-12-25 11:09:18,356 [INFO] ThirdParty:873 - entering critical section [close project]
2025-12-25 11:09:18,356 [INFO] ThirdParty:883 - exiting critical section [close project]
2025-12-25 11:09:18,362 [INFO] PinOutPanel:1589 - setPackage(No Configuration,No Configuration)
2025-12-25 11:09:18,416 [WARN] IpParametersView:155 - Warning: This peripheral hasn't parameters
2025-12-25 11:09:18,484 [WARN] MainPanel:289 - <html><b><center>Warning: This peripheral has no parameters to be configured<br></b></html>
2025-12-25 11:09:18,512 [INFO] UtilMem:75 - Begin LoadConfig() Used Memory: 756452696 Bytes (1073741824)
2025-12-25 11:09:18,513 [INFO] OpenFileManager:355 - Change cursor
2025-12-25 11:09:18,578 [INFO] RulesReader:64 - Compatibility file has been processed (317 Rules)
2025-12-25 11:09:18,597 [INFO] ProjectFactory:514 - No CPN specified for board STM32F407G-DISC1 => set CPN to STM32F407VGT6
2025-12-25 11:09:18,597 [INFO] Mcu:2029 - Initializing MCU STM32F407V(E-G)Tx STM32F407VGTx STM32F407VGT6
2025-12-25 11:09:21,237 [INFO] Context:786 - Trying to add GPIOservice into a context  which must be forbidden
2025-12-25 11:09:22,126 [INFO] Rule:233 - rule 117617 - U5Cobra4M][GTZC] default value MPCBB3 and MPCBB5 - Not Secured memory - MPCBB1 is applicable
2025-12-25 11:09:22,126 [INFO] Rule:233 - rule 117617 - U5Cobra4M][GTZC] default value MPCBB3 and MPCBB5 - Not Secured memory - MPCBB1 is applicable
2025-12-25 11:09:22,126 [INFO] Rule:233 - rule 117617 - U5Cobra4M][GTZC] default value MPCBB3 and MPCBB5 - Not Secured memory - MPCBB2 is applicable
2025-12-25 11:09:22,127 [INFO] Rule:233 - rule 117617 - U5Cobra4M][GTZC] default value MPCBB3 and MPCBB5 - Not Secured memory - MPCBB2 is applicable
2025-12-25 11:09:22,127 [INFO] Rule:233 - rule 117617 - U5Cobra4M][GTZC] default value MPCBB3 and MPCBB5 - Not Secured memory - MPCBB3 is applicable
2025-12-25 11:09:22,127 [INFO] Rule:233 - rule 117617 - U5Cobra4M][GTZC] default value MPCBB3 and MPCBB5 - Not Secured memory - MPCBB3 is applicable
2025-12-25 11:09:22,127 [INFO] Rule:233 - rule 117617 - U5Cobra4M][GTZC] default value MPCBB3 and MPCBB5 - Not Secured memory - MPCBB4 is applicable
2025-12-25 11:09:22,128 [INFO] Rule:233 - rule 117617 - U5Cobra4M][GTZC] default value MPCBB3 and MPCBB5 - Not Secured memory - MPCBB4 is applicable
2025-12-25 11:09:22,128 [INFO] Rule:233 - rule 117617 - U5Cobra4M][GTZC] default value MPCBB3 and MPCBB5 - Secured memory - MPCBB1 is applicable
2025-12-25 11:09:22,128 [INFO] Rule:233 - rule 117617 - U5Cobra4M][GTZC] default value MPCBB3 and MPCBB5 - Secured memory - MPCBB2 is applicable
2025-12-25 11:09:22,128 [INFO] Rule:233 - rule 117617 - U5Cobra4M][GTZC] default value MPCBB3 and MPCBB5 - Secured memory - MPCBB3 is applicable
2025-12-25 11:09:22,128 [INFO] Rule:233 - rule 117617 - U5Cobra4M][GTZC] default value MPCBB3 and MPCBB5 - Secured memory - MPCBB4 is applicable
2025-12-25 11:09:22,128 [INFO] Rule:233 - rule 117617 - U5Cobra4M][GTZC] default value MPCBB3 and MPCBB5 - Privileged memory - MPCBB1 is applicable
2025-12-25 11:09:22,128 [INFO] Rule:233 - rule 117617 - U5Cobra4M][GTZC] default value MPCBB3 and MPCBB5 - Privileged memory - MPCBB2 is applicable
2025-12-25 11:09:22,128 [INFO] Rule:233 - rule 117617 - U5Cobra4M][GTZC] default value MPCBB3 and MPCBB5 - Privileged memory - MPCBB3 is applicable
2025-12-25 11:09:22,128 [INFO] Rule:233 - rule 117617 - U5Cobra4M][GTZC] default value MPCBB3 and MPCBB5 - Privileged memory - MPCBB4 is applicable
2025-12-25 11:09:22,128 [INFO] Rule:233 - rule 117617 - U5Cobra4M][GTZC] default value MPCBB3 and MPCBB5 - Not Privileged memory - MPCBB1 is applicable
2025-12-25 11:09:22,128 [INFO] Rule:233 - rule 117617 - U5Cobra4M][GTZC] default value MPCBB3 and MPCBB5 - Not Privileged memory - MPCBB2 is applicable
2025-12-25 11:09:22,128 [INFO] Rule:233 - rule 117617 - U5Cobra4M][GTZC] default value MPCBB3 and MPCBB5 - Not Privileged memory - MPCBB3 is applicable
2025-12-25 11:09:22,128 [INFO] Rule:233 - rule 117617 - U5Cobra4M][GTZC] default value MPCBB3 and MPCBB5 - Not Privileged memory - MPCBB4 is applicable
2025-12-25 11:09:22,128 [INFO] Rule:233 - rule 117617 - U5Cobra4M][GTZC] default value MPCBB3 and MPCBB5 - Privileged memory - MPCBB1 is applicable
2025-12-25 11:09:22,128 [INFO] Rule:233 - rule 117617 - U5Cobra4M][GTZC] default value MPCBB3 and MPCBB5 - Privileged memory - MPCBB2 is applicable
2025-12-25 11:09:22,129 [INFO] Rule:233 - rule 117617 - U5Cobra4M][GTZC] default value MPCBB3 and MPCBB5 - Privileged memory - MPCBB3 is applicable
2025-12-25 11:09:22,129 [INFO] Rule:233 - rule 117617 - U5Cobra4M][GTZC] default value MPCBB3 and MPCBB5 - Privileged memory - MPCBB4 is applicable
2025-12-25 11:09:22,129 [INFO] Rule:233 - rule 117617 - U5Cobra4M][GTZC] default value MPCBB3 and MPCBB5 - Privileged memory - MPCBB1 is applicable
2025-12-25 11:09:22,129 [INFO] Rule:233 - rule 117617 - U5Cobra4M][GTZC] default value MPCBB3 and MPCBB5 - Privileged memory - MPCBB2 is applicable
2025-12-25 11:09:22,129 [INFO] Rule:233 - rule 117617 - U5Cobra4M][GTZC] default value MPCBB3 and MPCBB5 - Privileged memory - MPCBB3 is applicable
2025-12-25 11:09:22,129 [INFO] Rule:233 - rule 117617 - U5Cobra4M][GTZC] default value MPCBB3 and MPCBB5 - Privileged memory - MPCBB4 is applicable
2025-12-25 11:09:22,129 [INFO] Rule:233 - rule 117617 - U5Cobra4M][GTZC] default value MPCBB3 and MPCBB5 - Not Privileged memory - MPCBB1 is applicable
2025-12-25 11:09:22,129 [INFO] Rule:233 - rule 117617 - U5Cobra4M][GTZC] default value MPCBB3 and MPCBB5 - Not Privileged memory - MPCBB2 is applicable
2025-12-25 11:09:22,129 [INFO] Rule:233 - rule 117617 - U5Cobra4M][GTZC] default value MPCBB3 and MPCBB5 - Not Privileged memory - MPCBB3 is applicable
2025-12-25 11:09:22,129 [INFO] Rule:233 - rule 117617 - U5Cobra4M][GTZC] default value MPCBB3 and MPCBB5 - Not Privileged memory - MPCBB4 is applicable
2025-12-25 11:09:22,129 [INFO] Rule:233 - rule 117617 - U5Cobra4M][GTZC] default value MPCBB3 and MPCBB5 - Privileged memory - MPCBB1 is applicable
2025-12-25 11:09:22,129 [INFO] Rule:233 - rule 117617 - U5Cobra4M][GTZC] default value MPCBB3 and MPCBB5 - Privileged memory - MPCBB2 is applicable
2025-12-25 11:09:22,129 [INFO] Rule:233 - rule 117617 - U5Cobra4M][GTZC] default value MPCBB3 and MPCBB5 - Privileged memory - MPCBB3 is applicable
2025-12-25 11:09:22,129 [INFO] Rule:233 - rule 117617 - U5Cobra4M][GTZC] default value MPCBB3 and MPCBB5 - Privileged memory - MPCBB4 is applicable
2025-12-25 11:09:22,130 [INFO] Rule:233 - rule Rename SubGHz_Phy SUBGHZ_APPLICATION SUBGHZ_PINGPONG to SUBGHZ_ADV_APPLICATION is applicable
2025-12-25 11:09:22,130 [INFO] Rule:233 - rule Rename Enabled to IBEACON is applicable
2025-12-25 11:09:22,130 [INFO] Rule:233 - rule GTZC_S instance for project manager is applicable
2025-12-25 11:09:22,130 [INFO] Rule:233 - rule GTZC_S instance for context M33S is applicable
2025-12-25 11:09:22,130 [INFO] Rule:233 - rule GTZC_S instance value for IP GTZC is applicable
2025-12-25 11:09:22,130 [INFO] Rule:233 - rule GTZC_S instance for mcu.IP is applicable
2025-12-25 11:09:22,130 [INFO] Rule:233 - rule GTZC_S instance for VP is applicable
2025-12-25 11:09:22,130 [INFO] Rule:233 - rule GTZC_S instance for signal is applicable
2025-12-25 11:09:22,130 [INFO] Rule:233 - rule GTZC_S instance for mcu.Pin is applicable
2025-12-25 11:09:22,130 [INFO] Rule:233 - rule GTZC_S instance for VP is applicable
2025-12-25 11:09:22,130 [INFO] Rule:233 - rule GTZC_S instance for signal is applicable
2025-12-25 11:09:22,130 [INFO] Rule:233 - rule GTZC_S instance for mcu is applicable
2025-12-25 11:09:22,130 [INFO] Rule:233 - rule GTZC_S instance for mcu.Pin is applicable
2025-12-25 11:09:22,130 [INFO] Rule:233 - rule GTZC_S instance value for IP GTZC is applicable
2025-12-25 11:09:22,130 [INFO] Rule:233 - rule GTZC_S instance for project manager is applicable
2025-12-25 11:09:22,130 [INFO] Rule:233 - rule GTZC_S instance for context M33S is applicable
2025-12-25 11:09:22,130 [INFO] Rule:233 - rule GTZC_S instance for VP is applicable
2025-12-25 11:09:22,131 [INFO] Rule:233 - rule GTZC_S instance for signal is applicable
2025-12-25 11:09:22,131 [INFO] Rule:233 - rule SPDIFRX instance for mcu is applicable
2025-12-25 11:09:22,131 [INFO] Rule:233 - rule Rename Tracer Mode is applicable
2025-12-25 11:09:22,131 [INFO] Rule:233 - rule SPDIFRX instance value for IP SPDIFRX is applicable
2025-12-25 11:09:22,131 [INFO] Rule:233 - rule SPDIFRX instance for signal is applicable
2025-12-25 11:09:22,131 [INFO] Rule:233 - rule SPDIFRX instance for project manager is applicable
2025-12-25 11:09:22,131 [INFO] Rule:233 - rule SPDIFRX instance for project manager is applicable
2025-12-25 11:09:22,131 [INFO] Rule:233 - rule ADC Scan  fix with FW F7 is applicable
2025-12-25 11:09:22,131 [INFO] Rule:233 - rule ADC Scan  fix with FW F7 is applicable
2025-12-25 11:09:22,132 [INFO] Rule:233 - rule WakeUp0 Mode is applicable
2025-12-25 11:09:22,132 [INFO] Rule:233 - rule WakeUp0 SIGNAL is applicable
2025-12-25 11:09:22,132 [INFO] Rule:233 - rule WakeUp1 Mode is applicable
2025-12-25 11:09:22,132 [INFO] Rule:233 - rule WakeUp1 SIGNAL is applicable
2025-12-25 11:09:22,132 [INFO] Rule:233 - rule WakeUp2 Mode is applicable
2025-12-25 11:09:22,132 [INFO] Rule:233 - rule WakeUp2 SIGNAL is applicable
2025-12-25 11:09:22,132 [INFO] Rule:233 - rule WakeUp4 Mode is applicable
2025-12-25 11:09:22,132 [INFO] Rule:233 - rule WakeUp4 SIGNAL is applicable
2025-12-25 11:09:22,132 [INFO] Rule:233 - rule WakeUp5 Mode is applicable
2025-12-25 11:09:22,132 [INFO] Rule:233 - rule WakeUp5 SIGNAL is applicable
2025-12-25 11:09:22,132 [INFO] Rule:233 - rule UART/USART WORD LENGTH 7 is applicable
2025-12-25 11:09:22,132 [INFO] Rule:233 - rule UART/USART WORD LENGTH 8 is applicable
2025-12-25 11:09:22,132 [INFO] Rule:233 - rule UART/USART WORD LENGTH 9 is applicable
2025-12-25 11:09:22,132 [INFO] Rule:233 - rule Change Default Value for LSE Drive Capability for WB family is applicable
2025-12-25 11:09:22,132 [INFO] Rule:233 - rule Change Default Value for ADC Clock Prescaler G0 family is applicable
2025-12-25 11:09:22,133 [INFO] Rule:233 - rule ADC SamplingTime fix with FW L0  is applicable
2025-12-25 11:09:22,133 [INFO] Rule:233 - rule ADC SamplingTime fix with FW L0  is applicable
2025-12-25 11:09:22,133 [INFO] Rule:233 - rule ADC SamplingTime fix with FW L0 is applicable
2025-12-25 11:09:22,133 [INFO] Rule:233 - rule ADC SamplingTime fix with FW L0 is applicable
2025-12-25 11:09:22,133 [INFO] Rule:233 - rule ADC SamplingTime fix with FW L0  is applicable
2025-12-25 11:09:22,133 [INFO] Rule:233 - rule ADC SamplingTime fix with FW L0 is applicable
2025-12-25 11:09:22,133 [INFO] Rule:233 - rule Rename USB_OE Signal is applicable
2025-12-25 11:09:22,133 [INFO] Rule:233 - rule Rename Activate_OE Mode is applicable
2025-12-25 11:09:22,133 [INFO] Rule:233 - rule Rename DIE462/DIE415 pin PC14/OSC32_IN -> PC14-OSC32_IN (PC14) is applicable
2025-12-25 11:09:22,133 [INFO] Rule:233 - rule Rename DIE462/DIE415 pin PC15/OSC32_OUT -> PC15-OSC32_OUT (PC15) is applicable
2025-12-25 11:09:22,133 [INFO] Rule:233 - rule Rename DIE462/DIE415 pin PH0/OSC_IN -> PH0-OSC_IN (PH0) is applicable
2025-12-25 11:09:22,133 [INFO] Rule:233 - rule Rename DIE462/DIE415 pin PH1/OSC_OUT -> PH1-OSC_OUT (PH1) is applicable
2025-12-25 11:09:22,133 [INFO] Rule:233 - rule Rename DIE462 pin PA13 -> PA13 (JTMS/SWDIO) is applicable
2025-12-25 11:09:22,133 [INFO] Rule:233 - rule Rename DIE415 pin PA13 -> PA13 (JTMS/SWDIO) is applicable
2025-12-25 11:09:22,133 [INFO] Rule:233 - rule Rename DIE462 pin PA14 -> PA14 (JTCK/SWCLK) is applicable
2025-12-25 11:09:22,134 [INFO] Rule:233 - rule Rename DIE415 pin PA14 -> PA14 (JTCK/SWCLK) is applicable
2025-12-25 11:09:22,135 [INFO] Rule:233 - rule Rename DIE462/DIE415 pin PA15 -> PA15 (JTDI) is applicable
2025-12-25 11:09:22,135 [INFO] Rule:233 - rule Rename DIE462 pin PB3 -> PB3 (JTD0/TRACESWO) is applicable
2025-12-25 11:09:22,135 [INFO] Rule:233 - rule Rename DIE415 pin PB3 -> PB3 (JTD0-TRACESWO) is applicable
2025-12-25 11:09:22,136 [INFO] Rule:233 - rule Rename DIE462/DIE415 pin PB4 -> PB4 (NJTRST) is applicable
2025-12-25 11:09:22,136 [INFO] Rule:233 - rule Rename DIE462 pin PH3/BOOT0 -> PH3-BOOT0 (BOOT0) is applicable
2025-12-25 11:09:22,136 [INFO] Rule:233 - rule Rename CRYP DataEncryptionTypesList to Algorithm is applicable
2025-12-25 11:09:22,136 [INFO] Rule:233 - rule Rename AES DataEncryptionTypesList to Algorithm is applicable
2025-12-25 11:09:22,136 [INFO] Rule:233 - rule Rename TDESECB to CRYP_TDES_ECB is applicable
2025-12-25 11:09:22,136 [INFO] Rule:233 - rule Rename TDESCBC to CRYP_TDES_CBC is applicable
2025-12-25 11:09:22,137 [INFO] Rule:233 - rule Rename DESECB to CRYP_DES_ECB is applicable
2025-12-25 11:09:22,137 [INFO] Rule:233 - rule Rename DESCBC to CRYP_DES_CBC is applicable
2025-12-25 11:09:22,137 [INFO] Rule:233 - rule Rename AESECB to CRYP_AES_ECB is applicable
2025-12-25 11:09:22,137 [INFO] Rule:233 - rule Rename AESCBC to CRYP_AES_CBC is applicable
2025-12-25 11:09:22,137 [INFO] Rule:233 - rule Rename AESCTR to CRYP_AES_CTR is applicable
2025-12-25 11:09:22,137 [INFO] Rule:233 - rule Rename AESGCM to CRYP_AES_GCM is applicable
2025-12-25 11:09:22,137 [INFO] Rule:233 - rule Rename AESCCM to CRYP_AES_CCM is applicable
2025-12-25 11:09:22,137 [INFO] Rule:233 - rule Rename CAN TimeSeg1 to BS1 is applicable
2025-12-25 11:09:22,137 [INFO] Rule:233 - rule Rename CAN TimeSeg2 to BS2 is applicable
2025-12-25 11:09:22,137 [INFO] Rule:233 - rule Rename CAN SyncJumpWidth to SJW is applicable
2025-12-25 11:09:22,137 [INFO] Rule:233 - rule TimeTriggeredMode to TTCM is applicable
2025-12-25 11:09:22,137 [INFO] Rule:233 - rule Rename CAN AutoBusOff to ABOM is applicable
2025-12-25 11:09:22,137 [INFO] Rule:233 - rule Rename CAN AutoWakeUp to AWUM is applicable
2025-12-25 11:09:22,137 [INFO] Rule:233 - rule Rename CAN AutoRetransmission to NART is applicable
2025-12-25 11:09:22,137 [INFO] Rule:233 - rule Rename CAN ReceiveFifoLocked to RFLM is applicable
2025-12-25 11:09:22,137 [INFO] Rule:233 - rule Rename CAN TransmitFifoPriority to TXFP is applicable
2025-12-25 11:09:22,137 [INFO] Rule:233 - rule Rename HRTIMER HRTIM_OUTPUTFAULTLEVEL_HIGH in HRTIMER HRTIM_OUTPUTFAULTLEVEL_HIGHZ is applicable
2025-12-25 11:09:22,137 [INFO] Rule:233 - rule Rename TIMER TIM_CLEARINPUTSOURCE_OCREFCLR in  TIMER TIM_CLEARINPUTSOURCE_NONE for F7 family is applicable
2025-12-25 11:09:22,137 [INFO] Rule:233 - rule FDCAN_R1 - Rename FDCAN mode Master into Classic is applicable
2025-12-25 11:09:22,137 [INFO] Rule:233 - rule FDCAN_R2 - Rename FDCAN mode Slave into Classic is applicable
2025-12-25 11:09:22,137 [INFO] Rule:233 - rule FDCAN1_R3 - if PA10.Mode=FullDuplex, add Pin PA12 is applicable
2025-12-25 11:09:22,137 [INFO] Rule:233 - rule FDCAN1_R3 - if PA9.Mode=FullDuplex, add Pin PA11 is applicable
2025-12-25 11:09:22,137 [INFO] Rule:233 - rule FDCAN1_R3 - Alternatepin_1 - if PE1.Mode=FullDuplex, add Pin PB9 is applicable
2025-12-25 11:09:22,137 [INFO] Rule:233 - rule FDCAN1_R3 - Alternatepin_1 - if PE0.Mode=FullDuplex, add Pin PB8 is applicable
2025-12-25 11:09:22,138 [INFO] Rule:233 - rule FDCAN1_R3 - Alternatepin_2 - if PD5.Mode=FullDuplex, add Pin PD1 is applicable
2025-12-25 11:09:22,138 [INFO] Rule:233 - rule FDCAN1_R3 - Alternatepin_2 - if PD4.Mode=FullDuplex, add Pin PD0 is applicable
2025-12-25 11:09:22,138 [INFO] Rule:233 - rule FDCAN1_R4 - Rename Mode FullDuplex into Enable FDCAN_TXFD for pin PA10 is applicable
2025-12-25 11:09:22,138 [INFO] Rule:233 - rule FDCAN1_R4 - Rename Mode FullDuplex into Enable FDCAN_TXFD for pin PA9 is applicable
2025-12-25 11:09:22,138 [INFO] Rule:233 - rule FDCAN1_R4 - Alternatepin_1 - Rename Mode FullDuplex into Enable FDCAN_TXFD for pin PE1 is applicable
2025-12-25 11:09:22,138 [INFO] Rule:233 - rule FDCAN1_R4 - Alternatepin_1 - Rename Mode FullDuplex into Enable FDCAN_TXFD for pin PE0 is applicable
2025-12-25 11:09:22,138 [INFO] Rule:233 - rule FDCAN1_R4 - Alternatepin_2 - Rename Mode FullDuplex into Enable FDCAN_TXFD for pin PD5 is applicable
2025-12-25 11:09:22,138 [INFO] Rule:233 - rule FDCAN1_R4 - Alternatepin_2 - Rename Mode FullDuplex into Enable FDCAN_TXFD for pin PD4 is applicable
2025-12-25 11:09:22,138 [INFO] Rule:233 - rule FDCAN2_R3 - if PD10.Mode=FullDuplex, add Pin PB13 is applicable
2025-12-25 11:09:22,138 [INFO] Rule:233 - rule FDCAN2_R3 - if PD9.Mode=FullDuplex, add Pin PB12 is applicable
2025-12-25 11:09:22,138 [INFO] Rule:233 - rule FDCAN2_R3 - Alternatepin_1 - if PB7.Mode=FullDuplex, add Pin PB6 is applicable
2025-12-25 11:09:22,138 [INFO] Rule:233 - rule FDCAN2_R3 - Alternatepin_1 - if PD9.Mode=FullDuplex, add Pin PB12 is applicable
2025-12-25 11:09:22,138 [INFO] Rule:233 - rule FDCAN2_R4 - Rename Mode FullDuplex into Enable FDCAN_TXFD for pin PD10 is applicable
2025-12-25 11:09:22,138 [INFO] Rule:233 - rule FDCAN2_R4 - Rename Mode FullDuplex into Enable FDCAN_TXFD for pin PD9 is applicable
2025-12-25 11:09:22,138 [INFO] Rule:233 - rule FDCAN2_R4 - Alternatepin_1 - Rename Mode FullDuplex into Enable FDCAN_TXFD for pin PB7 is applicable
2025-12-25 11:09:22,138 [INFO] Rule:233 - rule FDCAN2_R4 - Alternatepin_1 - Rename Mode FullDuplex into Enable FDCAN_TXFD for pin PD6 is applicable
2025-12-25 11:09:22,138 [INFO] Rule:233 - rule USART TxPinLevelInvertParam Mode is applicable
2025-12-25 11:09:22,138 [INFO] Rule:233 - rule USART RxPinLevelInvertParam Mode is applicable
2025-12-25 11:09:22,138 [INFO] Rule:233 - rule USART DataInvertParam Mode is applicable
2025-12-25 11:09:22,138 [INFO] Rule:233 - rule USART SwapParam Mode is applicable
2025-12-25 11:09:22,138 [INFO] Rule:233 - rule USART OverrunDisableParam Mode is applicable
2025-12-25 11:09:22,138 [INFO] Rule:233 - rule USART DMADisableonRxErrorParam Mode is applicable
2025-12-25 11:09:22,138 [INFO] Rule:233 - rule USART MSBFirstParam Mode is applicable
2025-12-25 11:09:22,138 [INFO] Rule:233 - rule Update MwName for USB_DEVICE is applicable
2025-12-25 11:09:22,138 [INFO] Rule:233 - rule Change PWR_Regulator_Voltage_Scale Default Value for RCC  H7 family is applicable
2025-12-25 11:09:22,138 [INFO] Rule:233 - rule UART/USART IPParameter rename Prescaler parameter to ClockPrescaler is applicable
2025-12-25 11:09:22,138 [INFO] Rule:233 - rule UART/USART Prescaler rename Prescaler parameter to ClockPrescaler is applicable
2025-12-25 11:09:22,139 [INFO] Rule:233 - rule TIM1CLockSelection is applicable
2025-12-25 11:09:22,139 [INFO] Rule:233 - rule TIM15CLockSelection is applicable
2025-12-25 11:09:22,139 [INFO] Rule:233 - rule align RCC SDMMC3CLockSelection default value on MP1 is applicable
2025-12-25 11:09:22,139 [INFO] Rule:233 - rule align RCC SDMMC12CLockSelection default value on MP1 is applicable
2025-12-25 11:09:22,139 [INFO] Rule:233 - rule align RCC QSPICLockSelection default value on MP1 is applicable
2025-12-25 11:09:22,139 [INFO] Rule:233 - rule align RCC QSPICLockSelection default value on MP1 is applicable
2025-12-25 11:09:22,139 [INFO] Rule:233 - rule align RCC SPI6CLockSelection default value on MP1 is applicable
2025-12-25 11:09:22,139 [INFO] Rule:233 - rule align RCC LPTIM23CLockSelection default value on MP1 is applicable
2025-12-25 11:09:22,139 [INFO] Rule:233 - rule align RCC LPTIM1CLockSelection default value on MP1 is applicable
2025-12-25 11:09:22,139 [INFO] Rule:233 - rule align RCC USART1CLockSelection default value on MP1 is applicable
2025-12-25 11:09:22,139 [INFO] Rule:233 - rule align RCC USART24CLockSelection default value on MP1 is applicable
2025-12-25 11:09:22,139 [INFO] Rule:233 - rule align RCC USART6CLockSelection default value on MP1 is applicable
2025-12-25 11:09:22,139 [INFO] Rule:233 - rule align RCC UART78CLockSelection default value on MP1 is applicable
2025-12-25 11:09:22,139 [INFO] Rule:233 - rule align RCC USART35CLockSelection default value on MP1 is applicable
2025-12-25 11:09:22,139 [INFO] Rule:233 - rule align RCC SPI45CLockSelection default value on MP1 is applicable
2025-12-25 11:09:22,139 [INFO] Rule:233 - rule align RCC I2C46CLockSelection BCLK value on MP1 is applicable
2025-12-25 11:09:22,139 [INFO] Rule:233 - rule align RCC SPI45CLockSelection default value on MP1 is applicable
2025-12-25 11:09:22,139 [INFO] Rule:233 - rule align RCC I2C12CLockSelection default value on MP1 is applicable
2025-12-25 11:09:22,139 [INFO] Rule:233 - rule align RCC I2C35CLockSelection default value on MP1 is applicable
2025-12-25 11:09:22,139 [INFO] Rule:233 - rule align RCC LPTIM45CLockSelection default value on MP1 is applicable
2025-12-25 11:09:22,139 [INFO] Rule:233 - rule Rename DCMI PIXCK signal is applicable
2025-12-25 11:09:22,139 [INFO] Rule:233 - rule Change Default Value for I2C46CLockSelection MP1 family is applicable
2025-12-25 11:09:22,139 [INFO] Rule:233 - rule Change Default Value for UART for G4, G0 and WB families is applicable
2025-12-25 11:09:22,139 [INFO] Rule:233 - rule Change Default Value for USART for G4, G0 and WB families is applicable
2025-12-25 11:09:22,139 [INFO] Rule:233 - rule Change Default Value for USART for G4 family is applicable
2025-12-25 11:09:22,139 [INFO] Rule:233 - rule Change USART1CLockSelection refparam name for MP1 is applicable
2025-12-25 11:09:22,139 [INFO] Rule:233 - rule Change USART2CLockSelection refparam name for MP1 is applicable
2025-12-25 11:09:22,140 [INFO] Rule:233 - rule Change USART3CLockSelection refparam name for MP1 is applicable
2025-12-25 11:09:22,140 [INFO] Rule:233 - rule Change UART4CLockSelection refparam name for MP1 is applicable
2025-12-25 11:09:22,140 [INFO] Rule:233 - rule Change UART5CLockSelection refparam name for MP1 is applicable
2025-12-25 11:09:22,140 [INFO] Rule:233 - rule Change LPUART1CLockSelection refparam name for MP1 is applicable
2025-12-25 11:09:22,140 [INFO] Rule:233 - rule Change LPTIM1CLockSelection refparam name for MP1 is applicable
2025-12-25 11:09:22,140 [INFO] Rule:233 - rule Change LPTIM2CLockSelection refparam name for MP1 is applicable
2025-12-25 11:09:22,140 [INFO] Rule:233 - rule Change RCC_MCO1Source refparam name for MP1 is applicable
2025-12-25 11:09:22,140 [INFO] Rule:233 - rule Change LSCOSource1 refparam name for MP1 is applicable
2025-12-25 11:09:22,140 [INFO] Rule:233 - rule Change SMPSCLockSelection refparam name for MP1 is applicable
2025-12-25 11:09:22,140 [INFO] Rule:233 - rule Change LPTIM3CLockSelection refparam name for MP1 is applicable
2025-12-25 11:09:22,141 [INFO] Rule:233 - rule Change MPCBB* Default Template Mode to Parameters is applicable
2025-12-25 11:09:22,141 [INFO] Rule:233 - rule Change MPCWM* or MPCBB* Secure Mode to Parameters is applicable
2025-12-25 11:09:22,141 [INFO] Rule:233 - rule Change MPCWM* or MPCBB* No Secure Mode to Parameters is applicable
2025-12-25 11:09:22,141 [INFO] Rule:233 - rule Change TZSC IP Secure Mode to Parameters is applicable
2025-12-25 11:09:22,141 [INFO] Rule:233 - rule Change TZSC IP No Secure Mode to Parameters is applicable
2025-12-25 11:09:22,141 [INFO] Rule:233 - rule Change TZSC IP Privilege Mode to Parameters is applicable
2025-12-25 11:09:22,141 [INFO] Rule:233 - rule Change TZSC IP No Privilege Mode to Parameters is applicable
2025-12-25 11:09:22,141 [INFO] Rule:233 - rule Change TZIC IT Secure Mode to Parameters is applicable
2025-12-25 11:09:22,141 [INFO] Rule:233 - rule Change TZIC IT No Secure Mode to Parameters is applicable
2025-12-25 11:09:22,141 [INFO] Rule:233 - rule Add MPCBB1_NonSecureArea_Start_Address value with referenced to MPCBB1_NonSecureArea_Start value is applicable
2025-12-25 11:09:22,141 [INFO] Rule:233 - rule Add MPCBB2_NonSecureArea_Start_Address value with referenced to MPCBB2_NonSecureArea_Start value is applicable
2025-12-25 11:09:22,141 [INFO] Rule:233 - rule Add MPCWM1_NonSecureArea*_Start_Address value with referenced to MPCWM1_NonSecureArea*_Start value is applicable
2025-12-25 11:09:22,141 [INFO] Rule:233 - rule Add MPCWM2_NonSecureArea*_Start_Address value with referenced to MPCWM2_NonSecureArea*_Start value is applicable
2025-12-25 11:09:22,141 [INFO] Rule:233 - rule Add MPCWM3_NonSecureArea_Start_Address value with referenced to MPCWM3_NonSecureArea_Start value is applicable
2025-12-25 11:09:22,141 [INFO] Rule:233 - rule Change Default Value for PLL1UserDefinedConfig is applicable
2025-12-25 11:09:22,141 [INFO] Rule:233 - rule Change GPIO_PuPd Default Value for USART in async mode is applicable
2025-12-25 11:09:22,141 [INFO] Rule:233 - rule Change SMPSDivider Default Value is applicable
2025-12-25 11:09:22,141 [INFO] Rule:233 - rule OPAMP is applicable
2025-12-25 11:09:22,142 [INFO] Rule:233 - rule LPUART IPParameter rename Prescaler parameter to ClockPrescaler for STM32H7 is applicable
2025-12-25 11:09:22,142 [INFO] Rule:233 - rule LPUART IPParameter rename Prescaler parameter to ClockPrescaler for STM32H7 is applicable
2025-12-25 11:09:22,142 [INFO] Rule:233 - rule LPUART IPParameter rename Prescaler parameter to ClockPrescaler for STM32WB is applicable
2025-12-25 11:09:22,142 [INFO] Rule:233 - rule LPUART IPParameter rename Prescaler parameter to ClockPrescaler for STM32WB is applicable
2025-12-25 11:09:22,142 [INFO] Rule:233 - rule LPUART IPParameter rename Prescaler parameter to ClockPrescaler for STM32G4 is applicable
2025-12-25 11:09:22,142 [INFO] Rule:233 - rule LPUART IPParameter rename Prescaler parameter to ClockPrescaler for STM32G4 is applicable
2025-12-25 11:09:22,142 [INFO] Rule:233 - rule LPUART IPParameter rename Prescaler parameter to ClockPrescaler for STM32L5 is applicable
2025-12-25 11:09:22,142 [INFO] Rule:233 - rule LPUART IPParameter rename Prescaler parameter to ClockPrescaler for STM32L5 is applicable
2025-12-25 11:09:22,142 [INFO] Rule:233 - rule LPUART IPParameter rename Prescaler parameter to ClockPrescaler for STM32G4 is applicable
2025-12-25 11:09:22,142 [INFO] Rule:233 - rule LPUART IPParameter rename Prescaler parameter to ClockPrescaler for STM32G4 is applicable
2025-12-25 11:09:22,142 [INFO] Rule:233 - rule USB device lib V2.5.3 for L0 rename USBD_SUPPORT_USER_STRING parameter to USBD_SUPPORT_USER_STRING_DESC4 is applicable
2025-12-25 11:09:22,142 [INFO] Rule:233 - rule I2SCLockSelection clock entry align is applicable
2025-12-25 11:09:22,142 [INFO] Rule:233 - rule Assign TIMx context if used as SYS timebase is applicable
2025-12-25 11:09:22,142 [INFO] Rule:233 - rule Change GPIO_Pu Default Value for I2C is applicable
2025-12-25 11:09:22,142 [INFO] Rule:233 - rule Change GPIO_Pu Default Value for SMBus is applicable
2025-12-25 11:09:22,142 [INFO] Rule:233 - rule change FDCAN default value is applicable
2025-12-25 11:09:22,142 [INFO] Rule:233 - rule Change mode sai is applicable
2025-12-25 11:09:22,142 [INFO] Rule:233 - rule **Change sai mode is applicable
2025-12-25 11:09:22,142 [INFO] Rule:233 - rule Rename STM32WPAN CFG_BLE_IRK to CFG_BLE_IR is applicable
2025-12-25 11:09:22,142 [INFO] Rule:233 - rule Rename STM32WPAN CFG_BLE_ERK to CFG_BLE_ER is applicable
2025-12-25 11:09:22,143 [INFO] Rule:233 - rule Rename STM32WPAN CFG_BLE_IRK_HEX to CFG_BLE_IR_HEX is applicable
2025-12-25 11:09:22,143 [INFO] Rule:233 - rule Rename STM32WPAN CFG_BLE_ERK_HEX to CFG_BLE_ER_HEX is applicable
2025-12-25 11:09:22,143 [INFO] Rule:233 - rule Adapt Old IOC before rework replace old CORTEX_M33/CORTEX_M55 attributes by the new one. is applicable
2025-12-25 11:09:22,143 [INFO] Rule:233 - rule Rename parametre of RCC RCC_APBDBG_DIV2 to RCC_TIMPRES_DIV2 is applicable
2025-12-25 11:09:22,143 [INFO] Rule:233 - rule Rename DIE493 pin PA10 [PA12] -> PA10 is applicable
2025-12-25 11:09:22,143 [INFO] Rule:233 - rule Rename DIE493 pin PA9 [PA11] -> PA9 is applicable
2025-12-25 11:09:22,143 [INFO] Rule:233 - rule Rename DIE492 PartNumber CPN STM32WBA5MJGHx -> STM32WBA5MMGHx is applicable
2025-12-25 11:09:22,143 [INFO] Rule:233 - rule Rename DIE492 PartNumber  Name STM32WBA5MJGHx -> STM32WBA5MMGHx is applicable
2025-12-25 11:09:22,143 [INFO] Rule:233 - rule Rename DIE492 PartNumber UserName STM32WBA5MJGHx -> STM32WBA5MMGHx is applicable
2025-12-25 11:09:22,143 [INFO] Rule:233 - rule Rename DIE492 PartNumber DeviceId STM32WBA5MJGHx -> STM32WBA5MMGHx is applicable
2025-12-25 11:09:22,143 [INFO] Rule:233 - rule Adapt Old IOC CSI. is applicable
2025-12-25 11:09:22,143 [INFO] Rule:233 - rule Adapt Old IOC DCMIPP. is applicable
2025-12-25 11:09:22,143 [INFO] Rule:233 - rule Adapt Old IOC DCMIPP Mode Parallel. is applicable
2025-12-25 11:09:22,143 [INFO] Rule:233 - rule Adapt Old IOC LTDC. is applicable
2025-12-25 11:09:22,143 [INFO] Rule:233 - rule Rename STM32MP2 RIF Peripheral LTDC RIF.RISUP.LTDC_L0L1.Privilege -> RIF.RISUP.LTDC_L1L2.Privilege is applicable
2025-12-25 11:09:22,143 [INFO] Rule:233 - rule Rename STM32MP2 RIF Peripheral LTDC RIF.RISUP.LTDC_L0L1.Privilege -> RIF.RISUP.LTDC_L1L2.Privilege is applicable
2025-12-25 11:09:22,143 [INFO] Rule:233 - rule Rename STM32MP2 RIF Peripheral LTDC RIF.RISUP.LTDC_L0L1.Lock -> RIF.RISUP.LTDC_L1L2.Lock is applicable
2025-12-25 11:09:22,143 [INFO] Rule:233 - rule Rename STM32MP2 RIF Peripheral LTDC RIF.RISUP.LTDC_L2.Lock -> RIF.RISUP.LTDC_L3.Lock is applicable
2025-12-25 11:09:22,143 [INFO] Rule:233 - rule Adapt the old IOC example for updating the SYS when it is misconfigured. is applicable
2025-12-25 11:09:22,143 [INFO] Rule:233 - rule Rename STM32C09 Mcu.Package LQFP64 -> LQFP48 is applicable
2025-12-25 11:09:22,143 [INFO] Rule:233 - rule Adapt the old IOC example for updating the SYS when it is misconfigured. is applicable
2025-12-25 11:09:22,143 [INFO] Rule:233 - rule Adapt the old IOC example for updating the SYS when it is misconfigured. is applicable
2025-12-25 11:09:22,171 [INFO] DbConfProperties:307 - Apply Compatibility (38/250 Rules)
2025-12-25 11:09:22,191 [INFO] ImportTextPane:234 - (OptionalMessage_ERROR) Unable to find key (Mcu.ThirdPartyNb) in loaded IOC file
2025-12-25 11:09:22,195 [INFO] ImportTextPane:234 - (OptionalMessage_ERROR) Pin34 (VP_RIF_VS_RIF1) cannot be retrieved for this MCU
2025-12-25 11:09:22,261 [INFO] RtosManager:558 - Registered RTOS mode: class=CMSIS, group=RTOS, mode=CMSIS_V1, owner=FREERTOS
2025-12-25 11:09:22,262 [INFO] RtosManager:558 - Registered RTOS mode: class=CMSIS, group=RTOS2, mode=CMSIS_V2, owner=FREERTOS
2025-12-25 11:09:22,262 [INFO] RtosManager:558 - Registered RTOS mode: class=RTOS, group=Core, mode=CMSIS_V1, owner=FREERTOS
2025-12-25 11:09:22,262 [INFO] RtosManager:558 - Registered RTOS mode: class=RTOS, group=Core, mode=CMSIS_V2, owner=FREERTOS
2025-12-25 11:09:22,262 [WARN] ModelIntegratedComponent:184 - Missing modes for component STMicroelectronics:FreeRTOS:0.0.1:STMicroelectronics:RTOS:FreeRTOS:Core:::10.2.0:
2025-12-25 11:09:22,292 [WARN] ModelIntegratedComponent:63 - No mode defined for component null
2025-12-25 11:09:22,292 [WARN] ModelIntegratedComponent:63 - No mode defined for component null
2025-12-25 11:09:22,292 [WARN] ModelIntegratedComponent:63 - No mode defined for component null
2025-12-25 11:09:22,292 [WARN] ModelIntegratedComponent:63 - No mode defined for component null
2025-12-25 11:09:22,292 [WARN] ModelIntegratedComponent:63 - No mode defined for component null
2025-12-25 11:09:22,292 [WARN] ModelIntegratedComponent:63 - No mode defined for component null
2025-12-25 11:09:22,292 [WARN] ModelIntegratedComponent:63 - No mode defined for component null
2025-12-25 11:09:22,292 [WARN] ModelIntegratedComponent:63 - No mode defined for component null
2025-12-25 11:09:22,292 [WARN] ModelIntegratedComponent:63 - No mode defined for component null
2025-12-25 11:09:22,292 [WARN] ModelIntegratedComponent:63 - No mode defined for component null
2025-12-25 11:09:22,292 [WARN] ModelIntegratedComponent:63 - No mode defined for component null
2025-12-25 11:09:22,292 [WARN] ModelIntegratedComponent:63 - No mode defined for component null
2025-12-25 11:09:22,292 [WARN] ModelIntegratedComponent:63 - No mode defined for component null
2025-12-25 11:09:22,292 [WARN] ModelIntegratedComponent:63 - No mode defined for component null
2025-12-25 11:09:22,292 [WARN] ModelIntegratedComponent:63 - No mode defined for component null
2025-12-25 11:09:22,292 [WARN] ModelIntegratedComponent:63 - No mode defined for component null
2025-12-25 11:09:22,292 [WARN] ModelIntegratedComponent:63 - No mode defined for component null
2025-12-25 11:09:22,292 [WARN] ModelIntegratedComponent:63 - No mode defined for component null
2025-12-25 11:09:22,292 [WARN] ModelIntegratedComponent:63 - No mode defined for component null
2025-12-25 11:09:22,292 [WARN] ModelIntegratedComponent:63 - No mode defined for component null
2025-12-25 11:09:22,292 [WARN] ModelIntegratedComponent:63 - No mode defined for component null
2025-12-25 11:09:22,292 [WARN] ModelIntegratedComponent:63 - No mode defined for component null
2025-12-25 11:09:22,292 [WARN] ModelIntegratedComponent:63 - No mode defined for component null
2025-12-25 11:09:22,292 [WARN] ModelIntegratedComponent:63 - No mode defined for component null
2025-12-25 11:09:22,292 [WARN] ModelIntegratedComponent:63 - No mode defined for component null
2025-12-25 11:09:22,293 [WARN] ModelIntegratedComponent:63 - No mode defined for component null
2025-12-25 11:09:22,293 [WARN] ModelIntegratedComponent:63 - No mode defined for component null
2025-12-25 11:09:22,293 [WARN] ModelIntegratedComponent:63 - No mode defined for component null
2025-12-25 11:09:22,293 [WARN] ModelIntegratedComponent:63 - No mode defined for component null
2025-12-25 11:09:22,293 [WARN] ModelIntegratedComponent:63 - No mode defined for component null
2025-12-25 11:09:22,293 [WARN] ModelIntegratedComponent:63 - No mode defined for component null
2025-12-25 11:09:22,293 [WARN] ModelIntegratedComponent:63 - No mode defined for component null
2025-12-25 11:09:22,293 [WARN] ModelIntegratedComponent:63 - No mode defined for component null
2025-12-25 11:09:22,293 [WARN] ModelIntegratedComponent:63 - No mode defined for component null
2025-12-25 11:09:22,293 [WARN] ModelIntegratedComponent:63 - No mode defined for component null
2025-12-25 11:09:22,293 [WARN] ModelPack:524 - Component already loaded: STMicroelectronics:HAL Drivers:0.0.0:STMicroelectronics:Device:STMicro_Driver:XSPI:HAL::0.0.1:HAL_XSPI
2025-12-25 11:09:22,320 [INFO] ThirdPartyModel:298 - Start build external matchings
2025-12-25 11:09:22,400 [INFO] ThirdPartyModel:316 - End build external matchings
2025-12-25 11:09:22,907 [INFO] UtilMem:75 - End LoadConfig() Used Memory: 833241040 Bytes (1073741824)
2025-12-25 11:09:22,945 [WARN] ThirdParty:833 - waiting for thirdparty lock release [change project]
2025-12-25 11:09:22,945 [INFO] ThirdParty:835 - entering critical section [change project]
2025-12-25 11:09:22,945 [INFO] ThirdParty:1030 - CMSIS Pack Vendor :STMicroelectronics X-CUBE-PM33A1 1.0.0
2025-12-25 11:09:22,945 [INFO] ThirdParty:1030 - CMSIS Pack Vendor :STMicroelectronics USBPD 4.1
2025-12-25 11:09:22,945 [INFO] ThirdParty:1030 - CMSIS Pack Vendor :STMicroelectronics X-CUBE-NFC9 1.0.0
2025-12-25 11:09:22,945 [INFO] ThirdParty:1030 - CMSIS Pack Vendor :STMicroelectronics USB_HOST 2.0.0
2025-12-25 11:09:22,945 [INFO] ThirdParty:1030 - CMSIS Pack Vendor :STMicroelectronics FP-SNS-MOTENVWB1 1.4.0
2025-12-25 11:09:22,945 [INFO] ThirdParty:1030 - CMSIS Pack Vendor :STMicroelectronics X-CUBE-AZRTOS-F4 1.1.0
2025-12-25 11:09:22,945 [INFO] ThirdParty:1030 - CMSIS Pack Vendor :STMicroelectronics LIBJPEG 8.0.0
2025-12-25 11:09:22,945 [INFO] ThirdParty:1030 - CMSIS Pack Vendor :STMicroelectronics FP-ATR-ASTRA1 2.0.2
2025-12-25 11:09:22,945 [INFO] ThirdParty:1030 - CMSIS Pack Vendor :STMicroelectronics X-CUBE-BLE1 7.1.0
2025-12-25 11:09:22,945 [INFO] ThirdParty:1030 - CMSIS Pack Vendor :STMicroelectronics X-CUBE-SMBUS 2.1.0
2025-12-25 11:09:22,945 [INFO] ThirdParty:1030 - CMSIS Pack Vendor :STMicroelectronics USB_DEVICE 3.0.0
2025-12-25 11:09:22,945 [INFO] ThirdParty:1030 - CMSIS Pack Vendor :STMicroelectronics X-CUBE-ISPU 2.1.0
2025-12-25 11:09:22,945 [INFO] ThirdParty:1030 - CMSIS Pack Vendor :STMicroelectronics X-CUBE-AZRTOS-WB 2.0.0
2025-12-25 11:09:22,945 [INFO] ThirdParty:1030 - CMSIS Pack Vendor :STMicroelectronics X-CUBE-AZRTOS-F7 1.1.0
2025-12-25 11:09:22,945 [INFO] ThirdParty:1030 - CMSIS Pack Vendor :STMicroelectronics X-CUBE-AZRTOS-L5 2.0.0
2025-12-25 11:09:22,945 [INFO] ThirdParty:1030 - CMSIS Pack Vendor :STMicroelectronics USB_DEVICE 2.0.0
2025-12-25 11:09:22,946 [INFO] ThirdParty:1030 - CMSIS Pack Vendor :STMicroelectronics X-CUBE-NFC6 3.1.0
2025-12-25 11:09:22,946 [INFO] ThirdParty:1030 - CMSIS Pack Vendor :STMicroelectronics FreeRTOS 0.0.1
2025-12-25 11:09:22,946 [INFO] ThirdParty:1030 - CMSIS Pack Vendor :STMicroelectronics X-CUBE-AZRTOS-G0 1.1.0
2025-12-25 11:09:22,946 [INFO] ThirdParty:1030 - CMSIS Pack Vendor :STMicroelectronics X-CUBE-NFC4 3.0.0
2025-12-25 11:09:22,946 [INFO] ThirdParty:1030 - CMSIS Pack Vendor :STMicroelectronics X-CUBE-SUBG2 5.0.0
2025-12-25 11:09:22,946 [INFO] ThirdParty:1030 - CMSIS Pack Vendor :STMicroelectronics STM32_WPAN 1.0.0
2025-12-25 11:09:22,946 [INFO] ThirdParty:1030 - CMSIS Pack Vendor :STMicroelectronics lwIP 2.0.3
2025-12-25 11:09:22,946 [INFO] ThirdParty:1030 - CMSIS Pack Vendor :STMicroelectronics USB_HOST 1.0.0
2025-12-25 11:09:22,946 [INFO] ThirdParty:1030 - CMSIS Pack Vendor :STMicroelectronics X-CUBE-AZRTOS-G4 2.0.0
2025-12-25 11:09:22,946 [INFO] ThirdParty:1030 - CMSIS Pack Vendor :STMicroelectronics X-CUBE-WB05N 2.0.0
2025-12-25 11:09:22,946 [INFO] ThirdParty:1030 - CMSIS Pack Vendor :STMicroelectronics PDM2PCM 3.1.0
2025-12-25 11:09:22,946 [INFO] ThirdParty:1030 - CMSIS Pack Vendor :STMicroelectronics PDM2PCM 3.3.0
2025-12-25 11:09:22,946 [INFO] ThirdParty:1030 - CMSIS Pack Vendor :STMicroelectronics X-CUBE-DISPLAY 3.0.0
2025-12-25 11:09:22,946 [INFO] ThirdParty:1030 - CMSIS Pack Vendor :STMicroelectronics X-CUBE-NFC7 2.0.0
2025-12-25 11:09:22,946 [INFO] ThirdParty:1030 - CMSIS Pack Vendor :STMicroelectronics X-CUBE-TCPP 4.2.0
2025-12-25 11:09:22,946 [INFO] ThirdParty:1030 - CMSIS Pack Vendor :STMicroelectronics FP-ATR-SIGFOX1 3.2.0
2025-12-25 11:09:22,946 [INFO] ThirdParty:1030 - CMSIS Pack Vendor :STMicroelectronics X-CUBE-NFC10 1.0.0
2025-12-25 11:09:22,946 [INFO] ThirdParty:1030 - CMSIS Pack Vendor :STMicroelectronics HAL Drivers 0.0.0
2025-12-25 11:09:22,946 [INFO] ThirdParty:1030 - CMSIS Pack Vendor :STMicroelectronics MBEDTLS 2.16.2
2025-12-25 11:09:22,946 [INFO] ThirdParty:1030 - CMSIS Pack Vendor :STMicroelectronics X-CUBE-ALS 1.0.2
2025-12-25 11:09:22,946 [INFO] ThirdParty:1030 - CMSIS Pack Vendor :STMicroelectronics MBEDTLS 2.14.1
2025-12-25 11:09:22,946 [INFO] ThirdParty:1030 - CMSIS Pack Vendor :STMicroelectronics ThreadX 1.0.0
2025-12-25 11:09:22,946 [INFO] ThirdParty:1030 - CMSIS Pack Vendor :STMicroelectronics FP-SNS-SMARTAG2 1.2.0
2025-12-25 11:09:22,946 [INFO] ThirdParty:1030 - CMSIS Pack Vendor :STMicroelectronics FP-SNS-FLIGHT1 5.1.0
2025-12-25 11:09:22,946 [INFO] ThirdParty:1030 - CMSIS Pack Vendor :STMicroelectronics X-CUBE-AZRTOS-WL 2.0.0
2025-12-25 11:09:22,946 [INFO] ThirdParty:1030 - CMSIS Pack Vendor :STMicroelectronics X-CUBE-ALGOBUILD 1.4.0
2025-12-25 11:09:22,946 [INFO] ThirdParty:1030 - CMSIS Pack Vendor :STMicroelectronics X-CUBE-DPower 1.3.0
2025-12-25 11:09:22,946 [INFO] ThirdParty:1030 - CMSIS Pack Vendor :STMicroelectronics USB_DEVICE 1.0.0
2025-12-25 11:09:22,946 [INFO] ThirdParty:1030 - CMSIS Pack Vendor :STMicroelectronics X-CUBE-AZRTOS-L4 2.0.0
2025-12-25 11:09:22,946 [INFO] ThirdParty:1030 - CMSIS Pack Vendor :STMicroelectronics ThreadX 0.0.2
2025-12-25 11:09:22,947 [INFO] ThirdParty:1030 - CMSIS Pack Vendor :STMicroelectronics lwIP 2.1.2
2025-12-25 11:09:22,947 [INFO] ThirdParty:1030 - CMSIS Pack Vendor :STMicroelectronics X-CUBE-SFXS2LP1 4.0.0
2025-12-25 11:09:22,947 [INFO] ThirdParty:1030 - CMSIS Pack Vendor :STMicroelectronics X-CUBE-BLE2 3.3.0
2025-12-25 11:09:22,947 [INFO] ThirdParty:1030 - CMSIS Pack Vendor :STMicroelectronics X-CUBE-TOF1 3.4.3
2025-12-25 11:09:22,947 [INFO] ThirdParty:1030 - CMSIS Pack Vendor :STMicroelectronics PDM2PCM 3.2.0
2025-12-25 11:09:22,947 [INFO] ThirdParty:841 - exiting critical section [change project]
2025-12-25 11:09:23,261 [INFO] PinOutPanel:1589 - setPackage(No Configuration,No Configuration)
2025-12-25 11:09:23,262 [INFO] PinOutPanel:1589 - setPackage(STM32F407VGTx,LQFP100)
2025-12-25 11:09:23,694 [INFO] UtilMem:75 - Before build in PCC Used Memory: 712593240 Bytes (1073741824)
2025-12-25 11:09:24,395 [INFO] UtilMem:75 - After build in PCC Used Memory: 758204248 Bytes (1073741824)
2025-12-25 11:09:24,440 [INFO] IPUIPlugin:80 - create IPUIPlugin
2025-12-25 11:09:24,440 [INFO] IPUIPlugin:80 - create IPUIPlugin
2025-12-25 11:09:24,440 [INFO] IPUIPlugin:80 - create IPUIPlugin
2025-12-25 11:09:24,441 [INFO] IPUIPlugin:80 - create IPUIPlugin
2025-12-25 11:09:24,441 [INFO] IPUIPlugin:80 - create IPUIPlugin
2025-12-25 11:09:24,441 [INFO] IPUIPlugin:80 - create IPUIPlugin
2025-12-25 11:09:24,441 [INFO] IPUIPlugin:80 - create IPUIPlugin
2025-12-25 11:09:24,441 [INFO] IPUIPlugin:80 - create IPUIPlugin
2025-12-25 11:09:24,442 [INFO] IPUIPlugin:80 - create IPUIPlugin
2025-12-25 11:09:24,442 [INFO] IPUIPlugin:80 - create IPUIPlugin
2025-12-25 11:09:24,442 [INFO] IPUIPlugin:80 - create IPUIPlugin
2025-12-25 11:09:24,442 [INFO] IPUIPlugin:80 - create IPUIPlugin
2025-12-25 11:09:24,442 [INFO] IPUIPlugin:80 - create IPUIPlugin
2025-12-25 11:09:24,443 [INFO] IPUIPlugin:80 - create IPUIPlugin
2025-12-25 11:09:24,443 [INFO] IPUIPlugin:80 - create IPUIPlugin
2025-12-25 11:09:24,443 [INFO] IPUIPlugin:80 - create IPUIPlugin
2025-12-25 11:09:24,443 [INFO] IPUIPlugin:80 - create IPUIPlugin
2025-12-25 11:09:24,443 [INFO] IPUIPlugin:80 - create IPUIPlugin
2025-12-25 11:09:24,443 [INFO] IPUIPlugin:80 - create IPUIPlugin
2025-12-25 11:09:24,444 [INFO] IPUIPlugin:80 - create IPUIPlugin
2025-12-25 11:09:24,444 [INFO] IPUIPlugin:80 - create IPUIPlugin
2025-12-25 11:09:24,444 [INFO] IPUIPlugin:80 - create IPUIPlugin
2025-12-25 11:09:24,445 [INFO] IPUIPlugin:80 - create IPUIPlugin
2025-12-25 11:09:24,445 [INFO] IPUIPlugin:80 - create IPUIPlugin
2025-12-25 11:09:24,445 [INFO] IPUIPlugin:80 - create IPUIPlugin
2025-12-25 11:09:24,445 [INFO] IPUIPlugin:80 - create IPUIPlugin
2025-12-25 11:09:24,446 [INFO] IPUIPlugin:80 - create IPUIPlugin
2025-12-25 11:09:24,446 [INFO] IPUIPlugin:80 - create IPUIPlugin
2025-12-25 11:09:24,446 [INFO] IPUIPlugin:80 - create IPUIPlugin
2025-12-25 11:09:24,446 [INFO] IPUIPlugin:80 - create IPUIPlugin
2025-12-25 11:09:24,447 [INFO] IPUIPlugin:80 - create IPUIPlugin
2025-12-25 11:09:24,447 [INFO] IPUIPlugin:80 - create IPUIPlugin
2025-12-25 11:09:24,447 [INFO] IPUIPlugin:80 - create IPUIPlugin
2025-12-25 11:09:24,447 [INFO] IPUIPlugin:80 - create IPUIPlugin
2025-12-25 11:09:24,448 [INFO] IPUIPlugin:80 - create IPUIPlugin
2025-12-25 11:09:24,448 [INFO] IPUIPlugin:80 - create IPUIPlugin
2025-12-25 11:09:24,448 [INFO] IPUIPlugin:80 - create IPUIPlugin
2025-12-25 11:09:24,448 [INFO] IPUIPlugin:80 - create IPUIPlugin
2025-12-25 11:09:24,448 [INFO] IPUIPlugin:80 - create IPUIPlugin
2025-12-25 11:09:24,449 [INFO] IPUIPlugin:80 - create IPUIPlugin
2025-12-25 11:09:24,449 [INFO] IPUIPlugin:80 - create IPUIPlugin
2025-12-25 11:09:24,449 [INFO] IPUIPlugin:80 - create IPUIPlugin
2025-12-25 11:09:24,450 [INFO] IPUIPlugin:80 - create IPUIPlugin
2025-12-25 11:09:24,451 [INFO] IPUIPlugin:80 - create IPUIPlugin
2025-12-25 11:09:24,451 [INFO] IPUIPlugin:80 - create IPUIPlugin
2025-12-25 11:09:24,452 [INFO] IPUIPlugin:80 - create IPUIPlugin
2025-12-25 11:09:24,452 [INFO] IPUIPlugin:80 - create IPUIPlugin
2025-12-25 11:09:24,453 [INFO] IPUIPlugin:80 - create IPUIPlugin
2025-12-25 11:09:24,453 [INFO] IPUIPlugin:80 - create IPUIPlugin
2025-12-25 11:09:24,453 [INFO] IPUIPlugin:80 - create IPUIPlugin
2025-12-25 11:09:24,453 [INFO] IPUIPlugin:80 - create IPUIPlugin
2025-12-25 11:09:24,454 [INFO] IPUIPlugin:80 - create IPUIPlugin
2025-12-25 11:09:24,454 [INFO] IPUIPlugin:80 - create IPUIPlugin
2025-12-25 11:09:24,454 [INFO] IPUIPlugin:80 - create IPUIPlugin
2025-12-25 11:09:24,455 [INFO] IPUIPlugin:80 - create IPUIPlugin
2025-12-25 11:09:24,455 [INFO] IPUIPlugin:80 - create IPUIPlugin
2025-12-25 11:09:24,455 [INFO] IPUIPlugin:80 - create IPUIPlugin
2025-12-25 11:09:24,456 [INFO] IPUIPlugin:80 - create IPUIPlugin
2025-12-25 11:09:24,474 [INFO] ApiDbMcu:532 - Load IP Config File for PDM2PCM
2025-12-25 11:09:24,533 [INFO] CADModel:165 - CPN selected for project levelSTM32F407VGT6
2025-12-25 11:09:24,533 [INFO] CADModel:114 - Register for checkConnection events
2025-12-25 11:09:24,648 [INFO] OpenFileManager:386 - Restore cursor
2025-12-25 11:09:25,415 [INFO] UtilMem:75 - End SaveConfig() Used Memory: 849292968 Bytes (1073741824)
2025-12-25 11:09:25,532 [INFO] UtilMem:75 - End SaveConfig() Used Memory: 868761496 Bytes (1073741824)
2025-12-25 11:09:25,874 [INFO] BlockDiagram:2775 - set Specific Code input for plugin: SYS
2025-12-25 11:09:25,874 [INFO] BlockDiagram:2775 - set Specific Code input for plugin: RCC
2025-12-25 11:09:25,874 [INFO] BlockDiagram:2775 - set Specific Code input for plugin: NVIC
2025-12-25 11:09:25,874 [INFO] BlockDiagram:2775 - set Specific Code input for plugin: GPIO
2025-12-25 11:09:25,877 [INFO] CodeGenerator:892 - code generatio: config db path: C:\ST\STM32CubeIDE_1.19.0\STM32CubeIDE\plugins\com.st.stm32cube.common.mx_6.15.0.202507011659\\db\
2025-12-25 11:09:26,027 [INFO] CodeEngine:265 - oldGeneratedFile, C:\Users\aditi\OneDrive\Desktop\Sunbeam_Internship\Internship_Practice_on_Board\buzzer\MXTmpFiles\license.tmp_save
2025-12-25 11:09:26,410 [INFO] CodeEngine:289 - Generated code: C:\Users\aditi\OneDrive\Desktop\Sunbeam_Internship\Internship_Practice_on_Board\buzzer\MXTmpFiles\license.tmp
2025-12-25 11:09:26,527 [INFO] CodeEngine:265 - oldGeneratedFile, C:\Users\aditi\OneDrive\Desktop\Sunbeam_Internship\Internship_Practice_on_Board\buzzer\MXTmpFiles\gpio.tmp_save
2025-12-25 11:09:26,740 [INFO] CodeEngine:289 - Generated code: C:\Users\aditi\OneDrive\Desktop\Sunbeam_Internship\Internship_Practice_on_Board\buzzer\MXTmpFiles\gpio.tmp
2025-12-25 11:09:26,807 [INFO] CodeEngine:265 - oldGeneratedFile, C:\Users\aditi\OneDrive\Desktop\Sunbeam_Internship\Internship_Practice_on_Board\buzzer\Core\Src\stm32f4xx_it.c_save
2025-12-25 11:09:27,123 [INFO] CodeEngine:289 - Generated code: C:\Users\aditi\OneDrive\Desktop\Sunbeam_Internship\Internship_Practice_on_Board\buzzer\Core\Src\stm32f4xx_it.c
2025-12-25 11:09:27,137 [INFO] CodeEngine:265 - oldGeneratedFile, C:\Users\aditi\OneDrive\Desktop\Sunbeam_Internship\Internship_Practice_on_Board\buzzer\Core\Inc\stm32f4xx_it.h_save
2025-12-25 11:09:27,264 [INFO] CodeEngine:289 - Generated code: C:\Users\aditi\OneDrive\Desktop\Sunbeam_Internship\Internship_Practice_on_Board\buzzer\Core\Inc\stm32f4xx_it.h
2025-12-25 11:09:27,296 [INFO] CodeEngine:265 - oldGeneratedFile, C:\Users\aditi\OneDrive\Desktop\Sunbeam_Internship\Internship_Practice_on_Board\buzzer\Core\Src\stm32f4xx_hal_msp.c_save
2025-12-25 11:09:27,490 [INFO] CodeEngine:289 - Generated code: C:\Users\aditi\OneDrive\Desktop\Sunbeam_Internship\Internship_Practice_on_Board\buzzer\Core\Src\stm32f4xx_hal_msp.c
2025-12-25 11:09:27,502 [INFO] CodeEngine:265 - oldGeneratedFile, C:\Users\aditi\OneDrive\Desktop\Sunbeam_Internship\Internship_Practice_on_Board\buzzer\MXTmpFiles\system.tmp_save
2025-12-25 11:09:27,595 [INFO] CodeEngine:289 - Generated code: C:\Users\aditi\OneDrive\Desktop\Sunbeam_Internship\Internship_Practice_on_Board\buzzer\MXTmpFiles\system.tmp
2025-12-25 11:09:27,622 [INFO] CodeEngine:321 - oldGeneratedFile, C:\Users\aditi\OneDrive\Desktop\Sunbeam_Internship\Internship_Practice_on_Board\buzzer\Core\Inc\stm32f4xx_hal_conf.h_save
2025-12-25 11:09:27,717 [INFO] CodeEngine:345 - Generated code: C:\Users\aditi\OneDrive\Desktop\Sunbeam_Internship\Internship_Practice_on_Board\buzzer\Core\Inc\stm32f4xx_hal_conf.h
2025-12-25 11:09:27,753 [INFO] ApiDbMcu:532 - Load IP Config File for RCC
2025-12-25 11:09:27,769 [INFO] CodeEngine:265 - oldGeneratedFile, C:\Users\aditi\OneDrive\Desktop\Sunbeam_Internship\Internship_Practice_on_Board\buzzer\Core\Inc\main.h_save
2025-12-25 11:09:27,905 [INFO] CodeEngine:289 - Generated code: C:\Users\aditi\OneDrive\Desktop\Sunbeam_Internship\Internship_Practice_on_Board\buzzer\Core\Inc\main.h
2025-12-25 11:09:27,919 [INFO] CodeEngine:265 - oldGeneratedFile, C:\Users\aditi\OneDrive\Desktop\Sunbeam_Internship\Internship_Practice_on_Board\buzzer\Core\Src\main.c_save
2025-12-25 11:09:28,095 [INFO] CodeEngine:289 - Generated code: C:\Users\aditi\OneDrive\Desktop\Sunbeam_Internship\Internship_Practice_on_Board\buzzer\Core\Src\main.c
2025-12-25 11:09:29,765 [INFO] ProjectBuilder:3606 - Time for Copy HAL[1] : 1414mS.
2025-12-25 11:09:29,787 [INFO] ProjectBuilder:5216 - Project Generator version: 4.7.0-B52
2025-12-25 11:09:29,852 [INFO] ConfigFileManager:1595 - The Die is : DIE413
2025-12-25 11:09:29,855 [INFO] ApiDbMcu:532 - Load IP Config File for FATFS
2025-12-25 11:09:29,858 [INFO] ApiDbMcu:532 - Load IP Config File for FREERTOS
2025-12-25 11:09:29,860 [INFO] ApiDbMcu:532 - Load IP Config File for LIBJPEG
2025-12-25 11:09:29,865 [INFO] ApiDbMcu:532 - Load IP Config File for LWIP
2025-12-25 11:09:29,872 [INFO] ApiDbMcu:532 - Load IP Config File for MBEDTLS
2025-12-25 11:09:29,877 [INFO] ApiDbMcu:532 - Load IP Config File for USB_DEVICE
2025-12-25 11:09:29,880 [INFO] ApiDbMcu:532 - Load IP Config File for USB_HOST
2025-12-25 11:09:32,911 [INFO] ProjectBuilder:5496 - Time for Generating toolchain IDE Files: 3125mS.
2025-12-25 11:09:32,913 [INFO] ProjectBuilder:3463 - Time for Copy CMSIS : 2mS.
2025-12-25 11:09:32,923 [INFO] ProjectBuilder:3463 - Time for Copy CMSIS : 0mS.
2025-12-25 11:09:34,554 [INFO] McuFinderGlobals:76 - Set McuFinderConnectedMode to true
2025-12-25 11:09:34,557 [INFO] ApiDb:448 - Save user favorites file C:\Users\aditi/.stm32cubeide/favorites.mcus.txt: 0 item(s)
2025-12-25 11:09:34,557 [INFO] ApiDb:452 - User favorites MCUs=[]
2025-12-25 11:09:34,558 [INFO] ApiDb:448 - Save user favorites file C:\Users\aditi/.stm32cubeide/favorites.boards.txt: 1 item(s)
2025-12-25 11:09:34,560 [INFO] ApiDb:452 - User favorites Boards=[STM32F407G-DISC1]
2025-12-25 11:09:48,114 [INFO] UtilMem:75 - End SaveConfig() Used Memory: 635556592 Bytes (1073741824)
2025-12-25 11:09:50,362 [INFO] UtilMem:75 - End SaveConfig() Used Memory: 643902760 Bytes (1073741824)
2025-12-25 11:09:50,634 [INFO] UtilMem:75 - End SaveConfig() Used Memory: 673262888 Bytes (1073741824)
2025-12-25 11:09:51,047 [INFO] BlockDiagram:2775 - set Specific Code input for plugin: SYS
2025-12-25 11:09:51,047 [INFO] BlockDiagram:2775 - set Specific Code input for plugin: RCC
2025-12-25 11:09:51,047 [INFO] BlockDiagram:2775 - set Specific Code input for plugin: NVIC
2025-12-25 11:09:51,047 [INFO] BlockDiagram:2775 - set Specific Code input for plugin: GPIO
2025-12-25 11:09:51,049 [INFO] CodeGenerator:892 - code generatio: config db path: C:\ST\STM32CubeIDE_1.19.0\STM32CubeIDE\plugins\com.st.stm32cube.common.mx_6.15.0.202507011659\\db\
2025-12-25 11:09:51,115 [INFO] CodeEngine:265 - oldGeneratedFile, C:\Users\aditi\OneDrive\Desktop\Sunbeam_Internship\Internship_Practice_on_Board\buzzer\MXTmpFiles\license.tmp_save
2025-12-25 11:09:51,430 [INFO] CodeEngine:289 - Generated code: C:\Users\aditi\OneDrive\Desktop\Sunbeam_Internship\Internship_Practice_on_Board\buzzer\MXTmpFiles\license.tmp
2025-12-25 11:09:51,471 [INFO] CodeEngine:265 - oldGeneratedFile, C:\Users\aditi\OneDrive\Desktop\Sunbeam_Internship\Internship_Practice_on_Board\buzzer\MXTmpFiles\gpio.tmp_save
2025-12-25 11:09:51,603 [INFO] CodeEngine:289 - Generated code: C:\Users\aditi\OneDrive\Desktop\Sunbeam_Internship\Internship_Practice_on_Board\buzzer\MXTmpFiles\gpio.tmp
2025-12-25 11:09:51,658 [INFO] CodeEngine:265 - oldGeneratedFile, C:\Users\aditi\OneDrive\Desktop\Sunbeam_Internship\Internship_Practice_on_Board\buzzer\Core\Src\stm32f4xx_it.c_save
2025-12-25 11:09:51,835 [INFO] CodeEngine:289 - Generated code: C:\Users\aditi\OneDrive\Desktop\Sunbeam_Internship\Internship_Practice_on_Board\buzzer\Core\Src\stm32f4xx_it.c
2025-12-25 11:09:51,866 [INFO] CodeEngine:265 - oldGeneratedFile, C:\Users\aditi\OneDrive\Desktop\Sunbeam_Internship\Internship_Practice_on_Board\buzzer\Core\Inc\stm32f4xx_it.h_save
2025-12-25 11:09:51,992 [INFO] CodeEngine:289 - Generated code: C:\Users\aditi\OneDrive\Desktop\Sunbeam_Internship\Internship_Practice_on_Board\buzzer\Core\Inc\stm32f4xx_it.h
2025-12-25 11:09:52,021 [INFO] CodeEngine:265 - oldGeneratedFile, C:\Users\aditi\OneDrive\Desktop\Sunbeam_Internship\Internship_Practice_on_Board\buzzer\Core\Src\stm32f4xx_hal_msp.c_save
2025-12-25 11:09:52,173 [INFO] CodeEngine:289 - Generated code: C:\Users\aditi\OneDrive\Desktop\Sunbeam_Internship\Internship_Practice_on_Board\buzzer\Core\Src\stm32f4xx_hal_msp.c
2025-12-25 11:09:52,188 [INFO] CodeEngine:265 - oldGeneratedFile, C:\Users\aditi\OneDrive\Desktop\Sunbeam_Internship\Internship_Practice_on_Board\buzzer\MXTmpFiles\system.tmp_save
2025-12-25 11:09:52,303 [INFO] CodeEngine:289 - Generated code: C:\Users\aditi\OneDrive\Desktop\Sunbeam_Internship\Internship_Practice_on_Board\buzzer\MXTmpFiles\system.tmp
2025-12-25 11:09:52,344 [INFO] CodeEngine:321 - oldGeneratedFile, C:\Users\aditi\OneDrive\Desktop\Sunbeam_Internship\Internship_Practice_on_Board\buzzer\Core\Inc\stm32f4xx_hal_conf.h_save
2025-12-25 11:09:52,470 [INFO] CodeEngine:345 - Generated code: C:\Users\aditi\OneDrive\Desktop\Sunbeam_Internship\Internship_Practice_on_Board\buzzer\Core\Inc\stm32f4xx_hal_conf.h
2025-12-25 11:09:52,562 [INFO] CodeEngine:265 - oldGeneratedFile, C:\Users\aditi\OneDrive\Desktop\Sunbeam_Internship\Internship_Practice_on_Board\buzzer\Core\Inc\main.h_save
2025-12-25 11:09:52,698 [INFO] CodeEngine:289 - Generated code: C:\Users\aditi\OneDrive\Desktop\Sunbeam_Internship\Internship_Practice_on_Board\buzzer\Core\Inc\main.h
2025-12-25 11:09:52,728 [INFO] CodeEngine:265 - oldGeneratedFile, C:\Users\aditi\OneDrive\Desktop\Sunbeam_Internship\Internship_Practice_on_Board\buzzer\Core\Src\main.c_save
2025-12-25 11:09:52,910 [INFO] CodeEngine:289 - Generated code: C:\Users\aditi\OneDrive\Desktop\Sunbeam_Internship\Internship_Practice_on_Board\buzzer\Core\Src\main.c
2025-12-25 11:09:54,570 [INFO] ProjectBuilder:3606 - Time for Copy HAL[1] : 1401mS.
2025-12-25 11:09:54,582 [INFO] ProjectBuilder:5216 - Project Generator version: 4.7.0-B52
2025-12-25 11:09:54,643 [INFO] ConfigFileManager:1595 - The Die is : DIE413
2025-12-25 11:09:56,062 [INFO] ProjectBuilder:5496 - Time for Generating toolchain IDE Files: 1480mS.
2025-12-25 11:09:56,064 [INFO] ProjectBuilder:3463 - Time for Copy CMSIS : 1mS.
2025-12-25 11:09:56,074 [INFO] ProjectBuilder:3463 - Time for Copy CMSIS : 1mS.
2025-12-25 11:19:17,427 [ERROR] LogOutputStream:75 - [STDERR_REDIRECT] 
2025-12-25 11:19:17,430 [ERROR] LogOutputStream:75 - [STDERR_REDIRECT] 
2025-12-25 11:48:23,516 [INFO] Activator:176 - 


2025-12-25 11:48:23,518 [INFO] Activator:177 - !SESSION log4j initialized
2025-12-25 11:48:31,305 [INFO] LogOutputStream:77 - [STDOUT_REDIRECT] 
2025-12-25 11:48:32,997 [INFO] ApplicationProperties:184 - Using Application install path: C:\ST\STM32CubeIDE_1.19.0\STM32CubeIDE\plugins\com.st.stm32cube.common.mx_6.15.0.202507011659
2025-12-25 11:48:33,018 [INFO] DbMcusXml:78 - Set database path to: C:\ST\STM32CubeIDE_1.19.0\STM32CubeIDE\plugins\com.st.stm32cube.common.mx_6.15.0.202507011659\\db\/mcu/
2025-12-25 11:48:33,018 [INFO] ApiDb:274 - Set plugin database path to: C:\ST\STM32CubeIDE_1.19.0\STM32CubeIDE\plugins\com.st.stm32cube.common.mx_6.15.0.202507011659\\db\/plugins/boardmanager/
2025-12-25 11:48:33,018 [WARN] ApiDb:259 - Overriding images path with different value:  => C:\ST\STM32CubeIDE_1.19.0\STM32CubeIDE\plugins\com.st.stm32cube.common.mx_6.15.0.202507011659\\db\/plugins/mcufinder/images/
2025-12-25 11:48:33,030 [INFO] ApiDb:250 - Set database path to: C:\Users\aditi\.stmcufinder\plugins\mcufinder//mcu/
2025-12-25 11:48:33,032 [INFO] DbMcusAds:125 - Set database path to: C:\Users\aditi\.stmcufinder\plugins\mcufinder//mcu/
2025-12-25 11:48:33,036 [INFO] CrossReferenceDbSqlite:203 - Set database path to: C:\Users\aditi\.stmcufinder\plugins\mcufinder//mcu/cs/
2025-12-25 11:48:33,166 [INFO] RulesReader:64 - Compatibility file has been processed (317 Rules)
2025-12-25 11:48:33,296 [INFO] DbMcusXml:78 - Set database path to: C:\ST\STM32CubeIDE_1.19.0\STM32CubeIDE\plugins\com.st.stm32cube.common.mx_6.15.0.202507011659\\db\/mcu/
2025-12-25 11:48:33,296 [INFO] ApiDb:274 - Set plugin database path to: C:\ST\STM32CubeIDE_1.19.0\STM32CubeIDE\plugins\com.st.stm32cube.common.mx_6.15.0.202507011659\\db\/plugins/boardmanager/
2025-12-25 11:48:33,296 [INFO] ApiDb:261 - Set plugin images path to: C:\ST\STM32CubeIDE_1.19.0\STM32CubeIDE\plugins\com.st.stm32cube.common.mx_6.15.0.202507011659\\db\/plugins/mcufinder/images/
2025-12-25 11:48:33,296 [WARN] DbFile:41 - Overriding database path with different value: C:\Users\aditi\.stmcufinder\plugins\mcufinder/ => C:\Users\aditi\.stmcufinder\plugins\mcufinder
2025-12-25 11:48:33,296 [INFO] ApiDb:250 - Set database path to: C:\Users\aditi\.stmcufinder\plugins\mcufinder//mcu/
2025-12-25 11:48:33,297 [WARN] DbFile:41 - Overriding database path with different value: C:\Users\aditi\.stmcufinder\plugins\mcufinder/ => C:\Users\aditi\.stmcufinder\plugins\mcufinder
2025-12-25 11:48:33,297 [INFO] DbMcusAds:125 - Set database path to: C:\Users\aditi\.stmcufinder\plugins\mcufinder//mcu/
2025-12-25 11:48:33,297 [WARN] DbFile:41 - Overriding database path with different value: C:\Users\aditi\.stmcufinder\plugins\mcufinder/ => C:\Users\aditi\.stmcufinder\plugins\mcufinder
2025-12-25 11:48:33,297 [WARN] DbFile:41 - Overriding database path with different value: C:\Users\aditi\.stmcufinder\plugins\mcufinder/ => C:\Users\aditi\.stmcufinder\plugins\mcufinder
2025-12-25 11:48:33,297 [INFO] CrossReferenceDbSqlite:203 - Set database path to: C:\Users\aditi\.stmcufinder\plugins\mcufinder//mcu/cs/
2025-12-25 11:48:33,411 [INFO] MainPanel:274 - HeapMemory: 268435456
2025-12-25 11:48:33,585 [INFO] DbMcusXml:78 - Set database path to: C:\ST\STM32CubeIDE_1.19.0\STM32CubeIDE\plugins\com.st.stm32cube.common.mx_6.15.0.202507011659\\db\/mcu/
2025-12-25 11:48:33,585 [INFO] ApiDb:274 - Set plugin database path to: C:\ST\STM32CubeIDE_1.19.0\STM32CubeIDE\plugins\com.st.stm32cube.common.mx_6.15.0.202507011659\\db\/plugins/boardmanager/
2025-12-25 11:48:33,585 [INFO] ApiDb:261 - Set plugin images path to: C:\ST\STM32CubeIDE_1.19.0\STM32CubeIDE\plugins\com.st.stm32cube.common.mx_6.15.0.202507011659\\db\/plugins/mcufinder/images/
2025-12-25 11:48:33,585 [WARN] DbFile:41 - Overriding database path with different value: C:\Users\aditi\.stmcufinder\plugins\mcufinder/ => C:\Users\aditi\.stmcufinder\plugins\mcufinder
2025-12-25 11:48:33,585 [INFO] ApiDb:250 - Set database path to: C:\Users\aditi\.stmcufinder\plugins\mcufinder//mcu/
2025-12-25 11:48:33,585 [WARN] DbFile:41 - Overriding database path with different value: C:\Users\aditi\.stmcufinder\plugins\mcufinder/ => C:\Users\aditi\.stmcufinder\plugins\mcufinder
2025-12-25 11:48:33,585 [INFO] DbMcusAds:125 - Set database path to: C:\Users\aditi\.stmcufinder\plugins\mcufinder//mcu/
2025-12-25 11:48:33,585 [WARN] DbFile:41 - Overriding database path with different value: C:\Users\aditi\.stmcufinder\plugins\mcufinder/ => C:\Users\aditi\.stmcufinder\plugins\mcufinder
2025-12-25 11:48:33,585 [WARN] DbFile:41 - Overriding database path with different value: C:\Users\aditi\.stmcufinder\plugins\mcufinder/ => C:\Users\aditi\.stmcufinder\plugins\mcufinder
2025-12-25 11:48:33,585 [INFO] CrossReferenceDbSqlite:203 - Set database path to: C:\Users\aditi\.stmcufinder\plugins\mcufinder//mcu/cs/
2025-12-25 11:48:33,605 [INFO] ApplicationProperties:184 - Using Application install path: C:\ST\STM32CubeIDE_1.19.0\STM32CubeIDE\plugins\com.st.stm32cube.common.mx_6.15.0.202507011659
2025-12-25 11:48:33,607 [INFO] PluginManage:196 - Search for loadable plugins [exclusion list=, ]
2025-12-25 11:48:33,608 [INFO] PluginManage:310 - Check plugin analytics
2025-12-25 11:48:33,919 [INFO] AnalyticsPlugin:253 - Accepted Software Licenses: 
2025-12-25 11:48:33,919 [INFO] AnalyticsPlugin:255 - Accepted CMSIS Pack Licenses: 
2025-12-25 11:48:33,920 [INFO] AnalyticsPlugin:257 - Accepted Firmware Licenses: FW.F4.1.28.0
2025-12-25 11:48:33,928 [INFO] PluginManage:359 - Loaded plugin analytics (category:tool,tabindex:-1)
2025-12-25 11:48:33,928 [INFO] PluginManage:310 - Check plugin cadmodel
2025-12-25 11:48:33,940 [INFO] CADModel:105 - Init CAD model plugin
2025-12-25 11:48:33,940 [INFO] PluginManage:359 - Loaded plugin cadmodel (category:power,tabindex:5)
2025-12-25 11:48:33,940 [INFO] PluginManage:310 - Check plugin clock
2025-12-25 11:48:33,955 [INFO] PluginManage:359 - Loaded plugin clock (category:base,tabindex:2)
2025-12-25 11:48:33,956 [INFO] PluginManage:310 - Check plugin ddr
2025-12-25 11:48:33,960 [INFO] PluginManage:359 - Loaded plugin ddr (category:tool,tabindex:6)
2025-12-25 11:48:33,960 [INFO] PluginManage:310 - Check plugin filemanager
2025-12-25 11:48:34,150 [INFO] PluginManage:359 - Loaded plugin filemanager (category:base,tabindex:10)
2025-12-25 11:48:34,150 [INFO] PluginManage:310 - Check plugin ipmanager
2025-12-25 11:48:34,157 [INFO] PluginManage:359 - Loaded plugin ipmanager (category:base,tabindex:5)
2025-12-25 11:48:34,157 [INFO] PluginManage:310 - Check plugin lpbam
2025-12-25 11:48:34,167 [INFO] PluginManage:359 - Loaded plugin lpbam (category:base,tabindex:0)
2025-12-25 11:48:34,167 [INFO] PluginManage:310 - Check plugin memorymap
2025-12-25 11:48:34,184 [INFO] PluginManage:359 - Loaded plugin memorymap (category:base,tabindex:4)
2025-12-25 11:48:34,185 [INFO] PluginManage:310 - Check plugin pinoutandconfiguration
2025-12-25 11:48:34,195 [INFO] PluginManage:359 - Loaded plugin pinoutandconfiguration (category:base,tabindex:1)
2025-12-25 11:48:34,195 [INFO] PluginManage:310 - Check plugin pinoutconfig
2025-12-25 11:48:34,293 [WARN] SupportedApi:132 - Cannot load RTOS API schema: s4s-elt-must-match.1: The content of 'definitions' must match (annotation?, (simpleType | complexType)?, (unique | key | keyref)*)). A problem was found starting at: attribute.
2025-12-25 11:48:34,632 [INFO] PluginManage:359 - Loaded plugin pinoutconfig (category:base,tabindex:0)
2025-12-25 11:48:34,632 [INFO] PluginManage:310 - Check plugin power
2025-12-25 11:48:34,652 [INFO] PluginManage:359 - Loaded plugin power (category:power,tabindex:4)
2025-12-25 11:48:34,652 [INFO] PluginManage:310 - Check plugin projectmanager
2025-12-25 11:48:34,681 [INFO] PluginManage:359 - Loaded plugin projectmanager (category:projectmanager,tabindex:4)
2025-12-25 11:48:34,682 [INFO] PluginManage:310 - Check plugin rif
2025-12-25 11:48:34,712 [INFO] PluginManage:359 - Loaded plugin rif (category:base,tabindex:3)
2025-12-25 11:48:34,713 [INFO] PluginManage:310 - Check plugin thirdparty
2025-12-25 11:48:34,958 [WARN] IntegrityCheckThread:84 - waiting for thirdparty lock release [integrity check]
2025-12-25 11:48:34,958 [INFO] IntegrityCheckThread:86 - entering critical section [integrity check]
2025-12-25 11:48:34,959 [INFO] PluginManage:359 - Loaded plugin thirdparty (category:base,tabindex:-1)
2025-12-25 11:48:34,959 [INFO] ThirdPartyUpdaterWithRetryManager:70 - Updater plugin not ready yet. [1/15]
2025-12-25 11:48:34,959 [INFO] PluginManage:310 - Check plugin tools
2025-12-25 11:48:34,965 [INFO] PluginManage:359 - Loaded plugin tools (category:base,tabindex:7)
2025-12-25 11:48:34,965 [INFO] PluginManage:310 - Check plugin tutovideos
2025-12-25 11:48:35,276 [INFO] PluginManage:359 - Loaded plugin tutovideos (category:base,tabindex:-1)
2025-12-25 11:48:35,277 [INFO] PluginManage:310 - Check plugin updater
2025-12-25 11:48:35,307 [INFO] PluginManage:359 - Loaded plugin updater (category:base,tabindex:12)
2025-12-25 11:48:35,307 [INFO] PluginManage:310 - Check plugin userauth
2025-12-25 11:48:35,313 [INFO] UserAuth:118 - Init User Auth plugin
2025-12-25 11:48:35,314 [INFO] PluginManage:359 - Loaded plugin userauth (category:base,tabindex:14)
2025-12-25 11:48:35,315 [INFO] PluginManage:283 - PluginManage : Loaded plugins [18]
2025-12-25 11:48:35,580 [INFO] PinOutPanel:1589 - setPackage(No Configuration,No Configuration)
2025-12-25 11:48:35,703 [INFO] CADModel:165 - CPN selected for project level
2025-12-25 11:48:35,703 [INFO] CADModel:114 - Register for checkConnection events
2025-12-25 11:48:35,751 [INFO] IPUIPlugin:80 - create IPUIPlugin
2025-12-25 11:48:35,751 [INFO] PluginManager:220 - loadIPPluginJar : add adc
2025-12-25 11:48:35,765 [INFO] IPUIPlugin:80 - create IPUIPlugin
2025-12-25 11:48:35,765 [INFO] PluginManager:220 - loadIPPluginJar : add aes
2025-12-25 11:48:35,769 [INFO] IPUIPlugin:80 - create IPUIPlugin
2025-12-25 11:48:35,769 [INFO] PluginManager:220 - loadIPPluginJar : add can
2025-12-25 11:48:35,772 [INFO] IPUIPlugin:80 - create IPUIPlugin
2025-12-25 11:48:35,772 [INFO] PluginManager:220 - loadIPPluginJar : add comp
2025-12-25 11:48:35,777 [INFO] IPUIPlugin:80 - create IPUIPlugin
2025-12-25 11:48:35,778 [INFO] PluginManager:220 - loadIPPluginJar : add cryp
2025-12-25 11:48:35,792 [INFO] IPUIPlugin:80 - create IPUIPlugin
2025-12-25 11:48:35,792 [INFO] PluginManager:220 - loadIPPluginJar : add ddr_ctrl_phy
2025-12-25 11:48:35,796 [INFO] IPUIPlugin:80 - create IPUIPlugin
2025-12-25 11:48:35,796 [INFO] PluginManager:220 - loadIPPluginJar : add dfsdm
2025-12-25 11:48:35,803 [INFO] IPUIPlugin:80 - create IPUIPlugin
2025-12-25 11:48:35,803 [INFO] PluginManager:220 - loadIPPluginJar : add dma
2025-12-25 11:48:35,809 [INFO] IPUIPlugin:80 - create IPUIPlugin
2025-12-25 11:48:35,810 [INFO] PluginManager:220 - loadIPPluginJar : add dma3
2025-12-25 11:48:35,814 [INFO] IPUIPlugin:80 - create IPUIPlugin
2025-12-25 11:48:35,814 [INFO] PluginManager:220 - loadIPPluginJar : add extmemmanager
2025-12-25 11:48:35,816 [INFO] IPUIPlugin:80 - create IPUIPlugin
2025-12-25 11:48:35,816 [INFO] PluginManager:220 - loadIPPluginJar : add fatfs
2025-12-25 11:48:35,823 [INFO] IPUIPlugin:80 - create IPUIPlugin
2025-12-25 11:48:35,823 [INFO] PluginManager:220 - loadIPPluginJar : add fmc
2025-12-25 11:48:35,840 [INFO] IPUIPlugin:80 - create IPUIPlugin
2025-12-25 11:48:35,840 [INFO] PluginManager:220 - loadIPPluginJar : add freertos
2025-12-25 11:48:35,843 [INFO] IPUIPlugin:80 - create IPUIPlugin
2025-12-25 11:48:35,843 [INFO] PluginManager:220 - loadIPPluginJar : add genericplugin
2025-12-25 11:48:35,847 [INFO] IPUIPlugin:80 - create IPUIPlugin
2025-12-25 11:48:35,847 [INFO] PluginManager:220 - loadIPPluginJar : add gfxmmu
2025-12-25 11:48:35,853 [INFO] IPUIPlugin:80 - create IPUIPlugin
2025-12-25 11:48:35,853 [INFO] PluginManager:220 - loadIPPluginJar : add gic
2025-12-25 11:48:35,858 [INFO] IPUIPlugin:80 - create IPUIPlugin
2025-12-25 11:48:35,858 [INFO] PluginManager:220 - loadIPPluginJar : add gpio
2025-12-25 11:48:35,862 [INFO] IPUIPlugin:80 - create IPUIPlugin
2025-12-25 11:48:35,862 [INFO] PluginManager:220 - loadIPPluginJar : add gtzc
2025-12-25 11:48:35,867 [INFO] IPUIPlugin:80 - create IPUIPlugin
2025-12-25 11:48:35,867 [INFO] PluginManager:220 - loadIPPluginJar : add hash
2025-12-25 11:48:35,871 [INFO] IPUIPlugin:80 - create IPUIPlugin
2025-12-25 11:48:35,872 [INFO] PluginManager:220 - loadIPPluginJar : add i2c
2025-12-25 11:48:35,875 [INFO] IPUIPlugin:80 - create IPUIPlugin
2025-12-25 11:48:35,876 [INFO] PluginManager:220 - loadIPPluginJar : add i2s
2025-12-25 11:48:35,887 [INFO] IPUIPlugin:80 - create IPUIPlugin
2025-12-25 11:48:35,887 [INFO] PluginManager:220 - loadIPPluginJar : add i3c
2025-12-25 11:48:35,901 [INFO] IPUIPlugin:80 - create IPUIPlugin
2025-12-25 11:48:35,902 [INFO] PluginManager:220 - loadIPPluginJar : add ipddr
2025-12-25 11:48:35,910 [INFO] IPUIPlugin:80 - create IPUIPlugin
2025-12-25 11:48:35,911 [INFO] PluginManager:220 - loadIPPluginJar : add linkedlist
2025-12-25 11:48:35,916 [INFO] IPUIPlugin:80 - create IPUIPlugin
2025-12-25 11:48:35,916 [INFO] PluginManager:220 - loadIPPluginJar : add lorawan
2025-12-25 11:48:35,919 [INFO] IPUIPlugin:80 - create IPUIPlugin
2025-12-25 11:48:35,919 [INFO] PluginManager:220 - loadIPPluginJar : add ltdc
2025-12-25 11:48:35,928 [INFO] IPUIPlugin:80 - create IPUIPlugin
2025-12-25 11:48:35,928 [INFO] PluginManager:220 - loadIPPluginJar : add mdma
2025-12-25 11:48:35,934 [INFO] IPUIPlugin:80 - create IPUIPlugin
2025-12-25 11:48:35,934 [INFO] PluginManager:220 - loadIPPluginJar : add nvic
2025-12-25 11:48:35,937 [INFO] IPUIPlugin:80 - create IPUIPlugin
2025-12-25 11:48:35,937 [INFO] PluginManager:220 - loadIPPluginJar : add opamp
2025-12-25 11:48:35,941 [INFO] IPUIPlugin:80 - create IPUIPlugin
2025-12-25 11:48:35,942 [INFO] PluginManager:220 - loadIPPluginJar : add openamp
2025-12-25 11:48:35,946 [INFO] IPUIPlugin:80 - create IPUIPlugin
2025-12-25 11:48:35,946 [INFO] PluginManager:220 - loadIPPluginJar : add pdm2pcm
2025-12-25 11:48:35,952 [INFO] IPUIPlugin:80 - create IPUIPlugin
2025-12-25 11:48:35,954 [INFO] PluginManager:220 - loadIPPluginJar : add plateformsettings
2025-12-25 11:48:35,956 [INFO] IPUIPlugin:80 - create IPUIPlugin
2025-12-25 11:48:35,956 [INFO] PluginManager:220 - loadIPPluginJar : add quadspi
2025-12-25 11:48:35,959 [INFO] IPUIPlugin:80 - create IPUIPlugin
2025-12-25 11:48:35,959 [INFO] PluginManager:220 - loadIPPluginJar : add radio
2025-12-25 11:48:35,966 [INFO] IPUIPlugin:80 - create IPUIPlugin
2025-12-25 11:48:35,966 [INFO] PluginManager:220 - loadIPPluginJar : add resmgrutility
2025-12-25 11:48:35,970 [INFO] IPUIPlugin:80 - create IPUIPlugin
2025-12-25 11:48:35,970 [INFO] PluginManager:220 - loadIPPluginJar : add sai
2025-12-25 11:48:35,974 [INFO] IPUIPlugin:80 - create IPUIPlugin
2025-12-25 11:48:35,974 [INFO] PluginManager:220 - loadIPPluginJar : add spi
2025-12-25 11:48:35,980 [INFO] IPUIPlugin:80 - create IPUIPlugin
2025-12-25 11:48:35,980 [INFO] PluginManager:220 - loadIPPluginJar : add stm32_wpan
2025-12-25 11:48:35,983 [INFO] IPUIPlugin:80 - create IPUIPlugin
2025-12-25 11:48:35,983 [INFO] PluginManager:220 - loadIPPluginJar : add tim
2025-12-25 11:48:35,990 [INFO] IPUIPlugin:80 - create IPUIPlugin
2025-12-25 11:48:35,991 [INFO] PluginManager:220 - loadIPPluginJar : add touchsensing
2025-12-25 11:48:35,993 [INFO] IPUIPlugin:80 - create IPUIPlugin
2025-12-25 11:48:35,993 [INFO] PluginManager:220 - loadIPPluginJar : add tracer_emb
2025-12-25 11:48:35,996 [INFO] IPUIPlugin:80 - create IPUIPlugin
2025-12-25 11:48:35,996 [INFO] PluginManager:220 - loadIPPluginJar : add ts
2025-12-25 11:48:35,998 [INFO] IPUIPlugin:80 - create IPUIPlugin
2025-12-25 11:48:35,998 [INFO] PluginManager:220 - loadIPPluginJar : add tsc
2025-12-25 11:48:36,001 [INFO] IPUIPlugin:80 - create IPUIPlugin
2025-12-25 11:48:36,001 [INFO] PluginManager:220 - loadIPPluginJar : add ucpd
2025-12-25 11:48:36,005 [INFO] IPUIPlugin:80 - create IPUIPlugin
2025-12-25 11:48:36,005 [INFO] PluginManager:220 - loadIPPluginJar : add usart
2025-12-25 11:48:36,009 [INFO] IPUIPlugin:80 - create IPUIPlugin
2025-12-25 11:48:36,009 [INFO] PluginManager:220 - loadIPPluginJar : add usbx
2025-12-25 11:48:36,134 [FATAL] Updater:351 - Updater called before beeing initialized
2025-12-25 11:48:36,174 [INFO] RulesReader:64 - Compatibility file has been processed (317 Rules)
2025-12-25 11:48:36,185 [INFO] RulesReader:64 - Compatibility file has been processed (317 Rules)
2025-12-25 11:48:36,205 [INFO] CADModel:165 - CPN selected for project level
2025-12-25 11:48:36,206 [INFO] CADModel:114 - Register for checkConnection events
2025-12-25 11:48:36,206 [FATAL] Updater:351 - Updater called before beeing initialized
2025-12-25 11:48:36,206 [ERROR] CADModel:125 - Updater not yet initialized, retry later 
2025-12-25 11:48:36,405 [FATAL] Updater:351 - Updater called before beeing initialized
2025-12-25 11:48:36,408 [INFO] CADModel:165 - CPN selected for project level
2025-12-25 11:48:36,408 [INFO] CADModel:114 - Register for checkConnection events
2025-12-25 11:48:36,408 [FATAL] Updater:351 - Updater called before beeing initialized
2025-12-25 11:48:36,408 [ERROR] CADModel:125 - Updater not yet initialized, retry later 
2025-12-25 11:48:36,414 [FATAL] Updater:351 - Updater called before beeing initialized
2025-12-25 11:48:36,557 [FATAL] Updater:351 - Updater called before beeing initialized
2025-12-25 11:48:36,560 [INFO] DbMcusAds:53 - JSON generation date=Tue Dec 16 04:41:46 IST 2025 (1765840306612)
2025-12-25 11:48:36,561 [FATAL] Updater:351 - Updater called before beeing initialized
2025-12-25 11:48:36,615 [WARN] DetailPanel:346 - Failed to get advertising image, set to default
2025-12-25 11:48:36,749 [FATAL] Updater:351 - Updater called before beeing initialized
2025-12-25 11:48:36,751 [FATAL] Updater:351 - Updater called before beeing initialized
2025-12-25 11:48:36,752 [FATAL] Updater:351 - Updater called before beeing initialized
2025-12-25 11:48:36,752 [WARN] DetailPanel:346 - Failed to get advertising image, set to default
2025-12-25 11:48:36,753 [FATAL] Updater:351 - Updater called before beeing initialized
2025-12-25 11:48:36,837 [ERROR] Updater:1198 - MainUpdater not yet initialized. External WinMGr cannot be set.
2025-12-25 11:48:36,839 [INFO] Updater:1134 - Updater Version found : 6.15.0
2025-12-25 11:48:36,855 [INFO] ApplicationProperties:184 - Using Application install path: C:\ST\STM32CubeIDE_1.19.0\STM32CubeIDE\plugins\com.st.stm32cube.common.mx_6.15.0.202507011659
2025-12-25 11:48:37,959 [INFO] ThirdPartyUpdaterWithRetryManager:70 - Updater plugin not ready yet. [2/15]
2025-12-25 11:48:38,426 [ERROR] LogOutputStream:75 - [STDERR_REDIRECT] Dec 25, 2025 11:48:38 AM java.util.prefs.WindowsPreferences <init>
2025-12-25 11:48:38,427 [ERROR] LogOutputStream:75 - [STDERR_REDIRECT] WARNING: Could not open/create prefs root node Software\JavaSoft\Prefs at root 0xffffffff80000002. Windows RegCreateKeyEx(...) returned error code 5.
2025-12-25 11:48:38,428 [ERROR] LogOutputStream:75 - [STDERR_REDIRECT] 
2025-12-25 11:48:39,040 [INFO] MainUpdater:2872 - connection check result : 10
2025-12-25 11:48:39,041 [INFO] MainUpdater:289 - Updater Check For Update Now.
2025-12-25 11:48:39,041 [INFO] MicroXplorer:498 - Change Database Version : DB.6.0.150
2025-12-25 11:48:39,051 [INFO] McuFinderGlobals:63 - Set McuFinder mode to 2 (CubeIDE integrated)
2025-12-25 11:48:39,053 [INFO] UserAuth:487 - Internet connection configuration mode: 1
2025-12-25 11:48:39,116 [INFO] JxBrowserEngine:152 - Initiate JxBrowser Engine with user profile folder
2025-12-25 11:48:39,265 [INFO] CheckServerUpdateThread:120 - End of CheckServer Thread
2025-12-25 11:48:40,446 [INFO] WebApp:169 - Instantiating new browser for Auth
2025-12-25 11:48:41,276 [WARN] PackLoader:240 - Cannot read IP mode file for STMicroelectronics.FP-SNS-MOTENVWB1.1.4.0
2025-12-25 11:48:41,294 [WARN] PackLoader:240 - Cannot read IP mode file for STMicroelectronics.FP-ATR-ASTRA1.2.0.2
2025-12-25 11:48:41,313 [WARN] PackLoader:240 - Cannot read IP mode file for STMicroelectronics.X-CUBE-SMBUS.2.1.0
2025-12-25 11:48:41,397 [WARN] PackLoader:240 - Cannot read IP mode file for STMicroelectronics.X-CUBE-AZRTOS-F7.1.1.0
2025-12-25 11:48:41,426 [WARN] PackLoader:240 - Cannot read IP mode file for STMicroelectronics.X-CUBE-DISPLAY.3.0.0
2025-12-25 11:48:41,457 [WARN] PackLoader:240 - Cannot read IP mode file for STMicroelectronics.X-CUBE-NFC10.1.0.0
2025-12-25 11:48:41,471 [WARN] PackLoader:240 - Cannot read IP mode file for STMicroelectronics.FP-SNS-SMARTAG2.1.2.0
2025-12-25 11:48:41,482 [WARN] PackLoader:240 - Cannot read IP mode file for STMicroelectronics.FP-SNS-FLIGHT1.5.1.0
2025-12-25 11:48:41,503 [INFO] LogOutputStream:77 - [STDOUT_REDIRECT] 1 : Invalid condition id : UX_CORESTACK_Condition cause : null
2025-12-25 11:48:41,506 [INFO] LogOutputStream:77 - [STDOUT_REDIRECT] 1 : Invalid condition id : UX_CORESTACK_Condition cause : null
2025-12-25 11:48:41,508 [INFO] LogOutputStream:77 - [STDOUT_REDIRECT] 1 : Invalid condition id : UX_CORESTACK_Condition cause : null
2025-12-25 11:48:41,512 [INFO] LogOutputStream:77 - [STDOUT_REDIRECT] 1 : Invalid condition id : UX_CORESTACK_Condition cause : null
2025-12-25 11:48:41,514 [INFO] LogOutputStream:77 - [STDOUT_REDIRECT] 1 : Invalid condition id : UX_CORESTACK_Condition cause : null
2025-12-25 11:48:41,522 [WARN] PackLoader:240 - Cannot read IP mode file for STMicroelectronics.X-CUBE-AZRTOS-WL.2.0.0
2025-12-25 11:48:41,534 [WARN] PackLoader:240 - Cannot read IP mode file for STMicroelectronics.X-CUBE-BLE2.3.3.0
2025-12-25 11:48:41,548 [WARN] PackLoader:240 - Cannot read IP mode file for STMicroelectronics.X-CUBE-NFC9.1.0.0
2025-12-25 11:48:41,561 [WARN] PackLoader:240 - Cannot read IP mode file for STMicroelectronics.X-CUBE-BLE1.7.1.0
2025-12-25 11:48:41,572 [INFO] WebApp:463 - Apply proxy settings
2025-12-25 11:48:41,573 [INFO] WebApp:548 - Chromium requires no authentication
2025-12-25 11:48:41,584 [WARN] PackLoader:240 - Cannot read IP mode file for STMicroelectronics.X-CUBE-AZRTOS-G0.1.1.0
2025-12-25 11:48:41,596 [WARN] PackLoader:240 - Cannot read IP mode file for STMicroelectronics.X-CUBE-NFC4.3.0.0
2025-12-25 11:48:41,606 [WARN] PackLoader:240 - Cannot read IP mode file for STMicroelectronics.X-CUBE-WB05N.2.0.0
2025-12-25 11:48:41,615 [WARN] PackLoader:240 - Cannot read IP mode file for STMicroelectronics.X-CUBE-TCPP.4.2.0
2025-12-25 11:48:41,624 [WARN] PackLoader:240 - Cannot read IP mode file for STMicroelectronics.FP-ATR-SIGFOX1.3.2.0
2025-12-25 11:48:41,634 [WARN] PackLoader:240 - Cannot read IP mode file for STMicroelectronics.X-CUBE-ALGOBUILD.1.4.0
2025-12-25 11:48:41,642 [WARN] PackLoader:240 - Cannot read IP mode file for STMicroelectronics.X-CUBE-PM33A1.1.0.0
2025-12-25 11:48:41,655 [INFO] WebApp:491 - Direct internet connection detected
2025-12-25 11:48:41,661 [WARN] PackLoader:240 - Cannot read IP mode file for STMicroelectronics.X-CUBE-AZRTOS-F4.1.1.0
2025-12-25 11:48:41,673 [WARN] PackLoader:240 - Cannot read IP mode file for STMicroelectronics.X-CUBE-ISPU.2.1.0
2025-12-25 11:48:41,693 [WARN] PackLoader:240 - Cannot read IP mode file for STMicroelectronics.X-CUBE-AZRTOS-L5.2.0.0
2025-12-25 11:48:41,705 [WARN] PackLoader:240 - Cannot read IP mode file for STMicroelectronics.X-CUBE-NFC6.3.1.0
2025-12-25 11:48:41,717 [WARN] PackLoader:240 - Cannot read IP mode file for STMicroelectronics.X-CUBE-DPower.1.3.0
2025-12-25 11:48:41,751 [WARN] ConditionMgr:438 - getConditionDescription Invalid condition id : LAN8742 Phy interface Condition cause : null
2025-12-25 11:48:41,754 [WARN] PackLoader:240 - Cannot read IP mode file for STMicroelectronics.X-CUBE-AZRTOS-L4.2.0.0
2025-12-25 11:48:41,757 [WARN] ConditionMgr:1044 - genDependencies : Invalid condition id : LAN8742 Phy interface Condition cause : null
2025-12-25 11:48:41,757 [WARN] ConditionMgr:1044 - genDependencies : Invalid condition id : LAN8742 Phy interface Condition cause : null
2025-12-25 11:48:41,758 [WARN] ConditionMgr:1044 - genDependencies : Invalid condition id : LAN8742 Phy interface Condition cause : null
2025-12-25 11:48:41,775 [WARN] PackLoader:240 - Cannot read IP mode file for STMicroelectronics.X-CUBE-SFXS2LP1.4.0.0
2025-12-25 11:48:41,796 [WARN] ConditionMgr:438 - getConditionDescription Invalid condition id : UX DEVICE CLASS RTOS Condition cause : null
2025-12-25 11:48:41,796 [WARN] ConditionMgr:438 - getConditionDescription Invalid condition id : UX DEVICE CLASS RTOS Condition cause : null
2025-12-25 11:48:41,798 [WARN] PackLoader:240 - Cannot read IP mode file for STMicroelectronics.X-CUBE-AZRTOS-WB.2.0.0
2025-12-25 11:48:41,799 [WARN] ConditionMgr:1044 - genDependencies : Invalid condition id : UX DEVICE CLASS RTOS Condition cause : null
2025-12-25 11:48:41,799 [WARN] ConditionMgr:1044 - genDependencies : Invalid condition id : UX DEVICE CLASS RTOS Condition cause : null
2025-12-25 11:48:41,799 [WARN] ConditionMgr:1044 - genDependencies : Invalid condition id : UX DEVICE CLASS RTOS Condition cause : null
2025-12-25 11:48:41,800 [WARN] ConditionMgr:1044 - genDependencies : Invalid condition id : UX DEVICE CLASS RTOS Condition cause : null
2025-12-25 11:48:41,800 [WARN] ConditionMgr:1044 - genDependencies : Invalid condition id : UX DEVICE CLASS RTOS Condition cause : null
2025-12-25 11:48:41,817 [WARN] PackLoader:240 - Cannot read IP mode file for STMicroelectronics.X-CUBE-SUBG2.5.0.0
2025-12-25 11:48:41,895 [WARN] PackLoader:240 - Cannot read IP mode file for STMicroelectronics.X-CUBE-AZRTOS-G4.2.0.0
2025-12-25 11:48:41,907 [WARN] PackLoader:240 - Cannot read IP mode file for STMicroelectronics.X-CUBE-NFC7.2.0.0
2025-12-25 11:48:41,918 [WARN] PackLoader:240 - Cannot read IP mode file for STMicroelectronics.X-CUBE-ALS.1.0.2
2025-12-25 11:48:41,941 [WARN] PackLoader:240 - Cannot read IP mode file for STMicroelectronics.X-CUBE-TOF1.3.4.3
2025-12-25 11:48:41,953 [INFO] ThirdParty:978 - Integrity check success = true
2025-12-25 11:48:41,954 [INFO] IntegrityCheckThread:100 - exiting critical section [integrity check]
2025-12-25 11:48:41,954 [INFO] IntegrityCheckThread:103 - End integrity checks thread
2025-12-25 11:48:42,003 [INFO] WebApp:900 - Register for checkConnection events
2025-12-25 11:48:42,003 [INFO] WebApp:463 - Apply proxy settings
2025-12-25 11:48:42,004 [INFO] WebApp:548 - Chromium requires no authentication
2025-12-25 11:48:42,004 [INFO] WebApp:491 - Direct internet connection detected
2025-12-25 11:48:42,484 [INFO] WebApp:191 - Connection restablished
2025-12-25 11:48:42,892 [INFO] WebApp:225 - Starting web application
2025-12-25 11:48:42,892 [INFO] WebApp:593 - Web application path used C:\ST\STM32CubeIDE_1.19.0\STM32CubeIDE\plugins\com.st.stm32cube.common.mx_6.15.0.202507011659\db\plugins\mcufinder\reactClient1\index.html
2025-12-25 11:48:43,165 [INFO] UserAuth:487 - Internet connection configuration mode: 1
2025-12-25 11:49:36,698 [INFO] WebApp:194 - Connection lost
2025-12-25 11:49:37,588 [INFO] WebApp:191 - Connection restablished
2025-12-25 11:53:34,041 [ERROR] LogOutputStream:75 - [STDERR_REDIRECT] 
2025-12-25 11:53:34,042 [ERROR] LogOutputStream:75 - [STDERR_REDIRECT] 
