2025-12-29 12:25:28,232 [INFO] Activator:176 - 


2025-12-29 12:25:28,237 [INFO] Activator:177 - !SESSION log4j initialized
2025-12-29 12:25:36,888 [INFO] LogOutputStream:77 - [STDOUT_REDIRECT] 
2025-12-29 12:26:10,111 [INFO] ApplicationProperties:184 - Using Application install path: C:\ST\STM32CubeIDE_1.19.0\STM32CubeIDE\plugins\com.st.stm32cube.common.mx_6.15.0.202507011659
2025-12-29 12:26:10,127 [INFO] DbMcusXml:78 - Set database path to: C:\ST\STM32CubeIDE_1.19.0\STM32CubeIDE\plugins\com.st.stm32cube.common.mx_6.15.0.202507011659\\db\/mcu/
2025-12-29 12:26:10,127 [INFO] ApiDb:274 - Set plugin database path to: C:\ST\STM32CubeIDE_1.19.0\STM32CubeIDE\plugins\com.st.stm32cube.common.mx_6.15.0.202507011659\\db\/plugins/boardmanager/
2025-12-29 12:26:10,127 [WARN] ApiDb:259 - Overriding images path with different value:  => C:\ST\STM32CubeIDE_1.19.0\STM32CubeIDE\plugins\com.st.stm32cube.common.mx_6.15.0.202507011659\\db\/plugins/mcufinder/images/
2025-12-29 12:26:10,133 [INFO] ApiDb:250 - Set database path to: C:\Users\aditi\.stmcufinder\plugins\mcufinder//mcu/
2025-12-29 12:26:10,134 [INFO] DbMcusAds:125 - Set database path to: C:\Users\aditi\.stmcufinder\plugins\mcufinder//mcu/
2025-12-29 12:26:10,174 [INFO] CrossReferenceDbSqlite:203 - Set database path to: C:\Users\aditi\.stmcufinder\plugins\mcufinder//mcu/cs/
2025-12-29 12:26:10,290 [INFO] RulesReader:64 - Compatibility file has been processed (317 Rules)
2025-12-29 12:26:10,390 [INFO] DbMcusXml:78 - Set database path to: C:\ST\STM32CubeIDE_1.19.0\STM32CubeIDE\plugins\com.st.stm32cube.common.mx_6.15.0.202507011659\\db\/mcu/
2025-12-29 12:26:10,390 [INFO] ApiDb:274 - Set plugin database path to: C:\ST\STM32CubeIDE_1.19.0\STM32CubeIDE\plugins\com.st.stm32cube.common.mx_6.15.0.202507011659\\db\/plugins/boardmanager/
2025-12-29 12:26:10,390 [INFO] ApiDb:261 - Set plugin images path to: C:\ST\STM32CubeIDE_1.19.0\STM32CubeIDE\plugins\com.st.stm32cube.common.mx_6.15.0.202507011659\\db\/plugins/mcufinder/images/
2025-12-29 12:26:10,390 [WARN] DbFile:41 - Overriding database path with different value: C:\Users\aditi\.stmcufinder\plugins\mcufinder/ => C:\Users\aditi\.stmcufinder\plugins\mcufinder
2025-12-29 12:26:10,390 [INFO] ApiDb:250 - Set database path to: C:\Users\aditi\.stmcufinder\plugins\mcufinder//mcu/
2025-12-29 12:26:10,390 [WARN] DbFile:41 - Overriding database path with different value: C:\Users\aditi\.stmcufinder\plugins\mcufinder/ => C:\Users\aditi\.stmcufinder\plugins\mcufinder
2025-12-29 12:26:10,390 [INFO] DbMcusAds:125 - Set database path to: C:\Users\aditi\.stmcufinder\plugins\mcufinder//mcu/
2025-12-29 12:26:10,391 [WARN] DbFile:41 - Overriding database path with different value: C:\Users\aditi\.stmcufinder\plugins\mcufinder/ => C:\Users\aditi\.stmcufinder\plugins\mcufinder
2025-12-29 12:26:10,391 [WARN] DbFile:41 - Overriding database path with different value: C:\Users\aditi\.stmcufinder\plugins\mcufinder/ => C:\Users\aditi\.stmcufinder\plugins\mcufinder
2025-12-29 12:26:10,391 [INFO] CrossReferenceDbSqlite:203 - Set database path to: C:\Users\aditi\.stmcufinder\plugins\mcufinder//mcu/cs/
2025-12-29 12:26:10,463 [INFO] MainPanel:274 - HeapMemory: 325058560
2025-12-29 12:26:10,547 [INFO] DbMcusXml:78 - Set database path to: C:\ST\STM32CubeIDE_1.19.0\STM32CubeIDE\plugins\com.st.stm32cube.common.mx_6.15.0.202507011659\\db\/mcu/
2025-12-29 12:26:10,547 [INFO] ApiDb:274 - Set plugin database path to: C:\ST\STM32CubeIDE_1.19.0\STM32CubeIDE\plugins\com.st.stm32cube.common.mx_6.15.0.202507011659\\db\/plugins/boardmanager/
2025-12-29 12:26:10,547 [INFO] ApiDb:261 - Set plugin images path to: C:\ST\STM32CubeIDE_1.19.0\STM32CubeIDE\plugins\com.st.stm32cube.common.mx_6.15.0.202507011659\\db\/plugins/mcufinder/images/
2025-12-29 12:26:10,548 [WARN] DbFile:41 - Overriding database path with different value: C:\Users\aditi\.stmcufinder\plugins\mcufinder/ => C:\Users\aditi\.stmcufinder\plugins\mcufinder
2025-12-29 12:26:10,548 [INFO] ApiDb:250 - Set database path to: C:\Users\aditi\.stmcufinder\plugins\mcufinder//mcu/
2025-12-29 12:26:10,548 [WARN] DbFile:41 - Overriding database path with different value: C:\Users\aditi\.stmcufinder\plugins\mcufinder/ => C:\Users\aditi\.stmcufinder\plugins\mcufinder
2025-12-29 12:26:10,548 [INFO] DbMcusAds:125 - Set database path to: C:\Users\aditi\.stmcufinder\plugins\mcufinder//mcu/
2025-12-29 12:26:10,548 [WARN] DbFile:41 - Overriding database path with different value: C:\Users\aditi\.stmcufinder\plugins\mcufinder/ => C:\Users\aditi\.stmcufinder\plugins\mcufinder
2025-12-29 12:26:10,548 [WARN] DbFile:41 - Overriding database path with different value: C:\Users\aditi\.stmcufinder\plugins\mcufinder/ => C:\Users\aditi\.stmcufinder\plugins\mcufinder
2025-12-29 12:26:10,548 [INFO] CrossReferenceDbSqlite:203 - Set database path to: C:\Users\aditi\.stmcufinder\plugins\mcufinder//mcu/cs/
2025-12-29 12:26:10,562 [INFO] ApplicationProperties:184 - Using Application install path: C:\ST\STM32CubeIDE_1.19.0\STM32CubeIDE\plugins\com.st.stm32cube.common.mx_6.15.0.202507011659
2025-12-29 12:26:10,563 [INFO] PluginManage:196 - Search for loadable plugins [exclusion list=, ]
2025-12-29 12:26:10,565 [INFO] PluginManage:310 - Check plugin analytics
2025-12-29 12:26:10,767 [INFO] AnalyticsPlugin:253 - Accepted Software Licenses: 
2025-12-29 12:26:10,767 [INFO] AnalyticsPlugin:255 - Accepted CMSIS Pack Licenses: 
2025-12-29 12:26:10,767 [INFO] AnalyticsPlugin:257 - Accepted Firmware Licenses: FW.F4.1.28.0
2025-12-29 12:26:10,770 [INFO] PluginManage:359 - Loaded plugin analytics (category:tool,tabindex:-1)
2025-12-29 12:26:10,770 [INFO] PluginManage:310 - Check plugin cadmodel
2025-12-29 12:26:10,779 [INFO] CADModel:105 - Init CAD model plugin
2025-12-29 12:26:10,779 [INFO] PluginManage:359 - Loaded plugin cadmodel (category:power,tabindex:5)
2025-12-29 12:26:10,779 [INFO] PluginManage:310 - Check plugin clock
2025-12-29 12:26:10,788 [INFO] PluginManage:359 - Loaded plugin clock (category:base,tabindex:2)
2025-12-29 12:26:10,788 [INFO] PluginManage:310 - Check plugin ddr
2025-12-29 12:26:10,791 [INFO] PluginManage:359 - Loaded plugin ddr (category:tool,tabindex:6)
2025-12-29 12:26:10,791 [INFO] PluginManage:310 - Check plugin filemanager
2025-12-29 12:26:10,907 [INFO] PluginManage:359 - Loaded plugin filemanager (category:base,tabindex:10)
2025-12-29 12:26:10,907 [INFO] PluginManage:310 - Check plugin ipmanager
2025-12-29 12:26:10,913 [INFO] PluginManage:359 - Loaded plugin ipmanager (category:base,tabindex:5)
2025-12-29 12:26:10,913 [INFO] PluginManage:310 - Check plugin lpbam
2025-12-29 12:26:10,919 [INFO] PluginManage:359 - Loaded plugin lpbam (category:base,tabindex:0)
2025-12-29 12:26:10,919 [INFO] PluginManage:310 - Check plugin memorymap
2025-12-29 12:26:10,930 [INFO] PluginManage:359 - Loaded plugin memorymap (category:base,tabindex:4)
2025-12-29 12:26:10,930 [INFO] PluginManage:310 - Check plugin pinoutandconfiguration
2025-12-29 12:26:10,938 [INFO] PluginManage:359 - Loaded plugin pinoutandconfiguration (category:base,tabindex:1)
2025-12-29 12:26:10,938 [INFO] PluginManage:310 - Check plugin pinoutconfig
2025-12-29 12:26:11,004 [WARN] SupportedApi:132 - Cannot load RTOS API schema: s4s-elt-must-match.1: The content of 'definitions' must match (annotation?, (simpleType | complexType)?, (unique | key | keyref)*)). A problem was found starting at: attribute.
2025-12-29 12:26:11,122 [INFO] PluginManage:359 - Loaded plugin pinoutconfig (category:base,tabindex:0)
2025-12-29 12:26:11,122 [INFO] PluginManage:310 - Check plugin power
2025-12-29 12:26:11,131 [INFO] PluginManage:359 - Loaded plugin power (category:power,tabindex:4)
2025-12-29 12:26:11,131 [INFO] PluginManage:310 - Check plugin projectmanager
2025-12-29 12:26:11,146 [INFO] PluginManage:359 - Loaded plugin projectmanager (category:projectmanager,tabindex:4)
2025-12-29 12:26:11,147 [INFO] PluginManage:310 - Check plugin rif
2025-12-29 12:26:11,156 [INFO] PluginManage:359 - Loaded plugin rif (category:base,tabindex:3)
2025-12-29 12:26:11,156 [INFO] PluginManage:310 - Check plugin thirdparty
2025-12-29 12:26:11,269 [INFO] PluginManage:359 - Loaded plugin thirdparty (category:base,tabindex:-1)
2025-12-29 12:26:11,269 [WARN] IntegrityCheckThread:84 - waiting for thirdparty lock release [integrity check]
2025-12-29 12:26:11,269 [INFO] PluginManage:310 - Check plugin tools
2025-12-29 12:26:11,269 [INFO] IntegrityCheckThread:86 - entering critical section [integrity check]
2025-12-29 12:26:11,269 [INFO] ThirdPartyUpdaterWithRetryManager:70 - Updater plugin not ready yet. [1/15]
2025-12-29 12:26:11,272 [INFO] PluginManage:359 - Loaded plugin tools (category:base,tabindex:7)
2025-12-29 12:26:11,272 [INFO] PluginManage:310 - Check plugin tutovideos
2025-12-29 12:26:11,433 [INFO] PluginManage:359 - Loaded plugin tutovideos (category:base,tabindex:-1)
2025-12-29 12:26:11,433 [INFO] PluginManage:310 - Check plugin updater
2025-12-29 12:26:11,450 [INFO] PluginManage:359 - Loaded plugin updater (category:base,tabindex:12)
2025-12-29 12:26:11,450 [INFO] PluginManage:310 - Check plugin userauth
2025-12-29 12:26:11,454 [INFO] UserAuth:118 - Init User Auth plugin
2025-12-29 12:26:11,454 [INFO] PluginManage:359 - Loaded plugin userauth (category:base,tabindex:14)
2025-12-29 12:26:11,455 [INFO] PluginManage:283 - PluginManage : Loaded plugins [18]
2025-12-29 12:26:11,629 [INFO] PinOutPanel:1589 - setPackage(No Configuration,No Configuration)
2025-12-29 12:26:11,709 [INFO] CADModel:165 - CPN selected for project level
2025-12-29 12:26:11,709 [INFO] CADModel:114 - Register for checkConnection events
2025-12-29 12:26:11,734 [INFO] IPUIPlugin:80 - create IPUIPlugin
2025-12-29 12:26:11,735 [INFO] PluginManager:220 - loadIPPluginJar : add adc
2025-12-29 12:26:11,738 [INFO] IPUIPlugin:80 - create IPUIPlugin
2025-12-29 12:26:11,738 [INFO] PluginManager:220 - loadIPPluginJar : add aes
2025-12-29 12:26:11,741 [INFO] IPUIPlugin:80 - create IPUIPlugin
2025-12-29 12:26:11,742 [INFO] PluginManager:220 - loadIPPluginJar : add can
2025-12-29 12:26:11,745 [INFO] IPUIPlugin:80 - create IPUIPlugin
2025-12-29 12:26:11,745 [INFO] PluginManager:220 - loadIPPluginJar : add comp
2025-12-29 12:26:11,748 [INFO] IPUIPlugin:80 - create IPUIPlugin
2025-12-29 12:26:11,749 [INFO] PluginManager:220 - loadIPPluginJar : add cryp
2025-12-29 12:26:11,753 [INFO] IPUIPlugin:80 - create IPUIPlugin
2025-12-29 12:26:11,753 [INFO] PluginManager:220 - loadIPPluginJar : add ddr_ctrl_phy
2025-12-29 12:26:11,756 [INFO] IPUIPlugin:80 - create IPUIPlugin
2025-12-29 12:26:11,756 [INFO] PluginManager:220 - loadIPPluginJar : add dfsdm
2025-12-29 12:26:11,762 [INFO] IPUIPlugin:80 - create IPUIPlugin
2025-12-29 12:26:11,762 [INFO] PluginManager:220 - loadIPPluginJar : add dma
2025-12-29 12:26:11,767 [INFO] IPUIPlugin:80 - create IPUIPlugin
2025-12-29 12:26:11,767 [INFO] PluginManager:220 - loadIPPluginJar : add dma3
2025-12-29 12:26:11,770 [INFO] IPUIPlugin:80 - create IPUIPlugin
2025-12-29 12:26:11,771 [INFO] PluginManager:220 - loadIPPluginJar : add extmemmanager
2025-12-29 12:26:11,772 [INFO] IPUIPlugin:80 - create IPUIPlugin
2025-12-29 12:26:11,773 [INFO] PluginManager:220 - loadIPPluginJar : add fatfs
2025-12-29 12:26:11,778 [INFO] IPUIPlugin:80 - create IPUIPlugin
2025-12-29 12:26:11,778 [INFO] PluginManager:220 - loadIPPluginJar : add fmc
2025-12-29 12:26:11,785 [INFO] IPUIPlugin:80 - create IPUIPlugin
2025-12-29 12:26:11,785 [INFO] PluginManager:220 - loadIPPluginJar : add freertos
2025-12-29 12:26:11,787 [INFO] IPUIPlugin:80 - create IPUIPlugin
2025-12-29 12:26:11,788 [INFO] PluginManager:220 - loadIPPluginJar : add genericplugin
2025-12-29 12:26:11,791 [INFO] IPUIPlugin:80 - create IPUIPlugin
2025-12-29 12:26:11,791 [INFO] PluginManager:220 - loadIPPluginJar : add gfxmmu
2025-12-29 12:26:11,796 [INFO] IPUIPlugin:80 - create IPUIPlugin
2025-12-29 12:26:11,796 [INFO] PluginManager:220 - loadIPPluginJar : add gic
2025-12-29 12:26:11,801 [INFO] IPUIPlugin:80 - create IPUIPlugin
2025-12-29 12:26:11,801 [INFO] PluginManager:220 - loadIPPluginJar : add gpio
2025-12-29 12:26:11,805 [INFO] IPUIPlugin:80 - create IPUIPlugin
2025-12-29 12:26:11,805 [INFO] PluginManager:220 - loadIPPluginJar : add gtzc
2025-12-29 12:26:11,808 [INFO] IPUIPlugin:80 - create IPUIPlugin
2025-12-29 12:26:11,809 [INFO] PluginManager:220 - loadIPPluginJar : add hash
2025-12-29 12:26:11,812 [INFO] IPUIPlugin:80 - create IPUIPlugin
2025-12-29 12:26:11,812 [INFO] PluginManager:220 - loadIPPluginJar : add i2c
2025-12-29 12:26:11,816 [INFO] IPUIPlugin:80 - create IPUIPlugin
2025-12-29 12:26:11,816 [INFO] PluginManager:220 - loadIPPluginJar : add i2s
2025-12-29 12:26:11,821 [INFO] IPUIPlugin:80 - create IPUIPlugin
2025-12-29 12:26:11,821 [INFO] PluginManager:220 - loadIPPluginJar : add i3c
2025-12-29 12:26:11,826 [INFO] IPUIPlugin:80 - create IPUIPlugin
2025-12-29 12:26:11,826 [INFO] PluginManager:220 - loadIPPluginJar : add ipddr
2025-12-29 12:26:11,833 [INFO] IPUIPlugin:80 - create IPUIPlugin
2025-12-29 12:26:11,833 [INFO] PluginManager:220 - loadIPPluginJar : add linkedlist
2025-12-29 12:26:11,836 [INFO] IPUIPlugin:80 - create IPUIPlugin
2025-12-29 12:26:11,836 [INFO] PluginManager:220 - loadIPPluginJar : add lorawan
2025-12-29 12:26:11,838 [INFO] IPUIPlugin:80 - create IPUIPlugin
2025-12-29 12:26:11,838 [INFO] PluginManager:220 - loadIPPluginJar : add ltdc
2025-12-29 12:26:11,843 [INFO] IPUIPlugin:80 - create IPUIPlugin
2025-12-29 12:26:11,843 [INFO] PluginManager:220 - loadIPPluginJar : add mdma
2025-12-29 12:26:11,847 [INFO] IPUIPlugin:80 - create IPUIPlugin
2025-12-29 12:26:11,847 [INFO] PluginManager:220 - loadIPPluginJar : add nvic
2025-12-29 12:26:11,850 [INFO] IPUIPlugin:80 - create IPUIPlugin
2025-12-29 12:26:11,850 [INFO] PluginManager:220 - loadIPPluginJar : add opamp
2025-12-29 12:26:11,854 [INFO] IPUIPlugin:80 - create IPUIPlugin
2025-12-29 12:26:11,854 [INFO] PluginManager:220 - loadIPPluginJar : add openamp
2025-12-29 12:26:11,857 [INFO] IPUIPlugin:80 - create IPUIPlugin
2025-12-29 12:26:11,857 [INFO] PluginManager:220 - loadIPPluginJar : add pdm2pcm
2025-12-29 12:26:11,862 [INFO] IPUIPlugin:80 - create IPUIPlugin
2025-12-29 12:26:11,863 [INFO] PluginManager:220 - loadIPPluginJar : add plateformsettings
2025-12-29 12:26:11,865 [INFO] IPUIPlugin:80 - create IPUIPlugin
2025-12-29 12:26:11,865 [INFO] PluginManager:220 - loadIPPluginJar : add quadspi
2025-12-29 12:26:11,867 [INFO] IPUIPlugin:80 - create IPUIPlugin
2025-12-29 12:26:11,868 [INFO] PluginManager:220 - loadIPPluginJar : add radio
2025-12-29 12:26:11,872 [INFO] IPUIPlugin:80 - create IPUIPlugin
2025-12-29 12:26:11,873 [INFO] PluginManager:220 - loadIPPluginJar : add resmgrutility
2025-12-29 12:26:11,876 [INFO] IPUIPlugin:80 - create IPUIPlugin
2025-12-29 12:26:11,876 [INFO] PluginManager:220 - loadIPPluginJar : add sai
2025-12-29 12:26:11,879 [INFO] IPUIPlugin:80 - create IPUIPlugin
2025-12-29 12:26:11,879 [INFO] PluginManager:220 - loadIPPluginJar : add spi
2025-12-29 12:26:11,884 [INFO] IPUIPlugin:80 - create IPUIPlugin
2025-12-29 12:26:11,885 [INFO] PluginManager:220 - loadIPPluginJar : add stm32_wpan
2025-12-29 12:26:11,887 [INFO] IPUIPlugin:80 - create IPUIPlugin
2025-12-29 12:26:11,887 [INFO] PluginManager:220 - loadIPPluginJar : add tim
2025-12-29 12:26:11,891 [INFO] IPUIPlugin:80 - create IPUIPlugin
2025-12-29 12:26:11,891 [INFO] PluginManager:220 - loadIPPluginJar : add touchsensing
2025-12-29 12:26:11,893 [INFO] IPUIPlugin:80 - create IPUIPlugin
2025-12-29 12:26:11,893 [INFO] PluginManager:220 - loadIPPluginJar : add tracer_emb
2025-12-29 12:26:11,895 [INFO] IPUIPlugin:80 - create IPUIPlugin
2025-12-29 12:26:11,896 [INFO] PluginManager:220 - loadIPPluginJar : add ts
2025-12-29 12:26:11,897 [INFO] IPUIPlugin:80 - create IPUIPlugin
2025-12-29 12:26:11,898 [INFO] PluginManager:220 - loadIPPluginJar : add tsc
2025-12-29 12:26:11,900 [INFO] IPUIPlugin:80 - create IPUIPlugin
2025-12-29 12:26:11,900 [INFO] PluginManager:220 - loadIPPluginJar : add ucpd
2025-12-29 12:26:11,903 [INFO] IPUIPlugin:80 - create IPUIPlugin
2025-12-29 12:26:11,903 [INFO] PluginManager:220 - loadIPPluginJar : add usart
2025-12-29 12:26:11,906 [INFO] IPUIPlugin:80 - create IPUIPlugin
2025-12-29 12:26:11,906 [INFO] PluginManager:220 - loadIPPluginJar : add usbx
2025-12-29 12:26:12,030 [FATAL] Updater:351 - Updater called before beeing initialized
2025-12-29 12:26:12,060 [INFO] RulesReader:64 - Compatibility file has been processed (317 Rules)
2025-12-29 12:26:12,070 [INFO] RulesReader:64 - Compatibility file has been processed (317 Rules)
2025-12-29 12:26:12,087 [INFO] CADModel:165 - CPN selected for project level
2025-12-29 12:26:12,087 [INFO] CADModel:114 - Register for checkConnection events
2025-12-29 12:26:12,087 [FATAL] Updater:351 - Updater called before beeing initialized
2025-12-29 12:26:12,087 [ERROR] CADModel:125 - Updater not yet initialized, retry later 
2025-12-29 12:26:12,267 [FATAL] Updater:351 - Updater called before beeing initialized
2025-12-29 12:26:12,268 [INFO] CADModel:165 - CPN selected for project level
2025-12-29 12:26:12,268 [INFO] CADModel:114 - Register for checkConnection events
2025-12-29 12:26:12,268 [FATAL] Updater:351 - Updater called before beeing initialized
2025-12-29 12:26:12,269 [ERROR] CADModel:125 - Updater not yet initialized, retry later 
2025-12-29 12:26:12,271 [FATAL] Updater:351 - Updater called before beeing initialized
2025-12-29 12:26:12,367 [FATAL] Updater:351 - Updater called before beeing initialized
2025-12-29 12:26:12,370 [INFO] DbMcusAds:53 - JSON generation date=Tue Dec 16 04:41:46 IST 2025 (1765840306612)
2025-12-29 12:26:12,370 [FATAL] Updater:351 - Updater called before beeing initialized
2025-12-29 12:26:12,400 [WARN] DetailPanel:346 - Failed to get advertising image, set to default
2025-12-29 12:26:12,472 [FATAL] Updater:351 - Updater called before beeing initialized
2025-12-29 12:26:12,474 [FATAL] Updater:351 - Updater called before beeing initialized
2025-12-29 12:26:12,474 [FATAL] Updater:351 - Updater called before beeing initialized
2025-12-29 12:26:12,474 [WARN] DetailPanel:346 - Failed to get advertising image, set to default
2025-12-29 12:26:12,475 [FATAL] Updater:351 - Updater called before beeing initialized
2025-12-29 12:26:12,513 [ERROR] Updater:1198 - MainUpdater not yet initialized. External WinMGr cannot be set.
2025-12-29 12:26:12,514 [INFO] Updater:1134 - Updater Version found : 6.15.0
2025-12-29 12:26:12,528 [INFO] ApplicationProperties:184 - Using Application install path: C:\ST\STM32CubeIDE_1.19.0\STM32CubeIDE\plugins\com.st.stm32cube.common.mx_6.15.0.202507011659
2025-12-29 12:26:14,097 [ERROR] LogOutputStream:75 - [STDERR_REDIRECT] Dec 29, 2025 12:26:14 PM java.util.prefs.WindowsPreferences <init>
2025-12-29 12:26:14,098 [ERROR] LogOutputStream:75 - [STDERR_REDIRECT] WARNING: Could not open/create prefs root node Software\JavaSoft\Prefs at root 0xffffffff80000002. Windows RegCreateKeyEx(...) returned error code 5.
2025-12-29 12:26:14,098 [ERROR] LogOutputStream:75 - [STDERR_REDIRECT] 
2025-12-29 12:26:14,270 [INFO] ThirdPartyUpdaterWithRetryManager:70 - Updater plugin not ready yet. [2/15]
2025-12-29 12:26:14,530 [INFO] MainUpdater:2872 - connection check result : 10
2025-12-29 12:26:14,531 [INFO] MainUpdater:289 - Updater Check For Update Now.
2025-12-29 12:26:14,531 [INFO] MicroXplorer:498 - Change Database Version : DB.6.0.150
2025-12-29 12:26:14,535 [INFO] McuFinderGlobals:63 - Set McuFinder mode to 2 (CubeIDE integrated)
2025-12-29 12:26:14,537 [INFO] UserAuth:487 - Internet connection configuration mode: 1
2025-12-29 12:26:14,579 [INFO] JxBrowserEngine:152 - Initiate JxBrowser Engine with user profile folder
2025-12-29 12:26:14,711 [INFO] CheckServerUpdateThread:120 - End of CheckServer Thread
2025-12-29 12:26:15,612 [INFO] WebApp:169 - Instantiating new browser for Auth
2025-12-29 12:26:16,378 [INFO] WebApp:463 - Apply proxy settings
2025-12-29 12:26:16,379 [INFO] WebApp:548 - Chromium requires no authentication
2025-12-29 12:26:16,389 [INFO] WebApp:491 - Direct internet connection detected
2025-12-29 12:26:16,417 [INFO] WebApp:900 - Register for checkConnection events
2025-12-29 12:26:16,417 [INFO] WebApp:463 - Apply proxy settings
2025-12-29 12:26:16,417 [INFO] WebApp:548 - Chromium requires no authentication
2025-12-29 12:26:16,418 [INFO] WebApp:491 - Direct internet connection detected
2025-12-29 12:26:16,596 [INFO] WebApp:225 - Starting web application
2025-12-29 12:26:16,597 [INFO] WebApp:593 - Web application path used C:\ST\STM32CubeIDE_1.19.0\STM32CubeIDE\plugins\com.st.stm32cube.common.mx_6.15.0.202507011659\db\plugins\mcufinder\reactClient1\index.html
2025-12-29 12:26:16,676 [INFO] UserAuth:487 - Internet connection configuration mode: 1
2025-12-29 12:26:17,021 [INFO] WebApp:191 - Connection restablished
2025-12-29 12:26:17,462 [WARN] PackLoader:240 - Cannot read IP mode file for STMicroelectronics.FP-SNS-MOTENVWB1.1.4.0
2025-12-29 12:26:17,469 [WARN] PackLoader:240 - Cannot read IP mode file for STMicroelectronics.FP-ATR-ASTRA1.2.0.2
2025-12-29 12:26:17,476 [WARN] PackLoader:240 - Cannot read IP mode file for STMicroelectronics.X-CUBE-SMBUS.2.1.0
2025-12-29 12:26:17,510 [WARN] PackLoader:240 - Cannot read IP mode file for STMicroelectronics.X-CUBE-AZRTOS-F7.1.1.0
2025-12-29 12:26:17,526 [WARN] PackLoader:240 - Cannot read IP mode file for STMicroelectronics.X-CUBE-DISPLAY.3.0.0
2025-12-29 12:26:17,542 [WARN] PackLoader:240 - Cannot read IP mode file for STMicroelectronics.X-CUBE-NFC10.1.0.0
2025-12-29 12:26:17,551 [WARN] PackLoader:240 - Cannot read IP mode file for STMicroelectronics.FP-SNS-SMARTAG2.1.2.0
2025-12-29 12:26:17,556 [WARN] PackLoader:240 - Cannot read IP mode file for STMicroelectronics.FP-SNS-FLIGHT1.5.1.0
2025-12-29 12:26:17,570 [INFO] LogOutputStream:77 - [STDOUT_REDIRECT] 1 : Invalid condition id : UX_CORESTACK_Condition cause : null
2025-12-29 12:26:17,571 [INFO] LogOutputStream:77 - [STDOUT_REDIRECT] 1 : Invalid condition id : UX_CORESTACK_Condition cause : null
2025-12-29 12:26:17,573 [INFO] LogOutputStream:77 - [STDOUT_REDIRECT] 1 : Invalid condition id : UX_CORESTACK_Condition cause : null
2025-12-29 12:26:17,573 [INFO] LogOutputStream:77 - [STDOUT_REDIRECT] 1 : Invalid condition id : UX_CORESTACK_Condition cause : null
2025-12-29 12:26:17,575 [INFO] LogOutputStream:77 - [STDOUT_REDIRECT] 1 : Invalid condition id : UX_CORESTACK_Condition cause : null
2025-12-29 12:26:17,577 [WARN] PackLoader:240 - Cannot read IP mode file for STMicroelectronics.X-CUBE-AZRTOS-WL.2.0.0
2025-12-29 12:26:17,584 [WARN] PackLoader:240 - Cannot read IP mode file for STMicroelectronics.X-CUBE-BLE2.3.3.0
2025-12-29 12:26:17,590 [WARN] PackLoader:240 - Cannot read IP mode file for STMicroelectronics.X-CUBE-NFC9.1.0.0
2025-12-29 12:26:17,595 [WARN] PackLoader:240 - Cannot read IP mode file for STMicroelectronics.X-CUBE-BLE1.7.1.0
2025-12-29 12:26:17,608 [WARN] PackLoader:240 - Cannot read IP mode file for STMicroelectronics.X-CUBE-AZRTOS-G0.1.1.0
2025-12-29 12:26:17,619 [WARN] PackLoader:240 - Cannot read IP mode file for STMicroelectronics.X-CUBE-NFC4.3.0.0
2025-12-29 12:26:17,627 [WARN] PackLoader:240 - Cannot read IP mode file for STMicroelectronics.X-CUBE-WB05N.2.0.0
2025-12-29 12:26:17,635 [WARN] PackLoader:240 - Cannot read IP mode file for STMicroelectronics.X-CUBE-TCPP.4.2.0
2025-12-29 12:26:17,640 [WARN] PackLoader:240 - Cannot read IP mode file for STMicroelectronics.FP-ATR-SIGFOX1.3.2.0
2025-12-29 12:26:17,651 [WARN] PackLoader:240 - Cannot read IP mode file for STMicroelectronics.X-CUBE-ALGOBUILD.1.4.0
2025-12-29 12:26:17,658 [WARN] PackLoader:240 - Cannot read IP mode file for STMicroelectronics.X-CUBE-PM33A1.1.0.0
2025-12-29 12:26:17,678 [WARN] PackLoader:240 - Cannot read IP mode file for STMicroelectronics.X-CUBE-AZRTOS-F4.1.1.0
2025-12-29 12:26:17,687 [WARN] PackLoader:240 - Cannot read IP mode file for STMicroelectronics.X-CUBE-ISPU.2.1.0
2025-12-29 12:26:17,697 [WARN] PackLoader:240 - Cannot read IP mode file for STMicroelectronics.X-CUBE-AZRTOS-L5.2.0.0
2025-12-29 12:26:17,704 [WARN] PackLoader:240 - Cannot read IP mode file for STMicroelectronics.X-CUBE-NFC6.3.1.0
2025-12-29 12:26:17,711 [WARN] PackLoader:240 - Cannot read IP mode file for STMicroelectronics.X-CUBE-DPower.1.3.0
2025-12-29 12:26:17,734 [WARN] ConditionMgr:438 - getConditionDescription Invalid condition id : LAN8742 Phy interface Condition cause : null
2025-12-29 12:26:17,735 [WARN] PackLoader:240 - Cannot read IP mode file for STMicroelectronics.X-CUBE-AZRTOS-L4.2.0.0
2025-12-29 12:26:17,737 [WARN] ConditionMgr:1044 - genDependencies : Invalid condition id : LAN8742 Phy interface Condition cause : null
2025-12-29 12:26:17,737 [WARN] ConditionMgr:1044 - genDependencies : Invalid condition id : LAN8742 Phy interface Condition cause : null
2025-12-29 12:26:17,738 [WARN] ConditionMgr:1044 - genDependencies : Invalid condition id : LAN8742 Phy interface Condition cause : null
2025-12-29 12:26:17,749 [WARN] PackLoader:240 - Cannot read IP mode file for STMicroelectronics.X-CUBE-SFXS2LP1.4.0.0
2025-12-29 12:26:17,770 [WARN] ConditionMgr:438 - getConditionDescription Invalid condition id : UX DEVICE CLASS RTOS Condition cause : null
2025-12-29 12:26:17,770 [WARN] ConditionMgr:438 - getConditionDescription Invalid condition id : UX DEVICE CLASS RTOS Condition cause : null
2025-12-29 12:26:17,773 [WARN] PackLoader:240 - Cannot read IP mode file for STMicroelectronics.X-CUBE-AZRTOS-WB.2.0.0
2025-12-29 12:26:17,774 [WARN] ConditionMgr:1044 - genDependencies : Invalid condition id : UX DEVICE CLASS RTOS Condition cause : null
2025-12-29 12:26:17,774 [WARN] ConditionMgr:1044 - genDependencies : Invalid condition id : UX DEVICE CLASS RTOS Condition cause : null
2025-12-29 12:26:17,775 [WARN] ConditionMgr:1044 - genDependencies : Invalid condition id : UX DEVICE CLASS RTOS Condition cause : null
2025-12-29 12:26:17,775 [WARN] ConditionMgr:1044 - genDependencies : Invalid condition id : UX DEVICE CLASS RTOS Condition cause : null
2025-12-29 12:26:17,775 [WARN] ConditionMgr:1044 - genDependencies : Invalid condition id : UX DEVICE CLASS RTOS Condition cause : null
2025-12-29 12:26:17,820 [WARN] PackLoader:240 - Cannot read IP mode file for STMicroelectronics.X-CUBE-SUBG2.5.0.0
2025-12-29 12:26:17,841 [WARN] PackLoader:240 - Cannot read IP mode file for STMicroelectronics.X-CUBE-AZRTOS-G4.2.0.0
2025-12-29 12:26:17,853 [WARN] PackLoader:240 - Cannot read IP mode file for STMicroelectronics.X-CUBE-NFC7.2.0.0
2025-12-29 12:26:17,858 [WARN] PackLoader:240 - Cannot read IP mode file for STMicroelectronics.X-CUBE-ALS.1.0.2
2025-12-29 12:26:17,868 [WARN] PackLoader:240 - Cannot read IP mode file for STMicroelectronics.X-CUBE-TOF1.3.4.3
2025-12-29 12:26:17,875 [INFO] ThirdParty:978 - Integrity check success = true
2025-12-29 12:26:17,875 [INFO] IntegrityCheckThread:100 - exiting critical section [integrity check]
2025-12-29 12:26:17,875 [INFO] IntegrityCheckThread:103 - End integrity checks thread
2025-12-29 12:33:56,084 [ERROR] LogOutputStream:75 - [STDERR_REDIRECT] 
2025-12-29 12:34:20,572 [INFO] Activator:176 - 


2025-12-29 12:34:20,574 [INFO] Activator:177 - !SESSION log4j initialized
2025-12-29 12:34:23,444 [INFO] LogOutputStream:77 - [STDOUT_REDIRECT] 
2025-12-29 12:34:28,835 [INFO] ApplicationProperties:184 - Using Application install path: C:\ST\STM32CubeIDE_1.19.0\STM32CubeIDE\plugins\com.st.stm32cube.common.mx_6.15.0.202507011659
2025-12-29 12:34:28,875 [INFO] DbMcusXml:78 - Set database path to: C:\ST\STM32CubeIDE_1.19.0\STM32CubeIDE\plugins\com.st.stm32cube.common.mx_6.15.0.202507011659\\db\/mcu/
2025-12-29 12:34:28,876 [INFO] ApiDb:274 - Set plugin database path to: C:\ST\STM32CubeIDE_1.19.0\STM32CubeIDE\plugins\com.st.stm32cube.common.mx_6.15.0.202507011659\\db\/plugins/boardmanager/
2025-12-29 12:34:28,876 [WARN] ApiDb:259 - Overriding images path with different value:  => C:\ST\STM32CubeIDE_1.19.0\STM32CubeIDE\plugins\com.st.stm32cube.common.mx_6.15.0.202507011659\\db\/plugins/mcufinder/images/
2025-12-29 12:34:28,901 [INFO] ApiDb:250 - Set database path to: C:\Users\aditi\.stmcufinder\plugins\mcufinder//mcu/
2025-12-29 12:34:28,903 [INFO] DbMcusAds:125 - Set database path to: C:\Users\aditi\.stmcufinder\plugins\mcufinder//mcu/
2025-12-29 12:34:28,910 [INFO] CrossReferenceDbSqlite:203 - Set database path to: C:\Users\aditi\.stmcufinder\plugins\mcufinder//mcu/cs/
2025-12-29 12:34:29,273 [INFO] RulesReader:64 - Compatibility file has been processed (317 Rules)
2025-12-29 12:34:29,528 [INFO] DbMcusXml:78 - Set database path to: C:\ST\STM32CubeIDE_1.19.0\STM32CubeIDE\plugins\com.st.stm32cube.common.mx_6.15.0.202507011659\\db\/mcu/
2025-12-29 12:34:29,529 [INFO] ApiDb:274 - Set plugin database path to: C:\ST\STM32CubeIDE_1.19.0\STM32CubeIDE\plugins\com.st.stm32cube.common.mx_6.15.0.202507011659\\db\/plugins/boardmanager/
2025-12-29 12:34:29,529 [INFO] ApiDb:261 - Set plugin images path to: C:\ST\STM32CubeIDE_1.19.0\STM32CubeIDE\plugins\com.st.stm32cube.common.mx_6.15.0.202507011659\\db\/plugins/mcufinder/images/
2025-12-29 12:34:29,530 [WARN] DbFile:41 - Overriding database path with different value: C:\Users\aditi\.stmcufinder\plugins\mcufinder/ => C:\Users\aditi\.stmcufinder\plugins\mcufinder
2025-12-29 12:34:29,530 [INFO] ApiDb:250 - Set database path to: C:\Users\aditi\.stmcufinder\plugins\mcufinder//mcu/
2025-12-29 12:34:29,530 [WARN] DbFile:41 - Overriding database path with different value: C:\Users\aditi\.stmcufinder\plugins\mcufinder/ => C:\Users\aditi\.stmcufinder\plugins\mcufinder
2025-12-29 12:34:29,530 [INFO] DbMcusAds:125 - Set database path to: C:\Users\aditi\.stmcufinder\plugins\mcufinder//mcu/
2025-12-29 12:34:29,530 [WARN] DbFile:41 - Overriding database path with different value: C:\Users\aditi\.stmcufinder\plugins\mcufinder/ => C:\Users\aditi\.stmcufinder\plugins\mcufinder
2025-12-29 12:34:29,530 [WARN] DbFile:41 - Overriding database path with different value: C:\Users\aditi\.stmcufinder\plugins\mcufinder/ => C:\Users\aditi\.stmcufinder\plugins\mcufinder
2025-12-29 12:34:29,530 [INFO] CrossReferenceDbSqlite:203 - Set database path to: C:\Users\aditi\.stmcufinder\plugins\mcufinder//mcu/cs/
2025-12-29 12:34:29,681 [INFO] MainPanel:274 - HeapMemory: 268435456
2025-12-29 12:34:29,985 [INFO] DbMcusXml:78 - Set database path to: C:\ST\STM32CubeIDE_1.19.0\STM32CubeIDE\plugins\com.st.stm32cube.common.mx_6.15.0.202507011659\\db\/mcu/
2025-12-29 12:34:29,985 [INFO] ApiDb:274 - Set plugin database path to: C:\ST\STM32CubeIDE_1.19.0\STM32CubeIDE\plugins\com.st.stm32cube.common.mx_6.15.0.202507011659\\db\/plugins/boardmanager/
2025-12-29 12:34:29,985 [INFO] ApiDb:261 - Set plugin images path to: C:\ST\STM32CubeIDE_1.19.0\STM32CubeIDE\plugins\com.st.stm32cube.common.mx_6.15.0.202507011659\\db\/plugins/mcufinder/images/
2025-12-29 12:34:29,988 [WARN] DbFile:41 - Overriding database path with different value: C:\Users\aditi\.stmcufinder\plugins\mcufinder/ => C:\Users\aditi\.stmcufinder\plugins\mcufinder
2025-12-29 12:34:29,988 [INFO] ApiDb:250 - Set database path to: C:\Users\aditi\.stmcufinder\plugins\mcufinder//mcu/
2025-12-29 12:34:29,988 [WARN] DbFile:41 - Overriding database path with different value: C:\Users\aditi\.stmcufinder\plugins\mcufinder/ => C:\Users\aditi\.stmcufinder\plugins\mcufinder
2025-12-29 12:34:29,988 [INFO] DbMcusAds:125 - Set database path to: C:\Users\aditi\.stmcufinder\plugins\mcufinder//mcu/
2025-12-29 12:34:29,988 [WARN] DbFile:41 - Overriding database path with different value: C:\Users\aditi\.stmcufinder\plugins\mcufinder/ => C:\Users\aditi\.stmcufinder\plugins\mcufinder
2025-12-29 12:34:29,988 [WARN] DbFile:41 - Overriding database path with different value: C:\Users\aditi\.stmcufinder\plugins\mcufinder/ => C:\Users\aditi\.stmcufinder\plugins\mcufinder
2025-12-29 12:34:29,988 [INFO] CrossReferenceDbSqlite:203 - Set database path to: C:\Users\aditi\.stmcufinder\plugins\mcufinder//mcu/cs/
2025-12-29 12:34:30,036 [INFO] ApplicationProperties:184 - Using Application install path: C:\ST\STM32CubeIDE_1.19.0\STM32CubeIDE\plugins\com.st.stm32cube.common.mx_6.15.0.202507011659
2025-12-29 12:34:30,041 [INFO] PluginManage:196 - Search for loadable plugins [exclusion list=, ]
2025-12-29 12:34:30,046 [INFO] PluginManage:310 - Check plugin analytics
2025-12-29 12:34:30,720 [INFO] AnalyticsPlugin:253 - Accepted Software Licenses: 
2025-12-29 12:34:30,721 [INFO] AnalyticsPlugin:255 - Accepted CMSIS Pack Licenses: 
2025-12-29 12:34:30,721 [INFO] AnalyticsPlugin:257 - Accepted Firmware Licenses: FW.F4.1.28.0
2025-12-29 12:34:30,730 [INFO] PluginManage:359 - Loaded plugin analytics (category:tool,tabindex:-1)
2025-12-29 12:34:30,731 [INFO] PluginManage:310 - Check plugin cadmodel
2025-12-29 12:34:30,738 [INFO] CADModel:105 - Init CAD model plugin
2025-12-29 12:34:30,739 [INFO] PluginManage:359 - Loaded plugin cadmodel (category:power,tabindex:5)
2025-12-29 12:34:30,739 [INFO] PluginManage:310 - Check plugin clock
2025-12-29 12:34:30,760 [INFO] PluginManage:359 - Loaded plugin clock (category:base,tabindex:2)
2025-12-29 12:34:30,760 [INFO] PluginManage:310 - Check plugin ddr
2025-12-29 12:34:30,767 [INFO] PluginManage:359 - Loaded plugin ddr (category:tool,tabindex:6)
2025-12-29 12:34:30,767 [INFO] PluginManage:310 - Check plugin filemanager
2025-12-29 12:34:31,155 [INFO] PluginManage:359 - Loaded plugin filemanager (category:base,tabindex:10)
2025-12-29 12:34:31,155 [INFO] PluginManage:310 - Check plugin ipmanager
2025-12-29 12:34:31,168 [INFO] PluginManage:359 - Loaded plugin ipmanager (category:base,tabindex:5)
2025-12-29 12:34:31,169 [INFO] PluginManage:310 - Check plugin lpbam
2025-12-29 12:34:31,187 [INFO] PluginManage:359 - Loaded plugin lpbam (category:base,tabindex:0)
2025-12-29 12:34:31,187 [INFO] PluginManage:310 - Check plugin memorymap
2025-12-29 12:34:31,239 [INFO] PluginManage:359 - Loaded plugin memorymap (category:base,tabindex:4)
2025-12-29 12:34:31,239 [INFO] PluginManage:310 - Check plugin pinoutandconfiguration
2025-12-29 12:34:31,261 [INFO] PluginManage:359 - Loaded plugin pinoutandconfiguration (category:base,tabindex:1)
2025-12-29 12:34:31,261 [INFO] PluginManage:310 - Check plugin pinoutconfig
2025-12-29 12:34:31,345 [WARN] SupportedApi:132 - Cannot load RTOS API schema: s4s-elt-must-match.1: The content of 'definitions' must match (annotation?, (simpleType | complexType)?, (unique | key | keyref)*)). A problem was found starting at: attribute.
2025-12-29 12:34:31,431 [INFO] PluginManage:359 - Loaded plugin pinoutconfig (category:base,tabindex:0)
2025-12-29 12:34:31,431 [INFO] PluginManage:310 - Check plugin power
2025-12-29 12:34:31,437 [INFO] PluginManage:359 - Loaded plugin power (category:power,tabindex:4)
2025-12-29 12:34:31,437 [INFO] PluginManage:310 - Check plugin projectmanager
2025-12-29 12:34:31,456 [INFO] PluginManage:359 - Loaded plugin projectmanager (category:projectmanager,tabindex:4)
2025-12-29 12:34:31,456 [INFO] PluginManage:310 - Check plugin rif
2025-12-29 12:34:31,462 [INFO] PluginManage:359 - Loaded plugin rif (category:base,tabindex:3)
2025-12-29 12:34:31,463 [INFO] PluginManage:310 - Check plugin thirdparty
2025-12-29 12:34:31,573 [WARN] IntegrityCheckThread:84 - waiting for thirdparty lock release [integrity check]
2025-12-29 12:34:31,573 [INFO] IntegrityCheckThread:86 - entering critical section [integrity check]
2025-12-29 12:34:31,574 [INFO] ThirdPartyUpdaterWithRetryManager:70 - Updater plugin not ready yet. [1/15]
2025-12-29 12:34:31,574 [INFO] PluginManage:359 - Loaded plugin thirdparty (category:base,tabindex:-1)
2025-12-29 12:34:31,574 [INFO] PluginManage:310 - Check plugin tools
2025-12-29 12:34:31,578 [INFO] PluginManage:359 - Loaded plugin tools (category:base,tabindex:7)
2025-12-29 12:34:31,578 [INFO] PluginManage:310 - Check plugin tutovideos
2025-12-29 12:34:31,708 [INFO] PluginManage:359 - Loaded plugin tutovideos (category:base,tabindex:-1)
2025-12-29 12:34:31,708 [INFO] PluginManage:310 - Check plugin updater
2025-12-29 12:34:31,727 [INFO] PluginManage:359 - Loaded plugin updater (category:base,tabindex:12)
2025-12-29 12:34:31,727 [INFO] PluginManage:310 - Check plugin userauth
2025-12-29 12:34:31,730 [INFO] UserAuth:118 - Init User Auth plugin
2025-12-29 12:34:31,731 [INFO] PluginManage:359 - Loaded plugin userauth (category:base,tabindex:14)
2025-12-29 12:34:31,731 [INFO] PluginManage:283 - PluginManage : Loaded plugins [18]
2025-12-29 12:34:31,891 [INFO] PinOutPanel:1589 - setPackage(No Configuration,No Configuration)
2025-12-29 12:34:31,968 [INFO] CADModel:165 - CPN selected for project level
2025-12-29 12:34:31,968 [INFO] CADModel:114 - Register for checkConnection events
2025-12-29 12:34:31,982 [INFO] IPUIPlugin:80 - create IPUIPlugin
2025-12-29 12:34:31,983 [INFO] PluginManager:220 - loadIPPluginJar : add adc
2025-12-29 12:34:31,985 [INFO] IPUIPlugin:80 - create IPUIPlugin
2025-12-29 12:34:31,986 [INFO] PluginManager:220 - loadIPPluginJar : add aes
2025-12-29 12:34:31,988 [INFO] IPUIPlugin:80 - create IPUIPlugin
2025-12-29 12:34:31,988 [INFO] PluginManager:220 - loadIPPluginJar : add can
2025-12-29 12:34:31,990 [INFO] IPUIPlugin:80 - create IPUIPlugin
2025-12-29 12:34:31,990 [INFO] PluginManager:220 - loadIPPluginJar : add comp
2025-12-29 12:34:31,992 [INFO] IPUIPlugin:80 - create IPUIPlugin
2025-12-29 12:34:31,993 [INFO] PluginManager:220 - loadIPPluginJar : add cryp
2025-12-29 12:34:31,995 [INFO] IPUIPlugin:80 - create IPUIPlugin
2025-12-29 12:34:31,995 [INFO] PluginManager:220 - loadIPPluginJar : add ddr_ctrl_phy
2025-12-29 12:34:31,997 [INFO] IPUIPlugin:80 - create IPUIPlugin
2025-12-29 12:34:31,997 [INFO] PluginManager:220 - loadIPPluginJar : add dfsdm
2025-12-29 12:34:32,002 [INFO] IPUIPlugin:80 - create IPUIPlugin
2025-12-29 12:34:32,002 [INFO] PluginManager:220 - loadIPPluginJar : add dma
2025-12-29 12:34:32,004 [INFO] IPUIPlugin:80 - create IPUIPlugin
2025-12-29 12:34:32,005 [INFO] PluginManager:220 - loadIPPluginJar : add dma3
2025-12-29 12:34:32,007 [INFO] IPUIPlugin:80 - create IPUIPlugin
2025-12-29 12:34:32,007 [INFO] PluginManager:220 - loadIPPluginJar : add extmemmanager
2025-12-29 12:34:32,009 [INFO] IPUIPlugin:80 - create IPUIPlugin
2025-12-29 12:34:32,010 [INFO] PluginManager:220 - loadIPPluginJar : add fatfs
2025-12-29 12:34:32,014 [INFO] IPUIPlugin:80 - create IPUIPlugin
2025-12-29 12:34:32,014 [INFO] PluginManager:220 - loadIPPluginJar : add fmc
2025-12-29 12:34:32,017 [INFO] IPUIPlugin:80 - create IPUIPlugin
2025-12-29 12:34:32,017 [INFO] PluginManager:220 - loadIPPluginJar : add freertos
2025-12-29 12:34:32,019 [INFO] IPUIPlugin:80 - create IPUIPlugin
2025-12-29 12:34:32,019 [INFO] PluginManager:220 - loadIPPluginJar : add genericplugin
2025-12-29 12:34:32,020 [INFO] IPUIPlugin:80 - create IPUIPlugin
2025-12-29 12:34:32,020 [INFO] PluginManager:220 - loadIPPluginJar : add gfxmmu
2025-12-29 12:34:32,025 [INFO] IPUIPlugin:80 - create IPUIPlugin
2025-12-29 12:34:32,025 [INFO] PluginManager:220 - loadIPPluginJar : add gic
2025-12-29 12:34:32,028 [INFO] IPUIPlugin:80 - create IPUIPlugin
2025-12-29 12:34:32,029 [INFO] PluginManager:220 - loadIPPluginJar : add gpio
2025-12-29 12:34:32,031 [INFO] IPUIPlugin:80 - create IPUIPlugin
2025-12-29 12:34:32,031 [INFO] PluginManager:220 - loadIPPluginJar : add gtzc
2025-12-29 12:34:32,033 [INFO] IPUIPlugin:80 - create IPUIPlugin
2025-12-29 12:34:32,034 [INFO] PluginManager:220 - loadIPPluginJar : add hash
2025-12-29 12:34:32,037 [INFO] IPUIPlugin:80 - create IPUIPlugin
2025-12-29 12:34:32,037 [INFO] PluginManager:220 - loadIPPluginJar : add i2c
2025-12-29 12:34:32,040 [INFO] IPUIPlugin:80 - create IPUIPlugin
2025-12-29 12:34:32,040 [INFO] PluginManager:220 - loadIPPluginJar : add i2s
2025-12-29 12:34:32,044 [INFO] IPUIPlugin:80 - create IPUIPlugin
2025-12-29 12:34:32,044 [INFO] PluginManager:220 - loadIPPluginJar : add i3c
2025-12-29 12:34:32,047 [INFO] IPUIPlugin:80 - create IPUIPlugin
2025-12-29 12:34:32,047 [INFO] PluginManager:220 - loadIPPluginJar : add ipddr
2025-12-29 12:34:32,053 [INFO] IPUIPlugin:80 - create IPUIPlugin
2025-12-29 12:34:32,054 [INFO] PluginManager:220 - loadIPPluginJar : add linkedlist
2025-12-29 12:34:32,056 [INFO] IPUIPlugin:80 - create IPUIPlugin
2025-12-29 12:34:32,057 [INFO] PluginManager:220 - loadIPPluginJar : add lorawan
2025-12-29 12:34:32,058 [INFO] IPUIPlugin:80 - create IPUIPlugin
2025-12-29 12:34:32,058 [INFO] PluginManager:220 - loadIPPluginJar : add ltdc
2025-12-29 12:34:32,063 [INFO] IPUIPlugin:80 - create IPUIPlugin
2025-12-29 12:34:32,063 [INFO] PluginManager:220 - loadIPPluginJar : add mdma
2025-12-29 12:34:32,067 [INFO] IPUIPlugin:80 - create IPUIPlugin
2025-12-29 12:34:32,067 [INFO] PluginManager:220 - loadIPPluginJar : add nvic
2025-12-29 12:34:32,069 [INFO] IPUIPlugin:80 - create IPUIPlugin
2025-12-29 12:34:32,070 [INFO] PluginManager:220 - loadIPPluginJar : add opamp
2025-12-29 12:34:32,072 [INFO] IPUIPlugin:80 - create IPUIPlugin
2025-12-29 12:34:32,072 [INFO] PluginManager:220 - loadIPPluginJar : add openamp
2025-12-29 12:34:32,075 [INFO] IPUIPlugin:80 - create IPUIPlugin
2025-12-29 12:34:32,075 [INFO] PluginManager:220 - loadIPPluginJar : add pdm2pcm
2025-12-29 12:34:32,080 [INFO] IPUIPlugin:80 - create IPUIPlugin
2025-12-29 12:34:32,081 [INFO] PluginManager:220 - loadIPPluginJar : add plateformsettings
2025-12-29 12:34:32,082 [INFO] IPUIPlugin:80 - create IPUIPlugin
2025-12-29 12:34:32,083 [INFO] PluginManager:220 - loadIPPluginJar : add quadspi
2025-12-29 12:34:32,084 [INFO] IPUIPlugin:80 - create IPUIPlugin
2025-12-29 12:34:32,085 [INFO] PluginManager:220 - loadIPPluginJar : add radio
2025-12-29 12:34:32,087 [INFO] IPUIPlugin:80 - create IPUIPlugin
2025-12-29 12:34:32,087 [INFO] PluginManager:220 - loadIPPluginJar : add resmgrutility
2025-12-29 12:34:32,089 [INFO] IPUIPlugin:80 - create IPUIPlugin
2025-12-29 12:34:32,089 [INFO] PluginManager:220 - loadIPPluginJar : add sai
2025-12-29 12:34:32,091 [INFO] IPUIPlugin:80 - create IPUIPlugin
2025-12-29 12:34:32,091 [INFO] PluginManager:220 - loadIPPluginJar : add spi
2025-12-29 12:34:32,097 [INFO] IPUIPlugin:80 - create IPUIPlugin
2025-12-29 12:34:32,097 [INFO] PluginManager:220 - loadIPPluginJar : add stm32_wpan
2025-12-29 12:34:32,098 [INFO] IPUIPlugin:80 - create IPUIPlugin
2025-12-29 12:34:32,098 [INFO] PluginManager:220 - loadIPPluginJar : add tim
2025-12-29 12:34:32,101 [INFO] IPUIPlugin:80 - create IPUIPlugin
2025-12-29 12:34:32,101 [INFO] PluginManager:220 - loadIPPluginJar : add touchsensing
2025-12-29 12:34:32,103 [INFO] IPUIPlugin:80 - create IPUIPlugin
2025-12-29 12:34:32,103 [INFO] PluginManager:220 - loadIPPluginJar : add tracer_emb
2025-12-29 12:34:32,104 [INFO] IPUIPlugin:80 - create IPUIPlugin
2025-12-29 12:34:32,105 [INFO] PluginManager:220 - loadIPPluginJar : add ts
2025-12-29 12:34:32,106 [INFO] IPUIPlugin:80 - create IPUIPlugin
2025-12-29 12:34:32,106 [INFO] PluginManager:220 - loadIPPluginJar : add tsc
2025-12-29 12:34:32,107 [INFO] IPUIPlugin:80 - create IPUIPlugin
2025-12-29 12:34:32,107 [INFO] PluginManager:220 - loadIPPluginJar : add ucpd
2025-12-29 12:34:32,109 [INFO] IPUIPlugin:80 - create IPUIPlugin
2025-12-29 12:34:32,109 [INFO] PluginManager:220 - loadIPPluginJar : add usart
2025-12-29 12:34:32,112 [INFO] IPUIPlugin:80 - create IPUIPlugin
2025-12-29 12:34:32,112 [INFO] PluginManager:220 - loadIPPluginJar : add usbx
2025-12-29 12:34:32,221 [FATAL] Updater:351 - Updater called before beeing initialized
2025-12-29 12:34:32,242 [INFO] RulesReader:64 - Compatibility file has been processed (317 Rules)
2025-12-29 12:34:32,260 [INFO] RulesReader:64 - Compatibility file has been processed (317 Rules)
2025-12-29 12:34:32,275 [INFO] CADModel:165 - CPN selected for project level
2025-12-29 12:34:32,275 [INFO] CADModel:114 - Register for checkConnection events
2025-12-29 12:34:32,276 [FATAL] Updater:351 - Updater called before beeing initialized
2025-12-29 12:34:32,276 [ERROR] CADModel:125 - Updater not yet initialized, retry later 
2025-12-29 12:34:32,421 [FATAL] Updater:351 - Updater called before beeing initialized
2025-12-29 12:34:32,422 [INFO] CADModel:165 - CPN selected for project level
2025-12-29 12:34:32,422 [INFO] CADModel:114 - Register for checkConnection events
2025-12-29 12:34:32,422 [FATAL] Updater:351 - Updater called before beeing initialized
2025-12-29 12:34:32,422 [ERROR] CADModel:125 - Updater not yet initialized, retry later 
2025-12-29 12:34:32,425 [FATAL] Updater:351 - Updater called before beeing initialized
2025-12-29 12:34:32,549 [FATAL] Updater:351 - Updater called before beeing initialized
2025-12-29 12:34:32,554 [INFO] DbMcusAds:53 - JSON generation date=Tue Dec 16 04:41:46 IST 2025 (1765840306612)
2025-12-29 12:34:32,555 [FATAL] Updater:351 - Updater called before beeing initialized
2025-12-29 12:34:32,590 [WARN] DetailPanel:346 - Failed to get advertising image, set to default
2025-12-29 12:34:32,661 [FATAL] Updater:351 - Updater called before beeing initialized
2025-12-29 12:34:32,663 [FATAL] Updater:351 - Updater called before beeing initialized
2025-12-29 12:34:32,663 [FATAL] Updater:351 - Updater called before beeing initialized
2025-12-29 12:34:32,663 [WARN] DetailPanel:346 - Failed to get advertising image, set to default
2025-12-29 12:34:32,664 [FATAL] Updater:351 - Updater called before beeing initialized
2025-12-29 12:34:32,725 [ERROR] Updater:1198 - MainUpdater not yet initialized. External WinMGr cannot be set.
2025-12-29 12:34:32,728 [INFO] Updater:1134 - Updater Version found : 6.15.0
2025-12-29 12:34:32,743 [INFO] ApplicationProperties:184 - Using Application install path: C:\ST\STM32CubeIDE_1.19.0\STM32CubeIDE\plugins\com.st.stm32cube.common.mx_6.15.0.202507011659
2025-12-29 12:34:34,311 [ERROR] LogOutputStream:75 - [STDERR_REDIRECT] Dec 29, 2025 12:34:34 PM java.util.prefs.WindowsPreferences <init>
2025-12-29 12:34:34,311 [ERROR] LogOutputStream:75 - [STDERR_REDIRECT] WARNING: Could not open/create prefs root node Software\JavaSoft\Prefs at root 0xffffffff80000002. Windows RegCreateKeyEx(...) returned error code 5.
2025-12-29 12:34:34,311 [ERROR] LogOutputStream:75 - [STDERR_REDIRECT] 
2025-12-29 12:34:34,574 [INFO] ThirdPartyUpdaterWithRetryManager:70 - Updater plugin not ready yet. [2/15]
2025-12-29 12:34:34,718 [INFO] MainUpdater:2872 - connection check result : 10
2025-12-29 12:34:34,719 [INFO] MainUpdater:289 - Updater Check For Update Now.
2025-12-29 12:34:34,719 [INFO] MicroXplorer:498 - Change Database Version : DB.6.0.150
2025-12-29 12:34:34,728 [INFO] McuFinderGlobals:63 - Set McuFinder mode to 2 (CubeIDE integrated)
2025-12-29 12:34:34,730 [INFO] UserAuth:487 - Internet connection configuration mode: 1
2025-12-29 12:34:34,775 [INFO] JxBrowserEngine:152 - Initiate JxBrowser Engine with user profile folder
2025-12-29 12:34:34,903 [INFO] CheckServerUpdateThread:120 - End of CheckServer Thread
2025-12-29 12:34:35,488 [INFO] WebApp:169 - Instantiating new browser for Auth
2025-12-29 12:34:36,013 [INFO] WebApp:463 - Apply proxy settings
2025-12-29 12:34:36,014 [INFO] WebApp:548 - Chromium requires no authentication
2025-12-29 12:34:36,021 [INFO] WebApp:491 - Direct internet connection detected
2025-12-29 12:34:36,034 [INFO] WebApp:900 - Register for checkConnection events
2025-12-29 12:34:36,034 [INFO] WebApp:463 - Apply proxy settings
2025-12-29 12:34:36,034 [INFO] WebApp:548 - Chromium requires no authentication
2025-12-29 12:34:36,035 [INFO] WebApp:491 - Direct internet connection detected
2025-12-29 12:34:36,180 [INFO] WebApp:225 - Starting web application
2025-12-29 12:34:36,180 [INFO] WebApp:593 - Web application path used C:\ST\STM32CubeIDE_1.19.0\STM32CubeIDE\plugins\com.st.stm32cube.common.mx_6.15.0.202507011659\db\plugins\mcufinder\reactClient1\index.html
2025-12-29 12:34:36,242 [INFO] UserAuth:487 - Internet connection configuration mode: 1
2025-12-29 12:34:37,039 [INFO] WebApp:191 - Connection restablished
2025-12-29 12:34:37,786 [WARN] PackLoader:240 - Cannot read IP mode file for STMicroelectronics.FP-SNS-MOTENVWB1.1.4.0
2025-12-29 12:34:37,793 [WARN] PackLoader:240 - Cannot read IP mode file for STMicroelectronics.FP-ATR-ASTRA1.2.0.2
2025-12-29 12:34:37,805 [WARN] PackLoader:240 - Cannot read IP mode file for STMicroelectronics.X-CUBE-SMBUS.2.1.0
2025-12-29 12:34:37,841 [WARN] PackLoader:240 - Cannot read IP mode file for STMicroelectronics.X-CUBE-AZRTOS-F7.1.1.0
2025-12-29 12:34:37,857 [WARN] PackLoader:240 - Cannot read IP mode file for STMicroelectronics.X-CUBE-DISPLAY.3.0.0
2025-12-29 12:34:37,879 [WARN] PackLoader:240 - Cannot read IP mode file for STMicroelectronics.X-CUBE-NFC10.1.0.0
2025-12-29 12:34:37,885 [WARN] PackLoader:240 - Cannot read IP mode file for STMicroelectronics.FP-SNS-SMARTAG2.1.2.0
2025-12-29 12:34:37,890 [WARN] PackLoader:240 - Cannot read IP mode file for STMicroelectronics.FP-SNS-FLIGHT1.5.1.0
2025-12-29 12:34:37,904 [INFO] LogOutputStream:77 - [STDOUT_REDIRECT] 1 : Invalid condition id : UX_CORESTACK_Condition cause : null
2025-12-29 12:34:37,906 [INFO] LogOutputStream:77 - [STDOUT_REDIRECT] 1 : Invalid condition id : UX_CORESTACK_Condition cause : null
2025-12-29 12:34:37,909 [INFO] LogOutputStream:77 - [STDOUT_REDIRECT] 1 : Invalid condition id : UX_CORESTACK_Condition cause : null
2025-12-29 12:34:37,913 [INFO] LogOutputStream:77 - [STDOUT_REDIRECT] 1 : Invalid condition id : UX_CORESTACK_Condition cause : null
2025-12-29 12:34:37,915 [INFO] LogOutputStream:77 - [STDOUT_REDIRECT] 1 : Invalid condition id : UX_CORESTACK_Condition cause : null
2025-12-29 12:34:37,918 [WARN] PackLoader:240 - Cannot read IP mode file for STMicroelectronics.X-CUBE-AZRTOS-WL.2.0.0
2025-12-29 12:34:37,927 [WARN] PackLoader:240 - Cannot read IP mode file for STMicroelectronics.X-CUBE-BLE2.3.3.0
2025-12-29 12:34:37,935 [WARN] PackLoader:240 - Cannot read IP mode file for STMicroelectronics.X-CUBE-NFC9.1.0.0
2025-12-29 12:34:37,944 [WARN] PackLoader:240 - Cannot read IP mode file for STMicroelectronics.X-CUBE-BLE1.7.1.0
2025-12-29 12:34:37,965 [WARN] PackLoader:240 - Cannot read IP mode file for STMicroelectronics.X-CUBE-AZRTOS-G0.1.1.0
2025-12-29 12:34:37,973 [WARN] PackLoader:240 - Cannot read IP mode file for STMicroelectronics.X-CUBE-NFC4.3.0.0
2025-12-29 12:34:37,982 [WARN] PackLoader:240 - Cannot read IP mode file for STMicroelectronics.X-CUBE-WB05N.2.0.0
2025-12-29 12:34:37,989 [WARN] PackLoader:240 - Cannot read IP mode file for STMicroelectronics.X-CUBE-TCPP.4.2.0
2025-12-29 12:34:37,997 [WARN] PackLoader:240 - Cannot read IP mode file for STMicroelectronics.FP-ATR-SIGFOX1.3.2.0
2025-12-29 12:34:38,005 [WARN] PackLoader:240 - Cannot read IP mode file for STMicroelectronics.X-CUBE-ALGOBUILD.1.4.0
2025-12-29 12:34:38,012 [WARN] PackLoader:240 - Cannot read IP mode file for STMicroelectronics.X-CUBE-PM33A1.1.0.0
2025-12-29 12:34:38,034 [WARN] PackLoader:240 - Cannot read IP mode file for STMicroelectronics.X-CUBE-AZRTOS-F4.1.1.0
2025-12-29 12:34:38,052 [WARN] PackLoader:240 - Cannot read IP mode file for STMicroelectronics.X-CUBE-ISPU.2.1.0
2025-12-29 12:34:38,088 [WARN] PackLoader:240 - Cannot read IP mode file for STMicroelectronics.X-CUBE-AZRTOS-L5.2.0.0
2025-12-29 12:34:38,117 [WARN] PackLoader:240 - Cannot read IP mode file for STMicroelectronics.X-CUBE-NFC6.3.1.0
2025-12-29 12:34:38,145 [WARN] PackLoader:240 - Cannot read IP mode file for STMicroelectronics.X-CUBE-DPower.1.3.0
2025-12-29 12:34:38,252 [WARN] ConditionMgr:438 - getConditionDescription Invalid condition id : LAN8742 Phy interface Condition cause : null
2025-12-29 12:34:38,254 [WARN] PackLoader:240 - Cannot read IP mode file for STMicroelectronics.X-CUBE-AZRTOS-L4.2.0.0
2025-12-29 12:34:38,261 [WARN] ConditionMgr:1044 - genDependencies : Invalid condition id : LAN8742 Phy interface Condition cause : null
2025-12-29 12:34:38,264 [WARN] ConditionMgr:1044 - genDependencies : Invalid condition id : LAN8742 Phy interface Condition cause : null
2025-12-29 12:34:38,266 [WARN] ConditionMgr:1044 - genDependencies : Invalid condition id : LAN8742 Phy interface Condition cause : null
2025-12-29 12:34:38,287 [WARN] PackLoader:240 - Cannot read IP mode file for STMicroelectronics.X-CUBE-SFXS2LP1.4.0.0
2025-12-29 12:34:38,304 [WARN] ConditionMgr:438 - getConditionDescription Invalid condition id : UX DEVICE CLASS RTOS Condition cause : null
2025-12-29 12:34:38,304 [WARN] ConditionMgr:438 - getConditionDescription Invalid condition id : UX DEVICE CLASS RTOS Condition cause : null
2025-12-29 12:34:38,306 [WARN] PackLoader:240 - Cannot read IP mode file for STMicroelectronics.X-CUBE-AZRTOS-WB.2.0.0
2025-12-29 12:34:38,307 [WARN] ConditionMgr:1044 - genDependencies : Invalid condition id : UX DEVICE CLASS RTOS Condition cause : null
2025-12-29 12:34:38,308 [WARN] ConditionMgr:1044 - genDependencies : Invalid condition id : UX DEVICE CLASS RTOS Condition cause : null
2025-12-29 12:34:38,310 [WARN] ConditionMgr:1044 - genDependencies : Invalid condition id : UX DEVICE CLASS RTOS Condition cause : null
2025-12-29 12:34:38,311 [WARN] ConditionMgr:1044 - genDependencies : Invalid condition id : UX DEVICE CLASS RTOS Condition cause : null
2025-12-29 12:34:38,311 [WARN] ConditionMgr:1044 - genDependencies : Invalid condition id : UX DEVICE CLASS RTOS Condition cause : null
2025-12-29 12:34:38,325 [WARN] PackLoader:240 - Cannot read IP mode file for STMicroelectronics.X-CUBE-SUBG2.5.0.0
2025-12-29 12:34:38,353 [WARN] PackLoader:240 - Cannot read IP mode file for STMicroelectronics.X-CUBE-AZRTOS-G4.2.0.0
2025-12-29 12:34:38,362 [WARN] PackLoader:240 - Cannot read IP mode file for STMicroelectronics.X-CUBE-NFC7.2.0.0
2025-12-29 12:34:38,370 [WARN] PackLoader:240 - Cannot read IP mode file for STMicroelectronics.X-CUBE-ALS.1.0.2
2025-12-29 12:34:38,397 [WARN] PackLoader:240 - Cannot read IP mode file for STMicroelectronics.X-CUBE-TOF1.3.4.3
2025-12-29 12:34:38,412 [INFO] ThirdParty:978 - Integrity check success = true
2025-12-29 12:34:38,412 [INFO] IntegrityCheckThread:100 - exiting critical section [integrity check]
2025-12-29 12:34:38,412 [INFO] IntegrityCheckThread:103 - End integrity checks thread
2025-12-29 12:50:57,534 [ERROR] LogOutputStream:75 - [STDERR_REDIRECT] 
2025-12-29 12:51:08,948 [INFO] Activator:176 - 


2025-12-29 12:51:08,949 [INFO] Activator:177 - !SESSION log4j initialized
2025-12-29 12:51:11,950 [INFO] LogOutputStream:77 - [STDOUT_REDIRECT] 
2025-12-29 12:51:15,073 [INFO] ApplicationProperties:184 - Using Application install path: C:\ST\STM32CubeIDE_1.19.0\STM32CubeIDE\plugins\com.st.stm32cube.common.mx_6.15.0.202507011659
2025-12-29 12:51:15,145 [INFO] DbMcusXml:78 - Set database path to: C:\ST\STM32CubeIDE_1.19.0\STM32CubeIDE\plugins\com.st.stm32cube.common.mx_6.15.0.202507011659\\db\/mcu/
2025-12-29 12:51:15,145 [INFO] ApiDb:274 - Set plugin database path to: C:\ST\STM32CubeIDE_1.19.0\STM32CubeIDE\plugins\com.st.stm32cube.common.mx_6.15.0.202507011659\\db\/plugins/boardmanager/
2025-12-29 12:51:15,146 [WARN] ApiDb:259 - Overriding images path with different value:  => C:\ST\STM32CubeIDE_1.19.0\STM32CubeIDE\plugins\com.st.stm32cube.common.mx_6.15.0.202507011659\\db\/plugins/mcufinder/images/
2025-12-29 12:51:15,162 [INFO] ApiDb:250 - Set database path to: C:\Users\aditi\.stmcufinder\plugins\mcufinder//mcu/
2025-12-29 12:51:15,165 [INFO] DbMcusAds:125 - Set database path to: C:\Users\aditi\.stmcufinder\plugins\mcufinder//mcu/
2025-12-29 12:51:15,175 [INFO] CrossReferenceDbSqlite:203 - Set database path to: C:\Users\aditi\.stmcufinder\plugins\mcufinder//mcu/cs/
2025-12-29 12:51:15,543 [INFO] RulesReader:64 - Compatibility file has been processed (317 Rules)
2025-12-29 12:51:15,774 [INFO] DbMcusXml:78 - Set database path to: C:\ST\STM32CubeIDE_1.19.0\STM32CubeIDE\plugins\com.st.stm32cube.common.mx_6.15.0.202507011659\\db\/mcu/
2025-12-29 12:51:15,774 [INFO] ApiDb:274 - Set plugin database path to: C:\ST\STM32CubeIDE_1.19.0\STM32CubeIDE\plugins\com.st.stm32cube.common.mx_6.15.0.202507011659\\db\/plugins/boardmanager/
2025-12-29 12:51:15,774 [INFO] ApiDb:261 - Set plugin images path to: C:\ST\STM32CubeIDE_1.19.0\STM32CubeIDE\plugins\com.st.stm32cube.common.mx_6.15.0.202507011659\\db\/plugins/mcufinder/images/
2025-12-29 12:51:15,774 [WARN] DbFile:41 - Overriding database path with different value: C:\Users\aditi\.stmcufinder\plugins\mcufinder/ => C:\Users\aditi\.stmcufinder\plugins\mcufinder
2025-12-29 12:51:15,774 [INFO] ApiDb:250 - Set database path to: C:\Users\aditi\.stmcufinder\plugins\mcufinder//mcu/
2025-12-29 12:51:15,775 [WARN] DbFile:41 - Overriding database path with different value: C:\Users\aditi\.stmcufinder\plugins\mcufinder/ => C:\Users\aditi\.stmcufinder\plugins\mcufinder
2025-12-29 12:51:15,775 [INFO] DbMcusAds:125 - Set database path to: C:\Users\aditi\.stmcufinder\plugins\mcufinder//mcu/
2025-12-29 12:51:15,775 [WARN] DbFile:41 - Overriding database path with different value: C:\Users\aditi\.stmcufinder\plugins\mcufinder/ => C:\Users\aditi\.stmcufinder\plugins\mcufinder
2025-12-29 12:51:15,775 [WARN] DbFile:41 - Overriding database path with different value: C:\Users\aditi\.stmcufinder\plugins\mcufinder/ => C:\Users\aditi\.stmcufinder\plugins\mcufinder
2025-12-29 12:51:15,775 [INFO] CrossReferenceDbSqlite:203 - Set database path to: C:\Users\aditi\.stmcufinder\plugins\mcufinder//mcu/cs/
2025-12-29 12:51:15,931 [INFO] MainPanel:274 - HeapMemory: 268435456
2025-12-29 12:51:16,232 [INFO] DbMcusXml:78 - Set database path to: C:\ST\STM32CubeIDE_1.19.0\STM32CubeIDE\plugins\com.st.stm32cube.common.mx_6.15.0.202507011659\\db\/mcu/
2025-12-29 12:51:16,233 [INFO] ApiDb:274 - Set plugin database path to: C:\ST\STM32CubeIDE_1.19.0\STM32CubeIDE\plugins\com.st.stm32cube.common.mx_6.15.0.202507011659\\db\/plugins/boardmanager/
2025-12-29 12:51:16,233 [INFO] ApiDb:261 - Set plugin images path to: C:\ST\STM32CubeIDE_1.19.0\STM32CubeIDE\plugins\com.st.stm32cube.common.mx_6.15.0.202507011659\\db\/plugins/mcufinder/images/
2025-12-29 12:51:16,234 [WARN] DbFile:41 - Overriding database path with different value: C:\Users\aditi\.stmcufinder\plugins\mcufinder/ => C:\Users\aditi\.stmcufinder\plugins\mcufinder
2025-12-29 12:51:16,235 [INFO] ApiDb:250 - Set database path to: C:\Users\aditi\.stmcufinder\plugins\mcufinder//mcu/
2025-12-29 12:51:16,235 [WARN] DbFile:41 - Overriding database path with different value: C:\Users\aditi\.stmcufinder\plugins\mcufinder/ => C:\Users\aditi\.stmcufinder\plugins\mcufinder
2025-12-29 12:51:16,235 [INFO] DbMcusAds:125 - Set database path to: C:\Users\aditi\.stmcufinder\plugins\mcufinder//mcu/
2025-12-29 12:51:16,235 [WARN] DbFile:41 - Overriding database path with different value: C:\Users\aditi\.stmcufinder\plugins\mcufinder/ => C:\Users\aditi\.stmcufinder\plugins\mcufinder
2025-12-29 12:51:16,235 [WARN] DbFile:41 - Overriding database path with different value: C:\Users\aditi\.stmcufinder\plugins\mcufinder/ => C:\Users\aditi\.stmcufinder\plugins\mcufinder
2025-12-29 12:51:16,235 [INFO] CrossReferenceDbSqlite:203 - Set database path to: C:\Users\aditi\.stmcufinder\plugins\mcufinder//mcu/cs/
2025-12-29 12:51:16,272 [INFO] ApplicationProperties:184 - Using Application install path: C:\ST\STM32CubeIDE_1.19.0\STM32CubeIDE\plugins\com.st.stm32cube.common.mx_6.15.0.202507011659
2025-12-29 12:51:16,275 [INFO] PluginManage:196 - Search for loadable plugins [exclusion list=, ]
2025-12-29 12:51:16,279 [INFO] PluginManage:310 - Check plugin analytics
2025-12-29 12:51:17,000 [INFO] AnalyticsPlugin:253 - Accepted Software Licenses: 
2025-12-29 12:51:17,000 [INFO] AnalyticsPlugin:255 - Accepted CMSIS Pack Licenses: 
2025-12-29 12:51:17,000 [INFO] AnalyticsPlugin:257 - Accepted Firmware Licenses: FW.F4.1.28.0
2025-12-29 12:51:17,033 [INFO] PluginManage:359 - Loaded plugin analytics (category:tool,tabindex:-1)
2025-12-29 12:51:17,033 [INFO] PluginManage:310 - Check plugin cadmodel
2025-12-29 12:51:17,045 [INFO] CADModel:105 - Init CAD model plugin
2025-12-29 12:51:17,045 [INFO] PluginManage:359 - Loaded plugin cadmodel (category:power,tabindex:5)
2025-12-29 12:51:17,045 [INFO] PluginManage:310 - Check plugin clock
2025-12-29 12:51:17,074 [INFO] PluginManage:359 - Loaded plugin clock (category:base,tabindex:2)
2025-12-29 12:51:17,074 [INFO] PluginManage:310 - Check plugin ddr
2025-12-29 12:51:17,082 [INFO] PluginManage:359 - Loaded plugin ddr (category:tool,tabindex:6)
2025-12-29 12:51:17,082 [INFO] PluginManage:310 - Check plugin filemanager
2025-12-29 12:51:17,434 [INFO] PluginManage:359 - Loaded plugin filemanager (category:base,tabindex:10)
2025-12-29 12:51:17,434 [INFO] PluginManage:310 - Check plugin ipmanager
2025-12-29 12:51:17,449 [INFO] PluginManage:359 - Loaded plugin ipmanager (category:base,tabindex:5)
2025-12-29 12:51:17,449 [INFO] PluginManage:310 - Check plugin lpbam
2025-12-29 12:51:17,465 [INFO] PluginManage:359 - Loaded plugin lpbam (category:base,tabindex:0)
2025-12-29 12:51:17,465 [INFO] PluginManage:310 - Check plugin memorymap
2025-12-29 12:51:17,515 [INFO] PluginManage:359 - Loaded plugin memorymap (category:base,tabindex:4)
2025-12-29 12:51:17,515 [INFO] PluginManage:310 - Check plugin pinoutandconfiguration
2025-12-29 12:51:17,537 [INFO] PluginManage:359 - Loaded plugin pinoutandconfiguration (category:base,tabindex:1)
2025-12-29 12:51:17,537 [INFO] PluginManage:310 - Check plugin pinoutconfig
2025-12-29 12:51:17,766 [WARN] SupportedApi:132 - Cannot load RTOS API schema: s4s-elt-must-match.1: The content of 'definitions' must match (annotation?, (simpleType | complexType)?, (unique | key | keyref)*)). A problem was found starting at: attribute.
2025-12-29 12:51:18,321 [INFO] PluginManage:359 - Loaded plugin pinoutconfig (category:base,tabindex:0)
2025-12-29 12:51:18,321 [INFO] PluginManage:310 - Check plugin power
2025-12-29 12:51:18,344 [INFO] PluginManage:359 - Loaded plugin power (category:power,tabindex:4)
2025-12-29 12:51:18,345 [INFO] PluginManage:310 - Check plugin projectmanager
2025-12-29 12:51:18,373 [INFO] PluginManage:359 - Loaded plugin projectmanager (category:projectmanager,tabindex:4)
2025-12-29 12:51:18,373 [INFO] PluginManage:310 - Check plugin rif
2025-12-29 12:51:18,402 [INFO] PluginManage:359 - Loaded plugin rif (category:base,tabindex:3)
2025-12-29 12:51:18,402 [INFO] PluginManage:310 - Check plugin thirdparty
2025-12-29 12:51:18,805 [WARN] IntegrityCheckThread:84 - waiting for thirdparty lock release [integrity check]
2025-12-29 12:51:18,805 [INFO] IntegrityCheckThread:86 - entering critical section [integrity check]
2025-12-29 12:51:18,805 [INFO] ThirdPartyUpdaterWithRetryManager:70 - Updater plugin not ready yet. [1/15]
2025-12-29 12:51:18,807 [INFO] PluginManage:359 - Loaded plugin thirdparty (category:base,tabindex:-1)
2025-12-29 12:51:18,807 [INFO] PluginManage:310 - Check plugin tools
2025-12-29 12:51:18,812 [INFO] PluginManage:359 - Loaded plugin tools (category:base,tabindex:7)
2025-12-29 12:51:18,813 [INFO] PluginManage:310 - Check plugin tutovideos
2025-12-29 12:51:19,605 [INFO] PluginManage:359 - Loaded plugin tutovideos (category:base,tabindex:-1)
2025-12-29 12:51:19,605 [INFO] PluginManage:310 - Check plugin updater
2025-12-29 12:51:19,640 [INFO] PluginManage:359 - Loaded plugin updater (category:base,tabindex:12)
2025-12-29 12:51:19,640 [INFO] PluginManage:310 - Check plugin userauth
2025-12-29 12:51:19,651 [INFO] UserAuth:118 - Init User Auth plugin
2025-12-29 12:51:19,654 [INFO] PluginManage:359 - Loaded plugin userauth (category:base,tabindex:14)
2025-12-29 12:51:19,656 [INFO] PluginManage:283 - PluginManage : Loaded plugins [18]
2025-12-29 12:51:20,159 [INFO] PinOutPanel:1589 - setPackage(No Configuration,No Configuration)
2025-12-29 12:51:20,292 [INFO] CADModel:165 - CPN selected for project level
2025-12-29 12:51:20,293 [INFO] CADModel:114 - Register for checkConnection events
2025-12-29 12:51:20,309 [INFO] IPUIPlugin:80 - create IPUIPlugin
2025-12-29 12:51:20,309 [INFO] PluginManager:220 - loadIPPluginJar : add adc
2025-12-29 12:51:20,314 [INFO] IPUIPlugin:80 - create IPUIPlugin
2025-12-29 12:51:20,314 [INFO] PluginManager:220 - loadIPPluginJar : add aes
2025-12-29 12:51:20,318 [INFO] IPUIPlugin:80 - create IPUIPlugin
2025-12-29 12:51:20,319 [INFO] PluginManager:220 - loadIPPluginJar : add can
2025-12-29 12:51:20,321 [INFO] IPUIPlugin:80 - create IPUIPlugin
2025-12-29 12:51:20,321 [INFO] PluginManager:220 - loadIPPluginJar : add comp
2025-12-29 12:51:20,325 [INFO] IPUIPlugin:80 - create IPUIPlugin
2025-12-29 12:51:20,325 [INFO] PluginManager:220 - loadIPPluginJar : add cryp
2025-12-29 12:51:20,327 [INFO] IPUIPlugin:80 - create IPUIPlugin
2025-12-29 12:51:20,327 [INFO] PluginManager:220 - loadIPPluginJar : add ddr_ctrl_phy
2025-12-29 12:51:20,330 [INFO] IPUIPlugin:80 - create IPUIPlugin
2025-12-29 12:51:20,330 [INFO] PluginManager:220 - loadIPPluginJar : add dfsdm
2025-12-29 12:51:20,336 [INFO] IPUIPlugin:80 - create IPUIPlugin
2025-12-29 12:51:20,336 [INFO] PluginManager:220 - loadIPPluginJar : add dma
2025-12-29 12:51:20,340 [INFO] IPUIPlugin:80 - create IPUIPlugin
2025-12-29 12:51:20,341 [INFO] PluginManager:220 - loadIPPluginJar : add dma3
2025-12-29 12:51:20,344 [INFO] IPUIPlugin:80 - create IPUIPlugin
2025-12-29 12:51:20,344 [INFO] PluginManager:220 - loadIPPluginJar : add extmemmanager
2025-12-29 12:51:20,346 [INFO] IPUIPlugin:80 - create IPUIPlugin
2025-12-29 12:51:20,346 [INFO] PluginManager:220 - loadIPPluginJar : add fatfs
2025-12-29 12:51:20,353 [INFO] IPUIPlugin:80 - create IPUIPlugin
2025-12-29 12:51:20,353 [INFO] PluginManager:220 - loadIPPluginJar : add fmc
2025-12-29 12:51:20,358 [INFO] IPUIPlugin:80 - create IPUIPlugin
2025-12-29 12:51:20,358 [INFO] PluginManager:220 - loadIPPluginJar : add freertos
2025-12-29 12:51:20,360 [INFO] IPUIPlugin:80 - create IPUIPlugin
2025-12-29 12:51:20,360 [INFO] PluginManager:220 - loadIPPluginJar : add genericplugin
2025-12-29 12:51:20,362 [INFO] IPUIPlugin:80 - create IPUIPlugin
2025-12-29 12:51:20,362 [INFO] PluginManager:220 - loadIPPluginJar : add gfxmmu
2025-12-29 12:51:20,366 [INFO] IPUIPlugin:80 - create IPUIPlugin
2025-12-29 12:51:20,367 [INFO] PluginManager:220 - loadIPPluginJar : add gic
2025-12-29 12:51:20,372 [INFO] IPUIPlugin:80 - create IPUIPlugin
2025-12-29 12:51:20,372 [INFO] PluginManager:220 - loadIPPluginJar : add gpio
2025-12-29 12:51:20,375 [INFO] IPUIPlugin:80 - create IPUIPlugin
2025-12-29 12:51:20,375 [INFO] PluginManager:220 - loadIPPluginJar : add gtzc
2025-12-29 12:51:20,378 [INFO] IPUIPlugin:80 - create IPUIPlugin
2025-12-29 12:51:20,378 [INFO] PluginManager:220 - loadIPPluginJar : add hash
2025-12-29 12:51:20,382 [INFO] IPUIPlugin:80 - create IPUIPlugin
2025-12-29 12:51:20,382 [INFO] PluginManager:220 - loadIPPluginJar : add i2c
2025-12-29 12:51:20,387 [INFO] IPUIPlugin:80 - create IPUIPlugin
2025-12-29 12:51:20,387 [INFO] PluginManager:220 - loadIPPluginJar : add i2s
2025-12-29 12:51:20,391 [INFO] IPUIPlugin:80 - create IPUIPlugin
2025-12-29 12:51:20,392 [INFO] PluginManager:220 - loadIPPluginJar : add i3c
2025-12-29 12:51:20,396 [INFO] IPUIPlugin:80 - create IPUIPlugin
2025-12-29 12:51:20,396 [INFO] PluginManager:220 - loadIPPluginJar : add ipddr
2025-12-29 12:51:20,403 [INFO] IPUIPlugin:80 - create IPUIPlugin
2025-12-29 12:51:20,403 [INFO] PluginManager:220 - loadIPPluginJar : add linkedlist
2025-12-29 12:51:20,411 [INFO] IPUIPlugin:80 - create IPUIPlugin
2025-12-29 12:51:20,411 [INFO] PluginManager:220 - loadIPPluginJar : add lorawan
2025-12-29 12:51:20,415 [INFO] IPUIPlugin:80 - create IPUIPlugin
2025-12-29 12:51:20,415 [INFO] PluginManager:220 - loadIPPluginJar : add ltdc
2025-12-29 12:51:20,420 [INFO] IPUIPlugin:80 - create IPUIPlugin
2025-12-29 12:51:20,421 [INFO] PluginManager:220 - loadIPPluginJar : add mdma
2025-12-29 12:51:20,424 [INFO] IPUIPlugin:80 - create IPUIPlugin
2025-12-29 12:51:20,424 [INFO] PluginManager:220 - loadIPPluginJar : add nvic
2025-12-29 12:51:20,428 [INFO] IPUIPlugin:80 - create IPUIPlugin
2025-12-29 12:51:20,428 [INFO] PluginManager:220 - loadIPPluginJar : add opamp
2025-12-29 12:51:20,432 [INFO] IPUIPlugin:80 - create IPUIPlugin
2025-12-29 12:51:20,432 [INFO] PluginManager:220 - loadIPPluginJar : add openamp
2025-12-29 12:51:20,436 [INFO] IPUIPlugin:80 - create IPUIPlugin
2025-12-29 12:51:20,436 [INFO] PluginManager:220 - loadIPPluginJar : add pdm2pcm
2025-12-29 12:51:20,442 [INFO] IPUIPlugin:80 - create IPUIPlugin
2025-12-29 12:51:20,444 [INFO] PluginManager:220 - loadIPPluginJar : add plateformsettings
2025-12-29 12:51:20,446 [INFO] IPUIPlugin:80 - create IPUIPlugin
2025-12-29 12:51:20,446 [INFO] PluginManager:220 - loadIPPluginJar : add quadspi
2025-12-29 12:51:20,448 [INFO] IPUIPlugin:80 - create IPUIPlugin
2025-12-29 12:51:20,449 [INFO] PluginManager:220 - loadIPPluginJar : add radio
2025-12-29 12:51:20,452 [INFO] IPUIPlugin:80 - create IPUIPlugin
2025-12-29 12:51:20,453 [INFO] PluginManager:220 - loadIPPluginJar : add resmgrutility
2025-12-29 12:51:20,456 [INFO] IPUIPlugin:80 - create IPUIPlugin
2025-12-29 12:51:20,456 [INFO] PluginManager:220 - loadIPPluginJar : add sai
2025-12-29 12:51:20,460 [INFO] IPUIPlugin:80 - create IPUIPlugin
2025-12-29 12:51:20,460 [INFO] PluginManager:220 - loadIPPluginJar : add spi
2025-12-29 12:51:20,469 [INFO] IPUIPlugin:80 - create IPUIPlugin
2025-12-29 12:51:20,469 [INFO] PluginManager:220 - loadIPPluginJar : add stm32_wpan
2025-12-29 12:51:20,471 [INFO] IPUIPlugin:80 - create IPUIPlugin
2025-12-29 12:51:20,471 [INFO] PluginManager:220 - loadIPPluginJar : add tim
2025-12-29 12:51:20,473 [INFO] IPUIPlugin:80 - create IPUIPlugin
2025-12-29 12:51:20,474 [INFO] PluginManager:220 - loadIPPluginJar : add touchsensing
2025-12-29 12:51:20,475 [INFO] IPUIPlugin:80 - create IPUIPlugin
2025-12-29 12:51:20,476 [INFO] PluginManager:220 - loadIPPluginJar : add tracer_emb
2025-12-29 12:51:20,477 [INFO] IPUIPlugin:80 - create IPUIPlugin
2025-12-29 12:51:20,477 [INFO] PluginManager:220 - loadIPPluginJar : add ts
2025-12-29 12:51:20,478 [INFO] IPUIPlugin:80 - create IPUIPlugin
2025-12-29 12:51:20,478 [INFO] PluginManager:220 - loadIPPluginJar : add tsc
2025-12-29 12:51:20,479 [INFO] IPUIPlugin:80 - create IPUIPlugin
2025-12-29 12:51:20,479 [INFO] PluginManager:220 - loadIPPluginJar : add ucpd
2025-12-29 12:51:20,481 [INFO] IPUIPlugin:80 - create IPUIPlugin
2025-12-29 12:51:20,481 [INFO] PluginManager:220 - loadIPPluginJar : add usart
2025-12-29 12:51:20,483 [INFO] IPUIPlugin:80 - create IPUIPlugin
2025-12-29 12:51:20,483 [INFO] PluginManager:220 - loadIPPluginJar : add usbx
2025-12-29 12:51:20,593 [FATAL] Updater:351 - Updater called before beeing initialized
2025-12-29 12:51:20,620 [INFO] RulesReader:64 - Compatibility file has been processed (317 Rules)
2025-12-29 12:51:20,631 [INFO] RulesReader:64 - Compatibility file has been processed (317 Rules)
2025-12-29 12:51:20,643 [INFO] CADModel:165 - CPN selected for project level
2025-12-29 12:51:20,644 [INFO] CADModel:114 - Register for checkConnection events
2025-12-29 12:51:20,644 [FATAL] Updater:351 - Updater called before beeing initialized
2025-12-29 12:51:20,644 [ERROR] CADModel:125 - Updater not yet initialized, retry later 
2025-12-29 12:51:20,776 [FATAL] Updater:351 - Updater called before beeing initialized
2025-12-29 12:51:20,777 [INFO] CADModel:165 - CPN selected for project level
2025-12-29 12:51:20,777 [INFO] CADModel:114 - Register for checkConnection events
2025-12-29 12:51:20,777 [FATAL] Updater:351 - Updater called before beeing initialized
2025-12-29 12:51:20,777 [ERROR] CADModel:125 - Updater not yet initialized, retry later 
2025-12-29 12:51:20,779 [FATAL] Updater:351 - Updater called before beeing initialized
2025-12-29 12:51:20,871 [FATAL] Updater:351 - Updater called before beeing initialized
2025-12-29 12:51:20,874 [INFO] DbMcusAds:53 - JSON generation date=Tue Dec 16 04:41:46 IST 2025 (1765840306612)
2025-12-29 12:51:20,875 [FATAL] Updater:351 - Updater called before beeing initialized
2025-12-29 12:51:20,897 [WARN] DetailPanel:346 - Failed to get advertising image, set to default
2025-12-29 12:51:20,953 [FATAL] Updater:351 - Updater called before beeing initialized
2025-12-29 12:51:20,954 [FATAL] Updater:351 - Updater called before beeing initialized
2025-12-29 12:51:20,954 [FATAL] Updater:351 - Updater called before beeing initialized
2025-12-29 12:51:20,955 [WARN] DetailPanel:346 - Failed to get advertising image, set to default
2025-12-29 12:51:20,955 [FATAL] Updater:351 - Updater called before beeing initialized
2025-12-29 12:51:20,995 [ERROR] Updater:1198 - MainUpdater not yet initialized. External WinMGr cannot be set.
2025-12-29 12:51:20,996 [INFO] Updater:1134 - Updater Version found : 6.15.0
2025-12-29 12:51:21,010 [INFO] ApplicationProperties:184 - Using Application install path: C:\ST\STM32CubeIDE_1.19.0\STM32CubeIDE\plugins\com.st.stm32cube.common.mx_6.15.0.202507011659
2025-12-29 12:51:21,038 [INFO] McuFinderGlobals:63 - Set McuFinder mode to 2 (CubeIDE integrated)
2025-12-29 12:51:21,807 [INFO] ThirdPartyUpdaterWithRetryManager:70 - Updater plugin not ready yet. [2/15]
2025-12-29 12:51:22,587 [ERROR] LogOutputStream:75 - [STDERR_REDIRECT] Dec 29, 2025 12:51:22 PM java.util.prefs.WindowsPreferences <init>
2025-12-29 12:51:22,588 [ERROR] LogOutputStream:75 - [STDERR_REDIRECT] WARNING: Could not open/create prefs root node Software\JavaSoft\Prefs at root 0xffffffff80000002. Windows RegCreateKeyEx(...) returned error code 5.
2025-12-29 12:51:22,588 [ERROR] LogOutputStream:75 - [STDERR_REDIRECT] 
2025-12-29 12:51:23,109 [INFO] MainUpdater:2872 - connection check result : 10
2025-12-29 12:51:23,110 [INFO] MainUpdater:289 - Updater Check For Update Now.
2025-12-29 12:51:23,110 [INFO] MicroXplorer:498 - Change Database Version : DB.6.0.150
2025-12-29 12:51:23,114 [INFO] McuFinderGlobals:63 - Set McuFinder mode to 2 (CubeIDE integrated)
2025-12-29 12:51:23,115 [INFO] UserAuth:487 - Internet connection configuration mode: 1
2025-12-29 12:51:23,181 [INFO] JxBrowserEngine:152 - Initiate JxBrowser Engine with user profile folder
2025-12-29 12:51:23,297 [INFO] CheckServerUpdateThread:120 - End of CheckServer Thread
2025-12-29 12:51:23,320 [INFO] MainUpdater:2872 - connection check result : 10
2025-12-29 12:51:23,854 [INFO] ApiDb:581 - Connected to CubeFinder SQLite database (C:\Users\aditi\.stmcufinder\plugins\mcufinder\mcu\cube-finder-db.db)
2025-12-29 12:51:23,984 [INFO] ApiDb:668 - CubeFinder database Data Model version=2.1
2025-12-29 12:51:23,984 [INFO] ApiDb:669 - CubeFinder database Configuration version=3.0.39
2025-12-29 12:51:23,984 [INFO] ApiDb:670 - CubeFinder database generation date=2025-11-05 (1762334721)
2025-12-29 12:51:23,985 [INFO] ApiDb:671 - CubeFinder database FW Pack versions=[FP-ATR-ASTRA1_V2.0.0, FP-SNS-FLIGHT1_V5.1.0, FP-SNS-MOTENV1_V5.1.0, FP-SNS-MOTENVWB1_V1.4.0, FP-SNS-SMARTAG2_V1.2.0, FP-SNS-STBOX1_V2.1.0, STM32Cube_FW_C0_V1.4.0, STM32Cube_FW_F4_V1.28.3, STM32Cube_FW_F7_V1.17.4, STM32Cube_FW_G0_V1.6.2, STM32Cube_FW_G4_V1.6.1, STM32Cube_FW_H5_V1.5.1, STM32Cube_FW_H7RS_V1.3.0, STM32Cube_FW_H7_V1.12.1, STM32Cube_FW_L0_V1.12.2, STM32Cube_FW_L4_V1.18.1, STM32Cube_FW_L5_V1.6.0, STM32Cube_FW_N6_V1.3.0, STM32Cube_FW_U0_V1.3.0, STM32Cube_FW_U3_V1.2.1, STM32Cube_FW_U5_V1.8.0, STM32Cube_FW_WB0_V1.4.0, STM32Cube_FW_WBA_V1.8.0, STM32Cube_FW_WB_V1.24.0, STM32Cube_FW_WL3_V1.3.0, STM32Cube_FW_WL_V1.4.0, X-CUBE-ALGOBUILD_V1.4.0, X-CUBE-ALS_V1.0.2, X-CUBE-AZRTOS-F4_V1.1.0, X-CUBE-AZRTOS-F7_V1.1.0, X-CUBE-AZRTOS-G0_V1.1.0, X-CUBE-AZRTOS-G4_V2.0.0, X-CUBE-AZRTOS-H7RS_V1.1.0, X-CUBE-AZRTOS-H7_V3.4.0, X-CUBE-AZRTOS-L4_V2.0.0, X-CUBE-AZRTOS-L5_V2.0.0, X-CUBE-AZRTOS-WB_V2.0.0, X-CUBE-AZRTOS-WL_V2.0.0, X-CUBE-BLE1_V7.1.0, X-CUBE-BLE2_V3.3.0, X-CUBE-BLEMGR_V4.1.0, X-CUBE-EEPRMA1_V5.2.0, X-CUBE-FREERTOS_V1.3.1, X-CUBE-GNSS1_V6.0.0, X-CUBE-MEMS1_V11.3.0, X-CUBE-NFC4_V3.0.0, X-CUBE-NFC7_V2.0.0, X-CUBE-SFXS2LP1_V4.0.0, X-CUBE-ST67W61_V1.1.0, X-CUBE-SUBG2_V5.0.0, X-CUBE-TOF1_V3.4.3]
2025-12-29 12:51:24,230 [INFO] WebApp:169 - Instantiating new browser for Auth
2025-12-29 12:51:24,928 [INFO] WebApp:463 - Apply proxy settings
2025-12-29 12:51:24,928 [INFO] WebApp:548 - Chromium requires no authentication
2025-12-29 12:51:24,940 [INFO] WebApp:491 - Direct internet connection detected
2025-12-29 12:51:24,970 [INFO] WebApp:900 - Register for checkConnection events
2025-12-29 12:51:24,970 [INFO] WebApp:463 - Apply proxy settings
2025-12-29 12:51:24,971 [INFO] WebApp:548 - Chromium requires no authentication
2025-12-29 12:51:24,971 [INFO] WebApp:491 - Direct internet connection detected
2025-12-29 12:51:25,031 [WARN] PackLoader:240 - Cannot read IP mode file for STMicroelectronics.FP-SNS-MOTENVWB1.1.4.0
2025-12-29 12:51:25,041 [WARN] PackLoader:240 - Cannot read IP mode file for STMicroelectronics.FP-ATR-ASTRA1.2.0.2
2025-12-29 12:51:25,055 [WARN] PackLoader:240 - Cannot read IP mode file for STMicroelectronics.X-CUBE-SMBUS.2.1.0
2025-12-29 12:51:25,082 [WARN] PackLoader:240 - Cannot read IP mode file for STMicroelectronics.X-CUBE-AZRTOS-F7.1.1.0
2025-12-29 12:51:25,095 [WARN] PackLoader:240 - Cannot read IP mode file for STMicroelectronics.X-CUBE-DISPLAY.3.0.0
2025-12-29 12:51:25,109 [WARN] PackLoader:240 - Cannot read IP mode file for STMicroelectronics.X-CUBE-NFC10.1.0.0
2025-12-29 12:51:25,114 [WARN] PackLoader:240 - Cannot read IP mode file for STMicroelectronics.FP-SNS-SMARTAG2.1.2.0
2025-12-29 12:51:25,118 [WARN] PackLoader:240 - Cannot read IP mode file for STMicroelectronics.FP-SNS-FLIGHT1.5.1.0
2025-12-29 12:51:25,142 [INFO] LogOutputStream:77 - [STDOUT_REDIRECT] 1 : Invalid condition id : UX_CORESTACK_Condition cause : null
2025-12-29 12:51:25,144 [INFO] LogOutputStream:77 - [STDOUT_REDIRECT] 1 : Invalid condition id : UX_CORESTACK_Condition cause : null
2025-12-29 12:51:25,147 [INFO] LogOutputStream:77 - [STDOUT_REDIRECT] 1 : Invalid condition id : UX_CORESTACK_Condition cause : null
2025-12-29 12:51:25,149 [INFO] LogOutputStream:77 - [STDOUT_REDIRECT] 1 : Invalid condition id : UX_CORESTACK_Condition cause : null
2025-12-29 12:51:25,151 [INFO] LogOutputStream:77 - [STDOUT_REDIRECT] 1 : Invalid condition id : UX_CORESTACK_Condition cause : null
2025-12-29 12:51:25,155 [WARN] PackLoader:240 - Cannot read IP mode file for STMicroelectronics.X-CUBE-AZRTOS-WL.2.0.0
2025-12-29 12:51:25,168 [WARN] PackLoader:240 - Cannot read IP mode file for STMicroelectronics.X-CUBE-BLE2.3.3.0
2025-12-29 12:51:25,176 [WARN] PackLoader:240 - Cannot read IP mode file for STMicroelectronics.X-CUBE-NFC9.1.0.0
2025-12-29 12:51:25,207 [WARN] PackLoader:240 - Cannot read IP mode file for STMicroelectronics.X-CUBE-BLE1.7.1.0
2025-12-29 12:51:25,220 [WARN] PackLoader:240 - Cannot read IP mode file for STMicroelectronics.X-CUBE-AZRTOS-G0.1.1.0
2025-12-29 12:51:25,226 [WARN] PackLoader:240 - Cannot read IP mode file for STMicroelectronics.X-CUBE-NFC4.3.0.0
2025-12-29 12:51:25,239 [WARN] PackLoader:240 - Cannot read IP mode file for STMicroelectronics.X-CUBE-WB05N.2.0.0
2025-12-29 12:51:25,244 [WARN] PackLoader:240 - Cannot read IP mode file for STMicroelectronics.X-CUBE-TCPP.4.2.0
2025-12-29 12:51:25,249 [WARN] PackLoader:240 - Cannot read IP mode file for STMicroelectronics.FP-ATR-SIGFOX1.3.2.0
2025-12-29 12:51:25,254 [WARN] PackLoader:240 - Cannot read IP mode file for STMicroelectronics.X-CUBE-ALGOBUILD.1.4.0
2025-12-29 12:51:25,258 [WARN] PackLoader:240 - Cannot read IP mode file for STMicroelectronics.X-CUBE-PM33A1.1.0.0
2025-12-29 12:51:25,268 [WARN] PackLoader:240 - Cannot read IP mode file for STMicroelectronics.X-CUBE-AZRTOS-F4.1.1.0
2025-12-29 12:51:25,273 [WARN] PackLoader:240 - Cannot read IP mode file for STMicroelectronics.X-CUBE-ISPU.2.1.0
2025-12-29 12:51:25,282 [WARN] PackLoader:240 - Cannot read IP mode file for STMicroelectronics.X-CUBE-AZRTOS-L5.2.0.0
2025-12-29 12:51:25,288 [WARN] PackLoader:240 - Cannot read IP mode file for STMicroelectronics.X-CUBE-NFC6.3.1.0
2025-12-29 12:51:25,294 [WARN] PackLoader:240 - Cannot read IP mode file for STMicroelectronics.X-CUBE-DPower.1.3.0
2025-12-29 12:51:25,303 [WARN] ConditionMgr:438 - getConditionDescription Invalid condition id : LAN8742 Phy interface Condition cause : null
2025-12-29 12:51:25,303 [WARN] PackLoader:240 - Cannot read IP mode file for STMicroelectronics.X-CUBE-AZRTOS-L4.2.0.0
2025-12-29 12:51:25,304 [WARN] ConditionMgr:1044 - genDependencies : Invalid condition id : LAN8742 Phy interface Condition cause : null
2025-12-29 12:51:25,304 [WARN] ConditionMgr:1044 - genDependencies : Invalid condition id : LAN8742 Phy interface Condition cause : null
2025-12-29 12:51:25,304 [WARN] ConditionMgr:1044 - genDependencies : Invalid condition id : LAN8742 Phy interface Condition cause : null
2025-12-29 12:51:25,310 [WARN] PackLoader:240 - Cannot read IP mode file for STMicroelectronics.X-CUBE-SFXS2LP1.4.0.0
2025-12-29 12:51:25,317 [WARN] ConditionMgr:438 - getConditionDescription Invalid condition id : UX DEVICE CLASS RTOS Condition cause : null
2025-12-29 12:51:25,317 [WARN] ConditionMgr:438 - getConditionDescription Invalid condition id : UX DEVICE CLASS RTOS Condition cause : null
2025-12-29 12:51:25,318 [WARN] PackLoader:240 - Cannot read IP mode file for STMicroelectronics.X-CUBE-AZRTOS-WB.2.0.0
2025-12-29 12:51:25,319 [WARN] ConditionMgr:1044 - genDependencies : Invalid condition id : UX DEVICE CLASS RTOS Condition cause : null
2025-12-29 12:51:25,319 [WARN] ConditionMgr:1044 - genDependencies : Invalid condition id : UX DEVICE CLASS RTOS Condition cause : null
2025-12-29 12:51:25,319 [WARN] ConditionMgr:1044 - genDependencies : Invalid condition id : UX DEVICE CLASS RTOS Condition cause : null
2025-12-29 12:51:25,320 [WARN] ConditionMgr:1044 - genDependencies : Invalid condition id : UX DEVICE CLASS RTOS Condition cause : null
2025-12-29 12:51:25,320 [WARN] ConditionMgr:1044 - genDependencies : Invalid condition id : UX DEVICE CLASS RTOS Condition cause : null
2025-12-29 12:51:25,327 [WARN] PackLoader:240 - Cannot read IP mode file for STMicroelectronics.X-CUBE-SUBG2.5.0.0
2025-12-29 12:51:25,337 [WARN] PackLoader:240 - Cannot read IP mode file for STMicroelectronics.X-CUBE-AZRTOS-G4.2.0.0
2025-12-29 12:51:25,352 [WARN] PackLoader:240 - Cannot read IP mode file for STMicroelectronics.X-CUBE-NFC7.2.0.0
2025-12-29 12:51:25,356 [WARN] PackLoader:240 - Cannot read IP mode file for STMicroelectronics.X-CUBE-ALS.1.0.2
2025-12-29 12:51:25,367 [WARN] PackLoader:240 - Cannot read IP mode file for STMicroelectronics.X-CUBE-TOF1.3.4.3
2025-12-29 12:51:25,378 [INFO] ThirdParty:978 - Integrity check success = true
2025-12-29 12:51:25,378 [INFO] IntegrityCheckThread:100 - exiting critical section [integrity check]
2025-12-29 12:51:25,378 [INFO] IntegrityCheckThread:103 - End integrity checks thread
2025-12-29 12:51:25,578 [INFO] WebApp:191 - Connection restablished
2025-12-29 12:51:25,746 [INFO] WebApp:225 - Starting web application
2025-12-29 12:51:25,746 [INFO] WebApp:593 - Web application path used C:\ST\STM32CubeIDE_1.19.0\STM32CubeIDE\plugins\com.st.stm32cube.common.mx_6.15.0.202507011659\db\plugins\mcufinder\reactClient1\index.html
2025-12-29 12:51:25,809 [INFO] UserAuth:487 - Internet connection configuration mode: 1
2025-12-29 12:51:26,659 [INFO] ApiDb:240 - Found 880 in-development CPN: [B-G473E-ZEST1S, B-WB1M-WPAN1, B-WBA5M-WPAN, B-WL5M-SUBG1, NUCLEO-C031C6, NUCLEO-C051C8, NUCLEO-C071RB, NUCLEO-C092RC, NUCLEO-H503RB, NUCLEO-H533RE, NUCLEO-H563ZI, NUCLEO-H7S3L8, NUCLEO-N657X0-Q, NUCLEO-U031R8, NUCLEO-U083RC, NUCLEO-U385RG-Q, NUCLEO-U545RE-Q, NUCLEO-U5A5ZJ-Q, NUCLEO-WB05KZ, NUCLEO-WB07CC, NUCLEO-WB09KE, NUCLEO-WBA52CG, NUCLEO-WBA55CG, NUCLEO-WL33CC1, NUCLEO-WL33CC2, STEVAL-PROTEUS1, STEVAL-SMARTAG2, STEVAL-STWINBX1, STM320518-EVAL, STM32C0116-DK, STM32C011D6Y3TR, STM32C011D6Y6TR, STM32C011F4P3, STM32C011F4P6, STM32C011F4U3, STM32C011F4U6TR, STM32C011F6P3, STM32C011F6P6, STM32C011F6U3, STM32C011F6U6TR, STM32C011J4M3, STM32C011J4M6, STM32C011J6M3, STM32C011J6M6, STM32C0316-DK, STM32C031C4T3, STM32C031C4T6, STM32C031C4U3, STM32C031C4U6, STM32C031C6T3, STM32C031C6T6, STM32C031C6U3, STM32C031C6U6, STM32C031F4P3, STM32C031F4P6, STM32C031F6P3, STM32C031F6P6, STM32C031G4U3, STM32C031G4U6, STM32C031G6U3, STM32C031G6U6, STM32C031K4T3, STM32C031K4T6, STM32C031K4U3, STM32C031K4U6, STM32C031K6T3, STM32C031K6T6, STM32C031K6U3, STM32C031K6U6, STM32C051C6T6, STM32C051C6U6, STM32C051C8T6, STM32C051C8U6, STM32C051D8Y6TR, STM32C051F6P6, STM32C051F8P6, STM32C051G6U6, STM32C051G8U6, STM32C051K6T6, STM32C051K6U6, STM32C051K8T6, STM32C071C8T6, STM32C071C8T6N, STM32C071C8U6, STM32C071C8U6N, STM32C071CBT6, STM32C071CBT6N, STM32C071CBU6, STM32C071CBU6N, STM32C071F8P6, STM32C071F8P6N, STM32C071FBP6, STM32C071FBP6N, STM32C071FBY6TR, STM32C071G8U6, STM32C071G8U6N, STM32C071GBU6, STM32C071GBU6N, STM32C071K8T6, STM32C071K8T6N, STM32C071K8U6, STM32C071K8U6N, STM32C071KBT6, STM32C071KBT6N, STM32C071KBU6, STM32C071KBU6N, STM32C071R8T6, STM32C071R8T6N, STM32C071RBI6N, STM32C071RBT6, STM32C071RBT6N, STM32C091CBT6, STM32C091CBU6, STM32C091CCT6, STM32C091CCU6, STM32C091ECY6TR, STM32C091FBP6, STM32C091FCP6, STM32C091GBU6, STM32C091GCU6, STM32C091KBT6, STM32C091KBU6, STM32C091KCT6, STM32C091KCU6, STM32C091RBT6, STM32C091RCI6, STM32C091RCT6, STM32C092CBT6, STM32C092CBU6, STM32C092CCT6, STM32C092CCU6, STM32C092ECY6TR, STM32C092FBP6, STM32C092FCP6, STM32C092GBU6, STM32C092GCU6, STM32C092KBT6, STM32C092KBU6, STM32C092KCT6, STM32C092KCU6, STM32C092RBT6, STM32C092RCI6, STM32C092RCT6, STM32G071K8TXN, STM32G071K8UXN, STM32G081GBU6N, STM32G081KBT6N, STM32G081KBUXN, STM32G0B1CCT6N, STM32G0B1KCT6, STM32G0B1NEY6TR, STM32G0B1RCT6N, STM32G0C1CCT6, STM32G0C1CCT6N, STM32G0C1CCU6N, STM32G0C1CET6N, STM32G0C1CEU6N, STM32G0C1KCT6, STM32G0C1NEY6TR, STM32G0C1RCI6N, STM32G0C1RCT6N, STM32G0C1REI6N, STM32G0C1RET6N, STM32G0C1VCI6, STM32G0C1VEI6, STM32G411C6T3, STM32G411C6T6, STM32G411C6U3, STM32G411C6U6, STM32G411C8T3, STM32G411C8T6, STM32G411C8U3, STM32G411C8U6, STM32G411CBT3, STM32G411CBT6, STM32G411CBU3, STM32G411CBU6, STM32G411K6T3, STM32G411K6T6, STM32G411K6U3, STM32G411K6U6, STM32G411K8T3, STM32G411K8T6, STM32G411K8U3, STM32G411K8U6, STM32G411KBT3, STM32G411KBT6, STM32G411KBU3, STM32G411KBU6, STM32G411M6T3, STM32G411M6T6, STM32G411M8T3, STM32G411M8T6, STM32G411MBT3, STM32G411MBT6, STM32G411R6T3, STM32G411R6T6, STM32G411R8T3, STM32G411R8T6, STM32G411RBT3, STM32G411RBT6, STM32G414CBT3, STM32G414CBT6, STM32G414CBU3, STM32G414CBU6, STM32G414CCT3, STM32G414CCT6, STM32G414CCU3, STM32G414CCU6, STM32G414MBT3, STM32G414MBT6, STM32G414MCT3, STM32G414MCT6, STM32G414RBT3, STM32G414RBT6, STM32G414RCT3, STM32G414RCT6, STM32G414VBT3, STM32G414VBT6, STM32G414VCT3, STM32G414VCT6, STM32G431CBT3Z, STM32G431RBT3Z, STM32G471CCT6, STM32G471CCU6, STM32G471CET3, STM32G471CET6, STM32G471CEU3, STM32G471CEU6, STM32G471MCT6, STM32G471MET3, STM32G471MET6, STM32G471MEY6TR, STM32G471QCT6, STM32G471QET3, STM32G471RCT6, STM32G471RET3, STM32G471RET6, STM32G471VCH6, STM32G471VCI6, STM32G471VCT6, STM32G471VEH3, STM32G471VEH6, STM32G471VEI3, STM32G471VEI6, STM32G471VET3, STM32G471VET6, STM32G473QET3Z, STM32G473RET3Z, STM32G474CCT6, STM32G491RET3Z, STM32H503CBT6, STM32H503CBU6, STM32H503EBY6TR, STM32H503KBU6, STM32H503RBT6, STM32H523CCT6, STM32H523CCU6, STM32H523CET6, STM32H523CEU6, STM32H523HEY6TR, STM32H523RCT6, STM32H523RET6, STM32H523VCI6, STM32H523VCT6, STM32H523VEI6, STM32H523VET6, STM32H523ZCJ6, STM32H523ZCT6, STM32H523ZEJ6, STM32H523ZET6, STM32H533CET6, STM32H533CEU6, STM32H533HEY6TR, STM32H533RET6, STM32H533VEI6, STM32H533VET6, STM32H533ZEJ6, STM32H533ZET6, STM32H562AGI6, STM32H562AII6, STM32H562IGK6, STM32H562IGT6, STM32H562IIK6, STM32H562IIT6, STM32H562RGT6, STM32H562RGV6, STM32H562RIT6, STM32H562RIV6, STM32H562VGT6, STM32H562VIT6, STM32H562ZGT6, STM32H562ZIT6, STM32H563AGI6, STM32H563AII3Q, STM32H563AII6, STM32H563IGK6, STM32H563IGT6, STM32H563IIK3Q, STM32H563IIK6, STM32H563IIT3Q, STM32H563IIT6, STM32H563MIY3QTR, STM32H563RGT6, STM32H563RGV6, STM32H563RIT6, STM32H563RIV6, STM32H563VGT6, STM32H563VIT3Q, STM32H563VIT6, STM32H563ZGT6, STM32H563ZIT3Q, STM32H563ZIT6, STM32H573AII3Q, STM32H573AII6, STM32H573I-DK, STM32H573IIK3Q, STM32H573IIK6, STM32H573IIT3Q, STM32H573IIT6, STM32H573MIY3QTR, STM32H573RIT6, STM32H573RIV6, STM32H573VIT3Q, STM32H573VIT6, STM32H573ZIT3Q, STM32H573ZIT6, STM32H7R3A8I6, STM32H7R3I8K6, STM32H7R3I8T6, STM32H7R3L8H6, STM32H7R3L8H6H, STM32H7R3R8V6, STM32H7R3V8H6, STM32H7R3V8T6, STM32H7R3V8Y6TR, STM32H7R3Z8J6, STM32H7R3Z8T6, STM32H7R7A8I6, STM32H7R7I8K6, STM32H7R7I8T6, STM32H7R7L8H6, STM32H7R7L8H6H, STM32H7R7Z8J6, STM32H7S3A8I6, STM32H7S3I8K6, STM32H7S3I8T6, STM32H7S3L8H6, STM32H7S3L8H6H, STM32H7S3R8V6, STM32H7S3V8H6, STM32H7S3V8T6, STM32H7S3V8Y6TR, STM32H7S3Z8J6, STM32H7S3Z8T6, STM32H7S78-DK, STM32H7S7A8I6, STM32H7S7I8K6, STM32H7S7I8T6, STM32H7S7L8H6, STM32H7S7L8H6H, STM32H7S7Z8J6, STM32L4R5QGI6STR, STM32MP131AAE3, STM32MP131AAF3, STM32MP131AAG3, STM32MP131CAE3, STM32MP131CAF3, STM32MP131CAG3, STM32MP131DAE7, STM32MP131DAF7, STM32MP131DAG7, STM32MP131FAE7, STM32MP131FAF7, STM32MP131FAG7, STM32MP133AAE3, STM32MP133AAF3, STM32MP133AAG3, STM32MP133CAE3, STM32MP133CAF3, STM32MP133CAG3, STM32MP133DAE7, STM32MP133DAF7, STM32MP133DAG7, STM32MP133FAE7, STM32MP133FAF7, STM32MP133FAG7, STM32MP135AAE3, STM32MP135AAF3, STM32MP135AAG3, STM32MP135CAE3, STM32MP135CAF3, STM32MP135CAG3, STM32MP135DAE7, STM32MP135DAF7, STM32MP135DAG7, STM32MP135F-DK, STM32MP135FAE7, STM32MP135FAF7, STM32MP135FAF7T, STM32MP135FAF7U, STM32MP135FAG7, STM32MP211AAL3, STM32MP211AAM3, STM32MP211AAN3, STM32MP211AAO3, STM32MP211CAL3, STM32MP211CAM3, STM32MP211CAN3, STM32MP211CAO3, STM32MP211DAL3, STM32MP211DAM3, STM32MP211DAN3, STM32MP211DAO3, STM32MP211FAL3, STM32MP211FAM3, STM32MP211FAN3, STM32MP211FAO3, STM32MP213AAL3, STM32MP213AAM3, STM32MP213AAN3, STM32MP213AAO3, STM32MP213CAL3, STM32MP213CAM3, STM32MP213CAN3, STM32MP213CAO3, STM32MP213DAL3, STM32MP213DAM3, STM32MP213DAN3, STM32MP213DAO3, STM32MP213FAL3, STM32MP213FAM3, STM32MP213FAN3, STM32MP213FAO3, STM32MP215AAL3, STM32MP215AAM3, STM32MP215AAN3, STM32MP215AAO3, STM32MP215CAL3, STM32MP215CAM3, STM32MP215CAN3, STM32MP215CAO3, STM32MP215DAL3, STM32MP215DAM3, STM32MP215DAN3, STM32MP215DAO3, STM32MP215F-DK, STM32MP215FAL3, STM32MP215FAM3, STM32MP215FAN3, STM32MP215FAO3, STM32MP231AAJ3, STM32MP231AAK3, STM32MP231AAL3, STM32MP231CAJ3, STM32MP231CAK3, STM32MP231CAL3, STM32MP231DAJ3, STM32MP231DAK3, STM32MP231DAL3, STM32MP231FAJ3, STM32MP231FAK3, STM32MP231FAL3, STM32MP233AAJ3, STM32MP233AAK3, STM32MP233AAL3, STM32MP233CAJ3, STM32MP233CAK3, STM32MP233CAL3, STM32MP233DAJ3, STM32MP233DAK3, STM32MP233DAL3, STM32MP233FAJ3, STM32MP233FAK3, STM32MP233FAL3, STM32MP235AAJ3, STM32MP235AAK3, STM32MP235AAL3, STM32MP235CAJ3, STM32MP235CAK3, STM32MP235CAL3, STM32MP235DAJ3, STM32MP235DAK3, STM32MP235DAL3, STM32MP235FAJ3, STM32MP235FAK3, STM32MP235FAL3, STM32MP251AAI3, STM32MP251AAK3, STM32MP251AAL3, STM32MP251CAI3, STM32MP251CAK3, STM32MP251CAL3, STM32MP251DAI3, STM32MP251DAK3, STM32MP251DAL3, STM32MP251FAI3, STM32MP251FAK3, STM32MP251FAL3, STM32MP253AAI3, STM32MP253AAK3, STM32MP253AAL3, STM32MP253CAI3, STM32MP253CAK3, STM32MP253CAL3, STM32MP253DAI3, STM32MP253DAK3, STM32MP253DAL3, STM32MP253FAI3, STM32MP253FAK3, STM32MP253FAL3, STM32MP255AAI3, STM32MP255AAK3, STM32MP255AAL3, STM32MP255CAI3, STM32MP255CAK3, STM32MP255CAL3, STM32MP255DAI3, STM32MP255DAK3, STM32MP255DAL3, STM32MP255FAI3, STM32MP255FAK3, STM32MP255FAL3, STM32MP257AAI3, STM32MP257AAK3, STM32MP257AAL3, STM32MP257CAI3, STM32MP257CAK3, STM32MP257CAL3, STM32MP257DAI3, STM32MP257DAK3, STM32MP257DAL3, STM32MP257F-DK, STM32MP257F-EV1, STM32MP257FAI3, STM32MP257FAK3, STM32MP257FAL3, STM32N645A0H3Q, STM32N645B0H3Q, STM32N645I0H3Q, STM32N645L0H3Q, STM32N645X0H3Q, STM32N645Z0H3Q, STM32N647A0H3Q, STM32N647B0H3Q, STM32N647I0H3Q, STM32N647L0H3Q, STM32N647X0H3Q, STM32N647Z0H3Q, STM32N655A0H3Q, STM32N655B0H3Q, STM32N655I0H3Q, STM32N655L0H3Q, STM32N655X0H3Q, STM32N655Z0H3Q, STM32N6570-DK, STM32N657A0H3Q, STM32N657B0H3Q, STM32N657I0H3Q, STM32N657L0H3Q, STM32N657X0H3Q, STM32N657Z0H3Q, STM32U031C6T6, STM32U031C6U6, STM32U031C8T6, STM32U031C8U6, STM32U031F4P6, STM32U031F6P6, STM32U031F8P6, STM32U031G6Y6TR, STM32U031G8Y6TR, STM32U031K4U6, STM32U031K6U6, STM32U031K8U6, STM32U031R6I6, STM32U031R6T6, STM32U031R8I6, STM32U031R8T6, STM32U073C8T6, STM32U073C8U6, STM32U073CBT6, STM32U073CBU6, STM32U073CCT6, STM32U073CCU6, STM32U073H8Y6TR, STM32U073HBY6TR, STM32U073HCY6TR, STM32U073K8U6, STM32U073KBU6, STM32U073KCU6, STM32U073M8I6, STM32U073M8T6, STM32U073MBI6, STM32U073MBT6, STM32U073MCI6, STM32U073MCT6, STM32U073R8I6, STM32U073R8T6, STM32U073RBI6, STM32U073RBT6, STM32U073RCI6, STM32U073RCT6, STM32U083C-DK, STM32U083CCT6, STM32U083CCU6, STM32U083HCY6TR, STM32U083KCU6, STM32U083MCI6, STM32U083MCT6, STM32U083RCI6, STM32U083RCT6, STM32U375CET6, STM32U375CET6Q, STM32U375CEU6, STM32U375CEU6Q, STM32U375CEY6QTR, STM32U375CGT6, STM32U375CGT6Q, STM32U375CGU6, STM32U375CGU6Q, STM32U375CGY6QTR, STM32U375KEU6, STM32U375KGU6, STM32U375REI6, STM32U375REI6Q, STM32U375RET6, STM32U375RET6Q, STM32U375REY6GTR, STM32U375REY6QTR, STM32U375RGI6, STM32U375RGI6Q, STM32U375RGT6, STM32U375RGT6Q, STM32U375RGY6GTR, STM32U375RGY6QTR, STM32U375VEI6, STM32U375VEI6Q, STM32U375VET6, STM32U375VET6Q, STM32U375VGI6, STM32U375VGI6Q, STM32U375VGT6, STM32U375VGT6Q, STM32U385CGT6, STM32U385CGT6Q, STM32U385CGU6, STM32U385CGU6Q, STM32U385CGY6QTR, STM32U385KGU6, STM32U385RGI6, STM32U385RGI6Q, STM32U385RGT6, STM32U385RGT6Q, STM32U385RGY6GTR, STM32U385RGY6QTR, STM32U385VGI6, STM32U385VGI6Q, STM32U385VGT6, STM32U385VGT6Q, STM32U535CBT6, STM32U535CBT6Q, STM32U535CBU6, STM32U535CBU6Q, STM32U535CCT6, STM32U535CCT6Q, STM32U535CCU6, STM32U535CCU6Q, STM32U535CET6, STM32U535CET6Q, STM32U535CEU6, STM32U535CEU6Q, STM32U535JEY6QTR, STM32U535NCY6QTR, STM32U535NEY6QTR, STM32U535RBI6, STM32U535RBI6Q, STM32U535RBT6, STM32U535RBT6Q, STM32U535RCI6, STM32U535RCI6Q, STM32U535RCT6, STM32U535RCT6Q, STM32U535REI6, STM32U535REI6Q, STM32U535RET6, STM32U535RET6Q, STM32U535VCI6, STM32U535VCI6Q, STM32U535VCT6, STM32U535VCT6Q, STM32U535VEI6, STM32U535VEI6Q, STM32U535VET6, STM32U535VET6Q, STM32U545CET6, STM32U545CET6Q, STM32U545CEU6, STM32U545CEU6Q, STM32U545JEY6QTR, STM32U545NEY6QTR, STM32U545REI6, STM32U545REI6Q, STM32U545RET6, STM32U545RET6Q, STM32U545VEI6, STM32U545VEI6Q, STM32U545VET6, STM32U545VET6Q, STM32U595AIH6, STM32U595AIH6Q, STM32U595AJH6, STM32U595AJH6Q, STM32U595QII6, STM32U595QII6Q, STM32U595QJI6, STM32U595QJI6Q, STM32U595RIT6, STM32U595RIT6Q, STM32U595RJT6, STM32U595RJT6Q, STM32U595VIT6, STM32U595VIT6Q, STM32U595VJT6, STM32U595VJT6Q, STM32U595ZIT6, STM32U595ZIT6Q, STM32U595ZIY6QTR, STM32U595ZJT6, STM32U595ZJT6Q, STM32U595ZJY6QTR, STM32U599BJY6QTR, STM32U599NIH6Q, STM32U599NJH6Q, STM32U599VIT6Q, STM32U599VJT6, STM32U599VJT6Q, STM32U599ZIT6Q, STM32U599ZIY6QTR, STM32U599ZJT6Q, STM32U599ZJY6QTR, STM32U5A5AJH6, STM32U5A5AJH6Q, STM32U5A5QII3Q , STM32U5A5QJI6, STM32U5A5QJI6Q, STM32U5A5RJT6, STM32U5A5RJT6Q, STM32U5A5VJT6, STM32U5A5VJT6Q, STM32U5A5ZJT6, STM32U5A5ZJT6Q, STM32U5A5ZJY6QTR, STM32U5A9BJY6QTR, STM32U5A9J-DK, STM32U5A9NJH6Q, STM32U5A9VJT6Q, STM32U5A9ZJT6Q, STM32U5A9ZJY6QTR, STM32U5F7VIT6, STM32U5F7VIT6Q, STM32U5F7VJT6, STM32U5F7VJT6Q, STM32U5F9BJY6QTR, STM32U5F9NJH6Q, STM32U5F9VIT6Q, STM32U5F9VJT6Q, STM32U5F9ZIJ6QTR, STM32U5F9ZIT6Q, STM32U5F9ZJJ6QTR, STM32U5F9ZJT6Q, STM32U5G7VJT6, STM32U5G7VJT6Q, STM32U5G9BJY6QTR, STM32U5G9J-DK1, STM32U5G9J-DK2, STM32U5G9NJH6Q, STM32U5G9VJT6Q, STM32U5G9ZJJ6QTR, STM32U5G9ZJT6Q, STM32WB05KZV6TR, STM32WB05KZV7TR, STM32WB05TZF6TR, STM32WB05TZF7TR, STM32WB06CCF6TR, STM32WB06CCF7TR, STM32WB06CCV6TR, STM32WB06CCV7TR, STM32WB06KCV6TR, STM32WB06KCV7TR, STM32WB07CCF6TR, STM32WB07CCF7TR, STM32WB07CCV6TR, STM32WB07CCV7TR, STM32WB07KCV6TR, STM32WB07KCV7TR, STM32WB09KEV6TR, STM32WB09KEV7TR, STM32WB09TEF6TR, STM32WB09TEF7TR, STM32WB1MMCH6, STM32WBA50KGU6, STM32WBA50KGU6TR, STM32WBA52CEU6, STM32WBA52CEU6TR, STM32WBA52CEU7, STM32WBA52CEU7TR, STM32WBA52CGU6, STM32WBA52CGU6TR, STM32WBA52CGU6U, STM32WBA52CGU7, STM32WBA52CGU7TR, STM32WBA52KEU6, STM32WBA52KEU6TR, STM32WBA52KGU6, STM32WBA52KGU6TR, STM32WBA54CEU6, STM32WBA54CEU6TR, STM32WBA54CEU7, STM32WBA54CEU7TR, STM32WBA54CGU6, STM32WBA54CGU6TR, STM32WBA54CGU7, STM32WBA54CGU7TR, STM32WBA54KEU6, STM32WBA54KEU6TR, STM32WBA54KEU7, STM32WBA54KEU7TR, STM32WBA54KGU6, STM32WBA54KGU6TR, STM32WBA54KGU7, STM32WBA54KGU7TR, STM32WBA55CEU6, STM32WBA55CEU6TR, STM32WBA55CEU7, STM32WBA55CEU7TR, STM32WBA55CGU6, STM32WBA55CGU6TR, STM32WBA55CGU6U, STM32WBA55CGU7, STM32WBA55CGU7TR, STM32WBA55G-DK1, STM32WBA55HEF6, STM32WBA55HEF7, STM32WBA55HGF6, STM32WBA55HGF7, STM32WBA55UEI6, STM32WBA55UEI6TR, STM32WBA55UEI7, STM32WBA55UEI7TR, STM32WBA55UGI6, STM32WBA55UGI6TR, STM32WBA55UGI7, STM32WBA55UGI7TR, STM32WBA5MMGH6TR, STM32WBA62MGF6, STM32WBA62MIF6, STM32WBA65MGF7, STM32WBA65MIF6, STM32WBA65MIF7, STM32WL30K8V6, STM32WL30KBV6, STM32WL31C8V6, STM32WL31CBV6, STM32WL31K8V6, STM32WL31KBV6, STM32WL33C8V6, STM32WL33C8V6X, STM32WL33CBV6, STM32WL33CBV6X, STM32WL33CCV6, STM32WL33CCV6A, STM32WL33CCV6X, STM32WL33K8V7, STM32WL33K8V7X, STM32WL33KBV7 , STM32WL33KBV7X, STM32WL33KCV7, STM32WL33KCV7X, STM32WL5MOCH6, STM32WL5MOCH6TR]
2025-12-29 12:51:26,663 [INFO] DbMcus:218 - Found 4876 MCUs, 4876 are supported
2025-12-29 12:51:26,665 [INFO] ApiDb:423 - Load user favorites file C:\Users\aditi/.stm32cubeide/favorites.mcus.txt: 0 item(s)
2025-12-29 12:51:26,665 [INFO] ApiDb:427 - User favorites MCUs=[]
2025-12-29 12:51:26,665 [INFO] DbMcus:224 - Set 0 / 0 favorites MCUs
2025-12-29 12:51:27,011 [INFO] ApiDb:668 - CubeFinder database Data Model version=2.1
2025-12-29 12:51:27,011 [INFO] ApiDb:669 - CubeFinder database Configuration version=3.0.39
2025-12-29 12:51:27,011 [INFO] ApiDb:670 - CubeFinder database generation date=2025-11-05 (1762334721)
2025-12-29 12:51:27,011 [INFO] ApiDb:671 - CubeFinder database FW Pack versions=[FP-ATR-ASTRA1_V2.0.0, FP-SNS-FLIGHT1_V5.1.0, FP-SNS-MOTENV1_V5.1.0, FP-SNS-MOTENVWB1_V1.4.0, FP-SNS-SMARTAG2_V1.2.0, FP-SNS-STBOX1_V2.1.0, STM32Cube_FW_C0_V1.4.0, STM32Cube_FW_F4_V1.28.3, STM32Cube_FW_F7_V1.17.4, STM32Cube_FW_G0_V1.6.2, STM32Cube_FW_G4_V1.6.1, STM32Cube_FW_H5_V1.5.1, STM32Cube_FW_H7RS_V1.3.0, STM32Cube_FW_H7_V1.12.1, STM32Cube_FW_L0_V1.12.2, STM32Cube_FW_L4_V1.18.1, STM32Cube_FW_L5_V1.6.0, STM32Cube_FW_N6_V1.3.0, STM32Cube_FW_U0_V1.3.0, STM32Cube_FW_U3_V1.2.1, STM32Cube_FW_U5_V1.8.0, STM32Cube_FW_WB0_V1.4.0, STM32Cube_FW_WBA_V1.8.0, STM32Cube_FW_WB_V1.24.0, STM32Cube_FW_WL3_V1.3.0, STM32Cube_FW_WL_V1.4.0, X-CUBE-ALGOBUILD_V1.4.0, X-CUBE-ALS_V1.0.2, X-CUBE-AZRTOS-F4_V1.1.0, X-CUBE-AZRTOS-F7_V1.1.0, X-CUBE-AZRTOS-G0_V1.1.0, X-CUBE-AZRTOS-G4_V2.0.0, X-CUBE-AZRTOS-H7RS_V1.1.0, X-CUBE-AZRTOS-H7_V3.4.0, X-CUBE-AZRTOS-L4_V2.0.0, X-CUBE-AZRTOS-L5_V2.0.0, X-CUBE-AZRTOS-WB_V2.0.0, X-CUBE-AZRTOS-WL_V2.0.0, X-CUBE-BLE1_V7.1.0, X-CUBE-BLE2_V3.3.0, X-CUBE-BLEMGR_V4.1.0, X-CUBE-EEPRMA1_V5.2.0, X-CUBE-FREERTOS_V1.3.1, X-CUBE-GNSS1_V6.0.0, X-CUBE-MEMS1_V11.3.0, X-CUBE-NFC4_V3.0.0, X-CUBE-NFC7_V2.0.0, X-CUBE-SFXS2LP1_V4.0.0, X-CUBE-ST67W61_V1.1.0, X-CUBE-SUBG2_V5.0.0, X-CUBE-TOF1_V3.4.3]
2025-12-29 12:51:27,068 [INFO] DbBoardsSqlite:226 - include board P-NUCLEO-WB55-NUCLEO as a kit item of type 'Nucleo-64'
2025-12-29 12:51:27,069 [INFO] DbBoardsSqlite:226 - include board P-NUCLEO-WB55-USBDONGLE as a kit item of type 'Nucleo USB Dongle'
2025-12-29 12:51:27,069 [INFO] DbBoardsSqlite:226 - include board STEVAL-IDP005V1 as a kit item of type 'Evaluation Board'
2025-12-29 12:51:27,069 [INFO] DbBoardsSqlite:226 - include board STEVAL-IDP005V2 as a kit item of type 'Evaluation Board'
2025-12-29 12:51:27,128 [INFO] ApiDb:240 - Found 880 in-development CPN: [B-G473E-ZEST1S, B-WB1M-WPAN1, B-WBA5M-WPAN, B-WL5M-SUBG1, NUCLEO-C031C6, NUCLEO-C051C8, NUCLEO-C071RB, NUCLEO-C092RC, NUCLEO-H503RB, NUCLEO-H533RE, NUCLEO-H563ZI, NUCLEO-H7S3L8, NUCLEO-N657X0-Q, NUCLEO-U031R8, NUCLEO-U083RC, NUCLEO-U385RG-Q, NUCLEO-U545RE-Q, NUCLEO-U5A5ZJ-Q, NUCLEO-WB05KZ, NUCLEO-WB07CC, NUCLEO-WB09KE, NUCLEO-WBA52CG, NUCLEO-WBA55CG, NUCLEO-WL33CC1, NUCLEO-WL33CC2, STEVAL-PROTEUS1, STEVAL-SMARTAG2, STEVAL-STWINBX1, STM320518-EVAL, STM32C0116-DK, STM32C011D6Y3TR, STM32C011D6Y6TR, STM32C011F4P3, STM32C011F4P6, STM32C011F4U3, STM32C011F4U6TR, STM32C011F6P3, STM32C011F6P6, STM32C011F6U3, STM32C011F6U6TR, STM32C011J4M3, STM32C011J4M6, STM32C011J6M3, STM32C011J6M6, STM32C0316-DK, STM32C031C4T3, STM32C031C4T6, STM32C031C4U3, STM32C031C4U6, STM32C031C6T3, STM32C031C6T6, STM32C031C6U3, STM32C031C6U6, STM32C031F4P3, STM32C031F4P6, STM32C031F6P3, STM32C031F6P6, STM32C031G4U3, STM32C031G4U6, STM32C031G6U3, STM32C031G6U6, STM32C031K4T3, STM32C031K4T6, STM32C031K4U3, STM32C031K4U6, STM32C031K6T3, STM32C031K6T6, STM32C031K6U3, STM32C031K6U6, STM32C051C6T6, STM32C051C6U6, STM32C051C8T6, STM32C051C8U6, STM32C051D8Y6TR, STM32C051F6P6, STM32C051F8P6, STM32C051G6U6, STM32C051G8U6, STM32C051K6T6, STM32C051K6U6, STM32C051K8T6, STM32C071C8T6, STM32C071C8T6N, STM32C071C8U6, STM32C071C8U6N, STM32C071CBT6, STM32C071CBT6N, STM32C071CBU6, STM32C071CBU6N, STM32C071F8P6, STM32C071F8P6N, STM32C071FBP6, STM32C071FBP6N, STM32C071FBY6TR, STM32C071G8U6, STM32C071G8U6N, STM32C071GBU6, STM32C071GBU6N, STM32C071K8T6, STM32C071K8T6N, STM32C071K8U6, STM32C071K8U6N, STM32C071KBT6, STM32C071KBT6N, STM32C071KBU6, STM32C071KBU6N, STM32C071R8T6, STM32C071R8T6N, STM32C071RBI6N, STM32C071RBT6, STM32C071RBT6N, STM32C091CBT6, STM32C091CBU6, STM32C091CCT6, STM32C091CCU6, STM32C091ECY6TR, STM32C091FBP6, STM32C091FCP6, STM32C091GBU6, STM32C091GCU6, STM32C091KBT6, STM32C091KBU6, STM32C091KCT6, STM32C091KCU6, STM32C091RBT6, STM32C091RCI6, STM32C091RCT6, STM32C092CBT6, STM32C092CBU6, STM32C092CCT6, STM32C092CCU6, STM32C092ECY6TR, STM32C092FBP6, STM32C092FCP6, STM32C092GBU6, STM32C092GCU6, STM32C092KBT6, STM32C092KBU6, STM32C092KCT6, STM32C092KCU6, STM32C092RBT6, STM32C092RCI6, STM32C092RCT6, STM32G071K8TXN, STM32G071K8UXN, STM32G081GBU6N, STM32G081KBT6N, STM32G081KBUXN, STM32G0B1CCT6N, STM32G0B1KCT6, STM32G0B1NEY6TR, STM32G0B1RCT6N, STM32G0C1CCT6, STM32G0C1CCT6N, STM32G0C1CCU6N, STM32G0C1CET6N, STM32G0C1CEU6N, STM32G0C1KCT6, STM32G0C1NEY6TR, STM32G0C1RCI6N, STM32G0C1RCT6N, STM32G0C1REI6N, STM32G0C1RET6N, STM32G0C1VCI6, STM32G0C1VEI6, STM32G411C6T3, STM32G411C6T6, STM32G411C6U3, STM32G411C6U6, STM32G411C8T3, STM32G411C8T6, STM32G411C8U3, STM32G411C8U6, STM32G411CBT3, STM32G411CBT6, STM32G411CBU3, STM32G411CBU6, STM32G411K6T3, STM32G411K6T6, STM32G411K6U3, STM32G411K6U6, STM32G411K8T3, STM32G411K8T6, STM32G411K8U3, STM32G411K8U6, STM32G411KBT3, STM32G411KBT6, STM32G411KBU3, STM32G411KBU6, STM32G411M6T3, STM32G411M6T6, STM32G411M8T3, STM32G411M8T6, STM32G411MBT3, STM32G411MBT6, STM32G411R6T3, STM32G411R6T6, STM32G411R8T3, STM32G411R8T6, STM32G411RBT3, STM32G411RBT6, STM32G414CBT3, STM32G414CBT6, STM32G414CBU3, STM32G414CBU6, STM32G414CCT3, STM32G414CCT6, STM32G414CCU3, STM32G414CCU6, STM32G414MBT3, STM32G414MBT6, STM32G414MCT3, STM32G414MCT6, STM32G414RBT3, STM32G414RBT6, STM32G414RCT3, STM32G414RCT6, STM32G414VBT3, STM32G414VBT6, STM32G414VCT3, STM32G414VCT6, STM32G431CBT3Z, STM32G431RBT3Z, STM32G471CCT6, STM32G471CCU6, STM32G471CET3, STM32G471CET6, STM32G471CEU3, STM32G471CEU6, STM32G471MCT6, STM32G471MET3, STM32G471MET6, STM32G471MEY6TR, STM32G471QCT6, STM32G471QET3, STM32G471RCT6, STM32G471RET3, STM32G471RET6, STM32G471VCH6, STM32G471VCI6, STM32G471VCT6, STM32G471VEH3, STM32G471VEH6, STM32G471VEI3, STM32G471VEI6, STM32G471VET3, STM32G471VET6, STM32G473QET3Z, STM32G473RET3Z, STM32G474CCT6, STM32G491RET3Z, STM32H503CBT6, STM32H503CBU6, STM32H503EBY6TR, STM32H503KBU6, STM32H503RBT6, STM32H523CCT6, STM32H523CCU6, STM32H523CET6, STM32H523CEU6, STM32H523HEY6TR, STM32H523RCT6, STM32H523RET6, STM32H523VCI6, STM32H523VCT6, STM32H523VEI6, STM32H523VET6, STM32H523ZCJ6, STM32H523ZCT6, STM32H523ZEJ6, STM32H523ZET6, STM32H533CET6, STM32H533CEU6, STM32H533HEY6TR, STM32H533RET6, STM32H533VEI6, STM32H533VET6, STM32H533ZEJ6, STM32H533ZET6, STM32H562AGI6, STM32H562AII6, STM32H562IGK6, STM32H562IGT6, STM32H562IIK6, STM32H562IIT6, STM32H562RGT6, STM32H562RGV6, STM32H562RIT6, STM32H562RIV6, STM32H562VGT6, STM32H562VIT6, STM32H562ZGT6, STM32H562ZIT6, STM32H563AGI6, STM32H563AII3Q, STM32H563AII6, STM32H563IGK6, STM32H563IGT6, STM32H563IIK3Q, STM32H563IIK6, STM32H563IIT3Q, STM32H563IIT6, STM32H563MIY3QTR, STM32H563RGT6, STM32H563RGV6, STM32H563RIT6, STM32H563RIV6, STM32H563VGT6, STM32H563VIT3Q, STM32H563VIT6, STM32H563ZGT6, STM32H563ZIT3Q, STM32H563ZIT6, STM32H573AII3Q, STM32H573AII6, STM32H573I-DK, STM32H573IIK3Q, STM32H573IIK6, STM32H573IIT3Q, STM32H573IIT6, STM32H573MIY3QTR, STM32H573RIT6, STM32H573RIV6, STM32H573VIT3Q, STM32H573VIT6, STM32H573ZIT3Q, STM32H573ZIT6, STM32H7R3A8I6, STM32H7R3I8K6, STM32H7R3I8T6, STM32H7R3L8H6, STM32H7R3L8H6H, STM32H7R3R8V6, STM32H7R3V8H6, STM32H7R3V8T6, STM32H7R3V8Y6TR, STM32H7R3Z8J6, STM32H7R3Z8T6, STM32H7R7A8I6, STM32H7R7I8K6, STM32H7R7I8T6, STM32H7R7L8H6, STM32H7R7L8H6H, STM32H7R7Z8J6, STM32H7S3A8I6, STM32H7S3I8K6, STM32H7S3I8T6, STM32H7S3L8H6, STM32H7S3L8H6H, STM32H7S3R8V6, STM32H7S3V8H6, STM32H7S3V8T6, STM32H7S3V8Y6TR, STM32H7S3Z8J6, STM32H7S3Z8T6, STM32H7S78-DK, STM32H7S7A8I6, STM32H7S7I8K6, STM32H7S7I8T6, STM32H7S7L8H6, STM32H7S7L8H6H, STM32H7S7Z8J6, STM32L4R5QGI6STR, STM32MP131AAE3, STM32MP131AAF3, STM32MP131AAG3, STM32MP131CAE3, STM32MP131CAF3, STM32MP131CAG3, STM32MP131DAE7, STM32MP131DAF7, STM32MP131DAG7, STM32MP131FAE7, STM32MP131FAF7, STM32MP131FAG7, STM32MP133AAE3, STM32MP133AAF3, STM32MP133AAG3, STM32MP133CAE3, STM32MP133CAF3, STM32MP133CAG3, STM32MP133DAE7, STM32MP133DAF7, STM32MP133DAG7, STM32MP133FAE7, STM32MP133FAF7, STM32MP133FAG7, STM32MP135AAE3, STM32MP135AAF3, STM32MP135AAG3, STM32MP135CAE3, STM32MP135CAF3, STM32MP135CAG3, STM32MP135DAE7, STM32MP135DAF7, STM32MP135DAG7, STM32MP135F-DK, STM32MP135FAE7, STM32MP135FAF7, STM32MP135FAF7T, STM32MP135FAF7U, STM32MP135FAG7, STM32MP211AAL3, STM32MP211AAM3, STM32MP211AAN3, STM32MP211AAO3, STM32MP211CAL3, STM32MP211CAM3, STM32MP211CAN3, STM32MP211CAO3, STM32MP211DAL3, STM32MP211DAM3, STM32MP211DAN3, STM32MP211DAO3, STM32MP211FAL3, STM32MP211FAM3, STM32MP211FAN3, STM32MP211FAO3, STM32MP213AAL3, STM32MP213AAM3, STM32MP213AAN3, STM32MP213AAO3, STM32MP213CAL3, STM32MP213CAM3, STM32MP213CAN3, STM32MP213CAO3, STM32MP213DAL3, STM32MP213DAM3, STM32MP213DAN3, STM32MP213DAO3, STM32MP213FAL3, STM32MP213FAM3, STM32MP213FAN3, STM32MP213FAO3, STM32MP215AAL3, STM32MP215AAM3, STM32MP215AAN3, STM32MP215AAO3, STM32MP215CAL3, STM32MP215CAM3, STM32MP215CAN3, STM32MP215CAO3, STM32MP215DAL3, STM32MP215DAM3, STM32MP215DAN3, STM32MP215DAO3, STM32MP215F-DK, STM32MP215FAL3, STM32MP215FAM3, STM32MP215FAN3, STM32MP215FAO3, STM32MP231AAJ3, STM32MP231AAK3, STM32MP231AAL3, STM32MP231CAJ3, STM32MP231CAK3, STM32MP231CAL3, STM32MP231DAJ3, STM32MP231DAK3, STM32MP231DAL3, STM32MP231FAJ3, STM32MP231FAK3, STM32MP231FAL3, STM32MP233AAJ3, STM32MP233AAK3, STM32MP233AAL3, STM32MP233CAJ3, STM32MP233CAK3, STM32MP233CAL3, STM32MP233DAJ3, STM32MP233DAK3, STM32MP233DAL3, STM32MP233FAJ3, STM32MP233FAK3, STM32MP233FAL3, STM32MP235AAJ3, STM32MP235AAK3, STM32MP235AAL3, STM32MP235CAJ3, STM32MP235CAK3, STM32MP235CAL3, STM32MP235DAJ3, STM32MP235DAK3, STM32MP235DAL3, STM32MP235FAJ3, STM32MP235FAK3, STM32MP235FAL3, STM32MP251AAI3, STM32MP251AAK3, STM32MP251AAL3, STM32MP251CAI3, STM32MP251CAK3, STM32MP251CAL3, STM32MP251DAI3, STM32MP251DAK3, STM32MP251DAL3, STM32MP251FAI3, STM32MP251FAK3, STM32MP251FAL3, STM32MP253AAI3, STM32MP253AAK3, STM32MP253AAL3, STM32MP253CAI3, STM32MP253CAK3, STM32MP253CAL3, STM32MP253DAI3, STM32MP253DAK3, STM32MP253DAL3, STM32MP253FAI3, STM32MP253FAK3, STM32MP253FAL3, STM32MP255AAI3, STM32MP255AAK3, STM32MP255AAL3, STM32MP255CAI3, STM32MP255CAK3, STM32MP255CAL3, STM32MP255DAI3, STM32MP255DAK3, STM32MP255DAL3, STM32MP255FAI3, STM32MP255FAK3, STM32MP255FAL3, STM32MP257AAI3, STM32MP257AAK3, STM32MP257AAL3, STM32MP257CAI3, STM32MP257CAK3, STM32MP257CAL3, STM32MP257DAI3, STM32MP257DAK3, STM32MP257DAL3, STM32MP257F-DK, STM32MP257F-EV1, STM32MP257FAI3, STM32MP257FAK3, STM32MP257FAL3, STM32N645A0H3Q, STM32N645B0H3Q, STM32N645I0H3Q, STM32N645L0H3Q, STM32N645X0H3Q, STM32N645Z0H3Q, STM32N647A0H3Q, STM32N647B0H3Q, STM32N647I0H3Q, STM32N647L0H3Q, STM32N647X0H3Q, STM32N647Z0H3Q, STM32N655A0H3Q, STM32N655B0H3Q, STM32N655I0H3Q, STM32N655L0H3Q, STM32N655X0H3Q, STM32N655Z0H3Q, STM32N6570-DK, STM32N657A0H3Q, STM32N657B0H3Q, STM32N657I0H3Q, STM32N657L0H3Q, STM32N657X0H3Q, STM32N657Z0H3Q, STM32U031C6T6, STM32U031C6U6, STM32U031C8T6, STM32U031C8U6, STM32U031F4P6, STM32U031F6P6, STM32U031F8P6, STM32U031G6Y6TR, STM32U031G8Y6TR, STM32U031K4U6, STM32U031K6U6, STM32U031K8U6, STM32U031R6I6, STM32U031R6T6, STM32U031R8I6, STM32U031R8T6, STM32U073C8T6, STM32U073C8U6, STM32U073CBT6, STM32U073CBU6, STM32U073CCT6, STM32U073CCU6, STM32U073H8Y6TR, STM32U073HBY6TR, STM32U073HCY6TR, STM32U073K8U6, STM32U073KBU6, STM32U073KCU6, STM32U073M8I6, STM32U073M8T6, STM32U073MBI6, STM32U073MBT6, STM32U073MCI6, STM32U073MCT6, STM32U073R8I6, STM32U073R8T6, STM32U073RBI6, STM32U073RBT6, STM32U073RCI6, STM32U073RCT6, STM32U083C-DK, STM32U083CCT6, STM32U083CCU6, STM32U083HCY6TR, STM32U083KCU6, STM32U083MCI6, STM32U083MCT6, STM32U083RCI6, STM32U083RCT6, STM32U375CET6, STM32U375CET6Q, STM32U375CEU6, STM32U375CEU6Q, STM32U375CEY6QTR, STM32U375CGT6, STM32U375CGT6Q, STM32U375CGU6, STM32U375CGU6Q, STM32U375CGY6QTR, STM32U375KEU6, STM32U375KGU6, STM32U375REI6, STM32U375REI6Q, STM32U375RET6, STM32U375RET6Q, STM32U375REY6GTR, STM32U375REY6QTR, STM32U375RGI6, STM32U375RGI6Q, STM32U375RGT6, STM32U375RGT6Q, STM32U375RGY6GTR, STM32U375RGY6QTR, STM32U375VEI6, STM32U375VEI6Q, STM32U375VET6, STM32U375VET6Q, STM32U375VGI6, STM32U375VGI6Q, STM32U375VGT6, STM32U375VGT6Q, STM32U385CGT6, STM32U385CGT6Q, STM32U385CGU6, STM32U385CGU6Q, STM32U385CGY6QTR, STM32U385KGU6, STM32U385RGI6, STM32U385RGI6Q, STM32U385RGT6, STM32U385RGT6Q, STM32U385RGY6GTR, STM32U385RGY6QTR, STM32U385VGI6, STM32U385VGI6Q, STM32U385VGT6, STM32U385VGT6Q, STM32U535CBT6, STM32U535CBT6Q, STM32U535CBU6, STM32U535CBU6Q, STM32U535CCT6, STM32U535CCT6Q, STM32U535CCU6, STM32U535CCU6Q, STM32U535CET6, STM32U535CET6Q, STM32U535CEU6, STM32U535CEU6Q, STM32U535JEY6QTR, STM32U535NCY6QTR, STM32U535NEY6QTR, STM32U535RBI6, STM32U535RBI6Q, STM32U535RBT6, STM32U535RBT6Q, STM32U535RCI6, STM32U535RCI6Q, STM32U535RCT6, STM32U535RCT6Q, STM32U535REI6, STM32U535REI6Q, STM32U535RET6, STM32U535RET6Q, STM32U535VCI6, STM32U535VCI6Q, STM32U535VCT6, STM32U535VCT6Q, STM32U535VEI6, STM32U535VEI6Q, STM32U535VET6, STM32U535VET6Q, STM32U545CET6, STM32U545CET6Q, STM32U545CEU6, STM32U545CEU6Q, STM32U545JEY6QTR, STM32U545NEY6QTR, STM32U545REI6, STM32U545REI6Q, STM32U545RET6, STM32U545RET6Q, STM32U545VEI6, STM32U545VEI6Q, STM32U545VET6, STM32U545VET6Q, STM32U595AIH6, STM32U595AIH6Q, STM32U595AJH6, STM32U595AJH6Q, STM32U595QII6, STM32U595QII6Q, STM32U595QJI6, STM32U595QJI6Q, STM32U595RIT6, STM32U595RIT6Q, STM32U595RJT6, STM32U595RJT6Q, STM32U595VIT6, STM32U595VIT6Q, STM32U595VJT6, STM32U595VJT6Q, STM32U595ZIT6, STM32U595ZIT6Q, STM32U595ZIY6QTR, STM32U595ZJT6, STM32U595ZJT6Q, STM32U595ZJY6QTR, STM32U599BJY6QTR, STM32U599NIH6Q, STM32U599NJH6Q, STM32U599VIT6Q, STM32U599VJT6, STM32U599VJT6Q, STM32U599ZIT6Q, STM32U599ZIY6QTR, STM32U599ZJT6Q, STM32U599ZJY6QTR, STM32U5A5AJH6, STM32U5A5AJH6Q, STM32U5A5QII3Q , STM32U5A5QJI6, STM32U5A5QJI6Q, STM32U5A5RJT6, STM32U5A5RJT6Q, STM32U5A5VJT6, STM32U5A5VJT6Q, STM32U5A5ZJT6, STM32U5A5ZJT6Q, STM32U5A5ZJY6QTR, STM32U5A9BJY6QTR, STM32U5A9J-DK, STM32U5A9NJH6Q, STM32U5A9VJT6Q, STM32U5A9ZJT6Q, STM32U5A9ZJY6QTR, STM32U5F7VIT6, STM32U5F7VIT6Q, STM32U5F7VJT6, STM32U5F7VJT6Q, STM32U5F9BJY6QTR, STM32U5F9NJH6Q, STM32U5F9VIT6Q, STM32U5F9VJT6Q, STM32U5F9ZIJ6QTR, STM32U5F9ZIT6Q, STM32U5F9ZJJ6QTR, STM32U5F9ZJT6Q, STM32U5G7VJT6, STM32U5G7VJT6Q, STM32U5G9BJY6QTR, STM32U5G9J-DK1, STM32U5G9J-DK2, STM32U5G9NJH6Q, STM32U5G9VJT6Q, STM32U5G9ZJJ6QTR, STM32U5G9ZJT6Q, STM32WB05KZV6TR, STM32WB05KZV7TR, STM32WB05TZF6TR, STM32WB05TZF7TR, STM32WB06CCF6TR, STM32WB06CCF7TR, STM32WB06CCV6TR, STM32WB06CCV7TR, STM32WB06KCV6TR, STM32WB06KCV7TR, STM32WB07CCF6TR, STM32WB07CCF7TR, STM32WB07CCV6TR, STM32WB07CCV7TR, STM32WB07KCV6TR, STM32WB07KCV7TR, STM32WB09KEV6TR, STM32WB09KEV7TR, STM32WB09TEF6TR, STM32WB09TEF7TR, STM32WB1MMCH6, STM32WBA50KGU6, STM32WBA50KGU6TR, STM32WBA52CEU6, STM32WBA52CEU6TR, STM32WBA52CEU7, STM32WBA52CEU7TR, STM32WBA52CGU6, STM32WBA52CGU6TR, STM32WBA52CGU6U, STM32WBA52CGU7, STM32WBA52CGU7TR, STM32WBA52KEU6, STM32WBA52KEU6TR, STM32WBA52KGU6, STM32WBA52KGU6TR, STM32WBA54CEU6, STM32WBA54CEU6TR, STM32WBA54CEU7, STM32WBA54CEU7TR, STM32WBA54CGU6, STM32WBA54CGU6TR, STM32WBA54CGU7, STM32WBA54CGU7TR, STM32WBA54KEU6, STM32WBA54KEU6TR, STM32WBA54KEU7, STM32WBA54KEU7TR, STM32WBA54KGU6, STM32WBA54KGU6TR, STM32WBA54KGU7, STM32WBA54KGU7TR, STM32WBA55CEU6, STM32WBA55CEU6TR, STM32WBA55CEU7, STM32WBA55CEU7TR, STM32WBA55CGU6, STM32WBA55CGU6TR, STM32WBA55CGU6U, STM32WBA55CGU7, STM32WBA55CGU7TR, STM32WBA55G-DK1, STM32WBA55HEF6, STM32WBA55HEF7, STM32WBA55HGF6, STM32WBA55HGF7, STM32WBA55UEI6, STM32WBA55UEI6TR, STM32WBA55UEI7, STM32WBA55UEI7TR, STM32WBA55UGI6, STM32WBA55UGI6TR, STM32WBA55UGI7, STM32WBA55UGI7TR, STM32WBA5MMGH6TR, STM32WBA62MGF6, STM32WBA62MIF6, STM32WBA65MGF7, STM32WBA65MIF6, STM32WBA65MIF7, STM32WL30K8V6, STM32WL30KBV6, STM32WL31C8V6, STM32WL31CBV6, STM32WL31K8V6, STM32WL31KBV6, STM32WL33C8V6, STM32WL33C8V6X, STM32WL33CBV6, STM32WL33CBV6X, STM32WL33CCV6, STM32WL33CCV6A, STM32WL33CCV6X, STM32WL33K8V7, STM32WL33K8V7X, STM32WL33KBV7 , STM32WL33KBV7X, STM32WL33KCV7, STM32WL33KCV7X, STM32WL5MOCH6, STM32WL5MOCH6TR]
2025-12-29 12:51:27,392 [INFO] BoardInfo:889 - No configuration file found for board P-NUCLEO-WB55
2025-12-29 12:51:27,395 [INFO] DbBoards:161 - Kit is not supported: P-NUCLEO-WB55
2025-12-29 12:51:27,404 [INFO] BoardInfo:889 - No configuration file found for board STEVAL-BFA001V1B
2025-12-29 12:51:27,405 [INFO] DbBoards:161 - Kit is not supported: STEVAL-BFA001V1B
2025-12-29 12:51:27,406 [INFO] BoardInfo:889 - No configuration file found for board STEVAL-BFA001V2B
2025-12-29 12:51:27,407 [INFO] DbBoards:161 - Kit is not supported: STEVAL-BFA001V2B
2025-12-29 12:51:27,624 [INFO] DbBoards:168 - Found 212 boards, 209 are supported
2025-12-29 12:51:27,624 [INFO] DbBoards:169 - Found 212 boards, 43 of them is supported for  Bsp
2025-12-29 12:51:27,627 [INFO] ApiDb:423 - Load user favorites file C:\Users\aditi/.stm32cubeide/favorites.boards.txt: 1 item(s)
2025-12-29 12:51:27,628 [INFO] ApiDb:427 - User favorites Boards=[STM32F407G-DISC1]
2025-12-29 12:51:27,628 [INFO] DbBoards:198 - Set 1 / 1 favorites Boards
2025-12-29 12:51:27,628 [INFO] McuFinderGlobals:76 - Set McuFinderConnectedMode to true
2025-12-29 12:51:27,637 [INFO] MultiScanPanel:200 - Auto-refresh data requested => check proxy status ongoing
2025-12-29 12:51:27,640 [INFO] FinderPluginLoader:96 - Searching for filters in installed packs
2025-12-29 12:51:28,855 [INFO] LoadUrlFilesThread:185 - End of LoadServerUrlFiles without Thread
2025-12-29 12:51:28,868 [INFO] DetailPanel:341 - Set advertising image to C:/Users/aditi/STM32Cube/Repository/\en.prom-st67w-expansion-board.png
2025-12-29 12:51:33,136 [INFO] MultiScanPanel:200 - Auto-refresh data requested => check proxy status ongoing
2025-12-29 12:51:33,231 [INFO] LoadUrlFilesThread:185 - End of LoadServerUrlFiles without Thread
2025-12-29 12:51:33,231 [INFO] DetailPanel:341 - Set advertising image to C:/Users/aditi/STM32Cube/Repository/\en.prom-st67w-expansion-board.png
2025-12-29 12:51:33,250 [INFO] DbBoards:642 - Loading board mini-images...
2025-12-29 12:51:34,755 [ERROR] DbBoards:659 - Image file not found for board STM32MP215F-DK: C:\Users\aditi\.stmcufinder\plugins\mcufinder//mcu//boards_images/STM32MP215F-DK.jpg
2025-12-29 12:51:34,831 [INFO] DbBoards:665 - Loaded 211 board mini-images
2025-12-29 12:51:51,666 [INFO] MainUpdater:2872 - connection check result : 10
2025-12-29 12:51:51,666 [INFO] MainUpdater:2872 - connection check result : 10
2025-12-29 12:51:51,692 [INFO] MicroXplorer:468 - Change Database Path : 
2025-12-29 12:51:51,692 [INFO] MicroXplorer:498 - Change Database Version : DB.6.0.150
2025-12-29 12:51:51,696 [WARN] ThirdParty:871 - waiting for thirdparty lock release [close project]
2025-12-29 12:51:51,696 [INFO] ThirdParty:873 - entering critical section [close project]
2025-12-29 12:51:51,696 [INFO] ThirdParty:883 - exiting critical section [close project]
2025-12-29 12:51:51,698 [INFO] PinOutPanel:1589 - setPackage(No Configuration,No Configuration)
2025-12-29 12:51:51,699 [INFO] UtilMem:75 - Begin LoadConfig() Used Memory: 586510696 Bytes (751828992)
2025-12-29 12:51:51,701 [INFO] OpenFileManager:355 - Change cursor
2025-12-29 12:51:51,723 [INFO] ProjectFactory:514 - No CPN specified for board STM32F407G-DISC1 => set CPN to STM32F407VGT6
2025-12-29 12:51:51,724 [INFO] Mcu:2029 - Initializing MCU STM32F407V(E-G)Tx STM32F407VGTx STM32F407VGT6
2025-12-29 12:51:52,985 [INFO] Context:786 - Trying to add GPIOservice into a context  which must be forbidden
2025-12-29 12:51:53,383 [INFO] Rule:233 - rule 117617 - U5Cobra4M][GTZC] default value MPCBB3 and MPCBB5 - Not Secured memory - MPCBB1 is applicable
2025-12-29 12:51:53,384 [INFO] Rule:233 - rule 117617 - U5Cobra4M][GTZC] default value MPCBB3 and MPCBB5 - Not Secured memory - MPCBB1 is applicable
2025-12-29 12:51:53,384 [INFO] Rule:233 - rule 117617 - U5Cobra4M][GTZC] default value MPCBB3 and MPCBB5 - Not Secured memory - MPCBB2 is applicable
2025-12-29 12:51:53,384 [INFO] Rule:233 - rule 117617 - U5Cobra4M][GTZC] default value MPCBB3 and MPCBB5 - Not Secured memory - MPCBB2 is applicable
2025-12-29 12:51:53,384 [INFO] Rule:233 - rule 117617 - U5Cobra4M][GTZC] default value MPCBB3 and MPCBB5 - Not Secured memory - MPCBB3 is applicable
2025-12-29 12:51:53,384 [INFO] Rule:233 - rule 117617 - U5Cobra4M][GTZC] default value MPCBB3 and MPCBB5 - Not Secured memory - MPCBB3 is applicable
2025-12-29 12:51:53,384 [INFO] Rule:233 - rule 117617 - U5Cobra4M][GTZC] default value MPCBB3 and MPCBB5 - Not Secured memory - MPCBB4 is applicable
2025-12-29 12:51:53,384 [INFO] Rule:233 - rule 117617 - U5Cobra4M][GTZC] default value MPCBB3 and MPCBB5 - Not Secured memory - MPCBB4 is applicable
2025-12-29 12:51:53,384 [INFO] Rule:233 - rule 117617 - U5Cobra4M][GTZC] default value MPCBB3 and MPCBB5 - Secured memory - MPCBB1 is applicable
2025-12-29 12:51:53,385 [INFO] Rule:233 - rule 117617 - U5Cobra4M][GTZC] default value MPCBB3 and MPCBB5 - Secured memory - MPCBB2 is applicable
2025-12-29 12:51:53,385 [INFO] Rule:233 - rule 117617 - U5Cobra4M][GTZC] default value MPCBB3 and MPCBB5 - Secured memory - MPCBB3 is applicable
2025-12-29 12:51:53,385 [INFO] Rule:233 - rule 117617 - U5Cobra4M][GTZC] default value MPCBB3 and MPCBB5 - Secured memory - MPCBB4 is applicable
2025-12-29 12:51:53,385 [INFO] Rule:233 - rule 117617 - U5Cobra4M][GTZC] default value MPCBB3 and MPCBB5 - Privileged memory - MPCBB1 is applicable
2025-12-29 12:51:53,385 [INFO] Rule:233 - rule 117617 - U5Cobra4M][GTZC] default value MPCBB3 and MPCBB5 - Privileged memory - MPCBB2 is applicable
2025-12-29 12:51:53,385 [INFO] Rule:233 - rule 117617 - U5Cobra4M][GTZC] default value MPCBB3 and MPCBB5 - Privileged memory - MPCBB3 is applicable
2025-12-29 12:51:53,385 [INFO] Rule:233 - rule 117617 - U5Cobra4M][GTZC] default value MPCBB3 and MPCBB5 - Privileged memory - MPCBB4 is applicable
2025-12-29 12:51:53,385 [INFO] Rule:233 - rule 117617 - U5Cobra4M][GTZC] default value MPCBB3 and MPCBB5 - Not Privileged memory - MPCBB1 is applicable
2025-12-29 12:51:53,385 [INFO] Rule:233 - rule 117617 - U5Cobra4M][GTZC] default value MPCBB3 and MPCBB5 - Not Privileged memory - MPCBB2 is applicable
2025-12-29 12:51:53,385 [INFO] Rule:233 - rule 117617 - U5Cobra4M][GTZC] default value MPCBB3 and MPCBB5 - Not Privileged memory - MPCBB3 is applicable
2025-12-29 12:51:53,385 [INFO] Rule:233 - rule 117617 - U5Cobra4M][GTZC] default value MPCBB3 and MPCBB5 - Not Privileged memory - MPCBB4 is applicable
2025-12-29 12:51:53,386 [INFO] Rule:233 - rule 117617 - U5Cobra4M][GTZC] default value MPCBB3 and MPCBB5 - Privileged memory - MPCBB1 is applicable
2025-12-29 12:51:53,386 [INFO] Rule:233 - rule 117617 - U5Cobra4M][GTZC] default value MPCBB3 and MPCBB5 - Privileged memory - MPCBB2 is applicable
2025-12-29 12:51:53,386 [INFO] Rule:233 - rule 117617 - U5Cobra4M][GTZC] default value MPCBB3 and MPCBB5 - Privileged memory - MPCBB3 is applicable
2025-12-29 12:51:53,386 [INFO] Rule:233 - rule 117617 - U5Cobra4M][GTZC] default value MPCBB3 and MPCBB5 - Privileged memory - MPCBB4 is applicable
2025-12-29 12:51:53,386 [INFO] Rule:233 - rule 117617 - U5Cobra4M][GTZC] default value MPCBB3 and MPCBB5 - Privileged memory - MPCBB1 is applicable
2025-12-29 12:51:53,386 [INFO] Rule:233 - rule 117617 - U5Cobra4M][GTZC] default value MPCBB3 and MPCBB5 - Privileged memory - MPCBB2 is applicable
2025-12-29 12:51:53,386 [INFO] Rule:233 - rule 117617 - U5Cobra4M][GTZC] default value MPCBB3 and MPCBB5 - Privileged memory - MPCBB3 is applicable
2025-12-29 12:51:53,386 [INFO] Rule:233 - rule 117617 - U5Cobra4M][GTZC] default value MPCBB3 and MPCBB5 - Privileged memory - MPCBB4 is applicable
2025-12-29 12:51:53,386 [INFO] Rule:233 - rule 117617 - U5Cobra4M][GTZC] default value MPCBB3 and MPCBB5 - Not Privileged memory - MPCBB1 is applicable
2025-12-29 12:51:53,386 [INFO] Rule:233 - rule 117617 - U5Cobra4M][GTZC] default value MPCBB3 and MPCBB5 - Not Privileged memory - MPCBB2 is applicable
2025-12-29 12:51:53,386 [INFO] Rule:233 - rule 117617 - U5Cobra4M][GTZC] default value MPCBB3 and MPCBB5 - Not Privileged memory - MPCBB3 is applicable
2025-12-29 12:51:53,386 [INFO] Rule:233 - rule 117617 - U5Cobra4M][GTZC] default value MPCBB3 and MPCBB5 - Not Privileged memory - MPCBB4 is applicable
2025-12-29 12:51:53,387 [INFO] Rule:233 - rule 117617 - U5Cobra4M][GTZC] default value MPCBB3 and MPCBB5 - Privileged memory - MPCBB1 is applicable
2025-12-29 12:51:53,387 [INFO] Rule:233 - rule 117617 - U5Cobra4M][GTZC] default value MPCBB3 and MPCBB5 - Privileged memory - MPCBB2 is applicable
2025-12-29 12:51:53,387 [INFO] Rule:233 - rule 117617 - U5Cobra4M][GTZC] default value MPCBB3 and MPCBB5 - Privileged memory - MPCBB3 is applicable
2025-12-29 12:51:53,387 [INFO] Rule:233 - rule 117617 - U5Cobra4M][GTZC] default value MPCBB3 and MPCBB5 - Privileged memory - MPCBB4 is applicable
2025-12-29 12:51:53,387 [INFO] Rule:233 - rule Rename SubGHz_Phy SUBGHZ_APPLICATION SUBGHZ_PINGPONG to SUBGHZ_ADV_APPLICATION is applicable
2025-12-29 12:51:53,387 [INFO] Rule:233 - rule Rename Enabled to IBEACON is applicable
2025-12-29 12:51:53,387 [INFO] Rule:233 - rule GTZC_S instance for project manager is applicable
2025-12-29 12:51:53,388 [INFO] Rule:233 - rule GTZC_S instance for context M33S is applicable
2025-12-29 12:51:53,388 [INFO] Rule:233 - rule GTZC_S instance value for IP GTZC is applicable
2025-12-29 12:51:53,388 [INFO] Rule:233 - rule GTZC_S instance for mcu.IP is applicable
2025-12-29 12:51:53,388 [INFO] Rule:233 - rule GTZC_S instance for VP is applicable
2025-12-29 12:51:53,388 [INFO] Rule:233 - rule GTZC_S instance for signal is applicable
2025-12-29 12:51:53,388 [INFO] Rule:233 - rule GTZC_S instance for mcu.Pin is applicable
2025-12-29 12:51:53,388 [INFO] Rule:233 - rule GTZC_S instance for VP is applicable
2025-12-29 12:51:53,388 [INFO] Rule:233 - rule GTZC_S instance for signal is applicable
2025-12-29 12:51:53,388 [INFO] Rule:233 - rule GTZC_S instance for mcu is applicable
2025-12-29 12:51:53,388 [INFO] Rule:233 - rule GTZC_S instance for mcu.Pin is applicable
2025-12-29 12:51:53,388 [INFO] Rule:233 - rule GTZC_S instance value for IP GTZC is applicable
2025-12-29 12:51:53,389 [INFO] Rule:233 - rule GTZC_S instance for project manager is applicable
2025-12-29 12:51:53,389 [INFO] Rule:233 - rule GTZC_S instance for context M33S is applicable
2025-12-29 12:51:53,389 [INFO] Rule:233 - rule GTZC_S instance for VP is applicable
2025-12-29 12:51:53,389 [INFO] Rule:233 - rule GTZC_S instance for signal is applicable
2025-12-29 12:51:53,389 [INFO] Rule:233 - rule SPDIFRX instance for mcu is applicable
2025-12-29 12:51:53,389 [INFO] Rule:233 - rule Rename Tracer Mode is applicable
2025-12-29 12:51:53,389 [INFO] Rule:233 - rule SPDIFRX instance value for IP SPDIFRX is applicable
2025-12-29 12:51:53,389 [INFO] Rule:233 - rule SPDIFRX instance for signal is applicable
2025-12-29 12:51:53,389 [INFO] Rule:233 - rule SPDIFRX instance for project manager is applicable
2025-12-29 12:51:53,389 [INFO] Rule:233 - rule SPDIFRX instance for project manager is applicable
2025-12-29 12:51:53,389 [INFO] Rule:233 - rule ADC Scan  fix with FW F7 is applicable
2025-12-29 12:51:53,389 [INFO] Rule:233 - rule ADC Scan  fix with FW F7 is applicable
2025-12-29 12:51:53,390 [INFO] Rule:233 - rule WakeUp0 Mode is applicable
2025-12-29 12:51:53,390 [INFO] Rule:233 - rule WakeUp0 SIGNAL is applicable
2025-12-29 12:51:53,390 [INFO] Rule:233 - rule WakeUp1 Mode is applicable
2025-12-29 12:51:53,390 [INFO] Rule:233 - rule WakeUp1 SIGNAL is applicable
2025-12-29 12:51:53,390 [INFO] Rule:233 - rule WakeUp2 Mode is applicable
2025-12-29 12:51:53,390 [INFO] Rule:233 - rule WakeUp2 SIGNAL is applicable
2025-12-29 12:51:53,390 [INFO] Rule:233 - rule WakeUp4 Mode is applicable
2025-12-29 12:51:53,390 [INFO] Rule:233 - rule WakeUp4 SIGNAL is applicable
2025-12-29 12:51:53,391 [INFO] Rule:233 - rule WakeUp5 Mode is applicable
2025-12-29 12:51:53,391 [INFO] Rule:233 - rule WakeUp5 SIGNAL is applicable
2025-12-29 12:51:53,391 [INFO] Rule:233 - rule UART/USART WORD LENGTH 7 is applicable
2025-12-29 12:51:53,391 [INFO] Rule:233 - rule UART/USART WORD LENGTH 8 is applicable
2025-12-29 12:51:53,391 [INFO] Rule:233 - rule UART/USART WORD LENGTH 9 is applicable
2025-12-29 12:51:53,391 [INFO] Rule:233 - rule Change Default Value for LSE Drive Capability for WB family is applicable
2025-12-29 12:51:53,391 [INFO] Rule:233 - rule Change Default Value for ADC Clock Prescaler G0 family is applicable
2025-12-29 12:51:53,391 [INFO] Rule:233 - rule ADC SamplingTime fix with FW L0  is applicable
2025-12-29 12:51:53,391 [INFO] Rule:233 - rule ADC SamplingTime fix with FW L0  is applicable
2025-12-29 12:51:53,391 [INFO] Rule:233 - rule ADC SamplingTime fix with FW L0 is applicable
2025-12-29 12:51:53,391 [INFO] Rule:233 - rule ADC SamplingTime fix with FW L0 is applicable
2025-12-29 12:51:53,391 [INFO] Rule:233 - rule ADC SamplingTime fix with FW L0  is applicable
2025-12-29 12:51:53,391 [INFO] Rule:233 - rule ADC SamplingTime fix with FW L0 is applicable
2025-12-29 12:51:53,391 [INFO] Rule:233 - rule Rename USB_OE Signal is applicable
2025-12-29 12:51:53,391 [INFO] Rule:233 - rule Rename Activate_OE Mode is applicable
2025-12-29 12:51:53,391 [INFO] Rule:233 - rule Rename DIE462/DIE415 pin PC14/OSC32_IN -> PC14-OSC32_IN (PC14) is applicable
2025-12-29 12:51:53,391 [INFO] Rule:233 - rule Rename DIE462/DIE415 pin PC15/OSC32_OUT -> PC15-OSC32_OUT (PC15) is applicable
2025-12-29 12:51:53,391 [INFO] Rule:233 - rule Rename DIE462/DIE415 pin PH0/OSC_IN -> PH0-OSC_IN (PH0) is applicable
2025-12-29 12:51:53,392 [INFO] Rule:233 - rule Rename DIE462/DIE415 pin PH1/OSC_OUT -> PH1-OSC_OUT (PH1) is applicable
2025-12-29 12:51:53,392 [INFO] Rule:233 - rule Rename DIE462 pin PA13 -> PA13 (JTMS/SWDIO) is applicable
2025-12-29 12:51:53,392 [INFO] Rule:233 - rule Rename DIE415 pin PA13 -> PA13 (JTMS/SWDIO) is applicable
2025-12-29 12:51:53,392 [INFO] Rule:233 - rule Rename DIE462 pin PA14 -> PA14 (JTCK/SWCLK) is applicable
2025-12-29 12:51:53,392 [INFO] Rule:233 - rule Rename DIE415 pin PA14 -> PA14 (JTCK/SWCLK) is applicable
2025-12-29 12:51:53,392 [INFO] Rule:233 - rule Rename DIE462/DIE415 pin PA15 -> PA15 (JTDI) is applicable
2025-12-29 12:51:53,392 [INFO] Rule:233 - rule Rename DIE462 pin PB3 -> PB3 (JTD0/TRACESWO) is applicable
2025-12-29 12:51:53,392 [INFO] Rule:233 - rule Rename DIE415 pin PB3 -> PB3 (JTD0-TRACESWO) is applicable
2025-12-29 12:51:53,392 [INFO] Rule:233 - rule Rename DIE462/DIE415 pin PB4 -> PB4 (NJTRST) is applicable
2025-12-29 12:51:53,392 [INFO] Rule:233 - rule Rename DIE462 pin PH3/BOOT0 -> PH3-BOOT0 (BOOT0) is applicable
2025-12-29 12:51:53,392 [INFO] Rule:233 - rule Rename CRYP DataEncryptionTypesList to Algorithm is applicable
2025-12-29 12:51:53,392 [INFO] Rule:233 - rule Rename AES DataEncryptionTypesList to Algorithm is applicable
2025-12-29 12:51:53,392 [INFO] Rule:233 - rule Rename TDESECB to CRYP_TDES_ECB is applicable
2025-12-29 12:51:53,392 [INFO] Rule:233 - rule Rename TDESCBC to CRYP_TDES_CBC is applicable
2025-12-29 12:51:53,392 [INFO] Rule:233 - rule Rename DESECB to CRYP_DES_ECB is applicable
2025-12-29 12:51:53,392 [INFO] Rule:233 - rule Rename DESCBC to CRYP_DES_CBC is applicable
2025-12-29 12:51:53,392 [INFO] Rule:233 - rule Rename AESECB to CRYP_AES_ECB is applicable
2025-12-29 12:51:53,392 [INFO] Rule:233 - rule Rename AESCBC to CRYP_AES_CBC is applicable
2025-12-29 12:51:53,392 [INFO] Rule:233 - rule Rename AESCTR to CRYP_AES_CTR is applicable
2025-12-29 12:51:53,392 [INFO] Rule:233 - rule Rename AESGCM to CRYP_AES_GCM is applicable
2025-12-29 12:51:53,392 [INFO] Rule:233 - rule Rename AESCCM to CRYP_AES_CCM is applicable
2025-12-29 12:51:53,392 [INFO] Rule:233 - rule Rename CAN TimeSeg1 to BS1 is applicable
2025-12-29 12:51:53,392 [INFO] Rule:233 - rule Rename CAN TimeSeg2 to BS2 is applicable
2025-12-29 12:51:53,392 [INFO] Rule:233 - rule Rename CAN SyncJumpWidth to SJW is applicable
2025-12-29 12:51:53,392 [INFO] Rule:233 - rule TimeTriggeredMode to TTCM is applicable
2025-12-29 12:51:53,392 [INFO] Rule:233 - rule Rename CAN AutoBusOff to ABOM is applicable
2025-12-29 12:51:53,392 [INFO] Rule:233 - rule Rename CAN AutoWakeUp to AWUM is applicable
2025-12-29 12:51:53,392 [INFO] Rule:233 - rule Rename CAN AutoRetransmission to NART is applicable
2025-12-29 12:51:53,393 [INFO] Rule:233 - rule Rename CAN ReceiveFifoLocked to RFLM is applicable
2025-12-29 12:51:53,393 [INFO] Rule:233 - rule Rename CAN TransmitFifoPriority to TXFP is applicable
2025-12-29 12:51:53,393 [INFO] Rule:233 - rule Rename HRTIMER HRTIM_OUTPUTFAULTLEVEL_HIGH in HRTIMER HRTIM_OUTPUTFAULTLEVEL_HIGHZ is applicable
2025-12-29 12:51:53,393 [INFO] Rule:233 - rule Rename TIMER TIM_CLEARINPUTSOURCE_OCREFCLR in  TIMER TIM_CLEARINPUTSOURCE_NONE for F7 family is applicable
2025-12-29 12:51:53,393 [INFO] Rule:233 - rule FDCAN_R1 - Rename FDCAN mode Master into Classic is applicable
2025-12-29 12:51:53,393 [INFO] Rule:233 - rule FDCAN_R2 - Rename FDCAN mode Slave into Classic is applicable
2025-12-29 12:51:53,393 [INFO] Rule:233 - rule FDCAN1_R3 - if PA10.Mode=FullDuplex, add Pin PA12 is applicable
2025-12-29 12:51:53,393 [INFO] Rule:233 - rule FDCAN1_R3 - if PA9.Mode=FullDuplex, add Pin PA11 is applicable
2025-12-29 12:51:53,393 [INFO] Rule:233 - rule FDCAN1_R3 - Alternatepin_1 - if PE1.Mode=FullDuplex, add Pin PB9 is applicable
2025-12-29 12:51:53,393 [INFO] Rule:233 - rule FDCAN1_R3 - Alternatepin_1 - if PE0.Mode=FullDuplex, add Pin PB8 is applicable
2025-12-29 12:51:53,393 [INFO] Rule:233 - rule FDCAN1_R3 - Alternatepin_2 - if PD5.Mode=FullDuplex, add Pin PD1 is applicable
2025-12-29 12:51:53,393 [INFO] Rule:233 - rule FDCAN1_R3 - Alternatepin_2 - if PD4.Mode=FullDuplex, add Pin PD0 is applicable
2025-12-29 12:51:53,393 [INFO] Rule:233 - rule FDCAN1_R4 - Rename Mode FullDuplex into Enable FDCAN_TXFD for pin PA10 is applicable
2025-12-29 12:51:53,393 [INFO] Rule:233 - rule FDCAN1_R4 - Rename Mode FullDuplex into Enable FDCAN_TXFD for pin PA9 is applicable
2025-12-29 12:51:53,393 [INFO] Rule:233 - rule FDCAN1_R4 - Alternatepin_1 - Rename Mode FullDuplex into Enable FDCAN_TXFD for pin PE1 is applicable
2025-12-29 12:51:53,393 [INFO] Rule:233 - rule FDCAN1_R4 - Alternatepin_1 - Rename Mode FullDuplex into Enable FDCAN_TXFD for pin PE0 is applicable
2025-12-29 12:51:53,393 [INFO] Rule:233 - rule FDCAN1_R4 - Alternatepin_2 - Rename Mode FullDuplex into Enable FDCAN_TXFD for pin PD5 is applicable
2025-12-29 12:51:53,393 [INFO] Rule:233 - rule FDCAN1_R4 - Alternatepin_2 - Rename Mode FullDuplex into Enable FDCAN_TXFD for pin PD4 is applicable
2025-12-29 12:51:53,393 [INFO] Rule:233 - rule FDCAN2_R3 - if PD10.Mode=FullDuplex, add Pin PB13 is applicable
2025-12-29 12:51:53,393 [INFO] Rule:233 - rule FDCAN2_R3 - if PD9.Mode=FullDuplex, add Pin PB12 is applicable
2025-12-29 12:51:53,393 [INFO] Rule:233 - rule FDCAN2_R3 - Alternatepin_1 - if PB7.Mode=FullDuplex, add Pin PB6 is applicable
2025-12-29 12:51:53,393 [INFO] Rule:233 - rule FDCAN2_R3 - Alternatepin_1 - if PD9.Mode=FullDuplex, add Pin PB12 is applicable
2025-12-29 12:51:53,393 [INFO] Rule:233 - rule FDCAN2_R4 - Rename Mode FullDuplex into Enable FDCAN_TXFD for pin PD10 is applicable
2025-12-29 12:51:53,393 [INFO] Rule:233 - rule FDCAN2_R4 - Rename Mode FullDuplex into Enable FDCAN_TXFD for pin PD9 is applicable
2025-12-29 12:51:53,393 [INFO] Rule:233 - rule FDCAN2_R4 - Alternatepin_1 - Rename Mode FullDuplex into Enable FDCAN_TXFD for pin PB7 is applicable
2025-12-29 12:51:53,393 [INFO] Rule:233 - rule FDCAN2_R4 - Alternatepin_1 - Rename Mode FullDuplex into Enable FDCAN_TXFD for pin PD6 is applicable
2025-12-29 12:51:53,393 [INFO] Rule:233 - rule USART TxPinLevelInvertParam Mode is applicable
2025-12-29 12:51:53,393 [INFO] Rule:233 - rule USART RxPinLevelInvertParam Mode is applicable
2025-12-29 12:51:53,393 [INFO] Rule:233 - rule USART DataInvertParam Mode is applicable
2025-12-29 12:51:53,393 [INFO] Rule:233 - rule USART SwapParam Mode is applicable
2025-12-29 12:51:53,393 [INFO] Rule:233 - rule USART OverrunDisableParam Mode is applicable
2025-12-29 12:51:53,393 [INFO] Rule:233 - rule USART DMADisableonRxErrorParam Mode is applicable
2025-12-29 12:51:53,393 [INFO] Rule:233 - rule USART MSBFirstParam Mode is applicable
2025-12-29 12:51:53,393 [INFO] Rule:233 - rule Update MwName for USB_DEVICE is applicable
2025-12-29 12:51:53,394 [INFO] Rule:233 - rule Change PWR_Regulator_Voltage_Scale Default Value for RCC  H7 family is applicable
2025-12-29 12:51:53,394 [INFO] Rule:233 - rule UART/USART IPParameter rename Prescaler parameter to ClockPrescaler is applicable
2025-12-29 12:51:53,394 [INFO] Rule:233 - rule UART/USART Prescaler rename Prescaler parameter to ClockPrescaler is applicable
2025-12-29 12:51:53,394 [INFO] Rule:233 - rule TIM1CLockSelection is applicable
2025-12-29 12:51:53,394 [INFO] Rule:233 - rule TIM15CLockSelection is applicable
2025-12-29 12:51:53,394 [INFO] Rule:233 - rule align RCC SDMMC3CLockSelection default value on MP1 is applicable
2025-12-29 12:51:53,394 [INFO] Rule:233 - rule align RCC SDMMC12CLockSelection default value on MP1 is applicable
2025-12-29 12:51:53,394 [INFO] Rule:233 - rule align RCC QSPICLockSelection default value on MP1 is applicable
2025-12-29 12:51:53,394 [INFO] Rule:233 - rule align RCC QSPICLockSelection default value on MP1 is applicable
2025-12-29 12:51:53,394 [INFO] Rule:233 - rule align RCC SPI6CLockSelection default value on MP1 is applicable
2025-12-29 12:51:53,394 [INFO] Rule:233 - rule align RCC LPTIM23CLockSelection default value on MP1 is applicable
2025-12-29 12:51:53,394 [INFO] Rule:233 - rule align RCC LPTIM1CLockSelection default value on MP1 is applicable
2025-12-29 12:51:53,394 [INFO] Rule:233 - rule align RCC USART1CLockSelection default value on MP1 is applicable
2025-12-29 12:51:53,394 [INFO] Rule:233 - rule align RCC USART24CLockSelection default value on MP1 is applicable
2025-12-29 12:51:53,394 [INFO] Rule:233 - rule align RCC USART6CLockSelection default value on MP1 is applicable
2025-12-29 12:51:53,394 [INFO] Rule:233 - rule align RCC UART78CLockSelection default value on MP1 is applicable
2025-12-29 12:51:53,394 [INFO] Rule:233 - rule align RCC USART35CLockSelection default value on MP1 is applicable
2025-12-29 12:51:53,394 [INFO] Rule:233 - rule align RCC SPI45CLockSelection default value on MP1 is applicable
2025-12-29 12:51:53,394 [INFO] Rule:233 - rule align RCC I2C46CLockSelection BCLK value on MP1 is applicable
2025-12-29 12:51:53,394 [INFO] Rule:233 - rule align RCC SPI45CLockSelection default value on MP1 is applicable
2025-12-29 12:51:53,394 [INFO] Rule:233 - rule align RCC I2C12CLockSelection default value on MP1 is applicable
2025-12-29 12:51:53,394 [INFO] Rule:233 - rule align RCC I2C35CLockSelection default value on MP1 is applicable
2025-12-29 12:51:53,394 [INFO] Rule:233 - rule align RCC LPTIM45CLockSelection default value on MP1 is applicable
2025-12-29 12:51:53,394 [INFO] Rule:233 - rule Rename DCMI PIXCK signal is applicable
2025-12-29 12:51:53,394 [INFO] Rule:233 - rule Change Default Value for I2C46CLockSelection MP1 family is applicable
2025-12-29 12:51:53,394 [INFO] Rule:233 - rule Change Default Value for UART for G4, G0 and WB families is applicable
2025-12-29 12:51:53,394 [INFO] Rule:233 - rule Change Default Value for USART for G4, G0 and WB families is applicable
2025-12-29 12:51:53,394 [INFO] Rule:233 - rule Change Default Value for USART for G4 family is applicable
2025-12-29 12:51:53,394 [INFO] Rule:233 - rule Change USART1CLockSelection refparam name for MP1 is applicable
2025-12-29 12:51:53,394 [INFO] Rule:233 - rule Change USART2CLockSelection refparam name for MP1 is applicable
2025-12-29 12:51:53,395 [INFO] Rule:233 - rule Change USART3CLockSelection refparam name for MP1 is applicable
2025-12-29 12:51:53,395 [INFO] Rule:233 - rule Change UART4CLockSelection refparam name for MP1 is applicable
2025-12-29 12:51:53,395 [INFO] Rule:233 - rule Change UART5CLockSelection refparam name for MP1 is applicable
2025-12-29 12:51:53,395 [INFO] Rule:233 - rule Change LPUART1CLockSelection refparam name for MP1 is applicable
2025-12-29 12:51:53,395 [INFO] Rule:233 - rule Change LPTIM1CLockSelection refparam name for MP1 is applicable
2025-12-29 12:51:53,395 [INFO] Rule:233 - rule Change LPTIM2CLockSelection refparam name for MP1 is applicable
2025-12-29 12:51:53,395 [INFO] Rule:233 - rule Change RCC_MCO1Source refparam name for MP1 is applicable
2025-12-29 12:51:53,395 [INFO] Rule:233 - rule Change LSCOSource1 refparam name for MP1 is applicable
2025-12-29 12:51:53,395 [INFO] Rule:233 - rule Change SMPSCLockSelection refparam name for MP1 is applicable
2025-12-29 12:51:53,395 [INFO] Rule:233 - rule Change LPTIM3CLockSelection refparam name for MP1 is applicable
2025-12-29 12:51:53,395 [INFO] Rule:233 - rule Change MPCBB* Default Template Mode to Parameters is applicable
2025-12-29 12:51:53,395 [INFO] Rule:233 - rule Change MPCWM* or MPCBB* Secure Mode to Parameters is applicable
2025-12-29 12:51:53,395 [INFO] Rule:233 - rule Change MPCWM* or MPCBB* No Secure Mode to Parameters is applicable
2025-12-29 12:51:53,395 [INFO] Rule:233 - rule Change TZSC IP Secure Mode to Parameters is applicable
2025-12-29 12:51:53,395 [INFO] Rule:233 - rule Change TZSC IP No Secure Mode to Parameters is applicable
2025-12-29 12:51:53,395 [INFO] Rule:233 - rule Change TZSC IP Privilege Mode to Parameters is applicable
2025-12-29 12:51:53,395 [INFO] Rule:233 - rule Change TZSC IP No Privilege Mode to Parameters is applicable
2025-12-29 12:51:53,395 [INFO] Rule:233 - rule Change TZIC IT Secure Mode to Parameters is applicable
2025-12-29 12:51:53,395 [INFO] Rule:233 - rule Change TZIC IT No Secure Mode to Parameters is applicable
2025-12-29 12:51:53,395 [INFO] Rule:233 - rule Add MPCBB1_NonSecureArea_Start_Address value with referenced to MPCBB1_NonSecureArea_Start value is applicable
2025-12-29 12:51:53,395 [INFO] Rule:233 - rule Add MPCBB2_NonSecureArea_Start_Address value with referenced to MPCBB2_NonSecureArea_Start value is applicable
2025-12-29 12:51:53,395 [INFO] Rule:233 - rule Add MPCWM1_NonSecureArea*_Start_Address value with referenced to MPCWM1_NonSecureArea*_Start value is applicable
2025-12-29 12:51:53,395 [INFO] Rule:233 - rule Add MPCWM2_NonSecureArea*_Start_Address value with referenced to MPCWM2_NonSecureArea*_Start value is applicable
2025-12-29 12:51:53,395 [INFO] Rule:233 - rule Add MPCWM3_NonSecureArea_Start_Address value with referenced to MPCWM3_NonSecureArea_Start value is applicable
2025-12-29 12:51:53,395 [INFO] Rule:233 - rule Change Default Value for PLL1UserDefinedConfig is applicable
2025-12-29 12:51:53,395 [INFO] Rule:233 - rule Change GPIO_PuPd Default Value for USART in async mode is applicable
2025-12-29 12:51:53,396 [INFO] Rule:233 - rule Change SMPSDivider Default Value is applicable
2025-12-29 12:51:53,396 [INFO] Rule:233 - rule OPAMP is applicable
2025-12-29 12:51:53,396 [INFO] Rule:233 - rule LPUART IPParameter rename Prescaler parameter to ClockPrescaler for STM32H7 is applicable
2025-12-29 12:51:53,396 [INFO] Rule:233 - rule LPUART IPParameter rename Prescaler parameter to ClockPrescaler for STM32H7 is applicable
2025-12-29 12:51:53,396 [INFO] Rule:233 - rule LPUART IPParameter rename Prescaler parameter to ClockPrescaler for STM32WB is applicable
2025-12-29 12:51:53,396 [INFO] Rule:233 - rule LPUART IPParameter rename Prescaler parameter to ClockPrescaler for STM32WB is applicable
2025-12-29 12:51:53,396 [INFO] Rule:233 - rule LPUART IPParameter rename Prescaler parameter to ClockPrescaler for STM32G4 is applicable
2025-12-29 12:51:53,396 [INFO] Rule:233 - rule LPUART IPParameter rename Prescaler parameter to ClockPrescaler for STM32G4 is applicable
2025-12-29 12:51:53,396 [INFO] Rule:233 - rule LPUART IPParameter rename Prescaler parameter to ClockPrescaler for STM32L5 is applicable
2025-12-29 12:51:53,396 [INFO] Rule:233 - rule LPUART IPParameter rename Prescaler parameter to ClockPrescaler for STM32L5 is applicable
2025-12-29 12:51:53,396 [INFO] Rule:233 - rule LPUART IPParameter rename Prescaler parameter to ClockPrescaler for STM32G4 is applicable
2025-12-29 12:51:53,396 [INFO] Rule:233 - rule LPUART IPParameter rename Prescaler parameter to ClockPrescaler for STM32G4 is applicable
2025-12-29 12:51:53,396 [INFO] Rule:233 - rule USB device lib V2.5.3 for L0 rename USBD_SUPPORT_USER_STRING parameter to USBD_SUPPORT_USER_STRING_DESC4 is applicable
2025-12-29 12:51:53,396 [INFO] Rule:233 - rule I2SCLockSelection clock entry align is applicable
2025-12-29 12:51:53,396 [INFO] Rule:233 - rule Assign TIMx context if used as SYS timebase is applicable
2025-12-29 12:51:53,396 [INFO] Rule:233 - rule Change GPIO_Pu Default Value for I2C is applicable
2025-12-29 12:51:53,396 [INFO] Rule:233 - rule Change GPIO_Pu Default Value for SMBus is applicable
2025-12-29 12:51:53,396 [INFO] Rule:233 - rule change FDCAN default value is applicable
2025-12-29 12:51:53,396 [INFO] Rule:233 - rule Change mode sai is applicable
2025-12-29 12:51:53,396 [INFO] Rule:233 - rule **Change sai mode is applicable
2025-12-29 12:51:53,396 [INFO] Rule:233 - rule Rename STM32WPAN CFG_BLE_IRK to CFG_BLE_IR is applicable
2025-12-29 12:51:53,396 [INFO] Rule:233 - rule Rename STM32WPAN CFG_BLE_ERK to CFG_BLE_ER is applicable
2025-12-29 12:51:53,396 [INFO] Rule:233 - rule Rename STM32WPAN CFG_BLE_IRK_HEX to CFG_BLE_IR_HEX is applicable
2025-12-29 12:51:53,396 [INFO] Rule:233 - rule Rename STM32WPAN CFG_BLE_ERK_HEX to CFG_BLE_ER_HEX is applicable
2025-12-29 12:51:53,396 [INFO] Rule:233 - rule Adapt Old IOC before rework replace old CORTEX_M33/CORTEX_M55 attributes by the new one. is applicable
2025-12-29 12:51:53,396 [INFO] Rule:233 - rule Rename parametre of RCC RCC_APBDBG_DIV2 to RCC_TIMPRES_DIV2 is applicable
2025-12-29 12:51:53,396 [INFO] Rule:233 - rule Rename DIE493 pin PA10 [PA12] -> PA10 is applicable
2025-12-29 12:51:53,396 [INFO] Rule:233 - rule Rename DIE493 pin PA9 [PA11] -> PA9 is applicable
2025-12-29 12:51:53,396 [INFO] Rule:233 - rule Rename DIE492 PartNumber CPN STM32WBA5MJGHx -> STM32WBA5MMGHx is applicable
2025-12-29 12:51:53,396 [INFO] Rule:233 - rule Rename DIE492 PartNumber  Name STM32WBA5MJGHx -> STM32WBA5MMGHx is applicable
2025-12-29 12:51:53,397 [INFO] Rule:233 - rule Rename DIE492 PartNumber UserName STM32WBA5MJGHx -> STM32WBA5MMGHx is applicable
2025-12-29 12:51:53,397 [INFO] Rule:233 - rule Rename DIE492 PartNumber DeviceId STM32WBA5MJGHx -> STM32WBA5MMGHx is applicable
2025-12-29 12:51:53,397 [INFO] Rule:233 - rule Adapt Old IOC CSI. is applicable
2025-12-29 12:51:53,397 [INFO] Rule:233 - rule Adapt Old IOC DCMIPP. is applicable
2025-12-29 12:51:53,397 [INFO] Rule:233 - rule Adapt Old IOC DCMIPP Mode Parallel. is applicable
2025-12-29 12:51:53,397 [INFO] Rule:233 - rule Adapt Old IOC LTDC. is applicable
2025-12-29 12:51:53,397 [INFO] Rule:233 - rule Rename STM32MP2 RIF Peripheral LTDC RIF.RISUP.LTDC_L0L1.Privilege -> RIF.RISUP.LTDC_L1L2.Privilege is applicable
2025-12-29 12:51:53,397 [INFO] Rule:233 - rule Rename STM32MP2 RIF Peripheral LTDC RIF.RISUP.LTDC_L0L1.Privilege -> RIF.RISUP.LTDC_L1L2.Privilege is applicable
2025-12-29 12:51:53,397 [INFO] Rule:233 - rule Rename STM32MP2 RIF Peripheral LTDC RIF.RISUP.LTDC_L0L1.Lock -> RIF.RISUP.LTDC_L1L2.Lock is applicable
2025-12-29 12:51:53,397 [INFO] Rule:233 - rule Rename STM32MP2 RIF Peripheral LTDC RIF.RISUP.LTDC_L2.Lock -> RIF.RISUP.LTDC_L3.Lock is applicable
2025-12-29 12:51:53,397 [INFO] Rule:233 - rule Adapt the old IOC example for updating the SYS when it is misconfigured. is applicable
2025-12-29 12:51:53,397 [INFO] Rule:233 - rule Rename STM32C09 Mcu.Package LQFP64 -> LQFP48 is applicable
2025-12-29 12:51:53,397 [INFO] Rule:233 - rule Adapt the old IOC example for updating the SYS when it is misconfigured. is applicable
2025-12-29 12:51:53,397 [INFO] Rule:233 - rule Adapt the old IOC example for updating the SYS when it is misconfigured. is applicable
2025-12-29 12:51:53,421 [INFO] DbConfProperties:307 - Apply Compatibility (38/250 Rules)
2025-12-29 12:51:53,456 [INFO] ImportTextPane:234 - (OptionalMessage_ERROR) Unable to find key (Mcu.ThirdPartyNb) in loaded IOC file
2025-12-29 12:51:53,461 [INFO] ImportTextPane:234 - (OptionalMessage_ERROR) Pin34 (VP_RIF_VS_RIF1) cannot be retrieved for this MCU
2025-12-29 12:51:53,593 [INFO] RtosManager:558 - Registered RTOS mode: class=CMSIS, group=RTOS, mode=CMSIS_V1, owner=FREERTOS
2025-12-29 12:51:53,593 [INFO] RtosManager:558 - Registered RTOS mode: class=CMSIS, group=RTOS2, mode=CMSIS_V2, owner=FREERTOS
2025-12-29 12:51:53,593 [INFO] RtosManager:558 - Registered RTOS mode: class=RTOS, group=Core, mode=CMSIS_V1, owner=FREERTOS
2025-12-29 12:51:53,593 [INFO] RtosManager:558 - Registered RTOS mode: class=RTOS, group=Core, mode=CMSIS_V2, owner=FREERTOS
2025-12-29 12:51:53,593 [WARN] ModelIntegratedComponent:184 - Missing modes for component STMicroelectronics:FreeRTOS:0.0.1:STMicroelectronics:RTOS:FreeRTOS:Core:::10.2.0:
2025-12-29 12:51:53,606 [WARN] ModelIntegratedComponent:63 - No mode defined for component null
2025-12-29 12:51:53,607 [WARN] ModelIntegratedComponent:63 - No mode defined for component null
2025-12-29 12:51:53,607 [WARN] ModelIntegratedComponent:63 - No mode defined for component null
2025-12-29 12:51:53,607 [WARN] ModelIntegratedComponent:63 - No mode defined for component null
2025-12-29 12:51:53,607 [WARN] ModelIntegratedComponent:63 - No mode defined for component null
2025-12-29 12:51:53,607 [WARN] ModelIntegratedComponent:63 - No mode defined for component null
2025-12-29 12:51:53,607 [WARN] ModelIntegratedComponent:63 - No mode defined for component null
2025-12-29 12:51:53,607 [WARN] ModelIntegratedComponent:63 - No mode defined for component null
2025-12-29 12:51:53,607 [WARN] ModelIntegratedComponent:63 - No mode defined for component null
2025-12-29 12:51:53,607 [WARN] ModelIntegratedComponent:63 - No mode defined for component null
2025-12-29 12:51:53,607 [WARN] ModelIntegratedComponent:63 - No mode defined for component null
2025-12-29 12:51:53,607 [WARN] ModelIntegratedComponent:63 - No mode defined for component null
2025-12-29 12:51:53,607 [WARN] ModelIntegratedComponent:63 - No mode defined for component null
2025-12-29 12:51:53,607 [WARN] ModelIntegratedComponent:63 - No mode defined for component null
2025-12-29 12:51:53,607 [WARN] ModelIntegratedComponent:63 - No mode defined for component null
2025-12-29 12:51:53,607 [WARN] ModelIntegratedComponent:63 - No mode defined for component null
2025-12-29 12:51:53,607 [WARN] ModelIntegratedComponent:63 - No mode defined for component null
2025-12-29 12:51:53,607 [WARN] ModelIntegratedComponent:63 - No mode defined for component null
2025-12-29 12:51:53,607 [WARN] ModelIntegratedComponent:63 - No mode defined for component null
2025-12-29 12:51:53,607 [WARN] ModelIntegratedComponent:63 - No mode defined for component null
2025-12-29 12:51:53,607 [WARN] ModelIntegratedComponent:63 - No mode defined for component null
2025-12-29 12:51:53,607 [WARN] ModelIntegratedComponent:63 - No mode defined for component null
2025-12-29 12:51:53,607 [WARN] ModelIntegratedComponent:63 - No mode defined for component null
2025-12-29 12:51:53,607 [WARN] ModelIntegratedComponent:63 - No mode defined for component null
2025-12-29 12:51:53,607 [WARN] ModelIntegratedComponent:63 - No mode defined for component null
2025-12-29 12:51:53,607 [WARN] ModelIntegratedComponent:63 - No mode defined for component null
2025-12-29 12:51:53,607 [WARN] ModelIntegratedComponent:63 - No mode defined for component null
2025-12-29 12:51:53,607 [WARN] ModelIntegratedComponent:63 - No mode defined for component null
2025-12-29 12:51:53,607 [WARN] ModelIntegratedComponent:63 - No mode defined for component null
2025-12-29 12:51:53,607 [WARN] ModelIntegratedComponent:63 - No mode defined for component null
2025-12-29 12:51:53,607 [WARN] ModelIntegratedComponent:63 - No mode defined for component null
2025-12-29 12:51:53,607 [WARN] ModelIntegratedComponent:63 - No mode defined for component null
2025-12-29 12:51:53,607 [WARN] ModelIntegratedComponent:63 - No mode defined for component null
2025-12-29 12:51:53,607 [WARN] ModelIntegratedComponent:63 - No mode defined for component null
2025-12-29 12:51:53,607 [WARN] ModelIntegratedComponent:63 - No mode defined for component null
2025-12-29 12:51:53,608 [WARN] ModelPack:524 - Component already loaded: STMicroelectronics:HAL Drivers:0.0.0:STMicroelectronics:Device:STMicro_Driver:XSPI:HAL::0.0.1:HAL_XSPI
2025-12-29 12:51:53,625 [INFO] ThirdPartyModel:298 - Start build external matchings
2025-12-29 12:51:53,752 [INFO] ThirdPartyModel:316 - End build external matchings
2025-12-29 12:51:54,096 [INFO] UtilMem:75 - End LoadConfig() Used Memory: 775054936 Bytes (853540864)
2025-12-29 12:51:54,197 [WARN] ThirdParty:833 - waiting for thirdparty lock release [change project]
2025-12-29 12:51:54,197 [INFO] ThirdParty:835 - entering critical section [change project]
2025-12-29 12:51:54,198 [INFO] ThirdParty:1030 - CMSIS Pack Vendor :STMicroelectronics X-CUBE-PM33A1 1.0.0
2025-12-29 12:51:54,198 [INFO] ThirdParty:1030 - CMSIS Pack Vendor :STMicroelectronics USBPD 4.1
2025-12-29 12:51:54,198 [INFO] ThirdParty:1030 - CMSIS Pack Vendor :STMicroelectronics X-CUBE-NFC9 1.0.0
2025-12-29 12:51:54,198 [INFO] ThirdParty:1030 - CMSIS Pack Vendor :STMicroelectronics USB_HOST 2.0.0
2025-12-29 12:51:54,198 [INFO] ThirdParty:1030 - CMSIS Pack Vendor :STMicroelectronics FP-SNS-MOTENVWB1 1.4.0
2025-12-29 12:51:54,198 [INFO] ThirdParty:1030 - CMSIS Pack Vendor :STMicroelectronics X-CUBE-AZRTOS-F4 1.1.0
2025-12-29 12:51:54,198 [INFO] ThirdParty:1030 - CMSIS Pack Vendor :STMicroelectronics LIBJPEG 8.0.0
2025-12-29 12:51:54,198 [INFO] ThirdParty:1030 - CMSIS Pack Vendor :STMicroelectronics FP-ATR-ASTRA1 2.0.2
2025-12-29 12:51:54,198 [INFO] ThirdParty:1030 - CMSIS Pack Vendor :STMicroelectronics X-CUBE-BLE1 7.1.0
2025-12-29 12:51:54,198 [INFO] ThirdParty:1030 - CMSIS Pack Vendor :STMicroelectronics X-CUBE-SMBUS 2.1.0
2025-12-29 12:51:54,198 [INFO] ThirdParty:1030 - CMSIS Pack Vendor :STMicroelectronics USB_DEVICE 3.0.0
2025-12-29 12:51:54,198 [INFO] ThirdParty:1030 - CMSIS Pack Vendor :STMicroelectronics X-CUBE-ISPU 2.1.0
2025-12-29 12:51:54,199 [INFO] ThirdParty:1030 - CMSIS Pack Vendor :STMicroelectronics X-CUBE-AZRTOS-WB 2.0.0
2025-12-29 12:51:54,199 [INFO] ThirdParty:1030 - CMSIS Pack Vendor :STMicroelectronics X-CUBE-AZRTOS-F7 1.1.0
2025-12-29 12:51:54,199 [INFO] ThirdParty:1030 - CMSIS Pack Vendor :STMicroelectronics X-CUBE-AZRTOS-L5 2.0.0
2025-12-29 12:51:54,199 [INFO] ThirdParty:1030 - CMSIS Pack Vendor :STMicroelectronics USB_DEVICE 2.0.0
2025-12-29 12:51:54,199 [INFO] ThirdParty:1030 - CMSIS Pack Vendor :STMicroelectronics X-CUBE-NFC6 3.1.0
2025-12-29 12:51:54,199 [INFO] ThirdParty:1030 - CMSIS Pack Vendor :STMicroelectronics FreeRTOS 0.0.1
2025-12-29 12:51:54,199 [INFO] ThirdParty:1030 - CMSIS Pack Vendor :STMicroelectronics X-CUBE-AZRTOS-G0 1.1.0
2025-12-29 12:51:54,199 [INFO] ThirdParty:1030 - CMSIS Pack Vendor :STMicroelectronics X-CUBE-NFC4 3.0.0
2025-12-29 12:51:54,199 [INFO] ThirdParty:1030 - CMSIS Pack Vendor :STMicroelectronics X-CUBE-SUBG2 5.0.0
2025-12-29 12:51:54,199 [INFO] ThirdParty:1030 - CMSIS Pack Vendor :STMicroelectronics STM32_WPAN 1.0.0
2025-12-29 12:51:54,200 [INFO] ThirdParty:1030 - CMSIS Pack Vendor :STMicroelectronics lwIP 2.0.3
2025-12-29 12:51:54,200 [INFO] ThirdParty:1030 - CMSIS Pack Vendor :STMicroelectronics USB_HOST 1.0.0
2025-12-29 12:51:54,201 [INFO] ThirdParty:1030 - CMSIS Pack Vendor :STMicroelectronics X-CUBE-AZRTOS-G4 2.0.0
2025-12-29 12:51:54,201 [INFO] ThirdParty:1030 - CMSIS Pack Vendor :STMicroelectronics X-CUBE-WB05N 2.0.0
2025-12-29 12:51:54,201 [INFO] ThirdParty:1030 - CMSIS Pack Vendor :STMicroelectronics PDM2PCM 3.1.0
2025-12-29 12:51:54,201 [INFO] ThirdParty:1030 - CMSIS Pack Vendor :STMicroelectronics PDM2PCM 3.3.0
2025-12-29 12:51:54,201 [INFO] ThirdParty:1030 - CMSIS Pack Vendor :STMicroelectronics X-CUBE-DISPLAY 3.0.0
2025-12-29 12:51:54,201 [INFO] ThirdParty:1030 - CMSIS Pack Vendor :STMicroelectronics X-CUBE-NFC7 2.0.0
2025-12-29 12:51:54,201 [INFO] ThirdParty:1030 - CMSIS Pack Vendor :STMicroelectronics X-CUBE-TCPP 4.2.0
2025-12-29 12:51:54,201 [INFO] ThirdParty:1030 - CMSIS Pack Vendor :STMicroelectronics FP-ATR-SIGFOX1 3.2.0
2025-12-29 12:51:54,201 [INFO] ThirdParty:1030 - CMSIS Pack Vendor :STMicroelectronics X-CUBE-NFC10 1.0.0
2025-12-29 12:51:54,201 [INFO] ThirdParty:1030 - CMSIS Pack Vendor :STMicroelectronics HAL Drivers 0.0.0
2025-12-29 12:51:54,201 [INFO] ThirdParty:1030 - CMSIS Pack Vendor :STMicroelectronics MBEDTLS 2.16.2
2025-12-29 12:51:54,201 [INFO] ThirdParty:1030 - CMSIS Pack Vendor :STMicroelectronics X-CUBE-ALS 1.0.2
2025-12-29 12:51:54,201 [INFO] ThirdParty:1030 - CMSIS Pack Vendor :STMicroelectronics MBEDTLS 2.14.1
2025-12-29 12:51:54,201 [INFO] ThirdParty:1030 - CMSIS Pack Vendor :STMicroelectronics ThreadX 1.0.0
2025-12-29 12:51:54,202 [INFO] ThirdParty:1030 - CMSIS Pack Vendor :STMicroelectronics FP-SNS-SMARTAG2 1.2.0
2025-12-29 12:51:54,202 [INFO] ThirdParty:1030 - CMSIS Pack Vendor :STMicroelectronics FP-SNS-FLIGHT1 5.1.0
2025-12-29 12:51:54,202 [INFO] ThirdParty:1030 - CMSIS Pack Vendor :STMicroelectronics X-CUBE-AZRTOS-WL 2.0.0
2025-12-29 12:51:54,202 [INFO] ThirdParty:1030 - CMSIS Pack Vendor :STMicroelectronics X-CUBE-ALGOBUILD 1.4.0
2025-12-29 12:51:54,202 [INFO] ThirdParty:1030 - CMSIS Pack Vendor :STMicroelectronics X-CUBE-DPower 1.3.0
2025-12-29 12:51:54,202 [INFO] ThirdParty:1030 - CMSIS Pack Vendor :STMicroelectronics USB_DEVICE 1.0.0
2025-12-29 12:51:54,202 [INFO] ThirdParty:1030 - CMSIS Pack Vendor :STMicroelectronics X-CUBE-AZRTOS-L4 2.0.0
2025-12-29 12:51:54,202 [INFO] ThirdParty:1030 - CMSIS Pack Vendor :STMicroelectronics ThreadX 0.0.2
2025-12-29 12:51:54,202 [INFO] ThirdParty:1030 - CMSIS Pack Vendor :STMicroelectronics lwIP 2.1.2
2025-12-29 12:51:54,202 [INFO] ThirdParty:1030 - CMSIS Pack Vendor :STMicroelectronics X-CUBE-SFXS2LP1 4.0.0
2025-12-29 12:51:54,202 [INFO] ThirdParty:1030 - CMSIS Pack Vendor :STMicroelectronics X-CUBE-BLE2 3.3.0
2025-12-29 12:51:54,202 [INFO] ThirdParty:1030 - CMSIS Pack Vendor :STMicroelectronics X-CUBE-TOF1 3.4.3
2025-12-29 12:51:54,202 [INFO] ThirdParty:1030 - CMSIS Pack Vendor :STMicroelectronics PDM2PCM 3.2.0
2025-12-29 12:51:54,202 [INFO] ThirdParty:841 - exiting critical section [change project]
2025-12-29 12:51:54,624 [INFO] PinOutPanel:1589 - setPackage(No Configuration,No Configuration)
2025-12-29 12:51:54,626 [INFO] PinOutPanel:1589 - setPackage(STM32F407VGTx,LQFP100)
2025-12-29 12:51:55,008 [INFO] UtilMem:75 - Before build in PCC Used Memory: 700700736 Bytes (853540864)
2025-12-29 12:51:55,992 [INFO] UtilMem:75 - After build in PCC Used Memory: 584423440 Bytes (902823936)
2025-12-29 12:51:56,030 [INFO] IPUIPlugin:80 - create IPUIPlugin
2025-12-29 12:51:56,031 [INFO] IPUIPlugin:80 - create IPUIPlugin
2025-12-29 12:51:56,031 [INFO] IPUIPlugin:80 - create IPUIPlugin
2025-12-29 12:51:56,031 [INFO] IPUIPlugin:80 - create IPUIPlugin
2025-12-29 12:51:56,031 [INFO] IPUIPlugin:80 - create IPUIPlugin
2025-12-29 12:51:56,031 [INFO] IPUIPlugin:80 - create IPUIPlugin
2025-12-29 12:51:56,031 [INFO] IPUIPlugin:80 - create IPUIPlugin
2025-12-29 12:51:56,031 [INFO] IPUIPlugin:80 - create IPUIPlugin
2025-12-29 12:51:56,031 [INFO] IPUIPlugin:80 - create IPUIPlugin
2025-12-29 12:51:56,031 [INFO] IPUIPlugin:80 - create IPUIPlugin
2025-12-29 12:51:56,031 [INFO] IPUIPlugin:80 - create IPUIPlugin
2025-12-29 12:51:56,031 [INFO] IPUIPlugin:80 - create IPUIPlugin
2025-12-29 12:51:56,031 [INFO] IPUIPlugin:80 - create IPUIPlugin
2025-12-29 12:51:56,031 [INFO] IPUIPlugin:80 - create IPUIPlugin
2025-12-29 12:51:56,031 [INFO] IPUIPlugin:80 - create IPUIPlugin
2025-12-29 12:51:56,031 [INFO] IPUIPlugin:80 - create IPUIPlugin
2025-12-29 12:51:56,031 [INFO] IPUIPlugin:80 - create IPUIPlugin
2025-12-29 12:51:56,031 [INFO] IPUIPlugin:80 - create IPUIPlugin
2025-12-29 12:51:56,031 [INFO] IPUIPlugin:80 - create IPUIPlugin
2025-12-29 12:51:56,031 [INFO] IPUIPlugin:80 - create IPUIPlugin
2025-12-29 12:51:56,032 [INFO] IPUIPlugin:80 - create IPUIPlugin
2025-12-29 12:51:56,032 [INFO] IPUIPlugin:80 - create IPUIPlugin
2025-12-29 12:51:56,032 [INFO] IPUIPlugin:80 - create IPUIPlugin
2025-12-29 12:51:56,032 [INFO] IPUIPlugin:80 - create IPUIPlugin
2025-12-29 12:51:56,032 [INFO] IPUIPlugin:80 - create IPUIPlugin
2025-12-29 12:51:56,032 [INFO] IPUIPlugin:80 - create IPUIPlugin
2025-12-29 12:51:56,032 [INFO] IPUIPlugin:80 - create IPUIPlugin
2025-12-29 12:51:56,032 [INFO] IPUIPlugin:80 - create IPUIPlugin
2025-12-29 12:51:56,032 [INFO] IPUIPlugin:80 - create IPUIPlugin
2025-12-29 12:51:56,033 [INFO] IPUIPlugin:80 - create IPUIPlugin
2025-12-29 12:51:56,033 [INFO] IPUIPlugin:80 - create IPUIPlugin
2025-12-29 12:51:56,033 [INFO] IPUIPlugin:80 - create IPUIPlugin
2025-12-29 12:51:56,033 [INFO] IPUIPlugin:80 - create IPUIPlugin
2025-12-29 12:51:56,033 [INFO] IPUIPlugin:80 - create IPUIPlugin
2025-12-29 12:51:56,033 [INFO] IPUIPlugin:80 - create IPUIPlugin
2025-12-29 12:51:56,033 [INFO] IPUIPlugin:80 - create IPUIPlugin
2025-12-29 12:51:56,033 [INFO] IPUIPlugin:80 - create IPUIPlugin
2025-12-29 12:51:56,033 [INFO] IPUIPlugin:80 - create IPUIPlugin
2025-12-29 12:51:56,033 [INFO] IPUIPlugin:80 - create IPUIPlugin
2025-12-29 12:51:56,034 [INFO] IPUIPlugin:80 - create IPUIPlugin
2025-12-29 12:51:56,034 [INFO] IPUIPlugin:80 - create IPUIPlugin
2025-12-29 12:51:56,034 [INFO] IPUIPlugin:80 - create IPUIPlugin
2025-12-29 12:51:56,034 [INFO] IPUIPlugin:80 - create IPUIPlugin
2025-12-29 12:51:56,034 [INFO] IPUIPlugin:80 - create IPUIPlugin
2025-12-29 12:51:56,034 [INFO] IPUIPlugin:80 - create IPUIPlugin
2025-12-29 12:51:56,034 [INFO] IPUIPlugin:80 - create IPUIPlugin
2025-12-29 12:51:56,034 [INFO] IPUIPlugin:80 - create IPUIPlugin
2025-12-29 12:51:56,035 [INFO] IPUIPlugin:80 - create IPUIPlugin
2025-12-29 12:51:56,035 [INFO] IPUIPlugin:80 - create IPUIPlugin
2025-12-29 12:51:56,035 [INFO] IPUIPlugin:80 - create IPUIPlugin
2025-12-29 12:51:56,035 [INFO] IPUIPlugin:80 - create IPUIPlugin
2025-12-29 12:51:56,035 [INFO] IPUIPlugin:80 - create IPUIPlugin
2025-12-29 12:51:56,035 [INFO] IPUIPlugin:80 - create IPUIPlugin
2025-12-29 12:51:56,036 [INFO] IPUIPlugin:80 - create IPUIPlugin
2025-12-29 12:51:56,036 [INFO] IPUIPlugin:80 - create IPUIPlugin
2025-12-29 12:51:56,037 [INFO] IPUIPlugin:80 - create IPUIPlugin
2025-12-29 12:51:56,037 [INFO] IPUIPlugin:80 - create IPUIPlugin
2025-12-29 12:51:56,038 [INFO] IPUIPlugin:80 - create IPUIPlugin
2025-12-29 12:51:56,216 [INFO] ApiDbMcu:532 - Load IP Config File for PDM2PCM
2025-12-29 12:51:56,426 [INFO] CADModel:165 - CPN selected for project levelSTM32F407VGT6
2025-12-29 12:51:56,426 [INFO] CADModel:114 - Register for checkConnection events
2025-12-29 12:51:56,495 [INFO] OpenFileManager:386 - Restore cursor
2025-12-29 12:51:57,427 [INFO] UtilMem:75 - End SaveConfig() Used Memory: 695193632 Bytes (931135488)
2025-12-29 12:51:57,534 [INFO] UtilMem:75 - End SaveConfig() Used Memory: 728748064 Bytes (931135488)
2025-12-29 12:51:57,996 [INFO] BlockDiagram:2775 - set Specific Code input for plugin: SYS
2025-12-29 12:51:57,997 [INFO] BlockDiagram:2775 - set Specific Code input for plugin: RCC
2025-12-29 12:51:57,997 [INFO] BlockDiagram:2775 - set Specific Code input for plugin: NVIC
2025-12-29 12:51:57,997 [INFO] BlockDiagram:2775 - set Specific Code input for plugin: GPIO
2025-12-29 12:51:57,999 [INFO] CodeGenerator:892 - code generatio: config db path: C:\ST\STM32CubeIDE_1.19.0\STM32CubeIDE\plugins\com.st.stm32cube.common.mx_6.15.0.202507011659\\db\
2025-12-29 12:51:58,276 [INFO] CodeEngine:265 - oldGeneratedFile, C:\Users\aditi\OneDrive\Desktop\Sunbeam_Internship\Internship_Practice_on_Board\LDR_\MXTmpFiles\license.tmp_save
2025-12-29 12:51:58,808 [INFO] CodeEngine:289 - Generated code: C:\Users\aditi\OneDrive\Desktop\Sunbeam_Internship\Internship_Practice_on_Board\LDR_\MXTmpFiles\license.tmp
2025-12-29 12:51:58,939 [INFO] CodeEngine:265 - oldGeneratedFile, C:\Users\aditi\OneDrive\Desktop\Sunbeam_Internship\Internship_Practice_on_Board\LDR_\MXTmpFiles\gpio.tmp_save
2025-12-29 12:51:59,123 [INFO] CodeEngine:289 - Generated code: C:\Users\aditi\OneDrive\Desktop\Sunbeam_Internship\Internship_Practice_on_Board\LDR_\MXTmpFiles\gpio.tmp
2025-12-29 12:51:59,195 [INFO] CodeEngine:265 - oldGeneratedFile, C:\Users\aditi\OneDrive\Desktop\Sunbeam_Internship\Internship_Practice_on_Board\LDR_\Core\Src\stm32f4xx_it.c_save
2025-12-29 12:51:59,339 [INFO] CodeEngine:289 - Generated code: C:\Users\aditi\OneDrive\Desktop\Sunbeam_Internship\Internship_Practice_on_Board\LDR_\Core\Src\stm32f4xx_it.c
2025-12-29 12:51:59,354 [INFO] CodeEngine:265 - oldGeneratedFile, C:\Users\aditi\OneDrive\Desktop\Sunbeam_Internship\Internship_Practice_on_Board\LDR_\Core\Inc\stm32f4xx_it.h_save
2025-12-29 12:51:59,454 [INFO] CodeEngine:289 - Generated code: C:\Users\aditi\OneDrive\Desktop\Sunbeam_Internship\Internship_Practice_on_Board\LDR_\Core\Inc\stm32f4xx_it.h
2025-12-29 12:51:59,477 [INFO] CodeEngine:265 - oldGeneratedFile, C:\Users\aditi\OneDrive\Desktop\Sunbeam_Internship\Internship_Practice_on_Board\LDR_\Core\Src\stm32f4xx_hal_msp.c_save
2025-12-29 12:51:59,599 [INFO] CodeEngine:289 - Generated code: C:\Users\aditi\OneDrive\Desktop\Sunbeam_Internship\Internship_Practice_on_Board\LDR_\Core\Src\stm32f4xx_hal_msp.c
2025-12-29 12:51:59,608 [INFO] CodeEngine:265 - oldGeneratedFile, C:\Users\aditi\OneDrive\Desktop\Sunbeam_Internship\Internship_Practice_on_Board\LDR_\MXTmpFiles\system.tmp_save
2025-12-29 12:51:59,689 [INFO] CodeEngine:289 - Generated code: C:\Users\aditi\OneDrive\Desktop\Sunbeam_Internship\Internship_Practice_on_Board\LDR_\MXTmpFiles\system.tmp
2025-12-29 12:51:59,707 [INFO] CodeEngine:321 - oldGeneratedFile, C:\Users\aditi\OneDrive\Desktop\Sunbeam_Internship\Internship_Practice_on_Board\LDR_\Core\Inc\stm32f4xx_hal_conf.h_save
2025-12-29 12:51:59,821 [INFO] CodeEngine:345 - Generated code: C:\Users\aditi\OneDrive\Desktop\Sunbeam_Internship\Internship_Practice_on_Board\LDR_\Core\Inc\stm32f4xx_hal_conf.h
2025-12-29 12:51:59,900 [INFO] ApiDbMcu:532 - Load IP Config File for RCC
2025-12-29 12:51:59,924 [INFO] CodeEngine:265 - oldGeneratedFile, C:\Users\aditi\OneDrive\Desktop\Sunbeam_Internship\Internship_Practice_on_Board\LDR_\Core\Inc\main.h_save
2025-12-29 12:52:00,060 [INFO] CodeEngine:289 - Generated code: C:\Users\aditi\OneDrive\Desktop\Sunbeam_Internship\Internship_Practice_on_Board\LDR_\Core\Inc\main.h
2025-12-29 12:52:00,071 [INFO] CodeEngine:265 - oldGeneratedFile, C:\Users\aditi\OneDrive\Desktop\Sunbeam_Internship\Internship_Practice_on_Board\LDR_\Core\Src\main.c_save
2025-12-29 12:52:00,199 [INFO] CodeEngine:289 - Generated code: C:\Users\aditi\OneDrive\Desktop\Sunbeam_Internship\Internship_Practice_on_Board\LDR_\Core\Src\main.c
2025-12-29 12:52:01,714 [INFO] ProjectBuilder:3606 - Time for Copy HAL[1] : 1233mS.
2025-12-29 12:52:01,748 [INFO] ProjectBuilder:5216 - Project Generator version: 4.7.0-B52
2025-12-29 12:52:01,809 [INFO] ConfigFileManager:1595 - The Die is : DIE413
2025-12-29 12:52:01,820 [INFO] ApiDbMcu:532 - Load IP Config File for FATFS
2025-12-29 12:52:01,825 [INFO] ApiDbMcu:532 - Load IP Config File for FREERTOS
2025-12-29 12:52:01,827 [INFO] ApiDbMcu:532 - Load IP Config File for LIBJPEG
2025-12-29 12:52:01,831 [INFO] ApiDbMcu:532 - Load IP Config File for LWIP
2025-12-29 12:52:01,835 [INFO] ApiDbMcu:532 - Load IP Config File for MBEDTLS
2025-12-29 12:52:01,841 [INFO] ApiDbMcu:532 - Load IP Config File for USB_DEVICE
2025-12-29 12:52:01,844 [INFO] ApiDbMcu:532 - Load IP Config File for USB_HOST
2025-12-29 12:52:02,219 [INFO] LogOutputStream:77 - [STDOUT_REDIRECT] 
2025-12-29 12:52:05,842 [INFO] ProjectBuilder:5496 - Time for Generating toolchain IDE Files: 4095mS.
2025-12-29 12:52:05,844 [INFO] ProjectBuilder:3463 - Time for Copy CMSIS : 1mS.
2025-12-29 12:52:05,848 [INFO] ProjectBuilder:3463 - Time for Copy CMSIS : 0mS.
2025-12-29 12:52:07,378 [INFO] McuFinderGlobals:76 - Set McuFinderConnectedMode to true
2025-12-29 12:52:07,386 [INFO] ApiDb:448 - Save user favorites file C:\Users\aditi/.stm32cubeide/favorites.mcus.txt: 0 item(s)
2025-12-29 12:52:07,386 [INFO] ApiDb:452 - User favorites MCUs=[]
2025-12-29 12:52:07,389 [INFO] ApiDb:448 - Save user favorites file C:\Users\aditi/.stm32cubeide/favorites.boards.txt: 1 item(s)
2025-12-29 12:52:07,389 [INFO] ApiDb:452 - User favorites Boards=[STM32F407G-DISC1]
2025-12-29 12:53:20,570 [WARN] IP:2250 - I2C_Coeff_DF not found: check if there is a RefParameter without a condition.
2025-12-29 12:53:20,570 [WARN] IP:2250 - Analog_Filter not found: check if there is a RefParameter without a condition.
2025-12-29 12:53:20,581 [WARN] IP:2250 - I2C_Coeff_DF not found: check if there is a RefParameter without a condition.
2025-12-29 12:53:20,581 [WARN] IP:2250 - Analog_Filter not found: check if there is a RefParameter without a condition.
2025-12-29 12:53:20,581 [WARN] IP:2250 - I2C_Coeff_DF not found: check if there is a RefParameter without a condition.
2025-12-29 12:53:20,581 [WARN] IP:2250 - Analog_Filter not found: check if there is a RefParameter without a condition.
2025-12-29 12:53:20,698 [WARN] IP:2250 - I2C_Coeff_DF not found: check if there is a RefParameter without a condition.
2025-12-29 12:53:20,698 [WARN] IP:2250 - Analog_Filter not found: check if there is a RefParameter without a condition.
2025-12-29 12:53:20,703 [WARN] IP:2250 - I2C_Coeff_DF not found: check if there is a RefParameter without a condition.
2025-12-29 12:53:20,703 [WARN] IP:2250 - Analog_Filter not found: check if there is a RefParameter without a condition.
2025-12-29 12:53:50,276 [INFO] NvicIntPanel:101 - NVIC parent = com.st.microxplorer.plugins.ip.nvic.MultiNvicIntPanel[,0,0,450x226,layout=javax.swing.BoxLayout,alignmentX=0.0,alignmentY=0.0,border=,flags=9,maximumSize=,minimumSize=,preferredSize=]
2025-12-29 12:53:53,861 [WARN] IP:2250 - I2C_Coeff_DF not found: check if there is a RefParameter without a condition.
2025-12-29 12:53:53,861 [WARN] IP:2250 - Analog_Filter not found: check if there is a RefParameter without a condition.
2025-12-29 12:53:53,890 [INFO] NvicIntPanel:101 - NVIC parent = com.st.microxplorer.plugins.ip.nvic.MultiNvicIntPanel[,0,0,0x0,invalid,layout=javax.swing.BoxLayout,alignmentX=0.0,alignmentY=0.0,border=,flags=9,maximumSize=,minimumSize=,preferredSize=]
2025-12-29 12:53:54,948 [INFO] NvicIntPanel:101 - NVIC parent = com.st.microxplorer.plugins.ip.nvic.MultiNvicIntPanel[,0,0,0x0,invalid,layout=javax.swing.BoxLayout,alignmentX=0.0,alignmentY=0.0,border=,flags=9,maximumSize=,minimumSize=,preferredSize=]
2025-12-29 12:53:57,458 [INFO] UtilMem:75 - End SaveConfig() Used Memory: 857591488 Bytes (1073741824)
2025-12-29 12:53:59,700 [INFO] UtilMem:75 - End SaveConfig() Used Memory: 886951616 Bytes (1073741824)
2025-12-29 12:53:59,953 [INFO] UtilMem:75 - End SaveConfig() Used Memory: 916838080 Bytes (1073741824)
2025-12-29 12:54:00,111 [INFO] BlockDiagram:2775 - set Specific Code input for plugin: SYS
2025-12-29 12:54:00,112 [INFO] BlockDiagram:2775 - set Specific Code input for plugin: ADC
2025-12-29 12:54:00,112 [INFO] BlockDiagram:2775 - set Specific Code input for plugin: RCC
2025-12-29 12:54:00,112 [INFO] BlockDiagram:2775 - set Specific Code input for plugin: I2C
2025-12-29 12:54:00,112 [INFO] BlockDiagram:2775 - set Specific Code input for plugin: NVIC
2025-12-29 12:54:00,112 [INFO] BlockDiagram:2775 - set Specific Code input for plugin: GPIO
2025-12-29 12:54:00,114 [INFO] CodeGenerator:892 - code generatio: config db path: C:\ST\STM32CubeIDE_1.19.0\STM32CubeIDE\plugins\com.st.stm32cube.common.mx_6.15.0.202507011659\\db\
2025-12-29 12:54:00,121 [WARN] IP:2250 - I2C_Coeff_DF not found: check if there is a RefParameter without a condition.
2025-12-29 12:54:00,121 [WARN] IP:2250 - Analog_Filter not found: check if there is a RefParameter without a condition.
2025-12-29 12:54:00,169 [INFO] CodeEngine:265 - oldGeneratedFile, C:\Users\aditi\OneDrive\Desktop\Sunbeam_Internship\Internship_Practice_on_Board\LDR_\MXTmpFiles\license.tmp_save
2025-12-29 12:54:00,349 [INFO] CodeEngine:289 - Generated code: C:\Users\aditi\OneDrive\Desktop\Sunbeam_Internship\Internship_Practice_on_Board\LDR_\MXTmpFiles\license.tmp
2025-12-29 12:54:00,391 [INFO] CodeEngine:265 - oldGeneratedFile, C:\Users\aditi\OneDrive\Desktop\Sunbeam_Internship\Internship_Practice_on_Board\LDR_\MXTmpFiles\gpio.tmp_save
2025-12-29 12:54:00,483 [INFO] CodeEngine:289 - Generated code: C:\Users\aditi\OneDrive\Desktop\Sunbeam_Internship\Internship_Practice_on_Board\LDR_\MXTmpFiles\gpio.tmp
2025-12-29 12:54:00,619 [INFO] CodeEngine:265 - oldGeneratedFile, C:\Users\aditi\OneDrive\Desktop\Sunbeam_Internship\Internship_Practice_on_Board\LDR_\Core\Src\stm32f4xx_it.c_save
2025-12-29 12:54:00,748 [INFO] CodeEngine:289 - Generated code: C:\Users\aditi\OneDrive\Desktop\Sunbeam_Internship\Internship_Practice_on_Board\LDR_\Core\Src\stm32f4xx_it.c
2025-12-29 12:54:00,759 [INFO] CodeEngine:265 - oldGeneratedFile, C:\Users\aditi\OneDrive\Desktop\Sunbeam_Internship\Internship_Practice_on_Board\LDR_\Core\Inc\stm32f4xx_it.h_save
2025-12-29 12:54:00,842 [INFO] CodeEngine:289 - Generated code: C:\Users\aditi\OneDrive\Desktop\Sunbeam_Internship\Internship_Practice_on_Board\LDR_\Core\Inc\stm32f4xx_it.h
2025-12-29 12:54:00,867 [INFO] CodeEngine:265 - oldGeneratedFile, C:\Users\aditi\OneDrive\Desktop\Sunbeam_Internship\Internship_Practice_on_Board\LDR_\Core\Src\stm32f4xx_hal_msp.c_save
2025-12-29 12:54:01,020 [INFO] CodeEngine:289 - Generated code: C:\Users\aditi\OneDrive\Desktop\Sunbeam_Internship\Internship_Practice_on_Board\LDR_\Core\Src\stm32f4xx_hal_msp.c
2025-12-29 12:54:01,035 [INFO] CodeEngine:265 - oldGeneratedFile, C:\Users\aditi\OneDrive\Desktop\Sunbeam_Internship\Internship_Practice_on_Board\LDR_\MXTmpFiles\system.tmp_save
2025-12-29 12:54:01,107 [INFO] CodeEngine:289 - Generated code: C:\Users\aditi\OneDrive\Desktop\Sunbeam_Internship\Internship_Practice_on_Board\LDR_\MXTmpFiles\system.tmp
2025-12-29 12:54:01,136 [INFO] CodeEngine:321 - oldGeneratedFile, C:\Users\aditi\OneDrive\Desktop\Sunbeam_Internship\Internship_Practice_on_Board\LDR_\Core\Inc\stm32f4xx_hal_conf.h_save
2025-12-29 12:54:01,245 [INFO] CodeEngine:345 - Generated code: C:\Users\aditi\OneDrive\Desktop\Sunbeam_Internship\Internship_Practice_on_Board\LDR_\Core\Inc\stm32f4xx_hal_conf.h
2025-12-29 12:54:01,284 [INFO] ApiDbMcu:532 - Load IP Config File for ADC1
2025-12-29 12:54:01,289 [INFO] ApiDbMcu:532 - Load IP Config File for I2C1
2025-12-29 12:54:01,304 [INFO] CodeEngine:265 - oldGeneratedFile, C:\Users\aditi\OneDrive\Desktop\Sunbeam_Internship\Internship_Practice_on_Board\LDR_\Core\Inc\main.h_save
2025-12-29 12:54:01,367 [INFO] CodeEngine:289 - Generated code: C:\Users\aditi\OneDrive\Desktop\Sunbeam_Internship\Internship_Practice_on_Board\LDR_\Core\Inc\main.h
2025-12-29 12:54:01,382 [INFO] CodeEngine:265 - oldGeneratedFile, C:\Users\aditi\OneDrive\Desktop\Sunbeam_Internship\Internship_Practice_on_Board\LDR_\Core\Src\main.c_save
2025-12-29 12:54:01,479 [INFO] CodeEngine:289 - Generated code: C:\Users\aditi\OneDrive\Desktop\Sunbeam_Internship\Internship_Practice_on_Board\LDR_\Core\Src\main.c
2025-12-29 12:54:03,097 [INFO] ProjectBuilder:3606 - Time for Copy HAL[1] : 1491mS.
2025-12-29 12:54:03,104 [INFO] ProjectBuilder:5216 - Project Generator version: 4.7.0-B52
2025-12-29 12:54:03,146 [INFO] ConfigFileManager:1595 - The Die is : DIE413
2025-12-29 12:54:04,498 [INFO] ProjectBuilder:5496 - Time for Generating toolchain IDE Files: 1394mS.
2025-12-29 12:54:04,500 [INFO] ProjectBuilder:3463 - Time for Copy CMSIS : 1mS.
2025-12-29 12:54:04,505 [INFO] ProjectBuilder:3463 - Time for Copy CMSIS : 0mS.
2025-12-29 12:58:17,735 [INFO] NvicIntPanel:101 - NVIC parent = com.st.microxplorer.plugins.ip.nvic.MultiNvicIntPanel[,0,0,450x226,layout=javax.swing.BoxLayout,alignmentX=0.0,alignmentY=0.0,border=,flags=9,maximumSize=,minimumSize=,preferredSize=]
2025-12-29 12:58:20,192 [INFO] NvicIntPanel:101 - NVIC parent = com.st.microxplorer.plugins.ip.nvic.MultiNvicIntPanel[,0,0,0x0,invalid,layout=javax.swing.BoxLayout,alignmentX=0.0,alignmentY=0.0,border=,flags=9,maximumSize=,minimumSize=,preferredSize=]
2025-12-29 12:58:29,582 [INFO] UtilMem:75 - End SaveConfig() Used Memory: 705829760 Bytes (1073741824)
2025-12-29 12:58:31,657 [INFO] UtilMem:75 - End SaveConfig() Used Memory: 753015680 Bytes (1073741824)
2025-12-29 12:58:31,896 [INFO] UtilMem:75 - End SaveConfig() Used Memory: 780804992 Bytes (1073741824)
2025-12-29 12:58:32,132 [INFO] BlockDiagram:2775 - set Specific Code input for plugin: SYS
2025-12-29 12:58:32,132 [INFO] BlockDiagram:2775 - set Specific Code input for plugin: ADC
2025-12-29 12:58:32,132 [INFO] BlockDiagram:2775 - set Specific Code input for plugin: RCC
2025-12-29 12:58:32,132 [INFO] BlockDiagram:2775 - set Specific Code input for plugin: I2C
2025-12-29 12:58:32,132 [INFO] BlockDiagram:2775 - set Specific Code input for plugin: NVIC
2025-12-29 12:58:32,132 [INFO] BlockDiagram:2775 - set Specific Code input for plugin: USART
2025-12-29 12:58:32,133 [INFO] BlockDiagram:2775 - set Specific Code input for plugin: GPIO
2025-12-29 12:58:32,137 [INFO] CodeGenerator:892 - code generatio: config db path: C:\ST\STM32CubeIDE_1.19.0\STM32CubeIDE\plugins\com.st.stm32cube.common.mx_6.15.0.202507011659\\db\
2025-12-29 12:58:32,146 [WARN] IP:2250 - I2C_Coeff_DF not found: check if there is a RefParameter without a condition.
2025-12-29 12:58:32,146 [WARN] IP:2250 - Analog_Filter not found: check if there is a RefParameter without a condition.
2025-12-29 12:58:32,246 [INFO] CodeEngine:265 - oldGeneratedFile, C:\Users\aditi\OneDrive\Desktop\Sunbeam_Internship\Internship_Practice_on_Board\LDR_\MXTmpFiles\license.tmp_save
2025-12-29 12:58:32,400 [INFO] CodeEngine:289 - Generated code: C:\Users\aditi\OneDrive\Desktop\Sunbeam_Internship\Internship_Practice_on_Board\LDR_\MXTmpFiles\license.tmp
2025-12-29 12:58:32,513 [INFO] CodeEngine:265 - oldGeneratedFile, C:\Users\aditi\OneDrive\Desktop\Sunbeam_Internship\Internship_Practice_on_Board\LDR_\MXTmpFiles\gpio.tmp_save
2025-12-29 12:58:32,648 [INFO] CodeEngine:289 - Generated code: C:\Users\aditi\OneDrive\Desktop\Sunbeam_Internship\Internship_Practice_on_Board\LDR_\MXTmpFiles\gpio.tmp
2025-12-29 12:58:32,842 [INFO] CodeEngine:265 - oldGeneratedFile, C:\Users\aditi\OneDrive\Desktop\Sunbeam_Internship\Internship_Practice_on_Board\LDR_\Core\Src\stm32f4xx_it.c_save
2025-12-29 12:58:33,032 [INFO] CodeEngine:289 - Generated code: C:\Users\aditi\OneDrive\Desktop\Sunbeam_Internship\Internship_Practice_on_Board\LDR_\Core\Src\stm32f4xx_it.c
2025-12-29 12:58:33,096 [INFO] CodeEngine:265 - oldGeneratedFile, C:\Users\aditi\OneDrive\Desktop\Sunbeam_Internship\Internship_Practice_on_Board\LDR_\Core\Inc\stm32f4xx_it.h_save
2025-12-29 12:58:33,199 [INFO] CodeEngine:289 - Generated code: C:\Users\aditi\OneDrive\Desktop\Sunbeam_Internship\Internship_Practice_on_Board\LDR_\Core\Inc\stm32f4xx_it.h
2025-12-29 12:58:33,249 [INFO] CodeEngine:265 - oldGeneratedFile, C:\Users\aditi\OneDrive\Desktop\Sunbeam_Internship\Internship_Practice_on_Board\LDR_\Core\Src\stm32f4xx_hal_msp.c_save
2025-12-29 12:58:33,400 [INFO] CodeEngine:289 - Generated code: C:\Users\aditi\OneDrive\Desktop\Sunbeam_Internship\Internship_Practice_on_Board\LDR_\Core\Src\stm32f4xx_hal_msp.c
2025-12-29 12:58:33,415 [INFO] CodeEngine:265 - oldGeneratedFile, C:\Users\aditi\OneDrive\Desktop\Sunbeam_Internship\Internship_Practice_on_Board\LDR_\MXTmpFiles\system.tmp_save
2025-12-29 12:58:33,466 [INFO] CodeEngine:289 - Generated code: C:\Users\aditi\OneDrive\Desktop\Sunbeam_Internship\Internship_Practice_on_Board\LDR_\MXTmpFiles\system.tmp
2025-12-29 12:58:33,489 [INFO] CodeEngine:321 - oldGeneratedFile, C:\Users\aditi\OneDrive\Desktop\Sunbeam_Internship\Internship_Practice_on_Board\LDR_\Core\Inc\stm32f4xx_hal_conf.h_save
2025-12-29 12:58:33,563 [INFO] CodeEngine:345 - Generated code: C:\Users\aditi\OneDrive\Desktop\Sunbeam_Internship\Internship_Practice_on_Board\LDR_\Core\Inc\stm32f4xx_hal_conf.h
2025-12-29 12:58:33,593 [INFO] ApiDbMcu:532 - Load IP Config File for USART2
2025-12-29 12:58:33,613 [INFO] CodeEngine:265 - oldGeneratedFile, C:\Users\aditi\OneDrive\Desktop\Sunbeam_Internship\Internship_Practice_on_Board\LDR_\Core\Inc\main.h_save
2025-12-29 12:58:33,685 [INFO] CodeEngine:289 - Generated code: C:\Users\aditi\OneDrive\Desktop\Sunbeam_Internship\Internship_Practice_on_Board\LDR_\Core\Inc\main.h
2025-12-29 12:58:33,697 [INFO] CodeEngine:265 - oldGeneratedFile, C:\Users\aditi\OneDrive\Desktop\Sunbeam_Internship\Internship_Practice_on_Board\LDR_\Core\Src\main.c_save
2025-12-29 12:58:33,799 [INFO] CodeEngine:289 - Generated code: C:\Users\aditi\OneDrive\Desktop\Sunbeam_Internship\Internship_Practice_on_Board\LDR_\Core\Src\main.c
2025-12-29 12:58:35,406 [INFO] ProjectBuilder:3606 - Time for Copy HAL[1] : 1484mS.
2025-12-29 12:58:35,413 [INFO] ProjectBuilder:5216 - Project Generator version: 4.7.0-B52
2025-12-29 12:58:35,472 [INFO] ConfigFileManager:1595 - The Die is : DIE413
2025-12-29 12:58:37,020 [INFO] ProjectBuilder:5496 - Time for Generating toolchain IDE Files: 1607mS.
2025-12-29 12:58:37,023 [INFO] ProjectBuilder:3463 - Time for Copy CMSIS : 3mS.
2025-12-29 12:58:37,035 [INFO] ProjectBuilder:3463 - Time for Copy CMSIS : 1mS.
2025-12-29 13:10:36,692 [INFO] WebApp:194 - Connection lost
2025-12-29 13:10:44,319 [INFO] WebApp:191 - Connection restablished
2025-12-29 13:10:45,294 [INFO] WebApp:194 - Connection lost
2025-12-29 13:10:46,352 [INFO] WebApp:191 - Connection restablished
2025-12-29 13:17:54,180 [ERROR] LogOutputStream:75 - [STDERR_REDIRECT] 
2025-12-29 19:23:14,781 [INFO] Activator:176 - 


2025-12-29 19:23:14,783 [INFO] Activator:177 - !SESSION log4j initialized
2025-12-29 19:23:19,880 [INFO] LogOutputStream:77 - [STDOUT_REDIRECT] 
2025-12-29 19:23:20,806 [ERROR] ConfigurationRetriever:142 - IOException on connection: sw-center.st.com
2025-12-29 19:23:20,808 [ERROR] ConfigurationRetriever:142 - IOException on connection: sw-center.st.com
2025-12-29 19:23:20,809 [ERROR] ConfigurationRetriever:142 - IOException on connection: sw-center.st.com
2025-12-29 19:23:21,646 [INFO] ApplicationProperties:184 - Using Application install path: C:\ST\STM32CubeIDE_1.19.0\STM32CubeIDE\plugins\com.st.stm32cube.common.mx_6.15.0.202507011659
2025-12-29 19:23:21,679 [INFO] DbMcusXml:78 - Set database path to: C:\ST\STM32CubeIDE_1.19.0\STM32CubeIDE\plugins\com.st.stm32cube.common.mx_6.15.0.202507011659\\db\/mcu/
2025-12-29 19:23:21,679 [INFO] ApiDb:274 - Set plugin database path to: C:\ST\STM32CubeIDE_1.19.0\STM32CubeIDE\plugins\com.st.stm32cube.common.mx_6.15.0.202507011659\\db\/plugins/boardmanager/
2025-12-29 19:23:21,680 [WARN] ApiDb:259 - Overriding images path with different value:  => C:\ST\STM32CubeIDE_1.19.0\STM32CubeIDE\plugins\com.st.stm32cube.common.mx_6.15.0.202507011659\\db\/plugins/mcufinder/images/
2025-12-29 19:23:21,702 [INFO] ApiDb:250 - Set database path to: C:\Users\aditi\.stmcufinder\plugins\mcufinder//mcu/
2025-12-29 19:23:21,705 [INFO] DbMcusAds:125 - Set database path to: C:\Users\aditi\.stmcufinder\plugins\mcufinder//mcu/
2025-12-29 19:23:21,711 [INFO] CrossReferenceDbSqlite:203 - Set database path to: C:\Users\aditi\.stmcufinder\plugins\mcufinder//mcu/cs/
2025-12-29 19:23:21,936 [INFO] RulesReader:64 - Compatibility file has been processed (317 Rules)
2025-12-29 19:23:22,105 [INFO] DbMcusXml:78 - Set database path to: C:\ST\STM32CubeIDE_1.19.0\STM32CubeIDE\plugins\com.st.stm32cube.common.mx_6.15.0.202507011659\\db\/mcu/
2025-12-29 19:23:22,105 [INFO] ApiDb:274 - Set plugin database path to: C:\ST\STM32CubeIDE_1.19.0\STM32CubeIDE\plugins\com.st.stm32cube.common.mx_6.15.0.202507011659\\db\/plugins/boardmanager/
2025-12-29 19:23:22,105 [INFO] ApiDb:261 - Set plugin images path to: C:\ST\STM32CubeIDE_1.19.0\STM32CubeIDE\plugins\com.st.stm32cube.common.mx_6.15.0.202507011659\\db\/plugins/mcufinder/images/
2025-12-29 19:23:22,105 [WARN] DbFile:41 - Overriding database path with different value: C:\Users\aditi\.stmcufinder\plugins\mcufinder/ => C:\Users\aditi\.stmcufinder\plugins\mcufinder
2025-12-29 19:23:22,106 [INFO] ApiDb:250 - Set database path to: C:\Users\aditi\.stmcufinder\plugins\mcufinder//mcu/
2025-12-29 19:23:22,106 [WARN] DbFile:41 - Overriding database path with different value: C:\Users\aditi\.stmcufinder\plugins\mcufinder/ => C:\Users\aditi\.stmcufinder\plugins\mcufinder
2025-12-29 19:23:22,106 [INFO] DbMcusAds:125 - Set database path to: C:\Users\aditi\.stmcufinder\plugins\mcufinder//mcu/
2025-12-29 19:23:22,106 [WARN] DbFile:41 - Overriding database path with different value: C:\Users\aditi\.stmcufinder\plugins\mcufinder/ => C:\Users\aditi\.stmcufinder\plugins\mcufinder
2025-12-29 19:23:22,106 [WARN] DbFile:41 - Overriding database path with different value: C:\Users\aditi\.stmcufinder\plugins\mcufinder/ => C:\Users\aditi\.stmcufinder\plugins\mcufinder
2025-12-29 19:23:22,106 [INFO] CrossReferenceDbSqlite:203 - Set database path to: C:\Users\aditi\.stmcufinder\plugins\mcufinder//mcu/cs/
2025-12-29 19:23:22,268 [INFO] MainPanel:274 - HeapMemory: 268435456
2025-12-29 19:23:22,445 [INFO] DbMcusXml:78 - Set database path to: C:\ST\STM32CubeIDE_1.19.0\STM32CubeIDE\plugins\com.st.stm32cube.common.mx_6.15.0.202507011659\\db\/mcu/
2025-12-29 19:23:22,445 [INFO] ApiDb:274 - Set plugin database path to: C:\ST\STM32CubeIDE_1.19.0\STM32CubeIDE\plugins\com.st.stm32cube.common.mx_6.15.0.202507011659\\db\/plugins/boardmanager/
2025-12-29 19:23:22,446 [INFO] ApiDb:261 - Set plugin images path to: C:\ST\STM32CubeIDE_1.19.0\STM32CubeIDE\plugins\com.st.stm32cube.common.mx_6.15.0.202507011659\\db\/plugins/mcufinder/images/
2025-12-29 19:23:22,446 [WARN] DbFile:41 - Overriding database path with different value: C:\Users\aditi\.stmcufinder\plugins\mcufinder/ => C:\Users\aditi\.stmcufinder\plugins\mcufinder
2025-12-29 19:23:22,446 [INFO] ApiDb:250 - Set database path to: C:\Users\aditi\.stmcufinder\plugins\mcufinder//mcu/
2025-12-29 19:23:22,446 [WARN] DbFile:41 - Overriding database path with different value: C:\Users\aditi\.stmcufinder\plugins\mcufinder/ => C:\Users\aditi\.stmcufinder\plugins\mcufinder
2025-12-29 19:23:22,446 [INFO] DbMcusAds:125 - Set database path to: C:\Users\aditi\.stmcufinder\plugins\mcufinder//mcu/
2025-12-29 19:23:22,446 [WARN] DbFile:41 - Overriding database path with different value: C:\Users\aditi\.stmcufinder\plugins\mcufinder/ => C:\Users\aditi\.stmcufinder\plugins\mcufinder
2025-12-29 19:23:22,447 [WARN] DbFile:41 - Overriding database path with different value: C:\Users\aditi\.stmcufinder\plugins\mcufinder/ => C:\Users\aditi\.stmcufinder\plugins\mcufinder
2025-12-29 19:23:22,447 [INFO] CrossReferenceDbSqlite:203 - Set database path to: C:\Users\aditi\.stmcufinder\plugins\mcufinder//mcu/cs/
2025-12-29 19:23:22,472 [INFO] ApplicationProperties:184 - Using Application install path: C:\ST\STM32CubeIDE_1.19.0\STM32CubeIDE\plugins\com.st.stm32cube.common.mx_6.15.0.202507011659
2025-12-29 19:23:22,474 [INFO] PluginManage:196 - Search for loadable plugins [exclusion list=, ]
2025-12-29 19:23:22,476 [INFO] PluginManage:310 - Check plugin analytics
2025-12-29 19:23:22,802 [INFO] AnalyticsPlugin:253 - Accepted Software Licenses: 
2025-12-29 19:23:22,803 [INFO] AnalyticsPlugin:255 - Accepted CMSIS Pack Licenses: 
2025-12-29 19:23:22,803 [INFO] AnalyticsPlugin:257 - Accepted Firmware Licenses: FW.F4.1.28.0
2025-12-29 19:23:22,808 [ERROR] ConfigurationRetriever:142 - IOException on connection: sw-center.st.com
2025-12-29 19:23:22,809 [ERROR] ConfigurationRetriever:142 - IOException on connection: sw-center.st.com
2025-12-29 19:23:22,810 [ERROR] ConfigurationRetriever:142 - IOException on connection: sw-center.st.com
2025-12-29 19:23:22,811 [INFO] PluginManage:359 - Loaded plugin analytics (category:tool,tabindex:-1)
2025-12-29 19:23:22,812 [INFO] PluginManage:310 - Check plugin cadmodel
2025-12-29 19:23:22,824 [INFO] CADModel:105 - Init CAD model plugin
2025-12-29 19:23:22,825 [INFO] PluginManage:359 - Loaded plugin cadmodel (category:power,tabindex:5)
2025-12-29 19:23:22,825 [INFO] PluginManage:310 - Check plugin clock
2025-12-29 19:23:22,841 [INFO] PluginManage:359 - Loaded plugin clock (category:base,tabindex:2)
2025-12-29 19:23:22,841 [INFO] PluginManage:310 - Check plugin ddr
2025-12-29 19:23:22,845 [INFO] PluginManage:359 - Loaded plugin ddr (category:tool,tabindex:6)
2025-12-29 19:23:22,845 [INFO] PluginManage:310 - Check plugin filemanager
2025-12-29 19:23:23,096 [INFO] PluginManage:359 - Loaded plugin filemanager (category:base,tabindex:10)
2025-12-29 19:23:23,096 [INFO] PluginManage:310 - Check plugin ipmanager
2025-12-29 19:23:23,109 [INFO] PluginManage:359 - Loaded plugin ipmanager (category:base,tabindex:5)
2025-12-29 19:23:23,109 [INFO] PluginManage:310 - Check plugin lpbam
2025-12-29 19:23:23,124 [INFO] PluginManage:359 - Loaded plugin lpbam (category:base,tabindex:0)
2025-12-29 19:23:23,124 [INFO] PluginManage:310 - Check plugin memorymap
2025-12-29 19:23:23,161 [INFO] PluginManage:359 - Loaded plugin memorymap (category:base,tabindex:4)
2025-12-29 19:23:23,161 [INFO] PluginManage:310 - Check plugin pinoutandconfiguration
2025-12-29 19:23:23,178 [INFO] PluginManage:359 - Loaded plugin pinoutandconfiguration (category:base,tabindex:1)
2025-12-29 19:23:23,179 [INFO] PluginManage:310 - Check plugin pinoutconfig
2025-12-29 19:23:23,310 [WARN] SupportedApi:132 - Cannot load RTOS API schema: s4s-elt-must-match.1: The content of 'definitions' must match (annotation?, (simpleType | complexType)?, (unique | key | keyref)*)). A problem was found starting at: attribute.
2025-12-29 19:23:23,494 [INFO] PluginManage:359 - Loaded plugin pinoutconfig (category:base,tabindex:0)
2025-12-29 19:23:23,494 [INFO] PluginManage:310 - Check plugin power
2025-12-29 19:23:23,506 [INFO] PluginManage:359 - Loaded plugin power (category:power,tabindex:4)
2025-12-29 19:23:23,506 [INFO] PluginManage:310 - Check plugin projectmanager
2025-12-29 19:23:23,530 [INFO] PluginManage:359 - Loaded plugin projectmanager (category:projectmanager,tabindex:4)
2025-12-29 19:23:23,530 [INFO] PluginManage:310 - Check plugin rif
2025-12-29 19:23:23,543 [INFO] PluginManage:359 - Loaded plugin rif (category:base,tabindex:3)
2025-12-29 19:23:23,543 [INFO] PluginManage:310 - Check plugin thirdparty
2025-12-29 19:23:23,718 [WARN] IntegrityCheckThread:84 - waiting for thirdparty lock release [integrity check]
2025-12-29 19:23:23,718 [INFO] PluginManage:359 - Loaded plugin thirdparty (category:base,tabindex:-1)
2025-12-29 19:23:23,719 [INFO] IntegrityCheckThread:86 - entering critical section [integrity check]
2025-12-29 19:23:23,719 [INFO] PluginManage:310 - Check plugin tools
2025-12-29 19:23:23,719 [INFO] ThirdPartyUpdaterWithRetryManager:70 - Updater plugin not ready yet. [1/15]
2025-12-29 19:23:23,723 [INFO] PluginManage:359 - Loaded plugin tools (category:base,tabindex:7)
2025-12-29 19:23:23,723 [INFO] PluginManage:310 - Check plugin tutovideos
2025-12-29 19:23:24,017 [INFO] PluginManage:359 - Loaded plugin tutovideos (category:base,tabindex:-1)
2025-12-29 19:23:24,017 [INFO] PluginManage:310 - Check plugin updater
2025-12-29 19:23:24,060 [INFO] PluginManage:359 - Loaded plugin updater (category:base,tabindex:12)
2025-12-29 19:23:24,060 [INFO] PluginManage:310 - Check plugin userauth
2025-12-29 19:23:24,067 [INFO] UserAuth:118 - Init User Auth plugin
2025-12-29 19:23:24,069 [INFO] PluginManage:359 - Loaded plugin userauth (category:base,tabindex:14)
2025-12-29 19:23:24,069 [INFO] PluginManage:283 - PluginManage : Loaded plugins [18]
2025-12-29 19:23:24,356 [INFO] PinOutPanel:1589 - setPackage(No Configuration,No Configuration)
2025-12-29 19:23:24,466 [INFO] CADModel:165 - CPN selected for project level
2025-12-29 19:23:24,466 [INFO] CADModel:114 - Register for checkConnection events
2025-12-29 19:23:24,491 [INFO] IPUIPlugin:80 - create IPUIPlugin
2025-12-29 19:23:24,492 [INFO] PluginManager:220 - loadIPPluginJar : add adc
2025-12-29 19:23:24,496 [INFO] IPUIPlugin:80 - create IPUIPlugin
2025-12-29 19:23:24,496 [INFO] PluginManager:220 - loadIPPluginJar : add aes
2025-12-29 19:23:24,500 [INFO] IPUIPlugin:80 - create IPUIPlugin
2025-12-29 19:23:24,500 [INFO] PluginManager:220 - loadIPPluginJar : add can
2025-12-29 19:23:24,503 [INFO] IPUIPlugin:80 - create IPUIPlugin
2025-12-29 19:23:24,503 [INFO] PluginManager:220 - loadIPPluginJar : add comp
2025-12-29 19:23:24,507 [INFO] IPUIPlugin:80 - create IPUIPlugin
2025-12-29 19:23:24,507 [INFO] PluginManager:220 - loadIPPluginJar : add cryp
2025-12-29 19:23:24,512 [INFO] IPUIPlugin:80 - create IPUIPlugin
2025-12-29 19:23:24,512 [INFO] PluginManager:220 - loadIPPluginJar : add ddr_ctrl_phy
2025-12-29 19:23:24,517 [INFO] IPUIPlugin:80 - create IPUIPlugin
2025-12-29 19:23:24,517 [INFO] PluginManager:220 - loadIPPluginJar : add dfsdm
2025-12-29 19:23:24,524 [INFO] IPUIPlugin:80 - create IPUIPlugin
2025-12-29 19:23:24,525 [INFO] PluginManager:220 - loadIPPluginJar : add dma
2025-12-29 19:23:24,529 [INFO] IPUIPlugin:80 - create IPUIPlugin
2025-12-29 19:23:24,529 [INFO] PluginManager:220 - loadIPPluginJar : add dma3
2025-12-29 19:23:24,535 [INFO] IPUIPlugin:80 - create IPUIPlugin
2025-12-29 19:23:24,536 [INFO] PluginManager:220 - loadIPPluginJar : add extmemmanager
2025-12-29 19:23:24,539 [INFO] IPUIPlugin:80 - create IPUIPlugin
2025-12-29 19:23:24,539 [INFO] PluginManager:220 - loadIPPluginJar : add fatfs
2025-12-29 19:23:24,547 [INFO] IPUIPlugin:80 - create IPUIPlugin
2025-12-29 19:23:24,547 [INFO] PluginManager:220 - loadIPPluginJar : add fmc
2025-12-29 19:23:24,555 [INFO] IPUIPlugin:80 - create IPUIPlugin
2025-12-29 19:23:24,556 [INFO] PluginManager:220 - loadIPPluginJar : add freertos
2025-12-29 19:23:24,558 [INFO] IPUIPlugin:80 - create IPUIPlugin
2025-12-29 19:23:24,558 [INFO] PluginManager:220 - loadIPPluginJar : add genericplugin
2025-12-29 19:23:24,562 [INFO] IPUIPlugin:80 - create IPUIPlugin
2025-12-29 19:23:24,563 [INFO] PluginManager:220 - loadIPPluginJar : add gfxmmu
2025-12-29 19:23:24,568 [INFO] IPUIPlugin:80 - create IPUIPlugin
2025-12-29 19:23:24,568 [INFO] PluginManager:220 - loadIPPluginJar : add gic
2025-12-29 19:23:24,573 [INFO] IPUIPlugin:80 - create IPUIPlugin
2025-12-29 19:23:24,574 [INFO] PluginManager:220 - loadIPPluginJar : add gpio
2025-12-29 19:23:24,578 [INFO] IPUIPlugin:80 - create IPUIPlugin
2025-12-29 19:23:24,578 [INFO] PluginManager:220 - loadIPPluginJar : add gtzc
2025-12-29 19:23:24,582 [INFO] IPUIPlugin:80 - create IPUIPlugin
2025-12-29 19:23:24,583 [INFO] PluginManager:220 - loadIPPluginJar : add hash
2025-12-29 19:23:24,587 [INFO] IPUIPlugin:80 - create IPUIPlugin
2025-12-29 19:23:24,587 [INFO] PluginManager:220 - loadIPPluginJar : add i2c
2025-12-29 19:23:24,591 [INFO] IPUIPlugin:80 - create IPUIPlugin
2025-12-29 19:23:24,592 [INFO] PluginManager:220 - loadIPPluginJar : add i2s
2025-12-29 19:23:24,597 [INFO] IPUIPlugin:80 - create IPUIPlugin
2025-12-29 19:23:24,597 [INFO] PluginManager:220 - loadIPPluginJar : add i3c
2025-12-29 19:23:24,602 [INFO] IPUIPlugin:80 - create IPUIPlugin
2025-12-29 19:23:24,604 [INFO] PluginManager:220 - loadIPPluginJar : add ipddr
2025-12-29 19:23:24,615 [INFO] IPUIPlugin:80 - create IPUIPlugin
2025-12-29 19:23:24,615 [INFO] PluginManager:220 - loadIPPluginJar : add linkedlist
2025-12-29 19:23:24,620 [INFO] IPUIPlugin:80 - create IPUIPlugin
2025-12-29 19:23:24,620 [INFO] PluginManager:220 - loadIPPluginJar : add lorawan
2025-12-29 19:23:24,622 [INFO] IPUIPlugin:80 - create IPUIPlugin
2025-12-29 19:23:24,622 [INFO] PluginManager:220 - loadIPPluginJar : add ltdc
2025-12-29 19:23:24,628 [INFO] IPUIPlugin:80 - create IPUIPlugin
2025-12-29 19:23:24,629 [INFO] PluginManager:220 - loadIPPluginJar : add mdma
2025-12-29 19:23:24,633 [INFO] IPUIPlugin:80 - create IPUIPlugin
2025-12-29 19:23:24,633 [INFO] PluginManager:220 - loadIPPluginJar : add nvic
2025-12-29 19:23:24,637 [INFO] IPUIPlugin:80 - create IPUIPlugin
2025-12-29 19:23:24,637 [INFO] PluginManager:220 - loadIPPluginJar : add opamp
2025-12-29 19:23:24,641 [INFO] IPUIPlugin:80 - create IPUIPlugin
2025-12-29 19:23:24,642 [INFO] PluginManager:220 - loadIPPluginJar : add openamp
2025-12-29 19:23:24,646 [INFO] IPUIPlugin:80 - create IPUIPlugin
2025-12-29 19:23:24,646 [INFO] PluginManager:220 - loadIPPluginJar : add pdm2pcm
2025-12-29 19:23:24,652 [INFO] IPUIPlugin:80 - create IPUIPlugin
2025-12-29 19:23:24,654 [INFO] PluginManager:220 - loadIPPluginJar : add plateformsettings
2025-12-29 19:23:24,656 [INFO] IPUIPlugin:80 - create IPUIPlugin
2025-12-29 19:23:24,656 [INFO] PluginManager:220 - loadIPPluginJar : add quadspi
2025-12-29 19:23:24,659 [INFO] IPUIPlugin:80 - create IPUIPlugin
2025-12-29 19:23:24,659 [INFO] PluginManager:220 - loadIPPluginJar : add radio
2025-12-29 19:23:24,665 [INFO] IPUIPlugin:80 - create IPUIPlugin
2025-12-29 19:23:24,666 [INFO] PluginManager:220 - loadIPPluginJar : add resmgrutility
2025-12-29 19:23:24,669 [INFO] IPUIPlugin:80 - create IPUIPlugin
2025-12-29 19:23:24,670 [INFO] PluginManager:220 - loadIPPluginJar : add sai
2025-12-29 19:23:24,672 [INFO] IPUIPlugin:80 - create IPUIPlugin
2025-12-29 19:23:24,672 [INFO] PluginManager:220 - loadIPPluginJar : add spi
2025-12-29 19:23:24,677 [INFO] IPUIPlugin:80 - create IPUIPlugin
2025-12-29 19:23:24,677 [INFO] PluginManager:220 - loadIPPluginJar : add stm32_wpan
2025-12-29 19:23:24,679 [INFO] IPUIPlugin:80 - create IPUIPlugin
2025-12-29 19:23:24,680 [INFO] PluginManager:220 - loadIPPluginJar : add tim
2025-12-29 19:23:24,684 [INFO] IPUIPlugin:80 - create IPUIPlugin
2025-12-29 19:23:24,684 [INFO] PluginManager:220 - loadIPPluginJar : add touchsensing
2025-12-29 19:23:24,686 [INFO] IPUIPlugin:80 - create IPUIPlugin
2025-12-29 19:23:24,686 [INFO] PluginManager:220 - loadIPPluginJar : add tracer_emb
2025-12-29 19:23:24,688 [INFO] IPUIPlugin:80 - create IPUIPlugin
2025-12-29 19:23:24,688 [INFO] PluginManager:220 - loadIPPluginJar : add ts
2025-12-29 19:23:24,689 [INFO] IPUIPlugin:80 - create IPUIPlugin
2025-12-29 19:23:24,689 [INFO] PluginManager:220 - loadIPPluginJar : add tsc
2025-12-29 19:23:24,691 [INFO] IPUIPlugin:80 - create IPUIPlugin
2025-12-29 19:23:24,691 [INFO] PluginManager:220 - loadIPPluginJar : add ucpd
2025-12-29 19:23:24,693 [INFO] IPUIPlugin:80 - create IPUIPlugin
2025-12-29 19:23:24,694 [INFO] PluginManager:220 - loadIPPluginJar : add usart
2025-12-29 19:23:24,698 [INFO] IPUIPlugin:80 - create IPUIPlugin
2025-12-29 19:23:24,698 [INFO] PluginManager:220 - loadIPPluginJar : add usbx
2025-12-29 19:23:24,825 [FATAL] Updater:351 - Updater called before beeing initialized
2025-12-29 19:23:24,976 [INFO] RulesReader:64 - Compatibility file has been processed (317 Rules)
2025-12-29 19:23:24,996 [INFO] RulesReader:64 - Compatibility file has been processed (317 Rules)
2025-12-29 19:23:25,031 [INFO] CADModel:165 - CPN selected for project level
2025-12-29 19:23:25,035 [INFO] CADModel:114 - Register for checkConnection events
2025-12-29 19:23:25,036 [FATAL] Updater:351 - Updater called before beeing initialized
2025-12-29 19:23:25,037 [ERROR] CADModel:125 - Updater not yet initialized, retry later 
2025-12-29 19:23:25,265 [FATAL] Updater:351 - Updater called before beeing initialized
2025-12-29 19:23:25,268 [INFO] CADModel:165 - CPN selected for project level
2025-12-29 19:23:25,269 [INFO] CADModel:114 - Register for checkConnection events
2025-12-29 19:23:25,269 [FATAL] Updater:351 - Updater called before beeing initialized
2025-12-29 19:23:25,269 [ERROR] CADModel:125 - Updater not yet initialized, retry later 
2025-12-29 19:23:25,273 [FATAL] Updater:351 - Updater called before beeing initialized
2025-12-29 19:23:25,400 [FATAL] Updater:351 - Updater called before beeing initialized
2025-12-29 19:23:25,403 [INFO] DbMcusAds:53 - JSON generation date=Tue Dec 16 04:41:46 IST 2025 (1765840306612)
2025-12-29 19:23:25,404 [FATAL] Updater:351 - Updater called before beeing initialized
2025-12-29 19:23:25,457 [WARN] DetailPanel:346 - Failed to get advertising image, set to default
2025-12-29 19:23:25,542 [FATAL] Updater:351 - Updater called before beeing initialized
2025-12-29 19:23:25,543 [FATAL] Updater:351 - Updater called before beeing initialized
2025-12-29 19:23:25,544 [FATAL] Updater:351 - Updater called before beeing initialized
2025-12-29 19:23:25,544 [WARN] DetailPanel:346 - Failed to get advertising image, set to default
2025-12-29 19:23:25,544 [FATAL] Updater:351 - Updater called before beeing initialized
2025-12-29 19:23:25,589 [ERROR] Updater:1198 - MainUpdater not yet initialized. External WinMGr cannot be set.
2025-12-29 19:23:25,591 [INFO] Updater:1134 - Updater Version found : 6.15.0
2025-12-29 19:23:25,610 [INFO] ApplicationProperties:184 - Using Application install path: C:\ST\STM32CubeIDE_1.19.0\STM32CubeIDE\plugins\com.st.stm32cube.common.mx_6.15.0.202507011659
2025-12-29 19:23:26,721 [INFO] ThirdPartyUpdaterWithRetryManager:70 - Updater plugin not ready yet. [2/15]
2025-12-29 19:23:27,199 [ERROR] LogOutputStream:75 - [STDERR_REDIRECT] Dec 29, 2025 7:23:27 PM java.util.prefs.WindowsPreferences <init>
2025-12-29 19:23:27,201 [ERROR] LogOutputStream:75 - [STDERR_REDIRECT] WARNING: Could not open/create prefs root node Software\JavaSoft\Prefs at root 0xffffffff80000002. Windows RegCreateKeyEx(...) returned error code 5.
2025-12-29 19:23:27,201 [ERROR] LogOutputStream:75 - [STDERR_REDIRECT] 
2025-12-29 19:23:27,602 [INFO] MainUpdater:2872 - connection check result : 22
2025-12-29 19:23:27,602 [INFO] MainUpdater:289 - Updater Check For Update Now.
2025-12-29 19:23:27,602 [INFO] MicroXplorer:498 - Change Database Version : DB.6.0.150
2025-12-29 19:23:27,609 [INFO] McuFinderGlobals:63 - Set McuFinder mode to 2 (CubeIDE integrated)
2025-12-29 19:23:27,612 [INFO] UserAuth:487 - Internet connection configuration mode: 2
2025-12-29 19:23:27,622 [INFO] UserAuth:487 - Internet connection configuration mode: 2
2025-12-29 19:23:27,813 [INFO] CheckServerUpdateThread:120 - End of CheckServer Thread
2025-12-29 19:23:29,984 [WARN] PackLoader:240 - Cannot read IP mode file for STMicroelectronics.FP-SNS-MOTENVWB1.1.4.0
2025-12-29 19:23:29,995 [WARN] PackLoader:240 - Cannot read IP mode file for STMicroelectronics.FP-ATR-ASTRA1.2.0.2
2025-12-29 19:23:30,003 [WARN] PackLoader:240 - Cannot read IP mode file for STMicroelectronics.X-CUBE-SMBUS.2.1.0
2025-12-29 19:23:30,052 [WARN] PackLoader:240 - Cannot read IP mode file for STMicroelectronics.X-CUBE-AZRTOS-F7.1.1.0
2025-12-29 19:23:30,072 [WARN] PackLoader:240 - Cannot read IP mode file for STMicroelectronics.X-CUBE-DISPLAY.3.0.0
2025-12-29 19:23:30,101 [WARN] PackLoader:240 - Cannot read IP mode file for STMicroelectronics.X-CUBE-NFC10.1.0.0
2025-12-29 19:23:30,114 [WARN] PackLoader:240 - Cannot read IP mode file for STMicroelectronics.FP-SNS-SMARTAG2.1.2.0
2025-12-29 19:23:30,129 [WARN] PackLoader:240 - Cannot read IP mode file for STMicroelectronics.FP-SNS-FLIGHT1.5.1.0
2025-12-29 19:23:30,157 [INFO] LogOutputStream:77 - [STDOUT_REDIRECT] 1 : Invalid condition id : UX_CORESTACK_Condition cause : null
2025-12-29 19:23:30,158 [INFO] LogOutputStream:77 - [STDOUT_REDIRECT] 1 : Invalid condition id : UX_CORESTACK_Condition cause : null
2025-12-29 19:23:30,159 [INFO] LogOutputStream:77 - [STDOUT_REDIRECT] 1 : Invalid condition id : UX_CORESTACK_Condition cause : null
2025-12-29 19:23:30,161 [INFO] LogOutputStream:77 - [STDOUT_REDIRECT] 1 : Invalid condition id : UX_CORESTACK_Condition cause : null
2025-12-29 19:23:30,161 [INFO] LogOutputStream:77 - [STDOUT_REDIRECT] 1 : Invalid condition id : UX_CORESTACK_Condition cause : null
2025-12-29 19:23:30,165 [WARN] PackLoader:240 - Cannot read IP mode file for STMicroelectronics.X-CUBE-AZRTOS-WL.2.0.0
2025-12-29 19:23:30,176 [WARN] PackLoader:240 - Cannot read IP mode file for STMicroelectronics.X-CUBE-BLE2.3.3.0
2025-12-29 19:23:30,185 [WARN] PackLoader:240 - Cannot read IP mode file for STMicroelectronics.X-CUBE-NFC9.1.0.0
2025-12-29 19:23:30,194 [WARN] PackLoader:240 - Cannot read IP mode file for STMicroelectronics.X-CUBE-BLE1.7.1.0
2025-12-29 19:23:30,216 [WARN] PackLoader:240 - Cannot read IP mode file for STMicroelectronics.X-CUBE-AZRTOS-G0.1.1.0
2025-12-29 19:23:30,226 [WARN] PackLoader:240 - Cannot read IP mode file for STMicroelectronics.X-CUBE-NFC4.3.0.0
2025-12-29 19:23:30,234 [WARN] PackLoader:240 - Cannot read IP mode file for STMicroelectronics.X-CUBE-WB05N.2.0.0
2025-12-29 19:23:30,242 [WARN] PackLoader:240 - Cannot read IP mode file for STMicroelectronics.X-CUBE-TCPP.4.2.0
2025-12-29 19:23:30,250 [WARN] PackLoader:240 - Cannot read IP mode file for STMicroelectronics.FP-ATR-SIGFOX1.3.2.0
2025-12-29 19:23:30,256 [WARN] PackLoader:240 - Cannot read IP mode file for STMicroelectronics.X-CUBE-ALGOBUILD.1.4.0
2025-12-29 19:23:30,262 [WARN] PackLoader:240 - Cannot read IP mode file for STMicroelectronics.X-CUBE-PM33A1.1.0.0
2025-12-29 19:23:30,277 [WARN] PackLoader:240 - Cannot read IP mode file for STMicroelectronics.X-CUBE-AZRTOS-F4.1.1.0
2025-12-29 19:23:30,286 [WARN] PackLoader:240 - Cannot read IP mode file for STMicroelectronics.X-CUBE-ISPU.2.1.0
2025-12-29 19:23:30,303 [WARN] PackLoader:240 - Cannot read IP mode file for STMicroelectronics.X-CUBE-AZRTOS-L5.2.0.0
2025-12-29 19:23:30,313 [WARN] PackLoader:240 - Cannot read IP mode file for STMicroelectronics.X-CUBE-NFC6.3.1.0
2025-12-29 19:23:30,323 [WARN] PackLoader:240 - Cannot read IP mode file for STMicroelectronics.X-CUBE-DPower.1.3.0
2025-12-29 19:23:30,340 [WARN] ConditionMgr:438 - getConditionDescription Invalid condition id : LAN8742 Phy interface Condition cause : null
2025-12-29 19:23:30,340 [WARN] PackLoader:240 - Cannot read IP mode file for STMicroelectronics.X-CUBE-AZRTOS-L4.2.0.0
2025-12-29 19:23:30,341 [WARN] ConditionMgr:1044 - genDependencies : Invalid condition id : LAN8742 Phy interface Condition cause : null
2025-12-29 19:23:30,341 [WARN] ConditionMgr:1044 - genDependencies : Invalid condition id : LAN8742 Phy interface Condition cause : null
2025-12-29 19:23:30,342 [WARN] ConditionMgr:1044 - genDependencies : Invalid condition id : LAN8742 Phy interface Condition cause : null
2025-12-29 19:23:30,352 [WARN] PackLoader:240 - Cannot read IP mode file for STMicroelectronics.X-CUBE-SFXS2LP1.4.0.0
2025-12-29 19:23:30,481 [WARN] ConditionMgr:438 - getConditionDescription Invalid condition id : UX DEVICE CLASS RTOS Condition cause : null
2025-12-29 19:23:30,482 [WARN] ConditionMgr:438 - getConditionDescription Invalid condition id : UX DEVICE CLASS RTOS Condition cause : null
2025-12-29 19:23:30,484 [WARN] PackLoader:240 - Cannot read IP mode file for STMicroelectronics.X-CUBE-AZRTOS-WB.2.0.0
2025-12-29 19:23:30,485 [WARN] ConditionMgr:1044 - genDependencies : Invalid condition id : UX DEVICE CLASS RTOS Condition cause : null
2025-12-29 19:23:30,486 [WARN] ConditionMgr:1044 - genDependencies : Invalid condition id : UX DEVICE CLASS RTOS Condition cause : null
2025-12-29 19:23:30,486 [WARN] ConditionMgr:1044 - genDependencies : Invalid condition id : UX DEVICE CLASS RTOS Condition cause : null
2025-12-29 19:23:30,486 [WARN] ConditionMgr:1044 - genDependencies : Invalid condition id : UX DEVICE CLASS RTOS Condition cause : null
2025-12-29 19:23:30,487 [WARN] ConditionMgr:1044 - genDependencies : Invalid condition id : UX DEVICE CLASS RTOS Condition cause : null
2025-12-29 19:23:30,497 [WARN] PackLoader:240 - Cannot read IP mode file for STMicroelectronics.X-CUBE-SUBG2.5.0.0
2025-12-29 19:23:30,515 [WARN] PackLoader:240 - Cannot read IP mode file for STMicroelectronics.X-CUBE-AZRTOS-G4.2.0.0
2025-12-29 19:23:30,523 [WARN] PackLoader:240 - Cannot read IP mode file for STMicroelectronics.X-CUBE-NFC7.2.0.0
2025-12-29 19:23:30,529 [WARN] PackLoader:240 - Cannot read IP mode file for STMicroelectronics.X-CUBE-ALS.1.0.2
2025-12-29 19:23:30,540 [WARN] PackLoader:240 - Cannot read IP mode file for STMicroelectronics.X-CUBE-TOF1.3.4.3
2025-12-29 19:23:30,548 [INFO] ThirdParty:978 - Integrity check success = true
2025-12-29 19:23:30,549 [INFO] IntegrityCheckThread:100 - exiting critical section [integrity check]
2025-12-29 19:23:30,549 [INFO] IntegrityCheckThread:103 - End integrity checks thread
2025-12-29 19:23:36,603 [INFO] McuFinderGlobals:63 - Set McuFinder mode to 2 (CubeIDE integrated)
2025-12-29 19:23:36,612 [INFO] MainUpdater:2872 - connection check result : 22
2025-12-29 19:23:40,267 [INFO] ApiDb:581 - Connected to CubeFinder SQLite database (C:\Users\aditi\.stmcufinder\plugins\mcufinder\mcu\cube-finder-db.db)
2025-12-29 19:23:40,364 [INFO] ApiDb:668 - CubeFinder database Data Model version=2.1
2025-12-29 19:23:40,364 [INFO] ApiDb:669 - CubeFinder database Configuration version=3.0.39
2025-12-29 19:23:40,364 [INFO] ApiDb:670 - CubeFinder database generation date=2025-11-05 (1762334721)
2025-12-29 19:23:40,365 [INFO] ApiDb:671 - CubeFinder database FW Pack versions=[FP-ATR-ASTRA1_V2.0.0, FP-SNS-FLIGHT1_V5.1.0, FP-SNS-MOTENV1_V5.1.0, FP-SNS-MOTENVWB1_V1.4.0, FP-SNS-SMARTAG2_V1.2.0, FP-SNS-STBOX1_V2.1.0, STM32Cube_FW_C0_V1.4.0, STM32Cube_FW_F4_V1.28.3, STM32Cube_FW_F7_V1.17.4, STM32Cube_FW_G0_V1.6.2, STM32Cube_FW_G4_V1.6.1, STM32Cube_FW_H5_V1.5.1, STM32Cube_FW_H7RS_V1.3.0, STM32Cube_FW_H7_V1.12.1, STM32Cube_FW_L0_V1.12.2, STM32Cube_FW_L4_V1.18.1, STM32Cube_FW_L5_V1.6.0, STM32Cube_FW_N6_V1.3.0, STM32Cube_FW_U0_V1.3.0, STM32Cube_FW_U3_V1.2.1, STM32Cube_FW_U5_V1.8.0, STM32Cube_FW_WB0_V1.4.0, STM32Cube_FW_WBA_V1.8.0, STM32Cube_FW_WB_V1.24.0, STM32Cube_FW_WL3_V1.3.0, STM32Cube_FW_WL_V1.4.0, X-CUBE-ALGOBUILD_V1.4.0, X-CUBE-ALS_V1.0.2, X-CUBE-AZRTOS-F4_V1.1.0, X-CUBE-AZRTOS-F7_V1.1.0, X-CUBE-AZRTOS-G0_V1.1.0, X-CUBE-AZRTOS-G4_V2.0.0, X-CUBE-AZRTOS-H7RS_V1.1.0, X-CUBE-AZRTOS-H7_V3.4.0, X-CUBE-AZRTOS-L4_V2.0.0, X-CUBE-AZRTOS-L5_V2.0.0, X-CUBE-AZRTOS-WB_V2.0.0, X-CUBE-AZRTOS-WL_V2.0.0, X-CUBE-BLE1_V7.1.0, X-CUBE-BLE2_V3.3.0, X-CUBE-BLEMGR_V4.1.0, X-CUBE-EEPRMA1_V5.2.0, X-CUBE-FREERTOS_V1.3.1, X-CUBE-GNSS1_V6.0.0, X-CUBE-MEMS1_V11.3.0, X-CUBE-NFC4_V3.0.0, X-CUBE-NFC7_V2.0.0, X-CUBE-SFXS2LP1_V4.0.0, X-CUBE-ST67W61_V1.1.0, X-CUBE-SUBG2_V5.0.0, X-CUBE-TOF1_V3.4.3]
2025-12-29 19:23:42,519 [INFO] ApiDb:240 - Found 880 in-development CPN: [B-G473E-ZEST1S, B-WB1M-WPAN1, B-WBA5M-WPAN, B-WL5M-SUBG1, NUCLEO-C031C6, NUCLEO-C051C8, NUCLEO-C071RB, NUCLEO-C092RC, NUCLEO-H503RB, NUCLEO-H533RE, NUCLEO-H563ZI, NUCLEO-H7S3L8, NUCLEO-N657X0-Q, NUCLEO-U031R8, NUCLEO-U083RC, NUCLEO-U385RG-Q, NUCLEO-U545RE-Q, NUCLEO-U5A5ZJ-Q, NUCLEO-WB05KZ, NUCLEO-WB07CC, NUCLEO-WB09KE, NUCLEO-WBA52CG, NUCLEO-WBA55CG, NUCLEO-WL33CC1, NUCLEO-WL33CC2, STEVAL-PROTEUS1, STEVAL-SMARTAG2, STEVAL-STWINBX1, STM320518-EVAL, STM32C0116-DK, STM32C011D6Y3TR, STM32C011D6Y6TR, STM32C011F4P3, STM32C011F4P6, STM32C011F4U3, STM32C011F4U6TR, STM32C011F6P3, STM32C011F6P6, STM32C011F6U3, STM32C011F6U6TR, STM32C011J4M3, STM32C011J4M6, STM32C011J6M3, STM32C011J6M6, STM32C0316-DK, STM32C031C4T3, STM32C031C4T6, STM32C031C4U3, STM32C031C4U6, STM32C031C6T3, STM32C031C6T6, STM32C031C6U3, STM32C031C6U6, STM32C031F4P3, STM32C031F4P6, STM32C031F6P3, STM32C031F6P6, STM32C031G4U3, STM32C031G4U6, STM32C031G6U3, STM32C031G6U6, STM32C031K4T3, STM32C031K4T6, STM32C031K4U3, STM32C031K4U6, STM32C031K6T3, STM32C031K6T6, STM32C031K6U3, STM32C031K6U6, STM32C051C6T6, STM32C051C6U6, STM32C051C8T6, STM32C051C8U6, STM32C051D8Y6TR, STM32C051F6P6, STM32C051F8P6, STM32C051G6U6, STM32C051G8U6, STM32C051K6T6, STM32C051K6U6, STM32C051K8T6, STM32C071C8T6, STM32C071C8T6N, STM32C071C8U6, STM32C071C8U6N, STM32C071CBT6, STM32C071CBT6N, STM32C071CBU6, STM32C071CBU6N, STM32C071F8P6, STM32C071F8P6N, STM32C071FBP6, STM32C071FBP6N, STM32C071FBY6TR, STM32C071G8U6, STM32C071G8U6N, STM32C071GBU6, STM32C071GBU6N, STM32C071K8T6, STM32C071K8T6N, STM32C071K8U6, STM32C071K8U6N, STM32C071KBT6, STM32C071KBT6N, STM32C071KBU6, STM32C071KBU6N, STM32C071R8T6, STM32C071R8T6N, STM32C071RBI6N, STM32C071RBT6, STM32C071RBT6N, STM32C091CBT6, STM32C091CBU6, STM32C091CCT6, STM32C091CCU6, STM32C091ECY6TR, STM32C091FBP6, STM32C091FCP6, STM32C091GBU6, STM32C091GCU6, STM32C091KBT6, STM32C091KBU6, STM32C091KCT6, STM32C091KCU6, STM32C091RBT6, STM32C091RCI6, STM32C091RCT6, STM32C092CBT6, STM32C092CBU6, STM32C092CCT6, STM32C092CCU6, STM32C092ECY6TR, STM32C092FBP6, STM32C092FCP6, STM32C092GBU6, STM32C092GCU6, STM32C092KBT6, STM32C092KBU6, STM32C092KCT6, STM32C092KCU6, STM32C092RBT6, STM32C092RCI6, STM32C092RCT6, STM32G071K8TXN, STM32G071K8UXN, STM32G081GBU6N, STM32G081KBT6N, STM32G081KBUXN, STM32G0B1CCT6N, STM32G0B1KCT6, STM32G0B1NEY6TR, STM32G0B1RCT6N, STM32G0C1CCT6, STM32G0C1CCT6N, STM32G0C1CCU6N, STM32G0C1CET6N, STM32G0C1CEU6N, STM32G0C1KCT6, STM32G0C1NEY6TR, STM32G0C1RCI6N, STM32G0C1RCT6N, STM32G0C1REI6N, STM32G0C1RET6N, STM32G0C1VCI6, STM32G0C1VEI6, STM32G411C6T3, STM32G411C6T6, STM32G411C6U3, STM32G411C6U6, STM32G411C8T3, STM32G411C8T6, STM32G411C8U3, STM32G411C8U6, STM32G411CBT3, STM32G411CBT6, STM32G411CBU3, STM32G411CBU6, STM32G411K6T3, STM32G411K6T6, STM32G411K6U3, STM32G411K6U6, STM32G411K8T3, STM32G411K8T6, STM32G411K8U3, STM32G411K8U6, STM32G411KBT3, STM32G411KBT6, STM32G411KBU3, STM32G411KBU6, STM32G411M6T3, STM32G411M6T6, STM32G411M8T3, STM32G411M8T6, STM32G411MBT3, STM32G411MBT6, STM32G411R6T3, STM32G411R6T6, STM32G411R8T3, STM32G411R8T6, STM32G411RBT3, STM32G411RBT6, STM32G414CBT3, STM32G414CBT6, STM32G414CBU3, STM32G414CBU6, STM32G414CCT3, STM32G414CCT6, STM32G414CCU3, STM32G414CCU6, STM32G414MBT3, STM32G414MBT6, STM32G414MCT3, STM32G414MCT6, STM32G414RBT3, STM32G414RBT6, STM32G414RCT3, STM32G414RCT6, STM32G414VBT3, STM32G414VBT6, STM32G414VCT3, STM32G414VCT6, STM32G431CBT3Z, STM32G431RBT3Z, STM32G471CCT6, STM32G471CCU6, STM32G471CET3, STM32G471CET6, STM32G471CEU3, STM32G471CEU6, STM32G471MCT6, STM32G471MET3, STM32G471MET6, STM32G471MEY6TR, STM32G471QCT6, STM32G471QET3, STM32G471RCT6, STM32G471RET3, STM32G471RET6, STM32G471VCH6, STM32G471VCI6, STM32G471VCT6, STM32G471VEH3, STM32G471VEH6, STM32G471VEI3, STM32G471VEI6, STM32G471VET3, STM32G471VET6, STM32G473QET3Z, STM32G473RET3Z, STM32G474CCT6, STM32G491RET3Z, STM32H503CBT6, STM32H503CBU6, STM32H503EBY6TR, STM32H503KBU6, STM32H503RBT6, STM32H523CCT6, STM32H523CCU6, STM32H523CET6, STM32H523CEU6, STM32H523HEY6TR, STM32H523RCT6, STM32H523RET6, STM32H523VCI6, STM32H523VCT6, STM32H523VEI6, STM32H523VET6, STM32H523ZCJ6, STM32H523ZCT6, STM32H523ZEJ6, STM32H523ZET6, STM32H533CET6, STM32H533CEU6, STM32H533HEY6TR, STM32H533RET6, STM32H533VEI6, STM32H533VET6, STM32H533ZEJ6, STM32H533ZET6, STM32H562AGI6, STM32H562AII6, STM32H562IGK6, STM32H562IGT6, STM32H562IIK6, STM32H562IIT6, STM32H562RGT6, STM32H562RGV6, STM32H562RIT6, STM32H562RIV6, STM32H562VGT6, STM32H562VIT6, STM32H562ZGT6, STM32H562ZIT6, STM32H563AGI6, STM32H563AII3Q, STM32H563AII6, STM32H563IGK6, STM32H563IGT6, STM32H563IIK3Q, STM32H563IIK6, STM32H563IIT3Q, STM32H563IIT6, STM32H563MIY3QTR, STM32H563RGT6, STM32H563RGV6, STM32H563RIT6, STM32H563RIV6, STM32H563VGT6, STM32H563VIT3Q, STM32H563VIT6, STM32H563ZGT6, STM32H563ZIT3Q, STM32H563ZIT6, STM32H573AII3Q, STM32H573AII6, STM32H573I-DK, STM32H573IIK3Q, STM32H573IIK6, STM32H573IIT3Q, STM32H573IIT6, STM32H573MIY3QTR, STM32H573RIT6, STM32H573RIV6, STM32H573VIT3Q, STM32H573VIT6, STM32H573ZIT3Q, STM32H573ZIT6, STM32H7R3A8I6, STM32H7R3I8K6, STM32H7R3I8T6, STM32H7R3L8H6, STM32H7R3L8H6H, STM32H7R3R8V6, STM32H7R3V8H6, STM32H7R3V8T6, STM32H7R3V8Y6TR, STM32H7R3Z8J6, STM32H7R3Z8T6, STM32H7R7A8I6, STM32H7R7I8K6, STM32H7R7I8T6, STM32H7R7L8H6, STM32H7R7L8H6H, STM32H7R7Z8J6, STM32H7S3A8I6, STM32H7S3I8K6, STM32H7S3I8T6, STM32H7S3L8H6, STM32H7S3L8H6H, STM32H7S3R8V6, STM32H7S3V8H6, STM32H7S3V8T6, STM32H7S3V8Y6TR, STM32H7S3Z8J6, STM32H7S3Z8T6, STM32H7S78-DK, STM32H7S7A8I6, STM32H7S7I8K6, STM32H7S7I8T6, STM32H7S7L8H6, STM32H7S7L8H6H, STM32H7S7Z8J6, STM32L4R5QGI6STR, STM32MP131AAE3, STM32MP131AAF3, STM32MP131AAG3, STM32MP131CAE3, STM32MP131CAF3, STM32MP131CAG3, STM32MP131DAE7, STM32MP131DAF7, STM32MP131DAG7, STM32MP131FAE7, STM32MP131FAF7, STM32MP131FAG7, STM32MP133AAE3, STM32MP133AAF3, STM32MP133AAG3, STM32MP133CAE3, STM32MP133CAF3, STM32MP133CAG3, STM32MP133DAE7, STM32MP133DAF7, STM32MP133DAG7, STM32MP133FAE7, STM32MP133FAF7, STM32MP133FAG7, STM32MP135AAE3, STM32MP135AAF3, STM32MP135AAG3, STM32MP135CAE3, STM32MP135CAF3, STM32MP135CAG3, STM32MP135DAE7, STM32MP135DAF7, STM32MP135DAG7, STM32MP135F-DK, STM32MP135FAE7, STM32MP135FAF7, STM32MP135FAF7T, STM32MP135FAF7U, STM32MP135FAG7, STM32MP211AAL3, STM32MP211AAM3, STM32MP211AAN3, STM32MP211AAO3, STM32MP211CAL3, STM32MP211CAM3, STM32MP211CAN3, STM32MP211CAO3, STM32MP211DAL3, STM32MP211DAM3, STM32MP211DAN3, STM32MP211DAO3, STM32MP211FAL3, STM32MP211FAM3, STM32MP211FAN3, STM32MP211FAO3, STM32MP213AAL3, STM32MP213AAM3, STM32MP213AAN3, STM32MP213AAO3, STM32MP213CAL3, STM32MP213CAM3, STM32MP213CAN3, STM32MP213CAO3, STM32MP213DAL3, STM32MP213DAM3, STM32MP213DAN3, STM32MP213DAO3, STM32MP213FAL3, STM32MP213FAM3, STM32MP213FAN3, STM32MP213FAO3, STM32MP215AAL3, STM32MP215AAM3, STM32MP215AAN3, STM32MP215AAO3, STM32MP215CAL3, STM32MP215CAM3, STM32MP215CAN3, STM32MP215CAO3, STM32MP215DAL3, STM32MP215DAM3, STM32MP215DAN3, STM32MP215DAO3, STM32MP215F-DK, STM32MP215FAL3, STM32MP215FAM3, STM32MP215FAN3, STM32MP215FAO3, STM32MP231AAJ3, STM32MP231AAK3, STM32MP231AAL3, STM32MP231CAJ3, STM32MP231CAK3, STM32MP231CAL3, STM32MP231DAJ3, STM32MP231DAK3, STM32MP231DAL3, STM32MP231FAJ3, STM32MP231FAK3, STM32MP231FAL3, STM32MP233AAJ3, STM32MP233AAK3, STM32MP233AAL3, STM32MP233CAJ3, STM32MP233CAK3, STM32MP233CAL3, STM32MP233DAJ3, STM32MP233DAK3, STM32MP233DAL3, STM32MP233FAJ3, STM32MP233FAK3, STM32MP233FAL3, STM32MP235AAJ3, STM32MP235AAK3, STM32MP235AAL3, STM32MP235CAJ3, STM32MP235CAK3, STM32MP235CAL3, STM32MP235DAJ3, STM32MP235DAK3, STM32MP235DAL3, STM32MP235FAJ3, STM32MP235FAK3, STM32MP235FAL3, STM32MP251AAI3, STM32MP251AAK3, STM32MP251AAL3, STM32MP251CAI3, STM32MP251CAK3, STM32MP251CAL3, STM32MP251DAI3, STM32MP251DAK3, STM32MP251DAL3, STM32MP251FAI3, STM32MP251FAK3, STM32MP251FAL3, STM32MP253AAI3, STM32MP253AAK3, STM32MP253AAL3, STM32MP253CAI3, STM32MP253CAK3, STM32MP253CAL3, STM32MP253DAI3, STM32MP253DAK3, STM32MP253DAL3, STM32MP253FAI3, STM32MP253FAK3, STM32MP253FAL3, STM32MP255AAI3, STM32MP255AAK3, STM32MP255AAL3, STM32MP255CAI3, STM32MP255CAK3, STM32MP255CAL3, STM32MP255DAI3, STM32MP255DAK3, STM32MP255DAL3, STM32MP255FAI3, STM32MP255FAK3, STM32MP255FAL3, STM32MP257AAI3, STM32MP257AAK3, STM32MP257AAL3, STM32MP257CAI3, STM32MP257CAK3, STM32MP257CAL3, STM32MP257DAI3, STM32MP257DAK3, STM32MP257DAL3, STM32MP257F-DK, STM32MP257F-EV1, STM32MP257FAI3, STM32MP257FAK3, STM32MP257FAL3, STM32N645A0H3Q, STM32N645B0H3Q, STM32N645I0H3Q, STM32N645L0H3Q, STM32N645X0H3Q, STM32N645Z0H3Q, STM32N647A0H3Q, STM32N647B0H3Q, STM32N647I0H3Q, STM32N647L0H3Q, STM32N647X0H3Q, STM32N647Z0H3Q, STM32N655A0H3Q, STM32N655B0H3Q, STM32N655I0H3Q, STM32N655L0H3Q, STM32N655X0H3Q, STM32N655Z0H3Q, STM32N6570-DK, STM32N657A0H3Q, STM32N657B0H3Q, STM32N657I0H3Q, STM32N657L0H3Q, STM32N657X0H3Q, STM32N657Z0H3Q, STM32U031C6T6, STM32U031C6U6, STM32U031C8T6, STM32U031C8U6, STM32U031F4P6, STM32U031F6P6, STM32U031F8P6, STM32U031G6Y6TR, STM32U031G8Y6TR, STM32U031K4U6, STM32U031K6U6, STM32U031K8U6, STM32U031R6I6, STM32U031R6T6, STM32U031R8I6, STM32U031R8T6, STM32U073C8T6, STM32U073C8U6, STM32U073CBT6, STM32U073CBU6, STM32U073CCT6, STM32U073CCU6, STM32U073H8Y6TR, STM32U073HBY6TR, STM32U073HCY6TR, STM32U073K8U6, STM32U073KBU6, STM32U073KCU6, STM32U073M8I6, STM32U073M8T6, STM32U073MBI6, STM32U073MBT6, STM32U073MCI6, STM32U073MCT6, STM32U073R8I6, STM32U073R8T6, STM32U073RBI6, STM32U073RBT6, STM32U073RCI6, STM32U073RCT6, STM32U083C-DK, STM32U083CCT6, STM32U083CCU6, STM32U083HCY6TR, STM32U083KCU6, STM32U083MCI6, STM32U083MCT6, STM32U083RCI6, STM32U083RCT6, STM32U375CET6, STM32U375CET6Q, STM32U375CEU6, STM32U375CEU6Q, STM32U375CEY6QTR, STM32U375CGT6, STM32U375CGT6Q, STM32U375CGU6, STM32U375CGU6Q, STM32U375CGY6QTR, STM32U375KEU6, STM32U375KGU6, STM32U375REI6, STM32U375REI6Q, STM32U375RET6, STM32U375RET6Q, STM32U375REY6GTR, STM32U375REY6QTR, STM32U375RGI6, STM32U375RGI6Q, STM32U375RGT6, STM32U375RGT6Q, STM32U375RGY6GTR, STM32U375RGY6QTR, STM32U375VEI6, STM32U375VEI6Q, STM32U375VET6, STM32U375VET6Q, STM32U375VGI6, STM32U375VGI6Q, STM32U375VGT6, STM32U375VGT6Q, STM32U385CGT6, STM32U385CGT6Q, STM32U385CGU6, STM32U385CGU6Q, STM32U385CGY6QTR, STM32U385KGU6, STM32U385RGI6, STM32U385RGI6Q, STM32U385RGT6, STM32U385RGT6Q, STM32U385RGY6GTR, STM32U385RGY6QTR, STM32U385VGI6, STM32U385VGI6Q, STM32U385VGT6, STM32U385VGT6Q, STM32U535CBT6, STM32U535CBT6Q, STM32U535CBU6, STM32U535CBU6Q, STM32U535CCT6, STM32U535CCT6Q, STM32U535CCU6, STM32U535CCU6Q, STM32U535CET6, STM32U535CET6Q, STM32U535CEU6, STM32U535CEU6Q, STM32U535JEY6QTR, STM32U535NCY6QTR, STM32U535NEY6QTR, STM32U535RBI6, STM32U535RBI6Q, STM32U535RBT6, STM32U535RBT6Q, STM32U535RCI6, STM32U535RCI6Q, STM32U535RCT6, STM32U535RCT6Q, STM32U535REI6, STM32U535REI6Q, STM32U535RET6, STM32U535RET6Q, STM32U535VCI6, STM32U535VCI6Q, STM32U535VCT6, STM32U535VCT6Q, STM32U535VEI6, STM32U535VEI6Q, STM32U535VET6, STM32U535VET6Q, STM32U545CET6, STM32U545CET6Q, STM32U545CEU6, STM32U545CEU6Q, STM32U545JEY6QTR, STM32U545NEY6QTR, STM32U545REI6, STM32U545REI6Q, STM32U545RET6, STM32U545RET6Q, STM32U545VEI6, STM32U545VEI6Q, STM32U545VET6, STM32U545VET6Q, STM32U595AIH6, STM32U595AIH6Q, STM32U595AJH6, STM32U595AJH6Q, STM32U595QII6, STM32U595QII6Q, STM32U595QJI6, STM32U595QJI6Q, STM32U595RIT6, STM32U595RIT6Q, STM32U595RJT6, STM32U595RJT6Q, STM32U595VIT6, STM32U595VIT6Q, STM32U595VJT6, STM32U595VJT6Q, STM32U595ZIT6, STM32U595ZIT6Q, STM32U595ZIY6QTR, STM32U595ZJT6, STM32U595ZJT6Q, STM32U595ZJY6QTR, STM32U599BJY6QTR, STM32U599NIH6Q, STM32U599NJH6Q, STM32U599VIT6Q, STM32U599VJT6, STM32U599VJT6Q, STM32U599ZIT6Q, STM32U599ZIY6QTR, STM32U599ZJT6Q, STM32U599ZJY6QTR, STM32U5A5AJH6, STM32U5A5AJH6Q, STM32U5A5QII3Q , STM32U5A5QJI6, STM32U5A5QJI6Q, STM32U5A5RJT6, STM32U5A5RJT6Q, STM32U5A5VJT6, STM32U5A5VJT6Q, STM32U5A5ZJT6, STM32U5A5ZJT6Q, STM32U5A5ZJY6QTR, STM32U5A9BJY6QTR, STM32U5A9J-DK, STM32U5A9NJH6Q, STM32U5A9VJT6Q, STM32U5A9ZJT6Q, STM32U5A9ZJY6QTR, STM32U5F7VIT6, STM32U5F7VIT6Q, STM32U5F7VJT6, STM32U5F7VJT6Q, STM32U5F9BJY6QTR, STM32U5F9NJH6Q, STM32U5F9VIT6Q, STM32U5F9VJT6Q, STM32U5F9ZIJ6QTR, STM32U5F9ZIT6Q, STM32U5F9ZJJ6QTR, STM32U5F9ZJT6Q, STM32U5G7VJT6, STM32U5G7VJT6Q, STM32U5G9BJY6QTR, STM32U5G9J-DK1, STM32U5G9J-DK2, STM32U5G9NJH6Q, STM32U5G9VJT6Q, STM32U5G9ZJJ6QTR, STM32U5G9ZJT6Q, STM32WB05KZV6TR, STM32WB05KZV7TR, STM32WB05TZF6TR, STM32WB05TZF7TR, STM32WB06CCF6TR, STM32WB06CCF7TR, STM32WB06CCV6TR, STM32WB06CCV7TR, STM32WB06KCV6TR, STM32WB06KCV7TR, STM32WB07CCF6TR, STM32WB07CCF7TR, STM32WB07CCV6TR, STM32WB07CCV7TR, STM32WB07KCV6TR, STM32WB07KCV7TR, STM32WB09KEV6TR, STM32WB09KEV7TR, STM32WB09TEF6TR, STM32WB09TEF7TR, STM32WB1MMCH6, STM32WBA50KGU6, STM32WBA50KGU6TR, STM32WBA52CEU6, STM32WBA52CEU6TR, STM32WBA52CEU7, STM32WBA52CEU7TR, STM32WBA52CGU6, STM32WBA52CGU6TR, STM32WBA52CGU6U, STM32WBA52CGU7, STM32WBA52CGU7TR, STM32WBA52KEU6, STM32WBA52KEU6TR, STM32WBA52KGU6, STM32WBA52KGU6TR, STM32WBA54CEU6, STM32WBA54CEU6TR, STM32WBA54CEU7, STM32WBA54CEU7TR, STM32WBA54CGU6, STM32WBA54CGU6TR, STM32WBA54CGU7, STM32WBA54CGU7TR, STM32WBA54KEU6, STM32WBA54KEU6TR, STM32WBA54KEU7, STM32WBA54KEU7TR, STM32WBA54KGU6, STM32WBA54KGU6TR, STM32WBA54KGU7, STM32WBA54KGU7TR, STM32WBA55CEU6, STM32WBA55CEU6TR, STM32WBA55CEU7, STM32WBA55CEU7TR, STM32WBA55CGU6, STM32WBA55CGU6TR, STM32WBA55CGU6U, STM32WBA55CGU7, STM32WBA55CGU7TR, STM32WBA55G-DK1, STM32WBA55HEF6, STM32WBA55HEF7, STM32WBA55HGF6, STM32WBA55HGF7, STM32WBA55UEI6, STM32WBA55UEI6TR, STM32WBA55UEI7, STM32WBA55UEI7TR, STM32WBA55UGI6, STM32WBA55UGI6TR, STM32WBA55UGI7, STM32WBA55UGI7TR, STM32WBA5MMGH6TR, STM32WBA62MGF6, STM32WBA62MIF6, STM32WBA65MGF7, STM32WBA65MIF6, STM32WBA65MIF7, STM32WL30K8V6, STM32WL30KBV6, STM32WL31C8V6, STM32WL31CBV6, STM32WL31K8V6, STM32WL31KBV6, STM32WL33C8V6, STM32WL33C8V6X, STM32WL33CBV6, STM32WL33CBV6X, STM32WL33CCV6, STM32WL33CCV6A, STM32WL33CCV6X, STM32WL33K8V7, STM32WL33K8V7X, STM32WL33KBV7 , STM32WL33KBV7X, STM32WL33KCV7, STM32WL33KCV7X, STM32WL5MOCH6, STM32WL5MOCH6TR]
2025-12-29 19:23:42,526 [INFO] DbMcus:218 - Found 4876 MCUs, 4876 are supported
2025-12-29 19:23:42,528 [INFO] ApiDb:423 - Load user favorites file C:\Users\aditi/.stm32cubeide/favorites.mcus.txt: 0 item(s)
2025-12-29 19:23:42,529 [INFO] ApiDb:427 - User favorites MCUs=[]
2025-12-29 19:23:42,529 [INFO] DbMcus:224 - Set 0 / 0 favorites MCUs
2025-12-29 19:23:42,899 [INFO] ApiDb:668 - CubeFinder database Data Model version=2.1
2025-12-29 19:23:42,899 [INFO] ApiDb:669 - CubeFinder database Configuration version=3.0.39
2025-12-29 19:23:42,899 [INFO] ApiDb:670 - CubeFinder database generation date=2025-11-05 (1762334721)
2025-12-29 19:23:42,899 [INFO] ApiDb:671 - CubeFinder database FW Pack versions=[FP-ATR-ASTRA1_V2.0.0, FP-SNS-FLIGHT1_V5.1.0, FP-SNS-MOTENV1_V5.1.0, FP-SNS-MOTENVWB1_V1.4.0, FP-SNS-SMARTAG2_V1.2.0, FP-SNS-STBOX1_V2.1.0, STM32Cube_FW_C0_V1.4.0, STM32Cube_FW_F4_V1.28.3, STM32Cube_FW_F7_V1.17.4, STM32Cube_FW_G0_V1.6.2, STM32Cube_FW_G4_V1.6.1, STM32Cube_FW_H5_V1.5.1, STM32Cube_FW_H7RS_V1.3.0, STM32Cube_FW_H7_V1.12.1, STM32Cube_FW_L0_V1.12.2, STM32Cube_FW_L4_V1.18.1, STM32Cube_FW_L5_V1.6.0, STM32Cube_FW_N6_V1.3.0, STM32Cube_FW_U0_V1.3.0, STM32Cube_FW_U3_V1.2.1, STM32Cube_FW_U5_V1.8.0, STM32Cube_FW_WB0_V1.4.0, STM32Cube_FW_WBA_V1.8.0, STM32Cube_FW_WB_V1.24.0, STM32Cube_FW_WL3_V1.3.0, STM32Cube_FW_WL_V1.4.0, X-CUBE-ALGOBUILD_V1.4.0, X-CUBE-ALS_V1.0.2, X-CUBE-AZRTOS-F4_V1.1.0, X-CUBE-AZRTOS-F7_V1.1.0, X-CUBE-AZRTOS-G0_V1.1.0, X-CUBE-AZRTOS-G4_V2.0.0, X-CUBE-AZRTOS-H7RS_V1.1.0, X-CUBE-AZRTOS-H7_V3.4.0, X-CUBE-AZRTOS-L4_V2.0.0, X-CUBE-AZRTOS-L5_V2.0.0, X-CUBE-AZRTOS-WB_V2.0.0, X-CUBE-AZRTOS-WL_V2.0.0, X-CUBE-BLE1_V7.1.0, X-CUBE-BLE2_V3.3.0, X-CUBE-BLEMGR_V4.1.0, X-CUBE-EEPRMA1_V5.2.0, X-CUBE-FREERTOS_V1.3.1, X-CUBE-GNSS1_V6.0.0, X-CUBE-MEMS1_V11.3.0, X-CUBE-NFC4_V3.0.0, X-CUBE-NFC7_V2.0.0, X-CUBE-SFXS2LP1_V4.0.0, X-CUBE-ST67W61_V1.1.0, X-CUBE-SUBG2_V5.0.0, X-CUBE-TOF1_V3.4.3]
2025-12-29 19:23:42,954 [INFO] DbBoardsSqlite:226 - include board P-NUCLEO-WB55-NUCLEO as a kit item of type 'Nucleo-64'
2025-12-29 19:23:42,955 [INFO] DbBoardsSqlite:226 - include board P-NUCLEO-WB55-USBDONGLE as a kit item of type 'Nucleo USB Dongle'
2025-12-29 19:23:42,955 [INFO] DbBoardsSqlite:226 - include board STEVAL-IDP005V1 as a kit item of type 'Evaluation Board'
2025-12-29 19:23:42,955 [INFO] DbBoardsSqlite:226 - include board STEVAL-IDP005V2 as a kit item of type 'Evaluation Board'
2025-12-29 19:23:43,022 [INFO] ApiDb:240 - Found 880 in-development CPN: [B-G473E-ZEST1S, B-WB1M-WPAN1, B-WBA5M-WPAN, B-WL5M-SUBG1, NUCLEO-C031C6, NUCLEO-C051C8, NUCLEO-C071RB, NUCLEO-C092RC, NUCLEO-H503RB, NUCLEO-H533RE, NUCLEO-H563ZI, NUCLEO-H7S3L8, NUCLEO-N657X0-Q, NUCLEO-U031R8, NUCLEO-U083RC, NUCLEO-U385RG-Q, NUCLEO-U545RE-Q, NUCLEO-U5A5ZJ-Q, NUCLEO-WB05KZ, NUCLEO-WB07CC, NUCLEO-WB09KE, NUCLEO-WBA52CG, NUCLEO-WBA55CG, NUCLEO-WL33CC1, NUCLEO-WL33CC2, STEVAL-PROTEUS1, STEVAL-SMARTAG2, STEVAL-STWINBX1, STM320518-EVAL, STM32C0116-DK, STM32C011D6Y3TR, STM32C011D6Y6TR, STM32C011F4P3, STM32C011F4P6, STM32C011F4U3, STM32C011F4U6TR, STM32C011F6P3, STM32C011F6P6, STM32C011F6U3, STM32C011F6U6TR, STM32C011J4M3, STM32C011J4M6, STM32C011J6M3, STM32C011J6M6, STM32C0316-DK, STM32C031C4T3, STM32C031C4T6, STM32C031C4U3, STM32C031C4U6, STM32C031C6T3, STM32C031C6T6, STM32C031C6U3, STM32C031C6U6, STM32C031F4P3, STM32C031F4P6, STM32C031F6P3, STM32C031F6P6, STM32C031G4U3, STM32C031G4U6, STM32C031G6U3, STM32C031G6U6, STM32C031K4T3, STM32C031K4T6, STM32C031K4U3, STM32C031K4U6, STM32C031K6T3, STM32C031K6T6, STM32C031K6U3, STM32C031K6U6, STM32C051C6T6, STM32C051C6U6, STM32C051C8T6, STM32C051C8U6, STM32C051D8Y6TR, STM32C051F6P6, STM32C051F8P6, STM32C051G6U6, STM32C051G8U6, STM32C051K6T6, STM32C051K6U6, STM32C051K8T6, STM32C071C8T6, STM32C071C8T6N, STM32C071C8U6, STM32C071C8U6N, STM32C071CBT6, STM32C071CBT6N, STM32C071CBU6, STM32C071CBU6N, STM32C071F8P6, STM32C071F8P6N, STM32C071FBP6, STM32C071FBP6N, STM32C071FBY6TR, STM32C071G8U6, STM32C071G8U6N, STM32C071GBU6, STM32C071GBU6N, STM32C071K8T6, STM32C071K8T6N, STM32C071K8U6, STM32C071K8U6N, STM32C071KBT6, STM32C071KBT6N, STM32C071KBU6, STM32C071KBU6N, STM32C071R8T6, STM32C071R8T6N, STM32C071RBI6N, STM32C071RBT6, STM32C071RBT6N, STM32C091CBT6, STM32C091CBU6, STM32C091CCT6, STM32C091CCU6, STM32C091ECY6TR, STM32C091FBP6, STM32C091FCP6, STM32C091GBU6, STM32C091GCU6, STM32C091KBT6, STM32C091KBU6, STM32C091KCT6, STM32C091KCU6, STM32C091RBT6, STM32C091RCI6, STM32C091RCT6, STM32C092CBT6, STM32C092CBU6, STM32C092CCT6, STM32C092CCU6, STM32C092ECY6TR, STM32C092FBP6, STM32C092FCP6, STM32C092GBU6, STM32C092GCU6, STM32C092KBT6, STM32C092KBU6, STM32C092KCT6, STM32C092KCU6, STM32C092RBT6, STM32C092RCI6, STM32C092RCT6, STM32G071K8TXN, STM32G071K8UXN, STM32G081GBU6N, STM32G081KBT6N, STM32G081KBUXN, STM32G0B1CCT6N, STM32G0B1KCT6, STM32G0B1NEY6TR, STM32G0B1RCT6N, STM32G0C1CCT6, STM32G0C1CCT6N, STM32G0C1CCU6N, STM32G0C1CET6N, STM32G0C1CEU6N, STM32G0C1KCT6, STM32G0C1NEY6TR, STM32G0C1RCI6N, STM32G0C1RCT6N, STM32G0C1REI6N, STM32G0C1RET6N, STM32G0C1VCI6, STM32G0C1VEI6, STM32G411C6T3, STM32G411C6T6, STM32G411C6U3, STM32G411C6U6, STM32G411C8T3, STM32G411C8T6, STM32G411C8U3, STM32G411C8U6, STM32G411CBT3, STM32G411CBT6, STM32G411CBU3, STM32G411CBU6, STM32G411K6T3, STM32G411K6T6, STM32G411K6U3, STM32G411K6U6, STM32G411K8T3, STM32G411K8T6, STM32G411K8U3, STM32G411K8U6, STM32G411KBT3, STM32G411KBT6, STM32G411KBU3, STM32G411KBU6, STM32G411M6T3, STM32G411M6T6, STM32G411M8T3, STM32G411M8T6, STM32G411MBT3, STM32G411MBT6, STM32G411R6T3, STM32G411R6T6, STM32G411R8T3, STM32G411R8T6, STM32G411RBT3, STM32G411RBT6, STM32G414CBT3, STM32G414CBT6, STM32G414CBU3, STM32G414CBU6, STM32G414CCT3, STM32G414CCT6, STM32G414CCU3, STM32G414CCU6, STM32G414MBT3, STM32G414MBT6, STM32G414MCT3, STM32G414MCT6, STM32G414RBT3, STM32G414RBT6, STM32G414RCT3, STM32G414RCT6, STM32G414VBT3, STM32G414VBT6, STM32G414VCT3, STM32G414VCT6, STM32G431CBT3Z, STM32G431RBT3Z, STM32G471CCT6, STM32G471CCU6, STM32G471CET3, STM32G471CET6, STM32G471CEU3, STM32G471CEU6, STM32G471MCT6, STM32G471MET3, STM32G471MET6, STM32G471MEY6TR, STM32G471QCT6, STM32G471QET3, STM32G471RCT6, STM32G471RET3, STM32G471RET6, STM32G471VCH6, STM32G471VCI6, STM32G471VCT6, STM32G471VEH3, STM32G471VEH6, STM32G471VEI3, STM32G471VEI6, STM32G471VET3, STM32G471VET6, STM32G473QET3Z, STM32G473RET3Z, STM32G474CCT6, STM32G491RET3Z, STM32H503CBT6, STM32H503CBU6, STM32H503EBY6TR, STM32H503KBU6, STM32H503RBT6, STM32H523CCT6, STM32H523CCU6, STM32H523CET6, STM32H523CEU6, STM32H523HEY6TR, STM32H523RCT6, STM32H523RET6, STM32H523VCI6, STM32H523VCT6, STM32H523VEI6, STM32H523VET6, STM32H523ZCJ6, STM32H523ZCT6, STM32H523ZEJ6, STM32H523ZET6, STM32H533CET6, STM32H533CEU6, STM32H533HEY6TR, STM32H533RET6, STM32H533VEI6, STM32H533VET6, STM32H533ZEJ6, STM32H533ZET6, STM32H562AGI6, STM32H562AII6, STM32H562IGK6, STM32H562IGT6, STM32H562IIK6, STM32H562IIT6, STM32H562RGT6, STM32H562RGV6, STM32H562RIT6, STM32H562RIV6, STM32H562VGT6, STM32H562VIT6, STM32H562ZGT6, STM32H562ZIT6, STM32H563AGI6, STM32H563AII3Q, STM32H563AII6, STM32H563IGK6, STM32H563IGT6, STM32H563IIK3Q, STM32H563IIK6, STM32H563IIT3Q, STM32H563IIT6, STM32H563MIY3QTR, STM32H563RGT6, STM32H563RGV6, STM32H563RIT6, STM32H563RIV6, STM32H563VGT6, STM32H563VIT3Q, STM32H563VIT6, STM32H563ZGT6, STM32H563ZIT3Q, STM32H563ZIT6, STM32H573AII3Q, STM32H573AII6, STM32H573I-DK, STM32H573IIK3Q, STM32H573IIK6, STM32H573IIT3Q, STM32H573IIT6, STM32H573MIY3QTR, STM32H573RIT6, STM32H573RIV6, STM32H573VIT3Q, STM32H573VIT6, STM32H573ZIT3Q, STM32H573ZIT6, STM32H7R3A8I6, STM32H7R3I8K6, STM32H7R3I8T6, STM32H7R3L8H6, STM32H7R3L8H6H, STM32H7R3R8V6, STM32H7R3V8H6, STM32H7R3V8T6, STM32H7R3V8Y6TR, STM32H7R3Z8J6, STM32H7R3Z8T6, STM32H7R7A8I6, STM32H7R7I8K6, STM32H7R7I8T6, STM32H7R7L8H6, STM32H7R7L8H6H, STM32H7R7Z8J6, STM32H7S3A8I6, STM32H7S3I8K6, STM32H7S3I8T6, STM32H7S3L8H6, STM32H7S3L8H6H, STM32H7S3R8V6, STM32H7S3V8H6, STM32H7S3V8T6, STM32H7S3V8Y6TR, STM32H7S3Z8J6, STM32H7S3Z8T6, STM32H7S78-DK, STM32H7S7A8I6, STM32H7S7I8K6, STM32H7S7I8T6, STM32H7S7L8H6, STM32H7S7L8H6H, STM32H7S7Z8J6, STM32L4R5QGI6STR, STM32MP131AAE3, STM32MP131AAF3, STM32MP131AAG3, STM32MP131CAE3, STM32MP131CAF3, STM32MP131CAG3, STM32MP131DAE7, STM32MP131DAF7, STM32MP131DAG7, STM32MP131FAE7, STM32MP131FAF7, STM32MP131FAG7, STM32MP133AAE3, STM32MP133AAF3, STM32MP133AAG3, STM32MP133CAE3, STM32MP133CAF3, STM32MP133CAG3, STM32MP133DAE7, STM32MP133DAF7, STM32MP133DAG7, STM32MP133FAE7, STM32MP133FAF7, STM32MP133FAG7, STM32MP135AAE3, STM32MP135AAF3, STM32MP135AAG3, STM32MP135CAE3, STM32MP135CAF3, STM32MP135CAG3, STM32MP135DAE7, STM32MP135DAF7, STM32MP135DAG7, STM32MP135F-DK, STM32MP135FAE7, STM32MP135FAF7, STM32MP135FAF7T, STM32MP135FAF7U, STM32MP135FAG7, STM32MP211AAL3, STM32MP211AAM3, STM32MP211AAN3, STM32MP211AAO3, STM32MP211CAL3, STM32MP211CAM3, STM32MP211CAN3, STM32MP211CAO3, STM32MP211DAL3, STM32MP211DAM3, STM32MP211DAN3, STM32MP211DAO3, STM32MP211FAL3, STM32MP211FAM3, STM32MP211FAN3, STM32MP211FAO3, STM32MP213AAL3, STM32MP213AAM3, STM32MP213AAN3, STM32MP213AAO3, STM32MP213CAL3, STM32MP213CAM3, STM32MP213CAN3, STM32MP213CAO3, STM32MP213DAL3, STM32MP213DAM3, STM32MP213DAN3, STM32MP213DAO3, STM32MP213FAL3, STM32MP213FAM3, STM32MP213FAN3, STM32MP213FAO3, STM32MP215AAL3, STM32MP215AAM3, STM32MP215AAN3, STM32MP215AAO3, STM32MP215CAL3, STM32MP215CAM3, STM32MP215CAN3, STM32MP215CAO3, STM32MP215DAL3, STM32MP215DAM3, STM32MP215DAN3, STM32MP215DAO3, STM32MP215F-DK, STM32MP215FAL3, STM32MP215FAM3, STM32MP215FAN3, STM32MP215FAO3, STM32MP231AAJ3, STM32MP231AAK3, STM32MP231AAL3, STM32MP231CAJ3, STM32MP231CAK3, STM32MP231CAL3, STM32MP231DAJ3, STM32MP231DAK3, STM32MP231DAL3, STM32MP231FAJ3, STM32MP231FAK3, STM32MP231FAL3, STM32MP233AAJ3, STM32MP233AAK3, STM32MP233AAL3, STM32MP233CAJ3, STM32MP233CAK3, STM32MP233CAL3, STM32MP233DAJ3, STM32MP233DAK3, STM32MP233DAL3, STM32MP233FAJ3, STM32MP233FAK3, STM32MP233FAL3, STM32MP235AAJ3, STM32MP235AAK3, STM32MP235AAL3, STM32MP235CAJ3, STM32MP235CAK3, STM32MP235CAL3, STM32MP235DAJ3, STM32MP235DAK3, STM32MP235DAL3, STM32MP235FAJ3, STM32MP235FAK3, STM32MP235FAL3, STM32MP251AAI3, STM32MP251AAK3, STM32MP251AAL3, STM32MP251CAI3, STM32MP251CAK3, STM32MP251CAL3, STM32MP251DAI3, STM32MP251DAK3, STM32MP251DAL3, STM32MP251FAI3, STM32MP251FAK3, STM32MP251FAL3, STM32MP253AAI3, STM32MP253AAK3, STM32MP253AAL3, STM32MP253CAI3, STM32MP253CAK3, STM32MP253CAL3, STM32MP253DAI3, STM32MP253DAK3, STM32MP253DAL3, STM32MP253FAI3, STM32MP253FAK3, STM32MP253FAL3, STM32MP255AAI3, STM32MP255AAK3, STM32MP255AAL3, STM32MP255CAI3, STM32MP255CAK3, STM32MP255CAL3, STM32MP255DAI3, STM32MP255DAK3, STM32MP255DAL3, STM32MP255FAI3, STM32MP255FAK3, STM32MP255FAL3, STM32MP257AAI3, STM32MP257AAK3, STM32MP257AAL3, STM32MP257CAI3, STM32MP257CAK3, STM32MP257CAL3, STM32MP257DAI3, STM32MP257DAK3, STM32MP257DAL3, STM32MP257F-DK, STM32MP257F-EV1, STM32MP257FAI3, STM32MP257FAK3, STM32MP257FAL3, STM32N645A0H3Q, STM32N645B0H3Q, STM32N645I0H3Q, STM32N645L0H3Q, STM32N645X0H3Q, STM32N645Z0H3Q, STM32N647A0H3Q, STM32N647B0H3Q, STM32N647I0H3Q, STM32N647L0H3Q, STM32N647X0H3Q, STM32N647Z0H3Q, STM32N655A0H3Q, STM32N655B0H3Q, STM32N655I0H3Q, STM32N655L0H3Q, STM32N655X0H3Q, STM32N655Z0H3Q, STM32N6570-DK, STM32N657A0H3Q, STM32N657B0H3Q, STM32N657I0H3Q, STM32N657L0H3Q, STM32N657X0H3Q, STM32N657Z0H3Q, STM32U031C6T6, STM32U031C6U6, STM32U031C8T6, STM32U031C8U6, STM32U031F4P6, STM32U031F6P6, STM32U031F8P6, STM32U031G6Y6TR, STM32U031G8Y6TR, STM32U031K4U6, STM32U031K6U6, STM32U031K8U6, STM32U031R6I6, STM32U031R6T6, STM32U031R8I6, STM32U031R8T6, STM32U073C8T6, STM32U073C8U6, STM32U073CBT6, STM32U073CBU6, STM32U073CCT6, STM32U073CCU6, STM32U073H8Y6TR, STM32U073HBY6TR, STM32U073HCY6TR, STM32U073K8U6, STM32U073KBU6, STM32U073KCU6, STM32U073M8I6, STM32U073M8T6, STM32U073MBI6, STM32U073MBT6, STM32U073MCI6, STM32U073MCT6, STM32U073R8I6, STM32U073R8T6, STM32U073RBI6, STM32U073RBT6, STM32U073RCI6, STM32U073RCT6, STM32U083C-DK, STM32U083CCT6, STM32U083CCU6, STM32U083HCY6TR, STM32U083KCU6, STM32U083MCI6, STM32U083MCT6, STM32U083RCI6, STM32U083RCT6, STM32U375CET6, STM32U375CET6Q, STM32U375CEU6, STM32U375CEU6Q, STM32U375CEY6QTR, STM32U375CGT6, STM32U375CGT6Q, STM32U375CGU6, STM32U375CGU6Q, STM32U375CGY6QTR, STM32U375KEU6, STM32U375KGU6, STM32U375REI6, STM32U375REI6Q, STM32U375RET6, STM32U375RET6Q, STM32U375REY6GTR, STM32U375REY6QTR, STM32U375RGI6, STM32U375RGI6Q, STM32U375RGT6, STM32U375RGT6Q, STM32U375RGY6GTR, STM32U375RGY6QTR, STM32U375VEI6, STM32U375VEI6Q, STM32U375VET6, STM32U375VET6Q, STM32U375VGI6, STM32U375VGI6Q, STM32U375VGT6, STM32U375VGT6Q, STM32U385CGT6, STM32U385CGT6Q, STM32U385CGU6, STM32U385CGU6Q, STM32U385CGY6QTR, STM32U385KGU6, STM32U385RGI6, STM32U385RGI6Q, STM32U385RGT6, STM32U385RGT6Q, STM32U385RGY6GTR, STM32U385RGY6QTR, STM32U385VGI6, STM32U385VGI6Q, STM32U385VGT6, STM32U385VGT6Q, STM32U535CBT6, STM32U535CBT6Q, STM32U535CBU6, STM32U535CBU6Q, STM32U535CCT6, STM32U535CCT6Q, STM32U535CCU6, STM32U535CCU6Q, STM32U535CET6, STM32U535CET6Q, STM32U535CEU6, STM32U535CEU6Q, STM32U535JEY6QTR, STM32U535NCY6QTR, STM32U535NEY6QTR, STM32U535RBI6, STM32U535RBI6Q, STM32U535RBT6, STM32U535RBT6Q, STM32U535RCI6, STM32U535RCI6Q, STM32U535RCT6, STM32U535RCT6Q, STM32U535REI6, STM32U535REI6Q, STM32U535RET6, STM32U535RET6Q, STM32U535VCI6, STM32U535VCI6Q, STM32U535VCT6, STM32U535VCT6Q, STM32U535VEI6, STM32U535VEI6Q, STM32U535VET6, STM32U535VET6Q, STM32U545CET6, STM32U545CET6Q, STM32U545CEU6, STM32U545CEU6Q, STM32U545JEY6QTR, STM32U545NEY6QTR, STM32U545REI6, STM32U545REI6Q, STM32U545RET6, STM32U545RET6Q, STM32U545VEI6, STM32U545VEI6Q, STM32U545VET6, STM32U545VET6Q, STM32U595AIH6, STM32U595AIH6Q, STM32U595AJH6, STM32U595AJH6Q, STM32U595QII6, STM32U595QII6Q, STM32U595QJI6, STM32U595QJI6Q, STM32U595RIT6, STM32U595RIT6Q, STM32U595RJT6, STM32U595RJT6Q, STM32U595VIT6, STM32U595VIT6Q, STM32U595VJT6, STM32U595VJT6Q, STM32U595ZIT6, STM32U595ZIT6Q, STM32U595ZIY6QTR, STM32U595ZJT6, STM32U595ZJT6Q, STM32U595ZJY6QTR, STM32U599BJY6QTR, STM32U599NIH6Q, STM32U599NJH6Q, STM32U599VIT6Q, STM32U599VJT6, STM32U599VJT6Q, STM32U599ZIT6Q, STM32U599ZIY6QTR, STM32U599ZJT6Q, STM32U599ZJY6QTR, STM32U5A5AJH6, STM32U5A5AJH6Q, STM32U5A5QII3Q , STM32U5A5QJI6, STM32U5A5QJI6Q, STM32U5A5RJT6, STM32U5A5RJT6Q, STM32U5A5VJT6, STM32U5A5VJT6Q, STM32U5A5ZJT6, STM32U5A5ZJT6Q, STM32U5A5ZJY6QTR, STM32U5A9BJY6QTR, STM32U5A9J-DK, STM32U5A9NJH6Q, STM32U5A9VJT6Q, STM32U5A9ZJT6Q, STM32U5A9ZJY6QTR, STM32U5F7VIT6, STM32U5F7VIT6Q, STM32U5F7VJT6, STM32U5F7VJT6Q, STM32U5F9BJY6QTR, STM32U5F9NJH6Q, STM32U5F9VIT6Q, STM32U5F9VJT6Q, STM32U5F9ZIJ6QTR, STM32U5F9ZIT6Q, STM32U5F9ZJJ6QTR, STM32U5F9ZJT6Q, STM32U5G7VJT6, STM32U5G7VJT6Q, STM32U5G9BJY6QTR, STM32U5G9J-DK1, STM32U5G9J-DK2, STM32U5G9NJH6Q, STM32U5G9VJT6Q, STM32U5G9ZJJ6QTR, STM32U5G9ZJT6Q, STM32WB05KZV6TR, STM32WB05KZV7TR, STM32WB05TZF6TR, STM32WB05TZF7TR, STM32WB06CCF6TR, STM32WB06CCF7TR, STM32WB06CCV6TR, STM32WB06CCV7TR, STM32WB06KCV6TR, STM32WB06KCV7TR, STM32WB07CCF6TR, STM32WB07CCF7TR, STM32WB07CCV6TR, STM32WB07CCV7TR, STM32WB07KCV6TR, STM32WB07KCV7TR, STM32WB09KEV6TR, STM32WB09KEV7TR, STM32WB09TEF6TR, STM32WB09TEF7TR, STM32WB1MMCH6, STM32WBA50KGU6, STM32WBA50KGU6TR, STM32WBA52CEU6, STM32WBA52CEU6TR, STM32WBA52CEU7, STM32WBA52CEU7TR, STM32WBA52CGU6, STM32WBA52CGU6TR, STM32WBA52CGU6U, STM32WBA52CGU7, STM32WBA52CGU7TR, STM32WBA52KEU6, STM32WBA52KEU6TR, STM32WBA52KGU6, STM32WBA52KGU6TR, STM32WBA54CEU6, STM32WBA54CEU6TR, STM32WBA54CEU7, STM32WBA54CEU7TR, STM32WBA54CGU6, STM32WBA54CGU6TR, STM32WBA54CGU7, STM32WBA54CGU7TR, STM32WBA54KEU6, STM32WBA54KEU6TR, STM32WBA54KEU7, STM32WBA54KEU7TR, STM32WBA54KGU6, STM32WBA54KGU6TR, STM32WBA54KGU7, STM32WBA54KGU7TR, STM32WBA55CEU6, STM32WBA55CEU6TR, STM32WBA55CEU7, STM32WBA55CEU7TR, STM32WBA55CGU6, STM32WBA55CGU6TR, STM32WBA55CGU6U, STM32WBA55CGU7, STM32WBA55CGU7TR, STM32WBA55G-DK1, STM32WBA55HEF6, STM32WBA55HEF7, STM32WBA55HGF6, STM32WBA55HGF7, STM32WBA55UEI6, STM32WBA55UEI6TR, STM32WBA55UEI7, STM32WBA55UEI7TR, STM32WBA55UGI6, STM32WBA55UGI6TR, STM32WBA55UGI7, STM32WBA55UGI7TR, STM32WBA5MMGH6TR, STM32WBA62MGF6, STM32WBA62MIF6, STM32WBA65MGF7, STM32WBA65MIF6, STM32WBA65MIF7, STM32WL30K8V6, STM32WL30KBV6, STM32WL31C8V6, STM32WL31CBV6, STM32WL31K8V6, STM32WL31KBV6, STM32WL33C8V6, STM32WL33C8V6X, STM32WL33CBV6, STM32WL33CBV6X, STM32WL33CCV6, STM32WL33CCV6A, STM32WL33CCV6X, STM32WL33K8V7, STM32WL33K8V7X, STM32WL33KBV7 , STM32WL33KBV7X, STM32WL33KCV7, STM32WL33KCV7X, STM32WL5MOCH6, STM32WL5MOCH6TR]
2025-12-29 19:23:43,364 [INFO] BoardInfo:889 - No configuration file found for board P-NUCLEO-WB55
2025-12-29 19:23:43,365 [INFO] DbBoards:161 - Kit is not supported: P-NUCLEO-WB55
2025-12-29 19:23:43,370 [INFO] BoardInfo:889 - No configuration file found for board STEVAL-BFA001V1B
2025-12-29 19:23:43,371 [INFO] DbBoards:161 - Kit is not supported: STEVAL-BFA001V1B
2025-12-29 19:23:43,372 [INFO] BoardInfo:889 - No configuration file found for board STEVAL-BFA001V2B
2025-12-29 19:23:43,373 [INFO] DbBoards:161 - Kit is not supported: STEVAL-BFA001V2B
2025-12-29 19:23:43,549 [INFO] DbBoards:168 - Found 212 boards, 209 are supported
2025-12-29 19:23:43,550 [INFO] DbBoards:169 - Found 212 boards, 43 of them is supported for  Bsp
2025-12-29 19:23:43,566 [INFO] ApiDb:423 - Load user favorites file C:\Users\aditi/.stm32cubeide/favorites.boards.txt: 1 item(s)
2025-12-29 19:23:43,567 [INFO] ApiDb:427 - User favorites Boards=[STM32F407G-DISC1]
2025-12-29 19:23:43,567 [INFO] DbBoards:198 - Set 1 / 1 favorites Boards
2025-12-29 19:23:43,567 [INFO] McuFinderGlobals:76 - Set McuFinderConnectedMode to false
2025-12-29 19:23:43,577 [INFO] MultiScanPanel:200 - Auto-refresh data requested => check proxy status ongoing
2025-12-29 19:23:43,577 [INFO] MultiScanPanel:204 - Proxy status is invalid
2025-12-29 19:23:43,581 [INFO] FinderPluginLoader:96 - Searching for filters in installed packs
2025-12-29 19:23:45,201 [INFO] DetailPanel:341 - Set advertising image to C:/Users/aditi/STM32Cube/Repository/\en.prom-st67w-expansion-board.png
2025-12-29 19:23:50,982 [INFO] MultiScanPanel:200 - Auto-refresh data requested => check proxy status ongoing
2025-12-29 19:23:50,982 [INFO] MultiScanPanel:204 - Proxy status is invalid
2025-12-29 19:23:51,237 [INFO] DetailPanel:341 - Set advertising image to C:/Users/aditi/STM32Cube/Repository/\en.prom-st67w-expansion-board.png
2025-12-29 19:23:51,266 [INFO] DbBoards:642 - Loading board mini-images...
2025-12-29 19:23:53,075 [ERROR] DbBoards:659 - Image file not found for board STM32MP215F-DK: C:\Users\aditi\.stmcufinder\plugins\mcufinder//mcu//boards_images/STM32MP215F-DK.jpg
2025-12-29 19:23:53,266 [INFO] DbBoards:665 - Loaded 211 board mini-images
2025-12-29 19:24:10,113 [INFO] MainUpdater:2872 - connection check result : 22
2025-12-29 19:24:10,117 [INFO] MainUpdater:2872 - connection check result : 22
2025-12-29 19:25:39,442 [INFO] MicroXplorer:468 - Change Database Path : 
2025-12-29 19:25:39,442 [INFO] MicroXplorer:498 - Change Database Version : DB.6.0.150
2025-12-29 19:25:39,449 [WARN] ThirdParty:871 - waiting for thirdparty lock release [close project]
2025-12-29 19:25:39,449 [INFO] ThirdParty:873 - entering critical section [close project]
2025-12-29 19:25:39,450 [INFO] ThirdParty:883 - exiting critical section [close project]
2025-12-29 19:25:39,454 [INFO] PinOutPanel:1589 - setPackage(No Configuration,No Configuration)
2025-12-29 19:25:39,458 [INFO] UtilMem:75 - Begin LoadConfig() Used Memory: 453069304 Bytes (720371712)
2025-12-29 19:25:39,477 [INFO] OpenFileManager:355 - Change cursor
2025-12-29 19:25:39,540 [INFO] ProjectFactory:514 - No CPN specified for board STM32F407G-DISC1 => set CPN to STM32F407VGT6
2025-12-29 19:25:39,542 [INFO] Mcu:2029 - Initializing MCU STM32F407V(E-G)Tx STM32F407VGTx STM32F407VGT6
2025-12-29 19:25:41,231 [INFO] Context:786 - Trying to add GPIOservice into a context  which must be forbidden
2025-12-29 19:25:41,841 [INFO] Rule:233 - rule 117617 - U5Cobra4M][GTZC] default value MPCBB3 and MPCBB5 - Not Secured memory - MPCBB1 is applicable
2025-12-29 19:25:41,842 [INFO] Rule:233 - rule 117617 - U5Cobra4M][GTZC] default value MPCBB3 and MPCBB5 - Not Secured memory - MPCBB1 is applicable
2025-12-29 19:25:41,842 [INFO] Rule:233 - rule 117617 - U5Cobra4M][GTZC] default value MPCBB3 and MPCBB5 - Not Secured memory - MPCBB2 is applicable
2025-12-29 19:25:41,842 [INFO] Rule:233 - rule 117617 - U5Cobra4M][GTZC] default value MPCBB3 and MPCBB5 - Not Secured memory - MPCBB2 is applicable
2025-12-29 19:25:41,842 [INFO] Rule:233 - rule 117617 - U5Cobra4M][GTZC] default value MPCBB3 and MPCBB5 - Not Secured memory - MPCBB3 is applicable
2025-12-29 19:25:41,842 [INFO] Rule:233 - rule 117617 - U5Cobra4M][GTZC] default value MPCBB3 and MPCBB5 - Not Secured memory - MPCBB3 is applicable
2025-12-29 19:25:41,842 [INFO] Rule:233 - rule 117617 - U5Cobra4M][GTZC] default value MPCBB3 and MPCBB5 - Not Secured memory - MPCBB4 is applicable
2025-12-29 19:25:41,842 [INFO] Rule:233 - rule 117617 - U5Cobra4M][GTZC] default value MPCBB3 and MPCBB5 - Not Secured memory - MPCBB4 is applicable
2025-12-29 19:25:41,842 [INFO] Rule:233 - rule 117617 - U5Cobra4M][GTZC] default value MPCBB3 and MPCBB5 - Secured memory - MPCBB1 is applicable
2025-12-29 19:25:41,842 [INFO] Rule:233 - rule 117617 - U5Cobra4M][GTZC] default value MPCBB3 and MPCBB5 - Secured memory - MPCBB2 is applicable
2025-12-29 19:25:41,842 [INFO] Rule:233 - rule 117617 - U5Cobra4M][GTZC] default value MPCBB3 and MPCBB5 - Secured memory - MPCBB3 is applicable
2025-12-29 19:25:41,842 [INFO] Rule:233 - rule 117617 - U5Cobra4M][GTZC] default value MPCBB3 and MPCBB5 - Secured memory - MPCBB4 is applicable
2025-12-29 19:25:41,842 [INFO] Rule:233 - rule 117617 - U5Cobra4M][GTZC] default value MPCBB3 and MPCBB5 - Privileged memory - MPCBB1 is applicable
2025-12-29 19:25:41,842 [INFO] Rule:233 - rule 117617 - U5Cobra4M][GTZC] default value MPCBB3 and MPCBB5 - Privileged memory - MPCBB2 is applicable
2025-12-29 19:25:41,842 [INFO] Rule:233 - rule 117617 - U5Cobra4M][GTZC] default value MPCBB3 and MPCBB5 - Privileged memory - MPCBB3 is applicable
2025-12-29 19:25:41,842 [INFO] Rule:233 - rule 117617 - U5Cobra4M][GTZC] default value MPCBB3 and MPCBB5 - Privileged memory - MPCBB4 is applicable
2025-12-29 19:25:41,842 [INFO] Rule:233 - rule 117617 - U5Cobra4M][GTZC] default value MPCBB3 and MPCBB5 - Not Privileged memory - MPCBB1 is applicable
2025-12-29 19:25:41,842 [INFO] Rule:233 - rule 117617 - U5Cobra4M][GTZC] default value MPCBB3 and MPCBB5 - Not Privileged memory - MPCBB2 is applicable
2025-12-29 19:25:41,842 [INFO] Rule:233 - rule 117617 - U5Cobra4M][GTZC] default value MPCBB3 and MPCBB5 - Not Privileged memory - MPCBB3 is applicable
2025-12-29 19:25:41,842 [INFO] Rule:233 - rule 117617 - U5Cobra4M][GTZC] default value MPCBB3 and MPCBB5 - Not Privileged memory - MPCBB4 is applicable
2025-12-29 19:25:41,842 [INFO] Rule:233 - rule 117617 - U5Cobra4M][GTZC] default value MPCBB3 and MPCBB5 - Privileged memory - MPCBB1 is applicable
2025-12-29 19:25:41,842 [INFO] Rule:233 - rule 117617 - U5Cobra4M][GTZC] default value MPCBB3 and MPCBB5 - Privileged memory - MPCBB2 is applicable
2025-12-29 19:25:41,842 [INFO] Rule:233 - rule 117617 - U5Cobra4M][GTZC] default value MPCBB3 and MPCBB5 - Privileged memory - MPCBB3 is applicable
2025-12-29 19:25:41,842 [INFO] Rule:233 - rule 117617 - U5Cobra4M][GTZC] default value MPCBB3 and MPCBB5 - Privileged memory - MPCBB4 is applicable
2025-12-29 19:25:41,842 [INFO] Rule:233 - rule 117617 - U5Cobra4M][GTZC] default value MPCBB3 and MPCBB5 - Privileged memory - MPCBB1 is applicable
2025-12-29 19:25:41,842 [INFO] Rule:233 - rule 117617 - U5Cobra4M][GTZC] default value MPCBB3 and MPCBB5 - Privileged memory - MPCBB2 is applicable
2025-12-29 19:25:41,843 [INFO] Rule:233 - rule 117617 - U5Cobra4M][GTZC] default value MPCBB3 and MPCBB5 - Privileged memory - MPCBB3 is applicable
2025-12-29 19:25:41,843 [INFO] Rule:233 - rule 117617 - U5Cobra4M][GTZC] default value MPCBB3 and MPCBB5 - Privileged memory - MPCBB4 is applicable
2025-12-29 19:25:41,843 [INFO] Rule:233 - rule 117617 - U5Cobra4M][GTZC] default value MPCBB3 and MPCBB5 - Not Privileged memory - MPCBB1 is applicable
2025-12-29 19:25:41,843 [INFO] Rule:233 - rule 117617 - U5Cobra4M][GTZC] default value MPCBB3 and MPCBB5 - Not Privileged memory - MPCBB2 is applicable
2025-12-29 19:25:41,843 [INFO] Rule:233 - rule 117617 - U5Cobra4M][GTZC] default value MPCBB3 and MPCBB5 - Not Privileged memory - MPCBB3 is applicable
2025-12-29 19:25:41,843 [INFO] Rule:233 - rule 117617 - U5Cobra4M][GTZC] default value MPCBB3 and MPCBB5 - Not Privileged memory - MPCBB4 is applicable
2025-12-29 19:25:41,843 [INFO] Rule:233 - rule 117617 - U5Cobra4M][GTZC] default value MPCBB3 and MPCBB5 - Privileged memory - MPCBB1 is applicable
2025-12-29 19:25:41,843 [INFO] Rule:233 - rule 117617 - U5Cobra4M][GTZC] default value MPCBB3 and MPCBB5 - Privileged memory - MPCBB2 is applicable
2025-12-29 19:25:41,843 [INFO] Rule:233 - rule 117617 - U5Cobra4M][GTZC] default value MPCBB3 and MPCBB5 - Privileged memory - MPCBB3 is applicable
2025-12-29 19:25:41,843 [INFO] Rule:233 - rule 117617 - U5Cobra4M][GTZC] default value MPCBB3 and MPCBB5 - Privileged memory - MPCBB4 is applicable
2025-12-29 19:25:41,843 [INFO] Rule:233 - rule Rename SubGHz_Phy SUBGHZ_APPLICATION SUBGHZ_PINGPONG to SUBGHZ_ADV_APPLICATION is applicable
2025-12-29 19:25:41,843 [INFO] Rule:233 - rule Rename Enabled to IBEACON is applicable
2025-12-29 19:25:41,843 [INFO] Rule:233 - rule GTZC_S instance for project manager is applicable
2025-12-29 19:25:41,843 [INFO] Rule:233 - rule GTZC_S instance for context M33S is applicable
2025-12-29 19:25:41,843 [INFO] Rule:233 - rule GTZC_S instance value for IP GTZC is applicable
2025-12-29 19:25:41,843 [INFO] Rule:233 - rule GTZC_S instance for mcu.IP is applicable
2025-12-29 19:25:41,843 [INFO] Rule:233 - rule GTZC_S instance for VP is applicable
2025-12-29 19:25:41,843 [INFO] Rule:233 - rule GTZC_S instance for signal is applicable
2025-12-29 19:25:41,843 [INFO] Rule:233 - rule GTZC_S instance for mcu.Pin is applicable
2025-12-29 19:25:41,843 [INFO] Rule:233 - rule GTZC_S instance for VP is applicable
2025-12-29 19:25:41,843 [INFO] Rule:233 - rule GTZC_S instance for signal is applicable
2025-12-29 19:25:41,843 [INFO] Rule:233 - rule GTZC_S instance for mcu is applicable
2025-12-29 19:25:41,843 [INFO] Rule:233 - rule GTZC_S instance for mcu.Pin is applicable
2025-12-29 19:25:41,843 [INFO] Rule:233 - rule GTZC_S instance value for IP GTZC is applicable
2025-12-29 19:25:41,843 [INFO] Rule:233 - rule GTZC_S instance for project manager is applicable
2025-12-29 19:25:41,843 [INFO] Rule:233 - rule GTZC_S instance for context M33S is applicable
2025-12-29 19:25:41,843 [INFO] Rule:233 - rule GTZC_S instance for VP is applicable
2025-12-29 19:25:41,843 [INFO] Rule:233 - rule GTZC_S instance for signal is applicable
2025-12-29 19:25:41,843 [INFO] Rule:233 - rule SPDIFRX instance for mcu is applicable
2025-12-29 19:25:41,843 [INFO] Rule:233 - rule Rename Tracer Mode is applicable
2025-12-29 19:25:41,843 [INFO] Rule:233 - rule SPDIFRX instance value for IP SPDIFRX is applicable
2025-12-29 19:25:41,843 [INFO] Rule:233 - rule SPDIFRX instance for signal is applicable
2025-12-29 19:25:41,843 [INFO] Rule:233 - rule SPDIFRX instance for project manager is applicable
2025-12-29 19:25:41,843 [INFO] Rule:233 - rule SPDIFRX instance for project manager is applicable
2025-12-29 19:25:41,843 [INFO] Rule:233 - rule ADC Scan  fix with FW F7 is applicable
2025-12-29 19:25:41,843 [INFO] Rule:233 - rule ADC Scan  fix with FW F7 is applicable
2025-12-29 19:25:41,843 [INFO] Rule:233 - rule WakeUp0 Mode is applicable
2025-12-29 19:25:41,843 [INFO] Rule:233 - rule WakeUp0 SIGNAL is applicable
2025-12-29 19:25:41,843 [INFO] Rule:233 - rule WakeUp1 Mode is applicable
2025-12-29 19:25:41,843 [INFO] Rule:233 - rule WakeUp1 SIGNAL is applicable
2025-12-29 19:25:41,844 [INFO] Rule:233 - rule WakeUp2 Mode is applicable
2025-12-29 19:25:41,844 [INFO] Rule:233 - rule WakeUp2 SIGNAL is applicable
2025-12-29 19:25:41,844 [INFO] Rule:233 - rule WakeUp4 Mode is applicable
2025-12-29 19:25:41,844 [INFO] Rule:233 - rule WakeUp4 SIGNAL is applicable
2025-12-29 19:25:41,844 [INFO] Rule:233 - rule WakeUp5 Mode is applicable
2025-12-29 19:25:41,844 [INFO] Rule:233 - rule WakeUp5 SIGNAL is applicable
2025-12-29 19:25:41,845 [INFO] Rule:233 - rule UART/USART WORD LENGTH 7 is applicable
2025-12-29 19:25:41,846 [INFO] Rule:233 - rule UART/USART WORD LENGTH 8 is applicable
2025-12-29 19:25:41,850 [INFO] Rule:233 - rule UART/USART WORD LENGTH 9 is applicable
2025-12-29 19:25:41,851 [INFO] Rule:233 - rule Change Default Value for LSE Drive Capability for WB family is applicable
2025-12-29 19:25:41,851 [INFO] Rule:233 - rule Change Default Value for ADC Clock Prescaler G0 family is applicable
2025-12-29 19:25:41,851 [INFO] Rule:233 - rule ADC SamplingTime fix with FW L0  is applicable
2025-12-29 19:25:41,851 [INFO] Rule:233 - rule ADC SamplingTime fix with FW L0  is applicable
2025-12-29 19:25:41,851 [INFO] Rule:233 - rule ADC SamplingTime fix with FW L0 is applicable
2025-12-29 19:25:41,851 [INFO] Rule:233 - rule ADC SamplingTime fix with FW L0 is applicable
2025-12-29 19:25:41,851 [INFO] Rule:233 - rule ADC SamplingTime fix with FW L0  is applicable
2025-12-29 19:25:41,851 [INFO] Rule:233 - rule ADC SamplingTime fix with FW L0 is applicable
2025-12-29 19:25:41,851 [INFO] Rule:233 - rule Rename USB_OE Signal is applicable
2025-12-29 19:25:41,851 [INFO] Rule:233 - rule Rename Activate_OE Mode is applicable
2025-12-29 19:25:41,851 [INFO] Rule:233 - rule Rename DIE462/DIE415 pin PC14/OSC32_IN -> PC14-OSC32_IN (PC14) is applicable
2025-12-29 19:25:41,851 [INFO] Rule:233 - rule Rename DIE462/DIE415 pin PC15/OSC32_OUT -> PC15-OSC32_OUT (PC15) is applicable
2025-12-29 19:25:41,851 [INFO] Rule:233 - rule Rename DIE462/DIE415 pin PH0/OSC_IN -> PH0-OSC_IN (PH0) is applicable
2025-12-29 19:25:41,851 [INFO] Rule:233 - rule Rename DIE462/DIE415 pin PH1/OSC_OUT -> PH1-OSC_OUT (PH1) is applicable
2025-12-29 19:25:41,851 [INFO] Rule:233 - rule Rename DIE462 pin PA13 -> PA13 (JTMS/SWDIO) is applicable
2025-12-29 19:25:41,851 [INFO] Rule:233 - rule Rename DIE415 pin PA13 -> PA13 (JTMS/SWDIO) is applicable
2025-12-29 19:25:41,852 [INFO] Rule:233 - rule Rename DIE462 pin PA14 -> PA14 (JTCK/SWCLK) is applicable
2025-12-29 19:25:41,852 [INFO] Rule:233 - rule Rename DIE415 pin PA14 -> PA14 (JTCK/SWCLK) is applicable
2025-12-29 19:25:41,852 [INFO] Rule:233 - rule Rename DIE462/DIE415 pin PA15 -> PA15 (JTDI) is applicable
2025-12-29 19:25:41,852 [INFO] Rule:233 - rule Rename DIE462 pin PB3 -> PB3 (JTD0/TRACESWO) is applicable
2025-12-29 19:25:41,852 [INFO] Rule:233 - rule Rename DIE415 pin PB3 -> PB3 (JTD0-TRACESWO) is applicable
2025-12-29 19:25:41,852 [INFO] Rule:233 - rule Rename DIE462/DIE415 pin PB4 -> PB4 (NJTRST) is applicable
2025-12-29 19:25:41,852 [INFO] Rule:233 - rule Rename DIE462 pin PH3/BOOT0 -> PH3-BOOT0 (BOOT0) is applicable
2025-12-29 19:25:41,852 [INFO] Rule:233 - rule Rename CRYP DataEncryptionTypesList to Algorithm is applicable
2025-12-29 19:25:41,852 [INFO] Rule:233 - rule Rename AES DataEncryptionTypesList to Algorithm is applicable
2025-12-29 19:25:41,852 [INFO] Rule:233 - rule Rename TDESECB to CRYP_TDES_ECB is applicable
2025-12-29 19:25:41,852 [INFO] Rule:233 - rule Rename TDESCBC to CRYP_TDES_CBC is applicable
2025-12-29 19:25:41,852 [INFO] Rule:233 - rule Rename DESECB to CRYP_DES_ECB is applicable
2025-12-29 19:25:41,852 [INFO] Rule:233 - rule Rename DESCBC to CRYP_DES_CBC is applicable
2025-12-29 19:25:41,852 [INFO] Rule:233 - rule Rename AESECB to CRYP_AES_ECB is applicable
2025-12-29 19:25:41,852 [INFO] Rule:233 - rule Rename AESCBC to CRYP_AES_CBC is applicable
2025-12-29 19:25:41,852 [INFO] Rule:233 - rule Rename AESCTR to CRYP_AES_CTR is applicable
2025-12-29 19:25:41,852 [INFO] Rule:233 - rule Rename AESGCM to CRYP_AES_GCM is applicable
2025-12-29 19:25:41,852 [INFO] Rule:233 - rule Rename AESCCM to CRYP_AES_CCM is applicable
2025-12-29 19:25:41,852 [INFO] Rule:233 - rule Rename CAN TimeSeg1 to BS1 is applicable
2025-12-29 19:25:41,852 [INFO] Rule:233 - rule Rename CAN TimeSeg2 to BS2 is applicable
2025-12-29 19:25:41,852 [INFO] Rule:233 - rule Rename CAN SyncJumpWidth to SJW is applicable
2025-12-29 19:25:41,852 [INFO] Rule:233 - rule TimeTriggeredMode to TTCM is applicable
2025-12-29 19:25:41,852 [INFO] Rule:233 - rule Rename CAN AutoBusOff to ABOM is applicable
2025-12-29 19:25:41,852 [INFO] Rule:233 - rule Rename CAN AutoWakeUp to AWUM is applicable
2025-12-29 19:25:41,852 [INFO] Rule:233 - rule Rename CAN AutoRetransmission to NART is applicable
2025-12-29 19:25:41,852 [INFO] Rule:233 - rule Rename CAN ReceiveFifoLocked to RFLM is applicable
2025-12-29 19:25:41,852 [INFO] Rule:233 - rule Rename CAN TransmitFifoPriority to TXFP is applicable
2025-12-29 19:25:41,852 [INFO] Rule:233 - rule Rename HRTIMER HRTIM_OUTPUTFAULTLEVEL_HIGH in HRTIMER HRTIM_OUTPUTFAULTLEVEL_HIGHZ is applicable
2025-12-29 19:25:41,852 [INFO] Rule:233 - rule Rename TIMER TIM_CLEARINPUTSOURCE_OCREFCLR in  TIMER TIM_CLEARINPUTSOURCE_NONE for F7 family is applicable
2025-12-29 19:25:41,852 [INFO] Rule:233 - rule FDCAN_R1 - Rename FDCAN mode Master into Classic is applicable
2025-12-29 19:25:41,852 [INFO] Rule:233 - rule FDCAN_R2 - Rename FDCAN mode Slave into Classic is applicable
2025-12-29 19:25:41,852 [INFO] Rule:233 - rule FDCAN1_R3 - if PA10.Mode=FullDuplex, add Pin PA12 is applicable
2025-12-29 19:25:41,852 [INFO] Rule:233 - rule FDCAN1_R3 - if PA9.Mode=FullDuplex, add Pin PA11 is applicable
2025-12-29 19:25:41,852 [INFO] Rule:233 - rule FDCAN1_R3 - Alternatepin_1 - if PE1.Mode=FullDuplex, add Pin PB9 is applicable
2025-12-29 19:25:41,852 [INFO] Rule:233 - rule FDCAN1_R3 - Alternatepin_1 - if PE0.Mode=FullDuplex, add Pin PB8 is applicable
2025-12-29 19:25:41,852 [INFO] Rule:233 - rule FDCAN1_R3 - Alternatepin_2 - if PD5.Mode=FullDuplex, add Pin PD1 is applicable
2025-12-29 19:25:41,852 [INFO] Rule:233 - rule FDCAN1_R3 - Alternatepin_2 - if PD4.Mode=FullDuplex, add Pin PD0 is applicable
2025-12-29 19:25:41,852 [INFO] Rule:233 - rule FDCAN1_R4 - Rename Mode FullDuplex into Enable FDCAN_TXFD for pin PA10 is applicable
2025-12-29 19:25:41,852 [INFO] Rule:233 - rule FDCAN1_R4 - Rename Mode FullDuplex into Enable FDCAN_TXFD for pin PA9 is applicable
2025-12-29 19:25:41,852 [INFO] Rule:233 - rule FDCAN1_R4 - Alternatepin_1 - Rename Mode FullDuplex into Enable FDCAN_TXFD for pin PE1 is applicable
2025-12-29 19:25:41,852 [INFO] Rule:233 - rule FDCAN1_R4 - Alternatepin_1 - Rename Mode FullDuplex into Enable FDCAN_TXFD for pin PE0 is applicable
2025-12-29 19:25:41,852 [INFO] Rule:233 - rule FDCAN1_R4 - Alternatepin_2 - Rename Mode FullDuplex into Enable FDCAN_TXFD for pin PD5 is applicable
2025-12-29 19:25:41,852 [INFO] Rule:233 - rule FDCAN1_R4 - Alternatepin_2 - Rename Mode FullDuplex into Enable FDCAN_TXFD for pin PD4 is applicable
2025-12-29 19:25:41,852 [INFO] Rule:233 - rule FDCAN2_R3 - if PD10.Mode=FullDuplex, add Pin PB13 is applicable
2025-12-29 19:25:41,852 [INFO] Rule:233 - rule FDCAN2_R3 - if PD9.Mode=FullDuplex, add Pin PB12 is applicable
2025-12-29 19:25:41,852 [INFO] Rule:233 - rule FDCAN2_R3 - Alternatepin_1 - if PB7.Mode=FullDuplex, add Pin PB6 is applicable
2025-12-29 19:25:41,852 [INFO] Rule:233 - rule FDCAN2_R3 - Alternatepin_1 - if PD9.Mode=FullDuplex, add Pin PB12 is applicable
2025-12-29 19:25:41,852 [INFO] Rule:233 - rule FDCAN2_R4 - Rename Mode FullDuplex into Enable FDCAN_TXFD for pin PD10 is applicable
2025-12-29 19:25:41,852 [INFO] Rule:233 - rule FDCAN2_R4 - Rename Mode FullDuplex into Enable FDCAN_TXFD for pin PD9 is applicable
2025-12-29 19:25:41,852 [INFO] Rule:233 - rule FDCAN2_R4 - Alternatepin_1 - Rename Mode FullDuplex into Enable FDCAN_TXFD for pin PB7 is applicable
2025-12-29 19:25:41,852 [INFO] Rule:233 - rule FDCAN2_R4 - Alternatepin_1 - Rename Mode FullDuplex into Enable FDCAN_TXFD for pin PD6 is applicable
2025-12-29 19:25:41,852 [INFO] Rule:233 - rule USART TxPinLevelInvertParam Mode is applicable
2025-12-29 19:25:41,852 [INFO] Rule:233 - rule USART RxPinLevelInvertParam Mode is applicable
2025-12-29 19:25:41,852 [INFO] Rule:233 - rule USART DataInvertParam Mode is applicable
2025-12-29 19:25:41,852 [INFO] Rule:233 - rule USART SwapParam Mode is applicable
2025-12-29 19:25:41,852 [INFO] Rule:233 - rule USART OverrunDisableParam Mode is applicable
2025-12-29 19:25:41,852 [INFO] Rule:233 - rule USART DMADisableonRxErrorParam Mode is applicable
2025-12-29 19:25:41,853 [INFO] Rule:233 - rule USART MSBFirstParam Mode is applicable
2025-12-29 19:25:41,853 [INFO] Rule:233 - rule Update MwName for USB_DEVICE is applicable
2025-12-29 19:25:41,853 [INFO] Rule:233 - rule Change PWR_Regulator_Voltage_Scale Default Value for RCC  H7 family is applicable
2025-12-29 19:25:41,853 [INFO] Rule:233 - rule UART/USART IPParameter rename Prescaler parameter to ClockPrescaler is applicable
2025-12-29 19:25:41,853 [INFO] Rule:233 - rule UART/USART Prescaler rename Prescaler parameter to ClockPrescaler is applicable
2025-12-29 19:25:41,853 [INFO] Rule:233 - rule TIM1CLockSelection is applicable
2025-12-29 19:25:41,853 [INFO] Rule:233 - rule TIM15CLockSelection is applicable
2025-12-29 19:25:41,853 [INFO] Rule:233 - rule align RCC SDMMC3CLockSelection default value on MP1 is applicable
2025-12-29 19:25:41,853 [INFO] Rule:233 - rule align RCC SDMMC12CLockSelection default value on MP1 is applicable
2025-12-29 19:25:41,853 [INFO] Rule:233 - rule align RCC QSPICLockSelection default value on MP1 is applicable
2025-12-29 19:25:41,853 [INFO] Rule:233 - rule align RCC QSPICLockSelection default value on MP1 is applicable
2025-12-29 19:25:41,853 [INFO] Rule:233 - rule align RCC SPI6CLockSelection default value on MP1 is applicable
2025-12-29 19:25:41,853 [INFO] Rule:233 - rule align RCC LPTIM23CLockSelection default value on MP1 is applicable
2025-12-29 19:25:41,853 [INFO] Rule:233 - rule align RCC LPTIM1CLockSelection default value on MP1 is applicable
2025-12-29 19:25:41,853 [INFO] Rule:233 - rule align RCC USART1CLockSelection default value on MP1 is applicable
2025-12-29 19:25:41,853 [INFO] Rule:233 - rule align RCC USART24CLockSelection default value on MP1 is applicable
2025-12-29 19:25:41,853 [INFO] Rule:233 - rule align RCC USART6CLockSelection default value on MP1 is applicable
2025-12-29 19:25:41,853 [INFO] Rule:233 - rule align RCC UART78CLockSelection default value on MP1 is applicable
2025-12-29 19:25:41,853 [INFO] Rule:233 - rule align RCC USART35CLockSelection default value on MP1 is applicable
2025-12-29 19:25:41,853 [INFO] Rule:233 - rule align RCC SPI45CLockSelection default value on MP1 is applicable
2025-12-29 19:25:41,853 [INFO] Rule:233 - rule align RCC I2C46CLockSelection BCLK value on MP1 is applicable
2025-12-29 19:25:41,853 [INFO] Rule:233 - rule align RCC SPI45CLockSelection default value on MP1 is applicable
2025-12-29 19:25:41,853 [INFO] Rule:233 - rule align RCC I2C12CLockSelection default value on MP1 is applicable
2025-12-29 19:25:41,853 [INFO] Rule:233 - rule align RCC I2C35CLockSelection default value on MP1 is applicable
2025-12-29 19:25:41,853 [INFO] Rule:233 - rule align RCC LPTIM45CLockSelection default value on MP1 is applicable
2025-12-29 19:25:41,853 [INFO] Rule:233 - rule Rename DCMI PIXCK signal is applicable
2025-12-29 19:25:41,853 [INFO] Rule:233 - rule Change Default Value for I2C46CLockSelection MP1 family is applicable
2025-12-29 19:25:41,853 [INFO] Rule:233 - rule Change Default Value for UART for G4, G0 and WB families is applicable
2025-12-29 19:25:41,853 [INFO] Rule:233 - rule Change Default Value for USART for G4, G0 and WB families is applicable
2025-12-29 19:25:41,853 [INFO] Rule:233 - rule Change Default Value for USART for G4 family is applicable
2025-12-29 19:25:41,853 [INFO] Rule:233 - rule Change USART1CLockSelection refparam name for MP1 is applicable
2025-12-29 19:25:41,853 [INFO] Rule:233 - rule Change USART2CLockSelection refparam name for MP1 is applicable
2025-12-29 19:25:41,853 [INFO] Rule:233 - rule Change USART3CLockSelection refparam name for MP1 is applicable
2025-12-29 19:25:41,853 [INFO] Rule:233 - rule Change UART4CLockSelection refparam name for MP1 is applicable
2025-12-29 19:25:41,853 [INFO] Rule:233 - rule Change UART5CLockSelection refparam name for MP1 is applicable
2025-12-29 19:25:41,853 [INFO] Rule:233 - rule Change LPUART1CLockSelection refparam name for MP1 is applicable
2025-12-29 19:25:41,853 [INFO] Rule:233 - rule Change LPTIM1CLockSelection refparam name for MP1 is applicable
2025-12-29 19:25:41,853 [INFO] Rule:233 - rule Change LPTIM2CLockSelection refparam name for MP1 is applicable
2025-12-29 19:25:41,853 [INFO] Rule:233 - rule Change RCC_MCO1Source refparam name for MP1 is applicable
2025-12-29 19:25:41,853 [INFO] Rule:233 - rule Change LSCOSource1 refparam name for MP1 is applicable
2025-12-29 19:25:41,854 [INFO] Rule:233 - rule Change SMPSCLockSelection refparam name for MP1 is applicable
2025-12-29 19:25:41,854 [INFO] Rule:233 - rule Change LPTIM3CLockSelection refparam name for MP1 is applicable
2025-12-29 19:25:41,854 [INFO] Rule:233 - rule Change MPCBB* Default Template Mode to Parameters is applicable
2025-12-29 19:25:41,854 [INFO] Rule:233 - rule Change MPCWM* or MPCBB* Secure Mode to Parameters is applicable
2025-12-29 19:25:41,854 [INFO] Rule:233 - rule Change MPCWM* or MPCBB* No Secure Mode to Parameters is applicable
2025-12-29 19:25:41,854 [INFO] Rule:233 - rule Change TZSC IP Secure Mode to Parameters is applicable
2025-12-29 19:25:41,854 [INFO] Rule:233 - rule Change TZSC IP No Secure Mode to Parameters is applicable
2025-12-29 19:25:41,854 [INFO] Rule:233 - rule Change TZSC IP Privilege Mode to Parameters is applicable
2025-12-29 19:25:41,854 [INFO] Rule:233 - rule Change TZSC IP No Privilege Mode to Parameters is applicable
2025-12-29 19:25:41,854 [INFO] Rule:233 - rule Change TZIC IT Secure Mode to Parameters is applicable
2025-12-29 19:25:41,854 [INFO] Rule:233 - rule Change TZIC IT No Secure Mode to Parameters is applicable
2025-12-29 19:25:41,854 [INFO] Rule:233 - rule Add MPCBB1_NonSecureArea_Start_Address value with referenced to MPCBB1_NonSecureArea_Start value is applicable
2025-12-29 19:25:41,854 [INFO] Rule:233 - rule Add MPCBB2_NonSecureArea_Start_Address value with referenced to MPCBB2_NonSecureArea_Start value is applicable
2025-12-29 19:25:41,854 [INFO] Rule:233 - rule Add MPCWM1_NonSecureArea*_Start_Address value with referenced to MPCWM1_NonSecureArea*_Start value is applicable
2025-12-29 19:25:41,855 [INFO] Rule:233 - rule Add MPCWM2_NonSecureArea*_Start_Address value with referenced to MPCWM2_NonSecureArea*_Start value is applicable
2025-12-29 19:25:41,855 [INFO] Rule:233 - rule Add MPCWM3_NonSecureArea_Start_Address value with referenced to MPCWM3_NonSecureArea_Start value is applicable
2025-12-29 19:25:41,855 [INFO] Rule:233 - rule Change Default Value for PLL1UserDefinedConfig is applicable
2025-12-29 19:25:41,855 [INFO] Rule:233 - rule Change GPIO_PuPd Default Value for USART in async mode is applicable
2025-12-29 19:25:41,855 [INFO] Rule:233 - rule Change SMPSDivider Default Value is applicable
2025-12-29 19:25:41,855 [INFO] Rule:233 - rule OPAMP is applicable
2025-12-29 19:25:41,855 [INFO] Rule:233 - rule LPUART IPParameter rename Prescaler parameter to ClockPrescaler for STM32H7 is applicable
2025-12-29 19:25:41,855 [INFO] Rule:233 - rule LPUART IPParameter rename Prescaler parameter to ClockPrescaler for STM32H7 is applicable
2025-12-29 19:25:41,855 [INFO] Rule:233 - rule LPUART IPParameter rename Prescaler parameter to ClockPrescaler for STM32WB is applicable
2025-12-29 19:25:41,855 [INFO] Rule:233 - rule LPUART IPParameter rename Prescaler parameter to ClockPrescaler for STM32WB is applicable
2025-12-29 19:25:41,855 [INFO] Rule:233 - rule LPUART IPParameter rename Prescaler parameter to ClockPrescaler for STM32G4 is applicable
2025-12-29 19:25:41,855 [INFO] Rule:233 - rule LPUART IPParameter rename Prescaler parameter to ClockPrescaler for STM32G4 is applicable
2025-12-29 19:25:41,855 [INFO] Rule:233 - rule LPUART IPParameter rename Prescaler parameter to ClockPrescaler for STM32L5 is applicable
2025-12-29 19:25:41,855 [INFO] Rule:233 - rule LPUART IPParameter rename Prescaler parameter to ClockPrescaler for STM32L5 is applicable
2025-12-29 19:25:41,855 [INFO] Rule:233 - rule LPUART IPParameter rename Prescaler parameter to ClockPrescaler for STM32G4 is applicable
2025-12-29 19:25:41,855 [INFO] Rule:233 - rule LPUART IPParameter rename Prescaler parameter to ClockPrescaler for STM32G4 is applicable
2025-12-29 19:25:41,855 [INFO] Rule:233 - rule USB device lib V2.5.3 for L0 rename USBD_SUPPORT_USER_STRING parameter to USBD_SUPPORT_USER_STRING_DESC4 is applicable
2025-12-29 19:25:41,855 [INFO] Rule:233 - rule I2SCLockSelection clock entry align is applicable
2025-12-29 19:25:41,855 [INFO] Rule:233 - rule Assign TIMx context if used as SYS timebase is applicable
2025-12-29 19:25:41,855 [INFO] Rule:233 - rule Change GPIO_Pu Default Value for I2C is applicable
2025-12-29 19:25:41,855 [INFO] Rule:233 - rule Change GPIO_Pu Default Value for SMBus is applicable
2025-12-29 19:25:41,855 [INFO] Rule:233 - rule change FDCAN default value is applicable
2025-12-29 19:25:41,855 [INFO] Rule:233 - rule Change mode sai is applicable
2025-12-29 19:25:41,855 [INFO] Rule:233 - rule **Change sai mode is applicable
2025-12-29 19:25:41,855 [INFO] Rule:233 - rule Rename STM32WPAN CFG_BLE_IRK to CFG_BLE_IR is applicable
2025-12-29 19:25:41,855 [INFO] Rule:233 - rule Rename STM32WPAN CFG_BLE_ERK to CFG_BLE_ER is applicable
2025-12-29 19:25:41,855 [INFO] Rule:233 - rule Rename STM32WPAN CFG_BLE_IRK_HEX to CFG_BLE_IR_HEX is applicable
2025-12-29 19:25:41,855 [INFO] Rule:233 - rule Rename STM32WPAN CFG_BLE_ERK_HEX to CFG_BLE_ER_HEX is applicable
2025-12-29 19:25:41,856 [INFO] Rule:233 - rule Adapt Old IOC before rework replace old CORTEX_M33/CORTEX_M55 attributes by the new one. is applicable
2025-12-29 19:25:41,856 [INFO] Rule:233 - rule Rename parametre of RCC RCC_APBDBG_DIV2 to RCC_TIMPRES_DIV2 is applicable
2025-12-29 19:25:41,856 [INFO] Rule:233 - rule Rename DIE493 pin PA10 [PA12] -> PA10 is applicable
2025-12-29 19:25:41,856 [INFO] Rule:233 - rule Rename DIE493 pin PA9 [PA11] -> PA9 is applicable
2025-12-29 19:25:41,856 [INFO] Rule:233 - rule Rename DIE492 PartNumber CPN STM32WBA5MJGHx -> STM32WBA5MMGHx is applicable
2025-12-29 19:25:41,856 [INFO] Rule:233 - rule Rename DIE492 PartNumber  Name STM32WBA5MJGHx -> STM32WBA5MMGHx is applicable
2025-12-29 19:25:41,856 [INFO] Rule:233 - rule Rename DIE492 PartNumber UserName STM32WBA5MJGHx -> STM32WBA5MMGHx is applicable
2025-12-29 19:25:41,856 [INFO] Rule:233 - rule Rename DIE492 PartNumber DeviceId STM32WBA5MJGHx -> STM32WBA5MMGHx is applicable
2025-12-29 19:25:41,856 [INFO] Rule:233 - rule Adapt Old IOC CSI. is applicable
2025-12-29 19:25:41,856 [INFO] Rule:233 - rule Adapt Old IOC DCMIPP. is applicable
2025-12-29 19:25:41,856 [INFO] Rule:233 - rule Adapt Old IOC DCMIPP Mode Parallel. is applicable
2025-12-29 19:25:41,856 [INFO] Rule:233 - rule Adapt Old IOC LTDC. is applicable
2025-12-29 19:25:41,856 [INFO] Rule:233 - rule Rename STM32MP2 RIF Peripheral LTDC RIF.RISUP.LTDC_L0L1.Privilege -> RIF.RISUP.LTDC_L1L2.Privilege is applicable
2025-12-29 19:25:41,856 [INFO] Rule:233 - rule Rename STM32MP2 RIF Peripheral LTDC RIF.RISUP.LTDC_L0L1.Privilege -> RIF.RISUP.LTDC_L1L2.Privilege is applicable
2025-12-29 19:25:41,856 [INFO] Rule:233 - rule Rename STM32MP2 RIF Peripheral LTDC RIF.RISUP.LTDC_L0L1.Lock -> RIF.RISUP.LTDC_L1L2.Lock is applicable
2025-12-29 19:25:41,856 [INFO] Rule:233 - rule Rename STM32MP2 RIF Peripheral LTDC RIF.RISUP.LTDC_L2.Lock -> RIF.RISUP.LTDC_L3.Lock is applicable
2025-12-29 19:25:41,856 [INFO] Rule:233 - rule Adapt the old IOC example for updating the SYS when it is misconfigured. is applicable
2025-12-29 19:25:41,856 [INFO] Rule:233 - rule Rename STM32C09 Mcu.Package LQFP64 -> LQFP48 is applicable
2025-12-29 19:25:41,856 [INFO] Rule:233 - rule Adapt the old IOC example for updating the SYS when it is misconfigured. is applicable
2025-12-29 19:25:41,856 [INFO] Rule:233 - rule Adapt the old IOC example for updating the SYS when it is misconfigured. is applicable
2025-12-29 19:25:41,874 [INFO] DbConfProperties:307 - Apply Compatibility (38/250 Rules)
2025-12-29 19:25:41,911 [INFO] ImportTextPane:234 - (OptionalMessage_ERROR) Unable to find key (Mcu.ThirdPartyNb) in loaded IOC file
2025-12-29 19:25:41,913 [INFO] ImportTextPane:234 - (OptionalMessage_ERROR) Pin34 (VP_RIF_VS_RIF1) cannot be retrieved for this MCU
2025-12-29 19:25:42,068 [INFO] RtosManager:558 - Registered RTOS mode: class=CMSIS, group=RTOS, mode=CMSIS_V1, owner=FREERTOS
2025-12-29 19:25:42,068 [INFO] RtosManager:558 - Registered RTOS mode: class=CMSIS, group=RTOS2, mode=CMSIS_V2, owner=FREERTOS
2025-12-29 19:25:42,068 [INFO] RtosManager:558 - Registered RTOS mode: class=RTOS, group=Core, mode=CMSIS_V1, owner=FREERTOS
2025-12-29 19:25:42,068 [INFO] RtosManager:558 - Registered RTOS mode: class=RTOS, group=Core, mode=CMSIS_V2, owner=FREERTOS
2025-12-29 19:25:42,068 [WARN] ModelIntegratedComponent:184 - Missing modes for component STMicroelectronics:FreeRTOS:0.0.1:STMicroelectronics:RTOS:FreeRTOS:Core:::10.2.0:
2025-12-29 19:25:42,080 [WARN] ModelIntegratedComponent:63 - No mode defined for component null
2025-12-29 19:25:42,080 [WARN] ModelIntegratedComponent:63 - No mode defined for component null
2025-12-29 19:25:42,080 [WARN] ModelIntegratedComponent:63 - No mode defined for component null
2025-12-29 19:25:42,080 [WARN] ModelIntegratedComponent:63 - No mode defined for component null
2025-12-29 19:25:42,080 [WARN] ModelIntegratedComponent:63 - No mode defined for component null
2025-12-29 19:25:42,080 [WARN] ModelIntegratedComponent:63 - No mode defined for component null
2025-12-29 19:25:42,080 [WARN] ModelIntegratedComponent:63 - No mode defined for component null
2025-12-29 19:25:42,080 [WARN] ModelIntegratedComponent:63 - No mode defined for component null
2025-12-29 19:25:42,080 [WARN] ModelIntegratedComponent:63 - No mode defined for component null
2025-12-29 19:25:42,080 [WARN] ModelIntegratedComponent:63 - No mode defined for component null
2025-12-29 19:25:42,080 [WARN] ModelIntegratedComponent:63 - No mode defined for component null
2025-12-29 19:25:42,080 [WARN] ModelIntegratedComponent:63 - No mode defined for component null
2025-12-29 19:25:42,080 [WARN] ModelIntegratedComponent:63 - No mode defined for component null
2025-12-29 19:25:42,080 [WARN] ModelIntegratedComponent:63 - No mode defined for component null
2025-12-29 19:25:42,081 [WARN] ModelIntegratedComponent:63 - No mode defined for component null
2025-12-29 19:25:42,081 [WARN] ModelIntegratedComponent:63 - No mode defined for component null
2025-12-29 19:25:42,081 [WARN] ModelIntegratedComponent:63 - No mode defined for component null
2025-12-29 19:25:42,081 [WARN] ModelIntegratedComponent:63 - No mode defined for component null
2025-12-29 19:25:42,081 [WARN] ModelIntegratedComponent:63 - No mode defined for component null
2025-12-29 19:25:42,081 [WARN] ModelIntegratedComponent:63 - No mode defined for component null
2025-12-29 19:25:42,081 [WARN] ModelIntegratedComponent:63 - No mode defined for component null
2025-12-29 19:25:42,081 [WARN] ModelIntegratedComponent:63 - No mode defined for component null
2025-12-29 19:25:42,081 [WARN] ModelIntegratedComponent:63 - No mode defined for component null
2025-12-29 19:25:42,081 [WARN] ModelIntegratedComponent:63 - No mode defined for component null
2025-12-29 19:25:42,081 [WARN] ModelIntegratedComponent:63 - No mode defined for component null
2025-12-29 19:25:42,081 [WARN] ModelIntegratedComponent:63 - No mode defined for component null
2025-12-29 19:25:42,081 [WARN] ModelIntegratedComponent:63 - No mode defined for component null
2025-12-29 19:25:42,081 [WARN] ModelIntegratedComponent:63 - No mode defined for component null
2025-12-29 19:25:42,081 [WARN] ModelIntegratedComponent:63 - No mode defined for component null
2025-12-29 19:25:42,081 [WARN] ModelIntegratedComponent:63 - No mode defined for component null
2025-12-29 19:25:42,081 [WARN] ModelIntegratedComponent:63 - No mode defined for component null
2025-12-29 19:25:42,081 [WARN] ModelIntegratedComponent:63 - No mode defined for component null
2025-12-29 19:25:42,081 [WARN] ModelIntegratedComponent:63 - No mode defined for component null
2025-12-29 19:25:42,081 [WARN] ModelIntegratedComponent:63 - No mode defined for component null
2025-12-29 19:25:42,081 [WARN] ModelIntegratedComponent:63 - No mode defined for component null
2025-12-29 19:25:42,081 [WARN] ModelPack:524 - Component already loaded: STMicroelectronics:HAL Drivers:0.0.0:STMicroelectronics:Device:STMicro_Driver:XSPI:HAL::0.0.1:HAL_XSPI
2025-12-29 19:25:42,111 [INFO] ThirdPartyModel:298 - Start build external matchings
2025-12-29 19:25:42,178 [INFO] ThirdPartyModel:316 - End build external matchings
2025-12-29 19:25:42,613 [INFO] UtilMem:75 - End LoadConfig() Used Memory: 605572520 Bytes (791674880)
2025-12-29 19:25:42,739 [WARN] ThirdParty:833 - waiting for thirdparty lock release [change project]
2025-12-29 19:25:42,739 [INFO] ThirdParty:835 - entering critical section [change project]
2025-12-29 19:25:42,740 [INFO] ThirdParty:1030 - CMSIS Pack Vendor :STMicroelectronics X-CUBE-PM33A1 1.0.0
2025-12-29 19:25:42,740 [INFO] ThirdParty:1030 - CMSIS Pack Vendor :STMicroelectronics USBPD 4.1
2025-12-29 19:25:42,740 [INFO] ThirdParty:1030 - CMSIS Pack Vendor :STMicroelectronics X-CUBE-NFC9 1.0.0
2025-12-29 19:25:42,740 [INFO] ThirdParty:1030 - CMSIS Pack Vendor :STMicroelectronics USB_HOST 2.0.0
2025-12-29 19:25:42,740 [INFO] ThirdParty:1030 - CMSIS Pack Vendor :STMicroelectronics FP-SNS-MOTENVWB1 1.4.0
2025-12-29 19:25:42,740 [INFO] ThirdParty:1030 - CMSIS Pack Vendor :STMicroelectronics X-CUBE-AZRTOS-F4 1.1.0
2025-12-29 19:25:42,740 [INFO] ThirdParty:1030 - CMSIS Pack Vendor :STMicroelectronics LIBJPEG 8.0.0
2025-12-29 19:25:42,740 [INFO] ThirdParty:1030 - CMSIS Pack Vendor :STMicroelectronics FP-ATR-ASTRA1 2.0.2
2025-12-29 19:25:42,740 [INFO] ThirdParty:1030 - CMSIS Pack Vendor :STMicroelectronics X-CUBE-BLE1 7.1.0
2025-12-29 19:25:42,740 [INFO] ThirdParty:1030 - CMSIS Pack Vendor :STMicroelectronics X-CUBE-SMBUS 2.1.0
2025-12-29 19:25:42,740 [INFO] ThirdParty:1030 - CMSIS Pack Vendor :STMicroelectronics USB_DEVICE 3.0.0
2025-12-29 19:25:42,740 [INFO] ThirdParty:1030 - CMSIS Pack Vendor :STMicroelectronics X-CUBE-ISPU 2.1.0
2025-12-29 19:25:42,740 [INFO] ThirdParty:1030 - CMSIS Pack Vendor :STMicroelectronics X-CUBE-AZRTOS-WB 2.0.0
2025-12-29 19:25:42,740 [INFO] ThirdParty:1030 - CMSIS Pack Vendor :STMicroelectronics X-CUBE-AZRTOS-F7 1.1.0
2025-12-29 19:25:42,740 [INFO] ThirdParty:1030 - CMSIS Pack Vendor :STMicroelectronics X-CUBE-AZRTOS-L5 2.0.0
2025-12-29 19:25:42,740 [INFO] ThirdParty:1030 - CMSIS Pack Vendor :STMicroelectronics USB_DEVICE 2.0.0
2025-12-29 19:25:42,740 [INFO] ThirdParty:1030 - CMSIS Pack Vendor :STMicroelectronics X-CUBE-NFC6 3.1.0
2025-12-29 19:25:42,740 [INFO] ThirdParty:1030 - CMSIS Pack Vendor :STMicroelectronics FreeRTOS 0.0.1
2025-12-29 19:25:42,740 [INFO] ThirdParty:1030 - CMSIS Pack Vendor :STMicroelectronics X-CUBE-AZRTOS-G0 1.1.0
2025-12-29 19:25:42,740 [INFO] ThirdParty:1030 - CMSIS Pack Vendor :STMicroelectronics X-CUBE-NFC4 3.0.0
2025-12-29 19:25:42,740 [INFO] ThirdParty:1030 - CMSIS Pack Vendor :STMicroelectronics X-CUBE-SUBG2 5.0.0
2025-12-29 19:25:42,740 [INFO] ThirdParty:1030 - CMSIS Pack Vendor :STMicroelectronics STM32_WPAN 1.0.0
2025-12-29 19:25:42,740 [INFO] ThirdParty:1030 - CMSIS Pack Vendor :STMicroelectronics lwIP 2.0.3
2025-12-29 19:25:42,740 [INFO] ThirdParty:1030 - CMSIS Pack Vendor :STMicroelectronics USB_HOST 1.0.0
2025-12-29 19:25:42,740 [INFO] ThirdParty:1030 - CMSIS Pack Vendor :STMicroelectronics X-CUBE-AZRTOS-G4 2.0.0
2025-12-29 19:25:42,740 [INFO] ThirdParty:1030 - CMSIS Pack Vendor :STMicroelectronics X-CUBE-WB05N 2.0.0
2025-12-29 19:25:42,740 [INFO] ThirdParty:1030 - CMSIS Pack Vendor :STMicroelectronics PDM2PCM 3.1.0
2025-12-29 19:25:42,740 [INFO] ThirdParty:1030 - CMSIS Pack Vendor :STMicroelectronics PDM2PCM 3.3.0
2025-12-29 19:25:42,740 [INFO] ThirdParty:1030 - CMSIS Pack Vendor :STMicroelectronics X-CUBE-DISPLAY 3.0.0
2025-12-29 19:25:42,740 [INFO] ThirdParty:1030 - CMSIS Pack Vendor :STMicroelectronics X-CUBE-NFC7 2.0.0
2025-12-29 19:25:42,740 [INFO] ThirdParty:1030 - CMSIS Pack Vendor :STMicroelectronics X-CUBE-TCPP 4.2.0
2025-12-29 19:25:42,740 [INFO] ThirdParty:1030 - CMSIS Pack Vendor :STMicroelectronics FP-ATR-SIGFOX1 3.2.0
2025-12-29 19:25:42,740 [INFO] ThirdParty:1030 - CMSIS Pack Vendor :STMicroelectronics X-CUBE-NFC10 1.0.0
2025-12-29 19:25:42,741 [INFO] ThirdParty:1030 - CMSIS Pack Vendor :STMicroelectronics HAL Drivers 0.0.0
2025-12-29 19:25:42,741 [INFO] ThirdParty:1030 - CMSIS Pack Vendor :STMicroelectronics MBEDTLS 2.16.2
2025-12-29 19:25:42,741 [INFO] ThirdParty:1030 - CMSIS Pack Vendor :STMicroelectronics X-CUBE-ALS 1.0.2
2025-12-29 19:25:42,741 [INFO] ThirdParty:1030 - CMSIS Pack Vendor :STMicroelectronics MBEDTLS 2.14.1
2025-12-29 19:25:42,741 [INFO] ThirdParty:1030 - CMSIS Pack Vendor :STMicroelectronics ThreadX 1.0.0
2025-12-29 19:25:42,741 [INFO] ThirdParty:1030 - CMSIS Pack Vendor :STMicroelectronics FP-SNS-SMARTAG2 1.2.0
2025-12-29 19:25:42,741 [INFO] ThirdParty:1030 - CMSIS Pack Vendor :STMicroelectronics FP-SNS-FLIGHT1 5.1.0
2025-12-29 19:25:42,741 [INFO] ThirdParty:1030 - CMSIS Pack Vendor :STMicroelectronics X-CUBE-AZRTOS-WL 2.0.0
2025-12-29 19:25:42,741 [INFO] ThirdParty:1030 - CMSIS Pack Vendor :STMicroelectronics X-CUBE-ALGOBUILD 1.4.0
2025-12-29 19:25:42,741 [INFO] ThirdParty:1030 - CMSIS Pack Vendor :STMicroelectronics X-CUBE-DPower 1.3.0
2025-12-29 19:25:42,741 [INFO] ThirdParty:1030 - CMSIS Pack Vendor :STMicroelectronics USB_DEVICE 1.0.0
2025-12-29 19:25:42,741 [INFO] ThirdParty:1030 - CMSIS Pack Vendor :STMicroelectronics X-CUBE-AZRTOS-L4 2.0.0
2025-12-29 19:25:42,741 [INFO] ThirdParty:1030 - CMSIS Pack Vendor :STMicroelectronics ThreadX 0.0.2
2025-12-29 19:25:42,741 [INFO] ThirdParty:1030 - CMSIS Pack Vendor :STMicroelectronics lwIP 2.1.2
2025-12-29 19:25:42,743 [INFO] ThirdParty:1030 - CMSIS Pack Vendor :STMicroelectronics X-CUBE-SFXS2LP1 4.0.0
2025-12-29 19:25:42,743 [INFO] ThirdParty:1030 - CMSIS Pack Vendor :STMicroelectronics X-CUBE-BLE2 3.3.0
2025-12-29 19:25:42,743 [INFO] ThirdParty:1030 - CMSIS Pack Vendor :STMicroelectronics X-CUBE-TOF1 3.4.3
2025-12-29 19:25:42,743 [INFO] ThirdParty:1030 - CMSIS Pack Vendor :STMicroelectronics PDM2PCM 3.2.0
2025-12-29 19:25:42,743 [INFO] ThirdParty:841 - exiting critical section [change project]
2025-12-29 19:25:43,257 [INFO] PinOutPanel:1589 - setPackage(No Configuration,No Configuration)
2025-12-29 19:25:43,259 [INFO] PinOutPanel:1589 - setPackage(STM32F407VGTx,LQFP100)
2025-12-29 19:25:43,762 [INFO] UtilMem:75 - Before build in PCC Used Memory: 504086896 Bytes (791674880)
2025-12-29 19:25:44,751 [INFO] UtilMem:75 - After build in PCC Used Memory: 572419464 Bytes (791674880)
2025-12-29 19:25:44,787 [INFO] IPUIPlugin:80 - create IPUIPlugin
2025-12-29 19:25:44,788 [INFO] IPUIPlugin:80 - create IPUIPlugin
2025-12-29 19:25:44,788 [INFO] IPUIPlugin:80 - create IPUIPlugin
2025-12-29 19:25:44,788 [INFO] IPUIPlugin:80 - create IPUIPlugin
2025-12-29 19:25:44,788 [INFO] IPUIPlugin:80 - create IPUIPlugin
2025-12-29 19:25:44,788 [INFO] IPUIPlugin:80 - create IPUIPlugin
2025-12-29 19:25:44,788 [INFO] IPUIPlugin:80 - create IPUIPlugin
2025-12-29 19:25:44,788 [INFO] IPUIPlugin:80 - create IPUIPlugin
2025-12-29 19:25:44,789 [INFO] IPUIPlugin:80 - create IPUIPlugin
2025-12-29 19:25:44,789 [INFO] IPUIPlugin:80 - create IPUIPlugin
2025-12-29 19:25:44,790 [INFO] IPUIPlugin:80 - create IPUIPlugin
2025-12-29 19:25:44,790 [INFO] IPUIPlugin:80 - create IPUIPlugin
2025-12-29 19:25:44,790 [INFO] IPUIPlugin:80 - create IPUIPlugin
2025-12-29 19:25:44,790 [INFO] IPUIPlugin:80 - create IPUIPlugin
2025-12-29 19:25:44,790 [INFO] IPUIPlugin:80 - create IPUIPlugin
2025-12-29 19:25:44,790 [INFO] IPUIPlugin:80 - create IPUIPlugin
2025-12-29 19:25:44,790 [INFO] IPUIPlugin:80 - create IPUIPlugin
2025-12-29 19:25:44,790 [INFO] IPUIPlugin:80 - create IPUIPlugin
2025-12-29 19:25:44,790 [INFO] IPUIPlugin:80 - create IPUIPlugin
2025-12-29 19:25:44,791 [INFO] IPUIPlugin:80 - create IPUIPlugin
2025-12-29 19:25:44,791 [INFO] IPUIPlugin:80 - create IPUIPlugin
2025-12-29 19:25:44,791 [INFO] IPUIPlugin:80 - create IPUIPlugin
2025-12-29 19:25:44,791 [INFO] IPUIPlugin:80 - create IPUIPlugin
2025-12-29 19:25:44,792 [INFO] IPUIPlugin:80 - create IPUIPlugin
2025-12-29 19:25:44,792 [INFO] IPUIPlugin:80 - create IPUIPlugin
2025-12-29 19:25:44,792 [INFO] IPUIPlugin:80 - create IPUIPlugin
2025-12-29 19:25:44,792 [INFO] IPUIPlugin:80 - create IPUIPlugin
2025-12-29 19:25:44,792 [INFO] IPUIPlugin:80 - create IPUIPlugin
2025-12-29 19:25:44,792 [INFO] IPUIPlugin:80 - create IPUIPlugin
2025-12-29 19:25:44,793 [INFO] IPUIPlugin:80 - create IPUIPlugin
2025-12-29 19:25:44,793 [INFO] IPUIPlugin:80 - create IPUIPlugin
2025-12-29 19:25:44,793 [INFO] IPUIPlugin:80 - create IPUIPlugin
2025-12-29 19:25:44,793 [INFO] IPUIPlugin:80 - create IPUIPlugin
2025-12-29 19:25:44,794 [INFO] IPUIPlugin:80 - create IPUIPlugin
2025-12-29 19:25:44,794 [INFO] IPUIPlugin:80 - create IPUIPlugin
2025-12-29 19:25:44,794 [INFO] IPUIPlugin:80 - create IPUIPlugin
2025-12-29 19:25:44,794 [INFO] IPUIPlugin:80 - create IPUIPlugin
2025-12-29 19:25:44,794 [INFO] IPUIPlugin:80 - create IPUIPlugin
2025-12-29 19:25:44,794 [INFO] IPUIPlugin:80 - create IPUIPlugin
2025-12-29 19:25:44,794 [INFO] IPUIPlugin:80 - create IPUIPlugin
2025-12-29 19:25:44,794 [INFO] IPUIPlugin:80 - create IPUIPlugin
2025-12-29 19:25:44,795 [INFO] IPUIPlugin:80 - create IPUIPlugin
2025-12-29 19:25:44,795 [INFO] IPUIPlugin:80 - create IPUIPlugin
2025-12-29 19:25:44,795 [INFO] IPUIPlugin:80 - create IPUIPlugin
2025-12-29 19:25:44,795 [INFO] IPUIPlugin:80 - create IPUIPlugin
2025-12-29 19:25:44,795 [INFO] IPUIPlugin:80 - create IPUIPlugin
2025-12-29 19:25:44,795 [INFO] IPUIPlugin:80 - create IPUIPlugin
2025-12-29 19:25:44,795 [INFO] IPUIPlugin:80 - create IPUIPlugin
2025-12-29 19:25:44,795 [INFO] IPUIPlugin:80 - create IPUIPlugin
2025-12-29 19:25:44,796 [INFO] IPUIPlugin:80 - create IPUIPlugin
2025-12-29 19:25:44,796 [INFO] IPUIPlugin:80 - create IPUIPlugin
2025-12-29 19:25:44,796 [INFO] IPUIPlugin:80 - create IPUIPlugin
2025-12-29 19:25:44,796 [INFO] IPUIPlugin:80 - create IPUIPlugin
2025-12-29 19:25:44,796 [INFO] IPUIPlugin:80 - create IPUIPlugin
2025-12-29 19:25:44,796 [INFO] IPUIPlugin:80 - create IPUIPlugin
2025-12-29 19:25:44,797 [INFO] IPUIPlugin:80 - create IPUIPlugin
2025-12-29 19:25:44,797 [INFO] IPUIPlugin:80 - create IPUIPlugin
2025-12-29 19:25:44,797 [INFO] IPUIPlugin:80 - create IPUIPlugin
2025-12-29 19:25:44,880 [INFO] ApiDbMcu:532 - Load IP Config File for PDM2PCM
2025-12-29 19:25:45,026 [INFO] CADModel:165 - CPN selected for project levelSTM32F407VGT6
2025-12-29 19:25:45,026 [INFO] CADModel:114 - Register for checkConnection events
2025-12-29 19:25:45,077 [INFO] OpenFileManager:386 - Restore cursor
2025-12-29 19:25:46,309 [INFO] UtilMem:75 - End SaveConfig() Used Memory: 697724296 Bytes (791674880)
2025-12-29 19:25:46,375 [ERROR] ConfigurationRetriever:142 - IOException on connection: sw-center.st.com
2025-12-29 19:25:46,376 [ERROR] ConfigurationRetriever:142 - IOException on connection: sw-center.st.com
2025-12-29 19:25:46,376 [ERROR] ConfigurationRetriever:142 - IOException on connection: sw-center.st.com
2025-12-29 19:25:46,419 [INFO] UtilMem:75 - End SaveConfig() Used Memory: 718455968 Bytes (791674880)
2025-12-29 19:25:47,027 [INFO] BlockDiagram:2775 - set Specific Code input for plugin: SYS
2025-12-29 19:25:47,027 [INFO] BlockDiagram:2775 - set Specific Code input for plugin: RCC
2025-12-29 19:25:47,027 [INFO] BlockDiagram:2775 - set Specific Code input for plugin: NVIC
2025-12-29 19:25:47,028 [INFO] BlockDiagram:2775 - set Specific Code input for plugin: GPIO
2025-12-29 19:25:47,030 [INFO] CodeGenerator:892 - code generatio: config db path: C:\ST\STM32CubeIDE_1.19.0\STM32CubeIDE\plugins\com.st.stm32cube.common.mx_6.15.0.202507011659\\db\
2025-12-29 19:25:47,248 [INFO] CodeEngine:265 - oldGeneratedFile, C:\Users\aditi\OneDrive\Desktop\Sunbeam_Internship\Internship_Practice_on_Board\LDR_using_LCD\MXTmpFiles\license.tmp_save
2025-12-29 19:25:47,710 [INFO] CodeEngine:289 - Generated code: C:\Users\aditi\OneDrive\Desktop\Sunbeam_Internship\Internship_Practice_on_Board\LDR_using_LCD\MXTmpFiles\license.tmp
2025-12-29 19:25:47,913 [INFO] CodeEngine:265 - oldGeneratedFile, C:\Users\aditi\OneDrive\Desktop\Sunbeam_Internship\Internship_Practice_on_Board\LDR_using_LCD\MXTmpFiles\gpio.tmp_save
2025-12-29 19:25:48,163 [INFO] CodeEngine:289 - Generated code: C:\Users\aditi\OneDrive\Desktop\Sunbeam_Internship\Internship_Practice_on_Board\LDR_using_LCD\MXTmpFiles\gpio.tmp
2025-12-29 19:25:48,290 [INFO] CodeEngine:265 - oldGeneratedFile, C:\Users\aditi\OneDrive\Desktop\Sunbeam_Internship\Internship_Practice_on_Board\LDR_using_LCD\Core\Src\stm32f4xx_it.c_save
2025-12-29 19:25:48,450 [INFO] CodeEngine:289 - Generated code: C:\Users\aditi\OneDrive\Desktop\Sunbeam_Internship\Internship_Practice_on_Board\LDR_using_LCD\Core\Src\stm32f4xx_it.c
2025-12-29 19:25:48,459 [INFO] CodeEngine:265 - oldGeneratedFile, C:\Users\aditi\OneDrive\Desktop\Sunbeam_Internship\Internship_Practice_on_Board\LDR_using_LCD\Core\Inc\stm32f4xx_it.h_save
2025-12-29 19:25:48,575 [INFO] CodeEngine:289 - Generated code: C:\Users\aditi\OneDrive\Desktop\Sunbeam_Internship\Internship_Practice_on_Board\LDR_using_LCD\Core\Inc\stm32f4xx_it.h
2025-12-29 19:25:48,609 [INFO] CodeEngine:265 - oldGeneratedFile, C:\Users\aditi\OneDrive\Desktop\Sunbeam_Internship\Internship_Practice_on_Board\LDR_using_LCD\Core\Src\stm32f4xx_hal_msp.c_save
2025-12-29 19:25:48,751 [INFO] CodeEngine:289 - Generated code: C:\Users\aditi\OneDrive\Desktop\Sunbeam_Internship\Internship_Practice_on_Board\LDR_using_LCD\Core\Src\stm32f4xx_hal_msp.c
2025-12-29 19:25:48,765 [INFO] CodeEngine:265 - oldGeneratedFile, C:\Users\aditi\OneDrive\Desktop\Sunbeam_Internship\Internship_Practice_on_Board\LDR_using_LCD\MXTmpFiles\system.tmp_save
2025-12-29 19:25:48,852 [INFO] CodeEngine:289 - Generated code: C:\Users\aditi\OneDrive\Desktop\Sunbeam_Internship\Internship_Practice_on_Board\LDR_using_LCD\MXTmpFiles\system.tmp
2025-12-29 19:25:48,879 [INFO] CodeEngine:321 - oldGeneratedFile, C:\Users\aditi\OneDrive\Desktop\Sunbeam_Internship\Internship_Practice_on_Board\LDR_using_LCD\Core\Inc\stm32f4xx_hal_conf.h_save
2025-12-29 19:25:48,972 [INFO] CodeEngine:345 - Generated code: C:\Users\aditi\OneDrive\Desktop\Sunbeam_Internship\Internship_Practice_on_Board\LDR_using_LCD\Core\Inc\stm32f4xx_hal_conf.h
2025-12-29 19:25:49,024 [INFO] ApiDbMcu:532 - Load IP Config File for RCC
2025-12-29 19:25:49,044 [INFO] CodeEngine:265 - oldGeneratedFile, C:\Users\aditi\OneDrive\Desktop\Sunbeam_Internship\Internship_Practice_on_Board\LDR_using_LCD\Core\Inc\main.h_save
2025-12-29 19:25:49,167 [INFO] CodeEngine:289 - Generated code: C:\Users\aditi\OneDrive\Desktop\Sunbeam_Internship\Internship_Practice_on_Board\LDR_using_LCD\Core\Inc\main.h
2025-12-29 19:25:49,178 [INFO] CodeEngine:265 - oldGeneratedFile, C:\Users\aditi\OneDrive\Desktop\Sunbeam_Internship\Internship_Practice_on_Board\LDR_using_LCD\Core\Src\main.c_save
2025-12-29 19:25:49,364 [INFO] CodeEngine:289 - Generated code: C:\Users\aditi\OneDrive\Desktop\Sunbeam_Internship\Internship_Practice_on_Board\LDR_using_LCD\Core\Src\main.c
2025-12-29 19:25:50,776 [INFO] ProjectBuilder:3606 - Time for Copy HAL[1] : 1212mS.
2025-12-29 19:25:50,798 [INFO] ProjectBuilder:5216 - Project Generator version: 4.7.0-B52
2025-12-29 19:25:50,907 [INFO] ConfigFileManager:1595 - The Die is : DIE413
2025-12-29 19:25:50,920 [INFO] ApiDbMcu:532 - Load IP Config File for FATFS
2025-12-29 19:25:50,930 [INFO] ApiDbMcu:532 - Load IP Config File for FREERTOS
2025-12-29 19:25:50,934 [INFO] ApiDbMcu:532 - Load IP Config File for LIBJPEG
2025-12-29 19:25:50,942 [INFO] ApiDbMcu:532 - Load IP Config File for LWIP
2025-12-29 19:25:50,951 [INFO] ApiDbMcu:532 - Load IP Config File for MBEDTLS
2025-12-29 19:25:50,963 [INFO] ApiDbMcu:532 - Load IP Config File for USB_DEVICE
2025-12-29 19:25:50,969 [INFO] ApiDbMcu:532 - Load IP Config File for USB_HOST
2025-12-29 19:25:51,455 [INFO] LogOutputStream:77 - [STDOUT_REDIRECT] 
2025-12-29 19:25:54,934 [INFO] ProjectBuilder:5496 - Time for Generating toolchain IDE Files: 4136mS.
2025-12-29 19:25:54,938 [INFO] ProjectBuilder:3463 - Time for Copy CMSIS : 1mS.
2025-12-29 19:25:54,946 [INFO] ProjectBuilder:3463 - Time for Copy CMSIS : 0mS.
2025-12-29 19:25:55,440 [ERROR] ConfigurationRetriever:142 - IOException on connection: sw-center.st.com
2025-12-29 19:25:55,441 [ERROR] ConfigurationRetriever:142 - IOException on connection: sw-center.st.com
2025-12-29 19:25:55,441 [ERROR] ConfigurationRetriever:142 - IOException on connection: sw-center.st.com
2025-12-29 19:25:56,133 [INFO] McuFinderGlobals:76 - Set McuFinderConnectedMode to true
2025-12-29 19:25:56,137 [INFO] ApiDb:448 - Save user favorites file C:\Users\aditi/.stm32cubeide/favorites.mcus.txt: 0 item(s)
2025-12-29 19:25:56,138 [INFO] ApiDb:452 - User favorites MCUs=[]
2025-12-29 19:25:56,140 [INFO] ApiDb:448 - Save user favorites file C:\Users\aditi/.stm32cubeide/favorites.boards.txt: 1 item(s)
2025-12-29 19:25:56,141 [INFO] ApiDb:452 - User favorites Boards=[STM32F407G-DISC1]
2025-12-29 21:13:14,825 [INFO] Activator:176 - 


2025-12-29 21:13:14,827 [INFO] Activator:177 - !SESSION log4j initialized
2025-12-29 21:13:16,664 [INFO] ApplicationProperties:184 - Using Application install path: C:\ST\STM32CubeIDE_1.19.0\STM32CubeIDE\plugins\com.st.stm32cube.common.mx_6.15.0.202507011659
2025-12-29 21:13:16,682 [INFO] DbMcusXml:78 - Set database path to: C:\ST\STM32CubeIDE_1.19.0\STM32CubeIDE\plugins\com.st.stm32cube.common.mx_6.15.0.202507011659\\db\/mcu/
2025-12-29 21:13:16,682 [INFO] ApiDb:274 - Set plugin database path to: C:\ST\STM32CubeIDE_1.19.0\STM32CubeIDE\plugins\com.st.stm32cube.common.mx_6.15.0.202507011659\\db\/plugins/boardmanager/
2025-12-29 21:13:16,683 [WARN] ApiDb:259 - Overriding images path with different value:  => C:\ST\STM32CubeIDE_1.19.0\STM32CubeIDE\plugins\com.st.stm32cube.common.mx_6.15.0.202507011659\\db\/plugins/mcufinder/images/
2025-12-29 21:13:16,693 [INFO] ApiDb:250 - Set database path to: C:\Users\aditi\.stmcufinder\plugins\mcufinder//mcu/
2025-12-29 21:13:16,694 [INFO] DbMcusAds:125 - Set database path to: C:\Users\aditi\.stmcufinder\plugins\mcufinder//mcu/
2025-12-29 21:13:16,697 [INFO] CrossReferenceDbSqlite:203 - Set database path to: C:\Users\aditi\.stmcufinder\plugins\mcufinder//mcu/cs/
2025-12-29 21:13:16,836 [INFO] RulesReader:64 - Compatibility file has been processed (317 Rules)
2025-12-29 21:13:16,916 [INFO] DbMcusXml:78 - Set database path to: C:\ST\STM32CubeIDE_1.19.0\STM32CubeIDE\plugins\com.st.stm32cube.common.mx_6.15.0.202507011659\\db\/mcu/
2025-12-29 21:13:16,916 [INFO] ApiDb:274 - Set plugin database path to: C:\ST\STM32CubeIDE_1.19.0\STM32CubeIDE\plugins\com.st.stm32cube.common.mx_6.15.0.202507011659\\db\/plugins/boardmanager/
2025-12-29 21:13:16,916 [INFO] ApiDb:261 - Set plugin images path to: C:\ST\STM32CubeIDE_1.19.0\STM32CubeIDE\plugins\com.st.stm32cube.common.mx_6.15.0.202507011659\\db\/plugins/mcufinder/images/
2025-12-29 21:13:16,917 [WARN] DbFile:41 - Overriding database path with different value: C:\Users\aditi\.stmcufinder\plugins\mcufinder/ => C:\Users\aditi\.stmcufinder\plugins\mcufinder
2025-12-29 21:13:16,917 [INFO] ApiDb:250 - Set database path to: C:\Users\aditi\.stmcufinder\plugins\mcufinder//mcu/
2025-12-29 21:13:16,917 [WARN] DbFile:41 - Overriding database path with different value: C:\Users\aditi\.stmcufinder\plugins\mcufinder/ => C:\Users\aditi\.stmcufinder\plugins\mcufinder
2025-12-29 21:13:16,917 [INFO] DbMcusAds:125 - Set database path to: C:\Users\aditi\.stmcufinder\plugins\mcufinder//mcu/
2025-12-29 21:13:16,917 [WARN] DbFile:41 - Overriding database path with different value: C:\Users\aditi\.stmcufinder\plugins\mcufinder/ => C:\Users\aditi\.stmcufinder\plugins\mcufinder
2025-12-29 21:13:16,917 [WARN] DbFile:41 - Overriding database path with different value: C:\Users\aditi\.stmcufinder\plugins\mcufinder/ => C:\Users\aditi\.stmcufinder\plugins\mcufinder
2025-12-29 21:13:16,917 [INFO] CrossReferenceDbSqlite:203 - Set database path to: C:\Users\aditi\.stmcufinder\plugins\mcufinder//mcu/cs/
2025-12-29 21:13:17,001 [INFO] MainPanel:274 - HeapMemory: 268435456
2025-12-29 21:13:17,161 [INFO] DbMcusXml:78 - Set database path to: C:\ST\STM32CubeIDE_1.19.0\STM32CubeIDE\plugins\com.st.stm32cube.common.mx_6.15.0.202507011659\\db\/mcu/
2025-12-29 21:13:17,161 [INFO] ApiDb:274 - Set plugin database path to: C:\ST\STM32CubeIDE_1.19.0\STM32CubeIDE\plugins\com.st.stm32cube.common.mx_6.15.0.202507011659\\db\/plugins/boardmanager/
2025-12-29 21:13:17,161 [INFO] ApiDb:261 - Set plugin images path to: C:\ST\STM32CubeIDE_1.19.0\STM32CubeIDE\plugins\com.st.stm32cube.common.mx_6.15.0.202507011659\\db\/plugins/mcufinder/images/
2025-12-29 21:13:17,162 [WARN] DbFile:41 - Overriding database path with different value: C:\Users\aditi\.stmcufinder\plugins\mcufinder/ => C:\Users\aditi\.stmcufinder\plugins\mcufinder
2025-12-29 21:13:17,162 [INFO] ApiDb:250 - Set database path to: C:\Users\aditi\.stmcufinder\plugins\mcufinder//mcu/
2025-12-29 21:13:17,162 [WARN] DbFile:41 - Overriding database path with different value: C:\Users\aditi\.stmcufinder\plugins\mcufinder/ => C:\Users\aditi\.stmcufinder\plugins\mcufinder
2025-12-29 21:13:17,162 [INFO] DbMcusAds:125 - Set database path to: C:\Users\aditi\.stmcufinder\plugins\mcufinder//mcu/
2025-12-29 21:13:17,162 [WARN] DbFile:41 - Overriding database path with different value: C:\Users\aditi\.stmcufinder\plugins\mcufinder/ => C:\Users\aditi\.stmcufinder\plugins\mcufinder
2025-12-29 21:13:17,162 [WARN] DbFile:41 - Overriding database path with different value: C:\Users\aditi\.stmcufinder\plugins\mcufinder/ => C:\Users\aditi\.stmcufinder\plugins\mcufinder
2025-12-29 21:13:17,162 [INFO] CrossReferenceDbSqlite:203 - Set database path to: C:\Users\aditi\.stmcufinder\plugins\mcufinder//mcu/cs/
2025-12-29 21:13:17,179 [INFO] ApplicationProperties:184 - Using Application install path: C:\ST\STM32CubeIDE_1.19.0\STM32CubeIDE\plugins\com.st.stm32cube.common.mx_6.15.0.202507011659
2025-12-29 21:13:17,180 [INFO] PluginManage:196 - Search for loadable plugins [exclusion list=, ]
2025-12-29 21:13:17,182 [INFO] PluginManage:310 - Check plugin analytics
2025-12-29 21:13:17,565 [INFO] AnalyticsPlugin:253 - Accepted Software Licenses: 
2025-12-29 21:13:17,566 [INFO] AnalyticsPlugin:255 - Accepted CMSIS Pack Licenses: 
2025-12-29 21:13:17,566 [INFO] AnalyticsPlugin:257 - Accepted Firmware Licenses: FW.F4.1.28.0
2025-12-29 21:13:17,570 [INFO] PluginManage:359 - Loaded plugin analytics (category:tool,tabindex:-1)
2025-12-29 21:13:17,570 [INFO] PluginManage:310 - Check plugin cadmodel
2025-12-29 21:13:17,580 [INFO] CADModel:105 - Init CAD model plugin
2025-12-29 21:13:17,580 [INFO] PluginManage:359 - Loaded plugin cadmodel (category:power,tabindex:5)
2025-12-29 21:13:17,580 [INFO] PluginManage:310 - Check plugin clock
2025-12-29 21:13:17,597 [INFO] PluginManage:359 - Loaded plugin clock (category:base,tabindex:2)
2025-12-29 21:13:17,597 [INFO] PluginManage:310 - Check plugin ddr
2025-12-29 21:13:17,601 [INFO] PluginManage:359 - Loaded plugin ddr (category:tool,tabindex:6)
2025-12-29 21:13:17,601 [INFO] PluginManage:310 - Check plugin filemanager
2025-12-29 21:13:17,801 [INFO] PluginManage:359 - Loaded plugin filemanager (category:base,tabindex:10)
2025-12-29 21:13:17,801 [INFO] PluginManage:310 - Check plugin ipmanager
2025-12-29 21:13:17,810 [INFO] PluginManage:359 - Loaded plugin ipmanager (category:base,tabindex:5)
2025-12-29 21:13:17,811 [INFO] PluginManage:310 - Check plugin lpbam
2025-12-29 21:13:17,822 [INFO] PluginManage:359 - Loaded plugin lpbam (category:base,tabindex:0)
2025-12-29 21:13:17,823 [INFO] PluginManage:310 - Check plugin memorymap
2025-12-29 21:13:17,840 [INFO] PluginManage:359 - Loaded plugin memorymap (category:base,tabindex:4)
2025-12-29 21:13:17,840 [INFO] PluginManage:310 - Check plugin pinoutandconfiguration
2025-12-29 21:13:17,851 [INFO] PluginManage:359 - Loaded plugin pinoutandconfiguration (category:base,tabindex:1)
2025-12-29 21:13:17,851 [INFO] PluginManage:310 - Check plugin pinoutconfig
2025-12-29 21:13:17,889 [ERROR] ConfigurationRetriever:142 - IOException on connection: sw-center.st.com
2025-12-29 21:13:17,890 [ERROR] ConfigurationRetriever:142 - IOException on connection: sw-center.st.com
2025-12-29 21:13:17,890 [ERROR] ConfigurationRetriever:142 - IOException on connection: sw-center.st.com
2025-12-29 21:13:17,939 [WARN] SupportedApi:132 - Cannot load RTOS API schema: s4s-elt-must-match.1: The content of 'definitions' must match (annotation?, (simpleType | complexType)?, (unique | key | keyref)*)). A problem was found starting at: attribute.
2025-12-29 21:13:18,071 [INFO] PluginManage:359 - Loaded plugin pinoutconfig (category:base,tabindex:0)
2025-12-29 21:13:18,071 [INFO] PluginManage:310 - Check plugin power
2025-12-29 21:13:18,081 [INFO] PluginManage:359 - Loaded plugin power (category:power,tabindex:4)
2025-12-29 21:13:18,081 [INFO] PluginManage:310 - Check plugin projectmanager
2025-12-29 21:13:18,117 [INFO] PluginManage:359 - Loaded plugin projectmanager (category:projectmanager,tabindex:4)
2025-12-29 21:13:18,118 [INFO] PluginManage:310 - Check plugin rif
2025-12-29 21:13:18,126 [INFO] PluginManage:359 - Loaded plugin rif (category:base,tabindex:3)
2025-12-29 21:13:18,126 [INFO] PluginManage:310 - Check plugin thirdparty
2025-12-29 21:13:18,303 [INFO] PluginManage:359 - Loaded plugin thirdparty (category:base,tabindex:-1)
2025-12-29 21:13:18,304 [INFO] PluginManage:310 - Check plugin tools
2025-12-29 21:13:18,304 [WARN] IntegrityCheckThread:84 - waiting for thirdparty lock release [integrity check]
2025-12-29 21:13:18,310 [INFO] IntegrityCheckThread:86 - entering critical section [integrity check]
2025-12-29 21:13:18,311 [INFO] ThirdPartyUpdaterWithRetryManager:70 - Updater plugin not ready yet. [1/15]
2025-12-29 21:13:18,315 [INFO] PluginManage:359 - Loaded plugin tools (category:base,tabindex:7)
2025-12-29 21:13:18,315 [INFO] PluginManage:310 - Check plugin tutovideos
2025-12-29 21:13:18,594 [INFO] PluginManage:359 - Loaded plugin tutovideos (category:base,tabindex:-1)
2025-12-29 21:13:18,594 [INFO] PluginManage:310 - Check plugin updater
2025-12-29 21:13:18,619 [INFO] PluginManage:359 - Loaded plugin updater (category:base,tabindex:12)
2025-12-29 21:13:18,619 [INFO] PluginManage:310 - Check plugin userauth
2025-12-29 21:13:18,619 [INFO] UserAuth:118 - Init User Auth plugin
2025-12-29 21:13:18,625 [INFO] PluginManage:359 - Loaded plugin userauth (category:base,tabindex:14)
2025-12-29 21:13:18,627 [INFO] PluginManage:283 - PluginManage : Loaded plugins [18]
2025-12-29 21:13:18,852 [INFO] PinOutPanel:1589 - setPackage(No Configuration,No Configuration)
2025-12-29 21:13:18,946 [INFO] CADModel:165 - CPN selected for project level
2025-12-29 21:13:18,946 [INFO] CADModel:114 - Register for checkConnection events
2025-12-29 21:13:18,966 [INFO] IPUIPlugin:80 - create IPUIPlugin
2025-12-29 21:13:18,966 [INFO] PluginManager:220 - loadIPPluginJar : add adc
2025-12-29 21:13:18,973 [INFO] IPUIPlugin:80 - create IPUIPlugin
2025-12-29 21:13:18,973 [INFO] PluginManager:220 - loadIPPluginJar : add aes
2025-12-29 21:13:18,977 [INFO] IPUIPlugin:80 - create IPUIPlugin
2025-12-29 21:13:18,977 [INFO] PluginManager:220 - loadIPPluginJar : add can
2025-12-29 21:13:18,979 [INFO] IPUIPlugin:80 - create IPUIPlugin
2025-12-29 21:13:18,979 [INFO] PluginManager:220 - loadIPPluginJar : add comp
2025-12-29 21:13:18,983 [INFO] IPUIPlugin:80 - create IPUIPlugin
2025-12-29 21:13:18,990 [INFO] PluginManager:220 - loadIPPluginJar : add cryp
2025-12-29 21:13:18,993 [INFO] IPUIPlugin:80 - create IPUIPlugin
2025-12-29 21:13:18,997 [INFO] PluginManager:220 - loadIPPluginJar : add ddr_ctrl_phy
2025-12-29 21:13:19,001 [INFO] IPUIPlugin:80 - create IPUIPlugin
2025-12-29 21:13:19,001 [INFO] PluginManager:220 - loadIPPluginJar : add dfsdm
2025-12-29 21:13:19,006 [INFO] IPUIPlugin:80 - create IPUIPlugin
2025-12-29 21:13:19,006 [INFO] PluginManager:220 - loadIPPluginJar : add dma
2025-12-29 21:13:19,006 [INFO] IPUIPlugin:80 - create IPUIPlugin
2025-12-29 21:13:19,012 [INFO] PluginManager:220 - loadIPPluginJar : add dma3
2025-12-29 21:13:19,015 [INFO] IPUIPlugin:80 - create IPUIPlugin
2025-12-29 21:13:19,015 [INFO] PluginManager:220 - loadIPPluginJar : add extmemmanager
2025-12-29 21:13:19,017 [INFO] IPUIPlugin:80 - create IPUIPlugin
2025-12-29 21:13:19,017 [INFO] PluginManager:220 - loadIPPluginJar : add fatfs
2025-12-29 21:13:19,019 [INFO] IPUIPlugin:80 - create IPUIPlugin
2025-12-29 21:13:19,019 [INFO] PluginManager:220 - loadIPPluginJar : add fmc
2025-12-29 21:13:19,028 [INFO] IPUIPlugin:80 - create IPUIPlugin
2025-12-29 21:13:19,028 [INFO] PluginManager:220 - loadIPPluginJar : add freertos
2025-12-29 21:13:19,028 [INFO] IPUIPlugin:80 - create IPUIPlugin
2025-12-29 21:13:19,028 [INFO] PluginManager:220 - loadIPPluginJar : add genericplugin
2025-12-29 21:13:19,038 [INFO] IPUIPlugin:80 - create IPUIPlugin
2025-12-29 21:13:19,038 [INFO] PluginManager:220 - loadIPPluginJar : add gfxmmu
2025-12-29 21:13:19,041 [INFO] IPUIPlugin:80 - create IPUIPlugin
2025-12-29 21:13:19,041 [INFO] PluginManager:220 - loadIPPluginJar : add gic
2025-12-29 21:13:19,049 [INFO] IPUIPlugin:80 - create IPUIPlugin
2025-12-29 21:13:19,049 [INFO] PluginManager:220 - loadIPPluginJar : add gpio
2025-12-29 21:13:19,051 [INFO] IPUIPlugin:80 - create IPUIPlugin
2025-12-29 21:13:19,051 [INFO] PluginManager:220 - loadIPPluginJar : add gtzc
2025-12-29 21:13:19,055 [INFO] IPUIPlugin:80 - create IPUIPlugin
2025-12-29 21:13:19,055 [INFO] PluginManager:220 - loadIPPluginJar : add hash
2025-12-29 21:13:19,057 [INFO] IPUIPlugin:80 - create IPUIPlugin
2025-12-29 21:13:19,057 [INFO] PluginManager:220 - loadIPPluginJar : add i2c
2025-12-29 21:13:19,062 [INFO] IPUIPlugin:80 - create IPUIPlugin
2025-12-29 21:13:19,062 [INFO] PluginManager:220 - loadIPPluginJar : add i2s
2025-12-29 21:13:19,066 [INFO] IPUIPlugin:80 - create IPUIPlugin
2025-12-29 21:13:19,066 [INFO] PluginManager:220 - loadIPPluginJar : add i3c
2025-12-29 21:13:19,070 [INFO] IPUIPlugin:80 - create IPUIPlugin
2025-12-29 21:13:19,070 [INFO] PluginManager:220 - loadIPPluginJar : add ipddr
2025-12-29 21:13:19,078 [INFO] IPUIPlugin:80 - create IPUIPlugin
2025-12-29 21:13:19,078 [INFO] PluginManager:220 - loadIPPluginJar : add linkedlist
2025-12-29 21:13:19,082 [INFO] IPUIPlugin:80 - create IPUIPlugin
2025-12-29 21:13:19,082 [INFO] PluginManager:220 - loadIPPluginJar : add lorawan
2025-12-29 21:13:19,082 [INFO] IPUIPlugin:80 - create IPUIPlugin
2025-12-29 21:13:19,082 [INFO] PluginManager:220 - loadIPPluginJar : add ltdc
2025-12-29 21:13:19,088 [INFO] IPUIPlugin:80 - create IPUIPlugin
2025-12-29 21:13:19,088 [INFO] PluginManager:220 - loadIPPluginJar : add mdma
2025-12-29 21:13:19,088 [INFO] IPUIPlugin:80 - create IPUIPlugin
2025-12-29 21:13:19,088 [INFO] PluginManager:220 - loadIPPluginJar : add nvic
2025-12-29 21:13:19,094 [INFO] IPUIPlugin:80 - create IPUIPlugin
2025-12-29 21:13:19,094 [INFO] PluginManager:220 - loadIPPluginJar : add opamp
2025-12-29 21:13:19,094 [INFO] IPUIPlugin:80 - create IPUIPlugin
2025-12-29 21:13:19,094 [INFO] PluginManager:220 - loadIPPluginJar : add openamp
2025-12-29 21:13:19,094 [INFO] IPUIPlugin:80 - create IPUIPlugin
2025-12-29 21:13:19,094 [INFO] PluginManager:220 - loadIPPluginJar : add pdm2pcm
2025-12-29 21:13:19,109 [INFO] IPUIPlugin:80 - create IPUIPlugin
2025-12-29 21:13:19,111 [INFO] PluginManager:220 - loadIPPluginJar : add plateformsettings
2025-12-29 21:13:19,113 [INFO] IPUIPlugin:80 - create IPUIPlugin
2025-12-29 21:13:19,113 [INFO] PluginManager:220 - loadIPPluginJar : add quadspi
2025-12-29 21:13:19,115 [INFO] IPUIPlugin:80 - create IPUIPlugin
2025-12-29 21:13:19,115 [INFO] PluginManager:220 - loadIPPluginJar : add radio
2025-12-29 21:13:19,123 [INFO] IPUIPlugin:80 - create IPUIPlugin
2025-12-29 21:13:19,123 [INFO] PluginManager:220 - loadIPPluginJar : add resmgrutility
2025-12-29 21:13:19,126 [INFO] IPUIPlugin:80 - create IPUIPlugin
2025-12-29 21:13:19,126 [INFO] PluginManager:220 - loadIPPluginJar : add sai
2025-12-29 21:13:19,126 [INFO] IPUIPlugin:80 - create IPUIPlugin
2025-12-29 21:13:19,126 [INFO] PluginManager:220 - loadIPPluginJar : add spi
2025-12-29 21:13:19,130 [INFO] IPUIPlugin:80 - create IPUIPlugin
2025-12-29 21:13:19,130 [INFO] PluginManager:220 - loadIPPluginJar : add stm32_wpan
2025-12-29 21:13:19,139 [INFO] IPUIPlugin:80 - create IPUIPlugin
2025-12-29 21:13:19,139 [INFO] PluginManager:220 - loadIPPluginJar : add tim
2025-12-29 21:13:19,142 [INFO] IPUIPlugin:80 - create IPUIPlugin
2025-12-29 21:13:19,142 [INFO] PluginManager:220 - loadIPPluginJar : add touchsensing
2025-12-29 21:13:19,142 [INFO] IPUIPlugin:80 - create IPUIPlugin
2025-12-29 21:13:19,142 [INFO] PluginManager:220 - loadIPPluginJar : add tracer_emb
2025-12-29 21:13:19,142 [INFO] IPUIPlugin:80 - create IPUIPlugin
2025-12-29 21:13:19,142 [INFO] PluginManager:220 - loadIPPluginJar : add ts
2025-12-29 21:13:19,142 [INFO] IPUIPlugin:80 - create IPUIPlugin
2025-12-29 21:13:19,142 [INFO] PluginManager:220 - loadIPPluginJar : add tsc
2025-12-29 21:13:19,142 [INFO] IPUIPlugin:80 - create IPUIPlugin
2025-12-29 21:13:19,142 [INFO] PluginManager:220 - loadIPPluginJar : add ucpd
2025-12-29 21:13:19,142 [INFO] IPUIPlugin:80 - create IPUIPlugin
2025-12-29 21:13:19,142 [INFO] PluginManager:220 - loadIPPluginJar : add usart
2025-12-29 21:13:19,155 [INFO] IPUIPlugin:80 - create IPUIPlugin
2025-12-29 21:13:19,155 [INFO] PluginManager:220 - loadIPPluginJar : add usbx
2025-12-29 21:13:19,284 [FATAL] Updater:351 - Updater called before beeing initialized
2025-12-29 21:13:19,367 [INFO] RulesReader:64 - Compatibility file has been processed (317 Rules)
2025-12-29 21:13:19,385 [INFO] RulesReader:64 - Compatibility file has been processed (317 Rules)
2025-12-29 21:13:19,410 [INFO] CADModel:165 - CPN selected for project level
2025-12-29 21:13:19,410 [INFO] CADModel:114 - Register for checkConnection events
2025-12-29 21:13:19,410 [FATAL] Updater:351 - Updater called before beeing initialized
2025-12-29 21:13:19,410 [ERROR] CADModel:125 - Updater not yet initialized, retry later 
2025-12-29 21:13:19,609 [FATAL] Updater:351 - Updater called before beeing initialized
2025-12-29 21:13:19,620 [INFO] CADModel:165 - CPN selected for project level
2025-12-29 21:13:19,620 [INFO] CADModel:114 - Register for checkConnection events
2025-12-29 21:13:19,621 [FATAL] Updater:351 - Updater called before beeing initialized
2025-12-29 21:13:19,621 [ERROR] CADModel:125 - Updater not yet initialized, retry later 
2025-12-29 21:13:19,621 [FATAL] Updater:351 - Updater called before beeing initialized
2025-12-29 21:13:19,750 [FATAL] Updater:351 - Updater called before beeing initialized
2025-12-29 21:13:19,762 [INFO] DbMcusAds:53 - JSON generation date=Tue Dec 16 04:41:46 IST 2025 (1765840306612)
2025-12-29 21:13:19,762 [FATAL] Updater:351 - Updater called before beeing initialized
2025-12-29 21:13:19,809 [WARN] DetailPanel:346 - Failed to get advertising image, set to default
2025-12-29 21:13:19,884 [FATAL] Updater:351 - Updater called before beeing initialized
2025-12-29 21:13:19,884 [FATAL] Updater:351 - Updater called before beeing initialized
2025-12-29 21:13:19,884 [FATAL] Updater:351 - Updater called before beeing initialized
2025-12-29 21:13:19,884 [WARN] DetailPanel:346 - Failed to get advertising image, set to default
2025-12-29 21:13:19,884 [FATAL] Updater:351 - Updater called before beeing initialized
2025-12-29 21:13:19,946 [ERROR] Updater:1198 - MainUpdater not yet initialized. External WinMGr cannot be set.
2025-12-29 21:13:19,946 [INFO] Updater:1134 - Updater Version found : 6.15.0
2025-12-29 21:13:19,962 [INFO] ApplicationProperties:184 - Using Application install path: C:\ST\STM32CubeIDE_1.19.0\STM32CubeIDE\plugins\com.st.stm32cube.common.mx_6.15.0.202507011659
2025-12-29 21:13:21,326 [INFO] ThirdPartyUpdaterWithRetryManager:70 - Updater plugin not ready yet. [2/15]
2025-12-29 21:13:21,599 [ERROR] LogOutputStream:75 - [STDERR_REDIRECT] Dec 29, 2025 9:13:21 PM java.util.prefs.WindowsPreferences <init>
2025-12-29 21:13:21,599 [ERROR] LogOutputStream:75 - [STDERR_REDIRECT] WARNING: Could not open/create prefs root node Software\JavaSoft\Prefs at root 0xffffffff80000002. Windows RegCreateKeyEx(...) returned error code 5.
2025-12-29 21:13:21,599 [ERROR] LogOutputStream:75 - [STDERR_REDIRECT] 
2025-12-29 21:13:22,036 [INFO] MainUpdater:2872 - connection check result : 22
2025-12-29 21:13:22,037 [INFO] MainUpdater:289 - Updater Check For Update Now.
2025-12-29 21:13:22,037 [INFO] MicroXplorer:498 - Change Database Version : DB.6.0.150
2025-12-29 21:13:22,230 [INFO] CheckServerUpdateThread:120 - End of CheckServer Thread
2025-12-29 21:13:22,270 [INFO] MainUpdater:2872 - connection check result : 22
2025-12-29 21:13:22,270 [INFO] MainUpdater:2872 - connection check result : 22
2025-12-29 21:13:24,587 [WARN] PackLoader:240 - Cannot read IP mode file for STMicroelectronics.FP-SNS-MOTENVWB1.1.4.0
2025-12-29 21:13:24,590 [WARN] PackLoader:240 - Cannot read IP mode file for STMicroelectronics.FP-ATR-ASTRA1.2.0.2
2025-12-29 21:13:24,603 [WARN] PackLoader:240 - Cannot read IP mode file for STMicroelectronics.X-CUBE-SMBUS.2.1.0
2025-12-29 21:13:24,660 [WARN] PackLoader:240 - Cannot read IP mode file for STMicroelectronics.X-CUBE-AZRTOS-F7.1.1.0
2025-12-29 21:13:24,696 [WARN] PackLoader:240 - Cannot read IP mode file for STMicroelectronics.X-CUBE-DISPLAY.3.0.0
2025-12-29 21:13:24,712 [WARN] PackLoader:240 - Cannot read IP mode file for STMicroelectronics.X-CUBE-NFC10.1.0.0
2025-12-29 21:13:24,727 [WARN] PackLoader:240 - Cannot read IP mode file for STMicroelectronics.FP-SNS-SMARTAG2.1.2.0
2025-12-29 21:13:24,743 [WARN] PackLoader:240 - Cannot read IP mode file for STMicroelectronics.FP-SNS-FLIGHT1.5.1.0
2025-12-29 21:13:24,758 [INFO] LogOutputStream:77 - [STDOUT_REDIRECT] 1 : Invalid condition id : UX_CORESTACK_Condition cause : null
2025-12-29 21:13:24,758 [INFO] LogOutputStream:77 - [STDOUT_REDIRECT] 1 : Invalid condition id : UX_CORESTACK_Condition cause : null
2025-12-29 21:13:24,774 [INFO] LogOutputStream:77 - [STDOUT_REDIRECT] 1 : Invalid condition id : UX_CORESTACK_Condition cause : null
2025-12-29 21:13:24,775 [INFO] LogOutputStream:77 - [STDOUT_REDIRECT] 1 : Invalid condition id : UX_CORESTACK_Condition cause : null
2025-12-29 21:13:24,775 [INFO] LogOutputStream:77 - [STDOUT_REDIRECT] 1 : Invalid condition id : UX_CORESTACK_Condition cause : null
2025-12-29 21:13:24,775 [WARN] PackLoader:240 - Cannot read IP mode file for STMicroelectronics.X-CUBE-AZRTOS-WL.2.0.0
2025-12-29 21:13:24,775 [WARN] PackLoader:240 - Cannot read IP mode file for STMicroelectronics.X-CUBE-BLE2.3.3.0
2025-12-29 21:13:24,790 [WARN] PackLoader:240 - Cannot read IP mode file for STMicroelectronics.X-CUBE-NFC9.1.0.0
2025-12-29 21:13:24,790 [WARN] PackLoader:240 - Cannot read IP mode file for STMicroelectronics.X-CUBE-BLE1.7.1.0
2025-12-29 21:13:24,822 [WARN] PackLoader:240 - Cannot read IP mode file for STMicroelectronics.X-CUBE-AZRTOS-G0.1.1.0
2025-12-29 21:13:24,838 [WARN] PackLoader:240 - Cannot read IP mode file for STMicroelectronics.X-CUBE-NFC4.3.0.0
2025-12-29 21:13:24,838 [WARN] PackLoader:240 - Cannot read IP mode file for STMicroelectronics.X-CUBE-WB05N.2.0.0
2025-12-29 21:13:24,859 [WARN] PackLoader:240 - Cannot read IP mode file for STMicroelectronics.X-CUBE-TCPP.4.2.0
2025-12-29 21:13:24,887 [WARN] PackLoader:240 - Cannot read IP mode file for STMicroelectronics.FP-ATR-SIGFOX1.3.2.0
2025-12-29 21:13:24,900 [WARN] PackLoader:240 - Cannot read IP mode file for STMicroelectronics.X-CUBE-ALGOBUILD.1.4.0
2025-12-29 21:13:24,906 [WARN] PackLoader:240 - Cannot read IP mode file for STMicroelectronics.X-CUBE-PM33A1.1.0.0
2025-12-29 21:13:24,935 [WARN] PackLoader:240 - Cannot read IP mode file for STMicroelectronics.X-CUBE-AZRTOS-F4.1.1.0
2025-12-29 21:13:24,949 [WARN] PackLoader:240 - Cannot read IP mode file for STMicroelectronics.X-CUBE-ISPU.2.1.0
2025-12-29 21:13:24,965 [WARN] PackLoader:240 - Cannot read IP mode file for STMicroelectronics.X-CUBE-AZRTOS-L5.2.0.0
2025-12-29 21:13:24,986 [WARN] PackLoader:240 - Cannot read IP mode file for STMicroelectronics.X-CUBE-NFC6.3.1.0
2025-12-29 21:13:24,996 [WARN] PackLoader:240 - Cannot read IP mode file for STMicroelectronics.X-CUBE-DPower.1.3.0
2025-12-29 21:13:25,027 [WARN] ConditionMgr:438 - getConditionDescription Invalid condition id : LAN8742 Phy interface Condition cause : null
2025-12-29 21:13:25,029 [WARN] PackLoader:240 - Cannot read IP mode file for STMicroelectronics.X-CUBE-AZRTOS-L4.2.0.0
2025-12-29 21:13:25,029 [WARN] ConditionMgr:1044 - genDependencies : Invalid condition id : LAN8742 Phy interface Condition cause : null
2025-12-29 21:13:25,029 [WARN] ConditionMgr:1044 - genDependencies : Invalid condition id : LAN8742 Phy interface Condition cause : null
2025-12-29 21:13:25,029 [WARN] ConditionMgr:1044 - genDependencies : Invalid condition id : LAN8742 Phy interface Condition cause : null
2025-12-29 21:13:25,042 [WARN] PackLoader:240 - Cannot read IP mode file for STMicroelectronics.X-CUBE-SFXS2LP1.4.0.0
2025-12-29 21:13:25,052 [WARN] ConditionMgr:438 - getConditionDescription Invalid condition id : UX DEVICE CLASS RTOS Condition cause : null
2025-12-29 21:13:25,052 [WARN] ConditionMgr:438 - getConditionDescription Invalid condition id : UX DEVICE CLASS RTOS Condition cause : null
2025-12-29 21:13:25,052 [WARN] PackLoader:240 - Cannot read IP mode file for STMicroelectronics.X-CUBE-AZRTOS-WB.2.0.0
2025-12-29 21:13:25,052 [WARN] ConditionMgr:1044 - genDependencies : Invalid condition id : UX DEVICE CLASS RTOS Condition cause : null
2025-12-29 21:13:25,052 [WARN] ConditionMgr:1044 - genDependencies : Invalid condition id : UX DEVICE CLASS RTOS Condition cause : null
2025-12-29 21:13:25,052 [WARN] ConditionMgr:1044 - genDependencies : Invalid condition id : UX DEVICE CLASS RTOS Condition cause : null
2025-12-29 21:13:25,052 [WARN] ConditionMgr:1044 - genDependencies : Invalid condition id : UX DEVICE CLASS RTOS Condition cause : null
2025-12-29 21:13:25,052 [WARN] ConditionMgr:1044 - genDependencies : Invalid condition id : UX DEVICE CLASS RTOS Condition cause : null
2025-12-29 21:13:25,068 [WARN] PackLoader:240 - Cannot read IP mode file for STMicroelectronics.X-CUBE-SUBG2.5.0.0
2025-12-29 21:13:25,082 [WARN] PackLoader:240 - Cannot read IP mode file for STMicroelectronics.X-CUBE-AZRTOS-G4.2.0.0
2025-12-29 21:13:25,091 [WARN] PackLoader:240 - Cannot read IP mode file for STMicroelectronics.X-CUBE-NFC7.2.0.0
2025-12-29 21:13:25,095 [WARN] PackLoader:240 - Cannot read IP mode file for STMicroelectronics.X-CUBE-ALS.1.0.2
2025-12-29 21:13:25,111 [WARN] PackLoader:240 - Cannot read IP mode file for STMicroelectronics.X-CUBE-TOF1.3.4.3
2025-12-29 21:13:25,130 [INFO] ThirdParty:978 - Integrity check success = true
2025-12-29 21:13:25,130 [INFO] IntegrityCheckThread:100 - exiting critical section [integrity check]
2025-12-29 21:13:25,130 [INFO] IntegrityCheckThread:103 - End integrity checks thread
2025-12-29 21:13:31,637 [INFO] MicroXplorer:468 - Change Database Path : 
2025-12-29 21:13:31,639 [INFO] MicroXplorer:498 - Change Database Version : DB.6.0.150
2025-12-29 21:13:31,662 [WARN] ThirdParty:871 - waiting for thirdparty lock release [close project]
2025-12-29 21:13:31,663 [INFO] ThirdParty:873 - entering critical section [close project]
2025-12-29 21:13:31,664 [INFO] ThirdParty:883 - exiting critical section [close project]
2025-12-29 21:13:31,667 [INFO] PinOutPanel:1589 - setPackage(No Configuration,No Configuration)
2025-12-29 21:13:31,671 [INFO] UtilMem:75 - Begin LoadConfig() Used Memory: 183716104 Bytes (269484032)
2025-12-29 21:13:31,674 [INFO] MicroXplorer:468 - Change Database Path : 
2025-12-29 21:13:31,674 [INFO] MicroXplorer:498 - Change Database Version : DB.6.0.150
2025-12-29 21:13:31,674 [INFO] OpenFileManager:355 - Change cursor
2025-12-29 21:13:31,710 [INFO] Mcu:2029 - Initializing MCU STM32F407V(E-G)Tx STM32F407VGTx STM32F407VGT6
2025-12-29 21:13:33,470 [INFO] Context:786 - Trying to add GPIOservice into a context  which must be forbidden
2025-12-29 21:13:34,149 [INFO] ImportTextPane:234 - (OptionalMessage_ERROR) Pin34 (VP_RIF_VS_RIF1) cannot be retrieved for this MCU
2025-12-29 21:13:34,299 [INFO] RtosManager:558 - Registered RTOS mode: class=CMSIS, group=RTOS, mode=CMSIS_V1, owner=FREERTOS
2025-12-29 21:13:34,300 [INFO] RtosManager:558 - Registered RTOS mode: class=CMSIS, group=RTOS2, mode=CMSIS_V2, owner=FREERTOS
2025-12-29 21:13:34,300 [INFO] RtosManager:558 - Registered RTOS mode: class=RTOS, group=Core, mode=CMSIS_V1, owner=FREERTOS
2025-12-29 21:13:34,300 [INFO] RtosManager:558 - Registered RTOS mode: class=RTOS, group=Core, mode=CMSIS_V2, owner=FREERTOS
2025-12-29 21:13:34,300 [WARN] ModelIntegratedComponent:184 - Missing modes for component STMicroelectronics:FreeRTOS:0.0.1:STMicroelectronics:RTOS:FreeRTOS:Core:::10.2.0:
2025-12-29 21:13:34,312 [WARN] ModelIntegratedComponent:63 - No mode defined for component null
2025-12-29 21:13:34,312 [WARN] ModelIntegratedComponent:63 - No mode defined for component null
2025-12-29 21:13:34,312 [WARN] ModelIntegratedComponent:63 - No mode defined for component null
2025-12-29 21:13:34,313 [WARN] ModelIntegratedComponent:63 - No mode defined for component null
2025-12-29 21:13:34,313 [WARN] ModelIntegratedComponent:63 - No mode defined for component null
2025-12-29 21:13:34,313 [WARN] ModelIntegratedComponent:63 - No mode defined for component null
2025-12-29 21:13:34,313 [WARN] ModelIntegratedComponent:63 - No mode defined for component null
2025-12-29 21:13:34,313 [WARN] ModelIntegratedComponent:63 - No mode defined for component null
2025-12-29 21:13:34,313 [WARN] ModelIntegratedComponent:63 - No mode defined for component null
2025-12-29 21:13:34,313 [WARN] ModelIntegratedComponent:63 - No mode defined for component null
2025-12-29 21:13:34,313 [WARN] ModelIntegratedComponent:63 - No mode defined for component null
2025-12-29 21:13:34,313 [WARN] ModelIntegratedComponent:63 - No mode defined for component null
2025-12-29 21:13:34,313 [WARN] ModelIntegratedComponent:63 - No mode defined for component null
2025-12-29 21:13:34,313 [WARN] ModelIntegratedComponent:63 - No mode defined for component null
2025-12-29 21:13:34,313 [WARN] ModelIntegratedComponent:63 - No mode defined for component null
2025-12-29 21:13:34,313 [WARN] ModelIntegratedComponent:63 - No mode defined for component null
2025-12-29 21:13:34,313 [WARN] ModelIntegratedComponent:63 - No mode defined for component null
2025-12-29 21:13:34,313 [WARN] ModelIntegratedComponent:63 - No mode defined for component null
2025-12-29 21:13:34,313 [WARN] ModelIntegratedComponent:63 - No mode defined for component null
2025-12-29 21:13:34,313 [WARN] ModelIntegratedComponent:63 - No mode defined for component null
2025-12-29 21:13:34,313 [WARN] ModelIntegratedComponent:63 - No mode defined for component null
2025-12-29 21:13:34,313 [WARN] ModelIntegratedComponent:63 - No mode defined for component null
2025-12-29 21:13:34,313 [WARN] ModelIntegratedComponent:63 - No mode defined for component null
2025-12-29 21:13:34,313 [WARN] ModelIntegratedComponent:63 - No mode defined for component null
2025-12-29 21:13:34,313 [WARN] ModelIntegratedComponent:63 - No mode defined for component null
2025-12-29 21:13:34,313 [WARN] ModelIntegratedComponent:63 - No mode defined for component null
2025-12-29 21:13:34,313 [WARN] ModelIntegratedComponent:63 - No mode defined for component null
2025-12-29 21:13:34,314 [WARN] ModelIntegratedComponent:63 - No mode defined for component null
2025-12-29 21:13:34,314 [WARN] ModelIntegratedComponent:63 - No mode defined for component null
2025-12-29 21:13:34,314 [WARN] ModelIntegratedComponent:63 - No mode defined for component null
2025-12-29 21:13:34,314 [WARN] ModelIntegratedComponent:63 - No mode defined for component null
2025-12-29 21:13:34,314 [WARN] ModelIntegratedComponent:63 - No mode defined for component null
2025-12-29 21:13:34,314 [WARN] ModelIntegratedComponent:63 - No mode defined for component null
2025-12-29 21:13:34,314 [WARN] ModelIntegratedComponent:63 - No mode defined for component null
2025-12-29 21:13:34,314 [WARN] ModelIntegratedComponent:63 - No mode defined for component null
2025-12-29 21:13:34,314 [WARN] ModelPack:524 - Component already loaded: STMicroelectronics:HAL Drivers:0.0.0:STMicroelectronics:Device:STMicro_Driver:XSPI:HAL::0.0.1:HAL_XSPI
2025-12-29 21:13:34,339 [INFO] ThirdPartyModel:298 - Start build external matchings
2025-12-29 21:13:34,415 [INFO] ThirdPartyModel:316 - End build external matchings
2025-12-29 21:13:34,904 [INFO] ApiDb:581 - Connected to CubeFinder SQLite database (C:\Users\aditi\.stmcufinder\plugins\mcufinder\mcu\cube-finder-db.db)
2025-12-29 21:13:35,012 [INFO] ApiDb:668 - CubeFinder database Data Model version=2.1
2025-12-29 21:13:35,012 [INFO] ApiDb:669 - CubeFinder database Configuration version=3.0.39
2025-12-29 21:13:35,012 [INFO] ApiDb:670 - CubeFinder database generation date=2025-11-05 (1762334721)
2025-12-29 21:13:35,012 [INFO] ApiDb:671 - CubeFinder database FW Pack versions=[FP-ATR-ASTRA1_V2.0.0, FP-SNS-FLIGHT1_V5.1.0, FP-SNS-MOTENV1_V5.1.0, FP-SNS-MOTENVWB1_V1.4.0, FP-SNS-SMARTAG2_V1.2.0, FP-SNS-STBOX1_V2.1.0, STM32Cube_FW_C0_V1.4.0, STM32Cube_FW_F4_V1.28.3, STM32Cube_FW_F7_V1.17.4, STM32Cube_FW_G0_V1.6.2, STM32Cube_FW_G4_V1.6.1, STM32Cube_FW_H5_V1.5.1, STM32Cube_FW_H7RS_V1.3.0, STM32Cube_FW_H7_V1.12.1, STM32Cube_FW_L0_V1.12.2, STM32Cube_FW_L4_V1.18.1, STM32Cube_FW_L5_V1.6.0, STM32Cube_FW_N6_V1.3.0, STM32Cube_FW_U0_V1.3.0, STM32Cube_FW_U3_V1.2.1, STM32Cube_FW_U5_V1.8.0, STM32Cube_FW_WB0_V1.4.0, STM32Cube_FW_WBA_V1.8.0, STM32Cube_FW_WB_V1.24.0, STM32Cube_FW_WL3_V1.3.0, STM32Cube_FW_WL_V1.4.0, X-CUBE-ALGOBUILD_V1.4.0, X-CUBE-ALS_V1.0.2, X-CUBE-AZRTOS-F4_V1.1.0, X-CUBE-AZRTOS-F7_V1.1.0, X-CUBE-AZRTOS-G0_V1.1.0, X-CUBE-AZRTOS-G4_V2.0.0, X-CUBE-AZRTOS-H7RS_V1.1.0, X-CUBE-AZRTOS-H7_V3.4.0, X-CUBE-AZRTOS-L4_V2.0.0, X-CUBE-AZRTOS-L5_V2.0.0, X-CUBE-AZRTOS-WB_V2.0.0, X-CUBE-AZRTOS-WL_V2.0.0, X-CUBE-BLE1_V7.1.0, X-CUBE-BLE2_V3.3.0, X-CUBE-BLEMGR_V4.1.0, X-CUBE-EEPRMA1_V5.2.0, X-CUBE-FREERTOS_V1.3.1, X-CUBE-GNSS1_V6.0.0, X-CUBE-MEMS1_V11.3.0, X-CUBE-NFC4_V3.0.0, X-CUBE-NFC7_V2.0.0, X-CUBE-SFXS2LP1_V4.0.0, X-CUBE-ST67W61_V1.1.0, X-CUBE-SUBG2_V5.0.0, X-CUBE-TOF1_V3.4.3]
2025-12-29 21:13:35,215 [INFO] DbBoardsSqlite:226 - include board P-NUCLEO-WB55-NUCLEO as a kit item of type 'Nucleo-64'
2025-12-29 21:13:35,215 [INFO] DbBoardsSqlite:226 - include board P-NUCLEO-WB55-USBDONGLE as a kit item of type 'Nucleo USB Dongle'
2025-12-29 21:13:35,217 [INFO] DbBoardsSqlite:226 - include board STEVAL-IDP005V1 as a kit item of type 'Evaluation Board'
2025-12-29 21:13:35,217 [INFO] DbBoardsSqlite:226 - include board STEVAL-IDP005V2 as a kit item of type 'Evaluation Board'
2025-12-29 21:13:35,609 [INFO] ApiDb:240 - Found 880 in-development CPN: [B-G473E-ZEST1S, B-WB1M-WPAN1, B-WBA5M-WPAN, B-WL5M-SUBG1, NUCLEO-C031C6, NUCLEO-C051C8, NUCLEO-C071RB, NUCLEO-C092RC, NUCLEO-H503RB, NUCLEO-H533RE, NUCLEO-H563ZI, NUCLEO-H7S3L8, NUCLEO-N657X0-Q, NUCLEO-U031R8, NUCLEO-U083RC, NUCLEO-U385RG-Q, NUCLEO-U545RE-Q, NUCLEO-U5A5ZJ-Q, NUCLEO-WB05KZ, NUCLEO-WB07CC, NUCLEO-WB09KE, NUCLEO-WBA52CG, NUCLEO-WBA55CG, NUCLEO-WL33CC1, NUCLEO-WL33CC2, STEVAL-PROTEUS1, STEVAL-SMARTAG2, STEVAL-STWINBX1, STM320518-EVAL, STM32C0116-DK, STM32C011D6Y3TR, STM32C011D6Y6TR, STM32C011F4P3, STM32C011F4P6, STM32C011F4U3, STM32C011F4U6TR, STM32C011F6P3, STM32C011F6P6, STM32C011F6U3, STM32C011F6U6TR, STM32C011J4M3, STM32C011J4M6, STM32C011J6M3, STM32C011J6M6, STM32C0316-DK, STM32C031C4T3, STM32C031C4T6, STM32C031C4U3, STM32C031C4U6, STM32C031C6T3, STM32C031C6T6, STM32C031C6U3, STM32C031C6U6, STM32C031F4P3, STM32C031F4P6, STM32C031F6P3, STM32C031F6P6, STM32C031G4U3, STM32C031G4U6, STM32C031G6U3, STM32C031G6U6, STM32C031K4T3, STM32C031K4T6, STM32C031K4U3, STM32C031K4U6, STM32C031K6T3, STM32C031K6T6, STM32C031K6U3, STM32C031K6U6, STM32C051C6T6, STM32C051C6U6, STM32C051C8T6, STM32C051C8U6, STM32C051D8Y6TR, STM32C051F6P6, STM32C051F8P6, STM32C051G6U6, STM32C051G8U6, STM32C051K6T6, STM32C051K6U6, STM32C051K8T6, STM32C071C8T6, STM32C071C8T6N, STM32C071C8U6, STM32C071C8U6N, STM32C071CBT6, STM32C071CBT6N, STM32C071CBU6, STM32C071CBU6N, STM32C071F8P6, STM32C071F8P6N, STM32C071FBP6, STM32C071FBP6N, STM32C071FBY6TR, STM32C071G8U6, STM32C071G8U6N, STM32C071GBU6, STM32C071GBU6N, STM32C071K8T6, STM32C071K8T6N, STM32C071K8U6, STM32C071K8U6N, STM32C071KBT6, STM32C071KBT6N, STM32C071KBU6, STM32C071KBU6N, STM32C071R8T6, STM32C071R8T6N, STM32C071RBI6N, STM32C071RBT6, STM32C071RBT6N, STM32C091CBT6, STM32C091CBU6, STM32C091CCT6, STM32C091CCU6, STM32C091ECY6TR, STM32C091FBP6, STM32C091FCP6, STM32C091GBU6, STM32C091GCU6, STM32C091KBT6, STM32C091KBU6, STM32C091KCT6, STM32C091KCU6, STM32C091RBT6, STM32C091RCI6, STM32C091RCT6, STM32C092CBT6, STM32C092CBU6, STM32C092CCT6, STM32C092CCU6, STM32C092ECY6TR, STM32C092FBP6, STM32C092FCP6, STM32C092GBU6, STM32C092GCU6, STM32C092KBT6, STM32C092KBU6, STM32C092KCT6, STM32C092KCU6, STM32C092RBT6, STM32C092RCI6, STM32C092RCT6, STM32G071K8TXN, STM32G071K8UXN, STM32G081GBU6N, STM32G081KBT6N, STM32G081KBUXN, STM32G0B1CCT6N, STM32G0B1KCT6, STM32G0B1NEY6TR, STM32G0B1RCT6N, STM32G0C1CCT6, STM32G0C1CCT6N, STM32G0C1CCU6N, STM32G0C1CET6N, STM32G0C1CEU6N, STM32G0C1KCT6, STM32G0C1NEY6TR, STM32G0C1RCI6N, STM32G0C1RCT6N, STM32G0C1REI6N, STM32G0C1RET6N, STM32G0C1VCI6, STM32G0C1VEI6, STM32G411C6T3, STM32G411C6T6, STM32G411C6U3, STM32G411C6U6, STM32G411C8T3, STM32G411C8T6, STM32G411C8U3, STM32G411C8U6, STM32G411CBT3, STM32G411CBT6, STM32G411CBU3, STM32G411CBU6, STM32G411K6T3, STM32G411K6T6, STM32G411K6U3, STM32G411K6U6, STM32G411K8T3, STM32G411K8T6, STM32G411K8U3, STM32G411K8U6, STM32G411KBT3, STM32G411KBT6, STM32G411KBU3, STM32G411KBU6, STM32G411M6T3, STM32G411M6T6, STM32G411M8T3, STM32G411M8T6, STM32G411MBT3, STM32G411MBT6, STM32G411R6T3, STM32G411R6T6, STM32G411R8T3, STM32G411R8T6, STM32G411RBT3, STM32G411RBT6, STM32G414CBT3, STM32G414CBT6, STM32G414CBU3, STM32G414CBU6, STM32G414CCT3, STM32G414CCT6, STM32G414CCU3, STM32G414CCU6, STM32G414MBT3, STM32G414MBT6, STM32G414MCT3, STM32G414MCT6, STM32G414RBT3, STM32G414RBT6, STM32G414RCT3, STM32G414RCT6, STM32G414VBT3, STM32G414VBT6, STM32G414VCT3, STM32G414VCT6, STM32G431CBT3Z, STM32G431RBT3Z, STM32G471CCT6, STM32G471CCU6, STM32G471CET3, STM32G471CET6, STM32G471CEU3, STM32G471CEU6, STM32G471MCT6, STM32G471MET3, STM32G471MET6, STM32G471MEY6TR, STM32G471QCT6, STM32G471QET3, STM32G471RCT6, STM32G471RET3, STM32G471RET6, STM32G471VCH6, STM32G471VCI6, STM32G471VCT6, STM32G471VEH3, STM32G471VEH6, STM32G471VEI3, STM32G471VEI6, STM32G471VET3, STM32G471VET6, STM32G473QET3Z, STM32G473RET3Z, STM32G474CCT6, STM32G491RET3Z, STM32H503CBT6, STM32H503CBU6, STM32H503EBY6TR, STM32H503KBU6, STM32H503RBT6, STM32H523CCT6, STM32H523CCU6, STM32H523CET6, STM32H523CEU6, STM32H523HEY6TR, STM32H523RCT6, STM32H523RET6, STM32H523VCI6, STM32H523VCT6, STM32H523VEI6, STM32H523VET6, STM32H523ZCJ6, STM32H523ZCT6, STM32H523ZEJ6, STM32H523ZET6, STM32H533CET6, STM32H533CEU6, STM32H533HEY6TR, STM32H533RET6, STM32H533VEI6, STM32H533VET6, STM32H533ZEJ6, STM32H533ZET6, STM32H562AGI6, STM32H562AII6, STM32H562IGK6, STM32H562IGT6, STM32H562IIK6, STM32H562IIT6, STM32H562RGT6, STM32H562RGV6, STM32H562RIT6, STM32H562RIV6, STM32H562VGT6, STM32H562VIT6, STM32H562ZGT6, STM32H562ZIT6, STM32H563AGI6, STM32H563AII3Q, STM32H563AII6, STM32H563IGK6, STM32H563IGT6, STM32H563IIK3Q, STM32H563IIK6, STM32H563IIT3Q, STM32H563IIT6, STM32H563MIY3QTR, STM32H563RGT6, STM32H563RGV6, STM32H563RIT6, STM32H563RIV6, STM32H563VGT6, STM32H563VIT3Q, STM32H563VIT6, STM32H563ZGT6, STM32H563ZIT3Q, STM32H563ZIT6, STM32H573AII3Q, STM32H573AII6, STM32H573I-DK, STM32H573IIK3Q, STM32H573IIK6, STM32H573IIT3Q, STM32H573IIT6, STM32H573MIY3QTR, STM32H573RIT6, STM32H573RIV6, STM32H573VIT3Q, STM32H573VIT6, STM32H573ZIT3Q, STM32H573ZIT6, STM32H7R3A8I6, STM32H7R3I8K6, STM32H7R3I8T6, STM32H7R3L8H6, STM32H7R3L8H6H, STM32H7R3R8V6, STM32H7R3V8H6, STM32H7R3V8T6, STM32H7R3V8Y6TR, STM32H7R3Z8J6, STM32H7R3Z8T6, STM32H7R7A8I6, STM32H7R7I8K6, STM32H7R7I8T6, STM32H7R7L8H6, STM32H7R7L8H6H, STM32H7R7Z8J6, STM32H7S3A8I6, STM32H7S3I8K6, STM32H7S3I8T6, STM32H7S3L8H6, STM32H7S3L8H6H, STM32H7S3R8V6, STM32H7S3V8H6, STM32H7S3V8T6, STM32H7S3V8Y6TR, STM32H7S3Z8J6, STM32H7S3Z8T6, STM32H7S78-DK, STM32H7S7A8I6, STM32H7S7I8K6, STM32H7S7I8T6, STM32H7S7L8H6, STM32H7S7L8H6H, STM32H7S7Z8J6, STM32L4R5QGI6STR, STM32MP131AAE3, STM32MP131AAF3, STM32MP131AAG3, STM32MP131CAE3, STM32MP131CAF3, STM32MP131CAG3, STM32MP131DAE7, STM32MP131DAF7, STM32MP131DAG7, STM32MP131FAE7, STM32MP131FAF7, STM32MP131FAG7, STM32MP133AAE3, STM32MP133AAF3, STM32MP133AAG3, STM32MP133CAE3, STM32MP133CAF3, STM32MP133CAG3, STM32MP133DAE7, STM32MP133DAF7, STM32MP133DAG7, STM32MP133FAE7, STM32MP133FAF7, STM32MP133FAG7, STM32MP135AAE3, STM32MP135AAF3, STM32MP135AAG3, STM32MP135CAE3, STM32MP135CAF3, STM32MP135CAG3, STM32MP135DAE7, STM32MP135DAF7, STM32MP135DAG7, STM32MP135F-DK, STM32MP135FAE7, STM32MP135FAF7, STM32MP135FAF7T, STM32MP135FAF7U, STM32MP135FAG7, STM32MP211AAL3, STM32MP211AAM3, STM32MP211AAN3, STM32MP211AAO3, STM32MP211CAL3, STM32MP211CAM3, STM32MP211CAN3, STM32MP211CAO3, STM32MP211DAL3, STM32MP211DAM3, STM32MP211DAN3, STM32MP211DAO3, STM32MP211FAL3, STM32MP211FAM3, STM32MP211FAN3, STM32MP211FAO3, STM32MP213AAL3, STM32MP213AAM3, STM32MP213AAN3, STM32MP213AAO3, STM32MP213CAL3, STM32MP213CAM3, STM32MP213CAN3, STM32MP213CAO3, STM32MP213DAL3, STM32MP213DAM3, STM32MP213DAN3, STM32MP213DAO3, STM32MP213FAL3, STM32MP213FAM3, STM32MP213FAN3, STM32MP213FAO3, STM32MP215AAL3, STM32MP215AAM3, STM32MP215AAN3, STM32MP215AAO3, STM32MP215CAL3, STM32MP215CAM3, STM32MP215CAN3, STM32MP215CAO3, STM32MP215DAL3, STM32MP215DAM3, STM32MP215DAN3, STM32MP215DAO3, STM32MP215F-DK, STM32MP215FAL3, STM32MP215FAM3, STM32MP215FAN3, STM32MP215FAO3, STM32MP231AAJ3, STM32MP231AAK3, STM32MP231AAL3, STM32MP231CAJ3, STM32MP231CAK3, STM32MP231CAL3, STM32MP231DAJ3, STM32MP231DAK3, STM32MP231DAL3, STM32MP231FAJ3, STM32MP231FAK3, STM32MP231FAL3, STM32MP233AAJ3, STM32MP233AAK3, STM32MP233AAL3, STM32MP233CAJ3, STM32MP233CAK3, STM32MP233CAL3, STM32MP233DAJ3, STM32MP233DAK3, STM32MP233DAL3, STM32MP233FAJ3, STM32MP233FAK3, STM32MP233FAL3, STM32MP235AAJ3, STM32MP235AAK3, STM32MP235AAL3, STM32MP235CAJ3, STM32MP235CAK3, STM32MP235CAL3, STM32MP235DAJ3, STM32MP235DAK3, STM32MP235DAL3, STM32MP235FAJ3, STM32MP235FAK3, STM32MP235FAL3, STM32MP251AAI3, STM32MP251AAK3, STM32MP251AAL3, STM32MP251CAI3, STM32MP251CAK3, STM32MP251CAL3, STM32MP251DAI3, STM32MP251DAK3, STM32MP251DAL3, STM32MP251FAI3, STM32MP251FAK3, STM32MP251FAL3, STM32MP253AAI3, STM32MP253AAK3, STM32MP253AAL3, STM32MP253CAI3, STM32MP253CAK3, STM32MP253CAL3, STM32MP253DAI3, STM32MP253DAK3, STM32MP253DAL3, STM32MP253FAI3, STM32MP253FAK3, STM32MP253FAL3, STM32MP255AAI3, STM32MP255AAK3, STM32MP255AAL3, STM32MP255CAI3, STM32MP255CAK3, STM32MP255CAL3, STM32MP255DAI3, STM32MP255DAK3, STM32MP255DAL3, STM32MP255FAI3, STM32MP255FAK3, STM32MP255FAL3, STM32MP257AAI3, STM32MP257AAK3, STM32MP257AAL3, STM32MP257CAI3, STM32MP257CAK3, STM32MP257CAL3, STM32MP257DAI3, STM32MP257DAK3, STM32MP257DAL3, STM32MP257F-DK, STM32MP257F-EV1, STM32MP257FAI3, STM32MP257FAK3, STM32MP257FAL3, STM32N645A0H3Q, STM32N645B0H3Q, STM32N645I0H3Q, STM32N645L0H3Q, STM32N645X0H3Q, STM32N645Z0H3Q, STM32N647A0H3Q, STM32N647B0H3Q, STM32N647I0H3Q, STM32N647L0H3Q, STM32N647X0H3Q, STM32N647Z0H3Q, STM32N655A0H3Q, STM32N655B0H3Q, STM32N655I0H3Q, STM32N655L0H3Q, STM32N655X0H3Q, STM32N655Z0H3Q, STM32N6570-DK, STM32N657A0H3Q, STM32N657B0H3Q, STM32N657I0H3Q, STM32N657L0H3Q, STM32N657X0H3Q, STM32N657Z0H3Q, STM32U031C6T6, STM32U031C6U6, STM32U031C8T6, STM32U031C8U6, STM32U031F4P6, STM32U031F6P6, STM32U031F8P6, STM32U031G6Y6TR, STM32U031G8Y6TR, STM32U031K4U6, STM32U031K6U6, STM32U031K8U6, STM32U031R6I6, STM32U031R6T6, STM32U031R8I6, STM32U031R8T6, STM32U073C8T6, STM32U073C8U6, STM32U073CBT6, STM32U073CBU6, STM32U073CCT6, STM32U073CCU6, STM32U073H8Y6TR, STM32U073HBY6TR, STM32U073HCY6TR, STM32U073K8U6, STM32U073KBU6, STM32U073KCU6, STM32U073M8I6, STM32U073M8T6, STM32U073MBI6, STM32U073MBT6, STM32U073MCI6, STM32U073MCT6, STM32U073R8I6, STM32U073R8T6, STM32U073RBI6, STM32U073RBT6, STM32U073RCI6, STM32U073RCT6, STM32U083C-DK, STM32U083CCT6, STM32U083CCU6, STM32U083HCY6TR, STM32U083KCU6, STM32U083MCI6, STM32U083MCT6, STM32U083RCI6, STM32U083RCT6, STM32U375CET6, STM32U375CET6Q, STM32U375CEU6, STM32U375CEU6Q, STM32U375CEY6QTR, STM32U375CGT6, STM32U375CGT6Q, STM32U375CGU6, STM32U375CGU6Q, STM32U375CGY6QTR, STM32U375KEU6, STM32U375KGU6, STM32U375REI6, STM32U375REI6Q, STM32U375RET6, STM32U375RET6Q, STM32U375REY6GTR, STM32U375REY6QTR, STM32U375RGI6, STM32U375RGI6Q, STM32U375RGT6, STM32U375RGT6Q, STM32U375RGY6GTR, STM32U375RGY6QTR, STM32U375VEI6, STM32U375VEI6Q, STM32U375VET6, STM32U375VET6Q, STM32U375VGI6, STM32U375VGI6Q, STM32U375VGT6, STM32U375VGT6Q, STM32U385CGT6, STM32U385CGT6Q, STM32U385CGU6, STM32U385CGU6Q, STM32U385CGY6QTR, STM32U385KGU6, STM32U385RGI6, STM32U385RGI6Q, STM32U385RGT6, STM32U385RGT6Q, STM32U385RGY6GTR, STM32U385RGY6QTR, STM32U385VGI6, STM32U385VGI6Q, STM32U385VGT6, STM32U385VGT6Q, STM32U535CBT6, STM32U535CBT6Q, STM32U535CBU6, STM32U535CBU6Q, STM32U535CCT6, STM32U535CCT6Q, STM32U535CCU6, STM32U535CCU6Q, STM32U535CET6, STM32U535CET6Q, STM32U535CEU6, STM32U535CEU6Q, STM32U535JEY6QTR, STM32U535NCY6QTR, STM32U535NEY6QTR, STM32U535RBI6, STM32U535RBI6Q, STM32U535RBT6, STM32U535RBT6Q, STM32U535RCI6, STM32U535RCI6Q, STM32U535RCT6, STM32U535RCT6Q, STM32U535REI6, STM32U535REI6Q, STM32U535RET6, STM32U535RET6Q, STM32U535VCI6, STM32U535VCI6Q, STM32U535VCT6, STM32U535VCT6Q, STM32U535VEI6, STM32U535VEI6Q, STM32U535VET6, STM32U535VET6Q, STM32U545CET6, STM32U545CET6Q, STM32U545CEU6, STM32U545CEU6Q, STM32U545JEY6QTR, STM32U545NEY6QTR, STM32U545REI6, STM32U545REI6Q, STM32U545RET6, STM32U545RET6Q, STM32U545VEI6, STM32U545VEI6Q, STM32U545VET6, STM32U545VET6Q, STM32U595AIH6, STM32U595AIH6Q, STM32U595AJH6, STM32U595AJH6Q, STM32U595QII6, STM32U595QII6Q, STM32U595QJI6, STM32U595QJI6Q, STM32U595RIT6, STM32U595RIT6Q, STM32U595RJT6, STM32U595RJT6Q, STM32U595VIT6, STM32U595VIT6Q, STM32U595VJT6, STM32U595VJT6Q, STM32U595ZIT6, STM32U595ZIT6Q, STM32U595ZIY6QTR, STM32U595ZJT6, STM32U595ZJT6Q, STM32U595ZJY6QTR, STM32U599BJY6QTR, STM32U599NIH6Q, STM32U599NJH6Q, STM32U599VIT6Q, STM32U599VJT6, STM32U599VJT6Q, STM32U599ZIT6Q, STM32U599ZIY6QTR, STM32U599ZJT6Q, STM32U599ZJY6QTR, STM32U5A5AJH6, STM32U5A5AJH6Q, STM32U5A5QII3Q , STM32U5A5QJI6, STM32U5A5QJI6Q, STM32U5A5RJT6, STM32U5A5RJT6Q, STM32U5A5VJT6, STM32U5A5VJT6Q, STM32U5A5ZJT6, STM32U5A5ZJT6Q, STM32U5A5ZJY6QTR, STM32U5A9BJY6QTR, STM32U5A9J-DK, STM32U5A9NJH6Q, STM32U5A9VJT6Q, STM32U5A9ZJT6Q, STM32U5A9ZJY6QTR, STM32U5F7VIT6, STM32U5F7VIT6Q, STM32U5F7VJT6, STM32U5F7VJT6Q, STM32U5F9BJY6QTR, STM32U5F9NJH6Q, STM32U5F9VIT6Q, STM32U5F9VJT6Q, STM32U5F9ZIJ6QTR, STM32U5F9ZIT6Q, STM32U5F9ZJJ6QTR, STM32U5F9ZJT6Q, STM32U5G7VJT6, STM32U5G7VJT6Q, STM32U5G9BJY6QTR, STM32U5G9J-DK1, STM32U5G9J-DK2, STM32U5G9NJH6Q, STM32U5G9VJT6Q, STM32U5G9ZJJ6QTR, STM32U5G9ZJT6Q, STM32WB05KZV6TR, STM32WB05KZV7TR, STM32WB05TZF6TR, STM32WB05TZF7TR, STM32WB06CCF6TR, STM32WB06CCF7TR, STM32WB06CCV6TR, STM32WB06CCV7TR, STM32WB06KCV6TR, STM32WB06KCV7TR, STM32WB07CCF6TR, STM32WB07CCF7TR, STM32WB07CCV6TR, STM32WB07CCV7TR, STM32WB07KCV6TR, STM32WB07KCV7TR, STM32WB09KEV6TR, STM32WB09KEV7TR, STM32WB09TEF6TR, STM32WB09TEF7TR, STM32WB1MMCH6, STM32WBA50KGU6, STM32WBA50KGU6TR, STM32WBA52CEU6, STM32WBA52CEU6TR, STM32WBA52CEU7, STM32WBA52CEU7TR, STM32WBA52CGU6, STM32WBA52CGU6TR, STM32WBA52CGU6U, STM32WBA52CGU7, STM32WBA52CGU7TR, STM32WBA52KEU6, STM32WBA52KEU6TR, STM32WBA52KGU6, STM32WBA52KGU6TR, STM32WBA54CEU6, STM32WBA54CEU6TR, STM32WBA54CEU7, STM32WBA54CEU7TR, STM32WBA54CGU6, STM32WBA54CGU6TR, STM32WBA54CGU7, STM32WBA54CGU7TR, STM32WBA54KEU6, STM32WBA54KEU6TR, STM32WBA54KEU7, STM32WBA54KEU7TR, STM32WBA54KGU6, STM32WBA54KGU6TR, STM32WBA54KGU7, STM32WBA54KGU7TR, STM32WBA55CEU6, STM32WBA55CEU6TR, STM32WBA55CEU7, STM32WBA55CEU7TR, STM32WBA55CGU6, STM32WBA55CGU6TR, STM32WBA55CGU6U, STM32WBA55CGU7, STM32WBA55CGU7TR, STM32WBA55G-DK1, STM32WBA55HEF6, STM32WBA55HEF7, STM32WBA55HGF6, STM32WBA55HGF7, STM32WBA55UEI6, STM32WBA55UEI6TR, STM32WBA55UEI7, STM32WBA55UEI7TR, STM32WBA55UGI6, STM32WBA55UGI6TR, STM32WBA55UGI7, STM32WBA55UGI7TR, STM32WBA5MMGH6TR, STM32WBA62MGF6, STM32WBA62MIF6, STM32WBA65MGF7, STM32WBA65MIF6, STM32WBA65MIF7, STM32WL30K8V6, STM32WL30KBV6, STM32WL31C8V6, STM32WL31CBV6, STM32WL31K8V6, STM32WL31KBV6, STM32WL33C8V6, STM32WL33C8V6X, STM32WL33CBV6, STM32WL33CBV6X, STM32WL33CCV6, STM32WL33CCV6A, STM32WL33CCV6X, STM32WL33K8V7, STM32WL33K8V7X, STM32WL33KBV7 , STM32WL33KBV7X, STM32WL33KCV7, STM32WL33KCV7X, STM32WL5MOCH6, STM32WL5MOCH6TR]
2025-12-29 21:13:35,614 [INFO] ApiDb:668 - CubeFinder database Data Model version=2.1
2025-12-29 21:13:35,614 [INFO] ApiDb:669 - CubeFinder database Configuration version=3.0.39
2025-12-29 21:13:35,614 [INFO] ApiDb:670 - CubeFinder database generation date=2025-11-05 (1762334721)
2025-12-29 21:13:35,614 [INFO] ApiDb:671 - CubeFinder database FW Pack versions=[FP-ATR-ASTRA1_V2.0.0, FP-SNS-FLIGHT1_V5.1.0, FP-SNS-MOTENV1_V5.1.0, FP-SNS-MOTENVWB1_V1.4.0, FP-SNS-SMARTAG2_V1.2.0, FP-SNS-STBOX1_V2.1.0, STM32Cube_FW_C0_V1.4.0, STM32Cube_FW_F4_V1.28.3, STM32Cube_FW_F7_V1.17.4, STM32Cube_FW_G0_V1.6.2, STM32Cube_FW_G4_V1.6.1, STM32Cube_FW_H5_V1.5.1, STM32Cube_FW_H7RS_V1.3.0, STM32Cube_FW_H7_V1.12.1, STM32Cube_FW_L0_V1.12.2, STM32Cube_FW_L4_V1.18.1, STM32Cube_FW_L5_V1.6.0, STM32Cube_FW_N6_V1.3.0, STM32Cube_FW_U0_V1.3.0, STM32Cube_FW_U3_V1.2.1, STM32Cube_FW_U5_V1.8.0, STM32Cube_FW_WB0_V1.4.0, STM32Cube_FW_WBA_V1.8.0, STM32Cube_FW_WB_V1.24.0, STM32Cube_FW_WL3_V1.3.0, STM32Cube_FW_WL_V1.4.0, X-CUBE-ALGOBUILD_V1.4.0, X-CUBE-ALS_V1.0.2, X-CUBE-AZRTOS-F4_V1.1.0, X-CUBE-AZRTOS-F7_V1.1.0, X-CUBE-AZRTOS-G0_V1.1.0, X-CUBE-AZRTOS-G4_V2.0.0, X-CUBE-AZRTOS-H7RS_V1.1.0, X-CUBE-AZRTOS-H7_V3.4.0, X-CUBE-AZRTOS-L4_V2.0.0, X-CUBE-AZRTOS-L5_V2.0.0, X-CUBE-AZRTOS-WB_V2.0.0, X-CUBE-AZRTOS-WL_V2.0.0, X-CUBE-BLE1_V7.1.0, X-CUBE-BLE2_V3.3.0, X-CUBE-BLEMGR_V4.1.0, X-CUBE-EEPRMA1_V5.2.0, X-CUBE-FREERTOS_V1.3.1, X-CUBE-GNSS1_V6.0.0, X-CUBE-MEMS1_V11.3.0, X-CUBE-NFC4_V3.0.0, X-CUBE-NFC7_V2.0.0, X-CUBE-SFXS2LP1_V4.0.0, X-CUBE-ST67W61_V1.1.0, X-CUBE-SUBG2_V5.0.0, X-CUBE-TOF1_V3.4.3]
2025-12-29 21:13:37,023 [INFO] ApiDb:240 - Found 880 in-development CPN: [B-G473E-ZEST1S, B-WB1M-WPAN1, B-WBA5M-WPAN, B-WL5M-SUBG1, NUCLEO-C031C6, NUCLEO-C051C8, NUCLEO-C071RB, NUCLEO-C092RC, NUCLEO-H503RB, NUCLEO-H533RE, NUCLEO-H563ZI, NUCLEO-H7S3L8, NUCLEO-N657X0-Q, NUCLEO-U031R8, NUCLEO-U083RC, NUCLEO-U385RG-Q, NUCLEO-U545RE-Q, NUCLEO-U5A5ZJ-Q, NUCLEO-WB05KZ, NUCLEO-WB07CC, NUCLEO-WB09KE, NUCLEO-WBA52CG, NUCLEO-WBA55CG, NUCLEO-WL33CC1, NUCLEO-WL33CC2, STEVAL-PROTEUS1, STEVAL-SMARTAG2, STEVAL-STWINBX1, STM320518-EVAL, STM32C0116-DK, STM32C011D6Y3TR, STM32C011D6Y6TR, STM32C011F4P3, STM32C011F4P6, STM32C011F4U3, STM32C011F4U6TR, STM32C011F6P3, STM32C011F6P6, STM32C011F6U3, STM32C011F6U6TR, STM32C011J4M3, STM32C011J4M6, STM32C011J6M3, STM32C011J6M6, STM32C0316-DK, STM32C031C4T3, STM32C031C4T6, STM32C031C4U3, STM32C031C4U6, STM32C031C6T3, STM32C031C6T6, STM32C031C6U3, STM32C031C6U6, STM32C031F4P3, STM32C031F4P6, STM32C031F6P3, STM32C031F6P6, STM32C031G4U3, STM32C031G4U6, STM32C031G6U3, STM32C031G6U6, STM32C031K4T3, STM32C031K4T6, STM32C031K4U3, STM32C031K4U6, STM32C031K6T3, STM32C031K6T6, STM32C031K6U3, STM32C031K6U6, STM32C051C6T6, STM32C051C6U6, STM32C051C8T6, STM32C051C8U6, STM32C051D8Y6TR, STM32C051F6P6, STM32C051F8P6, STM32C051G6U6, STM32C051G8U6, STM32C051K6T6, STM32C051K6U6, STM32C051K8T6, STM32C071C8T6, STM32C071C8T6N, STM32C071C8U6, STM32C071C8U6N, STM32C071CBT6, STM32C071CBT6N, STM32C071CBU6, STM32C071CBU6N, STM32C071F8P6, STM32C071F8P6N, STM32C071FBP6, STM32C071FBP6N, STM32C071FBY6TR, STM32C071G8U6, STM32C071G8U6N, STM32C071GBU6, STM32C071GBU6N, STM32C071K8T6, STM32C071K8T6N, STM32C071K8U6, STM32C071K8U6N, STM32C071KBT6, STM32C071KBT6N, STM32C071KBU6, STM32C071KBU6N, STM32C071R8T6, STM32C071R8T6N, STM32C071RBI6N, STM32C071RBT6, STM32C071RBT6N, STM32C091CBT6, STM32C091CBU6, STM32C091CCT6, STM32C091CCU6, STM32C091ECY6TR, STM32C091FBP6, STM32C091FCP6, STM32C091GBU6, STM32C091GCU6, STM32C091KBT6, STM32C091KBU6, STM32C091KCT6, STM32C091KCU6, STM32C091RBT6, STM32C091RCI6, STM32C091RCT6, STM32C092CBT6, STM32C092CBU6, STM32C092CCT6, STM32C092CCU6, STM32C092ECY6TR, STM32C092FBP6, STM32C092FCP6, STM32C092GBU6, STM32C092GCU6, STM32C092KBT6, STM32C092KBU6, STM32C092KCT6, STM32C092KCU6, STM32C092RBT6, STM32C092RCI6, STM32C092RCT6, STM32G071K8TXN, STM32G071K8UXN, STM32G081GBU6N, STM32G081KBT6N, STM32G081KBUXN, STM32G0B1CCT6N, STM32G0B1KCT6, STM32G0B1NEY6TR, STM32G0B1RCT6N, STM32G0C1CCT6, STM32G0C1CCT6N, STM32G0C1CCU6N, STM32G0C1CET6N, STM32G0C1CEU6N, STM32G0C1KCT6, STM32G0C1NEY6TR, STM32G0C1RCI6N, STM32G0C1RCT6N, STM32G0C1REI6N, STM32G0C1RET6N, STM32G0C1VCI6, STM32G0C1VEI6, STM32G411C6T3, STM32G411C6T6, STM32G411C6U3, STM32G411C6U6, STM32G411C8T3, STM32G411C8T6, STM32G411C8U3, STM32G411C8U6, STM32G411CBT3, STM32G411CBT6, STM32G411CBU3, STM32G411CBU6, STM32G411K6T3, STM32G411K6T6, STM32G411K6U3, STM32G411K6U6, STM32G411K8T3, STM32G411K8T6, STM32G411K8U3, STM32G411K8U6, STM32G411KBT3, STM32G411KBT6, STM32G411KBU3, STM32G411KBU6, STM32G411M6T3, STM32G411M6T6, STM32G411M8T3, STM32G411M8T6, STM32G411MBT3, STM32G411MBT6, STM32G411R6T3, STM32G411R6T6, STM32G411R8T3, STM32G411R8T6, STM32G411RBT3, STM32G411RBT6, STM32G414CBT3, STM32G414CBT6, STM32G414CBU3, STM32G414CBU6, STM32G414CCT3, STM32G414CCT6, STM32G414CCU3, STM32G414CCU6, STM32G414MBT3, STM32G414MBT6, STM32G414MCT3, STM32G414MCT6, STM32G414RBT3, STM32G414RBT6, STM32G414RCT3, STM32G414RCT6, STM32G414VBT3, STM32G414VBT6, STM32G414VCT3, STM32G414VCT6, STM32G431CBT3Z, STM32G431RBT3Z, STM32G471CCT6, STM32G471CCU6, STM32G471CET3, STM32G471CET6, STM32G471CEU3, STM32G471CEU6, STM32G471MCT6, STM32G471MET3, STM32G471MET6, STM32G471MEY6TR, STM32G471QCT6, STM32G471QET3, STM32G471RCT6, STM32G471RET3, STM32G471RET6, STM32G471VCH6, STM32G471VCI6, STM32G471VCT6, STM32G471VEH3, STM32G471VEH6, STM32G471VEI3, STM32G471VEI6, STM32G471VET3, STM32G471VET6, STM32G473QET3Z, STM32G473RET3Z, STM32G474CCT6, STM32G491RET3Z, STM32H503CBT6, STM32H503CBU6, STM32H503EBY6TR, STM32H503KBU6, STM32H503RBT6, STM32H523CCT6, STM32H523CCU6, STM32H523CET6, STM32H523CEU6, STM32H523HEY6TR, STM32H523RCT6, STM32H523RET6, STM32H523VCI6, STM32H523VCT6, STM32H523VEI6, STM32H523VET6, STM32H523ZCJ6, STM32H523ZCT6, STM32H523ZEJ6, STM32H523ZET6, STM32H533CET6, STM32H533CEU6, STM32H533HEY6TR, STM32H533RET6, STM32H533VEI6, STM32H533VET6, STM32H533ZEJ6, STM32H533ZET6, STM32H562AGI6, STM32H562AII6, STM32H562IGK6, STM32H562IGT6, STM32H562IIK6, STM32H562IIT6, STM32H562RGT6, STM32H562RGV6, STM32H562RIT6, STM32H562RIV6, STM32H562VGT6, STM32H562VIT6, STM32H562ZGT6, STM32H562ZIT6, STM32H563AGI6, STM32H563AII3Q, STM32H563AII6, STM32H563IGK6, STM32H563IGT6, STM32H563IIK3Q, STM32H563IIK6, STM32H563IIT3Q, STM32H563IIT6, STM32H563MIY3QTR, STM32H563RGT6, STM32H563RGV6, STM32H563RIT6, STM32H563RIV6, STM32H563VGT6, STM32H563VIT3Q, STM32H563VIT6, STM32H563ZGT6, STM32H563ZIT3Q, STM32H563ZIT6, STM32H573AII3Q, STM32H573AII6, STM32H573I-DK, STM32H573IIK3Q, STM32H573IIK6, STM32H573IIT3Q, STM32H573IIT6, STM32H573MIY3QTR, STM32H573RIT6, STM32H573RIV6, STM32H573VIT3Q, STM32H573VIT6, STM32H573ZIT3Q, STM32H573ZIT6, STM32H7R3A8I6, STM32H7R3I8K6, STM32H7R3I8T6, STM32H7R3L8H6, STM32H7R3L8H6H, STM32H7R3R8V6, STM32H7R3V8H6, STM32H7R3V8T6, STM32H7R3V8Y6TR, STM32H7R3Z8J6, STM32H7R3Z8T6, STM32H7R7A8I6, STM32H7R7I8K6, STM32H7R7I8T6, STM32H7R7L8H6, STM32H7R7L8H6H, STM32H7R7Z8J6, STM32H7S3A8I6, STM32H7S3I8K6, STM32H7S3I8T6, STM32H7S3L8H6, STM32H7S3L8H6H, STM32H7S3R8V6, STM32H7S3V8H6, STM32H7S3V8T6, STM32H7S3V8Y6TR, STM32H7S3Z8J6, STM32H7S3Z8T6, STM32H7S78-DK, STM32H7S7A8I6, STM32H7S7I8K6, STM32H7S7I8T6, STM32H7S7L8H6, STM32H7S7L8H6H, STM32H7S7Z8J6, STM32L4R5QGI6STR, STM32MP131AAE3, STM32MP131AAF3, STM32MP131AAG3, STM32MP131CAE3, STM32MP131CAF3, STM32MP131CAG3, STM32MP131DAE7, STM32MP131DAF7, STM32MP131DAG7, STM32MP131FAE7, STM32MP131FAF7, STM32MP131FAG7, STM32MP133AAE3, STM32MP133AAF3, STM32MP133AAG3, STM32MP133CAE3, STM32MP133CAF3, STM32MP133CAG3, STM32MP133DAE7, STM32MP133DAF7, STM32MP133DAG7, STM32MP133FAE7, STM32MP133FAF7, STM32MP133FAG7, STM32MP135AAE3, STM32MP135AAF3, STM32MP135AAG3, STM32MP135CAE3, STM32MP135CAF3, STM32MP135CAG3, STM32MP135DAE7, STM32MP135DAF7, STM32MP135DAG7, STM32MP135F-DK, STM32MP135FAE7, STM32MP135FAF7, STM32MP135FAF7T, STM32MP135FAF7U, STM32MP135FAG7, STM32MP211AAL3, STM32MP211AAM3, STM32MP211AAN3, STM32MP211AAO3, STM32MP211CAL3, STM32MP211CAM3, STM32MP211CAN3, STM32MP211CAO3, STM32MP211DAL3, STM32MP211DAM3, STM32MP211DAN3, STM32MP211DAO3, STM32MP211FAL3, STM32MP211FAM3, STM32MP211FAN3, STM32MP211FAO3, STM32MP213AAL3, STM32MP213AAM3, STM32MP213AAN3, STM32MP213AAO3, STM32MP213CAL3, STM32MP213CAM3, STM32MP213CAN3, STM32MP213CAO3, STM32MP213DAL3, STM32MP213DAM3, STM32MP213DAN3, STM32MP213DAO3, STM32MP213FAL3, STM32MP213FAM3, STM32MP213FAN3, STM32MP213FAO3, STM32MP215AAL3, STM32MP215AAM3, STM32MP215AAN3, STM32MP215AAO3, STM32MP215CAL3, STM32MP215CAM3, STM32MP215CAN3, STM32MP215CAO3, STM32MP215DAL3, STM32MP215DAM3, STM32MP215DAN3, STM32MP215DAO3, STM32MP215F-DK, STM32MP215FAL3, STM32MP215FAM3, STM32MP215FAN3, STM32MP215FAO3, STM32MP231AAJ3, STM32MP231AAK3, STM32MP231AAL3, STM32MP231CAJ3, STM32MP231CAK3, STM32MP231CAL3, STM32MP231DAJ3, STM32MP231DAK3, STM32MP231DAL3, STM32MP231FAJ3, STM32MP231FAK3, STM32MP231FAL3, STM32MP233AAJ3, STM32MP233AAK3, STM32MP233AAL3, STM32MP233CAJ3, STM32MP233CAK3, STM32MP233CAL3, STM32MP233DAJ3, STM32MP233DAK3, STM32MP233DAL3, STM32MP233FAJ3, STM32MP233FAK3, STM32MP233FAL3, STM32MP235AAJ3, STM32MP235AAK3, STM32MP235AAL3, STM32MP235CAJ3, STM32MP235CAK3, STM32MP235CAL3, STM32MP235DAJ3, STM32MP235DAK3, STM32MP235DAL3, STM32MP235FAJ3, STM32MP235FAK3, STM32MP235FAL3, STM32MP251AAI3, STM32MP251AAK3, STM32MP251AAL3, STM32MP251CAI3, STM32MP251CAK3, STM32MP251CAL3, STM32MP251DAI3, STM32MP251DAK3, STM32MP251DAL3, STM32MP251FAI3, STM32MP251FAK3, STM32MP251FAL3, STM32MP253AAI3, STM32MP253AAK3, STM32MP253AAL3, STM32MP253CAI3, STM32MP253CAK3, STM32MP253CAL3, STM32MP253DAI3, STM32MP253DAK3, STM32MP253DAL3, STM32MP253FAI3, STM32MP253FAK3, STM32MP253FAL3, STM32MP255AAI3, STM32MP255AAK3, STM32MP255AAL3, STM32MP255CAI3, STM32MP255CAK3, STM32MP255CAL3, STM32MP255DAI3, STM32MP255DAK3, STM32MP255DAL3, STM32MP255FAI3, STM32MP255FAK3, STM32MP255FAL3, STM32MP257AAI3, STM32MP257AAK3, STM32MP257AAL3, STM32MP257CAI3, STM32MP257CAK3, STM32MP257CAL3, STM32MP257DAI3, STM32MP257DAK3, STM32MP257DAL3, STM32MP257F-DK, STM32MP257F-EV1, STM32MP257FAI3, STM32MP257FAK3, STM32MP257FAL3, STM32N645A0H3Q, STM32N645B0H3Q, STM32N645I0H3Q, STM32N645L0H3Q, STM32N645X0H3Q, STM32N645Z0H3Q, STM32N647A0H3Q, STM32N647B0H3Q, STM32N647I0H3Q, STM32N647L0H3Q, STM32N647X0H3Q, STM32N647Z0H3Q, STM32N655A0H3Q, STM32N655B0H3Q, STM32N655I0H3Q, STM32N655L0H3Q, STM32N655X0H3Q, STM32N655Z0H3Q, STM32N6570-DK, STM32N657A0H3Q, STM32N657B0H3Q, STM32N657I0H3Q, STM32N657L0H3Q, STM32N657X0H3Q, STM32N657Z0H3Q, STM32U031C6T6, STM32U031C6U6, STM32U031C8T6, STM32U031C8U6, STM32U031F4P6, STM32U031F6P6, STM32U031F8P6, STM32U031G6Y6TR, STM32U031G8Y6TR, STM32U031K4U6, STM32U031K6U6, STM32U031K8U6, STM32U031R6I6, STM32U031R6T6, STM32U031R8I6, STM32U031R8T6, STM32U073C8T6, STM32U073C8U6, STM32U073CBT6, STM32U073CBU6, STM32U073CCT6, STM32U073CCU6, STM32U073H8Y6TR, STM32U073HBY6TR, STM32U073HCY6TR, STM32U073K8U6, STM32U073KBU6, STM32U073KCU6, STM32U073M8I6, STM32U073M8T6, STM32U073MBI6, STM32U073MBT6, STM32U073MCI6, STM32U073MCT6, STM32U073R8I6, STM32U073R8T6, STM32U073RBI6, STM32U073RBT6, STM32U073RCI6, STM32U073RCT6, STM32U083C-DK, STM32U083CCT6, STM32U083CCU6, STM32U083HCY6TR, STM32U083KCU6, STM32U083MCI6, STM32U083MCT6, STM32U083RCI6, STM32U083RCT6, STM32U375CET6, STM32U375CET6Q, STM32U375CEU6, STM32U375CEU6Q, STM32U375CEY6QTR, STM32U375CGT6, STM32U375CGT6Q, STM32U375CGU6, STM32U375CGU6Q, STM32U375CGY6QTR, STM32U375KEU6, STM32U375KGU6, STM32U375REI6, STM32U375REI6Q, STM32U375RET6, STM32U375RET6Q, STM32U375REY6GTR, STM32U375REY6QTR, STM32U375RGI6, STM32U375RGI6Q, STM32U375RGT6, STM32U375RGT6Q, STM32U375RGY6GTR, STM32U375RGY6QTR, STM32U375VEI6, STM32U375VEI6Q, STM32U375VET6, STM32U375VET6Q, STM32U375VGI6, STM32U375VGI6Q, STM32U375VGT6, STM32U375VGT6Q, STM32U385CGT6, STM32U385CGT6Q, STM32U385CGU6, STM32U385CGU6Q, STM32U385CGY6QTR, STM32U385KGU6, STM32U385RGI6, STM32U385RGI6Q, STM32U385RGT6, STM32U385RGT6Q, STM32U385RGY6GTR, STM32U385RGY6QTR, STM32U385VGI6, STM32U385VGI6Q, STM32U385VGT6, STM32U385VGT6Q, STM32U535CBT6, STM32U535CBT6Q, STM32U535CBU6, STM32U535CBU6Q, STM32U535CCT6, STM32U535CCT6Q, STM32U535CCU6, STM32U535CCU6Q, STM32U535CET6, STM32U535CET6Q, STM32U535CEU6, STM32U535CEU6Q, STM32U535JEY6QTR, STM32U535NCY6QTR, STM32U535NEY6QTR, STM32U535RBI6, STM32U535RBI6Q, STM32U535RBT6, STM32U535RBT6Q, STM32U535RCI6, STM32U535RCI6Q, STM32U535RCT6, STM32U535RCT6Q, STM32U535REI6, STM32U535REI6Q, STM32U535RET6, STM32U535RET6Q, STM32U535VCI6, STM32U535VCI6Q, STM32U535VCT6, STM32U535VCT6Q, STM32U535VEI6, STM32U535VEI6Q, STM32U535VET6, STM32U535VET6Q, STM32U545CET6, STM32U545CET6Q, STM32U545CEU6, STM32U545CEU6Q, STM32U545JEY6QTR, STM32U545NEY6QTR, STM32U545REI6, STM32U545REI6Q, STM32U545RET6, STM32U545RET6Q, STM32U545VEI6, STM32U545VEI6Q, STM32U545VET6, STM32U545VET6Q, STM32U595AIH6, STM32U595AIH6Q, STM32U595AJH6, STM32U595AJH6Q, STM32U595QII6, STM32U595QII6Q, STM32U595QJI6, STM32U595QJI6Q, STM32U595RIT6, STM32U595RIT6Q, STM32U595RJT6, STM32U595RJT6Q, STM32U595VIT6, STM32U595VIT6Q, STM32U595VJT6, STM32U595VJT6Q, STM32U595ZIT6, STM32U595ZIT6Q, STM32U595ZIY6QTR, STM32U595ZJT6, STM32U595ZJT6Q, STM32U595ZJY6QTR, STM32U599BJY6QTR, STM32U599NIH6Q, STM32U599NJH6Q, STM32U599VIT6Q, STM32U599VJT6, STM32U599VJT6Q, STM32U599ZIT6Q, STM32U599ZIY6QTR, STM32U599ZJT6Q, STM32U599ZJY6QTR, STM32U5A5AJH6, STM32U5A5AJH6Q, STM32U5A5QII3Q , STM32U5A5QJI6, STM32U5A5QJI6Q, STM32U5A5RJT6, STM32U5A5RJT6Q, STM32U5A5VJT6, STM32U5A5VJT6Q, STM32U5A5ZJT6, STM32U5A5ZJT6Q, STM32U5A5ZJY6QTR, STM32U5A9BJY6QTR, STM32U5A9J-DK, STM32U5A9NJH6Q, STM32U5A9VJT6Q, STM32U5A9ZJT6Q, STM32U5A9ZJY6QTR, STM32U5F7VIT6, STM32U5F7VIT6Q, STM32U5F7VJT6, STM32U5F7VJT6Q, STM32U5F9BJY6QTR, STM32U5F9NJH6Q, STM32U5F9VIT6Q, STM32U5F9VJT6Q, STM32U5F9ZIJ6QTR, STM32U5F9ZIT6Q, STM32U5F9ZJJ6QTR, STM32U5F9ZJT6Q, STM32U5G7VJT6, STM32U5G7VJT6Q, STM32U5G9BJY6QTR, STM32U5G9J-DK1, STM32U5G9J-DK2, STM32U5G9NJH6Q, STM32U5G9VJT6Q, STM32U5G9ZJJ6QTR, STM32U5G9ZJT6Q, STM32WB05KZV6TR, STM32WB05KZV7TR, STM32WB05TZF6TR, STM32WB05TZF7TR, STM32WB06CCF6TR, STM32WB06CCF7TR, STM32WB06CCV6TR, STM32WB06CCV7TR, STM32WB06KCV6TR, STM32WB06KCV7TR, STM32WB07CCF6TR, STM32WB07CCF7TR, STM32WB07CCV6TR, STM32WB07CCV7TR, STM32WB07KCV6TR, STM32WB07KCV7TR, STM32WB09KEV6TR, STM32WB09KEV7TR, STM32WB09TEF6TR, STM32WB09TEF7TR, STM32WB1MMCH6, STM32WBA50KGU6, STM32WBA50KGU6TR, STM32WBA52CEU6, STM32WBA52CEU6TR, STM32WBA52CEU7, STM32WBA52CEU7TR, STM32WBA52CGU6, STM32WBA52CGU6TR, STM32WBA52CGU6U, STM32WBA52CGU7, STM32WBA52CGU7TR, STM32WBA52KEU6, STM32WBA52KEU6TR, STM32WBA52KGU6, STM32WBA52KGU6TR, STM32WBA54CEU6, STM32WBA54CEU6TR, STM32WBA54CEU7, STM32WBA54CEU7TR, STM32WBA54CGU6, STM32WBA54CGU6TR, STM32WBA54CGU7, STM32WBA54CGU7TR, STM32WBA54KEU6, STM32WBA54KEU6TR, STM32WBA54KEU7, STM32WBA54KEU7TR, STM32WBA54KGU6, STM32WBA54KGU6TR, STM32WBA54KGU7, STM32WBA54KGU7TR, STM32WBA55CEU6, STM32WBA55CEU6TR, STM32WBA55CEU7, STM32WBA55CEU7TR, STM32WBA55CGU6, STM32WBA55CGU6TR, STM32WBA55CGU6U, STM32WBA55CGU7, STM32WBA55CGU7TR, STM32WBA55G-DK1, STM32WBA55HEF6, STM32WBA55HEF7, STM32WBA55HGF6, STM32WBA55HGF7, STM32WBA55UEI6, STM32WBA55UEI6TR, STM32WBA55UEI7, STM32WBA55UEI7TR, STM32WBA55UGI6, STM32WBA55UGI6TR, STM32WBA55UGI7, STM32WBA55UGI7TR, STM32WBA5MMGH6TR, STM32WBA62MGF6, STM32WBA62MIF6, STM32WBA65MGF7, STM32WBA65MIF6, STM32WBA65MIF7, STM32WL30K8V6, STM32WL30KBV6, STM32WL31C8V6, STM32WL31CBV6, STM32WL31K8V6, STM32WL31KBV6, STM32WL33C8V6, STM32WL33C8V6X, STM32WL33CBV6, STM32WL33CBV6X, STM32WL33CCV6, STM32WL33CCV6A, STM32WL33CCV6X, STM32WL33K8V7, STM32WL33K8V7X, STM32WL33KBV7 , STM32WL33KBV7X, STM32WL33KCV7, STM32WL33KCV7X, STM32WL5MOCH6, STM32WL5MOCH6TR]
2025-12-29 21:13:37,055 [INFO] DbMcus:218 - Found 4876 MCUs, 4876 are supported
2025-12-29 21:13:37,055 [INFO] ApiDb:423 - Load user favorites file C:\Users\aditi/.stm32cubeide/favorites.mcus.txt: 0 item(s)
2025-12-29 21:13:37,055 [INFO] ApiDb:427 - User favorites MCUs=[]
2025-12-29 21:13:37,055 [INFO] DbMcus:224 - Set 0 / 0 favorites MCUs
2025-12-29 21:13:37,593 [INFO] BoardInfo:889 - No configuration file found for board P-NUCLEO-WB55
2025-12-29 21:13:37,593 [INFO] DbBoards:161 - Kit is not supported: P-NUCLEO-WB55
2025-12-29 21:13:37,593 [INFO] BoardInfo:889 - No configuration file found for board STEVAL-BFA001V1B
2025-12-29 21:13:37,593 [INFO] DbBoards:161 - Kit is not supported: STEVAL-BFA001V1B
2025-12-29 21:13:37,593 [INFO] BoardInfo:889 - No configuration file found for board STEVAL-BFA001V2B
2025-12-29 21:13:37,593 [INFO] DbBoards:161 - Kit is not supported: STEVAL-BFA001V2B
2025-12-29 21:13:37,888 [INFO] DbBoards:168 - Found 212 boards, 209 are supported
2025-12-29 21:13:37,888 [INFO] DbBoards:169 - Found 212 boards, 43 of them is supported for  Bsp
2025-12-29 21:13:37,904 [INFO] ApiDb:423 - Load user favorites file C:\Users\aditi/.stm32cubeide/favorites.boards.txt: 1 item(s)
2025-12-29 21:13:37,904 [INFO] ApiDb:427 - User favorites Boards=[STM32F407G-DISC1]
2025-12-29 21:13:37,904 [INFO] DbBoards:198 - Set 1 / 1 favorites Boards
2025-12-29 21:13:38,001 [INFO] UtilMem:75 - End LoadConfig() Used Memory: 186280544 Bytes (329252864)
2025-12-29 21:13:38,144 [WARN] ThirdParty:833 - waiting for thirdparty lock release [change project]
2025-12-29 21:13:38,144 [INFO] ThirdParty:835 - entering critical section [change project]
2025-12-29 21:13:38,144 [INFO] ThirdParty:1030 - CMSIS Pack Vendor :STMicroelectronics X-CUBE-PM33A1 1.0.0
2025-12-29 21:13:38,144 [INFO] ThirdParty:1030 - CMSIS Pack Vendor :STMicroelectronics USBPD 4.1
2025-12-29 21:13:38,144 [INFO] ThirdParty:1030 - CMSIS Pack Vendor :STMicroelectronics X-CUBE-NFC9 1.0.0
2025-12-29 21:13:38,144 [INFO] ThirdParty:1030 - CMSIS Pack Vendor :STMicroelectronics USB_HOST 2.0.0
2025-12-29 21:13:38,144 [INFO] ThirdParty:1030 - CMSIS Pack Vendor :STMicroelectronics FP-SNS-MOTENVWB1 1.4.0
2025-12-29 21:13:38,144 [INFO] ThirdParty:1030 - CMSIS Pack Vendor :STMicroelectronics X-CUBE-AZRTOS-F4 1.1.0
2025-12-29 21:13:38,144 [INFO] ThirdParty:1030 - CMSIS Pack Vendor :STMicroelectronics LIBJPEG 8.0.0
2025-12-29 21:13:38,144 [INFO] ThirdParty:1030 - CMSIS Pack Vendor :STMicroelectronics FP-ATR-ASTRA1 2.0.2
2025-12-29 21:13:38,144 [INFO] ThirdParty:1030 - CMSIS Pack Vendor :STMicroelectronics X-CUBE-BLE1 7.1.0
2025-12-29 21:13:38,144 [INFO] ThirdParty:1030 - CMSIS Pack Vendor :STMicroelectronics X-CUBE-SMBUS 2.1.0
2025-12-29 21:13:38,144 [INFO] ThirdParty:1030 - CMSIS Pack Vendor :STMicroelectronics USB_DEVICE 3.0.0
2025-12-29 21:13:38,144 [INFO] ThirdParty:1030 - CMSIS Pack Vendor :STMicroelectronics X-CUBE-ISPU 2.1.0
2025-12-29 21:13:38,144 [INFO] ThirdParty:1030 - CMSIS Pack Vendor :STMicroelectronics X-CUBE-AZRTOS-WB 2.0.0
2025-12-29 21:13:38,144 [INFO] ThirdParty:1030 - CMSIS Pack Vendor :STMicroelectronics X-CUBE-AZRTOS-F7 1.1.0
2025-12-29 21:13:38,148 [INFO] ThirdParty:1030 - CMSIS Pack Vendor :STMicroelectronics X-CUBE-AZRTOS-L5 2.0.0
2025-12-29 21:13:38,148 [INFO] ThirdParty:1030 - CMSIS Pack Vendor :STMicroelectronics USB_DEVICE 2.0.0
2025-12-29 21:13:38,148 [INFO] ThirdParty:1030 - CMSIS Pack Vendor :STMicroelectronics X-CUBE-NFC6 3.1.0
2025-12-29 21:13:38,148 [INFO] ThirdParty:1030 - CMSIS Pack Vendor :STMicroelectronics FreeRTOS 0.0.1
2025-12-29 21:13:38,148 [INFO] ThirdParty:1030 - CMSIS Pack Vendor :STMicroelectronics X-CUBE-AZRTOS-G0 1.1.0
2025-12-29 21:13:38,148 [INFO] ThirdParty:1030 - CMSIS Pack Vendor :STMicroelectronics X-CUBE-NFC4 3.0.0
2025-12-29 21:13:38,148 [INFO] ThirdParty:1030 - CMSIS Pack Vendor :STMicroelectronics X-CUBE-SUBG2 5.0.0
2025-12-29 21:13:38,148 [INFO] ThirdParty:1030 - CMSIS Pack Vendor :STMicroelectronics STM32_WPAN 1.0.0
2025-12-29 21:13:38,148 [INFO] ThirdParty:1030 - CMSIS Pack Vendor :STMicroelectronics lwIP 2.0.3
2025-12-29 21:13:38,148 [INFO] ThirdParty:1030 - CMSIS Pack Vendor :STMicroelectronics USB_HOST 1.0.0
2025-12-29 21:13:38,148 [INFO] ThirdParty:1030 - CMSIS Pack Vendor :STMicroelectronics X-CUBE-AZRTOS-G4 2.0.0
2025-12-29 21:13:38,148 [INFO] ThirdParty:1030 - CMSIS Pack Vendor :STMicroelectronics X-CUBE-WB05N 2.0.0
2025-12-29 21:13:38,148 [INFO] ThirdParty:1030 - CMSIS Pack Vendor :STMicroelectronics PDM2PCM 3.1.0
2025-12-29 21:13:38,148 [INFO] ThirdParty:1030 - CMSIS Pack Vendor :STMicroelectronics PDM2PCM 3.3.0
2025-12-29 21:13:38,148 [INFO] ThirdParty:1030 - CMSIS Pack Vendor :STMicroelectronics X-CUBE-DISPLAY 3.0.0
2025-12-29 21:13:38,148 [INFO] ThirdParty:1030 - CMSIS Pack Vendor :STMicroelectronics X-CUBE-NFC7 2.0.0
2025-12-29 21:13:38,148 [INFO] ThirdParty:1030 - CMSIS Pack Vendor :STMicroelectronics X-CUBE-TCPP 4.2.0
2025-12-29 21:13:38,148 [INFO] ThirdParty:1030 - CMSIS Pack Vendor :STMicroelectronics FP-ATR-SIGFOX1 3.2.0
2025-12-29 21:13:38,148 [INFO] ThirdParty:1030 - CMSIS Pack Vendor :STMicroelectronics X-CUBE-NFC10 1.0.0
2025-12-29 21:13:38,148 [INFO] ThirdParty:1030 - CMSIS Pack Vendor :STMicroelectronics HAL Drivers 0.0.0
2025-12-29 21:13:38,148 [INFO] ThirdParty:1030 - CMSIS Pack Vendor :STMicroelectronics MBEDTLS 2.16.2
2025-12-29 21:13:38,148 [INFO] ThirdParty:1030 - CMSIS Pack Vendor :STMicroelectronics X-CUBE-ALS 1.0.2
2025-12-29 21:13:38,148 [INFO] ThirdParty:1030 - CMSIS Pack Vendor :STMicroelectronics MBEDTLS 2.14.1
2025-12-29 21:13:38,148 [INFO] ThirdParty:1030 - CMSIS Pack Vendor :STMicroelectronics ThreadX 1.0.0
2025-12-29 21:13:38,148 [INFO] ThirdParty:1030 - CMSIS Pack Vendor :STMicroelectronics FP-SNS-SMARTAG2 1.2.0
2025-12-29 21:13:38,150 [INFO] ThirdParty:1030 - CMSIS Pack Vendor :STMicroelectronics FP-SNS-FLIGHT1 5.1.0
2025-12-29 21:13:38,154 [INFO] ThirdParty:1030 - CMSIS Pack Vendor :STMicroelectronics X-CUBE-AZRTOS-WL 2.0.0
2025-12-29 21:13:38,156 [INFO] ThirdParty:1030 - CMSIS Pack Vendor :STMicroelectronics X-CUBE-ALGOBUILD 1.4.0
2025-12-29 21:13:38,164 [INFO] ThirdParty:1030 - CMSIS Pack Vendor :STMicroelectronics X-CUBE-DPower 1.3.0
2025-12-29 21:13:38,164 [INFO] ThirdParty:1030 - CMSIS Pack Vendor :STMicroelectronics USB_DEVICE 1.0.0
2025-12-29 21:13:38,164 [INFO] ThirdParty:1030 - CMSIS Pack Vendor :STMicroelectronics X-CUBE-AZRTOS-L4 2.0.0
2025-12-29 21:13:38,164 [INFO] ThirdParty:1030 - CMSIS Pack Vendor :STMicroelectronics ThreadX 0.0.2
2025-12-29 21:13:38,164 [INFO] ThirdParty:1030 - CMSIS Pack Vendor :STMicroelectronics lwIP 2.1.2
2025-12-29 21:13:38,164 [INFO] ThirdParty:1030 - CMSIS Pack Vendor :STMicroelectronics X-CUBE-SFXS2LP1 4.0.0
2025-12-29 21:13:38,164 [INFO] ThirdParty:1030 - CMSIS Pack Vendor :STMicroelectronics X-CUBE-BLE2 3.3.0
2025-12-29 21:13:38,165 [INFO] ThirdParty:1030 - CMSIS Pack Vendor :STMicroelectronics X-CUBE-TOF1 3.4.3
2025-12-29 21:13:38,165 [INFO] ThirdParty:1030 - CMSIS Pack Vendor :STMicroelectronics PDM2PCM 3.2.0
2025-12-29 21:13:38,165 [INFO] ThirdParty:841 - exiting critical section [change project]
2025-12-29 21:13:38,824 [INFO] PinOutPanel:1589 - setPackage(No Configuration,No Configuration)
2025-12-29 21:13:38,824 [INFO] PinOutPanel:1589 - setPackage(STM32F407VGTx,LQFP100)
2025-12-29 21:13:39,332 [INFO] UtilMem:75 - Before build in PCC Used Memory: 204315032 Bytes (329252864)
2025-12-29 21:13:40,412 [INFO] UtilMem:75 - After build in PCC Used Memory: 271558200 Bytes (329252864)
2025-12-29 21:13:40,474 [INFO] IPUIPlugin:80 - create IPUIPlugin
2025-12-29 21:13:40,474 [INFO] IPUIPlugin:80 - create IPUIPlugin
2025-12-29 21:13:40,474 [INFO] IPUIPlugin:80 - create IPUIPlugin
2025-12-29 21:13:40,474 [INFO] IPUIPlugin:80 - create IPUIPlugin
2025-12-29 21:13:40,474 [INFO] IPUIPlugin:80 - create IPUIPlugin
2025-12-29 21:13:40,474 [INFO] IPUIPlugin:80 - create IPUIPlugin
2025-12-29 21:13:40,474 [INFO] IPUIPlugin:80 - create IPUIPlugin
2025-12-29 21:13:40,474 [INFO] IPUIPlugin:80 - create IPUIPlugin
2025-12-29 21:13:40,474 [INFO] IPUIPlugin:80 - create IPUIPlugin
2025-12-29 21:13:40,474 [INFO] IPUIPlugin:80 - create IPUIPlugin
2025-12-29 21:13:40,474 [INFO] IPUIPlugin:80 - create IPUIPlugin
2025-12-29 21:13:40,474 [INFO] IPUIPlugin:80 - create IPUIPlugin
2025-12-29 21:13:40,474 [INFO] IPUIPlugin:80 - create IPUIPlugin
2025-12-29 21:13:40,474 [INFO] IPUIPlugin:80 - create IPUIPlugin
2025-12-29 21:13:40,474 [INFO] IPUIPlugin:80 - create IPUIPlugin
2025-12-29 21:13:40,474 [INFO] IPUIPlugin:80 - create IPUIPlugin
2025-12-29 21:13:40,474 [INFO] IPUIPlugin:80 - create IPUIPlugin
2025-12-29 21:13:40,474 [INFO] IPUIPlugin:80 - create IPUIPlugin
2025-12-29 21:13:40,474 [INFO] IPUIPlugin:80 - create IPUIPlugin
2025-12-29 21:13:40,474 [INFO] IPUIPlugin:80 - create IPUIPlugin
2025-12-29 21:13:40,474 [INFO] IPUIPlugin:80 - create IPUIPlugin
2025-12-29 21:13:40,474 [INFO] IPUIPlugin:80 - create IPUIPlugin
2025-12-29 21:13:40,474 [INFO] IPUIPlugin:80 - create IPUIPlugin
2025-12-29 21:13:40,474 [INFO] IPUIPlugin:80 - create IPUIPlugin
2025-12-29 21:13:40,474 [INFO] IPUIPlugin:80 - create IPUIPlugin
2025-12-29 21:13:40,474 [INFO] IPUIPlugin:80 - create IPUIPlugin
2025-12-29 21:13:40,474 [INFO] IPUIPlugin:80 - create IPUIPlugin
2025-12-29 21:13:40,474 [INFO] IPUIPlugin:80 - create IPUIPlugin
2025-12-29 21:13:40,474 [INFO] IPUIPlugin:80 - create IPUIPlugin
2025-12-29 21:13:40,474 [INFO] IPUIPlugin:80 - create IPUIPlugin
2025-12-29 21:13:40,474 [INFO] IPUIPlugin:80 - create IPUIPlugin
2025-12-29 21:13:40,474 [INFO] IPUIPlugin:80 - create IPUIPlugin
2025-12-29 21:13:40,474 [INFO] IPUIPlugin:80 - create IPUIPlugin
2025-12-29 21:13:40,474 [INFO] IPUIPlugin:80 - create IPUIPlugin
2025-12-29 21:13:40,474 [INFO] IPUIPlugin:80 - create IPUIPlugin
2025-12-29 21:13:40,474 [INFO] IPUIPlugin:80 - create IPUIPlugin
2025-12-29 21:13:40,474 [INFO] IPUIPlugin:80 - create IPUIPlugin
2025-12-29 21:13:40,474 [INFO] IPUIPlugin:80 - create IPUIPlugin
2025-12-29 21:13:40,474 [INFO] IPUIPlugin:80 - create IPUIPlugin
2025-12-29 21:13:40,474 [INFO] IPUIPlugin:80 - create IPUIPlugin
2025-12-29 21:13:40,474 [INFO] IPUIPlugin:80 - create IPUIPlugin
2025-12-29 21:13:40,474 [INFO] IPUIPlugin:80 - create IPUIPlugin
2025-12-29 21:13:40,474 [INFO] IPUIPlugin:80 - create IPUIPlugin
2025-12-29 21:13:40,474 [INFO] IPUIPlugin:80 - create IPUIPlugin
2025-12-29 21:13:40,474 [INFO] IPUIPlugin:80 - create IPUIPlugin
2025-12-29 21:13:40,474 [INFO] IPUIPlugin:80 - create IPUIPlugin
2025-12-29 21:13:40,474 [INFO] IPUIPlugin:80 - create IPUIPlugin
2025-12-29 21:13:40,474 [INFO] IPUIPlugin:80 - create IPUIPlugin
2025-12-29 21:13:40,474 [INFO] IPUIPlugin:80 - create IPUIPlugin
2025-12-29 21:13:40,474 [INFO] IPUIPlugin:80 - create IPUIPlugin
2025-12-29 21:13:40,474 [INFO] IPUIPlugin:80 - create IPUIPlugin
2025-12-29 21:13:40,474 [INFO] IPUIPlugin:80 - create IPUIPlugin
2025-12-29 21:13:40,474 [INFO] IPUIPlugin:80 - create IPUIPlugin
2025-12-29 21:13:40,474 [INFO] IPUIPlugin:80 - create IPUIPlugin
2025-12-29 21:13:40,474 [INFO] IPUIPlugin:80 - create IPUIPlugin
2025-12-29 21:13:40,474 [INFO] IPUIPlugin:80 - create IPUIPlugin
2025-12-29 21:13:40,474 [INFO] IPUIPlugin:80 - create IPUIPlugin
2025-12-29 21:13:40,474 [INFO] IPUIPlugin:80 - create IPUIPlugin
2025-12-29 21:13:40,569 [INFO] ApiDbMcu:532 - Load IP Config File for PDM2PCM
2025-12-29 21:13:40,814 [INFO] CADModel:165 - CPN selected for project levelSTM32F407VGT6
2025-12-29 21:13:40,814 [INFO] CADModel:114 - Register for checkConnection events
2025-12-29 21:13:40,862 [INFO] OpenFileManager:386 - Restore cursor
2025-12-29 21:13:43,252 [INFO] LogOutputStream:77 - [STDOUT_REDIRECT] 
2025-12-29 21:13:43,562 [ERROR] ConfigurationRetriever:142 - IOException on connection: sw-center.st.com
2025-12-29 21:13:43,563 [ERROR] ConfigurationRetriever:142 - IOException on connection: sw-center.st.com
2025-12-29 21:13:43,564 [ERROR] ConfigurationRetriever:142 - IOException on connection: sw-center.st.com
2025-12-29 21:13:44,834 [INFO] McuFinderGlobals:63 - Set McuFinder mode to 2 (CubeIDE integrated)
2025-12-29 21:13:44,836 [INFO] UserAuth:487 - Internet connection configuration mode: 2
2025-12-29 21:13:44,846 [INFO] UserAuth:487 - Internet connection configuration mode: 2
2025-12-29 22:00:12,532 [INFO] Activator:176 - 


2025-12-29 22:00:12,532 [INFO] Activator:177 - !SESSION log4j initialized
2025-12-29 22:00:20,230 [INFO] LogOutputStream:77 - [STDOUT_REDIRECT] 
2025-12-29 22:00:21,144 [ERROR] ConfigurationRetriever:142 - IOException on connection: sw-center.st.com
2025-12-29 22:00:21,145 [ERROR] ConfigurationRetriever:142 - IOException on connection: sw-center.st.com
2025-12-29 22:00:21,146 [ERROR] ConfigurationRetriever:142 - IOException on connection: sw-center.st.com
2025-12-29 22:00:21,729 [INFO] ApplicationProperties:184 - Using Application install path: C:\ST\STM32CubeIDE_1.19.0\STM32CubeIDE\plugins\com.st.stm32cube.common.mx_6.15.0.202507011659
2025-12-29 22:00:21,752 [INFO] DbMcusXml:78 - Set database path to: C:\ST\STM32CubeIDE_1.19.0\STM32CubeIDE\plugins\com.st.stm32cube.common.mx_6.15.0.202507011659\\db\/mcu/
2025-12-29 22:00:21,753 [INFO] ApiDb:274 - Set plugin database path to: C:\ST\STM32CubeIDE_1.19.0\STM32CubeIDE\plugins\com.st.stm32cube.common.mx_6.15.0.202507011659\\db\/plugins/boardmanager/
2025-12-29 22:00:21,753 [WARN] ApiDb:259 - Overriding images path with different value:  => C:\ST\STM32CubeIDE_1.19.0\STM32CubeIDE\plugins\com.st.stm32cube.common.mx_6.15.0.202507011659\\db\/plugins/mcufinder/images/
2025-12-29 22:00:21,773 [INFO] ApiDb:250 - Set database path to: C:\Users\aditi\.stmcufinder\plugins\mcufinder//mcu/
2025-12-29 22:00:21,776 [INFO] DbMcusAds:125 - Set database path to: C:\Users\aditi\.stmcufinder\plugins\mcufinder//mcu/
2025-12-29 22:00:21,782 [INFO] CrossReferenceDbSqlite:203 - Set database path to: C:\Users\aditi\.stmcufinder\plugins\mcufinder//mcu/cs/
2025-12-29 22:00:21,944 [INFO] DbMcusXml:78 - Set database path to: C:\ST\STM32CubeIDE_1.19.0\STM32CubeIDE\plugins\com.st.stm32cube.common.mx_6.15.0.202507011659\\db\/mcu/
2025-12-29 22:00:21,944 [INFO] ApiDb:274 - Set plugin database path to: C:\ST\STM32CubeIDE_1.19.0\STM32CubeIDE\plugins\com.st.stm32cube.common.mx_6.15.0.202507011659\\db\/plugins/boardmanager/
2025-12-29 22:00:21,944 [INFO] ApiDb:261 - Set plugin images path to: C:\ST\STM32CubeIDE_1.19.0\STM32CubeIDE\plugins\com.st.stm32cube.common.mx_6.15.0.202507011659\\db\/plugins/mcufinder/images/
2025-12-29 22:00:21,945 [WARN] DbFile:41 - Overriding database path with different value: C:\Users\aditi\.stmcufinder\plugins\mcufinder/ => C:\Users\aditi\.stmcufinder\plugins\mcufinder
2025-12-29 22:00:21,945 [INFO] ApiDb:250 - Set database path to: C:\Users\aditi\.stmcufinder\plugins\mcufinder//mcu/
2025-12-29 22:00:21,945 [WARN] DbFile:41 - Overriding database path with different value: C:\Users\aditi\.stmcufinder\plugins\mcufinder/ => C:\Users\aditi\.stmcufinder\plugins\mcufinder
2025-12-29 22:00:21,945 [INFO] DbMcusAds:125 - Set database path to: C:\Users\aditi\.stmcufinder\plugins\mcufinder//mcu/
2025-12-29 22:00:21,945 [WARN] DbFile:41 - Overriding database path with different value: C:\Users\aditi\.stmcufinder\plugins\mcufinder/ => C:\Users\aditi\.stmcufinder\plugins\mcufinder
2025-12-29 22:00:21,945 [WARN] DbFile:41 - Overriding database path with different value: C:\Users\aditi\.stmcufinder\plugins\mcufinder/ => C:\Users\aditi\.stmcufinder\plugins\mcufinder
2025-12-29 22:00:21,945 [INFO] CrossReferenceDbSqlite:203 - Set database path to: C:\Users\aditi\.stmcufinder\plugins\mcufinder//mcu/cs/
2025-12-29 22:00:22,096 [INFO] MainPanel:274 - HeapMemory: 268435456
2025-12-29 22:00:22,321 [INFO] DbMcusXml:78 - Set database path to: C:\ST\STM32CubeIDE_1.19.0\STM32CubeIDE\plugins\com.st.stm32cube.common.mx_6.15.0.202507011659\\db\/mcu/
2025-12-29 22:00:22,321 [INFO] ApiDb:274 - Set plugin database path to: C:\ST\STM32CubeIDE_1.19.0\STM32CubeIDE\plugins\com.st.stm32cube.common.mx_6.15.0.202507011659\\db\/plugins/boardmanager/
2025-12-29 22:00:22,321 [INFO] ApiDb:261 - Set plugin images path to: C:\ST\STM32CubeIDE_1.19.0\STM32CubeIDE\plugins\com.st.stm32cube.common.mx_6.15.0.202507011659\\db\/plugins/mcufinder/images/
2025-12-29 22:00:22,322 [WARN] DbFile:41 - Overriding database path with different value: C:\Users\aditi\.stmcufinder\plugins\mcufinder/ => C:\Users\aditi\.stmcufinder\plugins\mcufinder
2025-12-29 22:00:22,322 [INFO] ApiDb:250 - Set database path to: C:\Users\aditi\.stmcufinder\plugins\mcufinder//mcu/
2025-12-29 22:00:22,322 [WARN] DbFile:41 - Overriding database path with different value: C:\Users\aditi\.stmcufinder\plugins\mcufinder/ => C:\Users\aditi\.stmcufinder\plugins\mcufinder
2025-12-29 22:00:22,322 [INFO] DbMcusAds:125 - Set database path to: C:\Users\aditi\.stmcufinder\plugins\mcufinder//mcu/
2025-12-29 22:00:22,322 [WARN] DbFile:41 - Overriding database path with different value: C:\Users\aditi\.stmcufinder\plugins\mcufinder/ => C:\Users\aditi\.stmcufinder\plugins\mcufinder
2025-12-29 22:00:22,322 [WARN] DbFile:41 - Overriding database path with different value: C:\Users\aditi\.stmcufinder\plugins\mcufinder/ => C:\Users\aditi\.stmcufinder\plugins\mcufinder
2025-12-29 22:00:22,323 [INFO] CrossReferenceDbSqlite:203 - Set database path to: C:\Users\aditi\.stmcufinder\plugins\mcufinder//mcu/cs/
2025-12-29 22:00:22,355 [INFO] ApplicationProperties:184 - Using Application install path: C:\ST\STM32CubeIDE_1.19.0\STM32CubeIDE\plugins\com.st.stm32cube.common.mx_6.15.0.202507011659
2025-12-29 22:00:22,358 [INFO] PluginManage:196 - Search for loadable plugins [exclusion list=, ]
2025-12-29 22:00:22,361 [INFO] PluginManage:310 - Check plugin analytics
2025-12-29 22:00:22,832 [INFO] AnalyticsPlugin:253 - Accepted Software Licenses: 
2025-12-29 22:00:22,832 [INFO] AnalyticsPlugin:255 - Accepted CMSIS Pack Licenses: 
2025-12-29 22:00:22,833 [INFO] AnalyticsPlugin:257 - Accepted Firmware Licenses: FW.F4.1.28.0
2025-12-29 22:00:22,841 [ERROR] ConfigurationRetriever:142 - IOException on connection: sw-center.st.com
2025-12-29 22:00:22,843 [ERROR] ConfigurationRetriever:142 - IOException on connection: sw-center.st.com
2025-12-29 22:00:22,844 [ERROR] ConfigurationRetriever:142 - IOException on connection: sw-center.st.com
2025-12-29 22:00:22,845 [INFO] PluginManage:359 - Loaded plugin analytics (category:tool,tabindex:-1)
2025-12-29 22:00:22,845 [INFO] PluginManage:310 - Check plugin cadmodel
2025-12-29 22:00:22,866 [INFO] CADModel:105 - Init CAD model plugin
2025-12-29 22:00:22,866 [INFO] PluginManage:359 - Loaded plugin cadmodel (category:power,tabindex:5)
2025-12-29 22:00:22,868 [INFO] PluginManage:310 - Check plugin clock
2025-12-29 22:00:22,900 [INFO] PluginManage:359 - Loaded plugin clock (category:base,tabindex:2)
2025-12-29 22:00:22,900 [INFO] PluginManage:310 - Check plugin ddr
2025-12-29 22:00:22,908 [INFO] PluginManage:359 - Loaded plugin ddr (category:tool,tabindex:6)
2025-12-29 22:00:22,909 [INFO] PluginManage:310 - Check plugin filemanager
2025-12-29 22:00:23,104 [INFO] PluginManage:359 - Loaded plugin filemanager (category:base,tabindex:10)
2025-12-29 22:00:23,104 [INFO] PluginManage:310 - Check plugin ipmanager
2025-12-29 22:00:23,111 [INFO] PluginManage:359 - Loaded plugin ipmanager (category:base,tabindex:5)
2025-12-29 22:00:23,111 [INFO] PluginManage:310 - Check plugin lpbam
2025-12-29 22:00:23,120 [INFO] PluginManage:359 - Loaded plugin lpbam (category:base,tabindex:0)
2025-12-29 22:00:23,120 [INFO] PluginManage:310 - Check plugin memorymap
2025-12-29 22:00:23,138 [INFO] PluginManage:359 - Loaded plugin memorymap (category:base,tabindex:4)
2025-12-29 22:00:23,138 [INFO] PluginManage:310 - Check plugin pinoutandconfiguration
2025-12-29 22:00:23,150 [INFO] PluginManage:359 - Loaded plugin pinoutandconfiguration (category:base,tabindex:1)
2025-12-29 22:00:23,150 [INFO] PluginManage:310 - Check plugin pinoutconfig
2025-12-29 22:00:23,254 [WARN] SupportedApi:132 - Cannot load RTOS API schema: s4s-elt-must-match.1: The content of 'definitions' must match (annotation?, (simpleType | complexType)?, (unique | key | keyref)*)). A problem was found starting at: attribute.
2025-12-29 22:00:23,398 [INFO] PluginManage:359 - Loaded plugin pinoutconfig (category:base,tabindex:0)
2025-12-29 22:00:23,399 [INFO] PluginManage:310 - Check plugin power
2025-12-29 22:00:23,412 [INFO] PluginManage:359 - Loaded plugin power (category:power,tabindex:4)
2025-12-29 22:00:23,412 [INFO] PluginManage:310 - Check plugin projectmanager
2025-12-29 22:00:23,436 [INFO] PluginManage:359 - Loaded plugin projectmanager (category:projectmanager,tabindex:4)
2025-12-29 22:00:23,436 [INFO] PluginManage:310 - Check plugin rif
2025-12-29 22:00:23,447 [INFO] PluginManage:359 - Loaded plugin rif (category:base,tabindex:3)
2025-12-29 22:00:23,447 [INFO] PluginManage:310 - Check plugin thirdparty
2025-12-29 22:00:23,648 [WARN] IntegrityCheckThread:84 - waiting for thirdparty lock release [integrity check]
2025-12-29 22:00:23,649 [INFO] PluginManage:359 - Loaded plugin thirdparty (category:base,tabindex:-1)
2025-12-29 22:00:23,649 [INFO] IntegrityCheckThread:86 - entering critical section [integrity check]
2025-12-29 22:00:23,649 [INFO] PluginManage:310 - Check plugin tools
2025-12-29 22:00:23,649 [INFO] ThirdPartyUpdaterWithRetryManager:70 - Updater plugin not ready yet. [1/15]
2025-12-29 22:00:23,653 [INFO] PluginManage:359 - Loaded plugin tools (category:base,tabindex:7)
2025-12-29 22:00:23,653 [INFO] PluginManage:310 - Check plugin tutovideos
2025-12-29 22:00:23,884 [INFO] PluginManage:359 - Loaded plugin tutovideos (category:base,tabindex:-1)
2025-12-29 22:00:23,885 [INFO] PluginManage:310 - Check plugin updater
2025-12-29 22:00:23,917 [INFO] PluginManage:359 - Loaded plugin updater (category:base,tabindex:12)
2025-12-29 22:00:23,917 [INFO] PluginManage:310 - Check plugin userauth
2025-12-29 22:00:23,926 [INFO] UserAuth:118 - Init User Auth plugin
2025-12-29 22:00:23,927 [INFO] PluginManage:359 - Loaded plugin userauth (category:base,tabindex:14)
2025-12-29 22:00:23,927 [INFO] PluginManage:283 - PluginManage : Loaded plugins [18]
2025-12-29 22:00:24,220 [INFO] PinOutPanel:1589 - setPackage(No Configuration,No Configuration)
2025-12-29 22:00:24,331 [INFO] CADModel:165 - CPN selected for project level
2025-12-29 22:00:24,332 [INFO] CADModel:114 - Register for checkConnection events
2025-12-29 22:00:24,360 [INFO] IPUIPlugin:80 - create IPUIPlugin
2025-12-29 22:00:24,360 [INFO] PluginManager:220 - loadIPPluginJar : add adc
2025-12-29 22:00:24,365 [INFO] IPUIPlugin:80 - create IPUIPlugin
2025-12-29 22:00:24,365 [INFO] PluginManager:220 - loadIPPluginJar : add aes
2025-12-29 22:00:24,369 [INFO] IPUIPlugin:80 - create IPUIPlugin
2025-12-29 22:00:24,369 [INFO] PluginManager:220 - loadIPPluginJar : add can
2025-12-29 22:00:24,372 [INFO] IPUIPlugin:80 - create IPUIPlugin
2025-12-29 22:00:24,372 [INFO] PluginManager:220 - loadIPPluginJar : add comp
2025-12-29 22:00:24,377 [INFO] IPUIPlugin:80 - create IPUIPlugin
2025-12-29 22:00:24,377 [INFO] PluginManager:220 - loadIPPluginJar : add cryp
2025-12-29 22:00:24,382 [INFO] IPUIPlugin:80 - create IPUIPlugin
2025-12-29 22:00:24,383 [INFO] PluginManager:220 - loadIPPluginJar : add ddr_ctrl_phy
2025-12-29 22:00:24,386 [INFO] IPUIPlugin:80 - create IPUIPlugin
2025-12-29 22:00:24,387 [INFO] PluginManager:220 - loadIPPluginJar : add dfsdm
2025-12-29 22:00:24,396 [INFO] IPUIPlugin:80 - create IPUIPlugin
2025-12-29 22:00:24,398 [INFO] PluginManager:220 - loadIPPluginJar : add dma
2025-12-29 22:00:24,402 [INFO] IPUIPlugin:80 - create IPUIPlugin
2025-12-29 22:00:24,402 [INFO] PluginManager:220 - loadIPPluginJar : add dma3
2025-12-29 22:00:24,408 [INFO] IPUIPlugin:80 - create IPUIPlugin
2025-12-29 22:00:24,408 [INFO] PluginManager:220 - loadIPPluginJar : add extmemmanager
2025-12-29 22:00:24,410 [INFO] IPUIPlugin:80 - create IPUIPlugin
2025-12-29 22:00:24,410 [INFO] PluginManager:220 - loadIPPluginJar : add fatfs
2025-12-29 22:00:24,417 [INFO] IPUIPlugin:80 - create IPUIPlugin
2025-12-29 22:00:24,417 [INFO] PluginManager:220 - loadIPPluginJar : add fmc
2025-12-29 22:00:24,427 [INFO] IPUIPlugin:80 - create IPUIPlugin
2025-12-29 22:00:24,427 [INFO] PluginManager:220 - loadIPPluginJar : add freertos
2025-12-29 22:00:24,429 [INFO] IPUIPlugin:80 - create IPUIPlugin
2025-12-29 22:00:24,429 [INFO] PluginManager:220 - loadIPPluginJar : add genericplugin
2025-12-29 22:00:24,433 [INFO] IPUIPlugin:80 - create IPUIPlugin
2025-12-29 22:00:24,433 [INFO] PluginManager:220 - loadIPPluginJar : add gfxmmu
2025-12-29 22:00:24,441 [INFO] IPUIPlugin:80 - create IPUIPlugin
2025-12-29 22:00:24,441 [INFO] PluginManager:220 - loadIPPluginJar : add gic
2025-12-29 22:00:24,446 [INFO] IPUIPlugin:80 - create IPUIPlugin
2025-12-29 22:00:24,447 [INFO] PluginManager:220 - loadIPPluginJar : add gpio
2025-12-29 22:00:24,452 [INFO] IPUIPlugin:80 - create IPUIPlugin
2025-12-29 22:00:24,452 [INFO] PluginManager:220 - loadIPPluginJar : add gtzc
2025-12-29 22:00:24,457 [INFO] IPUIPlugin:80 - create IPUIPlugin
2025-12-29 22:00:24,457 [INFO] PluginManager:220 - loadIPPluginJar : add hash
2025-12-29 22:00:24,462 [INFO] IPUIPlugin:80 - create IPUIPlugin
2025-12-29 22:00:24,462 [INFO] PluginManager:220 - loadIPPluginJar : add i2c
2025-12-29 22:00:24,465 [INFO] IPUIPlugin:80 - create IPUIPlugin
2025-12-29 22:00:24,465 [INFO] PluginManager:220 - loadIPPluginJar : add i2s
2025-12-29 22:00:24,469 [INFO] IPUIPlugin:80 - create IPUIPlugin
2025-12-29 22:00:24,470 [INFO] PluginManager:220 - loadIPPluginJar : add i3c
2025-12-29 22:00:24,475 [INFO] IPUIPlugin:80 - create IPUIPlugin
2025-12-29 22:00:24,476 [INFO] PluginManager:220 - loadIPPluginJar : add ipddr
2025-12-29 22:00:24,485 [INFO] IPUIPlugin:80 - create IPUIPlugin
2025-12-29 22:00:24,485 [INFO] PluginManager:220 - loadIPPluginJar : add linkedlist
2025-12-29 22:00:24,489 [INFO] IPUIPlugin:80 - create IPUIPlugin
2025-12-29 22:00:24,489 [INFO] PluginManager:220 - loadIPPluginJar : add lorawan
2025-12-29 22:00:24,491 [INFO] IPUIPlugin:80 - create IPUIPlugin
2025-12-29 22:00:24,491 [INFO] PluginManager:220 - loadIPPluginJar : add ltdc
2025-12-29 22:00:24,498 [INFO] IPUIPlugin:80 - create IPUIPlugin
2025-12-29 22:00:24,498 [INFO] PluginManager:220 - loadIPPluginJar : add mdma
2025-12-29 22:00:24,502 [INFO] IPUIPlugin:80 - create IPUIPlugin
2025-12-29 22:00:24,502 [INFO] PluginManager:220 - loadIPPluginJar : add nvic
2025-12-29 22:00:24,507 [INFO] IPUIPlugin:80 - create IPUIPlugin
2025-12-29 22:00:24,507 [INFO] PluginManager:220 - loadIPPluginJar : add opamp
2025-12-29 22:00:24,511 [INFO] IPUIPlugin:80 - create IPUIPlugin
2025-12-29 22:00:24,511 [INFO] PluginManager:220 - loadIPPluginJar : add openamp
2025-12-29 22:00:24,515 [INFO] IPUIPlugin:80 - create IPUIPlugin
2025-12-29 22:00:24,515 [INFO] PluginManager:220 - loadIPPluginJar : add pdm2pcm
2025-12-29 22:00:24,523 [INFO] IPUIPlugin:80 - create IPUIPlugin
2025-12-29 22:00:24,525 [INFO] PluginManager:220 - loadIPPluginJar : add plateformsettings
2025-12-29 22:00:24,527 [INFO] IPUIPlugin:80 - create IPUIPlugin
2025-12-29 22:00:24,527 [INFO] PluginManager:220 - loadIPPluginJar : add quadspi
2025-12-29 22:00:24,530 [INFO] IPUIPlugin:80 - create IPUIPlugin
2025-12-29 22:00:24,531 [INFO] PluginManager:220 - loadIPPluginJar : add radio
2025-12-29 22:00:24,536 [INFO] IPUIPlugin:80 - create IPUIPlugin
2025-12-29 22:00:24,536 [INFO] PluginManager:220 - loadIPPluginJar : add resmgrutility
2025-12-29 22:00:24,541 [INFO] IPUIPlugin:80 - create IPUIPlugin
2025-12-29 22:00:24,541 [INFO] PluginManager:220 - loadIPPluginJar : add sai
2025-12-29 22:00:24,544 [INFO] IPUIPlugin:80 - create IPUIPlugin
2025-12-29 22:00:24,545 [INFO] PluginManager:220 - loadIPPluginJar : add spi
2025-12-29 22:00:24,554 [INFO] IPUIPlugin:80 - create IPUIPlugin
2025-12-29 22:00:24,555 [INFO] PluginManager:220 - loadIPPluginJar : add stm32_wpan
2025-12-29 22:00:24,557 [INFO] IPUIPlugin:80 - create IPUIPlugin
2025-12-29 22:00:24,557 [INFO] PluginManager:220 - loadIPPluginJar : add tim
2025-12-29 22:00:24,560 [INFO] IPUIPlugin:80 - create IPUIPlugin
2025-12-29 22:00:24,561 [INFO] PluginManager:220 - loadIPPluginJar : add touchsensing
2025-12-29 22:00:24,563 [INFO] IPUIPlugin:80 - create IPUIPlugin
2025-12-29 22:00:24,563 [INFO] PluginManager:220 - loadIPPluginJar : add tracer_emb
2025-12-29 22:00:24,566 [INFO] IPUIPlugin:80 - create IPUIPlugin
2025-12-29 22:00:24,566 [INFO] PluginManager:220 - loadIPPluginJar : add ts
2025-12-29 22:00:24,569 [INFO] IPUIPlugin:80 - create IPUIPlugin
2025-12-29 22:00:24,569 [INFO] PluginManager:220 - loadIPPluginJar : add tsc
2025-12-29 22:00:24,571 [INFO] IPUIPlugin:80 - create IPUIPlugin
2025-12-29 22:00:24,571 [INFO] PluginManager:220 - loadIPPluginJar : add ucpd
2025-12-29 22:00:24,573 [INFO] IPUIPlugin:80 - create IPUIPlugin
2025-12-29 22:00:24,574 [INFO] PluginManager:220 - loadIPPluginJar : add usart
2025-12-29 22:00:24,577 [INFO] IPUIPlugin:80 - create IPUIPlugin
2025-12-29 22:00:24,577 [INFO] PluginManager:220 - loadIPPluginJar : add usbx
2025-12-29 22:00:24,702 [FATAL] Updater:351 - Updater called before beeing initialized
2025-12-29 22:00:24,792 [INFO] RulesReader:64 - Compatibility file has been processed (317 Rules)
2025-12-29 22:00:24,810 [INFO] RulesReader:64 - Compatibility file has been processed (317 Rules)
2025-12-29 22:00:24,843 [INFO] CADModel:165 - CPN selected for project level
2025-12-29 22:00:24,843 [INFO] CADModel:114 - Register for checkConnection events
2025-12-29 22:00:24,843 [FATAL] Updater:351 - Updater called before beeing initialized
2025-12-29 22:00:24,843 [ERROR] CADModel:125 - Updater not yet initialized, retry later 
2025-12-29 22:00:25,082 [FATAL] Updater:351 - Updater called before beeing initialized
2025-12-29 22:00:25,086 [INFO] CADModel:165 - CPN selected for project level
2025-12-29 22:00:25,086 [INFO] CADModel:114 - Register for checkConnection events
2025-12-29 22:00:25,086 [FATAL] Updater:351 - Updater called before beeing initialized
2025-12-29 22:00:25,087 [ERROR] CADModel:125 - Updater not yet initialized, retry later 
2025-12-29 22:00:25,093 [FATAL] Updater:351 - Updater called before beeing initialized
2025-12-29 22:00:25,234 [FATAL] Updater:351 - Updater called before beeing initialized
2025-12-29 22:00:25,241 [INFO] DbMcusAds:53 - JSON generation date=Tue Dec 16 04:41:46 IST 2025 (1765840306612)
2025-12-29 22:00:25,241 [FATAL] Updater:351 - Updater called before beeing initialized
2025-12-29 22:00:25,293 [WARN] DetailPanel:346 - Failed to get advertising image, set to default
2025-12-29 22:00:25,392 [FATAL] Updater:351 - Updater called before beeing initialized
2025-12-29 22:00:25,393 [FATAL] Updater:351 - Updater called before beeing initialized
2025-12-29 22:00:25,394 [FATAL] Updater:351 - Updater called before beeing initialized
2025-12-29 22:00:25,394 [WARN] DetailPanel:346 - Failed to get advertising image, set to default
2025-12-29 22:00:25,395 [FATAL] Updater:351 - Updater called before beeing initialized
2025-12-29 22:00:25,452 [ERROR] Updater:1198 - MainUpdater not yet initialized. External WinMGr cannot be set.
2025-12-29 22:00:25,454 [INFO] Updater:1134 - Updater Version found : 6.15.0
2025-12-29 22:00:25,472 [INFO] ApplicationProperties:184 - Using Application install path: C:\ST\STM32CubeIDE_1.19.0\STM32CubeIDE\plugins\com.st.stm32cube.common.mx_6.15.0.202507011659
2025-12-29 22:00:26,652 [INFO] ThirdPartyUpdaterWithRetryManager:70 - Updater plugin not ready yet. [2/15]
2025-12-29 22:00:27,042 [ERROR] LogOutputStream:75 - [STDERR_REDIRECT] Dec 29, 2025 10:00:27 PM java.util.prefs.WindowsPreferences <init>
2025-12-29 22:00:27,043 [ERROR] LogOutputStream:75 - [STDERR_REDIRECT] WARNING: Could not open/create prefs root node Software\JavaSoft\Prefs at root 0xffffffff80000002. Windows RegCreateKeyEx(...) returned error code 5.
2025-12-29 22:00:27,043 [ERROR] LogOutputStream:75 - [STDERR_REDIRECT] 
2025-12-29 22:00:27,448 [INFO] MainUpdater:2872 - connection check result : 22
2025-12-29 22:00:27,449 [INFO] MainUpdater:289 - Updater Check For Update Now.
2025-12-29 22:00:27,450 [INFO] MicroXplorer:498 - Change Database Version : DB.6.0.150
2025-12-29 22:00:27,465 [INFO] McuFinderGlobals:63 - Set McuFinder mode to 2 (CubeIDE integrated)
2025-12-29 22:00:27,467 [INFO] UserAuth:487 - Internet connection configuration mode: 2
2025-12-29 22:00:27,483 [INFO] UserAuth:487 - Internet connection configuration mode: 2
2025-12-29 22:00:27,679 [INFO] CheckServerUpdateThread:120 - End of CheckServer Thread
2025-12-29 22:00:29,863 [WARN] PackLoader:240 - Cannot read IP mode file for STMicroelectronics.FP-SNS-MOTENVWB1.1.4.0
2025-12-29 22:00:29,872 [WARN] PackLoader:240 - Cannot read IP mode file for STMicroelectronics.FP-ATR-ASTRA1.2.0.2
2025-12-29 22:00:29,881 [WARN] PackLoader:240 - Cannot read IP mode file for STMicroelectronics.X-CUBE-SMBUS.2.1.0
2025-12-29 22:00:29,924 [WARN] PackLoader:240 - Cannot read IP mode file for STMicroelectronics.X-CUBE-AZRTOS-F7.1.1.0
2025-12-29 22:00:29,950 [WARN] PackLoader:240 - Cannot read IP mode file for STMicroelectronics.X-CUBE-DISPLAY.3.0.0
2025-12-29 22:00:29,986 [WARN] PackLoader:240 - Cannot read IP mode file for STMicroelectronics.X-CUBE-NFC10.1.0.0
2025-12-29 22:00:29,996 [WARN] PackLoader:240 - Cannot read IP mode file for STMicroelectronics.FP-SNS-SMARTAG2.1.2.0
2025-12-29 22:00:30,005 [WARN] PackLoader:240 - Cannot read IP mode file for STMicroelectronics.FP-SNS-FLIGHT1.5.1.0
2025-12-29 22:00:30,020 [INFO] LogOutputStream:77 - [STDOUT_REDIRECT] 1 : Invalid condition id : UX_CORESTACK_Condition cause : null
2025-12-29 22:00:30,023 [INFO] LogOutputStream:77 - [STDOUT_REDIRECT] 1 : Invalid condition id : UX_CORESTACK_Condition cause : null
2025-12-29 22:00:30,025 [INFO] LogOutputStream:77 - [STDOUT_REDIRECT] 1 : Invalid condition id : UX_CORESTACK_Condition cause : null
2025-12-29 22:00:30,027 [INFO] LogOutputStream:77 - [STDOUT_REDIRECT] 1 : Invalid condition id : UX_CORESTACK_Condition cause : null
2025-12-29 22:00:30,029 [INFO] LogOutputStream:77 - [STDOUT_REDIRECT] 1 : Invalid condition id : UX_CORESTACK_Condition cause : null
2025-12-29 22:00:30,032 [WARN] PackLoader:240 - Cannot read IP mode file for STMicroelectronics.X-CUBE-AZRTOS-WL.2.0.0
2025-12-29 22:00:30,043 [WARN] PackLoader:240 - Cannot read IP mode file for STMicroelectronics.X-CUBE-BLE2.3.3.0
2025-12-29 22:00:30,051 [WARN] PackLoader:240 - Cannot read IP mode file for STMicroelectronics.X-CUBE-NFC9.1.0.0
2025-12-29 22:00:30,061 [WARN] PackLoader:240 - Cannot read IP mode file for STMicroelectronics.X-CUBE-BLE1.7.1.0
2025-12-29 22:00:30,082 [WARN] PackLoader:240 - Cannot read IP mode file for STMicroelectronics.X-CUBE-AZRTOS-G0.1.1.0
2025-12-29 22:00:30,096 [WARN] PackLoader:240 - Cannot read IP mode file for STMicroelectronics.X-CUBE-NFC4.3.0.0
2025-12-29 22:00:30,107 [WARN] PackLoader:240 - Cannot read IP mode file for STMicroelectronics.X-CUBE-WB05N.2.0.0
2025-12-29 22:00:30,118 [WARN] PackLoader:240 - Cannot read IP mode file for STMicroelectronics.X-CUBE-TCPP.4.2.0
2025-12-29 22:00:30,127 [WARN] PackLoader:240 - Cannot read IP mode file for STMicroelectronics.FP-ATR-SIGFOX1.3.2.0
2025-12-29 22:00:30,139 [WARN] PackLoader:240 - Cannot read IP mode file for STMicroelectronics.X-CUBE-ALGOBUILD.1.4.0
2025-12-29 22:00:30,148 [WARN] PackLoader:240 - Cannot read IP mode file for STMicroelectronics.X-CUBE-PM33A1.1.0.0
2025-12-29 22:00:30,171 [WARN] PackLoader:240 - Cannot read IP mode file for STMicroelectronics.X-CUBE-AZRTOS-F4.1.1.0
2025-12-29 22:00:30,181 [WARN] PackLoader:240 - Cannot read IP mode file for STMicroelectronics.X-CUBE-ISPU.2.1.0
2025-12-29 22:00:30,205 [WARN] PackLoader:240 - Cannot read IP mode file for STMicroelectronics.X-CUBE-AZRTOS-L5.2.0.0
2025-12-29 22:00:30,219 [WARN] PackLoader:240 - Cannot read IP mode file for STMicroelectronics.X-CUBE-NFC6.3.1.0
2025-12-29 22:00:30,230 [WARN] PackLoader:240 - Cannot read IP mode file for STMicroelectronics.X-CUBE-DPower.1.3.0
2025-12-29 22:00:30,248 [WARN] ConditionMgr:438 - getConditionDescription Invalid condition id : LAN8742 Phy interface Condition cause : null
2025-12-29 22:00:30,249 [WARN] PackLoader:240 - Cannot read IP mode file for STMicroelectronics.X-CUBE-AZRTOS-L4.2.0.0
2025-12-29 22:00:30,250 [WARN] ConditionMgr:1044 - genDependencies : Invalid condition id : LAN8742 Phy interface Condition cause : null
2025-12-29 22:00:30,250 [WARN] ConditionMgr:1044 - genDependencies : Invalid condition id : LAN8742 Phy interface Condition cause : null
2025-12-29 22:00:30,250 [WARN] ConditionMgr:1044 - genDependencies : Invalid condition id : LAN8742 Phy interface Condition cause : null
2025-12-29 22:00:30,260 [WARN] PackLoader:240 - Cannot read IP mode file for STMicroelectronics.X-CUBE-SFXS2LP1.4.0.0
2025-12-29 22:00:30,274 [WARN] ConditionMgr:438 - getConditionDescription Invalid condition id : UX DEVICE CLASS RTOS Condition cause : null
2025-12-29 22:00:30,274 [WARN] ConditionMgr:438 - getConditionDescription Invalid condition id : UX DEVICE CLASS RTOS Condition cause : null
2025-12-29 22:00:30,277 [WARN] PackLoader:240 - Cannot read IP mode file for STMicroelectronics.X-CUBE-AZRTOS-WB.2.0.0
2025-12-29 22:00:30,278 [WARN] ConditionMgr:1044 - genDependencies : Invalid condition id : UX DEVICE CLASS RTOS Condition cause : null
2025-12-29 22:00:30,278 [WARN] ConditionMgr:1044 - genDependencies : Invalid condition id : UX DEVICE CLASS RTOS Condition cause : null
2025-12-29 22:00:30,278 [WARN] ConditionMgr:1044 - genDependencies : Invalid condition id : UX DEVICE CLASS RTOS Condition cause : null
2025-12-29 22:00:30,278 [WARN] ConditionMgr:1044 - genDependencies : Invalid condition id : UX DEVICE CLASS RTOS Condition cause : null
2025-12-29 22:00:30,279 [WARN] ConditionMgr:1044 - genDependencies : Invalid condition id : UX DEVICE CLASS RTOS Condition cause : null
2025-12-29 22:00:30,289 [WARN] PackLoader:240 - Cannot read IP mode file for STMicroelectronics.X-CUBE-SUBG2.5.0.0
2025-12-29 22:00:30,318 [WARN] PackLoader:240 - Cannot read IP mode file for STMicroelectronics.X-CUBE-AZRTOS-G4.2.0.0
2025-12-29 22:00:30,326 [WARN] PackLoader:240 - Cannot read IP mode file for STMicroelectronics.X-CUBE-NFC7.2.0.0
2025-12-29 22:00:30,334 [WARN] PackLoader:240 - Cannot read IP mode file for STMicroelectronics.X-CUBE-ALS.1.0.2
2025-12-29 22:00:30,351 [WARN] PackLoader:240 - Cannot read IP mode file for STMicroelectronics.X-CUBE-TOF1.3.4.3
2025-12-29 22:00:30,362 [INFO] ThirdParty:978 - Integrity check success = true
2025-12-29 22:00:30,362 [INFO] IntegrityCheckThread:100 - exiting critical section [integrity check]
2025-12-29 22:00:30,362 [INFO] IntegrityCheckThread:103 - End integrity checks thread
2025-12-29 22:00:39,530 [ERROR] ConfigurationRetriever:142 - IOException on connection: sw-center.st.com
2025-12-29 22:00:39,531 [ERROR] ConfigurationRetriever:142 - IOException on connection: sw-center.st.com
2025-12-29 22:00:39,531 [ERROR] ConfigurationRetriever:142 - IOException on connection: sw-center.st.com
2025-12-29 22:00:40,355 [ERROR] LogOutputStream:75 - [STDERR_REDIRECT] 
2025-12-29 22:01:23,871 [INFO] Activator:176 - 


2025-12-29 22:01:23,873 [INFO] Activator:177 - !SESSION log4j initialized
2025-12-29 22:01:26,229 [INFO] LogOutputStream:77 - [STDOUT_REDIRECT] 
2025-12-29 22:01:26,816 [ERROR] ConfigurationRetriever:142 - IOException on connection: sw-center.st.com
2025-12-29 22:01:26,817 [ERROR] ConfigurationRetriever:142 - IOException on connection: sw-center.st.com
2025-12-29 22:01:26,819 [ERROR] ConfigurationRetriever:142 - IOException on connection: sw-center.st.com
2025-12-29 22:01:29,147 [INFO] ApplicationProperties:184 - Using Application install path: C:\ST\STM32CubeIDE_1.19.0\STM32CubeIDE\plugins\com.st.stm32cube.common.mx_6.15.0.202507011659
2025-12-29 22:01:29,178 [INFO] DbMcusXml:78 - Set database path to: C:\ST\STM32CubeIDE_1.19.0\STM32CubeIDE\plugins\com.st.stm32cube.common.mx_6.15.0.202507011659\\db\/mcu/
2025-12-29 22:01:29,178 [INFO] ApiDb:274 - Set plugin database path to: C:\ST\STM32CubeIDE_1.19.0\STM32CubeIDE\plugins\com.st.stm32cube.common.mx_6.15.0.202507011659\\db\/plugins/boardmanager/
2025-12-29 22:01:29,179 [WARN] ApiDb:259 - Overriding images path with different value:  => C:\ST\STM32CubeIDE_1.19.0\STM32CubeIDE\plugins\com.st.stm32cube.common.mx_6.15.0.202507011659\\db\/plugins/mcufinder/images/
2025-12-29 22:01:29,190 [INFO] ApiDb:250 - Set database path to: C:\Users\aditi\.stmcufinder\plugins\mcufinder//mcu/
2025-12-29 22:01:29,192 [INFO] DbMcusAds:125 - Set database path to: C:\Users\aditi\.stmcufinder\plugins\mcufinder//mcu/
2025-12-29 22:01:29,194 [INFO] CrossReferenceDbSqlite:203 - Set database path to: C:\Users\aditi\.stmcufinder\plugins\mcufinder//mcu/cs/
2025-12-29 22:01:29,326 [INFO] RulesReader:64 - Compatibility file has been processed (317 Rules)
2025-12-29 22:01:29,423 [INFO] DbMcusXml:78 - Set database path to: C:\ST\STM32CubeIDE_1.19.0\STM32CubeIDE\plugins\com.st.stm32cube.common.mx_6.15.0.202507011659\\db\/mcu/
2025-12-29 22:01:29,423 [INFO] ApiDb:274 - Set plugin database path to: C:\ST\STM32CubeIDE_1.19.0\STM32CubeIDE\plugins\com.st.stm32cube.common.mx_6.15.0.202507011659\\db\/plugins/boardmanager/
2025-12-29 22:01:29,423 [INFO] ApiDb:261 - Set plugin images path to: C:\ST\STM32CubeIDE_1.19.0\STM32CubeIDE\plugins\com.st.stm32cube.common.mx_6.15.0.202507011659\\db\/plugins/mcufinder/images/
2025-12-29 22:01:29,424 [WARN] DbFile:41 - Overriding database path with different value: C:\Users\aditi\.stmcufinder\plugins\mcufinder/ => C:\Users\aditi\.stmcufinder\plugins\mcufinder
2025-12-29 22:01:29,424 [INFO] ApiDb:250 - Set database path to: C:\Users\aditi\.stmcufinder\plugins\mcufinder//mcu/
2025-12-29 22:01:29,424 [WARN] DbFile:41 - Overriding database path with different value: C:\Users\aditi\.stmcufinder\plugins\mcufinder/ => C:\Users\aditi\.stmcufinder\plugins\mcufinder
2025-12-29 22:01:29,424 [INFO] DbMcusAds:125 - Set database path to: C:\Users\aditi\.stmcufinder\plugins\mcufinder//mcu/
2025-12-29 22:01:29,424 [WARN] DbFile:41 - Overriding database path with different value: C:\Users\aditi\.stmcufinder\plugins\mcufinder/ => C:\Users\aditi\.stmcufinder\plugins\mcufinder
2025-12-29 22:01:29,424 [WARN] DbFile:41 - Overriding database path with different value: C:\Users\aditi\.stmcufinder\plugins\mcufinder/ => C:\Users\aditi\.stmcufinder\plugins\mcufinder
2025-12-29 22:01:29,424 [INFO] CrossReferenceDbSqlite:203 - Set database path to: C:\Users\aditi\.stmcufinder\plugins\mcufinder//mcu/cs/
2025-12-29 22:01:29,506 [INFO] MainPanel:274 - HeapMemory: 268435456
2025-12-29 22:01:29,612 [INFO] DbMcusXml:78 - Set database path to: C:\ST\STM32CubeIDE_1.19.0\STM32CubeIDE\plugins\com.st.stm32cube.common.mx_6.15.0.202507011659\\db\/mcu/
2025-12-29 22:01:29,612 [INFO] ApiDb:274 - Set plugin database path to: C:\ST\STM32CubeIDE_1.19.0\STM32CubeIDE\plugins\com.st.stm32cube.common.mx_6.15.0.202507011659\\db\/plugins/boardmanager/
2025-12-29 22:01:29,612 [INFO] ApiDb:261 - Set plugin images path to: C:\ST\STM32CubeIDE_1.19.0\STM32CubeIDE\plugins\com.st.stm32cube.common.mx_6.15.0.202507011659\\db\/plugins/mcufinder/images/
2025-12-29 22:01:29,613 [WARN] DbFile:41 - Overriding database path with different value: C:\Users\aditi\.stmcufinder\plugins\mcufinder/ => C:\Users\aditi\.stmcufinder\plugins\mcufinder
2025-12-29 22:01:29,613 [INFO] ApiDb:250 - Set database path to: C:\Users\aditi\.stmcufinder\plugins\mcufinder//mcu/
2025-12-29 22:01:29,613 [WARN] DbFile:41 - Overriding database path with different value: C:\Users\aditi\.stmcufinder\plugins\mcufinder/ => C:\Users\aditi\.stmcufinder\plugins\mcufinder
2025-12-29 22:01:29,613 [INFO] DbMcusAds:125 - Set database path to: C:\Users\aditi\.stmcufinder\plugins\mcufinder//mcu/
2025-12-29 22:01:29,613 [WARN] DbFile:41 - Overriding database path with different value: C:\Users\aditi\.stmcufinder\plugins\mcufinder/ => C:\Users\aditi\.stmcufinder\plugins\mcufinder
2025-12-29 22:01:29,613 [WARN] DbFile:41 - Overriding database path with different value: C:\Users\aditi\.stmcufinder\plugins\mcufinder/ => C:\Users\aditi\.stmcufinder\plugins\mcufinder
2025-12-29 22:01:29,613 [INFO] CrossReferenceDbSqlite:203 - Set database path to: C:\Users\aditi\.stmcufinder\plugins\mcufinder//mcu/cs/
2025-12-29 22:01:29,637 [INFO] ApplicationProperties:184 - Using Application install path: C:\ST\STM32CubeIDE_1.19.0\STM32CubeIDE\plugins\com.st.stm32cube.common.mx_6.15.0.202507011659
2025-12-29 22:01:29,639 [INFO] PluginManage:196 - Search for loadable plugins [exclusion list=, ]
2025-12-29 22:01:29,641 [INFO] PluginManage:310 - Check plugin analytics
2025-12-29 22:01:29,946 [INFO] AnalyticsPlugin:253 - Accepted Software Licenses: 
2025-12-29 22:01:29,946 [INFO] AnalyticsPlugin:255 - Accepted CMSIS Pack Licenses: 
2025-12-29 22:01:29,946 [INFO] AnalyticsPlugin:257 - Accepted Firmware Licenses: FW.F4.1.28.0
2025-12-29 22:01:29,952 [ERROR] ConfigurationRetriever:142 - IOException on connection: sw-center.st.com
2025-12-29 22:01:29,953 [ERROR] ConfigurationRetriever:142 - IOException on connection: sw-center.st.com
2025-12-29 22:01:29,953 [ERROR] ConfigurationRetriever:142 - IOException on connection: sw-center.st.com
2025-12-29 22:01:29,954 [INFO] PluginManage:359 - Loaded plugin analytics (category:tool,tabindex:-1)
2025-12-29 22:01:29,955 [INFO] PluginManage:310 - Check plugin cadmodel
2025-12-29 22:01:29,962 [INFO] CADModel:105 - Init CAD model plugin
2025-12-29 22:01:29,963 [INFO] PluginManage:359 - Loaded plugin cadmodel (category:power,tabindex:5)
2025-12-29 22:01:29,963 [INFO] PluginManage:310 - Check plugin clock
2025-12-29 22:01:29,984 [INFO] PluginManage:359 - Loaded plugin clock (category:base,tabindex:2)
2025-12-29 22:01:29,984 [INFO] PluginManage:310 - Check plugin ddr
2025-12-29 22:01:29,990 [INFO] PluginManage:359 - Loaded plugin ddr (category:tool,tabindex:6)
2025-12-29 22:01:29,990 [INFO] PluginManage:310 - Check plugin filemanager
2025-12-29 22:01:30,216 [INFO] PluginManage:359 - Loaded plugin filemanager (category:base,tabindex:10)
2025-12-29 22:01:30,216 [INFO] PluginManage:310 - Check plugin ipmanager
2025-12-29 22:01:30,222 [INFO] PluginManage:359 - Loaded plugin ipmanager (category:base,tabindex:5)
2025-12-29 22:01:30,222 [INFO] PluginManage:310 - Check plugin lpbam
2025-12-29 22:01:30,228 [INFO] PluginManage:359 - Loaded plugin lpbam (category:base,tabindex:0)
2025-12-29 22:01:30,228 [INFO] PluginManage:310 - Check plugin memorymap
2025-12-29 22:01:30,235 [INFO] PluginManage:359 - Loaded plugin memorymap (category:base,tabindex:4)
2025-12-29 22:01:30,235 [INFO] PluginManage:310 - Check plugin pinoutandconfiguration
2025-12-29 22:01:30,241 [INFO] PluginManage:359 - Loaded plugin pinoutandconfiguration (category:base,tabindex:1)
2025-12-29 22:01:30,241 [INFO] PluginManage:310 - Check plugin pinoutconfig
2025-12-29 22:01:30,314 [WARN] SupportedApi:132 - Cannot load RTOS API schema: s4s-elt-must-match.1: The content of 'definitions' must match (annotation?, (simpleType | complexType)?, (unique | key | keyref)*)). A problem was found starting at: attribute.
2025-12-29 22:01:30,423 [INFO] PluginManage:359 - Loaded plugin pinoutconfig (category:base,tabindex:0)
2025-12-29 22:01:30,423 [INFO] PluginManage:310 - Check plugin power
2025-12-29 22:01:30,428 [INFO] PluginManage:359 - Loaded plugin power (category:power,tabindex:4)
2025-12-29 22:01:30,429 [INFO] PluginManage:310 - Check plugin projectmanager
2025-12-29 22:01:30,451 [INFO] PluginManage:359 - Loaded plugin projectmanager (category:projectmanager,tabindex:4)
2025-12-29 22:01:30,451 [INFO] PluginManage:310 - Check plugin rif
2025-12-29 22:01:30,458 [INFO] PluginManage:359 - Loaded plugin rif (category:base,tabindex:3)
2025-12-29 22:01:30,458 [INFO] PluginManage:310 - Check plugin thirdparty
2025-12-29 22:01:30,603 [INFO] PluginManage:359 - Loaded plugin thirdparty (category:base,tabindex:-1)
2025-12-29 22:01:30,603 [INFO] PluginManage:310 - Check plugin tools
2025-12-29 22:01:30,603 [WARN] IntegrityCheckThread:84 - waiting for thirdparty lock release [integrity check]
2025-12-29 22:01:30,604 [INFO] IntegrityCheckThread:86 - entering critical section [integrity check]
2025-12-29 22:01:30,604 [INFO] ThirdPartyUpdaterWithRetryManager:70 - Updater plugin not ready yet. [1/15]
2025-12-29 22:01:30,606 [INFO] PluginManage:359 - Loaded plugin tools (category:base,tabindex:7)
2025-12-29 22:01:30,606 [INFO] PluginManage:310 - Check plugin tutovideos
2025-12-29 22:01:30,750 [INFO] PluginManage:359 - Loaded plugin tutovideos (category:base,tabindex:-1)
2025-12-29 22:01:30,750 [INFO] PluginManage:310 - Check plugin updater
2025-12-29 22:01:30,776 [INFO] PluginManage:359 - Loaded plugin updater (category:base,tabindex:12)
2025-12-29 22:01:30,777 [INFO] PluginManage:310 - Check plugin userauth
2025-12-29 22:01:30,780 [INFO] UserAuth:118 - Init User Auth plugin
2025-12-29 22:01:30,781 [INFO] PluginManage:359 - Loaded plugin userauth (category:base,tabindex:14)
2025-12-29 22:01:30,782 [INFO] PluginManage:283 - PluginManage : Loaded plugins [18]
2025-12-29 22:01:30,968 [INFO] PinOutPanel:1589 - setPackage(No Configuration,No Configuration)
2025-12-29 22:01:31,129 [INFO] CADModel:165 - CPN selected for project level
2025-12-29 22:01:31,129 [INFO] CADModel:114 - Register for checkConnection events
2025-12-29 22:01:31,157 [INFO] IPUIPlugin:80 - create IPUIPlugin
2025-12-29 22:01:31,157 [INFO] PluginManager:220 - loadIPPluginJar : add adc
2025-12-29 22:01:31,162 [INFO] IPUIPlugin:80 - create IPUIPlugin
2025-12-29 22:01:31,162 [INFO] PluginManager:220 - loadIPPluginJar : add aes
2025-12-29 22:01:31,166 [INFO] IPUIPlugin:80 - create IPUIPlugin
2025-12-29 22:01:31,167 [INFO] PluginManager:220 - loadIPPluginJar : add can
2025-12-29 22:01:31,169 [INFO] IPUIPlugin:80 - create IPUIPlugin
2025-12-29 22:01:31,169 [INFO] PluginManager:220 - loadIPPluginJar : add comp
2025-12-29 22:01:31,173 [INFO] IPUIPlugin:80 - create IPUIPlugin
2025-12-29 22:01:31,173 [INFO] PluginManager:220 - loadIPPluginJar : add cryp
2025-12-29 22:01:31,176 [INFO] IPUIPlugin:80 - create IPUIPlugin
2025-12-29 22:01:31,176 [INFO] PluginManager:220 - loadIPPluginJar : add ddr_ctrl_phy
2025-12-29 22:01:31,179 [INFO] IPUIPlugin:80 - create IPUIPlugin
2025-12-29 22:01:31,179 [INFO] PluginManager:220 - loadIPPluginJar : add dfsdm
2025-12-29 22:01:31,186 [INFO] IPUIPlugin:80 - create IPUIPlugin
2025-12-29 22:01:31,187 [INFO] PluginManager:220 - loadIPPluginJar : add dma
2025-12-29 22:01:31,191 [INFO] IPUIPlugin:80 - create IPUIPlugin
2025-12-29 22:01:31,191 [INFO] PluginManager:220 - loadIPPluginJar : add dma3
2025-12-29 22:01:31,196 [INFO] IPUIPlugin:80 - create IPUIPlugin
2025-12-29 22:01:31,196 [INFO] PluginManager:220 - loadIPPluginJar : add extmemmanager
2025-12-29 22:01:31,199 [INFO] IPUIPlugin:80 - create IPUIPlugin
2025-12-29 22:01:31,199 [INFO] PluginManager:220 - loadIPPluginJar : add fatfs
2025-12-29 22:01:31,205 [INFO] IPUIPlugin:80 - create IPUIPlugin
2025-12-29 22:01:31,205 [INFO] PluginManager:220 - loadIPPluginJar : add fmc
2025-12-29 22:01:31,220 [INFO] IPUIPlugin:80 - create IPUIPlugin
2025-12-29 22:01:31,220 [INFO] PluginManager:220 - loadIPPluginJar : add freertos
2025-12-29 22:01:31,222 [INFO] IPUIPlugin:80 - create IPUIPlugin
2025-12-29 22:01:31,222 [INFO] PluginManager:220 - loadIPPluginJar : add genericplugin
2025-12-29 22:01:31,225 [INFO] IPUIPlugin:80 - create IPUIPlugin
2025-12-29 22:01:31,225 [INFO] PluginManager:220 - loadIPPluginJar : add gfxmmu
2025-12-29 22:01:31,230 [INFO] IPUIPlugin:80 - create IPUIPlugin
2025-12-29 22:01:31,231 [INFO] PluginManager:220 - loadIPPluginJar : add gic
2025-12-29 22:01:31,235 [INFO] IPUIPlugin:80 - create IPUIPlugin
2025-12-29 22:01:31,235 [INFO] PluginManager:220 - loadIPPluginJar : add gpio
2025-12-29 22:01:31,239 [INFO] IPUIPlugin:80 - create IPUIPlugin
2025-12-29 22:01:31,239 [INFO] PluginManager:220 - loadIPPluginJar : add gtzc
2025-12-29 22:01:31,241 [INFO] IPUIPlugin:80 - create IPUIPlugin
2025-12-29 22:01:31,242 [INFO] PluginManager:220 - loadIPPluginJar : add hash
2025-12-29 22:01:31,244 [INFO] IPUIPlugin:80 - create IPUIPlugin
2025-12-29 22:01:31,245 [INFO] PluginManager:220 - loadIPPluginJar : add i2c
2025-12-29 22:01:31,247 [INFO] IPUIPlugin:80 - create IPUIPlugin
2025-12-29 22:01:31,248 [INFO] PluginManager:220 - loadIPPluginJar : add i2s
2025-12-29 22:01:31,251 [INFO] IPUIPlugin:80 - create IPUIPlugin
2025-12-29 22:01:31,251 [INFO] PluginManager:220 - loadIPPluginJar : add i3c
2025-12-29 22:01:31,256 [INFO] IPUIPlugin:80 - create IPUIPlugin
2025-12-29 22:01:31,258 [INFO] PluginManager:220 - loadIPPluginJar : add ipddr
2025-12-29 22:01:31,264 [INFO] IPUIPlugin:80 - create IPUIPlugin
2025-12-29 22:01:31,264 [INFO] PluginManager:220 - loadIPPluginJar : add linkedlist
2025-12-29 22:01:31,266 [INFO] IPUIPlugin:80 - create IPUIPlugin
2025-12-29 22:01:31,267 [INFO] PluginManager:220 - loadIPPluginJar : add lorawan
2025-12-29 22:01:31,269 [INFO] IPUIPlugin:80 - create IPUIPlugin
2025-12-29 22:01:31,269 [INFO] PluginManager:220 - loadIPPluginJar : add ltdc
2025-12-29 22:01:31,276 [INFO] IPUIPlugin:80 - create IPUIPlugin
2025-12-29 22:01:31,276 [INFO] PluginManager:220 - loadIPPluginJar : add mdma
2025-12-29 22:01:31,281 [INFO] IPUIPlugin:80 - create IPUIPlugin
2025-12-29 22:01:31,281 [INFO] PluginManager:220 - loadIPPluginJar : add nvic
2025-12-29 22:01:31,289 [INFO] IPUIPlugin:80 - create IPUIPlugin
2025-12-29 22:01:31,289 [INFO] PluginManager:220 - loadIPPluginJar : add opamp
2025-12-29 22:01:31,291 [INFO] IPUIPlugin:80 - create IPUIPlugin
2025-12-29 22:01:31,292 [INFO] PluginManager:220 - loadIPPluginJar : add openamp
2025-12-29 22:01:31,294 [INFO] IPUIPlugin:80 - create IPUIPlugin
2025-12-29 22:01:31,295 [INFO] PluginManager:220 - loadIPPluginJar : add pdm2pcm
2025-12-29 22:01:31,302 [INFO] IPUIPlugin:80 - create IPUIPlugin
2025-12-29 22:01:31,304 [INFO] PluginManager:220 - loadIPPluginJar : add plateformsettings
2025-12-29 22:01:31,306 [INFO] IPUIPlugin:80 - create IPUIPlugin
2025-12-29 22:01:31,306 [INFO] PluginManager:220 - loadIPPluginJar : add quadspi
2025-12-29 22:01:31,308 [INFO] IPUIPlugin:80 - create IPUIPlugin
2025-12-29 22:01:31,308 [INFO] PluginManager:220 - loadIPPluginJar : add radio
2025-12-29 22:01:31,311 [INFO] IPUIPlugin:80 - create IPUIPlugin
2025-12-29 22:01:31,311 [INFO] PluginManager:220 - loadIPPluginJar : add resmgrutility
2025-12-29 22:01:31,314 [INFO] IPUIPlugin:80 - create IPUIPlugin
2025-12-29 22:01:31,314 [INFO] PluginManager:220 - loadIPPluginJar : add sai
2025-12-29 22:01:31,317 [INFO] IPUIPlugin:80 - create IPUIPlugin
2025-12-29 22:01:31,317 [INFO] PluginManager:220 - loadIPPluginJar : add spi
2025-12-29 22:01:31,322 [INFO] IPUIPlugin:80 - create IPUIPlugin
2025-12-29 22:01:31,322 [INFO] PluginManager:220 - loadIPPluginJar : add stm32_wpan
2025-12-29 22:01:31,324 [INFO] IPUIPlugin:80 - create IPUIPlugin
2025-12-29 22:01:31,324 [INFO] PluginManager:220 - loadIPPluginJar : add tim
2025-12-29 22:01:31,326 [INFO] IPUIPlugin:80 - create IPUIPlugin
2025-12-29 22:01:31,326 [INFO] PluginManager:220 - loadIPPluginJar : add touchsensing
2025-12-29 22:01:31,328 [INFO] IPUIPlugin:80 - create IPUIPlugin
2025-12-29 22:01:31,328 [INFO] PluginManager:220 - loadIPPluginJar : add tracer_emb
2025-12-29 22:01:31,330 [INFO] IPUIPlugin:80 - create IPUIPlugin
2025-12-29 22:01:31,330 [INFO] PluginManager:220 - loadIPPluginJar : add ts
2025-12-29 22:01:31,331 [INFO] IPUIPlugin:80 - create IPUIPlugin
2025-12-29 22:01:31,331 [INFO] PluginManager:220 - loadIPPluginJar : add tsc
2025-12-29 22:01:31,333 [INFO] IPUIPlugin:80 - create IPUIPlugin
2025-12-29 22:01:31,333 [INFO] PluginManager:220 - loadIPPluginJar : add ucpd
2025-12-29 22:01:31,336 [INFO] IPUIPlugin:80 - create IPUIPlugin
2025-12-29 22:01:31,337 [INFO] PluginManager:220 - loadIPPluginJar : add usart
2025-12-29 22:01:31,340 [INFO] IPUIPlugin:80 - create IPUIPlugin
2025-12-29 22:01:31,340 [INFO] PluginManager:220 - loadIPPluginJar : add usbx
2025-12-29 22:01:31,480 [FATAL] Updater:351 - Updater called before beeing initialized
2025-12-29 22:01:31,569 [INFO] RulesReader:64 - Compatibility file has been processed (317 Rules)
2025-12-29 22:01:31,589 [INFO] RulesReader:64 - Compatibility file has been processed (317 Rules)
2025-12-29 22:01:31,603 [INFO] CADModel:165 - CPN selected for project level
2025-12-29 22:01:31,604 [INFO] CADModel:114 - Register for checkConnection events
2025-12-29 22:01:31,604 [FATAL] Updater:351 - Updater called before beeing initialized
2025-12-29 22:01:31,604 [ERROR] CADModel:125 - Updater not yet initialized, retry later 
2025-12-29 22:01:31,765 [FATAL] Updater:351 - Updater called before beeing initialized
2025-12-29 22:01:31,766 [INFO] CADModel:165 - CPN selected for project level
2025-12-29 22:01:31,766 [INFO] CADModel:114 - Register for checkConnection events
2025-12-29 22:01:31,766 [FATAL] Updater:351 - Updater called before beeing initialized
2025-12-29 22:01:31,766 [ERROR] CADModel:125 - Updater not yet initialized, retry later 
2025-12-29 22:01:31,769 [FATAL] Updater:351 - Updater called before beeing initialized
2025-12-29 22:01:31,923 [FATAL] Updater:351 - Updater called before beeing initialized
2025-12-29 22:01:31,926 [INFO] DbMcusAds:53 - JSON generation date=Tue Dec 16 04:41:46 IST 2025 (1765840306612)
2025-12-29 22:01:31,926 [FATAL] Updater:351 - Updater called before beeing initialized
2025-12-29 22:01:31,956 [WARN] DetailPanel:346 - Failed to get advertising image, set to default
2025-12-29 22:01:32,028 [FATAL] Updater:351 - Updater called before beeing initialized
2025-12-29 22:01:32,029 [FATAL] Updater:351 - Updater called before beeing initialized
2025-12-29 22:01:32,029 [FATAL] Updater:351 - Updater called before beeing initialized
2025-12-29 22:01:32,029 [WARN] DetailPanel:346 - Failed to get advertising image, set to default
2025-12-29 22:01:32,030 [FATAL] Updater:351 - Updater called before beeing initialized
2025-12-29 22:01:32,068 [ERROR] Updater:1198 - MainUpdater not yet initialized. External WinMGr cannot be set.
2025-12-29 22:01:32,070 [INFO] Updater:1134 - Updater Version found : 6.15.0
2025-12-29 22:01:32,081 [INFO] ApplicationProperties:184 - Using Application install path: C:\ST\STM32CubeIDE_1.19.0\STM32CubeIDE\plugins\com.st.stm32cube.common.mx_6.15.0.202507011659
2025-12-29 22:01:33,606 [INFO] ThirdPartyUpdaterWithRetryManager:70 - Updater plugin not ready yet. [2/15]
2025-12-29 22:01:33,651 [ERROR] LogOutputStream:75 - [STDERR_REDIRECT] Dec 29, 2025 10:01:33 PM java.util.prefs.WindowsPreferences <init>
2025-12-29 22:01:33,652 [ERROR] LogOutputStream:75 - [STDERR_REDIRECT] WARNING: Could not open/create prefs root node Software\JavaSoft\Prefs at root 0xffffffff80000002. Windows RegCreateKeyEx(...) returned error code 5.
2025-12-29 22:01:33,652 [ERROR] LogOutputStream:75 - [STDERR_REDIRECT] 
2025-12-29 22:01:34,020 [INFO] MainUpdater:2872 - connection check result : 22
2025-12-29 22:01:34,021 [INFO] MainUpdater:289 - Updater Check For Update Now.
2025-12-29 22:01:34,021 [INFO] MicroXplorer:498 - Change Database Version : DB.6.0.150
2025-12-29 22:01:34,030 [INFO] McuFinderGlobals:63 - Set McuFinder mode to 2 (CubeIDE integrated)
2025-12-29 22:01:34,034 [INFO] UserAuth:487 - Internet connection configuration mode: 2
2025-12-29 22:01:34,043 [INFO] UserAuth:487 - Internet connection configuration mode: 2
2025-12-29 22:01:34,252 [INFO] CheckServerUpdateThread:120 - End of CheckServer Thread
2025-12-29 22:01:36,870 [WARN] PackLoader:240 - Cannot read IP mode file for STMicroelectronics.FP-SNS-MOTENVWB1.1.4.0
2025-12-29 22:01:36,884 [WARN] PackLoader:240 - Cannot read IP mode file for STMicroelectronics.FP-ATR-ASTRA1.2.0.2
2025-12-29 22:01:36,905 [WARN] PackLoader:240 - Cannot read IP mode file for STMicroelectronics.X-CUBE-SMBUS.2.1.0
2025-12-29 22:01:36,954 [WARN] PackLoader:240 - Cannot read IP mode file for STMicroelectronics.X-CUBE-AZRTOS-F7.1.1.0
2025-12-29 22:01:36,977 [WARN] PackLoader:240 - Cannot read IP mode file for STMicroelectronics.X-CUBE-DISPLAY.3.0.0
2025-12-29 22:01:37,006 [WARN] PackLoader:240 - Cannot read IP mode file for STMicroelectronics.X-CUBE-NFC10.1.0.0
2025-12-29 22:01:37,027 [WARN] PackLoader:240 - Cannot read IP mode file for STMicroelectronics.FP-SNS-SMARTAG2.1.2.0
2025-12-29 22:01:37,035 [WARN] PackLoader:240 - Cannot read IP mode file for STMicroelectronics.FP-SNS-FLIGHT1.5.1.0
2025-12-29 22:01:37,049 [INFO] LogOutputStream:77 - [STDOUT_REDIRECT] 1 : Invalid condition id : UX_CORESTACK_Condition cause : null
2025-12-29 22:01:37,051 [INFO] LogOutputStream:77 - [STDOUT_REDIRECT] 1 : Invalid condition id : UX_CORESTACK_Condition cause : null
2025-12-29 22:01:37,054 [INFO] LogOutputStream:77 - [STDOUT_REDIRECT] 1 : Invalid condition id : UX_CORESTACK_Condition cause : null
2025-12-29 22:01:37,056 [INFO] LogOutputStream:77 - [STDOUT_REDIRECT] 1 : Invalid condition id : UX_CORESTACK_Condition cause : null
2025-12-29 22:01:37,058 [INFO] LogOutputStream:77 - [STDOUT_REDIRECT] 1 : Invalid condition id : UX_CORESTACK_Condition cause : null
2025-12-29 22:01:37,062 [WARN] PackLoader:240 - Cannot read IP mode file for STMicroelectronics.X-CUBE-AZRTOS-WL.2.0.0
2025-12-29 22:01:37,072 [WARN] PackLoader:240 - Cannot read IP mode file for STMicroelectronics.X-CUBE-BLE2.3.3.0
2025-12-29 22:01:37,083 [WARN] PackLoader:240 - Cannot read IP mode file for STMicroelectronics.X-CUBE-NFC9.1.0.0
2025-12-29 22:01:37,094 [WARN] PackLoader:240 - Cannot read IP mode file for STMicroelectronics.X-CUBE-BLE1.7.1.0
2025-12-29 22:01:37,119 [WARN] PackLoader:240 - Cannot read IP mode file for STMicroelectronics.X-CUBE-AZRTOS-G0.1.1.0
2025-12-29 22:01:37,140 [WARN] PackLoader:240 - Cannot read IP mode file for STMicroelectronics.X-CUBE-NFC4.3.0.0
2025-12-29 22:01:37,151 [WARN] PackLoader:240 - Cannot read IP mode file for STMicroelectronics.X-CUBE-WB05N.2.0.0
2025-12-29 22:01:37,159 [WARN] PackLoader:240 - Cannot read IP mode file for STMicroelectronics.X-CUBE-TCPP.4.2.0
2025-12-29 22:01:37,203 [WARN] PackLoader:240 - Cannot read IP mode file for STMicroelectronics.FP-ATR-SIGFOX1.3.2.0
2025-12-29 22:01:37,213 [WARN] PackLoader:240 - Cannot read IP mode file for STMicroelectronics.X-CUBE-ALGOBUILD.1.4.0
2025-12-29 22:01:37,223 [WARN] PackLoader:240 - Cannot read IP mode file for STMicroelectronics.X-CUBE-PM33A1.1.0.0
2025-12-29 22:01:37,256 [WARN] PackLoader:240 - Cannot read IP mode file for STMicroelectronics.X-CUBE-AZRTOS-F4.1.1.0
2025-12-29 22:01:37,277 [WARN] PackLoader:240 - Cannot read IP mode file for STMicroelectronics.X-CUBE-ISPU.2.1.0
2025-12-29 22:01:37,306 [WARN] PackLoader:240 - Cannot read IP mode file for STMicroelectronics.X-CUBE-AZRTOS-L5.2.0.0
2025-12-29 22:01:37,322 [WARN] PackLoader:240 - Cannot read IP mode file for STMicroelectronics.X-CUBE-NFC6.3.1.0
2025-12-29 22:01:37,333 [WARN] PackLoader:240 - Cannot read IP mode file for STMicroelectronics.X-CUBE-DPower.1.3.0
2025-12-29 22:01:37,347 [WARN] ConditionMgr:438 - getConditionDescription Invalid condition id : LAN8742 Phy interface Condition cause : null
2025-12-29 22:01:37,347 [WARN] PackLoader:240 - Cannot read IP mode file for STMicroelectronics.X-CUBE-AZRTOS-L4.2.0.0
2025-12-29 22:01:37,348 [WARN] ConditionMgr:1044 - genDependencies : Invalid condition id : LAN8742 Phy interface Condition cause : null
2025-12-29 22:01:37,348 [WARN] ConditionMgr:1044 - genDependencies : Invalid condition id : LAN8742 Phy interface Condition cause : null
2025-12-29 22:01:37,349 [WARN] ConditionMgr:1044 - genDependencies : Invalid condition id : LAN8742 Phy interface Condition cause : null
2025-12-29 22:01:37,358 [WARN] PackLoader:240 - Cannot read IP mode file for STMicroelectronics.X-CUBE-SFXS2LP1.4.0.0
2025-12-29 22:01:37,374 [WARN] ConditionMgr:438 - getConditionDescription Invalid condition id : UX DEVICE CLASS RTOS Condition cause : null
2025-12-29 22:01:37,375 [WARN] ConditionMgr:438 - getConditionDescription Invalid condition id : UX DEVICE CLASS RTOS Condition cause : null
2025-12-29 22:01:37,378 [WARN] PackLoader:240 - Cannot read IP mode file for STMicroelectronics.X-CUBE-AZRTOS-WB.2.0.0
2025-12-29 22:01:37,379 [WARN] ConditionMgr:1044 - genDependencies : Invalid condition id : UX DEVICE CLASS RTOS Condition cause : null
2025-12-29 22:01:37,380 [WARN] ConditionMgr:1044 - genDependencies : Invalid condition id : UX DEVICE CLASS RTOS Condition cause : null
2025-12-29 22:01:37,380 [WARN] ConditionMgr:1044 - genDependencies : Invalid condition id : UX DEVICE CLASS RTOS Condition cause : null
2025-12-29 22:01:37,381 [WARN] ConditionMgr:1044 - genDependencies : Invalid condition id : UX DEVICE CLASS RTOS Condition cause : null
2025-12-29 22:01:37,381 [WARN] ConditionMgr:1044 - genDependencies : Invalid condition id : UX DEVICE CLASS RTOS Condition cause : null
2025-12-29 22:01:37,415 [WARN] PackLoader:240 - Cannot read IP mode file for STMicroelectronics.X-CUBE-SUBG2.5.0.0
2025-12-29 22:01:37,447 [WARN] PackLoader:240 - Cannot read IP mode file for STMicroelectronics.X-CUBE-AZRTOS-G4.2.0.0
2025-12-29 22:01:37,454 [WARN] PackLoader:240 - Cannot read IP mode file for STMicroelectronics.X-CUBE-NFC7.2.0.0
2025-12-29 22:01:37,461 [WARN] PackLoader:240 - Cannot read IP mode file for STMicroelectronics.X-CUBE-ALS.1.0.2
2025-12-29 22:01:37,471 [WARN] PackLoader:240 - Cannot read IP mode file for STMicroelectronics.X-CUBE-TOF1.3.4.3
2025-12-29 22:01:37,483 [INFO] ThirdParty:978 - Integrity check success = true
2025-12-29 22:01:37,483 [INFO] IntegrityCheckThread:100 - exiting critical section [integrity check]
2025-12-29 22:01:37,483 [INFO] IntegrityCheckThread:103 - End integrity checks thread
2025-12-29 22:01:42,698 [INFO] McuFinderGlobals:63 - Set McuFinder mode to 2 (CubeIDE integrated)
2025-12-29 22:01:42,706 [INFO] MainUpdater:2872 - connection check result : 22
2025-12-29 22:01:46,153 [INFO] ApiDb:581 - Connected to CubeFinder SQLite database (C:\Users\aditi\.stmcufinder\plugins\mcufinder\mcu\cube-finder-db.db)
2025-12-29 22:01:46,250 [INFO] ApiDb:668 - CubeFinder database Data Model version=2.1
2025-12-29 22:01:46,250 [INFO] ApiDb:669 - CubeFinder database Configuration version=3.0.39
2025-12-29 22:01:46,250 [INFO] ApiDb:670 - CubeFinder database generation date=2025-11-05 (1762334721)
2025-12-29 22:01:46,250 [INFO] ApiDb:671 - CubeFinder database FW Pack versions=[FP-ATR-ASTRA1_V2.0.0, FP-SNS-FLIGHT1_V5.1.0, FP-SNS-MOTENV1_V5.1.0, FP-SNS-MOTENVWB1_V1.4.0, FP-SNS-SMARTAG2_V1.2.0, FP-SNS-STBOX1_V2.1.0, STM32Cube_FW_C0_V1.4.0, STM32Cube_FW_F4_V1.28.3, STM32Cube_FW_F7_V1.17.4, STM32Cube_FW_G0_V1.6.2, STM32Cube_FW_G4_V1.6.1, STM32Cube_FW_H5_V1.5.1, STM32Cube_FW_H7RS_V1.3.0, STM32Cube_FW_H7_V1.12.1, STM32Cube_FW_L0_V1.12.2, STM32Cube_FW_L4_V1.18.1, STM32Cube_FW_L5_V1.6.0, STM32Cube_FW_N6_V1.3.0, STM32Cube_FW_U0_V1.3.0, STM32Cube_FW_U3_V1.2.1, STM32Cube_FW_U5_V1.8.0, STM32Cube_FW_WB0_V1.4.0, STM32Cube_FW_WBA_V1.8.0, STM32Cube_FW_WB_V1.24.0, STM32Cube_FW_WL3_V1.3.0, STM32Cube_FW_WL_V1.4.0, X-CUBE-ALGOBUILD_V1.4.0, X-CUBE-ALS_V1.0.2, X-CUBE-AZRTOS-F4_V1.1.0, X-CUBE-AZRTOS-F7_V1.1.0, X-CUBE-AZRTOS-G0_V1.1.0, X-CUBE-AZRTOS-G4_V2.0.0, X-CUBE-AZRTOS-H7RS_V1.1.0, X-CUBE-AZRTOS-H7_V3.4.0, X-CUBE-AZRTOS-L4_V2.0.0, X-CUBE-AZRTOS-L5_V2.0.0, X-CUBE-AZRTOS-WB_V2.0.0, X-CUBE-AZRTOS-WL_V2.0.0, X-CUBE-BLE1_V7.1.0, X-CUBE-BLE2_V3.3.0, X-CUBE-BLEMGR_V4.1.0, X-CUBE-EEPRMA1_V5.2.0, X-CUBE-FREERTOS_V1.3.1, X-CUBE-GNSS1_V6.0.0, X-CUBE-MEMS1_V11.3.0, X-CUBE-NFC4_V3.0.0, X-CUBE-NFC7_V2.0.0, X-CUBE-SFXS2LP1_V4.0.0, X-CUBE-ST67W61_V1.1.0, X-CUBE-SUBG2_V5.0.0, X-CUBE-TOF1_V3.4.3]
2025-12-29 22:01:48,432 [INFO] ApiDb:240 - Found 880 in-development CPN: [B-G473E-ZEST1S, B-WB1M-WPAN1, B-WBA5M-WPAN, B-WL5M-SUBG1, NUCLEO-C031C6, NUCLEO-C051C8, NUCLEO-C071RB, NUCLEO-C092RC, NUCLEO-H503RB, NUCLEO-H533RE, NUCLEO-H563ZI, NUCLEO-H7S3L8, NUCLEO-N657X0-Q, NUCLEO-U031R8, NUCLEO-U083RC, NUCLEO-U385RG-Q, NUCLEO-U545RE-Q, NUCLEO-U5A5ZJ-Q, NUCLEO-WB05KZ, NUCLEO-WB07CC, NUCLEO-WB09KE, NUCLEO-WBA52CG, NUCLEO-WBA55CG, NUCLEO-WL33CC1, NUCLEO-WL33CC2, STEVAL-PROTEUS1, STEVAL-SMARTAG2, STEVAL-STWINBX1, STM320518-EVAL, STM32C0116-DK, STM32C011D6Y3TR, STM32C011D6Y6TR, STM32C011F4P3, STM32C011F4P6, STM32C011F4U3, STM32C011F4U6TR, STM32C011F6P3, STM32C011F6P6, STM32C011F6U3, STM32C011F6U6TR, STM32C011J4M3, STM32C011J4M6, STM32C011J6M3, STM32C011J6M6, STM32C0316-DK, STM32C031C4T3, STM32C031C4T6, STM32C031C4U3, STM32C031C4U6, STM32C031C6T3, STM32C031C6T6, STM32C031C6U3, STM32C031C6U6, STM32C031F4P3, STM32C031F4P6, STM32C031F6P3, STM32C031F6P6, STM32C031G4U3, STM32C031G4U6, STM32C031G6U3, STM32C031G6U6, STM32C031K4T3, STM32C031K4T6, STM32C031K4U3, STM32C031K4U6, STM32C031K6T3, STM32C031K6T6, STM32C031K6U3, STM32C031K6U6, STM32C051C6T6, STM32C051C6U6, STM32C051C8T6, STM32C051C8U6, STM32C051D8Y6TR, STM32C051F6P6, STM32C051F8P6, STM32C051G6U6, STM32C051G8U6, STM32C051K6T6, STM32C051K6U6, STM32C051K8T6, STM32C071C8T6, STM32C071C8T6N, STM32C071C8U6, STM32C071C8U6N, STM32C071CBT6, STM32C071CBT6N, STM32C071CBU6, STM32C071CBU6N, STM32C071F8P6, STM32C071F8P6N, STM32C071FBP6, STM32C071FBP6N, STM32C071FBY6TR, STM32C071G8U6, STM32C071G8U6N, STM32C071GBU6, STM32C071GBU6N, STM32C071K8T6, STM32C071K8T6N, STM32C071K8U6, STM32C071K8U6N, STM32C071KBT6, STM32C071KBT6N, STM32C071KBU6, STM32C071KBU6N, STM32C071R8T6, STM32C071R8T6N, STM32C071RBI6N, STM32C071RBT6, STM32C071RBT6N, STM32C091CBT6, STM32C091CBU6, STM32C091CCT6, STM32C091CCU6, STM32C091ECY6TR, STM32C091FBP6, STM32C091FCP6, STM32C091GBU6, STM32C091GCU6, STM32C091KBT6, STM32C091KBU6, STM32C091KCT6, STM32C091KCU6, STM32C091RBT6, STM32C091RCI6, STM32C091RCT6, STM32C092CBT6, STM32C092CBU6, STM32C092CCT6, STM32C092CCU6, STM32C092ECY6TR, STM32C092FBP6, STM32C092FCP6, STM32C092GBU6, STM32C092GCU6, STM32C092KBT6, STM32C092KBU6, STM32C092KCT6, STM32C092KCU6, STM32C092RBT6, STM32C092RCI6, STM32C092RCT6, STM32G071K8TXN, STM32G071K8UXN, STM32G081GBU6N, STM32G081KBT6N, STM32G081KBUXN, STM32G0B1CCT6N, STM32G0B1KCT6, STM32G0B1NEY6TR, STM32G0B1RCT6N, STM32G0C1CCT6, STM32G0C1CCT6N, STM32G0C1CCU6N, STM32G0C1CET6N, STM32G0C1CEU6N, STM32G0C1KCT6, STM32G0C1NEY6TR, STM32G0C1RCI6N, STM32G0C1RCT6N, STM32G0C1REI6N, STM32G0C1RET6N, STM32G0C1VCI6, STM32G0C1VEI6, STM32G411C6T3, STM32G411C6T6, STM32G411C6U3, STM32G411C6U6, STM32G411C8T3, STM32G411C8T6, STM32G411C8U3, STM32G411C8U6, STM32G411CBT3, STM32G411CBT6, STM32G411CBU3, STM32G411CBU6, STM32G411K6T3, STM32G411K6T6, STM32G411K6U3, STM32G411K6U6, STM32G411K8T3, STM32G411K8T6, STM32G411K8U3, STM32G411K8U6, STM32G411KBT3, STM32G411KBT6, STM32G411KBU3, STM32G411KBU6, STM32G411M6T3, STM32G411M6T6, STM32G411M8T3, STM32G411M8T6, STM32G411MBT3, STM32G411MBT6, STM32G411R6T3, STM32G411R6T6, STM32G411R8T3, STM32G411R8T6, STM32G411RBT3, STM32G411RBT6, STM32G414CBT3, STM32G414CBT6, STM32G414CBU3, STM32G414CBU6, STM32G414CCT3, STM32G414CCT6, STM32G414CCU3, STM32G414CCU6, STM32G414MBT3, STM32G414MBT6, STM32G414MCT3, STM32G414MCT6, STM32G414RBT3, STM32G414RBT6, STM32G414RCT3, STM32G414RCT6, STM32G414VBT3, STM32G414VBT6, STM32G414VCT3, STM32G414VCT6, STM32G431CBT3Z, STM32G431RBT3Z, STM32G471CCT6, STM32G471CCU6, STM32G471CET3, STM32G471CET6, STM32G471CEU3, STM32G471CEU6, STM32G471MCT6, STM32G471MET3, STM32G471MET6, STM32G471MEY6TR, STM32G471QCT6, STM32G471QET3, STM32G471RCT6, STM32G471RET3, STM32G471RET6, STM32G471VCH6, STM32G471VCI6, STM32G471VCT6, STM32G471VEH3, STM32G471VEH6, STM32G471VEI3, STM32G471VEI6, STM32G471VET3, STM32G471VET6, STM32G473QET3Z, STM32G473RET3Z, STM32G474CCT6, STM32G491RET3Z, STM32H503CBT6, STM32H503CBU6, STM32H503EBY6TR, STM32H503KBU6, STM32H503RBT6, STM32H523CCT6, STM32H523CCU6, STM32H523CET6, STM32H523CEU6, STM32H523HEY6TR, STM32H523RCT6, STM32H523RET6, STM32H523VCI6, STM32H523VCT6, STM32H523VEI6, STM32H523VET6, STM32H523ZCJ6, STM32H523ZCT6, STM32H523ZEJ6, STM32H523ZET6, STM32H533CET6, STM32H533CEU6, STM32H533HEY6TR, STM32H533RET6, STM32H533VEI6, STM32H533VET6, STM32H533ZEJ6, STM32H533ZET6, STM32H562AGI6, STM32H562AII6, STM32H562IGK6, STM32H562IGT6, STM32H562IIK6, STM32H562IIT6, STM32H562RGT6, STM32H562RGV6, STM32H562RIT6, STM32H562RIV6, STM32H562VGT6, STM32H562VIT6, STM32H562ZGT6, STM32H562ZIT6, STM32H563AGI6, STM32H563AII3Q, STM32H563AII6, STM32H563IGK6, STM32H563IGT6, STM32H563IIK3Q, STM32H563IIK6, STM32H563IIT3Q, STM32H563IIT6, STM32H563MIY3QTR, STM32H563RGT6, STM32H563RGV6, STM32H563RIT6, STM32H563RIV6, STM32H563VGT6, STM32H563VIT3Q, STM32H563VIT6, STM32H563ZGT6, STM32H563ZIT3Q, STM32H563ZIT6, STM32H573AII3Q, STM32H573AII6, STM32H573I-DK, STM32H573IIK3Q, STM32H573IIK6, STM32H573IIT3Q, STM32H573IIT6, STM32H573MIY3QTR, STM32H573RIT6, STM32H573RIV6, STM32H573VIT3Q, STM32H573VIT6, STM32H573ZIT3Q, STM32H573ZIT6, STM32H7R3A8I6, STM32H7R3I8K6, STM32H7R3I8T6, STM32H7R3L8H6, STM32H7R3L8H6H, STM32H7R3R8V6, STM32H7R3V8H6, STM32H7R3V8T6, STM32H7R3V8Y6TR, STM32H7R3Z8J6, STM32H7R3Z8T6, STM32H7R7A8I6, STM32H7R7I8K6, STM32H7R7I8T6, STM32H7R7L8H6, STM32H7R7L8H6H, STM32H7R7Z8J6, STM32H7S3A8I6, STM32H7S3I8K6, STM32H7S3I8T6, STM32H7S3L8H6, STM32H7S3L8H6H, STM32H7S3R8V6, STM32H7S3V8H6, STM32H7S3V8T6, STM32H7S3V8Y6TR, STM32H7S3Z8J6, STM32H7S3Z8T6, STM32H7S78-DK, STM32H7S7A8I6, STM32H7S7I8K6, STM32H7S7I8T6, STM32H7S7L8H6, STM32H7S7L8H6H, STM32H7S7Z8J6, STM32L4R5QGI6STR, STM32MP131AAE3, STM32MP131AAF3, STM32MP131AAG3, STM32MP131CAE3, STM32MP131CAF3, STM32MP131CAG3, STM32MP131DAE7, STM32MP131DAF7, STM32MP131DAG7, STM32MP131FAE7, STM32MP131FAF7, STM32MP131FAG7, STM32MP133AAE3, STM32MP133AAF3, STM32MP133AAG3, STM32MP133CAE3, STM32MP133CAF3, STM32MP133CAG3, STM32MP133DAE7, STM32MP133DAF7, STM32MP133DAG7, STM32MP133FAE7, STM32MP133FAF7, STM32MP133FAG7, STM32MP135AAE3, STM32MP135AAF3, STM32MP135AAG3, STM32MP135CAE3, STM32MP135CAF3, STM32MP135CAG3, STM32MP135DAE7, STM32MP135DAF7, STM32MP135DAG7, STM32MP135F-DK, STM32MP135FAE7, STM32MP135FAF7, STM32MP135FAF7T, STM32MP135FAF7U, STM32MP135FAG7, STM32MP211AAL3, STM32MP211AAM3, STM32MP211AAN3, STM32MP211AAO3, STM32MP211CAL3, STM32MP211CAM3, STM32MP211CAN3, STM32MP211CAO3, STM32MP211DAL3, STM32MP211DAM3, STM32MP211DAN3, STM32MP211DAO3, STM32MP211FAL3, STM32MP211FAM3, STM32MP211FAN3, STM32MP211FAO3, STM32MP213AAL3, STM32MP213AAM3, STM32MP213AAN3, STM32MP213AAO3, STM32MP213CAL3, STM32MP213CAM3, STM32MP213CAN3, STM32MP213CAO3, STM32MP213DAL3, STM32MP213DAM3, STM32MP213DAN3, STM32MP213DAO3, STM32MP213FAL3, STM32MP213FAM3, STM32MP213FAN3, STM32MP213FAO3, STM32MP215AAL3, STM32MP215AAM3, STM32MP215AAN3, STM32MP215AAO3, STM32MP215CAL3, STM32MP215CAM3, STM32MP215CAN3, STM32MP215CAO3, STM32MP215DAL3, STM32MP215DAM3, STM32MP215DAN3, STM32MP215DAO3, STM32MP215F-DK, STM32MP215FAL3, STM32MP215FAM3, STM32MP215FAN3, STM32MP215FAO3, STM32MP231AAJ3, STM32MP231AAK3, STM32MP231AAL3, STM32MP231CAJ3, STM32MP231CAK3, STM32MP231CAL3, STM32MP231DAJ3, STM32MP231DAK3, STM32MP231DAL3, STM32MP231FAJ3, STM32MP231FAK3, STM32MP231FAL3, STM32MP233AAJ3, STM32MP233AAK3, STM32MP233AAL3, STM32MP233CAJ3, STM32MP233CAK3, STM32MP233CAL3, STM32MP233DAJ3, STM32MP233DAK3, STM32MP233DAL3, STM32MP233FAJ3, STM32MP233FAK3, STM32MP233FAL3, STM32MP235AAJ3, STM32MP235AAK3, STM32MP235AAL3, STM32MP235CAJ3, STM32MP235CAK3, STM32MP235CAL3, STM32MP235DAJ3, STM32MP235DAK3, STM32MP235DAL3, STM32MP235FAJ3, STM32MP235FAK3, STM32MP235FAL3, STM32MP251AAI3, STM32MP251AAK3, STM32MP251AAL3, STM32MP251CAI3, STM32MP251CAK3, STM32MP251CAL3, STM32MP251DAI3, STM32MP251DAK3, STM32MP251DAL3, STM32MP251FAI3, STM32MP251FAK3, STM32MP251FAL3, STM32MP253AAI3, STM32MP253AAK3, STM32MP253AAL3, STM32MP253CAI3, STM32MP253CAK3, STM32MP253CAL3, STM32MP253DAI3, STM32MP253DAK3, STM32MP253DAL3, STM32MP253FAI3, STM32MP253FAK3, STM32MP253FAL3, STM32MP255AAI3, STM32MP255AAK3, STM32MP255AAL3, STM32MP255CAI3, STM32MP255CAK3, STM32MP255CAL3, STM32MP255DAI3, STM32MP255DAK3, STM32MP255DAL3, STM32MP255FAI3, STM32MP255FAK3, STM32MP255FAL3, STM32MP257AAI3, STM32MP257AAK3, STM32MP257AAL3, STM32MP257CAI3, STM32MP257CAK3, STM32MP257CAL3, STM32MP257DAI3, STM32MP257DAK3, STM32MP257DAL3, STM32MP257F-DK, STM32MP257F-EV1, STM32MP257FAI3, STM32MP257FAK3, STM32MP257FAL3, STM32N645A0H3Q, STM32N645B0H3Q, STM32N645I0H3Q, STM32N645L0H3Q, STM32N645X0H3Q, STM32N645Z0H3Q, STM32N647A0H3Q, STM32N647B0H3Q, STM32N647I0H3Q, STM32N647L0H3Q, STM32N647X0H3Q, STM32N647Z0H3Q, STM32N655A0H3Q, STM32N655B0H3Q, STM32N655I0H3Q, STM32N655L0H3Q, STM32N655X0H3Q, STM32N655Z0H3Q, STM32N6570-DK, STM32N657A0H3Q, STM32N657B0H3Q, STM32N657I0H3Q, STM32N657L0H3Q, STM32N657X0H3Q, STM32N657Z0H3Q, STM32U031C6T6, STM32U031C6U6, STM32U031C8T6, STM32U031C8U6, STM32U031F4P6, STM32U031F6P6, STM32U031F8P6, STM32U031G6Y6TR, STM32U031G8Y6TR, STM32U031K4U6, STM32U031K6U6, STM32U031K8U6, STM32U031R6I6, STM32U031R6T6, STM32U031R8I6, STM32U031R8T6, STM32U073C8T6, STM32U073C8U6, STM32U073CBT6, STM32U073CBU6, STM32U073CCT6, STM32U073CCU6, STM32U073H8Y6TR, STM32U073HBY6TR, STM32U073HCY6TR, STM32U073K8U6, STM32U073KBU6, STM32U073KCU6, STM32U073M8I6, STM32U073M8T6, STM32U073MBI6, STM32U073MBT6, STM32U073MCI6, STM32U073MCT6, STM32U073R8I6, STM32U073R8T6, STM32U073RBI6, STM32U073RBT6, STM32U073RCI6, STM32U073RCT6, STM32U083C-DK, STM32U083CCT6, STM32U083CCU6, STM32U083HCY6TR, STM32U083KCU6, STM32U083MCI6, STM32U083MCT6, STM32U083RCI6, STM32U083RCT6, STM32U375CET6, STM32U375CET6Q, STM32U375CEU6, STM32U375CEU6Q, STM32U375CEY6QTR, STM32U375CGT6, STM32U375CGT6Q, STM32U375CGU6, STM32U375CGU6Q, STM32U375CGY6QTR, STM32U375KEU6, STM32U375KGU6, STM32U375REI6, STM32U375REI6Q, STM32U375RET6, STM32U375RET6Q, STM32U375REY6GTR, STM32U375REY6QTR, STM32U375RGI6, STM32U375RGI6Q, STM32U375RGT6, STM32U375RGT6Q, STM32U375RGY6GTR, STM32U375RGY6QTR, STM32U375VEI6, STM32U375VEI6Q, STM32U375VET6, STM32U375VET6Q, STM32U375VGI6, STM32U375VGI6Q, STM32U375VGT6, STM32U375VGT6Q, STM32U385CGT6, STM32U385CGT6Q, STM32U385CGU6, STM32U385CGU6Q, STM32U385CGY6QTR, STM32U385KGU6, STM32U385RGI6, STM32U385RGI6Q, STM32U385RGT6, STM32U385RGT6Q, STM32U385RGY6GTR, STM32U385RGY6QTR, STM32U385VGI6, STM32U385VGI6Q, STM32U385VGT6, STM32U385VGT6Q, STM32U535CBT6, STM32U535CBT6Q, STM32U535CBU6, STM32U535CBU6Q, STM32U535CCT6, STM32U535CCT6Q, STM32U535CCU6, STM32U535CCU6Q, STM32U535CET6, STM32U535CET6Q, STM32U535CEU6, STM32U535CEU6Q, STM32U535JEY6QTR, STM32U535NCY6QTR, STM32U535NEY6QTR, STM32U535RBI6, STM32U535RBI6Q, STM32U535RBT6, STM32U535RBT6Q, STM32U535RCI6, STM32U535RCI6Q, STM32U535RCT6, STM32U535RCT6Q, STM32U535REI6, STM32U535REI6Q, STM32U535RET6, STM32U535RET6Q, STM32U535VCI6, STM32U535VCI6Q, STM32U535VCT6, STM32U535VCT6Q, STM32U535VEI6, STM32U535VEI6Q, STM32U535VET6, STM32U535VET6Q, STM32U545CET6, STM32U545CET6Q, STM32U545CEU6, STM32U545CEU6Q, STM32U545JEY6QTR, STM32U545NEY6QTR, STM32U545REI6, STM32U545REI6Q, STM32U545RET6, STM32U545RET6Q, STM32U545VEI6, STM32U545VEI6Q, STM32U545VET6, STM32U545VET6Q, STM32U595AIH6, STM32U595AIH6Q, STM32U595AJH6, STM32U595AJH6Q, STM32U595QII6, STM32U595QII6Q, STM32U595QJI6, STM32U595QJI6Q, STM32U595RIT6, STM32U595RIT6Q, STM32U595RJT6, STM32U595RJT6Q, STM32U595VIT6, STM32U595VIT6Q, STM32U595VJT6, STM32U595VJT6Q, STM32U595ZIT6, STM32U595ZIT6Q, STM32U595ZIY6QTR, STM32U595ZJT6, STM32U595ZJT6Q, STM32U595ZJY6QTR, STM32U599BJY6QTR, STM32U599NIH6Q, STM32U599NJH6Q, STM32U599VIT6Q, STM32U599VJT6, STM32U599VJT6Q, STM32U599ZIT6Q, STM32U599ZIY6QTR, STM32U599ZJT6Q, STM32U599ZJY6QTR, STM32U5A5AJH6, STM32U5A5AJH6Q, STM32U5A5QII3Q , STM32U5A5QJI6, STM32U5A5QJI6Q, STM32U5A5RJT6, STM32U5A5RJT6Q, STM32U5A5VJT6, STM32U5A5VJT6Q, STM32U5A5ZJT6, STM32U5A5ZJT6Q, STM32U5A5ZJY6QTR, STM32U5A9BJY6QTR, STM32U5A9J-DK, STM32U5A9NJH6Q, STM32U5A9VJT6Q, STM32U5A9ZJT6Q, STM32U5A9ZJY6QTR, STM32U5F7VIT6, STM32U5F7VIT6Q, STM32U5F7VJT6, STM32U5F7VJT6Q, STM32U5F9BJY6QTR, STM32U5F9NJH6Q, STM32U5F9VIT6Q, STM32U5F9VJT6Q, STM32U5F9ZIJ6QTR, STM32U5F9ZIT6Q, STM32U5F9ZJJ6QTR, STM32U5F9ZJT6Q, STM32U5G7VJT6, STM32U5G7VJT6Q, STM32U5G9BJY6QTR, STM32U5G9J-DK1, STM32U5G9J-DK2, STM32U5G9NJH6Q, STM32U5G9VJT6Q, STM32U5G9ZJJ6QTR, STM32U5G9ZJT6Q, STM32WB05KZV6TR, STM32WB05KZV7TR, STM32WB05TZF6TR, STM32WB05TZF7TR, STM32WB06CCF6TR, STM32WB06CCF7TR, STM32WB06CCV6TR, STM32WB06CCV7TR, STM32WB06KCV6TR, STM32WB06KCV7TR, STM32WB07CCF6TR, STM32WB07CCF7TR, STM32WB07CCV6TR, STM32WB07CCV7TR, STM32WB07KCV6TR, STM32WB07KCV7TR, STM32WB09KEV6TR, STM32WB09KEV7TR, STM32WB09TEF6TR, STM32WB09TEF7TR, STM32WB1MMCH6, STM32WBA50KGU6, STM32WBA50KGU6TR, STM32WBA52CEU6, STM32WBA52CEU6TR, STM32WBA52CEU7, STM32WBA52CEU7TR, STM32WBA52CGU6, STM32WBA52CGU6TR, STM32WBA52CGU6U, STM32WBA52CGU7, STM32WBA52CGU7TR, STM32WBA52KEU6, STM32WBA52KEU6TR, STM32WBA52KGU6, STM32WBA52KGU6TR, STM32WBA54CEU6, STM32WBA54CEU6TR, STM32WBA54CEU7, STM32WBA54CEU7TR, STM32WBA54CGU6, STM32WBA54CGU6TR, STM32WBA54CGU7, STM32WBA54CGU7TR, STM32WBA54KEU6, STM32WBA54KEU6TR, STM32WBA54KEU7, STM32WBA54KEU7TR, STM32WBA54KGU6, STM32WBA54KGU6TR, STM32WBA54KGU7, STM32WBA54KGU7TR, STM32WBA55CEU6, STM32WBA55CEU6TR, STM32WBA55CEU7, STM32WBA55CEU7TR, STM32WBA55CGU6, STM32WBA55CGU6TR, STM32WBA55CGU6U, STM32WBA55CGU7, STM32WBA55CGU7TR, STM32WBA55G-DK1, STM32WBA55HEF6, STM32WBA55HEF7, STM32WBA55HGF6, STM32WBA55HGF7, STM32WBA55UEI6, STM32WBA55UEI6TR, STM32WBA55UEI7, STM32WBA55UEI7TR, STM32WBA55UGI6, STM32WBA55UGI6TR, STM32WBA55UGI7, STM32WBA55UGI7TR, STM32WBA5MMGH6TR, STM32WBA62MGF6, STM32WBA62MIF6, STM32WBA65MGF7, STM32WBA65MIF6, STM32WBA65MIF7, STM32WL30K8V6, STM32WL30KBV6, STM32WL31C8V6, STM32WL31CBV6, STM32WL31K8V6, STM32WL31KBV6, STM32WL33C8V6, STM32WL33C8V6X, STM32WL33CBV6, STM32WL33CBV6X, STM32WL33CCV6, STM32WL33CCV6A, STM32WL33CCV6X, STM32WL33K8V7, STM32WL33K8V7X, STM32WL33KBV7 , STM32WL33KBV7X, STM32WL33KCV7, STM32WL33KCV7X, STM32WL5MOCH6, STM32WL5MOCH6TR]
2025-12-29 22:01:48,457 [INFO] DbMcus:218 - Found 4876 MCUs, 4876 are supported
2025-12-29 22:01:48,459 [INFO] ApiDb:423 - Load user favorites file C:\Users\aditi/.stm32cubeide/favorites.mcus.txt: 0 item(s)
2025-12-29 22:01:48,459 [INFO] ApiDb:427 - User favorites MCUs=[]
2025-12-29 22:01:48,459 [INFO] DbMcus:224 - Set 0 / 0 favorites MCUs
2025-12-29 22:01:48,847 [INFO] ApiDb:668 - CubeFinder database Data Model version=2.1
2025-12-29 22:01:48,847 [INFO] ApiDb:669 - CubeFinder database Configuration version=3.0.39
2025-12-29 22:01:48,847 [INFO] ApiDb:670 - CubeFinder database generation date=2025-11-05 (1762334721)
2025-12-29 22:01:48,848 [INFO] ApiDb:671 - CubeFinder database FW Pack versions=[FP-ATR-ASTRA1_V2.0.0, FP-SNS-FLIGHT1_V5.1.0, FP-SNS-MOTENV1_V5.1.0, FP-SNS-MOTENVWB1_V1.4.0, FP-SNS-SMARTAG2_V1.2.0, FP-SNS-STBOX1_V2.1.0, STM32Cube_FW_C0_V1.4.0, STM32Cube_FW_F4_V1.28.3, STM32Cube_FW_F7_V1.17.4, STM32Cube_FW_G0_V1.6.2, STM32Cube_FW_G4_V1.6.1, STM32Cube_FW_H5_V1.5.1, STM32Cube_FW_H7RS_V1.3.0, STM32Cube_FW_H7_V1.12.1, STM32Cube_FW_L0_V1.12.2, STM32Cube_FW_L4_V1.18.1, STM32Cube_FW_L5_V1.6.0, STM32Cube_FW_N6_V1.3.0, STM32Cube_FW_U0_V1.3.0, STM32Cube_FW_U3_V1.2.1, STM32Cube_FW_U5_V1.8.0, STM32Cube_FW_WB0_V1.4.0, STM32Cube_FW_WBA_V1.8.0, STM32Cube_FW_WB_V1.24.0, STM32Cube_FW_WL3_V1.3.0, STM32Cube_FW_WL_V1.4.0, X-CUBE-ALGOBUILD_V1.4.0, X-CUBE-ALS_V1.0.2, X-CUBE-AZRTOS-F4_V1.1.0, X-CUBE-AZRTOS-F7_V1.1.0, X-CUBE-AZRTOS-G0_V1.1.0, X-CUBE-AZRTOS-G4_V2.0.0, X-CUBE-AZRTOS-H7RS_V1.1.0, X-CUBE-AZRTOS-H7_V3.4.0, X-CUBE-AZRTOS-L4_V2.0.0, X-CUBE-AZRTOS-L5_V2.0.0, X-CUBE-AZRTOS-WB_V2.0.0, X-CUBE-AZRTOS-WL_V2.0.0, X-CUBE-BLE1_V7.1.0, X-CUBE-BLE2_V3.3.0, X-CUBE-BLEMGR_V4.1.0, X-CUBE-EEPRMA1_V5.2.0, X-CUBE-FREERTOS_V1.3.1, X-CUBE-GNSS1_V6.0.0, X-CUBE-MEMS1_V11.3.0, X-CUBE-NFC4_V3.0.0, X-CUBE-NFC7_V2.0.0, X-CUBE-SFXS2LP1_V4.0.0, X-CUBE-ST67W61_V1.1.0, X-CUBE-SUBG2_V5.0.0, X-CUBE-TOF1_V3.4.3]
2025-12-29 22:01:48,912 [INFO] DbBoardsSqlite:226 - include board P-NUCLEO-WB55-NUCLEO as a kit item of type 'Nucleo-64'
2025-12-29 22:01:48,913 [INFO] DbBoardsSqlite:226 - include board P-NUCLEO-WB55-USBDONGLE as a kit item of type 'Nucleo USB Dongle'
2025-12-29 22:01:48,913 [INFO] DbBoardsSqlite:226 - include board STEVAL-IDP005V1 as a kit item of type 'Evaluation Board'
2025-12-29 22:01:48,913 [INFO] DbBoardsSqlite:226 - include board STEVAL-IDP005V2 as a kit item of type 'Evaluation Board'
2025-12-29 22:01:48,968 [INFO] ApiDb:240 - Found 880 in-development CPN: [B-G473E-ZEST1S, B-WB1M-WPAN1, B-WBA5M-WPAN, B-WL5M-SUBG1, NUCLEO-C031C6, NUCLEO-C051C8, NUCLEO-C071RB, NUCLEO-C092RC, NUCLEO-H503RB, NUCLEO-H533RE, NUCLEO-H563ZI, NUCLEO-H7S3L8, NUCLEO-N657X0-Q, NUCLEO-U031R8, NUCLEO-U083RC, NUCLEO-U385RG-Q, NUCLEO-U545RE-Q, NUCLEO-U5A5ZJ-Q, NUCLEO-WB05KZ, NUCLEO-WB07CC, NUCLEO-WB09KE, NUCLEO-WBA52CG, NUCLEO-WBA55CG, NUCLEO-WL33CC1, NUCLEO-WL33CC2, STEVAL-PROTEUS1, STEVAL-SMARTAG2, STEVAL-STWINBX1, STM320518-EVAL, STM32C0116-DK, STM32C011D6Y3TR, STM32C011D6Y6TR, STM32C011F4P3, STM32C011F4P6, STM32C011F4U3, STM32C011F4U6TR, STM32C011F6P3, STM32C011F6P6, STM32C011F6U3, STM32C011F6U6TR, STM32C011J4M3, STM32C011J4M6, STM32C011J6M3, STM32C011J6M6, STM32C0316-DK, STM32C031C4T3, STM32C031C4T6, STM32C031C4U3, STM32C031C4U6, STM32C031C6T3, STM32C031C6T6, STM32C031C6U3, STM32C031C6U6, STM32C031F4P3, STM32C031F4P6, STM32C031F6P3, STM32C031F6P6, STM32C031G4U3, STM32C031G4U6, STM32C031G6U3, STM32C031G6U6, STM32C031K4T3, STM32C031K4T6, STM32C031K4U3, STM32C031K4U6, STM32C031K6T3, STM32C031K6T6, STM32C031K6U3, STM32C031K6U6, STM32C051C6T6, STM32C051C6U6, STM32C051C8T6, STM32C051C8U6, STM32C051D8Y6TR, STM32C051F6P6, STM32C051F8P6, STM32C051G6U6, STM32C051G8U6, STM32C051K6T6, STM32C051K6U6, STM32C051K8T6, STM32C071C8T6, STM32C071C8T6N, STM32C071C8U6, STM32C071C8U6N, STM32C071CBT6, STM32C071CBT6N, STM32C071CBU6, STM32C071CBU6N, STM32C071F8P6, STM32C071F8P6N, STM32C071FBP6, STM32C071FBP6N, STM32C071FBY6TR, STM32C071G8U6, STM32C071G8U6N, STM32C071GBU6, STM32C071GBU6N, STM32C071K8T6, STM32C071K8T6N, STM32C071K8U6, STM32C071K8U6N, STM32C071KBT6, STM32C071KBT6N, STM32C071KBU6, STM32C071KBU6N, STM32C071R8T6, STM32C071R8T6N, STM32C071RBI6N, STM32C071RBT6, STM32C071RBT6N, STM32C091CBT6, STM32C091CBU6, STM32C091CCT6, STM32C091CCU6, STM32C091ECY6TR, STM32C091FBP6, STM32C091FCP6, STM32C091GBU6, STM32C091GCU6, STM32C091KBT6, STM32C091KBU6, STM32C091KCT6, STM32C091KCU6, STM32C091RBT6, STM32C091RCI6, STM32C091RCT6, STM32C092CBT6, STM32C092CBU6, STM32C092CCT6, STM32C092CCU6, STM32C092ECY6TR, STM32C092FBP6, STM32C092FCP6, STM32C092GBU6, STM32C092GCU6, STM32C092KBT6, STM32C092KBU6, STM32C092KCT6, STM32C092KCU6, STM32C092RBT6, STM32C092RCI6, STM32C092RCT6, STM32G071K8TXN, STM32G071K8UXN, STM32G081GBU6N, STM32G081KBT6N, STM32G081KBUXN, STM32G0B1CCT6N, STM32G0B1KCT6, STM32G0B1NEY6TR, STM32G0B1RCT6N, STM32G0C1CCT6, STM32G0C1CCT6N, STM32G0C1CCU6N, STM32G0C1CET6N, STM32G0C1CEU6N, STM32G0C1KCT6, STM32G0C1NEY6TR, STM32G0C1RCI6N, STM32G0C1RCT6N, STM32G0C1REI6N, STM32G0C1RET6N, STM32G0C1VCI6, STM32G0C1VEI6, STM32G411C6T3, STM32G411C6T6, STM32G411C6U3, STM32G411C6U6, STM32G411C8T3, STM32G411C8T6, STM32G411C8U3, STM32G411C8U6, STM32G411CBT3, STM32G411CBT6, STM32G411CBU3, STM32G411CBU6, STM32G411K6T3, STM32G411K6T6, STM32G411K6U3, STM32G411K6U6, STM32G411K8T3, STM32G411K8T6, STM32G411K8U3, STM32G411K8U6, STM32G411KBT3, STM32G411KBT6, STM32G411KBU3, STM32G411KBU6, STM32G411M6T3, STM32G411M6T6, STM32G411M8T3, STM32G411M8T6, STM32G411MBT3, STM32G411MBT6, STM32G411R6T3, STM32G411R6T6, STM32G411R8T3, STM32G411R8T6, STM32G411RBT3, STM32G411RBT6, STM32G414CBT3, STM32G414CBT6, STM32G414CBU3, STM32G414CBU6, STM32G414CCT3, STM32G414CCT6, STM32G414CCU3, STM32G414CCU6, STM32G414MBT3, STM32G414MBT6, STM32G414MCT3, STM32G414MCT6, STM32G414RBT3, STM32G414RBT6, STM32G414RCT3, STM32G414RCT6, STM32G414VBT3, STM32G414VBT6, STM32G414VCT3, STM32G414VCT6, STM32G431CBT3Z, STM32G431RBT3Z, STM32G471CCT6, STM32G471CCU6, STM32G471CET3, STM32G471CET6, STM32G471CEU3, STM32G471CEU6, STM32G471MCT6, STM32G471MET3, STM32G471MET6, STM32G471MEY6TR, STM32G471QCT6, STM32G471QET3, STM32G471RCT6, STM32G471RET3, STM32G471RET6, STM32G471VCH6, STM32G471VCI6, STM32G471VCT6, STM32G471VEH3, STM32G471VEH6, STM32G471VEI3, STM32G471VEI6, STM32G471VET3, STM32G471VET6, STM32G473QET3Z, STM32G473RET3Z, STM32G474CCT6, STM32G491RET3Z, STM32H503CBT6, STM32H503CBU6, STM32H503EBY6TR, STM32H503KBU6, STM32H503RBT6, STM32H523CCT6, STM32H523CCU6, STM32H523CET6, STM32H523CEU6, STM32H523HEY6TR, STM32H523RCT6, STM32H523RET6, STM32H523VCI6, STM32H523VCT6, STM32H523VEI6, STM32H523VET6, STM32H523ZCJ6, STM32H523ZCT6, STM32H523ZEJ6, STM32H523ZET6, STM32H533CET6, STM32H533CEU6, STM32H533HEY6TR, STM32H533RET6, STM32H533VEI6, STM32H533VET6, STM32H533ZEJ6, STM32H533ZET6, STM32H562AGI6, STM32H562AII6, STM32H562IGK6, STM32H562IGT6, STM32H562IIK6, STM32H562IIT6, STM32H562RGT6, STM32H562RGV6, STM32H562RIT6, STM32H562RIV6, STM32H562VGT6, STM32H562VIT6, STM32H562ZGT6, STM32H562ZIT6, STM32H563AGI6, STM32H563AII3Q, STM32H563AII6, STM32H563IGK6, STM32H563IGT6, STM32H563IIK3Q, STM32H563IIK6, STM32H563IIT3Q, STM32H563IIT6, STM32H563MIY3QTR, STM32H563RGT6, STM32H563RGV6, STM32H563RIT6, STM32H563RIV6, STM32H563VGT6, STM32H563VIT3Q, STM32H563VIT6, STM32H563ZGT6, STM32H563ZIT3Q, STM32H563ZIT6, STM32H573AII3Q, STM32H573AII6, STM32H573I-DK, STM32H573IIK3Q, STM32H573IIK6, STM32H573IIT3Q, STM32H573IIT6, STM32H573MIY3QTR, STM32H573RIT6, STM32H573RIV6, STM32H573VIT3Q, STM32H573VIT6, STM32H573ZIT3Q, STM32H573ZIT6, STM32H7R3A8I6, STM32H7R3I8K6, STM32H7R3I8T6, STM32H7R3L8H6, STM32H7R3L8H6H, STM32H7R3R8V6, STM32H7R3V8H6, STM32H7R3V8T6, STM32H7R3V8Y6TR, STM32H7R3Z8J6, STM32H7R3Z8T6, STM32H7R7A8I6, STM32H7R7I8K6, STM32H7R7I8T6, STM32H7R7L8H6, STM32H7R7L8H6H, STM32H7R7Z8J6, STM32H7S3A8I6, STM32H7S3I8K6, STM32H7S3I8T6, STM32H7S3L8H6, STM32H7S3L8H6H, STM32H7S3R8V6, STM32H7S3V8H6, STM32H7S3V8T6, STM32H7S3V8Y6TR, STM32H7S3Z8J6, STM32H7S3Z8T6, STM32H7S78-DK, STM32H7S7A8I6, STM32H7S7I8K6, STM32H7S7I8T6, STM32H7S7L8H6, STM32H7S7L8H6H, STM32H7S7Z8J6, STM32L4R5QGI6STR, STM32MP131AAE3, STM32MP131AAF3, STM32MP131AAG3, STM32MP131CAE3, STM32MP131CAF3, STM32MP131CAG3, STM32MP131DAE7, STM32MP131DAF7, STM32MP131DAG7, STM32MP131FAE7, STM32MP131FAF7, STM32MP131FAG7, STM32MP133AAE3, STM32MP133AAF3, STM32MP133AAG3, STM32MP133CAE3, STM32MP133CAF3, STM32MP133CAG3, STM32MP133DAE7, STM32MP133DAF7, STM32MP133DAG7, STM32MP133FAE7, STM32MP133FAF7, STM32MP133FAG7, STM32MP135AAE3, STM32MP135AAF3, STM32MP135AAG3, STM32MP135CAE3, STM32MP135CAF3, STM32MP135CAG3, STM32MP135DAE7, STM32MP135DAF7, STM32MP135DAG7, STM32MP135F-DK, STM32MP135FAE7, STM32MP135FAF7, STM32MP135FAF7T, STM32MP135FAF7U, STM32MP135FAG7, STM32MP211AAL3, STM32MP211AAM3, STM32MP211AAN3, STM32MP211AAO3, STM32MP211CAL3, STM32MP211CAM3, STM32MP211CAN3, STM32MP211CAO3, STM32MP211DAL3, STM32MP211DAM3, STM32MP211DAN3, STM32MP211DAO3, STM32MP211FAL3, STM32MP211FAM3, STM32MP211FAN3, STM32MP211FAO3, STM32MP213AAL3, STM32MP213AAM3, STM32MP213AAN3, STM32MP213AAO3, STM32MP213CAL3, STM32MP213CAM3, STM32MP213CAN3, STM32MP213CAO3, STM32MP213DAL3, STM32MP213DAM3, STM32MP213DAN3, STM32MP213DAO3, STM32MP213FAL3, STM32MP213FAM3, STM32MP213FAN3, STM32MP213FAO3, STM32MP215AAL3, STM32MP215AAM3, STM32MP215AAN3, STM32MP215AAO3, STM32MP215CAL3, STM32MP215CAM3, STM32MP215CAN3, STM32MP215CAO3, STM32MP215DAL3, STM32MP215DAM3, STM32MP215DAN3, STM32MP215DAO3, STM32MP215F-DK, STM32MP215FAL3, STM32MP215FAM3, STM32MP215FAN3, STM32MP215FAO3, STM32MP231AAJ3, STM32MP231AAK3, STM32MP231AAL3, STM32MP231CAJ3, STM32MP231CAK3, STM32MP231CAL3, STM32MP231DAJ3, STM32MP231DAK3, STM32MP231DAL3, STM32MP231FAJ3, STM32MP231FAK3, STM32MP231FAL3, STM32MP233AAJ3, STM32MP233AAK3, STM32MP233AAL3, STM32MP233CAJ3, STM32MP233CAK3, STM32MP233CAL3, STM32MP233DAJ3, STM32MP233DAK3, STM32MP233DAL3, STM32MP233FAJ3, STM32MP233FAK3, STM32MP233FAL3, STM32MP235AAJ3, STM32MP235AAK3, STM32MP235AAL3, STM32MP235CAJ3, STM32MP235CAK3, STM32MP235CAL3, STM32MP235DAJ3, STM32MP235DAK3, STM32MP235DAL3, STM32MP235FAJ3, STM32MP235FAK3, STM32MP235FAL3, STM32MP251AAI3, STM32MP251AAK3, STM32MP251AAL3, STM32MP251CAI3, STM32MP251CAK3, STM32MP251CAL3, STM32MP251DAI3, STM32MP251DAK3, STM32MP251DAL3, STM32MP251FAI3, STM32MP251FAK3, STM32MP251FAL3, STM32MP253AAI3, STM32MP253AAK3, STM32MP253AAL3, STM32MP253CAI3, STM32MP253CAK3, STM32MP253CAL3, STM32MP253DAI3, STM32MP253DAK3, STM32MP253DAL3, STM32MP253FAI3, STM32MP253FAK3, STM32MP253FAL3, STM32MP255AAI3, STM32MP255AAK3, STM32MP255AAL3, STM32MP255CAI3, STM32MP255CAK3, STM32MP255CAL3, STM32MP255DAI3, STM32MP255DAK3, STM32MP255DAL3, STM32MP255FAI3, STM32MP255FAK3, STM32MP255FAL3, STM32MP257AAI3, STM32MP257AAK3, STM32MP257AAL3, STM32MP257CAI3, STM32MP257CAK3, STM32MP257CAL3, STM32MP257DAI3, STM32MP257DAK3, STM32MP257DAL3, STM32MP257F-DK, STM32MP257F-EV1, STM32MP257FAI3, STM32MP257FAK3, STM32MP257FAL3, STM32N645A0H3Q, STM32N645B0H3Q, STM32N645I0H3Q, STM32N645L0H3Q, STM32N645X0H3Q, STM32N645Z0H3Q, STM32N647A0H3Q, STM32N647B0H3Q, STM32N647I0H3Q, STM32N647L0H3Q, STM32N647X0H3Q, STM32N647Z0H3Q, STM32N655A0H3Q, STM32N655B0H3Q, STM32N655I0H3Q, STM32N655L0H3Q, STM32N655X0H3Q, STM32N655Z0H3Q, STM32N6570-DK, STM32N657A0H3Q, STM32N657B0H3Q, STM32N657I0H3Q, STM32N657L0H3Q, STM32N657X0H3Q, STM32N657Z0H3Q, STM32U031C6T6, STM32U031C6U6, STM32U031C8T6, STM32U031C8U6, STM32U031F4P6, STM32U031F6P6, STM32U031F8P6, STM32U031G6Y6TR, STM32U031G8Y6TR, STM32U031K4U6, STM32U031K6U6, STM32U031K8U6, STM32U031R6I6, STM32U031R6T6, STM32U031R8I6, STM32U031R8T6, STM32U073C8T6, STM32U073C8U6, STM32U073CBT6, STM32U073CBU6, STM32U073CCT6, STM32U073CCU6, STM32U073H8Y6TR, STM32U073HBY6TR, STM32U073HCY6TR, STM32U073K8U6, STM32U073KBU6, STM32U073KCU6, STM32U073M8I6, STM32U073M8T6, STM32U073MBI6, STM32U073MBT6, STM32U073MCI6, STM32U073MCT6, STM32U073R8I6, STM32U073R8T6, STM32U073RBI6, STM32U073RBT6, STM32U073RCI6, STM32U073RCT6, STM32U083C-DK, STM32U083CCT6, STM32U083CCU6, STM32U083HCY6TR, STM32U083KCU6, STM32U083MCI6, STM32U083MCT6, STM32U083RCI6, STM32U083RCT6, STM32U375CET6, STM32U375CET6Q, STM32U375CEU6, STM32U375CEU6Q, STM32U375CEY6QTR, STM32U375CGT6, STM32U375CGT6Q, STM32U375CGU6, STM32U375CGU6Q, STM32U375CGY6QTR, STM32U375KEU6, STM32U375KGU6, STM32U375REI6, STM32U375REI6Q, STM32U375RET6, STM32U375RET6Q, STM32U375REY6GTR, STM32U375REY6QTR, STM32U375RGI6, STM32U375RGI6Q, STM32U375RGT6, STM32U375RGT6Q, STM32U375RGY6GTR, STM32U375RGY6QTR, STM32U375VEI6, STM32U375VEI6Q, STM32U375VET6, STM32U375VET6Q, STM32U375VGI6, STM32U375VGI6Q, STM32U375VGT6, STM32U375VGT6Q, STM32U385CGT6, STM32U385CGT6Q, STM32U385CGU6, STM32U385CGU6Q, STM32U385CGY6QTR, STM32U385KGU6, STM32U385RGI6, STM32U385RGI6Q, STM32U385RGT6, STM32U385RGT6Q, STM32U385RGY6GTR, STM32U385RGY6QTR, STM32U385VGI6, STM32U385VGI6Q, STM32U385VGT6, STM32U385VGT6Q, STM32U535CBT6, STM32U535CBT6Q, STM32U535CBU6, STM32U535CBU6Q, STM32U535CCT6, STM32U535CCT6Q, STM32U535CCU6, STM32U535CCU6Q, STM32U535CET6, STM32U535CET6Q, STM32U535CEU6, STM32U535CEU6Q, STM32U535JEY6QTR, STM32U535NCY6QTR, STM32U535NEY6QTR, STM32U535RBI6, STM32U535RBI6Q, STM32U535RBT6, STM32U535RBT6Q, STM32U535RCI6, STM32U535RCI6Q, STM32U535RCT6, STM32U535RCT6Q, STM32U535REI6, STM32U535REI6Q, STM32U535RET6, STM32U535RET6Q, STM32U535VCI6, STM32U535VCI6Q, STM32U535VCT6, STM32U535VCT6Q, STM32U535VEI6, STM32U535VEI6Q, STM32U535VET6, STM32U535VET6Q, STM32U545CET6, STM32U545CET6Q, STM32U545CEU6, STM32U545CEU6Q, STM32U545JEY6QTR, STM32U545NEY6QTR, STM32U545REI6, STM32U545REI6Q, STM32U545RET6, STM32U545RET6Q, STM32U545VEI6, STM32U545VEI6Q, STM32U545VET6, STM32U545VET6Q, STM32U595AIH6, STM32U595AIH6Q, STM32U595AJH6, STM32U595AJH6Q, STM32U595QII6, STM32U595QII6Q, STM32U595QJI6, STM32U595QJI6Q, STM32U595RIT6, STM32U595RIT6Q, STM32U595RJT6, STM32U595RJT6Q, STM32U595VIT6, STM32U595VIT6Q, STM32U595VJT6, STM32U595VJT6Q, STM32U595ZIT6, STM32U595ZIT6Q, STM32U595ZIY6QTR, STM32U595ZJT6, STM32U595ZJT6Q, STM32U595ZJY6QTR, STM32U599BJY6QTR, STM32U599NIH6Q, STM32U599NJH6Q, STM32U599VIT6Q, STM32U599VJT6, STM32U599VJT6Q, STM32U599ZIT6Q, STM32U599ZIY6QTR, STM32U599ZJT6Q, STM32U599ZJY6QTR, STM32U5A5AJH6, STM32U5A5AJH6Q, STM32U5A5QII3Q , STM32U5A5QJI6, STM32U5A5QJI6Q, STM32U5A5RJT6, STM32U5A5RJT6Q, STM32U5A5VJT6, STM32U5A5VJT6Q, STM32U5A5ZJT6, STM32U5A5ZJT6Q, STM32U5A5ZJY6QTR, STM32U5A9BJY6QTR, STM32U5A9J-DK, STM32U5A9NJH6Q, STM32U5A9VJT6Q, STM32U5A9ZJT6Q, STM32U5A9ZJY6QTR, STM32U5F7VIT6, STM32U5F7VIT6Q, STM32U5F7VJT6, STM32U5F7VJT6Q, STM32U5F9BJY6QTR, STM32U5F9NJH6Q, STM32U5F9VIT6Q, STM32U5F9VJT6Q, STM32U5F9ZIJ6QTR, STM32U5F9ZIT6Q, STM32U5F9ZJJ6QTR, STM32U5F9ZJT6Q, STM32U5G7VJT6, STM32U5G7VJT6Q, STM32U5G9BJY6QTR, STM32U5G9J-DK1, STM32U5G9J-DK2, STM32U5G9NJH6Q, STM32U5G9VJT6Q, STM32U5G9ZJJ6QTR, STM32U5G9ZJT6Q, STM32WB05KZV6TR, STM32WB05KZV7TR, STM32WB05TZF6TR, STM32WB05TZF7TR, STM32WB06CCF6TR, STM32WB06CCF7TR, STM32WB06CCV6TR, STM32WB06CCV7TR, STM32WB06KCV6TR, STM32WB06KCV7TR, STM32WB07CCF6TR, STM32WB07CCF7TR, STM32WB07CCV6TR, STM32WB07CCV7TR, STM32WB07KCV6TR, STM32WB07KCV7TR, STM32WB09KEV6TR, STM32WB09KEV7TR, STM32WB09TEF6TR, STM32WB09TEF7TR, STM32WB1MMCH6, STM32WBA50KGU6, STM32WBA50KGU6TR, STM32WBA52CEU6, STM32WBA52CEU6TR, STM32WBA52CEU7, STM32WBA52CEU7TR, STM32WBA52CGU6, STM32WBA52CGU6TR, STM32WBA52CGU6U, STM32WBA52CGU7, STM32WBA52CGU7TR, STM32WBA52KEU6, STM32WBA52KEU6TR, STM32WBA52KGU6, STM32WBA52KGU6TR, STM32WBA54CEU6, STM32WBA54CEU6TR, STM32WBA54CEU7, STM32WBA54CEU7TR, STM32WBA54CGU6, STM32WBA54CGU6TR, STM32WBA54CGU7, STM32WBA54CGU7TR, STM32WBA54KEU6, STM32WBA54KEU6TR, STM32WBA54KEU7, STM32WBA54KEU7TR, STM32WBA54KGU6, STM32WBA54KGU6TR, STM32WBA54KGU7, STM32WBA54KGU7TR, STM32WBA55CEU6, STM32WBA55CEU6TR, STM32WBA55CEU7, STM32WBA55CEU7TR, STM32WBA55CGU6, STM32WBA55CGU6TR, STM32WBA55CGU6U, STM32WBA55CGU7, STM32WBA55CGU7TR, STM32WBA55G-DK1, STM32WBA55HEF6, STM32WBA55HEF7, STM32WBA55HGF6, STM32WBA55HGF7, STM32WBA55UEI6, STM32WBA55UEI6TR, STM32WBA55UEI7, STM32WBA55UEI7TR, STM32WBA55UGI6, STM32WBA55UGI6TR, STM32WBA55UGI7, STM32WBA55UGI7TR, STM32WBA5MMGH6TR, STM32WBA62MGF6, STM32WBA62MIF6, STM32WBA65MGF7, STM32WBA65MIF6, STM32WBA65MIF7, STM32WL30K8V6, STM32WL30KBV6, STM32WL31C8V6, STM32WL31CBV6, STM32WL31K8V6, STM32WL31KBV6, STM32WL33C8V6, STM32WL33C8V6X, STM32WL33CBV6, STM32WL33CBV6X, STM32WL33CCV6, STM32WL33CCV6A, STM32WL33CCV6X, STM32WL33K8V7, STM32WL33K8V7X, STM32WL33KBV7 , STM32WL33KBV7X, STM32WL33KCV7, STM32WL33KCV7X, STM32WL5MOCH6, STM32WL5MOCH6TR]
2025-12-29 22:01:49,194 [INFO] BoardInfo:889 - No configuration file found for board P-NUCLEO-WB55
2025-12-29 22:01:49,200 [INFO] DbBoards:161 - Kit is not supported: P-NUCLEO-WB55
2025-12-29 22:01:49,205 [INFO] BoardInfo:889 - No configuration file found for board STEVAL-BFA001V1B
2025-12-29 22:01:49,206 [INFO] DbBoards:161 - Kit is not supported: STEVAL-BFA001V1B
2025-12-29 22:01:49,207 [INFO] BoardInfo:889 - No configuration file found for board STEVAL-BFA001V2B
2025-12-29 22:01:49,241 [INFO] DbBoards:161 - Kit is not supported: STEVAL-BFA001V2B
2025-12-29 22:01:49,421 [INFO] DbBoards:168 - Found 212 boards, 209 are supported
2025-12-29 22:01:49,422 [INFO] DbBoards:169 - Found 212 boards, 43 of them is supported for  Bsp
2025-12-29 22:01:49,425 [INFO] ApiDb:423 - Load user favorites file C:\Users\aditi/.stm32cubeide/favorites.boards.txt: 1 item(s)
2025-12-29 22:01:49,425 [INFO] ApiDb:427 - User favorites Boards=[STM32F407G-DISC1]
2025-12-29 22:01:49,425 [INFO] DbBoards:198 - Set 1 / 1 favorites Boards
2025-12-29 22:01:49,427 [INFO] McuFinderGlobals:76 - Set McuFinderConnectedMode to false
2025-12-29 22:01:49,431 [INFO] MultiScanPanel:200 - Auto-refresh data requested => check proxy status ongoing
2025-12-29 22:01:49,431 [INFO] MultiScanPanel:204 - Proxy status is invalid
2025-12-29 22:01:49,433 [INFO] FinderPluginLoader:96 - Searching for filters in installed packs
2025-12-29 22:01:51,086 [INFO] DetailPanel:341 - Set advertising image to C:/Users/aditi/STM32Cube/Repository/\en.prom-st67w-expansion-board.png
2025-12-29 22:01:56,207 [INFO] MultiScanPanel:200 - Auto-refresh data requested => check proxy status ongoing
2025-12-29 22:01:56,207 [INFO] MultiScanPanel:204 - Proxy status is invalid
2025-12-29 22:01:56,422 [INFO] DetailPanel:341 - Set advertising image to C:/Users/aditi/STM32Cube/Repository/\en.prom-st67w-expansion-board.png
2025-12-29 22:01:56,458 [INFO] DbBoards:642 - Loading board mini-images...
2025-12-29 22:01:58,239 [ERROR] DbBoards:659 - Image file not found for board STM32MP215F-DK: C:\Users\aditi\.stmcufinder\plugins\mcufinder//mcu//boards_images/STM32MP215F-DK.jpg
2025-12-29 22:01:58,359 [INFO] DbBoards:665 - Loaded 211 board mini-images
2025-12-29 22:02:18,758 [INFO] MainUpdater:2872 - connection check result : 22
2025-12-29 22:02:18,764 [INFO] MainUpdater:2872 - connection check result : 22
2025-12-29 22:02:25,694 [INFO] MicroXplorer:468 - Change Database Path : 
2025-12-29 22:02:25,694 [INFO] MicroXplorer:498 - Change Database Version : DB.6.0.150
2025-12-29 22:02:25,700 [WARN] ThirdParty:871 - waiting for thirdparty lock release [close project]
2025-12-29 22:02:25,700 [INFO] ThirdParty:873 - entering critical section [close project]
2025-12-29 22:02:25,700 [INFO] ThirdParty:883 - exiting critical section [close project]
2025-12-29 22:02:25,702 [INFO] PinOutPanel:1589 - setPackage(No Configuration,No Configuration)
2025-12-29 22:02:25,704 [INFO] UtilMem:75 - Begin LoadConfig() Used Memory: 438547384 Bytes (554696704)
2025-12-29 22:02:25,711 [INFO] OpenFileManager:355 - Change cursor
2025-12-29 22:02:25,755 [INFO] ProjectFactory:514 - No CPN specified for board STM32F407G-DISC1 => set CPN to STM32F407VGT6
2025-12-29 22:02:25,756 [INFO] Mcu:2029 - Initializing MCU STM32F407V(E-G)Tx STM32F407VGTx STM32F407VGT6
2025-12-29 22:02:27,377 [INFO] Context:786 - Trying to add GPIOservice into a context  which must be forbidden
2025-12-29 22:02:27,956 [INFO] Rule:233 - rule 117617 - U5Cobra4M][GTZC] default value MPCBB3 and MPCBB5 - Not Secured memory - MPCBB1 is applicable
2025-12-29 22:02:27,957 [INFO] Rule:233 - rule 117617 - U5Cobra4M][GTZC] default value MPCBB3 and MPCBB5 - Not Secured memory - MPCBB1 is applicable
2025-12-29 22:02:27,957 [INFO] Rule:233 - rule 117617 - U5Cobra4M][GTZC] default value MPCBB3 and MPCBB5 - Not Secured memory - MPCBB2 is applicable
2025-12-29 22:02:27,957 [INFO] Rule:233 - rule 117617 - U5Cobra4M][GTZC] default value MPCBB3 and MPCBB5 - Not Secured memory - MPCBB2 is applicable
2025-12-29 22:02:27,957 [INFO] Rule:233 - rule 117617 - U5Cobra4M][GTZC] default value MPCBB3 and MPCBB5 - Not Secured memory - MPCBB3 is applicable
2025-12-29 22:02:27,957 [INFO] Rule:233 - rule 117617 - U5Cobra4M][GTZC] default value MPCBB3 and MPCBB5 - Not Secured memory - MPCBB3 is applicable
2025-12-29 22:02:27,957 [INFO] Rule:233 - rule 117617 - U5Cobra4M][GTZC] default value MPCBB3 and MPCBB5 - Not Secured memory - MPCBB4 is applicable
2025-12-29 22:02:27,957 [INFO] Rule:233 - rule 117617 - U5Cobra4M][GTZC] default value MPCBB3 and MPCBB5 - Not Secured memory - MPCBB4 is applicable
2025-12-29 22:02:27,957 [INFO] Rule:233 - rule 117617 - U5Cobra4M][GTZC] default value MPCBB3 and MPCBB5 - Secured memory - MPCBB1 is applicable
2025-12-29 22:02:27,957 [INFO] Rule:233 - rule 117617 - U5Cobra4M][GTZC] default value MPCBB3 and MPCBB5 - Secured memory - MPCBB2 is applicable
2025-12-29 22:02:27,957 [INFO] Rule:233 - rule 117617 - U5Cobra4M][GTZC] default value MPCBB3 and MPCBB5 - Secured memory - MPCBB3 is applicable
2025-12-29 22:02:27,957 [INFO] Rule:233 - rule 117617 - U5Cobra4M][GTZC] default value MPCBB3 and MPCBB5 - Secured memory - MPCBB4 is applicable
2025-12-29 22:02:27,957 [INFO] Rule:233 - rule 117617 - U5Cobra4M][GTZC] default value MPCBB3 and MPCBB5 - Privileged memory - MPCBB1 is applicable
2025-12-29 22:02:27,957 [INFO] Rule:233 - rule 117617 - U5Cobra4M][GTZC] default value MPCBB3 and MPCBB5 - Privileged memory - MPCBB2 is applicable
2025-12-29 22:02:27,957 [INFO] Rule:233 - rule 117617 - U5Cobra4M][GTZC] default value MPCBB3 and MPCBB5 - Privileged memory - MPCBB3 is applicable
2025-12-29 22:02:27,957 [INFO] Rule:233 - rule 117617 - U5Cobra4M][GTZC] default value MPCBB3 and MPCBB5 - Privileged memory - MPCBB4 is applicable
2025-12-29 22:02:27,957 [INFO] Rule:233 - rule 117617 - U5Cobra4M][GTZC] default value MPCBB3 and MPCBB5 - Not Privileged memory - MPCBB1 is applicable
2025-12-29 22:02:27,957 [INFO] Rule:233 - rule 117617 - U5Cobra4M][GTZC] default value MPCBB3 and MPCBB5 - Not Privileged memory - MPCBB2 is applicable
2025-12-29 22:02:27,957 [INFO] Rule:233 - rule 117617 - U5Cobra4M][GTZC] default value MPCBB3 and MPCBB5 - Not Privileged memory - MPCBB3 is applicable
2025-12-29 22:02:27,957 [INFO] Rule:233 - rule 117617 - U5Cobra4M][GTZC] default value MPCBB3 and MPCBB5 - Not Privileged memory - MPCBB4 is applicable
2025-12-29 22:02:27,957 [INFO] Rule:233 - rule 117617 - U5Cobra4M][GTZC] default value MPCBB3 and MPCBB5 - Privileged memory - MPCBB1 is applicable
2025-12-29 22:02:27,957 [INFO] Rule:233 - rule 117617 - U5Cobra4M][GTZC] default value MPCBB3 and MPCBB5 - Privileged memory - MPCBB2 is applicable
2025-12-29 22:02:27,958 [INFO] Rule:233 - rule 117617 - U5Cobra4M][GTZC] default value MPCBB3 and MPCBB5 - Privileged memory - MPCBB3 is applicable
2025-12-29 22:02:27,958 [INFO] Rule:233 - rule 117617 - U5Cobra4M][GTZC] default value MPCBB3 and MPCBB5 - Privileged memory - MPCBB4 is applicable
2025-12-29 22:02:27,958 [INFO] Rule:233 - rule 117617 - U5Cobra4M][GTZC] default value MPCBB3 and MPCBB5 - Privileged memory - MPCBB1 is applicable
2025-12-29 22:02:27,958 [INFO] Rule:233 - rule 117617 - U5Cobra4M][GTZC] default value MPCBB3 and MPCBB5 - Privileged memory - MPCBB2 is applicable
2025-12-29 22:02:27,958 [INFO] Rule:233 - rule 117617 - U5Cobra4M][GTZC] default value MPCBB3 and MPCBB5 - Privileged memory - MPCBB3 is applicable
2025-12-29 22:02:27,958 [INFO] Rule:233 - rule 117617 - U5Cobra4M][GTZC] default value MPCBB3 and MPCBB5 - Privileged memory - MPCBB4 is applicable
2025-12-29 22:02:27,958 [INFO] Rule:233 - rule 117617 - U5Cobra4M][GTZC] default value MPCBB3 and MPCBB5 - Not Privileged memory - MPCBB1 is applicable
2025-12-29 22:02:27,958 [INFO] Rule:233 - rule 117617 - U5Cobra4M][GTZC] default value MPCBB3 and MPCBB5 - Not Privileged memory - MPCBB2 is applicable
2025-12-29 22:02:27,958 [INFO] Rule:233 - rule 117617 - U5Cobra4M][GTZC] default value MPCBB3 and MPCBB5 - Not Privileged memory - MPCBB3 is applicable
2025-12-29 22:02:27,958 [INFO] Rule:233 - rule 117617 - U5Cobra4M][GTZC] default value MPCBB3 and MPCBB5 - Not Privileged memory - MPCBB4 is applicable
2025-12-29 22:02:27,958 [INFO] Rule:233 - rule 117617 - U5Cobra4M][GTZC] default value MPCBB3 and MPCBB5 - Privileged memory - MPCBB1 is applicable
2025-12-29 22:02:27,958 [INFO] Rule:233 - rule 117617 - U5Cobra4M][GTZC] default value MPCBB3 and MPCBB5 - Privileged memory - MPCBB2 is applicable
2025-12-29 22:02:27,958 [INFO] Rule:233 - rule 117617 - U5Cobra4M][GTZC] default value MPCBB3 and MPCBB5 - Privileged memory - MPCBB3 is applicable
2025-12-29 22:02:27,958 [INFO] Rule:233 - rule 117617 - U5Cobra4M][GTZC] default value MPCBB3 and MPCBB5 - Privileged memory - MPCBB4 is applicable
2025-12-29 22:02:27,958 [INFO] Rule:233 - rule Rename SubGHz_Phy SUBGHZ_APPLICATION SUBGHZ_PINGPONG to SUBGHZ_ADV_APPLICATION is applicable
2025-12-29 22:02:27,958 [INFO] Rule:233 - rule Rename Enabled to IBEACON is applicable
2025-12-29 22:02:27,958 [INFO] Rule:233 - rule GTZC_S instance for project manager is applicable
2025-12-29 22:02:27,959 [INFO] Rule:233 - rule GTZC_S instance for context M33S is applicable
2025-12-29 22:02:27,959 [INFO] Rule:233 - rule GTZC_S instance value for IP GTZC is applicable
2025-12-29 22:02:27,959 [INFO] Rule:233 - rule GTZC_S instance for mcu.IP is applicable
2025-12-29 22:02:27,959 [INFO] Rule:233 - rule GTZC_S instance for VP is applicable
2025-12-29 22:02:27,959 [INFO] Rule:233 - rule GTZC_S instance for signal is applicable
2025-12-29 22:02:27,959 [INFO] Rule:233 - rule GTZC_S instance for mcu.Pin is applicable
2025-12-29 22:02:27,959 [INFO] Rule:233 - rule GTZC_S instance for VP is applicable
2025-12-29 22:02:27,959 [INFO] Rule:233 - rule GTZC_S instance for signal is applicable
2025-12-29 22:02:27,959 [INFO] Rule:233 - rule GTZC_S instance for mcu is applicable
2025-12-29 22:02:27,959 [INFO] Rule:233 - rule GTZC_S instance for mcu.Pin is applicable
2025-12-29 22:02:27,959 [INFO] Rule:233 - rule GTZC_S instance value for IP GTZC is applicable
2025-12-29 22:02:27,959 [INFO] Rule:233 - rule GTZC_S instance for project manager is applicable
2025-12-29 22:02:27,959 [INFO] Rule:233 - rule GTZC_S instance for context M33S is applicable
2025-12-29 22:02:27,959 [INFO] Rule:233 - rule GTZC_S instance for VP is applicable
2025-12-29 22:02:27,959 [INFO] Rule:233 - rule GTZC_S instance for signal is applicable
2025-12-29 22:02:27,959 [INFO] Rule:233 - rule SPDIFRX instance for mcu is applicable
2025-12-29 22:02:27,959 [INFO] Rule:233 - rule Rename Tracer Mode is applicable
2025-12-29 22:02:27,959 [INFO] Rule:233 - rule SPDIFRX instance value for IP SPDIFRX is applicable
2025-12-29 22:02:27,959 [INFO] Rule:233 - rule SPDIFRX instance for signal is applicable
2025-12-29 22:02:27,959 [INFO] Rule:233 - rule SPDIFRX instance for project manager is applicable
2025-12-29 22:02:27,959 [INFO] Rule:233 - rule SPDIFRX instance for project manager is applicable
2025-12-29 22:02:27,959 [INFO] Rule:233 - rule ADC Scan  fix with FW F7 is applicable
2025-12-29 22:02:27,959 [INFO] Rule:233 - rule ADC Scan  fix with FW F7 is applicable
2025-12-29 22:02:27,959 [INFO] Rule:233 - rule WakeUp0 Mode is applicable
2025-12-29 22:02:27,959 [INFO] Rule:233 - rule WakeUp0 SIGNAL is applicable
2025-12-29 22:02:27,959 [INFO] Rule:233 - rule WakeUp1 Mode is applicable
2025-12-29 22:02:27,959 [INFO] Rule:233 - rule WakeUp1 SIGNAL is applicable
2025-12-29 22:02:27,959 [INFO] Rule:233 - rule WakeUp2 Mode is applicable
2025-12-29 22:02:27,959 [INFO] Rule:233 - rule WakeUp2 SIGNAL is applicable
2025-12-29 22:02:27,959 [INFO] Rule:233 - rule WakeUp4 Mode is applicable
2025-12-29 22:02:27,959 [INFO] Rule:233 - rule WakeUp4 SIGNAL is applicable
2025-12-29 22:02:27,959 [INFO] Rule:233 - rule WakeUp5 Mode is applicable
2025-12-29 22:02:27,959 [INFO] Rule:233 - rule WakeUp5 SIGNAL is applicable
2025-12-29 22:02:27,959 [INFO] Rule:233 - rule UART/USART WORD LENGTH 7 is applicable
2025-12-29 22:02:27,960 [INFO] Rule:233 - rule UART/USART WORD LENGTH 8 is applicable
2025-12-29 22:02:27,960 [INFO] Rule:233 - rule UART/USART WORD LENGTH 9 is applicable
2025-12-29 22:02:27,960 [INFO] Rule:233 - rule Change Default Value for LSE Drive Capability for WB family is applicable
2025-12-29 22:02:27,961 [INFO] Rule:233 - rule Change Default Value for ADC Clock Prescaler G0 family is applicable
2025-12-29 22:02:27,961 [INFO] Rule:233 - rule ADC SamplingTime fix with FW L0  is applicable
2025-12-29 22:02:27,961 [INFO] Rule:233 - rule ADC SamplingTime fix with FW L0  is applicable
2025-12-29 22:02:27,961 [INFO] Rule:233 - rule ADC SamplingTime fix with FW L0 is applicable
2025-12-29 22:02:27,961 [INFO] Rule:233 - rule ADC SamplingTime fix with FW L0 is applicable
2025-12-29 22:02:27,961 [INFO] Rule:233 - rule ADC SamplingTime fix with FW L0  is applicable
2025-12-29 22:02:27,961 [INFO] Rule:233 - rule ADC SamplingTime fix with FW L0 is applicable
2025-12-29 22:02:27,961 [INFO] Rule:233 - rule Rename USB_OE Signal is applicable
2025-12-29 22:02:27,961 [INFO] Rule:233 - rule Rename Activate_OE Mode is applicable
2025-12-29 22:02:27,961 [INFO] Rule:233 - rule Rename DIE462/DIE415 pin PC14/OSC32_IN -> PC14-OSC32_IN (PC14) is applicable
2025-12-29 22:02:27,962 [INFO] Rule:233 - rule Rename DIE462/DIE415 pin PC15/OSC32_OUT -> PC15-OSC32_OUT (PC15) is applicable
2025-12-29 22:02:27,962 [INFO] Rule:233 - rule Rename DIE462/DIE415 pin PH0/OSC_IN -> PH0-OSC_IN (PH0) is applicable
2025-12-29 22:02:27,962 [INFO] Rule:233 - rule Rename DIE462/DIE415 pin PH1/OSC_OUT -> PH1-OSC_OUT (PH1) is applicable
2025-12-29 22:02:27,962 [INFO] Rule:233 - rule Rename DIE462 pin PA13 -> PA13 (JTMS/SWDIO) is applicable
2025-12-29 22:02:27,962 [INFO] Rule:233 - rule Rename DIE415 pin PA13 -> PA13 (JTMS/SWDIO) is applicable
2025-12-29 22:02:27,962 [INFO] Rule:233 - rule Rename DIE462 pin PA14 -> PA14 (JTCK/SWCLK) is applicable
2025-12-29 22:02:27,962 [INFO] Rule:233 - rule Rename DIE415 pin PA14 -> PA14 (JTCK/SWCLK) is applicable
2025-12-29 22:02:27,962 [INFO] Rule:233 - rule Rename DIE462/DIE415 pin PA15 -> PA15 (JTDI) is applicable
2025-12-29 22:02:27,962 [INFO] Rule:233 - rule Rename DIE462 pin PB3 -> PB3 (JTD0/TRACESWO) is applicable
2025-12-29 22:02:27,962 [INFO] Rule:233 - rule Rename DIE415 pin PB3 -> PB3 (JTD0-TRACESWO) is applicable
2025-12-29 22:02:27,962 [INFO] Rule:233 - rule Rename DIE462/DIE415 pin PB4 -> PB4 (NJTRST) is applicable
2025-12-29 22:02:27,962 [INFO] Rule:233 - rule Rename DIE462 pin PH3/BOOT0 -> PH3-BOOT0 (BOOT0) is applicable
2025-12-29 22:02:27,962 [INFO] Rule:233 - rule Rename CRYP DataEncryptionTypesList to Algorithm is applicable
2025-12-29 22:02:27,962 [INFO] Rule:233 - rule Rename AES DataEncryptionTypesList to Algorithm is applicable
2025-12-29 22:02:27,963 [INFO] Rule:233 - rule Rename TDESECB to CRYP_TDES_ECB is applicable
2025-12-29 22:02:27,963 [INFO] Rule:233 - rule Rename TDESCBC to CRYP_TDES_CBC is applicable
2025-12-29 22:02:27,963 [INFO] Rule:233 - rule Rename DESECB to CRYP_DES_ECB is applicable
2025-12-29 22:02:27,963 [INFO] Rule:233 - rule Rename DESCBC to CRYP_DES_CBC is applicable
2025-12-29 22:02:27,963 [INFO] Rule:233 - rule Rename AESECB to CRYP_AES_ECB is applicable
2025-12-29 22:02:27,963 [INFO] Rule:233 - rule Rename AESCBC to CRYP_AES_CBC is applicable
2025-12-29 22:02:27,963 [INFO] Rule:233 - rule Rename AESCTR to CRYP_AES_CTR is applicable
2025-12-29 22:02:27,963 [INFO] Rule:233 - rule Rename AESGCM to CRYP_AES_GCM is applicable
2025-12-29 22:02:27,963 [INFO] Rule:233 - rule Rename AESCCM to CRYP_AES_CCM is applicable
2025-12-29 22:02:27,963 [INFO] Rule:233 - rule Rename CAN TimeSeg1 to BS1 is applicable
2025-12-29 22:02:27,963 [INFO] Rule:233 - rule Rename CAN TimeSeg2 to BS2 is applicable
2025-12-29 22:02:27,963 [INFO] Rule:233 - rule Rename CAN SyncJumpWidth to SJW is applicable
2025-12-29 22:02:27,963 [INFO] Rule:233 - rule TimeTriggeredMode to TTCM is applicable
2025-12-29 22:02:27,963 [INFO] Rule:233 - rule Rename CAN AutoBusOff to ABOM is applicable
2025-12-29 22:02:27,963 [INFO] Rule:233 - rule Rename CAN AutoWakeUp to AWUM is applicable
2025-12-29 22:02:27,963 [INFO] Rule:233 - rule Rename CAN AutoRetransmission to NART is applicable
2025-12-29 22:02:27,963 [INFO] Rule:233 - rule Rename CAN ReceiveFifoLocked to RFLM is applicable
2025-12-29 22:02:27,963 [INFO] Rule:233 - rule Rename CAN TransmitFifoPriority to TXFP is applicable
2025-12-29 22:02:27,963 [INFO] Rule:233 - rule Rename HRTIMER HRTIM_OUTPUTFAULTLEVEL_HIGH in HRTIMER HRTIM_OUTPUTFAULTLEVEL_HIGHZ is applicable
2025-12-29 22:02:27,963 [INFO] Rule:233 - rule Rename TIMER TIM_CLEARINPUTSOURCE_OCREFCLR in  TIMER TIM_CLEARINPUTSOURCE_NONE for F7 family is applicable
2025-12-29 22:02:27,963 [INFO] Rule:233 - rule FDCAN_R1 - Rename FDCAN mode Master into Classic is applicable
2025-12-29 22:02:27,963 [INFO] Rule:233 - rule FDCAN_R2 - Rename FDCAN mode Slave into Classic is applicable
2025-12-29 22:02:27,963 [INFO] Rule:233 - rule FDCAN1_R3 - if PA10.Mode=FullDuplex, add Pin PA12 is applicable
2025-12-29 22:02:27,964 [INFO] Rule:233 - rule FDCAN1_R3 - if PA9.Mode=FullDuplex, add Pin PA11 is applicable
2025-12-29 22:02:27,964 [INFO] Rule:233 - rule FDCAN1_R3 - Alternatepin_1 - if PE1.Mode=FullDuplex, add Pin PB9 is applicable
2025-12-29 22:02:27,964 [INFO] Rule:233 - rule FDCAN1_R3 - Alternatepin_1 - if PE0.Mode=FullDuplex, add Pin PB8 is applicable
2025-12-29 22:02:27,964 [INFO] Rule:233 - rule FDCAN1_R3 - Alternatepin_2 - if PD5.Mode=FullDuplex, add Pin PD1 is applicable
2025-12-29 22:02:27,964 [INFO] Rule:233 - rule FDCAN1_R3 - Alternatepin_2 - if PD4.Mode=FullDuplex, add Pin PD0 is applicable
2025-12-29 22:02:27,964 [INFO] Rule:233 - rule FDCAN1_R4 - Rename Mode FullDuplex into Enable FDCAN_TXFD for pin PA10 is applicable
2025-12-29 22:02:27,964 [INFO] Rule:233 - rule FDCAN1_R4 - Rename Mode FullDuplex into Enable FDCAN_TXFD for pin PA9 is applicable
2025-12-29 22:02:27,964 [INFO] Rule:233 - rule FDCAN1_R4 - Alternatepin_1 - Rename Mode FullDuplex into Enable FDCAN_TXFD for pin PE1 is applicable
2025-12-29 22:02:27,964 [INFO] Rule:233 - rule FDCAN1_R4 - Alternatepin_1 - Rename Mode FullDuplex into Enable FDCAN_TXFD for pin PE0 is applicable
2025-12-29 22:02:27,964 [INFO] Rule:233 - rule FDCAN1_R4 - Alternatepin_2 - Rename Mode FullDuplex into Enable FDCAN_TXFD for pin PD5 is applicable
2025-12-29 22:02:27,964 [INFO] Rule:233 - rule FDCAN1_R4 - Alternatepin_2 - Rename Mode FullDuplex into Enable FDCAN_TXFD for pin PD4 is applicable
2025-12-29 22:02:27,964 [INFO] Rule:233 - rule FDCAN2_R3 - if PD10.Mode=FullDuplex, add Pin PB13 is applicable
2025-12-29 22:02:27,964 [INFO] Rule:233 - rule FDCAN2_R3 - if PD9.Mode=FullDuplex, add Pin PB12 is applicable
2025-12-29 22:02:27,964 [INFO] Rule:233 - rule FDCAN2_R3 - Alternatepin_1 - if PB7.Mode=FullDuplex, add Pin PB6 is applicable
2025-12-29 22:02:27,964 [INFO] Rule:233 - rule FDCAN2_R3 - Alternatepin_1 - if PD9.Mode=FullDuplex, add Pin PB12 is applicable
2025-12-29 22:02:27,964 [INFO] Rule:233 - rule FDCAN2_R4 - Rename Mode FullDuplex into Enable FDCAN_TXFD for pin PD10 is applicable
2025-12-29 22:02:27,964 [INFO] Rule:233 - rule FDCAN2_R4 - Rename Mode FullDuplex into Enable FDCAN_TXFD for pin PD9 is applicable
2025-12-29 22:02:27,964 [INFO] Rule:233 - rule FDCAN2_R4 - Alternatepin_1 - Rename Mode FullDuplex into Enable FDCAN_TXFD for pin PB7 is applicable
2025-12-29 22:02:27,964 [INFO] Rule:233 - rule FDCAN2_R4 - Alternatepin_1 - Rename Mode FullDuplex into Enable FDCAN_TXFD for pin PD6 is applicable
2025-12-29 22:02:27,964 [INFO] Rule:233 - rule USART TxPinLevelInvertParam Mode is applicable
2025-12-29 22:02:27,964 [INFO] Rule:233 - rule USART RxPinLevelInvertParam Mode is applicable
2025-12-29 22:02:27,964 [INFO] Rule:233 - rule USART DataInvertParam Mode is applicable
2025-12-29 22:02:27,964 [INFO] Rule:233 - rule USART SwapParam Mode is applicable
2025-12-29 22:02:27,964 [INFO] Rule:233 - rule USART OverrunDisableParam Mode is applicable
2025-12-29 22:02:27,964 [INFO] Rule:233 - rule USART DMADisableonRxErrorParam Mode is applicable
2025-12-29 22:02:27,964 [INFO] Rule:233 - rule USART MSBFirstParam Mode is applicable
2025-12-29 22:02:27,964 [INFO] Rule:233 - rule Update MwName for USB_DEVICE is applicable
2025-12-29 22:02:27,964 [INFO] Rule:233 - rule Change PWR_Regulator_Voltage_Scale Default Value for RCC  H7 family is applicable
2025-12-29 22:02:27,964 [INFO] Rule:233 - rule UART/USART IPParameter rename Prescaler parameter to ClockPrescaler is applicable
2025-12-29 22:02:27,964 [INFO] Rule:233 - rule UART/USART Prescaler rename Prescaler parameter to ClockPrescaler is applicable
2025-12-29 22:02:27,964 [INFO] Rule:233 - rule TIM1CLockSelection is applicable
2025-12-29 22:02:27,964 [INFO] Rule:233 - rule TIM15CLockSelection is applicable
2025-12-29 22:02:27,964 [INFO] Rule:233 - rule align RCC SDMMC3CLockSelection default value on MP1 is applicable
2025-12-29 22:02:27,964 [INFO] Rule:233 - rule align RCC SDMMC12CLockSelection default value on MP1 is applicable
2025-12-29 22:02:27,964 [INFO] Rule:233 - rule align RCC QSPICLockSelection default value on MP1 is applicable
2025-12-29 22:02:27,964 [INFO] Rule:233 - rule align RCC QSPICLockSelection default value on MP1 is applicable
2025-12-29 22:02:27,965 [INFO] Rule:233 - rule align RCC SPI6CLockSelection default value on MP1 is applicable
2025-12-29 22:02:27,965 [INFO] Rule:233 - rule align RCC LPTIM23CLockSelection default value on MP1 is applicable
2025-12-29 22:02:27,965 [INFO] Rule:233 - rule align RCC LPTIM1CLockSelection default value on MP1 is applicable
2025-12-29 22:02:27,965 [INFO] Rule:233 - rule align RCC USART1CLockSelection default value on MP1 is applicable
2025-12-29 22:02:27,965 [INFO] Rule:233 - rule align RCC USART24CLockSelection default value on MP1 is applicable
2025-12-29 22:02:27,965 [INFO] Rule:233 - rule align RCC USART6CLockSelection default value on MP1 is applicable
2025-12-29 22:02:27,965 [INFO] Rule:233 - rule align RCC UART78CLockSelection default value on MP1 is applicable
2025-12-29 22:02:27,965 [INFO] Rule:233 - rule align RCC USART35CLockSelection default value on MP1 is applicable
2025-12-29 22:02:27,965 [INFO] Rule:233 - rule align RCC SPI45CLockSelection default value on MP1 is applicable
2025-12-29 22:02:27,965 [INFO] Rule:233 - rule align RCC I2C46CLockSelection BCLK value on MP1 is applicable
2025-12-29 22:02:27,965 [INFO] Rule:233 - rule align RCC SPI45CLockSelection default value on MP1 is applicable
2025-12-29 22:02:27,965 [INFO] Rule:233 - rule align RCC I2C12CLockSelection default value on MP1 is applicable
2025-12-29 22:02:27,965 [INFO] Rule:233 - rule align RCC I2C35CLockSelection default value on MP1 is applicable
2025-12-29 22:02:27,965 [INFO] Rule:233 - rule align RCC LPTIM45CLockSelection default value on MP1 is applicable
2025-12-29 22:02:27,965 [INFO] Rule:233 - rule Rename DCMI PIXCK signal is applicable
2025-12-29 22:02:27,965 [INFO] Rule:233 - rule Change Default Value for I2C46CLockSelection MP1 family is applicable
2025-12-29 22:02:27,965 [INFO] Rule:233 - rule Change Default Value for UART for G4, G0 and WB families is applicable
2025-12-29 22:02:27,965 [INFO] Rule:233 - rule Change Default Value for USART for G4, G0 and WB families is applicable
2025-12-29 22:02:27,965 [INFO] Rule:233 - rule Change Default Value for USART for G4 family is applicable
2025-12-29 22:02:27,965 [INFO] Rule:233 - rule Change USART1CLockSelection refparam name for MP1 is applicable
2025-12-29 22:02:27,965 [INFO] Rule:233 - rule Change USART2CLockSelection refparam name for MP1 is applicable
2025-12-29 22:02:27,965 [INFO] Rule:233 - rule Change USART3CLockSelection refparam name for MP1 is applicable
2025-12-29 22:02:27,965 [INFO] Rule:233 - rule Change UART4CLockSelection refparam name for MP1 is applicable
2025-12-29 22:02:27,965 [INFO] Rule:233 - rule Change UART5CLockSelection refparam name for MP1 is applicable
2025-12-29 22:02:27,965 [INFO] Rule:233 - rule Change LPUART1CLockSelection refparam name for MP1 is applicable
2025-12-29 22:02:27,965 [INFO] Rule:233 - rule Change LPTIM1CLockSelection refparam name for MP1 is applicable
2025-12-29 22:02:27,965 [INFO] Rule:233 - rule Change LPTIM2CLockSelection refparam name for MP1 is applicable
2025-12-29 22:02:27,965 [INFO] Rule:233 - rule Change RCC_MCO1Source refparam name for MP1 is applicable
2025-12-29 22:02:27,965 [INFO] Rule:233 - rule Change LSCOSource1 refparam name for MP1 is applicable
2025-12-29 22:02:27,965 [INFO] Rule:233 - rule Change SMPSCLockSelection refparam name for MP1 is applicable
2025-12-29 22:02:27,965 [INFO] Rule:233 - rule Change LPTIM3CLockSelection refparam name for MP1 is applicable
2025-12-29 22:02:27,965 [INFO] Rule:233 - rule Change MPCBB* Default Template Mode to Parameters is applicable
2025-12-29 22:02:27,965 [INFO] Rule:233 - rule Change MPCWM* or MPCBB* Secure Mode to Parameters is applicable
2025-12-29 22:02:27,965 [INFO] Rule:233 - rule Change MPCWM* or MPCBB* No Secure Mode to Parameters is applicable
2025-12-29 22:02:27,965 [INFO] Rule:233 - rule Change TZSC IP Secure Mode to Parameters is applicable
2025-12-29 22:02:27,965 [INFO] Rule:233 - rule Change TZSC IP No Secure Mode to Parameters is applicable
2025-12-29 22:02:27,965 [INFO] Rule:233 - rule Change TZSC IP Privilege Mode to Parameters is applicable
2025-12-29 22:02:27,966 [INFO] Rule:233 - rule Change TZSC IP No Privilege Mode to Parameters is applicable
2025-12-29 22:02:27,966 [INFO] Rule:233 - rule Change TZIC IT Secure Mode to Parameters is applicable
2025-12-29 22:02:27,966 [INFO] Rule:233 - rule Change TZIC IT No Secure Mode to Parameters is applicable
2025-12-29 22:02:27,966 [INFO] Rule:233 - rule Add MPCBB1_NonSecureArea_Start_Address value with referenced to MPCBB1_NonSecureArea_Start value is applicable
2025-12-29 22:02:27,966 [INFO] Rule:233 - rule Add MPCBB2_NonSecureArea_Start_Address value with referenced to MPCBB2_NonSecureArea_Start value is applicable
2025-12-29 22:02:27,966 [INFO] Rule:233 - rule Add MPCWM1_NonSecureArea*_Start_Address value with referenced to MPCWM1_NonSecureArea*_Start value is applicable
2025-12-29 22:02:27,968 [INFO] Rule:233 - rule Add MPCWM2_NonSecureArea*_Start_Address value with referenced to MPCWM2_NonSecureArea*_Start value is applicable
2025-12-29 22:02:27,968 [INFO] Rule:233 - rule Add MPCWM3_NonSecureArea_Start_Address value with referenced to MPCWM3_NonSecureArea_Start value is applicable
2025-12-29 22:02:27,968 [INFO] Rule:233 - rule Change Default Value for PLL1UserDefinedConfig is applicable
2025-12-29 22:02:27,968 [INFO] Rule:233 - rule Change GPIO_PuPd Default Value for USART in async mode is applicable
2025-12-29 22:02:27,968 [INFO] Rule:233 - rule Change SMPSDivider Default Value is applicable
2025-12-29 22:02:27,968 [INFO] Rule:233 - rule OPAMP is applicable
2025-12-29 22:02:27,968 [INFO] Rule:233 - rule LPUART IPParameter rename Prescaler parameter to ClockPrescaler for STM32H7 is applicable
2025-12-29 22:02:27,968 [INFO] Rule:233 - rule LPUART IPParameter rename Prescaler parameter to ClockPrescaler for STM32H7 is applicable
2025-12-29 22:02:27,969 [INFO] Rule:233 - rule LPUART IPParameter rename Prescaler parameter to ClockPrescaler for STM32WB is applicable
2025-12-29 22:02:27,969 [INFO] Rule:233 - rule LPUART IPParameter rename Prescaler parameter to ClockPrescaler for STM32WB is applicable
2025-12-29 22:02:27,969 [INFO] Rule:233 - rule LPUART IPParameter rename Prescaler parameter to ClockPrescaler for STM32G4 is applicable
2025-12-29 22:02:27,969 [INFO] Rule:233 - rule LPUART IPParameter rename Prescaler parameter to ClockPrescaler for STM32G4 is applicable
2025-12-29 22:02:27,969 [INFO] Rule:233 - rule LPUART IPParameter rename Prescaler parameter to ClockPrescaler for STM32L5 is applicable
2025-12-29 22:02:27,969 [INFO] Rule:233 - rule LPUART IPParameter rename Prescaler parameter to ClockPrescaler for STM32L5 is applicable
2025-12-29 22:02:27,969 [INFO] Rule:233 - rule LPUART IPParameter rename Prescaler parameter to ClockPrescaler for STM32G4 is applicable
2025-12-29 22:02:27,969 [INFO] Rule:233 - rule LPUART IPParameter rename Prescaler parameter to ClockPrescaler for STM32G4 is applicable
2025-12-29 22:02:27,969 [INFO] Rule:233 - rule USB device lib V2.5.3 for L0 rename USBD_SUPPORT_USER_STRING parameter to USBD_SUPPORT_USER_STRING_DESC4 is applicable
2025-12-29 22:02:27,969 [INFO] Rule:233 - rule I2SCLockSelection clock entry align is applicable
2025-12-29 22:02:27,969 [INFO] Rule:233 - rule Assign TIMx context if used as SYS timebase is applicable
2025-12-29 22:02:27,969 [INFO] Rule:233 - rule Change GPIO_Pu Default Value for I2C is applicable
2025-12-29 22:02:27,969 [INFO] Rule:233 - rule Change GPIO_Pu Default Value for SMBus is applicable
2025-12-29 22:02:27,969 [INFO] Rule:233 - rule change FDCAN default value is applicable
2025-12-29 22:02:27,969 [INFO] Rule:233 - rule Change mode sai is applicable
2025-12-29 22:02:27,969 [INFO] Rule:233 - rule **Change sai mode is applicable
2025-12-29 22:02:27,969 [INFO] Rule:233 - rule Rename STM32WPAN CFG_BLE_IRK to CFG_BLE_IR is applicable
2025-12-29 22:02:27,969 [INFO] Rule:233 - rule Rename STM32WPAN CFG_BLE_ERK to CFG_BLE_ER is applicable
2025-12-29 22:02:27,969 [INFO] Rule:233 - rule Rename STM32WPAN CFG_BLE_IRK_HEX to CFG_BLE_IR_HEX is applicable
2025-12-29 22:02:27,970 [INFO] Rule:233 - rule Rename STM32WPAN CFG_BLE_ERK_HEX to CFG_BLE_ER_HEX is applicable
2025-12-29 22:02:27,970 [INFO] Rule:233 - rule Adapt Old IOC before rework replace old CORTEX_M33/CORTEX_M55 attributes by the new one. is applicable
2025-12-29 22:02:27,970 [INFO] Rule:233 - rule Rename parametre of RCC RCC_APBDBG_DIV2 to RCC_TIMPRES_DIV2 is applicable
2025-12-29 22:02:27,970 [INFO] Rule:233 - rule Rename DIE493 pin PA10 [PA12] -> PA10 is applicable
2025-12-29 22:02:27,970 [INFO] Rule:233 - rule Rename DIE493 pin PA9 [PA11] -> PA9 is applicable
2025-12-29 22:02:27,970 [INFO] Rule:233 - rule Rename DIE492 PartNumber CPN STM32WBA5MJGHx -> STM32WBA5MMGHx is applicable
2025-12-29 22:02:27,970 [INFO] Rule:233 - rule Rename DIE492 PartNumber  Name STM32WBA5MJGHx -> STM32WBA5MMGHx is applicable
2025-12-29 22:02:27,970 [INFO] Rule:233 - rule Rename DIE492 PartNumber UserName STM32WBA5MJGHx -> STM32WBA5MMGHx is applicable
2025-12-29 22:02:27,970 [INFO] Rule:233 - rule Rename DIE492 PartNumber DeviceId STM32WBA5MJGHx -> STM32WBA5MMGHx is applicable
2025-12-29 22:02:27,970 [INFO] Rule:233 - rule Adapt Old IOC CSI. is applicable
2025-12-29 22:02:27,970 [INFO] Rule:233 - rule Adapt Old IOC DCMIPP. is applicable
2025-12-29 22:02:27,970 [INFO] Rule:233 - rule Adapt Old IOC DCMIPP Mode Parallel. is applicable
2025-12-29 22:02:27,970 [INFO] Rule:233 - rule Adapt Old IOC LTDC. is applicable
2025-12-29 22:02:27,970 [INFO] Rule:233 - rule Rename STM32MP2 RIF Peripheral LTDC RIF.RISUP.LTDC_L0L1.Privilege -> RIF.RISUP.LTDC_L1L2.Privilege is applicable
2025-12-29 22:02:27,970 [INFO] Rule:233 - rule Rename STM32MP2 RIF Peripheral LTDC RIF.RISUP.LTDC_L0L1.Privilege -> RIF.RISUP.LTDC_L1L2.Privilege is applicable
2025-12-29 22:02:27,970 [INFO] Rule:233 - rule Rename STM32MP2 RIF Peripheral LTDC RIF.RISUP.LTDC_L0L1.Lock -> RIF.RISUP.LTDC_L1L2.Lock is applicable
2025-12-29 22:02:27,970 [INFO] Rule:233 - rule Rename STM32MP2 RIF Peripheral LTDC RIF.RISUP.LTDC_L2.Lock -> RIF.RISUP.LTDC_L3.Lock is applicable
2025-12-29 22:02:27,970 [INFO] Rule:233 - rule Adapt the old IOC example for updating the SYS when it is misconfigured. is applicable
2025-12-29 22:02:27,970 [INFO] Rule:233 - rule Rename STM32C09 Mcu.Package LQFP64 -> LQFP48 is applicable
2025-12-29 22:02:27,970 [INFO] Rule:233 - rule Adapt the old IOC example for updating the SYS when it is misconfigured. is applicable
2025-12-29 22:02:27,970 [INFO] Rule:233 - rule Adapt the old IOC example for updating the SYS when it is misconfigured. is applicable
2025-12-29 22:02:27,993 [INFO] DbConfProperties:307 - Apply Compatibility (38/250 Rules)
2025-12-29 22:02:28,020 [INFO] ImportTextPane:234 - (OptionalMessage_ERROR) Unable to find key (Mcu.ThirdPartyNb) in loaded IOC file
2025-12-29 22:02:28,025 [INFO] ImportTextPane:234 - (OptionalMessage_ERROR) Pin34 (VP_RIF_VS_RIF1) cannot be retrieved for this MCU
2025-12-29 22:02:28,162 [INFO] RtosManager:558 - Registered RTOS mode: class=CMSIS, group=RTOS, mode=CMSIS_V1, owner=FREERTOS
2025-12-29 22:02:28,163 [INFO] RtosManager:558 - Registered RTOS mode: class=CMSIS, group=RTOS2, mode=CMSIS_V2, owner=FREERTOS
2025-12-29 22:02:28,163 [INFO] RtosManager:558 - Registered RTOS mode: class=RTOS, group=Core, mode=CMSIS_V1, owner=FREERTOS
2025-12-29 22:02:28,163 [INFO] RtosManager:558 - Registered RTOS mode: class=RTOS, group=Core, mode=CMSIS_V2, owner=FREERTOS
2025-12-29 22:02:28,163 [WARN] ModelIntegratedComponent:184 - Missing modes for component STMicroelectronics:FreeRTOS:0.0.1:STMicroelectronics:RTOS:FreeRTOS:Core:::10.2.0:
2025-12-29 22:02:28,180 [WARN] ModelIntegratedComponent:63 - No mode defined for component null
2025-12-29 22:02:28,180 [WARN] ModelIntegratedComponent:63 - No mode defined for component null
2025-12-29 22:02:28,180 [WARN] ModelIntegratedComponent:63 - No mode defined for component null
2025-12-29 22:02:28,180 [WARN] ModelIntegratedComponent:63 - No mode defined for component null
2025-12-29 22:02:28,180 [WARN] ModelIntegratedComponent:63 - No mode defined for component null
2025-12-29 22:02:28,180 [WARN] ModelIntegratedComponent:63 - No mode defined for component null
2025-12-29 22:02:28,180 [WARN] ModelIntegratedComponent:63 - No mode defined for component null
2025-12-29 22:02:28,180 [WARN] ModelIntegratedComponent:63 - No mode defined for component null
2025-12-29 22:02:28,180 [WARN] ModelIntegratedComponent:63 - No mode defined for component null
2025-12-29 22:02:28,180 [WARN] ModelIntegratedComponent:63 - No mode defined for component null
2025-12-29 22:02:28,180 [WARN] ModelIntegratedComponent:63 - No mode defined for component null
2025-12-29 22:02:28,180 [WARN] ModelIntegratedComponent:63 - No mode defined for component null
2025-12-29 22:02:28,180 [WARN] ModelIntegratedComponent:63 - No mode defined for component null
2025-12-29 22:02:28,180 [WARN] ModelIntegratedComponent:63 - No mode defined for component null
2025-12-29 22:02:28,180 [WARN] ModelIntegratedComponent:63 - No mode defined for component null
2025-12-29 22:02:28,180 [WARN] ModelIntegratedComponent:63 - No mode defined for component null
2025-12-29 22:02:28,180 [WARN] ModelIntegratedComponent:63 - No mode defined for component null
2025-12-29 22:02:28,181 [WARN] ModelIntegratedComponent:63 - No mode defined for component null
2025-12-29 22:02:28,181 [WARN] ModelIntegratedComponent:63 - No mode defined for component null
2025-12-29 22:02:28,181 [WARN] ModelIntegratedComponent:63 - No mode defined for component null
2025-12-29 22:02:28,181 [WARN] ModelIntegratedComponent:63 - No mode defined for component null
2025-12-29 22:02:28,181 [WARN] ModelIntegratedComponent:63 - No mode defined for component null
2025-12-29 22:02:28,181 [WARN] ModelIntegratedComponent:63 - No mode defined for component null
2025-12-29 22:02:28,181 [WARN] ModelIntegratedComponent:63 - No mode defined for component null
2025-12-29 22:02:28,181 [WARN] ModelIntegratedComponent:63 - No mode defined for component null
2025-12-29 22:02:28,181 [WARN] ModelIntegratedComponent:63 - No mode defined for component null
2025-12-29 22:02:28,181 [WARN] ModelIntegratedComponent:63 - No mode defined for component null
2025-12-29 22:02:28,181 [WARN] ModelIntegratedComponent:63 - No mode defined for component null
2025-12-29 22:02:28,181 [WARN] ModelIntegratedComponent:63 - No mode defined for component null
2025-12-29 22:02:28,181 [WARN] ModelIntegratedComponent:63 - No mode defined for component null
2025-12-29 22:02:28,181 [WARN] ModelIntegratedComponent:63 - No mode defined for component null
2025-12-29 22:02:28,181 [WARN] ModelIntegratedComponent:63 - No mode defined for component null
2025-12-29 22:02:28,181 [WARN] ModelIntegratedComponent:63 - No mode defined for component null
2025-12-29 22:02:28,181 [WARN] ModelIntegratedComponent:63 - No mode defined for component null
2025-12-29 22:02:28,181 [WARN] ModelIntegratedComponent:63 - No mode defined for component null
2025-12-29 22:02:28,181 [WARN] ModelPack:524 - Component already loaded: STMicroelectronics:HAL Drivers:0.0.0:STMicroelectronics:Device:STMicro_Driver:XSPI:HAL::0.0.1:HAL_XSPI
2025-12-29 22:02:28,204 [INFO] ThirdPartyModel:298 - Start build external matchings
2025-12-29 22:02:28,317 [INFO] ThirdPartyModel:316 - End build external matchings
2025-12-29 22:02:28,669 [INFO] UtilMem:75 - End LoadConfig() Used Memory: 526826080 Bytes (778043392)
2025-12-29 22:02:28,797 [WARN] ThirdParty:833 - waiting for thirdparty lock release [change project]
2025-12-29 22:02:28,798 [INFO] ThirdParty:835 - entering critical section [change project]
2025-12-29 22:02:28,798 [INFO] ThirdParty:1030 - CMSIS Pack Vendor :STMicroelectronics X-CUBE-PM33A1 1.0.0
2025-12-29 22:02:28,798 [INFO] ThirdParty:1030 - CMSIS Pack Vendor :STMicroelectronics USBPD 4.1
2025-12-29 22:02:28,798 [INFO] ThirdParty:1030 - CMSIS Pack Vendor :STMicroelectronics X-CUBE-NFC9 1.0.0
2025-12-29 22:02:28,798 [INFO] ThirdParty:1030 - CMSIS Pack Vendor :STMicroelectronics USB_HOST 2.0.0
2025-12-29 22:02:28,798 [INFO] ThirdParty:1030 - CMSIS Pack Vendor :STMicroelectronics FP-SNS-MOTENVWB1 1.4.0
2025-12-29 22:02:28,798 [INFO] ThirdParty:1030 - CMSIS Pack Vendor :STMicroelectronics X-CUBE-AZRTOS-F4 1.1.0
2025-12-29 22:02:28,798 [INFO] ThirdParty:1030 - CMSIS Pack Vendor :STMicroelectronics LIBJPEG 8.0.0
2025-12-29 22:02:28,798 [INFO] ThirdParty:1030 - CMSIS Pack Vendor :STMicroelectronics FP-ATR-ASTRA1 2.0.2
2025-12-29 22:02:28,798 [INFO] ThirdParty:1030 - CMSIS Pack Vendor :STMicroelectronics X-CUBE-BLE1 7.1.0
2025-12-29 22:02:28,798 [INFO] ThirdParty:1030 - CMSIS Pack Vendor :STMicroelectronics X-CUBE-SMBUS 2.1.0
2025-12-29 22:02:28,798 [INFO] ThirdParty:1030 - CMSIS Pack Vendor :STMicroelectronics USB_DEVICE 3.0.0
2025-12-29 22:02:28,798 [INFO] ThirdParty:1030 - CMSIS Pack Vendor :STMicroelectronics X-CUBE-ISPU 2.1.0
2025-12-29 22:02:28,798 [INFO] ThirdParty:1030 - CMSIS Pack Vendor :STMicroelectronics X-CUBE-AZRTOS-WB 2.0.0
2025-12-29 22:02:28,798 [INFO] ThirdParty:1030 - CMSIS Pack Vendor :STMicroelectronics X-CUBE-AZRTOS-F7 1.1.0
2025-12-29 22:02:28,798 [INFO] ThirdParty:1030 - CMSIS Pack Vendor :STMicroelectronics X-CUBE-AZRTOS-L5 2.0.0
2025-12-29 22:02:28,798 [INFO] ThirdParty:1030 - CMSIS Pack Vendor :STMicroelectronics USB_DEVICE 2.0.0
2025-12-29 22:02:28,798 [INFO] ThirdParty:1030 - CMSIS Pack Vendor :STMicroelectronics X-CUBE-NFC6 3.1.0
2025-12-29 22:02:28,798 [INFO] ThirdParty:1030 - CMSIS Pack Vendor :STMicroelectronics FreeRTOS 0.0.1
2025-12-29 22:02:28,798 [INFO] ThirdParty:1030 - CMSIS Pack Vendor :STMicroelectronics X-CUBE-AZRTOS-G0 1.1.0
2025-12-29 22:02:28,798 [INFO] ThirdParty:1030 - CMSIS Pack Vendor :STMicroelectronics X-CUBE-NFC4 3.0.0
2025-12-29 22:02:28,799 [INFO] ThirdParty:1030 - CMSIS Pack Vendor :STMicroelectronics X-CUBE-SUBG2 5.0.0
2025-12-29 22:02:28,799 [INFO] ThirdParty:1030 - CMSIS Pack Vendor :STMicroelectronics STM32_WPAN 1.0.0
2025-12-29 22:02:28,799 [INFO] ThirdParty:1030 - CMSIS Pack Vendor :STMicroelectronics lwIP 2.0.3
2025-12-29 22:02:28,799 [INFO] ThirdParty:1030 - CMSIS Pack Vendor :STMicroelectronics USB_HOST 1.0.0
2025-12-29 22:02:28,799 [INFO] ThirdParty:1030 - CMSIS Pack Vendor :STMicroelectronics X-CUBE-AZRTOS-G4 2.0.0
2025-12-29 22:02:28,799 [INFO] ThirdParty:1030 - CMSIS Pack Vendor :STMicroelectronics X-CUBE-WB05N 2.0.0
2025-12-29 22:02:28,799 [INFO] ThirdParty:1030 - CMSIS Pack Vendor :STMicroelectronics PDM2PCM 3.1.0
2025-12-29 22:02:28,799 [INFO] ThirdParty:1030 - CMSIS Pack Vendor :STMicroelectronics PDM2PCM 3.3.0
2025-12-29 22:02:28,799 [INFO] ThirdParty:1030 - CMSIS Pack Vendor :STMicroelectronics X-CUBE-DISPLAY 3.0.0
2025-12-29 22:02:28,799 [INFO] ThirdParty:1030 - CMSIS Pack Vendor :STMicroelectronics X-CUBE-NFC7 2.0.0
2025-12-29 22:02:28,799 [INFO] ThirdParty:1030 - CMSIS Pack Vendor :STMicroelectronics X-CUBE-TCPP 4.2.0
2025-12-29 22:02:28,801 [INFO] ThirdParty:1030 - CMSIS Pack Vendor :STMicroelectronics FP-ATR-SIGFOX1 3.2.0
2025-12-29 22:02:28,801 [INFO] ThirdParty:1030 - CMSIS Pack Vendor :STMicroelectronics X-CUBE-NFC10 1.0.0
2025-12-29 22:02:28,801 [INFO] ThirdParty:1030 - CMSIS Pack Vendor :STMicroelectronics HAL Drivers 0.0.0
2025-12-29 22:02:28,801 [INFO] ThirdParty:1030 - CMSIS Pack Vendor :STMicroelectronics MBEDTLS 2.16.2
2025-12-29 22:02:28,801 [INFO] ThirdParty:1030 - CMSIS Pack Vendor :STMicroelectronics X-CUBE-ALS 1.0.2
2025-12-29 22:02:28,801 [INFO] ThirdParty:1030 - CMSIS Pack Vendor :STMicroelectronics MBEDTLS 2.14.1
2025-12-29 22:02:28,801 [INFO] ThirdParty:1030 - CMSIS Pack Vendor :STMicroelectronics ThreadX 1.0.0
2025-12-29 22:02:28,801 [INFO] ThirdParty:1030 - CMSIS Pack Vendor :STMicroelectronics FP-SNS-SMARTAG2 1.2.0
2025-12-29 22:02:28,801 [INFO] ThirdParty:1030 - CMSIS Pack Vendor :STMicroelectronics FP-SNS-FLIGHT1 5.1.0
2025-12-29 22:02:28,801 [INFO] ThirdParty:1030 - CMSIS Pack Vendor :STMicroelectronics X-CUBE-AZRTOS-WL 2.0.0
2025-12-29 22:02:28,801 [INFO] ThirdParty:1030 - CMSIS Pack Vendor :STMicroelectronics X-CUBE-ALGOBUILD 1.4.0
2025-12-29 22:02:28,801 [INFO] ThirdParty:1030 - CMSIS Pack Vendor :STMicroelectronics X-CUBE-DPower 1.3.0
2025-12-29 22:02:28,801 [INFO] ThirdParty:1030 - CMSIS Pack Vendor :STMicroelectronics USB_DEVICE 1.0.0
2025-12-29 22:02:28,801 [INFO] ThirdParty:1030 - CMSIS Pack Vendor :STMicroelectronics X-CUBE-AZRTOS-L4 2.0.0
2025-12-29 22:02:28,801 [INFO] ThirdParty:1030 - CMSIS Pack Vendor :STMicroelectronics ThreadX 0.0.2
2025-12-29 22:02:28,801 [INFO] ThirdParty:1030 - CMSIS Pack Vendor :STMicroelectronics lwIP 2.1.2
2025-12-29 22:02:28,801 [INFO] ThirdParty:1030 - CMSIS Pack Vendor :STMicroelectronics X-CUBE-SFXS2LP1 4.0.0
2025-12-29 22:02:28,802 [INFO] ThirdParty:1030 - CMSIS Pack Vendor :STMicroelectronics X-CUBE-BLE2 3.3.0
2025-12-29 22:02:28,802 [INFO] ThirdParty:1030 - CMSIS Pack Vendor :STMicroelectronics X-CUBE-TOF1 3.4.3
2025-12-29 22:02:28,802 [INFO] ThirdParty:1030 - CMSIS Pack Vendor :STMicroelectronics PDM2PCM 3.2.0
2025-12-29 22:02:28,802 [INFO] ThirdParty:841 - exiting critical section [change project]
2025-12-29 22:02:29,420 [INFO] PinOutPanel:1589 - setPackage(No Configuration,No Configuration)
2025-12-29 22:02:29,423 [INFO] PinOutPanel:1589 - setPackage(STM32F407VGTx,LQFP100)
2025-12-29 22:02:30,014 [INFO] UtilMem:75 - Before build in PCC Used Memory: 466211072 Bytes (778043392)
2025-12-29 22:02:31,008 [INFO] UtilMem:75 - After build in PCC Used Memory: 534368520 Bytes (778043392)
2025-12-29 22:02:31,036 [INFO] IPUIPlugin:80 - create IPUIPlugin
2025-12-29 22:02:31,036 [INFO] IPUIPlugin:80 - create IPUIPlugin
2025-12-29 22:02:31,036 [INFO] IPUIPlugin:80 - create IPUIPlugin
2025-12-29 22:02:31,036 [INFO] IPUIPlugin:80 - create IPUIPlugin
2025-12-29 22:02:31,036 [INFO] IPUIPlugin:80 - create IPUIPlugin
2025-12-29 22:02:31,036 [INFO] IPUIPlugin:80 - create IPUIPlugin
2025-12-29 22:02:31,036 [INFO] IPUIPlugin:80 - create IPUIPlugin
2025-12-29 22:02:31,037 [INFO] IPUIPlugin:80 - create IPUIPlugin
2025-12-29 22:02:31,037 [INFO] IPUIPlugin:80 - create IPUIPlugin
2025-12-29 22:02:31,037 [INFO] IPUIPlugin:80 - create IPUIPlugin
2025-12-29 22:02:31,037 [INFO] IPUIPlugin:80 - create IPUIPlugin
2025-12-29 22:02:31,037 [INFO] IPUIPlugin:80 - create IPUIPlugin
2025-12-29 22:02:31,037 [INFO] IPUIPlugin:80 - create IPUIPlugin
2025-12-29 22:02:31,037 [INFO] IPUIPlugin:80 - create IPUIPlugin
2025-12-29 22:02:31,038 [INFO] IPUIPlugin:80 - create IPUIPlugin
2025-12-29 22:02:31,038 [INFO] IPUIPlugin:80 - create IPUIPlugin
2025-12-29 22:02:31,038 [INFO] IPUIPlugin:80 - create IPUIPlugin
2025-12-29 22:02:31,038 [INFO] IPUIPlugin:80 - create IPUIPlugin
2025-12-29 22:02:31,038 [INFO] IPUIPlugin:80 - create IPUIPlugin
2025-12-29 22:02:31,038 [INFO] IPUIPlugin:80 - create IPUIPlugin
2025-12-29 22:02:31,038 [INFO] IPUIPlugin:80 - create IPUIPlugin
2025-12-29 22:02:31,038 [INFO] IPUIPlugin:80 - create IPUIPlugin
2025-12-29 22:02:31,039 [INFO] IPUIPlugin:80 - create IPUIPlugin
2025-12-29 22:02:31,039 [INFO] IPUIPlugin:80 - create IPUIPlugin
2025-12-29 22:02:31,039 [INFO] IPUIPlugin:80 - create IPUIPlugin
2025-12-29 22:02:31,039 [INFO] IPUIPlugin:80 - create IPUIPlugin
2025-12-29 22:02:31,039 [INFO] IPUIPlugin:80 - create IPUIPlugin
2025-12-29 22:02:31,039 [INFO] IPUIPlugin:80 - create IPUIPlugin
2025-12-29 22:02:31,039 [INFO] IPUIPlugin:80 - create IPUIPlugin
2025-12-29 22:02:31,040 [INFO] IPUIPlugin:80 - create IPUIPlugin
2025-12-29 22:02:31,040 [INFO] IPUIPlugin:80 - create IPUIPlugin
2025-12-29 22:02:31,040 [INFO] IPUIPlugin:80 - create IPUIPlugin
2025-12-29 22:02:31,040 [INFO] IPUIPlugin:80 - create IPUIPlugin
2025-12-29 22:02:31,040 [INFO] IPUIPlugin:80 - create IPUIPlugin
2025-12-29 22:02:31,040 [INFO] IPUIPlugin:80 - create IPUIPlugin
2025-12-29 22:02:31,040 [INFO] IPUIPlugin:80 - create IPUIPlugin
2025-12-29 22:02:31,040 [INFO] IPUIPlugin:80 - create IPUIPlugin
2025-12-29 22:02:31,040 [INFO] IPUIPlugin:80 - create IPUIPlugin
2025-12-29 22:02:31,041 [INFO] IPUIPlugin:80 - create IPUIPlugin
2025-12-29 22:02:31,041 [INFO] IPUIPlugin:80 - create IPUIPlugin
2025-12-29 22:02:31,041 [INFO] IPUIPlugin:80 - create IPUIPlugin
2025-12-29 22:02:31,041 [INFO] IPUIPlugin:80 - create IPUIPlugin
2025-12-29 22:02:31,041 [INFO] IPUIPlugin:80 - create IPUIPlugin
2025-12-29 22:02:31,041 [INFO] IPUIPlugin:80 - create IPUIPlugin
2025-12-29 22:02:31,041 [INFO] IPUIPlugin:80 - create IPUIPlugin
2025-12-29 22:02:31,041 [INFO] IPUIPlugin:80 - create IPUIPlugin
2025-12-29 22:02:31,041 [INFO] IPUIPlugin:80 - create IPUIPlugin
2025-12-29 22:02:31,042 [INFO] IPUIPlugin:80 - create IPUIPlugin
2025-12-29 22:02:31,042 [INFO] IPUIPlugin:80 - create IPUIPlugin
2025-12-29 22:02:31,042 [INFO] IPUIPlugin:80 - create IPUIPlugin
2025-12-29 22:02:31,042 [INFO] IPUIPlugin:80 - create IPUIPlugin
2025-12-29 22:02:31,042 [INFO] IPUIPlugin:80 - create IPUIPlugin
2025-12-29 22:02:31,042 [INFO] IPUIPlugin:80 - create IPUIPlugin
2025-12-29 22:02:31,043 [INFO] IPUIPlugin:80 - create IPUIPlugin
2025-12-29 22:02:31,043 [INFO] IPUIPlugin:80 - create IPUIPlugin
2025-12-29 22:02:31,043 [INFO] IPUIPlugin:80 - create IPUIPlugin
2025-12-29 22:02:31,043 [INFO] IPUIPlugin:80 - create IPUIPlugin
2025-12-29 22:02:31,044 [INFO] IPUIPlugin:80 - create IPUIPlugin
2025-12-29 22:02:31,105 [INFO] ApiDbMcu:532 - Load IP Config File for PDM2PCM
2025-12-29 22:02:31,274 [INFO] CADModel:165 - CPN selected for project levelSTM32F407VGT6
2025-12-29 22:02:31,274 [INFO] CADModel:114 - Register for checkConnection events
2025-12-29 22:02:31,326 [INFO] OpenFileManager:386 - Restore cursor
2025-12-29 22:02:32,395 [INFO] UtilMem:75 - End SaveConfig() Used Memory: 661103128 Bytes (778043392)
2025-12-29 22:02:32,471 [ERROR] ConfigurationRetriever:142 - IOException on connection: sw-center.st.com
2025-12-29 22:02:32,472 [ERROR] ConfigurationRetriever:142 - IOException on connection: sw-center.st.com
2025-12-29 22:02:32,472 [ERROR] ConfigurationRetriever:142 - IOException on connection: sw-center.st.com
2025-12-29 22:02:32,505 [INFO] UtilMem:75 - End SaveConfig() Used Memory: 681407696 Bytes (778043392)
2025-12-29 22:02:33,082 [INFO] BlockDiagram:2775 - set Specific Code input for plugin: SYS
2025-12-29 22:02:33,082 [INFO] BlockDiagram:2775 - set Specific Code input for plugin: RCC
2025-12-29 22:02:33,082 [INFO] BlockDiagram:2775 - set Specific Code input for plugin: NVIC
2025-12-29 22:02:33,083 [INFO] BlockDiagram:2775 - set Specific Code input for plugin: GPIO
2025-12-29 22:02:33,085 [INFO] CodeGenerator:892 - code generatio: config db path: C:\ST\STM32CubeIDE_1.19.0\STM32CubeIDE\plugins\com.st.stm32cube.common.mx_6.15.0.202507011659\\db\
2025-12-29 22:02:33,329 [INFO] CodeEngine:265 - oldGeneratedFile, C:\Users\aditi\OneDrive\Desktop\Sunbeam_Internship\Internship_Practice_on_Board\LDR_using_LCD\MXTmpFiles\license.tmp_save
2025-12-29 22:02:33,759 [INFO] CodeEngine:289 - Generated code: C:\Users\aditi\OneDrive\Desktop\Sunbeam_Internship\Internship_Practice_on_Board\LDR_using_LCD\MXTmpFiles\license.tmp
2025-12-29 22:02:33,935 [INFO] CodeEngine:265 - oldGeneratedFile, C:\Users\aditi\OneDrive\Desktop\Sunbeam_Internship\Internship_Practice_on_Board\LDR_using_LCD\MXTmpFiles\gpio.tmp_save
2025-12-29 22:02:34,190 [INFO] CodeEngine:289 - Generated code: C:\Users\aditi\OneDrive\Desktop\Sunbeam_Internship\Internship_Practice_on_Board\LDR_using_LCD\MXTmpFiles\gpio.tmp
2025-12-29 22:02:34,325 [INFO] CodeEngine:265 - oldGeneratedFile, C:\Users\aditi\OneDrive\Desktop\Sunbeam_Internship\Internship_Practice_on_Board\LDR_using_LCD\Core\Src\stm32f4xx_it.c_save
2025-12-29 22:02:34,547 [INFO] CodeEngine:289 - Generated code: C:\Users\aditi\OneDrive\Desktop\Sunbeam_Internship\Internship_Practice_on_Board\LDR_using_LCD\Core\Src\stm32f4xx_it.c
2025-12-29 22:02:34,566 [INFO] CodeEngine:265 - oldGeneratedFile, C:\Users\aditi\OneDrive\Desktop\Sunbeam_Internship\Internship_Practice_on_Board\LDR_using_LCD\Core\Inc\stm32f4xx_it.h_save
2025-12-29 22:02:34,709 [INFO] CodeEngine:289 - Generated code: C:\Users\aditi\OneDrive\Desktop\Sunbeam_Internship\Internship_Practice_on_Board\LDR_using_LCD\Core\Inc\stm32f4xx_it.h
2025-12-29 22:02:34,747 [INFO] CodeEngine:265 - oldGeneratedFile, C:\Users\aditi\OneDrive\Desktop\Sunbeam_Internship\Internship_Practice_on_Board\LDR_using_LCD\Core\Src\stm32f4xx_hal_msp.c_save
2025-12-29 22:02:34,904 [INFO] CodeEngine:289 - Generated code: C:\Users\aditi\OneDrive\Desktop\Sunbeam_Internship\Internship_Practice_on_Board\LDR_using_LCD\Core\Src\stm32f4xx_hal_msp.c
2025-12-29 22:02:34,915 [INFO] CodeEngine:265 - oldGeneratedFile, C:\Users\aditi\OneDrive\Desktop\Sunbeam_Internship\Internship_Practice_on_Board\LDR_using_LCD\MXTmpFiles\system.tmp_save
2025-12-29 22:02:34,996 [INFO] CodeEngine:289 - Generated code: C:\Users\aditi\OneDrive\Desktop\Sunbeam_Internship\Internship_Practice_on_Board\LDR_using_LCD\MXTmpFiles\system.tmp
2025-12-29 22:02:35,028 [INFO] CodeEngine:321 - oldGeneratedFile, C:\Users\aditi\OneDrive\Desktop\Sunbeam_Internship\Internship_Practice_on_Board\LDR_using_LCD\Core\Inc\stm32f4xx_hal_conf.h_save
2025-12-29 22:02:35,155 [INFO] CodeEngine:345 - Generated code: C:\Users\aditi\OneDrive\Desktop\Sunbeam_Internship\Internship_Practice_on_Board\LDR_using_LCD\Core\Inc\stm32f4xx_hal_conf.h
2025-12-29 22:02:35,250 [INFO] ApiDbMcu:532 - Load IP Config File for RCC
2025-12-29 22:02:35,273 [INFO] CodeEngine:265 - oldGeneratedFile, C:\Users\aditi\OneDrive\Desktop\Sunbeam_Internship\Internship_Practice_on_Board\LDR_using_LCD\Core\Inc\main.h_save
2025-12-29 22:02:35,462 [INFO] CodeEngine:289 - Generated code: C:\Users\aditi\OneDrive\Desktop\Sunbeam_Internship\Internship_Practice_on_Board\LDR_using_LCD\Core\Inc\main.h
2025-12-29 22:02:35,477 [INFO] CodeEngine:265 - oldGeneratedFile, C:\Users\aditi\OneDrive\Desktop\Sunbeam_Internship\Internship_Practice_on_Board\LDR_using_LCD\Core\Src\main.c_save
2025-12-29 22:02:35,698 [INFO] CodeEngine:289 - Generated code: C:\Users\aditi\OneDrive\Desktop\Sunbeam_Internship\Internship_Practice_on_Board\LDR_using_LCD\Core\Src\main.c
2025-12-29 22:02:37,316 [INFO] ProjectBuilder:3606 - Time for Copy HAL[1] : 1259mS.
2025-12-29 22:02:37,339 [INFO] ProjectBuilder:5216 - Project Generator version: 4.7.0-B52
2025-12-29 22:02:37,426 [INFO] ConfigFileManager:1595 - The Die is : DIE413
2025-12-29 22:02:37,436 [INFO] ApiDbMcu:532 - Load IP Config File for FATFS
2025-12-29 22:02:37,446 [INFO] ApiDbMcu:532 - Load IP Config File for FREERTOS
2025-12-29 22:02:37,452 [INFO] ApiDbMcu:532 - Load IP Config File for LIBJPEG
2025-12-29 22:02:37,458 [INFO] ApiDbMcu:532 - Load IP Config File for LWIP
2025-12-29 22:02:37,466 [INFO] ApiDbMcu:532 - Load IP Config File for MBEDTLS
2025-12-29 22:02:37,478 [INFO] ApiDbMcu:532 - Load IP Config File for USB_DEVICE
2025-12-29 22:02:37,485 [INFO] ApiDbMcu:532 - Load IP Config File for USB_HOST
2025-12-29 22:02:37,978 [INFO] LogOutputStream:77 - [STDOUT_REDIRECT] 
2025-12-29 22:02:42,047 [INFO] ProjectBuilder:5496 - Time for Generating toolchain IDE Files: 4707mS.
2025-12-29 22:02:42,049 [INFO] ProjectBuilder:3463 - Time for Copy CMSIS : 1mS.
2025-12-29 22:02:42,060 [INFO] ProjectBuilder:3463 - Time for Copy CMSIS : 0mS.
2025-12-29 22:02:42,489 [ERROR] ConfigurationRetriever:142 - IOException on connection: sw-center.st.com
2025-12-29 22:02:42,491 [ERROR] ConfigurationRetriever:142 - IOException on connection: sw-center.st.com
2025-12-29 22:02:42,492 [ERROR] ConfigurationRetriever:142 - IOException on connection: sw-center.st.com
2025-12-29 22:02:43,303 [INFO] McuFinderGlobals:76 - Set McuFinderConnectedMode to true
2025-12-29 22:02:43,308 [INFO] ApiDb:448 - Save user favorites file C:\Users\aditi/.stm32cubeide/favorites.mcus.txt: 0 item(s)
2025-12-29 22:02:43,308 [INFO] ApiDb:452 - User favorites MCUs=[]
2025-12-29 22:02:43,310 [INFO] ApiDb:448 - Save user favorites file C:\Users\aditi/.stm32cubeide/favorites.boards.txt: 1 item(s)
2025-12-29 22:02:43,310 [INFO] ApiDb:452 - User favorites Boards=[STM32F407G-DISC1]
2025-12-29 22:05:28,674 [WARN] IP:2250 - I2C_Coeff_DF not found: check if there is a RefParameter without a condition.
2025-12-29 22:05:28,674 [WARN] IP:2250 - Analog_Filter not found: check if there is a RefParameter without a condition.
2025-12-29 22:05:28,694 [WARN] IP:2250 - I2C_Coeff_DF not found: check if there is a RefParameter without a condition.
2025-12-29 22:05:28,694 [WARN] IP:2250 - Analog_Filter not found: check if there is a RefParameter without a condition.
2025-12-29 22:05:28,696 [WARN] IP:2250 - I2C_Coeff_DF not found: check if there is a RefParameter without a condition.
2025-12-29 22:05:28,697 [WARN] IP:2250 - Analog_Filter not found: check if there is a RefParameter without a condition.
2025-12-29 22:05:28,765 [WARN] IP:2250 - I2C_Coeff_DF not found: check if there is a RefParameter without a condition.
2025-12-29 22:05:28,765 [WARN] IP:2250 - Analog_Filter not found: check if there is a RefParameter without a condition.
2025-12-29 22:05:28,767 [WARN] IP:2250 - I2C_Coeff_DF not found: check if there is a RefParameter without a condition.
2025-12-29 22:05:28,767 [WARN] IP:2250 - Analog_Filter not found: check if there is a RefParameter without a condition.
2025-12-29 22:05:28,780 [INFO] NvicIntPanel:101 - NVIC parent = com.st.microxplorer.plugins.ip.nvic.MultiNvicIntPanel[,0,0,0x0,invalid,layout=javax.swing.BoxLayout,alignmentX=0.0,alignmentY=0.0,border=,flags=9,maximumSize=,minimumSize=,preferredSize=]
2025-12-29 22:05:39,478 [WARN] IP:2250 - I2C_Coeff_DF not found: check if there is a RefParameter without a condition.
2025-12-29 22:05:39,485 [WARN] IP:2250 - Analog_Filter not found: check if there is a RefParameter without a condition.
2025-12-29 22:06:06,089 [INFO] UtilMem:75 - End SaveConfig() Used Memory: 845760080 Bytes (964689920)
2025-12-29 22:06:06,209 [ERROR] ConfigurationRetriever:142 - IOException on connection: sw-center.st.com
2025-12-29 22:06:06,211 [ERROR] ConfigurationRetriever:142 - IOException on connection: sw-center.st.com
2025-12-29 22:06:06,212 [ERROR] ConfigurationRetriever:142 - IOException on connection: sw-center.st.com
2025-12-29 22:06:08,397 [INFO] UtilMem:75 - End SaveConfig() Used Memory: 875112264 Bytes (964689920)
2025-12-29 22:06:08,458 [ERROR] ConfigurationRetriever:142 - IOException on connection: sw-center.st.com
2025-12-29 22:06:08,461 [ERROR] ConfigurationRetriever:142 - IOException on connection: sw-center.st.com
2025-12-29 22:06:08,465 [ERROR] ConfigurationRetriever:142 - IOException on connection: sw-center.st.com
2025-12-29 22:06:08,830 [INFO] UtilMem:75 - End SaveConfig() Used Memory: 909188936 Bytes (964689920)
2025-12-29 22:06:09,487 [INFO] BlockDiagram:2775 - set Specific Code input for plugin: SYS
2025-12-29 22:06:09,487 [INFO] BlockDiagram:2775 - set Specific Code input for plugin: RCC
2025-12-29 22:06:09,487 [INFO] BlockDiagram:2775 - set Specific Code input for plugin: I2C
2025-12-29 22:06:09,488 [INFO] BlockDiagram:2775 - set Specific Code input for plugin: NVIC
2025-12-29 22:06:09,489 [INFO] BlockDiagram:2775 - set Specific Code input for plugin: USART
2025-12-29 22:06:09,490 [INFO] BlockDiagram:2775 - set Specific Code input for plugin: GPIO
2025-12-29 22:06:09,492 [INFO] CodeGenerator:892 - code generatio: config db path: C:\ST\STM32CubeIDE_1.19.0\STM32CubeIDE\plugins\com.st.stm32cube.common.mx_6.15.0.202507011659\\db\
2025-12-29 22:06:09,494 [WARN] IP:2250 - I2C_Coeff_DF not found: check if there is a RefParameter without a condition.
2025-12-29 22:06:09,494 [WARN] IP:2250 - Analog_Filter not found: check if there is a RefParameter without a condition.
2025-12-29 22:06:09,570 [INFO] CodeEngine:265 - oldGeneratedFile, C:\Users\aditi\OneDrive\Desktop\Sunbeam_Internship\Internship_Practice_on_Board\LDR_using_LCD\MXTmpFiles\license.tmp_save
2025-12-29 22:06:09,874 [INFO] CodeEngine:289 - Generated code: C:\Users\aditi\OneDrive\Desktop\Sunbeam_Internship\Internship_Practice_on_Board\LDR_using_LCD\MXTmpFiles\license.tmp
2025-12-29 22:06:09,930 [INFO] CodeEngine:265 - oldGeneratedFile, C:\Users\aditi\OneDrive\Desktop\Sunbeam_Internship\Internship_Practice_on_Board\LDR_using_LCD\MXTmpFiles\gpio.tmp_save
2025-12-29 22:06:10,059 [INFO] CodeEngine:289 - Generated code: C:\Users\aditi\OneDrive\Desktop\Sunbeam_Internship\Internship_Practice_on_Board\LDR_using_LCD\MXTmpFiles\gpio.tmp
2025-12-29 22:06:10,291 [INFO] CodeEngine:265 - oldGeneratedFile, C:\Users\aditi\OneDrive\Desktop\Sunbeam_Internship\Internship_Practice_on_Board\LDR_using_LCD\Core\Src\stm32f4xx_it.c_save
2025-12-29 22:06:10,430 [INFO] CodeEngine:289 - Generated code: C:\Users\aditi\OneDrive\Desktop\Sunbeam_Internship\Internship_Practice_on_Board\LDR_using_LCD\Core\Src\stm32f4xx_it.c
2025-12-29 22:06:10,451 [INFO] CodeEngine:265 - oldGeneratedFile, C:\Users\aditi\OneDrive\Desktop\Sunbeam_Internship\Internship_Practice_on_Board\LDR_using_LCD\Core\Inc\stm32f4xx_it.h_save
2025-12-29 22:06:10,546 [INFO] CodeEngine:289 - Generated code: C:\Users\aditi\OneDrive\Desktop\Sunbeam_Internship\Internship_Practice_on_Board\LDR_using_LCD\Core\Inc\stm32f4xx_it.h
2025-12-29 22:06:10,577 [INFO] CodeEngine:265 - oldGeneratedFile, C:\Users\aditi\OneDrive\Desktop\Sunbeam_Internship\Internship_Practice_on_Board\LDR_using_LCD\Core\Src\stm32f4xx_hal_msp.c_save
2025-12-29 22:06:10,777 [INFO] CodeEngine:289 - Generated code: C:\Users\aditi\OneDrive\Desktop\Sunbeam_Internship\Internship_Practice_on_Board\LDR_using_LCD\Core\Src\stm32f4xx_hal_msp.c
2025-12-29 22:06:10,807 [INFO] CodeEngine:265 - oldGeneratedFile, C:\Users\aditi\OneDrive\Desktop\Sunbeam_Internship\Internship_Practice_on_Board\LDR_using_LCD\MXTmpFiles\system.tmp_save
2025-12-29 22:06:10,893 [INFO] CodeEngine:289 - Generated code: C:\Users\aditi\OneDrive\Desktop\Sunbeam_Internship\Internship_Practice_on_Board\LDR_using_LCD\MXTmpFiles\system.tmp
2025-12-29 22:06:10,922 [INFO] CodeEngine:321 - oldGeneratedFile, C:\Users\aditi\OneDrive\Desktop\Sunbeam_Internship\Internship_Practice_on_Board\LDR_using_LCD\Core\Inc\stm32f4xx_hal_conf.h_save
2025-12-29 22:06:11,021 [INFO] CodeEngine:345 - Generated code: C:\Users\aditi\OneDrive\Desktop\Sunbeam_Internship\Internship_Practice_on_Board\LDR_using_LCD\Core\Inc\stm32f4xx_hal_conf.h
2025-12-29 22:06:11,068 [INFO] ApiDbMcu:532 - Load IP Config File for I2C1
2025-12-29 22:06:11,073 [INFO] ApiDbMcu:532 - Load IP Config File for USART2
2025-12-29 22:06:11,097 [INFO] CodeEngine:265 - oldGeneratedFile, C:\Users\aditi\OneDrive\Desktop\Sunbeam_Internship\Internship_Practice_on_Board\LDR_using_LCD\Core\Inc\main.h_save
2025-12-29 22:06:11,202 [INFO] CodeEngine:289 - Generated code: C:\Users\aditi\OneDrive\Desktop\Sunbeam_Internship\Internship_Practice_on_Board\LDR_using_LCD\Core\Inc\main.h
2025-12-29 22:06:11,223 [INFO] CodeEngine:265 - oldGeneratedFile, C:\Users\aditi\OneDrive\Desktop\Sunbeam_Internship\Internship_Practice_on_Board\LDR_using_LCD\Core\Src\main.c_save
2025-12-29 22:06:11,385 [INFO] CodeEngine:289 - Generated code: C:\Users\aditi\OneDrive\Desktop\Sunbeam_Internship\Internship_Practice_on_Board\LDR_using_LCD\Core\Src\main.c
2025-12-29 22:06:12,976 [INFO] ProjectBuilder:3606 - Time for Copy HAL[1] : 1387mS.
2025-12-29 22:06:12,990 [INFO] ProjectBuilder:5216 - Project Generator version: 4.7.0-B52
2025-12-29 22:06:13,057 [INFO] ConfigFileManager:1595 - The Die is : DIE413
2025-12-29 22:06:14,923 [INFO] ProjectBuilder:5496 - Time for Generating toolchain IDE Files: 1934mS.
2025-12-29 22:06:14,926 [INFO] ProjectBuilder:3463 - Time for Copy CMSIS : 1mS.
2025-12-29 22:06:14,932 [INFO] ProjectBuilder:3463 - Time for Copy CMSIS : 0mS.
2025-12-29 22:06:14,999 [ERROR] ConfigurationRetriever:142 - IOException on connection: sw-center.st.com
2025-12-29 22:06:15,000 [ERROR] ConfigurationRetriever:142 - IOException on connection: sw-center.st.com
2025-12-29 22:06:15,000 [ERROR] ConfigurationRetriever:142 - IOException on connection: sw-center.st.com
2025-12-29 22:21:53,092 [INFO] MainUpdater:2872 - connection check result : 10
2025-12-29 22:21:53,255 [INFO] McuFinderGlobals:76 - Set McuFinderConnectedMode to true
2025-12-29 22:21:53,256 [INFO] MultiScanPanel:200 - Auto-refresh data requested => check proxy status ongoing
2025-12-29 22:21:53,257 [INFO] FinderPluginLoader:96 - Searching for filters in installed packs
2025-12-29 22:21:55,012 [INFO] LoadUrlFilesThread:185 - End of LoadServerUrlFiles without Thread
2025-12-29 22:21:55,013 [INFO] DetailPanel:341 - Set advertising image to C:/Users/aditi/STM32Cube/Repository/\en.prom-st67w-expansion-board.png
2025-12-29 22:21:59,598 [INFO] MultiScanPanel:200 - Auto-refresh data requested => check proxy status ongoing
2025-12-29 22:21:59,661 [INFO] LoadUrlFilesThread:185 - End of LoadServerUrlFiles without Thread
2025-12-29 22:21:59,662 [INFO] DetailPanel:341 - Set advertising image to C:/Users/aditi/STM32Cube/Repository/\en.prom-st67w-expansion-board.png
2025-12-29 22:22:24,698 [INFO] MainUpdater:2872 - connection check result : 10
2025-12-29 22:22:24,698 [INFO] MainUpdater:2872 - connection check result : 10
2025-12-29 22:22:24,841 [INFO] MicroXplorer:468 - Change Database Path : 
2025-12-29 22:22:24,842 [INFO] MicroXplorer:498 - Change Database Version : DB.6.0.150
2025-12-29 22:22:24,890 [ERROR] ProjectManagerView:395 - 
java.lang.NullPointerException: Cannot invoke "javax.swing.JTextField.getText()" because the return value of "java.util.List.get(int)" is null
	at com.st.microxplorer.plugins.projectmanager.gui.ProjectChoiceTab$9.caretUpdate(ProjectChoiceTab.java:2706) ~[filemanager.jar:?]
	at javax.swing.text.JTextComponent.fireCaretUpdate(JTextComponent.java:408) ~[?:?]
	at javax.swing.text.JTextComponent$MutableCaretEvent.fire(JTextComponent.java:4484) ~[?:?]
	at javax.swing.text.JTextComponent$MutableCaretEvent.stateChanged(JTextComponent.java:4506) ~[?:?]
	at javax.swing.text.DefaultCaret.fireStateChanged(DefaultCaret.java:857) ~[?:?]
	at javax.swing.text.DefaultCaret.changeCaretPosition(DefaultCaret.java:1343) ~[?:?]
	at javax.swing.text.DefaultCaret.handleSetDot(DefaultCaret.java:1242) ~[?:?]
	at javax.swing.text.DefaultCaret.setDot(DefaultCaret.java:1223) ~[?:?]
	at javax.swing.text.DefaultCaret$Handler.insertUpdate(DefaultCaret.java:1819) ~[?:?]
	at javax.swing.text.AbstractDocument.fireInsertUpdate(AbstractDocument.java:227) ~[?:?]
	at javax.swing.text.AbstractDocument.handleInsertString(AbstractDocument.java:781) ~[?:?]
	at javax.swing.text.AbstractDocument.insertString(AbstractDocument.java:740) ~[?:?]
	at javax.swing.text.PlainDocument.insertString(PlainDocument.java:131) ~[?:?]
	at javax.swing.text.AbstractDocument.replace(AbstractDocument.java:699) ~[?:?]
	at javax.swing.text.JTextComponent.setText(JTextComponent.java:1725) ~[?:?]
	at com.st.microxplorer.plugins.projectmanager.gui.ProjectChoiceTab.createHeapStackFields(ProjectChoiceTab.java:993) ~[filemanager.jar:?]
	at com.st.microxplorer.plugins.projectmanager.gui.ProjectChoiceTab.buildLinkSettingsPanel(ProjectChoiceTab.java:3813) ~[filemanager.jar:?]
	at com.st.microxplorer.plugins.projectmanager.gui.ProjectChoiceTab.defineWindowsFields(ProjectChoiceTab.java:1987) ~[filemanager.jar:?]
	at com.st.microxplorer.plugins.projectmanager.gui.ProjectChoiceTab.updateSettings(ProjectChoiceTab.java:558) ~[filemanager.jar:?]
	at com.st.microxplorer.plugins.projectmanager.gui.ProjectSettingsPanel.UpdateDialog(ProjectSettingsPanel.java:247) ~[filemanager.jar:?]
	at com.st.microxplorer.plugins.projectmanager.ProjectManagerView.propertyChange(ProjectManagerView.java:392) ~[filemanager.jar:?]
	at java.beans.PropertyChangeSupport.fire(PropertyChangeSupport.java:343) ~[?:?]
	at java.beans.PropertyChangeSupport.firePropertyChange(PropertyChangeSupport.java:335) ~[?:?]
	at java.beans.PropertyChangeSupport.firePropertyChange(PropertyChangeSupport.java:268) ~[?:?]
	at com.st.microxplorer.util.MXPropertyChangeSupport.firePropertyChange(MXPropertyChangeSupport.java:54) ~[STM32CubeMX.jar:?]
	at com.st.microxplorer.mxsystem.MxSystem.closeConfig(MxSystem.java:899) ~[STM32CubeMX.jar:?]
	at com.st.microxplorer.maingui.MainPanel.closeConfig(MainPanel.java:792) ~[STM32CubeMX.jar:?]
	at com.st.microxplorer.plugins.filemanager.engine.OpenFileManager.loadConfigurationFile(OpenFileManager.java:288) ~[filemanager.jar:?]
	at com.st.microxplorer.plugins.filemanager.engine.MainFileManager.userLoadConfig(MainFileManager.java:364) ~[filemanager.jar:?]
	at com.st.microxplorer.plugins.filemanager.FileManagerView.getSpecificTask(FileManagerView.java:268) ~[filemanager.jar:?]
	at com.st.stm32cube.common.mx.editor.CubeMxEditor.getMxTabbedPaneInstance(CubeMxEditor.java:1191) ~[com.st.stm32cube.common.mx_6.15.0.202507011659/:?]
	at com.st.stm32cube.common.mx.editor.CubeMxEditor$12$1.createSwingComponent(CubeMxEditor.java:1068) ~[com.st.stm32cube.common.mx_6.15.0.202507011659/:?]
	at com.st.stm32cube.common.mx.oss.core.awtswtbridge.EmbeddedSwingComposite.doComponentCreation(EmbeddedSwingComposite.java:492) ~[com.st.stm32cube.common.mx.oss_6.15.0.202507011659/:?]
	at com.st.stm32cube.common.mx.oss.core.awtswtbridge.EmbeddedSwingComposite$4.run(EmbeddedSwingComposite.java:291) ~[com.st.stm32cube.common.mx.oss_6.15.0.202507011659/:?]
	at com.st.stm32cube.common.mx.oss.core.awtswtbridge.AwtEnvironment$2.run(AwtEnvironment.java:166) ~[com.st.stm32cube.common.mx.oss_6.15.0.202507011659/:?]
	at java.awt.event.InvocationEvent.dispatch(InvocationEvent.java:318) ~[?:?]
	at java.awt.EventQueue.dispatchEventImpl(EventQueue.java:773) ~[?:?]
	at java.awt.EventQueue$4.run(EventQueue.java:720) ~[?:?]
	at java.awt.EventQueue$4.run(EventQueue.java:714) ~[?:?]
	at java.security.AccessController.doPrivileged(AccessController.java:400) ~[?:?]
	at java.security.ProtectionDomain$JavaSecurityAccessImpl.doIntersectionPrivilege(ProtectionDomain.java:87) ~[?:?]
	at java.awt.EventQueue.dispatchEvent(EventQueue.java:742) ~[?:?]
	at java.awt.EventDispatchThread.pumpOneEventForFilters(EventDispatchThread.java:203) ~[?:?]
	at java.awt.EventDispatchThread.pumpEventsForFilter(EventDispatchThread.java:124) ~[?:?]
	at java.awt.EventDispatchThread.pumpEventsForHierarchy(EventDispatchThread.java:113) ~[?:?]
	at java.awt.EventDispatchThread.pumpEvents(EventDispatchThread.java:109) ~[?:?]
	at java.awt.EventDispatchThread.pumpEvents(EventDispatchThread.java:101) ~[?:?]
	at java.awt.EventDispatchThread.run(EventDispatchThread.java:90) ~[?:?]
2025-12-29 22:22:24,906 [WARN] ThirdParty:871 - waiting for thirdparty lock release [close project]
2025-12-29 22:22:24,906 [INFO] ThirdParty:873 - entering critical section [close project]
2025-12-29 22:22:24,908 [INFO] ThirdParty:883 - exiting critical section [close project]
2025-12-29 22:22:24,911 [INFO] PinOutPanel:1589 - setPackage(No Configuration,No Configuration)
2025-12-29 22:22:24,920 [WARN] IpParametersView:155 - Warning: This peripheral hasn't parameters
2025-12-29 22:22:24,927 [WARN] MainPanel:289 - <html><b><center>Warning: This peripheral has no parameters to be configured<br></b></html>
2025-12-29 22:22:24,935 [INFO] UtilMem:75 - Begin LoadConfig() Used Memory: 425180920 Bytes (853540864)
2025-12-29 22:22:24,936 [INFO] OpenFileManager:355 - Change cursor
2025-12-29 22:22:24,964 [INFO] RulesReader:64 - Compatibility file has been processed (317 Rules)
2025-12-29 22:22:24,970 [INFO] ProjectFactory:514 - No CPN specified for board STM32F407G-DISC1 => set CPN to STM32F407VGT6
2025-12-29 22:22:24,972 [INFO] Mcu:2029 - Initializing MCU STM32F407V(E-G)Tx STM32F407VGTx STM32F407VGT6
2025-12-29 22:22:26,684 [INFO] Context:786 - Trying to add GPIOservice into a context  which must be forbidden
2025-12-29 22:22:27,306 [INFO] Rule:233 - rule 117617 - U5Cobra4M][GTZC] default value MPCBB3 and MPCBB5 - Not Secured memory - MPCBB1 is applicable
2025-12-29 22:22:27,306 [INFO] Rule:233 - rule 117617 - U5Cobra4M][GTZC] default value MPCBB3 and MPCBB5 - Not Secured memory - MPCBB1 is applicable
2025-12-29 22:22:27,306 [INFO] Rule:233 - rule 117617 - U5Cobra4M][GTZC] default value MPCBB3 and MPCBB5 - Not Secured memory - MPCBB2 is applicable
2025-12-29 22:22:27,306 [INFO] Rule:233 - rule 117617 - U5Cobra4M][GTZC] default value MPCBB3 and MPCBB5 - Not Secured memory - MPCBB2 is applicable
2025-12-29 22:22:27,306 [INFO] Rule:233 - rule 117617 - U5Cobra4M][GTZC] default value MPCBB3 and MPCBB5 - Not Secured memory - MPCBB3 is applicable
2025-12-29 22:22:27,306 [INFO] Rule:233 - rule 117617 - U5Cobra4M][GTZC] default value MPCBB3 and MPCBB5 - Not Secured memory - MPCBB3 is applicable
2025-12-29 22:22:27,306 [INFO] Rule:233 - rule 117617 - U5Cobra4M][GTZC] default value MPCBB3 and MPCBB5 - Not Secured memory - MPCBB4 is applicable
2025-12-29 22:22:27,306 [INFO] Rule:233 - rule 117617 - U5Cobra4M][GTZC] default value MPCBB3 and MPCBB5 - Not Secured memory - MPCBB4 is applicable
2025-12-29 22:22:27,306 [INFO] Rule:233 - rule 117617 - U5Cobra4M][GTZC] default value MPCBB3 and MPCBB5 - Secured memory - MPCBB1 is applicable
2025-12-29 22:22:27,306 [INFO] Rule:233 - rule 117617 - U5Cobra4M][GTZC] default value MPCBB3 and MPCBB5 - Secured memory - MPCBB2 is applicable
2025-12-29 22:22:27,306 [INFO] Rule:233 - rule 117617 - U5Cobra4M][GTZC] default value MPCBB3 and MPCBB5 - Secured memory - MPCBB3 is applicable
2025-12-29 22:22:27,306 [INFO] Rule:233 - rule 117617 - U5Cobra4M][GTZC] default value MPCBB3 and MPCBB5 - Secured memory - MPCBB4 is applicable
2025-12-29 22:22:27,306 [INFO] Rule:233 - rule 117617 - U5Cobra4M][GTZC] default value MPCBB3 and MPCBB5 - Privileged memory - MPCBB1 is applicable
2025-12-29 22:22:27,306 [INFO] Rule:233 - rule 117617 - U5Cobra4M][GTZC] default value MPCBB3 and MPCBB5 - Privileged memory - MPCBB2 is applicable
2025-12-29 22:22:27,306 [INFO] Rule:233 - rule 117617 - U5Cobra4M][GTZC] default value MPCBB3 and MPCBB5 - Privileged memory - MPCBB3 is applicable
2025-12-29 22:22:27,306 [INFO] Rule:233 - rule 117617 - U5Cobra4M][GTZC] default value MPCBB3 and MPCBB5 - Privileged memory - MPCBB4 is applicable
2025-12-29 22:22:27,306 [INFO] Rule:233 - rule 117617 - U5Cobra4M][GTZC] default value MPCBB3 and MPCBB5 - Not Privileged memory - MPCBB1 is applicable
2025-12-29 22:22:27,306 [INFO] Rule:233 - rule 117617 - U5Cobra4M][GTZC] default value MPCBB3 and MPCBB5 - Not Privileged memory - MPCBB2 is applicable
2025-12-29 22:22:27,307 [INFO] Rule:233 - rule 117617 - U5Cobra4M][GTZC] default value MPCBB3 and MPCBB5 - Not Privileged memory - MPCBB3 is applicable
2025-12-29 22:22:27,307 [INFO] Rule:233 - rule 117617 - U5Cobra4M][GTZC] default value MPCBB3 and MPCBB5 - Not Privileged memory - MPCBB4 is applicable
2025-12-29 22:22:27,307 [INFO] Rule:233 - rule 117617 - U5Cobra4M][GTZC] default value MPCBB3 and MPCBB5 - Privileged memory - MPCBB1 is applicable
2025-12-29 22:22:27,307 [INFO] Rule:233 - rule 117617 - U5Cobra4M][GTZC] default value MPCBB3 and MPCBB5 - Privileged memory - MPCBB2 is applicable
2025-12-29 22:22:27,307 [INFO] Rule:233 - rule 117617 - U5Cobra4M][GTZC] default value MPCBB3 and MPCBB5 - Privileged memory - MPCBB3 is applicable
2025-12-29 22:22:27,308 [INFO] Rule:233 - rule 117617 - U5Cobra4M][GTZC] default value MPCBB3 and MPCBB5 - Privileged memory - MPCBB4 is applicable
2025-12-29 22:22:27,308 [INFO] Rule:233 - rule 117617 - U5Cobra4M][GTZC] default value MPCBB3 and MPCBB5 - Privileged memory - MPCBB1 is applicable
2025-12-29 22:22:27,308 [INFO] Rule:233 - rule 117617 - U5Cobra4M][GTZC] default value MPCBB3 and MPCBB5 - Privileged memory - MPCBB2 is applicable
2025-12-29 22:22:27,308 [INFO] Rule:233 - rule 117617 - U5Cobra4M][GTZC] default value MPCBB3 and MPCBB5 - Privileged memory - MPCBB3 is applicable
2025-12-29 22:22:27,308 [INFO] Rule:233 - rule 117617 - U5Cobra4M][GTZC] default value MPCBB3 and MPCBB5 - Privileged memory - MPCBB4 is applicable
2025-12-29 22:22:27,308 [INFO] Rule:233 - rule 117617 - U5Cobra4M][GTZC] default value MPCBB3 and MPCBB5 - Not Privileged memory - MPCBB1 is applicable
2025-12-29 22:22:27,308 [INFO] Rule:233 - rule 117617 - U5Cobra4M][GTZC] default value MPCBB3 and MPCBB5 - Not Privileged memory - MPCBB2 is applicable
2025-12-29 22:22:27,309 [INFO] Rule:233 - rule 117617 - U5Cobra4M][GTZC] default value MPCBB3 and MPCBB5 - Not Privileged memory - MPCBB3 is applicable
2025-12-29 22:22:27,309 [INFO] Rule:233 - rule 117617 - U5Cobra4M][GTZC] default value MPCBB3 and MPCBB5 - Not Privileged memory - MPCBB4 is applicable
2025-12-29 22:22:27,309 [INFO] Rule:233 - rule 117617 - U5Cobra4M][GTZC] default value MPCBB3 and MPCBB5 - Privileged memory - MPCBB1 is applicable
2025-12-29 22:22:27,309 [INFO] Rule:233 - rule 117617 - U5Cobra4M][GTZC] default value MPCBB3 and MPCBB5 - Privileged memory - MPCBB2 is applicable
2025-12-29 22:22:27,310 [INFO] Rule:233 - rule 117617 - U5Cobra4M][GTZC] default value MPCBB3 and MPCBB5 - Privileged memory - MPCBB3 is applicable
2025-12-29 22:22:27,310 [INFO] Rule:233 - rule 117617 - U5Cobra4M][GTZC] default value MPCBB3 and MPCBB5 - Privileged memory - MPCBB4 is applicable
2025-12-29 22:22:27,310 [INFO] Rule:233 - rule Rename SubGHz_Phy SUBGHZ_APPLICATION SUBGHZ_PINGPONG to SUBGHZ_ADV_APPLICATION is applicable
2025-12-29 22:22:27,310 [INFO] Rule:233 - rule Rename Enabled to IBEACON is applicable
2025-12-29 22:22:27,310 [INFO] Rule:233 - rule GTZC_S instance for project manager is applicable
2025-12-29 22:22:27,310 [INFO] Rule:233 - rule GTZC_S instance for context M33S is applicable
2025-12-29 22:22:27,310 [INFO] Rule:233 - rule GTZC_S instance value for IP GTZC is applicable
2025-12-29 22:22:27,310 [INFO] Rule:233 - rule GTZC_S instance for mcu.IP is applicable
2025-12-29 22:22:27,310 [INFO] Rule:233 - rule GTZC_S instance for VP is applicable
2025-12-29 22:22:27,310 [INFO] Rule:233 - rule GTZC_S instance for signal is applicable
2025-12-29 22:22:27,310 [INFO] Rule:233 - rule GTZC_S instance for mcu.Pin is applicable
2025-12-29 22:22:27,310 [INFO] Rule:233 - rule GTZC_S instance for VP is applicable
2025-12-29 22:22:27,310 [INFO] Rule:233 - rule GTZC_S instance for signal is applicable
2025-12-29 22:22:27,310 [INFO] Rule:233 - rule GTZC_S instance for mcu is applicable
2025-12-29 22:22:27,310 [INFO] Rule:233 - rule GTZC_S instance for mcu.Pin is applicable
2025-12-29 22:22:27,310 [INFO] Rule:233 - rule GTZC_S instance value for IP GTZC is applicable
2025-12-29 22:22:27,310 [INFO] Rule:233 - rule GTZC_S instance for project manager is applicable
2025-12-29 22:22:27,310 [INFO] Rule:233 - rule GTZC_S instance for context M33S is applicable
2025-12-29 22:22:27,310 [INFO] Rule:233 - rule GTZC_S instance for VP is applicable
2025-12-29 22:22:27,310 [INFO] Rule:233 - rule GTZC_S instance for signal is applicable
2025-12-29 22:22:27,310 [INFO] Rule:233 - rule SPDIFRX instance for mcu is applicable
2025-12-29 22:22:27,310 [INFO] Rule:233 - rule Rename Tracer Mode is applicable
2025-12-29 22:22:27,310 [INFO] Rule:233 - rule SPDIFRX instance value for IP SPDIFRX is applicable
2025-12-29 22:22:27,310 [INFO] Rule:233 - rule SPDIFRX instance for signal is applicable
2025-12-29 22:22:27,310 [INFO] Rule:233 - rule SPDIFRX instance for project manager is applicable
2025-12-29 22:22:27,310 [INFO] Rule:233 - rule SPDIFRX instance for project manager is applicable
2025-12-29 22:22:27,310 [INFO] Rule:233 - rule ADC Scan  fix with FW F7 is applicable
2025-12-29 22:22:27,310 [INFO] Rule:233 - rule ADC Scan  fix with FW F7 is applicable
2025-12-29 22:22:27,310 [INFO] Rule:233 - rule WakeUp0 Mode is applicable
2025-12-29 22:22:27,311 [INFO] Rule:233 - rule WakeUp0 SIGNAL is applicable
2025-12-29 22:22:27,311 [INFO] Rule:233 - rule WakeUp1 Mode is applicable
2025-12-29 22:22:27,311 [INFO] Rule:233 - rule WakeUp1 SIGNAL is applicable
2025-12-29 22:22:27,311 [INFO] Rule:233 - rule WakeUp2 Mode is applicable
2025-12-29 22:22:27,311 [INFO] Rule:233 - rule WakeUp2 SIGNAL is applicable
2025-12-29 22:22:27,311 [INFO] Rule:233 - rule WakeUp4 Mode is applicable
2025-12-29 22:22:27,311 [INFO] Rule:233 - rule WakeUp4 SIGNAL is applicable
2025-12-29 22:22:27,311 [INFO] Rule:233 - rule WakeUp5 Mode is applicable
2025-12-29 22:22:27,311 [INFO] Rule:233 - rule WakeUp5 SIGNAL is applicable
2025-12-29 22:22:27,311 [INFO] Rule:233 - rule UART/USART WORD LENGTH 7 is applicable
2025-12-29 22:22:27,311 [INFO] Rule:233 - rule UART/USART WORD LENGTH 8 is applicable
2025-12-29 22:22:27,311 [INFO] Rule:233 - rule UART/USART WORD LENGTH 9 is applicable
2025-12-29 22:22:27,312 [INFO] Rule:233 - rule Change Default Value for LSE Drive Capability for WB family is applicable
2025-12-29 22:22:27,313 [INFO] Rule:233 - rule Change Default Value for ADC Clock Prescaler G0 family is applicable
2025-12-29 22:22:27,313 [INFO] Rule:233 - rule ADC SamplingTime fix with FW L0  is applicable
2025-12-29 22:22:27,313 [INFO] Rule:233 - rule ADC SamplingTime fix with FW L0  is applicable
2025-12-29 22:22:27,313 [INFO] Rule:233 - rule ADC SamplingTime fix with FW L0 is applicable
2025-12-29 22:22:27,313 [INFO] Rule:233 - rule ADC SamplingTime fix with FW L0 is applicable
2025-12-29 22:22:27,313 [INFO] Rule:233 - rule ADC SamplingTime fix with FW L0  is applicable
2025-12-29 22:22:27,313 [INFO] Rule:233 - rule ADC SamplingTime fix with FW L0 is applicable
2025-12-29 22:22:27,313 [INFO] Rule:233 - rule Rename USB_OE Signal is applicable
2025-12-29 22:22:27,313 [INFO] Rule:233 - rule Rename Activate_OE Mode is applicable
2025-12-29 22:22:27,313 [INFO] Rule:233 - rule Rename DIE462/DIE415 pin PC14/OSC32_IN -> PC14-OSC32_IN (PC14) is applicable
2025-12-29 22:22:27,313 [INFO] Rule:233 - rule Rename DIE462/DIE415 pin PC15/OSC32_OUT -> PC15-OSC32_OUT (PC15) is applicable
2025-12-29 22:22:27,313 [INFO] Rule:233 - rule Rename DIE462/DIE415 pin PH0/OSC_IN -> PH0-OSC_IN (PH0) is applicable
2025-12-29 22:22:27,313 [INFO] Rule:233 - rule Rename DIE462/DIE415 pin PH1/OSC_OUT -> PH1-OSC_OUT (PH1) is applicable
2025-12-29 22:22:27,313 [INFO] Rule:233 - rule Rename DIE462 pin PA13 -> PA13 (JTMS/SWDIO) is applicable
2025-12-29 22:22:27,313 [INFO] Rule:233 - rule Rename DIE415 pin PA13 -> PA13 (JTMS/SWDIO) is applicable
2025-12-29 22:22:27,313 [INFO] Rule:233 - rule Rename DIE462 pin PA14 -> PA14 (JTCK/SWCLK) is applicable
2025-12-29 22:22:27,313 [INFO] Rule:233 - rule Rename DIE415 pin PA14 -> PA14 (JTCK/SWCLK) is applicable
2025-12-29 22:22:27,313 [INFO] Rule:233 - rule Rename DIE462/DIE415 pin PA15 -> PA15 (JTDI) is applicable
2025-12-29 22:22:27,314 [INFO] Rule:233 - rule Rename DIE462 pin PB3 -> PB3 (JTD0/TRACESWO) is applicable
2025-12-29 22:22:27,314 [INFO] Rule:233 - rule Rename DIE415 pin PB3 -> PB3 (JTD0-TRACESWO) is applicable
2025-12-29 22:22:27,314 [INFO] Rule:233 - rule Rename DIE462/DIE415 pin PB4 -> PB4 (NJTRST) is applicable
2025-12-29 22:22:27,314 [INFO] Rule:233 - rule Rename DIE462 pin PH3/BOOT0 -> PH3-BOOT0 (BOOT0) is applicable
2025-12-29 22:22:27,314 [INFO] Rule:233 - rule Rename CRYP DataEncryptionTypesList to Algorithm is applicable
2025-12-29 22:22:27,314 [INFO] Rule:233 - rule Rename AES DataEncryptionTypesList to Algorithm is applicable
2025-12-29 22:22:27,314 [INFO] Rule:233 - rule Rename TDESECB to CRYP_TDES_ECB is applicable
2025-12-29 22:22:27,314 [INFO] Rule:233 - rule Rename TDESCBC to CRYP_TDES_CBC is applicable
2025-12-29 22:22:27,314 [INFO] Rule:233 - rule Rename DESECB to CRYP_DES_ECB is applicable
2025-12-29 22:22:27,314 [INFO] Rule:233 - rule Rename DESCBC to CRYP_DES_CBC is applicable
2025-12-29 22:22:27,314 [INFO] Rule:233 - rule Rename AESECB to CRYP_AES_ECB is applicable
2025-12-29 22:22:27,314 [INFO] Rule:233 - rule Rename AESCBC to CRYP_AES_CBC is applicable
2025-12-29 22:22:27,314 [INFO] Rule:233 - rule Rename AESCTR to CRYP_AES_CTR is applicable
2025-12-29 22:22:27,314 [INFO] Rule:233 - rule Rename AESGCM to CRYP_AES_GCM is applicable
2025-12-29 22:22:27,314 [INFO] Rule:233 - rule Rename AESCCM to CRYP_AES_CCM is applicable
2025-12-29 22:22:27,314 [INFO] Rule:233 - rule Rename CAN TimeSeg1 to BS1 is applicable
2025-12-29 22:22:27,315 [INFO] Rule:233 - rule Rename CAN TimeSeg2 to BS2 is applicable
2025-12-29 22:22:27,315 [INFO] Rule:233 - rule Rename CAN SyncJumpWidth to SJW is applicable
2025-12-29 22:22:27,315 [INFO] Rule:233 - rule TimeTriggeredMode to TTCM is applicable
2025-12-29 22:22:27,315 [INFO] Rule:233 - rule Rename CAN AutoBusOff to ABOM is applicable
2025-12-29 22:22:27,315 [INFO] Rule:233 - rule Rename CAN AutoWakeUp to AWUM is applicable
2025-12-29 22:22:27,315 [INFO] Rule:233 - rule Rename CAN AutoRetransmission to NART is applicable
2025-12-29 22:22:27,315 [INFO] Rule:233 - rule Rename CAN ReceiveFifoLocked to RFLM is applicable
2025-12-29 22:22:27,315 [INFO] Rule:233 - rule Rename CAN TransmitFifoPriority to TXFP is applicable
2025-12-29 22:22:27,315 [INFO] Rule:233 - rule Rename HRTIMER HRTIM_OUTPUTFAULTLEVEL_HIGH in HRTIMER HRTIM_OUTPUTFAULTLEVEL_HIGHZ is applicable
2025-12-29 22:22:27,315 [INFO] Rule:233 - rule Rename TIMER TIM_CLEARINPUTSOURCE_OCREFCLR in  TIMER TIM_CLEARINPUTSOURCE_NONE for F7 family is applicable
2025-12-29 22:22:27,315 [INFO] Rule:233 - rule FDCAN_R1 - Rename FDCAN mode Master into Classic is applicable
2025-12-29 22:22:27,315 [INFO] Rule:233 - rule FDCAN_R2 - Rename FDCAN mode Slave into Classic is applicable
2025-12-29 22:22:27,315 [INFO] Rule:233 - rule FDCAN1_R3 - if PA10.Mode=FullDuplex, add Pin PA12 is applicable
2025-12-29 22:22:27,315 [INFO] Rule:233 - rule FDCAN1_R3 - if PA9.Mode=FullDuplex, add Pin PA11 is applicable
2025-12-29 22:22:27,315 [INFO] Rule:233 - rule FDCAN1_R3 - Alternatepin_1 - if PE1.Mode=FullDuplex, add Pin PB9 is applicable
2025-12-29 22:22:27,315 [INFO] Rule:233 - rule FDCAN1_R3 - Alternatepin_1 - if PE0.Mode=FullDuplex, add Pin PB8 is applicable
2025-12-29 22:22:27,315 [INFO] Rule:233 - rule FDCAN1_R3 - Alternatepin_2 - if PD5.Mode=FullDuplex, add Pin PD1 is applicable
2025-12-29 22:22:27,315 [INFO] Rule:233 - rule FDCAN1_R3 - Alternatepin_2 - if PD4.Mode=FullDuplex, add Pin PD0 is applicable
2025-12-29 22:22:27,315 [INFO] Rule:233 - rule FDCAN1_R4 - Rename Mode FullDuplex into Enable FDCAN_TXFD for pin PA10 is applicable
2025-12-29 22:22:27,315 [INFO] Rule:233 - rule FDCAN1_R4 - Rename Mode FullDuplex into Enable FDCAN_TXFD for pin PA9 is applicable
2025-12-29 22:22:27,315 [INFO] Rule:233 - rule FDCAN1_R4 - Alternatepin_1 - Rename Mode FullDuplex into Enable FDCAN_TXFD for pin PE1 is applicable
2025-12-29 22:22:27,315 [INFO] Rule:233 - rule FDCAN1_R4 - Alternatepin_1 - Rename Mode FullDuplex into Enable FDCAN_TXFD for pin PE0 is applicable
2025-12-29 22:22:27,315 [INFO] Rule:233 - rule FDCAN1_R4 - Alternatepin_2 - Rename Mode FullDuplex into Enable FDCAN_TXFD for pin PD5 is applicable
2025-12-29 22:22:27,315 [INFO] Rule:233 - rule FDCAN1_R4 - Alternatepin_2 - Rename Mode FullDuplex into Enable FDCAN_TXFD for pin PD4 is applicable
2025-12-29 22:22:27,315 [INFO] Rule:233 - rule FDCAN2_R3 - if PD10.Mode=FullDuplex, add Pin PB13 is applicable
2025-12-29 22:22:27,315 [INFO] Rule:233 - rule FDCAN2_R3 - if PD9.Mode=FullDuplex, add Pin PB12 is applicable
2025-12-29 22:22:27,315 [INFO] Rule:233 - rule FDCAN2_R3 - Alternatepin_1 - if PB7.Mode=FullDuplex, add Pin PB6 is applicable
2025-12-29 22:22:27,315 [INFO] Rule:233 - rule FDCAN2_R3 - Alternatepin_1 - if PD9.Mode=FullDuplex, add Pin PB12 is applicable
2025-12-29 22:22:27,316 [INFO] Rule:233 - rule FDCAN2_R4 - Rename Mode FullDuplex into Enable FDCAN_TXFD for pin PD10 is applicable
2025-12-29 22:22:27,316 [INFO] Rule:233 - rule FDCAN2_R4 - Rename Mode FullDuplex into Enable FDCAN_TXFD for pin PD9 is applicable
2025-12-29 22:22:27,316 [INFO] Rule:233 - rule FDCAN2_R4 - Alternatepin_1 - Rename Mode FullDuplex into Enable FDCAN_TXFD for pin PB7 is applicable
2025-12-29 22:22:27,316 [INFO] Rule:233 - rule FDCAN2_R4 - Alternatepin_1 - Rename Mode FullDuplex into Enable FDCAN_TXFD for pin PD6 is applicable
2025-12-29 22:22:27,316 [INFO] Rule:233 - rule USART TxPinLevelInvertParam Mode is applicable
2025-12-29 22:22:27,316 [INFO] Rule:233 - rule USART RxPinLevelInvertParam Mode is applicable
2025-12-29 22:22:27,316 [INFO] Rule:233 - rule USART DataInvertParam Mode is applicable
2025-12-29 22:22:27,316 [INFO] Rule:233 - rule USART SwapParam Mode is applicable
2025-12-29 22:22:27,316 [INFO] Rule:233 - rule USART OverrunDisableParam Mode is applicable
2025-12-29 22:22:27,316 [INFO] Rule:233 - rule USART DMADisableonRxErrorParam Mode is applicable
2025-12-29 22:22:27,316 [INFO] Rule:233 - rule USART MSBFirstParam Mode is applicable
2025-12-29 22:22:27,317 [INFO] Rule:233 - rule Update MwName for USB_DEVICE is applicable
2025-12-29 22:22:27,317 [INFO] Rule:233 - rule Change PWR_Regulator_Voltage_Scale Default Value for RCC  H7 family is applicable
2025-12-29 22:22:27,317 [INFO] Rule:233 - rule UART/USART IPParameter rename Prescaler parameter to ClockPrescaler is applicable
2025-12-29 22:22:27,317 [INFO] Rule:233 - rule UART/USART Prescaler rename Prescaler parameter to ClockPrescaler is applicable
2025-12-29 22:22:27,317 [INFO] Rule:233 - rule TIM1CLockSelection is applicable
2025-12-29 22:22:27,318 [INFO] Rule:233 - rule TIM15CLockSelection is applicable
2025-12-29 22:22:27,318 [INFO] Rule:233 - rule align RCC SDMMC3CLockSelection default value on MP1 is applicable
2025-12-29 22:22:27,318 [INFO] Rule:233 - rule align RCC SDMMC12CLockSelection default value on MP1 is applicable
2025-12-29 22:22:27,318 [INFO] Rule:233 - rule align RCC QSPICLockSelection default value on MP1 is applicable
2025-12-29 22:22:27,318 [INFO] Rule:233 - rule align RCC QSPICLockSelection default value on MP1 is applicable
2025-12-29 22:22:27,318 [INFO] Rule:233 - rule align RCC SPI6CLockSelection default value on MP1 is applicable
2025-12-29 22:22:27,318 [INFO] Rule:233 - rule align RCC LPTIM23CLockSelection default value on MP1 is applicable
2025-12-29 22:22:27,318 [INFO] Rule:233 - rule align RCC LPTIM1CLockSelection default value on MP1 is applicable
2025-12-29 22:22:27,318 [INFO] Rule:233 - rule align RCC USART1CLockSelection default value on MP1 is applicable
2025-12-29 22:22:27,318 [INFO] Rule:233 - rule align RCC USART24CLockSelection default value on MP1 is applicable
2025-12-29 22:22:27,318 [INFO] Rule:233 - rule align RCC USART6CLockSelection default value on MP1 is applicable
2025-12-29 22:22:27,319 [INFO] Rule:233 - rule align RCC UART78CLockSelection default value on MP1 is applicable
2025-12-29 22:22:27,319 [INFO] Rule:233 - rule align RCC USART35CLockSelection default value on MP1 is applicable
2025-12-29 22:22:27,319 [INFO] Rule:233 - rule align RCC SPI45CLockSelection default value on MP1 is applicable
2025-12-29 22:22:27,319 [INFO] Rule:233 - rule align RCC I2C46CLockSelection BCLK value on MP1 is applicable
2025-12-29 22:22:27,319 [INFO] Rule:233 - rule align RCC SPI45CLockSelection default value on MP1 is applicable
2025-12-29 22:22:27,319 [INFO] Rule:233 - rule align RCC I2C12CLockSelection default value on MP1 is applicable
2025-12-29 22:22:27,319 [INFO] Rule:233 - rule align RCC I2C35CLockSelection default value on MP1 is applicable
2025-12-29 22:22:27,319 [INFO] Rule:233 - rule align RCC LPTIM45CLockSelection default value on MP1 is applicable
2025-12-29 22:22:27,319 [INFO] Rule:233 - rule Rename DCMI PIXCK signal is applicable
2025-12-29 22:22:27,319 [INFO] Rule:233 - rule Change Default Value for I2C46CLockSelection MP1 family is applicable
2025-12-29 22:22:27,319 [INFO] Rule:233 - rule Change Default Value for UART for G4, G0 and WB families is applicable
2025-12-29 22:22:27,319 [INFO] Rule:233 - rule Change Default Value for USART for G4, G0 and WB families is applicable
2025-12-29 22:22:27,319 [INFO] Rule:233 - rule Change Default Value for USART for G4 family is applicable
2025-12-29 22:22:27,319 [INFO] Rule:233 - rule Change USART1CLockSelection refparam name for MP1 is applicable
2025-12-29 22:22:27,319 [INFO] Rule:233 - rule Change USART2CLockSelection refparam name for MP1 is applicable
2025-12-29 22:22:27,319 [INFO] Rule:233 - rule Change USART3CLockSelection refparam name for MP1 is applicable
2025-12-29 22:22:27,319 [INFO] Rule:233 - rule Change UART4CLockSelection refparam name for MP1 is applicable
2025-12-29 22:22:27,319 [INFO] Rule:233 - rule Change UART5CLockSelection refparam name for MP1 is applicable
2025-12-29 22:22:27,319 [INFO] Rule:233 - rule Change LPUART1CLockSelection refparam name for MP1 is applicable
2025-12-29 22:22:27,319 [INFO] Rule:233 - rule Change LPTIM1CLockSelection refparam name for MP1 is applicable
2025-12-29 22:22:27,319 [INFO] Rule:233 - rule Change LPTIM2CLockSelection refparam name for MP1 is applicable
2025-12-29 22:22:27,320 [INFO] Rule:233 - rule Change RCC_MCO1Source refparam name for MP1 is applicable
2025-12-29 22:22:27,320 [INFO] Rule:233 - rule Change LSCOSource1 refparam name for MP1 is applicable
2025-12-29 22:22:27,320 [INFO] Rule:233 - rule Change SMPSCLockSelection refparam name for MP1 is applicable
2025-12-29 22:22:27,320 [INFO] Rule:233 - rule Change LPTIM3CLockSelection refparam name for MP1 is applicable
2025-12-29 22:22:27,320 [INFO] Rule:233 - rule Change MPCBB* Default Template Mode to Parameters is applicable
2025-12-29 22:22:27,320 [INFO] Rule:233 - rule Change MPCWM* or MPCBB* Secure Mode to Parameters is applicable
2025-12-29 22:22:27,320 [INFO] Rule:233 - rule Change MPCWM* or MPCBB* No Secure Mode to Parameters is applicable
2025-12-29 22:22:27,320 [INFO] Rule:233 - rule Change TZSC IP Secure Mode to Parameters is applicable
2025-12-29 22:22:27,320 [INFO] Rule:233 - rule Change TZSC IP No Secure Mode to Parameters is applicable
2025-12-29 22:22:27,320 [INFO] Rule:233 - rule Change TZSC IP Privilege Mode to Parameters is applicable
2025-12-29 22:22:27,320 [INFO] Rule:233 - rule Change TZSC IP No Privilege Mode to Parameters is applicable
2025-12-29 22:22:27,320 [INFO] Rule:233 - rule Change TZIC IT Secure Mode to Parameters is applicable
2025-12-29 22:22:27,320 [INFO] Rule:233 - rule Change TZIC IT No Secure Mode to Parameters is applicable
2025-12-29 22:22:27,320 [INFO] Rule:233 - rule Add MPCBB1_NonSecureArea_Start_Address value with referenced to MPCBB1_NonSecureArea_Start value is applicable
2025-12-29 22:22:27,320 [INFO] Rule:233 - rule Add MPCBB2_NonSecureArea_Start_Address value with referenced to MPCBB2_NonSecureArea_Start value is applicable
2025-12-29 22:22:27,320 [INFO] Rule:233 - rule Add MPCWM1_NonSecureArea*_Start_Address value with referenced to MPCWM1_NonSecureArea*_Start value is applicable
2025-12-29 22:22:27,320 [INFO] Rule:233 - rule Add MPCWM2_NonSecureArea*_Start_Address value with referenced to MPCWM2_NonSecureArea*_Start value is applicable
2025-12-29 22:22:27,320 [INFO] Rule:233 - rule Add MPCWM3_NonSecureArea_Start_Address value with referenced to MPCWM3_NonSecureArea_Start value is applicable
2025-12-29 22:22:27,320 [INFO] Rule:233 - rule Change Default Value for PLL1UserDefinedConfig is applicable
2025-12-29 22:22:27,320 [INFO] Rule:233 - rule Change GPIO_PuPd Default Value for USART in async mode is applicable
2025-12-29 22:22:27,320 [INFO] Rule:233 - rule Change SMPSDivider Default Value is applicable
2025-12-29 22:22:27,320 [INFO] Rule:233 - rule OPAMP is applicable
2025-12-29 22:22:27,320 [INFO] Rule:233 - rule LPUART IPParameter rename Prescaler parameter to ClockPrescaler for STM32H7 is applicable
2025-12-29 22:22:27,320 [INFO] Rule:233 - rule LPUART IPParameter rename Prescaler parameter to ClockPrescaler for STM32H7 is applicable
2025-12-29 22:22:27,321 [INFO] Rule:233 - rule LPUART IPParameter rename Prescaler parameter to ClockPrescaler for STM32WB is applicable
2025-12-29 22:22:27,321 [INFO] Rule:233 - rule LPUART IPParameter rename Prescaler parameter to ClockPrescaler for STM32WB is applicable
2025-12-29 22:22:27,321 [INFO] Rule:233 - rule LPUART IPParameter rename Prescaler parameter to ClockPrescaler for STM32G4 is applicable
2025-12-29 22:22:27,321 [INFO] Rule:233 - rule LPUART IPParameter rename Prescaler parameter to ClockPrescaler for STM32G4 is applicable
2025-12-29 22:22:27,321 [INFO] Rule:233 - rule LPUART IPParameter rename Prescaler parameter to ClockPrescaler for STM32L5 is applicable
2025-12-29 22:22:27,321 [INFO] Rule:233 - rule LPUART IPParameter rename Prescaler parameter to ClockPrescaler for STM32L5 is applicable
2025-12-29 22:22:27,321 [INFO] Rule:233 - rule LPUART IPParameter rename Prescaler parameter to ClockPrescaler for STM32G4 is applicable
2025-12-29 22:22:27,321 [INFO] Rule:233 - rule LPUART IPParameter rename Prescaler parameter to ClockPrescaler for STM32G4 is applicable
2025-12-29 22:22:27,321 [INFO] Rule:233 - rule USB device lib V2.5.3 for L0 rename USBD_SUPPORT_USER_STRING parameter to USBD_SUPPORT_USER_STRING_DESC4 is applicable
2025-12-29 22:22:27,321 [INFO] Rule:233 - rule I2SCLockSelection clock entry align is applicable
2025-12-29 22:22:27,321 [INFO] Rule:233 - rule Assign TIMx context if used as SYS timebase is applicable
2025-12-29 22:22:27,321 [INFO] Rule:233 - rule Change GPIO_Pu Default Value for I2C is applicable
2025-12-29 22:22:27,321 [INFO] Rule:233 - rule Change GPIO_Pu Default Value for SMBus is applicable
2025-12-29 22:22:27,321 [INFO] Rule:233 - rule change FDCAN default value is applicable
2025-12-29 22:22:27,321 [INFO] Rule:233 - rule Change mode sai is applicable
2025-12-29 22:22:27,321 [INFO] Rule:233 - rule **Change sai mode is applicable
2025-12-29 22:22:27,321 [INFO] Rule:233 - rule Rename STM32WPAN CFG_BLE_IRK to CFG_BLE_IR is applicable
2025-12-29 22:22:27,321 [INFO] Rule:233 - rule Rename STM32WPAN CFG_BLE_ERK to CFG_BLE_ER is applicable
2025-12-29 22:22:27,321 [INFO] Rule:233 - rule Rename STM32WPAN CFG_BLE_IRK_HEX to CFG_BLE_IR_HEX is applicable
2025-12-29 22:22:27,321 [INFO] Rule:233 - rule Rename STM32WPAN CFG_BLE_ERK_HEX to CFG_BLE_ER_HEX is applicable
2025-12-29 22:22:27,321 [INFO] Rule:233 - rule Adapt Old IOC before rework replace old CORTEX_M33/CORTEX_M55 attributes by the new one. is applicable
2025-12-29 22:22:27,321 [INFO] Rule:233 - rule Rename parametre of RCC RCC_APBDBG_DIV2 to RCC_TIMPRES_DIV2 is applicable
2025-12-29 22:22:27,321 [INFO] Rule:233 - rule Rename DIE493 pin PA10 [PA12] -> PA10 is applicable
2025-12-29 22:22:27,321 [INFO] Rule:233 - rule Rename DIE493 pin PA9 [PA11] -> PA9 is applicable
2025-12-29 22:22:27,321 [INFO] Rule:233 - rule Rename DIE492 PartNumber CPN STM32WBA5MJGHx -> STM32WBA5MMGHx is applicable
2025-12-29 22:22:27,321 [INFO] Rule:233 - rule Rename DIE492 PartNumber  Name STM32WBA5MJGHx -> STM32WBA5MMGHx is applicable
2025-12-29 22:22:27,321 [INFO] Rule:233 - rule Rename DIE492 PartNumber UserName STM32WBA5MJGHx -> STM32WBA5MMGHx is applicable
2025-12-29 22:22:27,321 [INFO] Rule:233 - rule Rename DIE492 PartNumber DeviceId STM32WBA5MJGHx -> STM32WBA5MMGHx is applicable
2025-12-29 22:22:27,321 [INFO] Rule:233 - rule Adapt Old IOC CSI. is applicable
2025-12-29 22:22:27,321 [INFO] Rule:233 - rule Adapt Old IOC DCMIPP. is applicable
2025-12-29 22:22:27,321 [INFO] Rule:233 - rule Adapt Old IOC DCMIPP Mode Parallel. is applicable
2025-12-29 22:22:27,321 [INFO] Rule:233 - rule Adapt Old IOC LTDC. is applicable
2025-12-29 22:22:27,322 [INFO] Rule:233 - rule Rename STM32MP2 RIF Peripheral LTDC RIF.RISUP.LTDC_L0L1.Privilege -> RIF.RISUP.LTDC_L1L2.Privilege is applicable
2025-12-29 22:22:27,322 [INFO] Rule:233 - rule Rename STM32MP2 RIF Peripheral LTDC RIF.RISUP.LTDC_L0L1.Privilege -> RIF.RISUP.LTDC_L1L2.Privilege is applicable
2025-12-29 22:22:27,322 [INFO] Rule:233 - rule Rename STM32MP2 RIF Peripheral LTDC RIF.RISUP.LTDC_L0L1.Lock -> RIF.RISUP.LTDC_L1L2.Lock is applicable
2025-12-29 22:22:27,322 [INFO] Rule:233 - rule Rename STM32MP2 RIF Peripheral LTDC RIF.RISUP.LTDC_L2.Lock -> RIF.RISUP.LTDC_L3.Lock is applicable
2025-12-29 22:22:27,322 [INFO] Rule:233 - rule Adapt the old IOC example for updating the SYS when it is misconfigured. is applicable
2025-12-29 22:22:27,322 [INFO] Rule:233 - rule Rename STM32C09 Mcu.Package LQFP64 -> LQFP48 is applicable
2025-12-29 22:22:27,322 [INFO] Rule:233 - rule Adapt the old IOC example for updating the SYS when it is misconfigured. is applicable
2025-12-29 22:22:27,322 [INFO] Rule:233 - rule Adapt the old IOC example for updating the SYS when it is misconfigured. is applicable
2025-12-29 22:22:27,350 [INFO] DbConfProperties:307 - Apply Compatibility (38/250 Rules)
2025-12-29 22:22:27,376 [INFO] ImportTextPane:234 - (OptionalMessage_ERROR) Unable to find key (Mcu.ThirdPartyNb) in loaded IOC file
2025-12-29 22:22:27,382 [INFO] ImportTextPane:234 - (OptionalMessage_ERROR) Pin34 (VP_RIF_VS_RIF1) cannot be retrieved for this MCU
2025-12-29 22:22:27,441 [INFO] RtosManager:558 - Registered RTOS mode: class=CMSIS, group=RTOS, mode=CMSIS_V1, owner=FREERTOS
2025-12-29 22:22:27,441 [INFO] RtosManager:558 - Registered RTOS mode: class=CMSIS, group=RTOS2, mode=CMSIS_V2, owner=FREERTOS
2025-12-29 22:22:27,441 [INFO] RtosManager:558 - Registered RTOS mode: class=RTOS, group=Core, mode=CMSIS_V1, owner=FREERTOS
2025-12-29 22:22:27,441 [INFO] RtosManager:558 - Registered RTOS mode: class=RTOS, group=Core, mode=CMSIS_V2, owner=FREERTOS
2025-12-29 22:22:27,441 [WARN] ModelIntegratedComponent:184 - Missing modes for component STMicroelectronics:FreeRTOS:0.0.1:STMicroelectronics:RTOS:FreeRTOS:Core:::10.2.0:
2025-12-29 22:22:27,476 [WARN] ModelIntegratedComponent:63 - No mode defined for component null
2025-12-29 22:22:27,477 [WARN] ModelIntegratedComponent:63 - No mode defined for component null
2025-12-29 22:22:27,477 [WARN] ModelIntegratedComponent:63 - No mode defined for component null
2025-12-29 22:22:27,477 [WARN] ModelIntegratedComponent:63 - No mode defined for component null
2025-12-29 22:22:27,477 [WARN] ModelIntegratedComponent:63 - No mode defined for component null
2025-12-29 22:22:27,477 [WARN] ModelIntegratedComponent:63 - No mode defined for component null
2025-12-29 22:22:27,477 [WARN] ModelIntegratedComponent:63 - No mode defined for component null
2025-12-29 22:22:27,477 [WARN] ModelIntegratedComponent:63 - No mode defined for component null
2025-12-29 22:22:27,477 [WARN] ModelIntegratedComponent:63 - No mode defined for component null
2025-12-29 22:22:27,477 [WARN] ModelIntegratedComponent:63 - No mode defined for component null
2025-12-29 22:22:27,477 [WARN] ModelIntegratedComponent:63 - No mode defined for component null
2025-12-29 22:22:27,477 [WARN] ModelIntegratedComponent:63 - No mode defined for component null
2025-12-29 22:22:27,477 [WARN] ModelIntegratedComponent:63 - No mode defined for component null
2025-12-29 22:22:27,477 [WARN] ModelIntegratedComponent:63 - No mode defined for component null
2025-12-29 22:22:27,477 [WARN] ModelIntegratedComponent:63 - No mode defined for component null
2025-12-29 22:22:27,477 [WARN] ModelIntegratedComponent:63 - No mode defined for component null
2025-12-29 22:22:27,477 [WARN] ModelIntegratedComponent:63 - No mode defined for component null
2025-12-29 22:22:27,477 [WARN] ModelIntegratedComponent:63 - No mode defined for component null
2025-12-29 22:22:27,477 [WARN] ModelIntegratedComponent:63 - No mode defined for component null
2025-12-29 22:22:27,477 [WARN] ModelIntegratedComponent:63 - No mode defined for component null
2025-12-29 22:22:27,477 [WARN] ModelIntegratedComponent:63 - No mode defined for component null
2025-12-29 22:22:27,477 [WARN] ModelIntegratedComponent:63 - No mode defined for component null
2025-12-29 22:22:27,477 [WARN] ModelIntegratedComponent:63 - No mode defined for component null
2025-12-29 22:22:27,478 [WARN] ModelIntegratedComponent:63 - No mode defined for component null
2025-12-29 22:22:27,478 [WARN] ModelIntegratedComponent:63 - No mode defined for component null
2025-12-29 22:22:27,478 [WARN] ModelIntegratedComponent:63 - No mode defined for component null
2025-12-29 22:22:27,478 [WARN] ModelIntegratedComponent:63 - No mode defined for component null
2025-12-29 22:22:27,478 [WARN] ModelIntegratedComponent:63 - No mode defined for component null
2025-12-29 22:22:27,478 [WARN] ModelIntegratedComponent:63 - No mode defined for component null
2025-12-29 22:22:27,478 [WARN] ModelIntegratedComponent:63 - No mode defined for component null
2025-12-29 22:22:27,478 [WARN] ModelIntegratedComponent:63 - No mode defined for component null
2025-12-29 22:22:27,478 [WARN] ModelIntegratedComponent:63 - No mode defined for component null
2025-12-29 22:22:27,478 [WARN] ModelIntegratedComponent:63 - No mode defined for component null
2025-12-29 22:22:27,478 [WARN] ModelIntegratedComponent:63 - No mode defined for component null
2025-12-29 22:22:27,478 [WARN] ModelIntegratedComponent:63 - No mode defined for component null
2025-12-29 22:22:27,478 [WARN] ModelPack:524 - Component already loaded: STMicroelectronics:HAL Drivers:0.0.0:STMicroelectronics:Device:STMicro_Driver:XSPI:HAL::0.0.1:HAL_XSPI
2025-12-29 22:22:27,509 [INFO] ThirdPartyModel:298 - Start build external matchings
2025-12-29 22:22:27,574 [INFO] ThirdPartyModel:316 - End build external matchings
2025-12-29 22:22:27,982 [INFO] UtilMem:75 - End LoadConfig() Used Memory: 493769272 Bytes (853540864)
2025-12-29 22:22:28,020 [WARN] ThirdParty:833 - waiting for thirdparty lock release [change project]
2025-12-29 22:22:28,021 [INFO] ThirdParty:835 - entering critical section [change project]
2025-12-29 22:22:28,021 [INFO] ThirdParty:1030 - CMSIS Pack Vendor :STMicroelectronics X-CUBE-PM33A1 1.0.0
2025-12-29 22:22:28,021 [INFO] ThirdParty:1030 - CMSIS Pack Vendor :STMicroelectronics USBPD 4.1
2025-12-29 22:22:28,021 [INFO] ThirdParty:1030 - CMSIS Pack Vendor :STMicroelectronics X-CUBE-NFC9 1.0.0
2025-12-29 22:22:28,022 [INFO] ThirdParty:1030 - CMSIS Pack Vendor :STMicroelectronics USB_HOST 2.0.0
2025-12-29 22:22:28,022 [INFO] ThirdParty:1030 - CMSIS Pack Vendor :STMicroelectronics FP-SNS-MOTENVWB1 1.4.0
2025-12-29 22:22:28,022 [INFO] ThirdParty:1030 - CMSIS Pack Vendor :STMicroelectronics X-CUBE-AZRTOS-F4 1.1.0
2025-12-29 22:22:28,022 [INFO] ThirdParty:1030 - CMSIS Pack Vendor :STMicroelectronics LIBJPEG 8.0.0
2025-12-29 22:22:28,022 [INFO] ThirdParty:1030 - CMSIS Pack Vendor :STMicroelectronics FP-ATR-ASTRA1 2.0.2
2025-12-29 22:22:28,022 [INFO] ThirdParty:1030 - CMSIS Pack Vendor :STMicroelectronics X-CUBE-BLE1 7.1.0
2025-12-29 22:22:28,022 [INFO] ThirdParty:1030 - CMSIS Pack Vendor :STMicroelectronics X-CUBE-SMBUS 2.1.0
2025-12-29 22:22:28,022 [INFO] ThirdParty:1030 - CMSIS Pack Vendor :STMicroelectronics USB_DEVICE 3.0.0
2025-12-29 22:22:28,022 [INFO] ThirdParty:1030 - CMSIS Pack Vendor :STMicroelectronics X-CUBE-ISPU 2.1.0
2025-12-29 22:22:28,022 [INFO] ThirdParty:1030 - CMSIS Pack Vendor :STMicroelectronics X-CUBE-AZRTOS-WB 2.0.0
2025-12-29 22:22:28,022 [INFO] ThirdParty:1030 - CMSIS Pack Vendor :STMicroelectronics X-CUBE-AZRTOS-F7 1.1.0
2025-12-29 22:22:28,023 [INFO] ThirdParty:1030 - CMSIS Pack Vendor :STMicroelectronics X-CUBE-AZRTOS-L5 2.0.0
2025-12-29 22:22:28,023 [INFO] ThirdParty:1030 - CMSIS Pack Vendor :STMicroelectronics USB_DEVICE 2.0.0
2025-12-29 22:22:28,023 [INFO] ThirdParty:1030 - CMSIS Pack Vendor :STMicroelectronics X-CUBE-NFC6 3.1.0
2025-12-29 22:22:28,023 [INFO] ThirdParty:1030 - CMSIS Pack Vendor :STMicroelectronics FreeRTOS 0.0.1
2025-12-29 22:22:28,023 [INFO] ThirdParty:1030 - CMSIS Pack Vendor :STMicroelectronics X-CUBE-AZRTOS-G0 1.1.0
2025-12-29 22:22:28,023 [INFO] ThirdParty:1030 - CMSIS Pack Vendor :STMicroelectronics X-CUBE-NFC4 3.0.0
2025-12-29 22:22:28,023 [INFO] ThirdParty:1030 - CMSIS Pack Vendor :STMicroelectronics X-CUBE-SUBG2 5.0.0
2025-12-29 22:22:28,023 [INFO] ThirdParty:1030 - CMSIS Pack Vendor :STMicroelectronics STM32_WPAN 1.0.0
2025-12-29 22:22:28,023 [INFO] ThirdParty:1030 - CMSIS Pack Vendor :STMicroelectronics lwIP 2.0.3
2025-12-29 22:22:28,023 [INFO] ThirdParty:1030 - CMSIS Pack Vendor :STMicroelectronics USB_HOST 1.0.0
2025-12-29 22:22:28,023 [INFO] ThirdParty:1030 - CMSIS Pack Vendor :STMicroelectronics X-CUBE-AZRTOS-G4 2.0.0
2025-12-29 22:22:28,023 [INFO] ThirdParty:1030 - CMSIS Pack Vendor :STMicroelectronics X-CUBE-WB05N 2.0.0
2025-12-29 22:22:28,023 [INFO] ThirdParty:1030 - CMSIS Pack Vendor :STMicroelectronics PDM2PCM 3.1.0
2025-12-29 22:22:28,023 [INFO] ThirdParty:1030 - CMSIS Pack Vendor :STMicroelectronics PDM2PCM 3.3.0
2025-12-29 22:22:28,023 [INFO] ThirdParty:1030 - CMSIS Pack Vendor :STMicroelectronics X-CUBE-DISPLAY 3.0.0
2025-12-29 22:22:28,023 [INFO] ThirdParty:1030 - CMSIS Pack Vendor :STMicroelectronics X-CUBE-NFC7 2.0.0
2025-12-29 22:22:28,023 [INFO] ThirdParty:1030 - CMSIS Pack Vendor :STMicroelectronics X-CUBE-TCPP 4.2.0
2025-12-29 22:22:28,023 [INFO] ThirdParty:1030 - CMSIS Pack Vendor :STMicroelectronics FP-ATR-SIGFOX1 3.2.0
2025-12-29 22:22:28,023 [INFO] ThirdParty:1030 - CMSIS Pack Vendor :STMicroelectronics X-CUBE-NFC10 1.0.0
2025-12-29 22:22:28,023 [INFO] ThirdParty:1030 - CMSIS Pack Vendor :STMicroelectronics HAL Drivers 0.0.0
2025-12-29 22:22:28,023 [INFO] ThirdParty:1030 - CMSIS Pack Vendor :STMicroelectronics MBEDTLS 2.16.2
2025-12-29 22:22:28,023 [INFO] ThirdParty:1030 - CMSIS Pack Vendor :STMicroelectronics X-CUBE-ALS 1.0.2
2025-12-29 22:22:28,023 [INFO] ThirdParty:1030 - CMSIS Pack Vendor :STMicroelectronics MBEDTLS 2.14.1
2025-12-29 22:22:28,023 [INFO] ThirdParty:1030 - CMSIS Pack Vendor :STMicroelectronics ThreadX 1.0.0
2025-12-29 22:22:28,023 [INFO] ThirdParty:1030 - CMSIS Pack Vendor :STMicroelectronics FP-SNS-SMARTAG2 1.2.0
2025-12-29 22:22:28,023 [INFO] ThirdParty:1030 - CMSIS Pack Vendor :STMicroelectronics FP-SNS-FLIGHT1 5.1.0
2025-12-29 22:22:28,023 [INFO] ThirdParty:1030 - CMSIS Pack Vendor :STMicroelectronics X-CUBE-AZRTOS-WL 2.0.0
2025-12-29 22:22:28,023 [INFO] ThirdParty:1030 - CMSIS Pack Vendor :STMicroelectronics X-CUBE-ALGOBUILD 1.4.0
2025-12-29 22:22:28,023 [INFO] ThirdParty:1030 - CMSIS Pack Vendor :STMicroelectronics X-CUBE-DPower 1.3.0
2025-12-29 22:22:28,024 [INFO] ThirdParty:1030 - CMSIS Pack Vendor :STMicroelectronics USB_DEVICE 1.0.0
2025-12-29 22:22:28,024 [INFO] ThirdParty:1030 - CMSIS Pack Vendor :STMicroelectronics X-CUBE-AZRTOS-L4 2.0.0
2025-12-29 22:22:28,024 [INFO] ThirdParty:1030 - CMSIS Pack Vendor :STMicroelectronics ThreadX 0.0.2
2025-12-29 22:22:28,024 [INFO] ThirdParty:1030 - CMSIS Pack Vendor :STMicroelectronics lwIP 2.1.2
2025-12-29 22:22:28,024 [INFO] ThirdParty:1030 - CMSIS Pack Vendor :STMicroelectronics X-CUBE-SFXS2LP1 4.0.0
2025-12-29 22:22:28,024 [INFO] ThirdParty:1030 - CMSIS Pack Vendor :STMicroelectronics X-CUBE-BLE2 3.3.0
2025-12-29 22:22:28,024 [INFO] ThirdParty:1030 - CMSIS Pack Vendor :STMicroelectronics X-CUBE-TOF1 3.4.3
2025-12-29 22:22:28,024 [INFO] ThirdParty:1030 - CMSIS Pack Vendor :STMicroelectronics PDM2PCM 3.2.0
2025-12-29 22:22:28,024 [INFO] ThirdParty:841 - exiting critical section [change project]
2025-12-29 22:22:28,223 [INFO] PinOutPanel:1589 - setPackage(No Configuration,No Configuration)
2025-12-29 22:22:28,224 [INFO] PinOutPanel:1589 - setPackage(STM32F407VGTx,LQFP100)
2025-12-29 22:22:28,420 [INFO] UtilMem:75 - Before build in PCC Used Memory: 653147512 Bytes (853540864)
2025-12-29 22:22:28,769 [INFO] UtilMem:75 - After build in PCC Used Memory: 698236280 Bytes (853540864)
2025-12-29 22:22:28,802 [INFO] IPUIPlugin:80 - create IPUIPlugin
2025-12-29 22:22:28,802 [INFO] IPUIPlugin:80 - create IPUIPlugin
2025-12-29 22:22:28,802 [INFO] IPUIPlugin:80 - create IPUIPlugin
2025-12-29 22:22:28,802 [INFO] IPUIPlugin:80 - create IPUIPlugin
2025-12-29 22:22:28,802 [INFO] IPUIPlugin:80 - create IPUIPlugin
2025-12-29 22:22:28,802 [INFO] IPUIPlugin:80 - create IPUIPlugin
2025-12-29 22:22:28,802 [INFO] IPUIPlugin:80 - create IPUIPlugin
2025-12-29 22:22:28,802 [INFO] IPUIPlugin:80 - create IPUIPlugin
2025-12-29 22:22:28,802 [INFO] IPUIPlugin:80 - create IPUIPlugin
2025-12-29 22:22:28,803 [INFO] IPUIPlugin:80 - create IPUIPlugin
2025-12-29 22:22:28,803 [INFO] IPUIPlugin:80 - create IPUIPlugin
2025-12-29 22:22:28,803 [INFO] IPUIPlugin:80 - create IPUIPlugin
2025-12-29 22:22:28,803 [INFO] IPUIPlugin:80 - create IPUIPlugin
2025-12-29 22:22:28,803 [INFO] IPUIPlugin:80 - create IPUIPlugin
2025-12-29 22:22:28,803 [INFO] IPUIPlugin:80 - create IPUIPlugin
2025-12-29 22:22:28,803 [INFO] IPUIPlugin:80 - create IPUIPlugin
2025-12-29 22:22:28,803 [INFO] IPUIPlugin:80 - create IPUIPlugin
2025-12-29 22:22:28,803 [INFO] IPUIPlugin:80 - create IPUIPlugin
2025-12-29 22:22:28,803 [INFO] IPUIPlugin:80 - create IPUIPlugin
2025-12-29 22:22:28,803 [INFO] IPUIPlugin:80 - create IPUIPlugin
2025-12-29 22:22:28,803 [INFO] IPUIPlugin:80 - create IPUIPlugin
2025-12-29 22:22:28,803 [INFO] IPUIPlugin:80 - create IPUIPlugin
2025-12-29 22:22:28,804 [INFO] IPUIPlugin:80 - create IPUIPlugin
2025-12-29 22:22:28,804 [INFO] IPUIPlugin:80 - create IPUIPlugin
2025-12-29 22:22:28,804 [INFO] IPUIPlugin:80 - create IPUIPlugin
2025-12-29 22:22:28,804 [INFO] IPUIPlugin:80 - create IPUIPlugin
2025-12-29 22:22:28,804 [INFO] IPUIPlugin:80 - create IPUIPlugin
2025-12-29 22:22:28,804 [INFO] IPUIPlugin:80 - create IPUIPlugin
2025-12-29 22:22:28,804 [INFO] IPUIPlugin:80 - create IPUIPlugin
2025-12-29 22:22:28,804 [INFO] IPUIPlugin:80 - create IPUIPlugin
2025-12-29 22:22:28,805 [INFO] IPUIPlugin:80 - create IPUIPlugin
2025-12-29 22:22:28,805 [INFO] IPUIPlugin:80 - create IPUIPlugin
2025-12-29 22:22:28,805 [INFO] IPUIPlugin:80 - create IPUIPlugin
2025-12-29 22:22:28,805 [INFO] IPUIPlugin:80 - create IPUIPlugin
2025-12-29 22:22:28,805 [INFO] IPUIPlugin:80 - create IPUIPlugin
2025-12-29 22:22:28,806 [INFO] IPUIPlugin:80 - create IPUIPlugin
2025-12-29 22:22:28,806 [INFO] IPUIPlugin:80 - create IPUIPlugin
2025-12-29 22:22:28,806 [INFO] IPUIPlugin:80 - create IPUIPlugin
2025-12-29 22:22:28,806 [INFO] IPUIPlugin:80 - create IPUIPlugin
2025-12-29 22:22:28,806 [INFO] IPUIPlugin:80 - create IPUIPlugin
2025-12-29 22:22:28,806 [INFO] IPUIPlugin:80 - create IPUIPlugin
2025-12-29 22:22:28,806 [INFO] IPUIPlugin:80 - create IPUIPlugin
2025-12-29 22:22:28,807 [INFO] IPUIPlugin:80 - create IPUIPlugin
2025-12-29 22:22:28,807 [INFO] IPUIPlugin:80 - create IPUIPlugin
2025-12-29 22:22:28,807 [INFO] IPUIPlugin:80 - create IPUIPlugin
2025-12-29 22:22:28,808 [INFO] IPUIPlugin:80 - create IPUIPlugin
2025-12-29 22:22:28,808 [INFO] IPUIPlugin:80 - create IPUIPlugin
2025-12-29 22:22:28,808 [INFO] IPUIPlugin:80 - create IPUIPlugin
2025-12-29 22:22:28,809 [INFO] IPUIPlugin:80 - create IPUIPlugin
2025-12-29 22:22:28,809 [INFO] IPUIPlugin:80 - create IPUIPlugin
2025-12-29 22:22:28,810 [INFO] IPUIPlugin:80 - create IPUIPlugin
2025-12-29 22:22:28,810 [INFO] IPUIPlugin:80 - create IPUIPlugin
2025-12-29 22:22:28,810 [INFO] IPUIPlugin:80 - create IPUIPlugin
2025-12-29 22:22:28,811 [INFO] IPUIPlugin:80 - create IPUIPlugin
2025-12-29 22:22:28,811 [INFO] IPUIPlugin:80 - create IPUIPlugin
2025-12-29 22:22:28,812 [INFO] IPUIPlugin:80 - create IPUIPlugin
2025-12-29 22:22:28,812 [INFO] IPUIPlugin:80 - create IPUIPlugin
2025-12-29 22:22:28,813 [INFO] IPUIPlugin:80 - create IPUIPlugin
2025-12-29 22:22:28,826 [INFO] ApiDbMcu:532 - Load IP Config File for PDM2PCM
2025-12-29 22:22:28,862 [INFO] CADModel:165 - CPN selected for project levelSTM32F407VGT6
2025-12-29 22:22:28,862 [INFO] CADModel:114 - Register for checkConnection events
2025-12-29 22:22:28,925 [INFO] OpenFileManager:386 - Restore cursor
2025-12-29 22:22:29,653 [INFO] UtilMem:75 - End SaveConfig() Used Memory: 333517816 Bytes (853540864)
2025-12-29 22:22:29,759 [INFO] UtilMem:75 - End SaveConfig() Used Memory: 352707208 Bytes (853540864)
2025-12-29 22:22:30,430 [INFO] BlockDiagram:2775 - set Specific Code input for plugin: SYS
2025-12-29 22:22:30,430 [INFO] BlockDiagram:2775 - set Specific Code input for plugin: RCC
2025-12-29 22:22:30,431 [INFO] BlockDiagram:2775 - set Specific Code input for plugin: NVIC
2025-12-29 22:22:30,431 [INFO] BlockDiagram:2775 - set Specific Code input for plugin: GPIO
2025-12-29 22:22:30,433 [INFO] CodeGenerator:892 - code generatio: config db path: C:\ST\STM32CubeIDE_1.19.0\STM32CubeIDE\plugins\com.st.stm32cube.common.mx_6.15.0.202507011659\\db\
2025-12-29 22:22:30,538 [INFO] CodeEngine:265 - oldGeneratedFile, C:\Users\aditi\OneDrive\Desktop\Sunbeam_Internship\Internship_Practice_on_Board\LDR_USING_LCD\MXTmpFiles\license.tmp_save
2025-12-29 22:22:30,925 [INFO] CodeEngine:289 - Generated code: C:\Users\aditi\OneDrive\Desktop\Sunbeam_Internship\Internship_Practice_on_Board\LDR_USING_LCD\MXTmpFiles\license.tmp
2025-12-29 22:22:31,016 [INFO] CodeEngine:265 - oldGeneratedFile, C:\Users\aditi\OneDrive\Desktop\Sunbeam_Internship\Internship_Practice_on_Board\LDR_USING_LCD\MXTmpFiles\gpio.tmp_save
2025-12-29 22:22:31,240 [INFO] CodeEngine:289 - Generated code: C:\Users\aditi\OneDrive\Desktop\Sunbeam_Internship\Internship_Practice_on_Board\LDR_USING_LCD\MXTmpFiles\gpio.tmp
2025-12-29 22:22:31,306 [INFO] CodeEngine:265 - oldGeneratedFile, C:\Users\aditi\OneDrive\Desktop\Sunbeam_Internship\Internship_Practice_on_Board\LDR_USING_LCD\Core\Src\stm32f4xx_it.c_save
2025-12-29 22:22:31,674 [INFO] CodeEngine:289 - Generated code: C:\Users\aditi\OneDrive\Desktop\Sunbeam_Internship\Internship_Practice_on_Board\LDR_USING_LCD\Core\Src\stm32f4xx_it.c
2025-12-29 22:22:31,689 [INFO] CodeEngine:265 - oldGeneratedFile, C:\Users\aditi\OneDrive\Desktop\Sunbeam_Internship\Internship_Practice_on_Board\LDR_USING_LCD\Core\Inc\stm32f4xx_it.h_save
2025-12-29 22:22:31,818 [INFO] CodeEngine:289 - Generated code: C:\Users\aditi\OneDrive\Desktop\Sunbeam_Internship\Internship_Practice_on_Board\LDR_USING_LCD\Core\Inc\stm32f4xx_it.h
2025-12-29 22:22:31,847 [INFO] CodeEngine:265 - oldGeneratedFile, C:\Users\aditi\OneDrive\Desktop\Sunbeam_Internship\Internship_Practice_on_Board\LDR_USING_LCD\Core\Src\stm32f4xx_hal_msp.c_save
2025-12-29 22:22:32,017 [INFO] CodeEngine:289 - Generated code: C:\Users\aditi\OneDrive\Desktop\Sunbeam_Internship\Internship_Practice_on_Board\LDR_USING_LCD\Core\Src\stm32f4xx_hal_msp.c
2025-12-29 22:22:32,032 [INFO] CodeEngine:265 - oldGeneratedFile, C:\Users\aditi\OneDrive\Desktop\Sunbeam_Internship\Internship_Practice_on_Board\LDR_USING_LCD\MXTmpFiles\system.tmp_save
2025-12-29 22:22:32,138 [INFO] CodeEngine:289 - Generated code: C:\Users\aditi\OneDrive\Desktop\Sunbeam_Internship\Internship_Practice_on_Board\LDR_USING_LCD\MXTmpFiles\system.tmp
2025-12-29 22:22:32,164 [INFO] CodeEngine:321 - oldGeneratedFile, C:\Users\aditi\OneDrive\Desktop\Sunbeam_Internship\Internship_Practice_on_Board\LDR_USING_LCD\Core\Inc\stm32f4xx_hal_conf.h_save
2025-12-29 22:22:32,266 [INFO] CodeEngine:345 - Generated code: C:\Users\aditi\OneDrive\Desktop\Sunbeam_Internship\Internship_Practice_on_Board\LDR_USING_LCD\Core\Inc\stm32f4xx_hal_conf.h
2025-12-29 22:22:32,315 [INFO] ApiDbMcu:532 - Load IP Config File for RCC
2025-12-29 22:22:32,342 [INFO] CodeEngine:265 - oldGeneratedFile, C:\Users\aditi\OneDrive\Desktop\Sunbeam_Internship\Internship_Practice_on_Board\LDR_USING_LCD\Core\Inc\main.h_save
2025-12-29 22:22:32,517 [INFO] CodeEngine:289 - Generated code: C:\Users\aditi\OneDrive\Desktop\Sunbeam_Internship\Internship_Practice_on_Board\LDR_USING_LCD\Core\Inc\main.h
2025-12-29 22:22:32,535 [INFO] CodeEngine:265 - oldGeneratedFile, C:\Users\aditi\OneDrive\Desktop\Sunbeam_Internship\Internship_Practice_on_Board\LDR_USING_LCD\Core\Src\main.c_save
2025-12-29 22:22:32,729 [INFO] CodeEngine:289 - Generated code: C:\Users\aditi\OneDrive\Desktop\Sunbeam_Internship\Internship_Practice_on_Board\LDR_USING_LCD\Core\Src\main.c
2025-12-29 22:22:34,234 [INFO] ProjectBuilder:3606 - Time for Copy HAL[1] : 1275mS.
2025-12-29 22:22:34,273 [INFO] ProjectBuilder:5216 - Project Generator version: 4.7.0-B52
2025-12-29 22:22:34,321 [INFO] ConfigFileManager:1595 - The Die is : DIE413
2025-12-29 22:22:34,325 [INFO] ApiDbMcu:532 - Load IP Config File for FATFS
2025-12-29 22:22:34,328 [INFO] ApiDbMcu:532 - Load IP Config File for FREERTOS
2025-12-29 22:22:34,330 [INFO] ApiDbMcu:532 - Load IP Config File for LIBJPEG
2025-12-29 22:22:34,337 [INFO] ApiDbMcu:532 - Load IP Config File for LWIP
2025-12-29 22:22:34,342 [INFO] ApiDbMcu:532 - Load IP Config File for MBEDTLS
2025-12-29 22:22:34,349 [INFO] ApiDbMcu:532 - Load IP Config File for USB_DEVICE
2025-12-29 22:22:34,352 [INFO] ApiDbMcu:532 - Load IP Config File for USB_HOST
2025-12-29 22:22:37,004 [INFO] ProjectBuilder:5496 - Time for Generating toolchain IDE Files: 2731mS.
2025-12-29 22:22:37,006 [INFO] ProjectBuilder:3463 - Time for Copy CMSIS : 1mS.
2025-12-29 22:22:37,013 [INFO] ProjectBuilder:3463 - Time for Copy CMSIS : 0mS.
2025-12-29 22:22:37,822 [INFO] McuFinderGlobals:76 - Set McuFinderConnectedMode to true
2025-12-29 22:22:37,826 [INFO] ApiDb:448 - Save user favorites file C:\Users\aditi/.stm32cubeide/favorites.mcus.txt: 0 item(s)
2025-12-29 22:22:37,826 [INFO] ApiDb:452 - User favorites MCUs=[]
2025-12-29 22:22:37,828 [INFO] ApiDb:448 - Save user favorites file C:\Users\aditi/.stm32cubeide/favorites.boards.txt: 1 item(s)
2025-12-29 22:22:37,828 [INFO] ApiDb:452 - User favorites Boards=[STM32F407G-DISC1]
2025-12-29 22:22:56,300 [WARN] IP:2250 - I2C_Coeff_DF not found: check if there is a RefParameter without a condition.
2025-12-29 22:22:56,301 [WARN] IP:2250 - Analog_Filter not found: check if there is a RefParameter without a condition.
2025-12-29 22:22:56,333 [WARN] IP:2250 - I2C_Coeff_DF not found: check if there is a RefParameter without a condition.
2025-12-29 22:22:56,333 [WARN] IP:2250 - Analog_Filter not found: check if there is a RefParameter without a condition.
2025-12-29 22:22:56,333 [WARN] IP:2250 - I2C_Coeff_DF not found: check if there is a RefParameter without a condition.
2025-12-29 22:22:56,333 [WARN] IP:2250 - Analog_Filter not found: check if there is a RefParameter without a condition.
2025-12-29 22:22:56,397 [WARN] IP:2250 - I2C_Coeff_DF not found: check if there is a RefParameter without a condition.
2025-12-29 22:22:56,397 [WARN] IP:2250 - Analog_Filter not found: check if there is a RefParameter without a condition.
2025-12-29 22:22:56,399 [WARN] IP:2250 - I2C_Coeff_DF not found: check if there is a RefParameter without a condition.
2025-12-29 22:22:56,399 [WARN] IP:2250 - Analog_Filter not found: check if there is a RefParameter without a condition.
2025-12-29 22:22:56,407 [INFO] NvicIntPanel:101 - NVIC parent = com.st.microxplorer.plugins.ip.nvic.MultiNvicIntPanel[,0,0,0x0,invalid,layout=javax.swing.BoxLayout,alignmentX=0.0,alignmentY=0.0,border=,flags=9,maximumSize=,minimumSize=,preferredSize=]
2025-12-29 22:23:12,263 [WARN] IP:2250 - SMBusAnalogFilter not found: check if there is a RefParameter without a condition.
2025-12-29 22:23:12,263 [WARN] IP:2250 - SMBusOwnAddress not found: check if there is a RefParameter without a condition.
2025-12-29 22:23:12,264 [WARN] IP:2250 - SMBusAnalogFilter not found: check if there is a RefParameter without a condition.
2025-12-29 22:23:12,264 [WARN] IP:2250 - SMBusOwnAddress not found: check if there is a RefParameter without a condition.
2025-12-29 22:23:12,346 [INFO] NvicIntPanel:101 - NVIC parent = com.st.microxplorer.plugins.ip.nvic.MultiNvicIntPanel[,0,0,0x0,invalid,layout=javax.swing.BoxLayout,alignmentX=0.0,alignmentY=0.0,border=,flags=9,maximumSize=,minimumSize=,preferredSize=]
2025-12-29 22:23:12,363 [WARN] IP:2250 - SMBusAnalogFilter not found: check if there is a RefParameter without a condition.
2025-12-29 22:23:12,364 [WARN] IP:2250 - SMBusOwnAddress not found: check if there is a RefParameter without a condition.
2025-12-29 22:23:14,370 [WARN] IP:2250 - I2C_Coeff_DF not found: check if there is a RefParameter without a condition.
2025-12-29 22:23:14,370 [WARN] IP:2250 - Analog_Filter not found: check if there is a RefParameter without a condition.
2025-12-29 22:23:14,412 [WARN] IP:2250 - I2C_Coeff_DF not found: check if there is a RefParameter without a condition.
2025-12-29 22:23:14,412 [WARN] IP:2250 - Analog_Filter not found: check if there is a RefParameter without a condition.
2025-12-29 22:23:14,412 [WARN] IP:2250 - I2C_Coeff_DF not found: check if there is a RefParameter without a condition.
2025-12-29 22:23:14,412 [WARN] IP:2250 - Analog_Filter not found: check if there is a RefParameter without a condition.
2025-12-29 22:23:14,460 [INFO] NvicIntPanel:101 - NVIC parent = com.st.microxplorer.plugins.ip.nvic.MultiNvicIntPanel[,0,0,0x0,invalid,layout=javax.swing.BoxLayout,alignmentX=0.0,alignmentY=0.0,border=,flags=9,maximumSize=,minimumSize=,preferredSize=]
2025-12-29 22:23:14,543 [WARN] IP:2250 - I2C_Coeff_DF not found: check if there is a RefParameter without a condition.
2025-12-29 22:23:14,543 [WARN] IP:2250 - Analog_Filter not found: check if there is a RefParameter without a condition.
2025-12-29 22:23:14,543 [WARN] IP:2250 - I2C_Coeff_DF not found: check if there is a RefParameter without a condition.
2025-12-29 22:23:14,544 [WARN] IP:2250 - Analog_Filter not found: check if there is a RefParameter without a condition.
2025-12-29 22:23:14,598 [INFO] NvicIntPanel:101 - NVIC parent = com.st.microxplorer.plugins.ip.nvic.MultiNvicIntPanel[,0,0,0x0,invalid,layout=javax.swing.BoxLayout,alignmentX=0.0,alignmentY=0.0,border=,flags=9,maximumSize=,minimumSize=,preferredSize=]
2025-12-29 22:23:14,617 [WARN] IP:2250 - I2C_Coeff_DF not found: check if there is a RefParameter without a condition.
2025-12-29 22:23:14,618 [WARN] IP:2250 - Analog_Filter not found: check if there is a RefParameter without a condition.
2025-12-29 22:24:41,556 [INFO] UtilMem:75 - End SaveConfig() Used Memory: 609589600 Bytes (853540864)
2025-12-29 22:24:44,711 [INFO] UtilMem:75 - End SaveConfig() Used Memory: 647846632 Bytes (853540864)
2025-12-29 22:24:45,788 [INFO] UtilMem:75 - End SaveConfig() Used Memory: 695039792 Bytes (853540864)
2025-12-29 22:24:46,084 [INFO] BlockDiagram:2775 - set Specific Code input for plugin: SYS
2025-12-29 22:24:46,085 [INFO] BlockDiagram:2775 - set Specific Code input for plugin: RCC
2025-12-29 22:24:46,096 [INFO] BlockDiagram:2775 - set Specific Code input for plugin: I2C
2025-12-29 22:24:46,098 [INFO] BlockDiagram:2775 - set Specific Code input for plugin: NVIC
2025-12-29 22:24:46,100 [INFO] BlockDiagram:2775 - set Specific Code input for plugin: GPIO
2025-12-29 22:24:46,104 [INFO] CodeGenerator:892 - code generatio: config db path: C:\ST\STM32CubeIDE_1.19.0\STM32CubeIDE\plugins\com.st.stm32cube.common.mx_6.15.0.202507011659\\db\
2025-12-29 22:24:46,110 [WARN] IP:2250 - I2C_Coeff_DF not found: check if there is a RefParameter without a condition.
2025-12-29 22:24:46,110 [WARN] IP:2250 - Analog_Filter not found: check if there is a RefParameter without a condition.
2025-12-29 22:24:46,280 [INFO] CodeEngine:265 - oldGeneratedFile, C:\Users\aditi\OneDrive\Desktop\Sunbeam_Internship\Internship_Practice_on_Board\LDR_USING_LCD\MXTmpFiles\license.tmp_save
2025-12-29 22:24:46,687 [INFO] CodeEngine:289 - Generated code: C:\Users\aditi\OneDrive\Desktop\Sunbeam_Internship\Internship_Practice_on_Board\LDR_USING_LCD\MXTmpFiles\license.tmp
2025-12-29 22:24:46,767 [INFO] CodeEngine:265 - oldGeneratedFile, C:\Users\aditi\OneDrive\Desktop\Sunbeam_Internship\Internship_Practice_on_Board\LDR_USING_LCD\MXTmpFiles\gpio.tmp_save
2025-12-29 22:24:47,013 [INFO] CodeEngine:289 - Generated code: C:\Users\aditi\OneDrive\Desktop\Sunbeam_Internship\Internship_Practice_on_Board\LDR_USING_LCD\MXTmpFiles\gpio.tmp
2025-12-29 22:24:47,164 [INFO] CodeEngine:265 - oldGeneratedFile, C:\Users\aditi\OneDrive\Desktop\Sunbeam_Internship\Internship_Practice_on_Board\LDR_USING_LCD\Core\Src\stm32f4xx_it.c_save
2025-12-29 22:24:47,453 [INFO] CodeEngine:289 - Generated code: C:\Users\aditi\OneDrive\Desktop\Sunbeam_Internship\Internship_Practice_on_Board\LDR_USING_LCD\Core\Src\stm32f4xx_it.c
2025-12-29 22:24:47,477 [INFO] CodeEngine:265 - oldGeneratedFile, C:\Users\aditi\OneDrive\Desktop\Sunbeam_Internship\Internship_Practice_on_Board\LDR_USING_LCD\Core\Inc\stm32f4xx_it.h_save
2025-12-29 22:24:47,677 [INFO] CodeEngine:289 - Generated code: C:\Users\aditi\OneDrive\Desktop\Sunbeam_Internship\Internship_Practice_on_Board\LDR_USING_LCD\Core\Inc\stm32f4xx_it.h
2025-12-29 22:24:47,728 [INFO] CodeEngine:265 - oldGeneratedFile, C:\Users\aditi\OneDrive\Desktop\Sunbeam_Internship\Internship_Practice_on_Board\LDR_USING_LCD\Core\Src\stm32f4xx_hal_msp.c_save
2025-12-29 22:24:47,955 [INFO] CodeEngine:289 - Generated code: C:\Users\aditi\OneDrive\Desktop\Sunbeam_Internship\Internship_Practice_on_Board\LDR_USING_LCD\Core\Src\stm32f4xx_hal_msp.c
2025-12-29 22:24:47,975 [INFO] CodeEngine:265 - oldGeneratedFile, C:\Users\aditi\OneDrive\Desktop\Sunbeam_Internship\Internship_Practice_on_Board\LDR_USING_LCD\MXTmpFiles\system.tmp_save
2025-12-29 22:24:48,075 [INFO] CodeEngine:289 - Generated code: C:\Users\aditi\OneDrive\Desktop\Sunbeam_Internship\Internship_Practice_on_Board\LDR_USING_LCD\MXTmpFiles\system.tmp
2025-12-29 22:24:48,108 [INFO] CodeEngine:321 - oldGeneratedFile, C:\Users\aditi\OneDrive\Desktop\Sunbeam_Internship\Internship_Practice_on_Board\LDR_USING_LCD\Core\Inc\stm32f4xx_hal_conf.h_save
2025-12-29 22:24:48,230 [INFO] CodeEngine:345 - Generated code: C:\Users\aditi\OneDrive\Desktop\Sunbeam_Internship\Internship_Practice_on_Board\LDR_USING_LCD\Core\Inc\stm32f4xx_hal_conf.h
2025-12-29 22:24:48,287 [INFO] ApiDbMcu:532 - Load IP Config File for I2C1
2025-12-29 22:24:48,311 [INFO] CodeEngine:265 - oldGeneratedFile, C:\Users\aditi\OneDrive\Desktop\Sunbeam_Internship\Internship_Practice_on_Board\LDR_USING_LCD\Core\Inc\main.h_save
2025-12-29 22:24:48,446 [INFO] CodeEngine:289 - Generated code: C:\Users\aditi\OneDrive\Desktop\Sunbeam_Internship\Internship_Practice_on_Board\LDR_USING_LCD\Core\Inc\main.h
2025-12-29 22:24:48,497 [INFO] CodeEngine:265 - oldGeneratedFile, C:\Users\aditi\OneDrive\Desktop\Sunbeam_Internship\Internship_Practice_on_Board\LDR_USING_LCD\Core\Src\main.c_save
2025-12-29 22:24:48,733 [INFO] CodeEngine:289 - Generated code: C:\Users\aditi\OneDrive\Desktop\Sunbeam_Internship\Internship_Practice_on_Board\LDR_USING_LCD\Core\Src\main.c
2025-12-29 22:24:50,473 [INFO] ProjectBuilder:3606 - Time for Copy HAL[1] : 1465mS.
2025-12-29 22:24:50,481 [INFO] ProjectBuilder:5216 - Project Generator version: 4.7.0-B52
2025-12-29 22:24:50,561 [INFO] ConfigFileManager:1595 - The Die is : DIE413
2025-12-29 22:24:52,294 [INFO] ProjectBuilder:5496 - Time for Generating toolchain IDE Files: 1812mS.
2025-12-29 22:24:52,296 [INFO] ProjectBuilder:3463 - Time for Copy CMSIS : 1mS.
2025-12-29 22:24:52,305 [INFO] ProjectBuilder:3463 - Time for Copy CMSIS : 0mS.
2025-12-29 22:31:27,061 [INFO] Activator:176 - 


2025-12-29 22:31:27,063 [INFO] Activator:177 - !SESSION log4j initialized
2025-12-29 22:31:33,040 [INFO] LogOutputStream:77 - [STDOUT_REDIRECT] 
2025-12-29 22:31:34,604 [INFO] ApplicationProperties:184 - Using Application install path: C:\ST\STM32CubeIDE_1.19.0\STM32CubeIDE\plugins\com.st.stm32cube.common.mx_6.15.0.202507011659
2025-12-29 22:31:34,632 [INFO] DbMcusXml:78 - Set database path to: C:\ST\STM32CubeIDE_1.19.0\STM32CubeIDE\plugins\com.st.stm32cube.common.mx_6.15.0.202507011659\\db\/mcu/
2025-12-29 22:31:34,632 [INFO] ApiDb:274 - Set plugin database path to: C:\ST\STM32CubeIDE_1.19.0\STM32CubeIDE\plugins\com.st.stm32cube.common.mx_6.15.0.202507011659\\db\/plugins/boardmanager/
2025-12-29 22:31:34,632 [WARN] ApiDb:259 - Overriding images path with different value:  => C:\ST\STM32CubeIDE_1.19.0\STM32CubeIDE\plugins\com.st.stm32cube.common.mx_6.15.0.202507011659\\db\/plugins/mcufinder/images/
2025-12-29 22:31:34,644 [INFO] ApiDb:250 - Set database path to: C:\Users\aditi\.stmcufinder\plugins\mcufinder//mcu/
2025-12-29 22:31:34,646 [INFO] DbMcusAds:125 - Set database path to: C:\Users\aditi\.stmcufinder\plugins\mcufinder//mcu/
2025-12-29 22:31:34,649 [INFO] CrossReferenceDbSqlite:203 - Set database path to: C:\Users\aditi\.stmcufinder\plugins\mcufinder//mcu/cs/
2025-12-29 22:31:34,837 [INFO] RulesReader:64 - Compatibility file has been processed (317 Rules)
2025-12-29 22:31:35,102 [INFO] DbMcusXml:78 - Set database path to: C:\ST\STM32CubeIDE_1.19.0\STM32CubeIDE\plugins\com.st.stm32cube.common.mx_6.15.0.202507011659\\db\/mcu/
2025-12-29 22:31:35,102 [INFO] ApiDb:274 - Set plugin database path to: C:\ST\STM32CubeIDE_1.19.0\STM32CubeIDE\plugins\com.st.stm32cube.common.mx_6.15.0.202507011659\\db\/plugins/boardmanager/
2025-12-29 22:31:35,103 [INFO] ApiDb:261 - Set plugin images path to: C:\ST\STM32CubeIDE_1.19.0\STM32CubeIDE\plugins\com.st.stm32cube.common.mx_6.15.0.202507011659\\db\/plugins/mcufinder/images/
2025-12-29 22:31:35,104 [WARN] DbFile:41 - Overriding database path with different value: C:\Users\aditi\.stmcufinder\plugins\mcufinder/ => C:\Users\aditi\.stmcufinder\plugins\mcufinder
2025-12-29 22:31:35,104 [INFO] ApiDb:250 - Set database path to: C:\Users\aditi\.stmcufinder\plugins\mcufinder//mcu/
2025-12-29 22:31:35,104 [WARN] DbFile:41 - Overriding database path with different value: C:\Users\aditi\.stmcufinder\plugins\mcufinder/ => C:\Users\aditi\.stmcufinder\plugins\mcufinder
2025-12-29 22:31:35,104 [INFO] DbMcusAds:125 - Set database path to: C:\Users\aditi\.stmcufinder\plugins\mcufinder//mcu/
2025-12-29 22:31:35,104 [WARN] DbFile:41 - Overriding database path with different value: C:\Users\aditi\.stmcufinder\plugins\mcufinder/ => C:\Users\aditi\.stmcufinder\plugins\mcufinder
2025-12-29 22:31:35,104 [WARN] DbFile:41 - Overriding database path with different value: C:\Users\aditi\.stmcufinder\plugins\mcufinder/ => C:\Users\aditi\.stmcufinder\plugins\mcufinder
2025-12-29 22:31:35,105 [INFO] CrossReferenceDbSqlite:203 - Set database path to: C:\Users\aditi\.stmcufinder\plugins\mcufinder//mcu/cs/
2025-12-29 22:31:35,338 [INFO] MainPanel:274 - HeapMemory: 268435456
2025-12-29 22:31:35,668 [INFO] DbMcusXml:78 - Set database path to: C:\ST\STM32CubeIDE_1.19.0\STM32CubeIDE\plugins\com.st.stm32cube.common.mx_6.15.0.202507011659\\db\/mcu/
2025-12-29 22:31:35,668 [INFO] ApiDb:274 - Set plugin database path to: C:\ST\STM32CubeIDE_1.19.0\STM32CubeIDE\plugins\com.st.stm32cube.common.mx_6.15.0.202507011659\\db\/plugins/boardmanager/
2025-12-29 22:31:35,668 [INFO] ApiDb:261 - Set plugin images path to: C:\ST\STM32CubeIDE_1.19.0\STM32CubeIDE\plugins\com.st.stm32cube.common.mx_6.15.0.202507011659\\db\/plugins/mcufinder/images/
2025-12-29 22:31:35,671 [WARN] DbFile:41 - Overriding database path with different value: C:\Users\aditi\.stmcufinder\plugins\mcufinder/ => C:\Users\aditi\.stmcufinder\plugins\mcufinder
2025-12-29 22:31:35,671 [INFO] ApiDb:250 - Set database path to: C:\Users\aditi\.stmcufinder\plugins\mcufinder//mcu/
2025-12-29 22:31:35,671 [WARN] DbFile:41 - Overriding database path with different value: C:\Users\aditi\.stmcufinder\plugins\mcufinder/ => C:\Users\aditi\.stmcufinder\plugins\mcufinder
2025-12-29 22:31:35,671 [INFO] DbMcusAds:125 - Set database path to: C:\Users\aditi\.stmcufinder\plugins\mcufinder//mcu/
2025-12-29 22:31:35,671 [WARN] DbFile:41 - Overriding database path with different value: C:\Users\aditi\.stmcufinder\plugins\mcufinder/ => C:\Users\aditi\.stmcufinder\plugins\mcufinder
2025-12-29 22:31:35,671 [WARN] DbFile:41 - Overriding database path with different value: C:\Users\aditi\.stmcufinder\plugins\mcufinder/ => C:\Users\aditi\.stmcufinder\plugins\mcufinder
2025-12-29 22:31:35,671 [INFO] CrossReferenceDbSqlite:203 - Set database path to: C:\Users\aditi\.stmcufinder\plugins\mcufinder//mcu/cs/
2025-12-29 22:31:35,729 [INFO] ApplicationProperties:184 - Using Application install path: C:\ST\STM32CubeIDE_1.19.0\STM32CubeIDE\plugins\com.st.stm32cube.common.mx_6.15.0.202507011659
2025-12-29 22:31:35,734 [INFO] PluginManage:196 - Search for loadable plugins [exclusion list=, ]
2025-12-29 22:31:35,740 [INFO] PluginManage:310 - Check plugin analytics
2025-12-29 22:31:36,631 [INFO] AnalyticsPlugin:253 - Accepted Software Licenses: 
2025-12-29 22:31:36,631 [INFO] AnalyticsPlugin:255 - Accepted CMSIS Pack Licenses: 
2025-12-29 22:31:36,632 [INFO] AnalyticsPlugin:257 - Accepted Firmware Licenses: FW.F4.1.28.0
2025-12-29 22:31:36,641 [INFO] PluginManage:359 - Loaded plugin analytics (category:tool,tabindex:-1)
2025-12-29 22:31:36,641 [INFO] PluginManage:310 - Check plugin cadmodel
2025-12-29 22:31:36,654 [INFO] CADModel:105 - Init CAD model plugin
2025-12-29 22:31:36,654 [INFO] PluginManage:359 - Loaded plugin cadmodel (category:power,tabindex:5)
2025-12-29 22:31:36,655 [INFO] PluginManage:310 - Check plugin clock
2025-12-29 22:31:36,687 [INFO] PluginManage:359 - Loaded plugin clock (category:base,tabindex:2)
2025-12-29 22:31:36,688 [INFO] PluginManage:310 - Check plugin ddr
2025-12-29 22:31:36,698 [INFO] PluginManage:359 - Loaded plugin ddr (category:tool,tabindex:6)
2025-12-29 22:31:36,699 [INFO] PluginManage:310 - Check plugin filemanager
2025-12-29 22:31:37,192 [INFO] PluginManage:359 - Loaded plugin filemanager (category:base,tabindex:10)
2025-12-29 22:31:37,193 [INFO] PluginManage:310 - Check plugin ipmanager
2025-12-29 22:31:37,217 [INFO] PluginManage:359 - Loaded plugin ipmanager (category:base,tabindex:5)
2025-12-29 22:31:37,218 [INFO] PluginManage:310 - Check plugin lpbam
2025-12-29 22:31:37,246 [INFO] PluginManage:359 - Loaded plugin lpbam (category:base,tabindex:0)
2025-12-29 22:31:37,246 [INFO] PluginManage:310 - Check plugin memorymap
2025-12-29 22:31:37,352 [INFO] PluginManage:359 - Loaded plugin memorymap (category:base,tabindex:4)
2025-12-29 22:31:37,352 [INFO] PluginManage:310 - Check plugin pinoutandconfiguration
2025-12-29 22:31:37,393 [INFO] PluginManage:359 - Loaded plugin pinoutandconfiguration (category:base,tabindex:1)
2025-12-29 22:31:37,393 [INFO] PluginManage:310 - Check plugin pinoutconfig
2025-12-29 22:31:37,899 [WARN] SupportedApi:132 - Cannot load RTOS API schema: s4s-elt-must-match.1: The content of 'definitions' must match (annotation?, (simpleType | complexType)?, (unique | key | keyref)*)). A problem was found starting at: attribute.
2025-12-29 22:31:38,927 [INFO] PluginManage:359 - Loaded plugin pinoutconfig (category:base,tabindex:0)
2025-12-29 22:31:38,927 [INFO] PluginManage:310 - Check plugin power
2025-12-29 22:31:38,968 [INFO] PluginManage:359 - Loaded plugin power (category:power,tabindex:4)
2025-12-29 22:31:38,968 [INFO] PluginManage:310 - Check plugin projectmanager
2025-12-29 22:31:39,031 [INFO] PluginManage:359 - Loaded plugin projectmanager (category:projectmanager,tabindex:4)
2025-12-29 22:31:39,032 [INFO] PluginManage:310 - Check plugin rif
2025-12-29 22:31:39,088 [INFO] PluginManage:359 - Loaded plugin rif (category:base,tabindex:3)
2025-12-29 22:31:39,088 [INFO] PluginManage:310 - Check plugin thirdparty
2025-12-29 22:31:39,929 [WARN] IntegrityCheckThread:84 - waiting for thirdparty lock release [integrity check]
2025-12-29 22:31:39,930 [INFO] IntegrityCheckThread:86 - entering critical section [integrity check]
2025-12-29 22:31:39,931 [INFO] ThirdPartyUpdaterWithRetryManager:70 - Updater plugin not ready yet. [1/15]
2025-12-29 22:31:39,932 [INFO] PluginManage:359 - Loaded plugin thirdparty (category:base,tabindex:-1)
2025-12-29 22:31:39,932 [INFO] PluginManage:310 - Check plugin tools
2025-12-29 22:31:39,945 [INFO] PluginManage:359 - Loaded plugin tools (category:base,tabindex:7)
2025-12-29 22:31:39,945 [INFO] PluginManage:310 - Check plugin tutovideos
2025-12-29 22:31:41,003 [INFO] PluginManage:359 - Loaded plugin tutovideos (category:base,tabindex:-1)
2025-12-29 22:31:41,003 [INFO] PluginManage:310 - Check plugin updater
2025-12-29 22:31:41,050 [INFO] PluginManage:359 - Loaded plugin updater (category:base,tabindex:12)
2025-12-29 22:31:41,051 [INFO] PluginManage:310 - Check plugin userauth
2025-12-29 22:31:41,065 [INFO] UserAuth:118 - Init User Auth plugin
2025-12-29 22:31:41,070 [INFO] PluginManage:359 - Loaded plugin userauth (category:base,tabindex:14)
2025-12-29 22:31:41,073 [INFO] PluginManage:283 - PluginManage : Loaded plugins [18]
2025-12-29 22:31:41,754 [INFO] PinOutPanel:1589 - setPackage(No Configuration,No Configuration)
2025-12-29 22:31:41,962 [INFO] CADModel:165 - CPN selected for project level
2025-12-29 22:31:41,962 [INFO] CADModel:114 - Register for checkConnection events
2025-12-29 22:31:42,005 [INFO] IPUIPlugin:80 - create IPUIPlugin
2025-12-29 22:31:42,005 [INFO] PluginManager:220 - loadIPPluginJar : add adc
2025-12-29 22:31:42,012 [INFO] IPUIPlugin:80 - create IPUIPlugin
2025-12-29 22:31:42,013 [INFO] PluginManager:220 - loadIPPluginJar : add aes
2025-12-29 22:31:42,020 [INFO] IPUIPlugin:80 - create IPUIPlugin
2025-12-29 22:31:42,020 [INFO] PluginManager:220 - loadIPPluginJar : add can
2025-12-29 22:31:42,026 [INFO] IPUIPlugin:80 - create IPUIPlugin
2025-12-29 22:31:42,026 [INFO] PluginManager:220 - loadIPPluginJar : add comp
2025-12-29 22:31:42,033 [INFO] IPUIPlugin:80 - create IPUIPlugin
2025-12-29 22:31:42,033 [INFO] PluginManager:220 - loadIPPluginJar : add cryp
2025-12-29 22:31:42,040 [INFO] IPUIPlugin:80 - create IPUIPlugin
2025-12-29 22:31:42,041 [INFO] PluginManager:220 - loadIPPluginJar : add ddr_ctrl_phy
2025-12-29 22:31:42,048 [INFO] IPUIPlugin:80 - create IPUIPlugin
2025-12-29 22:31:42,049 [INFO] PluginManager:220 - loadIPPluginJar : add dfsdm
2025-12-29 22:31:42,064 [INFO] IPUIPlugin:80 - create IPUIPlugin
2025-12-29 22:31:42,067 [INFO] PluginManager:220 - loadIPPluginJar : add dma
2025-12-29 22:31:42,076 [INFO] IPUIPlugin:80 - create IPUIPlugin
2025-12-29 22:31:42,076 [INFO] PluginManager:220 - loadIPPluginJar : add dma3
2025-12-29 22:31:42,085 [INFO] IPUIPlugin:80 - create IPUIPlugin
2025-12-29 22:31:42,086 [INFO] PluginManager:220 - loadIPPluginJar : add extmemmanager
2025-12-29 22:31:42,090 [INFO] IPUIPlugin:80 - create IPUIPlugin
2025-12-29 22:31:42,091 [INFO] PluginManager:220 - loadIPPluginJar : add fatfs
2025-12-29 22:31:42,102 [INFO] IPUIPlugin:80 - create IPUIPlugin
2025-12-29 22:31:42,102 [INFO] PluginManager:220 - loadIPPluginJar : add fmc
2025-12-29 22:31:42,136 [INFO] IPUIPlugin:80 - create IPUIPlugin
2025-12-29 22:31:42,136 [INFO] PluginManager:220 - loadIPPluginJar : add freertos
2025-12-29 22:31:42,141 [INFO] IPUIPlugin:80 - create IPUIPlugin
2025-12-29 22:31:42,143 [INFO] PluginManager:220 - loadIPPluginJar : add genericplugin
2025-12-29 22:31:42,150 [INFO] IPUIPlugin:80 - create IPUIPlugin
2025-12-29 22:31:42,150 [INFO] PluginManager:220 - loadIPPluginJar : add gfxmmu
2025-12-29 22:31:42,162 [INFO] IPUIPlugin:80 - create IPUIPlugin
2025-12-29 22:31:42,163 [INFO] PluginManager:220 - loadIPPluginJar : add gic
2025-12-29 22:31:42,177 [INFO] IPUIPlugin:80 - create IPUIPlugin
2025-12-29 22:31:42,178 [INFO] PluginManager:220 - loadIPPluginJar : add gpio
2025-12-29 22:31:42,190 [INFO] IPUIPlugin:80 - create IPUIPlugin
2025-12-29 22:31:42,190 [INFO] PluginManager:220 - loadIPPluginJar : add gtzc
2025-12-29 22:31:42,197 [INFO] IPUIPlugin:80 - create IPUIPlugin
2025-12-29 22:31:42,197 [INFO] PluginManager:220 - loadIPPluginJar : add hash
2025-12-29 22:31:42,206 [INFO] IPUIPlugin:80 - create IPUIPlugin
2025-12-29 22:31:42,207 [INFO] PluginManager:220 - loadIPPluginJar : add i2c
2025-12-29 22:31:42,224 [INFO] IPUIPlugin:80 - create IPUIPlugin
2025-12-29 22:31:42,224 [INFO] PluginManager:220 - loadIPPluginJar : add i2s
2025-12-29 22:31:42,235 [INFO] IPUIPlugin:80 - create IPUIPlugin
2025-12-29 22:31:42,235 [INFO] PluginManager:220 - loadIPPluginJar : add i3c
2025-12-29 22:31:42,244 [INFO] IPUIPlugin:80 - create IPUIPlugin
2025-12-29 22:31:42,244 [INFO] PluginManager:220 - loadIPPluginJar : add ipddr
2025-12-29 22:31:42,256 [INFO] IPUIPlugin:80 - create IPUIPlugin
2025-12-29 22:31:42,257 [INFO] PluginManager:220 - loadIPPluginJar : add linkedlist
2025-12-29 22:31:42,265 [INFO] IPUIPlugin:80 - create IPUIPlugin
2025-12-29 22:31:42,265 [INFO] PluginManager:220 - loadIPPluginJar : add lorawan
2025-12-29 22:31:42,269 [INFO] IPUIPlugin:80 - create IPUIPlugin
2025-12-29 22:31:42,269 [INFO] PluginManager:220 - loadIPPluginJar : add ltdc
2025-12-29 22:31:42,282 [INFO] IPUIPlugin:80 - create IPUIPlugin
2025-12-29 22:31:42,282 [INFO] PluginManager:220 - loadIPPluginJar : add mdma
2025-12-29 22:31:42,291 [INFO] IPUIPlugin:80 - create IPUIPlugin
2025-12-29 22:31:42,292 [INFO] PluginManager:220 - loadIPPluginJar : add nvic
2025-12-29 22:31:42,301 [INFO] IPUIPlugin:80 - create IPUIPlugin
2025-12-29 22:31:42,301 [INFO] PluginManager:220 - loadIPPluginJar : add opamp
2025-12-29 22:31:42,316 [INFO] IPUIPlugin:80 - create IPUIPlugin
2025-12-29 22:31:42,316 [INFO] PluginManager:220 - loadIPPluginJar : add openamp
2025-12-29 22:31:42,327 [INFO] IPUIPlugin:80 - create IPUIPlugin
2025-12-29 22:31:42,327 [INFO] PluginManager:220 - loadIPPluginJar : add pdm2pcm
2025-12-29 22:31:42,343 [INFO] IPUIPlugin:80 - create IPUIPlugin
2025-12-29 22:31:42,354 [INFO] PluginManager:220 - loadIPPluginJar : add plateformsettings
2025-12-29 22:31:42,362 [INFO] IPUIPlugin:80 - create IPUIPlugin
2025-12-29 22:31:42,362 [INFO] PluginManager:220 - loadIPPluginJar : add quadspi
2025-12-29 22:31:42,369 [INFO] IPUIPlugin:80 - create IPUIPlugin
2025-12-29 22:31:42,371 [INFO] PluginManager:220 - loadIPPluginJar : add radio
2025-12-29 22:31:42,382 [INFO] IPUIPlugin:80 - create IPUIPlugin
2025-12-29 22:31:42,382 [INFO] PluginManager:220 - loadIPPluginJar : add resmgrutility
2025-12-29 22:31:42,396 [INFO] IPUIPlugin:80 - create IPUIPlugin
2025-12-29 22:31:42,396 [INFO] PluginManager:220 - loadIPPluginJar : add sai
2025-12-29 22:31:42,403 [INFO] IPUIPlugin:80 - create IPUIPlugin
2025-12-29 22:31:42,403 [INFO] PluginManager:220 - loadIPPluginJar : add spi
2025-12-29 22:31:42,422 [INFO] IPUIPlugin:80 - create IPUIPlugin
2025-12-29 22:31:42,422 [INFO] PluginManager:220 - loadIPPluginJar : add stm32_wpan
2025-12-29 22:31:42,428 [INFO] IPUIPlugin:80 - create IPUIPlugin
2025-12-29 22:31:42,428 [INFO] PluginManager:220 - loadIPPluginJar : add tim
2025-12-29 22:31:42,437 [INFO] IPUIPlugin:80 - create IPUIPlugin
2025-12-29 22:31:42,437 [INFO] PluginManager:220 - loadIPPluginJar : add touchsensing
2025-12-29 22:31:42,444 [INFO] IPUIPlugin:80 - create IPUIPlugin
2025-12-29 22:31:42,444 [INFO] PluginManager:220 - loadIPPluginJar : add tracer_emb
2025-12-29 22:31:42,449 [INFO] IPUIPlugin:80 - create IPUIPlugin
2025-12-29 22:31:42,449 [INFO] PluginManager:220 - loadIPPluginJar : add ts
2025-12-29 22:31:42,455 [INFO] IPUIPlugin:80 - create IPUIPlugin
2025-12-29 22:31:42,455 [INFO] PluginManager:220 - loadIPPluginJar : add tsc
2025-12-29 22:31:42,462 [INFO] IPUIPlugin:80 - create IPUIPlugin
2025-12-29 22:31:42,462 [INFO] PluginManager:220 - loadIPPluginJar : add ucpd
2025-12-29 22:31:42,470 [INFO] IPUIPlugin:80 - create IPUIPlugin
2025-12-29 22:31:42,471 [INFO] PluginManager:220 - loadIPPluginJar : add usart
2025-12-29 22:31:42,483 [INFO] IPUIPlugin:80 - create IPUIPlugin
2025-12-29 22:31:42,483 [INFO] PluginManager:220 - loadIPPluginJar : add usbx
2025-12-29 22:31:42,677 [FATAL] Updater:351 - Updater called before beeing initialized
2025-12-29 22:31:42,740 [INFO] RulesReader:64 - Compatibility file has been processed (317 Rules)
2025-12-29 22:31:42,766 [INFO] RulesReader:64 - Compatibility file has been processed (317 Rules)
2025-12-29 22:31:42,790 [INFO] CADModel:165 - CPN selected for project level
2025-12-29 22:31:42,790 [INFO] CADModel:114 - Register for checkConnection events
2025-12-29 22:31:42,790 [FATAL] Updater:351 - Updater called before beeing initialized
2025-12-29 22:31:42,791 [ERROR] CADModel:125 - Updater not yet initialized, retry later 
2025-12-29 22:31:42,933 [INFO] ThirdPartyUpdaterWithRetryManager:70 - Updater plugin not ready yet. [2/15]
2025-12-29 22:31:43,245 [FATAL] Updater:351 - Updater called before beeing initialized
2025-12-29 22:31:43,249 [INFO] CADModel:165 - CPN selected for project level
2025-12-29 22:31:43,249 [INFO] CADModel:114 - Register for checkConnection events
2025-12-29 22:31:43,250 [FATAL] Updater:351 - Updater called before beeing initialized
2025-12-29 22:31:43,250 [ERROR] CADModel:125 - Updater not yet initialized, retry later 
2025-12-29 22:31:43,257 [FATAL] Updater:351 - Updater called before beeing initialized
2025-12-29 22:31:43,492 [FATAL] Updater:351 - Updater called before beeing initialized
2025-12-29 22:31:43,522 [INFO] DbMcusAds:53 - JSON generation date=Tue Dec 16 04:41:46 IST 2025 (1765840306612)
2025-12-29 22:31:43,523 [FATAL] Updater:351 - Updater called before beeing initialized
2025-12-29 22:31:43,638 [WARN] DetailPanel:346 - Failed to get advertising image, set to default
2025-12-29 22:31:43,840 [FATAL] Updater:351 - Updater called before beeing initialized
2025-12-29 22:31:43,850 [FATAL] Updater:351 - Updater called before beeing initialized
2025-12-29 22:31:43,851 [FATAL] Updater:351 - Updater called before beeing initialized
2025-12-29 22:31:43,851 [WARN] DetailPanel:346 - Failed to get advertising image, set to default
2025-12-29 22:31:43,852 [FATAL] Updater:351 - Updater called before beeing initialized
2025-12-29 22:31:44,009 [ERROR] Updater:1198 - MainUpdater not yet initialized. External WinMGr cannot be set.
2025-12-29 22:31:44,023 [INFO] Updater:1134 - Updater Version found : 6.15.0
2025-12-29 22:31:44,090 [INFO] ApplicationProperties:184 - Using Application install path: C:\ST\STM32CubeIDE_1.19.0\STM32CubeIDE\plugins\com.st.stm32cube.common.mx_6.15.0.202507011659
2025-12-29 22:31:45,734 [ERROR] LogOutputStream:75 - [STDERR_REDIRECT] Dec 29, 2025 10:31:45 PM java.util.prefs.WindowsPreferences <init>
2025-12-29 22:31:45,737 [ERROR] LogOutputStream:75 - [STDERR_REDIRECT] WARNING: Could not open/create prefs root node Software\JavaSoft\Prefs at root 0xffffffff80000002. Windows RegCreateKeyEx(...) returned error code 5.
2025-12-29 22:31:45,738 [ERROR] LogOutputStream:75 - [STDERR_REDIRECT] 
2025-12-29 22:31:45,936 [FATAL] Updater:351 - Updater called before beeing initialized
2025-12-29 22:31:45,938 [ERROR] IntegrityCheckThread:130 - Cannot retrieve database content from updater: error 21
2025-12-29 22:31:45,938 [INFO] ThirdParty:978 - Integrity check success = false
2025-12-29 22:31:45,938 [INFO] IntegrityCheckThread:100 - exiting critical section [integrity check]
2025-12-29 22:31:45,939 [INFO] IntegrityCheckThread:103 - End integrity checks thread
2025-12-29 22:31:46,867 [INFO] MainUpdater:2872 - connection check result : 10
2025-12-29 22:31:46,869 [INFO] MainUpdater:289 - Updater Check For Update Now.
2025-12-29 22:31:46,870 [INFO] MicroXplorer:498 - Change Database Version : DB.6.0.150
2025-12-29 22:31:46,920 [INFO] McuFinderGlobals:63 - Set McuFinder mode to 2 (CubeIDE integrated)
2025-12-29 22:31:46,921 [INFO] UserAuth:487 - Internet connection configuration mode: 1
2025-12-29 22:31:47,015 [INFO] JxBrowserEngine:152 - Initiate JxBrowser Engine with user profile folder
2025-12-29 22:31:47,119 [INFO] CheckServerUpdateThread:120 - End of CheckServer Thread
2025-12-29 22:31:48,595 [INFO] WebApp:169 - Instantiating new browser for Auth
2025-12-29 22:31:49,519 [INFO] WebApp:463 - Apply proxy settings
2025-12-29 22:31:49,519 [INFO] WebApp:548 - Chromium requires no authentication
2025-12-29 22:31:49,542 [INFO] WebApp:491 - Direct internet connection detected
2025-12-29 22:31:49,574 [INFO] WebApp:900 - Register for checkConnection events
2025-12-29 22:31:49,574 [INFO] WebApp:463 - Apply proxy settings
2025-12-29 22:31:49,574 [INFO] WebApp:548 - Chromium requires no authentication
2025-12-29 22:31:49,575 [INFO] WebApp:491 - Direct internet connection detected
2025-12-29 22:31:49,777 [INFO] WebApp:225 - Starting web application
2025-12-29 22:31:49,777 [INFO] WebApp:593 - Web application path used C:\ST\STM32CubeIDE_1.19.0\STM32CubeIDE\plugins\com.st.stm32cube.common.mx_6.15.0.202507011659\db\plugins\mcufinder\reactClient1\index.html
2025-12-29 22:31:49,897 [INFO] UserAuth:487 - Internet connection configuration mode: 1
2025-12-29 22:31:50,232 [INFO] WebApp:191 - Connection restablished
2025-12-29 22:31:51,424 [ERROR] LogOutputStream:75 - [STDERR_REDIRECT] 
2025-12-29 22:31:51,431 [ERROR] LogOutputStream:75 - [STDERR_REDIRECT] 
2025-12-29 22:32:04,567 [INFO] Activator:176 - 


2025-12-29 22:32:04,569 [INFO] Activator:177 - !SESSION log4j initialized
2025-12-29 22:32:08,369 [INFO] LogOutputStream:77 - [STDOUT_REDIRECT] 
2025-12-29 22:32:12,146 [INFO] ApplicationProperties:184 - Using Application install path: C:\ST\STM32CubeIDE_1.19.0\STM32CubeIDE\plugins\com.st.stm32cube.common.mx_6.15.0.202507011659
2025-12-29 22:32:12,194 [INFO] DbMcusXml:78 - Set database path to: C:\ST\STM32CubeIDE_1.19.0\STM32CubeIDE\plugins\com.st.stm32cube.common.mx_6.15.0.202507011659\\db\/mcu/
2025-12-29 22:32:12,194 [INFO] ApiDb:274 - Set plugin database path to: C:\ST\STM32CubeIDE_1.19.0\STM32CubeIDE\plugins\com.st.stm32cube.common.mx_6.15.0.202507011659\\db\/plugins/boardmanager/
2025-12-29 22:32:12,195 [WARN] ApiDb:259 - Overriding images path with different value:  => C:\ST\STM32CubeIDE_1.19.0\STM32CubeIDE\plugins\com.st.stm32cube.common.mx_6.15.0.202507011659\\db\/plugins/mcufinder/images/
2025-12-29 22:32:12,213 [INFO] ApiDb:250 - Set database path to: C:\Users\aditi\.stmcufinder\plugins\mcufinder//mcu/
2025-12-29 22:32:12,217 [INFO] DbMcusAds:125 - Set database path to: C:\Users\aditi\.stmcufinder\plugins\mcufinder//mcu/
2025-12-29 22:32:12,230 [INFO] CrossReferenceDbSqlite:203 - Set database path to: C:\Users\aditi\.stmcufinder\plugins\mcufinder//mcu/cs/
2025-12-29 22:32:12,870 [INFO] RulesReader:64 - Compatibility file has been processed (317 Rules)
2025-12-29 22:32:13,223 [INFO] DbMcusXml:78 - Set database path to: C:\ST\STM32CubeIDE_1.19.0\STM32CubeIDE\plugins\com.st.stm32cube.common.mx_6.15.0.202507011659\\db\/mcu/
2025-12-29 22:32:13,223 [INFO] ApiDb:274 - Set plugin database path to: C:\ST\STM32CubeIDE_1.19.0\STM32CubeIDE\plugins\com.st.stm32cube.common.mx_6.15.0.202507011659\\db\/plugins/boardmanager/
2025-12-29 22:32:13,223 [INFO] ApiDb:261 - Set plugin images path to: C:\ST\STM32CubeIDE_1.19.0\STM32CubeIDE\plugins\com.st.stm32cube.common.mx_6.15.0.202507011659\\db\/plugins/mcufinder/images/
2025-12-29 22:32:13,224 [WARN] DbFile:41 - Overriding database path with different value: C:\Users\aditi\.stmcufinder\plugins\mcufinder/ => C:\Users\aditi\.stmcufinder\plugins\mcufinder
2025-12-29 22:32:13,224 [INFO] ApiDb:250 - Set database path to: C:\Users\aditi\.stmcufinder\plugins\mcufinder//mcu/
2025-12-29 22:32:13,224 [WARN] DbFile:41 - Overriding database path with different value: C:\Users\aditi\.stmcufinder\plugins\mcufinder/ => C:\Users\aditi\.stmcufinder\plugins\mcufinder
2025-12-29 22:32:13,224 [INFO] DbMcusAds:125 - Set database path to: C:\Users\aditi\.stmcufinder\plugins\mcufinder//mcu/
2025-12-29 22:32:13,224 [WARN] DbFile:41 - Overriding database path with different value: C:\Users\aditi\.stmcufinder\plugins\mcufinder/ => C:\Users\aditi\.stmcufinder\plugins\mcufinder
2025-12-29 22:32:13,225 [WARN] DbFile:41 - Overriding database path with different value: C:\Users\aditi\.stmcufinder\plugins\mcufinder/ => C:\Users\aditi\.stmcufinder\plugins\mcufinder
2025-12-29 22:32:13,225 [INFO] CrossReferenceDbSqlite:203 - Set database path to: C:\Users\aditi\.stmcufinder\plugins\mcufinder//mcu/cs/
2025-12-29 22:32:13,449 [INFO] MainPanel:274 - HeapMemory: 268435456
2025-12-29 22:32:13,833 [INFO] DbMcusXml:78 - Set database path to: C:\ST\STM32CubeIDE_1.19.0\STM32CubeIDE\plugins\com.st.stm32cube.common.mx_6.15.0.202507011659\\db\/mcu/
2025-12-29 22:32:13,833 [INFO] ApiDb:274 - Set plugin database path to: C:\ST\STM32CubeIDE_1.19.0\STM32CubeIDE\plugins\com.st.stm32cube.common.mx_6.15.0.202507011659\\db\/plugins/boardmanager/
2025-12-29 22:32:13,833 [INFO] ApiDb:261 - Set plugin images path to: C:\ST\STM32CubeIDE_1.19.0\STM32CubeIDE\plugins\com.st.stm32cube.common.mx_6.15.0.202507011659\\db\/plugins/mcufinder/images/
2025-12-29 22:32:13,835 [WARN] DbFile:41 - Overriding database path with different value: C:\Users\aditi\.stmcufinder\plugins\mcufinder/ => C:\Users\aditi\.stmcufinder\plugins\mcufinder
2025-12-29 22:32:13,836 [INFO] ApiDb:250 - Set database path to: C:\Users\aditi\.stmcufinder\plugins\mcufinder//mcu/
2025-12-29 22:32:13,836 [WARN] DbFile:41 - Overriding database path with different value: C:\Users\aditi\.stmcufinder\plugins\mcufinder/ => C:\Users\aditi\.stmcufinder\plugins\mcufinder
2025-12-29 22:32:13,836 [INFO] DbMcusAds:125 - Set database path to: C:\Users\aditi\.stmcufinder\plugins\mcufinder//mcu/
2025-12-29 22:32:13,836 [WARN] DbFile:41 - Overriding database path with different value: C:\Users\aditi\.stmcufinder\plugins\mcufinder/ => C:\Users\aditi\.stmcufinder\plugins\mcufinder
2025-12-29 22:32:13,836 [WARN] DbFile:41 - Overriding database path with different value: C:\Users\aditi\.stmcufinder\plugins\mcufinder/ => C:\Users\aditi\.stmcufinder\plugins\mcufinder
2025-12-29 22:32:13,837 [INFO] CrossReferenceDbSqlite:203 - Set database path to: C:\Users\aditi\.stmcufinder\plugins\mcufinder//mcu/cs/
2025-12-29 22:32:13,892 [INFO] ApplicationProperties:184 - Using Application install path: C:\ST\STM32CubeIDE_1.19.0\STM32CubeIDE\plugins\com.st.stm32cube.common.mx_6.15.0.202507011659
2025-12-29 22:32:13,897 [INFO] PluginManage:196 - Search for loadable plugins [exclusion list=, ]
2025-12-29 22:32:13,905 [INFO] PluginManage:310 - Check plugin analytics
2025-12-29 22:32:14,831 [INFO] AnalyticsPlugin:253 - Accepted Software Licenses: 
2025-12-29 22:32:14,831 [INFO] AnalyticsPlugin:255 - Accepted CMSIS Pack Licenses: 
2025-12-29 22:32:14,831 [INFO] AnalyticsPlugin:257 - Accepted Firmware Licenses: FW.F4.1.28.0
2025-12-29 22:32:14,840 [INFO] PluginManage:359 - Loaded plugin analytics (category:tool,tabindex:-1)
2025-12-29 22:32:14,840 [INFO] PluginManage:310 - Check plugin cadmodel
2025-12-29 22:32:14,850 [INFO] CADModel:105 - Init CAD model plugin
2025-12-29 22:32:14,851 [INFO] PluginManage:359 - Loaded plugin cadmodel (category:power,tabindex:5)
2025-12-29 22:32:14,852 [INFO] PluginManage:310 - Check plugin clock
2025-12-29 22:32:14,879 [INFO] PluginManage:359 - Loaded plugin clock (category:base,tabindex:2)
2025-12-29 22:32:14,880 [INFO] PluginManage:310 - Check plugin ddr
2025-12-29 22:32:14,889 [INFO] PluginManage:359 - Loaded plugin ddr (category:tool,tabindex:6)
2025-12-29 22:32:14,890 [INFO] PluginManage:310 - Check plugin filemanager
2025-12-29 22:32:15,403 [INFO] PluginManage:359 - Loaded plugin filemanager (category:base,tabindex:10)
2025-12-29 22:32:15,403 [INFO] PluginManage:310 - Check plugin ipmanager
2025-12-29 22:32:15,429 [INFO] PluginManage:359 - Loaded plugin ipmanager (category:base,tabindex:5)
2025-12-29 22:32:15,429 [INFO] PluginManage:310 - Check plugin lpbam
2025-12-29 22:32:15,463 [INFO] PluginManage:359 - Loaded plugin lpbam (category:base,tabindex:0)
2025-12-29 22:32:15,463 [INFO] PluginManage:310 - Check plugin memorymap
2025-12-29 22:32:15,548 [INFO] PluginManage:359 - Loaded plugin memorymap (category:base,tabindex:4)
2025-12-29 22:32:15,548 [INFO] PluginManage:310 - Check plugin pinoutandconfiguration
2025-12-29 22:32:15,577 [INFO] PluginManage:359 - Loaded plugin pinoutandconfiguration (category:base,tabindex:1)
2025-12-29 22:32:15,577 [INFO] PluginManage:310 - Check plugin pinoutconfig
2025-12-29 22:32:15,932 [WARN] SupportedApi:132 - Cannot load RTOS API schema: s4s-elt-must-match.1: The content of 'definitions' must match (annotation?, (simpleType | complexType)?, (unique | key | keyref)*)). A problem was found starting at: attribute.
2025-12-29 22:32:16,673 [INFO] PluginManage:359 - Loaded plugin pinoutconfig (category:base,tabindex:0)
2025-12-29 22:32:16,673 [INFO] PluginManage:310 - Check plugin power
2025-12-29 22:32:16,699 [INFO] PluginManage:359 - Loaded plugin power (category:power,tabindex:4)
2025-12-29 22:32:16,699 [INFO] PluginManage:310 - Check plugin projectmanager
2025-12-29 22:32:16,742 [INFO] PluginManage:359 - Loaded plugin projectmanager (category:projectmanager,tabindex:4)
2025-12-29 22:32:16,742 [INFO] PluginManage:310 - Check plugin rif
2025-12-29 22:32:16,792 [INFO] PluginManage:359 - Loaded plugin rif (category:base,tabindex:3)
2025-12-29 22:32:16,792 [INFO] PluginManage:310 - Check plugin thirdparty
2025-12-29 22:32:17,327 [WARN] IntegrityCheckThread:84 - waiting for thirdparty lock release [integrity check]
2025-12-29 22:32:17,328 [INFO] IntegrityCheckThread:86 - entering critical section [integrity check]
2025-12-29 22:32:17,328 [INFO] ThirdPartyUpdaterWithRetryManager:70 - Updater plugin not ready yet. [1/15]
2025-12-29 22:32:17,329 [INFO] PluginManage:359 - Loaded plugin thirdparty (category:base,tabindex:-1)
2025-12-29 22:32:17,329 [INFO] PluginManage:310 - Check plugin tools
2025-12-29 22:32:17,339 [INFO] PluginManage:359 - Loaded plugin tools (category:base,tabindex:7)
2025-12-29 22:32:17,340 [INFO] PluginManage:310 - Check plugin tutovideos
2025-12-29 22:32:18,544 [INFO] PluginManage:359 - Loaded plugin tutovideos (category:base,tabindex:-1)
2025-12-29 22:32:18,545 [INFO] PluginManage:310 - Check plugin updater
2025-12-29 22:32:18,596 [INFO] PluginManage:359 - Loaded plugin updater (category:base,tabindex:12)
2025-12-29 22:32:18,596 [INFO] PluginManage:310 - Check plugin userauth
2025-12-29 22:32:18,612 [INFO] UserAuth:118 - Init User Auth plugin
2025-12-29 22:32:18,616 [INFO] PluginManage:359 - Loaded plugin userauth (category:base,tabindex:14)
2025-12-29 22:32:18,618 [INFO] PluginManage:283 - PluginManage : Loaded plugins [18]
2025-12-29 22:32:19,408 [INFO] PinOutPanel:1589 - setPackage(No Configuration,No Configuration)
2025-12-29 22:32:19,688 [INFO] CADModel:165 - CPN selected for project level
2025-12-29 22:32:19,689 [INFO] CADModel:114 - Register for checkConnection events
2025-12-29 22:32:19,739 [INFO] IPUIPlugin:80 - create IPUIPlugin
2025-12-29 22:32:19,739 [INFO] PluginManager:220 - loadIPPluginJar : add adc
2025-12-29 22:32:19,749 [INFO] IPUIPlugin:80 - create IPUIPlugin
2025-12-29 22:32:19,750 [INFO] PluginManager:220 - loadIPPluginJar : add aes
2025-12-29 22:32:19,758 [INFO] IPUIPlugin:80 - create IPUIPlugin
2025-12-29 22:32:19,758 [INFO] PluginManager:220 - loadIPPluginJar : add can
2025-12-29 22:32:19,764 [INFO] IPUIPlugin:80 - create IPUIPlugin
2025-12-29 22:32:19,764 [INFO] PluginManager:220 - loadIPPluginJar : add comp
2025-12-29 22:32:19,772 [INFO] IPUIPlugin:80 - create IPUIPlugin
2025-12-29 22:32:19,772 [INFO] PluginManager:220 - loadIPPluginJar : add cryp
2025-12-29 22:32:19,783 [INFO] IPUIPlugin:80 - create IPUIPlugin
2025-12-29 22:32:19,783 [INFO] PluginManager:220 - loadIPPluginJar : add ddr_ctrl_phy
2025-12-29 22:32:19,790 [INFO] IPUIPlugin:80 - create IPUIPlugin
2025-12-29 22:32:19,791 [INFO] PluginManager:220 - loadIPPluginJar : add dfsdm
2025-12-29 22:32:19,808 [INFO] IPUIPlugin:80 - create IPUIPlugin
2025-12-29 22:32:19,812 [INFO] PluginManager:220 - loadIPPluginJar : add dma
2025-12-29 22:32:19,824 [INFO] IPUIPlugin:80 - create IPUIPlugin
2025-12-29 22:32:19,825 [INFO] PluginManager:220 - loadIPPluginJar : add dma3
2025-12-29 22:32:19,833 [INFO] IPUIPlugin:80 - create IPUIPlugin
2025-12-29 22:32:19,834 [INFO] PluginManager:220 - loadIPPluginJar : add extmemmanager
2025-12-29 22:32:19,839 [INFO] IPUIPlugin:80 - create IPUIPlugin
2025-12-29 22:32:19,839 [INFO] PluginManager:220 - loadIPPluginJar : add fatfs
2025-12-29 22:32:19,852 [INFO] IPUIPlugin:80 - create IPUIPlugin
2025-12-29 22:32:19,853 [INFO] PluginManager:220 - loadIPPluginJar : add fmc
2025-12-29 22:32:19,885 [INFO] IPUIPlugin:80 - create IPUIPlugin
2025-12-29 22:32:19,885 [INFO] PluginManager:220 - loadIPPluginJar : add freertos
2025-12-29 22:32:19,890 [INFO] IPUIPlugin:80 - create IPUIPlugin
2025-12-29 22:32:19,890 [INFO] PluginManager:220 - loadIPPluginJar : add genericplugin
2025-12-29 22:32:19,900 [INFO] IPUIPlugin:80 - create IPUIPlugin
2025-12-29 22:32:19,901 [INFO] PluginManager:220 - loadIPPluginJar : add gfxmmu
2025-12-29 22:32:19,912 [INFO] IPUIPlugin:80 - create IPUIPlugin
2025-12-29 22:32:19,913 [INFO] PluginManager:220 - loadIPPluginJar : add gic
2025-12-29 22:32:19,924 [INFO] IPUIPlugin:80 - create IPUIPlugin
2025-12-29 22:32:19,925 [INFO] PluginManager:220 - loadIPPluginJar : add gpio
2025-12-29 22:32:19,934 [INFO] IPUIPlugin:80 - create IPUIPlugin
2025-12-29 22:32:19,934 [INFO] PluginManager:220 - loadIPPluginJar : add gtzc
2025-12-29 22:32:19,942 [INFO] IPUIPlugin:80 - create IPUIPlugin
2025-12-29 22:32:19,942 [INFO] PluginManager:220 - loadIPPluginJar : add hash
2025-12-29 22:32:19,950 [INFO] IPUIPlugin:80 - create IPUIPlugin
2025-12-29 22:32:19,950 [INFO] PluginManager:220 - loadIPPluginJar : add i2c
2025-12-29 22:32:19,958 [INFO] IPUIPlugin:80 - create IPUIPlugin
2025-12-29 22:32:19,958 [INFO] PluginManager:220 - loadIPPluginJar : add i2s
2025-12-29 22:32:19,969 [INFO] IPUIPlugin:80 - create IPUIPlugin
2025-12-29 22:32:19,969 [INFO] PluginManager:220 - loadIPPluginJar : add i3c
2025-12-29 22:32:19,976 [INFO] IPUIPlugin:80 - create IPUIPlugin
2025-12-29 22:32:19,977 [INFO] PluginManager:220 - loadIPPluginJar : add ipddr
2025-12-29 22:32:19,989 [INFO] IPUIPlugin:80 - create IPUIPlugin
2025-12-29 22:32:19,990 [INFO] PluginManager:220 - loadIPPluginJar : add linkedlist
2025-12-29 22:32:20,000 [INFO] IPUIPlugin:80 - create IPUIPlugin
2025-12-29 22:32:20,000 [INFO] PluginManager:220 - loadIPPluginJar : add lorawan
2025-12-29 22:32:20,006 [INFO] IPUIPlugin:80 - create IPUIPlugin
2025-12-29 22:32:20,006 [INFO] PluginManager:220 - loadIPPluginJar : add ltdc
2025-12-29 22:32:20,022 [INFO] IPUIPlugin:80 - create IPUIPlugin
2025-12-29 22:32:20,022 [INFO] PluginManager:220 - loadIPPluginJar : add mdma
2025-12-29 22:32:20,031 [INFO] IPUIPlugin:80 - create IPUIPlugin
2025-12-29 22:32:20,031 [INFO] PluginManager:220 - loadIPPluginJar : add nvic
2025-12-29 22:32:20,039 [INFO] IPUIPlugin:80 - create IPUIPlugin
2025-12-29 22:32:20,039 [INFO] PluginManager:220 - loadIPPluginJar : add opamp
2025-12-29 22:32:20,047 [INFO] IPUIPlugin:80 - create IPUIPlugin
2025-12-29 22:32:20,048 [INFO] PluginManager:220 - loadIPPluginJar : add openamp
2025-12-29 22:32:20,056 [INFO] IPUIPlugin:80 - create IPUIPlugin
2025-12-29 22:32:20,056 [INFO] PluginManager:220 - loadIPPluginJar : add pdm2pcm
2025-12-29 22:32:20,070 [INFO] IPUIPlugin:80 - create IPUIPlugin
2025-12-29 22:32:20,081 [INFO] PluginManager:220 - loadIPPluginJar : add plateformsettings
2025-12-29 22:32:20,087 [INFO] IPUIPlugin:80 - create IPUIPlugin
2025-12-29 22:32:20,087 [INFO] PluginManager:220 - loadIPPluginJar : add quadspi
2025-12-29 22:32:20,094 [INFO] IPUIPlugin:80 - create IPUIPlugin
2025-12-29 22:32:20,096 [INFO] PluginManager:220 - loadIPPluginJar : add radio
2025-12-29 22:32:20,105 [INFO] IPUIPlugin:80 - create IPUIPlugin
2025-12-29 22:32:20,105 [INFO] PluginManager:220 - loadIPPluginJar : add resmgrutility
2025-12-29 22:32:20,119 [INFO] IPUIPlugin:80 - create IPUIPlugin
2025-12-29 22:32:20,119 [INFO] PluginManager:220 - loadIPPluginJar : add sai
2025-12-29 22:32:20,127 [INFO] IPUIPlugin:80 - create IPUIPlugin
2025-12-29 22:32:20,127 [INFO] PluginManager:220 - loadIPPluginJar : add spi
2025-12-29 22:32:20,153 [INFO] IPUIPlugin:80 - create IPUIPlugin
2025-12-29 22:32:20,153 [INFO] PluginManager:220 - loadIPPluginJar : add stm32_wpan
2025-12-29 22:32:20,160 [INFO] IPUIPlugin:80 - create IPUIPlugin
2025-12-29 22:32:20,160 [INFO] PluginManager:220 - loadIPPluginJar : add tim
2025-12-29 22:32:20,168 [INFO] IPUIPlugin:80 - create IPUIPlugin
2025-12-29 22:32:20,168 [INFO] PluginManager:220 - loadIPPluginJar : add touchsensing
2025-12-29 22:32:20,175 [INFO] IPUIPlugin:80 - create IPUIPlugin
2025-12-29 22:32:20,175 [INFO] PluginManager:220 - loadIPPluginJar : add tracer_emb
2025-12-29 22:32:20,181 [INFO] IPUIPlugin:80 - create IPUIPlugin
2025-12-29 22:32:20,181 [INFO] PluginManager:220 - loadIPPluginJar : add ts
2025-12-29 22:32:20,186 [INFO] IPUIPlugin:80 - create IPUIPlugin
2025-12-29 22:32:20,187 [INFO] PluginManager:220 - loadIPPluginJar : add tsc
2025-12-29 22:32:20,192 [INFO] IPUIPlugin:80 - create IPUIPlugin
2025-12-29 22:32:20,193 [INFO] PluginManager:220 - loadIPPluginJar : add ucpd
2025-12-29 22:32:20,201 [INFO] IPUIPlugin:80 - create IPUIPlugin
2025-12-29 22:32:20,202 [INFO] PluginManager:220 - loadIPPluginJar : add usart
2025-12-29 22:32:20,210 [INFO] IPUIPlugin:80 - create IPUIPlugin
2025-12-29 22:32:20,210 [INFO] PluginManager:220 - loadIPPluginJar : add usbx
2025-12-29 22:32:20,330 [INFO] ThirdPartyUpdaterWithRetryManager:70 - Updater plugin not ready yet. [2/15]
2025-12-29 22:32:20,372 [FATAL] Updater:351 - Updater called before beeing initialized
2025-12-29 22:32:20,437 [INFO] RulesReader:64 - Compatibility file has been processed (317 Rules)
2025-12-29 22:32:20,450 [INFO] RulesReader:64 - Compatibility file has been processed (317 Rules)
2025-12-29 22:32:20,470 [INFO] CADModel:165 - CPN selected for project level
2025-12-29 22:32:20,470 [INFO] CADModel:114 - Register for checkConnection events
2025-12-29 22:32:20,470 [FATAL] Updater:351 - Updater called before beeing initialized
2025-12-29 22:32:20,470 [ERROR] CADModel:125 - Updater not yet initialized, retry later 
2025-12-29 22:32:20,906 [FATAL] Updater:351 - Updater called before beeing initialized
2025-12-29 22:32:20,909 [INFO] CADModel:165 - CPN selected for project level
2025-12-29 22:32:20,909 [INFO] CADModel:114 - Register for checkConnection events
2025-12-29 22:32:20,910 [FATAL] Updater:351 - Updater called before beeing initialized
2025-12-29 22:32:20,910 [ERROR] CADModel:125 - Updater not yet initialized, retry later 
2025-12-29 22:32:20,916 [FATAL] Updater:351 - Updater called before beeing initialized
2025-12-29 22:32:21,148 [FATAL] Updater:351 - Updater called before beeing initialized
2025-12-29 22:32:21,166 [INFO] DbMcusAds:53 - JSON generation date=Tue Dec 16 04:41:46 IST 2025 (1765840306612)
2025-12-29 22:32:21,167 [FATAL] Updater:351 - Updater called before beeing initialized
2025-12-29 22:32:21,226 [WARN] DetailPanel:346 - Failed to get advertising image, set to default
2025-12-29 22:32:21,331 [FATAL] Updater:351 - Updater called before beeing initialized
2025-12-29 22:32:21,333 [FATAL] Updater:351 - Updater called before beeing initialized
2025-12-29 22:32:21,334 [FATAL] Updater:351 - Updater called before beeing initialized
2025-12-29 22:32:21,334 [WARN] DetailPanel:346 - Failed to get advertising image, set to default
2025-12-29 22:32:21,335 [FATAL] Updater:351 - Updater called before beeing initialized
2025-12-29 22:32:21,398 [ERROR] Updater:1198 - MainUpdater not yet initialized. External WinMGr cannot be set.
2025-12-29 22:32:21,401 [INFO] Updater:1134 - Updater Version found : 6.15.0
2025-12-29 22:32:21,419 [INFO] ApplicationProperties:184 - Using Application install path: C:\ST\STM32CubeIDE_1.19.0\STM32CubeIDE\plugins\com.st.stm32cube.common.mx_6.15.0.202507011659
2025-12-29 22:32:22,992 [ERROR] LogOutputStream:75 - [STDERR_REDIRECT] Dec 29, 2025 10:32:22 PM java.util.prefs.WindowsPreferences <init>
2025-12-29 22:32:22,995 [ERROR] LogOutputStream:75 - [STDERR_REDIRECT] WARNING: Could not open/create prefs root node Software\JavaSoft\Prefs at root 0xffffffff80000002. Windows RegCreateKeyEx(...) returned error code 5.
2025-12-29 22:32:22,995 [ERROR] LogOutputStream:75 - [STDERR_REDIRECT] 
2025-12-29 22:32:23,331 [FATAL] Updater:351 - Updater called before beeing initialized
2025-12-29 22:32:23,331 [ERROR] IntegrityCheckThread:130 - Cannot retrieve database content from updater: error 21
2025-12-29 22:32:23,331 [INFO] ThirdParty:978 - Integrity check success = false
2025-12-29 22:32:23,332 [INFO] IntegrityCheckThread:100 - exiting critical section [integrity check]
2025-12-29 22:32:23,332 [INFO] IntegrityCheckThread:103 - End integrity checks thread
2025-12-29 22:32:23,825 [INFO] MainUpdater:2872 - connection check result : 10
2025-12-29 22:32:23,826 [INFO] MainUpdater:289 - Updater Check For Update Now.
2025-12-29 22:32:23,826 [INFO] MicroXplorer:498 - Change Database Version : DB.6.0.150
2025-12-29 22:32:23,843 [INFO] McuFinderGlobals:63 - Set McuFinder mode to 2 (CubeIDE integrated)
2025-12-29 22:32:23,843 [INFO] UserAuth:487 - Internet connection configuration mode: 1
2025-12-29 22:32:23,882 [INFO] JxBrowserEngine:152 - Initiate JxBrowser Engine with user profile folder
2025-12-29 22:32:24,048 [INFO] CheckServerUpdateThread:120 - End of CheckServer Thread
2025-12-29 22:32:24,748 [INFO] WebApp:169 - Instantiating new browser for Auth
2025-12-29 22:32:25,472 [INFO] WebApp:463 - Apply proxy settings
2025-12-29 22:32:25,472 [INFO] WebApp:548 - Chromium requires no authentication
2025-12-29 22:32:25,480 [INFO] WebApp:491 - Direct internet connection detected
2025-12-29 22:32:25,502 [INFO] WebApp:900 - Register for checkConnection events
2025-12-29 22:32:25,502 [INFO] WebApp:463 - Apply proxy settings
2025-12-29 22:32:25,502 [INFO] WebApp:548 - Chromium requires no authentication
2025-12-29 22:32:25,503 [INFO] WebApp:491 - Direct internet connection detected
2025-12-29 22:32:26,011 [INFO] WebApp:225 - Starting web application
2025-12-29 22:32:26,012 [INFO] WebApp:593 - Web application path used C:\ST\STM32CubeIDE_1.19.0\STM32CubeIDE\plugins\com.st.stm32cube.common.mx_6.15.0.202507011659\db\plugins\mcufinder\reactClient1\index.html
2025-12-29 22:32:26,276 [INFO] UserAuth:487 - Internet connection configuration mode: 1
2025-12-29 22:32:26,814 [INFO] WebApp:191 - Connection restablished
2025-12-29 22:32:27,060 [ERROR] LogOutputStream:75 - [STDERR_REDIRECT] 
2025-12-29 22:32:48,946 [INFO] Activator:176 - 


2025-12-29 22:32:48,948 [INFO] Activator:177 - !SESSION log4j initialized
2025-12-29 22:32:52,939 [INFO] LogOutputStream:77 - [STDOUT_REDIRECT] 
2025-12-29 22:33:01,550 [INFO] ApplicationProperties:184 - Using Application install path: C:\ST\STM32CubeIDE_1.19.0\STM32CubeIDE\plugins\com.st.stm32cube.common.mx_6.15.0.202507011659
2025-12-29 22:33:01,631 [INFO] DbMcusXml:78 - Set database path to: C:\ST\STM32CubeIDE_1.19.0\STM32CubeIDE\plugins\com.st.stm32cube.common.mx_6.15.0.202507011659\\db\/mcu/
2025-12-29 22:33:01,632 [INFO] ApiDb:274 - Set plugin database path to: C:\ST\STM32CubeIDE_1.19.0\STM32CubeIDE\plugins\com.st.stm32cube.common.mx_6.15.0.202507011659\\db\/plugins/boardmanager/
2025-12-29 22:33:01,632 [WARN] ApiDb:259 - Overriding images path with different value:  => C:\ST\STM32CubeIDE_1.19.0\STM32CubeIDE\plugins\com.st.stm32cube.common.mx_6.15.0.202507011659\\db\/plugins/mcufinder/images/
2025-12-29 22:33:01,661 [INFO] ApiDb:250 - Set database path to: C:\Users\aditi\.stmcufinder\plugins\mcufinder//mcu/
2025-12-29 22:33:01,665 [INFO] DbMcusAds:125 - Set database path to: C:\Users\aditi\.stmcufinder\plugins\mcufinder//mcu/
2025-12-29 22:33:01,678 [INFO] CrossReferenceDbSqlite:203 - Set database path to: C:\Users\aditi\.stmcufinder\plugins\mcufinder//mcu/cs/
2025-12-29 22:33:02,456 [INFO] RulesReader:64 - Compatibility file has been processed (317 Rules)
2025-12-29 22:33:02,867 [INFO] DbMcusXml:78 - Set database path to: C:\ST\STM32CubeIDE_1.19.0\STM32CubeIDE\plugins\com.st.stm32cube.common.mx_6.15.0.202507011659\\db\/mcu/
2025-12-29 22:33:02,867 [INFO] ApiDb:274 - Set plugin database path to: C:\ST\STM32CubeIDE_1.19.0\STM32CubeIDE\plugins\com.st.stm32cube.common.mx_6.15.0.202507011659\\db\/plugins/boardmanager/
2025-12-29 22:33:02,868 [INFO] ApiDb:261 - Set plugin images path to: C:\ST\STM32CubeIDE_1.19.0\STM32CubeIDE\plugins\com.st.stm32cube.common.mx_6.15.0.202507011659\\db\/plugins/mcufinder/images/
2025-12-29 22:33:02,868 [WARN] DbFile:41 - Overriding database path with different value: C:\Users\aditi\.stmcufinder\plugins\mcufinder/ => C:\Users\aditi\.stmcufinder\plugins\mcufinder
2025-12-29 22:33:02,868 [INFO] ApiDb:250 - Set database path to: C:\Users\aditi\.stmcufinder\plugins\mcufinder//mcu/
2025-12-29 22:33:02,869 [WARN] DbFile:41 - Overriding database path with different value: C:\Users\aditi\.stmcufinder\plugins\mcufinder/ => C:\Users\aditi\.stmcufinder\plugins\mcufinder
2025-12-29 22:33:02,869 [INFO] DbMcusAds:125 - Set database path to: C:\Users\aditi\.stmcufinder\plugins\mcufinder//mcu/
2025-12-29 22:33:02,869 [WARN] DbFile:41 - Overriding database path with different value: C:\Users\aditi\.stmcufinder\plugins\mcufinder/ => C:\Users\aditi\.stmcufinder\plugins\mcufinder
2025-12-29 22:33:02,869 [WARN] DbFile:41 - Overriding database path with different value: C:\Users\aditi\.stmcufinder\plugins\mcufinder/ => C:\Users\aditi\.stmcufinder\plugins\mcufinder
2025-12-29 22:33:02,869 [INFO] CrossReferenceDbSqlite:203 - Set database path to: C:\Users\aditi\.stmcufinder\plugins\mcufinder//mcu/cs/
2025-12-29 22:33:03,258 [INFO] MainPanel:274 - HeapMemory: 268435456
2025-12-29 22:33:03,687 [INFO] DbMcusXml:78 - Set database path to: C:\ST\STM32CubeIDE_1.19.0\STM32CubeIDE\plugins\com.st.stm32cube.common.mx_6.15.0.202507011659\\db\/mcu/
2025-12-29 22:33:03,687 [INFO] ApiDb:274 - Set plugin database path to: C:\ST\STM32CubeIDE_1.19.0\STM32CubeIDE\plugins\com.st.stm32cube.common.mx_6.15.0.202507011659\\db\/plugins/boardmanager/
2025-12-29 22:33:03,687 [INFO] ApiDb:261 - Set plugin images path to: C:\ST\STM32CubeIDE_1.19.0\STM32CubeIDE\plugins\com.st.stm32cube.common.mx_6.15.0.202507011659\\db\/plugins/mcufinder/images/
2025-12-29 22:33:03,697 [WARN] DbFile:41 - Overriding database path with different value: C:\Users\aditi\.stmcufinder\plugins\mcufinder/ => C:\Users\aditi\.stmcufinder\plugins\mcufinder
2025-12-29 22:33:03,697 [INFO] ApiDb:250 - Set database path to: C:\Users\aditi\.stmcufinder\plugins\mcufinder//mcu/
2025-12-29 22:33:03,698 [WARN] DbFile:41 - Overriding database path with different value: C:\Users\aditi\.stmcufinder\plugins\mcufinder/ => C:\Users\aditi\.stmcufinder\plugins\mcufinder
2025-12-29 22:33:03,698 [INFO] DbMcusAds:125 - Set database path to: C:\Users\aditi\.stmcufinder\plugins\mcufinder//mcu/
2025-12-29 22:33:03,698 [WARN] DbFile:41 - Overriding database path with different value: C:\Users\aditi\.stmcufinder\plugins\mcufinder/ => C:\Users\aditi\.stmcufinder\plugins\mcufinder
2025-12-29 22:33:03,698 [WARN] DbFile:41 - Overriding database path with different value: C:\Users\aditi\.stmcufinder\plugins\mcufinder/ => C:\Users\aditi\.stmcufinder\plugins\mcufinder
2025-12-29 22:33:03,808 [INFO] CrossReferenceDbSqlite:203 - Set database path to: C:\Users\aditi\.stmcufinder\plugins\mcufinder//mcu/cs/
2025-12-29 22:33:03,877 [INFO] ApplicationProperties:184 - Using Application install path: C:\ST\STM32CubeIDE_1.19.0\STM32CubeIDE\plugins\com.st.stm32cube.common.mx_6.15.0.202507011659
2025-12-29 22:33:03,882 [INFO] PluginManage:196 - Search for loadable plugins [exclusion list=, ]
2025-12-29 22:33:03,889 [INFO] PluginManage:310 - Check plugin analytics
2025-12-29 22:33:04,929 [INFO] AnalyticsPlugin:253 - Accepted Software Licenses: 
2025-12-29 22:33:04,929 [INFO] AnalyticsPlugin:255 - Accepted CMSIS Pack Licenses: 
2025-12-29 22:33:04,930 [INFO] AnalyticsPlugin:257 - Accepted Firmware Licenses: FW.F4.1.28.0
2025-12-29 22:33:04,941 [INFO] PluginManage:359 - Loaded plugin analytics (category:tool,tabindex:-1)
2025-12-29 22:33:04,941 [INFO] PluginManage:310 - Check plugin cadmodel
2025-12-29 22:33:04,952 [INFO] CADModel:105 - Init CAD model plugin
2025-12-29 22:33:04,952 [INFO] PluginManage:359 - Loaded plugin cadmodel (category:power,tabindex:5)
2025-12-29 22:33:04,953 [INFO] PluginManage:310 - Check plugin clock
2025-12-29 22:33:04,988 [INFO] PluginManage:359 - Loaded plugin clock (category:base,tabindex:2)
2025-12-29 22:33:04,989 [INFO] PluginManage:310 - Check plugin ddr
2025-12-29 22:33:05,001 [INFO] PluginManage:359 - Loaded plugin ddr (category:tool,tabindex:6)
2025-12-29 22:33:05,002 [INFO] PluginManage:310 - Check plugin filemanager
2025-12-29 22:33:05,619 [INFO] PluginManage:359 - Loaded plugin filemanager (category:base,tabindex:10)
2025-12-29 22:33:05,619 [INFO] PluginManage:310 - Check plugin ipmanager
2025-12-29 22:33:05,642 [INFO] PluginManage:359 - Loaded plugin ipmanager (category:base,tabindex:5)
2025-12-29 22:33:05,644 [INFO] PluginManage:310 - Check plugin lpbam
2025-12-29 22:33:05,670 [INFO] PluginManage:359 - Loaded plugin lpbam (category:base,tabindex:0)
2025-12-29 22:33:05,670 [INFO] PluginManage:310 - Check plugin memorymap
2025-12-29 22:33:05,754 [INFO] PluginManage:359 - Loaded plugin memorymap (category:base,tabindex:4)
2025-12-29 22:33:05,754 [INFO] PluginManage:310 - Check plugin pinoutandconfiguration
2025-12-29 22:33:05,801 [INFO] PluginManage:359 - Loaded plugin pinoutandconfiguration (category:base,tabindex:1)
2025-12-29 22:33:05,801 [INFO] PluginManage:310 - Check plugin pinoutconfig
2025-12-29 22:33:06,014 [WARN] SupportedApi:132 - Cannot load RTOS API schema: s4s-elt-must-match.1: The content of 'definitions' must match (annotation?, (simpleType | complexType)?, (unique | key | keyref)*)). A problem was found starting at: attribute.
2025-12-29 22:33:06,190 [INFO] PluginManage:359 - Loaded plugin pinoutconfig (category:base,tabindex:0)
2025-12-29 22:33:06,190 [INFO] PluginManage:310 - Check plugin power
2025-12-29 22:33:06,200 [INFO] PluginManage:359 - Loaded plugin power (category:power,tabindex:4)
2025-12-29 22:33:06,200 [INFO] PluginManage:310 - Check plugin projectmanager
2025-12-29 22:33:06,242 [INFO] PluginManage:359 - Loaded plugin projectmanager (category:projectmanager,tabindex:4)
2025-12-29 22:33:06,243 [INFO] PluginManage:310 - Check plugin rif
2025-12-29 22:33:06,261 [INFO] PluginManage:359 - Loaded plugin rif (category:base,tabindex:3)
2025-12-29 22:33:06,261 [INFO] PluginManage:310 - Check plugin thirdparty
2025-12-29 22:33:06,468 [INFO] PluginManage:359 - Loaded plugin thirdparty (category:base,tabindex:-1)
2025-12-29 22:33:06,468 [INFO] PluginManage:310 - Check plugin tools
2025-12-29 22:33:06,468 [WARN] IntegrityCheckThread:84 - waiting for thirdparty lock release [integrity check]
2025-12-29 22:33:06,470 [INFO] IntegrityCheckThread:86 - entering critical section [integrity check]
2025-12-29 22:33:06,470 [INFO] ThirdPartyUpdaterWithRetryManager:70 - Updater plugin not ready yet. [1/15]
2025-12-29 22:33:06,473 [INFO] PluginManage:359 - Loaded plugin tools (category:base,tabindex:7)
2025-12-29 22:33:06,473 [INFO] PluginManage:310 - Check plugin tutovideos
2025-12-29 22:33:06,679 [INFO] PluginManage:359 - Loaded plugin tutovideos (category:base,tabindex:-1)
2025-12-29 22:33:06,679 [INFO] PluginManage:310 - Check plugin updater
2025-12-29 22:33:06,712 [INFO] PluginManage:359 - Loaded plugin updater (category:base,tabindex:12)
2025-12-29 22:33:06,712 [INFO] PluginManage:310 - Check plugin userauth
2025-12-29 22:33:06,717 [INFO] UserAuth:118 - Init User Auth plugin
2025-12-29 22:33:06,719 [INFO] PluginManage:359 - Loaded plugin userauth (category:base,tabindex:14)
2025-12-29 22:33:06,720 [INFO] PluginManage:283 - PluginManage : Loaded plugins [18]
2025-12-29 22:33:07,001 [INFO] PinOutPanel:1589 - setPackage(No Configuration,No Configuration)
2025-12-29 22:33:07,108 [INFO] CADModel:165 - CPN selected for project level
2025-12-29 22:33:07,109 [INFO] CADModel:114 - Register for checkConnection events
2025-12-29 22:33:07,129 [INFO] IPUIPlugin:80 - create IPUIPlugin
2025-12-29 22:33:07,130 [INFO] PluginManager:220 - loadIPPluginJar : add adc
2025-12-29 22:33:07,134 [INFO] IPUIPlugin:80 - create IPUIPlugin
2025-12-29 22:33:07,134 [INFO] PluginManager:220 - loadIPPluginJar : add aes
2025-12-29 22:33:07,138 [INFO] IPUIPlugin:80 - create IPUIPlugin
2025-12-29 22:33:07,138 [INFO] PluginManager:220 - loadIPPluginJar : add can
2025-12-29 22:33:07,140 [INFO] IPUIPlugin:80 - create IPUIPlugin
2025-12-29 22:33:07,141 [INFO] PluginManager:220 - loadIPPluginJar : add comp
2025-12-29 22:33:07,145 [INFO] IPUIPlugin:80 - create IPUIPlugin
2025-12-29 22:33:07,145 [INFO] PluginManager:220 - loadIPPluginJar : add cryp
2025-12-29 22:33:07,148 [INFO] IPUIPlugin:80 - create IPUIPlugin
2025-12-29 22:33:07,148 [INFO] PluginManager:220 - loadIPPluginJar : add ddr_ctrl_phy
2025-12-29 22:33:07,152 [INFO] IPUIPlugin:80 - create IPUIPlugin
2025-12-29 22:33:07,152 [INFO] PluginManager:220 - loadIPPluginJar : add dfsdm
2025-12-29 22:33:07,159 [INFO] IPUIPlugin:80 - create IPUIPlugin
2025-12-29 22:33:07,160 [INFO] PluginManager:220 - loadIPPluginJar : add dma
2025-12-29 22:33:07,165 [INFO] IPUIPlugin:80 - create IPUIPlugin
2025-12-29 22:33:07,165 [INFO] PluginManager:220 - loadIPPluginJar : add dma3
2025-12-29 22:33:07,169 [INFO] IPUIPlugin:80 - create IPUIPlugin
2025-12-29 22:33:07,169 [INFO] PluginManager:220 - loadIPPluginJar : add extmemmanager
2025-12-29 22:33:07,171 [INFO] IPUIPlugin:80 - create IPUIPlugin
2025-12-29 22:33:07,172 [INFO] PluginManager:220 - loadIPPluginJar : add fatfs
2025-12-29 22:33:07,177 [INFO] IPUIPlugin:80 - create IPUIPlugin
2025-12-29 22:33:07,178 [INFO] PluginManager:220 - loadIPPluginJar : add fmc
2025-12-29 22:33:07,186 [INFO] IPUIPlugin:80 - create IPUIPlugin
2025-12-29 22:33:07,186 [INFO] PluginManager:220 - loadIPPluginJar : add freertos
2025-12-29 22:33:07,187 [INFO] IPUIPlugin:80 - create IPUIPlugin
2025-12-29 22:33:07,187 [INFO] PluginManager:220 - loadIPPluginJar : add genericplugin
2025-12-29 22:33:07,191 [INFO] IPUIPlugin:80 - create IPUIPlugin
2025-12-29 22:33:07,191 [INFO] PluginManager:220 - loadIPPluginJar : add gfxmmu
2025-12-29 22:33:07,195 [INFO] IPUIPlugin:80 - create IPUIPlugin
2025-12-29 22:33:07,196 [INFO] PluginManager:220 - loadIPPluginJar : add gic
2025-12-29 22:33:07,200 [INFO] IPUIPlugin:80 - create IPUIPlugin
2025-12-29 22:33:07,200 [INFO] PluginManager:220 - loadIPPluginJar : add gpio
2025-12-29 22:33:07,204 [INFO] IPUIPlugin:80 - create IPUIPlugin
2025-12-29 22:33:07,205 [INFO] PluginManager:220 - loadIPPluginJar : add gtzc
2025-12-29 22:33:07,209 [INFO] IPUIPlugin:80 - create IPUIPlugin
2025-12-29 22:33:07,209 [INFO] PluginManager:220 - loadIPPluginJar : add hash
2025-12-29 22:33:07,212 [INFO] IPUIPlugin:80 - create IPUIPlugin
2025-12-29 22:33:07,213 [INFO] PluginManager:220 - loadIPPluginJar : add i2c
2025-12-29 22:33:07,216 [INFO] IPUIPlugin:80 - create IPUIPlugin
2025-12-29 22:33:07,217 [INFO] PluginManager:220 - loadIPPluginJar : add i2s
2025-12-29 22:33:07,221 [INFO] IPUIPlugin:80 - create IPUIPlugin
2025-12-29 22:33:07,221 [INFO] PluginManager:220 - loadIPPluginJar : add i3c
2025-12-29 22:33:07,226 [INFO] IPUIPlugin:80 - create IPUIPlugin
2025-12-29 22:33:07,226 [INFO] PluginManager:220 - loadIPPluginJar : add ipddr
2025-12-29 22:33:07,233 [INFO] IPUIPlugin:80 - create IPUIPlugin
2025-12-29 22:33:07,233 [INFO] PluginManager:220 - loadIPPluginJar : add linkedlist
2025-12-29 22:33:07,239 [INFO] IPUIPlugin:80 - create IPUIPlugin
2025-12-29 22:33:07,239 [INFO] PluginManager:220 - loadIPPluginJar : add lorawan
2025-12-29 22:33:07,240 [INFO] IPUIPlugin:80 - create IPUIPlugin
2025-12-29 22:33:07,241 [INFO] PluginManager:220 - loadIPPluginJar : add ltdc
2025-12-29 22:33:07,246 [INFO] IPUIPlugin:80 - create IPUIPlugin
2025-12-29 22:33:07,246 [INFO] PluginManager:220 - loadIPPluginJar : add mdma
2025-12-29 22:33:07,250 [INFO] IPUIPlugin:80 - create IPUIPlugin
2025-12-29 22:33:07,250 [INFO] PluginManager:220 - loadIPPluginJar : add nvic
2025-12-29 22:33:07,255 [INFO] IPUIPlugin:80 - create IPUIPlugin
2025-12-29 22:33:07,255 [INFO] PluginManager:220 - loadIPPluginJar : add opamp
2025-12-29 22:33:07,259 [INFO] IPUIPlugin:80 - create IPUIPlugin
2025-12-29 22:33:07,259 [INFO] PluginManager:220 - loadIPPluginJar : add openamp
2025-12-29 22:33:07,264 [INFO] IPUIPlugin:80 - create IPUIPlugin
2025-12-29 22:33:07,264 [INFO] PluginManager:220 - loadIPPluginJar : add pdm2pcm
2025-12-29 22:33:07,273 [INFO] IPUIPlugin:80 - create IPUIPlugin
2025-12-29 22:33:07,276 [INFO] PluginManager:220 - loadIPPluginJar : add plateformsettings
2025-12-29 22:33:07,278 [INFO] IPUIPlugin:80 - create IPUIPlugin
2025-12-29 22:33:07,278 [INFO] PluginManager:220 - loadIPPluginJar : add quadspi
2025-12-29 22:33:07,281 [INFO] IPUIPlugin:80 - create IPUIPlugin
2025-12-29 22:33:07,282 [INFO] PluginManager:220 - loadIPPluginJar : add radio
2025-12-29 22:33:07,287 [INFO] IPUIPlugin:80 - create IPUIPlugin
2025-12-29 22:33:07,288 [INFO] PluginManager:220 - loadIPPluginJar : add resmgrutility
2025-12-29 22:33:07,292 [INFO] IPUIPlugin:80 - create IPUIPlugin
2025-12-29 22:33:07,292 [INFO] PluginManager:220 - loadIPPluginJar : add sai
2025-12-29 22:33:07,297 [INFO] IPUIPlugin:80 - create IPUIPlugin
2025-12-29 22:33:07,297 [INFO] PluginManager:220 - loadIPPluginJar : add spi
2025-12-29 22:33:07,306 [INFO] IPUIPlugin:80 - create IPUIPlugin
2025-12-29 22:33:07,306 [INFO] PluginManager:220 - loadIPPluginJar : add stm32_wpan
2025-12-29 22:33:07,309 [INFO] IPUIPlugin:80 - create IPUIPlugin
2025-12-29 22:33:07,309 [INFO] PluginManager:220 - loadIPPluginJar : add tim
2025-12-29 22:33:07,315 [INFO] IPUIPlugin:80 - create IPUIPlugin
2025-12-29 22:33:07,315 [INFO] PluginManager:220 - loadIPPluginJar : add touchsensing
2025-12-29 22:33:07,319 [INFO] IPUIPlugin:80 - create IPUIPlugin
2025-12-29 22:33:07,319 [INFO] PluginManager:220 - loadIPPluginJar : add tracer_emb
2025-12-29 22:33:07,322 [INFO] IPUIPlugin:80 - create IPUIPlugin
2025-12-29 22:33:07,322 [INFO] PluginManager:220 - loadIPPluginJar : add ts
2025-12-29 22:33:07,326 [INFO] IPUIPlugin:80 - create IPUIPlugin
2025-12-29 22:33:07,326 [INFO] PluginManager:220 - loadIPPluginJar : add tsc
2025-12-29 22:33:07,330 [INFO] IPUIPlugin:80 - create IPUIPlugin
2025-12-29 22:33:07,330 [INFO] PluginManager:220 - loadIPPluginJar : add ucpd
2025-12-29 22:33:07,335 [INFO] IPUIPlugin:80 - create IPUIPlugin
2025-12-29 22:33:07,335 [INFO] PluginManager:220 - loadIPPluginJar : add usart
2025-12-29 22:33:07,341 [INFO] IPUIPlugin:80 - create IPUIPlugin
2025-12-29 22:33:07,341 [INFO] PluginManager:220 - loadIPPluginJar : add usbx
2025-12-29 22:33:07,503 [FATAL] Updater:351 - Updater called before beeing initialized
2025-12-29 22:33:07,536 [INFO] RulesReader:64 - Compatibility file has been processed (317 Rules)
2025-12-29 22:33:07,558 [INFO] RulesReader:64 - Compatibility file has been processed (317 Rules)
2025-12-29 22:33:07,597 [INFO] CADModel:165 - CPN selected for project level
2025-12-29 22:33:07,598 [INFO] CADModel:114 - Register for checkConnection events
2025-12-29 22:33:07,598 [FATAL] Updater:351 - Updater called before beeing initialized
2025-12-29 22:33:07,598 [ERROR] CADModel:125 - Updater not yet initialized, retry later 
2025-12-29 22:33:07,831 [FATAL] Updater:351 - Updater called before beeing initialized
2025-12-29 22:33:07,832 [INFO] CADModel:165 - CPN selected for project level
2025-12-29 22:33:07,832 [INFO] CADModel:114 - Register for checkConnection events
2025-12-29 22:33:07,833 [FATAL] Updater:351 - Updater called before beeing initialized
2025-12-29 22:33:07,833 [ERROR] CADModel:125 - Updater not yet initialized, retry later 
2025-12-29 22:33:07,837 [FATAL] Updater:351 - Updater called before beeing initialized
2025-12-29 22:33:07,985 [FATAL] Updater:351 - Updater called before beeing initialized
2025-12-29 22:33:07,991 [INFO] DbMcusAds:53 - JSON generation date=Tue Dec 16 04:41:46 IST 2025 (1765840306612)
2025-12-29 22:33:07,991 [FATAL] Updater:351 - Updater called before beeing initialized
2025-12-29 22:33:08,025 [WARN] DetailPanel:346 - Failed to get advertising image, set to default
2025-12-29 22:33:08,108 [FATAL] Updater:351 - Updater called before beeing initialized
2025-12-29 22:33:08,109 [FATAL] Updater:351 - Updater called before beeing initialized
2025-12-29 22:33:08,110 [FATAL] Updater:351 - Updater called before beeing initialized
2025-12-29 22:33:08,110 [WARN] DetailPanel:346 - Failed to get advertising image, set to default
2025-12-29 22:33:08,111 [FATAL] Updater:351 - Updater called before beeing initialized
2025-12-29 22:33:08,169 [ERROR] Updater:1198 - MainUpdater not yet initialized. External WinMGr cannot be set.
2025-12-29 22:33:08,171 [INFO] Updater:1134 - Updater Version found : 6.15.0
2025-12-29 22:33:08,185 [INFO] ApplicationProperties:184 - Using Application install path: C:\ST\STM32CubeIDE_1.19.0\STM32CubeIDE\plugins\com.st.stm32cube.common.mx_6.15.0.202507011659
2025-12-29 22:33:09,478 [INFO] ThirdPartyUpdaterWithRetryManager:70 - Updater plugin not ready yet. [2/15]
2025-12-29 22:33:09,797 [ERROR] LogOutputStream:75 - [STDERR_REDIRECT] Dec 29, 2025 10:33:09 PM java.util.prefs.WindowsPreferences <init>
2025-12-29 22:33:09,800 [ERROR] LogOutputStream:75 - [STDERR_REDIRECT] WARNING: Could not open/create prefs root node Software\JavaSoft\Prefs at root 0xffffffff80000002. Windows RegCreateKeyEx(...) returned error code 5.
2025-12-29 22:33:09,800 [ERROR] LogOutputStream:75 - [STDERR_REDIRECT] 
2025-12-29 22:33:10,744 [INFO] MainUpdater:2872 - connection check result : 10
2025-12-29 22:33:10,744 [INFO] MainUpdater:289 - Updater Check For Update Now.
2025-12-29 22:33:10,745 [INFO] MicroXplorer:498 - Change Database Version : DB.6.0.150
2025-12-29 22:33:10,751 [INFO] McuFinderGlobals:63 - Set McuFinder mode to 2 (CubeIDE integrated)
2025-12-29 22:33:10,752 [INFO] UserAuth:487 - Internet connection configuration mode: 1
2025-12-29 22:33:10,770 [INFO] JxBrowserEngine:152 - Initiate JxBrowser Engine with user profile folder
2025-12-29 22:33:11,025 [INFO] CheckServerUpdateThread:120 - End of CheckServer Thread
2025-12-29 22:33:11,705 [INFO] WebApp:169 - Instantiating new browser for Auth
2025-12-29 22:33:12,611 [INFO] WebApp:463 - Apply proxy settings
2025-12-29 22:33:12,612 [INFO] WebApp:548 - Chromium requires no authentication
2025-12-29 22:33:12,628 [INFO] WebApp:491 - Direct internet connection detected
2025-12-29 22:33:12,674 [INFO] WebApp:900 - Register for checkConnection events
2025-12-29 22:33:12,674 [INFO] WebApp:463 - Apply proxy settings
2025-12-29 22:33:12,675 [INFO] WebApp:548 - Chromium requires no authentication
2025-12-29 22:33:12,676 [INFO] WebApp:491 - Direct internet connection detected
2025-12-29 22:33:12,792 [WARN] PackLoader:240 - Cannot read IP mode file for STMicroelectronics.FP-SNS-MOTENVWB1.1.4.0
2025-12-29 22:33:12,803 [WARN] PackLoader:240 - Cannot read IP mode file for STMicroelectronics.FP-ATR-ASTRA1.2.0.2
2025-12-29 22:33:12,813 [WARN] PackLoader:240 - Cannot read IP mode file for STMicroelectronics.X-CUBE-SMBUS.2.1.0
2025-12-29 22:33:12,856 [WARN] PackLoader:240 - Cannot read IP mode file for STMicroelectronics.X-CUBE-AZRTOS-F7.1.1.0
2025-12-29 22:33:12,901 [WARN] PackLoader:240 - Cannot read IP mode file for STMicroelectronics.X-CUBE-DISPLAY.3.0.0
2025-12-29 22:33:12,970 [WARN] PackLoader:240 - Cannot read IP mode file for STMicroelectronics.X-CUBE-NFC10.1.0.0
2025-12-29 22:33:12,985 [WARN] PackLoader:240 - Cannot read IP mode file for STMicroelectronics.FP-SNS-SMARTAG2.1.2.0
2025-12-29 22:33:12,995 [WARN] PackLoader:240 - Cannot read IP mode file for STMicroelectronics.FP-SNS-FLIGHT1.5.1.0
2025-12-29 22:33:13,017 [INFO] LogOutputStream:77 - [STDOUT_REDIRECT] 1 : Invalid condition id : UX_CORESTACK_Condition cause : null
2025-12-29 22:33:13,019 [INFO] LogOutputStream:77 - [STDOUT_REDIRECT] 1 : Invalid condition id : UX_CORESTACK_Condition cause : null
2025-12-29 22:33:13,021 [INFO] LogOutputStream:77 - [STDOUT_REDIRECT] 1 : Invalid condition id : UX_CORESTACK_Condition cause : null
2025-12-29 22:33:13,024 [INFO] LogOutputStream:77 - [STDOUT_REDIRECT] 1 : Invalid condition id : UX_CORESTACK_Condition cause : null
2025-12-29 22:33:13,025 [INFO] LogOutputStream:77 - [STDOUT_REDIRECT] 1 : Invalid condition id : UX_CORESTACK_Condition cause : null
2025-12-29 22:33:13,031 [WARN] PackLoader:240 - Cannot read IP mode file for STMicroelectronics.X-CUBE-AZRTOS-WL.2.0.0
2025-12-29 22:33:13,041 [INFO] WebApp:225 - Starting web application
2025-12-29 22:33:13,041 [INFO] WebApp:593 - Web application path used C:\ST\STM32CubeIDE_1.19.0\STM32CubeIDE\plugins\com.st.stm32cube.common.mx_6.15.0.202507011659\db\plugins\mcufinder\reactClient1\index.html
2025-12-29 22:33:13,054 [WARN] PackLoader:240 - Cannot read IP mode file for STMicroelectronics.X-CUBE-BLE2.3.3.0
2025-12-29 22:33:13,079 [WARN] PackLoader:240 - Cannot read IP mode file for STMicroelectronics.X-CUBE-NFC9.1.0.0
2025-12-29 22:33:13,104 [WARN] PackLoader:240 - Cannot read IP mode file for STMicroelectronics.X-CUBE-BLE1.7.1.0
2025-12-29 22:33:13,135 [WARN] PackLoader:240 - Cannot read IP mode file for STMicroelectronics.X-CUBE-AZRTOS-G0.1.1.0
2025-12-29 22:33:13,151 [WARN] PackLoader:240 - Cannot read IP mode file for STMicroelectronics.X-CUBE-NFC4.3.0.0
2025-12-29 22:33:13,168 [WARN] PackLoader:240 - Cannot read IP mode file for STMicroelectronics.X-CUBE-WB05N.2.0.0
2025-12-29 22:33:13,184 [WARN] PackLoader:240 - Cannot read IP mode file for STMicroelectronics.X-CUBE-TCPP.4.2.0
2025-12-29 22:33:13,198 [WARN] PackLoader:240 - Cannot read IP mode file for STMicroelectronics.FP-ATR-SIGFOX1.3.2.0
2025-12-29 22:33:13,214 [WARN] PackLoader:240 - Cannot read IP mode file for STMicroelectronics.X-CUBE-ALGOBUILD.1.4.0
2025-12-29 22:33:13,229 [WARN] PackLoader:240 - Cannot read IP mode file for STMicroelectronics.X-CUBE-PM33A1.1.0.0
2025-12-29 22:33:13,238 [INFO] UserAuth:487 - Internet connection configuration mode: 1
2025-12-29 22:33:13,262 [WARN] PackLoader:240 - Cannot read IP mode file for STMicroelectronics.X-CUBE-AZRTOS-F4.1.1.0
2025-12-29 22:33:13,275 [WARN] PackLoader:240 - Cannot read IP mode file for STMicroelectronics.X-CUBE-ISPU.2.1.0
2025-12-29 22:33:13,309 [WARN] PackLoader:240 - Cannot read IP mode file for STMicroelectronics.X-CUBE-AZRTOS-L5.2.0.0
2025-12-29 22:33:13,338 [WARN] PackLoader:240 - Cannot read IP mode file for STMicroelectronics.X-CUBE-NFC6.3.1.0
2025-12-29 22:33:13,378 [WARN] PackLoader:240 - Cannot read IP mode file for STMicroelectronics.X-CUBE-DPower.1.3.0
2025-12-29 22:33:13,463 [WARN] ConditionMgr:438 - getConditionDescription Invalid condition id : LAN8742 Phy interface Condition cause : null
2025-12-29 22:33:13,467 [WARN] PackLoader:240 - Cannot read IP mode file for STMicroelectronics.X-CUBE-AZRTOS-L4.2.0.0
2025-12-29 22:33:13,469 [WARN] ConditionMgr:1044 - genDependencies : Invalid condition id : LAN8742 Phy interface Condition cause : null
2025-12-29 22:33:13,470 [WARN] ConditionMgr:1044 - genDependencies : Invalid condition id : LAN8742 Phy interface Condition cause : null
2025-12-29 22:33:13,472 [WARN] ConditionMgr:1044 - genDependencies : Invalid condition id : LAN8742 Phy interface Condition cause : null
2025-12-29 22:33:13,494 [WARN] PackLoader:240 - Cannot read IP mode file for STMicroelectronics.X-CUBE-SFXS2LP1.4.0.0
2025-12-29 22:33:13,516 [WARN] ConditionMgr:438 - getConditionDescription Invalid condition id : UX DEVICE CLASS RTOS Condition cause : null
2025-12-29 22:33:13,517 [WARN] ConditionMgr:438 - getConditionDescription Invalid condition id : UX DEVICE CLASS RTOS Condition cause : null
2025-12-29 22:33:13,521 [WARN] PackLoader:240 - Cannot read IP mode file for STMicroelectronics.X-CUBE-AZRTOS-WB.2.0.0
2025-12-29 22:33:13,522 [WARN] ConditionMgr:1044 - genDependencies : Invalid condition id : UX DEVICE CLASS RTOS Condition cause : null
2025-12-29 22:33:13,522 [WARN] ConditionMgr:1044 - genDependencies : Invalid condition id : UX DEVICE CLASS RTOS Condition cause : null
2025-12-29 22:33:13,523 [WARN] ConditionMgr:1044 - genDependencies : Invalid condition id : UX DEVICE CLASS RTOS Condition cause : null
2025-12-29 22:33:13,523 [WARN] ConditionMgr:1044 - genDependencies : Invalid condition id : UX DEVICE CLASS RTOS Condition cause : null
2025-12-29 22:33:13,523 [WARN] ConditionMgr:1044 - genDependencies : Invalid condition id : UX DEVICE CLASS RTOS Condition cause : null
2025-12-29 22:33:13,542 [WARN] PackLoader:240 - Cannot read IP mode file for STMicroelectronics.X-CUBE-SUBG2.5.0.0
2025-12-29 22:33:13,574 [WARN] PackLoader:240 - Cannot read IP mode file for STMicroelectronics.X-CUBE-AZRTOS-G4.2.0.0
2025-12-29 22:33:13,586 [WARN] PackLoader:240 - Cannot read IP mode file for STMicroelectronics.X-CUBE-NFC7.2.0.0
2025-12-29 22:33:13,594 [WARN] PackLoader:240 - Cannot read IP mode file for STMicroelectronics.X-CUBE-ALS.1.0.2
2025-12-29 22:33:13,610 [WARN] PackLoader:240 - Cannot read IP mode file for STMicroelectronics.X-CUBE-TOF1.3.4.3
2025-12-29 22:33:13,624 [INFO] ThirdParty:978 - Integrity check success = true
2025-12-29 22:33:13,625 [INFO] IntegrityCheckThread:100 - exiting critical section [integrity check]
2025-12-29 22:33:13,625 [INFO] IntegrityCheckThread:103 - End integrity checks thread
2025-12-29 22:33:14,028 [INFO] WebApp:191 - Connection restablished
2025-12-29 22:35:11,272 [ERROR] LogOutputStream:75 - [STDERR_REDIRECT] 
2025-12-29 22:35:11,275 [ERROR] LogOutputStream:75 - [STDERR_REDIRECT] 
2025-12-29 22:36:03,794 [INFO] Activator:176 - 


2025-12-29 22:36:03,795 [INFO] Activator:177 - !SESSION log4j initialized
2025-12-29 22:36:11,465 [INFO] LogOutputStream:77 - [STDOUT_REDIRECT] 
2025-12-29 22:36:12,316 [INFO] ApplicationProperties:184 - Using Application install path: C:\ST\STM32CubeIDE_1.19.0\STM32CubeIDE\plugins\com.st.stm32cube.common.mx_6.15.0.202507011659
2025-12-29 22:36:12,326 [INFO] DbMcusXml:78 - Set database path to: C:\ST\STM32CubeIDE_1.19.0\STM32CubeIDE\plugins\com.st.stm32cube.common.mx_6.15.0.202507011659\\db\/mcu/
2025-12-29 22:36:12,326 [INFO] ApiDb:274 - Set plugin database path to: C:\ST\STM32CubeIDE_1.19.0\STM32CubeIDE\plugins\com.st.stm32cube.common.mx_6.15.0.202507011659\\db\/plugins/boardmanager/
2025-12-29 22:36:12,326 [WARN] ApiDb:259 - Overriding images path with different value:  => C:\ST\STM32CubeIDE_1.19.0\STM32CubeIDE\plugins\com.st.stm32cube.common.mx_6.15.0.202507011659\\db\/plugins/mcufinder/images/
2025-12-29 22:36:12,333 [INFO] ApiDb:250 - Set database path to: C:\Users\aditi\.stmcufinder\plugins\mcufinder//mcu/
2025-12-29 22:36:12,335 [INFO] DbMcusAds:125 - Set database path to: C:\Users\aditi\.stmcufinder\plugins\mcufinder//mcu/
2025-12-29 22:36:12,337 [INFO] CrossReferenceDbSqlite:203 - Set database path to: C:\Users\aditi\.stmcufinder\plugins\mcufinder//mcu/cs/
2025-12-29 22:36:12,439 [INFO] DbMcusXml:78 - Set database path to: C:\ST\STM32CubeIDE_1.19.0\STM32CubeIDE\plugins\com.st.stm32cube.common.mx_6.15.0.202507011659\\db\/mcu/
2025-12-29 22:36:12,439 [INFO] ApiDb:274 - Set plugin database path to: C:\ST\STM32CubeIDE_1.19.0\STM32CubeIDE\plugins\com.st.stm32cube.common.mx_6.15.0.202507011659\\db\/plugins/boardmanager/
2025-12-29 22:36:12,440 [INFO] ApiDb:261 - Set plugin images path to: C:\ST\STM32CubeIDE_1.19.0\STM32CubeIDE\plugins\com.st.stm32cube.common.mx_6.15.0.202507011659\\db\/plugins/mcufinder/images/
2025-12-29 22:36:12,440 [WARN] DbFile:41 - Overriding database path with different value: C:\Users\aditi\.stmcufinder\plugins\mcufinder/ => C:\Users\aditi\.stmcufinder\plugins\mcufinder
2025-12-29 22:36:12,440 [INFO] ApiDb:250 - Set database path to: C:\Users\aditi\.stmcufinder\plugins\mcufinder//mcu/
2025-12-29 22:36:12,440 [WARN] DbFile:41 - Overriding database path with different value: C:\Users\aditi\.stmcufinder\plugins\mcufinder/ => C:\Users\aditi\.stmcufinder\plugins\mcufinder
2025-12-29 22:36:12,440 [INFO] DbMcusAds:125 - Set database path to: C:\Users\aditi\.stmcufinder\plugins\mcufinder//mcu/
2025-12-29 22:36:12,440 [WARN] DbFile:41 - Overriding database path with different value: C:\Users\aditi\.stmcufinder\plugins\mcufinder/ => C:\Users\aditi\.stmcufinder\plugins\mcufinder
2025-12-29 22:36:12,440 [WARN] DbFile:41 - Overriding database path with different value: C:\Users\aditi\.stmcufinder\plugins\mcufinder/ => C:\Users\aditi\.stmcufinder\plugins\mcufinder
2025-12-29 22:36:12,440 [INFO] CrossReferenceDbSqlite:203 - Set database path to: C:\Users\aditi\.stmcufinder\plugins\mcufinder//mcu/cs/
2025-12-29 22:36:12,525 [INFO] MainPanel:274 - HeapMemory: 268435456
2025-12-29 22:36:12,662 [INFO] DbMcusXml:78 - Set database path to: C:\ST\STM32CubeIDE_1.19.0\STM32CubeIDE\plugins\com.st.stm32cube.common.mx_6.15.0.202507011659\\db\/mcu/
2025-12-29 22:36:12,662 [INFO] ApiDb:274 - Set plugin database path to: C:\ST\STM32CubeIDE_1.19.0\STM32CubeIDE\plugins\com.st.stm32cube.common.mx_6.15.0.202507011659\\db\/plugins/boardmanager/
2025-12-29 22:36:12,663 [INFO] ApiDb:261 - Set plugin images path to: C:\ST\STM32CubeIDE_1.19.0\STM32CubeIDE\plugins\com.st.stm32cube.common.mx_6.15.0.202507011659\\db\/plugins/mcufinder/images/
2025-12-29 22:36:12,663 [WARN] DbFile:41 - Overriding database path with different value: C:\Users\aditi\.stmcufinder\plugins\mcufinder/ => C:\Users\aditi\.stmcufinder\plugins\mcufinder
2025-12-29 22:36:12,663 [INFO] ApiDb:250 - Set database path to: C:\Users\aditi\.stmcufinder\plugins\mcufinder//mcu/
2025-12-29 22:36:12,663 [WARN] DbFile:41 - Overriding database path with different value: C:\Users\aditi\.stmcufinder\plugins\mcufinder/ => C:\Users\aditi\.stmcufinder\plugins\mcufinder
2025-12-29 22:36:12,663 [INFO] DbMcusAds:125 - Set database path to: C:\Users\aditi\.stmcufinder\plugins\mcufinder//mcu/
2025-12-29 22:36:12,664 [WARN] DbFile:41 - Overriding database path with different value: C:\Users\aditi\.stmcufinder\plugins\mcufinder/ => C:\Users\aditi\.stmcufinder\plugins\mcufinder
2025-12-29 22:36:12,664 [WARN] DbFile:41 - Overriding database path with different value: C:\Users\aditi\.stmcufinder\plugins\mcufinder/ => C:\Users\aditi\.stmcufinder\plugins\mcufinder
2025-12-29 22:36:12,664 [INFO] CrossReferenceDbSqlite:203 - Set database path to: C:\Users\aditi\.stmcufinder\plugins\mcufinder//mcu/cs/
2025-12-29 22:36:12,697 [INFO] ApplicationProperties:184 - Using Application install path: C:\ST\STM32CubeIDE_1.19.0\STM32CubeIDE\plugins\com.st.stm32cube.common.mx_6.15.0.202507011659
2025-12-29 22:36:12,699 [INFO] PluginManage:196 - Search for loadable plugins [exclusion list=, ]
2025-12-29 22:36:12,701 [INFO] PluginManage:310 - Check plugin analytics
2025-12-29 22:36:13,050 [INFO] AnalyticsPlugin:253 - Accepted Software Licenses: 
2025-12-29 22:36:13,051 [INFO] AnalyticsPlugin:255 - Accepted CMSIS Pack Licenses: 
2025-12-29 22:36:13,051 [INFO] AnalyticsPlugin:257 - Accepted Firmware Licenses: FW.F4.1.28.0
2025-12-29 22:36:13,057 [INFO] PluginManage:359 - Loaded plugin analytics (category:tool,tabindex:-1)
2025-12-29 22:36:13,058 [INFO] PluginManage:310 - Check plugin cadmodel
2025-12-29 22:36:13,065 [INFO] CADModel:105 - Init CAD model plugin
2025-12-29 22:36:13,065 [INFO] PluginManage:359 - Loaded plugin cadmodel (category:power,tabindex:5)
2025-12-29 22:36:13,065 [INFO] PluginManage:310 - Check plugin clock
2025-12-29 22:36:13,084 [INFO] PluginManage:359 - Loaded plugin clock (category:base,tabindex:2)
2025-12-29 22:36:13,084 [INFO] PluginManage:310 - Check plugin ddr
2025-12-29 22:36:13,088 [INFO] PluginManage:359 - Loaded plugin ddr (category:tool,tabindex:6)
2025-12-29 22:36:13,089 [INFO] PluginManage:310 - Check plugin filemanager
2025-12-29 22:36:13,308 [INFO] PluginManage:359 - Loaded plugin filemanager (category:base,tabindex:10)
2025-12-29 22:36:13,309 [INFO] PluginManage:310 - Check plugin ipmanager
2025-12-29 22:36:13,317 [INFO] PluginManage:359 - Loaded plugin ipmanager (category:base,tabindex:5)
2025-12-29 22:36:13,317 [INFO] PluginManage:310 - Check plugin lpbam
2025-12-29 22:36:13,331 [INFO] PluginManage:359 - Loaded plugin lpbam (category:base,tabindex:0)
2025-12-29 22:36:13,331 [INFO] PluginManage:310 - Check plugin memorymap
2025-12-29 22:36:13,350 [INFO] PluginManage:359 - Loaded plugin memorymap (category:base,tabindex:4)
2025-12-29 22:36:13,350 [INFO] PluginManage:310 - Check plugin pinoutandconfiguration
2025-12-29 22:36:13,363 [INFO] PluginManage:359 - Loaded plugin pinoutandconfiguration (category:base,tabindex:1)
2025-12-29 22:36:13,363 [INFO] PluginManage:310 - Check plugin pinoutconfig
2025-12-29 22:36:13,504 [WARN] SupportedApi:132 - Cannot load RTOS API schema: s4s-elt-must-match.1: The content of 'definitions' must match (annotation?, (simpleType | complexType)?, (unique | key | keyref)*)). A problem was found starting at: attribute.
2025-12-29 22:36:13,694 [INFO] PluginManage:359 - Loaded plugin pinoutconfig (category:base,tabindex:0)
2025-12-29 22:36:13,694 [INFO] PluginManage:310 - Check plugin power
2025-12-29 22:36:13,704 [INFO] PluginManage:359 - Loaded plugin power (category:power,tabindex:4)
2025-12-29 22:36:13,704 [INFO] PluginManage:310 - Check plugin projectmanager
2025-12-29 22:36:13,731 [INFO] PluginManage:359 - Loaded plugin projectmanager (category:projectmanager,tabindex:4)
2025-12-29 22:36:13,731 [INFO] PluginManage:310 - Check plugin rif
2025-12-29 22:36:13,741 [INFO] PluginManage:359 - Loaded plugin rif (category:base,tabindex:3)
2025-12-29 22:36:13,742 [INFO] PluginManage:310 - Check plugin thirdparty
2025-12-29 22:36:13,920 [INFO] PluginManage:359 - Loaded plugin thirdparty (category:base,tabindex:-1)
2025-12-29 22:36:13,921 [INFO] PluginManage:310 - Check plugin tools
2025-12-29 22:36:13,920 [WARN] IntegrityCheckThread:84 - waiting for thirdparty lock release [integrity check]
2025-12-29 22:36:13,921 [INFO] IntegrityCheckThread:86 - entering critical section [integrity check]
2025-12-29 22:36:13,922 [INFO] ThirdPartyUpdaterWithRetryManager:70 - Updater plugin not ready yet. [1/15]
2025-12-29 22:36:13,924 [INFO] PluginManage:359 - Loaded plugin tools (category:base,tabindex:7)
2025-12-29 22:36:13,925 [INFO] PluginManage:310 - Check plugin tutovideos
2025-12-29 22:36:14,103 [INFO] PluginManage:359 - Loaded plugin tutovideos (category:base,tabindex:-1)
2025-12-29 22:36:14,103 [INFO] PluginManage:310 - Check plugin updater
2025-12-29 22:36:14,126 [INFO] PluginManage:359 - Loaded plugin updater (category:base,tabindex:12)
2025-12-29 22:36:14,126 [INFO] PluginManage:310 - Check plugin userauth
2025-12-29 22:36:14,130 [INFO] UserAuth:118 - Init User Auth plugin
2025-12-29 22:36:14,131 [INFO] PluginManage:359 - Loaded plugin userauth (category:base,tabindex:14)
2025-12-29 22:36:14,132 [INFO] PluginManage:283 - PluginManage : Loaded plugins [18]
2025-12-29 22:36:14,349 [INFO] PinOutPanel:1589 - setPackage(No Configuration,No Configuration)
2025-12-29 22:36:14,442 [INFO] CADModel:165 - CPN selected for project level
2025-12-29 22:36:14,443 [INFO] CADModel:114 - Register for checkConnection events
2025-12-29 22:36:14,466 [INFO] IPUIPlugin:80 - create IPUIPlugin
2025-12-29 22:36:14,467 [INFO] PluginManager:220 - loadIPPluginJar : add adc
2025-12-29 22:36:14,471 [INFO] IPUIPlugin:80 - create IPUIPlugin
2025-12-29 22:36:14,472 [INFO] PluginManager:220 - loadIPPluginJar : add aes
2025-12-29 22:36:14,475 [INFO] IPUIPlugin:80 - create IPUIPlugin
2025-12-29 22:36:14,476 [INFO] PluginManager:220 - loadIPPluginJar : add can
2025-12-29 22:36:14,478 [INFO] IPUIPlugin:80 - create IPUIPlugin
2025-12-29 22:36:14,478 [INFO] PluginManager:220 - loadIPPluginJar : add comp
2025-12-29 22:36:14,481 [INFO] IPUIPlugin:80 - create IPUIPlugin
2025-12-29 22:36:14,481 [INFO] PluginManager:220 - loadIPPluginJar : add cryp
2025-12-29 22:36:14,489 [INFO] IPUIPlugin:80 - create IPUIPlugin
2025-12-29 22:36:14,489 [INFO] PluginManager:220 - loadIPPluginJar : add ddr_ctrl_phy
2025-12-29 22:36:14,497 [INFO] IPUIPlugin:80 - create IPUIPlugin
2025-12-29 22:36:14,498 [INFO] PluginManager:220 - loadIPPluginJar : add dfsdm
2025-12-29 22:36:14,511 [INFO] IPUIPlugin:80 - create IPUIPlugin
2025-12-29 22:36:14,513 [INFO] PluginManager:220 - loadIPPluginJar : add dma
2025-12-29 22:36:14,521 [INFO] IPUIPlugin:80 - create IPUIPlugin
2025-12-29 22:36:14,522 [INFO] PluginManager:220 - loadIPPluginJar : add dma3
2025-12-29 22:36:14,532 [INFO] IPUIPlugin:80 - create IPUIPlugin
2025-12-29 22:36:14,532 [INFO] PluginManager:220 - loadIPPluginJar : add extmemmanager
2025-12-29 22:36:14,535 [INFO] IPUIPlugin:80 - create IPUIPlugin
2025-12-29 22:36:14,536 [INFO] PluginManager:220 - loadIPPluginJar : add fatfs
2025-12-29 22:36:14,547 [INFO] IPUIPlugin:80 - create IPUIPlugin
2025-12-29 22:36:14,547 [INFO] PluginManager:220 - loadIPPluginJar : add fmc
2025-12-29 22:36:14,564 [INFO] IPUIPlugin:80 - create IPUIPlugin
2025-12-29 22:36:14,564 [INFO] PluginManager:220 - loadIPPluginJar : add freertos
2025-12-29 22:36:14,567 [INFO] IPUIPlugin:80 - create IPUIPlugin
2025-12-29 22:36:14,567 [INFO] PluginManager:220 - loadIPPluginJar : add genericplugin
2025-12-29 22:36:14,572 [INFO] IPUIPlugin:80 - create IPUIPlugin
2025-12-29 22:36:14,572 [INFO] PluginManager:220 - loadIPPluginJar : add gfxmmu
2025-12-29 22:36:14,583 [INFO] IPUIPlugin:80 - create IPUIPlugin
2025-12-29 22:36:14,584 [INFO] PluginManager:220 - loadIPPluginJar : add gic
2025-12-29 22:36:14,596 [INFO] IPUIPlugin:80 - create IPUIPlugin
2025-12-29 22:36:14,596 [INFO] PluginManager:220 - loadIPPluginJar : add gpio
2025-12-29 22:36:14,603 [INFO] IPUIPlugin:80 - create IPUIPlugin
2025-12-29 22:36:14,603 [INFO] PluginManager:220 - loadIPPluginJar : add gtzc
2025-12-29 22:36:14,611 [INFO] IPUIPlugin:80 - create IPUIPlugin
2025-12-29 22:36:14,611 [INFO] PluginManager:220 - loadIPPluginJar : add hash
2025-12-29 22:36:14,617 [INFO] IPUIPlugin:80 - create IPUIPlugin
2025-12-29 22:36:14,617 [INFO] PluginManager:220 - loadIPPluginJar : add i2c
2025-12-29 22:36:14,623 [INFO] IPUIPlugin:80 - create IPUIPlugin
2025-12-29 22:36:14,623 [INFO] PluginManager:220 - loadIPPluginJar : add i2s
2025-12-29 22:36:14,628 [INFO] IPUIPlugin:80 - create IPUIPlugin
2025-12-29 22:36:14,629 [INFO] PluginManager:220 - loadIPPluginJar : add i3c
2025-12-29 22:36:14,636 [INFO] IPUIPlugin:80 - create IPUIPlugin
2025-12-29 22:36:14,636 [INFO] PluginManager:220 - loadIPPluginJar : add ipddr
2025-12-29 22:36:14,647 [INFO] IPUIPlugin:80 - create IPUIPlugin
2025-12-29 22:36:14,648 [INFO] PluginManager:220 - loadIPPluginJar : add linkedlist
2025-12-29 22:36:14,654 [INFO] IPUIPlugin:80 - create IPUIPlugin
2025-12-29 22:36:14,655 [INFO] PluginManager:220 - loadIPPluginJar : add lorawan
2025-12-29 22:36:14,659 [INFO] IPUIPlugin:80 - create IPUIPlugin
2025-12-29 22:36:14,659 [INFO] PluginManager:220 - loadIPPluginJar : add ltdc
2025-12-29 22:36:14,666 [INFO] IPUIPlugin:80 - create IPUIPlugin
2025-12-29 22:36:14,667 [INFO] PluginManager:220 - loadIPPluginJar : add mdma
2025-12-29 22:36:14,674 [INFO] IPUIPlugin:80 - create IPUIPlugin
2025-12-29 22:36:14,674 [INFO] PluginManager:220 - loadIPPluginJar : add nvic
2025-12-29 22:36:14,681 [INFO] IPUIPlugin:80 - create IPUIPlugin
2025-12-29 22:36:14,681 [INFO] PluginManager:220 - loadIPPluginJar : add opamp
2025-12-29 22:36:14,686 [INFO] IPUIPlugin:80 - create IPUIPlugin
2025-12-29 22:36:14,686 [INFO] PluginManager:220 - loadIPPluginJar : add openamp
2025-12-29 22:36:14,693 [INFO] IPUIPlugin:80 - create IPUIPlugin
2025-12-29 22:36:14,693 [INFO] PluginManager:220 - loadIPPluginJar : add pdm2pcm
2025-12-29 22:36:14,702 [INFO] IPUIPlugin:80 - create IPUIPlugin
2025-12-29 22:36:14,709 [INFO] PluginManager:220 - loadIPPluginJar : add plateformsettings
2025-12-29 22:36:14,712 [INFO] IPUIPlugin:80 - create IPUIPlugin
2025-12-29 22:36:14,713 [INFO] PluginManager:220 - loadIPPluginJar : add quadspi
2025-12-29 22:36:14,715 [INFO] IPUIPlugin:80 - create IPUIPlugin
2025-12-29 22:36:14,716 [INFO] PluginManager:220 - loadIPPluginJar : add radio
2025-12-29 22:36:14,723 [INFO] IPUIPlugin:80 - create IPUIPlugin
2025-12-29 22:36:14,723 [INFO] PluginManager:220 - loadIPPluginJar : add resmgrutility
2025-12-29 22:36:14,728 [INFO] IPUIPlugin:80 - create IPUIPlugin
2025-12-29 22:36:14,728 [INFO] PluginManager:220 - loadIPPluginJar : add sai
2025-12-29 22:36:14,733 [INFO] IPUIPlugin:80 - create IPUIPlugin
2025-12-29 22:36:14,733 [INFO] PluginManager:220 - loadIPPluginJar : add spi
2025-12-29 22:36:14,744 [INFO] IPUIPlugin:80 - create IPUIPlugin
2025-12-29 22:36:14,744 [INFO] PluginManager:220 - loadIPPluginJar : add stm32_wpan
2025-12-29 22:36:14,747 [INFO] IPUIPlugin:80 - create IPUIPlugin
2025-12-29 22:36:14,747 [INFO] PluginManager:220 - loadIPPluginJar : add tim
2025-12-29 22:36:14,753 [INFO] IPUIPlugin:80 - create IPUIPlugin
2025-12-29 22:36:14,754 [INFO] PluginManager:220 - loadIPPluginJar : add touchsensing
2025-12-29 22:36:14,757 [INFO] IPUIPlugin:80 - create IPUIPlugin
2025-12-29 22:36:14,757 [INFO] PluginManager:220 - loadIPPluginJar : add tracer_emb
2025-12-29 22:36:14,759 [INFO] IPUIPlugin:80 - create IPUIPlugin
2025-12-29 22:36:14,759 [INFO] PluginManager:220 - loadIPPluginJar : add ts
2025-12-29 22:36:14,761 [INFO] IPUIPlugin:80 - create IPUIPlugin
2025-12-29 22:36:14,762 [INFO] PluginManager:220 - loadIPPluginJar : add tsc
2025-12-29 22:36:14,763 [INFO] IPUIPlugin:80 - create IPUIPlugin
2025-12-29 22:36:14,764 [INFO] PluginManager:220 - loadIPPluginJar : add ucpd
2025-12-29 22:36:14,770 [INFO] IPUIPlugin:80 - create IPUIPlugin
2025-12-29 22:36:14,770 [INFO] PluginManager:220 - loadIPPluginJar : add usart
2025-12-29 22:36:14,776 [INFO] IPUIPlugin:80 - create IPUIPlugin
2025-12-29 22:36:14,776 [INFO] PluginManager:220 - loadIPPluginJar : add usbx
2025-12-29 22:36:14,917 [FATAL] Updater:351 - Updater called before beeing initialized
2025-12-29 22:36:14,999 [INFO] RulesReader:64 - Compatibility file has been processed (317 Rules)
2025-12-29 22:36:15,023 [INFO] RulesReader:64 - Compatibility file has been processed (317 Rules)
2025-12-29 22:36:15,045 [INFO] CADModel:165 - CPN selected for project level
2025-12-29 22:36:15,045 [INFO] CADModel:114 - Register for checkConnection events
2025-12-29 22:36:15,046 [FATAL] Updater:351 - Updater called before beeing initialized
2025-12-29 22:36:15,046 [ERROR] CADModel:125 - Updater not yet initialized, retry later 
2025-12-29 22:36:15,201 [FATAL] Updater:351 - Updater called before beeing initialized
2025-12-29 22:36:15,203 [INFO] CADModel:165 - CPN selected for project level
2025-12-29 22:36:15,203 [INFO] CADModel:114 - Register for checkConnection events
2025-12-29 22:36:15,203 [FATAL] Updater:351 - Updater called before beeing initialized
2025-12-29 22:36:15,203 [ERROR] CADModel:125 - Updater not yet initialized, retry later 
2025-12-29 22:36:15,206 [FATAL] Updater:351 - Updater called before beeing initialized
2025-12-29 22:36:15,328 [FATAL] Updater:351 - Updater called before beeing initialized
2025-12-29 22:36:15,331 [INFO] DbMcusAds:53 - JSON generation date=Tue Dec 16 04:41:46 IST 2025 (1765840306612)
2025-12-29 22:36:15,331 [FATAL] Updater:351 - Updater called before beeing initialized
2025-12-29 22:36:15,361 [WARN] DetailPanel:346 - Failed to get advertising image, set to default
2025-12-29 22:36:15,438 [FATAL] Updater:351 - Updater called before beeing initialized
2025-12-29 22:36:15,439 [FATAL] Updater:351 - Updater called before beeing initialized
2025-12-29 22:36:15,439 [FATAL] Updater:351 - Updater called before beeing initialized
2025-12-29 22:36:15,440 [WARN] DetailPanel:346 - Failed to get advertising image, set to default
2025-12-29 22:36:15,441 [FATAL] Updater:351 - Updater called before beeing initialized
2025-12-29 22:36:15,483 [ERROR] Updater:1198 - MainUpdater not yet initialized. External WinMGr cannot be set.
2025-12-29 22:36:15,484 [INFO] Updater:1134 - Updater Version found : 6.15.0
2025-12-29 22:36:15,497 [INFO] ApplicationProperties:184 - Using Application install path: C:\ST\STM32CubeIDE_1.19.0\STM32CubeIDE\plugins\com.st.stm32cube.common.mx_6.15.0.202507011659
2025-12-29 22:36:16,924 [INFO] ThirdPartyUpdaterWithRetryManager:70 - Updater plugin not ready yet. [2/15]
2025-12-29 22:36:17,065 [ERROR] LogOutputStream:75 - [STDERR_REDIRECT] Dec 29, 2025 10:36:17 PM java.util.prefs.WindowsPreferences <init>
2025-12-29 22:36:17,067 [ERROR] LogOutputStream:75 - [STDERR_REDIRECT] WARNING: Could not open/create prefs root node Software\JavaSoft\Prefs at root 0xffffffff80000002. Windows RegCreateKeyEx(...) returned error code 5.
2025-12-29 22:36:17,067 [ERROR] LogOutputStream:75 - [STDERR_REDIRECT] 
2025-12-29 22:36:17,816 [INFO] MainUpdater:2872 - connection check result : 10
2025-12-29 22:36:17,817 [INFO] MainUpdater:289 - Updater Check For Update Now.
2025-12-29 22:36:17,817 [INFO] MicroXplorer:498 - Change Database Version : DB.6.0.150
2025-12-29 22:36:17,823 [INFO] McuFinderGlobals:63 - Set McuFinder mode to 2 (CubeIDE integrated)
2025-12-29 22:36:17,824 [INFO] UserAuth:487 - Internet connection configuration mode: 1
2025-12-29 22:36:17,858 [INFO] JxBrowserEngine:152 - Initiate JxBrowser Engine with user profile folder
2025-12-29 22:36:18,075 [INFO] CheckServerUpdateThread:120 - End of CheckServer Thread
2025-12-29 22:36:18,691 [INFO] WebApp:169 - Instantiating new browser for Auth
2025-12-29 22:36:19,408 [INFO] WebApp:463 - Apply proxy settings
2025-12-29 22:36:19,408 [INFO] WebApp:548 - Chromium requires no authentication
2025-12-29 22:36:19,416 [INFO] WebApp:491 - Direct internet connection detected
2025-12-29 22:36:19,441 [INFO] WebApp:900 - Register for checkConnection events
2025-12-29 22:36:19,442 [INFO] WebApp:463 - Apply proxy settings
2025-12-29 22:36:19,442 [INFO] WebApp:548 - Chromium requires no authentication
2025-12-29 22:36:19,443 [INFO] WebApp:491 - Direct internet connection detected
2025-12-29 22:36:19,597 [INFO] WebApp:225 - Starting web application
2025-12-29 22:36:19,597 [INFO] WebApp:593 - Web application path used C:\ST\STM32CubeIDE_1.19.0\STM32CubeIDE\plugins\com.st.stm32cube.common.mx_6.15.0.202507011659\db\plugins\mcufinder\reactClient1\index.html
2025-12-29 22:36:19,690 [INFO] UserAuth:487 - Internet connection configuration mode: 1
2025-12-29 22:36:20,229 [INFO] WebApp:191 - Connection restablished
2025-12-29 22:36:20,257 [WARN] PackLoader:240 - Cannot read IP mode file for STMicroelectronics.FP-SNS-MOTENVWB1.1.4.0
2025-12-29 22:36:20,268 [WARN] PackLoader:240 - Cannot read IP mode file for STMicroelectronics.FP-ATR-ASTRA1.2.0.2
2025-12-29 22:36:20,281 [WARN] PackLoader:240 - Cannot read IP mode file for STMicroelectronics.X-CUBE-SMBUS.2.1.0
2025-12-29 22:36:20,332 [WARN] PackLoader:240 - Cannot read IP mode file for STMicroelectronics.X-CUBE-AZRTOS-F7.1.1.0
2025-12-29 22:36:20,354 [WARN] PackLoader:240 - Cannot read IP mode file for STMicroelectronics.X-CUBE-DISPLAY.3.0.0
2025-12-29 22:36:20,381 [WARN] PackLoader:240 - Cannot read IP mode file for STMicroelectronics.X-CUBE-NFC10.1.0.0
2025-12-29 22:36:20,393 [WARN] PackLoader:240 - Cannot read IP mode file for STMicroelectronics.FP-SNS-SMARTAG2.1.2.0
2025-12-29 22:36:20,400 [WARN] PackLoader:240 - Cannot read IP mode file for STMicroelectronics.FP-SNS-FLIGHT1.5.1.0
2025-12-29 22:36:20,423 [INFO] LogOutputStream:77 - [STDOUT_REDIRECT] 1 : Invalid condition id : UX_CORESTACK_Condition cause : null
2025-12-29 22:36:20,425 [INFO] LogOutputStream:77 - [STDOUT_REDIRECT] 1 : Invalid condition id : UX_CORESTACK_Condition cause : null
2025-12-29 22:36:20,427 [INFO] LogOutputStream:77 - [STDOUT_REDIRECT] 1 : Invalid condition id : UX_CORESTACK_Condition cause : null
2025-12-29 22:36:20,432 [INFO] LogOutputStream:77 - [STDOUT_REDIRECT] 1 : Invalid condition id : UX_CORESTACK_Condition cause : null
2025-12-29 22:36:20,435 [INFO] LogOutputStream:77 - [STDOUT_REDIRECT] 1 : Invalid condition id : UX_CORESTACK_Condition cause : null
2025-12-29 22:36:20,439 [WARN] PackLoader:240 - Cannot read IP mode file for STMicroelectronics.X-CUBE-AZRTOS-WL.2.0.0
2025-12-29 22:36:20,450 [WARN] PackLoader:240 - Cannot read IP mode file for STMicroelectronics.X-CUBE-BLE2.3.3.0
2025-12-29 22:36:20,459 [WARN] PackLoader:240 - Cannot read IP mode file for STMicroelectronics.X-CUBE-NFC9.1.0.0
2025-12-29 22:36:20,471 [WARN] PackLoader:240 - Cannot read IP mode file for STMicroelectronics.X-CUBE-BLE1.7.1.0
2025-12-29 22:36:20,492 [WARN] PackLoader:240 - Cannot read IP mode file for STMicroelectronics.X-CUBE-AZRTOS-G0.1.1.0
2025-12-29 22:36:20,506 [WARN] PackLoader:240 - Cannot read IP mode file for STMicroelectronics.X-CUBE-NFC4.3.0.0
2025-12-29 22:36:20,519 [WARN] PackLoader:240 - Cannot read IP mode file for STMicroelectronics.X-CUBE-WB05N.2.0.0
2025-12-29 22:36:20,531 [WARN] PackLoader:240 - Cannot read IP mode file for STMicroelectronics.X-CUBE-TCPP.4.2.0
2025-12-29 22:36:20,542 [WARN] PackLoader:240 - Cannot read IP mode file for STMicroelectronics.FP-ATR-SIGFOX1.3.2.0
2025-12-29 22:36:20,556 [WARN] PackLoader:240 - Cannot read IP mode file for STMicroelectronics.X-CUBE-ALGOBUILD.1.4.0
2025-12-29 22:36:20,566 [WARN] PackLoader:240 - Cannot read IP mode file for STMicroelectronics.X-CUBE-PM33A1.1.0.0
2025-12-29 22:36:20,612 [WARN] PackLoader:240 - Cannot read IP mode file for STMicroelectronics.X-CUBE-AZRTOS-F4.1.1.0
2025-12-29 22:36:20,631 [WARN] PackLoader:240 - Cannot read IP mode file for STMicroelectronics.X-CUBE-ISPU.2.1.0
2025-12-29 22:36:20,660 [WARN] PackLoader:240 - Cannot read IP mode file for STMicroelectronics.X-CUBE-AZRTOS-L5.2.0.0
2025-12-29 22:36:20,676 [WARN] PackLoader:240 - Cannot read IP mode file for STMicroelectronics.X-CUBE-NFC6.3.1.0
2025-12-29 22:36:20,688 [WARN] PackLoader:240 - Cannot read IP mode file for STMicroelectronics.X-CUBE-DPower.1.3.0
2025-12-29 22:36:20,712 [WARN] ConditionMgr:438 - getConditionDescription Invalid condition id : LAN8742 Phy interface Condition cause : null
2025-12-29 22:36:20,713 [WARN] PackLoader:240 - Cannot read IP mode file for STMicroelectronics.X-CUBE-AZRTOS-L4.2.0.0
2025-12-29 22:36:20,715 [WARN] ConditionMgr:1044 - genDependencies : Invalid condition id : LAN8742 Phy interface Condition cause : null
2025-12-29 22:36:20,715 [WARN] ConditionMgr:1044 - genDependencies : Invalid condition id : LAN8742 Phy interface Condition cause : null
2025-12-29 22:36:20,716 [WARN] ConditionMgr:1044 - genDependencies : Invalid condition id : LAN8742 Phy interface Condition cause : null
2025-12-29 22:36:20,728 [WARN] PackLoader:240 - Cannot read IP mode file for STMicroelectronics.X-CUBE-SFXS2LP1.4.0.0
2025-12-29 22:36:20,747 [WARN] ConditionMgr:438 - getConditionDescription Invalid condition id : UX DEVICE CLASS RTOS Condition cause : null
2025-12-29 22:36:20,748 [WARN] ConditionMgr:438 - getConditionDescription Invalid condition id : UX DEVICE CLASS RTOS Condition cause : null
2025-12-29 22:36:20,750 [WARN] PackLoader:240 - Cannot read IP mode file for STMicroelectronics.X-CUBE-AZRTOS-WB.2.0.0
2025-12-29 22:36:20,751 [WARN] ConditionMgr:1044 - genDependencies : Invalid condition id : UX DEVICE CLASS RTOS Condition cause : null
2025-12-29 22:36:20,751 [WARN] ConditionMgr:1044 - genDependencies : Invalid condition id : UX DEVICE CLASS RTOS Condition cause : null
2025-12-29 22:36:20,752 [WARN] ConditionMgr:1044 - genDependencies : Invalid condition id : UX DEVICE CLASS RTOS Condition cause : null
2025-12-29 22:36:20,752 [WARN] ConditionMgr:1044 - genDependencies : Invalid condition id : UX DEVICE CLASS RTOS Condition cause : null
2025-12-29 22:36:20,753 [WARN] ConditionMgr:1044 - genDependencies : Invalid condition id : UX DEVICE CLASS RTOS Condition cause : null
2025-12-29 22:36:20,769 [WARN] PackLoader:240 - Cannot read IP mode file for STMicroelectronics.X-CUBE-SUBG2.5.0.0
2025-12-29 22:36:20,797 [WARN] PackLoader:240 - Cannot read IP mode file for STMicroelectronics.X-CUBE-AZRTOS-G4.2.0.0
2025-12-29 22:36:20,811 [WARN] PackLoader:240 - Cannot read IP mode file for STMicroelectronics.X-CUBE-NFC7.2.0.0
2025-12-29 22:36:20,823 [WARN] PackLoader:240 - Cannot read IP mode file for STMicroelectronics.X-CUBE-ALS.1.0.2
2025-12-29 22:36:20,845 [WARN] PackLoader:240 - Cannot read IP mode file for STMicroelectronics.X-CUBE-TOF1.3.4.3
2025-12-29 22:36:20,861 [INFO] ThirdParty:978 - Integrity check success = true
2025-12-29 22:36:20,861 [INFO] IntegrityCheckThread:100 - exiting critical section [integrity check]
2025-12-29 22:36:20,861 [INFO] IntegrityCheckThread:103 - End integrity checks thread
2025-12-29 22:38:25,260 [ERROR] LogOutputStream:75 - [STDERR_REDIRECT] 
2025-12-29 22:38:25,265 [ERROR] LogOutputStream:75 - [STDERR_REDIRECT] 
2025-12-29 22:38:58,874 [INFO] Activator:176 - 


2025-12-29 22:38:58,874 [INFO] Activator:177 - !SESSION log4j initialized
2025-12-29 22:39:06,263 [INFO] LogOutputStream:77 - [STDOUT_REDIRECT] 
2025-12-29 22:39:07,183 [INFO] ApplicationProperties:184 - Using Application install path: C:\ST\STM32CubeIDE_1.19.0\STM32CubeIDE\plugins\com.st.stm32cube.common.mx_6.15.0.202507011659
2025-12-29 22:39:07,204 [INFO] DbMcusXml:78 - Set database path to: C:\ST\STM32CubeIDE_1.19.0\STM32CubeIDE\plugins\com.st.stm32cube.common.mx_6.15.0.202507011659\\db\/mcu/
2025-12-29 22:39:07,205 [INFO] ApiDb:274 - Set plugin database path to: C:\ST\STM32CubeIDE_1.19.0\STM32CubeIDE\plugins\com.st.stm32cube.common.mx_6.15.0.202507011659\\db\/plugins/boardmanager/
2025-12-29 22:39:07,205 [WARN] ApiDb:259 - Overriding images path with different value:  => C:\ST\STM32CubeIDE_1.19.0\STM32CubeIDE\plugins\com.st.stm32cube.common.mx_6.15.0.202507011659\\db\/plugins/mcufinder/images/
2025-12-29 22:39:07,216 [INFO] ApiDb:250 - Set database path to: C:\Users\aditi\.stmcufinder\plugins\mcufinder//mcu/
2025-12-29 22:39:07,219 [INFO] DbMcusAds:125 - Set database path to: C:\Users\aditi\.stmcufinder\plugins\mcufinder//mcu/
2025-12-29 22:39:07,223 [INFO] CrossReferenceDbSqlite:203 - Set database path to: C:\Users\aditi\.stmcufinder\plugins\mcufinder//mcu/cs/
2025-12-29 22:39:07,292 [INFO] DbMcusXml:78 - Set database path to: C:\ST\STM32CubeIDE_1.19.0\STM32CubeIDE\plugins\com.st.stm32cube.common.mx_6.15.0.202507011659\\db\/mcu/
2025-12-29 22:39:07,292 [INFO] ApiDb:274 - Set plugin database path to: C:\ST\STM32CubeIDE_1.19.0\STM32CubeIDE\plugins\com.st.stm32cube.common.mx_6.15.0.202507011659\\db\/plugins/boardmanager/
2025-12-29 22:39:07,292 [INFO] ApiDb:261 - Set plugin images path to: C:\ST\STM32CubeIDE_1.19.0\STM32CubeIDE\plugins\com.st.stm32cube.common.mx_6.15.0.202507011659\\db\/plugins/mcufinder/images/
2025-12-29 22:39:07,292 [WARN] DbFile:41 - Overriding database path with different value: C:\Users\aditi\.stmcufinder\plugins\mcufinder/ => C:\Users\aditi\.stmcufinder\plugins\mcufinder
2025-12-29 22:39:07,293 [INFO] ApiDb:250 - Set database path to: C:\Users\aditi\.stmcufinder\plugins\mcufinder//mcu/
2025-12-29 22:39:07,293 [WARN] DbFile:41 - Overriding database path with different value: C:\Users\aditi\.stmcufinder\plugins\mcufinder/ => C:\Users\aditi\.stmcufinder\plugins\mcufinder
2025-12-29 22:39:07,293 [INFO] DbMcusAds:125 - Set database path to: C:\Users\aditi\.stmcufinder\plugins\mcufinder//mcu/
2025-12-29 22:39:07,293 [WARN] DbFile:41 - Overriding database path with different value: C:\Users\aditi\.stmcufinder\plugins\mcufinder/ => C:\Users\aditi\.stmcufinder\plugins\mcufinder
2025-12-29 22:39:07,293 [WARN] DbFile:41 - Overriding database path with different value: C:\Users\aditi\.stmcufinder\plugins\mcufinder/ => C:\Users\aditi\.stmcufinder\plugins\mcufinder
2025-12-29 22:39:07,293 [INFO] CrossReferenceDbSqlite:203 - Set database path to: C:\Users\aditi\.stmcufinder\plugins\mcufinder//mcu/cs/
2025-12-29 22:39:07,375 [INFO] MainPanel:274 - HeapMemory: 268435456
2025-12-29 22:39:07,490 [INFO] DbMcusXml:78 - Set database path to: C:\ST\STM32CubeIDE_1.19.0\STM32CubeIDE\plugins\com.st.stm32cube.common.mx_6.15.0.202507011659\\db\/mcu/
2025-12-29 22:39:07,490 [INFO] ApiDb:274 - Set plugin database path to: C:\ST\STM32CubeIDE_1.19.0\STM32CubeIDE\plugins\com.st.stm32cube.common.mx_6.15.0.202507011659\\db\/plugins/boardmanager/
2025-12-29 22:39:07,491 [INFO] ApiDb:261 - Set plugin images path to: C:\ST\STM32CubeIDE_1.19.0\STM32CubeIDE\plugins\com.st.stm32cube.common.mx_6.15.0.202507011659\\db\/plugins/mcufinder/images/
2025-12-29 22:39:07,492 [WARN] DbFile:41 - Overriding database path with different value: C:\Users\aditi\.stmcufinder\plugins\mcufinder/ => C:\Users\aditi\.stmcufinder\plugins\mcufinder
2025-12-29 22:39:07,492 [INFO] ApiDb:250 - Set database path to: C:\Users\aditi\.stmcufinder\plugins\mcufinder//mcu/
2025-12-29 22:39:07,492 [WARN] DbFile:41 - Overriding database path with different value: C:\Users\aditi\.stmcufinder\plugins\mcufinder/ => C:\Users\aditi\.stmcufinder\plugins\mcufinder
2025-12-29 22:39:07,492 [INFO] DbMcusAds:125 - Set database path to: C:\Users\aditi\.stmcufinder\plugins\mcufinder//mcu/
2025-12-29 22:39:07,492 [WARN] DbFile:41 - Overriding database path with different value: C:\Users\aditi\.stmcufinder\plugins\mcufinder/ => C:\Users\aditi\.stmcufinder\plugins\mcufinder
2025-12-29 22:39:07,493 [WARN] DbFile:41 - Overriding database path with different value: C:\Users\aditi\.stmcufinder\plugins\mcufinder/ => C:\Users\aditi\.stmcufinder\plugins\mcufinder
2025-12-29 22:39:07,493 [INFO] CrossReferenceDbSqlite:203 - Set database path to: C:\Users\aditi\.stmcufinder\plugins\mcufinder//mcu/cs/
2025-12-29 22:39:07,539 [INFO] ApplicationProperties:184 - Using Application install path: C:\ST\STM32CubeIDE_1.19.0\STM32CubeIDE\plugins\com.st.stm32cube.common.mx_6.15.0.202507011659
2025-12-29 22:39:07,541 [INFO] PluginManage:196 - Search for loadable plugins [exclusion list=, ]
2025-12-29 22:39:07,544 [INFO] PluginManage:310 - Check plugin analytics
2025-12-29 22:39:07,814 [INFO] AnalyticsPlugin:253 - Accepted Software Licenses: 
2025-12-29 22:39:07,814 [INFO] AnalyticsPlugin:255 - Accepted CMSIS Pack Licenses: 
2025-12-29 22:39:07,815 [INFO] AnalyticsPlugin:257 - Accepted Firmware Licenses: FW.F4.1.28.0
2025-12-29 22:39:07,821 [INFO] PluginManage:359 - Loaded plugin analytics (category:tool,tabindex:-1)
2025-12-29 22:39:07,822 [INFO] PluginManage:310 - Check plugin cadmodel
2025-12-29 22:39:07,829 [INFO] CADModel:105 - Init CAD model plugin
2025-12-29 22:39:07,830 [INFO] PluginManage:359 - Loaded plugin cadmodel (category:power,tabindex:5)
2025-12-29 22:39:07,830 [INFO] PluginManage:310 - Check plugin clock
2025-12-29 22:39:07,843 [INFO] PluginManage:359 - Loaded plugin clock (category:base,tabindex:2)
2025-12-29 22:39:07,843 [INFO] PluginManage:310 - Check plugin ddr
2025-12-29 22:39:07,847 [INFO] PluginManage:359 - Loaded plugin ddr (category:tool,tabindex:6)
2025-12-29 22:39:07,848 [INFO] PluginManage:310 - Check plugin filemanager
2025-12-29 22:39:08,043 [INFO] PluginManage:359 - Loaded plugin filemanager (category:base,tabindex:10)
2025-12-29 22:39:08,043 [INFO] PluginManage:310 - Check plugin ipmanager
2025-12-29 22:39:08,051 [INFO] PluginManage:359 - Loaded plugin ipmanager (category:base,tabindex:5)
2025-12-29 22:39:08,051 [INFO] PluginManage:310 - Check plugin lpbam
2025-12-29 22:39:08,061 [INFO] PluginManage:359 - Loaded plugin lpbam (category:base,tabindex:0)
2025-12-29 22:39:08,061 [INFO] PluginManage:310 - Check plugin memorymap
2025-12-29 22:39:08,075 [INFO] PluginManage:359 - Loaded plugin memorymap (category:base,tabindex:4)
2025-12-29 22:39:08,075 [INFO] PluginManage:310 - Check plugin pinoutandconfiguration
2025-12-29 22:39:08,084 [INFO] PluginManage:359 - Loaded plugin pinoutandconfiguration (category:base,tabindex:1)
2025-12-29 22:39:08,084 [INFO] PluginManage:310 - Check plugin pinoutconfig
2025-12-29 22:39:08,187 [WARN] SupportedApi:132 - Cannot load RTOS API schema: s4s-elt-must-match.1: The content of 'definitions' must match (annotation?, (simpleType | complexType)?, (unique | key | keyref)*)). A problem was found starting at: attribute.
2025-12-29 22:39:08,343 [INFO] PluginManage:359 - Loaded plugin pinoutconfig (category:base,tabindex:0)
2025-12-29 22:39:08,343 [INFO] PluginManage:310 - Check plugin power
2025-12-29 22:39:08,351 [INFO] PluginManage:359 - Loaded plugin power (category:power,tabindex:4)
2025-12-29 22:39:08,352 [INFO] PluginManage:310 - Check plugin projectmanager
2025-12-29 22:39:08,376 [INFO] PluginManage:359 - Loaded plugin projectmanager (category:projectmanager,tabindex:4)
2025-12-29 22:39:08,376 [INFO] PluginManage:310 - Check plugin rif
2025-12-29 22:39:08,387 [INFO] PluginManage:359 - Loaded plugin rif (category:base,tabindex:3)
2025-12-29 22:39:08,387 [INFO] PluginManage:310 - Check plugin thirdparty
2025-12-29 22:39:08,580 [INFO] PluginManage:359 - Loaded plugin thirdparty (category:base,tabindex:-1)
2025-12-29 22:39:08,580 [WARN] IntegrityCheckThread:84 - waiting for thirdparty lock release [integrity check]
2025-12-29 22:39:08,582 [INFO] PluginManage:310 - Check plugin tools
2025-12-29 22:39:08,582 [INFO] IntegrityCheckThread:86 - entering critical section [integrity check]
2025-12-29 22:39:08,583 [INFO] ThirdPartyUpdaterWithRetryManager:70 - Updater plugin not ready yet. [1/15]
2025-12-29 22:39:08,585 [INFO] PluginManage:359 - Loaded plugin tools (category:base,tabindex:7)
2025-12-29 22:39:08,586 [INFO] PluginManage:310 - Check plugin tutovideos
2025-12-29 22:39:08,809 [INFO] PluginManage:359 - Loaded plugin tutovideos (category:base,tabindex:-1)
2025-12-29 22:39:08,809 [INFO] PluginManage:310 - Check plugin updater
2025-12-29 22:39:08,845 [INFO] PluginManage:359 - Loaded plugin updater (category:base,tabindex:12)
2025-12-29 22:39:08,845 [INFO] PluginManage:310 - Check plugin userauth
2025-12-29 22:39:08,849 [INFO] UserAuth:118 - Init User Auth plugin
2025-12-29 22:39:08,851 [INFO] PluginManage:359 - Loaded plugin userauth (category:base,tabindex:14)
2025-12-29 22:39:08,851 [INFO] PluginManage:283 - PluginManage : Loaded plugins [18]
2025-12-29 22:39:09,110 [INFO] PinOutPanel:1589 - setPackage(No Configuration,No Configuration)
2025-12-29 22:39:09,215 [INFO] CADModel:165 - CPN selected for project level
2025-12-29 22:39:09,215 [INFO] CADModel:114 - Register for checkConnection events
2025-12-29 22:39:09,239 [INFO] IPUIPlugin:80 - create IPUIPlugin
2025-12-29 22:39:09,240 [INFO] PluginManager:220 - loadIPPluginJar : add adc
2025-12-29 22:39:09,244 [INFO] IPUIPlugin:80 - create IPUIPlugin
2025-12-29 22:39:09,244 [INFO] PluginManager:220 - loadIPPluginJar : add aes
2025-12-29 22:39:09,249 [INFO] IPUIPlugin:80 - create IPUIPlugin
2025-12-29 22:39:09,249 [INFO] PluginManager:220 - loadIPPluginJar : add can
2025-12-29 22:39:09,252 [INFO] IPUIPlugin:80 - create IPUIPlugin
2025-12-29 22:39:09,252 [INFO] PluginManager:220 - loadIPPluginJar : add comp
2025-12-29 22:39:09,256 [INFO] IPUIPlugin:80 - create IPUIPlugin
2025-12-29 22:39:09,256 [INFO] PluginManager:220 - loadIPPluginJar : add cryp
2025-12-29 22:39:09,259 [INFO] IPUIPlugin:80 - create IPUIPlugin
2025-12-29 22:39:09,260 [INFO] PluginManager:220 - loadIPPluginJar : add ddr_ctrl_phy
2025-12-29 22:39:09,267 [INFO] IPUIPlugin:80 - create IPUIPlugin
2025-12-29 22:39:09,268 [INFO] PluginManager:220 - loadIPPluginJar : add dfsdm
2025-12-29 22:39:09,281 [INFO] IPUIPlugin:80 - create IPUIPlugin
2025-12-29 22:39:09,283 [INFO] PluginManager:220 - loadIPPluginJar : add dma
2025-12-29 22:39:09,289 [INFO] IPUIPlugin:80 - create IPUIPlugin
2025-12-29 22:39:09,289 [INFO] PluginManager:220 - loadIPPluginJar : add dma3
2025-12-29 22:39:09,294 [INFO] IPUIPlugin:80 - create IPUIPlugin
2025-12-29 22:39:09,296 [INFO] PluginManager:220 - loadIPPluginJar : add extmemmanager
2025-12-29 22:39:09,298 [INFO] IPUIPlugin:80 - create IPUIPlugin
2025-12-29 22:39:09,299 [INFO] PluginManager:220 - loadIPPluginJar : add fatfs
2025-12-29 22:39:09,309 [INFO] IPUIPlugin:80 - create IPUIPlugin
2025-12-29 22:39:09,310 [INFO] PluginManager:220 - loadIPPluginJar : add fmc
2025-12-29 22:39:09,320 [INFO] IPUIPlugin:80 - create IPUIPlugin
2025-12-29 22:39:09,321 [INFO] PluginManager:220 - loadIPPluginJar : add freertos
2025-12-29 22:39:09,323 [INFO] IPUIPlugin:80 - create IPUIPlugin
2025-12-29 22:39:09,324 [INFO] PluginManager:220 - loadIPPluginJar : add genericplugin
2025-12-29 22:39:09,328 [INFO] IPUIPlugin:80 - create IPUIPlugin
2025-12-29 22:39:09,328 [INFO] PluginManager:220 - loadIPPluginJar : add gfxmmu
2025-12-29 22:39:09,337 [INFO] IPUIPlugin:80 - create IPUIPlugin
2025-12-29 22:39:09,337 [INFO] PluginManager:220 - loadIPPluginJar : add gic
2025-12-29 22:39:09,344 [INFO] IPUIPlugin:80 - create IPUIPlugin
2025-12-29 22:39:09,344 [INFO] PluginManager:220 - loadIPPluginJar : add gpio
2025-12-29 22:39:09,353 [INFO] IPUIPlugin:80 - create IPUIPlugin
2025-12-29 22:39:09,353 [INFO] PluginManager:220 - loadIPPluginJar : add gtzc
2025-12-29 22:39:09,358 [INFO] IPUIPlugin:80 - create IPUIPlugin
2025-12-29 22:39:09,358 [INFO] PluginManager:220 - loadIPPluginJar : add hash
2025-12-29 22:39:09,364 [INFO] IPUIPlugin:80 - create IPUIPlugin
2025-12-29 22:39:09,364 [INFO] PluginManager:220 - loadIPPluginJar : add i2c
2025-12-29 22:39:09,370 [INFO] IPUIPlugin:80 - create IPUIPlugin
2025-12-29 22:39:09,371 [INFO] PluginManager:220 - loadIPPluginJar : add i2s
2025-12-29 22:39:09,377 [INFO] IPUIPlugin:80 - create IPUIPlugin
2025-12-29 22:39:09,377 [INFO] PluginManager:220 - loadIPPluginJar : add i3c
2025-12-29 22:39:09,387 [INFO] IPUIPlugin:80 - create IPUIPlugin
2025-12-29 22:39:09,387 [INFO] PluginManager:220 - loadIPPluginJar : add ipddr
2025-12-29 22:39:09,399 [INFO] IPUIPlugin:80 - create IPUIPlugin
2025-12-29 22:39:09,399 [INFO] PluginManager:220 - loadIPPluginJar : add linkedlist
2025-12-29 22:39:09,405 [INFO] IPUIPlugin:80 - create IPUIPlugin
2025-12-29 22:39:09,405 [INFO] PluginManager:220 - loadIPPluginJar : add lorawan
2025-12-29 22:39:09,408 [INFO] IPUIPlugin:80 - create IPUIPlugin
2025-12-29 22:39:09,409 [INFO] PluginManager:220 - loadIPPluginJar : add ltdc
2025-12-29 22:39:09,418 [INFO] IPUIPlugin:80 - create IPUIPlugin
2025-12-29 22:39:09,418 [INFO] PluginManager:220 - loadIPPluginJar : add mdma
2025-12-29 22:39:09,422 [INFO] IPUIPlugin:80 - create IPUIPlugin
2025-12-29 22:39:09,422 [INFO] PluginManager:220 - loadIPPluginJar : add nvic
2025-12-29 22:39:09,425 [INFO] IPUIPlugin:80 - create IPUIPlugin
2025-12-29 22:39:09,425 [INFO] PluginManager:220 - loadIPPluginJar : add opamp
2025-12-29 22:39:09,431 [INFO] IPUIPlugin:80 - create IPUIPlugin
2025-12-29 22:39:09,431 [INFO] PluginManager:220 - loadIPPluginJar : add openamp
2025-12-29 22:39:09,435 [INFO] IPUIPlugin:80 - create IPUIPlugin
2025-12-29 22:39:09,435 [INFO] PluginManager:220 - loadIPPluginJar : add pdm2pcm
2025-12-29 22:39:09,443 [INFO] IPUIPlugin:80 - create IPUIPlugin
2025-12-29 22:39:09,449 [INFO] PluginManager:220 - loadIPPluginJar : add plateformsettings
2025-12-29 22:39:09,452 [INFO] IPUIPlugin:80 - create IPUIPlugin
2025-12-29 22:39:09,452 [INFO] PluginManager:220 - loadIPPluginJar : add quadspi
2025-12-29 22:39:09,455 [INFO] IPUIPlugin:80 - create IPUIPlugin
2025-12-29 22:39:09,457 [INFO] PluginManager:220 - loadIPPluginJar : add radio
2025-12-29 22:39:09,463 [INFO] IPUIPlugin:80 - create IPUIPlugin
2025-12-29 22:39:09,463 [INFO] PluginManager:220 - loadIPPluginJar : add resmgrutility
2025-12-29 22:39:09,468 [INFO] IPUIPlugin:80 - create IPUIPlugin
2025-12-29 22:39:09,468 [INFO] PluginManager:220 - loadIPPluginJar : add sai
2025-12-29 22:39:09,473 [INFO] IPUIPlugin:80 - create IPUIPlugin
2025-12-29 22:39:09,474 [INFO] PluginManager:220 - loadIPPluginJar : add spi
2025-12-29 22:39:09,484 [INFO] IPUIPlugin:80 - create IPUIPlugin
2025-12-29 22:39:09,484 [INFO] PluginManager:220 - loadIPPluginJar : add stm32_wpan
2025-12-29 22:39:09,487 [INFO] IPUIPlugin:80 - create IPUIPlugin
2025-12-29 22:39:09,487 [INFO] PluginManager:220 - loadIPPluginJar : add tim
2025-12-29 22:39:09,493 [INFO] IPUIPlugin:80 - create IPUIPlugin
2025-12-29 22:39:09,493 [INFO] PluginManager:220 - loadIPPluginJar : add touchsensing
2025-12-29 22:39:09,497 [INFO] IPUIPlugin:80 - create IPUIPlugin
2025-12-29 22:39:09,498 [INFO] PluginManager:220 - loadIPPluginJar : add tracer_emb
2025-12-29 22:39:09,504 [INFO] IPUIPlugin:80 - create IPUIPlugin
2025-12-29 22:39:09,505 [INFO] PluginManager:220 - loadIPPluginJar : add ts
2025-12-29 22:39:09,507 [INFO] IPUIPlugin:80 - create IPUIPlugin
2025-12-29 22:39:09,507 [INFO] PluginManager:220 - loadIPPluginJar : add tsc
2025-12-29 22:39:09,510 [INFO] IPUIPlugin:80 - create IPUIPlugin
2025-12-29 22:39:09,510 [INFO] PluginManager:220 - loadIPPluginJar : add ucpd
2025-12-29 22:39:09,514 [INFO] IPUIPlugin:80 - create IPUIPlugin
2025-12-29 22:39:09,514 [INFO] PluginManager:220 - loadIPPluginJar : add usart
2025-12-29 22:39:09,517 [INFO] IPUIPlugin:80 - create IPUIPlugin
2025-12-29 22:39:09,517 [INFO] PluginManager:220 - loadIPPluginJar : add usbx
2025-12-29 22:39:09,661 [FATAL] Updater:351 - Updater called before beeing initialized
2025-12-29 22:39:09,741 [INFO] RulesReader:64 - Compatibility file has been processed (317 Rules)
2025-12-29 22:39:09,760 [INFO] RulesReader:64 - Compatibility file has been processed (317 Rules)
2025-12-29 22:39:09,772 [INFO] CADModel:165 - CPN selected for project level
2025-12-29 22:39:09,772 [INFO] CADModel:114 - Register for checkConnection events
2025-12-29 22:39:09,772 [FATAL] Updater:351 - Updater called before beeing initialized
2025-12-29 22:39:09,772 [ERROR] CADModel:125 - Updater not yet initialized, retry later 
2025-12-29 22:39:09,922 [FATAL] Updater:351 - Updater called before beeing initialized
2025-12-29 22:39:09,923 [INFO] CADModel:165 - CPN selected for project level
2025-12-29 22:39:09,924 [INFO] CADModel:114 - Register for checkConnection events
2025-12-29 22:39:09,924 [FATAL] Updater:351 - Updater called before beeing initialized
2025-12-29 22:39:09,924 [ERROR] CADModel:125 - Updater not yet initialized, retry later 
2025-12-29 22:39:09,928 [FATAL] Updater:351 - Updater called before beeing initialized
2025-12-29 22:39:10,039 [FATAL] Updater:351 - Updater called before beeing initialized
2025-12-29 22:39:10,044 [INFO] DbMcusAds:53 - JSON generation date=Tue Dec 16 04:41:46 IST 2025 (1765840306612)
2025-12-29 22:39:10,044 [FATAL] Updater:351 - Updater called before beeing initialized
2025-12-29 22:39:10,075 [WARN] DetailPanel:346 - Failed to get advertising image, set to default
2025-12-29 22:39:10,142 [FATAL] Updater:351 - Updater called before beeing initialized
2025-12-29 22:39:10,143 [FATAL] Updater:351 - Updater called before beeing initialized
2025-12-29 22:39:10,143 [FATAL] Updater:351 - Updater called before beeing initialized
2025-12-29 22:39:10,144 [WARN] DetailPanel:346 - Failed to get advertising image, set to default
2025-12-29 22:39:10,145 [FATAL] Updater:351 - Updater called before beeing initialized
2025-12-29 22:39:10,184 [ERROR] Updater:1198 - MainUpdater not yet initialized. External WinMGr cannot be set.
2025-12-29 22:39:10,187 [INFO] Updater:1134 - Updater Version found : 6.15.0
2025-12-29 22:39:10,202 [INFO] ApplicationProperties:184 - Using Application install path: C:\ST\STM32CubeIDE_1.19.0\STM32CubeIDE\plugins\com.st.stm32cube.common.mx_6.15.0.202507011659
2025-12-29 22:39:11,584 [INFO] ThirdPartyUpdaterWithRetryManager:70 - Updater plugin not ready yet. [2/15]
2025-12-29 22:39:11,784 [ERROR] LogOutputStream:75 - [STDERR_REDIRECT] Dec 29, 2025 10:39:11 PM java.util.prefs.WindowsPreferences <init>
2025-12-29 22:39:11,791 [ERROR] LogOutputStream:75 - [STDERR_REDIRECT] WARNING: Could not open/create prefs root node Software\JavaSoft\Prefs at root 0xffffffff80000002. Windows RegCreateKeyEx(...) returned error code 5.
2025-12-29 22:39:11,794 [ERROR] LogOutputStream:75 - [STDERR_REDIRECT] 
2025-12-29 22:39:12,785 [INFO] MainUpdater:2872 - connection check result : 10
2025-12-29 22:39:12,786 [INFO] MainUpdater:289 - Updater Check For Update Now.
2025-12-29 22:39:12,786 [INFO] MicroXplorer:498 - Change Database Version : DB.6.0.150
2025-12-29 22:39:12,795 [INFO] McuFinderGlobals:63 - Set McuFinder mode to 2 (CubeIDE integrated)
2025-12-29 22:39:12,796 [INFO] UserAuth:487 - Internet connection configuration mode: 1
2025-12-29 22:39:12,843 [INFO] JxBrowserEngine:152 - Initiate JxBrowser Engine with user profile folder
2025-12-29 22:39:13,040 [INFO] CheckServerUpdateThread:120 - End of CheckServer Thread
2025-12-29 22:39:13,634 [INFO] WebApp:169 - Instantiating new browser for Auth
2025-12-29 22:39:14,423 [INFO] WebApp:463 - Apply proxy settings
2025-12-29 22:39:14,425 [INFO] WebApp:548 - Chromium requires no authentication
2025-12-29 22:39:14,437 [INFO] WebApp:491 - Direct internet connection detected
2025-12-29 22:39:14,467 [INFO] WebApp:900 - Register for checkConnection events
2025-12-29 22:39:14,467 [INFO] WebApp:463 - Apply proxy settings
2025-12-29 22:39:14,467 [INFO] WebApp:548 - Chromium requires no authentication
2025-12-29 22:39:14,468 [INFO] WebApp:491 - Direct internet connection detected
2025-12-29 22:39:14,724 [INFO] WebApp:225 - Starting web application
2025-12-29 22:39:14,725 [INFO] WebApp:593 - Web application path used C:\ST\STM32CubeIDE_1.19.0\STM32CubeIDE\plugins\com.st.stm32cube.common.mx_6.15.0.202507011659\db\plugins\mcufinder\reactClient1\index.html
2025-12-29 22:39:14,836 [INFO] UserAuth:487 - Internet connection configuration mode: 1
2025-12-29 22:39:14,843 [WARN] PackLoader:240 - Cannot read IP mode file for STMicroelectronics.FP-SNS-MOTENVWB1.1.4.0
2025-12-29 22:39:14,861 [WARN] PackLoader:240 - Cannot read IP mode file for STMicroelectronics.FP-ATR-ASTRA1.2.0.2
2025-12-29 22:39:14,883 [WARN] PackLoader:240 - Cannot read IP mode file for STMicroelectronics.X-CUBE-SMBUS.2.1.0
2025-12-29 22:39:14,932 [WARN] PackLoader:240 - Cannot read IP mode file for STMicroelectronics.X-CUBE-AZRTOS-F7.1.1.0
2025-12-29 22:39:14,952 [WARN] PackLoader:240 - Cannot read IP mode file for STMicroelectronics.X-CUBE-DISPLAY.3.0.0
2025-12-29 22:39:14,978 [WARN] PackLoader:240 - Cannot read IP mode file for STMicroelectronics.X-CUBE-NFC10.1.0.0
2025-12-29 22:39:14,991 [WARN] PackLoader:240 - Cannot read IP mode file for STMicroelectronics.FP-SNS-SMARTAG2.1.2.0
2025-12-29 22:39:15,000 [WARN] PackLoader:240 - Cannot read IP mode file for STMicroelectronics.FP-SNS-FLIGHT1.5.1.0
2025-12-29 22:39:15,018 [INFO] LogOutputStream:77 - [STDOUT_REDIRECT] 1 : Invalid condition id : UX_CORESTACK_Condition cause : null
2025-12-29 22:39:15,021 [INFO] LogOutputStream:77 - [STDOUT_REDIRECT] 1 : Invalid condition id : UX_CORESTACK_Condition cause : null
2025-12-29 22:39:15,023 [INFO] LogOutputStream:77 - [STDOUT_REDIRECT] 1 : Invalid condition id : UX_CORESTACK_Condition cause : null
2025-12-29 22:39:15,026 [INFO] LogOutputStream:77 - [STDOUT_REDIRECT] 1 : Invalid condition id : UX_CORESTACK_Condition cause : null
2025-12-29 22:39:15,028 [INFO] LogOutputStream:77 - [STDOUT_REDIRECT] 1 : Invalid condition id : UX_CORESTACK_Condition cause : null
2025-12-29 22:39:15,034 [WARN] PackLoader:240 - Cannot read IP mode file for STMicroelectronics.X-CUBE-AZRTOS-WL.2.0.0
2025-12-29 22:39:15,046 [WARN] PackLoader:240 - Cannot read IP mode file for STMicroelectronics.X-CUBE-BLE2.3.3.0
2025-12-29 22:39:15,058 [WARN] PackLoader:240 - Cannot read IP mode file for STMicroelectronics.X-CUBE-NFC9.1.0.0
2025-12-29 22:39:15,070 [WARN] PackLoader:240 - Cannot read IP mode file for STMicroelectronics.X-CUBE-BLE1.7.1.0
2025-12-29 22:39:15,093 [WARN] PackLoader:240 - Cannot read IP mode file for STMicroelectronics.X-CUBE-AZRTOS-G0.1.1.0
2025-12-29 22:39:15,105 [WARN] PackLoader:240 - Cannot read IP mode file for STMicroelectronics.X-CUBE-NFC4.3.0.0
2025-12-29 22:39:15,117 [WARN] PackLoader:240 - Cannot read IP mode file for STMicroelectronics.X-CUBE-WB05N.2.0.0
2025-12-29 22:39:15,129 [WARN] PackLoader:240 - Cannot read IP mode file for STMicroelectronics.X-CUBE-TCPP.4.2.0
2025-12-29 22:39:15,138 [WARN] PackLoader:240 - Cannot read IP mode file for STMicroelectronics.FP-ATR-SIGFOX1.3.2.0
2025-12-29 22:39:15,164 [WARN] PackLoader:240 - Cannot read IP mode file for STMicroelectronics.X-CUBE-ALGOBUILD.1.4.0
2025-12-29 22:39:15,174 [WARN] PackLoader:240 - Cannot read IP mode file for STMicroelectronics.X-CUBE-PM33A1.1.0.0
2025-12-29 22:39:15,201 [WARN] PackLoader:240 - Cannot read IP mode file for STMicroelectronics.X-CUBE-AZRTOS-F4.1.1.0
2025-12-29 22:39:15,213 [WARN] PackLoader:240 - Cannot read IP mode file for STMicroelectronics.X-CUBE-ISPU.2.1.0
2025-12-29 22:39:15,225 [INFO] WebApp:191 - Connection restablished
2025-12-29 22:39:15,237 [WARN] PackLoader:240 - Cannot read IP mode file for STMicroelectronics.X-CUBE-AZRTOS-L5.2.0.0
2025-12-29 22:39:15,249 [WARN] PackLoader:240 - Cannot read IP mode file for STMicroelectronics.X-CUBE-NFC6.3.1.0
2025-12-29 22:39:15,261 [WARN] PackLoader:240 - Cannot read IP mode file for STMicroelectronics.X-CUBE-DPower.1.3.0
2025-12-29 22:39:15,280 [WARN] ConditionMgr:438 - getConditionDescription Invalid condition id : LAN8742 Phy interface Condition cause : null
2025-12-29 22:39:15,281 [WARN] PackLoader:240 - Cannot read IP mode file for STMicroelectronics.X-CUBE-AZRTOS-L4.2.0.0
2025-12-29 22:39:15,283 [WARN] ConditionMgr:1044 - genDependencies : Invalid condition id : LAN8742 Phy interface Condition cause : null
2025-12-29 22:39:15,284 [WARN] ConditionMgr:1044 - genDependencies : Invalid condition id : LAN8742 Phy interface Condition cause : null
2025-12-29 22:39:15,285 [WARN] ConditionMgr:1044 - genDependencies : Invalid condition id : LAN8742 Phy interface Condition cause : null
2025-12-29 22:39:15,299 [WARN] PackLoader:240 - Cannot read IP mode file for STMicroelectronics.X-CUBE-SFXS2LP1.4.0.0
2025-12-29 22:39:15,328 [WARN] ConditionMgr:438 - getConditionDescription Invalid condition id : UX DEVICE CLASS RTOS Condition cause : null
2025-12-29 22:39:15,329 [WARN] ConditionMgr:438 - getConditionDescription Invalid condition id : UX DEVICE CLASS RTOS Condition cause : null
2025-12-29 22:39:15,332 [WARN] PackLoader:240 - Cannot read IP mode file for STMicroelectronics.X-CUBE-AZRTOS-WB.2.0.0
2025-12-29 22:39:15,333 [WARN] ConditionMgr:1044 - genDependencies : Invalid condition id : UX DEVICE CLASS RTOS Condition cause : null
2025-12-29 22:39:15,334 [WARN] ConditionMgr:1044 - genDependencies : Invalid condition id : UX DEVICE CLASS RTOS Condition cause : null
2025-12-29 22:39:15,334 [WARN] ConditionMgr:1044 - genDependencies : Invalid condition id : UX DEVICE CLASS RTOS Condition cause : null
2025-12-29 22:39:15,334 [WARN] ConditionMgr:1044 - genDependencies : Invalid condition id : UX DEVICE CLASS RTOS Condition cause : null
2025-12-29 22:39:15,334 [WARN] ConditionMgr:1044 - genDependencies : Invalid condition id : UX DEVICE CLASS RTOS Condition cause : null
2025-12-29 22:39:15,349 [WARN] PackLoader:240 - Cannot read IP mode file for STMicroelectronics.X-CUBE-SUBG2.5.0.0
2025-12-29 22:39:15,378 [WARN] PackLoader:240 - Cannot read IP mode file for STMicroelectronics.X-CUBE-AZRTOS-G4.2.0.0
2025-12-29 22:39:15,388 [WARN] PackLoader:240 - Cannot read IP mode file for STMicroelectronics.X-CUBE-NFC7.2.0.0
2025-12-29 22:39:15,398 [WARN] PackLoader:240 - Cannot read IP mode file for STMicroelectronics.X-CUBE-ALS.1.0.2
2025-12-29 22:39:15,417 [WARN] PackLoader:240 - Cannot read IP mode file for STMicroelectronics.X-CUBE-TOF1.3.4.3
2025-12-29 22:39:15,433 [INFO] ThirdParty:978 - Integrity check success = true
2025-12-29 22:39:15,435 [INFO] IntegrityCheckThread:100 - exiting critical section [integrity check]
2025-12-29 22:39:15,435 [INFO] IntegrityCheckThread:103 - End integrity checks thread
2025-12-29 22:42:39,436 [ERROR] LogOutputStream:75 - [STDERR_REDIRECT] 
2025-12-29 22:44:23,179 [INFO] Activator:176 - 


2025-12-29 22:44:23,182 [INFO] Activator:177 - !SESSION log4j initialized
2025-12-29 22:44:27,087 [INFO] LogOutputStream:77 - [STDOUT_REDIRECT] 
2025-12-29 22:44:29,161 [INFO] ApplicationProperties:184 - Using Application install path: C:\ST\STM32CubeIDE_1.19.0\STM32CubeIDE\plugins\com.st.stm32cube.common.mx_6.15.0.202507011659
2025-12-29 22:44:29,181 [INFO] DbMcusXml:78 - Set database path to: C:\ST\STM32CubeIDE_1.19.0\STM32CubeIDE\plugins\com.st.stm32cube.common.mx_6.15.0.202507011659\\db\/mcu/
2025-12-29 22:44:29,181 [INFO] ApiDb:274 - Set plugin database path to: C:\ST\STM32CubeIDE_1.19.0\STM32CubeIDE\plugins\com.st.stm32cube.common.mx_6.15.0.202507011659\\db\/plugins/boardmanager/
2025-12-29 22:44:29,182 [WARN] ApiDb:259 - Overriding images path with different value:  => C:\ST\STM32CubeIDE_1.19.0\STM32CubeIDE\plugins\com.st.stm32cube.common.mx_6.15.0.202507011659\\db\/plugins/mcufinder/images/
2025-12-29 22:44:29,190 [INFO] ApiDb:250 - Set database path to: C:\Users\aditi\.stmcufinder\plugins\mcufinder//mcu/
2025-12-29 22:44:29,192 [INFO] DbMcusAds:125 - Set database path to: C:\Users\aditi\.stmcufinder\plugins\mcufinder//mcu/
2025-12-29 22:44:29,196 [INFO] CrossReferenceDbSqlite:203 - Set database path to: C:\Users\aditi\.stmcufinder\plugins\mcufinder//mcu/cs/
2025-12-29 22:44:29,348 [INFO] RulesReader:64 - Compatibility file has been processed (317 Rules)
2025-12-29 22:44:29,456 [INFO] DbMcusXml:78 - Set database path to: C:\ST\STM32CubeIDE_1.19.0\STM32CubeIDE\plugins\com.st.stm32cube.common.mx_6.15.0.202507011659\\db\/mcu/
2025-12-29 22:44:29,456 [INFO] ApiDb:274 - Set plugin database path to: C:\ST\STM32CubeIDE_1.19.0\STM32CubeIDE\plugins\com.st.stm32cube.common.mx_6.15.0.202507011659\\db\/plugins/boardmanager/
2025-12-29 22:44:29,456 [INFO] ApiDb:261 - Set plugin images path to: C:\ST\STM32CubeIDE_1.19.0\STM32CubeIDE\plugins\com.st.stm32cube.common.mx_6.15.0.202507011659\\db\/plugins/mcufinder/images/
2025-12-29 22:44:29,457 [WARN] DbFile:41 - Overriding database path with different value: C:\Users\aditi\.stmcufinder\plugins\mcufinder/ => C:\Users\aditi\.stmcufinder\plugins\mcufinder
2025-12-29 22:44:29,457 [INFO] ApiDb:250 - Set database path to: C:\Users\aditi\.stmcufinder\plugins\mcufinder//mcu/
2025-12-29 22:44:29,457 [WARN] DbFile:41 - Overriding database path with different value: C:\Users\aditi\.stmcufinder\plugins\mcufinder/ => C:\Users\aditi\.stmcufinder\plugins\mcufinder
2025-12-29 22:44:29,457 [INFO] DbMcusAds:125 - Set database path to: C:\Users\aditi\.stmcufinder\plugins\mcufinder//mcu/
2025-12-29 22:44:29,457 [WARN] DbFile:41 - Overriding database path with different value: C:\Users\aditi\.stmcufinder\plugins\mcufinder/ => C:\Users\aditi\.stmcufinder\plugins\mcufinder
2025-12-29 22:44:29,457 [WARN] DbFile:41 - Overriding database path with different value: C:\Users\aditi\.stmcufinder\plugins\mcufinder/ => C:\Users\aditi\.stmcufinder\plugins\mcufinder
2025-12-29 22:44:29,457 [INFO] CrossReferenceDbSqlite:203 - Set database path to: C:\Users\aditi\.stmcufinder\plugins\mcufinder//mcu/cs/
2025-12-29 22:44:29,549 [INFO] MainPanel:274 - HeapMemory: 268435456
2025-12-29 22:44:29,645 [INFO] DbMcusXml:78 - Set database path to: C:\ST\STM32CubeIDE_1.19.0\STM32CubeIDE\plugins\com.st.stm32cube.common.mx_6.15.0.202507011659\\db\/mcu/
2025-12-29 22:44:29,645 [INFO] ApiDb:274 - Set plugin database path to: C:\ST\STM32CubeIDE_1.19.0\STM32CubeIDE\plugins\com.st.stm32cube.common.mx_6.15.0.202507011659\\db\/plugins/boardmanager/
2025-12-29 22:44:29,645 [INFO] ApiDb:261 - Set plugin images path to: C:\ST\STM32CubeIDE_1.19.0\STM32CubeIDE\plugins\com.st.stm32cube.common.mx_6.15.0.202507011659\\db\/plugins/mcufinder/images/
2025-12-29 22:44:29,646 [WARN] DbFile:41 - Overriding database path with different value: C:\Users\aditi\.stmcufinder\plugins\mcufinder/ => C:\Users\aditi\.stmcufinder\plugins\mcufinder
2025-12-29 22:44:29,646 [INFO] ApiDb:250 - Set database path to: C:\Users\aditi\.stmcufinder\plugins\mcufinder//mcu/
2025-12-29 22:44:29,646 [WARN] DbFile:41 - Overriding database path with different value: C:\Users\aditi\.stmcufinder\plugins\mcufinder/ => C:\Users\aditi\.stmcufinder\plugins\mcufinder
2025-12-29 22:44:29,646 [INFO] DbMcusAds:125 - Set database path to: C:\Users\aditi\.stmcufinder\plugins\mcufinder//mcu/
2025-12-29 22:44:29,646 [WARN] DbFile:41 - Overriding database path with different value: C:\Users\aditi\.stmcufinder\plugins\mcufinder/ => C:\Users\aditi\.stmcufinder\plugins\mcufinder
2025-12-29 22:44:29,646 [WARN] DbFile:41 - Overriding database path with different value: C:\Users\aditi\.stmcufinder\plugins\mcufinder/ => C:\Users\aditi\.stmcufinder\plugins\mcufinder
2025-12-29 22:44:29,646 [INFO] CrossReferenceDbSqlite:203 - Set database path to: C:\Users\aditi\.stmcufinder\plugins\mcufinder//mcu/cs/
2025-12-29 22:44:29,676 [INFO] ApplicationProperties:184 - Using Application install path: C:\ST\STM32CubeIDE_1.19.0\STM32CubeIDE\plugins\com.st.stm32cube.common.mx_6.15.0.202507011659
2025-12-29 22:44:29,678 [INFO] PluginManage:196 - Search for loadable plugins [exclusion list=, ]
2025-12-29 22:44:29,680 [INFO] PluginManage:310 - Check plugin analytics
2025-12-29 22:44:30,063 [INFO] AnalyticsPlugin:253 - Accepted Software Licenses: 
2025-12-29 22:44:30,063 [INFO] AnalyticsPlugin:255 - Accepted CMSIS Pack Licenses: 
2025-12-29 22:44:30,064 [INFO] AnalyticsPlugin:257 - Accepted Firmware Licenses: FW.F4.1.28.0
2025-12-29 22:44:30,069 [INFO] PluginManage:359 - Loaded plugin analytics (category:tool,tabindex:-1)
2025-12-29 22:44:30,071 [INFO] PluginManage:310 - Check plugin cadmodel
2025-12-29 22:44:30,077 [INFO] CADModel:105 - Init CAD model plugin
2025-12-29 22:44:30,077 [INFO] PluginManage:359 - Loaded plugin cadmodel (category:power,tabindex:5)
2025-12-29 22:44:30,077 [INFO] PluginManage:310 - Check plugin clock
2025-12-29 22:44:30,092 [INFO] PluginManage:359 - Loaded plugin clock (category:base,tabindex:2)
2025-12-29 22:44:30,093 [INFO] PluginManage:310 - Check plugin ddr
2025-12-29 22:44:30,095 [INFO] PluginManage:359 - Loaded plugin ddr (category:tool,tabindex:6)
2025-12-29 22:44:30,095 [INFO] PluginManage:310 - Check plugin filemanager
2025-12-29 22:44:30,283 [INFO] PluginManage:359 - Loaded plugin filemanager (category:base,tabindex:10)
2025-12-29 22:44:30,284 [INFO] PluginManage:310 - Check plugin ipmanager
2025-12-29 22:44:30,295 [INFO] PluginManage:359 - Loaded plugin ipmanager (category:base,tabindex:5)
2025-12-29 22:44:30,296 [INFO] PluginManage:310 - Check plugin lpbam
2025-12-29 22:44:30,309 [INFO] PluginManage:359 - Loaded plugin lpbam (category:base,tabindex:0)
2025-12-29 22:44:30,309 [INFO] PluginManage:310 - Check plugin memorymap
2025-12-29 22:44:30,325 [INFO] PluginManage:359 - Loaded plugin memorymap (category:base,tabindex:4)
2025-12-29 22:44:30,325 [INFO] PluginManage:310 - Check plugin pinoutandconfiguration
2025-12-29 22:44:30,341 [INFO] PluginManage:359 - Loaded plugin pinoutandconfiguration (category:base,tabindex:1)
2025-12-29 22:44:30,341 [INFO] PluginManage:310 - Check plugin pinoutconfig
2025-12-29 22:44:30,455 [WARN] SupportedApi:132 - Cannot load RTOS API schema: s4s-elt-must-match.1: The content of 'definitions' must match (annotation?, (simpleType | complexType)?, (unique | key | keyref)*)). A problem was found starting at: attribute.
2025-12-29 22:44:30,590 [INFO] PluginManage:359 - Loaded plugin pinoutconfig (category:base,tabindex:0)
2025-12-29 22:44:30,590 [INFO] PluginManage:310 - Check plugin power
2025-12-29 22:44:30,601 [INFO] PluginManage:359 - Loaded plugin power (category:power,tabindex:4)
2025-12-29 22:44:30,601 [INFO] PluginManage:310 - Check plugin projectmanager
2025-12-29 22:44:30,626 [INFO] PluginManage:359 - Loaded plugin projectmanager (category:projectmanager,tabindex:4)
2025-12-29 22:44:30,626 [INFO] PluginManage:310 - Check plugin rif
2025-12-29 22:44:30,636 [INFO] PluginManage:359 - Loaded plugin rif (category:base,tabindex:3)
2025-12-29 22:44:30,637 [INFO] PluginManage:310 - Check plugin thirdparty
2025-12-29 22:44:30,797 [INFO] PluginManage:359 - Loaded plugin thirdparty (category:base,tabindex:-1)
2025-12-29 22:44:30,798 [INFO] PluginManage:310 - Check plugin tools
2025-12-29 22:44:30,797 [WARN] IntegrityCheckThread:84 - waiting for thirdparty lock release [integrity check]
2025-12-29 22:44:30,799 [INFO] IntegrityCheckThread:86 - entering critical section [integrity check]
2025-12-29 22:44:30,800 [INFO] ThirdPartyUpdaterWithRetryManager:70 - Updater plugin not ready yet. [1/15]
2025-12-29 22:44:30,802 [INFO] PluginManage:359 - Loaded plugin tools (category:base,tabindex:7)
2025-12-29 22:44:30,802 [INFO] PluginManage:310 - Check plugin tutovideos
2025-12-29 22:44:30,982 [INFO] PluginManage:359 - Loaded plugin tutovideos (category:base,tabindex:-1)
2025-12-29 22:44:30,982 [INFO] PluginManage:310 - Check plugin updater
2025-12-29 22:44:31,006 [INFO] PluginManage:359 - Loaded plugin updater (category:base,tabindex:12)
2025-12-29 22:44:31,006 [INFO] PluginManage:310 - Check plugin userauth
2025-12-29 22:44:31,010 [INFO] UserAuth:118 - Init User Auth plugin
2025-12-29 22:44:31,010 [INFO] PluginManage:359 - Loaded plugin userauth (category:base,tabindex:14)
2025-12-29 22:44:31,011 [INFO] PluginManage:283 - PluginManage : Loaded plugins [18]
2025-12-29 22:44:31,234 [INFO] PinOutPanel:1589 - setPackage(No Configuration,No Configuration)
2025-12-29 22:44:31,329 [INFO] CADModel:165 - CPN selected for project level
2025-12-29 22:44:31,329 [INFO] CADModel:114 - Register for checkConnection events
2025-12-29 22:44:31,351 [INFO] IPUIPlugin:80 - create IPUIPlugin
2025-12-29 22:44:31,352 [INFO] PluginManager:220 - loadIPPluginJar : add adc
2025-12-29 22:44:31,355 [INFO] IPUIPlugin:80 - create IPUIPlugin
2025-12-29 22:44:31,355 [INFO] PluginManager:220 - loadIPPluginJar : add aes
2025-12-29 22:44:31,358 [INFO] IPUIPlugin:80 - create IPUIPlugin
2025-12-29 22:44:31,359 [INFO] PluginManager:220 - loadIPPluginJar : add can
2025-12-29 22:44:31,361 [INFO] IPUIPlugin:80 - create IPUIPlugin
2025-12-29 22:44:31,361 [INFO] PluginManager:220 - loadIPPluginJar : add comp
2025-12-29 22:44:31,365 [INFO] IPUIPlugin:80 - create IPUIPlugin
2025-12-29 22:44:31,365 [INFO] PluginManager:220 - loadIPPluginJar : add cryp
2025-12-29 22:44:31,368 [INFO] IPUIPlugin:80 - create IPUIPlugin
2025-12-29 22:44:31,368 [INFO] PluginManager:220 - loadIPPluginJar : add ddr_ctrl_phy
2025-12-29 22:44:31,371 [INFO] IPUIPlugin:80 - create IPUIPlugin
2025-12-29 22:44:31,372 [INFO] PluginManager:220 - loadIPPluginJar : add dfsdm
2025-12-29 22:44:31,377 [INFO] IPUIPlugin:80 - create IPUIPlugin
2025-12-29 22:44:31,378 [INFO] PluginManager:220 - loadIPPluginJar : add dma
2025-12-29 22:44:31,381 [INFO] IPUIPlugin:80 - create IPUIPlugin
2025-12-29 22:44:31,382 [INFO] PluginManager:220 - loadIPPluginJar : add dma3
2025-12-29 22:44:31,384 [INFO] IPUIPlugin:80 - create IPUIPlugin
2025-12-29 22:44:31,385 [INFO] PluginManager:220 - loadIPPluginJar : add extmemmanager
2025-12-29 22:44:31,386 [INFO] IPUIPlugin:80 - create IPUIPlugin
2025-12-29 22:44:31,387 [INFO] PluginManager:220 - loadIPPluginJar : add fatfs
2025-12-29 22:44:31,392 [INFO] IPUIPlugin:80 - create IPUIPlugin
2025-12-29 22:44:31,392 [INFO] PluginManager:220 - loadIPPluginJar : add fmc
2025-12-29 22:44:31,397 [INFO] IPUIPlugin:80 - create IPUIPlugin
2025-12-29 22:44:31,397 [INFO] PluginManager:220 - loadIPPluginJar : add freertos
2025-12-29 22:44:31,399 [INFO] IPUIPlugin:80 - create IPUIPlugin
2025-12-29 22:44:31,399 [INFO] PluginManager:220 - loadIPPluginJar : add genericplugin
2025-12-29 22:44:31,401 [INFO] IPUIPlugin:80 - create IPUIPlugin
2025-12-29 22:44:31,401 [INFO] PluginManager:220 - loadIPPluginJar : add gfxmmu
2025-12-29 22:44:31,408 [INFO] IPUIPlugin:80 - create IPUIPlugin
2025-12-29 22:44:31,408 [INFO] PluginManager:220 - loadIPPluginJar : add gic
2025-12-29 22:44:31,413 [INFO] IPUIPlugin:80 - create IPUIPlugin
2025-12-29 22:44:31,413 [INFO] PluginManager:220 - loadIPPluginJar : add gpio
2025-12-29 22:44:31,418 [INFO] IPUIPlugin:80 - create IPUIPlugin
2025-12-29 22:44:31,418 [INFO] PluginManager:220 - loadIPPluginJar : add gtzc
2025-12-29 22:44:31,421 [INFO] IPUIPlugin:80 - create IPUIPlugin
2025-12-29 22:44:31,422 [INFO] PluginManager:220 - loadIPPluginJar : add hash
2025-12-29 22:44:31,426 [INFO] IPUIPlugin:80 - create IPUIPlugin
2025-12-29 22:44:31,426 [INFO] PluginManager:220 - loadIPPluginJar : add i2c
2025-12-29 22:44:31,430 [INFO] IPUIPlugin:80 - create IPUIPlugin
2025-12-29 22:44:31,431 [INFO] PluginManager:220 - loadIPPluginJar : add i2s
2025-12-29 22:44:31,436 [INFO] IPUIPlugin:80 - create IPUIPlugin
2025-12-29 22:44:31,436 [INFO] PluginManager:220 - loadIPPluginJar : add i3c
2025-12-29 22:44:31,440 [INFO] IPUIPlugin:80 - create IPUIPlugin
2025-12-29 22:44:31,440 [INFO] PluginManager:220 - loadIPPluginJar : add ipddr
2025-12-29 22:44:31,450 [INFO] IPUIPlugin:80 - create IPUIPlugin
2025-12-29 22:44:31,452 [INFO] PluginManager:220 - loadIPPluginJar : add linkedlist
2025-12-29 22:44:31,456 [INFO] IPUIPlugin:80 - create IPUIPlugin
2025-12-29 22:44:31,457 [INFO] PluginManager:220 - loadIPPluginJar : add lorawan
2025-12-29 22:44:31,459 [INFO] IPUIPlugin:80 - create IPUIPlugin
2025-12-29 22:44:31,459 [INFO] PluginManager:220 - loadIPPluginJar : add ltdc
2025-12-29 22:44:31,468 [INFO] IPUIPlugin:80 - create IPUIPlugin
2025-12-29 22:44:31,468 [INFO] PluginManager:220 - loadIPPluginJar : add mdma
2025-12-29 22:44:31,472 [INFO] IPUIPlugin:80 - create IPUIPlugin
2025-12-29 22:44:31,473 [INFO] PluginManager:220 - loadIPPluginJar : add nvic
2025-12-29 22:44:31,478 [INFO] IPUIPlugin:80 - create IPUIPlugin
2025-12-29 22:44:31,478 [INFO] PluginManager:220 - loadIPPluginJar : add opamp
2025-12-29 22:44:31,484 [INFO] IPUIPlugin:80 - create IPUIPlugin
2025-12-29 22:44:31,484 [INFO] PluginManager:220 - loadIPPluginJar : add openamp
2025-12-29 22:44:31,490 [INFO] IPUIPlugin:80 - create IPUIPlugin
2025-12-29 22:44:31,490 [INFO] PluginManager:220 - loadIPPluginJar : add pdm2pcm
2025-12-29 22:44:31,498 [INFO] IPUIPlugin:80 - create IPUIPlugin
2025-12-29 22:44:31,502 [INFO] PluginManager:220 - loadIPPluginJar : add plateformsettings
2025-12-29 22:44:31,504 [INFO] IPUIPlugin:80 - create IPUIPlugin
2025-12-29 22:44:31,505 [INFO] PluginManager:220 - loadIPPluginJar : add quadspi
2025-12-29 22:44:31,508 [INFO] IPUIPlugin:80 - create IPUIPlugin
2025-12-29 22:44:31,510 [INFO] PluginManager:220 - loadIPPluginJar : add radio
2025-12-29 22:44:31,515 [INFO] IPUIPlugin:80 - create IPUIPlugin
2025-12-29 22:44:31,515 [INFO] PluginManager:220 - loadIPPluginJar : add resmgrutility
2025-12-29 22:44:31,518 [INFO] IPUIPlugin:80 - create IPUIPlugin
2025-12-29 22:44:31,519 [INFO] PluginManager:220 - loadIPPluginJar : add sai
2025-12-29 22:44:31,521 [INFO] IPUIPlugin:80 - create IPUIPlugin
2025-12-29 22:44:31,521 [INFO] PluginManager:220 - loadIPPluginJar : add spi
2025-12-29 22:44:31,526 [INFO] IPUIPlugin:80 - create IPUIPlugin
2025-12-29 22:44:31,526 [INFO] PluginManager:220 - loadIPPluginJar : add stm32_wpan
2025-12-29 22:44:31,528 [INFO] IPUIPlugin:80 - create IPUIPlugin
2025-12-29 22:44:31,528 [INFO] PluginManager:220 - loadIPPluginJar : add tim
2025-12-29 22:44:31,530 [INFO] IPUIPlugin:80 - create IPUIPlugin
2025-12-29 22:44:31,530 [INFO] PluginManager:220 - loadIPPluginJar : add touchsensing
2025-12-29 22:44:31,533 [INFO] IPUIPlugin:80 - create IPUIPlugin
2025-12-29 22:44:31,533 [INFO] PluginManager:220 - loadIPPluginJar : add tracer_emb
2025-12-29 22:44:31,535 [INFO] IPUIPlugin:80 - create IPUIPlugin
2025-12-29 22:44:31,535 [INFO] PluginManager:220 - loadIPPluginJar : add ts
2025-12-29 22:44:31,537 [INFO] IPUIPlugin:80 - create IPUIPlugin
2025-12-29 22:44:31,537 [INFO] PluginManager:220 - loadIPPluginJar : add tsc
2025-12-29 22:44:31,539 [INFO] IPUIPlugin:80 - create IPUIPlugin
2025-12-29 22:44:31,539 [INFO] PluginManager:220 - loadIPPluginJar : add ucpd
2025-12-29 22:44:31,541 [INFO] IPUIPlugin:80 - create IPUIPlugin
2025-12-29 22:44:31,541 [INFO] PluginManager:220 - loadIPPluginJar : add usart
2025-12-29 22:44:31,545 [INFO] IPUIPlugin:80 - create IPUIPlugin
2025-12-29 22:44:31,545 [INFO] PluginManager:220 - loadIPPluginJar : add usbx
2025-12-29 22:44:31,682 [FATAL] Updater:351 - Updater called before beeing initialized
2025-12-29 22:44:31,714 [INFO] RulesReader:64 - Compatibility file has been processed (317 Rules)
2025-12-29 22:44:31,741 [INFO] RulesReader:64 - Compatibility file has been processed (317 Rules)
2025-12-29 22:44:31,788 [INFO] CADModel:165 - CPN selected for project level
2025-12-29 22:44:31,788 [INFO] CADModel:114 - Register for checkConnection events
2025-12-29 22:44:31,789 [FATAL] Updater:351 - Updater called before beeing initialized
2025-12-29 22:44:31,789 [ERROR] CADModel:125 - Updater not yet initialized, retry later 
2025-12-29 22:44:31,994 [FATAL] Updater:351 - Updater called before beeing initialized
2025-12-29 22:44:31,997 [INFO] CADModel:165 - CPN selected for project level
2025-12-29 22:44:31,997 [INFO] CADModel:114 - Register for checkConnection events
2025-12-29 22:44:31,997 [FATAL] Updater:351 - Updater called before beeing initialized
2025-12-29 22:44:31,997 [ERROR] CADModel:125 - Updater not yet initialized, retry later 
2025-12-29 22:44:32,000 [FATAL] Updater:351 - Updater called before beeing initialized
2025-12-29 22:44:32,130 [FATAL] Updater:351 - Updater called before beeing initialized
2025-12-29 22:44:32,134 [INFO] DbMcusAds:53 - JSON generation date=Tue Dec 16 04:41:46 IST 2025 (1765840306612)
2025-12-29 22:44:32,134 [FATAL] Updater:351 - Updater called before beeing initialized
2025-12-29 22:44:32,166 [WARN] DetailPanel:346 - Failed to get advertising image, set to default
2025-12-29 22:44:32,236 [FATAL] Updater:351 - Updater called before beeing initialized
2025-12-29 22:44:32,238 [FATAL] Updater:351 - Updater called before beeing initialized
2025-12-29 22:44:32,238 [FATAL] Updater:351 - Updater called before beeing initialized
2025-12-29 22:44:32,238 [WARN] DetailPanel:346 - Failed to get advertising image, set to default
2025-12-29 22:44:32,239 [FATAL] Updater:351 - Updater called before beeing initialized
2025-12-29 22:44:32,279 [ERROR] Updater:1198 - MainUpdater not yet initialized. External WinMGr cannot be set.
2025-12-29 22:44:32,281 [INFO] Updater:1134 - Updater Version found : 6.15.0
2025-12-29 22:44:32,294 [INFO] ApplicationProperties:184 - Using Application install path: C:\ST\STM32CubeIDE_1.19.0\STM32CubeIDE\plugins\com.st.stm32cube.common.mx_6.15.0.202507011659
2025-12-29 22:44:33,801 [INFO] ThirdPartyUpdaterWithRetryManager:70 - Updater plugin not ready yet. [2/15]
2025-12-29 22:44:33,867 [ERROR] LogOutputStream:75 - [STDERR_REDIRECT] Dec 29, 2025 10:44:33 PM java.util.prefs.WindowsPreferences <init>
2025-12-29 22:44:33,868 [ERROR] LogOutputStream:75 - [STDERR_REDIRECT] WARNING: Could not open/create prefs root node Software\JavaSoft\Prefs at root 0xffffffff80000002. Windows RegCreateKeyEx(...) returned error code 5.
2025-12-29 22:44:33,868 [ERROR] LogOutputStream:75 - [STDERR_REDIRECT] 
2025-12-29 22:44:34,959 [INFO] MainUpdater:2872 - connection check result : 10
2025-12-29 22:44:34,961 [INFO] MainUpdater:289 - Updater Check For Update Now.
2025-12-29 22:44:34,961 [INFO] MicroXplorer:498 - Change Database Version : DB.6.0.150
2025-12-29 22:44:34,971 [INFO] McuFinderGlobals:63 - Set McuFinder mode to 2 (CubeIDE integrated)
2025-12-29 22:44:34,971 [INFO] UserAuth:487 - Internet connection configuration mode: 1
2025-12-29 22:44:35,052 [INFO] JxBrowserEngine:152 - Initiate JxBrowser Engine with user profile folder
2025-12-29 22:44:35,208 [INFO] CheckServerUpdateThread:120 - End of CheckServer Thread
2025-12-29 22:44:35,926 [INFO] McuFinderGlobals:63 - Set McuFinder mode to 2 (CubeIDE integrated)
2025-12-29 22:44:35,929 [INFO] WebApp:169 - Instantiating new browser for Auth
2025-12-29 22:44:35,930 [INFO] MainUpdater:2872 - connection check result : 10
2025-12-29 22:44:36,579 [INFO] ApiDb:581 - Connected to CubeFinder SQLite database (C:\Users\aditi\.stmcufinder\plugins\mcufinder\mcu\cube-finder-db.db)
2025-12-29 22:44:36,702 [INFO] ApiDb:668 - CubeFinder database Data Model version=2.1
2025-12-29 22:44:36,703 [INFO] ApiDb:669 - CubeFinder database Configuration version=3.0.39
2025-12-29 22:44:36,703 [INFO] ApiDb:670 - CubeFinder database generation date=2025-11-05 (1762334721)
2025-12-29 22:44:36,703 [INFO] ApiDb:671 - CubeFinder database FW Pack versions=[FP-ATR-ASTRA1_V2.0.0, FP-SNS-FLIGHT1_V5.1.0, FP-SNS-MOTENV1_V5.1.0, FP-SNS-MOTENVWB1_V1.4.0, FP-SNS-SMARTAG2_V1.2.0, FP-SNS-STBOX1_V2.1.0, STM32Cube_FW_C0_V1.4.0, STM32Cube_FW_F4_V1.28.3, STM32Cube_FW_F7_V1.17.4, STM32Cube_FW_G0_V1.6.2, STM32Cube_FW_G4_V1.6.1, STM32Cube_FW_H5_V1.5.1, STM32Cube_FW_H7RS_V1.3.0, STM32Cube_FW_H7_V1.12.1, STM32Cube_FW_L0_V1.12.2, STM32Cube_FW_L4_V1.18.1, STM32Cube_FW_L5_V1.6.0, STM32Cube_FW_N6_V1.3.0, STM32Cube_FW_U0_V1.3.0, STM32Cube_FW_U3_V1.2.1, STM32Cube_FW_U5_V1.8.0, STM32Cube_FW_WB0_V1.4.0, STM32Cube_FW_WBA_V1.8.0, STM32Cube_FW_WB_V1.24.0, STM32Cube_FW_WL3_V1.3.0, STM32Cube_FW_WL_V1.4.0, X-CUBE-ALGOBUILD_V1.4.0, X-CUBE-ALS_V1.0.2, X-CUBE-AZRTOS-F4_V1.1.0, X-CUBE-AZRTOS-F7_V1.1.0, X-CUBE-AZRTOS-G0_V1.1.0, X-CUBE-AZRTOS-G4_V2.0.0, X-CUBE-AZRTOS-H7RS_V1.1.0, X-CUBE-AZRTOS-H7_V3.4.0, X-CUBE-AZRTOS-L4_V2.0.0, X-CUBE-AZRTOS-L5_V2.0.0, X-CUBE-AZRTOS-WB_V2.0.0, X-CUBE-AZRTOS-WL_V2.0.0, X-CUBE-BLE1_V7.1.0, X-CUBE-BLE2_V3.3.0, X-CUBE-BLEMGR_V4.1.0, X-CUBE-EEPRMA1_V5.2.0, X-CUBE-FREERTOS_V1.3.1, X-CUBE-GNSS1_V6.0.0, X-CUBE-MEMS1_V11.3.0, X-CUBE-NFC4_V3.0.0, X-CUBE-NFC7_V2.0.0, X-CUBE-SFXS2LP1_V4.0.0, X-CUBE-ST67W61_V1.1.0, X-CUBE-SUBG2_V5.0.0, X-CUBE-TOF1_V3.4.3]
2025-12-29 22:44:37,314 [WARN] PackLoader:240 - Cannot read IP mode file for STMicroelectronics.FP-SNS-MOTENVWB1.1.4.0
2025-12-29 22:44:37,329 [WARN] PackLoader:240 - Cannot read IP mode file for STMicroelectronics.FP-ATR-ASTRA1.2.0.2
2025-12-29 22:44:37,353 [WARN] PackLoader:240 - Cannot read IP mode file for STMicroelectronics.X-CUBE-SMBUS.2.1.0
2025-12-29 22:44:37,505 [WARN] PackLoader:240 - Cannot read IP mode file for STMicroelectronics.X-CUBE-AZRTOS-F7.1.1.0
2025-12-29 22:44:37,555 [WARN] PackLoader:240 - Cannot read IP mode file for STMicroelectronics.X-CUBE-DISPLAY.3.0.0
2025-12-29 22:44:37,611 [WARN] PackLoader:240 - Cannot read IP mode file for STMicroelectronics.X-CUBE-NFC10.1.0.0
2025-12-29 22:44:37,631 [WARN] PackLoader:240 - Cannot read IP mode file for STMicroelectronics.FP-SNS-SMARTAG2.1.2.0
2025-12-29 22:44:37,646 [WARN] PackLoader:240 - Cannot read IP mode file for STMicroelectronics.FP-SNS-FLIGHT1.5.1.0
2025-12-29 22:44:37,693 [INFO] LogOutputStream:77 - [STDOUT_REDIRECT] 1 : Invalid condition id : UX_CORESTACK_Condition cause : null
2025-12-29 22:44:37,697 [INFO] LogOutputStream:77 - [STDOUT_REDIRECT] 1 : Invalid condition id : UX_CORESTACK_Condition cause : null
2025-12-29 22:44:37,703 [INFO] LogOutputStream:77 - [STDOUT_REDIRECT] 1 : Invalid condition id : UX_CORESTACK_Condition cause : null
2025-12-29 22:44:37,707 [INFO] LogOutputStream:77 - [STDOUT_REDIRECT] 1 : Invalid condition id : UX_CORESTACK_Condition cause : null
2025-12-29 22:44:37,711 [INFO] LogOutputStream:77 - [STDOUT_REDIRECT] 1 : Invalid condition id : UX_CORESTACK_Condition cause : null
2025-12-29 22:44:37,713 [INFO] WebApp:463 - Apply proxy settings
2025-12-29 22:44:37,714 [INFO] WebApp:548 - Chromium requires no authentication
2025-12-29 22:44:37,719 [WARN] PackLoader:240 - Cannot read IP mode file for STMicroelectronics.X-CUBE-AZRTOS-WL.2.0.0
2025-12-29 22:44:37,736 [WARN] PackLoader:240 - Cannot read IP mode file for STMicroelectronics.X-CUBE-BLE2.3.3.0
2025-12-29 22:44:37,749 [WARN] PackLoader:240 - Cannot read IP mode file for STMicroelectronics.X-CUBE-NFC9.1.0.0
2025-12-29 22:44:37,760 [WARN] PackLoader:240 - Cannot read IP mode file for STMicroelectronics.X-CUBE-BLE1.7.1.0
2025-12-29 22:44:37,784 [WARN] PackLoader:240 - Cannot read IP mode file for STMicroelectronics.X-CUBE-AZRTOS-G0.1.1.0
2025-12-29 22:44:37,796 [WARN] PackLoader:240 - Cannot read IP mode file for STMicroelectronics.X-CUBE-NFC4.3.0.0
2025-12-29 22:44:37,811 [WARN] PackLoader:240 - Cannot read IP mode file for STMicroelectronics.X-CUBE-WB05N.2.0.0
2025-12-29 22:44:37,829 [WARN] PackLoader:240 - Cannot read IP mode file for STMicroelectronics.X-CUBE-TCPP.4.2.0
2025-12-29 22:44:37,844 [WARN] PackLoader:240 - Cannot read IP mode file for STMicroelectronics.FP-ATR-SIGFOX1.3.2.0
2025-12-29 22:44:37,849 [INFO] WebApp:491 - Direct internet connection detected
2025-12-29 22:44:37,860 [WARN] PackLoader:240 - Cannot read IP mode file for STMicroelectronics.X-CUBE-ALGOBUILD.1.4.0
2025-12-29 22:44:37,871 [WARN] PackLoader:240 - Cannot read IP mode file for STMicroelectronics.X-CUBE-PM33A1.1.0.0
2025-12-29 22:44:37,916 [WARN] PackLoader:240 - Cannot read IP mode file for STMicroelectronics.X-CUBE-AZRTOS-F4.1.1.0
2025-12-29 22:44:37,928 [WARN] PackLoader:240 - Cannot read IP mode file for STMicroelectronics.X-CUBE-ISPU.2.1.0
2025-12-29 22:44:37,955 [WARN] PackLoader:240 - Cannot read IP mode file for STMicroelectronics.X-CUBE-AZRTOS-L5.2.0.0
2025-12-29 22:44:37,970 [WARN] PackLoader:240 - Cannot read IP mode file for STMicroelectronics.X-CUBE-NFC6.3.1.0
2025-12-29 22:44:37,984 [WARN] PackLoader:240 - Cannot read IP mode file for STMicroelectronics.X-CUBE-DPower.1.3.0
2025-12-29 22:44:38,004 [WARN] ConditionMgr:438 - getConditionDescription Invalid condition id : LAN8742 Phy interface Condition cause : null
2025-12-29 22:44:38,005 [WARN] PackLoader:240 - Cannot read IP mode file for STMicroelectronics.X-CUBE-AZRTOS-L4.2.0.0
2025-12-29 22:44:38,006 [WARN] ConditionMgr:1044 - genDependencies : Invalid condition id : LAN8742 Phy interface Condition cause : null
2025-12-29 22:44:38,006 [WARN] ConditionMgr:1044 - genDependencies : Invalid condition id : LAN8742 Phy interface Condition cause : null
2025-12-29 22:44:38,007 [WARN] ConditionMgr:1044 - genDependencies : Invalid condition id : LAN8742 Phy interface Condition cause : null
2025-12-29 22:44:38,017 [WARN] PackLoader:240 - Cannot read IP mode file for STMicroelectronics.X-CUBE-SFXS2LP1.4.0.0
2025-12-29 22:44:38,028 [WARN] ConditionMgr:438 - getConditionDescription Invalid condition id : UX DEVICE CLASS RTOS Condition cause : null
2025-12-29 22:44:38,029 [WARN] ConditionMgr:438 - getConditionDescription Invalid condition id : UX DEVICE CLASS RTOS Condition cause : null
2025-12-29 22:44:38,032 [WARN] PackLoader:240 - Cannot read IP mode file for STMicroelectronics.X-CUBE-AZRTOS-WB.2.0.0
2025-12-29 22:44:38,033 [WARN] ConditionMgr:1044 - genDependencies : Invalid condition id : UX DEVICE CLASS RTOS Condition cause : null
2025-12-29 22:44:38,033 [WARN] ConditionMgr:1044 - genDependencies : Invalid condition id : UX DEVICE CLASS RTOS Condition cause : null
2025-12-29 22:44:38,033 [WARN] ConditionMgr:1044 - genDependencies : Invalid condition id : UX DEVICE CLASS RTOS Condition cause : null
2025-12-29 22:44:38,033 [WARN] ConditionMgr:1044 - genDependencies : Invalid condition id : UX DEVICE CLASS RTOS Condition cause : null
2025-12-29 22:44:38,033 [WARN] ConditionMgr:1044 - genDependencies : Invalid condition id : UX DEVICE CLASS RTOS Condition cause : null
2025-12-29 22:44:38,044 [WARN] PackLoader:240 - Cannot read IP mode file for STMicroelectronics.X-CUBE-SUBG2.5.0.0
2025-12-29 22:44:38,060 [WARN] PackLoader:240 - Cannot read IP mode file for STMicroelectronics.X-CUBE-AZRTOS-G4.2.0.0
2025-12-29 22:44:38,068 [WARN] PackLoader:240 - Cannot read IP mode file for STMicroelectronics.X-CUBE-NFC7.2.0.0
2025-12-29 22:44:38,075 [WARN] PackLoader:240 - Cannot read IP mode file for STMicroelectronics.X-CUBE-ALS.1.0.2
2025-12-29 22:44:38,091 [WARN] PackLoader:240 - Cannot read IP mode file for STMicroelectronics.X-CUBE-TOF1.3.4.3
2025-12-29 22:44:38,105 [INFO] ThirdParty:978 - Integrity check success = true
2025-12-29 22:44:38,105 [INFO] IntegrityCheckThread:100 - exiting critical section [integrity check]
2025-12-29 22:44:38,105 [INFO] IntegrityCheckThread:103 - End integrity checks thread
2025-12-29 22:44:38,176 [INFO] WebApp:900 - Register for checkConnection events
2025-12-29 22:44:38,177 [INFO] WebApp:463 - Apply proxy settings
2025-12-29 22:44:38,177 [INFO] WebApp:548 - Chromium requires no authentication
2025-12-29 22:44:38,178 [INFO] WebApp:491 - Direct internet connection detected
2025-12-29 22:44:38,790 [INFO] WebApp:225 - Starting web application
2025-12-29 22:44:38,790 [INFO] WebApp:593 - Web application path used C:\ST\STM32CubeIDE_1.19.0\STM32CubeIDE\plugins\com.st.stm32cube.common.mx_6.15.0.202507011659\db\plugins\mcufinder\reactClient1\index.html
2025-12-29 22:44:38,903 [INFO] UserAuth:487 - Internet connection configuration mode: 1
2025-12-29 22:44:39,027 [INFO] WebApp:191 - Connection restablished
2025-12-29 22:44:40,149 [INFO] ApiDb:240 - Found 880 in-development CPN: [B-G473E-ZEST1S, B-WB1M-WPAN1, B-WBA5M-WPAN, B-WL5M-SUBG1, NUCLEO-C031C6, NUCLEO-C051C8, NUCLEO-C071RB, NUCLEO-C092RC, NUCLEO-H503RB, NUCLEO-H533RE, NUCLEO-H563ZI, NUCLEO-H7S3L8, NUCLEO-N657X0-Q, NUCLEO-U031R8, NUCLEO-U083RC, NUCLEO-U385RG-Q, NUCLEO-U545RE-Q, NUCLEO-U5A5ZJ-Q, NUCLEO-WB05KZ, NUCLEO-WB07CC, NUCLEO-WB09KE, NUCLEO-WBA52CG, NUCLEO-WBA55CG, NUCLEO-WL33CC1, NUCLEO-WL33CC2, STEVAL-PROTEUS1, STEVAL-SMARTAG2, STEVAL-STWINBX1, STM320518-EVAL, STM32C0116-DK, STM32C011D6Y3TR, STM32C011D6Y6TR, STM32C011F4P3, STM32C011F4P6, STM32C011F4U3, STM32C011F4U6TR, STM32C011F6P3, STM32C011F6P6, STM32C011F6U3, STM32C011F6U6TR, STM32C011J4M3, STM32C011J4M6, STM32C011J6M3, STM32C011J6M6, STM32C0316-DK, STM32C031C4T3, STM32C031C4T6, STM32C031C4U3, STM32C031C4U6, STM32C031C6T3, STM32C031C6T6, STM32C031C6U3, STM32C031C6U6, STM32C031F4P3, STM32C031F4P6, STM32C031F6P3, STM32C031F6P6, STM32C031G4U3, STM32C031G4U6, STM32C031G6U3, STM32C031G6U6, STM32C031K4T3, STM32C031K4T6, STM32C031K4U3, STM32C031K4U6, STM32C031K6T3, STM32C031K6T6, STM32C031K6U3, STM32C031K6U6, STM32C051C6T6, STM32C051C6U6, STM32C051C8T6, STM32C051C8U6, STM32C051D8Y6TR, STM32C051F6P6, STM32C051F8P6, STM32C051G6U6, STM32C051G8U6, STM32C051K6T6, STM32C051K6U6, STM32C051K8T6, STM32C071C8T6, STM32C071C8T6N, STM32C071C8U6, STM32C071C8U6N, STM32C071CBT6, STM32C071CBT6N, STM32C071CBU6, STM32C071CBU6N, STM32C071F8P6, STM32C071F8P6N, STM32C071FBP6, STM32C071FBP6N, STM32C071FBY6TR, STM32C071G8U6, STM32C071G8U6N, STM32C071GBU6, STM32C071GBU6N, STM32C071K8T6, STM32C071K8T6N, STM32C071K8U6, STM32C071K8U6N, STM32C071KBT6, STM32C071KBT6N, STM32C071KBU6, STM32C071KBU6N, STM32C071R8T6, STM32C071R8T6N, STM32C071RBI6N, STM32C071RBT6, STM32C071RBT6N, STM32C091CBT6, STM32C091CBU6, STM32C091CCT6, STM32C091CCU6, STM32C091ECY6TR, STM32C091FBP6, STM32C091FCP6, STM32C091GBU6, STM32C091GCU6, STM32C091KBT6, STM32C091KBU6, STM32C091KCT6, STM32C091KCU6, STM32C091RBT6, STM32C091RCI6, STM32C091RCT6, STM32C092CBT6, STM32C092CBU6, STM32C092CCT6, STM32C092CCU6, STM32C092ECY6TR, STM32C092FBP6, STM32C092FCP6, STM32C092GBU6, STM32C092GCU6, STM32C092KBT6, STM32C092KBU6, STM32C092KCT6, STM32C092KCU6, STM32C092RBT6, STM32C092RCI6, STM32C092RCT6, STM32G071K8TXN, STM32G071K8UXN, STM32G081GBU6N, STM32G081KBT6N, STM32G081KBUXN, STM32G0B1CCT6N, STM32G0B1KCT6, STM32G0B1NEY6TR, STM32G0B1RCT6N, STM32G0C1CCT6, STM32G0C1CCT6N, STM32G0C1CCU6N, STM32G0C1CET6N, STM32G0C1CEU6N, STM32G0C1KCT6, STM32G0C1NEY6TR, STM32G0C1RCI6N, STM32G0C1RCT6N, STM32G0C1REI6N, STM32G0C1RET6N, STM32G0C1VCI6, STM32G0C1VEI6, STM32G411C6T3, STM32G411C6T6, STM32G411C6U3, STM32G411C6U6, STM32G411C8T3, STM32G411C8T6, STM32G411C8U3, STM32G411C8U6, STM32G411CBT3, STM32G411CBT6, STM32G411CBU3, STM32G411CBU6, STM32G411K6T3, STM32G411K6T6, STM32G411K6U3, STM32G411K6U6, STM32G411K8T3, STM32G411K8T6, STM32G411K8U3, STM32G411K8U6, STM32G411KBT3, STM32G411KBT6, STM32G411KBU3, STM32G411KBU6, STM32G411M6T3, STM32G411M6T6, STM32G411M8T3, STM32G411M8T6, STM32G411MBT3, STM32G411MBT6, STM32G411R6T3, STM32G411R6T6, STM32G411R8T3, STM32G411R8T6, STM32G411RBT3, STM32G411RBT6, STM32G414CBT3, STM32G414CBT6, STM32G414CBU3, STM32G414CBU6, STM32G414CCT3, STM32G414CCT6, STM32G414CCU3, STM32G414CCU6, STM32G414MBT3, STM32G414MBT6, STM32G414MCT3, STM32G414MCT6, STM32G414RBT3, STM32G414RBT6, STM32G414RCT3, STM32G414RCT6, STM32G414VBT3, STM32G414VBT6, STM32G414VCT3, STM32G414VCT6, STM32G431CBT3Z, STM32G431RBT3Z, STM32G471CCT6, STM32G471CCU6, STM32G471CET3, STM32G471CET6, STM32G471CEU3, STM32G471CEU6, STM32G471MCT6, STM32G471MET3, STM32G471MET6, STM32G471MEY6TR, STM32G471QCT6, STM32G471QET3, STM32G471RCT6, STM32G471RET3, STM32G471RET6, STM32G471VCH6, STM32G471VCI6, STM32G471VCT6, STM32G471VEH3, STM32G471VEH6, STM32G471VEI3, STM32G471VEI6, STM32G471VET3, STM32G471VET6, STM32G473QET3Z, STM32G473RET3Z, STM32G474CCT6, STM32G491RET3Z, STM32H503CBT6, STM32H503CBU6, STM32H503EBY6TR, STM32H503KBU6, STM32H503RBT6, STM32H523CCT6, STM32H523CCU6, STM32H523CET6, STM32H523CEU6, STM32H523HEY6TR, STM32H523RCT6, STM32H523RET6, STM32H523VCI6, STM32H523VCT6, STM32H523VEI6, STM32H523VET6, STM32H523ZCJ6, STM32H523ZCT6, STM32H523ZEJ6, STM32H523ZET6, STM32H533CET6, STM32H533CEU6, STM32H533HEY6TR, STM32H533RET6, STM32H533VEI6, STM32H533VET6, STM32H533ZEJ6, STM32H533ZET6, STM32H562AGI6, STM32H562AII6, STM32H562IGK6, STM32H562IGT6, STM32H562IIK6, STM32H562IIT6, STM32H562RGT6, STM32H562RGV6, STM32H562RIT6, STM32H562RIV6, STM32H562VGT6, STM32H562VIT6, STM32H562ZGT6, STM32H562ZIT6, STM32H563AGI6, STM32H563AII3Q, STM32H563AII6, STM32H563IGK6, STM32H563IGT6, STM32H563IIK3Q, STM32H563IIK6, STM32H563IIT3Q, STM32H563IIT6, STM32H563MIY3QTR, STM32H563RGT6, STM32H563RGV6, STM32H563RIT6, STM32H563RIV6, STM32H563VGT6, STM32H563VIT3Q, STM32H563VIT6, STM32H563ZGT6, STM32H563ZIT3Q, STM32H563ZIT6, STM32H573AII3Q, STM32H573AII6, STM32H573I-DK, STM32H573IIK3Q, STM32H573IIK6, STM32H573IIT3Q, STM32H573IIT6, STM32H573MIY3QTR, STM32H573RIT6, STM32H573RIV6, STM32H573VIT3Q, STM32H573VIT6, STM32H573ZIT3Q, STM32H573ZIT6, STM32H7R3A8I6, STM32H7R3I8K6, STM32H7R3I8T6, STM32H7R3L8H6, STM32H7R3L8H6H, STM32H7R3R8V6, STM32H7R3V8H6, STM32H7R3V8T6, STM32H7R3V8Y6TR, STM32H7R3Z8J6, STM32H7R3Z8T6, STM32H7R7A8I6, STM32H7R7I8K6, STM32H7R7I8T6, STM32H7R7L8H6, STM32H7R7L8H6H, STM32H7R7Z8J6, STM32H7S3A8I6, STM32H7S3I8K6, STM32H7S3I8T6, STM32H7S3L8H6, STM32H7S3L8H6H, STM32H7S3R8V6, STM32H7S3V8H6, STM32H7S3V8T6, STM32H7S3V8Y6TR, STM32H7S3Z8J6, STM32H7S3Z8T6, STM32H7S78-DK, STM32H7S7A8I6, STM32H7S7I8K6, STM32H7S7I8T6, STM32H7S7L8H6, STM32H7S7L8H6H, STM32H7S7Z8J6, STM32L4R5QGI6STR, STM32MP131AAE3, STM32MP131AAF3, STM32MP131AAG3, STM32MP131CAE3, STM32MP131CAF3, STM32MP131CAG3, STM32MP131DAE7, STM32MP131DAF7, STM32MP131DAG7, STM32MP131FAE7, STM32MP131FAF7, STM32MP131FAG7, STM32MP133AAE3, STM32MP133AAF3, STM32MP133AAG3, STM32MP133CAE3, STM32MP133CAF3, STM32MP133CAG3, STM32MP133DAE7, STM32MP133DAF7, STM32MP133DAG7, STM32MP133FAE7, STM32MP133FAF7, STM32MP133FAG7, STM32MP135AAE3, STM32MP135AAF3, STM32MP135AAG3, STM32MP135CAE3, STM32MP135CAF3, STM32MP135CAG3, STM32MP135DAE7, STM32MP135DAF7, STM32MP135DAG7, STM32MP135F-DK, STM32MP135FAE7, STM32MP135FAF7, STM32MP135FAF7T, STM32MP135FAF7U, STM32MP135FAG7, STM32MP211AAL3, STM32MP211AAM3, STM32MP211AAN3, STM32MP211AAO3, STM32MP211CAL3, STM32MP211CAM3, STM32MP211CAN3, STM32MP211CAO3, STM32MP211DAL3, STM32MP211DAM3, STM32MP211DAN3, STM32MP211DAO3, STM32MP211FAL3, STM32MP211FAM3, STM32MP211FAN3, STM32MP211FAO3, STM32MP213AAL3, STM32MP213AAM3, STM32MP213AAN3, STM32MP213AAO3, STM32MP213CAL3, STM32MP213CAM3, STM32MP213CAN3, STM32MP213CAO3, STM32MP213DAL3, STM32MP213DAM3, STM32MP213DAN3, STM32MP213DAO3, STM32MP213FAL3, STM32MP213FAM3, STM32MP213FAN3, STM32MP213FAO3, STM32MP215AAL3, STM32MP215AAM3, STM32MP215AAN3, STM32MP215AAO3, STM32MP215CAL3, STM32MP215CAM3, STM32MP215CAN3, STM32MP215CAO3, STM32MP215DAL3, STM32MP215DAM3, STM32MP215DAN3, STM32MP215DAO3, STM32MP215F-DK, STM32MP215FAL3, STM32MP215FAM3, STM32MP215FAN3, STM32MP215FAO3, STM32MP231AAJ3, STM32MP231AAK3, STM32MP231AAL3, STM32MP231CAJ3, STM32MP231CAK3, STM32MP231CAL3, STM32MP231DAJ3, STM32MP231DAK3, STM32MP231DAL3, STM32MP231FAJ3, STM32MP231FAK3, STM32MP231FAL3, STM32MP233AAJ3, STM32MP233AAK3, STM32MP233AAL3, STM32MP233CAJ3, STM32MP233CAK3, STM32MP233CAL3, STM32MP233DAJ3, STM32MP233DAK3, STM32MP233DAL3, STM32MP233FAJ3, STM32MP233FAK3, STM32MP233FAL3, STM32MP235AAJ3, STM32MP235AAK3, STM32MP235AAL3, STM32MP235CAJ3, STM32MP235CAK3, STM32MP235CAL3, STM32MP235DAJ3, STM32MP235DAK3, STM32MP235DAL3, STM32MP235FAJ3, STM32MP235FAK3, STM32MP235FAL3, STM32MP251AAI3, STM32MP251AAK3, STM32MP251AAL3, STM32MP251CAI3, STM32MP251CAK3, STM32MP251CAL3, STM32MP251DAI3, STM32MP251DAK3, STM32MP251DAL3, STM32MP251FAI3, STM32MP251FAK3, STM32MP251FAL3, STM32MP253AAI3, STM32MP253AAK3, STM32MP253AAL3, STM32MP253CAI3, STM32MP253CAK3, STM32MP253CAL3, STM32MP253DAI3, STM32MP253DAK3, STM32MP253DAL3, STM32MP253FAI3, STM32MP253FAK3, STM32MP253FAL3, STM32MP255AAI3, STM32MP255AAK3, STM32MP255AAL3, STM32MP255CAI3, STM32MP255CAK3, STM32MP255CAL3, STM32MP255DAI3, STM32MP255DAK3, STM32MP255DAL3, STM32MP255FAI3, STM32MP255FAK3, STM32MP255FAL3, STM32MP257AAI3, STM32MP257AAK3, STM32MP257AAL3, STM32MP257CAI3, STM32MP257CAK3, STM32MP257CAL3, STM32MP257DAI3, STM32MP257DAK3, STM32MP257DAL3, STM32MP257F-DK, STM32MP257F-EV1, STM32MP257FAI3, STM32MP257FAK3, STM32MP257FAL3, STM32N645A0H3Q, STM32N645B0H3Q, STM32N645I0H3Q, STM32N645L0H3Q, STM32N645X0H3Q, STM32N645Z0H3Q, STM32N647A0H3Q, STM32N647B0H3Q, STM32N647I0H3Q, STM32N647L0H3Q, STM32N647X0H3Q, STM32N647Z0H3Q, STM32N655A0H3Q, STM32N655B0H3Q, STM32N655I0H3Q, STM32N655L0H3Q, STM32N655X0H3Q, STM32N655Z0H3Q, STM32N6570-DK, STM32N657A0H3Q, STM32N657B0H3Q, STM32N657I0H3Q, STM32N657L0H3Q, STM32N657X0H3Q, STM32N657Z0H3Q, STM32U031C6T6, STM32U031C6U6, STM32U031C8T6, STM32U031C8U6, STM32U031F4P6, STM32U031F6P6, STM32U031F8P6, STM32U031G6Y6TR, STM32U031G8Y6TR, STM32U031K4U6, STM32U031K6U6, STM32U031K8U6, STM32U031R6I6, STM32U031R6T6, STM32U031R8I6, STM32U031R8T6, STM32U073C8T6, STM32U073C8U6, STM32U073CBT6, STM32U073CBU6, STM32U073CCT6, STM32U073CCU6, STM32U073H8Y6TR, STM32U073HBY6TR, STM32U073HCY6TR, STM32U073K8U6, STM32U073KBU6, STM32U073KCU6, STM32U073M8I6, STM32U073M8T6, STM32U073MBI6, STM32U073MBT6, STM32U073MCI6, STM32U073MCT6, STM32U073R8I6, STM32U073R8T6, STM32U073RBI6, STM32U073RBT6, STM32U073RCI6, STM32U073RCT6, STM32U083C-DK, STM32U083CCT6, STM32U083CCU6, STM32U083HCY6TR, STM32U083KCU6, STM32U083MCI6, STM32U083MCT6, STM32U083RCI6, STM32U083RCT6, STM32U375CET6, STM32U375CET6Q, STM32U375CEU6, STM32U375CEU6Q, STM32U375CEY6QTR, STM32U375CGT6, STM32U375CGT6Q, STM32U375CGU6, STM32U375CGU6Q, STM32U375CGY6QTR, STM32U375KEU6, STM32U375KGU6, STM32U375REI6, STM32U375REI6Q, STM32U375RET6, STM32U375RET6Q, STM32U375REY6GTR, STM32U375REY6QTR, STM32U375RGI6, STM32U375RGI6Q, STM32U375RGT6, STM32U375RGT6Q, STM32U375RGY6GTR, STM32U375RGY6QTR, STM32U375VEI6, STM32U375VEI6Q, STM32U375VET6, STM32U375VET6Q, STM32U375VGI6, STM32U375VGI6Q, STM32U375VGT6, STM32U375VGT6Q, STM32U385CGT6, STM32U385CGT6Q, STM32U385CGU6, STM32U385CGU6Q, STM32U385CGY6QTR, STM32U385KGU6, STM32U385RGI6, STM32U385RGI6Q, STM32U385RGT6, STM32U385RGT6Q, STM32U385RGY6GTR, STM32U385RGY6QTR, STM32U385VGI6, STM32U385VGI6Q, STM32U385VGT6, STM32U385VGT6Q, STM32U535CBT6, STM32U535CBT6Q, STM32U535CBU6, STM32U535CBU6Q, STM32U535CCT6, STM32U535CCT6Q, STM32U535CCU6, STM32U535CCU6Q, STM32U535CET6, STM32U535CET6Q, STM32U535CEU6, STM32U535CEU6Q, STM32U535JEY6QTR, STM32U535NCY6QTR, STM32U535NEY6QTR, STM32U535RBI6, STM32U535RBI6Q, STM32U535RBT6, STM32U535RBT6Q, STM32U535RCI6, STM32U535RCI6Q, STM32U535RCT6, STM32U535RCT6Q, STM32U535REI6, STM32U535REI6Q, STM32U535RET6, STM32U535RET6Q, STM32U535VCI6, STM32U535VCI6Q, STM32U535VCT6, STM32U535VCT6Q, STM32U535VEI6, STM32U535VEI6Q, STM32U535VET6, STM32U535VET6Q, STM32U545CET6, STM32U545CET6Q, STM32U545CEU6, STM32U545CEU6Q, STM32U545JEY6QTR, STM32U545NEY6QTR, STM32U545REI6, STM32U545REI6Q, STM32U545RET6, STM32U545RET6Q, STM32U545VEI6, STM32U545VEI6Q, STM32U545VET6, STM32U545VET6Q, STM32U595AIH6, STM32U595AIH6Q, STM32U595AJH6, STM32U595AJH6Q, STM32U595QII6, STM32U595QII6Q, STM32U595QJI6, STM32U595QJI6Q, STM32U595RIT6, STM32U595RIT6Q, STM32U595RJT6, STM32U595RJT6Q, STM32U595VIT6, STM32U595VIT6Q, STM32U595VJT6, STM32U595VJT6Q, STM32U595ZIT6, STM32U595ZIT6Q, STM32U595ZIY6QTR, STM32U595ZJT6, STM32U595ZJT6Q, STM32U595ZJY6QTR, STM32U599BJY6QTR, STM32U599NIH6Q, STM32U599NJH6Q, STM32U599VIT6Q, STM32U599VJT6, STM32U599VJT6Q, STM32U599ZIT6Q, STM32U599ZIY6QTR, STM32U599ZJT6Q, STM32U599ZJY6QTR, STM32U5A5AJH6, STM32U5A5AJH6Q, STM32U5A5QII3Q , STM32U5A5QJI6, STM32U5A5QJI6Q, STM32U5A5RJT6, STM32U5A5RJT6Q, STM32U5A5VJT6, STM32U5A5VJT6Q, STM32U5A5ZJT6, STM32U5A5ZJT6Q, STM32U5A5ZJY6QTR, STM32U5A9BJY6QTR, STM32U5A9J-DK, STM32U5A9NJH6Q, STM32U5A9VJT6Q, STM32U5A9ZJT6Q, STM32U5A9ZJY6QTR, STM32U5F7VIT6, STM32U5F7VIT6Q, STM32U5F7VJT6, STM32U5F7VJT6Q, STM32U5F9BJY6QTR, STM32U5F9NJH6Q, STM32U5F9VIT6Q, STM32U5F9VJT6Q, STM32U5F9ZIJ6QTR, STM32U5F9ZIT6Q, STM32U5F9ZJJ6QTR, STM32U5F9ZJT6Q, STM32U5G7VJT6, STM32U5G7VJT6Q, STM32U5G9BJY6QTR, STM32U5G9J-DK1, STM32U5G9J-DK2, STM32U5G9NJH6Q, STM32U5G9VJT6Q, STM32U5G9ZJJ6QTR, STM32U5G9ZJT6Q, STM32WB05KZV6TR, STM32WB05KZV7TR, STM32WB05TZF6TR, STM32WB05TZF7TR, STM32WB06CCF6TR, STM32WB06CCF7TR, STM32WB06CCV6TR, STM32WB06CCV7TR, STM32WB06KCV6TR, STM32WB06KCV7TR, STM32WB07CCF6TR, STM32WB07CCF7TR, STM32WB07CCV6TR, STM32WB07CCV7TR, STM32WB07KCV6TR, STM32WB07KCV7TR, STM32WB09KEV6TR, STM32WB09KEV7TR, STM32WB09TEF6TR, STM32WB09TEF7TR, STM32WB1MMCH6, STM32WBA50KGU6, STM32WBA50KGU6TR, STM32WBA52CEU6, STM32WBA52CEU6TR, STM32WBA52CEU7, STM32WBA52CEU7TR, STM32WBA52CGU6, STM32WBA52CGU6TR, STM32WBA52CGU6U, STM32WBA52CGU7, STM32WBA52CGU7TR, STM32WBA52KEU6, STM32WBA52KEU6TR, STM32WBA52KGU6, STM32WBA52KGU6TR, STM32WBA54CEU6, STM32WBA54CEU6TR, STM32WBA54CEU7, STM32WBA54CEU7TR, STM32WBA54CGU6, STM32WBA54CGU6TR, STM32WBA54CGU7, STM32WBA54CGU7TR, STM32WBA54KEU6, STM32WBA54KEU6TR, STM32WBA54KEU7, STM32WBA54KEU7TR, STM32WBA54KGU6, STM32WBA54KGU6TR, STM32WBA54KGU7, STM32WBA54KGU7TR, STM32WBA55CEU6, STM32WBA55CEU6TR, STM32WBA55CEU7, STM32WBA55CEU7TR, STM32WBA55CGU6, STM32WBA55CGU6TR, STM32WBA55CGU6U, STM32WBA55CGU7, STM32WBA55CGU7TR, STM32WBA55G-DK1, STM32WBA55HEF6, STM32WBA55HEF7, STM32WBA55HGF6, STM32WBA55HGF7, STM32WBA55UEI6, STM32WBA55UEI6TR, STM32WBA55UEI7, STM32WBA55UEI7TR, STM32WBA55UGI6, STM32WBA55UGI6TR, STM32WBA55UGI7, STM32WBA55UGI7TR, STM32WBA5MMGH6TR, STM32WBA62MGF6, STM32WBA62MIF6, STM32WBA65MGF7, STM32WBA65MIF6, STM32WBA65MIF7, STM32WL30K8V6, STM32WL30KBV6, STM32WL31C8V6, STM32WL31CBV6, STM32WL31K8V6, STM32WL31KBV6, STM32WL33C8V6, STM32WL33C8V6X, STM32WL33CBV6, STM32WL33CBV6X, STM32WL33CCV6, STM32WL33CCV6A, STM32WL33CCV6X, STM32WL33K8V7, STM32WL33K8V7X, STM32WL33KBV7 , STM32WL33KBV7X, STM32WL33KCV7, STM32WL33KCV7X, STM32WL5MOCH6, STM32WL5MOCH6TR]
2025-12-29 22:44:40,157 [INFO] DbMcus:218 - Found 4876 MCUs, 4876 are supported
2025-12-29 22:44:40,159 [INFO] ApiDb:423 - Load user favorites file C:\Users\aditi/.stm32cubeide/favorites.mcus.txt: 0 item(s)
2025-12-29 22:44:40,159 [INFO] ApiDb:427 - User favorites MCUs=[]
2025-12-29 22:44:40,159 [INFO] DbMcus:224 - Set 0 / 0 favorites MCUs
2025-12-29 22:44:40,594 [INFO] ApiDb:668 - CubeFinder database Data Model version=2.1
2025-12-29 22:44:40,594 [INFO] ApiDb:669 - CubeFinder database Configuration version=3.0.39
2025-12-29 22:44:40,594 [INFO] ApiDb:670 - CubeFinder database generation date=2025-11-05 (1762334721)
2025-12-29 22:44:40,594 [INFO] ApiDb:671 - CubeFinder database FW Pack versions=[FP-ATR-ASTRA1_V2.0.0, FP-SNS-FLIGHT1_V5.1.0, FP-SNS-MOTENV1_V5.1.0, FP-SNS-MOTENVWB1_V1.4.0, FP-SNS-SMARTAG2_V1.2.0, FP-SNS-STBOX1_V2.1.0, STM32Cube_FW_C0_V1.4.0, STM32Cube_FW_F4_V1.28.3, STM32Cube_FW_F7_V1.17.4, STM32Cube_FW_G0_V1.6.2, STM32Cube_FW_G4_V1.6.1, STM32Cube_FW_H5_V1.5.1, STM32Cube_FW_H7RS_V1.3.0, STM32Cube_FW_H7_V1.12.1, STM32Cube_FW_L0_V1.12.2, STM32Cube_FW_L4_V1.18.1, STM32Cube_FW_L5_V1.6.0, STM32Cube_FW_N6_V1.3.0, STM32Cube_FW_U0_V1.3.0, STM32Cube_FW_U3_V1.2.1, STM32Cube_FW_U5_V1.8.0, STM32Cube_FW_WB0_V1.4.0, STM32Cube_FW_WBA_V1.8.0, STM32Cube_FW_WB_V1.24.0, STM32Cube_FW_WL3_V1.3.0, STM32Cube_FW_WL_V1.4.0, X-CUBE-ALGOBUILD_V1.4.0, X-CUBE-ALS_V1.0.2, X-CUBE-AZRTOS-F4_V1.1.0, X-CUBE-AZRTOS-F7_V1.1.0, X-CUBE-AZRTOS-G0_V1.1.0, X-CUBE-AZRTOS-G4_V2.0.0, X-CUBE-AZRTOS-H7RS_V1.1.0, X-CUBE-AZRTOS-H7_V3.4.0, X-CUBE-AZRTOS-L4_V2.0.0, X-CUBE-AZRTOS-L5_V2.0.0, X-CUBE-AZRTOS-WB_V2.0.0, X-CUBE-AZRTOS-WL_V2.0.0, X-CUBE-BLE1_V7.1.0, X-CUBE-BLE2_V3.3.0, X-CUBE-BLEMGR_V4.1.0, X-CUBE-EEPRMA1_V5.2.0, X-CUBE-FREERTOS_V1.3.1, X-CUBE-GNSS1_V6.0.0, X-CUBE-MEMS1_V11.3.0, X-CUBE-NFC4_V3.0.0, X-CUBE-NFC7_V2.0.0, X-CUBE-SFXS2LP1_V4.0.0, X-CUBE-ST67W61_V1.1.0, X-CUBE-SUBG2_V5.0.0, X-CUBE-TOF1_V3.4.3]
2025-12-29 22:44:40,654 [INFO] DbBoardsSqlite:226 - include board P-NUCLEO-WB55-NUCLEO as a kit item of type 'Nucleo-64'
2025-12-29 22:44:40,654 [INFO] DbBoardsSqlite:226 - include board P-NUCLEO-WB55-USBDONGLE as a kit item of type 'Nucleo USB Dongle'
2025-12-29 22:44:40,654 [INFO] DbBoardsSqlite:226 - include board STEVAL-IDP005V1 as a kit item of type 'Evaluation Board'
2025-12-29 22:44:40,655 [INFO] DbBoardsSqlite:226 - include board STEVAL-IDP005V2 as a kit item of type 'Evaluation Board'
2025-12-29 22:44:40,721 [INFO] ApiDb:240 - Found 880 in-development CPN: [B-G473E-ZEST1S, B-WB1M-WPAN1, B-WBA5M-WPAN, B-WL5M-SUBG1, NUCLEO-C031C6, NUCLEO-C051C8, NUCLEO-C071RB, NUCLEO-C092RC, NUCLEO-H503RB, NUCLEO-H533RE, NUCLEO-H563ZI, NUCLEO-H7S3L8, NUCLEO-N657X0-Q, NUCLEO-U031R8, NUCLEO-U083RC, NUCLEO-U385RG-Q, NUCLEO-U545RE-Q, NUCLEO-U5A5ZJ-Q, NUCLEO-WB05KZ, NUCLEO-WB07CC, NUCLEO-WB09KE, NUCLEO-WBA52CG, NUCLEO-WBA55CG, NUCLEO-WL33CC1, NUCLEO-WL33CC2, STEVAL-PROTEUS1, STEVAL-SMARTAG2, STEVAL-STWINBX1, STM320518-EVAL, STM32C0116-DK, STM32C011D6Y3TR, STM32C011D6Y6TR, STM32C011F4P3, STM32C011F4P6, STM32C011F4U3, STM32C011F4U6TR, STM32C011F6P3, STM32C011F6P6, STM32C011F6U3, STM32C011F6U6TR, STM32C011J4M3, STM32C011J4M6, STM32C011J6M3, STM32C011J6M6, STM32C0316-DK, STM32C031C4T3, STM32C031C4T6, STM32C031C4U3, STM32C031C4U6, STM32C031C6T3, STM32C031C6T6, STM32C031C6U3, STM32C031C6U6, STM32C031F4P3, STM32C031F4P6, STM32C031F6P3, STM32C031F6P6, STM32C031G4U3, STM32C031G4U6, STM32C031G6U3, STM32C031G6U6, STM32C031K4T3, STM32C031K4T6, STM32C031K4U3, STM32C031K4U6, STM32C031K6T3, STM32C031K6T6, STM32C031K6U3, STM32C031K6U6, STM32C051C6T6, STM32C051C6U6, STM32C051C8T6, STM32C051C8U6, STM32C051D8Y6TR, STM32C051F6P6, STM32C051F8P6, STM32C051G6U6, STM32C051G8U6, STM32C051K6T6, STM32C051K6U6, STM32C051K8T6, STM32C071C8T6, STM32C071C8T6N, STM32C071C8U6, STM32C071C8U6N, STM32C071CBT6, STM32C071CBT6N, STM32C071CBU6, STM32C071CBU6N, STM32C071F8P6, STM32C071F8P6N, STM32C071FBP6, STM32C071FBP6N, STM32C071FBY6TR, STM32C071G8U6, STM32C071G8U6N, STM32C071GBU6, STM32C071GBU6N, STM32C071K8T6, STM32C071K8T6N, STM32C071K8U6, STM32C071K8U6N, STM32C071KBT6, STM32C071KBT6N, STM32C071KBU6, STM32C071KBU6N, STM32C071R8T6, STM32C071R8T6N, STM32C071RBI6N, STM32C071RBT6, STM32C071RBT6N, STM32C091CBT6, STM32C091CBU6, STM32C091CCT6, STM32C091CCU6, STM32C091ECY6TR, STM32C091FBP6, STM32C091FCP6, STM32C091GBU6, STM32C091GCU6, STM32C091KBT6, STM32C091KBU6, STM32C091KCT6, STM32C091KCU6, STM32C091RBT6, STM32C091RCI6, STM32C091RCT6, STM32C092CBT6, STM32C092CBU6, STM32C092CCT6, STM32C092CCU6, STM32C092ECY6TR, STM32C092FBP6, STM32C092FCP6, STM32C092GBU6, STM32C092GCU6, STM32C092KBT6, STM32C092KBU6, STM32C092KCT6, STM32C092KCU6, STM32C092RBT6, STM32C092RCI6, STM32C092RCT6, STM32G071K8TXN, STM32G071K8UXN, STM32G081GBU6N, STM32G081KBT6N, STM32G081KBUXN, STM32G0B1CCT6N, STM32G0B1KCT6, STM32G0B1NEY6TR, STM32G0B1RCT6N, STM32G0C1CCT6, STM32G0C1CCT6N, STM32G0C1CCU6N, STM32G0C1CET6N, STM32G0C1CEU6N, STM32G0C1KCT6, STM32G0C1NEY6TR, STM32G0C1RCI6N, STM32G0C1RCT6N, STM32G0C1REI6N, STM32G0C1RET6N, STM32G0C1VCI6, STM32G0C1VEI6, STM32G411C6T3, STM32G411C6T6, STM32G411C6U3, STM32G411C6U6, STM32G411C8T3, STM32G411C8T6, STM32G411C8U3, STM32G411C8U6, STM32G411CBT3, STM32G411CBT6, STM32G411CBU3, STM32G411CBU6, STM32G411K6T3, STM32G411K6T6, STM32G411K6U3, STM32G411K6U6, STM32G411K8T3, STM32G411K8T6, STM32G411K8U3, STM32G411K8U6, STM32G411KBT3, STM32G411KBT6, STM32G411KBU3, STM32G411KBU6, STM32G411M6T3, STM32G411M6T6, STM32G411M8T3, STM32G411M8T6, STM32G411MBT3, STM32G411MBT6, STM32G411R6T3, STM32G411R6T6, STM32G411R8T3, STM32G411R8T6, STM32G411RBT3, STM32G411RBT6, STM32G414CBT3, STM32G414CBT6, STM32G414CBU3, STM32G414CBU6, STM32G414CCT3, STM32G414CCT6, STM32G414CCU3, STM32G414CCU6, STM32G414MBT3, STM32G414MBT6, STM32G414MCT3, STM32G414MCT6, STM32G414RBT3, STM32G414RBT6, STM32G414RCT3, STM32G414RCT6, STM32G414VBT3, STM32G414VBT6, STM32G414VCT3, STM32G414VCT6, STM32G431CBT3Z, STM32G431RBT3Z, STM32G471CCT6, STM32G471CCU6, STM32G471CET3, STM32G471CET6, STM32G471CEU3, STM32G471CEU6, STM32G471MCT6, STM32G471MET3, STM32G471MET6, STM32G471MEY6TR, STM32G471QCT6, STM32G471QET3, STM32G471RCT6, STM32G471RET3, STM32G471RET6, STM32G471VCH6, STM32G471VCI6, STM32G471VCT6, STM32G471VEH3, STM32G471VEH6, STM32G471VEI3, STM32G471VEI6, STM32G471VET3, STM32G471VET6, STM32G473QET3Z, STM32G473RET3Z, STM32G474CCT6, STM32G491RET3Z, STM32H503CBT6, STM32H503CBU6, STM32H503EBY6TR, STM32H503KBU6, STM32H503RBT6, STM32H523CCT6, STM32H523CCU6, STM32H523CET6, STM32H523CEU6, STM32H523HEY6TR, STM32H523RCT6, STM32H523RET6, STM32H523VCI6, STM32H523VCT6, STM32H523VEI6, STM32H523VET6, STM32H523ZCJ6, STM32H523ZCT6, STM32H523ZEJ6, STM32H523ZET6, STM32H533CET6, STM32H533CEU6, STM32H533HEY6TR, STM32H533RET6, STM32H533VEI6, STM32H533VET6, STM32H533ZEJ6, STM32H533ZET6, STM32H562AGI6, STM32H562AII6, STM32H562IGK6, STM32H562IGT6, STM32H562IIK6, STM32H562IIT6, STM32H562RGT6, STM32H562RGV6, STM32H562RIT6, STM32H562RIV6, STM32H562VGT6, STM32H562VIT6, STM32H562ZGT6, STM32H562ZIT6, STM32H563AGI6, STM32H563AII3Q, STM32H563AII6, STM32H563IGK6, STM32H563IGT6, STM32H563IIK3Q, STM32H563IIK6, STM32H563IIT3Q, STM32H563IIT6, STM32H563MIY3QTR, STM32H563RGT6, STM32H563RGV6, STM32H563RIT6, STM32H563RIV6, STM32H563VGT6, STM32H563VIT3Q, STM32H563VIT6, STM32H563ZGT6, STM32H563ZIT3Q, STM32H563ZIT6, STM32H573AII3Q, STM32H573AII6, STM32H573I-DK, STM32H573IIK3Q, STM32H573IIK6, STM32H573IIT3Q, STM32H573IIT6, STM32H573MIY3QTR, STM32H573RIT6, STM32H573RIV6, STM32H573VIT3Q, STM32H573VIT6, STM32H573ZIT3Q, STM32H573ZIT6, STM32H7R3A8I6, STM32H7R3I8K6, STM32H7R3I8T6, STM32H7R3L8H6, STM32H7R3L8H6H, STM32H7R3R8V6, STM32H7R3V8H6, STM32H7R3V8T6, STM32H7R3V8Y6TR, STM32H7R3Z8J6, STM32H7R3Z8T6, STM32H7R7A8I6, STM32H7R7I8K6, STM32H7R7I8T6, STM32H7R7L8H6, STM32H7R7L8H6H, STM32H7R7Z8J6, STM32H7S3A8I6, STM32H7S3I8K6, STM32H7S3I8T6, STM32H7S3L8H6, STM32H7S3L8H6H, STM32H7S3R8V6, STM32H7S3V8H6, STM32H7S3V8T6, STM32H7S3V8Y6TR, STM32H7S3Z8J6, STM32H7S3Z8T6, STM32H7S78-DK, STM32H7S7A8I6, STM32H7S7I8K6, STM32H7S7I8T6, STM32H7S7L8H6, STM32H7S7L8H6H, STM32H7S7Z8J6, STM32L4R5QGI6STR, STM32MP131AAE3, STM32MP131AAF3, STM32MP131AAG3, STM32MP131CAE3, STM32MP131CAF3, STM32MP131CAG3, STM32MP131DAE7, STM32MP131DAF7, STM32MP131DAG7, STM32MP131FAE7, STM32MP131FAF7, STM32MP131FAG7, STM32MP133AAE3, STM32MP133AAF3, STM32MP133AAG3, STM32MP133CAE3, STM32MP133CAF3, STM32MP133CAG3, STM32MP133DAE7, STM32MP133DAF7, STM32MP133DAG7, STM32MP133FAE7, STM32MP133FAF7, STM32MP133FAG7, STM32MP135AAE3, STM32MP135AAF3, STM32MP135AAG3, STM32MP135CAE3, STM32MP135CAF3, STM32MP135CAG3, STM32MP135DAE7, STM32MP135DAF7, STM32MP135DAG7, STM32MP135F-DK, STM32MP135FAE7, STM32MP135FAF7, STM32MP135FAF7T, STM32MP135FAF7U, STM32MP135FAG7, STM32MP211AAL3, STM32MP211AAM3, STM32MP211AAN3, STM32MP211AAO3, STM32MP211CAL3, STM32MP211CAM3, STM32MP211CAN3, STM32MP211CAO3, STM32MP211DAL3, STM32MP211DAM3, STM32MP211DAN3, STM32MP211DAO3, STM32MP211FAL3, STM32MP211FAM3, STM32MP211FAN3, STM32MP211FAO3, STM32MP213AAL3, STM32MP213AAM3, STM32MP213AAN3, STM32MP213AAO3, STM32MP213CAL3, STM32MP213CAM3, STM32MP213CAN3, STM32MP213CAO3, STM32MP213DAL3, STM32MP213DAM3, STM32MP213DAN3, STM32MP213DAO3, STM32MP213FAL3, STM32MP213FAM3, STM32MP213FAN3, STM32MP213FAO3, STM32MP215AAL3, STM32MP215AAM3, STM32MP215AAN3, STM32MP215AAO3, STM32MP215CAL3, STM32MP215CAM3, STM32MP215CAN3, STM32MP215CAO3, STM32MP215DAL3, STM32MP215DAM3, STM32MP215DAN3, STM32MP215DAO3, STM32MP215F-DK, STM32MP215FAL3, STM32MP215FAM3, STM32MP215FAN3, STM32MP215FAO3, STM32MP231AAJ3, STM32MP231AAK3, STM32MP231AAL3, STM32MP231CAJ3, STM32MP231CAK3, STM32MP231CAL3, STM32MP231DAJ3, STM32MP231DAK3, STM32MP231DAL3, STM32MP231FAJ3, STM32MP231FAK3, STM32MP231FAL3, STM32MP233AAJ3, STM32MP233AAK3, STM32MP233AAL3, STM32MP233CAJ3, STM32MP233CAK3, STM32MP233CAL3, STM32MP233DAJ3, STM32MP233DAK3, STM32MP233DAL3, STM32MP233FAJ3, STM32MP233FAK3, STM32MP233FAL3, STM32MP235AAJ3, STM32MP235AAK3, STM32MP235AAL3, STM32MP235CAJ3, STM32MP235CAK3, STM32MP235CAL3, STM32MP235DAJ3, STM32MP235DAK3, STM32MP235DAL3, STM32MP235FAJ3, STM32MP235FAK3, STM32MP235FAL3, STM32MP251AAI3, STM32MP251AAK3, STM32MP251AAL3, STM32MP251CAI3, STM32MP251CAK3, STM32MP251CAL3, STM32MP251DAI3, STM32MP251DAK3, STM32MP251DAL3, STM32MP251FAI3, STM32MP251FAK3, STM32MP251FAL3, STM32MP253AAI3, STM32MP253AAK3, STM32MP253AAL3, STM32MP253CAI3, STM32MP253CAK3, STM32MP253CAL3, STM32MP253DAI3, STM32MP253DAK3, STM32MP253DAL3, STM32MP253FAI3, STM32MP253FAK3, STM32MP253FAL3, STM32MP255AAI3, STM32MP255AAK3, STM32MP255AAL3, STM32MP255CAI3, STM32MP255CAK3, STM32MP255CAL3, STM32MP255DAI3, STM32MP255DAK3, STM32MP255DAL3, STM32MP255FAI3, STM32MP255FAK3, STM32MP255FAL3, STM32MP257AAI3, STM32MP257AAK3, STM32MP257AAL3, STM32MP257CAI3, STM32MP257CAK3, STM32MP257CAL3, STM32MP257DAI3, STM32MP257DAK3, STM32MP257DAL3, STM32MP257F-DK, STM32MP257F-EV1, STM32MP257FAI3, STM32MP257FAK3, STM32MP257FAL3, STM32N645A0H3Q, STM32N645B0H3Q, STM32N645I0H3Q, STM32N645L0H3Q, STM32N645X0H3Q, STM32N645Z0H3Q, STM32N647A0H3Q, STM32N647B0H3Q, STM32N647I0H3Q, STM32N647L0H3Q, STM32N647X0H3Q, STM32N647Z0H3Q, STM32N655A0H3Q, STM32N655B0H3Q, STM32N655I0H3Q, STM32N655L0H3Q, STM32N655X0H3Q, STM32N655Z0H3Q, STM32N6570-DK, STM32N657A0H3Q, STM32N657B0H3Q, STM32N657I0H3Q, STM32N657L0H3Q, STM32N657X0H3Q, STM32N657Z0H3Q, STM32U031C6T6, STM32U031C6U6, STM32U031C8T6, STM32U031C8U6, STM32U031F4P6, STM32U031F6P6, STM32U031F8P6, STM32U031G6Y6TR, STM32U031G8Y6TR, STM32U031K4U6, STM32U031K6U6, STM32U031K8U6, STM32U031R6I6, STM32U031R6T6, STM32U031R8I6, STM32U031R8T6, STM32U073C8T6, STM32U073C8U6, STM32U073CBT6, STM32U073CBU6, STM32U073CCT6, STM32U073CCU6, STM32U073H8Y6TR, STM32U073HBY6TR, STM32U073HCY6TR, STM32U073K8U6, STM32U073KBU6, STM32U073KCU6, STM32U073M8I6, STM32U073M8T6, STM32U073MBI6, STM32U073MBT6, STM32U073MCI6, STM32U073MCT6, STM32U073R8I6, STM32U073R8T6, STM32U073RBI6, STM32U073RBT6, STM32U073RCI6, STM32U073RCT6, STM32U083C-DK, STM32U083CCT6, STM32U083CCU6, STM32U083HCY6TR, STM32U083KCU6, STM32U083MCI6, STM32U083MCT6, STM32U083RCI6, STM32U083RCT6, STM32U375CET6, STM32U375CET6Q, STM32U375CEU6, STM32U375CEU6Q, STM32U375CEY6QTR, STM32U375CGT6, STM32U375CGT6Q, STM32U375CGU6, STM32U375CGU6Q, STM32U375CGY6QTR, STM32U375KEU6, STM32U375KGU6, STM32U375REI6, STM32U375REI6Q, STM32U375RET6, STM32U375RET6Q, STM32U375REY6GTR, STM32U375REY6QTR, STM32U375RGI6, STM32U375RGI6Q, STM32U375RGT6, STM32U375RGT6Q, STM32U375RGY6GTR, STM32U375RGY6QTR, STM32U375VEI6, STM32U375VEI6Q, STM32U375VET6, STM32U375VET6Q, STM32U375VGI6, STM32U375VGI6Q, STM32U375VGT6, STM32U375VGT6Q, STM32U385CGT6, STM32U385CGT6Q, STM32U385CGU6, STM32U385CGU6Q, STM32U385CGY6QTR, STM32U385KGU6, STM32U385RGI6, STM32U385RGI6Q, STM32U385RGT6, STM32U385RGT6Q, STM32U385RGY6GTR, STM32U385RGY6QTR, STM32U385VGI6, STM32U385VGI6Q, STM32U385VGT6, STM32U385VGT6Q, STM32U535CBT6, STM32U535CBT6Q, STM32U535CBU6, STM32U535CBU6Q, STM32U535CCT6, STM32U535CCT6Q, STM32U535CCU6, STM32U535CCU6Q, STM32U535CET6, STM32U535CET6Q, STM32U535CEU6, STM32U535CEU6Q, STM32U535JEY6QTR, STM32U535NCY6QTR, STM32U535NEY6QTR, STM32U535RBI6, STM32U535RBI6Q, STM32U535RBT6, STM32U535RBT6Q, STM32U535RCI6, STM32U535RCI6Q, STM32U535RCT6, STM32U535RCT6Q, STM32U535REI6, STM32U535REI6Q, STM32U535RET6, STM32U535RET6Q, STM32U535VCI6, STM32U535VCI6Q, STM32U535VCT6, STM32U535VCT6Q, STM32U535VEI6, STM32U535VEI6Q, STM32U535VET6, STM32U535VET6Q, STM32U545CET6, STM32U545CET6Q, STM32U545CEU6, STM32U545CEU6Q, STM32U545JEY6QTR, STM32U545NEY6QTR, STM32U545REI6, STM32U545REI6Q, STM32U545RET6, STM32U545RET6Q, STM32U545VEI6, STM32U545VEI6Q, STM32U545VET6, STM32U545VET6Q, STM32U595AIH6, STM32U595AIH6Q, STM32U595AJH6, STM32U595AJH6Q, STM32U595QII6, STM32U595QII6Q, STM32U595QJI6, STM32U595QJI6Q, STM32U595RIT6, STM32U595RIT6Q, STM32U595RJT6, STM32U595RJT6Q, STM32U595VIT6, STM32U595VIT6Q, STM32U595VJT6, STM32U595VJT6Q, STM32U595ZIT6, STM32U595ZIT6Q, STM32U595ZIY6QTR, STM32U595ZJT6, STM32U595ZJT6Q, STM32U595ZJY6QTR, STM32U599BJY6QTR, STM32U599NIH6Q, STM32U599NJH6Q, STM32U599VIT6Q, STM32U599VJT6, STM32U599VJT6Q, STM32U599ZIT6Q, STM32U599ZIY6QTR, STM32U599ZJT6Q, STM32U599ZJY6QTR, STM32U5A5AJH6, STM32U5A5AJH6Q, STM32U5A5QII3Q , STM32U5A5QJI6, STM32U5A5QJI6Q, STM32U5A5RJT6, STM32U5A5RJT6Q, STM32U5A5VJT6, STM32U5A5VJT6Q, STM32U5A5ZJT6, STM32U5A5ZJT6Q, STM32U5A5ZJY6QTR, STM32U5A9BJY6QTR, STM32U5A9J-DK, STM32U5A9NJH6Q, STM32U5A9VJT6Q, STM32U5A9ZJT6Q, STM32U5A9ZJY6QTR, STM32U5F7VIT6, STM32U5F7VIT6Q, STM32U5F7VJT6, STM32U5F7VJT6Q, STM32U5F9BJY6QTR, STM32U5F9NJH6Q, STM32U5F9VIT6Q, STM32U5F9VJT6Q, STM32U5F9ZIJ6QTR, STM32U5F9ZIT6Q, STM32U5F9ZJJ6QTR, STM32U5F9ZJT6Q, STM32U5G7VJT6, STM32U5G7VJT6Q, STM32U5G9BJY6QTR, STM32U5G9J-DK1, STM32U5G9J-DK2, STM32U5G9NJH6Q, STM32U5G9VJT6Q, STM32U5G9ZJJ6QTR, STM32U5G9ZJT6Q, STM32WB05KZV6TR, STM32WB05KZV7TR, STM32WB05TZF6TR, STM32WB05TZF7TR, STM32WB06CCF6TR, STM32WB06CCF7TR, STM32WB06CCV6TR, STM32WB06CCV7TR, STM32WB06KCV6TR, STM32WB06KCV7TR, STM32WB07CCF6TR, STM32WB07CCF7TR, STM32WB07CCV6TR, STM32WB07CCV7TR, STM32WB07KCV6TR, STM32WB07KCV7TR, STM32WB09KEV6TR, STM32WB09KEV7TR, STM32WB09TEF6TR, STM32WB09TEF7TR, STM32WB1MMCH6, STM32WBA50KGU6, STM32WBA50KGU6TR, STM32WBA52CEU6, STM32WBA52CEU6TR, STM32WBA52CEU7, STM32WBA52CEU7TR, STM32WBA52CGU6, STM32WBA52CGU6TR, STM32WBA52CGU6U, STM32WBA52CGU7, STM32WBA52CGU7TR, STM32WBA52KEU6, STM32WBA52KEU6TR, STM32WBA52KGU6, STM32WBA52KGU6TR, STM32WBA54CEU6, STM32WBA54CEU6TR, STM32WBA54CEU7, STM32WBA54CEU7TR, STM32WBA54CGU6, STM32WBA54CGU6TR, STM32WBA54CGU7, STM32WBA54CGU7TR, STM32WBA54KEU6, STM32WBA54KEU6TR, STM32WBA54KEU7, STM32WBA54KEU7TR, STM32WBA54KGU6, STM32WBA54KGU6TR, STM32WBA54KGU7, STM32WBA54KGU7TR, STM32WBA55CEU6, STM32WBA55CEU6TR, STM32WBA55CEU7, STM32WBA55CEU7TR, STM32WBA55CGU6, STM32WBA55CGU6TR, STM32WBA55CGU6U, STM32WBA55CGU7, STM32WBA55CGU7TR, STM32WBA55G-DK1, STM32WBA55HEF6, STM32WBA55HEF7, STM32WBA55HGF6, STM32WBA55HGF7, STM32WBA55UEI6, STM32WBA55UEI6TR, STM32WBA55UEI7, STM32WBA55UEI7TR, STM32WBA55UGI6, STM32WBA55UGI6TR, STM32WBA55UGI7, STM32WBA55UGI7TR, STM32WBA5MMGH6TR, STM32WBA62MGF6, STM32WBA62MIF6, STM32WBA65MGF7, STM32WBA65MIF6, STM32WBA65MIF7, STM32WL30K8V6, STM32WL30KBV6, STM32WL31C8V6, STM32WL31CBV6, STM32WL31K8V6, STM32WL31KBV6, STM32WL33C8V6, STM32WL33C8V6X, STM32WL33CBV6, STM32WL33CBV6X, STM32WL33CCV6, STM32WL33CCV6A, STM32WL33CCV6X, STM32WL33K8V7, STM32WL33K8V7X, STM32WL33KBV7 , STM32WL33KBV7X, STM32WL33KCV7, STM32WL33KCV7X, STM32WL5MOCH6, STM32WL5MOCH6TR]
2025-12-29 22:44:41,009 [INFO] BoardInfo:889 - No configuration file found for board P-NUCLEO-WB55
2025-12-29 22:44:41,010 [INFO] DbBoards:161 - Kit is not supported: P-NUCLEO-WB55
2025-12-29 22:44:41,019 [INFO] BoardInfo:889 - No configuration file found for board STEVAL-BFA001V1B
2025-12-29 22:44:41,020 [INFO] DbBoards:161 - Kit is not supported: STEVAL-BFA001V1B
2025-12-29 22:44:41,021 [INFO] BoardInfo:889 - No configuration file found for board STEVAL-BFA001V2B
2025-12-29 22:44:41,023 [INFO] DbBoards:161 - Kit is not supported: STEVAL-BFA001V2B
2025-12-29 22:44:41,272 [INFO] DbBoards:168 - Found 212 boards, 209 are supported
2025-12-29 22:44:41,273 [INFO] DbBoards:169 - Found 212 boards, 43 of them is supported for  Bsp
2025-12-29 22:44:41,275 [INFO] ApiDb:423 - Load user favorites file C:\Users\aditi/.stm32cubeide/favorites.boards.txt: 1 item(s)
2025-12-29 22:44:41,275 [INFO] ApiDb:427 - User favorites Boards=[STM32F407G-DISC1]
2025-12-29 22:44:41,276 [INFO] DbBoards:198 - Set 1 / 1 favorites Boards
2025-12-29 22:44:41,276 [INFO] McuFinderGlobals:76 - Set McuFinderConnectedMode to true
2025-12-29 22:44:41,283 [INFO] MultiScanPanel:200 - Auto-refresh data requested => check proxy status ongoing
2025-12-29 22:44:41,285 [INFO] FinderPluginLoader:96 - Searching for filters in installed packs
2025-12-29 22:44:43,034 [INFO] LoadUrlFilesThread:185 - End of LoadServerUrlFiles without Thread
2025-12-29 22:44:43,054 [INFO] DetailPanel:341 - Set advertising image to C:/Users/aditi/STM32Cube/Repository/\en.prom-st67w-expansion-board.png
2025-12-29 22:44:49,216 [INFO] MultiScanPanel:200 - Auto-refresh data requested => check proxy status ongoing
2025-12-29 22:44:49,385 [INFO] LoadUrlFilesThread:185 - End of LoadServerUrlFiles without Thread
2025-12-29 22:44:49,385 [INFO] DetailPanel:341 - Set advertising image to C:/Users/aditi/STM32Cube/Repository/\en.prom-st67w-expansion-board.png
2025-12-29 22:44:49,410 [INFO] DbBoards:642 - Loading board mini-images...
2025-12-29 22:44:51,413 [ERROR] DbBoards:659 - Image file not found for board STM32MP215F-DK: C:\Users\aditi\.stmcufinder\plugins\mcufinder//mcu//boards_images/STM32MP215F-DK.jpg
2025-12-29 22:44:51,523 [INFO] DbBoards:665 - Loaded 211 board mini-images
2025-12-29 22:45:11,349 [INFO] MainUpdater:2872 - connection check result : 10
2025-12-29 22:45:11,349 [INFO] MainUpdater:2872 - connection check result : 10
2025-12-29 22:45:11,366 [INFO] MicroXplorer:468 - Change Database Path : 
2025-12-29 22:45:11,367 [INFO] MicroXplorer:498 - Change Database Version : DB.6.0.150
2025-12-29 22:45:11,373 [WARN] ThirdParty:871 - waiting for thirdparty lock release [close project]
2025-12-29 22:45:11,374 [INFO] ThirdParty:873 - entering critical section [close project]
2025-12-29 22:45:11,375 [INFO] ThirdParty:883 - exiting critical section [close project]
2025-12-29 22:45:11,377 [INFO] PinOutPanel:1589 - setPackage(No Configuration,No Configuration)
2025-12-29 22:45:11,378 [INFO] UtilMem:75 - Begin LoadConfig() Used Memory: 461550568 Bytes (757071872)
2025-12-29 22:45:11,382 [INFO] OpenFileManager:355 - Change cursor
2025-12-29 22:45:11,412 [INFO] ProjectFactory:514 - No CPN specified for board STM32F407G-DISC1 => set CPN to STM32F407VGT6
2025-12-29 22:45:11,413 [INFO] Mcu:2029 - Initializing MCU STM32F407V(E-G)Tx STM32F407VGTx STM32F407VGT6
2025-12-29 22:45:13,538 [INFO] Context:786 - Trying to add GPIOservice into a context  which must be forbidden
2025-12-29 22:45:14,160 [INFO] Rule:233 - rule 117617 - U5Cobra4M][GTZC] default value MPCBB3 and MPCBB5 - Not Secured memory - MPCBB1 is applicable
2025-12-29 22:45:14,161 [INFO] Rule:233 - rule 117617 - U5Cobra4M][GTZC] default value MPCBB3 and MPCBB5 - Not Secured memory - MPCBB1 is applicable
2025-12-29 22:45:14,161 [INFO] Rule:233 - rule 117617 - U5Cobra4M][GTZC] default value MPCBB3 and MPCBB5 - Not Secured memory - MPCBB2 is applicable
2025-12-29 22:45:14,161 [INFO] Rule:233 - rule 117617 - U5Cobra4M][GTZC] default value MPCBB3 and MPCBB5 - Not Secured memory - MPCBB2 is applicable
2025-12-29 22:45:14,161 [INFO] Rule:233 - rule 117617 - U5Cobra4M][GTZC] default value MPCBB3 and MPCBB5 - Not Secured memory - MPCBB3 is applicable
2025-12-29 22:45:14,161 [INFO] Rule:233 - rule 117617 - U5Cobra4M][GTZC] default value MPCBB3 and MPCBB5 - Not Secured memory - MPCBB3 is applicable
2025-12-29 22:45:14,161 [INFO] Rule:233 - rule 117617 - U5Cobra4M][GTZC] default value MPCBB3 and MPCBB5 - Not Secured memory - MPCBB4 is applicable
2025-12-29 22:45:14,161 [INFO] Rule:233 - rule 117617 - U5Cobra4M][GTZC] default value MPCBB3 and MPCBB5 - Not Secured memory - MPCBB4 is applicable
2025-12-29 22:45:14,161 [INFO] Rule:233 - rule 117617 - U5Cobra4M][GTZC] default value MPCBB3 and MPCBB5 - Secured memory - MPCBB1 is applicable
2025-12-29 22:45:14,161 [INFO] Rule:233 - rule 117617 - U5Cobra4M][GTZC] default value MPCBB3 and MPCBB5 - Secured memory - MPCBB2 is applicable
2025-12-29 22:45:14,161 [INFO] Rule:233 - rule 117617 - U5Cobra4M][GTZC] default value MPCBB3 and MPCBB5 - Secured memory - MPCBB3 is applicable
2025-12-29 22:45:14,161 [INFO] Rule:233 - rule 117617 - U5Cobra4M][GTZC] default value MPCBB3 and MPCBB5 - Secured memory - MPCBB4 is applicable
2025-12-29 22:45:14,161 [INFO] Rule:233 - rule 117617 - U5Cobra4M][GTZC] default value MPCBB3 and MPCBB5 - Privileged memory - MPCBB1 is applicable
2025-12-29 22:45:14,161 [INFO] Rule:233 - rule 117617 - U5Cobra4M][GTZC] default value MPCBB3 and MPCBB5 - Privileged memory - MPCBB2 is applicable
2025-12-29 22:45:14,162 [INFO] Rule:233 - rule 117617 - U5Cobra4M][GTZC] default value MPCBB3 and MPCBB5 - Privileged memory - MPCBB3 is applicable
2025-12-29 22:45:14,162 [INFO] Rule:233 - rule 117617 - U5Cobra4M][GTZC] default value MPCBB3 and MPCBB5 - Privileged memory - MPCBB4 is applicable
2025-12-29 22:45:14,162 [INFO] Rule:233 - rule 117617 - U5Cobra4M][GTZC] default value MPCBB3 and MPCBB5 - Not Privileged memory - MPCBB1 is applicable
2025-12-29 22:45:14,162 [INFO] Rule:233 - rule 117617 - U5Cobra4M][GTZC] default value MPCBB3 and MPCBB5 - Not Privileged memory - MPCBB2 is applicable
2025-12-29 22:45:14,162 [INFO] Rule:233 - rule 117617 - U5Cobra4M][GTZC] default value MPCBB3 and MPCBB5 - Not Privileged memory - MPCBB3 is applicable
2025-12-29 22:45:14,162 [INFO] Rule:233 - rule 117617 - U5Cobra4M][GTZC] default value MPCBB3 and MPCBB5 - Not Privileged memory - MPCBB4 is applicable
2025-12-29 22:45:14,162 [INFO] Rule:233 - rule 117617 - U5Cobra4M][GTZC] default value MPCBB3 and MPCBB5 - Privileged memory - MPCBB1 is applicable
2025-12-29 22:45:14,162 [INFO] Rule:233 - rule 117617 - U5Cobra4M][GTZC] default value MPCBB3 and MPCBB5 - Privileged memory - MPCBB2 is applicable
2025-12-29 22:45:14,162 [INFO] Rule:233 - rule 117617 - U5Cobra4M][GTZC] default value MPCBB3 and MPCBB5 - Privileged memory - MPCBB3 is applicable
2025-12-29 22:45:14,162 [INFO] Rule:233 - rule 117617 - U5Cobra4M][GTZC] default value MPCBB3 and MPCBB5 - Privileged memory - MPCBB4 is applicable
2025-12-29 22:45:14,162 [INFO] Rule:233 - rule 117617 - U5Cobra4M][GTZC] default value MPCBB3 and MPCBB5 - Privileged memory - MPCBB1 is applicable
2025-12-29 22:45:14,162 [INFO] Rule:233 - rule 117617 - U5Cobra4M][GTZC] default value MPCBB3 and MPCBB5 - Privileged memory - MPCBB2 is applicable
2025-12-29 22:45:14,162 [INFO] Rule:233 - rule 117617 - U5Cobra4M][GTZC] default value MPCBB3 and MPCBB5 - Privileged memory - MPCBB3 is applicable
2025-12-29 22:45:14,162 [INFO] Rule:233 - rule 117617 - U5Cobra4M][GTZC] default value MPCBB3 and MPCBB5 - Privileged memory - MPCBB4 is applicable
2025-12-29 22:45:14,162 [INFO] Rule:233 - rule 117617 - U5Cobra4M][GTZC] default value MPCBB3 and MPCBB5 - Not Privileged memory - MPCBB1 is applicable
2025-12-29 22:45:14,162 [INFO] Rule:233 - rule 117617 - U5Cobra4M][GTZC] default value MPCBB3 and MPCBB5 - Not Privileged memory - MPCBB2 is applicable
2025-12-29 22:45:14,162 [INFO] Rule:233 - rule 117617 - U5Cobra4M][GTZC] default value MPCBB3 and MPCBB5 - Not Privileged memory - MPCBB3 is applicable
2025-12-29 22:45:14,162 [INFO] Rule:233 - rule 117617 - U5Cobra4M][GTZC] default value MPCBB3 and MPCBB5 - Not Privileged memory - MPCBB4 is applicable
2025-12-29 22:45:14,162 [INFO] Rule:233 - rule 117617 - U5Cobra4M][GTZC] default value MPCBB3 and MPCBB5 - Privileged memory - MPCBB1 is applicable
2025-12-29 22:45:14,162 [INFO] Rule:233 - rule 117617 - U5Cobra4M][GTZC] default value MPCBB3 and MPCBB5 - Privileged memory - MPCBB2 is applicable
2025-12-29 22:45:14,163 [INFO] Rule:233 - rule 117617 - U5Cobra4M][GTZC] default value MPCBB3 and MPCBB5 - Privileged memory - MPCBB3 is applicable
2025-12-29 22:45:14,163 [INFO] Rule:233 - rule 117617 - U5Cobra4M][GTZC] default value MPCBB3 and MPCBB5 - Privileged memory - MPCBB4 is applicable
2025-12-29 22:45:14,163 [INFO] Rule:233 - rule Rename SubGHz_Phy SUBGHZ_APPLICATION SUBGHZ_PINGPONG to SUBGHZ_ADV_APPLICATION is applicable
2025-12-29 22:45:14,163 [INFO] Rule:233 - rule Rename Enabled to IBEACON is applicable
2025-12-29 22:45:14,163 [INFO] Rule:233 - rule GTZC_S instance for project manager is applicable
2025-12-29 22:45:14,163 [INFO] Rule:233 - rule GTZC_S instance for context M33S is applicable
2025-12-29 22:45:14,163 [INFO] Rule:233 - rule GTZC_S instance value for IP GTZC is applicable
2025-12-29 22:45:14,163 [INFO] Rule:233 - rule GTZC_S instance for mcu.IP is applicable
2025-12-29 22:45:14,163 [INFO] Rule:233 - rule GTZC_S instance for VP is applicable
2025-12-29 22:45:14,163 [INFO] Rule:233 - rule GTZC_S instance for signal is applicable
2025-12-29 22:45:14,163 [INFO] Rule:233 - rule GTZC_S instance for mcu.Pin is applicable
2025-12-29 22:45:14,163 [INFO] Rule:233 - rule GTZC_S instance for VP is applicable
2025-12-29 22:45:14,163 [INFO] Rule:233 - rule GTZC_S instance for signal is applicable
2025-12-29 22:45:14,163 [INFO] Rule:233 - rule GTZC_S instance for mcu is applicable
2025-12-29 22:45:14,163 [INFO] Rule:233 - rule GTZC_S instance for mcu.Pin is applicable
2025-12-29 22:45:14,163 [INFO] Rule:233 - rule GTZC_S instance value for IP GTZC is applicable
2025-12-29 22:45:14,163 [INFO] Rule:233 - rule GTZC_S instance for project manager is applicable
2025-12-29 22:45:14,163 [INFO] Rule:233 - rule GTZC_S instance for context M33S is applicable
2025-12-29 22:45:14,163 [INFO] Rule:233 - rule GTZC_S instance for VP is applicable
2025-12-29 22:45:14,163 [INFO] Rule:233 - rule GTZC_S instance for signal is applicable
2025-12-29 22:45:14,164 [INFO] Rule:233 - rule SPDIFRX instance for mcu is applicable
2025-12-29 22:45:14,164 [INFO] Rule:233 - rule Rename Tracer Mode is applicable
2025-12-29 22:45:14,164 [INFO] Rule:233 - rule SPDIFRX instance value for IP SPDIFRX is applicable
2025-12-29 22:45:14,164 [INFO] Rule:233 - rule SPDIFRX instance for signal is applicable
2025-12-29 22:45:14,164 [INFO] Rule:233 - rule SPDIFRX instance for project manager is applicable
2025-12-29 22:45:14,164 [INFO] Rule:233 - rule SPDIFRX instance for project manager is applicable
2025-12-29 22:45:14,164 [INFO] Rule:233 - rule ADC Scan  fix with FW F7 is applicable
2025-12-29 22:45:14,164 [INFO] Rule:233 - rule ADC Scan  fix with FW F7 is applicable
2025-12-29 22:45:14,164 [INFO] Rule:233 - rule WakeUp0 Mode is applicable
2025-12-29 22:45:14,164 [INFO] Rule:233 - rule WakeUp0 SIGNAL is applicable
2025-12-29 22:45:14,164 [INFO] Rule:233 - rule WakeUp1 Mode is applicable
2025-12-29 22:45:14,165 [INFO] Rule:233 - rule WakeUp1 SIGNAL is applicable
2025-12-29 22:45:14,165 [INFO] Rule:233 - rule WakeUp2 Mode is applicable
2025-12-29 22:45:14,165 [INFO] Rule:233 - rule WakeUp2 SIGNAL is applicable
2025-12-29 22:45:14,165 [INFO] Rule:233 - rule WakeUp4 Mode is applicable
2025-12-29 22:45:14,165 [INFO] Rule:233 - rule WakeUp4 SIGNAL is applicable
2025-12-29 22:45:14,165 [INFO] Rule:233 - rule WakeUp5 Mode is applicable
2025-12-29 22:45:14,165 [INFO] Rule:233 - rule WakeUp5 SIGNAL is applicable
2025-12-29 22:45:14,165 [INFO] Rule:233 - rule UART/USART WORD LENGTH 7 is applicable
2025-12-29 22:45:14,165 [INFO] Rule:233 - rule UART/USART WORD LENGTH 8 is applicable
2025-12-29 22:45:14,165 [INFO] Rule:233 - rule UART/USART WORD LENGTH 9 is applicable
2025-12-29 22:45:14,165 [INFO] Rule:233 - rule Change Default Value for LSE Drive Capability for WB family is applicable
2025-12-29 22:45:14,165 [INFO] Rule:233 - rule Change Default Value for ADC Clock Prescaler G0 family is applicable
2025-12-29 22:45:14,165 [INFO] Rule:233 - rule ADC SamplingTime fix with FW L0  is applicable
2025-12-29 22:45:14,165 [INFO] Rule:233 - rule ADC SamplingTime fix with FW L0  is applicable
2025-12-29 22:45:14,165 [INFO] Rule:233 - rule ADC SamplingTime fix with FW L0 is applicable
2025-12-29 22:45:14,165 [INFO] Rule:233 - rule ADC SamplingTime fix with FW L0 is applicable
2025-12-29 22:45:14,165 [INFO] Rule:233 - rule ADC SamplingTime fix with FW L0  is applicable
2025-12-29 22:45:14,166 [INFO] Rule:233 - rule ADC SamplingTime fix with FW L0 is applicable
2025-12-29 22:45:14,166 [INFO] Rule:233 - rule Rename USB_OE Signal is applicable
2025-12-29 22:45:14,166 [INFO] Rule:233 - rule Rename Activate_OE Mode is applicable
2025-12-29 22:45:14,166 [INFO] Rule:233 - rule Rename DIE462/DIE415 pin PC14/OSC32_IN -> PC14-OSC32_IN (PC14) is applicable
2025-12-29 22:45:14,166 [INFO] Rule:233 - rule Rename DIE462/DIE415 pin PC15/OSC32_OUT -> PC15-OSC32_OUT (PC15) is applicable
2025-12-29 22:45:14,166 [INFO] Rule:233 - rule Rename DIE462/DIE415 pin PH0/OSC_IN -> PH0-OSC_IN (PH0) is applicable
2025-12-29 22:45:14,166 [INFO] Rule:233 - rule Rename DIE462/DIE415 pin PH1/OSC_OUT -> PH1-OSC_OUT (PH1) is applicable
2025-12-29 22:45:14,166 [INFO] Rule:233 - rule Rename DIE462 pin PA13 -> PA13 (JTMS/SWDIO) is applicable
2025-12-29 22:45:14,166 [INFO] Rule:233 - rule Rename DIE415 pin PA13 -> PA13 (JTMS/SWDIO) is applicable
2025-12-29 22:45:14,166 [INFO] Rule:233 - rule Rename DIE462 pin PA14 -> PA14 (JTCK/SWCLK) is applicable
2025-12-29 22:45:14,166 [INFO] Rule:233 - rule Rename DIE415 pin PA14 -> PA14 (JTCK/SWCLK) is applicable
2025-12-29 22:45:14,166 [INFO] Rule:233 - rule Rename DIE462/DIE415 pin PA15 -> PA15 (JTDI) is applicable
2025-12-29 22:45:14,166 [INFO] Rule:233 - rule Rename DIE462 pin PB3 -> PB3 (JTD0/TRACESWO) is applicable
2025-12-29 22:45:14,166 [INFO] Rule:233 - rule Rename DIE415 pin PB3 -> PB3 (JTD0-TRACESWO) is applicable
2025-12-29 22:45:14,166 [INFO] Rule:233 - rule Rename DIE462/DIE415 pin PB4 -> PB4 (NJTRST) is applicable
2025-12-29 22:45:14,166 [INFO] Rule:233 - rule Rename DIE462 pin PH3/BOOT0 -> PH3-BOOT0 (BOOT0) is applicable
2025-12-29 22:45:14,166 [INFO] Rule:233 - rule Rename CRYP DataEncryptionTypesList to Algorithm is applicable
2025-12-29 22:45:14,166 [INFO] Rule:233 - rule Rename AES DataEncryptionTypesList to Algorithm is applicable
2025-12-29 22:45:14,166 [INFO] Rule:233 - rule Rename TDESECB to CRYP_TDES_ECB is applicable
2025-12-29 22:45:14,166 [INFO] Rule:233 - rule Rename TDESCBC to CRYP_TDES_CBC is applicable
2025-12-29 22:45:14,166 [INFO] Rule:233 - rule Rename DESECB to CRYP_DES_ECB is applicable
2025-12-29 22:45:14,166 [INFO] Rule:233 - rule Rename DESCBC to CRYP_DES_CBC is applicable
2025-12-29 22:45:14,166 [INFO] Rule:233 - rule Rename AESECB to CRYP_AES_ECB is applicable
2025-12-29 22:45:14,166 [INFO] Rule:233 - rule Rename AESCBC to CRYP_AES_CBC is applicable
2025-12-29 22:45:14,166 [INFO] Rule:233 - rule Rename AESCTR to CRYP_AES_CTR is applicable
2025-12-29 22:45:14,166 [INFO] Rule:233 - rule Rename AESGCM to CRYP_AES_GCM is applicable
2025-12-29 22:45:14,166 [INFO] Rule:233 - rule Rename AESCCM to CRYP_AES_CCM is applicable
2025-12-29 22:45:14,166 [INFO] Rule:233 - rule Rename CAN TimeSeg1 to BS1 is applicable
2025-12-29 22:45:14,166 [INFO] Rule:233 - rule Rename CAN TimeSeg2 to BS2 is applicable
2025-12-29 22:45:14,166 [INFO] Rule:233 - rule Rename CAN SyncJumpWidth to SJW is applicable
2025-12-29 22:45:14,166 [INFO] Rule:233 - rule TimeTriggeredMode to TTCM is applicable
2025-12-29 22:45:14,166 [INFO] Rule:233 - rule Rename CAN AutoBusOff to ABOM is applicable
2025-12-29 22:45:14,166 [INFO] Rule:233 - rule Rename CAN AutoWakeUp to AWUM is applicable
2025-12-29 22:45:14,166 [INFO] Rule:233 - rule Rename CAN AutoRetransmission to NART is applicable
2025-12-29 22:45:14,166 [INFO] Rule:233 - rule Rename CAN ReceiveFifoLocked to RFLM is applicable
2025-12-29 22:45:14,166 [INFO] Rule:233 - rule Rename CAN TransmitFifoPriority to TXFP is applicable
2025-12-29 22:45:14,167 [INFO] Rule:233 - rule Rename HRTIMER HRTIM_OUTPUTFAULTLEVEL_HIGH in HRTIMER HRTIM_OUTPUTFAULTLEVEL_HIGHZ is applicable
2025-12-29 22:45:14,167 [INFO] Rule:233 - rule Rename TIMER TIM_CLEARINPUTSOURCE_OCREFCLR in  TIMER TIM_CLEARINPUTSOURCE_NONE for F7 family is applicable
2025-12-29 22:45:14,167 [INFO] Rule:233 - rule FDCAN_R1 - Rename FDCAN mode Master into Classic is applicable
2025-12-29 22:45:14,167 [INFO] Rule:233 - rule FDCAN_R2 - Rename FDCAN mode Slave into Classic is applicable
2025-12-29 22:45:14,167 [INFO] Rule:233 - rule FDCAN1_R3 - if PA10.Mode=FullDuplex, add Pin PA12 is applicable
2025-12-29 22:45:14,167 [INFO] Rule:233 - rule FDCAN1_R3 - if PA9.Mode=FullDuplex, add Pin PA11 is applicable
2025-12-29 22:45:14,167 [INFO] Rule:233 - rule FDCAN1_R3 - Alternatepin_1 - if PE1.Mode=FullDuplex, add Pin PB9 is applicable
2025-12-29 22:45:14,167 [INFO] Rule:233 - rule FDCAN1_R3 - Alternatepin_1 - if PE0.Mode=FullDuplex, add Pin PB8 is applicable
2025-12-29 22:45:14,167 [INFO] Rule:233 - rule FDCAN1_R3 - Alternatepin_2 - if PD5.Mode=FullDuplex, add Pin PD1 is applicable
2025-12-29 22:45:14,167 [INFO] Rule:233 - rule FDCAN1_R3 - Alternatepin_2 - if PD4.Mode=FullDuplex, add Pin PD0 is applicable
2025-12-29 22:45:14,167 [INFO] Rule:233 - rule FDCAN1_R4 - Rename Mode FullDuplex into Enable FDCAN_TXFD for pin PA10 is applicable
2025-12-29 22:45:14,167 [INFO] Rule:233 - rule FDCAN1_R4 - Rename Mode FullDuplex into Enable FDCAN_TXFD for pin PA9 is applicable
2025-12-29 22:45:14,167 [INFO] Rule:233 - rule FDCAN1_R4 - Alternatepin_1 - Rename Mode FullDuplex into Enable FDCAN_TXFD for pin PE1 is applicable
2025-12-29 22:45:14,167 [INFO] Rule:233 - rule FDCAN1_R4 - Alternatepin_1 - Rename Mode FullDuplex into Enable FDCAN_TXFD for pin PE0 is applicable
2025-12-29 22:45:14,169 [INFO] Rule:233 - rule FDCAN1_R4 - Alternatepin_2 - Rename Mode FullDuplex into Enable FDCAN_TXFD for pin PD5 is applicable
2025-12-29 22:45:14,170 [INFO] Rule:233 - rule FDCAN1_R4 - Alternatepin_2 - Rename Mode FullDuplex into Enable FDCAN_TXFD for pin PD4 is applicable
2025-12-29 22:45:14,171 [INFO] Rule:233 - rule FDCAN2_R3 - if PD10.Mode=FullDuplex, add Pin PB13 is applicable
2025-12-29 22:45:14,171 [INFO] Rule:233 - rule FDCAN2_R3 - if PD9.Mode=FullDuplex, add Pin PB12 is applicable
2025-12-29 22:45:14,171 [INFO] Rule:233 - rule FDCAN2_R3 - Alternatepin_1 - if PB7.Mode=FullDuplex, add Pin PB6 is applicable
2025-12-29 22:45:14,172 [INFO] Rule:233 - rule FDCAN2_R3 - Alternatepin_1 - if PD9.Mode=FullDuplex, add Pin PB12 is applicable
2025-12-29 22:45:14,172 [INFO] Rule:233 - rule FDCAN2_R4 - Rename Mode FullDuplex into Enable FDCAN_TXFD for pin PD10 is applicable
2025-12-29 22:45:14,172 [INFO] Rule:233 - rule FDCAN2_R4 - Rename Mode FullDuplex into Enable FDCAN_TXFD for pin PD9 is applicable
2025-12-29 22:45:14,172 [INFO] Rule:233 - rule FDCAN2_R4 - Alternatepin_1 - Rename Mode FullDuplex into Enable FDCAN_TXFD for pin PB7 is applicable
2025-12-29 22:45:14,172 [INFO] Rule:233 - rule FDCAN2_R4 - Alternatepin_1 - Rename Mode FullDuplex into Enable FDCAN_TXFD for pin PD6 is applicable
2025-12-29 22:45:14,172 [INFO] Rule:233 - rule USART TxPinLevelInvertParam Mode is applicable
2025-12-29 22:45:14,172 [INFO] Rule:233 - rule USART RxPinLevelInvertParam Mode is applicable
2025-12-29 22:45:14,172 [INFO] Rule:233 - rule USART DataInvertParam Mode is applicable
2025-12-29 22:45:14,172 [INFO] Rule:233 - rule USART SwapParam Mode is applicable
2025-12-29 22:45:14,172 [INFO] Rule:233 - rule USART OverrunDisableParam Mode is applicable
2025-12-29 22:45:14,172 [INFO] Rule:233 - rule USART DMADisableonRxErrorParam Mode is applicable
2025-12-29 22:45:14,172 [INFO] Rule:233 - rule USART MSBFirstParam Mode is applicable
2025-12-29 22:45:14,172 [INFO] Rule:233 - rule Update MwName for USB_DEVICE is applicable
2025-12-29 22:45:14,172 [INFO] Rule:233 - rule Change PWR_Regulator_Voltage_Scale Default Value for RCC  H7 family is applicable
2025-12-29 22:45:14,172 [INFO] Rule:233 - rule UART/USART IPParameter rename Prescaler parameter to ClockPrescaler is applicable
2025-12-29 22:45:14,172 [INFO] Rule:233 - rule UART/USART Prescaler rename Prescaler parameter to ClockPrescaler is applicable
2025-12-29 22:45:14,172 [INFO] Rule:233 - rule TIM1CLockSelection is applicable
2025-12-29 22:45:14,172 [INFO] Rule:233 - rule TIM15CLockSelection is applicable
2025-12-29 22:45:14,173 [INFO] Rule:233 - rule align RCC SDMMC3CLockSelection default value on MP1 is applicable
2025-12-29 22:45:14,173 [INFO] Rule:233 - rule align RCC SDMMC12CLockSelection default value on MP1 is applicable
2025-12-29 22:45:14,173 [INFO] Rule:233 - rule align RCC QSPICLockSelection default value on MP1 is applicable
2025-12-29 22:45:14,173 [INFO] Rule:233 - rule align RCC QSPICLockSelection default value on MP1 is applicable
2025-12-29 22:45:14,173 [INFO] Rule:233 - rule align RCC SPI6CLockSelection default value on MP1 is applicable
2025-12-29 22:45:14,173 [INFO] Rule:233 - rule align RCC LPTIM23CLockSelection default value on MP1 is applicable
2025-12-29 22:45:14,173 [INFO] Rule:233 - rule align RCC LPTIM1CLockSelection default value on MP1 is applicable
2025-12-29 22:45:14,173 [INFO] Rule:233 - rule align RCC USART1CLockSelection default value on MP1 is applicable
2025-12-29 22:45:14,173 [INFO] Rule:233 - rule align RCC USART24CLockSelection default value on MP1 is applicable
2025-12-29 22:45:14,173 [INFO] Rule:233 - rule align RCC USART6CLockSelection default value on MP1 is applicable
2025-12-29 22:45:14,173 [INFO] Rule:233 - rule align RCC UART78CLockSelection default value on MP1 is applicable
2025-12-29 22:45:14,173 [INFO] Rule:233 - rule align RCC USART35CLockSelection default value on MP1 is applicable
2025-12-29 22:45:14,173 [INFO] Rule:233 - rule align RCC SPI45CLockSelection default value on MP1 is applicable
2025-12-29 22:45:14,173 [INFO] Rule:233 - rule align RCC I2C46CLockSelection BCLK value on MP1 is applicable
2025-12-29 22:45:14,173 [INFO] Rule:233 - rule align RCC SPI45CLockSelection default value on MP1 is applicable
2025-12-29 22:45:14,173 [INFO] Rule:233 - rule align RCC I2C12CLockSelection default value on MP1 is applicable
2025-12-29 22:45:14,173 [INFO] Rule:233 - rule align RCC I2C35CLockSelection default value on MP1 is applicable
2025-12-29 22:45:14,173 [INFO] Rule:233 - rule align RCC LPTIM45CLockSelection default value on MP1 is applicable
2025-12-29 22:45:14,173 [INFO] Rule:233 - rule Rename DCMI PIXCK signal is applicable
2025-12-29 22:45:14,173 [INFO] Rule:233 - rule Change Default Value for I2C46CLockSelection MP1 family is applicable
2025-12-29 22:45:14,174 [INFO] Rule:233 - rule Change Default Value for UART for G4, G0 and WB families is applicable
2025-12-29 22:45:14,174 [INFO] Rule:233 - rule Change Default Value for USART for G4, G0 and WB families is applicable
2025-12-29 22:45:14,174 [INFO] Rule:233 - rule Change Default Value for USART for G4 family is applicable
2025-12-29 22:45:14,174 [INFO] Rule:233 - rule Change USART1CLockSelection refparam name for MP1 is applicable
2025-12-29 22:45:14,174 [INFO] Rule:233 - rule Change USART2CLockSelection refparam name for MP1 is applicable
2025-12-29 22:45:14,174 [INFO] Rule:233 - rule Change USART3CLockSelection refparam name for MP1 is applicable
2025-12-29 22:45:14,174 [INFO] Rule:233 - rule Change UART4CLockSelection refparam name for MP1 is applicable
2025-12-29 22:45:14,174 [INFO] Rule:233 - rule Change UART5CLockSelection refparam name for MP1 is applicable
2025-12-29 22:45:14,174 [INFO] Rule:233 - rule Change LPUART1CLockSelection refparam name for MP1 is applicable
2025-12-29 22:45:14,174 [INFO] Rule:233 - rule Change LPTIM1CLockSelection refparam name for MP1 is applicable
2025-12-29 22:45:14,174 [INFO] Rule:233 - rule Change LPTIM2CLockSelection refparam name for MP1 is applicable
2025-12-29 22:45:14,174 [INFO] Rule:233 - rule Change RCC_MCO1Source refparam name for MP1 is applicable
2025-12-29 22:45:14,174 [INFO] Rule:233 - rule Change LSCOSource1 refparam name for MP1 is applicable
2025-12-29 22:45:14,174 [INFO] Rule:233 - rule Change SMPSCLockSelection refparam name for MP1 is applicable
2025-12-29 22:45:14,174 [INFO] Rule:233 - rule Change LPTIM3CLockSelection refparam name for MP1 is applicable
2025-12-29 22:45:14,174 [INFO] Rule:233 - rule Change MPCBB* Default Template Mode to Parameters is applicable
2025-12-29 22:45:14,174 [INFO] Rule:233 - rule Change MPCWM* or MPCBB* Secure Mode to Parameters is applicable
2025-12-29 22:45:14,174 [INFO] Rule:233 - rule Change MPCWM* or MPCBB* No Secure Mode to Parameters is applicable
2025-12-29 22:45:14,179 [INFO] Rule:233 - rule Change TZSC IP Secure Mode to Parameters is applicable
2025-12-29 22:45:14,179 [INFO] Rule:233 - rule Change TZSC IP No Secure Mode to Parameters is applicable
2025-12-29 22:45:14,179 [INFO] Rule:233 - rule Change TZSC IP Privilege Mode to Parameters is applicable
2025-12-29 22:45:14,179 [INFO] Rule:233 - rule Change TZSC IP No Privilege Mode to Parameters is applicable
2025-12-29 22:45:14,180 [INFO] Rule:233 - rule Change TZIC IT Secure Mode to Parameters is applicable
2025-12-29 22:45:14,180 [INFO] Rule:233 - rule Change TZIC IT No Secure Mode to Parameters is applicable
2025-12-29 22:45:14,180 [INFO] Rule:233 - rule Add MPCBB1_NonSecureArea_Start_Address value with referenced to MPCBB1_NonSecureArea_Start value is applicable
2025-12-29 22:45:14,180 [INFO] Rule:233 - rule Add MPCBB2_NonSecureArea_Start_Address value with referenced to MPCBB2_NonSecureArea_Start value is applicable
2025-12-29 22:45:14,180 [INFO] Rule:233 - rule Add MPCWM1_NonSecureArea*_Start_Address value with referenced to MPCWM1_NonSecureArea*_Start value is applicable
2025-12-29 22:45:14,180 [INFO] Rule:233 - rule Add MPCWM2_NonSecureArea*_Start_Address value with referenced to MPCWM2_NonSecureArea*_Start value is applicable
2025-12-29 22:45:14,180 [INFO] Rule:233 - rule Add MPCWM3_NonSecureArea_Start_Address value with referenced to MPCWM3_NonSecureArea_Start value is applicable
2025-12-29 22:45:14,180 [INFO] Rule:233 - rule Change Default Value for PLL1UserDefinedConfig is applicable
2025-12-29 22:45:14,180 [INFO] Rule:233 - rule Change GPIO_PuPd Default Value for USART in async mode is applicable
2025-12-29 22:45:14,180 [INFO] Rule:233 - rule Change SMPSDivider Default Value is applicable
2025-12-29 22:45:14,180 [INFO] Rule:233 - rule OPAMP is applicable
2025-12-29 22:45:14,180 [INFO] Rule:233 - rule LPUART IPParameter rename Prescaler parameter to ClockPrescaler for STM32H7 is applicable
2025-12-29 22:45:14,180 [INFO] Rule:233 - rule LPUART IPParameter rename Prescaler parameter to ClockPrescaler for STM32H7 is applicable
2025-12-29 22:45:14,180 [INFO] Rule:233 - rule LPUART IPParameter rename Prescaler parameter to ClockPrescaler for STM32WB is applicable
2025-12-29 22:45:14,180 [INFO] Rule:233 - rule LPUART IPParameter rename Prescaler parameter to ClockPrescaler for STM32WB is applicable
2025-12-29 22:45:14,180 [INFO] Rule:233 - rule LPUART IPParameter rename Prescaler parameter to ClockPrescaler for STM32G4 is applicable
2025-12-29 22:45:14,180 [INFO] Rule:233 - rule LPUART IPParameter rename Prescaler parameter to ClockPrescaler for STM32G4 is applicable
2025-12-29 22:45:14,180 [INFO] Rule:233 - rule LPUART IPParameter rename Prescaler parameter to ClockPrescaler for STM32L5 is applicable
2025-12-29 22:45:14,180 [INFO] Rule:233 - rule LPUART IPParameter rename Prescaler parameter to ClockPrescaler for STM32L5 is applicable
2025-12-29 22:45:14,180 [INFO] Rule:233 - rule LPUART IPParameter rename Prescaler parameter to ClockPrescaler for STM32G4 is applicable
2025-12-29 22:45:14,181 [INFO] Rule:233 - rule LPUART IPParameter rename Prescaler parameter to ClockPrescaler for STM32G4 is applicable
2025-12-29 22:45:14,181 [INFO] Rule:233 - rule USB device lib V2.5.3 for L0 rename USBD_SUPPORT_USER_STRING parameter to USBD_SUPPORT_USER_STRING_DESC4 is applicable
2025-12-29 22:45:14,181 [INFO] Rule:233 - rule I2SCLockSelection clock entry align is applicable
2025-12-29 22:45:14,181 [INFO] Rule:233 - rule Assign TIMx context if used as SYS timebase is applicable
2025-12-29 22:45:14,181 [INFO] Rule:233 - rule Change GPIO_Pu Default Value for I2C is applicable
2025-12-29 22:45:14,181 [INFO] Rule:233 - rule Change GPIO_Pu Default Value for SMBus is applicable
2025-12-29 22:45:14,181 [INFO] Rule:233 - rule change FDCAN default value is applicable
2025-12-29 22:45:14,181 [INFO] Rule:233 - rule Change mode sai is applicable
2025-12-29 22:45:14,181 [INFO] Rule:233 - rule **Change sai mode is applicable
2025-12-29 22:45:14,181 [INFO] Rule:233 - rule Rename STM32WPAN CFG_BLE_IRK to CFG_BLE_IR is applicable
2025-12-29 22:45:14,181 [INFO] Rule:233 - rule Rename STM32WPAN CFG_BLE_ERK to CFG_BLE_ER is applicable
2025-12-29 22:45:14,181 [INFO] Rule:233 - rule Rename STM32WPAN CFG_BLE_IRK_HEX to CFG_BLE_IR_HEX is applicable
2025-12-29 22:45:14,181 [INFO] Rule:233 - rule Rename STM32WPAN CFG_BLE_ERK_HEX to CFG_BLE_ER_HEX is applicable
2025-12-29 22:45:14,181 [INFO] Rule:233 - rule Adapt Old IOC before rework replace old CORTEX_M33/CORTEX_M55 attributes by the new one. is applicable
2025-12-29 22:45:14,181 [INFO] Rule:233 - rule Rename parametre of RCC RCC_APBDBG_DIV2 to RCC_TIMPRES_DIV2 is applicable
2025-12-29 22:45:14,181 [INFO] Rule:233 - rule Rename DIE493 pin PA10 [PA12] -> PA10 is applicable
2025-12-29 22:45:14,181 [INFO] Rule:233 - rule Rename DIE493 pin PA9 [PA11] -> PA9 is applicable
2025-12-29 22:45:14,181 [INFO] Rule:233 - rule Rename DIE492 PartNumber CPN STM32WBA5MJGHx -> STM32WBA5MMGHx is applicable
2025-12-29 22:45:14,181 [INFO] Rule:233 - rule Rename DIE492 PartNumber  Name STM32WBA5MJGHx -> STM32WBA5MMGHx is applicable
2025-12-29 22:45:14,181 [INFO] Rule:233 - rule Rename DIE492 PartNumber UserName STM32WBA5MJGHx -> STM32WBA5MMGHx is applicable
2025-12-29 22:45:14,181 [INFO] Rule:233 - rule Rename DIE492 PartNumber DeviceId STM32WBA5MJGHx -> STM32WBA5MMGHx is applicable
2025-12-29 22:45:14,181 [INFO] Rule:233 - rule Adapt Old IOC CSI. is applicable
2025-12-29 22:45:14,182 [INFO] Rule:233 - rule Adapt Old IOC DCMIPP. is applicable
2025-12-29 22:45:14,182 [INFO] Rule:233 - rule Adapt Old IOC DCMIPP Mode Parallel. is applicable
2025-12-29 22:45:14,182 [INFO] Rule:233 - rule Adapt Old IOC LTDC. is applicable
2025-12-29 22:45:14,182 [INFO] Rule:233 - rule Rename STM32MP2 RIF Peripheral LTDC RIF.RISUP.LTDC_L0L1.Privilege -> RIF.RISUP.LTDC_L1L2.Privilege is applicable
2025-12-29 22:45:14,182 [INFO] Rule:233 - rule Rename STM32MP2 RIF Peripheral LTDC RIF.RISUP.LTDC_L0L1.Privilege -> RIF.RISUP.LTDC_L1L2.Privilege is applicable
2025-12-29 22:45:14,182 [INFO] Rule:233 - rule Rename STM32MP2 RIF Peripheral LTDC RIF.RISUP.LTDC_L0L1.Lock -> RIF.RISUP.LTDC_L1L2.Lock is applicable
2025-12-29 22:45:14,182 [INFO] Rule:233 - rule Rename STM32MP2 RIF Peripheral LTDC RIF.RISUP.LTDC_L2.Lock -> RIF.RISUP.LTDC_L3.Lock is applicable
2025-12-29 22:45:14,182 [INFO] Rule:233 - rule Adapt the old IOC example for updating the SYS when it is misconfigured. is applicable
2025-12-29 22:45:14,182 [INFO] Rule:233 - rule Rename STM32C09 Mcu.Package LQFP64 -> LQFP48 is applicable
2025-12-29 22:45:14,182 [INFO] Rule:233 - rule Adapt the old IOC example for updating the SYS when it is misconfigured. is applicable
2025-12-29 22:45:14,182 [INFO] Rule:233 - rule Adapt the old IOC example for updating the SYS when it is misconfigured. is applicable
2025-12-29 22:45:14,214 [INFO] DbConfProperties:307 - Apply Compatibility (38/250 Rules)
2025-12-29 22:45:14,242 [INFO] ImportTextPane:234 - (OptionalMessage_ERROR) Unable to find key (Mcu.ThirdPartyNb) in loaded IOC file
2025-12-29 22:45:14,247 [INFO] ImportTextPane:234 - (OptionalMessage_ERROR) Pin34 (VP_RIF_VS_RIF1) cannot be retrieved for this MCU
2025-12-29 22:45:14,481 [INFO] RtosManager:558 - Registered RTOS mode: class=CMSIS, group=RTOS, mode=CMSIS_V1, owner=FREERTOS
2025-12-29 22:45:14,482 [INFO] RtosManager:558 - Registered RTOS mode: class=CMSIS, group=RTOS2, mode=CMSIS_V2, owner=FREERTOS
2025-12-29 22:45:14,482 [INFO] RtosManager:558 - Registered RTOS mode: class=RTOS, group=Core, mode=CMSIS_V1, owner=FREERTOS
2025-12-29 22:45:14,482 [INFO] RtosManager:558 - Registered RTOS mode: class=RTOS, group=Core, mode=CMSIS_V2, owner=FREERTOS
2025-12-29 22:45:14,482 [WARN] ModelIntegratedComponent:184 - Missing modes for component STMicroelectronics:FreeRTOS:0.0.1:STMicroelectronics:RTOS:FreeRTOS:Core:::10.2.0:
2025-12-29 22:45:14,513 [WARN] ModelIntegratedComponent:63 - No mode defined for component null
2025-12-29 22:45:14,513 [WARN] ModelIntegratedComponent:63 - No mode defined for component null
2025-12-29 22:45:14,513 [WARN] ModelIntegratedComponent:63 - No mode defined for component null
2025-12-29 22:45:14,513 [WARN] ModelIntegratedComponent:63 - No mode defined for component null
2025-12-29 22:45:14,514 [WARN] ModelIntegratedComponent:63 - No mode defined for component null
2025-12-29 22:45:14,514 [WARN] ModelIntegratedComponent:63 - No mode defined for component null
2025-12-29 22:45:14,514 [WARN] ModelIntegratedComponent:63 - No mode defined for component null
2025-12-29 22:45:14,514 [WARN] ModelIntegratedComponent:63 - No mode defined for component null
2025-12-29 22:45:14,515 [WARN] ModelIntegratedComponent:63 - No mode defined for component null
2025-12-29 22:45:14,515 [WARN] ModelIntegratedComponent:63 - No mode defined for component null
2025-12-29 22:45:14,515 [WARN] ModelIntegratedComponent:63 - No mode defined for component null
2025-12-29 22:45:14,515 [WARN] ModelIntegratedComponent:63 - No mode defined for component null
2025-12-29 22:45:14,515 [WARN] ModelIntegratedComponent:63 - No mode defined for component null
2025-12-29 22:45:14,515 [WARN] ModelIntegratedComponent:63 - No mode defined for component null
2025-12-29 22:45:14,515 [WARN] ModelIntegratedComponent:63 - No mode defined for component null
2025-12-29 22:45:14,515 [WARN] ModelIntegratedComponent:63 - No mode defined for component null
2025-12-29 22:45:14,515 [WARN] ModelIntegratedComponent:63 - No mode defined for component null
2025-12-29 22:45:14,515 [WARN] ModelIntegratedComponent:63 - No mode defined for component null
2025-12-29 22:45:14,515 [WARN] ModelIntegratedComponent:63 - No mode defined for component null
2025-12-29 22:45:14,515 [WARN] ModelIntegratedComponent:63 - No mode defined for component null
2025-12-29 22:45:14,515 [WARN] ModelIntegratedComponent:63 - No mode defined for component null
2025-12-29 22:45:14,515 [WARN] ModelIntegratedComponent:63 - No mode defined for component null
2025-12-29 22:45:14,515 [WARN] ModelIntegratedComponent:63 - No mode defined for component null
2025-12-29 22:45:14,515 [WARN] ModelIntegratedComponent:63 - No mode defined for component null
2025-12-29 22:45:14,515 [WARN] ModelIntegratedComponent:63 - No mode defined for component null
2025-12-29 22:45:14,515 [WARN] ModelIntegratedComponent:63 - No mode defined for component null
2025-12-29 22:45:14,515 [WARN] ModelIntegratedComponent:63 - No mode defined for component null
2025-12-29 22:45:14,515 [WARN] ModelIntegratedComponent:63 - No mode defined for component null
2025-12-29 22:45:14,515 [WARN] ModelIntegratedComponent:63 - No mode defined for component null
2025-12-29 22:45:14,515 [WARN] ModelIntegratedComponent:63 - No mode defined for component null
2025-12-29 22:45:14,515 [WARN] ModelIntegratedComponent:63 - No mode defined for component null
2025-12-29 22:45:14,515 [WARN] ModelIntegratedComponent:63 - No mode defined for component null
2025-12-29 22:45:14,515 [WARN] ModelIntegratedComponent:63 - No mode defined for component null
2025-12-29 22:45:14,515 [WARN] ModelIntegratedComponent:63 - No mode defined for component null
2025-12-29 22:45:14,515 [WARN] ModelIntegratedComponent:63 - No mode defined for component null
2025-12-29 22:45:14,516 [WARN] ModelPack:524 - Component already loaded: STMicroelectronics:HAL Drivers:0.0.0:STMicroelectronics:Device:STMicro_Driver:XSPI:HAL::0.0.1:HAL_XSPI
2025-12-29 22:45:14,567 [INFO] ThirdPartyModel:298 - Start build external matchings
2025-12-29 22:45:14,663 [INFO] ThirdPartyModel:316 - End build external matchings
2025-12-29 22:45:15,107 [INFO] UtilMem:75 - End LoadConfig() Used Memory: 788621664 Bytes (869269504)
2025-12-29 22:45:15,273 [WARN] ThirdParty:833 - waiting for thirdparty lock release [change project]
2025-12-29 22:45:15,273 [INFO] ThirdParty:835 - entering critical section [change project]
2025-12-29 22:45:15,273 [INFO] ThirdParty:1030 - CMSIS Pack Vendor :STMicroelectronics X-CUBE-PM33A1 1.0.0
2025-12-29 22:45:15,273 [INFO] ThirdParty:1030 - CMSIS Pack Vendor :STMicroelectronics USBPD 4.1
2025-12-29 22:45:15,273 [INFO] ThirdParty:1030 - CMSIS Pack Vendor :STMicroelectronics X-CUBE-NFC9 1.0.0
2025-12-29 22:45:15,273 [INFO] ThirdParty:1030 - CMSIS Pack Vendor :STMicroelectronics USB_HOST 2.0.0
2025-12-29 22:45:15,273 [INFO] ThirdParty:1030 - CMSIS Pack Vendor :STMicroelectronics FP-SNS-MOTENVWB1 1.4.0
2025-12-29 22:45:15,273 [INFO] ThirdParty:1030 - CMSIS Pack Vendor :STMicroelectronics X-CUBE-AZRTOS-F4 1.1.0
2025-12-29 22:45:15,273 [INFO] ThirdParty:1030 - CMSIS Pack Vendor :STMicroelectronics LIBJPEG 8.0.0
2025-12-29 22:45:15,274 [INFO] ThirdParty:1030 - CMSIS Pack Vendor :STMicroelectronics FP-ATR-ASTRA1 2.0.2
2025-12-29 22:45:15,274 [INFO] ThirdParty:1030 - CMSIS Pack Vendor :STMicroelectronics X-CUBE-BLE1 7.1.0
2025-12-29 22:45:15,274 [INFO] ThirdParty:1030 - CMSIS Pack Vendor :STMicroelectronics X-CUBE-SMBUS 2.1.0
2025-12-29 22:45:15,274 [INFO] ThirdParty:1030 - CMSIS Pack Vendor :STMicroelectronics USB_DEVICE 3.0.0
2025-12-29 22:45:15,274 [INFO] ThirdParty:1030 - CMSIS Pack Vendor :STMicroelectronics X-CUBE-ISPU 2.1.0
2025-12-29 22:45:15,274 [INFO] ThirdParty:1030 - CMSIS Pack Vendor :STMicroelectronics X-CUBE-AZRTOS-WB 2.0.0
2025-12-29 22:45:15,274 [INFO] ThirdParty:1030 - CMSIS Pack Vendor :STMicroelectronics X-CUBE-AZRTOS-F7 1.1.0
2025-12-29 22:45:15,274 [INFO] ThirdParty:1030 - CMSIS Pack Vendor :STMicroelectronics X-CUBE-AZRTOS-L5 2.0.0
2025-12-29 22:45:15,274 [INFO] ThirdParty:1030 - CMSIS Pack Vendor :STMicroelectronics USB_DEVICE 2.0.0
2025-12-29 22:45:15,274 [INFO] ThirdParty:1030 - CMSIS Pack Vendor :STMicroelectronics X-CUBE-NFC6 3.1.0
2025-12-29 22:45:15,274 [INFO] ThirdParty:1030 - CMSIS Pack Vendor :STMicroelectronics FreeRTOS 0.0.1
2025-12-29 22:45:15,274 [INFO] ThirdParty:1030 - CMSIS Pack Vendor :STMicroelectronics X-CUBE-AZRTOS-G0 1.1.0
2025-12-29 22:45:15,274 [INFO] ThirdParty:1030 - CMSIS Pack Vendor :STMicroelectronics X-CUBE-NFC4 3.0.0
2025-12-29 22:45:15,274 [INFO] ThirdParty:1030 - CMSIS Pack Vendor :STMicroelectronics X-CUBE-SUBG2 5.0.0
2025-12-29 22:45:15,274 [INFO] ThirdParty:1030 - CMSIS Pack Vendor :STMicroelectronics STM32_WPAN 1.0.0
2025-12-29 22:45:15,274 [INFO] ThirdParty:1030 - CMSIS Pack Vendor :STMicroelectronics lwIP 2.0.3
2025-12-29 22:45:15,274 [INFO] ThirdParty:1030 - CMSIS Pack Vendor :STMicroelectronics USB_HOST 1.0.0
2025-12-29 22:45:15,274 [INFO] ThirdParty:1030 - CMSIS Pack Vendor :STMicroelectronics X-CUBE-AZRTOS-G4 2.0.0
2025-12-29 22:45:15,274 [INFO] ThirdParty:1030 - CMSIS Pack Vendor :STMicroelectronics X-CUBE-WB05N 2.0.0
2025-12-29 22:45:15,274 [INFO] ThirdParty:1030 - CMSIS Pack Vendor :STMicroelectronics PDM2PCM 3.1.0
2025-12-29 22:45:15,274 [INFO] ThirdParty:1030 - CMSIS Pack Vendor :STMicroelectronics PDM2PCM 3.3.0
2025-12-29 22:45:15,274 [INFO] ThirdParty:1030 - CMSIS Pack Vendor :STMicroelectronics X-CUBE-DISPLAY 3.0.0
2025-12-29 22:45:15,274 [INFO] ThirdParty:1030 - CMSIS Pack Vendor :STMicroelectronics X-CUBE-NFC7 2.0.0
2025-12-29 22:45:15,274 [INFO] ThirdParty:1030 - CMSIS Pack Vendor :STMicroelectronics X-CUBE-TCPP 4.2.0
2025-12-29 22:45:15,274 [INFO] ThirdParty:1030 - CMSIS Pack Vendor :STMicroelectronics FP-ATR-SIGFOX1 3.2.0
2025-12-29 22:45:15,274 [INFO] ThirdParty:1030 - CMSIS Pack Vendor :STMicroelectronics X-CUBE-NFC10 1.0.0
2025-12-29 22:45:15,274 [INFO] ThirdParty:1030 - CMSIS Pack Vendor :STMicroelectronics HAL Drivers 0.0.0
2025-12-29 22:45:15,274 [INFO] ThirdParty:1030 - CMSIS Pack Vendor :STMicroelectronics MBEDTLS 2.16.2
2025-12-29 22:45:15,274 [INFO] ThirdParty:1030 - CMSIS Pack Vendor :STMicroelectronics X-CUBE-ALS 1.0.2
2025-12-29 22:45:15,274 [INFO] ThirdParty:1030 - CMSIS Pack Vendor :STMicroelectronics MBEDTLS 2.14.1
2025-12-29 22:45:15,274 [INFO] ThirdParty:1030 - CMSIS Pack Vendor :STMicroelectronics ThreadX 1.0.0
2025-12-29 22:45:15,274 [INFO] ThirdParty:1030 - CMSIS Pack Vendor :STMicroelectronics FP-SNS-SMARTAG2 1.2.0
2025-12-29 22:45:15,274 [INFO] ThirdParty:1030 - CMSIS Pack Vendor :STMicroelectronics FP-SNS-FLIGHT1 5.1.0
2025-12-29 22:45:15,274 [INFO] ThirdParty:1030 - CMSIS Pack Vendor :STMicroelectronics X-CUBE-AZRTOS-WL 2.0.0
2025-12-29 22:45:15,274 [INFO] ThirdParty:1030 - CMSIS Pack Vendor :STMicroelectronics X-CUBE-ALGOBUILD 1.4.0
2025-12-29 22:45:15,274 [INFO] ThirdParty:1030 - CMSIS Pack Vendor :STMicroelectronics X-CUBE-DPower 1.3.0
2025-12-29 22:45:15,274 [INFO] ThirdParty:1030 - CMSIS Pack Vendor :STMicroelectronics USB_DEVICE 1.0.0
2025-12-29 22:45:15,274 [INFO] ThirdParty:1030 - CMSIS Pack Vendor :STMicroelectronics X-CUBE-AZRTOS-L4 2.0.0
2025-12-29 22:45:15,274 [INFO] ThirdParty:1030 - CMSIS Pack Vendor :STMicroelectronics ThreadX 0.0.2
2025-12-29 22:45:15,274 [INFO] ThirdParty:1030 - CMSIS Pack Vendor :STMicroelectronics lwIP 2.1.2
2025-12-29 22:45:15,274 [INFO] ThirdParty:1030 - CMSIS Pack Vendor :STMicroelectronics X-CUBE-SFXS2LP1 4.0.0
2025-12-29 22:45:15,274 [INFO] ThirdParty:1030 - CMSIS Pack Vendor :STMicroelectronics X-CUBE-BLE2 3.3.0
2025-12-29 22:45:15,275 [INFO] ThirdParty:1030 - CMSIS Pack Vendor :STMicroelectronics X-CUBE-TOF1 3.4.3
2025-12-29 22:45:15,275 [INFO] ThirdParty:1030 - CMSIS Pack Vendor :STMicroelectronics PDM2PCM 3.2.0
2025-12-29 22:45:15,275 [INFO] ThirdParty:841 - exiting critical section [change project]
2025-12-29 22:45:15,866 [INFO] PinOutPanel:1589 - setPackage(No Configuration,No Configuration)
2025-12-29 22:45:15,869 [INFO] PinOutPanel:1589 - setPackage(STM32F407VGTx,LQFP100)
2025-12-29 22:45:16,473 [INFO] UtilMem:75 - Before build in PCC Used Memory: 659390008 Bytes (898629632)
2025-12-29 22:45:17,669 [INFO] UtilMem:75 - After build in PCC Used Memory: 811955768 Bytes (898629632)
2025-12-29 22:45:17,719 [INFO] IPUIPlugin:80 - create IPUIPlugin
2025-12-29 22:45:17,721 [INFO] IPUIPlugin:80 - create IPUIPlugin
2025-12-29 22:45:17,721 [INFO] IPUIPlugin:80 - create IPUIPlugin
2025-12-29 22:45:17,721 [INFO] IPUIPlugin:80 - create IPUIPlugin
2025-12-29 22:45:17,721 [INFO] IPUIPlugin:80 - create IPUIPlugin
2025-12-29 22:45:17,721 [INFO] IPUIPlugin:80 - create IPUIPlugin
2025-12-29 22:45:17,721 [INFO] IPUIPlugin:80 - create IPUIPlugin
2025-12-29 22:45:17,721 [INFO] IPUIPlugin:80 - create IPUIPlugin
2025-12-29 22:45:17,721 [INFO] IPUIPlugin:80 - create IPUIPlugin
2025-12-29 22:45:17,722 [INFO] IPUIPlugin:80 - create IPUIPlugin
2025-12-29 22:45:17,722 [INFO] IPUIPlugin:80 - create IPUIPlugin
2025-12-29 22:45:17,722 [INFO] IPUIPlugin:80 - create IPUIPlugin
2025-12-29 22:45:17,722 [INFO] IPUIPlugin:80 - create IPUIPlugin
2025-12-29 22:45:17,722 [INFO] IPUIPlugin:80 - create IPUIPlugin
2025-12-29 22:45:17,722 [INFO] IPUIPlugin:80 - create IPUIPlugin
2025-12-29 22:45:17,722 [INFO] IPUIPlugin:80 - create IPUIPlugin
2025-12-29 22:45:17,722 [INFO] IPUIPlugin:80 - create IPUIPlugin
2025-12-29 22:45:17,723 [INFO] IPUIPlugin:80 - create IPUIPlugin
2025-12-29 22:45:17,723 [INFO] IPUIPlugin:80 - create IPUIPlugin
2025-12-29 22:45:17,723 [INFO] IPUIPlugin:80 - create IPUIPlugin
2025-12-29 22:45:17,723 [INFO] IPUIPlugin:80 - create IPUIPlugin
2025-12-29 22:45:17,723 [INFO] IPUIPlugin:80 - create IPUIPlugin
2025-12-29 22:45:17,723 [INFO] IPUIPlugin:80 - create IPUIPlugin
2025-12-29 22:45:17,723 [INFO] IPUIPlugin:80 - create IPUIPlugin
2025-12-29 22:45:17,725 [INFO] IPUIPlugin:80 - create IPUIPlugin
2025-12-29 22:45:17,725 [INFO] IPUIPlugin:80 - create IPUIPlugin
2025-12-29 22:45:17,725 [INFO] IPUIPlugin:80 - create IPUIPlugin
2025-12-29 22:45:17,725 [INFO] IPUIPlugin:80 - create IPUIPlugin
2025-12-29 22:45:17,726 [INFO] IPUIPlugin:80 - create IPUIPlugin
2025-12-29 22:45:17,726 [INFO] IPUIPlugin:80 - create IPUIPlugin
2025-12-29 22:45:17,726 [INFO] IPUIPlugin:80 - create IPUIPlugin
2025-12-29 22:45:17,726 [INFO] IPUIPlugin:80 - create IPUIPlugin
2025-12-29 22:45:17,726 [INFO] IPUIPlugin:80 - create IPUIPlugin
2025-12-29 22:45:17,727 [INFO] IPUIPlugin:80 - create IPUIPlugin
2025-12-29 22:45:17,727 [INFO] IPUIPlugin:80 - create IPUIPlugin
2025-12-29 22:45:17,727 [INFO] IPUIPlugin:80 - create IPUIPlugin
2025-12-29 22:45:17,727 [INFO] IPUIPlugin:80 - create IPUIPlugin
2025-12-29 22:45:17,727 [INFO] IPUIPlugin:80 - create IPUIPlugin
2025-12-29 22:45:17,728 [INFO] IPUIPlugin:80 - create IPUIPlugin
2025-12-29 22:45:17,728 [INFO] IPUIPlugin:80 - create IPUIPlugin
2025-12-29 22:45:17,728 [INFO] IPUIPlugin:80 - create IPUIPlugin
2025-12-29 22:45:17,728 [INFO] IPUIPlugin:80 - create IPUIPlugin
2025-12-29 22:45:17,728 [INFO] IPUIPlugin:80 - create IPUIPlugin
2025-12-29 22:45:17,729 [INFO] IPUIPlugin:80 - create IPUIPlugin
2025-12-29 22:45:17,729 [INFO] IPUIPlugin:80 - create IPUIPlugin
2025-12-29 22:45:17,729 [INFO] IPUIPlugin:80 - create IPUIPlugin
2025-12-29 22:45:17,729 [INFO] IPUIPlugin:80 - create IPUIPlugin
2025-12-29 22:45:17,730 [INFO] IPUIPlugin:80 - create IPUIPlugin
2025-12-29 22:45:17,730 [INFO] IPUIPlugin:80 - create IPUIPlugin
2025-12-29 22:45:17,730 [INFO] IPUIPlugin:80 - create IPUIPlugin
2025-12-29 22:45:17,730 [INFO] IPUIPlugin:80 - create IPUIPlugin
2025-12-29 22:45:17,731 [INFO] IPUIPlugin:80 - create IPUIPlugin
2025-12-29 22:45:17,731 [INFO] IPUIPlugin:80 - create IPUIPlugin
2025-12-29 22:45:17,731 [INFO] IPUIPlugin:80 - create IPUIPlugin
2025-12-29 22:45:17,732 [INFO] IPUIPlugin:80 - create IPUIPlugin
2025-12-29 22:45:17,732 [INFO] IPUIPlugin:80 - create IPUIPlugin
2025-12-29 22:45:17,733 [INFO] IPUIPlugin:80 - create IPUIPlugin
2025-12-29 22:45:17,734 [INFO] IPUIPlugin:80 - create IPUIPlugin
2025-12-29 22:45:17,835 [INFO] ApiDbMcu:532 - Load IP Config File for PDM2PCM
2025-12-29 22:45:18,069 [INFO] CADModel:165 - CPN selected for project levelSTM32F407VGT6
2025-12-29 22:45:18,069 [INFO] CADModel:114 - Register for checkConnection events
2025-12-29 22:45:18,123 [INFO] OpenFileManager:386 - Restore cursor
2025-12-29 22:45:19,238 [INFO] UtilMem:75 - End SaveConfig() Used Memory: 661344560 Bytes (940572672)
2025-12-29 22:45:19,359 [INFO] UtilMem:75 - End SaveConfig() Used Memory: 693659432 Bytes (940572672)
2025-12-29 22:45:19,945 [INFO] BlockDiagram:2775 - set Specific Code input for plugin: SYS
2025-12-29 22:45:19,945 [INFO] BlockDiagram:2775 - set Specific Code input for plugin: RCC
2025-12-29 22:45:19,945 [INFO] BlockDiagram:2775 - set Specific Code input for plugin: NVIC
2025-12-29 22:45:19,945 [INFO] BlockDiagram:2775 - set Specific Code input for plugin: GPIO
2025-12-29 22:45:19,948 [INFO] CodeGenerator:892 - code generatio: config db path: C:\ST\STM32CubeIDE_1.19.0\STM32CubeIDE\plugins\com.st.stm32cube.common.mx_6.15.0.202507011659\\db\
2025-12-29 22:45:20,285 [INFO] CodeEngine:265 - oldGeneratedFile, C:\Users\aditi\OneDrive\Desktop\Sunbeam_Internship\Internship_Practice_on_Board\LDR_new\MXTmpFiles\license.tmp_save
2025-12-29 22:45:20,752 [INFO] CodeEngine:289 - Generated code: C:\Users\aditi\OneDrive\Desktop\Sunbeam_Internship\Internship_Practice_on_Board\LDR_new\MXTmpFiles\license.tmp
2025-12-29 22:45:21,052 [INFO] CodeEngine:265 - oldGeneratedFile, C:\Users\aditi\OneDrive\Desktop\Sunbeam_Internship\Internship_Practice_on_Board\LDR_new\MXTmpFiles\gpio.tmp_save
2025-12-29 22:45:21,442 [INFO] CodeEngine:289 - Generated code: C:\Users\aditi\OneDrive\Desktop\Sunbeam_Internship\Internship_Practice_on_Board\LDR_new\MXTmpFiles\gpio.tmp
2025-12-29 22:45:21,628 [INFO] CodeEngine:265 - oldGeneratedFile, C:\Users\aditi\OneDrive\Desktop\Sunbeam_Internship\Internship_Practice_on_Board\LDR_new\Core\Src\stm32f4xx_it.c_save
2025-12-29 22:45:21,921 [INFO] CodeEngine:289 - Generated code: C:\Users\aditi\OneDrive\Desktop\Sunbeam_Internship\Internship_Practice_on_Board\LDR_new\Core\Src\stm32f4xx_it.c
2025-12-29 22:45:21,938 [INFO] CodeEngine:265 - oldGeneratedFile, C:\Users\aditi\OneDrive\Desktop\Sunbeam_Internship\Internship_Practice_on_Board\LDR_new\Core\Inc\stm32f4xx_it.h_save
2025-12-29 22:45:22,126 [INFO] CodeEngine:289 - Generated code: C:\Users\aditi\OneDrive\Desktop\Sunbeam_Internship\Internship_Practice_on_Board\LDR_new\Core\Inc\stm32f4xx_it.h
2025-12-29 22:45:22,186 [INFO] CodeEngine:265 - oldGeneratedFile, C:\Users\aditi\OneDrive\Desktop\Sunbeam_Internship\Internship_Practice_on_Board\LDR_new\Core\Src\stm32f4xx_hal_msp.c_save
2025-12-29 22:45:22,446 [INFO] CodeEngine:289 - Generated code: C:\Users\aditi\OneDrive\Desktop\Sunbeam_Internship\Internship_Practice_on_Board\LDR_new\Core\Src\stm32f4xx_hal_msp.c
2025-12-29 22:45:22,470 [INFO] CodeEngine:265 - oldGeneratedFile, C:\Users\aditi\OneDrive\Desktop\Sunbeam_Internship\Internship_Practice_on_Board\LDR_new\MXTmpFiles\system.tmp_save
2025-12-29 22:45:22,617 [INFO] CodeEngine:289 - Generated code: C:\Users\aditi\OneDrive\Desktop\Sunbeam_Internship\Internship_Practice_on_Board\LDR_new\MXTmpFiles\system.tmp
2025-12-29 22:45:22,665 [INFO] CodeEngine:321 - oldGeneratedFile, C:\Users\aditi\OneDrive\Desktop\Sunbeam_Internship\Internship_Practice_on_Board\LDR_new\Core\Inc\stm32f4xx_hal_conf.h_save
2025-12-29 22:45:22,871 [INFO] CodeEngine:345 - Generated code: C:\Users\aditi\OneDrive\Desktop\Sunbeam_Internship\Internship_Practice_on_Board\LDR_new\Core\Inc\stm32f4xx_hal_conf.h
2025-12-29 22:45:23,027 [INFO] ApiDbMcu:532 - Load IP Config File for RCC
2025-12-29 22:45:23,056 [INFO] CodeEngine:265 - oldGeneratedFile, C:\Users\aditi\OneDrive\Desktop\Sunbeam_Internship\Internship_Practice_on_Board\LDR_new\Core\Inc\main.h_save
2025-12-29 22:45:23,252 [INFO] CodeEngine:289 - Generated code: C:\Users\aditi\OneDrive\Desktop\Sunbeam_Internship\Internship_Practice_on_Board\LDR_new\Core\Inc\main.h
2025-12-29 22:45:23,265 [INFO] CodeEngine:265 - oldGeneratedFile, C:\Users\aditi\OneDrive\Desktop\Sunbeam_Internship\Internship_Practice_on_Board\LDR_new\Core\Src\main.c_save
2025-12-29 22:45:23,545 [INFO] CodeEngine:289 - Generated code: C:\Users\aditi\OneDrive\Desktop\Sunbeam_Internship\Internship_Practice_on_Board\LDR_new\Core\Src\main.c
2025-12-29 22:45:25,178 [INFO] ProjectBuilder:3606 - Time for Copy HAL[1] : 1303mS.
2025-12-29 22:45:25,213 [INFO] ProjectBuilder:5216 - Project Generator version: 4.7.0-B52
2025-12-29 22:45:25,410 [INFO] ConfigFileManager:1595 - The Die is : DIE413
2025-12-29 22:45:25,428 [INFO] ApiDbMcu:532 - Load IP Config File for FATFS
2025-12-29 22:45:25,442 [INFO] ApiDbMcu:532 - Load IP Config File for FREERTOS
2025-12-29 22:45:25,447 [INFO] ApiDbMcu:532 - Load IP Config File for LIBJPEG
2025-12-29 22:45:25,458 [INFO] ApiDbMcu:532 - Load IP Config File for LWIP
2025-12-29 22:45:25,474 [INFO] ApiDbMcu:532 - Load IP Config File for MBEDTLS
2025-12-29 22:45:25,517 [INFO] ApiDbMcu:532 - Load IP Config File for USB_DEVICE
2025-12-29 22:45:25,528 [INFO] ApiDbMcu:532 - Load IP Config File for USB_HOST
2025-12-29 22:45:26,056 [INFO] LogOutputStream:77 - [STDOUT_REDIRECT] 
2025-12-29 22:45:29,151 [INFO] ProjectBuilder:5496 - Time for Generating toolchain IDE Files: 3937mS.
2025-12-29 22:45:29,153 [INFO] ProjectBuilder:3463 - Time for Copy CMSIS : 1mS.
2025-12-29 22:45:29,163 [INFO] ProjectBuilder:3463 - Time for Copy CMSIS : 0mS.
2025-12-29 22:45:30,866 [INFO] McuFinderGlobals:76 - Set McuFinderConnectedMode to true
2025-12-29 22:45:30,872 [INFO] ApiDb:448 - Save user favorites file C:\Users\aditi/.stm32cubeide/favorites.mcus.txt: 0 item(s)
2025-12-29 22:45:30,872 [INFO] ApiDb:452 - User favorites MCUs=[]
2025-12-29 22:45:30,875 [INFO] ApiDb:448 - Save user favorites file C:\Users\aditi/.stm32cubeide/favorites.boards.txt: 1 item(s)
2025-12-29 22:45:30,875 [INFO] ApiDb:452 - User favorites Boards=[STM32F407G-DISC1]
2025-12-29 22:45:52,500 [WARN] IP:2250 - I2C_Coeff_DF not found: check if there is a RefParameter without a condition.
2025-12-29 22:45:52,500 [WARN] IP:2250 - Analog_Filter not found: check if there is a RefParameter without a condition.
2025-12-29 22:45:52,563 [WARN] IP:2250 - I2C_Coeff_DF not found: check if there is a RefParameter without a condition.
2025-12-29 22:45:52,563 [WARN] IP:2250 - Analog_Filter not found: check if there is a RefParameter without a condition.
2025-12-29 22:45:52,564 [WARN] IP:2250 - I2C_Coeff_DF not found: check if there is a RefParameter without a condition.
2025-12-29 22:45:52,564 [WARN] IP:2250 - Analog_Filter not found: check if there is a RefParameter without a condition.
2025-12-29 22:45:52,780 [WARN] IP:2250 - I2C_Coeff_DF not found: check if there is a RefParameter without a condition.
2025-12-29 22:45:52,780 [WARN] IP:2250 - Analog_Filter not found: check if there is a RefParameter without a condition.
2025-12-29 22:45:52,784 [WARN] IP:2250 - I2C_Coeff_DF not found: check if there is a RefParameter without a condition.
2025-12-29 22:45:52,784 [WARN] IP:2250 - Analog_Filter not found: check if there is a RefParameter without a condition.
2025-12-29 22:45:52,806 [INFO] NvicIntPanel:101 - NVIC parent = com.st.microxplorer.plugins.ip.nvic.MultiNvicIntPanel[,0,0,0x0,invalid,layout=javax.swing.BoxLayout,alignmentX=0.0,alignmentY=0.0,border=,flags=9,maximumSize=,minimumSize=,preferredSize=]
2025-12-29 22:45:55,569 [INFO] UtilMem:75 - End SaveConfig() Used Memory: 728708576 Bytes (1073741824)
2025-12-29 22:45:57,827 [INFO] UtilMem:75 - End SaveConfig() Used Memory: 984034784 Bytes (1073741824)
2025-12-29 22:45:58,092 [INFO] UtilMem:75 - End SaveConfig() Used Memory: 718703024 Bytes (1073741824)
2025-12-29 22:45:58,327 [INFO] BlockDiagram:2775 - set Specific Code input for plugin: SYS
2025-12-29 22:45:58,327 [INFO] BlockDiagram:2775 - set Specific Code input for plugin: RCC
2025-12-29 22:45:58,327 [INFO] BlockDiagram:2775 - set Specific Code input for plugin: I2C
2025-12-29 22:45:58,327 [INFO] BlockDiagram:2775 - set Specific Code input for plugin: NVIC
2025-12-29 22:45:58,328 [INFO] BlockDiagram:2775 - set Specific Code input for plugin: GPIO
2025-12-29 22:45:58,331 [INFO] CodeGenerator:892 - code generatio: config db path: C:\ST\STM32CubeIDE_1.19.0\STM32CubeIDE\plugins\com.st.stm32cube.common.mx_6.15.0.202507011659\\db\
2025-12-29 22:45:58,334 [WARN] IP:2250 - I2C_Coeff_DF not found: check if there is a RefParameter without a condition.
2025-12-29 22:45:58,334 [WARN] IP:2250 - Analog_Filter not found: check if there is a RefParameter without a condition.
2025-12-29 22:45:58,493 [INFO] CodeEngine:265 - oldGeneratedFile, C:\Users\aditi\OneDrive\Desktop\Sunbeam_Internship\Internship_Practice_on_Board\LDR_new\MXTmpFiles\license.tmp_save
2025-12-29 22:45:58,630 [INFO] CodeEngine:289 - Generated code: C:\Users\aditi\OneDrive\Desktop\Sunbeam_Internship\Internship_Practice_on_Board\LDR_new\MXTmpFiles\license.tmp
2025-12-29 22:45:58,682 [INFO] CodeEngine:265 - oldGeneratedFile, C:\Users\aditi\OneDrive\Desktop\Sunbeam_Internship\Internship_Practice_on_Board\LDR_new\MXTmpFiles\gpio.tmp_save
2025-12-29 22:45:58,793 [INFO] CodeEngine:289 - Generated code: C:\Users\aditi\OneDrive\Desktop\Sunbeam_Internship\Internship_Practice_on_Board\LDR_new\MXTmpFiles\gpio.tmp
2025-12-29 22:45:58,882 [INFO] CodeEngine:265 - oldGeneratedFile, C:\Users\aditi\OneDrive\Desktop\Sunbeam_Internship\Internship_Practice_on_Board\LDR_new\Core\Src\stm32f4xx_it.c_save
2025-12-29 22:45:59,016 [INFO] CodeEngine:289 - Generated code: C:\Users\aditi\OneDrive\Desktop\Sunbeam_Internship\Internship_Practice_on_Board\LDR_new\Core\Src\stm32f4xx_it.c
2025-12-29 22:45:59,042 [INFO] CodeEngine:265 - oldGeneratedFile, C:\Users\aditi\OneDrive\Desktop\Sunbeam_Internship\Internship_Practice_on_Board\LDR_new\Core\Inc\stm32f4xx_it.h_save
2025-12-29 22:45:59,160 [INFO] CodeEngine:289 - Generated code: C:\Users\aditi\OneDrive\Desktop\Sunbeam_Internship\Internship_Practice_on_Board\LDR_new\Core\Inc\stm32f4xx_it.h
2025-12-29 22:45:59,200 [INFO] CodeEngine:265 - oldGeneratedFile, C:\Users\aditi\OneDrive\Desktop\Sunbeam_Internship\Internship_Practice_on_Board\LDR_new\Core\Src\stm32f4xx_hal_msp.c_save
2025-12-29 22:45:59,342 [INFO] CodeEngine:289 - Generated code: C:\Users\aditi\OneDrive\Desktop\Sunbeam_Internship\Internship_Practice_on_Board\LDR_new\Core\Src\stm32f4xx_hal_msp.c
2025-12-29 22:45:59,364 [INFO] CodeEngine:265 - oldGeneratedFile, C:\Users\aditi\OneDrive\Desktop\Sunbeam_Internship\Internship_Practice_on_Board\LDR_new\MXTmpFiles\system.tmp_save
2025-12-29 22:45:59,458 [INFO] CodeEngine:289 - Generated code: C:\Users\aditi\OneDrive\Desktop\Sunbeam_Internship\Internship_Practice_on_Board\LDR_new\MXTmpFiles\system.tmp
2025-12-29 22:45:59,492 [INFO] CodeEngine:321 - oldGeneratedFile, C:\Users\aditi\OneDrive\Desktop\Sunbeam_Internship\Internship_Practice_on_Board\LDR_new\Core\Inc\stm32f4xx_hal_conf.h_save
2025-12-29 22:45:59,606 [INFO] CodeEngine:345 - Generated code: C:\Users\aditi\OneDrive\Desktop\Sunbeam_Internship\Internship_Practice_on_Board\LDR_new\Core\Inc\stm32f4xx_hal_conf.h
2025-12-29 22:45:59,656 [INFO] ApiDbMcu:532 - Load IP Config File for I2C1
2025-12-29 22:45:59,686 [INFO] CodeEngine:265 - oldGeneratedFile, C:\Users\aditi\OneDrive\Desktop\Sunbeam_Internship\Internship_Practice_on_Board\LDR_new\Core\Inc\main.h_save
2025-12-29 22:45:59,807 [INFO] CodeEngine:289 - Generated code: C:\Users\aditi\OneDrive\Desktop\Sunbeam_Internship\Internship_Practice_on_Board\LDR_new\Core\Inc\main.h
2025-12-29 22:45:59,841 [INFO] CodeEngine:265 - oldGeneratedFile, C:\Users\aditi\OneDrive\Desktop\Sunbeam_Internship\Internship_Practice_on_Board\LDR_new\Core\Src\main.c_save
2025-12-29 22:46:00,054 [INFO] CodeEngine:289 - Generated code: C:\Users\aditi\OneDrive\Desktop\Sunbeam_Internship\Internship_Practice_on_Board\LDR_new\Core\Src\main.c
2025-12-29 22:46:01,670 [INFO] ProjectBuilder:3606 - Time for Copy HAL[1] : 1394mS.
2025-12-29 22:46:01,678 [INFO] ProjectBuilder:5216 - Project Generator version: 4.7.0-B52
2025-12-29 22:46:01,729 [INFO] ConfigFileManager:1595 - The Die is : DIE413
2025-12-29 22:46:04,157 [INFO] ProjectBuilder:5496 - Time for Generating toolchain IDE Files: 2479mS.
2025-12-29 22:46:04,160 [INFO] ProjectBuilder:3463 - Time for Copy CMSIS : 1mS.
2025-12-29 22:46:04,178 [INFO] ProjectBuilder:3463 - Time for Copy CMSIS : 0mS.
2025-12-29 22:54:51,336 [ERROR] LogOutputStream:75 - [STDERR_REDIRECT] 
2025-12-29 22:54:51,346 [ERROR] LogOutputStream:75 - [STDERR_REDIRECT] 
2025-12-29 22:55:53,126 [INFO] Activator:176 - 


2025-12-29 22:55:53,128 [INFO] Activator:177 - !SESSION log4j initialized
2025-12-29 22:55:57,057 [INFO] LogOutputStream:77 - [STDOUT_REDIRECT] 
2025-12-29 22:56:00,667 [INFO] ApplicationProperties:184 - Using Application install path: C:\ST\STM32CubeIDE_1.19.0\STM32CubeIDE\plugins\com.st.stm32cube.common.mx_6.15.0.202507011659
2025-12-29 22:56:00,694 [INFO] DbMcusXml:78 - Set database path to: C:\ST\STM32CubeIDE_1.19.0\STM32CubeIDE\plugins\com.st.stm32cube.common.mx_6.15.0.202507011659\\db\/mcu/
2025-12-29 22:56:00,694 [INFO] ApiDb:274 - Set plugin database path to: C:\ST\STM32CubeIDE_1.19.0\STM32CubeIDE\plugins\com.st.stm32cube.common.mx_6.15.0.202507011659\\db\/plugins/boardmanager/
2025-12-29 22:56:00,695 [WARN] ApiDb:259 - Overriding images path with different value:  => C:\ST\STM32CubeIDE_1.19.0\STM32CubeIDE\plugins\com.st.stm32cube.common.mx_6.15.0.202507011659\\db\/plugins/mcufinder/images/
2025-12-29 22:56:00,707 [INFO] ApiDb:250 - Set database path to: C:\Users\aditi\.stmcufinder\plugins\mcufinder//mcu/
2025-12-29 22:56:00,709 [INFO] DbMcusAds:125 - Set database path to: C:\Users\aditi\.stmcufinder\plugins\mcufinder//mcu/
2025-12-29 22:56:00,714 [INFO] CrossReferenceDbSqlite:203 - Set database path to: C:\Users\aditi\.stmcufinder\plugins\mcufinder//mcu/cs/
2025-12-29 22:56:01,113 [INFO] RulesReader:64 - Compatibility file has been processed (317 Rules)
2025-12-29 22:56:01,357 [INFO] DbMcusXml:78 - Set database path to: C:\ST\STM32CubeIDE_1.19.0\STM32CubeIDE\plugins\com.st.stm32cube.common.mx_6.15.0.202507011659\\db\/mcu/
2025-12-29 22:56:01,357 [INFO] ApiDb:274 - Set plugin database path to: C:\ST\STM32CubeIDE_1.19.0\STM32CubeIDE\plugins\com.st.stm32cube.common.mx_6.15.0.202507011659\\db\/plugins/boardmanager/
2025-12-29 22:56:01,358 [INFO] ApiDb:261 - Set plugin images path to: C:\ST\STM32CubeIDE_1.19.0\STM32CubeIDE\plugins\com.st.stm32cube.common.mx_6.15.0.202507011659\\db\/plugins/mcufinder/images/
2025-12-29 22:56:01,358 [WARN] DbFile:41 - Overriding database path with different value: C:\Users\aditi\.stmcufinder\plugins\mcufinder/ => C:\Users\aditi\.stmcufinder\plugins\mcufinder
2025-12-29 22:56:01,359 [INFO] ApiDb:250 - Set database path to: C:\Users\aditi\.stmcufinder\plugins\mcufinder//mcu/
2025-12-29 22:56:01,359 [WARN] DbFile:41 - Overriding database path with different value: C:\Users\aditi\.stmcufinder\plugins\mcufinder/ => C:\Users\aditi\.stmcufinder\plugins\mcufinder
2025-12-29 22:56:01,359 [INFO] DbMcusAds:125 - Set database path to: C:\Users\aditi\.stmcufinder\plugins\mcufinder//mcu/
2025-12-29 22:56:01,359 [WARN] DbFile:41 - Overriding database path with different value: C:\Users\aditi\.stmcufinder\plugins\mcufinder/ => C:\Users\aditi\.stmcufinder\plugins\mcufinder
2025-12-29 22:56:01,360 [WARN] DbFile:41 - Overriding database path with different value: C:\Users\aditi\.stmcufinder\plugins\mcufinder/ => C:\Users\aditi\.stmcufinder\plugins\mcufinder
2025-12-29 22:56:01,360 [INFO] CrossReferenceDbSqlite:203 - Set database path to: C:\Users\aditi\.stmcufinder\plugins\mcufinder//mcu/cs/
2025-12-29 22:56:01,536 [INFO] MainPanel:274 - HeapMemory: 268435456
2025-12-29 22:56:01,712 [INFO] DbMcusXml:78 - Set database path to: C:\ST\STM32CubeIDE_1.19.0\STM32CubeIDE\plugins\com.st.stm32cube.common.mx_6.15.0.202507011659\\db\/mcu/
2025-12-29 22:56:01,713 [INFO] ApiDb:274 - Set plugin database path to: C:\ST\STM32CubeIDE_1.19.0\STM32CubeIDE\plugins\com.st.stm32cube.common.mx_6.15.0.202507011659\\db\/plugins/boardmanager/
2025-12-29 22:56:01,713 [INFO] ApiDb:261 - Set plugin images path to: C:\ST\STM32CubeIDE_1.19.0\STM32CubeIDE\plugins\com.st.stm32cube.common.mx_6.15.0.202507011659\\db\/plugins/mcufinder/images/
2025-12-29 22:56:01,714 [WARN] DbFile:41 - Overriding database path with different value: C:\Users\aditi\.stmcufinder\plugins\mcufinder/ => C:\Users\aditi\.stmcufinder\plugins\mcufinder
2025-12-29 22:56:01,714 [INFO] ApiDb:250 - Set database path to: C:\Users\aditi\.stmcufinder\plugins\mcufinder//mcu/
2025-12-29 22:56:01,714 [WARN] DbFile:41 - Overriding database path with different value: C:\Users\aditi\.stmcufinder\plugins\mcufinder/ => C:\Users\aditi\.stmcufinder\plugins\mcufinder
2025-12-29 22:56:01,715 [INFO] DbMcusAds:125 - Set database path to: C:\Users\aditi\.stmcufinder\plugins\mcufinder//mcu/
2025-12-29 22:56:01,715 [WARN] DbFile:41 - Overriding database path with different value: C:\Users\aditi\.stmcufinder\plugins\mcufinder/ => C:\Users\aditi\.stmcufinder\plugins\mcufinder
2025-12-29 22:56:01,715 [WARN] DbFile:41 - Overriding database path with different value: C:\Users\aditi\.stmcufinder\plugins\mcufinder/ => C:\Users\aditi\.stmcufinder\plugins\mcufinder
2025-12-29 22:56:01,715 [INFO] CrossReferenceDbSqlite:203 - Set database path to: C:\Users\aditi\.stmcufinder\plugins\mcufinder//mcu/cs/
2025-12-29 22:56:01,759 [INFO] ApplicationProperties:184 - Using Application install path: C:\ST\STM32CubeIDE_1.19.0\STM32CubeIDE\plugins\com.st.stm32cube.common.mx_6.15.0.202507011659
2025-12-29 22:56:01,762 [INFO] PluginManage:196 - Search for loadable plugins [exclusion list=, ]
2025-12-29 22:56:01,765 [INFO] PluginManage:310 - Check plugin analytics
2025-12-29 22:56:02,658 [INFO] AnalyticsPlugin:253 - Accepted Software Licenses: 
2025-12-29 22:56:02,659 [INFO] AnalyticsPlugin:255 - Accepted CMSIS Pack Licenses: 
2025-12-29 22:56:02,659 [INFO] AnalyticsPlugin:257 - Accepted Firmware Licenses: FW.F4.1.28.0
2025-12-29 22:56:02,674 [INFO] PluginManage:359 - Loaded plugin analytics (category:tool,tabindex:-1)
2025-12-29 22:56:02,676 [INFO] PluginManage:310 - Check plugin cadmodel
2025-12-29 22:56:02,690 [INFO] CADModel:105 - Init CAD model plugin
2025-12-29 22:56:02,691 [INFO] PluginManage:359 - Loaded plugin cadmodel (category:power,tabindex:5)
2025-12-29 22:56:02,693 [INFO] PluginManage:310 - Check plugin clock
2025-12-29 22:56:02,738 [INFO] PluginManage:359 - Loaded plugin clock (category:base,tabindex:2)
2025-12-29 22:56:02,739 [INFO] PluginManage:310 - Check plugin ddr
2025-12-29 22:56:02,755 [INFO] PluginManage:359 - Loaded plugin ddr (category:tool,tabindex:6)
2025-12-29 22:56:02,755 [INFO] PluginManage:310 - Check plugin filemanager
2025-12-29 22:56:03,422 [INFO] PluginManage:359 - Loaded plugin filemanager (category:base,tabindex:10)
2025-12-29 22:56:03,422 [INFO] PluginManage:310 - Check plugin ipmanager
2025-12-29 22:56:03,449 [INFO] PluginManage:359 - Loaded plugin ipmanager (category:base,tabindex:5)
2025-12-29 22:56:03,449 [INFO] PluginManage:310 - Check plugin lpbam
2025-12-29 22:56:03,481 [INFO] PluginManage:359 - Loaded plugin lpbam (category:base,tabindex:0)
2025-12-29 22:56:03,481 [INFO] PluginManage:310 - Check plugin memorymap
2025-12-29 22:56:03,584 [INFO] PluginManage:359 - Loaded plugin memorymap (category:base,tabindex:4)
2025-12-29 22:56:03,584 [INFO] PluginManage:310 - Check plugin pinoutandconfiguration
2025-12-29 22:56:03,601 [INFO] PluginManage:359 - Loaded plugin pinoutandconfiguration (category:base,tabindex:1)
2025-12-29 22:56:03,602 [INFO] PluginManage:310 - Check plugin pinoutconfig
2025-12-29 22:56:03,978 [WARN] SupportedApi:132 - Cannot load RTOS API schema: s4s-elt-must-match.1: The content of 'definitions' must match (annotation?, (simpleType | complexType)?, (unique | key | keyref)*)). A problem was found starting at: attribute.
2025-12-29 22:56:04,903 [INFO] PluginManage:359 - Loaded plugin pinoutconfig (category:base,tabindex:0)
2025-12-29 22:56:04,905 [INFO] PluginManage:310 - Check plugin power
2025-12-29 22:56:04,944 [INFO] PluginManage:359 - Loaded plugin power (category:power,tabindex:4)
2025-12-29 22:56:04,944 [INFO] PluginManage:310 - Check plugin projectmanager
2025-12-29 22:56:04,996 [INFO] PluginManage:359 - Loaded plugin projectmanager (category:projectmanager,tabindex:4)
2025-12-29 22:56:04,996 [INFO] PluginManage:310 - Check plugin rif
2025-12-29 22:56:05,047 [INFO] PluginManage:359 - Loaded plugin rif (category:base,tabindex:3)
2025-12-29 22:56:05,047 [INFO] PluginManage:310 - Check plugin thirdparty
2025-12-29 22:56:05,612 [WARN] IntegrityCheckThread:84 - waiting for thirdparty lock release [integrity check]
2025-12-29 22:56:05,613 [INFO] IntegrityCheckThread:86 - entering critical section [integrity check]
2025-12-29 22:56:05,614 [INFO] ThirdPartyUpdaterWithRetryManager:70 - Updater plugin not ready yet. [1/15]
2025-12-29 22:56:05,615 [INFO] PluginManage:359 - Loaded plugin thirdparty (category:base,tabindex:-1)
2025-12-29 22:56:05,615 [INFO] PluginManage:310 - Check plugin tools
2025-12-29 22:56:05,623 [INFO] PluginManage:359 - Loaded plugin tools (category:base,tabindex:7)
2025-12-29 22:56:05,624 [INFO] PluginManage:310 - Check plugin tutovideos
2025-12-29 22:56:06,655 [INFO] PluginManage:359 - Loaded plugin tutovideos (category:base,tabindex:-1)
2025-12-29 22:56:06,655 [INFO] PluginManage:310 - Check plugin updater
2025-12-29 22:56:06,712 [INFO] PluginManage:359 - Loaded plugin updater (category:base,tabindex:12)
2025-12-29 22:56:06,712 [INFO] PluginManage:310 - Check plugin userauth
2025-12-29 22:56:06,733 [INFO] UserAuth:118 - Init User Auth plugin
2025-12-29 22:56:06,736 [INFO] PluginManage:359 - Loaded plugin userauth (category:base,tabindex:14)
2025-12-29 22:56:06,738 [INFO] PluginManage:283 - PluginManage : Loaded plugins [18]
2025-12-29 22:56:07,647 [INFO] PinOutPanel:1589 - setPackage(No Configuration,No Configuration)
2025-12-29 22:56:07,906 [INFO] CADModel:165 - CPN selected for project level
2025-12-29 22:56:07,906 [INFO] CADModel:114 - Register for checkConnection events
2025-12-29 22:56:07,952 [INFO] IPUIPlugin:80 - create IPUIPlugin
2025-12-29 22:56:07,953 [INFO] PluginManager:220 - loadIPPluginJar : add adc
2025-12-29 22:56:07,962 [INFO] IPUIPlugin:80 - create IPUIPlugin
2025-12-29 22:56:07,962 [INFO] PluginManager:220 - loadIPPluginJar : add aes
2025-12-29 22:56:07,970 [INFO] IPUIPlugin:80 - create IPUIPlugin
2025-12-29 22:56:07,971 [INFO] PluginManager:220 - loadIPPluginJar : add can
2025-12-29 22:56:07,977 [INFO] IPUIPlugin:80 - create IPUIPlugin
2025-12-29 22:56:07,977 [INFO] PluginManager:220 - loadIPPluginJar : add comp
2025-12-29 22:56:07,985 [INFO] IPUIPlugin:80 - create IPUIPlugin
2025-12-29 22:56:07,985 [INFO] PluginManager:220 - loadIPPluginJar : add cryp
2025-12-29 22:56:07,994 [INFO] IPUIPlugin:80 - create IPUIPlugin
2025-12-29 22:56:07,994 [INFO] PluginManager:220 - loadIPPluginJar : add ddr_ctrl_phy
2025-12-29 22:56:08,002 [INFO] IPUIPlugin:80 - create IPUIPlugin
2025-12-29 22:56:08,002 [INFO] PluginManager:220 - loadIPPluginJar : add dfsdm
2025-12-29 22:56:08,018 [INFO] IPUIPlugin:80 - create IPUIPlugin
2025-12-29 22:56:08,021 [INFO] PluginManager:220 - loadIPPluginJar : add dma
2025-12-29 22:56:08,033 [INFO] IPUIPlugin:80 - create IPUIPlugin
2025-12-29 22:56:08,033 [INFO] PluginManager:220 - loadIPPluginJar : add dma3
2025-12-29 22:56:08,041 [INFO] IPUIPlugin:80 - create IPUIPlugin
2025-12-29 22:56:08,042 [INFO] PluginManager:220 - loadIPPluginJar : add extmemmanager
2025-12-29 22:56:08,048 [INFO] IPUIPlugin:80 - create IPUIPlugin
2025-12-29 22:56:08,049 [INFO] PluginManager:220 - loadIPPluginJar : add fatfs
2025-12-29 22:56:08,064 [INFO] IPUIPlugin:80 - create IPUIPlugin
2025-12-29 22:56:08,065 [INFO] PluginManager:220 - loadIPPluginJar : add fmc
2025-12-29 22:56:08,098 [INFO] IPUIPlugin:80 - create IPUIPlugin
2025-12-29 22:56:08,098 [INFO] PluginManager:220 - loadIPPluginJar : add freertos
2025-12-29 22:56:08,103 [INFO] IPUIPlugin:80 - create IPUIPlugin
2025-12-29 22:56:08,103 [INFO] PluginManager:220 - loadIPPluginJar : add genericplugin
2025-12-29 22:56:08,109 [INFO] IPUIPlugin:80 - create IPUIPlugin
2025-12-29 22:56:08,109 [INFO] PluginManager:220 - loadIPPluginJar : add gfxmmu
2025-12-29 22:56:08,121 [INFO] IPUIPlugin:80 - create IPUIPlugin
2025-12-29 22:56:08,121 [INFO] PluginManager:220 - loadIPPluginJar : add gic
2025-12-29 22:56:08,134 [INFO] IPUIPlugin:80 - create IPUIPlugin
2025-12-29 22:56:08,134 [INFO] PluginManager:220 - loadIPPluginJar : add gpio
2025-12-29 22:56:08,144 [INFO] IPUIPlugin:80 - create IPUIPlugin
2025-12-29 22:56:08,144 [INFO] PluginManager:220 - loadIPPluginJar : add gtzc
2025-12-29 22:56:08,150 [INFO] IPUIPlugin:80 - create IPUIPlugin
2025-12-29 22:56:08,151 [INFO] PluginManager:220 - loadIPPluginJar : add hash
2025-12-29 22:56:08,159 [INFO] IPUIPlugin:80 - create IPUIPlugin
2025-12-29 22:56:08,159 [INFO] PluginManager:220 - loadIPPluginJar : add i2c
2025-12-29 22:56:08,167 [INFO] IPUIPlugin:80 - create IPUIPlugin
2025-12-29 22:56:08,167 [INFO] PluginManager:220 - loadIPPluginJar : add i2s
2025-12-29 22:56:08,179 [INFO] IPUIPlugin:80 - create IPUIPlugin
2025-12-29 22:56:08,179 [INFO] PluginManager:220 - loadIPPluginJar : add i3c
2025-12-29 22:56:08,188 [INFO] IPUIPlugin:80 - create IPUIPlugin
2025-12-29 22:56:08,189 [INFO] PluginManager:220 - loadIPPluginJar : add ipddr
2025-12-29 22:56:08,201 [INFO] IPUIPlugin:80 - create IPUIPlugin
2025-12-29 22:56:08,202 [INFO] PluginManager:220 - loadIPPluginJar : add linkedlist
2025-12-29 22:56:08,212 [INFO] IPUIPlugin:80 - create IPUIPlugin
2025-12-29 22:56:08,212 [INFO] PluginManager:220 - loadIPPluginJar : add lorawan
2025-12-29 22:56:08,216 [INFO] IPUIPlugin:80 - create IPUIPlugin
2025-12-29 22:56:08,217 [INFO] PluginManager:220 - loadIPPluginJar : add ltdc
2025-12-29 22:56:08,235 [INFO] IPUIPlugin:80 - create IPUIPlugin
2025-12-29 22:56:08,235 [INFO] PluginManager:220 - loadIPPluginJar : add mdma
2025-12-29 22:56:08,245 [INFO] IPUIPlugin:80 - create IPUIPlugin
2025-12-29 22:56:08,246 [INFO] PluginManager:220 - loadIPPluginJar : add nvic
2025-12-29 22:56:08,254 [INFO] IPUIPlugin:80 - create IPUIPlugin
2025-12-29 22:56:08,254 [INFO] PluginManager:220 - loadIPPluginJar : add opamp
2025-12-29 22:56:08,265 [INFO] IPUIPlugin:80 - create IPUIPlugin
2025-12-29 22:56:08,265 [INFO] PluginManager:220 - loadIPPluginJar : add openamp
2025-12-29 22:56:08,277 [INFO] IPUIPlugin:80 - create IPUIPlugin
2025-12-29 22:56:08,277 [INFO] PluginManager:220 - loadIPPluginJar : add pdm2pcm
2025-12-29 22:56:08,297 [INFO] IPUIPlugin:80 - create IPUIPlugin
2025-12-29 22:56:08,308 [INFO] PluginManager:220 - loadIPPluginJar : add plateformsettings
2025-12-29 22:56:08,314 [INFO] IPUIPlugin:80 - create IPUIPlugin
2025-12-29 22:56:08,315 [INFO] PluginManager:220 - loadIPPluginJar : add quadspi
2025-12-29 22:56:08,323 [INFO] IPUIPlugin:80 - create IPUIPlugin
2025-12-29 22:56:08,326 [INFO] PluginManager:220 - loadIPPluginJar : add radio
2025-12-29 22:56:08,336 [INFO] IPUIPlugin:80 - create IPUIPlugin
2025-12-29 22:56:08,336 [INFO] PluginManager:220 - loadIPPluginJar : add resmgrutility
2025-12-29 22:56:08,350 [INFO] IPUIPlugin:80 - create IPUIPlugin
2025-12-29 22:56:08,350 [INFO] PluginManager:220 - loadIPPluginJar : add sai
2025-12-29 22:56:08,359 [INFO] IPUIPlugin:80 - create IPUIPlugin
2025-12-29 22:56:08,360 [INFO] PluginManager:220 - loadIPPluginJar : add spi
2025-12-29 22:56:08,395 [INFO] IPUIPlugin:80 - create IPUIPlugin
2025-12-29 22:56:08,395 [INFO] PluginManager:220 - loadIPPluginJar : add stm32_wpan
2025-12-29 22:56:08,402 [INFO] IPUIPlugin:80 - create IPUIPlugin
2025-12-29 22:56:08,402 [INFO] PluginManager:220 - loadIPPluginJar : add tim
2025-12-29 22:56:08,411 [INFO] IPUIPlugin:80 - create IPUIPlugin
2025-12-29 22:56:08,412 [INFO] PluginManager:220 - loadIPPluginJar : add touchsensing
2025-12-29 22:56:08,418 [INFO] IPUIPlugin:80 - create IPUIPlugin
2025-12-29 22:56:08,419 [INFO] PluginManager:220 - loadIPPluginJar : add tracer_emb
2025-12-29 22:56:08,424 [INFO] IPUIPlugin:80 - create IPUIPlugin
2025-12-29 22:56:08,424 [INFO] PluginManager:220 - loadIPPluginJar : add ts
2025-12-29 22:56:08,430 [INFO] IPUIPlugin:80 - create IPUIPlugin
2025-12-29 22:56:08,430 [INFO] PluginManager:220 - loadIPPluginJar : add tsc
2025-12-29 22:56:08,437 [INFO] IPUIPlugin:80 - create IPUIPlugin
2025-12-29 22:56:08,437 [INFO] PluginManager:220 - loadIPPluginJar : add ucpd
2025-12-29 22:56:08,446 [INFO] IPUIPlugin:80 - create IPUIPlugin
2025-12-29 22:56:08,446 [INFO] PluginManager:220 - loadIPPluginJar : add usart
2025-12-29 22:56:08,460 [INFO] IPUIPlugin:80 - create IPUIPlugin
2025-12-29 22:56:08,460 [INFO] PluginManager:220 - loadIPPluginJar : add usbx
2025-12-29 22:56:08,616 [INFO] ThirdPartyUpdaterWithRetryManager:70 - Updater plugin not ready yet. [2/15]
2025-12-29 22:56:08,655 [FATAL] Updater:351 - Updater called before beeing initialized
2025-12-29 22:56:08,718 [INFO] RulesReader:64 - Compatibility file has been processed (317 Rules)
2025-12-29 22:56:08,736 [INFO] RulesReader:64 - Compatibility file has been processed (317 Rules)
2025-12-29 22:56:08,758 [INFO] CADModel:165 - CPN selected for project level
2025-12-29 22:56:08,759 [INFO] CADModel:114 - Register for checkConnection events
2025-12-29 22:56:08,759 [FATAL] Updater:351 - Updater called before beeing initialized
2025-12-29 22:56:08,759 [ERROR] CADModel:125 - Updater not yet initialized, retry later 
2025-12-29 22:56:09,209 [FATAL] Updater:351 - Updater called before beeing initialized
2025-12-29 22:56:09,215 [INFO] CADModel:165 - CPN selected for project level
2025-12-29 22:56:09,215 [INFO] CADModel:114 - Register for checkConnection events
2025-12-29 22:56:09,215 [FATAL] Updater:351 - Updater called before beeing initialized
2025-12-29 22:56:09,215 [ERROR] CADModel:125 - Updater not yet initialized, retry later 
2025-12-29 22:56:09,223 [FATAL] Updater:351 - Updater called before beeing initialized
2025-12-29 22:56:09,437 [FATAL] Updater:351 - Updater called before beeing initialized
2025-12-29 22:56:09,467 [INFO] DbMcusAds:53 - JSON generation date=Tue Dec 16 04:41:46 IST 2025 (1765840306612)
2025-12-29 22:56:09,468 [FATAL] Updater:351 - Updater called before beeing initialized
2025-12-29 22:56:09,534 [WARN] DetailPanel:346 - Failed to get advertising image, set to default
2025-12-29 22:56:09,674 [FATAL] Updater:351 - Updater called before beeing initialized
2025-12-29 22:56:09,681 [FATAL] Updater:351 - Updater called before beeing initialized
2025-12-29 22:56:09,682 [FATAL] Updater:351 - Updater called before beeing initialized
2025-12-29 22:56:09,682 [WARN] DetailPanel:346 - Failed to get advertising image, set to default
2025-12-29 22:56:09,684 [FATAL] Updater:351 - Updater called before beeing initialized
2025-12-29 22:56:09,788 [ERROR] Updater:1198 - MainUpdater not yet initialized. External WinMGr cannot be set.
2025-12-29 22:56:09,796 [INFO] Updater:1134 - Updater Version found : 6.15.0
2025-12-29 22:56:09,827 [INFO] ApplicationProperties:184 - Using Application install path: C:\ST\STM32CubeIDE_1.19.0\STM32CubeIDE\plugins\com.st.stm32cube.common.mx_6.15.0.202507011659
2025-12-29 22:56:11,440 [ERROR] LogOutputStream:75 - [STDERR_REDIRECT] Dec 29, 2025 10:56:11 PM java.util.prefs.WindowsPreferences <init>
2025-12-29 22:56:11,441 [ERROR] LogOutputStream:75 - [STDERR_REDIRECT] WARNING: Could not open/create prefs root node Software\JavaSoft\Prefs at root 0xffffffff80000002. Windows RegCreateKeyEx(...) returned error code 5.
2025-12-29 22:56:11,442 [ERROR] LogOutputStream:75 - [STDERR_REDIRECT] 
2025-12-29 22:56:11,617 [FATAL] Updater:351 - Updater called before beeing initialized
2025-12-29 22:56:11,618 [ERROR] IntegrityCheckThread:130 - Cannot retrieve database content from updater: error 21
2025-12-29 22:56:11,619 [INFO] ThirdParty:978 - Integrity check success = false
2025-12-29 22:56:11,619 [INFO] IntegrityCheckThread:100 - exiting critical section [integrity check]
2025-12-29 22:56:11,619 [INFO] IntegrityCheckThread:103 - End integrity checks thread
2025-12-29 22:56:12,623 [INFO] MainUpdater:2872 - connection check result : 10
2025-12-29 22:56:12,624 [INFO] MainUpdater:289 - Updater Check For Update Now.
2025-12-29 22:56:12,624 [INFO] MicroXplorer:498 - Change Database Version : DB.6.0.150
2025-12-29 22:56:12,636 [INFO] McuFinderGlobals:63 - Set McuFinder mode to 2 (CubeIDE integrated)
2025-12-29 22:56:12,638 [INFO] UserAuth:487 - Internet connection configuration mode: 1
2025-12-29 22:56:12,666 [INFO] JxBrowserEngine:152 - Initiate JxBrowser Engine with user profile folder
2025-12-29 22:56:12,857 [INFO] CheckServerUpdateThread:120 - End of CheckServer Thread
2025-12-29 22:56:13,533 [INFO] WebApp:169 - Instantiating new browser for Auth
2025-12-29 22:56:14,365 [INFO] WebApp:463 - Apply proxy settings
2025-12-29 22:56:14,366 [INFO] WebApp:548 - Chromium requires no authentication
2025-12-29 22:56:14,371 [INFO] WebApp:491 - Direct internet connection detected
2025-12-29 22:56:14,392 [INFO] WebApp:900 - Register for checkConnection events
2025-12-29 22:56:14,393 [INFO] WebApp:463 - Apply proxy settings
2025-12-29 22:56:14,393 [INFO] WebApp:548 - Chromium requires no authentication
2025-12-29 22:56:14,395 [INFO] WebApp:491 - Direct internet connection detected
2025-12-29 22:56:14,520 [INFO] WebApp:225 - Starting web application
2025-12-29 22:56:14,520 [INFO] WebApp:593 - Web application path used C:\ST\STM32CubeIDE_1.19.0\STM32CubeIDE\plugins\com.st.stm32cube.common.mx_6.15.0.202507011659\db\plugins\mcufinder\reactClient1\index.html
2025-12-29 22:56:14,598 [INFO] UserAuth:487 - Internet connection configuration mode: 1
2025-12-29 22:56:14,909 [INFO] WebApp:191 - Connection restablished
2025-12-29 22:57:44,276 [ERROR] LogOutputStream:75 - [STDERR_REDIRECT] 
