2025-12-15 09:54:38,151 [INFO] Activator:176 - 


2025-12-15 09:54:38,153 [INFO] Activator:177 - !SESSION log4j initialized
2025-12-15 09:54:42,078 [INFO] LogOutputStream:77 - [STDOUT_REDIRECT] 
2025-12-15 09:54:44,892 [INFO] ApplicationProperties:184 - Using Application install path: C:\ST\STM32CubeIDE_1.19.0\STM32CubeIDE\plugins\com.st.stm32cube.common.mx_6.15.0.202507011659
2025-12-15 09:54:44,926 [INFO] DbMcusXml:78 - Set database path to: C:\ST\STM32CubeIDE_1.19.0\STM32CubeIDE\plugins\com.st.stm32cube.common.mx_6.15.0.202507011659\\db\/mcu/
2025-12-15 09:54:44,926 [INFO] ApiDb:274 - Set plugin database path to: C:\ST\STM32CubeIDE_1.19.0\STM32CubeIDE\plugins\com.st.stm32cube.common.mx_6.15.0.202507011659\\db\/plugins/boardmanager/
2025-12-15 09:54:44,927 [WARN] ApiDb:259 - Overriding images path with different value:  => C:\ST\STM32CubeIDE_1.19.0\STM32CubeIDE\plugins\com.st.stm32cube.common.mx_6.15.0.202507011659\\db\/plugins/mcufinder/images/
2025-12-15 09:54:44,940 [INFO] ApiDb:250 - Set database path to: C:\Users\aditi\.stmcufinder\plugins\mcufinder//mcu/
2025-12-15 09:54:44,941 [INFO] DbMcusAds:125 - Set database path to: C:\Users\aditi\.stmcufinder\plugins\mcufinder//mcu/
2025-12-15 09:54:44,945 [INFO] CrossReferenceDbSqlite:203 - Set database path to: C:\Users\aditi\.stmcufinder\plugins\mcufinder//mcu/cs/
2025-12-15 09:54:45,206 [INFO] RulesReader:64 - Compatibility file has been processed (317 Rules)
2025-12-15 09:54:45,365 [INFO] DbMcusXml:78 - Set database path to: C:\ST\STM32CubeIDE_1.19.0\STM32CubeIDE\plugins\com.st.stm32cube.common.mx_6.15.0.202507011659\\db\/mcu/
2025-12-15 09:54:45,365 [INFO] ApiDb:274 - Set plugin database path to: C:\ST\STM32CubeIDE_1.19.0\STM32CubeIDE\plugins\com.st.stm32cube.common.mx_6.15.0.202507011659\\db\/plugins/boardmanager/
2025-12-15 09:54:45,365 [INFO] ApiDb:261 - Set plugin images path to: C:\ST\STM32CubeIDE_1.19.0\STM32CubeIDE\plugins\com.st.stm32cube.common.mx_6.15.0.202507011659\\db\/plugins/mcufinder/images/
2025-12-15 09:54:45,366 [WARN] DbFile:41 - Overriding database path with different value: C:\Users\aditi\.stmcufinder\plugins\mcufinder/ => C:\Users\aditi\.stmcufinder\plugins\mcufinder
2025-12-15 09:54:45,368 [INFO] ApiDb:250 - Set database path to: C:\Users\aditi\.stmcufinder\plugins\mcufinder//mcu/
2025-12-15 09:54:45,368 [WARN] DbFile:41 - Overriding database path with different value: C:\Users\aditi\.stmcufinder\plugins\mcufinder/ => C:\Users\aditi\.stmcufinder\plugins\mcufinder
2025-12-15 09:54:45,368 [INFO] DbMcusAds:125 - Set database path to: C:\Users\aditi\.stmcufinder\plugins\mcufinder//mcu/
2025-12-15 09:54:45,368 [WARN] DbFile:41 - Overriding database path with different value: C:\Users\aditi\.stmcufinder\plugins\mcufinder/ => C:\Users\aditi\.stmcufinder\plugins\mcufinder
2025-12-15 09:54:45,369 [WARN] DbFile:41 - Overriding database path with different value: C:\Users\aditi\.stmcufinder\plugins\mcufinder/ => C:\Users\aditi\.stmcufinder\plugins\mcufinder
2025-12-15 09:54:45,369 [INFO] CrossReferenceDbSqlite:203 - Set database path to: C:\Users\aditi\.stmcufinder\plugins\mcufinder//mcu/cs/
2025-12-15 09:54:45,543 [INFO] MainPanel:274 - HeapMemory: 268435456
2025-12-15 09:54:45,726 [INFO] DbMcusXml:78 - Set database path to: C:\ST\STM32CubeIDE_1.19.0\STM32CubeIDE\plugins\com.st.stm32cube.common.mx_6.15.0.202507011659\\db\/mcu/
2025-12-15 09:54:45,726 [INFO] ApiDb:274 - Set plugin database path to: C:\ST\STM32CubeIDE_1.19.0\STM32CubeIDE\plugins\com.st.stm32cube.common.mx_6.15.0.202507011659\\db\/plugins/boardmanager/
2025-12-15 09:54:45,726 [INFO] ApiDb:261 - Set plugin images path to: C:\ST\STM32CubeIDE_1.19.0\STM32CubeIDE\plugins\com.st.stm32cube.common.mx_6.15.0.202507011659\\db\/plugins/mcufinder/images/
2025-12-15 09:54:45,727 [WARN] DbFile:41 - Overriding database path with different value: C:\Users\aditi\.stmcufinder\plugins\mcufinder/ => C:\Users\aditi\.stmcufinder\plugins\mcufinder
2025-12-15 09:54:45,727 [INFO] ApiDb:250 - Set database path to: C:\Users\aditi\.stmcufinder\plugins\mcufinder//mcu/
2025-12-15 09:54:45,727 [WARN] DbFile:41 - Overriding database path with different value: C:\Users\aditi\.stmcufinder\plugins\mcufinder/ => C:\Users\aditi\.stmcufinder\plugins\mcufinder
2025-12-15 09:54:45,727 [INFO] DbMcusAds:125 - Set database path to: C:\Users\aditi\.stmcufinder\plugins\mcufinder//mcu/
2025-12-15 09:54:45,727 [WARN] DbFile:41 - Overriding database path with different value: C:\Users\aditi\.stmcufinder\plugins\mcufinder/ => C:\Users\aditi\.stmcufinder\plugins\mcufinder
2025-12-15 09:54:45,728 [WARN] DbFile:41 - Overriding database path with different value: C:\Users\aditi\.stmcufinder\plugins\mcufinder/ => C:\Users\aditi\.stmcufinder\plugins\mcufinder
2025-12-15 09:54:45,728 [INFO] CrossReferenceDbSqlite:203 - Set database path to: C:\Users\aditi\.stmcufinder\plugins\mcufinder//mcu/cs/
2025-12-15 09:54:45,759 [INFO] ApplicationProperties:184 - Using Application install path: C:\ST\STM32CubeIDE_1.19.0\STM32CubeIDE\plugins\com.st.stm32cube.common.mx_6.15.0.202507011659
2025-12-15 09:54:45,761 [INFO] PluginManage:196 - Search for loadable plugins [exclusion list=, ]
2025-12-15 09:54:45,763 [INFO] PluginManage:310 - Check plugin analytics
2025-12-15 09:54:46,156 [INFO] AnalyticsPlugin:253 - Accepted Software Licenses: 
2025-12-15 09:54:46,156 [INFO] AnalyticsPlugin:255 - Accepted CMSIS Pack Licenses: 
2025-12-15 09:54:46,157 [INFO] AnalyticsPlugin:257 - Accepted Firmware Licenses: 
2025-12-15 09:54:46,161 [INFO] PluginManage:359 - Loaded plugin analytics (category:tool,tabindex:-1)
2025-12-15 09:54:46,162 [INFO] PluginManage:310 - Check plugin cadmodel
2025-12-15 09:54:46,173 [INFO] CADModel:105 - Init CAD model plugin
2025-12-15 09:54:46,173 [INFO] PluginManage:359 - Loaded plugin cadmodel (category:power,tabindex:5)
2025-12-15 09:54:46,173 [INFO] PluginManage:310 - Check plugin clock
2025-12-15 09:54:46,192 [INFO] PluginManage:359 - Loaded plugin clock (category:base,tabindex:2)
2025-12-15 09:54:46,192 [INFO] PluginManage:310 - Check plugin ddr
2025-12-15 09:54:46,198 [INFO] PluginManage:359 - Loaded plugin ddr (category:tool,tabindex:6)
2025-12-15 09:54:46,199 [INFO] PluginManage:310 - Check plugin filemanager
2025-12-15 09:54:46,477 [INFO] PluginManage:359 - Loaded plugin filemanager (category:base,tabindex:10)
2025-12-15 09:54:46,478 [INFO] PluginManage:310 - Check plugin ipmanager
2025-12-15 09:54:46,489 [INFO] PluginManage:359 - Loaded plugin ipmanager (category:base,tabindex:5)
2025-12-15 09:54:46,490 [INFO] PluginManage:310 - Check plugin lpbam
2025-12-15 09:54:46,502 [INFO] PluginManage:359 - Loaded plugin lpbam (category:base,tabindex:0)
2025-12-15 09:54:46,503 [INFO] PluginManage:310 - Check plugin memorymap
2025-12-15 09:54:46,525 [INFO] PluginManage:359 - Loaded plugin memorymap (category:base,tabindex:4)
2025-12-15 09:54:46,525 [INFO] PluginManage:310 - Check plugin pinoutandconfiguration
2025-12-15 09:54:46,541 [INFO] PluginManage:359 - Loaded plugin pinoutandconfiguration (category:base,tabindex:1)
2025-12-15 09:54:46,542 [INFO] PluginManage:310 - Check plugin pinoutconfig
2025-12-15 09:54:46,669 [WARN] SupportedApi:132 - Cannot load RTOS API schema: s4s-elt-must-match.1: The content of 'definitions' must match (annotation?, (simpleType | complexType)?, (unique | key | keyref)*)). A problem was found starting at: attribute.
2025-12-15 09:54:46,886 [INFO] PluginManage:359 - Loaded plugin pinoutconfig (category:base,tabindex:0)
2025-12-15 09:54:46,886 [INFO] PluginManage:310 - Check plugin power
2025-12-15 09:54:46,901 [INFO] PluginManage:359 - Loaded plugin power (category:power,tabindex:4)
2025-12-15 09:54:46,901 [INFO] PluginManage:310 - Check plugin projectmanager
2025-12-15 09:54:46,955 [INFO] PluginManage:359 - Loaded plugin projectmanager (category:projectmanager,tabindex:4)
2025-12-15 09:54:46,955 [INFO] PluginManage:310 - Check plugin rif
2025-12-15 09:54:46,973 [INFO] PluginManage:359 - Loaded plugin rif (category:base,tabindex:3)
2025-12-15 09:54:46,973 [INFO] PluginManage:310 - Check plugin thirdparty
2025-12-15 09:54:47,299 [INFO] PluginManage:359 - Loaded plugin thirdparty (category:base,tabindex:-1)
2025-12-15 09:54:47,299 [INFO] PluginManage:310 - Check plugin tools
2025-12-15 09:54:47,300 [WARN] IntegrityCheckThread:84 - waiting for thirdparty lock release [integrity check]
2025-12-15 09:54:47,301 [INFO] IntegrityCheckThread:86 - entering critical section [integrity check]
2025-12-15 09:54:47,302 [INFO] ThirdPartyUpdaterWithRetryManager:70 - Updater plugin not ready yet. [1/15]
2025-12-15 09:54:47,304 [INFO] PluginManage:359 - Loaded plugin tools (category:base,tabindex:7)
2025-12-15 09:54:47,304 [INFO] PluginManage:310 - Check plugin tutovideos
2025-12-15 09:54:47,770 [INFO] PluginManage:359 - Loaded plugin tutovideos (category:base,tabindex:-1)
2025-12-15 09:54:47,771 [INFO] PluginManage:310 - Check plugin updater
2025-12-15 09:54:47,805 [INFO] PluginManage:359 - Loaded plugin updater (category:base,tabindex:12)
2025-12-15 09:54:47,806 [INFO] PluginManage:310 - Check plugin userauth
2025-12-15 09:54:47,812 [INFO] UserAuth:118 - Init User Auth plugin
2025-12-15 09:54:47,812 [INFO] PluginManage:359 - Loaded plugin userauth (category:base,tabindex:14)
2025-12-15 09:54:47,813 [INFO] PluginManage:283 - PluginManage : Loaded plugins [18]
2025-12-15 09:54:48,106 [INFO] PinOutPanel:1589 - setPackage(No Configuration,No Configuration)
2025-12-15 09:54:48,254 [INFO] CADModel:165 - CPN selected for project level
2025-12-15 09:54:48,254 [INFO] CADModel:114 - Register for checkConnection events
2025-12-15 09:54:48,280 [INFO] IPUIPlugin:80 - create IPUIPlugin
2025-12-15 09:54:48,281 [INFO] PluginManager:220 - loadIPPluginJar : add adc
2025-12-15 09:54:48,286 [INFO] IPUIPlugin:80 - create IPUIPlugin
2025-12-15 09:54:48,286 [INFO] PluginManager:220 - loadIPPluginJar : add aes
2025-12-15 09:54:48,291 [INFO] IPUIPlugin:80 - create IPUIPlugin
2025-12-15 09:54:48,291 [INFO] PluginManager:220 - loadIPPluginJar : add can
2025-12-15 09:54:48,294 [INFO] IPUIPlugin:80 - create IPUIPlugin
2025-12-15 09:54:48,294 [INFO] PluginManager:220 - loadIPPluginJar : add comp
2025-12-15 09:54:48,298 [INFO] IPUIPlugin:80 - create IPUIPlugin
2025-12-15 09:54:48,299 [INFO] PluginManager:220 - loadIPPluginJar : add cryp
2025-12-15 09:54:48,305 [INFO] IPUIPlugin:80 - create IPUIPlugin
2025-12-15 09:54:48,305 [INFO] PluginManager:220 - loadIPPluginJar : add ddr_ctrl_phy
2025-12-15 09:54:48,309 [INFO] IPUIPlugin:80 - create IPUIPlugin
2025-12-15 09:54:48,309 [INFO] PluginManager:220 - loadIPPluginJar : add dfsdm
2025-12-15 09:54:48,321 [INFO] IPUIPlugin:80 - create IPUIPlugin
2025-12-15 09:54:48,322 [INFO] PluginManager:220 - loadIPPluginJar : add dma
2025-12-15 09:54:48,337 [INFO] IPUIPlugin:80 - create IPUIPlugin
2025-12-15 09:54:48,337 [INFO] PluginManager:220 - loadIPPluginJar : add dma3
2025-12-15 09:54:48,347 [INFO] IPUIPlugin:80 - create IPUIPlugin
2025-12-15 09:54:48,347 [INFO] PluginManager:220 - loadIPPluginJar : add extmemmanager
2025-12-15 09:54:48,355 [INFO] IPUIPlugin:80 - create IPUIPlugin
2025-12-15 09:54:48,355 [INFO] PluginManager:220 - loadIPPluginJar : add fatfs
2025-12-15 09:54:48,375 [INFO] IPUIPlugin:80 - create IPUIPlugin
2025-12-15 09:54:48,375 [INFO] PluginManager:220 - loadIPPluginJar : add fmc
2025-12-15 09:54:48,392 [INFO] IPUIPlugin:80 - create IPUIPlugin
2025-12-15 09:54:48,392 [INFO] PluginManager:220 - loadIPPluginJar : add freertos
2025-12-15 09:54:48,396 [INFO] IPUIPlugin:80 - create IPUIPlugin
2025-12-15 09:54:48,396 [INFO] PluginManager:220 - loadIPPluginJar : add genericplugin
2025-12-15 09:54:48,410 [INFO] IPUIPlugin:80 - create IPUIPlugin
2025-12-15 09:54:48,410 [INFO] PluginManager:220 - loadIPPluginJar : add gfxmmu
2025-12-15 09:54:48,428 [INFO] IPUIPlugin:80 - create IPUIPlugin
2025-12-15 09:54:48,429 [INFO] PluginManager:220 - loadIPPluginJar : add gic
2025-12-15 09:54:48,440 [INFO] IPUIPlugin:80 - create IPUIPlugin
2025-12-15 09:54:48,441 [INFO] PluginManager:220 - loadIPPluginJar : add gpio
2025-12-15 09:54:48,447 [INFO] IPUIPlugin:80 - create IPUIPlugin
2025-12-15 09:54:48,447 [INFO] PluginManager:220 - loadIPPluginJar : add gtzc
2025-12-15 09:54:48,454 [INFO] IPUIPlugin:80 - create IPUIPlugin
2025-12-15 09:54:48,455 [INFO] PluginManager:220 - loadIPPluginJar : add hash
2025-12-15 09:54:48,463 [INFO] IPUIPlugin:80 - create IPUIPlugin
2025-12-15 09:54:48,463 [INFO] PluginManager:220 - loadIPPluginJar : add i2c
2025-12-15 09:54:48,475 [INFO] IPUIPlugin:80 - create IPUIPlugin
2025-12-15 09:54:48,476 [INFO] PluginManager:220 - loadIPPluginJar : add i2s
2025-12-15 09:54:48,484 [INFO] IPUIPlugin:80 - create IPUIPlugin
2025-12-15 09:54:48,484 [INFO] PluginManager:220 - loadIPPluginJar : add i3c
2025-12-15 09:54:48,490 [INFO] IPUIPlugin:80 - create IPUIPlugin
2025-12-15 09:54:48,490 [INFO] PluginManager:220 - loadIPPluginJar : add ipddr
2025-12-15 09:54:48,509 [INFO] IPUIPlugin:80 - create IPUIPlugin
2025-12-15 09:54:48,510 [INFO] PluginManager:220 - loadIPPluginJar : add linkedlist
2025-12-15 09:54:48,517 [INFO] IPUIPlugin:80 - create IPUIPlugin
2025-12-15 09:54:48,517 [INFO] PluginManager:220 - loadIPPluginJar : add lorawan
2025-12-15 09:54:48,521 [INFO] IPUIPlugin:80 - create IPUIPlugin
2025-12-15 09:54:48,521 [INFO] PluginManager:220 - loadIPPluginJar : add ltdc
2025-12-15 09:54:48,529 [INFO] IPUIPlugin:80 - create IPUIPlugin
2025-12-15 09:54:48,530 [INFO] PluginManager:220 - loadIPPluginJar : add mdma
2025-12-15 09:54:48,536 [INFO] IPUIPlugin:80 - create IPUIPlugin
2025-12-15 09:54:48,536 [INFO] PluginManager:220 - loadIPPluginJar : add nvic
2025-12-15 09:54:48,540 [INFO] IPUIPlugin:80 - create IPUIPlugin
2025-12-15 09:54:48,540 [INFO] PluginManager:220 - loadIPPluginJar : add opamp
2025-12-15 09:54:48,544 [INFO] IPUIPlugin:80 - create IPUIPlugin
2025-12-15 09:54:48,544 [INFO] PluginManager:220 - loadIPPluginJar : add openamp
2025-12-15 09:54:48,549 [INFO] IPUIPlugin:80 - create IPUIPlugin
2025-12-15 09:54:48,549 [INFO] PluginManager:220 - loadIPPluginJar : add pdm2pcm
2025-12-15 09:54:48,557 [INFO] IPUIPlugin:80 - create IPUIPlugin
2025-12-15 09:54:48,560 [INFO] PluginManager:220 - loadIPPluginJar : add plateformsettings
2025-12-15 09:54:48,562 [INFO] IPUIPlugin:80 - create IPUIPlugin
2025-12-15 09:54:48,562 [INFO] PluginManager:220 - loadIPPluginJar : add quadspi
2025-12-15 09:54:48,566 [INFO] IPUIPlugin:80 - create IPUIPlugin
2025-12-15 09:54:48,568 [INFO] PluginManager:220 - loadIPPluginJar : add radio
2025-12-15 09:54:48,574 [INFO] IPUIPlugin:80 - create IPUIPlugin
2025-12-15 09:54:48,574 [INFO] PluginManager:220 - loadIPPluginJar : add resmgrutility
2025-12-15 09:54:48,578 [INFO] IPUIPlugin:80 - create IPUIPlugin
2025-12-15 09:54:48,578 [INFO] PluginManager:220 - loadIPPluginJar : add sai
2025-12-15 09:54:48,583 [INFO] IPUIPlugin:80 - create IPUIPlugin
2025-12-15 09:54:48,583 [INFO] PluginManager:220 - loadIPPluginJar : add spi
2025-12-15 09:54:48,590 [INFO] IPUIPlugin:80 - create IPUIPlugin
2025-12-15 09:54:48,590 [INFO] PluginManager:220 - loadIPPluginJar : add stm32_wpan
2025-12-15 09:54:48,593 [INFO] IPUIPlugin:80 - create IPUIPlugin
2025-12-15 09:54:48,593 [INFO] PluginManager:220 - loadIPPluginJar : add tim
2025-12-15 09:54:48,598 [INFO] IPUIPlugin:80 - create IPUIPlugin
2025-12-15 09:54:48,599 [INFO] PluginManager:220 - loadIPPluginJar : add touchsensing
2025-12-15 09:54:48,602 [INFO] IPUIPlugin:80 - create IPUIPlugin
2025-12-15 09:54:48,602 [INFO] PluginManager:220 - loadIPPluginJar : add tracer_emb
2025-12-15 09:54:48,605 [INFO] IPUIPlugin:80 - create IPUIPlugin
2025-12-15 09:54:48,605 [INFO] PluginManager:220 - loadIPPluginJar : add ts
2025-12-15 09:54:48,608 [INFO] IPUIPlugin:80 - create IPUIPlugin
2025-12-15 09:54:48,608 [INFO] PluginManager:220 - loadIPPluginJar : add tsc
2025-12-15 09:54:48,611 [INFO] IPUIPlugin:80 - create IPUIPlugin
2025-12-15 09:54:48,612 [INFO] PluginManager:220 - loadIPPluginJar : add ucpd
2025-12-15 09:54:48,615 [INFO] IPUIPlugin:80 - create IPUIPlugin
2025-12-15 09:54:48,616 [INFO] PluginManager:220 - loadIPPluginJar : add usart
2025-12-15 09:54:48,621 [INFO] IPUIPlugin:80 - create IPUIPlugin
2025-12-15 09:54:48,621 [INFO] PluginManager:220 - loadIPPluginJar : add usbx
2025-12-15 09:54:48,863 [FATAL] Updater:351 - Updater called before beeing initialized
2025-12-15 09:54:48,921 [INFO] RulesReader:64 - Compatibility file has been processed (317 Rules)
2025-12-15 09:54:48,974 [INFO] RulesReader:64 - Compatibility file has been processed (317 Rules)
2025-12-15 09:54:48,998 [INFO] CADModel:165 - CPN selected for project level
2025-12-15 09:54:48,999 [INFO] CADModel:114 - Register for checkConnection events
2025-12-15 09:54:48,999 [FATAL] Updater:351 - Updater called before beeing initialized
2025-12-15 09:54:48,999 [ERROR] CADModel:125 - Updater not yet initialized, retry later 
2025-12-15 09:54:49,200 [FATAL] Updater:351 - Updater called before beeing initialized
2025-12-15 09:54:49,202 [INFO] CADModel:165 - CPN selected for project level
2025-12-15 09:54:49,202 [INFO] CADModel:114 - Register for checkConnection events
2025-12-15 09:54:49,202 [FATAL] Updater:351 - Updater called before beeing initialized
2025-12-15 09:54:49,202 [ERROR] CADModel:125 - Updater not yet initialized, retry later 
2025-12-15 09:54:49,205 [FATAL] Updater:351 - Updater called before beeing initialized
2025-12-15 09:54:49,334 [FATAL] Updater:351 - Updater called before beeing initialized
2025-12-15 09:54:49,337 [INFO] DbMcusAds:53 - JSON generation date=Thu Sep 30 12:25:09 IST 2021 (1632984909247)
2025-12-15 09:54:49,338 [FATAL] Updater:351 - Updater called before beeing initialized
2025-12-15 09:54:49,383 [WARN] DetailPanel:346 - Failed to get advertising image, set to default
2025-12-15 09:54:49,471 [FATAL] Updater:351 - Updater called before beeing initialized
2025-12-15 09:54:49,473 [FATAL] Updater:351 - Updater called before beeing initialized
2025-12-15 09:54:49,473 [FATAL] Updater:351 - Updater called before beeing initialized
2025-12-15 09:54:49,473 [WARN] DetailPanel:346 - Failed to get advertising image, set to default
2025-12-15 09:54:49,474 [FATAL] Updater:351 - Updater called before beeing initialized
2025-12-15 09:54:49,539 [ERROR] Updater:1198 - MainUpdater not yet initialized. External WinMGr cannot be set.
2025-12-15 09:54:49,542 [INFO] Updater:1134 - Updater Version found : 6.15.0
2025-12-15 09:54:49,573 [INFO] ApplicationProperties:184 - Using Application install path: C:\ST\STM32CubeIDE_1.19.0\STM32CubeIDE\plugins\com.st.stm32cube.common.mx_6.15.0.202507011659
2025-12-15 09:54:50,315 [INFO] ThirdPartyUpdaterWithRetryManager:70 - Updater plugin not ready yet. [2/15]
2025-12-15 09:54:51,181 [ERROR] LogOutputStream:75 - [STDERR_REDIRECT] Dec 15, 2025 9:54:51 AM java.util.prefs.WindowsPreferences <init>
2025-12-15 09:54:51,182 [ERROR] LogOutputStream:75 - [STDERR_REDIRECT] WARNING: Could not open/create prefs root node Software\JavaSoft\Prefs at root 0xffffffff80000002. Windows RegCreateKeyEx(...) returned error code 5.
2025-12-15 09:54:51,182 [ERROR] LogOutputStream:75 - [STDERR_REDIRECT] 
2025-12-15 09:54:53,353 [FATAL] Updater:351 - Updater called before beeing initialized
2025-12-15 09:54:53,357 [ERROR] IntegrityCheckThread:130 - Cannot retrieve database content from updater: error 21
2025-12-15 09:54:53,357 [INFO] ThirdParty:978 - Integrity check success = false
2025-12-15 09:54:53,357 [INFO] IntegrityCheckThread:100 - exiting critical section [integrity check]
2025-12-15 09:54:53,357 [INFO] IntegrityCheckThread:103 - End integrity checks thread
2025-12-15 09:54:53,472 [INFO] MainUpdater:2872 - connection check result : 10
2025-12-15 09:54:53,472 [INFO] MainUpdater:3604 - Updater definition file requires update
2025-12-15 09:54:53,473 [INFO] MainUpdater:289 - Updater Check For Update Now.
2025-12-15 09:54:53,474 [INFO] MicroXplorer:498 - Change Database Version : DB.6.0.150
2025-12-15 09:54:53,493 [INFO] McuFinderGlobals:63 - Set McuFinder mode to 2 (CubeIDE integrated)
2025-12-15 09:54:53,493 [INFO] UserAuth:171 - activating auth plugin
2025-12-15 09:54:53,498 [INFO] UserAuth:487 - Internet connection configuration mode: 1
2025-12-15 09:54:53,529 [INFO] JxBrowserEngine:152 - Initiate JxBrowser Engine with user profile folder
2025-12-15 09:54:53,669 [INFO] ServerAccessManage:452 - Complete download http(s) 200
2025-12-15 09:54:53,670 [INFO] ServerAccessManage:509 - Download File updaters.zip
2025-12-15 09:54:54,213 [INFO] FileExtend:248 - Unzip File : updaters.zip
2025-12-15 09:54:54,213 [INFO] FileExtend:263 - Standard Zip Deflate
2025-12-15 09:54:55,010 [INFO] WebApp:169 - Instantiating new browser for Auth
2025-12-15 09:54:55,917 [INFO] WebApp:463 - Apply proxy settings
2025-12-15 09:54:55,918 [INFO] WebApp:548 - Chromium requires no authentication
2025-12-15 09:54:55,928 [INFO] WebApp:491 - Direct internet connection detected
2025-12-15 09:54:55,957 [INFO] WebApp:900 - Register for checkConnection events
2025-12-15 09:54:55,957 [INFO] WebApp:463 - Apply proxy settings
2025-12-15 09:54:55,957 [INFO] WebApp:548 - Chromium requires no authentication
2025-12-15 09:54:55,959 [INFO] WebApp:491 - Direct internet connection detected
2025-12-15 09:54:56,202 [INFO] WebApp:225 - Starting web application
2025-12-15 09:54:56,202 [INFO] WebApp:593 - Web application path used C:\ST\STM32CubeIDE_1.19.0\STM32CubeIDE\plugins\com.st.stm32cube.common.mx_6.15.0.202507011659\db\plugins\mcufinder\reactClient1\index.html
2025-12-15 09:54:56,883 [INFO] WebApp:191 - Connection restablished
2025-12-15 09:55:08,604 [INFO] ServerAccessManage:452 - Complete download http(s) 200
2025-12-15 09:55:08,605 [INFO] ServerAccessManage:509 - Download File PacksControlFlags.xml
2025-12-15 09:55:09,023 [INFO] ServerAccessManage:452 - Complete download http(s) 200
2025-12-15 09:55:09,024 [INFO] ServerAccessManage:509 - Download File cubemx.pidx
2025-12-15 09:55:09,744 [INFO] ServerAccessManage:452 - Complete download http(s) 200
2025-12-15 09:55:09,744 [INFO] ServerAccessManage:509 - Download File STMicroelectronics.FP-ATR-ASTRA1.pdsc
2025-12-15 09:55:11,849 [INFO] ServerAccessManage:452 - Complete download http(s) 200
2025-12-15 09:55:11,850 [INFO] ServerAccessManage:509 - Download File STMicroelectronics.FP-ATR-SIGFOX1.pdsc
2025-12-15 09:55:12,955 [INFO] ServerAccessManage:452 - Complete download http(s) 200
2025-12-15 09:55:12,955 [INFO] ServerAccessManage:509 - Download File STMicroelectronics.FP-SNS-STBOX1.pdsc
2025-12-15 09:55:14,513 [INFO] ServerAccessManage:452 - Complete download http(s) 200
2025-12-15 09:55:14,513 [INFO] ServerAccessManage:509 - Download File STMicroelectronics.FP-SNS-FLIGHT1.pdsc
2025-12-15 09:55:20,910 [INFO] ServerAccessManage:452 - Complete download http(s) 200
2025-12-15 09:55:20,911 [INFO] ServerAccessManage:509 - Download File STMicroelectronics.FP-SNS-MOTENV1.pdsc
2025-12-15 09:55:21,888 [INFO] ServerAccessManage:452 - Complete download http(s) 200
2025-12-15 09:55:21,889 [INFO] ServerAccessManage:509 - Download File STMicroelectronics.FP-SNS-MOTENVWB1.pdsc
2025-12-15 09:55:23,623 [INFO] ServerAccessManage:452 - Complete download http(s) 200
2025-12-15 09:55:23,624 [INFO] ServerAccessManage:509 - Download File STMicroelectronics.FP-SNS-SMARTAG2.pdsc
2025-12-15 09:55:24,910 [INFO] ServerAccessManage:452 - Complete download http(s) 200
2025-12-15 09:55:24,910 [INFO] ServerAccessManage:509 - Download File STMicroelectronics.FP-SNS-STAIOTCFT.pdsc
2025-12-15 09:55:25,307 [INFO] ServerAccessManage:452 - Complete download http(s) 200
2025-12-15 09:55:25,307 [INFO] ServerAccessManage:509 - Download File STMicroelectronics.X-CUBE-AI.pdsc
2025-12-15 09:55:39,082 [INFO] ServerAccessManage:452 - Complete download http(s) 200
2025-12-15 09:55:39,082 [INFO] ServerAccessManage:509 - Download File STMicroelectronics.X-CUBE-ALS.pdsc
2025-12-15 09:55:40,385 [INFO] ServerAccessManage:452 - Complete download http(s) 200
2025-12-15 09:55:40,386 [INFO] ServerAccessManage:509 - Download File STMicroelectronics.X-CUBE-BLE1.pdsc
2025-12-15 09:55:42,809 [ERROR] ServerAccessManage:1212 - Problem, file not found on Server
2025-12-15 09:55:42,942 [INFO] ServerAccessManage:452 - Complete download http(s) 200
2025-12-15 09:55:42,944 [INFO] ServerAccessManage:509 - Download File STMicroelectronics.X-CUBE-BLE2.pdsc
2025-12-15 09:55:43,665 [INFO] ServerAccessManage:452 - Complete download http(s) 200
2025-12-15 09:55:43,670 [INFO] ServerAccessManage:509 - Download File STMicroelectronics.X-CUBE-BLEMGR.pdsc
2025-12-15 09:55:44,967 [ERROR] ServerAccessManage:1212 - Problem, file not found on Server
2025-12-15 09:55:46,527 [INFO] ServerAccessManage:452 - Complete download http(s) 200
2025-12-15 09:55:46,527 [INFO] ServerAccessManage:509 - Download File STMicroelectronics.X-CUBE-DISPLAY.pdsc
2025-12-15 09:55:47,388 [INFO] ServerAccessManage:452 - Complete download http(s) 200
2025-12-15 09:55:47,389 [INFO] ServerAccessManage:509 - Download File STMicroelectronics.X-CUBE-DPOWER.pdsc
2025-12-15 09:55:47,969 [ERROR] ServerAccessManage:1212 - Problem, file not found on Server
2025-12-15 09:55:48,640 [ERROR] ServerAccessManage:1212 - Problem, file not found on Server
2025-12-15 09:55:48,950 [ERROR] ServerAccessManage:1212 - Problem, file not found on Server
2025-12-15 09:55:49,497 [ERROR] ServerAccessManage:1212 - Problem, file not found on Server
2025-12-15 09:55:49,777 [ERROR] ServerAccessManage:1212 - Problem, file not found on Server
2025-12-15 09:55:50,082 [ERROR] ServerAccessManage:1212 - Problem, file not found on Server
2025-12-15 09:55:50,287 [ERROR] ServerAccessManage:1212 - Problem, file not found on Server
2025-12-15 09:55:50,823 [ERROR] ServerAccessManage:1212 - Problem, file not found on Server
2025-12-15 09:55:51,613 [ERROR] ServerAccessManage:1212 - Problem, file not found on Server
2025-12-15 09:55:52,155 [ERROR] ServerAccessManage:1212 - Problem, file not found on Server
2025-12-15 09:55:52,749 [ERROR] ServerAccessManage:1212 - Problem, file not found on Server
2025-12-15 09:55:52,846 [INFO] ServerAccessManage:452 - Complete download http(s) 200
2025-12-15 09:55:52,846 [INFO] ServerAccessManage:509 - Download File STMicroelectronics.X-CUBE-EEPRMA1.pdsc
2025-12-15 09:55:53,368 [ERROR] ServerAccessManage:1212 - Problem, file not found on Server
2025-12-15 09:55:54,091 [INFO] McuFinderGlobals:63 - Set McuFinder mode to 2 (CubeIDE integrated)
2025-12-15 09:55:54,163 [ERROR] ServerAccessManage:1212 - Problem, file not found on Server
2025-12-15 09:55:54,795 [INFO] ServerAccessManage:452 - Complete download http(s) 200
2025-12-15 09:55:54,795 [INFO] ServerAccessManage:509 - Download File STMicroelectronics.X-CUBE-FREERTOS.pdsc
2025-12-15 09:55:55,578 [INFO] ServerAccessManage:452 - Complete download http(s) 200
2025-12-15 09:55:55,579 [INFO] ServerAccessManage:509 - Download File STMicroelectronics.X-CUBE-GNSS1.pdsc
2025-12-15 09:55:57,577 [ERROR] ServerAccessManage:1212 - Problem, file not found on Server
2025-12-15 09:55:58,077 [ERROR] ServerAccessManage:1212 - Problem, file not found on Server
2025-12-15 09:55:59,002 [ERROR] ServerAccessManage:1212 - Problem, file not found on Server
2025-12-15 09:55:59,704 [ERROR] ServerAccessManage:1212 - Problem, file not found on Server
2025-12-15 09:56:00,212 [ERROR] ServerAccessManage:1212 - Problem, file not found on Server
2025-12-15 09:56:00,484 [ERROR] ServerAccessManage:1212 - Problem, file not found on Server
2025-12-15 09:56:00,615 [INFO] ServerAccessManage:452 - Complete download http(s) 200
2025-12-15 09:56:00,615 [INFO] ServerAccessManage:509 - Download File STMicroelectronics.X-CUBE-ISPU.pdsc
2025-12-15 09:56:01,440 [INFO] ServerAccessManage:452 - Complete download http(s) 200
2025-12-15 09:56:01,440 [INFO] ServerAccessManage:509 - Download File STMicroelectronics.X-CUBE-IPS.pdsc
2025-12-15 09:56:01,948 [INFO] ServerAccessManage:452 - Complete download http(s) 200
2025-12-15 09:56:01,948 [INFO] ServerAccessManage:509 - Download File STMicroelectronics.X-CUBE-MEMS1.pdsc
2025-12-15 09:56:05,402 [INFO] ServerAccessManage:452 - Complete download http(s) 200
2025-12-15 09:56:05,402 [INFO] ServerAccessManage:509 - Download File STMicroelectronics.X-CUBE-NFC4.pdsc
2025-12-15 09:56:06,987 [INFO] ServerAccessManage:452 - Complete download http(s) 200
2025-12-15 09:56:06,987 [INFO] ServerAccessManage:509 - Download File STMicroelectronics.X-CUBE-NFC6.pdsc
2025-12-15 09:56:07,308 [INFO] ServerAccessManage:452 - Complete download http(s) 200
2025-12-15 09:56:07,309 [INFO] ServerAccessManage:509 - Download File STMicroelectronics.X-CUBE-NFC7.pdsc
2025-12-15 09:56:07,625 [INFO] ServerAccessManage:452 - Complete download http(s) 200
2025-12-15 09:56:07,625 [INFO] ServerAccessManage:509 - Download File STMicroelectronics.X-CUBE-NFC9.pdsc
2025-12-15 09:56:07,741 [INFO] ServerAccessManage:452 - Complete download http(s) 200
2025-12-15 09:56:07,741 [INFO] ServerAccessManage:509 - Download File STMicroelectronics.X-CUBE-NFC10.pdsc
2025-12-15 09:56:07,917 [INFO] ServerAccessManage:452 - Complete download http(s) 200
2025-12-15 09:56:07,917 [INFO] ServerAccessManage:509 - Download File STMicroelectronics.X-CUBE-NFC12.pdsc
2025-12-15 09:56:08,285 [INFO] ServerAccessManage:452 - Complete download http(s) 200
2025-12-15 09:56:08,285 [INFO] ServerAccessManage:509 - Download File STMicroelectronics.X-CUBE-SFXS2LP1.pdsc
2025-12-15 09:56:08,977 [INFO] ServerAccessManage:452 - Complete download http(s) 200
2025-12-15 09:56:08,979 [INFO] ServerAccessManage:509 - Download File STMicroelectronics.X-CUBE-SUBG2.pdsc
2025-12-15 09:56:10,570 [INFO] ServerAccessManage:452 - Complete download http(s) 200
2025-12-15 09:56:10,570 [INFO] ServerAccessManage:509 - Download File STMicroelectronics.X-CUBE-SMBUS.pdsc
2025-12-15 09:56:11,082 [ERROR] ServerAccessManage:1212 - Problem, file not found on Server
2025-12-15 09:56:11,240 [INFO] ServerAccessManage:452 - Complete download http(s) 200
2025-12-15 09:56:11,240 [INFO] ServerAccessManage:509 - Download File STMicroelectronics.X-CUBE-ST60.pdsc
2025-12-15 09:56:11,607 [INFO] ServerAccessManage:452 - Complete download http(s) 200
2025-12-15 09:56:11,607 [INFO] ServerAccessManage:509 - Download File STMicroelectronics.X-CUBE-ST67W61.pdsc
2025-12-15 09:56:11,727 [INFO] ServerAccessManage:452 - Complete download http(s) 200
2025-12-15 09:56:11,727 [INFO] ServerAccessManage:509 - Download File STMicroelectronics.X-CUBE-STSE01.pdsc
2025-12-15 09:56:11,860 [INFO] ServerAccessManage:452 - Complete download http(s) 200
2025-12-15 09:56:11,860 [INFO] ServerAccessManage:509 - Download File STMicroelectronics.X-CUBE-PM33A1.pdsc
2025-12-15 09:56:11,971 [INFO] ServerAccessManage:452 - Complete download http(s) 200
2025-12-15 09:56:11,972 [INFO] ServerAccessManage:509 - Download File STMicroelectronics.X-CUBE-TCPP.pdsc
2025-12-15 09:56:12,117 [INFO] ServerAccessManage:452 - Complete download http(s) 200
2025-12-15 09:56:12,117 [INFO] ServerAccessManage:509 - Download File STMicroelectronics.X-CUBE-TOF1.pdsc
2025-12-15 09:56:13,624 [ERROR] ServerAccessManage:1212 - Problem, file not found on Server
2025-12-15 09:56:13,814 [INFO] ServerAccessManage:452 - Complete download http(s) 200
2025-12-15 09:56:13,814 [INFO] ServerAccessManage:509 - Download File STMicroelectronics.X-CUBE-TOUCHGFX.pdsc
2025-12-15 09:56:14,176 [INFO] MainUpdater:2872 - connection check result : 10
2025-12-15 09:56:17,037 [INFO] ServerAccessManage:452 - Complete download http(s) 200
2025-12-15 09:56:17,037 [INFO] ServerAccessManage:509 - Download File STMicroelectronics.X-CUBE-ALGOBUILD.pdsc
2025-12-15 09:56:17,727 [INFO] ServerAccessManage:452 - Complete download http(s) 200
2025-12-15 09:56:17,728 [INFO] ServerAccessManage:509 - Download File STMicroelectronics.X-CUBE-AZRTOS-H7.pdsc
2025-12-15 09:56:18,936 [INFO] ServerAccessManage:452 - Complete download http(s) 200
2025-12-15 09:56:18,937 [INFO] ServerAccessManage:509 - Download File STMicroelectronics.X-CUBE-AZRTOS-H7RS.pdsc
2025-12-15 09:56:19,432 [INFO] ServerAccessManage:452 - Complete download http(s) 200
2025-12-15 09:56:19,432 [INFO] ServerAccessManage:509 - Download File STMicroelectronics.X-CUBE-AZRTOS-F4.pdsc
2025-12-15 09:56:19,805 [INFO] ServerAccessManage:452 - Complete download http(s) 200
2025-12-15 09:56:19,805 [INFO] ServerAccessManage:509 - Download File STMicroelectronics.X-CUBE-AZRTOS-F7.pdsc
2025-12-15 09:56:20,160 [INFO] ServerAccessManage:452 - Complete download http(s) 200
2025-12-15 09:56:20,160 [INFO] ServerAccessManage:509 - Download File STMicroelectronics.X-CUBE-AZRTOS-L4.pdsc
2025-12-15 09:56:20,531 [INFO] ServerAccessManage:452 - Complete download http(s) 200
2025-12-15 09:56:20,531 [INFO] ServerAccessManage:509 - Download File STMicroelectronics.X-CUBE-AZRTOS-L5.pdsc
2025-12-15 09:56:20,954 [INFO] ServerAccessManage:452 - Complete download http(s) 200
2025-12-15 09:56:20,954 [INFO] ServerAccessManage:509 - Download File STMicroelectronics.X-CUBE-AZRTOS-G0.pdsc
2025-12-15 09:56:21,366 [INFO] ServerAccessManage:452 - Complete download http(s) 200
2025-12-15 09:56:21,366 [INFO] ServerAccessManage:509 - Download File STMicroelectronics.X-CUBE-AZRTOS-G4.pdsc
2025-12-15 09:56:21,608 [INFO] ServerAccessManage:452 - Complete download http(s) 200
2025-12-15 09:56:21,608 [INFO] ServerAccessManage:509 - Download File STMicroelectronics.X-CUBE-AZRTOS-WB.pdsc
2025-12-15 09:56:21,924 [INFO] ServerAccessManage:452 - Complete download http(s) 200
2025-12-15 09:56:21,924 [INFO] ServerAccessManage:509 - Download File STMicroelectronics.X-CUBE-AZRTOS-WL.pdsc
2025-12-15 09:56:22,225 [INFO] ServerAccessManage:452 - Complete download http(s) 200
2025-12-15 09:56:22,225 [INFO] ServerAccessManage:509 - Download File STMicroelectronics.X-CUBE-WB05N.pdsc
2025-12-15 09:56:23,761 [INFO] ServerAccessManage:452 - Complete download http(s) 200
2025-12-15 09:56:23,761 [INFO] ServerAccessManage:509 - Download File wolfSSL.I-CUBE-wolfSSL.pdsc
2025-12-15 09:56:34,717 [ERROR] ServerAccessManage:1212 - Problem, file not found on Server
2025-12-15 09:56:35,332 [ERROR] ServerAccessManage:1212 - Problem, file not found on Server
2025-12-15 09:56:35,947 [ERROR] ServerAccessManage:1212 - Problem, file not found on Server
2025-12-15 09:56:36,253 [INFO] ServerAccessManage:452 - Complete download http(s) 200
2025-12-15 09:56:36,253 [INFO] ServerAccessManage:509 - Download File wolfSSL.I-CUBE-wolfMQTT.pdsc
2025-12-15 09:56:38,916 [ERROR] ServerAccessManage:1212 - Problem, file not found on Server
2025-12-15 09:56:39,212 [INFO] ServerAccessManage:452 - Complete download http(s) 200
2025-12-15 09:56:39,212 [INFO] ServerAccessManage:509 - Download File wolfSSL.I-CUBE-wolfTPM.pdsc
2025-12-15 09:56:40,342 [INFO] MainUpdater:2872 - connection check result : 10
2025-12-15 10:01:53,578 [INFO] Activator:176 - 


2025-12-15 10:01:53,580 [INFO] Activator:177 - !SESSION log4j initialized
2025-12-15 10:01:59,591 [INFO] LogOutputStream:77 - [STDOUT_REDIRECT] 
2025-12-15 10:02:05,683 [INFO] ApplicationProperties:184 - Using Application install path: C:\ST\STM32CubeIDE_1.19.0\STM32CubeIDE\plugins\com.st.stm32cube.common.mx_6.15.0.202507011659
2025-12-15 10:02:05,955 [INFO] DbMcusXml:78 - Set database path to: C:\ST\STM32CubeIDE_1.19.0\STM32CubeIDE\plugins\com.st.stm32cube.common.mx_6.15.0.202507011659\\db\/mcu/
2025-12-15 10:02:05,956 [INFO] ApiDb:274 - Set plugin database path to: C:\ST\STM32CubeIDE_1.19.0\STM32CubeIDE\plugins\com.st.stm32cube.common.mx_6.15.0.202507011659\\db\/plugins/boardmanager/
2025-12-15 10:02:05,957 [WARN] ApiDb:259 - Overriding images path with different value:  => C:\ST\STM32CubeIDE_1.19.0\STM32CubeIDE\plugins\com.st.stm32cube.common.mx_6.15.0.202507011659\\db\/plugins/mcufinder/images/
2025-12-15 10:02:05,972 [INFO] ApiDb:250 - Set database path to: C:\Users\aditi\.stmcufinder\plugins\mcufinder//mcu/
2025-12-15 10:02:05,976 [INFO] DbMcusAds:125 - Set database path to: C:\Users\aditi\.stmcufinder\plugins\mcufinder//mcu/
2025-12-15 10:02:05,983 [INFO] CrossReferenceDbSqlite:203 - Set database path to: C:\Users\aditi\.stmcufinder\plugins\mcufinder//mcu/cs/
2025-12-15 10:02:06,823 [INFO] RulesReader:64 - Compatibility file has been processed (317 Rules)
2025-12-15 10:02:07,177 [INFO] DbMcusXml:78 - Set database path to: C:\ST\STM32CubeIDE_1.19.0\STM32CubeIDE\plugins\com.st.stm32cube.common.mx_6.15.0.202507011659\\db\/mcu/
2025-12-15 10:02:07,177 [INFO] ApiDb:274 - Set plugin database path to: C:\ST\STM32CubeIDE_1.19.0\STM32CubeIDE\plugins\com.st.stm32cube.common.mx_6.15.0.202507011659\\db\/plugins/boardmanager/
2025-12-15 10:02:07,182 [INFO] ApiDb:261 - Set plugin images path to: C:\ST\STM32CubeIDE_1.19.0\STM32CubeIDE\plugins\com.st.stm32cube.common.mx_6.15.0.202507011659\\db\/plugins/mcufinder/images/
2025-12-15 10:02:07,182 [WARN] DbFile:41 - Overriding database path with different value: C:\Users\aditi\.stmcufinder\plugins\mcufinder/ => C:\Users\aditi\.stmcufinder\plugins\mcufinder
2025-12-15 10:02:07,182 [INFO] ApiDb:250 - Set database path to: C:\Users\aditi\.stmcufinder\plugins\mcufinder//mcu/
2025-12-15 10:02:07,182 [WARN] DbFile:41 - Overriding database path with different value: C:\Users\aditi\.stmcufinder\plugins\mcufinder/ => C:\Users\aditi\.stmcufinder\plugins\mcufinder
2025-12-15 10:02:07,182 [INFO] DbMcusAds:125 - Set database path to: C:\Users\aditi\.stmcufinder\plugins\mcufinder//mcu/
2025-12-15 10:02:07,182 [WARN] DbFile:41 - Overriding database path with different value: C:\Users\aditi\.stmcufinder\plugins\mcufinder/ => C:\Users\aditi\.stmcufinder\plugins\mcufinder
2025-12-15 10:02:07,182 [WARN] DbFile:41 - Overriding database path with different value: C:\Users\aditi\.stmcufinder\plugins\mcufinder/ => C:\Users\aditi\.stmcufinder\plugins\mcufinder
2025-12-15 10:02:07,182 [INFO] CrossReferenceDbSqlite:203 - Set database path to: C:\Users\aditi\.stmcufinder\plugins\mcufinder//mcu/cs/
2025-12-15 10:02:07,384 [INFO] MainPanel:274 - HeapMemory: 268435456
2025-12-15 10:02:07,604 [INFO] DbMcusXml:78 - Set database path to: C:\ST\STM32CubeIDE_1.19.0\STM32CubeIDE\plugins\com.st.stm32cube.common.mx_6.15.0.202507011659\\db\/mcu/
2025-12-15 10:02:07,604 [INFO] ApiDb:274 - Set plugin database path to: C:\ST\STM32CubeIDE_1.19.0\STM32CubeIDE\plugins\com.st.stm32cube.common.mx_6.15.0.202507011659\\db\/plugins/boardmanager/
2025-12-15 10:02:07,604 [INFO] ApiDb:261 - Set plugin images path to: C:\ST\STM32CubeIDE_1.19.0\STM32CubeIDE\plugins\com.st.stm32cube.common.mx_6.15.0.202507011659\\db\/plugins/mcufinder/images/
2025-12-15 10:02:07,604 [WARN] DbFile:41 - Overriding database path with different value: C:\Users\aditi\.stmcufinder\plugins\mcufinder/ => C:\Users\aditi\.stmcufinder\plugins\mcufinder
2025-12-15 10:02:07,604 [INFO] ApiDb:250 - Set database path to: C:\Users\aditi\.stmcufinder\plugins\mcufinder//mcu/
2025-12-15 10:02:07,604 [WARN] DbFile:41 - Overriding database path with different value: C:\Users\aditi\.stmcufinder\plugins\mcufinder/ => C:\Users\aditi\.stmcufinder\plugins\mcufinder
2025-12-15 10:02:07,604 [INFO] DbMcusAds:125 - Set database path to: C:\Users\aditi\.stmcufinder\plugins\mcufinder//mcu/
2025-12-15 10:02:07,604 [WARN] DbFile:41 - Overriding database path with different value: C:\Users\aditi\.stmcufinder\plugins\mcufinder/ => C:\Users\aditi\.stmcufinder\plugins\mcufinder
2025-12-15 10:02:07,604 [WARN] DbFile:41 - Overriding database path with different value: C:\Users\aditi\.stmcufinder\plugins\mcufinder/ => C:\Users\aditi\.stmcufinder\plugins\mcufinder
2025-12-15 10:02:07,604 [INFO] CrossReferenceDbSqlite:203 - Set database path to: C:\Users\aditi\.stmcufinder\plugins\mcufinder//mcu/cs/
2025-12-15 10:02:07,645 [INFO] ApplicationProperties:184 - Using Application install path: C:\ST\STM32CubeIDE_1.19.0\STM32CubeIDE\plugins\com.st.stm32cube.common.mx_6.15.0.202507011659
2025-12-15 10:02:07,649 [INFO] PluginManage:196 - Search for loadable plugins [exclusion list=, ]
2025-12-15 10:02:07,654 [INFO] PluginManage:310 - Check plugin analytics
2025-12-15 10:02:08,241 [INFO] AnalyticsPlugin:253 - Accepted Software Licenses: 
2025-12-15 10:02:08,241 [INFO] AnalyticsPlugin:255 - Accepted CMSIS Pack Licenses: 
2025-12-15 10:02:08,241 [INFO] AnalyticsPlugin:257 - Accepted Firmware Licenses: 
2025-12-15 10:02:08,255 [INFO] PluginManage:359 - Loaded plugin analytics (category:tool,tabindex:-1)
2025-12-15 10:02:08,255 [INFO] PluginManage:310 - Check plugin cadmodel
2025-12-15 10:02:08,268 [INFO] CADModel:105 - Init CAD model plugin
2025-12-15 10:02:08,268 [INFO] PluginManage:359 - Loaded plugin cadmodel (category:power,tabindex:5)
2025-12-15 10:02:08,273 [INFO] PluginManage:310 - Check plugin clock
2025-12-15 10:02:08,306 [INFO] PluginManage:359 - Loaded plugin clock (category:base,tabindex:2)
2025-12-15 10:02:08,306 [INFO] PluginManage:310 - Check plugin ddr
2025-12-15 10:02:08,316 [INFO] PluginManage:359 - Loaded plugin ddr (category:tool,tabindex:6)
2025-12-15 10:02:08,316 [INFO] PluginManage:310 - Check plugin filemanager
2025-12-15 10:02:08,830 [INFO] PluginManage:359 - Loaded plugin filemanager (category:base,tabindex:10)
2025-12-15 10:02:08,830 [INFO] PluginManage:310 - Check plugin ipmanager
2025-12-15 10:02:08,849 [INFO] PluginManage:359 - Loaded plugin ipmanager (category:base,tabindex:5)
2025-12-15 10:02:08,849 [INFO] PluginManage:310 - Check plugin lpbam
2025-12-15 10:02:08,872 [INFO] PluginManage:359 - Loaded plugin lpbam (category:base,tabindex:0)
2025-12-15 10:02:08,872 [INFO] PluginManage:310 - Check plugin memorymap
2025-12-15 10:02:08,904 [INFO] PluginManage:359 - Loaded plugin memorymap (category:base,tabindex:4)
2025-12-15 10:02:08,904 [INFO] PluginManage:310 - Check plugin pinoutandconfiguration
2025-12-15 10:02:08,924 [INFO] PluginManage:359 - Loaded plugin pinoutandconfiguration (category:base,tabindex:1)
2025-12-15 10:02:08,926 [INFO] PluginManage:310 - Check plugin pinoutconfig
2025-12-15 10:02:09,067 [WARN] SupportedApi:132 - Cannot load RTOS API schema: s4s-elt-must-match.1: The content of 'definitions' must match (annotation?, (simpleType | complexType)?, (unique | key | keyref)*)). A problem was found starting at: attribute.
2025-12-15 10:02:09,185 [INFO] PluginManage:359 - Loaded plugin pinoutconfig (category:base,tabindex:0)
2025-12-15 10:02:09,185 [INFO] PluginManage:310 - Check plugin power
2025-12-15 10:02:09,195 [INFO] PluginManage:359 - Loaded plugin power (category:power,tabindex:4)
2025-12-15 10:02:09,195 [INFO] PluginManage:310 - Check plugin projectmanager
2025-12-15 10:02:09,220 [INFO] PluginManage:359 - Loaded plugin projectmanager (category:projectmanager,tabindex:4)
2025-12-15 10:02:09,220 [INFO] PluginManage:310 - Check plugin rif
2025-12-15 10:02:09,228 [INFO] PluginManage:359 - Loaded plugin rif (category:base,tabindex:3)
2025-12-15 10:02:09,229 [INFO] PluginManage:310 - Check plugin thirdparty
2025-12-15 10:02:09,405 [INFO] PluginManage:359 - Loaded plugin thirdparty (category:base,tabindex:-1)
2025-12-15 10:02:09,407 [INFO] PluginManage:310 - Check plugin tools
2025-12-15 10:02:09,407 [WARN] IntegrityCheckThread:84 - waiting for thirdparty lock release [integrity check]
2025-12-15 10:02:09,407 [INFO] IntegrityCheckThread:86 - entering critical section [integrity check]
2025-12-15 10:02:09,407 [INFO] ThirdPartyUpdaterWithRetryManager:70 - Updater plugin not ready yet. [1/15]
2025-12-15 10:02:09,410 [INFO] PluginManage:359 - Loaded plugin tools (category:base,tabindex:7)
2025-12-15 10:02:09,410 [INFO] PluginManage:310 - Check plugin tutovideos
2025-12-15 10:02:09,611 [INFO] PluginManage:359 - Loaded plugin tutovideos (category:base,tabindex:-1)
2025-12-15 10:02:09,611 [INFO] PluginManage:310 - Check plugin updater
2025-12-15 10:02:09,637 [INFO] PluginManage:359 - Loaded plugin updater (category:base,tabindex:12)
2025-12-15 10:02:09,637 [INFO] PluginManage:310 - Check plugin userauth
2025-12-15 10:02:09,640 [INFO] UserAuth:118 - Init User Auth plugin
2025-12-15 10:02:09,640 [INFO] PluginManage:359 - Loaded plugin userauth (category:base,tabindex:14)
2025-12-15 10:02:09,640 [INFO] PluginManage:283 - PluginManage : Loaded plugins [18]
2025-12-15 10:02:09,877 [INFO] PinOutPanel:1589 - setPackage(No Configuration,No Configuration)
2025-12-15 10:02:09,984 [INFO] CADModel:165 - CPN selected for project level
2025-12-15 10:02:09,984 [INFO] CADModel:114 - Register for checkConnection events
2025-12-15 10:02:10,001 [INFO] IPUIPlugin:80 - create IPUIPlugin
2025-12-15 10:02:10,001 [INFO] PluginManager:220 - loadIPPluginJar : add adc
2025-12-15 10:02:10,006 [INFO] IPUIPlugin:80 - create IPUIPlugin
2025-12-15 10:02:10,006 [INFO] PluginManager:220 - loadIPPluginJar : add aes
2025-12-15 10:02:10,009 [INFO] IPUIPlugin:80 - create IPUIPlugin
2025-12-15 10:02:10,009 [INFO] PluginManager:220 - loadIPPluginJar : add can
2025-12-15 10:02:10,013 [INFO] IPUIPlugin:80 - create IPUIPlugin
2025-12-15 10:02:10,013 [INFO] PluginManager:220 - loadIPPluginJar : add comp
2025-12-15 10:02:10,016 [INFO] IPUIPlugin:80 - create IPUIPlugin
2025-12-15 10:02:10,016 [INFO] PluginManager:220 - loadIPPluginJar : add cryp
2025-12-15 10:02:10,018 [INFO] IPUIPlugin:80 - create IPUIPlugin
2025-12-15 10:02:10,018 [INFO] PluginManager:220 - loadIPPluginJar : add ddr_ctrl_phy
2025-12-15 10:02:10,023 [INFO] IPUIPlugin:80 - create IPUIPlugin
2025-12-15 10:02:10,023 [INFO] PluginManager:220 - loadIPPluginJar : add dfsdm
2025-12-15 10:02:10,029 [INFO] IPUIPlugin:80 - create IPUIPlugin
2025-12-15 10:02:10,031 [INFO] PluginManager:220 - loadIPPluginJar : add dma
2025-12-15 10:02:10,035 [INFO] IPUIPlugin:80 - create IPUIPlugin
2025-12-15 10:02:10,035 [INFO] PluginManager:220 - loadIPPluginJar : add dma3
2025-12-15 10:02:10,035 [INFO] IPUIPlugin:80 - create IPUIPlugin
2025-12-15 10:02:10,035 [INFO] PluginManager:220 - loadIPPluginJar : add extmemmanager
2025-12-15 10:02:10,041 [INFO] IPUIPlugin:80 - create IPUIPlugin
2025-12-15 10:02:10,041 [INFO] PluginManager:220 - loadIPPluginJar : add fatfs
2025-12-15 10:02:10,048 [INFO] IPUIPlugin:80 - create IPUIPlugin
2025-12-15 10:02:10,048 [INFO] PluginManager:220 - loadIPPluginJar : add fmc
2025-12-15 10:02:10,054 [INFO] IPUIPlugin:80 - create IPUIPlugin
2025-12-15 10:02:10,054 [INFO] PluginManager:220 - loadIPPluginJar : add freertos
2025-12-15 10:02:10,054 [INFO] IPUIPlugin:80 - create IPUIPlugin
2025-12-15 10:02:10,054 [INFO] PluginManager:220 - loadIPPluginJar : add genericplugin
2025-12-15 10:02:10,059 [INFO] IPUIPlugin:80 - create IPUIPlugin
2025-12-15 10:02:10,059 [INFO] PluginManager:220 - loadIPPluginJar : add gfxmmu
2025-12-15 10:02:10,068 [INFO] IPUIPlugin:80 - create IPUIPlugin
2025-12-15 10:02:10,068 [INFO] PluginManager:220 - loadIPPluginJar : add gic
2025-12-15 10:02:10,073 [INFO] IPUIPlugin:80 - create IPUIPlugin
2025-12-15 10:02:10,073 [INFO] PluginManager:220 - loadIPPluginJar : add gpio
2025-12-15 10:02:10,080 [INFO] IPUIPlugin:80 - create IPUIPlugin
2025-12-15 10:02:10,080 [INFO] PluginManager:220 - loadIPPluginJar : add gtzc
2025-12-15 10:02:10,085 [INFO] IPUIPlugin:80 - create IPUIPlugin
2025-12-15 10:02:10,085 [INFO] PluginManager:220 - loadIPPluginJar : add hash
2025-12-15 10:02:10,090 [INFO] IPUIPlugin:80 - create IPUIPlugin
2025-12-15 10:02:10,092 [INFO] PluginManager:220 - loadIPPluginJar : add i2c
2025-12-15 10:02:10,107 [INFO] IPUIPlugin:80 - create IPUIPlugin
2025-12-15 10:02:10,109 [INFO] PluginManager:220 - loadIPPluginJar : add i2s
2025-12-15 10:02:10,116 [INFO] IPUIPlugin:80 - create IPUIPlugin
2025-12-15 10:02:10,116 [INFO] PluginManager:220 - loadIPPluginJar : add i3c
2025-12-15 10:02:10,122 [INFO] IPUIPlugin:80 - create IPUIPlugin
2025-12-15 10:02:10,122 [INFO] PluginManager:220 - loadIPPluginJar : add ipddr
2025-12-15 10:02:10,133 [INFO] IPUIPlugin:80 - create IPUIPlugin
2025-12-15 10:02:10,133 [INFO] PluginManager:220 - loadIPPluginJar : add linkedlist
2025-12-15 10:02:10,139 [INFO] IPUIPlugin:80 - create IPUIPlugin
2025-12-15 10:02:10,139 [INFO] PluginManager:220 - loadIPPluginJar : add lorawan
2025-12-15 10:02:10,141 [INFO] IPUIPlugin:80 - create IPUIPlugin
2025-12-15 10:02:10,141 [INFO] PluginManager:220 - loadIPPluginJar : add ltdc
2025-12-15 10:02:10,148 [INFO] IPUIPlugin:80 - create IPUIPlugin
2025-12-15 10:02:10,148 [INFO] PluginManager:220 - loadIPPluginJar : add mdma
2025-12-15 10:02:10,157 [INFO] IPUIPlugin:80 - create IPUIPlugin
2025-12-15 10:02:10,157 [INFO] PluginManager:220 - loadIPPluginJar : add nvic
2025-12-15 10:02:10,162 [INFO] IPUIPlugin:80 - create IPUIPlugin
2025-12-15 10:02:10,162 [INFO] PluginManager:220 - loadIPPluginJar : add opamp
2025-12-15 10:02:10,165 [INFO] IPUIPlugin:80 - create IPUIPlugin
2025-12-15 10:02:10,165 [INFO] PluginManager:220 - loadIPPluginJar : add openamp
2025-12-15 10:02:10,175 [INFO] IPUIPlugin:80 - create IPUIPlugin
2025-12-15 10:02:10,175 [INFO] PluginManager:220 - loadIPPluginJar : add pdm2pcm
2025-12-15 10:02:10,186 [INFO] IPUIPlugin:80 - create IPUIPlugin
2025-12-15 10:02:10,191 [INFO] PluginManager:220 - loadIPPluginJar : add plateformsettings
2025-12-15 10:02:10,194 [INFO] IPUIPlugin:80 - create IPUIPlugin
2025-12-15 10:02:10,194 [INFO] PluginManager:220 - loadIPPluginJar : add quadspi
2025-12-15 10:02:10,198 [INFO] IPUIPlugin:80 - create IPUIPlugin
2025-12-15 10:02:10,198 [INFO] PluginManager:220 - loadIPPluginJar : add radio
2025-12-15 10:02:10,203 [INFO] IPUIPlugin:80 - create IPUIPlugin
2025-12-15 10:02:10,203 [INFO] PluginManager:220 - loadIPPluginJar : add resmgrutility
2025-12-15 10:02:10,210 [INFO] IPUIPlugin:80 - create IPUIPlugin
2025-12-15 10:02:10,210 [INFO] PluginManager:220 - loadIPPluginJar : add sai
2025-12-15 10:02:10,214 [INFO] IPUIPlugin:80 - create IPUIPlugin
2025-12-15 10:02:10,214 [INFO] PluginManager:220 - loadIPPluginJar : add spi
2025-12-15 10:02:10,225 [INFO] IPUIPlugin:80 - create IPUIPlugin
2025-12-15 10:02:10,225 [INFO] PluginManager:220 - loadIPPluginJar : add stm32_wpan
2025-12-15 10:02:10,231 [INFO] IPUIPlugin:80 - create IPUIPlugin
2025-12-15 10:02:10,231 [INFO] PluginManager:220 - loadIPPluginJar : add tim
2025-12-15 10:02:10,242 [INFO] IPUIPlugin:80 - create IPUIPlugin
2025-12-15 10:02:10,242 [INFO] PluginManager:220 - loadIPPluginJar : add touchsensing
2025-12-15 10:02:10,245 [INFO] IPUIPlugin:80 - create IPUIPlugin
2025-12-15 10:02:10,245 [INFO] PluginManager:220 - loadIPPluginJar : add tracer_emb
2025-12-15 10:02:10,250 [INFO] IPUIPlugin:80 - create IPUIPlugin
2025-12-15 10:02:10,250 [INFO] PluginManager:220 - loadIPPluginJar : add ts
2025-12-15 10:02:10,254 [INFO] IPUIPlugin:80 - create IPUIPlugin
2025-12-15 10:02:10,255 [INFO] PluginManager:220 - loadIPPluginJar : add tsc
2025-12-15 10:02:10,260 [INFO] IPUIPlugin:80 - create IPUIPlugin
2025-12-15 10:02:10,260 [INFO] PluginManager:220 - loadIPPluginJar : add ucpd
2025-12-15 10:02:10,263 [INFO] IPUIPlugin:80 - create IPUIPlugin
2025-12-15 10:02:10,268 [INFO] PluginManager:220 - loadIPPluginJar : add usart
2025-12-15 10:02:10,274 [INFO] IPUIPlugin:80 - create IPUIPlugin
2025-12-15 10:02:10,274 [INFO] PluginManager:220 - loadIPPluginJar : add usbx
2025-12-15 10:02:10,443 [FATAL] Updater:351 - Updater called before beeing initialized
2025-12-15 10:02:10,483 [INFO] RulesReader:64 - Compatibility file has been processed (317 Rules)
2025-12-15 10:02:10,505 [INFO] RulesReader:64 - Compatibility file has been processed (317 Rules)
2025-12-15 10:02:10,529 [INFO] CADModel:165 - CPN selected for project level
2025-12-15 10:02:10,529 [INFO] CADModel:114 - Register for checkConnection events
2025-12-15 10:02:10,529 [FATAL] Updater:351 - Updater called before beeing initialized
2025-12-15 10:02:10,529 [ERROR] CADModel:125 - Updater not yet initialized, retry later 
2025-12-15 10:02:10,748 [FATAL] Updater:351 - Updater called before beeing initialized
2025-12-15 10:02:10,751 [INFO] CADModel:165 - CPN selected for project level
2025-12-15 10:02:10,751 [INFO] CADModel:114 - Register for checkConnection events
2025-12-15 10:02:10,751 [FATAL] Updater:351 - Updater called before beeing initialized
2025-12-15 10:02:10,751 [ERROR] CADModel:125 - Updater not yet initialized, retry later 
2025-12-15 10:02:10,751 [FATAL] Updater:351 - Updater called before beeing initialized
2025-12-15 10:02:10,868 [FATAL] Updater:351 - Updater called before beeing initialized
2025-12-15 10:02:10,870 [INFO] DbMcusAds:53 - JSON generation date=Thu Sep 30 12:25:09 IST 2021 (1632984909247)
2025-12-15 10:02:10,870 [FATAL] Updater:351 - Updater called before beeing initialized
2025-12-15 10:02:10,903 [WARN] DetailPanel:346 - Failed to get advertising image, set to default
2025-12-15 10:02:10,984 [FATAL] Updater:351 - Updater called before beeing initialized
2025-12-15 10:02:10,987 [FATAL] Updater:351 - Updater called before beeing initialized
2025-12-15 10:02:10,987 [FATAL] Updater:351 - Updater called before beeing initialized
2025-12-15 10:02:10,987 [WARN] DetailPanel:346 - Failed to get advertising image, set to default
2025-12-15 10:02:10,991 [FATAL] Updater:351 - Updater called before beeing initialized
2025-12-15 10:02:11,036 [ERROR] Updater:1198 - MainUpdater not yet initialized. External WinMGr cannot be set.
2025-12-15 10:02:11,038 [INFO] Updater:1134 - Updater Version found : 6.15.0
2025-12-15 10:02:11,054 [INFO] ApplicationProperties:184 - Using Application install path: C:\ST\STM32CubeIDE_1.19.0\STM32CubeIDE\plugins\com.st.stm32cube.common.mx_6.15.0.202507011659
2025-12-15 10:02:12,410 [INFO] ThirdPartyUpdaterWithRetryManager:70 - Updater plugin not ready yet. [2/15]
2025-12-15 10:02:12,674 [ERROR] LogOutputStream:75 - [STDERR_REDIRECT] Dec 15, 2025 10:02:12 AM java.util.prefs.WindowsPreferences <init>
2025-12-15 10:02:12,675 [ERROR] LogOutputStream:75 - [STDERR_REDIRECT] WARNING: Could not open/create prefs root node Software\JavaSoft\Prefs at root 0xffffffff80000002. Windows RegCreateKeyEx(...) returned error code 5.
2025-12-15 10:02:12,675 [ERROR] LogOutputStream:75 - [STDERR_REDIRECT] 
2025-12-15 10:02:13,708 [INFO] MainUpdater:2872 - connection check result : 10
2025-12-15 10:02:13,708 [INFO] MainUpdater:3604 - Updater definition file requires update
2025-12-15 10:02:13,708 [INFO] MainUpdater:289 - Updater Check For Update Now.
2025-12-15 10:02:13,708 [INFO] MicroXplorer:498 - Change Database Version : DB.6.0.150
2025-12-15 10:02:13,715 [INFO] McuFinderGlobals:63 - Set McuFinder mode to 2 (CubeIDE integrated)
2025-12-15 10:02:13,715 [INFO] UserAuth:171 - activating auth plugin
2025-12-15 10:02:13,715 [INFO] UserAuth:487 - Internet connection configuration mode: 1
2025-12-15 10:02:13,736 [INFO] JxBrowserEngine:152 - Initiate JxBrowser Engine with user profile folder
2025-12-15 10:02:14,157 [INFO] ServerAccessManage:452 - Complete download http(s) 200
2025-12-15 10:02:14,158 [INFO] ServerAccessManage:509 - Download File updaters.zip
2025-12-15 10:02:14,506 [INFO] WebApp:169 - Instantiating new browser for Auth
2025-12-15 10:02:15,305 [INFO] WebApp:463 - Apply proxy settings
2025-12-15 10:02:15,305 [INFO] WebApp:548 - Chromium requires no authentication
2025-12-15 10:02:15,313 [INFO] WebApp:491 - Direct internet connection detected
2025-12-15 10:02:15,338 [INFO] WebApp:900 - Register for checkConnection events
2025-12-15 10:02:15,338 [INFO] WebApp:463 - Apply proxy settings
2025-12-15 10:02:15,338 [INFO] WebApp:548 - Chromium requires no authentication
2025-12-15 10:02:15,339 [INFO] WebApp:491 - Direct internet connection detected
2025-12-15 10:02:15,423 [WARN] MainUpdater:1193 - Updater busy. Cannot search thirdparties
2025-12-15 10:02:15,423 [INFO] ThirdPartyUpdaterWithRetryManager:96 - Updater plugin is busy. [1/15]
2025-12-15 10:02:15,469 [INFO] WebApp:225 - Starting web application
2025-12-15 10:02:15,469 [INFO] WebApp:593 - Web application path used C:\ST\STM32CubeIDE_1.19.0\STM32CubeIDE\plugins\com.st.stm32cube.common.mx_6.15.0.202507011659\db\plugins\mcufinder\reactClient1\index.html
2025-12-15 10:02:16,157 [INFO] FileExtend:248 - Unzip File : updaters.zip
2025-12-15 10:02:16,157 [INFO] FileExtend:263 - Standard Zip Deflate
2025-12-15 10:02:18,000 [INFO] WebApp:191 - Connection restablished
2025-12-15 10:02:18,425 [WARN] MainUpdater:1193 - Updater busy. Cannot search thirdparties
2025-12-15 10:02:18,425 [INFO] ThirdPartyUpdaterWithRetryManager:96 - Updater plugin is busy. [2/15]
2025-12-15 10:02:18,665 [INFO] McuFinderGlobals:63 - Set McuFinder mode to 2 (CubeIDE integrated)
2025-12-15 10:02:21,425 [WARN] MainUpdater:1193 - Updater busy. Cannot search thirdparties
2025-12-15 10:02:21,425 [INFO] ThirdPartyUpdaterWithRetryManager:96 - Updater plugin is busy. [3/15]
2025-12-15 10:02:24,426 [WARN] MainUpdater:1193 - Updater busy. Cannot search thirdparties
2025-12-15 10:02:24,426 [INFO] ThirdPartyUpdaterWithRetryManager:96 - Updater plugin is busy. [4/15]
2025-12-15 10:02:27,429 [WARN] MainUpdater:1193 - Updater busy. Cannot search thirdparties
2025-12-15 10:02:27,429 [INFO] ThirdPartyUpdaterWithRetryManager:96 - Updater plugin is busy. [5/15]
2025-12-15 10:02:30,388 [INFO] ServerAccessManage:452 - Complete download http(s) 200
2025-12-15 10:02:30,389 [INFO] ServerAccessManage:509 - Download File PacksControlFlags.xml
2025-12-15 10:02:30,431 [WARN] MainUpdater:1193 - Updater busy. Cannot search thirdparties
2025-12-15 10:02:30,431 [INFO] ThirdPartyUpdaterWithRetryManager:96 - Updater plugin is busy. [6/15]
2025-12-15 10:02:30,729 [INFO] ServerAccessManage:452 - Complete download http(s) 200
2025-12-15 10:02:30,729 [INFO] ServerAccessManage:509 - Download File cubemx.pidx
2025-12-15 10:02:30,903 [INFO] LoadServerUpdatesThread:375 - End of LoadServerUpdate Thread
2025-12-15 10:02:31,103 [INFO] CheckServerUpdateThread:120 - End of CheckServer Thread
2025-12-15 10:02:31,111 [INFO] MainUpdater:2872 - connection check result : 10
2025-12-15 10:02:31,115 [INFO] McuFinderGlobals:76 - Set McuFinderConnectedMode to true
2025-12-15 10:02:32,111 [INFO] ServerAccessManage:452 - Complete download http(s) 200
2025-12-15 10:02:32,112 [INFO] ServerAccessManage:509 - Download File mcusAds.json._tmp_
2025-12-15 10:02:32,231 [INFO] LoadUrlFilesThread:156 - End of LoadUrlFiles Thread
2025-12-15 10:02:32,528 [INFO] ServerAccessManage:452 - Complete download http(s) 200
2025-12-15 10:02:32,530 [INFO] ServerAccessManage:509 - Download File cube-finder-db.zip
2025-12-15 10:02:33,432 [WARN] MainUpdater:1193 - Updater busy. Cannot search thirdparties
2025-12-15 10:02:33,432 [INFO] ThirdPartyUpdaterWithRetryManager:96 - Updater plugin is busy. [7/15]
2025-12-15 10:02:36,433 [WARN] MainUpdater:1193 - Updater busy. Cannot search thirdparties
2025-12-15 10:02:36,433 [INFO] ThirdPartyUpdaterWithRetryManager:96 - Updater plugin is busy. [8/15]
2025-12-15 10:02:39,436 [WARN] MainUpdater:1193 - Updater busy. Cannot search thirdparties
2025-12-15 10:02:39,436 [INFO] ThirdPartyUpdaterWithRetryManager:96 - Updater plugin is busy. [9/15]
2025-12-15 10:02:42,439 [WARN] MainUpdater:1193 - Updater busy. Cannot search thirdparties
2025-12-15 10:02:42,439 [INFO] ThirdPartyUpdaterWithRetryManager:96 - Updater plugin is busy. [10/15]
2025-12-15 10:02:45,441 [WARN] MainUpdater:1193 - Updater busy. Cannot search thirdparties
2025-12-15 10:02:45,442 [INFO] ThirdPartyUpdaterWithRetryManager:96 - Updater plugin is busy. [11/15]
2025-12-15 10:02:45,760 [INFO] FileExtend:248 - Unzip File : cube-finder-db.zip
2025-12-15 10:02:45,760 [INFO] FileExtend:263 - Standard Zip Deflate
2025-12-15 10:02:48,443 [WARN] MainUpdater:1193 - Updater busy. Cannot search thirdparties
2025-12-15 10:02:48,443 [INFO] ThirdPartyUpdaterWithRetryManager:96 - Updater plugin is busy. [12/15]
2025-12-15 10:02:51,444 [WARN] MainUpdater:1193 - Updater busy. Cannot search thirdparties
2025-12-15 10:02:51,444 [INFO] ThirdPartyUpdaterWithRetryManager:96 - Updater plugin is busy. [13/15]
2025-12-15 10:02:53,238 [INFO] LoadUrlFilesThread:156 - End of LoadUrlFiles Thread
2025-12-15 10:02:54,445 [WARN] MainUpdater:1193 - Updater busy. Cannot search thirdparties
2025-12-15 10:02:54,445 [INFO] ThirdPartyUpdaterWithRetryManager:96 - Updater plugin is busy. [14/15]
2025-12-15 10:02:55,360 [INFO] ServerAccessManage:452 - Complete download http(s) 200
2025-12-15 10:02:55,360 [INFO] ServerAccessManage:509 - Download File crdb.zip
2025-12-15 10:02:57,448 [WARN] MainUpdater:1193 - Updater busy. Cannot search thirdparties
2025-12-15 10:02:57,448 [INFO] ThirdPartyUpdaterWithRetryManager:96 - Updater plugin is busy. [15/15]
2025-12-15 10:02:57,450 [ERROR] IntegrityCheckThread:130 - Cannot retrieve database content from updater: error -1
2025-12-15 10:02:57,450 [INFO] ThirdParty:978 - Integrity check success = false
2025-12-15 10:02:57,451 [INFO] IntegrityCheckThread:100 - exiting critical section [integrity check]
2025-12-15 10:02:57,451 [INFO] IntegrityCheckThread:103 - End integrity checks thread
2025-12-15 10:03:00,398 [INFO] FileExtend:248 - Unzip File : crdb.zip
2025-12-15 10:03:00,398 [INFO] FileExtend:263 - Standard Zip Deflate
2025-12-15 10:03:00,551 [INFO] LoadUrlFilesThread:156 - End of LoadUrlFiles Thread
2025-12-15 10:03:01,734 [INFO] ServerAccessManage:452 - Complete download http(s) 200
2025-12-15 10:03:01,735 [INFO] ServerAccessManage:509 - Download File tutoVideoDB.zip
2025-12-15 10:03:02,220 [INFO] FileExtend:248 - Unzip File : tutoVideoDB.zip
2025-12-15 10:03:02,220 [INFO] FileExtend:263 - Standard Zip Deflate
2025-12-15 10:03:02,334 [INFO] LoadUrlFilesThread:156 - End of LoadUrlFiles Thread
2025-12-15 10:03:02,338 [WARN] DbFile:41 - Overriding database path with different value: C:\Users\aditi\.stmcufinder\plugins\mcufinder/ => C:\Users\aditi\.stmcufinder\plugins\mcufinder
2025-12-15 10:03:02,725 [INFO] ServerAccessManage:452 - Complete download http(s) 200
2025-12-15 10:03:02,727 [INFO] ServerAccessManage:509 - Download File api_config.json
2025-12-15 10:03:02,857 [INFO] LoadUrlFilesThread:156 - End of LoadUrlFiles Thread
2025-12-15 10:03:02,858 [INFO] DbMcusAds:53 - JSON generation date=Mon Dec 08 19:58:09 IST 2025 (1765204089998)
2025-12-15 10:03:05,110 [INFO] ServerAccessManage:452 - Complete download http(s) 200
2025-12-15 10:03:05,110 [INFO] ServerAccessManage:509 - Download File 
2025-12-15 10:03:05,509 [INFO] LoadUrlFilesThread:185 - End of LoadServerUrlFiles without Thread
2025-12-15 10:03:05,509 [INFO] TargetSelectorAdapter:259 - Refresh data is successful
2025-12-15 10:03:05,650 [INFO] ApiDb:581 - Connected to CubeFinder SQLite database (C:\Users\aditi\.stmcufinder\plugins\mcufinder\mcu\cube-finder-db.db)
2025-12-15 10:03:05,713 [INFO] ApiDb:668 - CubeFinder database Data Model version=2.1
2025-12-15 10:03:05,713 [INFO] ApiDb:669 - CubeFinder database Configuration version=3.0.39
2025-12-15 10:03:05,713 [INFO] ApiDb:670 - CubeFinder database generation date=2025-11-05 (1762334721)
2025-12-15 10:03:05,713 [INFO] ApiDb:671 - CubeFinder database FW Pack versions=[FP-ATR-ASTRA1_V2.0.0, FP-SNS-FLIGHT1_V5.1.0, FP-SNS-MOTENV1_V5.1.0, FP-SNS-MOTENVWB1_V1.4.0, FP-SNS-SMARTAG2_V1.2.0, FP-SNS-STBOX1_V2.1.0, STM32Cube_FW_C0_V1.4.0, STM32Cube_FW_F4_V1.28.3, STM32Cube_FW_F7_V1.17.4, STM32Cube_FW_G0_V1.6.2, STM32Cube_FW_G4_V1.6.1, STM32Cube_FW_H5_V1.5.1, STM32Cube_FW_H7RS_V1.3.0, STM32Cube_FW_H7_V1.12.1, STM32Cube_FW_L0_V1.12.2, STM32Cube_FW_L4_V1.18.1, STM32Cube_FW_L5_V1.6.0, STM32Cube_FW_N6_V1.3.0, STM32Cube_FW_U0_V1.3.0, STM32Cube_FW_U3_V1.2.1, STM32Cube_FW_U5_V1.8.0, STM32Cube_FW_WB0_V1.4.0, STM32Cube_FW_WBA_V1.8.0, STM32Cube_FW_WB_V1.24.0, STM32Cube_FW_WL3_V1.3.0, STM32Cube_FW_WL_V1.4.0, X-CUBE-ALGOBUILD_V1.4.0, X-CUBE-ALS_V1.0.2, X-CUBE-AZRTOS-F4_V1.1.0, X-CUBE-AZRTOS-F7_V1.1.0, X-CUBE-AZRTOS-G0_V1.1.0, X-CUBE-AZRTOS-G4_V2.0.0, X-CUBE-AZRTOS-H7RS_V1.1.0, X-CUBE-AZRTOS-H7_V3.4.0, X-CUBE-AZRTOS-L4_V2.0.0, X-CUBE-AZRTOS-L5_V2.0.0, X-CUBE-AZRTOS-WB_V2.0.0, X-CUBE-AZRTOS-WL_V2.0.0, X-CUBE-BLE1_V7.1.0, X-CUBE-BLE2_V3.3.0, X-CUBE-BLEMGR_V4.1.0, X-CUBE-EEPRMA1_V5.2.0, X-CUBE-FREERTOS_V1.3.1, X-CUBE-GNSS1_V6.0.0, X-CUBE-MEMS1_V11.3.0, X-CUBE-NFC4_V3.0.0, X-CUBE-NFC7_V2.0.0, X-CUBE-SFXS2LP1_V4.0.0, X-CUBE-ST67W61_V1.1.0, X-CUBE-SUBG2_V5.0.0, X-CUBE-TOF1_V3.4.3]
2025-12-15 10:03:07,534 [INFO] ApiDb:240 - Found 880 in-development CPN: [B-G473E-ZEST1S, B-WB1M-WPAN1, B-WBA5M-WPAN, B-WL5M-SUBG1, NUCLEO-C031C6, NUCLEO-C051C8, NUCLEO-C071RB, NUCLEO-C092RC, NUCLEO-H503RB, NUCLEO-H533RE, NUCLEO-H563ZI, NUCLEO-H7S3L8, NUCLEO-N657X0-Q, NUCLEO-U031R8, NUCLEO-U083RC, NUCLEO-U385RG-Q, NUCLEO-U545RE-Q, NUCLEO-U5A5ZJ-Q, NUCLEO-WB05KZ, NUCLEO-WB07CC, NUCLEO-WB09KE, NUCLEO-WBA52CG, NUCLEO-WBA55CG, NUCLEO-WL33CC1, NUCLEO-WL33CC2, STEVAL-PROTEUS1, STEVAL-SMARTAG2, STEVAL-STWINBX1, STM320518-EVAL, STM32C0116-DK, STM32C011D6Y3TR, STM32C011D6Y6TR, STM32C011F4P3, STM32C011F4P6, STM32C011F4U3, STM32C011F4U6TR, STM32C011F6P3, STM32C011F6P6, STM32C011F6U3, STM32C011F6U6TR, STM32C011J4M3, STM32C011J4M6, STM32C011J6M3, STM32C011J6M6, STM32C0316-DK, STM32C031C4T3, STM32C031C4T6, STM32C031C4U3, STM32C031C4U6, STM32C031C6T3, STM32C031C6T6, STM32C031C6U3, STM32C031C6U6, STM32C031F4P3, STM32C031F4P6, STM32C031F6P3, STM32C031F6P6, STM32C031G4U3, STM32C031G4U6, STM32C031G6U3, STM32C031G6U6, STM32C031K4T3, STM32C031K4T6, STM32C031K4U3, STM32C031K4U6, STM32C031K6T3, STM32C031K6T6, STM32C031K6U3, STM32C031K6U6, STM32C051C6T6, STM32C051C6U6, STM32C051C8T6, STM32C051C8U6, STM32C051D8Y6TR, STM32C051F6P6, STM32C051F8P6, STM32C051G6U6, STM32C051G8U6, STM32C051K6T6, STM32C051K6U6, STM32C051K8T6, STM32C071C8T6, STM32C071C8T6N, STM32C071C8U6, STM32C071C8U6N, STM32C071CBT6, STM32C071CBT6N, STM32C071CBU6, STM32C071CBU6N, STM32C071F8P6, STM32C071F8P6N, STM32C071FBP6, STM32C071FBP6N, STM32C071FBY6TR, STM32C071G8U6, STM32C071G8U6N, STM32C071GBU6, STM32C071GBU6N, STM32C071K8T6, STM32C071K8T6N, STM32C071K8U6, STM32C071K8U6N, STM32C071KBT6, STM32C071KBT6N, STM32C071KBU6, STM32C071KBU6N, STM32C071R8T6, STM32C071R8T6N, STM32C071RBI6N, STM32C071RBT6, STM32C071RBT6N, STM32C091CBT6, STM32C091CBU6, STM32C091CCT6, STM32C091CCU6, STM32C091ECY6TR, STM32C091FBP6, STM32C091FCP6, STM32C091GBU6, STM32C091GCU6, STM32C091KBT6, STM32C091KBU6, STM32C091KCT6, STM32C091KCU6, STM32C091RBT6, STM32C091RCI6, STM32C091RCT6, STM32C092CBT6, STM32C092CBU6, STM32C092CCT6, STM32C092CCU6, STM32C092ECY6TR, STM32C092FBP6, STM32C092FCP6, STM32C092GBU6, STM32C092GCU6, STM32C092KBT6, STM32C092KBU6, STM32C092KCT6, STM32C092KCU6, STM32C092RBT6, STM32C092RCI6, STM32C092RCT6, STM32G071K8TXN, STM32G071K8UXN, STM32G081GBU6N, STM32G081KBT6N, STM32G081KBUXN, STM32G0B1CCT6N, STM32G0B1KCT6, STM32G0B1NEY6TR, STM32G0B1RCT6N, STM32G0C1CCT6, STM32G0C1CCT6N, STM32G0C1CCU6N, STM32G0C1CET6N, STM32G0C1CEU6N, STM32G0C1KCT6, STM32G0C1NEY6TR, STM32G0C1RCI6N, STM32G0C1RCT6N, STM32G0C1REI6N, STM32G0C1RET6N, STM32G0C1VCI6, STM32G0C1VEI6, STM32G411C6T3, STM32G411C6T6, STM32G411C6U3, STM32G411C6U6, STM32G411C8T3, STM32G411C8T6, STM32G411C8U3, STM32G411C8U6, STM32G411CBT3, STM32G411CBT6, STM32G411CBU3, STM32G411CBU6, STM32G411K6T3, STM32G411K6T6, STM32G411K6U3, STM32G411K6U6, STM32G411K8T3, STM32G411K8T6, STM32G411K8U3, STM32G411K8U6, STM32G411KBT3, STM32G411KBT6, STM32G411KBU3, STM32G411KBU6, STM32G411M6T3, STM32G411M6T6, STM32G411M8T3, STM32G411M8T6, STM32G411MBT3, STM32G411MBT6, STM32G411R6T3, STM32G411R6T6, STM32G411R8T3, STM32G411R8T6, STM32G411RBT3, STM32G411RBT6, STM32G414CBT3, STM32G414CBT6, STM32G414CBU3, STM32G414CBU6, STM32G414CCT3, STM32G414CCT6, STM32G414CCU3, STM32G414CCU6, STM32G414MBT3, STM32G414MBT6, STM32G414MCT3, STM32G414MCT6, STM32G414RBT3, STM32G414RBT6, STM32G414RCT3, STM32G414RCT6, STM32G414VBT3, STM32G414VBT6, STM32G414VCT3, STM32G414VCT6, STM32G431CBT3Z, STM32G431RBT3Z, STM32G471CCT6, STM32G471CCU6, STM32G471CET3, STM32G471CET6, STM32G471CEU3, STM32G471CEU6, STM32G471MCT6, STM32G471MET3, STM32G471MET6, STM32G471MEY6TR, STM32G471QCT6, STM32G471QET3, STM32G471RCT6, STM32G471RET3, STM32G471RET6, STM32G471VCH6, STM32G471VCI6, STM32G471VCT6, STM32G471VEH3, STM32G471VEH6, STM32G471VEI3, STM32G471VEI6, STM32G471VET3, STM32G471VET6, STM32G473QET3Z, STM32G473RET3Z, STM32G474CCT6, STM32G491RET3Z, STM32H503CBT6, STM32H503CBU6, STM32H503EBY6TR, STM32H503KBU6, STM32H503RBT6, STM32H523CCT6, STM32H523CCU6, STM32H523CET6, STM32H523CEU6, STM32H523HEY6TR, STM32H523RCT6, STM32H523RET6, STM32H523VCI6, STM32H523VCT6, STM32H523VEI6, STM32H523VET6, STM32H523ZCJ6, STM32H523ZCT6, STM32H523ZEJ6, STM32H523ZET6, STM32H533CET6, STM32H533CEU6, STM32H533HEY6TR, STM32H533RET6, STM32H533VEI6, STM32H533VET6, STM32H533ZEJ6, STM32H533ZET6, STM32H562AGI6, STM32H562AII6, STM32H562IGK6, STM32H562IGT6, STM32H562IIK6, STM32H562IIT6, STM32H562RGT6, STM32H562RGV6, STM32H562RIT6, STM32H562RIV6, STM32H562VGT6, STM32H562VIT6, STM32H562ZGT6, STM32H562ZIT6, STM32H563AGI6, STM32H563AII3Q, STM32H563AII6, STM32H563IGK6, STM32H563IGT6, STM32H563IIK3Q, STM32H563IIK6, STM32H563IIT3Q, STM32H563IIT6, STM32H563MIY3QTR, STM32H563RGT6, STM32H563RGV6, STM32H563RIT6, STM32H563RIV6, STM32H563VGT6, STM32H563VIT3Q, STM32H563VIT6, STM32H563ZGT6, STM32H563ZIT3Q, STM32H563ZIT6, STM32H573AII3Q, STM32H573AII6, STM32H573I-DK, STM32H573IIK3Q, STM32H573IIK6, STM32H573IIT3Q, STM32H573IIT6, STM32H573MIY3QTR, STM32H573RIT6, STM32H573RIV6, STM32H573VIT3Q, STM32H573VIT6, STM32H573ZIT3Q, STM32H573ZIT6, STM32H7R3A8I6, STM32H7R3I8K6, STM32H7R3I8T6, STM32H7R3L8H6, STM32H7R3L8H6H, STM32H7R3R8V6, STM32H7R3V8H6, STM32H7R3V8T6, STM32H7R3V8Y6TR, STM32H7R3Z8J6, STM32H7R3Z8T6, STM32H7R7A8I6, STM32H7R7I8K6, STM32H7R7I8T6, STM32H7R7L8H6, STM32H7R7L8H6H, STM32H7R7Z8J6, STM32H7S3A8I6, STM32H7S3I8K6, STM32H7S3I8T6, STM32H7S3L8H6, STM32H7S3L8H6H, STM32H7S3R8V6, STM32H7S3V8H6, STM32H7S3V8T6, STM32H7S3V8Y6TR, STM32H7S3Z8J6, STM32H7S3Z8T6, STM32H7S78-DK, STM32H7S7A8I6, STM32H7S7I8K6, STM32H7S7I8T6, STM32H7S7L8H6, STM32H7S7L8H6H, STM32H7S7Z8J6, STM32L4R5QGI6STR, STM32MP131AAE3, STM32MP131AAF3, STM32MP131AAG3, STM32MP131CAE3, STM32MP131CAF3, STM32MP131CAG3, STM32MP131DAE7, STM32MP131DAF7, STM32MP131DAG7, STM32MP131FAE7, STM32MP131FAF7, STM32MP131FAG7, STM32MP133AAE3, STM32MP133AAF3, STM32MP133AAG3, STM32MP133CAE3, STM32MP133CAF3, STM32MP133CAG3, STM32MP133DAE7, STM32MP133DAF7, STM32MP133DAG7, STM32MP133FAE7, STM32MP133FAF7, STM32MP133FAG7, STM32MP135AAE3, STM32MP135AAF3, STM32MP135AAG3, STM32MP135CAE3, STM32MP135CAF3, STM32MP135CAG3, STM32MP135DAE7, STM32MP135DAF7, STM32MP135DAG7, STM32MP135F-DK, STM32MP135FAE7, STM32MP135FAF7, STM32MP135FAF7T, STM32MP135FAF7U, STM32MP135FAG7, STM32MP211AAL3, STM32MP211AAM3, STM32MP211AAN3, STM32MP211AAO3, STM32MP211CAL3, STM32MP211CAM3, STM32MP211CAN3, STM32MP211CAO3, STM32MP211DAL3, STM32MP211DAM3, STM32MP211DAN3, STM32MP211DAO3, STM32MP211FAL3, STM32MP211FAM3, STM32MP211FAN3, STM32MP211FAO3, STM32MP213AAL3, STM32MP213AAM3, STM32MP213AAN3, STM32MP213AAO3, STM32MP213CAL3, STM32MP213CAM3, STM32MP213CAN3, STM32MP213CAO3, STM32MP213DAL3, STM32MP213DAM3, STM32MP213DAN3, STM32MP213DAO3, STM32MP213FAL3, STM32MP213FAM3, STM32MP213FAN3, STM32MP213FAO3, STM32MP215AAL3, STM32MP215AAM3, STM32MP215AAN3, STM32MP215AAO3, STM32MP215CAL3, STM32MP215CAM3, STM32MP215CAN3, STM32MP215CAO3, STM32MP215DAL3, STM32MP215DAM3, STM32MP215DAN3, STM32MP215DAO3, STM32MP215F-DK, STM32MP215FAL3, STM32MP215FAM3, STM32MP215FAN3, STM32MP215FAO3, STM32MP231AAJ3, STM32MP231AAK3, STM32MP231AAL3, STM32MP231CAJ3, STM32MP231CAK3, STM32MP231CAL3, STM32MP231DAJ3, STM32MP231DAK3, STM32MP231DAL3, STM32MP231FAJ3, STM32MP231FAK3, STM32MP231FAL3, STM32MP233AAJ3, STM32MP233AAK3, STM32MP233AAL3, STM32MP233CAJ3, STM32MP233CAK3, STM32MP233CAL3, STM32MP233DAJ3, STM32MP233DAK3, STM32MP233DAL3, STM32MP233FAJ3, STM32MP233FAK3, STM32MP233FAL3, STM32MP235AAJ3, STM32MP235AAK3, STM32MP235AAL3, STM32MP235CAJ3, STM32MP235CAK3, STM32MP235CAL3, STM32MP235DAJ3, STM32MP235DAK3, STM32MP235DAL3, STM32MP235FAJ3, STM32MP235FAK3, STM32MP235FAL3, STM32MP251AAI3, STM32MP251AAK3, STM32MP251AAL3, STM32MP251CAI3, STM32MP251CAK3, STM32MP251CAL3, STM32MP251DAI3, STM32MP251DAK3, STM32MP251DAL3, STM32MP251FAI3, STM32MP251FAK3, STM32MP251FAL3, STM32MP253AAI3, STM32MP253AAK3, STM32MP253AAL3, STM32MP253CAI3, STM32MP253CAK3, STM32MP253CAL3, STM32MP253DAI3, STM32MP253DAK3, STM32MP253DAL3, STM32MP253FAI3, STM32MP253FAK3, STM32MP253FAL3, STM32MP255AAI3, STM32MP255AAK3, STM32MP255AAL3, STM32MP255CAI3, STM32MP255CAK3, STM32MP255CAL3, STM32MP255DAI3, STM32MP255DAK3, STM32MP255DAL3, STM32MP255FAI3, STM32MP255FAK3, STM32MP255FAL3, STM32MP257AAI3, STM32MP257AAK3, STM32MP257AAL3, STM32MP257CAI3, STM32MP257CAK3, STM32MP257CAL3, STM32MP257DAI3, STM32MP257DAK3, STM32MP257DAL3, STM32MP257F-DK, STM32MP257F-EV1, STM32MP257FAI3, STM32MP257FAK3, STM32MP257FAL3, STM32N645A0H3Q, STM32N645B0H3Q, STM32N645I0H3Q, STM32N645L0H3Q, STM32N645X0H3Q, STM32N645Z0H3Q, STM32N647A0H3Q, STM32N647B0H3Q, STM32N647I0H3Q, STM32N647L0H3Q, STM32N647X0H3Q, STM32N647Z0H3Q, STM32N655A0H3Q, STM32N655B0H3Q, STM32N655I0H3Q, STM32N655L0H3Q, STM32N655X0H3Q, STM32N655Z0H3Q, STM32N6570-DK, STM32N657A0H3Q, STM32N657B0H3Q, STM32N657I0H3Q, STM32N657L0H3Q, STM32N657X0H3Q, STM32N657Z0H3Q, STM32U031C6T6, STM32U031C6U6, STM32U031C8T6, STM32U031C8U6, STM32U031F4P6, STM32U031F6P6, STM32U031F8P6, STM32U031G6Y6TR, STM32U031G8Y6TR, STM32U031K4U6, STM32U031K6U6, STM32U031K8U6, STM32U031R6I6, STM32U031R6T6, STM32U031R8I6, STM32U031R8T6, STM32U073C8T6, STM32U073C8U6, STM32U073CBT6, STM32U073CBU6, STM32U073CCT6, STM32U073CCU6, STM32U073H8Y6TR, STM32U073HBY6TR, STM32U073HCY6TR, STM32U073K8U6, STM32U073KBU6, STM32U073KCU6, STM32U073M8I6, STM32U073M8T6, STM32U073MBI6, STM32U073MBT6, STM32U073MCI6, STM32U073MCT6, STM32U073R8I6, STM32U073R8T6, STM32U073RBI6, STM32U073RBT6, STM32U073RCI6, STM32U073RCT6, STM32U083C-DK, STM32U083CCT6, STM32U083CCU6, STM32U083HCY6TR, STM32U083KCU6, STM32U083MCI6, STM32U083MCT6, STM32U083RCI6, STM32U083RCT6, STM32U375CET6, STM32U375CET6Q, STM32U375CEU6, STM32U375CEU6Q, STM32U375CEY6QTR, STM32U375CGT6, STM32U375CGT6Q, STM32U375CGU6, STM32U375CGU6Q, STM32U375CGY6QTR, STM32U375KEU6, STM32U375KGU6, STM32U375REI6, STM32U375REI6Q, STM32U375RET6, STM32U375RET6Q, STM32U375REY6GTR, STM32U375REY6QTR, STM32U375RGI6, STM32U375RGI6Q, STM32U375RGT6, STM32U375RGT6Q, STM32U375RGY6GTR, STM32U375RGY6QTR, STM32U375VEI6, STM32U375VEI6Q, STM32U375VET6, STM32U375VET6Q, STM32U375VGI6, STM32U375VGI6Q, STM32U375VGT6, STM32U375VGT6Q, STM32U385CGT6, STM32U385CGT6Q, STM32U385CGU6, STM32U385CGU6Q, STM32U385CGY6QTR, STM32U385KGU6, STM32U385RGI6, STM32U385RGI6Q, STM32U385RGT6, STM32U385RGT6Q, STM32U385RGY6GTR, STM32U385RGY6QTR, STM32U385VGI6, STM32U385VGI6Q, STM32U385VGT6, STM32U385VGT6Q, STM32U535CBT6, STM32U535CBT6Q, STM32U535CBU6, STM32U535CBU6Q, STM32U535CCT6, STM32U535CCT6Q, STM32U535CCU6, STM32U535CCU6Q, STM32U535CET6, STM32U535CET6Q, STM32U535CEU6, STM32U535CEU6Q, STM32U535JEY6QTR, STM32U535NCY6QTR, STM32U535NEY6QTR, STM32U535RBI6, STM32U535RBI6Q, STM32U535RBT6, STM32U535RBT6Q, STM32U535RCI6, STM32U535RCI6Q, STM32U535RCT6, STM32U535RCT6Q, STM32U535REI6, STM32U535REI6Q, STM32U535RET6, STM32U535RET6Q, STM32U535VCI6, STM32U535VCI6Q, STM32U535VCT6, STM32U535VCT6Q, STM32U535VEI6, STM32U535VEI6Q, STM32U535VET6, STM32U535VET6Q, STM32U545CET6, STM32U545CET6Q, STM32U545CEU6, STM32U545CEU6Q, STM32U545JEY6QTR, STM32U545NEY6QTR, STM32U545REI6, STM32U545REI6Q, STM32U545RET6, STM32U545RET6Q, STM32U545VEI6, STM32U545VEI6Q, STM32U545VET6, STM32U545VET6Q, STM32U595AIH6, STM32U595AIH6Q, STM32U595AJH6, STM32U595AJH6Q, STM32U595QII6, STM32U595QII6Q, STM32U595QJI6, STM32U595QJI6Q, STM32U595RIT6, STM32U595RIT6Q, STM32U595RJT6, STM32U595RJT6Q, STM32U595VIT6, STM32U595VIT6Q, STM32U595VJT6, STM32U595VJT6Q, STM32U595ZIT6, STM32U595ZIT6Q, STM32U595ZIY6QTR, STM32U595ZJT6, STM32U595ZJT6Q, STM32U595ZJY6QTR, STM32U599BJY6QTR, STM32U599NIH6Q, STM32U599NJH6Q, STM32U599VIT6Q, STM32U599VJT6, STM32U599VJT6Q, STM32U599ZIT6Q, STM32U599ZIY6QTR, STM32U599ZJT6Q, STM32U599ZJY6QTR, STM32U5A5AJH6, STM32U5A5AJH6Q, STM32U5A5QII3Q , STM32U5A5QJI6, STM32U5A5QJI6Q, STM32U5A5RJT6, STM32U5A5RJT6Q, STM32U5A5VJT6, STM32U5A5VJT6Q, STM32U5A5ZJT6, STM32U5A5ZJT6Q, STM32U5A5ZJY6QTR, STM32U5A9BJY6QTR, STM32U5A9J-DK, STM32U5A9NJH6Q, STM32U5A9VJT6Q, STM32U5A9ZJT6Q, STM32U5A9ZJY6QTR, STM32U5F7VIT6, STM32U5F7VIT6Q, STM32U5F7VJT6, STM32U5F7VJT6Q, STM32U5F9BJY6QTR, STM32U5F9NJH6Q, STM32U5F9VIT6Q, STM32U5F9VJT6Q, STM32U5F9ZIJ6QTR, STM32U5F9ZIT6Q, STM32U5F9ZJJ6QTR, STM32U5F9ZJT6Q, STM32U5G7VJT6, STM32U5G7VJT6Q, STM32U5G9BJY6QTR, STM32U5G9J-DK1, STM32U5G9J-DK2, STM32U5G9NJH6Q, STM32U5G9VJT6Q, STM32U5G9ZJJ6QTR, STM32U5G9ZJT6Q, STM32WB05KZV6TR, STM32WB05KZV7TR, STM32WB05TZF6TR, STM32WB05TZF7TR, STM32WB06CCF6TR, STM32WB06CCF7TR, STM32WB06CCV6TR, STM32WB06CCV7TR, STM32WB06KCV6TR, STM32WB06KCV7TR, STM32WB07CCF6TR, STM32WB07CCF7TR, STM32WB07CCV6TR, STM32WB07CCV7TR, STM32WB07KCV6TR, STM32WB07KCV7TR, STM32WB09KEV6TR, STM32WB09KEV7TR, STM32WB09TEF6TR, STM32WB09TEF7TR, STM32WB1MMCH6, STM32WBA50KGU6, STM32WBA50KGU6TR, STM32WBA52CEU6, STM32WBA52CEU6TR, STM32WBA52CEU7, STM32WBA52CEU7TR, STM32WBA52CGU6, STM32WBA52CGU6TR, STM32WBA52CGU6U, STM32WBA52CGU7, STM32WBA52CGU7TR, STM32WBA52KEU6, STM32WBA52KEU6TR, STM32WBA52KGU6, STM32WBA52KGU6TR, STM32WBA54CEU6, STM32WBA54CEU6TR, STM32WBA54CEU7, STM32WBA54CEU7TR, STM32WBA54CGU6, STM32WBA54CGU6TR, STM32WBA54CGU7, STM32WBA54CGU7TR, STM32WBA54KEU6, STM32WBA54KEU6TR, STM32WBA54KEU7, STM32WBA54KEU7TR, STM32WBA54KGU6, STM32WBA54KGU6TR, STM32WBA54KGU7, STM32WBA54KGU7TR, STM32WBA55CEU6, STM32WBA55CEU6TR, STM32WBA55CEU7, STM32WBA55CEU7TR, STM32WBA55CGU6, STM32WBA55CGU6TR, STM32WBA55CGU6U, STM32WBA55CGU7, STM32WBA55CGU7TR, STM32WBA55G-DK1, STM32WBA55HEF6, STM32WBA55HEF7, STM32WBA55HGF6, STM32WBA55HGF7, STM32WBA55UEI6, STM32WBA55UEI6TR, STM32WBA55UEI7, STM32WBA55UEI7TR, STM32WBA55UGI6, STM32WBA55UGI6TR, STM32WBA55UGI7, STM32WBA55UGI7TR, STM32WBA5MMGH6TR, STM32WBA62MGF6, STM32WBA62MIF6, STM32WBA65MGF7, STM32WBA65MIF6, STM32WBA65MIF7, STM32WL30K8V6, STM32WL30KBV6, STM32WL31C8V6, STM32WL31CBV6, STM32WL31K8V6, STM32WL31KBV6, STM32WL33C8V6, STM32WL33C8V6X, STM32WL33CBV6, STM32WL33CBV6X, STM32WL33CCV6, STM32WL33CCV6A, STM32WL33CCV6X, STM32WL33K8V7, STM32WL33K8V7X, STM32WL33KBV7 , STM32WL33KBV7X, STM32WL33KCV7, STM32WL33KCV7X, STM32WL5MOCH6, STM32WL5MOCH6TR]
2025-12-15 10:03:07,548 [INFO] DbMcus:218 - Found 4876 MCUs, 4876 are supported
2025-12-15 10:03:07,550 [INFO] ApiDb:423 - Load user favorites file C:\Users\aditi/.stm32cubeide/favorites.mcus.txt: 0 item(s)
2025-12-15 10:03:07,551 [INFO] ApiDb:427 - User favorites MCUs=[]
2025-12-15 10:03:07,553 [INFO] DbMcus:224 - Set 0 / 0 favorites MCUs
2025-12-15 10:03:07,959 [INFO] ApiDb:668 - CubeFinder database Data Model version=2.1
2025-12-15 10:03:07,960 [INFO] ApiDb:669 - CubeFinder database Configuration version=3.0.39
2025-12-15 10:03:07,960 [INFO] ApiDb:670 - CubeFinder database generation date=2025-11-05 (1762334721)
2025-12-15 10:03:07,960 [INFO] ApiDb:671 - CubeFinder database FW Pack versions=[FP-ATR-ASTRA1_V2.0.0, FP-SNS-FLIGHT1_V5.1.0, FP-SNS-MOTENV1_V5.1.0, FP-SNS-MOTENVWB1_V1.4.0, FP-SNS-SMARTAG2_V1.2.0, FP-SNS-STBOX1_V2.1.0, STM32Cube_FW_C0_V1.4.0, STM32Cube_FW_F4_V1.28.3, STM32Cube_FW_F7_V1.17.4, STM32Cube_FW_G0_V1.6.2, STM32Cube_FW_G4_V1.6.1, STM32Cube_FW_H5_V1.5.1, STM32Cube_FW_H7RS_V1.3.0, STM32Cube_FW_H7_V1.12.1, STM32Cube_FW_L0_V1.12.2, STM32Cube_FW_L4_V1.18.1, STM32Cube_FW_L5_V1.6.0, STM32Cube_FW_N6_V1.3.0, STM32Cube_FW_U0_V1.3.0, STM32Cube_FW_U3_V1.2.1, STM32Cube_FW_U5_V1.8.0, STM32Cube_FW_WB0_V1.4.0, STM32Cube_FW_WBA_V1.8.0, STM32Cube_FW_WB_V1.24.0, STM32Cube_FW_WL3_V1.3.0, STM32Cube_FW_WL_V1.4.0, X-CUBE-ALGOBUILD_V1.4.0, X-CUBE-ALS_V1.0.2, X-CUBE-AZRTOS-F4_V1.1.0, X-CUBE-AZRTOS-F7_V1.1.0, X-CUBE-AZRTOS-G0_V1.1.0, X-CUBE-AZRTOS-G4_V2.0.0, X-CUBE-AZRTOS-H7RS_V1.1.0, X-CUBE-AZRTOS-H7_V3.4.0, X-CUBE-AZRTOS-L4_V2.0.0, X-CUBE-AZRTOS-L5_V2.0.0, X-CUBE-AZRTOS-WB_V2.0.0, X-CUBE-AZRTOS-WL_V2.0.0, X-CUBE-BLE1_V7.1.0, X-CUBE-BLE2_V3.3.0, X-CUBE-BLEMGR_V4.1.0, X-CUBE-EEPRMA1_V5.2.0, X-CUBE-FREERTOS_V1.3.1, X-CUBE-GNSS1_V6.0.0, X-CUBE-MEMS1_V11.3.0, X-CUBE-NFC4_V3.0.0, X-CUBE-NFC7_V2.0.0, X-CUBE-SFXS2LP1_V4.0.0, X-CUBE-ST67W61_V1.1.0, X-CUBE-SUBG2_V5.0.0, X-CUBE-TOF1_V3.4.3]
2025-12-15 10:03:08,005 [INFO] DbBoardsSqlite:226 - include board P-NUCLEO-WB55-NUCLEO as a kit item of type 'Nucleo-64'
2025-12-15 10:03:08,005 [INFO] DbBoardsSqlite:226 - include board P-NUCLEO-WB55-USBDONGLE as a kit item of type 'Nucleo USB Dongle'
2025-12-15 10:03:08,005 [INFO] DbBoardsSqlite:226 - include board STEVAL-IDP005V1 as a kit item of type 'Evaluation Board'
2025-12-15 10:03:08,005 [INFO] DbBoardsSqlite:226 - include board STEVAL-IDP005V2 as a kit item of type 'Evaluation Board'
2025-12-15 10:03:08,054 [INFO] ApiDb:240 - Found 880 in-development CPN: [B-G473E-ZEST1S, B-WB1M-WPAN1, B-WBA5M-WPAN, B-WL5M-SUBG1, NUCLEO-C031C6, NUCLEO-C051C8, NUCLEO-C071RB, NUCLEO-C092RC, NUCLEO-H503RB, NUCLEO-H533RE, NUCLEO-H563ZI, NUCLEO-H7S3L8, NUCLEO-N657X0-Q, NUCLEO-U031R8, NUCLEO-U083RC, NUCLEO-U385RG-Q, NUCLEO-U545RE-Q, NUCLEO-U5A5ZJ-Q, NUCLEO-WB05KZ, NUCLEO-WB07CC, NUCLEO-WB09KE, NUCLEO-WBA52CG, NUCLEO-WBA55CG, NUCLEO-WL33CC1, NUCLEO-WL33CC2, STEVAL-PROTEUS1, STEVAL-SMARTAG2, STEVAL-STWINBX1, STM320518-EVAL, STM32C0116-DK, STM32C011D6Y3TR, STM32C011D6Y6TR, STM32C011F4P3, STM32C011F4P6, STM32C011F4U3, STM32C011F4U6TR, STM32C011F6P3, STM32C011F6P6, STM32C011F6U3, STM32C011F6U6TR, STM32C011J4M3, STM32C011J4M6, STM32C011J6M3, STM32C011J6M6, STM32C0316-DK, STM32C031C4T3, STM32C031C4T6, STM32C031C4U3, STM32C031C4U6, STM32C031C6T3, STM32C031C6T6, STM32C031C6U3, STM32C031C6U6, STM32C031F4P3, STM32C031F4P6, STM32C031F6P3, STM32C031F6P6, STM32C031G4U3, STM32C031G4U6, STM32C031G6U3, STM32C031G6U6, STM32C031K4T3, STM32C031K4T6, STM32C031K4U3, STM32C031K4U6, STM32C031K6T3, STM32C031K6T6, STM32C031K6U3, STM32C031K6U6, STM32C051C6T6, STM32C051C6U6, STM32C051C8T6, STM32C051C8U6, STM32C051D8Y6TR, STM32C051F6P6, STM32C051F8P6, STM32C051G6U6, STM32C051G8U6, STM32C051K6T6, STM32C051K6U6, STM32C051K8T6, STM32C071C8T6, STM32C071C8T6N, STM32C071C8U6, STM32C071C8U6N, STM32C071CBT6, STM32C071CBT6N, STM32C071CBU6, STM32C071CBU6N, STM32C071F8P6, STM32C071F8P6N, STM32C071FBP6, STM32C071FBP6N, STM32C071FBY6TR, STM32C071G8U6, STM32C071G8U6N, STM32C071GBU6, STM32C071GBU6N, STM32C071K8T6, STM32C071K8T6N, STM32C071K8U6, STM32C071K8U6N, STM32C071KBT6, STM32C071KBT6N, STM32C071KBU6, STM32C071KBU6N, STM32C071R8T6, STM32C071R8T6N, STM32C071RBI6N, STM32C071RBT6, STM32C071RBT6N, STM32C091CBT6, STM32C091CBU6, STM32C091CCT6, STM32C091CCU6, STM32C091ECY6TR, STM32C091FBP6, STM32C091FCP6, STM32C091GBU6, STM32C091GCU6, STM32C091KBT6, STM32C091KBU6, STM32C091KCT6, STM32C091KCU6, STM32C091RBT6, STM32C091RCI6, STM32C091RCT6, STM32C092CBT6, STM32C092CBU6, STM32C092CCT6, STM32C092CCU6, STM32C092ECY6TR, STM32C092FBP6, STM32C092FCP6, STM32C092GBU6, STM32C092GCU6, STM32C092KBT6, STM32C092KBU6, STM32C092KCT6, STM32C092KCU6, STM32C092RBT6, STM32C092RCI6, STM32C092RCT6, STM32G071K8TXN, STM32G071K8UXN, STM32G081GBU6N, STM32G081KBT6N, STM32G081KBUXN, STM32G0B1CCT6N, STM32G0B1KCT6, STM32G0B1NEY6TR, STM32G0B1RCT6N, STM32G0C1CCT6, STM32G0C1CCT6N, STM32G0C1CCU6N, STM32G0C1CET6N, STM32G0C1CEU6N, STM32G0C1KCT6, STM32G0C1NEY6TR, STM32G0C1RCI6N, STM32G0C1RCT6N, STM32G0C1REI6N, STM32G0C1RET6N, STM32G0C1VCI6, STM32G0C1VEI6, STM32G411C6T3, STM32G411C6T6, STM32G411C6U3, STM32G411C6U6, STM32G411C8T3, STM32G411C8T6, STM32G411C8U3, STM32G411C8U6, STM32G411CBT3, STM32G411CBT6, STM32G411CBU3, STM32G411CBU6, STM32G411K6T3, STM32G411K6T6, STM32G411K6U3, STM32G411K6U6, STM32G411K8T3, STM32G411K8T6, STM32G411K8U3, STM32G411K8U6, STM32G411KBT3, STM32G411KBT6, STM32G411KBU3, STM32G411KBU6, STM32G411M6T3, STM32G411M6T6, STM32G411M8T3, STM32G411M8T6, STM32G411MBT3, STM32G411MBT6, STM32G411R6T3, STM32G411R6T6, STM32G411R8T3, STM32G411R8T6, STM32G411RBT3, STM32G411RBT6, STM32G414CBT3, STM32G414CBT6, STM32G414CBU3, STM32G414CBU6, STM32G414CCT3, STM32G414CCT6, STM32G414CCU3, STM32G414CCU6, STM32G414MBT3, STM32G414MBT6, STM32G414MCT3, STM32G414MCT6, STM32G414RBT3, STM32G414RBT6, STM32G414RCT3, STM32G414RCT6, STM32G414VBT3, STM32G414VBT6, STM32G414VCT3, STM32G414VCT6, STM32G431CBT3Z, STM32G431RBT3Z, STM32G471CCT6, STM32G471CCU6, STM32G471CET3, STM32G471CET6, STM32G471CEU3, STM32G471CEU6, STM32G471MCT6, STM32G471MET3, STM32G471MET6, STM32G471MEY6TR, STM32G471QCT6, STM32G471QET3, STM32G471RCT6, STM32G471RET3, STM32G471RET6, STM32G471VCH6, STM32G471VCI6, STM32G471VCT6, STM32G471VEH3, STM32G471VEH6, STM32G471VEI3, STM32G471VEI6, STM32G471VET3, STM32G471VET6, STM32G473QET3Z, STM32G473RET3Z, STM32G474CCT6, STM32G491RET3Z, STM32H503CBT6, STM32H503CBU6, STM32H503EBY6TR, STM32H503KBU6, STM32H503RBT6, STM32H523CCT6, STM32H523CCU6, STM32H523CET6, STM32H523CEU6, STM32H523HEY6TR, STM32H523RCT6, STM32H523RET6, STM32H523VCI6, STM32H523VCT6, STM32H523VEI6, STM32H523VET6, STM32H523ZCJ6, STM32H523ZCT6, STM32H523ZEJ6, STM32H523ZET6, STM32H533CET6, STM32H533CEU6, STM32H533HEY6TR, STM32H533RET6, STM32H533VEI6, STM32H533VET6, STM32H533ZEJ6, STM32H533ZET6, STM32H562AGI6, STM32H562AII6, STM32H562IGK6, STM32H562IGT6, STM32H562IIK6, STM32H562IIT6, STM32H562RGT6, STM32H562RGV6, STM32H562RIT6, STM32H562RIV6, STM32H562VGT6, STM32H562VIT6, STM32H562ZGT6, STM32H562ZIT6, STM32H563AGI6, STM32H563AII3Q, STM32H563AII6, STM32H563IGK6, STM32H563IGT6, STM32H563IIK3Q, STM32H563IIK6, STM32H563IIT3Q, STM32H563IIT6, STM32H563MIY3QTR, STM32H563RGT6, STM32H563RGV6, STM32H563RIT6, STM32H563RIV6, STM32H563VGT6, STM32H563VIT3Q, STM32H563VIT6, STM32H563ZGT6, STM32H563ZIT3Q, STM32H563ZIT6, STM32H573AII3Q, STM32H573AII6, STM32H573I-DK, STM32H573IIK3Q, STM32H573IIK6, STM32H573IIT3Q, STM32H573IIT6, STM32H573MIY3QTR, STM32H573RIT6, STM32H573RIV6, STM32H573VIT3Q, STM32H573VIT6, STM32H573ZIT3Q, STM32H573ZIT6, STM32H7R3A8I6, STM32H7R3I8K6, STM32H7R3I8T6, STM32H7R3L8H6, STM32H7R3L8H6H, STM32H7R3R8V6, STM32H7R3V8H6, STM32H7R3V8T6, STM32H7R3V8Y6TR, STM32H7R3Z8J6, STM32H7R3Z8T6, STM32H7R7A8I6, STM32H7R7I8K6, STM32H7R7I8T6, STM32H7R7L8H6, STM32H7R7L8H6H, STM32H7R7Z8J6, STM32H7S3A8I6, STM32H7S3I8K6, STM32H7S3I8T6, STM32H7S3L8H6, STM32H7S3L8H6H, STM32H7S3R8V6, STM32H7S3V8H6, STM32H7S3V8T6, STM32H7S3V8Y6TR, STM32H7S3Z8J6, STM32H7S3Z8T6, STM32H7S78-DK, STM32H7S7A8I6, STM32H7S7I8K6, STM32H7S7I8T6, STM32H7S7L8H6, STM32H7S7L8H6H, STM32H7S7Z8J6, STM32L4R5QGI6STR, STM32MP131AAE3, STM32MP131AAF3, STM32MP131AAG3, STM32MP131CAE3, STM32MP131CAF3, STM32MP131CAG3, STM32MP131DAE7, STM32MP131DAF7, STM32MP131DAG7, STM32MP131FAE7, STM32MP131FAF7, STM32MP131FAG7, STM32MP133AAE3, STM32MP133AAF3, STM32MP133AAG3, STM32MP133CAE3, STM32MP133CAF3, STM32MP133CAG3, STM32MP133DAE7, STM32MP133DAF7, STM32MP133DAG7, STM32MP133FAE7, STM32MP133FAF7, STM32MP133FAG7, STM32MP135AAE3, STM32MP135AAF3, STM32MP135AAG3, STM32MP135CAE3, STM32MP135CAF3, STM32MP135CAG3, STM32MP135DAE7, STM32MP135DAF7, STM32MP135DAG7, STM32MP135F-DK, STM32MP135FAE7, STM32MP135FAF7, STM32MP135FAF7T, STM32MP135FAF7U, STM32MP135FAG7, STM32MP211AAL3, STM32MP211AAM3, STM32MP211AAN3, STM32MP211AAO3, STM32MP211CAL3, STM32MP211CAM3, STM32MP211CAN3, STM32MP211CAO3, STM32MP211DAL3, STM32MP211DAM3, STM32MP211DAN3, STM32MP211DAO3, STM32MP211FAL3, STM32MP211FAM3, STM32MP211FAN3, STM32MP211FAO3, STM32MP213AAL3, STM32MP213AAM3, STM32MP213AAN3, STM32MP213AAO3, STM32MP213CAL3, STM32MP213CAM3, STM32MP213CAN3, STM32MP213CAO3, STM32MP213DAL3, STM32MP213DAM3, STM32MP213DAN3, STM32MP213DAO3, STM32MP213FAL3, STM32MP213FAM3, STM32MP213FAN3, STM32MP213FAO3, STM32MP215AAL3, STM32MP215AAM3, STM32MP215AAN3, STM32MP215AAO3, STM32MP215CAL3, STM32MP215CAM3, STM32MP215CAN3, STM32MP215CAO3, STM32MP215DAL3, STM32MP215DAM3, STM32MP215DAN3, STM32MP215DAO3, STM32MP215F-DK, STM32MP215FAL3, STM32MP215FAM3, STM32MP215FAN3, STM32MP215FAO3, STM32MP231AAJ3, STM32MP231AAK3, STM32MP231AAL3, STM32MP231CAJ3, STM32MP231CAK3, STM32MP231CAL3, STM32MP231DAJ3, STM32MP231DAK3, STM32MP231DAL3, STM32MP231FAJ3, STM32MP231FAK3, STM32MP231FAL3, STM32MP233AAJ3, STM32MP233AAK3, STM32MP233AAL3, STM32MP233CAJ3, STM32MP233CAK3, STM32MP233CAL3, STM32MP233DAJ3, STM32MP233DAK3, STM32MP233DAL3, STM32MP233FAJ3, STM32MP233FAK3, STM32MP233FAL3, STM32MP235AAJ3, STM32MP235AAK3, STM32MP235AAL3, STM32MP235CAJ3, STM32MP235CAK3, STM32MP235CAL3, STM32MP235DAJ3, STM32MP235DAK3, STM32MP235DAL3, STM32MP235FAJ3, STM32MP235FAK3, STM32MP235FAL3, STM32MP251AAI3, STM32MP251AAK3, STM32MP251AAL3, STM32MP251CAI3, STM32MP251CAK3, STM32MP251CAL3, STM32MP251DAI3, STM32MP251DAK3, STM32MP251DAL3, STM32MP251FAI3, STM32MP251FAK3, STM32MP251FAL3, STM32MP253AAI3, STM32MP253AAK3, STM32MP253AAL3, STM32MP253CAI3, STM32MP253CAK3, STM32MP253CAL3, STM32MP253DAI3, STM32MP253DAK3, STM32MP253DAL3, STM32MP253FAI3, STM32MP253FAK3, STM32MP253FAL3, STM32MP255AAI3, STM32MP255AAK3, STM32MP255AAL3, STM32MP255CAI3, STM32MP255CAK3, STM32MP255CAL3, STM32MP255DAI3, STM32MP255DAK3, STM32MP255DAL3, STM32MP255FAI3, STM32MP255FAK3, STM32MP255FAL3, STM32MP257AAI3, STM32MP257AAK3, STM32MP257AAL3, STM32MP257CAI3, STM32MP257CAK3, STM32MP257CAL3, STM32MP257DAI3, STM32MP257DAK3, STM32MP257DAL3, STM32MP257F-DK, STM32MP257F-EV1, STM32MP257FAI3, STM32MP257FAK3, STM32MP257FAL3, STM32N645A0H3Q, STM32N645B0H3Q, STM32N645I0H3Q, STM32N645L0H3Q, STM32N645X0H3Q, STM32N645Z0H3Q, STM32N647A0H3Q, STM32N647B0H3Q, STM32N647I0H3Q, STM32N647L0H3Q, STM32N647X0H3Q, STM32N647Z0H3Q, STM32N655A0H3Q, STM32N655B0H3Q, STM32N655I0H3Q, STM32N655L0H3Q, STM32N655X0H3Q, STM32N655Z0H3Q, STM32N6570-DK, STM32N657A0H3Q, STM32N657B0H3Q, STM32N657I0H3Q, STM32N657L0H3Q, STM32N657X0H3Q, STM32N657Z0H3Q, STM32U031C6T6, STM32U031C6U6, STM32U031C8T6, STM32U031C8U6, STM32U031F4P6, STM32U031F6P6, STM32U031F8P6, STM32U031G6Y6TR, STM32U031G8Y6TR, STM32U031K4U6, STM32U031K6U6, STM32U031K8U6, STM32U031R6I6, STM32U031R6T6, STM32U031R8I6, STM32U031R8T6, STM32U073C8T6, STM32U073C8U6, STM32U073CBT6, STM32U073CBU6, STM32U073CCT6, STM32U073CCU6, STM32U073H8Y6TR, STM32U073HBY6TR, STM32U073HCY6TR, STM32U073K8U6, STM32U073KBU6, STM32U073KCU6, STM32U073M8I6, STM32U073M8T6, STM32U073MBI6, STM32U073MBT6, STM32U073MCI6, STM32U073MCT6, STM32U073R8I6, STM32U073R8T6, STM32U073RBI6, STM32U073RBT6, STM32U073RCI6, STM32U073RCT6, STM32U083C-DK, STM32U083CCT6, STM32U083CCU6, STM32U083HCY6TR, STM32U083KCU6, STM32U083MCI6, STM32U083MCT6, STM32U083RCI6, STM32U083RCT6, STM32U375CET6, STM32U375CET6Q, STM32U375CEU6, STM32U375CEU6Q, STM32U375CEY6QTR, STM32U375CGT6, STM32U375CGT6Q, STM32U375CGU6, STM32U375CGU6Q, STM32U375CGY6QTR, STM32U375KEU6, STM32U375KGU6, STM32U375REI6, STM32U375REI6Q, STM32U375RET6, STM32U375RET6Q, STM32U375REY6GTR, STM32U375REY6QTR, STM32U375RGI6, STM32U375RGI6Q, STM32U375RGT6, STM32U375RGT6Q, STM32U375RGY6GTR, STM32U375RGY6QTR, STM32U375VEI6, STM32U375VEI6Q, STM32U375VET6, STM32U375VET6Q, STM32U375VGI6, STM32U375VGI6Q, STM32U375VGT6, STM32U375VGT6Q, STM32U385CGT6, STM32U385CGT6Q, STM32U385CGU6, STM32U385CGU6Q, STM32U385CGY6QTR, STM32U385KGU6, STM32U385RGI6, STM32U385RGI6Q, STM32U385RGT6, STM32U385RGT6Q, STM32U385RGY6GTR, STM32U385RGY6QTR, STM32U385VGI6, STM32U385VGI6Q, STM32U385VGT6, STM32U385VGT6Q, STM32U535CBT6, STM32U535CBT6Q, STM32U535CBU6, STM32U535CBU6Q, STM32U535CCT6, STM32U535CCT6Q, STM32U535CCU6, STM32U535CCU6Q, STM32U535CET6, STM32U535CET6Q, STM32U535CEU6, STM32U535CEU6Q, STM32U535JEY6QTR, STM32U535NCY6QTR, STM32U535NEY6QTR, STM32U535RBI6, STM32U535RBI6Q, STM32U535RBT6, STM32U535RBT6Q, STM32U535RCI6, STM32U535RCI6Q, STM32U535RCT6, STM32U535RCT6Q, STM32U535REI6, STM32U535REI6Q, STM32U535RET6, STM32U535RET6Q, STM32U535VCI6, STM32U535VCI6Q, STM32U535VCT6, STM32U535VCT6Q, STM32U535VEI6, STM32U535VEI6Q, STM32U535VET6, STM32U535VET6Q, STM32U545CET6, STM32U545CET6Q, STM32U545CEU6, STM32U545CEU6Q, STM32U545JEY6QTR, STM32U545NEY6QTR, STM32U545REI6, STM32U545REI6Q, STM32U545RET6, STM32U545RET6Q, STM32U545VEI6, STM32U545VEI6Q, STM32U545VET6, STM32U545VET6Q, STM32U595AIH6, STM32U595AIH6Q, STM32U595AJH6, STM32U595AJH6Q, STM32U595QII6, STM32U595QII6Q, STM32U595QJI6, STM32U595QJI6Q, STM32U595RIT6, STM32U595RIT6Q, STM32U595RJT6, STM32U595RJT6Q, STM32U595VIT6, STM32U595VIT6Q, STM32U595VJT6, STM32U595VJT6Q, STM32U595ZIT6, STM32U595ZIT6Q, STM32U595ZIY6QTR, STM32U595ZJT6, STM32U595ZJT6Q, STM32U595ZJY6QTR, STM32U599BJY6QTR, STM32U599NIH6Q, STM32U599NJH6Q, STM32U599VIT6Q, STM32U599VJT6, STM32U599VJT6Q, STM32U599ZIT6Q, STM32U599ZIY6QTR, STM32U599ZJT6Q, STM32U599ZJY6QTR, STM32U5A5AJH6, STM32U5A5AJH6Q, STM32U5A5QII3Q , STM32U5A5QJI6, STM32U5A5QJI6Q, STM32U5A5RJT6, STM32U5A5RJT6Q, STM32U5A5VJT6, STM32U5A5VJT6Q, STM32U5A5ZJT6, STM32U5A5ZJT6Q, STM32U5A5ZJY6QTR, STM32U5A9BJY6QTR, STM32U5A9J-DK, STM32U5A9NJH6Q, STM32U5A9VJT6Q, STM32U5A9ZJT6Q, STM32U5A9ZJY6QTR, STM32U5F7VIT6, STM32U5F7VIT6Q, STM32U5F7VJT6, STM32U5F7VJT6Q, STM32U5F9BJY6QTR, STM32U5F9NJH6Q, STM32U5F9VIT6Q, STM32U5F9VJT6Q, STM32U5F9ZIJ6QTR, STM32U5F9ZIT6Q, STM32U5F9ZJJ6QTR, STM32U5F9ZJT6Q, STM32U5G7VJT6, STM32U5G7VJT6Q, STM32U5G9BJY6QTR, STM32U5G9J-DK1, STM32U5G9J-DK2, STM32U5G9NJH6Q, STM32U5G9VJT6Q, STM32U5G9ZJJ6QTR, STM32U5G9ZJT6Q, STM32WB05KZV6TR, STM32WB05KZV7TR, STM32WB05TZF6TR, STM32WB05TZF7TR, STM32WB06CCF6TR, STM32WB06CCF7TR, STM32WB06CCV6TR, STM32WB06CCV7TR, STM32WB06KCV6TR, STM32WB06KCV7TR, STM32WB07CCF6TR, STM32WB07CCF7TR, STM32WB07CCV6TR, STM32WB07CCV7TR, STM32WB07KCV6TR, STM32WB07KCV7TR, STM32WB09KEV6TR, STM32WB09KEV7TR, STM32WB09TEF6TR, STM32WB09TEF7TR, STM32WB1MMCH6, STM32WBA50KGU6, STM32WBA50KGU6TR, STM32WBA52CEU6, STM32WBA52CEU6TR, STM32WBA52CEU7, STM32WBA52CEU7TR, STM32WBA52CGU6, STM32WBA52CGU6TR, STM32WBA52CGU6U, STM32WBA52CGU7, STM32WBA52CGU7TR, STM32WBA52KEU6, STM32WBA52KEU6TR, STM32WBA52KGU6, STM32WBA52KGU6TR, STM32WBA54CEU6, STM32WBA54CEU6TR, STM32WBA54CEU7, STM32WBA54CEU7TR, STM32WBA54CGU6, STM32WBA54CGU6TR, STM32WBA54CGU7, STM32WBA54CGU7TR, STM32WBA54KEU6, STM32WBA54KEU6TR, STM32WBA54KEU7, STM32WBA54KEU7TR, STM32WBA54KGU6, STM32WBA54KGU6TR, STM32WBA54KGU7, STM32WBA54KGU7TR, STM32WBA55CEU6, STM32WBA55CEU6TR, STM32WBA55CEU7, STM32WBA55CEU7TR, STM32WBA55CGU6, STM32WBA55CGU6TR, STM32WBA55CGU6U, STM32WBA55CGU7, STM32WBA55CGU7TR, STM32WBA55G-DK1, STM32WBA55HEF6, STM32WBA55HEF7, STM32WBA55HGF6, STM32WBA55HGF7, STM32WBA55UEI6, STM32WBA55UEI6TR, STM32WBA55UEI7, STM32WBA55UEI7TR, STM32WBA55UGI6, STM32WBA55UGI6TR, STM32WBA55UGI7, STM32WBA55UGI7TR, STM32WBA5MMGH6TR, STM32WBA62MGF6, STM32WBA62MIF6, STM32WBA65MGF7, STM32WBA65MIF6, STM32WBA65MIF7, STM32WL30K8V6, STM32WL30KBV6, STM32WL31C8V6, STM32WL31CBV6, STM32WL31K8V6, STM32WL31KBV6, STM32WL33C8V6, STM32WL33C8V6X, STM32WL33CBV6, STM32WL33CBV6X, STM32WL33CCV6, STM32WL33CCV6A, STM32WL33CCV6X, STM32WL33K8V7, STM32WL33K8V7X, STM32WL33KBV7 , STM32WL33KBV7X, STM32WL33KCV7, STM32WL33KCV7X, STM32WL5MOCH6, STM32WL5MOCH6TR]
2025-12-15 10:03:08,301 [INFO] BoardInfo:889 - No configuration file found for board P-NUCLEO-WB55
2025-12-15 10:03:08,302 [INFO] DbBoards:161 - Kit is not supported: P-NUCLEO-WB55
2025-12-15 10:03:08,309 [INFO] BoardInfo:889 - No configuration file found for board STEVAL-BFA001V1B
2025-12-15 10:03:08,312 [INFO] DbBoards:161 - Kit is not supported: STEVAL-BFA001V1B
2025-12-15 10:03:08,313 [INFO] BoardInfo:889 - No configuration file found for board STEVAL-BFA001V2B
2025-12-15 10:03:08,314 [INFO] DbBoards:161 - Kit is not supported: STEVAL-BFA001V2B
2025-12-15 10:03:08,612 [INFO] DbBoards:168 - Found 212 boards, 209 are supported
2025-12-15 10:03:08,612 [INFO] DbBoards:169 - Found 212 boards, 43 of them is supported for  Bsp
2025-12-15 10:03:08,615 [INFO] ApiDb:423 - Load user favorites file C:\Users\aditi/.stm32cubeide/favorites.boards.txt: 0 item(s)
2025-12-15 10:03:08,615 [INFO] ApiDb:427 - User favorites Boards=[]
2025-12-15 10:03:08,616 [INFO] DbBoards:198 - Set 0 / 0 favorites Boards
2025-12-15 10:03:08,619 [INFO] ApiDb:668 - CubeFinder database Data Model version=2.1
2025-12-15 10:03:08,619 [INFO] ApiDb:669 - CubeFinder database Configuration version=3.0.39
2025-12-15 10:03:08,619 [INFO] ApiDb:670 - CubeFinder database generation date=2025-11-05 (1762334721)
2025-12-15 10:03:08,619 [INFO] ApiDb:671 - CubeFinder database FW Pack versions=[FP-ATR-ASTRA1_V2.0.0, FP-SNS-FLIGHT1_V5.1.0, FP-SNS-MOTENV1_V5.1.0, FP-SNS-MOTENVWB1_V1.4.0, FP-SNS-SMARTAG2_V1.2.0, FP-SNS-STBOX1_V2.1.0, STM32Cube_FW_C0_V1.4.0, STM32Cube_FW_F4_V1.28.3, STM32Cube_FW_F7_V1.17.4, STM32Cube_FW_G0_V1.6.2, STM32Cube_FW_G4_V1.6.1, STM32Cube_FW_H5_V1.5.1, STM32Cube_FW_H7RS_V1.3.0, STM32Cube_FW_H7_V1.12.1, STM32Cube_FW_L0_V1.12.2, STM32Cube_FW_L4_V1.18.1, STM32Cube_FW_L5_V1.6.0, STM32Cube_FW_N6_V1.3.0, STM32Cube_FW_U0_V1.3.0, STM32Cube_FW_U3_V1.2.1, STM32Cube_FW_U5_V1.8.0, STM32Cube_FW_WB0_V1.4.0, STM32Cube_FW_WBA_V1.8.0, STM32Cube_FW_WB_V1.24.0, STM32Cube_FW_WL3_V1.3.0, STM32Cube_FW_WL_V1.4.0, X-CUBE-ALGOBUILD_V1.4.0, X-CUBE-ALS_V1.0.2, X-CUBE-AZRTOS-F4_V1.1.0, X-CUBE-AZRTOS-F7_V1.1.0, X-CUBE-AZRTOS-G0_V1.1.0, X-CUBE-AZRTOS-G4_V2.0.0, X-CUBE-AZRTOS-H7RS_V1.1.0, X-CUBE-AZRTOS-H7_V3.4.0, X-CUBE-AZRTOS-L4_V2.0.0, X-CUBE-AZRTOS-L5_V2.0.0, X-CUBE-AZRTOS-WB_V2.0.0, X-CUBE-AZRTOS-WL_V2.0.0, X-CUBE-BLE1_V7.1.0, X-CUBE-BLE2_V3.3.0, X-CUBE-BLEMGR_V4.1.0, X-CUBE-EEPRMA1_V5.2.0, X-CUBE-FREERTOS_V1.3.1, X-CUBE-GNSS1_V6.0.0, X-CUBE-MEMS1_V11.3.0, X-CUBE-NFC4_V3.0.0, X-CUBE-NFC7_V2.0.0, X-CUBE-SFXS2LP1_V4.0.0, X-CUBE-ST67W61_V1.1.0, X-CUBE-SUBG2_V5.0.0, X-CUBE-TOF1_V3.4.3]
2025-12-15 10:03:09,271 [ERROR] DbExamplesSqlite:437 - Missing JSON key: board_cpn
2025-12-15 10:03:09,271 [ERROR] DbExamplesSqlite:437 - Missing JSON key: board_cpn
2025-12-15 10:03:09,271 [ERROR] DbExamplesSqlite:437 - Missing JSON key: board_cpn
2025-12-15 10:03:09,272 [ERROR] DbExamplesSqlite:437 - Missing JSON key: board_cpn
2025-12-15 10:03:09,636 [ERROR] DbExamplesSqlite:437 - Missing JSON key: board_cpn
2025-12-15 10:03:09,637 [ERROR] DbExamplesSqlite:437 - Missing JSON key: board_cpn
2025-12-15 10:03:09,647 [INFO] DbExamplesSqlite:395 - Ignored 42 examples not supported by CubeIDE
2025-12-15 10:03:09,648 [INFO] DbExamplesSqlite:396 - Found 10883 examples active
2025-12-15 10:03:09,648 [INFO] DbExamplesSqlite:397 - Found 0 examples obsolete
2025-12-15 10:03:09,648 [INFO] DbExamplesSqlite:398 - Found 0 examples under development
2025-12-15 10:03:09,648 [INFO] DbExamplesSqlite:399 - Found 85 examples not building
2025-12-15 10:03:09,650 [INFO] DbExamples:125 - Found 10926 examples
2025-12-15 10:03:09,698 [ERROR] DbExamples:208 - Found 73 examples with invalid data (board or MCU)
2025-12-15 10:03:09,699 [INFO] DbExamples:222 - Found 134 boards with related examples
2025-12-15 10:03:09,700 [INFO] DbExamples:235 - Found 111 MCUs with related examples
2025-12-15 10:03:09,720 [INFO] ApiDb:414 - User favorites file not found: C:\Users\aditi/.stm32cubeide/favorites.examples.txt
2025-12-15 10:03:09,720 [INFO] DbExamples:250 - Set 0 / 0 favorites Examples
2025-12-15 10:03:10,343 [INFO] McuFinderGlobals:76 - Set McuFinderConnectedMode to true
2025-12-15 10:03:10,353 [INFO] MultiScanPanel:200 - Auto-refresh data requested => check proxy status ongoing
2025-12-15 10:03:10,357 [INFO] FinderPluginLoader:96 - Searching for filters in installed packs
2025-12-15 10:03:10,389 [INFO] MainUpdater:2872 - connection check result : 10
2025-12-15 10:03:12,051 [INFO] LoadUrlFilesThread:185 - End of LoadServerUrlFiles without Thread
2025-12-15 10:03:12,067 [INFO] DetailPanel:341 - Set advertising image to C:/Users/aditi/STM32Cube/Repository/\en.prom-st67w-expansion-board.png
2025-12-15 10:03:13,631 [INFO] McuFinderGlobals:76 - Set McuFinderConnectedMode to true
2025-12-15 10:03:13,635 [INFO] MultiScanPanel:200 - Auto-refresh data requested => check proxy status ongoing
2025-12-15 10:03:13,635 [INFO] FinderPluginLoader:96 - Searching for filters in installed packs
2025-12-15 10:03:15,053 [INFO] LoadUrlFilesThread:185 - End of LoadServerUrlFiles without Thread
2025-12-15 10:03:15,053 [INFO] DetailPanel:341 - Set advertising image to C:/Users/aditi/STM32Cube/Repository/\en.prom-st67w-expansion-board.png
2025-12-15 10:07:18,731 [INFO] WebApp:194 - Connection lost
2025-12-15 10:07:21,482 [INFO] WebApp:191 - Connection restablished
2025-12-15 10:07:23,481 [INFO] WebApp:194 - Connection lost
2025-12-15 10:07:23,670 [INFO] WebApp:191 - Connection restablished
2025-12-15 10:35:43,457 [INFO] WebApp:194 - Connection lost
2025-12-15 10:35:58,670 [INFO] WebApp:191 - Connection restablished
2025-12-15 10:36:00,484 [INFO] WebApp:194 - Connection lost
2025-12-15 10:36:00,738 [INFO] WebApp:191 - Connection restablished
2025-12-15 10:37:54,838 [INFO] WebApp:403 - JxBrowser engine has been closed 
2025-12-15 10:41:39,538 [INFO] Activator:176 - 


2025-12-15 10:41:39,540 [INFO] Activator:177 - !SESSION log4j initialized
2025-12-15 10:41:44,858 [INFO] LogOutputStream:77 - [STDOUT_REDIRECT] 
2025-12-15 10:41:47,512 [INFO] ApplicationProperties:184 - Using Application install path: C:\ST\STM32CubeIDE_1.19.0\STM32CubeIDE\plugins\com.st.stm32cube.common.mx_6.15.0.202507011659
2025-12-15 10:41:47,532 [INFO] DbMcusXml:78 - Set database path to: C:\ST\STM32CubeIDE_1.19.0\STM32CubeIDE\plugins\com.st.stm32cube.common.mx_6.15.0.202507011659\\db\/mcu/
2025-12-15 10:41:47,532 [INFO] ApiDb:274 - Set plugin database path to: C:\ST\STM32CubeIDE_1.19.0\STM32CubeIDE\plugins\com.st.stm32cube.common.mx_6.15.0.202507011659\\db\/plugins/boardmanager/
2025-12-15 10:41:47,533 [WARN] ApiDb:259 - Overriding images path with different value:  => C:\ST\STM32CubeIDE_1.19.0\STM32CubeIDE\plugins\com.st.stm32cube.common.mx_6.15.0.202507011659\\db\/plugins/mcufinder/images/
2025-12-15 10:41:47,543 [INFO] ApiDb:250 - Set database path to: C:\Users\aditi\.stmcufinder\plugins\mcufinder//mcu/
2025-12-15 10:41:47,544 [INFO] DbMcusAds:125 - Set database path to: C:\Users\aditi\.stmcufinder\plugins\mcufinder//mcu/
2025-12-15 10:41:47,547 [INFO] CrossReferenceDbSqlite:203 - Set database path to: C:\Users\aditi\.stmcufinder\plugins\mcufinder//mcu/cs/
2025-12-15 10:41:47,691 [INFO] RulesReader:64 - Compatibility file has been processed (317 Rules)
2025-12-15 10:41:47,791 [INFO] DbMcusXml:78 - Set database path to: C:\ST\STM32CubeIDE_1.19.0\STM32CubeIDE\plugins\com.st.stm32cube.common.mx_6.15.0.202507011659\\db\/mcu/
2025-12-15 10:41:47,791 [INFO] ApiDb:274 - Set plugin database path to: C:\ST\STM32CubeIDE_1.19.0\STM32CubeIDE\plugins\com.st.stm32cube.common.mx_6.15.0.202507011659\\db\/plugins/boardmanager/
2025-12-15 10:41:47,791 [INFO] ApiDb:261 - Set plugin images path to: C:\ST\STM32CubeIDE_1.19.0\STM32CubeIDE\plugins\com.st.stm32cube.common.mx_6.15.0.202507011659\\db\/plugins/mcufinder/images/
2025-12-15 10:41:47,791 [WARN] DbFile:41 - Overriding database path with different value: C:\Users\aditi\.stmcufinder\plugins\mcufinder/ => C:\Users\aditi\.stmcufinder\plugins\mcufinder
2025-12-15 10:41:47,791 [INFO] ApiDb:250 - Set database path to: C:\Users\aditi\.stmcufinder\plugins\mcufinder//mcu/
2025-12-15 10:41:47,791 [WARN] DbFile:41 - Overriding database path with different value: C:\Users\aditi\.stmcufinder\plugins\mcufinder/ => C:\Users\aditi\.stmcufinder\plugins\mcufinder
2025-12-15 10:41:47,793 [INFO] DbMcusAds:125 - Set database path to: C:\Users\aditi\.stmcufinder\plugins\mcufinder//mcu/
2025-12-15 10:41:47,793 [WARN] DbFile:41 - Overriding database path with different value: C:\Users\aditi\.stmcufinder\plugins\mcufinder/ => C:\Users\aditi\.stmcufinder\plugins\mcufinder
2025-12-15 10:41:47,793 [WARN] DbFile:41 - Overriding database path with different value: C:\Users\aditi\.stmcufinder\plugins\mcufinder/ => C:\Users\aditi\.stmcufinder\plugins\mcufinder
2025-12-15 10:41:47,793 [INFO] CrossReferenceDbSqlite:203 - Set database path to: C:\Users\aditi\.stmcufinder\plugins\mcufinder//mcu/cs/
2025-12-15 10:41:47,885 [INFO] MainPanel:274 - HeapMemory: 268435456
2025-12-15 10:41:48,023 [INFO] DbMcusXml:78 - Set database path to: C:\ST\STM32CubeIDE_1.19.0\STM32CubeIDE\plugins\com.st.stm32cube.common.mx_6.15.0.202507011659\\db\/mcu/
2025-12-15 10:41:48,024 [INFO] ApiDb:274 - Set plugin database path to: C:\ST\STM32CubeIDE_1.19.0\STM32CubeIDE\plugins\com.st.stm32cube.common.mx_6.15.0.202507011659\\db\/plugins/boardmanager/
2025-12-15 10:41:48,024 [INFO] ApiDb:261 - Set plugin images path to: C:\ST\STM32CubeIDE_1.19.0\STM32CubeIDE\plugins\com.st.stm32cube.common.mx_6.15.0.202507011659\\db\/plugins/mcufinder/images/
2025-12-15 10:41:48,024 [WARN] DbFile:41 - Overriding database path with different value: C:\Users\aditi\.stmcufinder\plugins\mcufinder/ => C:\Users\aditi\.stmcufinder\plugins\mcufinder
2025-12-15 10:41:48,024 [INFO] ApiDb:250 - Set database path to: C:\Users\aditi\.stmcufinder\plugins\mcufinder//mcu/
2025-12-15 10:41:48,024 [WARN] DbFile:41 - Overriding database path with different value: C:\Users\aditi\.stmcufinder\plugins\mcufinder/ => C:\Users\aditi\.stmcufinder\plugins\mcufinder
2025-12-15 10:41:48,024 [INFO] DbMcusAds:125 - Set database path to: C:\Users\aditi\.stmcufinder\plugins\mcufinder//mcu/
2025-12-15 10:41:48,024 [WARN] DbFile:41 - Overriding database path with different value: C:\Users\aditi\.stmcufinder\plugins\mcufinder/ => C:\Users\aditi\.stmcufinder\plugins\mcufinder
2025-12-15 10:41:48,024 [WARN] DbFile:41 - Overriding database path with different value: C:\Users\aditi\.stmcufinder\plugins\mcufinder/ => C:\Users\aditi\.stmcufinder\plugins\mcufinder
2025-12-15 10:41:48,024 [INFO] CrossReferenceDbSqlite:203 - Set database path to: C:\Users\aditi\.stmcufinder\plugins\mcufinder//mcu/cs/
2025-12-15 10:41:48,045 [INFO] ApplicationProperties:184 - Using Application install path: C:\ST\STM32CubeIDE_1.19.0\STM32CubeIDE\plugins\com.st.stm32cube.common.mx_6.15.0.202507011659
2025-12-15 10:41:48,046 [INFO] PluginManage:196 - Search for loadable plugins [exclusion list=, ]
2025-12-15 10:41:48,048 [INFO] PluginManage:310 - Check plugin analytics
2025-12-15 10:41:48,454 [INFO] AnalyticsPlugin:253 - Accepted Software Licenses: 
2025-12-15 10:41:48,455 [INFO] AnalyticsPlugin:255 - Accepted CMSIS Pack Licenses: 
2025-12-15 10:41:48,455 [INFO] AnalyticsPlugin:257 - Accepted Firmware Licenses: 
2025-12-15 10:41:48,469 [INFO] PluginManage:359 - Loaded plugin analytics (category:tool,tabindex:-1)
2025-12-15 10:41:48,469 [INFO] PluginManage:310 - Check plugin cadmodel
2025-12-15 10:41:48,486 [INFO] CADModel:105 - Init CAD model plugin
2025-12-15 10:41:48,486 [INFO] PluginManage:359 - Loaded plugin cadmodel (category:power,tabindex:5)
2025-12-15 10:41:48,488 [INFO] PluginManage:310 - Check plugin clock
2025-12-15 10:41:48,527 [INFO] PluginManage:359 - Loaded plugin clock (category:base,tabindex:2)
2025-12-15 10:41:48,527 [INFO] PluginManage:310 - Check plugin ddr
2025-12-15 10:41:48,536 [INFO] PluginManage:359 - Loaded plugin ddr (category:tool,tabindex:6)
2025-12-15 10:41:48,537 [INFO] PluginManage:310 - Check plugin filemanager
2025-12-15 10:41:48,744 [INFO] PluginManage:359 - Loaded plugin filemanager (category:base,tabindex:10)
2025-12-15 10:41:48,744 [INFO] PluginManage:310 - Check plugin ipmanager
2025-12-15 10:41:48,751 [INFO] PluginManage:359 - Loaded plugin ipmanager (category:base,tabindex:5)
2025-12-15 10:41:48,751 [INFO] PluginManage:310 - Check plugin lpbam
2025-12-15 10:41:48,759 [INFO] PluginManage:359 - Loaded plugin lpbam (category:base,tabindex:0)
2025-12-15 10:41:48,759 [INFO] PluginManage:310 - Check plugin memorymap
2025-12-15 10:41:48,778 [INFO] PluginManage:359 - Loaded plugin memorymap (category:base,tabindex:4)
2025-12-15 10:41:48,778 [INFO] PluginManage:310 - Check plugin pinoutandconfiguration
2025-12-15 10:41:48,789 [INFO] PluginManage:359 - Loaded plugin pinoutandconfiguration (category:base,tabindex:1)
2025-12-15 10:41:48,790 [INFO] PluginManage:310 - Check plugin pinoutconfig
2025-12-15 10:41:48,880 [WARN] SupportedApi:132 - Cannot load RTOS API schema: s4s-elt-must-match.1: The content of 'definitions' must match (annotation?, (simpleType | complexType)?, (unique | key | keyref)*)). A problem was found starting at: attribute.
2025-12-15 10:41:49,004 [INFO] PluginManage:359 - Loaded plugin pinoutconfig (category:base,tabindex:0)
2025-12-15 10:41:49,004 [INFO] PluginManage:310 - Check plugin power
2025-12-15 10:41:49,012 [INFO] PluginManage:359 - Loaded plugin power (category:power,tabindex:4)
2025-12-15 10:41:49,012 [INFO] PluginManage:310 - Check plugin projectmanager
2025-12-15 10:41:49,044 [INFO] PluginManage:359 - Loaded plugin projectmanager (category:projectmanager,tabindex:4)
2025-12-15 10:41:49,045 [INFO] PluginManage:310 - Check plugin rif
2025-12-15 10:41:49,053 [INFO] PluginManage:359 - Loaded plugin rif (category:base,tabindex:3)
2025-12-15 10:41:49,054 [INFO] PluginManage:310 - Check plugin thirdparty
2025-12-15 10:41:49,241 [WARN] IntegrityCheckThread:84 - waiting for thirdparty lock release [integrity check]
2025-12-15 10:41:49,242 [INFO] IntegrityCheckThread:86 - entering critical section [integrity check]
2025-12-15 10:41:49,242 [INFO] ThirdPartyUpdaterWithRetryManager:70 - Updater plugin not ready yet. [1/15]
2025-12-15 10:41:49,243 [INFO] PluginManage:359 - Loaded plugin thirdparty (category:base,tabindex:-1)
2025-12-15 10:41:49,243 [INFO] PluginManage:310 - Check plugin tools
2025-12-15 10:41:49,246 [INFO] PluginManage:359 - Loaded plugin tools (category:base,tabindex:7)
2025-12-15 10:41:49,246 [INFO] PluginManage:310 - Check plugin tutovideos
2025-12-15 10:41:49,498 [INFO] PluginManage:359 - Loaded plugin tutovideos (category:base,tabindex:-1)
2025-12-15 10:41:49,499 [INFO] PluginManage:310 - Check plugin updater
2025-12-15 10:41:49,539 [INFO] PluginManage:359 - Loaded plugin updater (category:base,tabindex:12)
2025-12-15 10:41:49,539 [INFO] PluginManage:310 - Check plugin userauth
2025-12-15 10:41:49,543 [INFO] UserAuth:118 - Init User Auth plugin
2025-12-15 10:41:49,545 [INFO] PluginManage:359 - Loaded plugin userauth (category:base,tabindex:14)
2025-12-15 10:41:49,545 [INFO] PluginManage:283 - PluginManage : Loaded plugins [18]
2025-12-15 10:41:49,825 [INFO] PinOutPanel:1589 - setPackage(No Configuration,No Configuration)
2025-12-15 10:41:49,928 [INFO] CADModel:165 - CPN selected for project level
2025-12-15 10:41:49,928 [INFO] CADModel:114 - Register for checkConnection events
2025-12-15 10:41:49,956 [INFO] IPUIPlugin:80 - create IPUIPlugin
2025-12-15 10:41:49,957 [INFO] PluginManager:220 - loadIPPluginJar : add adc
2025-12-15 10:41:49,961 [INFO] IPUIPlugin:80 - create IPUIPlugin
2025-12-15 10:41:49,961 [INFO] PluginManager:220 - loadIPPluginJar : add aes
2025-12-15 10:41:49,967 [INFO] IPUIPlugin:80 - create IPUIPlugin
2025-12-15 10:41:49,968 [INFO] PluginManager:220 - loadIPPluginJar : add can
2025-12-15 10:41:49,971 [INFO] IPUIPlugin:80 - create IPUIPlugin
2025-12-15 10:41:49,971 [INFO] PluginManager:220 - loadIPPluginJar : add comp
2025-12-15 10:41:49,976 [INFO] IPUIPlugin:80 - create IPUIPlugin
2025-12-15 10:41:49,976 [INFO] PluginManager:220 - loadIPPluginJar : add cryp
2025-12-15 10:41:49,981 [INFO] IPUIPlugin:80 - create IPUIPlugin
2025-12-15 10:41:49,982 [INFO] PluginManager:220 - loadIPPluginJar : add ddr_ctrl_phy
2025-12-15 10:41:49,987 [INFO] IPUIPlugin:80 - create IPUIPlugin
2025-12-15 10:41:49,987 [INFO] PluginManager:220 - loadIPPluginJar : add dfsdm
2025-12-15 10:41:49,996 [INFO] IPUIPlugin:80 - create IPUIPlugin
2025-12-15 10:41:49,997 [INFO] PluginManager:220 - loadIPPluginJar : add dma
2025-12-15 10:41:50,002 [INFO] IPUIPlugin:80 - create IPUIPlugin
2025-12-15 10:41:50,003 [INFO] PluginManager:220 - loadIPPluginJar : add dma3
2025-12-15 10:41:50,008 [INFO] IPUIPlugin:80 - create IPUIPlugin
2025-12-15 10:41:50,008 [INFO] PluginManager:220 - loadIPPluginJar : add extmemmanager
2025-12-15 10:41:50,011 [INFO] IPUIPlugin:80 - create IPUIPlugin
2025-12-15 10:41:50,012 [INFO] PluginManager:220 - loadIPPluginJar : add fatfs
2025-12-15 10:41:50,020 [INFO] IPUIPlugin:80 - create IPUIPlugin
2025-12-15 10:41:50,021 [INFO] PluginManager:220 - loadIPPluginJar : add fmc
2025-12-15 10:41:50,034 [INFO] IPUIPlugin:80 - create IPUIPlugin
2025-12-15 10:41:50,034 [INFO] PluginManager:220 - loadIPPluginJar : add freertos
2025-12-15 10:41:50,037 [INFO] IPUIPlugin:80 - create IPUIPlugin
2025-12-15 10:41:50,037 [INFO] PluginManager:220 - loadIPPluginJar : add genericplugin
2025-12-15 10:41:50,042 [INFO] IPUIPlugin:80 - create IPUIPlugin
2025-12-15 10:41:50,043 [INFO] PluginManager:220 - loadIPPluginJar : add gfxmmu
2025-12-15 10:41:50,051 [INFO] IPUIPlugin:80 - create IPUIPlugin
2025-12-15 10:41:50,051 [INFO] PluginManager:220 - loadIPPluginJar : add gic
2025-12-15 10:41:50,058 [INFO] IPUIPlugin:80 - create IPUIPlugin
2025-12-15 10:41:50,059 [INFO] PluginManager:220 - loadIPPluginJar : add gpio
2025-12-15 10:41:50,064 [INFO] IPUIPlugin:80 - create IPUIPlugin
2025-12-15 10:41:50,064 [INFO] PluginManager:220 - loadIPPluginJar : add gtzc
2025-12-15 10:41:50,069 [INFO] IPUIPlugin:80 - create IPUIPlugin
2025-12-15 10:41:50,069 [INFO] PluginManager:220 - loadIPPluginJar : add hash
2025-12-15 10:41:50,074 [INFO] IPUIPlugin:80 - create IPUIPlugin
2025-12-15 10:41:50,074 [INFO] PluginManager:220 - loadIPPluginJar : add i2c
2025-12-15 10:41:50,079 [INFO] IPUIPlugin:80 - create IPUIPlugin
2025-12-15 10:41:50,080 [INFO] PluginManager:220 - loadIPPluginJar : add i2s
2025-12-15 10:41:50,086 [INFO] IPUIPlugin:80 - create IPUIPlugin
2025-12-15 10:41:50,086 [INFO] PluginManager:220 - loadIPPluginJar : add i3c
2025-12-15 10:41:50,091 [INFO] IPUIPlugin:80 - create IPUIPlugin
2025-12-15 10:41:50,092 [INFO] PluginManager:220 - loadIPPluginJar : add ipddr
2025-12-15 10:41:50,103 [INFO] IPUIPlugin:80 - create IPUIPlugin
2025-12-15 10:41:50,104 [INFO] PluginManager:220 - loadIPPluginJar : add linkedlist
2025-12-15 10:41:50,110 [INFO] IPUIPlugin:80 - create IPUIPlugin
2025-12-15 10:41:50,110 [INFO] PluginManager:220 - loadIPPluginJar : add lorawan
2025-12-15 10:41:50,113 [INFO] IPUIPlugin:80 - create IPUIPlugin
2025-12-15 10:41:50,113 [INFO] PluginManager:220 - loadIPPluginJar : add ltdc
2025-12-15 10:41:50,122 [INFO] IPUIPlugin:80 - create IPUIPlugin
2025-12-15 10:41:50,122 [INFO] PluginManager:220 - loadIPPluginJar : add mdma
2025-12-15 10:41:50,129 [INFO] IPUIPlugin:80 - create IPUIPlugin
2025-12-15 10:41:50,129 [INFO] PluginManager:220 - loadIPPluginJar : add nvic
2025-12-15 10:41:50,135 [INFO] IPUIPlugin:80 - create IPUIPlugin
2025-12-15 10:41:50,135 [INFO] PluginManager:220 - loadIPPluginJar : add opamp
2025-12-15 10:41:50,140 [INFO] IPUIPlugin:80 - create IPUIPlugin
2025-12-15 10:41:50,140 [INFO] PluginManager:220 - loadIPPluginJar : add openamp
2025-12-15 10:41:50,144 [INFO] IPUIPlugin:80 - create IPUIPlugin
2025-12-15 10:41:50,144 [INFO] PluginManager:220 - loadIPPluginJar : add pdm2pcm
2025-12-15 10:41:50,151 [INFO] IPUIPlugin:80 - create IPUIPlugin
2025-12-15 10:41:50,153 [INFO] PluginManager:220 - loadIPPluginJar : add plateformsettings
2025-12-15 10:41:50,155 [INFO] IPUIPlugin:80 - create IPUIPlugin
2025-12-15 10:41:50,155 [INFO] PluginManager:220 - loadIPPluginJar : add quadspi
2025-12-15 10:41:50,157 [INFO] IPUIPlugin:80 - create IPUIPlugin
2025-12-15 10:41:50,158 [INFO] PluginManager:220 - loadIPPluginJar : add radio
2025-12-15 10:41:50,165 [INFO] IPUIPlugin:80 - create IPUIPlugin
2025-12-15 10:41:50,166 [INFO] PluginManager:220 - loadIPPluginJar : add resmgrutility
2025-12-15 10:41:50,169 [INFO] IPUIPlugin:80 - create IPUIPlugin
2025-12-15 10:41:50,169 [INFO] PluginManager:220 - loadIPPluginJar : add sai
2025-12-15 10:41:50,172 [INFO] IPUIPlugin:80 - create IPUIPlugin
2025-12-15 10:41:50,173 [INFO] PluginManager:220 - loadIPPluginJar : add spi
2025-12-15 10:41:50,181 [INFO] IPUIPlugin:80 - create IPUIPlugin
2025-12-15 10:41:50,181 [INFO] PluginManager:220 - loadIPPluginJar : add stm32_wpan
2025-12-15 10:41:50,183 [INFO] IPUIPlugin:80 - create IPUIPlugin
2025-12-15 10:41:50,184 [INFO] PluginManager:220 - loadIPPluginJar : add tim
2025-12-15 10:41:50,187 [INFO] IPUIPlugin:80 - create IPUIPlugin
2025-12-15 10:41:50,187 [INFO] PluginManager:220 - loadIPPluginJar : add touchsensing
2025-12-15 10:41:50,189 [INFO] IPUIPlugin:80 - create IPUIPlugin
2025-12-15 10:41:50,190 [INFO] PluginManager:220 - loadIPPluginJar : add tracer_emb
2025-12-15 10:41:50,192 [INFO] IPUIPlugin:80 - create IPUIPlugin
2025-12-15 10:41:50,192 [INFO] PluginManager:220 - loadIPPluginJar : add ts
2025-12-15 10:41:50,194 [INFO] IPUIPlugin:80 - create IPUIPlugin
2025-12-15 10:41:50,194 [INFO] PluginManager:220 - loadIPPluginJar : add tsc
2025-12-15 10:41:50,197 [INFO] IPUIPlugin:80 - create IPUIPlugin
2025-12-15 10:41:50,197 [INFO] PluginManager:220 - loadIPPluginJar : add ucpd
2025-12-15 10:41:50,200 [INFO] IPUIPlugin:80 - create IPUIPlugin
2025-12-15 10:41:50,200 [INFO] PluginManager:220 - loadIPPluginJar : add usart
2025-12-15 10:41:50,204 [INFO] IPUIPlugin:80 - create IPUIPlugin
2025-12-15 10:41:50,204 [INFO] PluginManager:220 - loadIPPluginJar : add usbx
2025-12-15 10:41:50,349 [FATAL] Updater:351 - Updater called before beeing initialized
2025-12-15 10:41:50,390 [INFO] RulesReader:64 - Compatibility file has been processed (317 Rules)
2025-12-15 10:41:50,410 [INFO] RulesReader:64 - Compatibility file has been processed (317 Rules)
2025-12-15 10:41:50,436 [INFO] CADModel:165 - CPN selected for project level
2025-12-15 10:41:50,436 [INFO] CADModel:114 - Register for checkConnection events
2025-12-15 10:41:50,436 [FATAL] Updater:351 - Updater called before beeing initialized
2025-12-15 10:41:50,437 [ERROR] CADModel:125 - Updater not yet initialized, retry later 
2025-12-15 10:41:50,633 [FATAL] Updater:351 - Updater called before beeing initialized
2025-12-15 10:41:50,636 [INFO] CADModel:165 - CPN selected for project level
2025-12-15 10:41:50,636 [INFO] CADModel:114 - Register for checkConnection events
2025-12-15 10:41:50,636 [FATAL] Updater:351 - Updater called before beeing initialized
2025-12-15 10:41:50,636 [ERROR] CADModel:125 - Updater not yet initialized, retry later 
2025-12-15 10:41:50,640 [FATAL] Updater:351 - Updater called before beeing initialized
2025-12-15 10:41:50,757 [FATAL] Updater:351 - Updater called before beeing initialized
2025-12-15 10:41:50,761 [INFO] DbMcusAds:53 - JSON generation date=Mon Dec 08 19:58:09 IST 2025 (1765204089998)
2025-12-15 10:41:50,761 [FATAL] Updater:351 - Updater called before beeing initialized
2025-12-15 10:41:50,803 [WARN] DetailPanel:346 - Failed to get advertising image, set to default
2025-12-15 10:41:50,873 [FATAL] Updater:351 - Updater called before beeing initialized
2025-12-15 10:41:50,875 [FATAL] Updater:351 - Updater called before beeing initialized
2025-12-15 10:41:50,875 [FATAL] Updater:351 - Updater called before beeing initialized
2025-12-15 10:41:50,875 [WARN] DetailPanel:346 - Failed to get advertising image, set to default
2025-12-15 10:41:50,876 [FATAL] Updater:351 - Updater called before beeing initialized
2025-12-15 10:41:50,927 [ERROR] Updater:1198 - MainUpdater not yet initialized. External WinMGr cannot be set.
2025-12-15 10:41:50,929 [INFO] Updater:1134 - Updater Version found : 6.15.0
2025-12-15 10:41:50,950 [INFO] ApplicationProperties:184 - Using Application install path: C:\ST\STM32CubeIDE_1.19.0\STM32CubeIDE\plugins\com.st.stm32cube.common.mx_6.15.0.202507011659
2025-12-15 10:41:52,245 [INFO] ThirdPartyUpdaterWithRetryManager:70 - Updater plugin not ready yet. [2/15]
2025-12-15 10:41:52,524 [ERROR] LogOutputStream:75 - [STDERR_REDIRECT] Dec 15, 2025 10:41:52 AM java.util.prefs.WindowsPreferences <init>
2025-12-15 10:41:52,526 [ERROR] LogOutputStream:75 - [STDERR_REDIRECT] WARNING: Could not open/create prefs root node Software\JavaSoft\Prefs at root 0xffffffff80000002. Windows RegCreateKeyEx(...) returned error code 5.
2025-12-15 10:41:52,526 [ERROR] LogOutputStream:75 - [STDERR_REDIRECT] 
2025-12-15 10:41:54,196 [INFO] MainUpdater:2872 - connection check result : 10
2025-12-15 10:41:54,196 [INFO] MainUpdater:289 - Updater Check For Update Now.
2025-12-15 10:41:54,196 [INFO] MicroXplorer:498 - Change Database Version : DB.6.0.150
2025-12-15 10:41:54,220 [INFO] McuFinderGlobals:63 - Set McuFinder mode to 2 (CubeIDE integrated)
2025-12-15 10:41:54,220 [INFO] UserAuth:171 - activating auth plugin
2025-12-15 10:41:54,228 [INFO] UserAuth:487 - Internet connection configuration mode: 1
2025-12-15 10:41:54,300 [INFO] JxBrowserEngine:152 - Initiate JxBrowser Engine with user profile folder
2025-12-15 10:41:54,429 [INFO] CheckServerUpdateThread:120 - End of CheckServer Thread
2025-12-15 10:41:55,522 [WARN] PackLoader:240 - Cannot read IP mode file for STMicroelectronics.FP-SNS-MOTENVWB1.1.4.0
2025-12-15 10:41:55,533 [WARN] PackLoader:240 - Cannot read IP mode file for STMicroelectronics.FP-ATR-ASTRA1.2.0.2
2025-12-15 10:41:55,546 [WARN] PackLoader:240 - Cannot read IP mode file for STMicroelectronics.X-CUBE-SMBUS.2.1.0
2025-12-15 10:41:55,603 [WARN] PackLoader:240 - Cannot read IP mode file for STMicroelectronics.X-CUBE-AZRTOS-F7.1.1.0
2025-12-15 10:41:55,645 [WARN] PackLoader:240 - Cannot read IP mode file for STMicroelectronics.X-CUBE-DISPLAY.3.0.0
2025-12-15 10:41:55,683 [WARN] PackLoader:240 - Cannot read IP mode file for STMicroelectronics.X-CUBE-NFC10.1.0.0
2025-12-15 10:41:55,700 [WARN] PackLoader:240 - Cannot read IP mode file for STMicroelectronics.FP-SNS-SMARTAG2.1.2.0
2025-12-15 10:41:55,723 [WARN] PackLoader:240 - Cannot read IP mode file for STMicroelectronics.FP-SNS-FLIGHT1.5.1.0
2025-12-15 10:41:55,746 [INFO] LogOutputStream:77 - [STDOUT_REDIRECT] 1 : Invalid condition id : UX_CORESTACK_Condition cause : null
2025-12-15 10:41:55,748 [INFO] LogOutputStream:77 - [STDOUT_REDIRECT] 1 : Invalid condition id : UX_CORESTACK_Condition cause : null
2025-12-15 10:41:55,750 [INFO] LogOutputStream:77 - [STDOUT_REDIRECT] 1 : Invalid condition id : UX_CORESTACK_Condition cause : null
2025-12-15 10:41:55,753 [INFO] LogOutputStream:77 - [STDOUT_REDIRECT] 1 : Invalid condition id : UX_CORESTACK_Condition cause : null
2025-12-15 10:41:55,756 [INFO] LogOutputStream:77 - [STDOUT_REDIRECT] 1 : Invalid condition id : UX_CORESTACK_Condition cause : null
2025-12-15 10:41:55,769 [WARN] PackLoader:240 - Cannot read IP mode file for STMicroelectronics.X-CUBE-AZRTOS-WL.2.0.0
2025-12-15 10:41:55,786 [WARN] PackLoader:240 - Cannot read IP mode file for STMicroelectronics.X-CUBE-BLE2.3.3.0
2025-12-15 10:41:55,802 [WARN] PackLoader:240 - Cannot read IP mode file for STMicroelectronics.X-CUBE-NFC9.1.0.0
2025-12-15 10:41:55,815 [WARN] PackLoader:240 - Cannot read IP mode file for STMicroelectronics.X-CUBE-BLE1.7.1.0
2025-12-15 10:41:55,853 [WARN] PackLoader:240 - Cannot read IP mode file for STMicroelectronics.X-CUBE-AZRTOS-G0.1.1.0
2025-12-15 10:41:55,874 [WARN] PackLoader:240 - Cannot read IP mode file for STMicroelectronics.X-CUBE-NFC4.3.0.0
2025-12-15 10:41:55,891 [WARN] PackLoader:240 - Cannot read IP mode file for STMicroelectronics.X-CUBE-WB05N.2.0.0
2025-12-15 10:41:55,905 [WARN] PackLoader:240 - Cannot read IP mode file for STMicroelectronics.X-CUBE-TCPP.4.2.0
2025-12-15 10:41:55,915 [WARN] PackLoader:240 - Cannot read IP mode file for STMicroelectronics.FP-ATR-SIGFOX1.3.2.0
2025-12-15 10:41:55,927 [WARN] PackLoader:240 - Cannot read IP mode file for STMicroelectronics.X-CUBE-ALGOBUILD.1.4.0
2025-12-15 10:41:55,937 [WARN] PackLoader:240 - Cannot read IP mode file for STMicroelectronics.X-CUBE-PM33A1.1.0.0
2025-12-15 10:41:55,961 [WARN] PackLoader:240 - Cannot read IP mode file for STMicroelectronics.X-CUBE-AZRTOS-F4.1.1.0
2025-12-15 10:41:55,973 [WARN] PackLoader:240 - Cannot read IP mode file for STMicroelectronics.X-CUBE-ISPU.2.1.0
2025-12-15 10:41:55,998 [WARN] PackLoader:240 - Cannot read IP mode file for STMicroelectronics.X-CUBE-AZRTOS-L5.2.0.0
2025-12-15 10:41:56,014 [WARN] PackLoader:240 - Cannot read IP mode file for STMicroelectronics.X-CUBE-NFC6.3.1.0
2025-12-15 10:41:56,026 [WARN] PackLoader:240 - Cannot read IP mode file for STMicroelectronics.X-CUBE-DPower.1.3.0
2025-12-15 10:41:56,059 [WARN] ConditionMgr:438 - getConditionDescription Invalid condition id : LAN8742 Phy interface Condition cause : null
2025-12-15 10:41:56,060 [WARN] PackLoader:240 - Cannot read IP mode file for STMicroelectronics.X-CUBE-AZRTOS-L4.2.0.0
2025-12-15 10:41:56,061 [WARN] ConditionMgr:1044 - genDependencies : Invalid condition id : LAN8742 Phy interface Condition cause : null
2025-12-15 10:41:56,063 [WARN] ConditionMgr:1044 - genDependencies : Invalid condition id : LAN8742 Phy interface Condition cause : null
2025-12-15 10:41:56,064 [WARN] ConditionMgr:1044 - genDependencies : Invalid condition id : LAN8742 Phy interface Condition cause : null
2025-12-15 10:41:56,077 [WARN] PackLoader:240 - Cannot read IP mode file for STMicroelectronics.X-CUBE-SFXS2LP1.4.0.0
2025-12-15 10:41:56,095 [WARN] ConditionMgr:438 - getConditionDescription Invalid condition id : UX DEVICE CLASS RTOS Condition cause : null
2025-12-15 10:41:56,095 [WARN] ConditionMgr:438 - getConditionDescription Invalid condition id : UX DEVICE CLASS RTOS Condition cause : null
2025-12-15 10:41:56,097 [WARN] PackLoader:240 - Cannot read IP mode file for STMicroelectronics.X-CUBE-AZRTOS-WB.2.0.0
2025-12-15 10:41:56,098 [WARN] ConditionMgr:1044 - genDependencies : Invalid condition id : UX DEVICE CLASS RTOS Condition cause : null
2025-12-15 10:41:56,098 [WARN] ConditionMgr:1044 - genDependencies : Invalid condition id : UX DEVICE CLASS RTOS Condition cause : null
2025-12-15 10:41:56,099 [WARN] ConditionMgr:1044 - genDependencies : Invalid condition id : UX DEVICE CLASS RTOS Condition cause : null
2025-12-15 10:41:56,099 [WARN] ConditionMgr:1044 - genDependencies : Invalid condition id : UX DEVICE CLASS RTOS Condition cause : null
2025-12-15 10:41:56,100 [WARN] ConditionMgr:1044 - genDependencies : Invalid condition id : UX DEVICE CLASS RTOS Condition cause : null
2025-12-15 10:41:56,115 [WARN] PackLoader:240 - Cannot read IP mode file for STMicroelectronics.X-CUBE-SUBG2.5.0.0
2025-12-15 10:41:56,133 [WARN] PackLoader:240 - Cannot read IP mode file for STMicroelectronics.X-CUBE-AZRTOS-G4.2.0.0
2025-12-15 10:41:56,141 [WARN] PackLoader:240 - Cannot read IP mode file for STMicroelectronics.X-CUBE-NFC7.2.0.0
2025-12-15 10:41:56,150 [WARN] PackLoader:240 - Cannot read IP mode file for STMicroelectronics.X-CUBE-ALS.1.0.2
2025-12-15 10:41:56,164 [WARN] PackLoader:240 - Cannot read IP mode file for STMicroelectronics.X-CUBE-TOF1.3.4.3
2025-12-15 10:41:56,178 [INFO] ThirdParty:978 - Integrity check success = true
2025-12-15 10:41:56,178 [INFO] IntegrityCheckThread:100 - exiting critical section [integrity check]
2025-12-15 10:41:56,178 [INFO] IntegrityCheckThread:103 - End integrity checks thread
2025-12-15 10:41:56,530 [INFO] WebApp:169 - Instantiating new browser for Auth
2025-12-15 10:41:57,567 [INFO] WebApp:463 - Apply proxy settings
2025-12-15 10:41:57,568 [INFO] WebApp:548 - Chromium requires no authentication
2025-12-15 10:41:57,583 [INFO] WebApp:491 - Direct internet connection detected
2025-12-15 10:41:57,621 [INFO] WebApp:900 - Register for checkConnection events
2025-12-15 10:41:57,621 [INFO] WebApp:463 - Apply proxy settings
2025-12-15 10:41:57,621 [INFO] WebApp:548 - Chromium requires no authentication
2025-12-15 10:41:57,622 [INFO] WebApp:491 - Direct internet connection detected
2025-12-15 10:41:57,825 [INFO] WebApp:225 - Starting web application
2025-12-15 10:41:57,825 [INFO] WebApp:593 - Web application path used C:\ST\STM32CubeIDE_1.19.0\STM32CubeIDE\plugins\com.st.stm32cube.common.mx_6.15.0.202507011659\db\plugins\mcufinder\reactClient1\index.html
2025-12-15 10:41:59,747 [INFO] WebApp:191 - Connection restablished
2025-12-15 10:42:09,042 [INFO] McuFinderGlobals:63 - Set McuFinder mode to 2 (CubeIDE integrated)
2025-12-15 10:42:09,047 [INFO] MainUpdater:2872 - connection check result : 10
2025-12-15 10:42:09,535 [INFO] ApiDb:581 - Connected to CubeFinder SQLite database (C:\Users\aditi\.stmcufinder\plugins\mcufinder\mcu\cube-finder-db.db)
2025-12-15 10:42:09,654 [INFO] ApiDb:668 - CubeFinder database Data Model version=2.1
2025-12-15 10:42:09,654 [INFO] ApiDb:669 - CubeFinder database Configuration version=3.0.39
2025-12-15 10:42:09,654 [INFO] ApiDb:670 - CubeFinder database generation date=2025-11-05 (1762334721)
2025-12-15 10:42:09,654 [INFO] ApiDb:671 - CubeFinder database FW Pack versions=[FP-ATR-ASTRA1_V2.0.0, FP-SNS-FLIGHT1_V5.1.0, FP-SNS-MOTENV1_V5.1.0, FP-SNS-MOTENVWB1_V1.4.0, FP-SNS-SMARTAG2_V1.2.0, FP-SNS-STBOX1_V2.1.0, STM32Cube_FW_C0_V1.4.0, STM32Cube_FW_F4_V1.28.3, STM32Cube_FW_F7_V1.17.4, STM32Cube_FW_G0_V1.6.2, STM32Cube_FW_G4_V1.6.1, STM32Cube_FW_H5_V1.5.1, STM32Cube_FW_H7RS_V1.3.0, STM32Cube_FW_H7_V1.12.1, STM32Cube_FW_L0_V1.12.2, STM32Cube_FW_L4_V1.18.1, STM32Cube_FW_L5_V1.6.0, STM32Cube_FW_N6_V1.3.0, STM32Cube_FW_U0_V1.3.0, STM32Cube_FW_U3_V1.2.1, STM32Cube_FW_U5_V1.8.0, STM32Cube_FW_WB0_V1.4.0, STM32Cube_FW_WBA_V1.8.0, STM32Cube_FW_WB_V1.24.0, STM32Cube_FW_WL3_V1.3.0, STM32Cube_FW_WL_V1.4.0, X-CUBE-ALGOBUILD_V1.4.0, X-CUBE-ALS_V1.0.2, X-CUBE-AZRTOS-F4_V1.1.0, X-CUBE-AZRTOS-F7_V1.1.0, X-CUBE-AZRTOS-G0_V1.1.0, X-CUBE-AZRTOS-G4_V2.0.0, X-CUBE-AZRTOS-H7RS_V1.1.0, X-CUBE-AZRTOS-H7_V3.4.0, X-CUBE-AZRTOS-L4_V2.0.0, X-CUBE-AZRTOS-L5_V2.0.0, X-CUBE-AZRTOS-WB_V2.0.0, X-CUBE-AZRTOS-WL_V2.0.0, X-CUBE-BLE1_V7.1.0, X-CUBE-BLE2_V3.3.0, X-CUBE-BLEMGR_V4.1.0, X-CUBE-EEPRMA1_V5.2.0, X-CUBE-FREERTOS_V1.3.1, X-CUBE-GNSS1_V6.0.0, X-CUBE-MEMS1_V11.3.0, X-CUBE-NFC4_V3.0.0, X-CUBE-NFC7_V2.0.0, X-CUBE-SFXS2LP1_V4.0.0, X-CUBE-ST67W61_V1.1.0, X-CUBE-SUBG2_V5.0.0, X-CUBE-TOF1_V3.4.3]
2025-12-15 10:42:12,247 [INFO] ApiDb:240 - Found 880 in-development CPN: [B-G473E-ZEST1S, B-WB1M-WPAN1, B-WBA5M-WPAN, B-WL5M-SUBG1, NUCLEO-C031C6, NUCLEO-C051C8, NUCLEO-C071RB, NUCLEO-C092RC, NUCLEO-H503RB, NUCLEO-H533RE, NUCLEO-H563ZI, NUCLEO-H7S3L8, NUCLEO-N657X0-Q, NUCLEO-U031R8, NUCLEO-U083RC, NUCLEO-U385RG-Q, NUCLEO-U545RE-Q, NUCLEO-U5A5ZJ-Q, NUCLEO-WB05KZ, NUCLEO-WB07CC, NUCLEO-WB09KE, NUCLEO-WBA52CG, NUCLEO-WBA55CG, NUCLEO-WL33CC1, NUCLEO-WL33CC2, STEVAL-PROTEUS1, STEVAL-SMARTAG2, STEVAL-STWINBX1, STM320518-EVAL, STM32C0116-DK, STM32C011D6Y3TR, STM32C011D6Y6TR, STM32C011F4P3, STM32C011F4P6, STM32C011F4U3, STM32C011F4U6TR, STM32C011F6P3, STM32C011F6P6, STM32C011F6U3, STM32C011F6U6TR, STM32C011J4M3, STM32C011J4M6, STM32C011J6M3, STM32C011J6M6, STM32C0316-DK, STM32C031C4T3, STM32C031C4T6, STM32C031C4U3, STM32C031C4U6, STM32C031C6T3, STM32C031C6T6, STM32C031C6U3, STM32C031C6U6, STM32C031F4P3, STM32C031F4P6, STM32C031F6P3, STM32C031F6P6, STM32C031G4U3, STM32C031G4U6, STM32C031G6U3, STM32C031G6U6, STM32C031K4T3, STM32C031K4T6, STM32C031K4U3, STM32C031K4U6, STM32C031K6T3, STM32C031K6T6, STM32C031K6U3, STM32C031K6U6, STM32C051C6T6, STM32C051C6U6, STM32C051C8T6, STM32C051C8U6, STM32C051D8Y6TR, STM32C051F6P6, STM32C051F8P6, STM32C051G6U6, STM32C051G8U6, STM32C051K6T6, STM32C051K6U6, STM32C051K8T6, STM32C071C8T6, STM32C071C8T6N, STM32C071C8U6, STM32C071C8U6N, STM32C071CBT6, STM32C071CBT6N, STM32C071CBU6, STM32C071CBU6N, STM32C071F8P6, STM32C071F8P6N, STM32C071FBP6, STM32C071FBP6N, STM32C071FBY6TR, STM32C071G8U6, STM32C071G8U6N, STM32C071GBU6, STM32C071GBU6N, STM32C071K8T6, STM32C071K8T6N, STM32C071K8U6, STM32C071K8U6N, STM32C071KBT6, STM32C071KBT6N, STM32C071KBU6, STM32C071KBU6N, STM32C071R8T6, STM32C071R8T6N, STM32C071RBI6N, STM32C071RBT6, STM32C071RBT6N, STM32C091CBT6, STM32C091CBU6, STM32C091CCT6, STM32C091CCU6, STM32C091ECY6TR, STM32C091FBP6, STM32C091FCP6, STM32C091GBU6, STM32C091GCU6, STM32C091KBT6, STM32C091KBU6, STM32C091KCT6, STM32C091KCU6, STM32C091RBT6, STM32C091RCI6, STM32C091RCT6, STM32C092CBT6, STM32C092CBU6, STM32C092CCT6, STM32C092CCU6, STM32C092ECY6TR, STM32C092FBP6, STM32C092FCP6, STM32C092GBU6, STM32C092GCU6, STM32C092KBT6, STM32C092KBU6, STM32C092KCT6, STM32C092KCU6, STM32C092RBT6, STM32C092RCI6, STM32C092RCT6, STM32G071K8TXN, STM32G071K8UXN, STM32G081GBU6N, STM32G081KBT6N, STM32G081KBUXN, STM32G0B1CCT6N, STM32G0B1KCT6, STM32G0B1NEY6TR, STM32G0B1RCT6N, STM32G0C1CCT6, STM32G0C1CCT6N, STM32G0C1CCU6N, STM32G0C1CET6N, STM32G0C1CEU6N, STM32G0C1KCT6, STM32G0C1NEY6TR, STM32G0C1RCI6N, STM32G0C1RCT6N, STM32G0C1REI6N, STM32G0C1RET6N, STM32G0C1VCI6, STM32G0C1VEI6, STM32G411C6T3, STM32G411C6T6, STM32G411C6U3, STM32G411C6U6, STM32G411C8T3, STM32G411C8T6, STM32G411C8U3, STM32G411C8U6, STM32G411CBT3, STM32G411CBT6, STM32G411CBU3, STM32G411CBU6, STM32G411K6T3, STM32G411K6T6, STM32G411K6U3, STM32G411K6U6, STM32G411K8T3, STM32G411K8T6, STM32G411K8U3, STM32G411K8U6, STM32G411KBT3, STM32G411KBT6, STM32G411KBU3, STM32G411KBU6, STM32G411M6T3, STM32G411M6T6, STM32G411M8T3, STM32G411M8T6, STM32G411MBT3, STM32G411MBT6, STM32G411R6T3, STM32G411R6T6, STM32G411R8T3, STM32G411R8T6, STM32G411RBT3, STM32G411RBT6, STM32G414CBT3, STM32G414CBT6, STM32G414CBU3, STM32G414CBU6, STM32G414CCT3, STM32G414CCT6, STM32G414CCU3, STM32G414CCU6, STM32G414MBT3, STM32G414MBT6, STM32G414MCT3, STM32G414MCT6, STM32G414RBT3, STM32G414RBT6, STM32G414RCT3, STM32G414RCT6, STM32G414VBT3, STM32G414VBT6, STM32G414VCT3, STM32G414VCT6, STM32G431CBT3Z, STM32G431RBT3Z, STM32G471CCT6, STM32G471CCU6, STM32G471CET3, STM32G471CET6, STM32G471CEU3, STM32G471CEU6, STM32G471MCT6, STM32G471MET3, STM32G471MET6, STM32G471MEY6TR, STM32G471QCT6, STM32G471QET3, STM32G471RCT6, STM32G471RET3, STM32G471RET6, STM32G471VCH6, STM32G471VCI6, STM32G471VCT6, STM32G471VEH3, STM32G471VEH6, STM32G471VEI3, STM32G471VEI6, STM32G471VET3, STM32G471VET6, STM32G473QET3Z, STM32G473RET3Z, STM32G474CCT6, STM32G491RET3Z, STM32H503CBT6, STM32H503CBU6, STM32H503EBY6TR, STM32H503KBU6, STM32H503RBT6, STM32H523CCT6, STM32H523CCU6, STM32H523CET6, STM32H523CEU6, STM32H523HEY6TR, STM32H523RCT6, STM32H523RET6, STM32H523VCI6, STM32H523VCT6, STM32H523VEI6, STM32H523VET6, STM32H523ZCJ6, STM32H523ZCT6, STM32H523ZEJ6, STM32H523ZET6, STM32H533CET6, STM32H533CEU6, STM32H533HEY6TR, STM32H533RET6, STM32H533VEI6, STM32H533VET6, STM32H533ZEJ6, STM32H533ZET6, STM32H562AGI6, STM32H562AII6, STM32H562IGK6, STM32H562IGT6, STM32H562IIK6, STM32H562IIT6, STM32H562RGT6, STM32H562RGV6, STM32H562RIT6, STM32H562RIV6, STM32H562VGT6, STM32H562VIT6, STM32H562ZGT6, STM32H562ZIT6, STM32H563AGI6, STM32H563AII3Q, STM32H563AII6, STM32H563IGK6, STM32H563IGT6, STM32H563IIK3Q, STM32H563IIK6, STM32H563IIT3Q, STM32H563IIT6, STM32H563MIY3QTR, STM32H563RGT6, STM32H563RGV6, STM32H563RIT6, STM32H563RIV6, STM32H563VGT6, STM32H563VIT3Q, STM32H563VIT6, STM32H563ZGT6, STM32H563ZIT3Q, STM32H563ZIT6, STM32H573AII3Q, STM32H573AII6, STM32H573I-DK, STM32H573IIK3Q, STM32H573IIK6, STM32H573IIT3Q, STM32H573IIT6, STM32H573MIY3QTR, STM32H573RIT6, STM32H573RIV6, STM32H573VIT3Q, STM32H573VIT6, STM32H573ZIT3Q, STM32H573ZIT6, STM32H7R3A8I6, STM32H7R3I8K6, STM32H7R3I8T6, STM32H7R3L8H6, STM32H7R3L8H6H, STM32H7R3R8V6, STM32H7R3V8H6, STM32H7R3V8T6, STM32H7R3V8Y6TR, STM32H7R3Z8J6, STM32H7R3Z8T6, STM32H7R7A8I6, STM32H7R7I8K6, STM32H7R7I8T6, STM32H7R7L8H6, STM32H7R7L8H6H, STM32H7R7Z8J6, STM32H7S3A8I6, STM32H7S3I8K6, STM32H7S3I8T6, STM32H7S3L8H6, STM32H7S3L8H6H, STM32H7S3R8V6, STM32H7S3V8H6, STM32H7S3V8T6, STM32H7S3V8Y6TR, STM32H7S3Z8J6, STM32H7S3Z8T6, STM32H7S78-DK, STM32H7S7A8I6, STM32H7S7I8K6, STM32H7S7I8T6, STM32H7S7L8H6, STM32H7S7L8H6H, STM32H7S7Z8J6, STM32L4R5QGI6STR, STM32MP131AAE3, STM32MP131AAF3, STM32MP131AAG3, STM32MP131CAE3, STM32MP131CAF3, STM32MP131CAG3, STM32MP131DAE7, STM32MP131DAF7, STM32MP131DAG7, STM32MP131FAE7, STM32MP131FAF7, STM32MP131FAG7, STM32MP133AAE3, STM32MP133AAF3, STM32MP133AAG3, STM32MP133CAE3, STM32MP133CAF3, STM32MP133CAG3, STM32MP133DAE7, STM32MP133DAF7, STM32MP133DAG7, STM32MP133FAE7, STM32MP133FAF7, STM32MP133FAG7, STM32MP135AAE3, STM32MP135AAF3, STM32MP135AAG3, STM32MP135CAE3, STM32MP135CAF3, STM32MP135CAG3, STM32MP135DAE7, STM32MP135DAF7, STM32MP135DAG7, STM32MP135F-DK, STM32MP135FAE7, STM32MP135FAF7, STM32MP135FAF7T, STM32MP135FAF7U, STM32MP135FAG7, STM32MP211AAL3, STM32MP211AAM3, STM32MP211AAN3, STM32MP211AAO3, STM32MP211CAL3, STM32MP211CAM3, STM32MP211CAN3, STM32MP211CAO3, STM32MP211DAL3, STM32MP211DAM3, STM32MP211DAN3, STM32MP211DAO3, STM32MP211FAL3, STM32MP211FAM3, STM32MP211FAN3, STM32MP211FAO3, STM32MP213AAL3, STM32MP213AAM3, STM32MP213AAN3, STM32MP213AAO3, STM32MP213CAL3, STM32MP213CAM3, STM32MP213CAN3, STM32MP213CAO3, STM32MP213DAL3, STM32MP213DAM3, STM32MP213DAN3, STM32MP213DAO3, STM32MP213FAL3, STM32MP213FAM3, STM32MP213FAN3, STM32MP213FAO3, STM32MP215AAL3, STM32MP215AAM3, STM32MP215AAN3, STM32MP215AAO3, STM32MP215CAL3, STM32MP215CAM3, STM32MP215CAN3, STM32MP215CAO3, STM32MP215DAL3, STM32MP215DAM3, STM32MP215DAN3, STM32MP215DAO3, STM32MP215F-DK, STM32MP215FAL3, STM32MP215FAM3, STM32MP215FAN3, STM32MP215FAO3, STM32MP231AAJ3, STM32MP231AAK3, STM32MP231AAL3, STM32MP231CAJ3, STM32MP231CAK3, STM32MP231CAL3, STM32MP231DAJ3, STM32MP231DAK3, STM32MP231DAL3, STM32MP231FAJ3, STM32MP231FAK3, STM32MP231FAL3, STM32MP233AAJ3, STM32MP233AAK3, STM32MP233AAL3, STM32MP233CAJ3, STM32MP233CAK3, STM32MP233CAL3, STM32MP233DAJ3, STM32MP233DAK3, STM32MP233DAL3, STM32MP233FAJ3, STM32MP233FAK3, STM32MP233FAL3, STM32MP235AAJ3, STM32MP235AAK3, STM32MP235AAL3, STM32MP235CAJ3, STM32MP235CAK3, STM32MP235CAL3, STM32MP235DAJ3, STM32MP235DAK3, STM32MP235DAL3, STM32MP235FAJ3, STM32MP235FAK3, STM32MP235FAL3, STM32MP251AAI3, STM32MP251AAK3, STM32MP251AAL3, STM32MP251CAI3, STM32MP251CAK3, STM32MP251CAL3, STM32MP251DAI3, STM32MP251DAK3, STM32MP251DAL3, STM32MP251FAI3, STM32MP251FAK3, STM32MP251FAL3, STM32MP253AAI3, STM32MP253AAK3, STM32MP253AAL3, STM32MP253CAI3, STM32MP253CAK3, STM32MP253CAL3, STM32MP253DAI3, STM32MP253DAK3, STM32MP253DAL3, STM32MP253FAI3, STM32MP253FAK3, STM32MP253FAL3, STM32MP255AAI3, STM32MP255AAK3, STM32MP255AAL3, STM32MP255CAI3, STM32MP255CAK3, STM32MP255CAL3, STM32MP255DAI3, STM32MP255DAK3, STM32MP255DAL3, STM32MP255FAI3, STM32MP255FAK3, STM32MP255FAL3, STM32MP257AAI3, STM32MP257AAK3, STM32MP257AAL3, STM32MP257CAI3, STM32MP257CAK3, STM32MP257CAL3, STM32MP257DAI3, STM32MP257DAK3, STM32MP257DAL3, STM32MP257F-DK, STM32MP257F-EV1, STM32MP257FAI3, STM32MP257FAK3, STM32MP257FAL3, STM32N645A0H3Q, STM32N645B0H3Q, STM32N645I0H3Q, STM32N645L0H3Q, STM32N645X0H3Q, STM32N645Z0H3Q, STM32N647A0H3Q, STM32N647B0H3Q, STM32N647I0H3Q, STM32N647L0H3Q, STM32N647X0H3Q, STM32N647Z0H3Q, STM32N655A0H3Q, STM32N655B0H3Q, STM32N655I0H3Q, STM32N655L0H3Q, STM32N655X0H3Q, STM32N655Z0H3Q, STM32N6570-DK, STM32N657A0H3Q, STM32N657B0H3Q, STM32N657I0H3Q, STM32N657L0H3Q, STM32N657X0H3Q, STM32N657Z0H3Q, STM32U031C6T6, STM32U031C6U6, STM32U031C8T6, STM32U031C8U6, STM32U031F4P6, STM32U031F6P6, STM32U031F8P6, STM32U031G6Y6TR, STM32U031G8Y6TR, STM32U031K4U6, STM32U031K6U6, STM32U031K8U6, STM32U031R6I6, STM32U031R6T6, STM32U031R8I6, STM32U031R8T6, STM32U073C8T6, STM32U073C8U6, STM32U073CBT6, STM32U073CBU6, STM32U073CCT6, STM32U073CCU6, STM32U073H8Y6TR, STM32U073HBY6TR, STM32U073HCY6TR, STM32U073K8U6, STM32U073KBU6, STM32U073KCU6, STM32U073M8I6, STM32U073M8T6, STM32U073MBI6, STM32U073MBT6, STM32U073MCI6, STM32U073MCT6, STM32U073R8I6, STM32U073R8T6, STM32U073RBI6, STM32U073RBT6, STM32U073RCI6, STM32U073RCT6, STM32U083C-DK, STM32U083CCT6, STM32U083CCU6, STM32U083HCY6TR, STM32U083KCU6, STM32U083MCI6, STM32U083MCT6, STM32U083RCI6, STM32U083RCT6, STM32U375CET6, STM32U375CET6Q, STM32U375CEU6, STM32U375CEU6Q, STM32U375CEY6QTR, STM32U375CGT6, STM32U375CGT6Q, STM32U375CGU6, STM32U375CGU6Q, STM32U375CGY6QTR, STM32U375KEU6, STM32U375KGU6, STM32U375REI6, STM32U375REI6Q, STM32U375RET6, STM32U375RET6Q, STM32U375REY6GTR, STM32U375REY6QTR, STM32U375RGI6, STM32U375RGI6Q, STM32U375RGT6, STM32U375RGT6Q, STM32U375RGY6GTR, STM32U375RGY6QTR, STM32U375VEI6, STM32U375VEI6Q, STM32U375VET6, STM32U375VET6Q, STM32U375VGI6, STM32U375VGI6Q, STM32U375VGT6, STM32U375VGT6Q, STM32U385CGT6, STM32U385CGT6Q, STM32U385CGU6, STM32U385CGU6Q, STM32U385CGY6QTR, STM32U385KGU6, STM32U385RGI6, STM32U385RGI6Q, STM32U385RGT6, STM32U385RGT6Q, STM32U385RGY6GTR, STM32U385RGY6QTR, STM32U385VGI6, STM32U385VGI6Q, STM32U385VGT6, STM32U385VGT6Q, STM32U535CBT6, STM32U535CBT6Q, STM32U535CBU6, STM32U535CBU6Q, STM32U535CCT6, STM32U535CCT6Q, STM32U535CCU6, STM32U535CCU6Q, STM32U535CET6, STM32U535CET6Q, STM32U535CEU6, STM32U535CEU6Q, STM32U535JEY6QTR, STM32U535NCY6QTR, STM32U535NEY6QTR, STM32U535RBI6, STM32U535RBI6Q, STM32U535RBT6, STM32U535RBT6Q, STM32U535RCI6, STM32U535RCI6Q, STM32U535RCT6, STM32U535RCT6Q, STM32U535REI6, STM32U535REI6Q, STM32U535RET6, STM32U535RET6Q, STM32U535VCI6, STM32U535VCI6Q, STM32U535VCT6, STM32U535VCT6Q, STM32U535VEI6, STM32U535VEI6Q, STM32U535VET6, STM32U535VET6Q, STM32U545CET6, STM32U545CET6Q, STM32U545CEU6, STM32U545CEU6Q, STM32U545JEY6QTR, STM32U545NEY6QTR, STM32U545REI6, STM32U545REI6Q, STM32U545RET6, STM32U545RET6Q, STM32U545VEI6, STM32U545VEI6Q, STM32U545VET6, STM32U545VET6Q, STM32U595AIH6, STM32U595AIH6Q, STM32U595AJH6, STM32U595AJH6Q, STM32U595QII6, STM32U595QII6Q, STM32U595QJI6, STM32U595QJI6Q, STM32U595RIT6, STM32U595RIT6Q, STM32U595RJT6, STM32U595RJT6Q, STM32U595VIT6, STM32U595VIT6Q, STM32U595VJT6, STM32U595VJT6Q, STM32U595ZIT6, STM32U595ZIT6Q, STM32U595ZIY6QTR, STM32U595ZJT6, STM32U595ZJT6Q, STM32U595ZJY6QTR, STM32U599BJY6QTR, STM32U599NIH6Q, STM32U599NJH6Q, STM32U599VIT6Q, STM32U599VJT6, STM32U599VJT6Q, STM32U599ZIT6Q, STM32U599ZIY6QTR, STM32U599ZJT6Q, STM32U599ZJY6QTR, STM32U5A5AJH6, STM32U5A5AJH6Q, STM32U5A5QII3Q , STM32U5A5QJI6, STM32U5A5QJI6Q, STM32U5A5RJT6, STM32U5A5RJT6Q, STM32U5A5VJT6, STM32U5A5VJT6Q, STM32U5A5ZJT6, STM32U5A5ZJT6Q, STM32U5A5ZJY6QTR, STM32U5A9BJY6QTR, STM32U5A9J-DK, STM32U5A9NJH6Q, STM32U5A9VJT6Q, STM32U5A9ZJT6Q, STM32U5A9ZJY6QTR, STM32U5F7VIT6, STM32U5F7VIT6Q, STM32U5F7VJT6, STM32U5F7VJT6Q, STM32U5F9BJY6QTR, STM32U5F9NJH6Q, STM32U5F9VIT6Q, STM32U5F9VJT6Q, STM32U5F9ZIJ6QTR, STM32U5F9ZIT6Q, STM32U5F9ZJJ6QTR, STM32U5F9ZJT6Q, STM32U5G7VJT6, STM32U5G7VJT6Q, STM32U5G9BJY6QTR, STM32U5G9J-DK1, STM32U5G9J-DK2, STM32U5G9NJH6Q, STM32U5G9VJT6Q, STM32U5G9ZJJ6QTR, STM32U5G9ZJT6Q, STM32WB05KZV6TR, STM32WB05KZV7TR, STM32WB05TZF6TR, STM32WB05TZF7TR, STM32WB06CCF6TR, STM32WB06CCF7TR, STM32WB06CCV6TR, STM32WB06CCV7TR, STM32WB06KCV6TR, STM32WB06KCV7TR, STM32WB07CCF6TR, STM32WB07CCF7TR, STM32WB07CCV6TR, STM32WB07CCV7TR, STM32WB07KCV6TR, STM32WB07KCV7TR, STM32WB09KEV6TR, STM32WB09KEV7TR, STM32WB09TEF6TR, STM32WB09TEF7TR, STM32WB1MMCH6, STM32WBA50KGU6, STM32WBA50KGU6TR, STM32WBA52CEU6, STM32WBA52CEU6TR, STM32WBA52CEU7, STM32WBA52CEU7TR, STM32WBA52CGU6, STM32WBA52CGU6TR, STM32WBA52CGU6U, STM32WBA52CGU7, STM32WBA52CGU7TR, STM32WBA52KEU6, STM32WBA52KEU6TR, STM32WBA52KGU6, STM32WBA52KGU6TR, STM32WBA54CEU6, STM32WBA54CEU6TR, STM32WBA54CEU7, STM32WBA54CEU7TR, STM32WBA54CGU6, STM32WBA54CGU6TR, STM32WBA54CGU7, STM32WBA54CGU7TR, STM32WBA54KEU6, STM32WBA54KEU6TR, STM32WBA54KEU7, STM32WBA54KEU7TR, STM32WBA54KGU6, STM32WBA54KGU6TR, STM32WBA54KGU7, STM32WBA54KGU7TR, STM32WBA55CEU6, STM32WBA55CEU6TR, STM32WBA55CEU7, STM32WBA55CEU7TR, STM32WBA55CGU6, STM32WBA55CGU6TR, STM32WBA55CGU6U, STM32WBA55CGU7, STM32WBA55CGU7TR, STM32WBA55G-DK1, STM32WBA55HEF6, STM32WBA55HEF7, STM32WBA55HGF6, STM32WBA55HGF7, STM32WBA55UEI6, STM32WBA55UEI6TR, STM32WBA55UEI7, STM32WBA55UEI7TR, STM32WBA55UGI6, STM32WBA55UGI6TR, STM32WBA55UGI7, STM32WBA55UGI7TR, STM32WBA5MMGH6TR, STM32WBA62MGF6, STM32WBA62MIF6, STM32WBA65MGF7, STM32WBA65MIF6, STM32WBA65MIF7, STM32WL30K8V6, STM32WL30KBV6, STM32WL31C8V6, STM32WL31CBV6, STM32WL31K8V6, STM32WL31KBV6, STM32WL33C8V6, STM32WL33C8V6X, STM32WL33CBV6, STM32WL33CBV6X, STM32WL33CCV6, STM32WL33CCV6A, STM32WL33CCV6X, STM32WL33K8V7, STM32WL33K8V7X, STM32WL33KBV7 , STM32WL33KBV7X, STM32WL33KCV7, STM32WL33KCV7X, STM32WL5MOCH6, STM32WL5MOCH6TR]
2025-12-15 10:42:12,255 [INFO] DbMcus:218 - Found 4876 MCUs, 4876 are supported
2025-12-15 10:42:12,268 [INFO] ApiDb:423 - Load user favorites file C:\Users\aditi/.stm32cubeide/favorites.mcus.txt: 0 item(s)
2025-12-15 10:42:12,269 [INFO] ApiDb:427 - User favorites MCUs=[]
2025-12-15 10:42:12,269 [INFO] DbMcus:224 - Set 0 / 0 favorites MCUs
2025-12-15 10:42:12,910 [INFO] ApiDb:668 - CubeFinder database Data Model version=2.1
2025-12-15 10:42:12,911 [INFO] ApiDb:669 - CubeFinder database Configuration version=3.0.39
2025-12-15 10:42:12,911 [INFO] ApiDb:670 - CubeFinder database generation date=2025-11-05 (1762334721)
2025-12-15 10:42:12,911 [INFO] ApiDb:671 - CubeFinder database FW Pack versions=[FP-ATR-ASTRA1_V2.0.0, FP-SNS-FLIGHT1_V5.1.0, FP-SNS-MOTENV1_V5.1.0, FP-SNS-MOTENVWB1_V1.4.0, FP-SNS-SMARTAG2_V1.2.0, FP-SNS-STBOX1_V2.1.0, STM32Cube_FW_C0_V1.4.0, STM32Cube_FW_F4_V1.28.3, STM32Cube_FW_F7_V1.17.4, STM32Cube_FW_G0_V1.6.2, STM32Cube_FW_G4_V1.6.1, STM32Cube_FW_H5_V1.5.1, STM32Cube_FW_H7RS_V1.3.0, STM32Cube_FW_H7_V1.12.1, STM32Cube_FW_L0_V1.12.2, STM32Cube_FW_L4_V1.18.1, STM32Cube_FW_L5_V1.6.0, STM32Cube_FW_N6_V1.3.0, STM32Cube_FW_U0_V1.3.0, STM32Cube_FW_U3_V1.2.1, STM32Cube_FW_U5_V1.8.0, STM32Cube_FW_WB0_V1.4.0, STM32Cube_FW_WBA_V1.8.0, STM32Cube_FW_WB_V1.24.0, STM32Cube_FW_WL3_V1.3.0, STM32Cube_FW_WL_V1.4.0, X-CUBE-ALGOBUILD_V1.4.0, X-CUBE-ALS_V1.0.2, X-CUBE-AZRTOS-F4_V1.1.0, X-CUBE-AZRTOS-F7_V1.1.0, X-CUBE-AZRTOS-G0_V1.1.0, X-CUBE-AZRTOS-G4_V2.0.0, X-CUBE-AZRTOS-H7RS_V1.1.0, X-CUBE-AZRTOS-H7_V3.4.0, X-CUBE-AZRTOS-L4_V2.0.0, X-CUBE-AZRTOS-L5_V2.0.0, X-CUBE-AZRTOS-WB_V2.0.0, X-CUBE-AZRTOS-WL_V2.0.0, X-CUBE-BLE1_V7.1.0, X-CUBE-BLE2_V3.3.0, X-CUBE-BLEMGR_V4.1.0, X-CUBE-EEPRMA1_V5.2.0, X-CUBE-FREERTOS_V1.3.1, X-CUBE-GNSS1_V6.0.0, X-CUBE-MEMS1_V11.3.0, X-CUBE-NFC4_V3.0.0, X-CUBE-NFC7_V2.0.0, X-CUBE-SFXS2LP1_V4.0.0, X-CUBE-ST67W61_V1.1.0, X-CUBE-SUBG2_V5.0.0, X-CUBE-TOF1_V3.4.3]
2025-12-15 10:42:12,987 [INFO] DbBoardsSqlite:226 - include board P-NUCLEO-WB55-NUCLEO as a kit item of type 'Nucleo-64'
2025-12-15 10:42:12,987 [INFO] DbBoardsSqlite:226 - include board P-NUCLEO-WB55-USBDONGLE as a kit item of type 'Nucleo USB Dongle'
2025-12-15 10:42:12,987 [INFO] DbBoardsSqlite:226 - include board STEVAL-IDP005V1 as a kit item of type 'Evaluation Board'
2025-12-15 10:42:12,987 [INFO] DbBoardsSqlite:226 - include board STEVAL-IDP005V2 as a kit item of type 'Evaluation Board'
2025-12-15 10:42:13,061 [INFO] ApiDb:240 - Found 880 in-development CPN: [B-G473E-ZEST1S, B-WB1M-WPAN1, B-WBA5M-WPAN, B-WL5M-SUBG1, NUCLEO-C031C6, NUCLEO-C051C8, NUCLEO-C071RB, NUCLEO-C092RC, NUCLEO-H503RB, NUCLEO-H533RE, NUCLEO-H563ZI, NUCLEO-H7S3L8, NUCLEO-N657X0-Q, NUCLEO-U031R8, NUCLEO-U083RC, NUCLEO-U385RG-Q, NUCLEO-U545RE-Q, NUCLEO-U5A5ZJ-Q, NUCLEO-WB05KZ, NUCLEO-WB07CC, NUCLEO-WB09KE, NUCLEO-WBA52CG, NUCLEO-WBA55CG, NUCLEO-WL33CC1, NUCLEO-WL33CC2, STEVAL-PROTEUS1, STEVAL-SMARTAG2, STEVAL-STWINBX1, STM320518-EVAL, STM32C0116-DK, STM32C011D6Y3TR, STM32C011D6Y6TR, STM32C011F4P3, STM32C011F4P6, STM32C011F4U3, STM32C011F4U6TR, STM32C011F6P3, STM32C011F6P6, STM32C011F6U3, STM32C011F6U6TR, STM32C011J4M3, STM32C011J4M6, STM32C011J6M3, STM32C011J6M6, STM32C0316-DK, STM32C031C4T3, STM32C031C4T6, STM32C031C4U3, STM32C031C4U6, STM32C031C6T3, STM32C031C6T6, STM32C031C6U3, STM32C031C6U6, STM32C031F4P3, STM32C031F4P6, STM32C031F6P3, STM32C031F6P6, STM32C031G4U3, STM32C031G4U6, STM32C031G6U3, STM32C031G6U6, STM32C031K4T3, STM32C031K4T6, STM32C031K4U3, STM32C031K4U6, STM32C031K6T3, STM32C031K6T6, STM32C031K6U3, STM32C031K6U6, STM32C051C6T6, STM32C051C6U6, STM32C051C8T6, STM32C051C8U6, STM32C051D8Y6TR, STM32C051F6P6, STM32C051F8P6, STM32C051G6U6, STM32C051G8U6, STM32C051K6T6, STM32C051K6U6, STM32C051K8T6, STM32C071C8T6, STM32C071C8T6N, STM32C071C8U6, STM32C071C8U6N, STM32C071CBT6, STM32C071CBT6N, STM32C071CBU6, STM32C071CBU6N, STM32C071F8P6, STM32C071F8P6N, STM32C071FBP6, STM32C071FBP6N, STM32C071FBY6TR, STM32C071G8U6, STM32C071G8U6N, STM32C071GBU6, STM32C071GBU6N, STM32C071K8T6, STM32C071K8T6N, STM32C071K8U6, STM32C071K8U6N, STM32C071KBT6, STM32C071KBT6N, STM32C071KBU6, STM32C071KBU6N, STM32C071R8T6, STM32C071R8T6N, STM32C071RBI6N, STM32C071RBT6, STM32C071RBT6N, STM32C091CBT6, STM32C091CBU6, STM32C091CCT6, STM32C091CCU6, STM32C091ECY6TR, STM32C091FBP6, STM32C091FCP6, STM32C091GBU6, STM32C091GCU6, STM32C091KBT6, STM32C091KBU6, STM32C091KCT6, STM32C091KCU6, STM32C091RBT6, STM32C091RCI6, STM32C091RCT6, STM32C092CBT6, STM32C092CBU6, STM32C092CCT6, STM32C092CCU6, STM32C092ECY6TR, STM32C092FBP6, STM32C092FCP6, STM32C092GBU6, STM32C092GCU6, STM32C092KBT6, STM32C092KBU6, STM32C092KCT6, STM32C092KCU6, STM32C092RBT6, STM32C092RCI6, STM32C092RCT6, STM32G071K8TXN, STM32G071K8UXN, STM32G081GBU6N, STM32G081KBT6N, STM32G081KBUXN, STM32G0B1CCT6N, STM32G0B1KCT6, STM32G0B1NEY6TR, STM32G0B1RCT6N, STM32G0C1CCT6, STM32G0C1CCT6N, STM32G0C1CCU6N, STM32G0C1CET6N, STM32G0C1CEU6N, STM32G0C1KCT6, STM32G0C1NEY6TR, STM32G0C1RCI6N, STM32G0C1RCT6N, STM32G0C1REI6N, STM32G0C1RET6N, STM32G0C1VCI6, STM32G0C1VEI6, STM32G411C6T3, STM32G411C6T6, STM32G411C6U3, STM32G411C6U6, STM32G411C8T3, STM32G411C8T6, STM32G411C8U3, STM32G411C8U6, STM32G411CBT3, STM32G411CBT6, STM32G411CBU3, STM32G411CBU6, STM32G411K6T3, STM32G411K6T6, STM32G411K6U3, STM32G411K6U6, STM32G411K8T3, STM32G411K8T6, STM32G411K8U3, STM32G411K8U6, STM32G411KBT3, STM32G411KBT6, STM32G411KBU3, STM32G411KBU6, STM32G411M6T3, STM32G411M6T6, STM32G411M8T3, STM32G411M8T6, STM32G411MBT3, STM32G411MBT6, STM32G411R6T3, STM32G411R6T6, STM32G411R8T3, STM32G411R8T6, STM32G411RBT3, STM32G411RBT6, STM32G414CBT3, STM32G414CBT6, STM32G414CBU3, STM32G414CBU6, STM32G414CCT3, STM32G414CCT6, STM32G414CCU3, STM32G414CCU6, STM32G414MBT3, STM32G414MBT6, STM32G414MCT3, STM32G414MCT6, STM32G414RBT3, STM32G414RBT6, STM32G414RCT3, STM32G414RCT6, STM32G414VBT3, STM32G414VBT6, STM32G414VCT3, STM32G414VCT6, STM32G431CBT3Z, STM32G431RBT3Z, STM32G471CCT6, STM32G471CCU6, STM32G471CET3, STM32G471CET6, STM32G471CEU3, STM32G471CEU6, STM32G471MCT6, STM32G471MET3, STM32G471MET6, STM32G471MEY6TR, STM32G471QCT6, STM32G471QET3, STM32G471RCT6, STM32G471RET3, STM32G471RET6, STM32G471VCH6, STM32G471VCI6, STM32G471VCT6, STM32G471VEH3, STM32G471VEH6, STM32G471VEI3, STM32G471VEI6, STM32G471VET3, STM32G471VET6, STM32G473QET3Z, STM32G473RET3Z, STM32G474CCT6, STM32G491RET3Z, STM32H503CBT6, STM32H503CBU6, STM32H503EBY6TR, STM32H503KBU6, STM32H503RBT6, STM32H523CCT6, STM32H523CCU6, STM32H523CET6, STM32H523CEU6, STM32H523HEY6TR, STM32H523RCT6, STM32H523RET6, STM32H523VCI6, STM32H523VCT6, STM32H523VEI6, STM32H523VET6, STM32H523ZCJ6, STM32H523ZCT6, STM32H523ZEJ6, STM32H523ZET6, STM32H533CET6, STM32H533CEU6, STM32H533HEY6TR, STM32H533RET6, STM32H533VEI6, STM32H533VET6, STM32H533ZEJ6, STM32H533ZET6, STM32H562AGI6, STM32H562AII6, STM32H562IGK6, STM32H562IGT6, STM32H562IIK6, STM32H562IIT6, STM32H562RGT6, STM32H562RGV6, STM32H562RIT6, STM32H562RIV6, STM32H562VGT6, STM32H562VIT6, STM32H562ZGT6, STM32H562ZIT6, STM32H563AGI6, STM32H563AII3Q, STM32H563AII6, STM32H563IGK6, STM32H563IGT6, STM32H563IIK3Q, STM32H563IIK6, STM32H563IIT3Q, STM32H563IIT6, STM32H563MIY3QTR, STM32H563RGT6, STM32H563RGV6, STM32H563RIT6, STM32H563RIV6, STM32H563VGT6, STM32H563VIT3Q, STM32H563VIT6, STM32H563ZGT6, STM32H563ZIT3Q, STM32H563ZIT6, STM32H573AII3Q, STM32H573AII6, STM32H573I-DK, STM32H573IIK3Q, STM32H573IIK6, STM32H573IIT3Q, STM32H573IIT6, STM32H573MIY3QTR, STM32H573RIT6, STM32H573RIV6, STM32H573VIT3Q, STM32H573VIT6, STM32H573ZIT3Q, STM32H573ZIT6, STM32H7R3A8I6, STM32H7R3I8K6, STM32H7R3I8T6, STM32H7R3L8H6, STM32H7R3L8H6H, STM32H7R3R8V6, STM32H7R3V8H6, STM32H7R3V8T6, STM32H7R3V8Y6TR, STM32H7R3Z8J6, STM32H7R3Z8T6, STM32H7R7A8I6, STM32H7R7I8K6, STM32H7R7I8T6, STM32H7R7L8H6, STM32H7R7L8H6H, STM32H7R7Z8J6, STM32H7S3A8I6, STM32H7S3I8K6, STM32H7S3I8T6, STM32H7S3L8H6, STM32H7S3L8H6H, STM32H7S3R8V6, STM32H7S3V8H6, STM32H7S3V8T6, STM32H7S3V8Y6TR, STM32H7S3Z8J6, STM32H7S3Z8T6, STM32H7S78-DK, STM32H7S7A8I6, STM32H7S7I8K6, STM32H7S7I8T6, STM32H7S7L8H6, STM32H7S7L8H6H, STM32H7S7Z8J6, STM32L4R5QGI6STR, STM32MP131AAE3, STM32MP131AAF3, STM32MP131AAG3, STM32MP131CAE3, STM32MP131CAF3, STM32MP131CAG3, STM32MP131DAE7, STM32MP131DAF7, STM32MP131DAG7, STM32MP131FAE7, STM32MP131FAF7, STM32MP131FAG7, STM32MP133AAE3, STM32MP133AAF3, STM32MP133AAG3, STM32MP133CAE3, STM32MP133CAF3, STM32MP133CAG3, STM32MP133DAE7, STM32MP133DAF7, STM32MP133DAG7, STM32MP133FAE7, STM32MP133FAF7, STM32MP133FAG7, STM32MP135AAE3, STM32MP135AAF3, STM32MP135AAG3, STM32MP135CAE3, STM32MP135CAF3, STM32MP135CAG3, STM32MP135DAE7, STM32MP135DAF7, STM32MP135DAG7, STM32MP135F-DK, STM32MP135FAE7, STM32MP135FAF7, STM32MP135FAF7T, STM32MP135FAF7U, STM32MP135FAG7, STM32MP211AAL3, STM32MP211AAM3, STM32MP211AAN3, STM32MP211AAO3, STM32MP211CAL3, STM32MP211CAM3, STM32MP211CAN3, STM32MP211CAO3, STM32MP211DAL3, STM32MP211DAM3, STM32MP211DAN3, STM32MP211DAO3, STM32MP211FAL3, STM32MP211FAM3, STM32MP211FAN3, STM32MP211FAO3, STM32MP213AAL3, STM32MP213AAM3, STM32MP213AAN3, STM32MP213AAO3, STM32MP213CAL3, STM32MP213CAM3, STM32MP213CAN3, STM32MP213CAO3, STM32MP213DAL3, STM32MP213DAM3, STM32MP213DAN3, STM32MP213DAO3, STM32MP213FAL3, STM32MP213FAM3, STM32MP213FAN3, STM32MP213FAO3, STM32MP215AAL3, STM32MP215AAM3, STM32MP215AAN3, STM32MP215AAO3, STM32MP215CAL3, STM32MP215CAM3, STM32MP215CAN3, STM32MP215CAO3, STM32MP215DAL3, STM32MP215DAM3, STM32MP215DAN3, STM32MP215DAO3, STM32MP215F-DK, STM32MP215FAL3, STM32MP215FAM3, STM32MP215FAN3, STM32MP215FAO3, STM32MP231AAJ3, STM32MP231AAK3, STM32MP231AAL3, STM32MP231CAJ3, STM32MP231CAK3, STM32MP231CAL3, STM32MP231DAJ3, STM32MP231DAK3, STM32MP231DAL3, STM32MP231FAJ3, STM32MP231FAK3, STM32MP231FAL3, STM32MP233AAJ3, STM32MP233AAK3, STM32MP233AAL3, STM32MP233CAJ3, STM32MP233CAK3, STM32MP233CAL3, STM32MP233DAJ3, STM32MP233DAK3, STM32MP233DAL3, STM32MP233FAJ3, STM32MP233FAK3, STM32MP233FAL3, STM32MP235AAJ3, STM32MP235AAK3, STM32MP235AAL3, STM32MP235CAJ3, STM32MP235CAK3, STM32MP235CAL3, STM32MP235DAJ3, STM32MP235DAK3, STM32MP235DAL3, STM32MP235FAJ3, STM32MP235FAK3, STM32MP235FAL3, STM32MP251AAI3, STM32MP251AAK3, STM32MP251AAL3, STM32MP251CAI3, STM32MP251CAK3, STM32MP251CAL3, STM32MP251DAI3, STM32MP251DAK3, STM32MP251DAL3, STM32MP251FAI3, STM32MP251FAK3, STM32MP251FAL3, STM32MP253AAI3, STM32MP253AAK3, STM32MP253AAL3, STM32MP253CAI3, STM32MP253CAK3, STM32MP253CAL3, STM32MP253DAI3, STM32MP253DAK3, STM32MP253DAL3, STM32MP253FAI3, STM32MP253FAK3, STM32MP253FAL3, STM32MP255AAI3, STM32MP255AAK3, STM32MP255AAL3, STM32MP255CAI3, STM32MP255CAK3, STM32MP255CAL3, STM32MP255DAI3, STM32MP255DAK3, STM32MP255DAL3, STM32MP255FAI3, STM32MP255FAK3, STM32MP255FAL3, STM32MP257AAI3, STM32MP257AAK3, STM32MP257AAL3, STM32MP257CAI3, STM32MP257CAK3, STM32MP257CAL3, STM32MP257DAI3, STM32MP257DAK3, STM32MP257DAL3, STM32MP257F-DK, STM32MP257F-EV1, STM32MP257FAI3, STM32MP257FAK3, STM32MP257FAL3, STM32N645A0H3Q, STM32N645B0H3Q, STM32N645I0H3Q, STM32N645L0H3Q, STM32N645X0H3Q, STM32N645Z0H3Q, STM32N647A0H3Q, STM32N647B0H3Q, STM32N647I0H3Q, STM32N647L0H3Q, STM32N647X0H3Q, STM32N647Z0H3Q, STM32N655A0H3Q, STM32N655B0H3Q, STM32N655I0H3Q, STM32N655L0H3Q, STM32N655X0H3Q, STM32N655Z0H3Q, STM32N6570-DK, STM32N657A0H3Q, STM32N657B0H3Q, STM32N657I0H3Q, STM32N657L0H3Q, STM32N657X0H3Q, STM32N657Z0H3Q, STM32U031C6T6, STM32U031C6U6, STM32U031C8T6, STM32U031C8U6, STM32U031F4P6, STM32U031F6P6, STM32U031F8P6, STM32U031G6Y6TR, STM32U031G8Y6TR, STM32U031K4U6, STM32U031K6U6, STM32U031K8U6, STM32U031R6I6, STM32U031R6T6, STM32U031R8I6, STM32U031R8T6, STM32U073C8T6, STM32U073C8U6, STM32U073CBT6, STM32U073CBU6, STM32U073CCT6, STM32U073CCU6, STM32U073H8Y6TR, STM32U073HBY6TR, STM32U073HCY6TR, STM32U073K8U6, STM32U073KBU6, STM32U073KCU6, STM32U073M8I6, STM32U073M8T6, STM32U073MBI6, STM32U073MBT6, STM32U073MCI6, STM32U073MCT6, STM32U073R8I6, STM32U073R8T6, STM32U073RBI6, STM32U073RBT6, STM32U073RCI6, STM32U073RCT6, STM32U083C-DK, STM32U083CCT6, STM32U083CCU6, STM32U083HCY6TR, STM32U083KCU6, STM32U083MCI6, STM32U083MCT6, STM32U083RCI6, STM32U083RCT6, STM32U375CET6, STM32U375CET6Q, STM32U375CEU6, STM32U375CEU6Q, STM32U375CEY6QTR, STM32U375CGT6, STM32U375CGT6Q, STM32U375CGU6, STM32U375CGU6Q, STM32U375CGY6QTR, STM32U375KEU6, STM32U375KGU6, STM32U375REI6, STM32U375REI6Q, STM32U375RET6, STM32U375RET6Q, STM32U375REY6GTR, STM32U375REY6QTR, STM32U375RGI6, STM32U375RGI6Q, STM32U375RGT6, STM32U375RGT6Q, STM32U375RGY6GTR, STM32U375RGY6QTR, STM32U375VEI6, STM32U375VEI6Q, STM32U375VET6, STM32U375VET6Q, STM32U375VGI6, STM32U375VGI6Q, STM32U375VGT6, STM32U375VGT6Q, STM32U385CGT6, STM32U385CGT6Q, STM32U385CGU6, STM32U385CGU6Q, STM32U385CGY6QTR, STM32U385KGU6, STM32U385RGI6, STM32U385RGI6Q, STM32U385RGT6, STM32U385RGT6Q, STM32U385RGY6GTR, STM32U385RGY6QTR, STM32U385VGI6, STM32U385VGI6Q, STM32U385VGT6, STM32U385VGT6Q, STM32U535CBT6, STM32U535CBT6Q, STM32U535CBU6, STM32U535CBU6Q, STM32U535CCT6, STM32U535CCT6Q, STM32U535CCU6, STM32U535CCU6Q, STM32U535CET6, STM32U535CET6Q, STM32U535CEU6, STM32U535CEU6Q, STM32U535JEY6QTR, STM32U535NCY6QTR, STM32U535NEY6QTR, STM32U535RBI6, STM32U535RBI6Q, STM32U535RBT6, STM32U535RBT6Q, STM32U535RCI6, STM32U535RCI6Q, STM32U535RCT6, STM32U535RCT6Q, STM32U535REI6, STM32U535REI6Q, STM32U535RET6, STM32U535RET6Q, STM32U535VCI6, STM32U535VCI6Q, STM32U535VCT6, STM32U535VCT6Q, STM32U535VEI6, STM32U535VEI6Q, STM32U535VET6, STM32U535VET6Q, STM32U545CET6, STM32U545CET6Q, STM32U545CEU6, STM32U545CEU6Q, STM32U545JEY6QTR, STM32U545NEY6QTR, STM32U545REI6, STM32U545REI6Q, STM32U545RET6, STM32U545RET6Q, STM32U545VEI6, STM32U545VEI6Q, STM32U545VET6, STM32U545VET6Q, STM32U595AIH6, STM32U595AIH6Q, STM32U595AJH6, STM32U595AJH6Q, STM32U595QII6, STM32U595QII6Q, STM32U595QJI6, STM32U595QJI6Q, STM32U595RIT6, STM32U595RIT6Q, STM32U595RJT6, STM32U595RJT6Q, STM32U595VIT6, STM32U595VIT6Q, STM32U595VJT6, STM32U595VJT6Q, STM32U595ZIT6, STM32U595ZIT6Q, STM32U595ZIY6QTR, STM32U595ZJT6, STM32U595ZJT6Q, STM32U595ZJY6QTR, STM32U599BJY6QTR, STM32U599NIH6Q, STM32U599NJH6Q, STM32U599VIT6Q, STM32U599VJT6, STM32U599VJT6Q, STM32U599ZIT6Q, STM32U599ZIY6QTR, STM32U599ZJT6Q, STM32U599ZJY6QTR, STM32U5A5AJH6, STM32U5A5AJH6Q, STM32U5A5QII3Q , STM32U5A5QJI6, STM32U5A5QJI6Q, STM32U5A5RJT6, STM32U5A5RJT6Q, STM32U5A5VJT6, STM32U5A5VJT6Q, STM32U5A5ZJT6, STM32U5A5ZJT6Q, STM32U5A5ZJY6QTR, STM32U5A9BJY6QTR, STM32U5A9J-DK, STM32U5A9NJH6Q, STM32U5A9VJT6Q, STM32U5A9ZJT6Q, STM32U5A9ZJY6QTR, STM32U5F7VIT6, STM32U5F7VIT6Q, STM32U5F7VJT6, STM32U5F7VJT6Q, STM32U5F9BJY6QTR, STM32U5F9NJH6Q, STM32U5F9VIT6Q, STM32U5F9VJT6Q, STM32U5F9ZIJ6QTR, STM32U5F9ZIT6Q, STM32U5F9ZJJ6QTR, STM32U5F9ZJT6Q, STM32U5G7VJT6, STM32U5G7VJT6Q, STM32U5G9BJY6QTR, STM32U5G9J-DK1, STM32U5G9J-DK2, STM32U5G9NJH6Q, STM32U5G9VJT6Q, STM32U5G9ZJJ6QTR, STM32U5G9ZJT6Q, STM32WB05KZV6TR, STM32WB05KZV7TR, STM32WB05TZF6TR, STM32WB05TZF7TR, STM32WB06CCF6TR, STM32WB06CCF7TR, STM32WB06CCV6TR, STM32WB06CCV7TR, STM32WB06KCV6TR, STM32WB06KCV7TR, STM32WB07CCF6TR, STM32WB07CCF7TR, STM32WB07CCV6TR, STM32WB07CCV7TR, STM32WB07KCV6TR, STM32WB07KCV7TR, STM32WB09KEV6TR, STM32WB09KEV7TR, STM32WB09TEF6TR, STM32WB09TEF7TR, STM32WB1MMCH6, STM32WBA50KGU6, STM32WBA50KGU6TR, STM32WBA52CEU6, STM32WBA52CEU6TR, STM32WBA52CEU7, STM32WBA52CEU7TR, STM32WBA52CGU6, STM32WBA52CGU6TR, STM32WBA52CGU6U, STM32WBA52CGU7, STM32WBA52CGU7TR, STM32WBA52KEU6, STM32WBA52KEU6TR, STM32WBA52KGU6, STM32WBA52KGU6TR, STM32WBA54CEU6, STM32WBA54CEU6TR, STM32WBA54CEU7, STM32WBA54CEU7TR, STM32WBA54CGU6, STM32WBA54CGU6TR, STM32WBA54CGU7, STM32WBA54CGU7TR, STM32WBA54KEU6, STM32WBA54KEU6TR, STM32WBA54KEU7, STM32WBA54KEU7TR, STM32WBA54KGU6, STM32WBA54KGU6TR, STM32WBA54KGU7, STM32WBA54KGU7TR, STM32WBA55CEU6, STM32WBA55CEU6TR, STM32WBA55CEU7, STM32WBA55CEU7TR, STM32WBA55CGU6, STM32WBA55CGU6TR, STM32WBA55CGU6U, STM32WBA55CGU7, STM32WBA55CGU7TR, STM32WBA55G-DK1, STM32WBA55HEF6, STM32WBA55HEF7, STM32WBA55HGF6, STM32WBA55HGF7, STM32WBA55UEI6, STM32WBA55UEI6TR, STM32WBA55UEI7, STM32WBA55UEI7TR, STM32WBA55UGI6, STM32WBA55UGI6TR, STM32WBA55UGI7, STM32WBA55UGI7TR, STM32WBA5MMGH6TR, STM32WBA62MGF6, STM32WBA62MIF6, STM32WBA65MGF7, STM32WBA65MIF6, STM32WBA65MIF7, STM32WL30K8V6, STM32WL30KBV6, STM32WL31C8V6, STM32WL31CBV6, STM32WL31K8V6, STM32WL31KBV6, STM32WL33C8V6, STM32WL33C8V6X, STM32WL33CBV6, STM32WL33CBV6X, STM32WL33CCV6, STM32WL33CCV6A, STM32WL33CCV6X, STM32WL33K8V7, STM32WL33K8V7X, STM32WL33KBV7 , STM32WL33KBV7X, STM32WL33KCV7, STM32WL33KCV7X, STM32WL5MOCH6, STM32WL5MOCH6TR]
2025-12-15 10:42:13,381 [INFO] BoardInfo:889 - No configuration file found for board P-NUCLEO-WB55
2025-12-15 10:42:13,382 [INFO] DbBoards:161 - Kit is not supported: P-NUCLEO-WB55
2025-12-15 10:42:13,393 [INFO] BoardInfo:889 - No configuration file found for board STEVAL-BFA001V1B
2025-12-15 10:42:13,396 [INFO] DbBoards:161 - Kit is not supported: STEVAL-BFA001V1B
2025-12-15 10:42:13,397 [INFO] BoardInfo:889 - No configuration file found for board STEVAL-BFA001V2B
2025-12-15 10:42:13,399 [INFO] DbBoards:161 - Kit is not supported: STEVAL-BFA001V2B
2025-12-15 10:42:13,722 [INFO] DbBoards:168 - Found 212 boards, 209 are supported
2025-12-15 10:42:13,722 [INFO] DbBoards:169 - Found 212 boards, 43 of them is supported for  Bsp
2025-12-15 10:42:13,726 [INFO] ApiDb:423 - Load user favorites file C:\Users\aditi/.stm32cubeide/favorites.boards.txt: 0 item(s)
2025-12-15 10:42:13,727 [INFO] ApiDb:427 - User favorites Boards=[]
2025-12-15 10:42:13,727 [INFO] DbBoards:198 - Set 0 / 0 favorites Boards
2025-12-15 10:42:13,727 [INFO] McuFinderGlobals:76 - Set McuFinderConnectedMode to true
2025-12-15 10:42:13,735 [INFO] MultiScanPanel:200 - Auto-refresh data requested => check proxy status ongoing
2025-12-15 10:42:13,738 [INFO] FinderPluginLoader:96 - Searching for filters in installed packs
2025-12-15 10:42:15,407 [INFO] LoadUrlFilesThread:185 - End of LoadServerUrlFiles without Thread
2025-12-15 10:42:15,426 [INFO] DetailPanel:341 - Set advertising image to C:/Users/aditi/STM32Cube/Repository/\en.prom-st67w-expansion-board.png
2025-12-15 10:43:31,169 [INFO] MultiScanPanel:200 - Auto-refresh data requested => check proxy status ongoing
2025-12-15 10:43:31,274 [INFO] LoadUrlFilesThread:185 - End of LoadServerUrlFiles without Thread
2025-12-15 10:43:31,275 [INFO] DetailPanel:341 - Set advertising image to C:/Users/aditi/STM32Cube/Repository/\en.prom-st67w-expansion-board.png
2025-12-15 10:43:31,290 [INFO] DbBoards:642 - Loading board mini-images...
2025-12-15 10:43:33,152 [ERROR] DbBoards:659 - Image file not found for board STM32MP215F-DK: C:\Users\aditi\.stmcufinder\plugins\mcufinder//mcu//boards_images/STM32MP215F-DK.jpg
2025-12-15 10:43:33,337 [INFO] DbBoards:665 - Loaded 211 board mini-images
2025-12-15 10:43:44,944 [INFO] BoardResultTable:719 - Mark Board STM32F407G-DISC1 as favorite
2025-12-15 10:45:22,698 [ERROR] ConfigurationRetriever:142 - IOException on connection: sw-center.st.com
2025-12-15 10:45:22,699 [ERROR] ConfigurationRetriever:142 - IOException on connection: sw-center.st.com
2025-12-15 10:45:22,700 [ERROR] ConfigurationRetriever:142 - IOException on connection: sw-center.st.com
2025-12-15 10:45:22,994 [ERROR] AdobePublisher:162 - Exception while opening the connection: java.net.UnknownHostException: stmicroelectronics.d3.sc.omtrdc.net
2025-12-15 10:45:22,995 [ERROR] AdobePublisher:162 - Exception while opening the connection: java.net.UnknownHostException: stmicroelectronics.d3.sc.omtrdc.net
2025-12-15 10:45:22,996 [ERROR] AdobePublisher:162 - Exception while opening the connection: java.net.UnknownHostException: stmicroelectronics.d3.sc.omtrdc.net
2025-12-15 10:45:22,996 [ERROR] AdobePublisher:162 - Exception while opening the connection: java.net.UnknownHostException: stmicroelectronics.d3.sc.omtrdc.net
2025-12-15 10:45:22,997 [ERROR] AdobePublisher:162 - Exception while opening the connection: java.net.UnknownHostException: stmicroelectronics.d3.sc.omtrdc.net
2025-12-15 10:45:22,999 [INFO] McuFinderGlobals:76 - Set McuFinderConnectedMode to true
2025-12-15 10:45:23,004 [INFO] ApiDb:448 - Save user favorites file C:\Users\aditi/.stm32cubeide/favorites.mcus.txt: 0 item(s)
2025-12-15 10:45:23,004 [INFO] ApiDb:452 - User favorites MCUs=[]
2025-12-15 10:45:23,006 [INFO] ApiDb:448 - Save user favorites file C:\Users\aditi/.stm32cubeide/favorites.boards.txt: 1 item(s)
2025-12-15 10:45:23,006 [INFO] ApiDb:452 - User favorites Boards=[STM32F407G-DISC1]
2025-12-15 10:48:48,236 [ERROR] ConfigurationRetriever:142 - IOException on connection: Read timed out
2025-12-15 10:48:50,355 [ERROR] ConfigurationRetriever:142 - IOException on connection: Read timed out
2025-12-15 10:48:52,446 [ERROR] ConfigurationRetriever:142 - IOException on connection: Read timed out
2025-12-15 10:58:03,929 [ERROR] LogOutputStream:75 - [STDERR_REDIRECT] 
2025-12-15 10:58:28,021 [INFO] Activator:176 - 


2025-12-15 10:58:28,023 [INFO] Activator:177 - !SESSION log4j initialized
2025-12-15 10:58:34,691 [INFO] LogOutputStream:77 - [STDOUT_REDIRECT] 
2025-12-15 10:58:36,180 [INFO] ApplicationProperties:184 - Using Application install path: C:\ST\STM32CubeIDE_1.19.0\STM32CubeIDE\plugins\com.st.stm32cube.common.mx_6.15.0.202507011659
2025-12-15 10:58:36,226 [INFO] DbMcusXml:78 - Set database path to: C:\ST\STM32CubeIDE_1.19.0\STM32CubeIDE\plugins\com.st.stm32cube.common.mx_6.15.0.202507011659\\db\/mcu/
2025-12-15 10:58:36,227 [INFO] ApiDb:274 - Set plugin database path to: C:\ST\STM32CubeIDE_1.19.0\STM32CubeIDE\plugins\com.st.stm32cube.common.mx_6.15.0.202507011659\\db\/plugins/boardmanager/
2025-12-15 10:58:36,227 [WARN] ApiDb:259 - Overriding images path with different value:  => C:\ST\STM32CubeIDE_1.19.0\STM32CubeIDE\plugins\com.st.stm32cube.common.mx_6.15.0.202507011659\\db\/plugins/mcufinder/images/
2025-12-15 10:58:36,250 [INFO] ApiDb:250 - Set database path to: C:\Users\aditi\.stmcufinder\plugins\mcufinder//mcu/
2025-12-15 10:58:36,253 [INFO] DbMcusAds:125 - Set database path to: C:\Users\aditi\.stmcufinder\plugins\mcufinder//mcu/
2025-12-15 10:58:36,259 [INFO] CrossReferenceDbSqlite:203 - Set database path to: C:\Users\aditi\.stmcufinder\plugins\mcufinder//mcu/cs/
2025-12-15 10:58:36,529 [INFO] RulesReader:64 - Compatibility file has been processed (317 Rules)
2025-12-15 10:58:36,722 [INFO] DbMcusXml:78 - Set database path to: C:\ST\STM32CubeIDE_1.19.0\STM32CubeIDE\plugins\com.st.stm32cube.common.mx_6.15.0.202507011659\\db\/mcu/
2025-12-15 10:58:36,722 [INFO] ApiDb:274 - Set plugin database path to: C:\ST\STM32CubeIDE_1.19.0\STM32CubeIDE\plugins\com.st.stm32cube.common.mx_6.15.0.202507011659\\db\/plugins/boardmanager/
2025-12-15 10:58:36,722 [INFO] ApiDb:261 - Set plugin images path to: C:\ST\STM32CubeIDE_1.19.0\STM32CubeIDE\plugins\com.st.stm32cube.common.mx_6.15.0.202507011659\\db\/plugins/mcufinder/images/
2025-12-15 10:58:36,723 [WARN] DbFile:41 - Overriding database path with different value: C:\Users\aditi\.stmcufinder\plugins\mcufinder/ => C:\Users\aditi\.stmcufinder\plugins\mcufinder
2025-12-15 10:58:36,723 [INFO] ApiDb:250 - Set database path to: C:\Users\aditi\.stmcufinder\plugins\mcufinder//mcu/
2025-12-15 10:58:36,723 [WARN] DbFile:41 - Overriding database path with different value: C:\Users\aditi\.stmcufinder\plugins\mcufinder/ => C:\Users\aditi\.stmcufinder\plugins\mcufinder
2025-12-15 10:58:36,724 [INFO] DbMcusAds:125 - Set database path to: C:\Users\aditi\.stmcufinder\plugins\mcufinder//mcu/
2025-12-15 10:58:36,724 [WARN] DbFile:41 - Overriding database path with different value: C:\Users\aditi\.stmcufinder\plugins\mcufinder/ => C:\Users\aditi\.stmcufinder\plugins\mcufinder
2025-12-15 10:58:36,724 [WARN] DbFile:41 - Overriding database path with different value: C:\Users\aditi\.stmcufinder\plugins\mcufinder/ => C:\Users\aditi\.stmcufinder\plugins\mcufinder
2025-12-15 10:58:36,724 [INFO] CrossReferenceDbSqlite:203 - Set database path to: C:\Users\aditi\.stmcufinder\plugins\mcufinder//mcu/cs/
2025-12-15 10:58:36,883 [INFO] MainPanel:274 - HeapMemory: 268435456
2025-12-15 10:58:37,062 [INFO] DbMcusXml:78 - Set database path to: C:\ST\STM32CubeIDE_1.19.0\STM32CubeIDE\plugins\com.st.stm32cube.common.mx_6.15.0.202507011659\\db\/mcu/
2025-12-15 10:58:37,062 [INFO] ApiDb:274 - Set plugin database path to: C:\ST\STM32CubeIDE_1.19.0\STM32CubeIDE\plugins\com.st.stm32cube.common.mx_6.15.0.202507011659\\db\/plugins/boardmanager/
2025-12-15 10:58:37,062 [INFO] ApiDb:261 - Set plugin images path to: C:\ST\STM32CubeIDE_1.19.0\STM32CubeIDE\plugins\com.st.stm32cube.common.mx_6.15.0.202507011659\\db\/plugins/mcufinder/images/
2025-12-15 10:58:37,063 [WARN] DbFile:41 - Overriding database path with different value: C:\Users\aditi\.stmcufinder\plugins\mcufinder/ => C:\Users\aditi\.stmcufinder\plugins\mcufinder
2025-12-15 10:58:37,063 [INFO] ApiDb:250 - Set database path to: C:\Users\aditi\.stmcufinder\plugins\mcufinder//mcu/
2025-12-15 10:58:37,063 [WARN] DbFile:41 - Overriding database path with different value: C:\Users\aditi\.stmcufinder\plugins\mcufinder/ => C:\Users\aditi\.stmcufinder\plugins\mcufinder
2025-12-15 10:58:37,063 [INFO] DbMcusAds:125 - Set database path to: C:\Users\aditi\.stmcufinder\plugins\mcufinder//mcu/
2025-12-15 10:58:37,063 [WARN] DbFile:41 - Overriding database path with different value: C:\Users\aditi\.stmcufinder\plugins\mcufinder/ => C:\Users\aditi\.stmcufinder\plugins\mcufinder
2025-12-15 10:58:37,063 [WARN] DbFile:41 - Overriding database path with different value: C:\Users\aditi\.stmcufinder\plugins\mcufinder/ => C:\Users\aditi\.stmcufinder\plugins\mcufinder
2025-12-15 10:58:37,063 [INFO] CrossReferenceDbSqlite:203 - Set database path to: C:\Users\aditi\.stmcufinder\plugins\mcufinder//mcu/cs/
2025-12-15 10:58:37,087 [INFO] ApplicationProperties:184 - Using Application install path: C:\ST\STM32CubeIDE_1.19.0\STM32CubeIDE\plugins\com.st.stm32cube.common.mx_6.15.0.202507011659
2025-12-15 10:58:37,089 [INFO] PluginManage:196 - Search for loadable plugins [exclusion list=, ]
2025-12-15 10:58:37,092 [INFO] PluginManage:310 - Check plugin analytics
2025-12-15 10:58:37,370 [INFO] AnalyticsPlugin:253 - Accepted Software Licenses: 
2025-12-15 10:58:37,371 [INFO] AnalyticsPlugin:255 - Accepted CMSIS Pack Licenses: 
2025-12-15 10:58:37,371 [INFO] AnalyticsPlugin:257 - Accepted Firmware Licenses: 
2025-12-15 10:58:37,374 [INFO] PluginManage:359 - Loaded plugin analytics (category:tool,tabindex:-1)
2025-12-15 10:58:37,374 [INFO] PluginManage:310 - Check plugin cadmodel
2025-12-15 10:58:37,386 [INFO] CADModel:105 - Init CAD model plugin
2025-12-15 10:58:37,387 [INFO] PluginManage:359 - Loaded plugin cadmodel (category:power,tabindex:5)
2025-12-15 10:58:37,387 [INFO] PluginManage:310 - Check plugin clock
2025-12-15 10:58:37,406 [INFO] PluginManage:359 - Loaded plugin clock (category:base,tabindex:2)
2025-12-15 10:58:37,407 [INFO] PluginManage:310 - Check plugin ddr
2025-12-15 10:58:37,413 [INFO] PluginManage:359 - Loaded plugin ddr (category:tool,tabindex:6)
2025-12-15 10:58:37,413 [INFO] PluginManage:310 - Check plugin filemanager
2025-12-15 10:58:37,611 [INFO] PluginManage:359 - Loaded plugin filemanager (category:base,tabindex:10)
2025-12-15 10:58:37,611 [INFO] PluginManage:310 - Check plugin ipmanager
2025-12-15 10:58:37,619 [INFO] PluginManage:359 - Loaded plugin ipmanager (category:base,tabindex:5)
2025-12-15 10:58:37,620 [INFO] PluginManage:310 - Check plugin lpbam
2025-12-15 10:58:37,630 [INFO] PluginManage:359 - Loaded plugin lpbam (category:base,tabindex:0)
2025-12-15 10:58:37,631 [INFO] PluginManage:310 - Check plugin memorymap
2025-12-15 10:58:37,650 [INFO] PluginManage:359 - Loaded plugin memorymap (category:base,tabindex:4)
2025-12-15 10:58:37,650 [INFO] PluginManage:310 - Check plugin pinoutandconfiguration
2025-12-15 10:58:37,662 [INFO] PluginManage:359 - Loaded plugin pinoutandconfiguration (category:base,tabindex:1)
2025-12-15 10:58:37,662 [INFO] PluginManage:310 - Check plugin pinoutconfig
2025-12-15 10:58:37,805 [WARN] SupportedApi:132 - Cannot load RTOS API schema: s4s-elt-must-match.1: The content of 'definitions' must match (annotation?, (simpleType | complexType)?, (unique | key | keyref)*)). A problem was found starting at: attribute.
2025-12-15 10:58:37,993 [INFO] PluginManage:359 - Loaded plugin pinoutconfig (category:base,tabindex:0)
2025-12-15 10:58:37,993 [INFO] PluginManage:310 - Check plugin power
2025-12-15 10:58:38,006 [INFO] PluginManage:359 - Loaded plugin power (category:power,tabindex:4)
2025-12-15 10:58:38,007 [INFO] PluginManage:310 - Check plugin projectmanager
2025-12-15 10:58:38,033 [INFO] PluginManage:359 - Loaded plugin projectmanager (category:projectmanager,tabindex:4)
2025-12-15 10:58:38,033 [INFO] PluginManage:310 - Check plugin rif
2025-12-15 10:58:38,048 [INFO] PluginManage:359 - Loaded plugin rif (category:base,tabindex:3)
2025-12-15 10:58:38,048 [INFO] PluginManage:310 - Check plugin thirdparty
2025-12-15 10:58:38,222 [INFO] PluginManage:359 - Loaded plugin thirdparty (category:base,tabindex:-1)
2025-12-15 10:58:38,223 [INFO] PluginManage:310 - Check plugin tools
2025-12-15 10:58:38,222 [WARN] IntegrityCheckThread:84 - waiting for thirdparty lock release [integrity check]
2025-12-15 10:58:38,223 [INFO] IntegrityCheckThread:86 - entering critical section [integrity check]
2025-12-15 10:58:38,223 [INFO] ThirdPartyUpdaterWithRetryManager:70 - Updater plugin not ready yet. [1/15]
2025-12-15 10:58:38,227 [INFO] PluginManage:359 - Loaded plugin tools (category:base,tabindex:7)
2025-12-15 10:58:38,227 [INFO] PluginManage:310 - Check plugin tutovideos
2025-12-15 10:58:38,513 [INFO] PluginManage:359 - Loaded plugin tutovideos (category:base,tabindex:-1)
2025-12-15 10:58:38,513 [INFO] PluginManage:310 - Check plugin updater
2025-12-15 10:58:38,547 [INFO] PluginManage:359 - Loaded plugin updater (category:base,tabindex:12)
2025-12-15 10:58:38,547 [INFO] PluginManage:310 - Check plugin userauth
2025-12-15 10:58:38,557 [INFO] UserAuth:118 - Init User Auth plugin
2025-12-15 10:58:38,558 [INFO] PluginManage:359 - Loaded plugin userauth (category:base,tabindex:14)
2025-12-15 10:58:38,558 [INFO] PluginManage:283 - PluginManage : Loaded plugins [18]
2025-12-15 10:58:38,827 [INFO] PinOutPanel:1589 - setPackage(No Configuration,No Configuration)
2025-12-15 10:58:38,924 [INFO] CADModel:165 - CPN selected for project level
2025-12-15 10:58:38,924 [INFO] CADModel:114 - Register for checkConnection events
2025-12-15 10:58:38,950 [INFO] IPUIPlugin:80 - create IPUIPlugin
2025-12-15 10:58:38,950 [INFO] PluginManager:220 - loadIPPluginJar : add adc
2025-12-15 10:58:38,956 [INFO] IPUIPlugin:80 - create IPUIPlugin
2025-12-15 10:58:38,956 [INFO] PluginManager:220 - loadIPPluginJar : add aes
2025-12-15 10:58:38,960 [INFO] IPUIPlugin:80 - create IPUIPlugin
2025-12-15 10:58:38,961 [INFO] PluginManager:220 - loadIPPluginJar : add can
2025-12-15 10:58:38,965 [INFO] IPUIPlugin:80 - create IPUIPlugin
2025-12-15 10:58:38,965 [INFO] PluginManager:220 - loadIPPluginJar : add comp
2025-12-15 10:58:38,970 [INFO] IPUIPlugin:80 - create IPUIPlugin
2025-12-15 10:58:38,971 [INFO] PluginManager:220 - loadIPPluginJar : add cryp
2025-12-15 10:58:38,977 [INFO] IPUIPlugin:80 - create IPUIPlugin
2025-12-15 10:58:38,977 [INFO] PluginManager:220 - loadIPPluginJar : add ddr_ctrl_phy
2025-12-15 10:58:38,982 [INFO] IPUIPlugin:80 - create IPUIPlugin
2025-12-15 10:58:38,982 [INFO] PluginManager:220 - loadIPPluginJar : add dfsdm
2025-12-15 10:58:38,991 [INFO] IPUIPlugin:80 - create IPUIPlugin
2025-12-15 10:58:38,992 [INFO] PluginManager:220 - loadIPPluginJar : add dma
2025-12-15 10:58:38,996 [INFO] IPUIPlugin:80 - create IPUIPlugin
2025-12-15 10:58:38,996 [INFO] PluginManager:220 - loadIPPluginJar : add dma3
2025-12-15 10:58:39,001 [INFO] IPUIPlugin:80 - create IPUIPlugin
2025-12-15 10:58:39,001 [INFO] PluginManager:220 - loadIPPluginJar : add extmemmanager
2025-12-15 10:58:39,004 [INFO] IPUIPlugin:80 - create IPUIPlugin
2025-12-15 10:58:39,004 [INFO] PluginManager:220 - loadIPPluginJar : add fatfs
2025-12-15 10:58:39,012 [INFO] IPUIPlugin:80 - create IPUIPlugin
2025-12-15 10:58:39,012 [INFO] PluginManager:220 - loadIPPluginJar : add fmc
2025-12-15 10:58:39,024 [INFO] IPUIPlugin:80 - create IPUIPlugin
2025-12-15 10:58:39,024 [INFO] PluginManager:220 - loadIPPluginJar : add freertos
2025-12-15 10:58:39,027 [INFO] IPUIPlugin:80 - create IPUIPlugin
2025-12-15 10:58:39,027 [INFO] PluginManager:220 - loadIPPluginJar : add genericplugin
2025-12-15 10:58:39,031 [INFO] IPUIPlugin:80 - create IPUIPlugin
2025-12-15 10:58:39,031 [INFO] PluginManager:220 - loadIPPluginJar : add gfxmmu
2025-12-15 10:58:39,038 [INFO] IPUIPlugin:80 - create IPUIPlugin
2025-12-15 10:58:39,038 [INFO] PluginManager:220 - loadIPPluginJar : add gic
2025-12-15 10:58:39,044 [INFO] IPUIPlugin:80 - create IPUIPlugin
2025-12-15 10:58:39,045 [INFO] PluginManager:220 - loadIPPluginJar : add gpio
2025-12-15 10:58:39,050 [INFO] IPUIPlugin:80 - create IPUIPlugin
2025-12-15 10:58:39,050 [INFO] PluginManager:220 - loadIPPluginJar : add gtzc
2025-12-15 10:58:39,054 [INFO] IPUIPlugin:80 - create IPUIPlugin
2025-12-15 10:58:39,055 [INFO] PluginManager:220 - loadIPPluginJar : add hash
2025-12-15 10:58:39,059 [INFO] IPUIPlugin:80 - create IPUIPlugin
2025-12-15 10:58:39,059 [INFO] PluginManager:220 - loadIPPluginJar : add i2c
2025-12-15 10:58:39,063 [INFO] IPUIPlugin:80 - create IPUIPlugin
2025-12-15 10:58:39,063 [INFO] PluginManager:220 - loadIPPluginJar : add i2s
2025-12-15 10:58:39,069 [INFO] IPUIPlugin:80 - create IPUIPlugin
2025-12-15 10:58:39,069 [INFO] PluginManager:220 - loadIPPluginJar : add i3c
2025-12-15 10:58:39,074 [INFO] IPUIPlugin:80 - create IPUIPlugin
2025-12-15 10:58:39,074 [INFO] PluginManager:220 - loadIPPluginJar : add ipddr
2025-12-15 10:58:39,082 [INFO] IPUIPlugin:80 - create IPUIPlugin
2025-12-15 10:58:39,082 [INFO] PluginManager:220 - loadIPPluginJar : add linkedlist
2025-12-15 10:58:39,086 [INFO] IPUIPlugin:80 - create IPUIPlugin
2025-12-15 10:58:39,086 [INFO] PluginManager:220 - loadIPPluginJar : add lorawan
2025-12-15 10:58:39,089 [INFO] IPUIPlugin:80 - create IPUIPlugin
2025-12-15 10:58:39,089 [INFO] PluginManager:220 - loadIPPluginJar : add ltdc
2025-12-15 10:58:39,096 [INFO] IPUIPlugin:80 - create IPUIPlugin
2025-12-15 10:58:39,097 [INFO] PluginManager:220 - loadIPPluginJar : add mdma
2025-12-15 10:58:39,102 [INFO] IPUIPlugin:80 - create IPUIPlugin
2025-12-15 10:58:39,103 [INFO] PluginManager:220 - loadIPPluginJar : add nvic
2025-12-15 10:58:39,107 [INFO] IPUIPlugin:80 - create IPUIPlugin
2025-12-15 10:58:39,107 [INFO] PluginManager:220 - loadIPPluginJar : add opamp
2025-12-15 10:58:39,113 [INFO] IPUIPlugin:80 - create IPUIPlugin
2025-12-15 10:58:39,113 [INFO] PluginManager:220 - loadIPPluginJar : add openamp
2025-12-15 10:58:39,119 [INFO] IPUIPlugin:80 - create IPUIPlugin
2025-12-15 10:58:39,119 [INFO] PluginManager:220 - loadIPPluginJar : add pdm2pcm
2025-12-15 10:58:39,128 [INFO] IPUIPlugin:80 - create IPUIPlugin
2025-12-15 10:58:39,130 [INFO] PluginManager:220 - loadIPPluginJar : add plateformsettings
2025-12-15 10:58:39,133 [INFO] IPUIPlugin:80 - create IPUIPlugin
2025-12-15 10:58:39,133 [INFO] PluginManager:220 - loadIPPluginJar : add quadspi
2025-12-15 10:58:39,136 [INFO] IPUIPlugin:80 - create IPUIPlugin
2025-12-15 10:58:39,136 [INFO] PluginManager:220 - loadIPPluginJar : add radio
2025-12-15 10:58:39,141 [INFO] IPUIPlugin:80 - create IPUIPlugin
2025-12-15 10:58:39,142 [INFO] PluginManager:220 - loadIPPluginJar : add resmgrutility
2025-12-15 10:58:39,145 [INFO] IPUIPlugin:80 - create IPUIPlugin
2025-12-15 10:58:39,146 [INFO] PluginManager:220 - loadIPPluginJar : add sai
2025-12-15 10:58:39,149 [INFO] IPUIPlugin:80 - create IPUIPlugin
2025-12-15 10:58:39,149 [INFO] PluginManager:220 - loadIPPluginJar : add spi
2025-12-15 10:58:39,157 [INFO] IPUIPlugin:80 - create IPUIPlugin
2025-12-15 10:58:39,157 [INFO] PluginManager:220 - loadIPPluginJar : add stm32_wpan
2025-12-15 10:58:39,160 [INFO] IPUIPlugin:80 - create IPUIPlugin
2025-12-15 10:58:39,161 [INFO] PluginManager:220 - loadIPPluginJar : add tim
2025-12-15 10:58:39,165 [INFO] IPUIPlugin:80 - create IPUIPlugin
2025-12-15 10:58:39,165 [INFO] PluginManager:220 - loadIPPluginJar : add touchsensing
2025-12-15 10:58:39,168 [INFO] IPUIPlugin:80 - create IPUIPlugin
2025-12-15 10:58:39,169 [INFO] PluginManager:220 - loadIPPluginJar : add tracer_emb
2025-12-15 10:58:39,172 [INFO] IPUIPlugin:80 - create IPUIPlugin
2025-12-15 10:58:39,172 [INFO] PluginManager:220 - loadIPPluginJar : add ts
2025-12-15 10:58:39,174 [INFO] IPUIPlugin:80 - create IPUIPlugin
2025-12-15 10:58:39,174 [INFO] PluginManager:220 - loadIPPluginJar : add tsc
2025-12-15 10:58:39,176 [INFO] IPUIPlugin:80 - create IPUIPlugin
2025-12-15 10:58:39,176 [INFO] PluginManager:220 - loadIPPluginJar : add ucpd
2025-12-15 10:58:39,179 [INFO] IPUIPlugin:80 - create IPUIPlugin
2025-12-15 10:58:39,179 [INFO] PluginManager:220 - loadIPPluginJar : add usart
2025-12-15 10:58:39,183 [INFO] IPUIPlugin:80 - create IPUIPlugin
2025-12-15 10:58:39,183 [INFO] PluginManager:220 - loadIPPluginJar : add usbx
2025-12-15 10:58:39,313 [FATAL] Updater:351 - Updater called before beeing initialized
2025-12-15 10:58:39,372 [INFO] RulesReader:64 - Compatibility file has been processed (317 Rules)
2025-12-15 10:58:39,393 [INFO] RulesReader:64 - Compatibility file has been processed (317 Rules)
2025-12-15 10:58:39,410 [INFO] CADModel:165 - CPN selected for project level
2025-12-15 10:58:39,410 [INFO] CADModel:114 - Register for checkConnection events
2025-12-15 10:58:39,410 [FATAL] Updater:351 - Updater called before beeing initialized
2025-12-15 10:58:39,411 [ERROR] CADModel:125 - Updater not yet initialized, retry later 
2025-12-15 10:58:39,616 [FATAL] Updater:351 - Updater called before beeing initialized
2025-12-15 10:58:39,619 [INFO] CADModel:165 - CPN selected for project level
2025-12-15 10:58:39,619 [INFO] CADModel:114 - Register for checkConnection events
2025-12-15 10:58:39,619 [FATAL] Updater:351 - Updater called before beeing initialized
2025-12-15 10:58:39,619 [ERROR] CADModel:125 - Updater not yet initialized, retry later 
2025-12-15 10:58:39,622 [FATAL] Updater:351 - Updater called before beeing initialized
2025-12-15 10:58:39,756 [FATAL] Updater:351 - Updater called before beeing initialized
2025-12-15 10:58:39,760 [INFO] DbMcusAds:53 - JSON generation date=Mon Dec 08 19:58:09 IST 2025 (1765204089998)
2025-12-15 10:58:39,760 [FATAL] Updater:351 - Updater called before beeing initialized
2025-12-15 10:58:39,797 [WARN] DetailPanel:346 - Failed to get advertising image, set to default
2025-12-15 10:58:39,874 [FATAL] Updater:351 - Updater called before beeing initialized
2025-12-15 10:58:39,877 [FATAL] Updater:351 - Updater called before beeing initialized
2025-12-15 10:58:39,877 [FATAL] Updater:351 - Updater called before beeing initialized
2025-12-15 10:58:39,877 [WARN] DetailPanel:346 - Failed to get advertising image, set to default
2025-12-15 10:58:39,878 [FATAL] Updater:351 - Updater called before beeing initialized
2025-12-15 10:58:39,930 [ERROR] Updater:1198 - MainUpdater not yet initialized. External WinMGr cannot be set.
2025-12-15 10:58:39,932 [INFO] Updater:1134 - Updater Version found : 6.15.0
2025-12-15 10:58:39,955 [INFO] ApplicationProperties:184 - Using Application install path: C:\ST\STM32CubeIDE_1.19.0\STM32CubeIDE\plugins\com.st.stm32cube.common.mx_6.15.0.202507011659
2025-12-15 10:58:41,226 [INFO] ThirdPartyUpdaterWithRetryManager:70 - Updater plugin not ready yet. [2/15]
2025-12-15 10:58:41,530 [ERROR] LogOutputStream:75 - [STDERR_REDIRECT] Dec 15, 2025 10:58:41 AM java.util.prefs.WindowsPreferences <init>
2025-12-15 10:58:41,531 [ERROR] LogOutputStream:75 - [STDERR_REDIRECT] WARNING: Could not open/create prefs root node Software\JavaSoft\Prefs at root 0xffffffff80000002. Windows RegCreateKeyEx(...) returned error code 5.
2025-12-15 10:58:41,531 [ERROR] LogOutputStream:75 - [STDERR_REDIRECT] 
2025-12-15 10:58:42,226 [INFO] MainUpdater:2872 - connection check result : 10
2025-12-15 10:58:42,228 [INFO] MainUpdater:289 - Updater Check For Update Now.
2025-12-15 10:58:42,229 [INFO] MicroXplorer:498 - Change Database Version : DB.6.0.150
2025-12-15 10:58:42,249 [INFO] McuFinderGlobals:63 - Set McuFinder mode to 2 (CubeIDE integrated)
2025-12-15 10:58:42,250 [INFO] UserAuth:171 - activating auth plugin
2025-12-15 10:58:42,257 [INFO] UserAuth:487 - Internet connection configuration mode: 1
2025-12-15 10:58:42,302 [INFO] JxBrowserEngine:152 - Initiate JxBrowser Engine with user profile folder
2025-12-15 10:58:42,468 [INFO] CheckServerUpdateThread:120 - End of CheckServer Thread
2025-12-15 10:58:43,660 [INFO] WebApp:169 - Instantiating new browser for Auth
2025-12-15 10:58:44,475 [WARN] PackLoader:240 - Cannot read IP mode file for STMicroelectronics.FP-SNS-MOTENVWB1.1.4.0
2025-12-15 10:58:44,484 [WARN] PackLoader:240 - Cannot read IP mode file for STMicroelectronics.FP-ATR-ASTRA1.2.0.2
2025-12-15 10:58:44,493 [WARN] PackLoader:240 - Cannot read IP mode file for STMicroelectronics.X-CUBE-SMBUS.2.1.0
2025-12-15 10:58:44,539 [WARN] PackLoader:240 - Cannot read IP mode file for STMicroelectronics.X-CUBE-AZRTOS-F7.1.1.0
2025-12-15 10:58:44,593 [WARN] PackLoader:240 - Cannot read IP mode file for STMicroelectronics.X-CUBE-DISPLAY.3.0.0
2025-12-15 10:58:44,622 [WARN] PackLoader:240 - Cannot read IP mode file for STMicroelectronics.X-CUBE-NFC10.1.0.0
2025-12-15 10:58:44,642 [WARN] PackLoader:240 - Cannot read IP mode file for STMicroelectronics.FP-SNS-SMARTAG2.1.2.0
2025-12-15 10:58:44,652 [WARN] PackLoader:240 - Cannot read IP mode file for STMicroelectronics.FP-SNS-FLIGHT1.5.1.0
2025-12-15 10:58:44,668 [INFO] LogOutputStream:77 - [STDOUT_REDIRECT] 1 : Invalid condition id : UX_CORESTACK_Condition cause : null
2025-12-15 10:58:44,669 [INFO] LogOutputStream:77 - [STDOUT_REDIRECT] 1 : Invalid condition id : UX_CORESTACK_Condition cause : null
2025-12-15 10:58:44,670 [INFO] LogOutputStream:77 - [STDOUT_REDIRECT] 1 : Invalid condition id : UX_CORESTACK_Condition cause : null
2025-12-15 10:58:44,671 [INFO] LogOutputStream:77 - [STDOUT_REDIRECT] 1 : Invalid condition id : UX_CORESTACK_Condition cause : null
2025-12-15 10:58:44,673 [INFO] LogOutputStream:77 - [STDOUT_REDIRECT] 1 : Invalid condition id : UX_CORESTACK_Condition cause : null
2025-12-15 10:58:44,676 [WARN] PackLoader:240 - Cannot read IP mode file for STMicroelectronics.X-CUBE-AZRTOS-WL.2.0.0
2025-12-15 10:58:44,686 [WARN] PackLoader:240 - Cannot read IP mode file for STMicroelectronics.X-CUBE-BLE2.3.3.0
2025-12-15 10:58:44,697 [WARN] PackLoader:240 - Cannot read IP mode file for STMicroelectronics.X-CUBE-NFC9.1.0.0
2025-12-15 10:58:44,707 [WARN] PackLoader:240 - Cannot read IP mode file for STMicroelectronics.X-CUBE-BLE1.7.1.0
2025-12-15 10:58:44,729 [WARN] PackLoader:240 - Cannot read IP mode file for STMicroelectronics.X-CUBE-AZRTOS-G0.1.1.0
2025-12-15 10:58:44,741 [WARN] PackLoader:240 - Cannot read IP mode file for STMicroelectronics.X-CUBE-NFC4.3.0.0
2025-12-15 10:58:44,752 [WARN] PackLoader:240 - Cannot read IP mode file for STMicroelectronics.X-CUBE-WB05N.2.0.0
2025-12-15 10:58:44,764 [WARN] PackLoader:240 - Cannot read IP mode file for STMicroelectronics.X-CUBE-TCPP.4.2.0
2025-12-15 10:58:44,775 [WARN] PackLoader:240 - Cannot read IP mode file for STMicroelectronics.FP-ATR-SIGFOX1.3.2.0
2025-12-15 10:58:44,785 [WARN] PackLoader:240 - Cannot read IP mode file for STMicroelectronics.X-CUBE-ALGOBUILD.1.4.0
2025-12-15 10:58:44,796 [WARN] PackLoader:240 - Cannot read IP mode file for STMicroelectronics.X-CUBE-PM33A1.1.0.0
2025-12-15 10:58:44,837 [WARN] PackLoader:240 - Cannot read IP mode file for STMicroelectronics.X-CUBE-AZRTOS-F4.1.1.0
2025-12-15 10:58:44,863 [WARN] PackLoader:240 - Cannot read IP mode file for STMicroelectronics.X-CUBE-ISPU.2.1.0
2025-12-15 10:58:44,929 [WARN] PackLoader:240 - Cannot read IP mode file for STMicroelectronics.X-CUBE-AZRTOS-L5.2.0.0
2025-12-15 10:58:44,947 [WARN] PackLoader:240 - Cannot read IP mode file for STMicroelectronics.X-CUBE-NFC6.3.1.0
2025-12-15 10:58:44,958 [WARN] PackLoader:240 - Cannot read IP mode file for STMicroelectronics.X-CUBE-DPower.1.3.0
2025-12-15 10:58:44,979 [WARN] ConditionMgr:438 - getConditionDescription Invalid condition id : LAN8742 Phy interface Condition cause : null
2025-12-15 10:58:44,980 [WARN] PackLoader:240 - Cannot read IP mode file for STMicroelectronics.X-CUBE-AZRTOS-L4.2.0.0
2025-12-15 10:58:44,982 [WARN] ConditionMgr:1044 - genDependencies : Invalid condition id : LAN8742 Phy interface Condition cause : null
2025-12-15 10:58:44,982 [WARN] ConditionMgr:1044 - genDependencies : Invalid condition id : LAN8742 Phy interface Condition cause : null
2025-12-15 10:58:44,983 [WARN] ConditionMgr:1044 - genDependencies : Invalid condition id : LAN8742 Phy interface Condition cause : null
2025-12-15 10:58:44,993 [WARN] PackLoader:240 - Cannot read IP mode file for STMicroelectronics.X-CUBE-SFXS2LP1.4.0.0
2025-12-15 10:58:45,003 [WARN] ConditionMgr:438 - getConditionDescription Invalid condition id : UX DEVICE CLASS RTOS Condition cause : null
2025-12-15 10:58:45,003 [WARN] ConditionMgr:438 - getConditionDescription Invalid condition id : UX DEVICE CLASS RTOS Condition cause : null
2025-12-15 10:58:45,005 [WARN] PackLoader:240 - Cannot read IP mode file for STMicroelectronics.X-CUBE-AZRTOS-WB.2.0.0
2025-12-15 10:58:45,005 [WARN] ConditionMgr:1044 - genDependencies : Invalid condition id : UX DEVICE CLASS RTOS Condition cause : null
2025-12-15 10:58:45,005 [WARN] ConditionMgr:1044 - genDependencies : Invalid condition id : UX DEVICE CLASS RTOS Condition cause : null
2025-12-15 10:58:45,006 [WARN] ConditionMgr:1044 - genDependencies : Invalid condition id : UX DEVICE CLASS RTOS Condition cause : null
2025-12-15 10:58:45,006 [WARN] ConditionMgr:1044 - genDependencies : Invalid condition id : UX DEVICE CLASS RTOS Condition cause : null
2025-12-15 10:58:45,006 [WARN] ConditionMgr:1044 - genDependencies : Invalid condition id : UX DEVICE CLASS RTOS Condition cause : null
2025-12-15 10:58:45,019 [WARN] PackLoader:240 - Cannot read IP mode file for STMicroelectronics.X-CUBE-SUBG2.5.0.0
2025-12-15 10:58:45,036 [WARN] PackLoader:240 - Cannot read IP mode file for STMicroelectronics.X-CUBE-AZRTOS-G4.2.0.0
2025-12-15 10:58:45,045 [WARN] PackLoader:240 - Cannot read IP mode file for STMicroelectronics.X-CUBE-NFC7.2.0.0
2025-12-15 10:58:45,052 [WARN] PackLoader:240 - Cannot read IP mode file for STMicroelectronics.X-CUBE-ALS.1.0.2
2025-12-15 10:58:45,064 [WARN] PackLoader:240 - Cannot read IP mode file for STMicroelectronics.X-CUBE-TOF1.3.4.3
2025-12-15 10:58:45,074 [INFO] ThirdParty:978 - Integrity check success = true
2025-12-15 10:58:45,074 [INFO] IntegrityCheckThread:100 - exiting critical section [integrity check]
2025-12-15 10:58:45,074 [INFO] IntegrityCheckThread:103 - End integrity checks thread
2025-12-15 10:58:45,088 [INFO] WebApp:463 - Apply proxy settings
2025-12-15 10:58:45,090 [INFO] WebApp:548 - Chromium requires no authentication
2025-12-15 10:58:45,122 [INFO] WebApp:491 - Direct internet connection detected
2025-12-15 10:58:45,169 [INFO] WebApp:900 - Register for checkConnection events
2025-12-15 10:58:45,169 [INFO] WebApp:463 - Apply proxy settings
2025-12-15 10:58:45,169 [INFO] WebApp:548 - Chromium requires no authentication
2025-12-15 10:58:45,170 [INFO] WebApp:491 - Direct internet connection detected
2025-12-15 10:58:45,376 [INFO] WebApp:225 - Starting web application
2025-12-15 10:58:45,376 [INFO] WebApp:593 - Web application path used C:\ST\STM32CubeIDE_1.19.0\STM32CubeIDE\plugins\com.st.stm32cube.common.mx_6.15.0.202507011659\db\plugins\mcufinder\reactClient1\index.html
2025-12-15 10:58:46,110 [INFO] WebApp:191 - Connection restablished
2025-12-15 11:45:48,486 [INFO] WebApp:194 - Connection lost
2025-12-15 11:47:20,375 [INFO] WebApp:191 - Connection restablished
2025-12-15 11:47:22,129 [INFO] WebApp:194 - Connection lost
2025-12-15 11:47:22,951 [INFO] WebApp:191 - Connection restablished
2025-12-15 11:50:23,842 [INFO] WebApp:194 - Connection lost
2025-12-15 11:50:24,172 [INFO] WebApp:191 - Connection restablished
2025-12-15 11:51:20,979 [INFO] McuFinderGlobals:63 - Set McuFinder mode to 2 (CubeIDE integrated)
2025-12-15 11:51:20,983 [INFO] MainUpdater:2872 - connection check result : 10
2025-12-15 11:51:21,508 [INFO] ApiDb:581 - Connected to CubeFinder SQLite database (C:\Users\aditi\.stmcufinder\plugins\mcufinder\mcu\cube-finder-db.db)
2025-12-15 11:51:21,631 [INFO] ApiDb:668 - CubeFinder database Data Model version=2.1
2025-12-15 11:51:21,631 [INFO] ApiDb:669 - CubeFinder database Configuration version=3.0.39
2025-12-15 11:51:21,634 [INFO] ApiDb:670 - CubeFinder database generation date=2025-11-05 (1762334721)
2025-12-15 11:51:21,634 [INFO] ApiDb:671 - CubeFinder database FW Pack versions=[FP-ATR-ASTRA1_V2.0.0, FP-SNS-FLIGHT1_V5.1.0, FP-SNS-MOTENV1_V5.1.0, FP-SNS-MOTENVWB1_V1.4.0, FP-SNS-SMARTAG2_V1.2.0, FP-SNS-STBOX1_V2.1.0, STM32Cube_FW_C0_V1.4.0, STM32Cube_FW_F4_V1.28.3, STM32Cube_FW_F7_V1.17.4, STM32Cube_FW_G0_V1.6.2, STM32Cube_FW_G4_V1.6.1, STM32Cube_FW_H5_V1.5.1, STM32Cube_FW_H7RS_V1.3.0, STM32Cube_FW_H7_V1.12.1, STM32Cube_FW_L0_V1.12.2, STM32Cube_FW_L4_V1.18.1, STM32Cube_FW_L5_V1.6.0, STM32Cube_FW_N6_V1.3.0, STM32Cube_FW_U0_V1.3.0, STM32Cube_FW_U3_V1.2.1, STM32Cube_FW_U5_V1.8.0, STM32Cube_FW_WB0_V1.4.0, STM32Cube_FW_WBA_V1.8.0, STM32Cube_FW_WB_V1.24.0, STM32Cube_FW_WL3_V1.3.0, STM32Cube_FW_WL_V1.4.0, X-CUBE-ALGOBUILD_V1.4.0, X-CUBE-ALS_V1.0.2, X-CUBE-AZRTOS-F4_V1.1.0, X-CUBE-AZRTOS-F7_V1.1.0, X-CUBE-AZRTOS-G0_V1.1.0, X-CUBE-AZRTOS-G4_V2.0.0, X-CUBE-AZRTOS-H7RS_V1.1.0, X-CUBE-AZRTOS-H7_V3.4.0, X-CUBE-AZRTOS-L4_V2.0.0, X-CUBE-AZRTOS-L5_V2.0.0, X-CUBE-AZRTOS-WB_V2.0.0, X-CUBE-AZRTOS-WL_V2.0.0, X-CUBE-BLE1_V7.1.0, X-CUBE-BLE2_V3.3.0, X-CUBE-BLEMGR_V4.1.0, X-CUBE-EEPRMA1_V5.2.0, X-CUBE-FREERTOS_V1.3.1, X-CUBE-GNSS1_V6.0.0, X-CUBE-MEMS1_V11.3.0, X-CUBE-NFC4_V3.0.0, X-CUBE-NFC7_V2.0.0, X-CUBE-SFXS2LP1_V4.0.0, X-CUBE-ST67W61_V1.1.0, X-CUBE-SUBG2_V5.0.0, X-CUBE-TOF1_V3.4.3]
2025-12-15 11:51:24,438 [INFO] ApiDb:240 - Found 880 in-development CPN: [B-G473E-ZEST1S, B-WB1M-WPAN1, B-WBA5M-WPAN, B-WL5M-SUBG1, NUCLEO-C031C6, NUCLEO-C051C8, NUCLEO-C071RB, NUCLEO-C092RC, NUCLEO-H503RB, NUCLEO-H533RE, NUCLEO-H563ZI, NUCLEO-H7S3L8, NUCLEO-N657X0-Q, NUCLEO-U031R8, NUCLEO-U083RC, NUCLEO-U385RG-Q, NUCLEO-U545RE-Q, NUCLEO-U5A5ZJ-Q, NUCLEO-WB05KZ, NUCLEO-WB07CC, NUCLEO-WB09KE, NUCLEO-WBA52CG, NUCLEO-WBA55CG, NUCLEO-WL33CC1, NUCLEO-WL33CC2, STEVAL-PROTEUS1, STEVAL-SMARTAG2, STEVAL-STWINBX1, STM320518-EVAL, STM32C0116-DK, STM32C011D6Y3TR, STM32C011D6Y6TR, STM32C011F4P3, STM32C011F4P6, STM32C011F4U3, STM32C011F4U6TR, STM32C011F6P3, STM32C011F6P6, STM32C011F6U3, STM32C011F6U6TR, STM32C011J4M3, STM32C011J4M6, STM32C011J6M3, STM32C011J6M6, STM32C0316-DK, STM32C031C4T3, STM32C031C4T6, STM32C031C4U3, STM32C031C4U6, STM32C031C6T3, STM32C031C6T6, STM32C031C6U3, STM32C031C6U6, STM32C031F4P3, STM32C031F4P6, STM32C031F6P3, STM32C031F6P6, STM32C031G4U3, STM32C031G4U6, STM32C031G6U3, STM32C031G6U6, STM32C031K4T3, STM32C031K4T6, STM32C031K4U3, STM32C031K4U6, STM32C031K6T3, STM32C031K6T6, STM32C031K6U3, STM32C031K6U6, STM32C051C6T6, STM32C051C6U6, STM32C051C8T6, STM32C051C8U6, STM32C051D8Y6TR, STM32C051F6P6, STM32C051F8P6, STM32C051G6U6, STM32C051G8U6, STM32C051K6T6, STM32C051K6U6, STM32C051K8T6, STM32C071C8T6, STM32C071C8T6N, STM32C071C8U6, STM32C071C8U6N, STM32C071CBT6, STM32C071CBT6N, STM32C071CBU6, STM32C071CBU6N, STM32C071F8P6, STM32C071F8P6N, STM32C071FBP6, STM32C071FBP6N, STM32C071FBY6TR, STM32C071G8U6, STM32C071G8U6N, STM32C071GBU6, STM32C071GBU6N, STM32C071K8T6, STM32C071K8T6N, STM32C071K8U6, STM32C071K8U6N, STM32C071KBT6, STM32C071KBT6N, STM32C071KBU6, STM32C071KBU6N, STM32C071R8T6, STM32C071R8T6N, STM32C071RBI6N, STM32C071RBT6, STM32C071RBT6N, STM32C091CBT6, STM32C091CBU6, STM32C091CCT6, STM32C091CCU6, STM32C091ECY6TR, STM32C091FBP6, STM32C091FCP6, STM32C091GBU6, STM32C091GCU6, STM32C091KBT6, STM32C091KBU6, STM32C091KCT6, STM32C091KCU6, STM32C091RBT6, STM32C091RCI6, STM32C091RCT6, STM32C092CBT6, STM32C092CBU6, STM32C092CCT6, STM32C092CCU6, STM32C092ECY6TR, STM32C092FBP6, STM32C092FCP6, STM32C092GBU6, STM32C092GCU6, STM32C092KBT6, STM32C092KBU6, STM32C092KCT6, STM32C092KCU6, STM32C092RBT6, STM32C092RCI6, STM32C092RCT6, STM32G071K8TXN, STM32G071K8UXN, STM32G081GBU6N, STM32G081KBT6N, STM32G081KBUXN, STM32G0B1CCT6N, STM32G0B1KCT6, STM32G0B1NEY6TR, STM32G0B1RCT6N, STM32G0C1CCT6, STM32G0C1CCT6N, STM32G0C1CCU6N, STM32G0C1CET6N, STM32G0C1CEU6N, STM32G0C1KCT6, STM32G0C1NEY6TR, STM32G0C1RCI6N, STM32G0C1RCT6N, STM32G0C1REI6N, STM32G0C1RET6N, STM32G0C1VCI6, STM32G0C1VEI6, STM32G411C6T3, STM32G411C6T6, STM32G411C6U3, STM32G411C6U6, STM32G411C8T3, STM32G411C8T6, STM32G411C8U3, STM32G411C8U6, STM32G411CBT3, STM32G411CBT6, STM32G411CBU3, STM32G411CBU6, STM32G411K6T3, STM32G411K6T6, STM32G411K6U3, STM32G411K6U6, STM32G411K8T3, STM32G411K8T6, STM32G411K8U3, STM32G411K8U6, STM32G411KBT3, STM32G411KBT6, STM32G411KBU3, STM32G411KBU6, STM32G411M6T3, STM32G411M6T6, STM32G411M8T3, STM32G411M8T6, STM32G411MBT3, STM32G411MBT6, STM32G411R6T3, STM32G411R6T6, STM32G411R8T3, STM32G411R8T6, STM32G411RBT3, STM32G411RBT6, STM32G414CBT3, STM32G414CBT6, STM32G414CBU3, STM32G414CBU6, STM32G414CCT3, STM32G414CCT6, STM32G414CCU3, STM32G414CCU6, STM32G414MBT3, STM32G414MBT6, STM32G414MCT3, STM32G414MCT6, STM32G414RBT3, STM32G414RBT6, STM32G414RCT3, STM32G414RCT6, STM32G414VBT3, STM32G414VBT6, STM32G414VCT3, STM32G414VCT6, STM32G431CBT3Z, STM32G431RBT3Z, STM32G471CCT6, STM32G471CCU6, STM32G471CET3, STM32G471CET6, STM32G471CEU3, STM32G471CEU6, STM32G471MCT6, STM32G471MET3, STM32G471MET6, STM32G471MEY6TR, STM32G471QCT6, STM32G471QET3, STM32G471RCT6, STM32G471RET3, STM32G471RET6, STM32G471VCH6, STM32G471VCI6, STM32G471VCT6, STM32G471VEH3, STM32G471VEH6, STM32G471VEI3, STM32G471VEI6, STM32G471VET3, STM32G471VET6, STM32G473QET3Z, STM32G473RET3Z, STM32G474CCT6, STM32G491RET3Z, STM32H503CBT6, STM32H503CBU6, STM32H503EBY6TR, STM32H503KBU6, STM32H503RBT6, STM32H523CCT6, STM32H523CCU6, STM32H523CET6, STM32H523CEU6, STM32H523HEY6TR, STM32H523RCT6, STM32H523RET6, STM32H523VCI6, STM32H523VCT6, STM32H523VEI6, STM32H523VET6, STM32H523ZCJ6, STM32H523ZCT6, STM32H523ZEJ6, STM32H523ZET6, STM32H533CET6, STM32H533CEU6, STM32H533HEY6TR, STM32H533RET6, STM32H533VEI6, STM32H533VET6, STM32H533ZEJ6, STM32H533ZET6, STM32H562AGI6, STM32H562AII6, STM32H562IGK6, STM32H562IGT6, STM32H562IIK6, STM32H562IIT6, STM32H562RGT6, STM32H562RGV6, STM32H562RIT6, STM32H562RIV6, STM32H562VGT6, STM32H562VIT6, STM32H562ZGT6, STM32H562ZIT6, STM32H563AGI6, STM32H563AII3Q, STM32H563AII6, STM32H563IGK6, STM32H563IGT6, STM32H563IIK3Q, STM32H563IIK6, STM32H563IIT3Q, STM32H563IIT6, STM32H563MIY3QTR, STM32H563RGT6, STM32H563RGV6, STM32H563RIT6, STM32H563RIV6, STM32H563VGT6, STM32H563VIT3Q, STM32H563VIT6, STM32H563ZGT6, STM32H563ZIT3Q, STM32H563ZIT6, STM32H573AII3Q, STM32H573AII6, STM32H573I-DK, STM32H573IIK3Q, STM32H573IIK6, STM32H573IIT3Q, STM32H573IIT6, STM32H573MIY3QTR, STM32H573RIT6, STM32H573RIV6, STM32H573VIT3Q, STM32H573VIT6, STM32H573ZIT3Q, STM32H573ZIT6, STM32H7R3A8I6, STM32H7R3I8K6, STM32H7R3I8T6, STM32H7R3L8H6, STM32H7R3L8H6H, STM32H7R3R8V6, STM32H7R3V8H6, STM32H7R3V8T6, STM32H7R3V8Y6TR, STM32H7R3Z8J6, STM32H7R3Z8T6, STM32H7R7A8I6, STM32H7R7I8K6, STM32H7R7I8T6, STM32H7R7L8H6, STM32H7R7L8H6H, STM32H7R7Z8J6, STM32H7S3A8I6, STM32H7S3I8K6, STM32H7S3I8T6, STM32H7S3L8H6, STM32H7S3L8H6H, STM32H7S3R8V6, STM32H7S3V8H6, STM32H7S3V8T6, STM32H7S3V8Y6TR, STM32H7S3Z8J6, STM32H7S3Z8T6, STM32H7S78-DK, STM32H7S7A8I6, STM32H7S7I8K6, STM32H7S7I8T6, STM32H7S7L8H6, STM32H7S7L8H6H, STM32H7S7Z8J6, STM32L4R5QGI6STR, STM32MP131AAE3, STM32MP131AAF3, STM32MP131AAG3, STM32MP131CAE3, STM32MP131CAF3, STM32MP131CAG3, STM32MP131DAE7, STM32MP131DAF7, STM32MP131DAG7, STM32MP131FAE7, STM32MP131FAF7, STM32MP131FAG7, STM32MP133AAE3, STM32MP133AAF3, STM32MP133AAG3, STM32MP133CAE3, STM32MP133CAF3, STM32MP133CAG3, STM32MP133DAE7, STM32MP133DAF7, STM32MP133DAG7, STM32MP133FAE7, STM32MP133FAF7, STM32MP133FAG7, STM32MP135AAE3, STM32MP135AAF3, STM32MP135AAG3, STM32MP135CAE3, STM32MP135CAF3, STM32MP135CAG3, STM32MP135DAE7, STM32MP135DAF7, STM32MP135DAG7, STM32MP135F-DK, STM32MP135FAE7, STM32MP135FAF7, STM32MP135FAF7T, STM32MP135FAF7U, STM32MP135FAG7, STM32MP211AAL3, STM32MP211AAM3, STM32MP211AAN3, STM32MP211AAO3, STM32MP211CAL3, STM32MP211CAM3, STM32MP211CAN3, STM32MP211CAO3, STM32MP211DAL3, STM32MP211DAM3, STM32MP211DAN3, STM32MP211DAO3, STM32MP211FAL3, STM32MP211FAM3, STM32MP211FAN3, STM32MP211FAO3, STM32MP213AAL3, STM32MP213AAM3, STM32MP213AAN3, STM32MP213AAO3, STM32MP213CAL3, STM32MP213CAM3, STM32MP213CAN3, STM32MP213CAO3, STM32MP213DAL3, STM32MP213DAM3, STM32MP213DAN3, STM32MP213DAO3, STM32MP213FAL3, STM32MP213FAM3, STM32MP213FAN3, STM32MP213FAO3, STM32MP215AAL3, STM32MP215AAM3, STM32MP215AAN3, STM32MP215AAO3, STM32MP215CAL3, STM32MP215CAM3, STM32MP215CAN3, STM32MP215CAO3, STM32MP215DAL3, STM32MP215DAM3, STM32MP215DAN3, STM32MP215DAO3, STM32MP215F-DK, STM32MP215FAL3, STM32MP215FAM3, STM32MP215FAN3, STM32MP215FAO3, STM32MP231AAJ3, STM32MP231AAK3, STM32MP231AAL3, STM32MP231CAJ3, STM32MP231CAK3, STM32MP231CAL3, STM32MP231DAJ3, STM32MP231DAK3, STM32MP231DAL3, STM32MP231FAJ3, STM32MP231FAK3, STM32MP231FAL3, STM32MP233AAJ3, STM32MP233AAK3, STM32MP233AAL3, STM32MP233CAJ3, STM32MP233CAK3, STM32MP233CAL3, STM32MP233DAJ3, STM32MP233DAK3, STM32MP233DAL3, STM32MP233FAJ3, STM32MP233FAK3, STM32MP233FAL3, STM32MP235AAJ3, STM32MP235AAK3, STM32MP235AAL3, STM32MP235CAJ3, STM32MP235CAK3, STM32MP235CAL3, STM32MP235DAJ3, STM32MP235DAK3, STM32MP235DAL3, STM32MP235FAJ3, STM32MP235FAK3, STM32MP235FAL3, STM32MP251AAI3, STM32MP251AAK3, STM32MP251AAL3, STM32MP251CAI3, STM32MP251CAK3, STM32MP251CAL3, STM32MP251DAI3, STM32MP251DAK3, STM32MP251DAL3, STM32MP251FAI3, STM32MP251FAK3, STM32MP251FAL3, STM32MP253AAI3, STM32MP253AAK3, STM32MP253AAL3, STM32MP253CAI3, STM32MP253CAK3, STM32MP253CAL3, STM32MP253DAI3, STM32MP253DAK3, STM32MP253DAL3, STM32MP253FAI3, STM32MP253FAK3, STM32MP253FAL3, STM32MP255AAI3, STM32MP255AAK3, STM32MP255AAL3, STM32MP255CAI3, STM32MP255CAK3, STM32MP255CAL3, STM32MP255DAI3, STM32MP255DAK3, STM32MP255DAL3, STM32MP255FAI3, STM32MP255FAK3, STM32MP255FAL3, STM32MP257AAI3, STM32MP257AAK3, STM32MP257AAL3, STM32MP257CAI3, STM32MP257CAK3, STM32MP257CAL3, STM32MP257DAI3, STM32MP257DAK3, STM32MP257DAL3, STM32MP257F-DK, STM32MP257F-EV1, STM32MP257FAI3, STM32MP257FAK3, STM32MP257FAL3, STM32N645A0H3Q, STM32N645B0H3Q, STM32N645I0H3Q, STM32N645L0H3Q, STM32N645X0H3Q, STM32N645Z0H3Q, STM32N647A0H3Q, STM32N647B0H3Q, STM32N647I0H3Q, STM32N647L0H3Q, STM32N647X0H3Q, STM32N647Z0H3Q, STM32N655A0H3Q, STM32N655B0H3Q, STM32N655I0H3Q, STM32N655L0H3Q, STM32N655X0H3Q, STM32N655Z0H3Q, STM32N6570-DK, STM32N657A0H3Q, STM32N657B0H3Q, STM32N657I0H3Q, STM32N657L0H3Q, STM32N657X0H3Q, STM32N657Z0H3Q, STM32U031C6T6, STM32U031C6U6, STM32U031C8T6, STM32U031C8U6, STM32U031F4P6, STM32U031F6P6, STM32U031F8P6, STM32U031G6Y6TR, STM32U031G8Y6TR, STM32U031K4U6, STM32U031K6U6, STM32U031K8U6, STM32U031R6I6, STM32U031R6T6, STM32U031R8I6, STM32U031R8T6, STM32U073C8T6, STM32U073C8U6, STM32U073CBT6, STM32U073CBU6, STM32U073CCT6, STM32U073CCU6, STM32U073H8Y6TR, STM32U073HBY6TR, STM32U073HCY6TR, STM32U073K8U6, STM32U073KBU6, STM32U073KCU6, STM32U073M8I6, STM32U073M8T6, STM32U073MBI6, STM32U073MBT6, STM32U073MCI6, STM32U073MCT6, STM32U073R8I6, STM32U073R8T6, STM32U073RBI6, STM32U073RBT6, STM32U073RCI6, STM32U073RCT6, STM32U083C-DK, STM32U083CCT6, STM32U083CCU6, STM32U083HCY6TR, STM32U083KCU6, STM32U083MCI6, STM32U083MCT6, STM32U083RCI6, STM32U083RCT6, STM32U375CET6, STM32U375CET6Q, STM32U375CEU6, STM32U375CEU6Q, STM32U375CEY6QTR, STM32U375CGT6, STM32U375CGT6Q, STM32U375CGU6, STM32U375CGU6Q, STM32U375CGY6QTR, STM32U375KEU6, STM32U375KGU6, STM32U375REI6, STM32U375REI6Q, STM32U375RET6, STM32U375RET6Q, STM32U375REY6GTR, STM32U375REY6QTR, STM32U375RGI6, STM32U375RGI6Q, STM32U375RGT6, STM32U375RGT6Q, STM32U375RGY6GTR, STM32U375RGY6QTR, STM32U375VEI6, STM32U375VEI6Q, STM32U375VET6, STM32U375VET6Q, STM32U375VGI6, STM32U375VGI6Q, STM32U375VGT6, STM32U375VGT6Q, STM32U385CGT6, STM32U385CGT6Q, STM32U385CGU6, STM32U385CGU6Q, STM32U385CGY6QTR, STM32U385KGU6, STM32U385RGI6, STM32U385RGI6Q, STM32U385RGT6, STM32U385RGT6Q, STM32U385RGY6GTR, STM32U385RGY6QTR, STM32U385VGI6, STM32U385VGI6Q, STM32U385VGT6, STM32U385VGT6Q, STM32U535CBT6, STM32U535CBT6Q, STM32U535CBU6, STM32U535CBU6Q, STM32U535CCT6, STM32U535CCT6Q, STM32U535CCU6, STM32U535CCU6Q, STM32U535CET6, STM32U535CET6Q, STM32U535CEU6, STM32U535CEU6Q, STM32U535JEY6QTR, STM32U535NCY6QTR, STM32U535NEY6QTR, STM32U535RBI6, STM32U535RBI6Q, STM32U535RBT6, STM32U535RBT6Q, STM32U535RCI6, STM32U535RCI6Q, STM32U535RCT6, STM32U535RCT6Q, STM32U535REI6, STM32U535REI6Q, STM32U535RET6, STM32U535RET6Q, STM32U535VCI6, STM32U535VCI6Q, STM32U535VCT6, STM32U535VCT6Q, STM32U535VEI6, STM32U535VEI6Q, STM32U535VET6, STM32U535VET6Q, STM32U545CET6, STM32U545CET6Q, STM32U545CEU6, STM32U545CEU6Q, STM32U545JEY6QTR, STM32U545NEY6QTR, STM32U545REI6, STM32U545REI6Q, STM32U545RET6, STM32U545RET6Q, STM32U545VEI6, STM32U545VEI6Q, STM32U545VET6, STM32U545VET6Q, STM32U595AIH6, STM32U595AIH6Q, STM32U595AJH6, STM32U595AJH6Q, STM32U595QII6, STM32U595QII6Q, STM32U595QJI6, STM32U595QJI6Q, STM32U595RIT6, STM32U595RIT6Q, STM32U595RJT6, STM32U595RJT6Q, STM32U595VIT6, STM32U595VIT6Q, STM32U595VJT6, STM32U595VJT6Q, STM32U595ZIT6, STM32U595ZIT6Q, STM32U595ZIY6QTR, STM32U595ZJT6, STM32U595ZJT6Q, STM32U595ZJY6QTR, STM32U599BJY6QTR, STM32U599NIH6Q, STM32U599NJH6Q, STM32U599VIT6Q, STM32U599VJT6, STM32U599VJT6Q, STM32U599ZIT6Q, STM32U599ZIY6QTR, STM32U599ZJT6Q, STM32U599ZJY6QTR, STM32U5A5AJH6, STM32U5A5AJH6Q, STM32U5A5QII3Q , STM32U5A5QJI6, STM32U5A5QJI6Q, STM32U5A5RJT6, STM32U5A5RJT6Q, STM32U5A5VJT6, STM32U5A5VJT6Q, STM32U5A5ZJT6, STM32U5A5ZJT6Q, STM32U5A5ZJY6QTR, STM32U5A9BJY6QTR, STM32U5A9J-DK, STM32U5A9NJH6Q, STM32U5A9VJT6Q, STM32U5A9ZJT6Q, STM32U5A9ZJY6QTR, STM32U5F7VIT6, STM32U5F7VIT6Q, STM32U5F7VJT6, STM32U5F7VJT6Q, STM32U5F9BJY6QTR, STM32U5F9NJH6Q, STM32U5F9VIT6Q, STM32U5F9VJT6Q, STM32U5F9ZIJ6QTR, STM32U5F9ZIT6Q, STM32U5F9ZJJ6QTR, STM32U5F9ZJT6Q, STM32U5G7VJT6, STM32U5G7VJT6Q, STM32U5G9BJY6QTR, STM32U5G9J-DK1, STM32U5G9J-DK2, STM32U5G9NJH6Q, STM32U5G9VJT6Q, STM32U5G9ZJJ6QTR, STM32U5G9ZJT6Q, STM32WB05KZV6TR, STM32WB05KZV7TR, STM32WB05TZF6TR, STM32WB05TZF7TR, STM32WB06CCF6TR, STM32WB06CCF7TR, STM32WB06CCV6TR, STM32WB06CCV7TR, STM32WB06KCV6TR, STM32WB06KCV7TR, STM32WB07CCF6TR, STM32WB07CCF7TR, STM32WB07CCV6TR, STM32WB07CCV7TR, STM32WB07KCV6TR, STM32WB07KCV7TR, STM32WB09KEV6TR, STM32WB09KEV7TR, STM32WB09TEF6TR, STM32WB09TEF7TR, STM32WB1MMCH6, STM32WBA50KGU6, STM32WBA50KGU6TR, STM32WBA52CEU6, STM32WBA52CEU6TR, STM32WBA52CEU7, STM32WBA52CEU7TR, STM32WBA52CGU6, STM32WBA52CGU6TR, STM32WBA52CGU6U, STM32WBA52CGU7, STM32WBA52CGU7TR, STM32WBA52KEU6, STM32WBA52KEU6TR, STM32WBA52KGU6, STM32WBA52KGU6TR, STM32WBA54CEU6, STM32WBA54CEU6TR, STM32WBA54CEU7, STM32WBA54CEU7TR, STM32WBA54CGU6, STM32WBA54CGU6TR, STM32WBA54CGU7, STM32WBA54CGU7TR, STM32WBA54KEU6, STM32WBA54KEU6TR, STM32WBA54KEU7, STM32WBA54KEU7TR, STM32WBA54KGU6, STM32WBA54KGU6TR, STM32WBA54KGU7, STM32WBA54KGU7TR, STM32WBA55CEU6, STM32WBA55CEU6TR, STM32WBA55CEU7, STM32WBA55CEU7TR, STM32WBA55CGU6, STM32WBA55CGU6TR, STM32WBA55CGU6U, STM32WBA55CGU7, STM32WBA55CGU7TR, STM32WBA55G-DK1, STM32WBA55HEF6, STM32WBA55HEF7, STM32WBA55HGF6, STM32WBA55HGF7, STM32WBA55UEI6, STM32WBA55UEI6TR, STM32WBA55UEI7, STM32WBA55UEI7TR, STM32WBA55UGI6, STM32WBA55UGI6TR, STM32WBA55UGI7, STM32WBA55UGI7TR, STM32WBA5MMGH6TR, STM32WBA62MGF6, STM32WBA62MIF6, STM32WBA65MGF7, STM32WBA65MIF6, STM32WBA65MIF7, STM32WL30K8V6, STM32WL30KBV6, STM32WL31C8V6, STM32WL31CBV6, STM32WL31K8V6, STM32WL31KBV6, STM32WL33C8V6, STM32WL33C8V6X, STM32WL33CBV6, STM32WL33CBV6X, STM32WL33CCV6, STM32WL33CCV6A, STM32WL33CCV6X, STM32WL33K8V7, STM32WL33K8V7X, STM32WL33KBV7 , STM32WL33KBV7X, STM32WL33KCV7, STM32WL33KCV7X, STM32WL5MOCH6, STM32WL5MOCH6TR]
2025-12-15 11:51:24,443 [INFO] DbMcus:218 - Found 4876 MCUs, 4876 are supported
2025-12-15 11:51:24,447 [INFO] ApiDb:423 - Load user favorites file C:\Users\aditi/.stm32cubeide/favorites.mcus.txt: 0 item(s)
2025-12-15 11:51:24,447 [INFO] ApiDb:427 - User favorites MCUs=[]
2025-12-15 11:51:24,447 [INFO] DbMcus:224 - Set 0 / 0 favorites MCUs
2025-12-15 11:51:24,912 [INFO] ApiDb:668 - CubeFinder database Data Model version=2.1
2025-12-15 11:51:24,912 [INFO] ApiDb:669 - CubeFinder database Configuration version=3.0.39
2025-12-15 11:51:24,912 [INFO] ApiDb:670 - CubeFinder database generation date=2025-11-05 (1762334721)
2025-12-15 11:51:24,912 [INFO] ApiDb:671 - CubeFinder database FW Pack versions=[FP-ATR-ASTRA1_V2.0.0, FP-SNS-FLIGHT1_V5.1.0, FP-SNS-MOTENV1_V5.1.0, FP-SNS-MOTENVWB1_V1.4.0, FP-SNS-SMARTAG2_V1.2.0, FP-SNS-STBOX1_V2.1.0, STM32Cube_FW_C0_V1.4.0, STM32Cube_FW_F4_V1.28.3, STM32Cube_FW_F7_V1.17.4, STM32Cube_FW_G0_V1.6.2, STM32Cube_FW_G4_V1.6.1, STM32Cube_FW_H5_V1.5.1, STM32Cube_FW_H7RS_V1.3.0, STM32Cube_FW_H7_V1.12.1, STM32Cube_FW_L0_V1.12.2, STM32Cube_FW_L4_V1.18.1, STM32Cube_FW_L5_V1.6.0, STM32Cube_FW_N6_V1.3.0, STM32Cube_FW_U0_V1.3.0, STM32Cube_FW_U3_V1.2.1, STM32Cube_FW_U5_V1.8.0, STM32Cube_FW_WB0_V1.4.0, STM32Cube_FW_WBA_V1.8.0, STM32Cube_FW_WB_V1.24.0, STM32Cube_FW_WL3_V1.3.0, STM32Cube_FW_WL_V1.4.0, X-CUBE-ALGOBUILD_V1.4.0, X-CUBE-ALS_V1.0.2, X-CUBE-AZRTOS-F4_V1.1.0, X-CUBE-AZRTOS-F7_V1.1.0, X-CUBE-AZRTOS-G0_V1.1.0, X-CUBE-AZRTOS-G4_V2.0.0, X-CUBE-AZRTOS-H7RS_V1.1.0, X-CUBE-AZRTOS-H7_V3.4.0, X-CUBE-AZRTOS-L4_V2.0.0, X-CUBE-AZRTOS-L5_V2.0.0, X-CUBE-AZRTOS-WB_V2.0.0, X-CUBE-AZRTOS-WL_V2.0.0, X-CUBE-BLE1_V7.1.0, X-CUBE-BLE2_V3.3.0, X-CUBE-BLEMGR_V4.1.0, X-CUBE-EEPRMA1_V5.2.0, X-CUBE-FREERTOS_V1.3.1, X-CUBE-GNSS1_V6.0.0, X-CUBE-MEMS1_V11.3.0, X-CUBE-NFC4_V3.0.0, X-CUBE-NFC7_V2.0.0, X-CUBE-SFXS2LP1_V4.0.0, X-CUBE-ST67W61_V1.1.0, X-CUBE-SUBG2_V5.0.0, X-CUBE-TOF1_V3.4.3]
2025-12-15 11:51:24,988 [INFO] DbBoardsSqlite:226 - include board P-NUCLEO-WB55-NUCLEO as a kit item of type 'Nucleo-64'
2025-12-15 11:51:24,989 [INFO] DbBoardsSqlite:226 - include board P-NUCLEO-WB55-USBDONGLE as a kit item of type 'Nucleo USB Dongle'
2025-12-15 11:51:24,989 [INFO] DbBoardsSqlite:226 - include board STEVAL-IDP005V1 as a kit item of type 'Evaluation Board'
2025-12-15 11:51:24,989 [INFO] DbBoardsSqlite:226 - include board STEVAL-IDP005V2 as a kit item of type 'Evaluation Board'
2025-12-15 11:51:25,074 [INFO] ApiDb:240 - Found 880 in-development CPN: [B-G473E-ZEST1S, B-WB1M-WPAN1, B-WBA5M-WPAN, B-WL5M-SUBG1, NUCLEO-C031C6, NUCLEO-C051C8, NUCLEO-C071RB, NUCLEO-C092RC, NUCLEO-H503RB, NUCLEO-H533RE, NUCLEO-H563ZI, NUCLEO-H7S3L8, NUCLEO-N657X0-Q, NUCLEO-U031R8, NUCLEO-U083RC, NUCLEO-U385RG-Q, NUCLEO-U545RE-Q, NUCLEO-U5A5ZJ-Q, NUCLEO-WB05KZ, NUCLEO-WB07CC, NUCLEO-WB09KE, NUCLEO-WBA52CG, NUCLEO-WBA55CG, NUCLEO-WL33CC1, NUCLEO-WL33CC2, STEVAL-PROTEUS1, STEVAL-SMARTAG2, STEVAL-STWINBX1, STM320518-EVAL, STM32C0116-DK, STM32C011D6Y3TR, STM32C011D6Y6TR, STM32C011F4P3, STM32C011F4P6, STM32C011F4U3, STM32C011F4U6TR, STM32C011F6P3, STM32C011F6P6, STM32C011F6U3, STM32C011F6U6TR, STM32C011J4M3, STM32C011J4M6, STM32C011J6M3, STM32C011J6M6, STM32C0316-DK, STM32C031C4T3, STM32C031C4T6, STM32C031C4U3, STM32C031C4U6, STM32C031C6T3, STM32C031C6T6, STM32C031C6U3, STM32C031C6U6, STM32C031F4P3, STM32C031F4P6, STM32C031F6P3, STM32C031F6P6, STM32C031G4U3, STM32C031G4U6, STM32C031G6U3, STM32C031G6U6, STM32C031K4T3, STM32C031K4T6, STM32C031K4U3, STM32C031K4U6, STM32C031K6T3, STM32C031K6T6, STM32C031K6U3, STM32C031K6U6, STM32C051C6T6, STM32C051C6U6, STM32C051C8T6, STM32C051C8U6, STM32C051D8Y6TR, STM32C051F6P6, STM32C051F8P6, STM32C051G6U6, STM32C051G8U6, STM32C051K6T6, STM32C051K6U6, STM32C051K8T6, STM32C071C8T6, STM32C071C8T6N, STM32C071C8U6, STM32C071C8U6N, STM32C071CBT6, STM32C071CBT6N, STM32C071CBU6, STM32C071CBU6N, STM32C071F8P6, STM32C071F8P6N, STM32C071FBP6, STM32C071FBP6N, STM32C071FBY6TR, STM32C071G8U6, STM32C071G8U6N, STM32C071GBU6, STM32C071GBU6N, STM32C071K8T6, STM32C071K8T6N, STM32C071K8U6, STM32C071K8U6N, STM32C071KBT6, STM32C071KBT6N, STM32C071KBU6, STM32C071KBU6N, STM32C071R8T6, STM32C071R8T6N, STM32C071RBI6N, STM32C071RBT6, STM32C071RBT6N, STM32C091CBT6, STM32C091CBU6, STM32C091CCT6, STM32C091CCU6, STM32C091ECY6TR, STM32C091FBP6, STM32C091FCP6, STM32C091GBU6, STM32C091GCU6, STM32C091KBT6, STM32C091KBU6, STM32C091KCT6, STM32C091KCU6, STM32C091RBT6, STM32C091RCI6, STM32C091RCT6, STM32C092CBT6, STM32C092CBU6, STM32C092CCT6, STM32C092CCU6, STM32C092ECY6TR, STM32C092FBP6, STM32C092FCP6, STM32C092GBU6, STM32C092GCU6, STM32C092KBT6, STM32C092KBU6, STM32C092KCT6, STM32C092KCU6, STM32C092RBT6, STM32C092RCI6, STM32C092RCT6, STM32G071K8TXN, STM32G071K8UXN, STM32G081GBU6N, STM32G081KBT6N, STM32G081KBUXN, STM32G0B1CCT6N, STM32G0B1KCT6, STM32G0B1NEY6TR, STM32G0B1RCT6N, STM32G0C1CCT6, STM32G0C1CCT6N, STM32G0C1CCU6N, STM32G0C1CET6N, STM32G0C1CEU6N, STM32G0C1KCT6, STM32G0C1NEY6TR, STM32G0C1RCI6N, STM32G0C1RCT6N, STM32G0C1REI6N, STM32G0C1RET6N, STM32G0C1VCI6, STM32G0C1VEI6, STM32G411C6T3, STM32G411C6T6, STM32G411C6U3, STM32G411C6U6, STM32G411C8T3, STM32G411C8T6, STM32G411C8U3, STM32G411C8U6, STM32G411CBT3, STM32G411CBT6, STM32G411CBU3, STM32G411CBU6, STM32G411K6T3, STM32G411K6T6, STM32G411K6U3, STM32G411K6U6, STM32G411K8T3, STM32G411K8T6, STM32G411K8U3, STM32G411K8U6, STM32G411KBT3, STM32G411KBT6, STM32G411KBU3, STM32G411KBU6, STM32G411M6T3, STM32G411M6T6, STM32G411M8T3, STM32G411M8T6, STM32G411MBT3, STM32G411MBT6, STM32G411R6T3, STM32G411R6T6, STM32G411R8T3, STM32G411R8T6, STM32G411RBT3, STM32G411RBT6, STM32G414CBT3, STM32G414CBT6, STM32G414CBU3, STM32G414CBU6, STM32G414CCT3, STM32G414CCT6, STM32G414CCU3, STM32G414CCU6, STM32G414MBT3, STM32G414MBT6, STM32G414MCT3, STM32G414MCT6, STM32G414RBT3, STM32G414RBT6, STM32G414RCT3, STM32G414RCT6, STM32G414VBT3, STM32G414VBT6, STM32G414VCT3, STM32G414VCT6, STM32G431CBT3Z, STM32G431RBT3Z, STM32G471CCT6, STM32G471CCU6, STM32G471CET3, STM32G471CET6, STM32G471CEU3, STM32G471CEU6, STM32G471MCT6, STM32G471MET3, STM32G471MET6, STM32G471MEY6TR, STM32G471QCT6, STM32G471QET3, STM32G471RCT6, STM32G471RET3, STM32G471RET6, STM32G471VCH6, STM32G471VCI6, STM32G471VCT6, STM32G471VEH3, STM32G471VEH6, STM32G471VEI3, STM32G471VEI6, STM32G471VET3, STM32G471VET6, STM32G473QET3Z, STM32G473RET3Z, STM32G474CCT6, STM32G491RET3Z, STM32H503CBT6, STM32H503CBU6, STM32H503EBY6TR, STM32H503KBU6, STM32H503RBT6, STM32H523CCT6, STM32H523CCU6, STM32H523CET6, STM32H523CEU6, STM32H523HEY6TR, STM32H523RCT6, STM32H523RET6, STM32H523VCI6, STM32H523VCT6, STM32H523VEI6, STM32H523VET6, STM32H523ZCJ6, STM32H523ZCT6, STM32H523ZEJ6, STM32H523ZET6, STM32H533CET6, STM32H533CEU6, STM32H533HEY6TR, STM32H533RET6, STM32H533VEI6, STM32H533VET6, STM32H533ZEJ6, STM32H533ZET6, STM32H562AGI6, STM32H562AII6, STM32H562IGK6, STM32H562IGT6, STM32H562IIK6, STM32H562IIT6, STM32H562RGT6, STM32H562RGV6, STM32H562RIT6, STM32H562RIV6, STM32H562VGT6, STM32H562VIT6, STM32H562ZGT6, STM32H562ZIT6, STM32H563AGI6, STM32H563AII3Q, STM32H563AII6, STM32H563IGK6, STM32H563IGT6, STM32H563IIK3Q, STM32H563IIK6, STM32H563IIT3Q, STM32H563IIT6, STM32H563MIY3QTR, STM32H563RGT6, STM32H563RGV6, STM32H563RIT6, STM32H563RIV6, STM32H563VGT6, STM32H563VIT3Q, STM32H563VIT6, STM32H563ZGT6, STM32H563ZIT3Q, STM32H563ZIT6, STM32H573AII3Q, STM32H573AII6, STM32H573I-DK, STM32H573IIK3Q, STM32H573IIK6, STM32H573IIT3Q, STM32H573IIT6, STM32H573MIY3QTR, STM32H573RIT6, STM32H573RIV6, STM32H573VIT3Q, STM32H573VIT6, STM32H573ZIT3Q, STM32H573ZIT6, STM32H7R3A8I6, STM32H7R3I8K6, STM32H7R3I8T6, STM32H7R3L8H6, STM32H7R3L8H6H, STM32H7R3R8V6, STM32H7R3V8H6, STM32H7R3V8T6, STM32H7R3V8Y6TR, STM32H7R3Z8J6, STM32H7R3Z8T6, STM32H7R7A8I6, STM32H7R7I8K6, STM32H7R7I8T6, STM32H7R7L8H6, STM32H7R7L8H6H, STM32H7R7Z8J6, STM32H7S3A8I6, STM32H7S3I8K6, STM32H7S3I8T6, STM32H7S3L8H6, STM32H7S3L8H6H, STM32H7S3R8V6, STM32H7S3V8H6, STM32H7S3V8T6, STM32H7S3V8Y6TR, STM32H7S3Z8J6, STM32H7S3Z8T6, STM32H7S78-DK, STM32H7S7A8I6, STM32H7S7I8K6, STM32H7S7I8T6, STM32H7S7L8H6, STM32H7S7L8H6H, STM32H7S7Z8J6, STM32L4R5QGI6STR, STM32MP131AAE3, STM32MP131AAF3, STM32MP131AAG3, STM32MP131CAE3, STM32MP131CAF3, STM32MP131CAG3, STM32MP131DAE7, STM32MP131DAF7, STM32MP131DAG7, STM32MP131FAE7, STM32MP131FAF7, STM32MP131FAG7, STM32MP133AAE3, STM32MP133AAF3, STM32MP133AAG3, STM32MP133CAE3, STM32MP133CAF3, STM32MP133CAG3, STM32MP133DAE7, STM32MP133DAF7, STM32MP133DAG7, STM32MP133FAE7, STM32MP133FAF7, STM32MP133FAG7, STM32MP135AAE3, STM32MP135AAF3, STM32MP135AAG3, STM32MP135CAE3, STM32MP135CAF3, STM32MP135CAG3, STM32MP135DAE7, STM32MP135DAF7, STM32MP135DAG7, STM32MP135F-DK, STM32MP135FAE7, STM32MP135FAF7, STM32MP135FAF7T, STM32MP135FAF7U, STM32MP135FAG7, STM32MP211AAL3, STM32MP211AAM3, STM32MP211AAN3, STM32MP211AAO3, STM32MP211CAL3, STM32MP211CAM3, STM32MP211CAN3, STM32MP211CAO3, STM32MP211DAL3, STM32MP211DAM3, STM32MP211DAN3, STM32MP211DAO3, STM32MP211FAL3, STM32MP211FAM3, STM32MP211FAN3, STM32MP211FAO3, STM32MP213AAL3, STM32MP213AAM3, STM32MP213AAN3, STM32MP213AAO3, STM32MP213CAL3, STM32MP213CAM3, STM32MP213CAN3, STM32MP213CAO3, STM32MP213DAL3, STM32MP213DAM3, STM32MP213DAN3, STM32MP213DAO3, STM32MP213FAL3, STM32MP213FAM3, STM32MP213FAN3, STM32MP213FAO3, STM32MP215AAL3, STM32MP215AAM3, STM32MP215AAN3, STM32MP215AAO3, STM32MP215CAL3, STM32MP215CAM3, STM32MP215CAN3, STM32MP215CAO3, STM32MP215DAL3, STM32MP215DAM3, STM32MP215DAN3, STM32MP215DAO3, STM32MP215F-DK, STM32MP215FAL3, STM32MP215FAM3, STM32MP215FAN3, STM32MP215FAO3, STM32MP231AAJ3, STM32MP231AAK3, STM32MP231AAL3, STM32MP231CAJ3, STM32MP231CAK3, STM32MP231CAL3, STM32MP231DAJ3, STM32MP231DAK3, STM32MP231DAL3, STM32MP231FAJ3, STM32MP231FAK3, STM32MP231FAL3, STM32MP233AAJ3, STM32MP233AAK3, STM32MP233AAL3, STM32MP233CAJ3, STM32MP233CAK3, STM32MP233CAL3, STM32MP233DAJ3, STM32MP233DAK3, STM32MP233DAL3, STM32MP233FAJ3, STM32MP233FAK3, STM32MP233FAL3, STM32MP235AAJ3, STM32MP235AAK3, STM32MP235AAL3, STM32MP235CAJ3, STM32MP235CAK3, STM32MP235CAL3, STM32MP235DAJ3, STM32MP235DAK3, STM32MP235DAL3, STM32MP235FAJ3, STM32MP235FAK3, STM32MP235FAL3, STM32MP251AAI3, STM32MP251AAK3, STM32MP251AAL3, STM32MP251CAI3, STM32MP251CAK3, STM32MP251CAL3, STM32MP251DAI3, STM32MP251DAK3, STM32MP251DAL3, STM32MP251FAI3, STM32MP251FAK3, STM32MP251FAL3, STM32MP253AAI3, STM32MP253AAK3, STM32MP253AAL3, STM32MP253CAI3, STM32MP253CAK3, STM32MP253CAL3, STM32MP253DAI3, STM32MP253DAK3, STM32MP253DAL3, STM32MP253FAI3, STM32MP253FAK3, STM32MP253FAL3, STM32MP255AAI3, STM32MP255AAK3, STM32MP255AAL3, STM32MP255CAI3, STM32MP255CAK3, STM32MP255CAL3, STM32MP255DAI3, STM32MP255DAK3, STM32MP255DAL3, STM32MP255FAI3, STM32MP255FAK3, STM32MP255FAL3, STM32MP257AAI3, STM32MP257AAK3, STM32MP257AAL3, STM32MP257CAI3, STM32MP257CAK3, STM32MP257CAL3, STM32MP257DAI3, STM32MP257DAK3, STM32MP257DAL3, STM32MP257F-DK, STM32MP257F-EV1, STM32MP257FAI3, STM32MP257FAK3, STM32MP257FAL3, STM32N645A0H3Q, STM32N645B0H3Q, STM32N645I0H3Q, STM32N645L0H3Q, STM32N645X0H3Q, STM32N645Z0H3Q, STM32N647A0H3Q, STM32N647B0H3Q, STM32N647I0H3Q, STM32N647L0H3Q, STM32N647X0H3Q, STM32N647Z0H3Q, STM32N655A0H3Q, STM32N655B0H3Q, STM32N655I0H3Q, STM32N655L0H3Q, STM32N655X0H3Q, STM32N655Z0H3Q, STM32N6570-DK, STM32N657A0H3Q, STM32N657B0H3Q, STM32N657I0H3Q, STM32N657L0H3Q, STM32N657X0H3Q, STM32N657Z0H3Q, STM32U031C6T6, STM32U031C6U6, STM32U031C8T6, STM32U031C8U6, STM32U031F4P6, STM32U031F6P6, STM32U031F8P6, STM32U031G6Y6TR, STM32U031G8Y6TR, STM32U031K4U6, STM32U031K6U6, STM32U031K8U6, STM32U031R6I6, STM32U031R6T6, STM32U031R8I6, STM32U031R8T6, STM32U073C8T6, STM32U073C8U6, STM32U073CBT6, STM32U073CBU6, STM32U073CCT6, STM32U073CCU6, STM32U073H8Y6TR, STM32U073HBY6TR, STM32U073HCY6TR, STM32U073K8U6, STM32U073KBU6, STM32U073KCU6, STM32U073M8I6, STM32U073M8T6, STM32U073MBI6, STM32U073MBT6, STM32U073MCI6, STM32U073MCT6, STM32U073R8I6, STM32U073R8T6, STM32U073RBI6, STM32U073RBT6, STM32U073RCI6, STM32U073RCT6, STM32U083C-DK, STM32U083CCT6, STM32U083CCU6, STM32U083HCY6TR, STM32U083KCU6, STM32U083MCI6, STM32U083MCT6, STM32U083RCI6, STM32U083RCT6, STM32U375CET6, STM32U375CET6Q, STM32U375CEU6, STM32U375CEU6Q, STM32U375CEY6QTR, STM32U375CGT6, STM32U375CGT6Q, STM32U375CGU6, STM32U375CGU6Q, STM32U375CGY6QTR, STM32U375KEU6, STM32U375KGU6, STM32U375REI6, STM32U375REI6Q, STM32U375RET6, STM32U375RET6Q, STM32U375REY6GTR, STM32U375REY6QTR, STM32U375RGI6, STM32U375RGI6Q, STM32U375RGT6, STM32U375RGT6Q, STM32U375RGY6GTR, STM32U375RGY6QTR, STM32U375VEI6, STM32U375VEI6Q, STM32U375VET6, STM32U375VET6Q, STM32U375VGI6, STM32U375VGI6Q, STM32U375VGT6, STM32U375VGT6Q, STM32U385CGT6, STM32U385CGT6Q, STM32U385CGU6, STM32U385CGU6Q, STM32U385CGY6QTR, STM32U385KGU6, STM32U385RGI6, STM32U385RGI6Q, STM32U385RGT6, STM32U385RGT6Q, STM32U385RGY6GTR, STM32U385RGY6QTR, STM32U385VGI6, STM32U385VGI6Q, STM32U385VGT6, STM32U385VGT6Q, STM32U535CBT6, STM32U535CBT6Q, STM32U535CBU6, STM32U535CBU6Q, STM32U535CCT6, STM32U535CCT6Q, STM32U535CCU6, STM32U535CCU6Q, STM32U535CET6, STM32U535CET6Q, STM32U535CEU6, STM32U535CEU6Q, STM32U535JEY6QTR, STM32U535NCY6QTR, STM32U535NEY6QTR, STM32U535RBI6, STM32U535RBI6Q, STM32U535RBT6, STM32U535RBT6Q, STM32U535RCI6, STM32U535RCI6Q, STM32U535RCT6, STM32U535RCT6Q, STM32U535REI6, STM32U535REI6Q, STM32U535RET6, STM32U535RET6Q, STM32U535VCI6, STM32U535VCI6Q, STM32U535VCT6, STM32U535VCT6Q, STM32U535VEI6, STM32U535VEI6Q, STM32U535VET6, STM32U535VET6Q, STM32U545CET6, STM32U545CET6Q, STM32U545CEU6, STM32U545CEU6Q, STM32U545JEY6QTR, STM32U545NEY6QTR, STM32U545REI6, STM32U545REI6Q, STM32U545RET6, STM32U545RET6Q, STM32U545VEI6, STM32U545VEI6Q, STM32U545VET6, STM32U545VET6Q, STM32U595AIH6, STM32U595AIH6Q, STM32U595AJH6, STM32U595AJH6Q, STM32U595QII6, STM32U595QII6Q, STM32U595QJI6, STM32U595QJI6Q, STM32U595RIT6, STM32U595RIT6Q, STM32U595RJT6, STM32U595RJT6Q, STM32U595VIT6, STM32U595VIT6Q, STM32U595VJT6, STM32U595VJT6Q, STM32U595ZIT6, STM32U595ZIT6Q, STM32U595ZIY6QTR, STM32U595ZJT6, STM32U595ZJT6Q, STM32U595ZJY6QTR, STM32U599BJY6QTR, STM32U599NIH6Q, STM32U599NJH6Q, STM32U599VIT6Q, STM32U599VJT6, STM32U599VJT6Q, STM32U599ZIT6Q, STM32U599ZIY6QTR, STM32U599ZJT6Q, STM32U599ZJY6QTR, STM32U5A5AJH6, STM32U5A5AJH6Q, STM32U5A5QII3Q , STM32U5A5QJI6, STM32U5A5QJI6Q, STM32U5A5RJT6, STM32U5A5RJT6Q, STM32U5A5VJT6, STM32U5A5VJT6Q, STM32U5A5ZJT6, STM32U5A5ZJT6Q, STM32U5A5ZJY6QTR, STM32U5A9BJY6QTR, STM32U5A9J-DK, STM32U5A9NJH6Q, STM32U5A9VJT6Q, STM32U5A9ZJT6Q, STM32U5A9ZJY6QTR, STM32U5F7VIT6, STM32U5F7VIT6Q, STM32U5F7VJT6, STM32U5F7VJT6Q, STM32U5F9BJY6QTR, STM32U5F9NJH6Q, STM32U5F9VIT6Q, STM32U5F9VJT6Q, STM32U5F9ZIJ6QTR, STM32U5F9ZIT6Q, STM32U5F9ZJJ6QTR, STM32U5F9ZJT6Q, STM32U5G7VJT6, STM32U5G7VJT6Q, STM32U5G9BJY6QTR, STM32U5G9J-DK1, STM32U5G9J-DK2, STM32U5G9NJH6Q, STM32U5G9VJT6Q, STM32U5G9ZJJ6QTR, STM32U5G9ZJT6Q, STM32WB05KZV6TR, STM32WB05KZV7TR, STM32WB05TZF6TR, STM32WB05TZF7TR, STM32WB06CCF6TR, STM32WB06CCF7TR, STM32WB06CCV6TR, STM32WB06CCV7TR, STM32WB06KCV6TR, STM32WB06KCV7TR, STM32WB07CCF6TR, STM32WB07CCF7TR, STM32WB07CCV6TR, STM32WB07CCV7TR, STM32WB07KCV6TR, STM32WB07KCV7TR, STM32WB09KEV6TR, STM32WB09KEV7TR, STM32WB09TEF6TR, STM32WB09TEF7TR, STM32WB1MMCH6, STM32WBA50KGU6, STM32WBA50KGU6TR, STM32WBA52CEU6, STM32WBA52CEU6TR, STM32WBA52CEU7, STM32WBA52CEU7TR, STM32WBA52CGU6, STM32WBA52CGU6TR, STM32WBA52CGU6U, STM32WBA52CGU7, STM32WBA52CGU7TR, STM32WBA52KEU6, STM32WBA52KEU6TR, STM32WBA52KGU6, STM32WBA52KGU6TR, STM32WBA54CEU6, STM32WBA54CEU6TR, STM32WBA54CEU7, STM32WBA54CEU7TR, STM32WBA54CGU6, STM32WBA54CGU6TR, STM32WBA54CGU7, STM32WBA54CGU7TR, STM32WBA54KEU6, STM32WBA54KEU6TR, STM32WBA54KEU7, STM32WBA54KEU7TR, STM32WBA54KGU6, STM32WBA54KGU6TR, STM32WBA54KGU7, STM32WBA54KGU7TR, STM32WBA55CEU6, STM32WBA55CEU6TR, STM32WBA55CEU7, STM32WBA55CEU7TR, STM32WBA55CGU6, STM32WBA55CGU6TR, STM32WBA55CGU6U, STM32WBA55CGU7, STM32WBA55CGU7TR, STM32WBA55G-DK1, STM32WBA55HEF6, STM32WBA55HEF7, STM32WBA55HGF6, STM32WBA55HGF7, STM32WBA55UEI6, STM32WBA55UEI6TR, STM32WBA55UEI7, STM32WBA55UEI7TR, STM32WBA55UGI6, STM32WBA55UGI6TR, STM32WBA55UGI7, STM32WBA55UGI7TR, STM32WBA5MMGH6TR, STM32WBA62MGF6, STM32WBA62MIF6, STM32WBA65MGF7, STM32WBA65MIF6, STM32WBA65MIF7, STM32WL30K8V6, STM32WL30KBV6, STM32WL31C8V6, STM32WL31CBV6, STM32WL31K8V6, STM32WL31KBV6, STM32WL33C8V6, STM32WL33C8V6X, STM32WL33CBV6, STM32WL33CBV6X, STM32WL33CCV6, STM32WL33CCV6A, STM32WL33CCV6X, STM32WL33K8V7, STM32WL33K8V7X, STM32WL33KBV7 , STM32WL33KBV7X, STM32WL33KCV7, STM32WL33KCV7X, STM32WL5MOCH6, STM32WL5MOCH6TR]
2025-12-15 11:51:25,335 [INFO] BoardInfo:889 - No configuration file found for board P-NUCLEO-WB55
2025-12-15 11:51:25,337 [INFO] DbBoards:161 - Kit is not supported: P-NUCLEO-WB55
2025-12-15 11:51:25,343 [INFO] BoardInfo:889 - No configuration file found for board STEVAL-BFA001V1B
2025-12-15 11:51:25,345 [INFO] DbBoards:161 - Kit is not supported: STEVAL-BFA001V1B
2025-12-15 11:51:25,346 [INFO] BoardInfo:889 - No configuration file found for board STEVAL-BFA001V2B
2025-12-15 11:51:25,347 [INFO] DbBoards:161 - Kit is not supported: STEVAL-BFA001V2B
2025-12-15 11:51:25,599 [INFO] DbBoards:168 - Found 212 boards, 209 are supported
2025-12-15 11:51:25,600 [INFO] DbBoards:169 - Found 212 boards, 43 of them is supported for  Bsp
2025-12-15 11:51:25,602 [INFO] ApiDb:423 - Load user favorites file C:\Users\aditi/.stm32cubeide/favorites.boards.txt: 1 item(s)
2025-12-15 11:51:25,602 [INFO] ApiDb:427 - User favorites Boards=[STM32F407G-DISC1]
2025-12-15 11:51:25,602 [INFO] DbBoards:198 - Set 1 / 1 favorites Boards
2025-12-15 11:51:25,603 [INFO] McuFinderGlobals:76 - Set McuFinderConnectedMode to true
2025-12-15 11:51:25,609 [INFO] MultiScanPanel:200 - Auto-refresh data requested => check proxy status ongoing
2025-12-15 11:51:25,613 [INFO] FinderPluginLoader:96 - Searching for filters in installed packs
2025-12-15 11:51:27,178 [INFO] LoadUrlFilesThread:185 - End of LoadServerUrlFiles without Thread
2025-12-15 11:51:27,197 [INFO] DetailPanel:341 - Set advertising image to C:/Users/aditi/STM32Cube/Repository/\en.prom-st67w-expansion-board.png
2025-12-15 11:51:40,016 [INFO] MultiScanPanel:200 - Auto-refresh data requested => check proxy status ongoing
2025-12-15 11:51:40,170 [INFO] LoadUrlFilesThread:185 - End of LoadServerUrlFiles without Thread
2025-12-15 11:51:40,170 [INFO] DetailPanel:341 - Set advertising image to C:/Users/aditi/STM32Cube/Repository/\en.prom-st67w-expansion-board.png
2025-12-15 11:51:40,191 [INFO] DbBoards:642 - Loading board mini-images...
2025-12-15 11:51:42,116 [ERROR] DbBoards:659 - Image file not found for board STM32MP215F-DK: C:\Users\aditi\.stmcufinder\plugins\mcufinder//mcu//boards_images/STM32MP215F-DK.jpg
2025-12-15 11:51:42,543 [INFO] DbBoards:665 - Loaded 211 board mini-images
2025-12-15 11:52:10,013 [INFO] McuFinderGlobals:76 - Set McuFinderConnectedMode to true
2025-12-15 11:52:10,018 [INFO] ApiDb:448 - Save user favorites file C:\Users\aditi/.stm32cubeide/favorites.mcus.txt: 0 item(s)
2025-12-15 11:52:10,018 [INFO] ApiDb:452 - User favorites MCUs=[]
2025-12-15 11:52:10,021 [INFO] ApiDb:448 - Save user favorites file C:\Users\aditi/.stm32cubeide/favorites.boards.txt: 1 item(s)
2025-12-15 11:52:10,022 [INFO] ApiDb:452 - User favorites Boards=[STM32F407G-DISC1]
2025-12-15 12:01:48,150 [ERROR] LogOutputStream:75 - [STDERR_REDIRECT] 
2025-12-15 12:01:55,451 [INFO] Activator:176 - 


2025-12-15 12:01:55,451 [INFO] Activator:177 - !SESSION log4j initialized
2025-12-15 12:01:59,937 [INFO] LogOutputStream:77 - [STDOUT_REDIRECT] 
2025-12-15 12:02:00,771 [INFO] ApplicationProperties:184 - Using Application install path: C:\ST\STM32CubeIDE_1.19.0\STM32CubeIDE\plugins\com.st.stm32cube.common.mx_6.15.0.202507011659
2025-12-15 12:02:00,794 [INFO] DbMcusXml:78 - Set database path to: C:\ST\STM32CubeIDE_1.19.0\STM32CubeIDE\plugins\com.st.stm32cube.common.mx_6.15.0.202507011659\\db\/mcu/
2025-12-15 12:02:00,794 [INFO] ApiDb:274 - Set plugin database path to: C:\ST\STM32CubeIDE_1.19.0\STM32CubeIDE\plugins\com.st.stm32cube.common.mx_6.15.0.202507011659\\db\/plugins/boardmanager/
2025-12-15 12:02:00,794 [WARN] ApiDb:259 - Overriding images path with different value:  => C:\ST\STM32CubeIDE_1.19.0\STM32CubeIDE\plugins\com.st.stm32cube.common.mx_6.15.0.202507011659\\db\/plugins/mcufinder/images/
2025-12-15 12:02:00,808 [INFO] ApiDb:250 - Set database path to: C:\Users\aditi\.stmcufinder\plugins\mcufinder//mcu/
2025-12-15 12:02:00,811 [INFO] DbMcusAds:125 - Set database path to: C:\Users\aditi\.stmcufinder\plugins\mcufinder//mcu/
2025-12-15 12:02:00,820 [INFO] CrossReferenceDbSqlite:203 - Set database path to: C:\Users\aditi\.stmcufinder\plugins\mcufinder//mcu/cs/
2025-12-15 12:02:00,930 [INFO] RulesReader:64 - Compatibility file has been processed (317 Rules)
2025-12-15 12:02:01,004 [INFO] DbMcusXml:78 - Set database path to: C:\ST\STM32CubeIDE_1.19.0\STM32CubeIDE\plugins\com.st.stm32cube.common.mx_6.15.0.202507011659\\db\/mcu/
2025-12-15 12:02:01,004 [INFO] ApiDb:274 - Set plugin database path to: C:\ST\STM32CubeIDE_1.19.0\STM32CubeIDE\plugins\com.st.stm32cube.common.mx_6.15.0.202507011659\\db\/plugins/boardmanager/
2025-12-15 12:02:01,004 [INFO] ApiDb:261 - Set plugin images path to: C:\ST\STM32CubeIDE_1.19.0\STM32CubeIDE\plugins\com.st.stm32cube.common.mx_6.15.0.202507011659\\db\/plugins/mcufinder/images/
2025-12-15 12:02:01,004 [WARN] DbFile:41 - Overriding database path with different value: C:\Users\aditi\.stmcufinder\plugins\mcufinder/ => C:\Users\aditi\.stmcufinder\plugins\mcufinder
2025-12-15 12:02:01,004 [INFO] ApiDb:250 - Set database path to: C:\Users\aditi\.stmcufinder\plugins\mcufinder//mcu/
2025-12-15 12:02:01,005 [WARN] DbFile:41 - Overriding database path with different value: C:\Users\aditi\.stmcufinder\plugins\mcufinder/ => C:\Users\aditi\.stmcufinder\plugins\mcufinder
2025-12-15 12:02:01,005 [INFO] DbMcusAds:125 - Set database path to: C:\Users\aditi\.stmcufinder\plugins\mcufinder//mcu/
2025-12-15 12:02:01,005 [WARN] DbFile:41 - Overriding database path with different value: C:\Users\aditi\.stmcufinder\plugins\mcufinder/ => C:\Users\aditi\.stmcufinder\plugins\mcufinder
2025-12-15 12:02:01,005 [WARN] DbFile:41 - Overriding database path with different value: C:\Users\aditi\.stmcufinder\plugins\mcufinder/ => C:\Users\aditi\.stmcufinder\plugins\mcufinder
2025-12-15 12:02:01,005 [INFO] CrossReferenceDbSqlite:203 - Set database path to: C:\Users\aditi\.stmcufinder\plugins\mcufinder//mcu/cs/
2025-12-15 12:02:01,075 [INFO] MainPanel:274 - HeapMemory: 268435456
2025-12-15 12:02:01,195 [INFO] DbMcusXml:78 - Set database path to: C:\ST\STM32CubeIDE_1.19.0\STM32CubeIDE\plugins\com.st.stm32cube.common.mx_6.15.0.202507011659\\db\/mcu/
2025-12-15 12:02:01,195 [INFO] ApiDb:274 - Set plugin database path to: C:\ST\STM32CubeIDE_1.19.0\STM32CubeIDE\plugins\com.st.stm32cube.common.mx_6.15.0.202507011659\\db\/plugins/boardmanager/
2025-12-15 12:02:01,195 [INFO] ApiDb:261 - Set plugin images path to: C:\ST\STM32CubeIDE_1.19.0\STM32CubeIDE\plugins\com.st.stm32cube.common.mx_6.15.0.202507011659\\db\/plugins/mcufinder/images/
2025-12-15 12:02:01,195 [WARN] DbFile:41 - Overriding database path with different value: C:\Users\aditi\.stmcufinder\plugins\mcufinder/ => C:\Users\aditi\.stmcufinder\plugins\mcufinder
2025-12-15 12:02:01,196 [INFO] ApiDb:250 - Set database path to: C:\Users\aditi\.stmcufinder\plugins\mcufinder//mcu/
2025-12-15 12:02:01,196 [WARN] DbFile:41 - Overriding database path with different value: C:\Users\aditi\.stmcufinder\plugins\mcufinder/ => C:\Users\aditi\.stmcufinder\plugins\mcufinder
2025-12-15 12:02:01,196 [INFO] DbMcusAds:125 - Set database path to: C:\Users\aditi\.stmcufinder\plugins\mcufinder//mcu/
2025-12-15 12:02:01,196 [WARN] DbFile:41 - Overriding database path with different value: C:\Users\aditi\.stmcufinder\plugins\mcufinder/ => C:\Users\aditi\.stmcufinder\plugins\mcufinder
2025-12-15 12:02:01,196 [WARN] DbFile:41 - Overriding database path with different value: C:\Users\aditi\.stmcufinder\plugins\mcufinder/ => C:\Users\aditi\.stmcufinder\plugins\mcufinder
2025-12-15 12:02:01,196 [INFO] CrossReferenceDbSqlite:203 - Set database path to: C:\Users\aditi\.stmcufinder\plugins\mcufinder//mcu/cs/
2025-12-15 12:02:01,216 [INFO] ApplicationProperties:184 - Using Application install path: C:\ST\STM32CubeIDE_1.19.0\STM32CubeIDE\plugins\com.st.stm32cube.common.mx_6.15.0.202507011659
2025-12-15 12:02:01,218 [INFO] PluginManage:196 - Search for loadable plugins [exclusion list=, ]
2025-12-15 12:02:01,219 [INFO] PluginManage:310 - Check plugin analytics
2025-12-15 12:02:01,413 [INFO] AnalyticsPlugin:253 - Accepted Software Licenses: 
2025-12-15 12:02:01,413 [INFO] AnalyticsPlugin:255 - Accepted CMSIS Pack Licenses: 
2025-12-15 12:02:01,413 [INFO] AnalyticsPlugin:257 - Accepted Firmware Licenses: 
2025-12-15 12:02:01,422 [INFO] PluginManage:359 - Loaded plugin analytics (category:tool,tabindex:-1)
2025-12-15 12:02:01,422 [INFO] PluginManage:310 - Check plugin cadmodel
2025-12-15 12:02:01,436 [INFO] CADModel:105 - Init CAD model plugin
2025-12-15 12:02:01,437 [INFO] PluginManage:359 - Loaded plugin cadmodel (category:power,tabindex:5)
2025-12-15 12:02:01,438 [INFO] PluginManage:310 - Check plugin clock
2025-12-15 12:02:01,459 [INFO] PluginManage:359 - Loaded plugin clock (category:base,tabindex:2)
2025-12-15 12:02:01,460 [INFO] PluginManage:310 - Check plugin ddr
2025-12-15 12:02:01,464 [INFO] PluginManage:359 - Loaded plugin ddr (category:tool,tabindex:6)
2025-12-15 12:02:01,465 [INFO] PluginManage:310 - Check plugin filemanager
2025-12-15 12:02:01,618 [INFO] PluginManage:359 - Loaded plugin filemanager (category:base,tabindex:10)
2025-12-15 12:02:01,618 [INFO] PluginManage:310 - Check plugin ipmanager
2025-12-15 12:02:01,624 [INFO] PluginManage:359 - Loaded plugin ipmanager (category:base,tabindex:5)
2025-12-15 12:02:01,624 [INFO] PluginManage:310 - Check plugin lpbam
2025-12-15 12:02:01,631 [INFO] PluginManage:359 - Loaded plugin lpbam (category:base,tabindex:0)
2025-12-15 12:02:01,631 [INFO] PluginManage:310 - Check plugin memorymap
2025-12-15 12:02:01,644 [INFO] PluginManage:359 - Loaded plugin memorymap (category:base,tabindex:4)
2025-12-15 12:02:01,644 [INFO] PluginManage:310 - Check plugin pinoutandconfiguration
2025-12-15 12:02:01,652 [INFO] PluginManage:359 - Loaded plugin pinoutandconfiguration (category:base,tabindex:1)
2025-12-15 12:02:01,652 [INFO] PluginManage:310 - Check plugin pinoutconfig
2025-12-15 12:02:01,723 [WARN] SupportedApi:132 - Cannot load RTOS API schema: s4s-elt-must-match.1: The content of 'definitions' must match (annotation?, (simpleType | complexType)?, (unique | key | keyref)*)). A problem was found starting at: attribute.
2025-12-15 12:02:01,868 [INFO] PluginManage:359 - Loaded plugin pinoutconfig (category:base,tabindex:0)
2025-12-15 12:02:01,868 [INFO] PluginManage:310 - Check plugin power
2025-12-15 12:02:01,878 [INFO] PluginManage:359 - Loaded plugin power (category:power,tabindex:4)
2025-12-15 12:02:01,878 [INFO] PluginManage:310 - Check plugin projectmanager
2025-12-15 12:02:01,893 [INFO] PluginManage:359 - Loaded plugin projectmanager (category:projectmanager,tabindex:4)
2025-12-15 12:02:01,893 [INFO] PluginManage:310 - Check plugin rif
2025-12-15 12:02:01,903 [INFO] PluginManage:359 - Loaded plugin rif (category:base,tabindex:3)
2025-12-15 12:02:01,903 [INFO] PluginManage:310 - Check plugin thirdparty
2025-12-15 12:02:02,024 [INFO] PluginManage:359 - Loaded plugin thirdparty (category:base,tabindex:-1)
2025-12-15 12:02:02,024 [INFO] PluginManage:310 - Check plugin tools
2025-12-15 12:02:02,024 [WARN] IntegrityCheckThread:84 - waiting for thirdparty lock release [integrity check]
2025-12-15 12:02:02,025 [INFO] IntegrityCheckThread:86 - entering critical section [integrity check]
2025-12-15 12:02:02,025 [INFO] ThirdPartyUpdaterWithRetryManager:70 - Updater plugin not ready yet. [1/15]
2025-12-15 12:02:02,028 [INFO] PluginManage:359 - Loaded plugin tools (category:base,tabindex:7)
2025-12-15 12:02:02,028 [INFO] PluginManage:310 - Check plugin tutovideos
2025-12-15 12:02:02,203 [INFO] PluginManage:359 - Loaded plugin tutovideos (category:base,tabindex:-1)
2025-12-15 12:02:02,203 [INFO] PluginManage:310 - Check plugin updater
2025-12-15 12:02:02,222 [INFO] PluginManage:359 - Loaded plugin updater (category:base,tabindex:12)
2025-12-15 12:02:02,222 [INFO] PluginManage:310 - Check plugin userauth
2025-12-15 12:02:02,226 [INFO] UserAuth:118 - Init User Auth plugin
2025-12-15 12:02:02,226 [INFO] PluginManage:359 - Loaded plugin userauth (category:base,tabindex:14)
2025-12-15 12:02:02,227 [INFO] PluginManage:283 - PluginManage : Loaded plugins [18]
2025-12-15 12:02:02,395 [INFO] PinOutPanel:1589 - setPackage(No Configuration,No Configuration)
2025-12-15 12:02:02,465 [INFO] CADModel:165 - CPN selected for project level
2025-12-15 12:02:02,465 [INFO] CADModel:114 - Register for checkConnection events
2025-12-15 12:02:02,483 [INFO] IPUIPlugin:80 - create IPUIPlugin
2025-12-15 12:02:02,483 [INFO] PluginManager:220 - loadIPPluginJar : add adc
2025-12-15 12:02:02,486 [INFO] IPUIPlugin:80 - create IPUIPlugin
2025-12-15 12:02:02,487 [INFO] PluginManager:220 - loadIPPluginJar : add aes
2025-12-15 12:02:02,490 [INFO] IPUIPlugin:80 - create IPUIPlugin
2025-12-15 12:02:02,490 [INFO] PluginManager:220 - loadIPPluginJar : add can
2025-12-15 12:02:02,492 [INFO] IPUIPlugin:80 - create IPUIPlugin
2025-12-15 12:02:02,492 [INFO] PluginManager:220 - loadIPPluginJar : add comp
2025-12-15 12:02:02,495 [INFO] IPUIPlugin:80 - create IPUIPlugin
2025-12-15 12:02:02,496 [INFO] PluginManager:220 - loadIPPluginJar : add cryp
2025-12-15 12:02:02,500 [INFO] IPUIPlugin:80 - create IPUIPlugin
2025-12-15 12:02:02,500 [INFO] PluginManager:220 - loadIPPluginJar : add ddr_ctrl_phy
2025-12-15 12:02:02,503 [INFO] IPUIPlugin:80 - create IPUIPlugin
2025-12-15 12:02:02,503 [INFO] PluginManager:220 - loadIPPluginJar : add dfsdm
2025-12-15 12:02:02,508 [INFO] IPUIPlugin:80 - create IPUIPlugin
2025-12-15 12:02:02,509 [INFO] PluginManager:220 - loadIPPluginJar : add dma
2025-12-15 12:02:02,512 [INFO] IPUIPlugin:80 - create IPUIPlugin
2025-12-15 12:02:02,512 [INFO] PluginManager:220 - loadIPPluginJar : add dma3
2025-12-15 12:02:02,515 [INFO] IPUIPlugin:80 - create IPUIPlugin
2025-12-15 12:02:02,515 [INFO] PluginManager:220 - loadIPPluginJar : add extmemmanager
2025-12-15 12:02:02,516 [INFO] IPUIPlugin:80 - create IPUIPlugin
2025-12-15 12:02:02,517 [INFO] PluginManager:220 - loadIPPluginJar : add fatfs
2025-12-15 12:02:02,521 [INFO] IPUIPlugin:80 - create IPUIPlugin
2025-12-15 12:02:02,521 [INFO] PluginManager:220 - loadIPPluginJar : add fmc
2025-12-15 12:02:02,528 [INFO] IPUIPlugin:80 - create IPUIPlugin
2025-12-15 12:02:02,529 [INFO] PluginManager:220 - loadIPPluginJar : add freertos
2025-12-15 12:02:02,530 [INFO] IPUIPlugin:80 - create IPUIPlugin
2025-12-15 12:02:02,530 [INFO] PluginManager:220 - loadIPPluginJar : add genericplugin
2025-12-15 12:02:02,533 [INFO] IPUIPlugin:80 - create IPUIPlugin
2025-12-15 12:02:02,533 [INFO] PluginManager:220 - loadIPPluginJar : add gfxmmu
2025-12-15 12:02:02,538 [INFO] IPUIPlugin:80 - create IPUIPlugin
2025-12-15 12:02:02,538 [INFO] PluginManager:220 - loadIPPluginJar : add gic
2025-12-15 12:02:02,543 [INFO] IPUIPlugin:80 - create IPUIPlugin
2025-12-15 12:02:02,543 [INFO] PluginManager:220 - loadIPPluginJar : add gpio
2025-12-15 12:02:02,546 [INFO] IPUIPlugin:80 - create IPUIPlugin
2025-12-15 12:02:02,547 [INFO] PluginManager:220 - loadIPPluginJar : add gtzc
2025-12-15 12:02:02,549 [INFO] IPUIPlugin:80 - create IPUIPlugin
2025-12-15 12:02:02,549 [INFO] PluginManager:220 - loadIPPluginJar : add hash
2025-12-15 12:02:02,552 [INFO] IPUIPlugin:80 - create IPUIPlugin
2025-12-15 12:02:02,552 [INFO] PluginManager:220 - loadIPPluginJar : add i2c
2025-12-15 12:02:02,555 [INFO] IPUIPlugin:80 - create IPUIPlugin
2025-12-15 12:02:02,555 [INFO] PluginManager:220 - loadIPPluginJar : add i2s
2025-12-15 12:02:02,558 [INFO] IPUIPlugin:80 - create IPUIPlugin
2025-12-15 12:02:02,558 [INFO] PluginManager:220 - loadIPPluginJar : add i3c
2025-12-15 12:02:02,562 [INFO] IPUIPlugin:80 - create IPUIPlugin
2025-12-15 12:02:02,563 [INFO] PluginManager:220 - loadIPPluginJar : add ipddr
2025-12-15 12:02:02,569 [INFO] IPUIPlugin:80 - create IPUIPlugin
2025-12-15 12:02:02,569 [INFO] PluginManager:220 - loadIPPluginJar : add linkedlist
2025-12-15 12:02:02,572 [INFO] IPUIPlugin:80 - create IPUIPlugin
2025-12-15 12:02:02,572 [INFO] PluginManager:220 - loadIPPluginJar : add lorawan
2025-12-15 12:02:02,574 [INFO] IPUIPlugin:80 - create IPUIPlugin
2025-12-15 12:02:02,574 [INFO] PluginManager:220 - loadIPPluginJar : add ltdc
2025-12-15 12:02:02,580 [INFO] IPUIPlugin:80 - create IPUIPlugin
2025-12-15 12:02:02,580 [INFO] PluginManager:220 - loadIPPluginJar : add mdma
2025-12-15 12:02:02,584 [INFO] IPUIPlugin:80 - create IPUIPlugin
2025-12-15 12:02:02,584 [INFO] PluginManager:220 - loadIPPluginJar : add nvic
2025-12-15 12:02:02,586 [INFO] IPUIPlugin:80 - create IPUIPlugin
2025-12-15 12:02:02,586 [INFO] PluginManager:220 - loadIPPluginJar : add opamp
2025-12-15 12:02:02,588 [INFO] IPUIPlugin:80 - create IPUIPlugin
2025-12-15 12:02:02,588 [INFO] PluginManager:220 - loadIPPluginJar : add openamp
2025-12-15 12:02:02,591 [INFO] IPUIPlugin:80 - create IPUIPlugin
2025-12-15 12:02:02,591 [INFO] PluginManager:220 - loadIPPluginJar : add pdm2pcm
2025-12-15 12:02:02,596 [INFO] IPUIPlugin:80 - create IPUIPlugin
2025-12-15 12:02:02,597 [INFO] PluginManager:220 - loadIPPluginJar : add plateformsettings
2025-12-15 12:02:02,599 [INFO] IPUIPlugin:80 - create IPUIPlugin
2025-12-15 12:02:02,599 [INFO] PluginManager:220 - loadIPPluginJar : add quadspi
2025-12-15 12:02:02,600 [INFO] IPUIPlugin:80 - create IPUIPlugin
2025-12-15 12:02:02,601 [INFO] PluginManager:220 - loadIPPluginJar : add radio
2025-12-15 12:02:02,604 [INFO] IPUIPlugin:80 - create IPUIPlugin
2025-12-15 12:02:02,604 [INFO] PluginManager:220 - loadIPPluginJar : add resmgrutility
2025-12-15 12:02:02,607 [INFO] IPUIPlugin:80 - create IPUIPlugin
2025-12-15 12:02:02,607 [INFO] PluginManager:220 - loadIPPluginJar : add sai
2025-12-15 12:02:02,609 [INFO] IPUIPlugin:80 - create IPUIPlugin
2025-12-15 12:02:02,609 [INFO] PluginManager:220 - loadIPPluginJar : add spi
2025-12-15 12:02:02,614 [INFO] IPUIPlugin:80 - create IPUIPlugin
2025-12-15 12:02:02,614 [INFO] PluginManager:220 - loadIPPluginJar : add stm32_wpan
2025-12-15 12:02:02,616 [INFO] IPUIPlugin:80 - create IPUIPlugin
2025-12-15 12:02:02,616 [INFO] PluginManager:220 - loadIPPluginJar : add tim
2025-12-15 12:02:02,619 [INFO] IPUIPlugin:80 - create IPUIPlugin
2025-12-15 12:02:02,619 [INFO] PluginManager:220 - loadIPPluginJar : add touchsensing
2025-12-15 12:02:02,621 [INFO] IPUIPlugin:80 - create IPUIPlugin
2025-12-15 12:02:02,621 [INFO] PluginManager:220 - loadIPPluginJar : add tracer_emb
2025-12-15 12:02:02,623 [INFO] IPUIPlugin:80 - create IPUIPlugin
2025-12-15 12:02:02,623 [INFO] PluginManager:220 - loadIPPluginJar : add ts
2025-12-15 12:02:02,625 [INFO] IPUIPlugin:80 - create IPUIPlugin
2025-12-15 12:02:02,626 [INFO] PluginManager:220 - loadIPPluginJar : add tsc
2025-12-15 12:02:02,627 [INFO] IPUIPlugin:80 - create IPUIPlugin
2025-12-15 12:02:02,627 [INFO] PluginManager:220 - loadIPPluginJar : add ucpd
2025-12-15 12:02:02,629 [INFO] IPUIPlugin:80 - create IPUIPlugin
2025-12-15 12:02:02,629 [INFO] PluginManager:220 - loadIPPluginJar : add usart
2025-12-15 12:02:02,632 [INFO] IPUIPlugin:80 - create IPUIPlugin
2025-12-15 12:02:02,632 [INFO] PluginManager:220 - loadIPPluginJar : add usbx
2025-12-15 12:02:02,742 [FATAL] Updater:351 - Updater called before beeing initialized
2025-12-15 12:02:02,786 [INFO] RulesReader:64 - Compatibility file has been processed (317 Rules)
2025-12-15 12:02:02,803 [INFO] RulesReader:64 - Compatibility file has been processed (317 Rules)
2025-12-15 12:02:02,823 [INFO] CADModel:165 - CPN selected for project level
2025-12-15 12:02:02,823 [INFO] CADModel:114 - Register for checkConnection events
2025-12-15 12:02:02,823 [FATAL] Updater:351 - Updater called before beeing initialized
2025-12-15 12:02:02,823 [ERROR] CADModel:125 - Updater not yet initialized, retry later 
2025-12-15 12:02:02,989 [FATAL] Updater:351 - Updater called before beeing initialized
2025-12-15 12:02:02,990 [INFO] CADModel:165 - CPN selected for project level
2025-12-15 12:02:02,991 [INFO] CADModel:114 - Register for checkConnection events
2025-12-15 12:02:02,991 [FATAL] Updater:351 - Updater called before beeing initialized
2025-12-15 12:02:02,991 [ERROR] CADModel:125 - Updater not yet initialized, retry later 
2025-12-15 12:02:02,993 [FATAL] Updater:351 - Updater called before beeing initialized
2025-12-15 12:02:03,074 [FATAL] Updater:351 - Updater called before beeing initialized
2025-12-15 12:02:03,077 [INFO] DbMcusAds:53 - JSON generation date=Mon Dec 08 19:58:09 IST 2025 (1765204089998)
2025-12-15 12:02:03,077 [FATAL] Updater:351 - Updater called before beeing initialized
2025-12-15 12:02:03,115 [WARN] DetailPanel:346 - Failed to get advertising image, set to default
2025-12-15 12:02:03,183 [FATAL] Updater:351 - Updater called before beeing initialized
2025-12-15 12:02:03,185 [FATAL] Updater:351 - Updater called before beeing initialized
2025-12-15 12:02:03,186 [FATAL] Updater:351 - Updater called before beeing initialized
2025-12-15 12:02:03,186 [WARN] DetailPanel:346 - Failed to get advertising image, set to default
2025-12-15 12:02:03,187 [FATAL] Updater:351 - Updater called before beeing initialized
2025-12-15 12:02:03,249 [ERROR] Updater:1198 - MainUpdater not yet initialized. External WinMGr cannot be set.
2025-12-15 12:02:03,251 [INFO] Updater:1134 - Updater Version found : 6.15.0
2025-12-15 12:02:03,273 [INFO] ApplicationProperties:184 - Using Application install path: C:\ST\STM32CubeIDE_1.19.0\STM32CubeIDE\plugins\com.st.stm32cube.common.mx_6.15.0.202507011659
2025-12-15 12:02:04,848 [ERROR] LogOutputStream:75 - [STDERR_REDIRECT] Dec 15, 2025 12:02:04 PM java.util.prefs.WindowsPreferences <init>
2025-12-15 12:02:04,850 [ERROR] LogOutputStream:75 - [STDERR_REDIRECT] WARNING: Could not open/create prefs root node Software\JavaSoft\Prefs at root 0xffffffff80000002. Windows RegCreateKeyEx(...) returned error code 5.
2025-12-15 12:02:04,850 [ERROR] LogOutputStream:75 - [STDERR_REDIRECT] 
2025-12-15 12:02:05,025 [INFO] ThirdPartyUpdaterWithRetryManager:70 - Updater plugin not ready yet. [2/15]
2025-12-15 12:02:05,266 [INFO] MainUpdater:2872 - connection check result : 10
2025-12-15 12:02:05,267 [INFO] MainUpdater:289 - Updater Check For Update Now.
2025-12-15 12:02:05,267 [INFO] MicroXplorer:498 - Change Database Version : DB.6.0.150
2025-12-15 12:02:05,276 [INFO] McuFinderGlobals:63 - Set McuFinder mode to 2 (CubeIDE integrated)
2025-12-15 12:02:05,277 [INFO] UserAuth:171 - activating auth plugin
2025-12-15 12:02:05,281 [INFO] UserAuth:487 - Internet connection configuration mode: 1
2025-12-15 12:02:05,320 [INFO] JxBrowserEngine:152 - Initiate JxBrowser Engine with user profile folder
2025-12-15 12:02:05,437 [INFO] CheckServerUpdateThread:120 - End of CheckServer Thread
2025-12-15 12:02:06,515 [INFO] WebApp:169 - Instantiating new browser for Auth
2025-12-15 12:02:07,264 [INFO] WebApp:463 - Apply proxy settings
2025-12-15 12:02:07,265 [INFO] WebApp:548 - Chromium requires no authentication
2025-12-15 12:02:07,274 [INFO] WebApp:491 - Direct internet connection detected
2025-12-15 12:02:07,300 [INFO] WebApp:900 - Register for checkConnection events
2025-12-15 12:02:07,300 [INFO] WebApp:463 - Apply proxy settings
2025-12-15 12:02:07,300 [INFO] WebApp:548 - Chromium requires no authentication
2025-12-15 12:02:07,300 [INFO] WebApp:491 - Direct internet connection detected
2025-12-15 12:02:07,480 [INFO] WebApp:225 - Starting web application
2025-12-15 12:02:07,480 [INFO] WebApp:593 - Web application path used C:\ST\STM32CubeIDE_1.19.0\STM32CubeIDE\plugins\com.st.stm32cube.common.mx_6.15.0.202507011659\db\plugins\mcufinder\reactClient1\index.html
2025-12-15 12:02:07,889 [INFO] WebApp:191 - Connection restablished
2025-12-15 12:02:08,231 [WARN] PackLoader:240 - Cannot read IP mode file for STMicroelectronics.FP-SNS-MOTENVWB1.1.4.0
2025-12-15 12:02:08,239 [WARN] PackLoader:240 - Cannot read IP mode file for STMicroelectronics.FP-ATR-ASTRA1.2.0.2
2025-12-15 12:02:08,249 [WARN] PackLoader:240 - Cannot read IP mode file for STMicroelectronics.X-CUBE-SMBUS.2.1.0
2025-12-15 12:02:08,285 [WARN] PackLoader:240 - Cannot read IP mode file for STMicroelectronics.X-CUBE-AZRTOS-F7.1.1.0
2025-12-15 12:02:08,302 [WARN] PackLoader:240 - Cannot read IP mode file for STMicroelectronics.X-CUBE-DISPLAY.3.0.0
2025-12-15 12:02:08,317 [WARN] PackLoader:240 - Cannot read IP mode file for STMicroelectronics.X-CUBE-NFC10.1.0.0
2025-12-15 12:02:08,322 [WARN] PackLoader:240 - Cannot read IP mode file for STMicroelectronics.FP-SNS-SMARTAG2.1.2.0
2025-12-15 12:02:08,328 [WARN] PackLoader:240 - Cannot read IP mode file for STMicroelectronics.FP-SNS-FLIGHT1.5.1.0
2025-12-15 12:02:08,343 [INFO] LogOutputStream:77 - [STDOUT_REDIRECT] 1 : Invalid condition id : UX_CORESTACK_Condition cause : null
2025-12-15 12:02:08,344 [INFO] LogOutputStream:77 - [STDOUT_REDIRECT] 1 : Invalid condition id : UX_CORESTACK_Condition cause : null
2025-12-15 12:02:08,347 [INFO] LogOutputStream:77 - [STDOUT_REDIRECT] 1 : Invalid condition id : UX_CORESTACK_Condition cause : null
2025-12-15 12:02:08,348 [INFO] LogOutputStream:77 - [STDOUT_REDIRECT] 1 : Invalid condition id : UX_CORESTACK_Condition cause : null
2025-12-15 12:02:08,350 [INFO] LogOutputStream:77 - [STDOUT_REDIRECT] 1 : Invalid condition id : UX_CORESTACK_Condition cause : null
2025-12-15 12:02:08,355 [WARN] PackLoader:240 - Cannot read IP mode file for STMicroelectronics.X-CUBE-AZRTOS-WL.2.0.0
2025-12-15 12:02:08,364 [WARN] PackLoader:240 - Cannot read IP mode file for STMicroelectronics.X-CUBE-BLE2.3.3.0
2025-12-15 12:02:08,371 [WARN] PackLoader:240 - Cannot read IP mode file for STMicroelectronics.X-CUBE-NFC9.1.0.0
2025-12-15 12:02:08,376 [WARN] PackLoader:240 - Cannot read IP mode file for STMicroelectronics.X-CUBE-BLE1.7.1.0
2025-12-15 12:02:08,387 [WARN] PackLoader:240 - Cannot read IP mode file for STMicroelectronics.X-CUBE-AZRTOS-G0.1.1.0
2025-12-15 12:02:08,410 [WARN] PackLoader:240 - Cannot read IP mode file for STMicroelectronics.X-CUBE-NFC4.3.0.0
2025-12-15 12:02:08,426 [WARN] PackLoader:240 - Cannot read IP mode file for STMicroelectronics.X-CUBE-WB05N.2.0.0
2025-12-15 12:02:08,439 [WARN] PackLoader:240 - Cannot read IP mode file for STMicroelectronics.X-CUBE-TCPP.4.2.0
2025-12-15 12:02:08,477 [WARN] PackLoader:240 - Cannot read IP mode file for STMicroelectronics.FP-ATR-SIGFOX1.3.2.0
2025-12-15 12:02:08,495 [WARN] PackLoader:240 - Cannot read IP mode file for STMicroelectronics.X-CUBE-ALGOBUILD.1.4.0
2025-12-15 12:02:08,511 [WARN] PackLoader:240 - Cannot read IP mode file for STMicroelectronics.X-CUBE-PM33A1.1.0.0
2025-12-15 12:02:08,533 [WARN] PackLoader:240 - Cannot read IP mode file for STMicroelectronics.X-CUBE-AZRTOS-F4.1.1.0
2025-12-15 12:02:08,542 [WARN] PackLoader:240 - Cannot read IP mode file for STMicroelectronics.X-CUBE-ISPU.2.1.0
2025-12-15 12:02:08,560 [WARN] PackLoader:240 - Cannot read IP mode file for STMicroelectronics.X-CUBE-AZRTOS-L5.2.0.0
2025-12-15 12:02:08,575 [WARN] PackLoader:240 - Cannot read IP mode file for STMicroelectronics.X-CUBE-NFC6.3.1.0
2025-12-15 12:02:08,590 [WARN] PackLoader:240 - Cannot read IP mode file for STMicroelectronics.X-CUBE-DPower.1.3.0
2025-12-15 12:02:08,612 [WARN] ConditionMgr:438 - getConditionDescription Invalid condition id : LAN8742 Phy interface Condition cause : null
2025-12-15 12:02:08,613 [WARN] PackLoader:240 - Cannot read IP mode file for STMicroelectronics.X-CUBE-AZRTOS-L4.2.0.0
2025-12-15 12:02:08,615 [WARN] ConditionMgr:1044 - genDependencies : Invalid condition id : LAN8742 Phy interface Condition cause : null
2025-12-15 12:02:08,615 [WARN] ConditionMgr:1044 - genDependencies : Invalid condition id : LAN8742 Phy interface Condition cause : null
2025-12-15 12:02:08,616 [WARN] ConditionMgr:1044 - genDependencies : Invalid condition id : LAN8742 Phy interface Condition cause : null
2025-12-15 12:02:08,630 [WARN] PackLoader:240 - Cannot read IP mode file for STMicroelectronics.X-CUBE-SFXS2LP1.4.0.0
2025-12-15 12:02:08,646 [WARN] ConditionMgr:438 - getConditionDescription Invalid condition id : UX DEVICE CLASS RTOS Condition cause : null
2025-12-15 12:02:08,647 [WARN] ConditionMgr:438 - getConditionDescription Invalid condition id : UX DEVICE CLASS RTOS Condition cause : null
2025-12-15 12:02:08,649 [WARN] PackLoader:240 - Cannot read IP mode file for STMicroelectronics.X-CUBE-AZRTOS-WB.2.0.0
2025-12-15 12:02:08,649 [WARN] ConditionMgr:1044 - genDependencies : Invalid condition id : UX DEVICE CLASS RTOS Condition cause : null
2025-12-15 12:02:08,649 [WARN] ConditionMgr:1044 - genDependencies : Invalid condition id : UX DEVICE CLASS RTOS Condition cause : null
2025-12-15 12:02:08,650 [WARN] ConditionMgr:1044 - genDependencies : Invalid condition id : UX DEVICE CLASS RTOS Condition cause : null
2025-12-15 12:02:08,650 [WARN] ConditionMgr:1044 - genDependencies : Invalid condition id : UX DEVICE CLASS RTOS Condition cause : null
2025-12-15 12:02:08,650 [WARN] ConditionMgr:1044 - genDependencies : Invalid condition id : UX DEVICE CLASS RTOS Condition cause : null
2025-12-15 12:02:08,667 [WARN] PackLoader:240 - Cannot read IP mode file for STMicroelectronics.X-CUBE-SUBG2.5.0.0
2025-12-15 12:02:08,692 [WARN] PackLoader:240 - Cannot read IP mode file for STMicroelectronics.X-CUBE-AZRTOS-G4.2.0.0
2025-12-15 12:02:08,703 [WARN] PackLoader:240 - Cannot read IP mode file for STMicroelectronics.X-CUBE-NFC7.2.0.0
2025-12-15 12:02:08,712 [WARN] PackLoader:240 - Cannot read IP mode file for STMicroelectronics.X-CUBE-ALS.1.0.2
2025-12-15 12:02:08,723 [WARN] PackLoader:240 - Cannot read IP mode file for STMicroelectronics.X-CUBE-TOF1.3.4.3
2025-12-15 12:02:08,737 [INFO] ThirdParty:978 - Integrity check success = true
2025-12-15 12:02:08,737 [INFO] IntegrityCheckThread:100 - exiting critical section [integrity check]
2025-12-15 12:02:08,737 [INFO] IntegrityCheckThread:103 - End integrity checks thread
2025-12-15 12:02:13,494 [INFO] McuFinderGlobals:63 - Set McuFinder mode to 2 (CubeIDE integrated)
2025-12-15 12:02:13,497 [INFO] MainUpdater:2872 - connection check result : 10
2025-12-15 12:02:13,792 [INFO] ApiDb:581 - Connected to CubeFinder SQLite database (C:\Users\aditi\.stmcufinder\plugins\mcufinder\mcu\cube-finder-db.db)
2025-12-15 12:02:13,863 [INFO] ApiDb:668 - CubeFinder database Data Model version=2.1
2025-12-15 12:02:13,863 [INFO] ApiDb:669 - CubeFinder database Configuration version=3.0.39
2025-12-15 12:02:13,863 [INFO] ApiDb:670 - CubeFinder database generation date=2025-11-05 (1762334721)
2025-12-15 12:02:13,863 [INFO] ApiDb:671 - CubeFinder database FW Pack versions=[FP-ATR-ASTRA1_V2.0.0, FP-SNS-FLIGHT1_V5.1.0, FP-SNS-MOTENV1_V5.1.0, FP-SNS-MOTENVWB1_V1.4.0, FP-SNS-SMARTAG2_V1.2.0, FP-SNS-STBOX1_V2.1.0, STM32Cube_FW_C0_V1.4.0, STM32Cube_FW_F4_V1.28.3, STM32Cube_FW_F7_V1.17.4, STM32Cube_FW_G0_V1.6.2, STM32Cube_FW_G4_V1.6.1, STM32Cube_FW_H5_V1.5.1, STM32Cube_FW_H7RS_V1.3.0, STM32Cube_FW_H7_V1.12.1, STM32Cube_FW_L0_V1.12.2, STM32Cube_FW_L4_V1.18.1, STM32Cube_FW_L5_V1.6.0, STM32Cube_FW_N6_V1.3.0, STM32Cube_FW_U0_V1.3.0, STM32Cube_FW_U3_V1.2.1, STM32Cube_FW_U5_V1.8.0, STM32Cube_FW_WB0_V1.4.0, STM32Cube_FW_WBA_V1.8.0, STM32Cube_FW_WB_V1.24.0, STM32Cube_FW_WL3_V1.3.0, STM32Cube_FW_WL_V1.4.0, X-CUBE-ALGOBUILD_V1.4.0, X-CUBE-ALS_V1.0.2, X-CUBE-AZRTOS-F4_V1.1.0, X-CUBE-AZRTOS-F7_V1.1.0, X-CUBE-AZRTOS-G0_V1.1.0, X-CUBE-AZRTOS-G4_V2.0.0, X-CUBE-AZRTOS-H7RS_V1.1.0, X-CUBE-AZRTOS-H7_V3.4.0, X-CUBE-AZRTOS-L4_V2.0.0, X-CUBE-AZRTOS-L5_V2.0.0, X-CUBE-AZRTOS-WB_V2.0.0, X-CUBE-AZRTOS-WL_V2.0.0, X-CUBE-BLE1_V7.1.0, X-CUBE-BLE2_V3.3.0, X-CUBE-BLEMGR_V4.1.0, X-CUBE-EEPRMA1_V5.2.0, X-CUBE-FREERTOS_V1.3.1, X-CUBE-GNSS1_V6.0.0, X-CUBE-MEMS1_V11.3.0, X-CUBE-NFC4_V3.0.0, X-CUBE-NFC7_V2.0.0, X-CUBE-SFXS2LP1_V4.0.0, X-CUBE-ST67W61_V1.1.0, X-CUBE-SUBG2_V5.0.0, X-CUBE-TOF1_V3.4.3]
2025-12-15 12:02:15,924 [INFO] ApiDb:240 - Found 880 in-development CPN: [B-G473E-ZEST1S, B-WB1M-WPAN1, B-WBA5M-WPAN, B-WL5M-SUBG1, NUCLEO-C031C6, NUCLEO-C051C8, NUCLEO-C071RB, NUCLEO-C092RC, NUCLEO-H503RB, NUCLEO-H533RE, NUCLEO-H563ZI, NUCLEO-H7S3L8, NUCLEO-N657X0-Q, NUCLEO-U031R8, NUCLEO-U083RC, NUCLEO-U385RG-Q, NUCLEO-U545RE-Q, NUCLEO-U5A5ZJ-Q, NUCLEO-WB05KZ, NUCLEO-WB07CC, NUCLEO-WB09KE, NUCLEO-WBA52CG, NUCLEO-WBA55CG, NUCLEO-WL33CC1, NUCLEO-WL33CC2, STEVAL-PROTEUS1, STEVAL-SMARTAG2, STEVAL-STWINBX1, STM320518-EVAL, STM32C0116-DK, STM32C011D6Y3TR, STM32C011D6Y6TR, STM32C011F4P3, STM32C011F4P6, STM32C011F4U3, STM32C011F4U6TR, STM32C011F6P3, STM32C011F6P6, STM32C011F6U3, STM32C011F6U6TR, STM32C011J4M3, STM32C011J4M6, STM32C011J6M3, STM32C011J6M6, STM32C0316-DK, STM32C031C4T3, STM32C031C4T6, STM32C031C4U3, STM32C031C4U6, STM32C031C6T3, STM32C031C6T6, STM32C031C6U3, STM32C031C6U6, STM32C031F4P3, STM32C031F4P6, STM32C031F6P3, STM32C031F6P6, STM32C031G4U3, STM32C031G4U6, STM32C031G6U3, STM32C031G6U6, STM32C031K4T3, STM32C031K4T6, STM32C031K4U3, STM32C031K4U6, STM32C031K6T3, STM32C031K6T6, STM32C031K6U3, STM32C031K6U6, STM32C051C6T6, STM32C051C6U6, STM32C051C8T6, STM32C051C8U6, STM32C051D8Y6TR, STM32C051F6P6, STM32C051F8P6, STM32C051G6U6, STM32C051G8U6, STM32C051K6T6, STM32C051K6U6, STM32C051K8T6, STM32C071C8T6, STM32C071C8T6N, STM32C071C8U6, STM32C071C8U6N, STM32C071CBT6, STM32C071CBT6N, STM32C071CBU6, STM32C071CBU6N, STM32C071F8P6, STM32C071F8P6N, STM32C071FBP6, STM32C071FBP6N, STM32C071FBY6TR, STM32C071G8U6, STM32C071G8U6N, STM32C071GBU6, STM32C071GBU6N, STM32C071K8T6, STM32C071K8T6N, STM32C071K8U6, STM32C071K8U6N, STM32C071KBT6, STM32C071KBT6N, STM32C071KBU6, STM32C071KBU6N, STM32C071R8T6, STM32C071R8T6N, STM32C071RBI6N, STM32C071RBT6, STM32C071RBT6N, STM32C091CBT6, STM32C091CBU6, STM32C091CCT6, STM32C091CCU6, STM32C091ECY6TR, STM32C091FBP6, STM32C091FCP6, STM32C091GBU6, STM32C091GCU6, STM32C091KBT6, STM32C091KBU6, STM32C091KCT6, STM32C091KCU6, STM32C091RBT6, STM32C091RCI6, STM32C091RCT6, STM32C092CBT6, STM32C092CBU6, STM32C092CCT6, STM32C092CCU6, STM32C092ECY6TR, STM32C092FBP6, STM32C092FCP6, STM32C092GBU6, STM32C092GCU6, STM32C092KBT6, STM32C092KBU6, STM32C092KCT6, STM32C092KCU6, STM32C092RBT6, STM32C092RCI6, STM32C092RCT6, STM32G071K8TXN, STM32G071K8UXN, STM32G081GBU6N, STM32G081KBT6N, STM32G081KBUXN, STM32G0B1CCT6N, STM32G0B1KCT6, STM32G0B1NEY6TR, STM32G0B1RCT6N, STM32G0C1CCT6, STM32G0C1CCT6N, STM32G0C1CCU6N, STM32G0C1CET6N, STM32G0C1CEU6N, STM32G0C1KCT6, STM32G0C1NEY6TR, STM32G0C1RCI6N, STM32G0C1RCT6N, STM32G0C1REI6N, STM32G0C1RET6N, STM32G0C1VCI6, STM32G0C1VEI6, STM32G411C6T3, STM32G411C6T6, STM32G411C6U3, STM32G411C6U6, STM32G411C8T3, STM32G411C8T6, STM32G411C8U3, STM32G411C8U6, STM32G411CBT3, STM32G411CBT6, STM32G411CBU3, STM32G411CBU6, STM32G411K6T3, STM32G411K6T6, STM32G411K6U3, STM32G411K6U6, STM32G411K8T3, STM32G411K8T6, STM32G411K8U3, STM32G411K8U6, STM32G411KBT3, STM32G411KBT6, STM32G411KBU3, STM32G411KBU6, STM32G411M6T3, STM32G411M6T6, STM32G411M8T3, STM32G411M8T6, STM32G411MBT3, STM32G411MBT6, STM32G411R6T3, STM32G411R6T6, STM32G411R8T3, STM32G411R8T6, STM32G411RBT3, STM32G411RBT6, STM32G414CBT3, STM32G414CBT6, STM32G414CBU3, STM32G414CBU6, STM32G414CCT3, STM32G414CCT6, STM32G414CCU3, STM32G414CCU6, STM32G414MBT3, STM32G414MBT6, STM32G414MCT3, STM32G414MCT6, STM32G414RBT3, STM32G414RBT6, STM32G414RCT3, STM32G414RCT6, STM32G414VBT3, STM32G414VBT6, STM32G414VCT3, STM32G414VCT6, STM32G431CBT3Z, STM32G431RBT3Z, STM32G471CCT6, STM32G471CCU6, STM32G471CET3, STM32G471CET6, STM32G471CEU3, STM32G471CEU6, STM32G471MCT6, STM32G471MET3, STM32G471MET6, STM32G471MEY6TR, STM32G471QCT6, STM32G471QET3, STM32G471RCT6, STM32G471RET3, STM32G471RET6, STM32G471VCH6, STM32G471VCI6, STM32G471VCT6, STM32G471VEH3, STM32G471VEH6, STM32G471VEI3, STM32G471VEI6, STM32G471VET3, STM32G471VET6, STM32G473QET3Z, STM32G473RET3Z, STM32G474CCT6, STM32G491RET3Z, STM32H503CBT6, STM32H503CBU6, STM32H503EBY6TR, STM32H503KBU6, STM32H503RBT6, STM32H523CCT6, STM32H523CCU6, STM32H523CET6, STM32H523CEU6, STM32H523HEY6TR, STM32H523RCT6, STM32H523RET6, STM32H523VCI6, STM32H523VCT6, STM32H523VEI6, STM32H523VET6, STM32H523ZCJ6, STM32H523ZCT6, STM32H523ZEJ6, STM32H523ZET6, STM32H533CET6, STM32H533CEU6, STM32H533HEY6TR, STM32H533RET6, STM32H533VEI6, STM32H533VET6, STM32H533ZEJ6, STM32H533ZET6, STM32H562AGI6, STM32H562AII6, STM32H562IGK6, STM32H562IGT6, STM32H562IIK6, STM32H562IIT6, STM32H562RGT6, STM32H562RGV6, STM32H562RIT6, STM32H562RIV6, STM32H562VGT6, STM32H562VIT6, STM32H562ZGT6, STM32H562ZIT6, STM32H563AGI6, STM32H563AII3Q, STM32H563AII6, STM32H563IGK6, STM32H563IGT6, STM32H563IIK3Q, STM32H563IIK6, STM32H563IIT3Q, STM32H563IIT6, STM32H563MIY3QTR, STM32H563RGT6, STM32H563RGV6, STM32H563RIT6, STM32H563RIV6, STM32H563VGT6, STM32H563VIT3Q, STM32H563VIT6, STM32H563ZGT6, STM32H563ZIT3Q, STM32H563ZIT6, STM32H573AII3Q, STM32H573AII6, STM32H573I-DK, STM32H573IIK3Q, STM32H573IIK6, STM32H573IIT3Q, STM32H573IIT6, STM32H573MIY3QTR, STM32H573RIT6, STM32H573RIV6, STM32H573VIT3Q, STM32H573VIT6, STM32H573ZIT3Q, STM32H573ZIT6, STM32H7R3A8I6, STM32H7R3I8K6, STM32H7R3I8T6, STM32H7R3L8H6, STM32H7R3L8H6H, STM32H7R3R8V6, STM32H7R3V8H6, STM32H7R3V8T6, STM32H7R3V8Y6TR, STM32H7R3Z8J6, STM32H7R3Z8T6, STM32H7R7A8I6, STM32H7R7I8K6, STM32H7R7I8T6, STM32H7R7L8H6, STM32H7R7L8H6H, STM32H7R7Z8J6, STM32H7S3A8I6, STM32H7S3I8K6, STM32H7S3I8T6, STM32H7S3L8H6, STM32H7S3L8H6H, STM32H7S3R8V6, STM32H7S3V8H6, STM32H7S3V8T6, STM32H7S3V8Y6TR, STM32H7S3Z8J6, STM32H7S3Z8T6, STM32H7S78-DK, STM32H7S7A8I6, STM32H7S7I8K6, STM32H7S7I8T6, STM32H7S7L8H6, STM32H7S7L8H6H, STM32H7S7Z8J6, STM32L4R5QGI6STR, STM32MP131AAE3, STM32MP131AAF3, STM32MP131AAG3, STM32MP131CAE3, STM32MP131CAF3, STM32MP131CAG3, STM32MP131DAE7, STM32MP131DAF7, STM32MP131DAG7, STM32MP131FAE7, STM32MP131FAF7, STM32MP131FAG7, STM32MP133AAE3, STM32MP133AAF3, STM32MP133AAG3, STM32MP133CAE3, STM32MP133CAF3, STM32MP133CAG3, STM32MP133DAE7, STM32MP133DAF7, STM32MP133DAG7, STM32MP133FAE7, STM32MP133FAF7, STM32MP133FAG7, STM32MP135AAE3, STM32MP135AAF3, STM32MP135AAG3, STM32MP135CAE3, STM32MP135CAF3, STM32MP135CAG3, STM32MP135DAE7, STM32MP135DAF7, STM32MP135DAG7, STM32MP135F-DK, STM32MP135FAE7, STM32MP135FAF7, STM32MP135FAF7T, STM32MP135FAF7U, STM32MP135FAG7, STM32MP211AAL3, STM32MP211AAM3, STM32MP211AAN3, STM32MP211AAO3, STM32MP211CAL3, STM32MP211CAM3, STM32MP211CAN3, STM32MP211CAO3, STM32MP211DAL3, STM32MP211DAM3, STM32MP211DAN3, STM32MP211DAO3, STM32MP211FAL3, STM32MP211FAM3, STM32MP211FAN3, STM32MP211FAO3, STM32MP213AAL3, STM32MP213AAM3, STM32MP213AAN3, STM32MP213AAO3, STM32MP213CAL3, STM32MP213CAM3, STM32MP213CAN3, STM32MP213CAO3, STM32MP213DAL3, STM32MP213DAM3, STM32MP213DAN3, STM32MP213DAO3, STM32MP213FAL3, STM32MP213FAM3, STM32MP213FAN3, STM32MP213FAO3, STM32MP215AAL3, STM32MP215AAM3, STM32MP215AAN3, STM32MP215AAO3, STM32MP215CAL3, STM32MP215CAM3, STM32MP215CAN3, STM32MP215CAO3, STM32MP215DAL3, STM32MP215DAM3, STM32MP215DAN3, STM32MP215DAO3, STM32MP215F-DK, STM32MP215FAL3, STM32MP215FAM3, STM32MP215FAN3, STM32MP215FAO3, STM32MP231AAJ3, STM32MP231AAK3, STM32MP231AAL3, STM32MP231CAJ3, STM32MP231CAK3, STM32MP231CAL3, STM32MP231DAJ3, STM32MP231DAK3, STM32MP231DAL3, STM32MP231FAJ3, STM32MP231FAK3, STM32MP231FAL3, STM32MP233AAJ3, STM32MP233AAK3, STM32MP233AAL3, STM32MP233CAJ3, STM32MP233CAK3, STM32MP233CAL3, STM32MP233DAJ3, STM32MP233DAK3, STM32MP233DAL3, STM32MP233FAJ3, STM32MP233FAK3, STM32MP233FAL3, STM32MP235AAJ3, STM32MP235AAK3, STM32MP235AAL3, STM32MP235CAJ3, STM32MP235CAK3, STM32MP235CAL3, STM32MP235DAJ3, STM32MP235DAK3, STM32MP235DAL3, STM32MP235FAJ3, STM32MP235FAK3, STM32MP235FAL3, STM32MP251AAI3, STM32MP251AAK3, STM32MP251AAL3, STM32MP251CAI3, STM32MP251CAK3, STM32MP251CAL3, STM32MP251DAI3, STM32MP251DAK3, STM32MP251DAL3, STM32MP251FAI3, STM32MP251FAK3, STM32MP251FAL3, STM32MP253AAI3, STM32MP253AAK3, STM32MP253AAL3, STM32MP253CAI3, STM32MP253CAK3, STM32MP253CAL3, STM32MP253DAI3, STM32MP253DAK3, STM32MP253DAL3, STM32MP253FAI3, STM32MP253FAK3, STM32MP253FAL3, STM32MP255AAI3, STM32MP255AAK3, STM32MP255AAL3, STM32MP255CAI3, STM32MP255CAK3, STM32MP255CAL3, STM32MP255DAI3, STM32MP255DAK3, STM32MP255DAL3, STM32MP255FAI3, STM32MP255FAK3, STM32MP255FAL3, STM32MP257AAI3, STM32MP257AAK3, STM32MP257AAL3, STM32MP257CAI3, STM32MP257CAK3, STM32MP257CAL3, STM32MP257DAI3, STM32MP257DAK3, STM32MP257DAL3, STM32MP257F-DK, STM32MP257F-EV1, STM32MP257FAI3, STM32MP257FAK3, STM32MP257FAL3, STM32N645A0H3Q, STM32N645B0H3Q, STM32N645I0H3Q, STM32N645L0H3Q, STM32N645X0H3Q, STM32N645Z0H3Q, STM32N647A0H3Q, STM32N647B0H3Q, STM32N647I0H3Q, STM32N647L0H3Q, STM32N647X0H3Q, STM32N647Z0H3Q, STM32N655A0H3Q, STM32N655B0H3Q, STM32N655I0H3Q, STM32N655L0H3Q, STM32N655X0H3Q, STM32N655Z0H3Q, STM32N6570-DK, STM32N657A0H3Q, STM32N657B0H3Q, STM32N657I0H3Q, STM32N657L0H3Q, STM32N657X0H3Q, STM32N657Z0H3Q, STM32U031C6T6, STM32U031C6U6, STM32U031C8T6, STM32U031C8U6, STM32U031F4P6, STM32U031F6P6, STM32U031F8P6, STM32U031G6Y6TR, STM32U031G8Y6TR, STM32U031K4U6, STM32U031K6U6, STM32U031K8U6, STM32U031R6I6, STM32U031R6T6, STM32U031R8I6, STM32U031R8T6, STM32U073C8T6, STM32U073C8U6, STM32U073CBT6, STM32U073CBU6, STM32U073CCT6, STM32U073CCU6, STM32U073H8Y6TR, STM32U073HBY6TR, STM32U073HCY6TR, STM32U073K8U6, STM32U073KBU6, STM32U073KCU6, STM32U073M8I6, STM32U073M8T6, STM32U073MBI6, STM32U073MBT6, STM32U073MCI6, STM32U073MCT6, STM32U073R8I6, STM32U073R8T6, STM32U073RBI6, STM32U073RBT6, STM32U073RCI6, STM32U073RCT6, STM32U083C-DK, STM32U083CCT6, STM32U083CCU6, STM32U083HCY6TR, STM32U083KCU6, STM32U083MCI6, STM32U083MCT6, STM32U083RCI6, STM32U083RCT6, STM32U375CET6, STM32U375CET6Q, STM32U375CEU6, STM32U375CEU6Q, STM32U375CEY6QTR, STM32U375CGT6, STM32U375CGT6Q, STM32U375CGU6, STM32U375CGU6Q, STM32U375CGY6QTR, STM32U375KEU6, STM32U375KGU6, STM32U375REI6, STM32U375REI6Q, STM32U375RET6, STM32U375RET6Q, STM32U375REY6GTR, STM32U375REY6QTR, STM32U375RGI6, STM32U375RGI6Q, STM32U375RGT6, STM32U375RGT6Q, STM32U375RGY6GTR, STM32U375RGY6QTR, STM32U375VEI6, STM32U375VEI6Q, STM32U375VET6, STM32U375VET6Q, STM32U375VGI6, STM32U375VGI6Q, STM32U375VGT6, STM32U375VGT6Q, STM32U385CGT6, STM32U385CGT6Q, STM32U385CGU6, STM32U385CGU6Q, STM32U385CGY6QTR, STM32U385KGU6, STM32U385RGI6, STM32U385RGI6Q, STM32U385RGT6, STM32U385RGT6Q, STM32U385RGY6GTR, STM32U385RGY6QTR, STM32U385VGI6, STM32U385VGI6Q, STM32U385VGT6, STM32U385VGT6Q, STM32U535CBT6, STM32U535CBT6Q, STM32U535CBU6, STM32U535CBU6Q, STM32U535CCT6, STM32U535CCT6Q, STM32U535CCU6, STM32U535CCU6Q, STM32U535CET6, STM32U535CET6Q, STM32U535CEU6, STM32U535CEU6Q, STM32U535JEY6QTR, STM32U535NCY6QTR, STM32U535NEY6QTR, STM32U535RBI6, STM32U535RBI6Q, STM32U535RBT6, STM32U535RBT6Q, STM32U535RCI6, STM32U535RCI6Q, STM32U535RCT6, STM32U535RCT6Q, STM32U535REI6, STM32U535REI6Q, STM32U535RET6, STM32U535RET6Q, STM32U535VCI6, STM32U535VCI6Q, STM32U535VCT6, STM32U535VCT6Q, STM32U535VEI6, STM32U535VEI6Q, STM32U535VET6, STM32U535VET6Q, STM32U545CET6, STM32U545CET6Q, STM32U545CEU6, STM32U545CEU6Q, STM32U545JEY6QTR, STM32U545NEY6QTR, STM32U545REI6, STM32U545REI6Q, STM32U545RET6, STM32U545RET6Q, STM32U545VEI6, STM32U545VEI6Q, STM32U545VET6, STM32U545VET6Q, STM32U595AIH6, STM32U595AIH6Q, STM32U595AJH6, STM32U595AJH6Q, STM32U595QII6, STM32U595QII6Q, STM32U595QJI6, STM32U595QJI6Q, STM32U595RIT6, STM32U595RIT6Q, STM32U595RJT6, STM32U595RJT6Q, STM32U595VIT6, STM32U595VIT6Q, STM32U595VJT6, STM32U595VJT6Q, STM32U595ZIT6, STM32U595ZIT6Q, STM32U595ZIY6QTR, STM32U595ZJT6, STM32U595ZJT6Q, STM32U595ZJY6QTR, STM32U599BJY6QTR, STM32U599NIH6Q, STM32U599NJH6Q, STM32U599VIT6Q, STM32U599VJT6, STM32U599VJT6Q, STM32U599ZIT6Q, STM32U599ZIY6QTR, STM32U599ZJT6Q, STM32U599ZJY6QTR, STM32U5A5AJH6, STM32U5A5AJH6Q, STM32U5A5QII3Q , STM32U5A5QJI6, STM32U5A5QJI6Q, STM32U5A5RJT6, STM32U5A5RJT6Q, STM32U5A5VJT6, STM32U5A5VJT6Q, STM32U5A5ZJT6, STM32U5A5ZJT6Q, STM32U5A5ZJY6QTR, STM32U5A9BJY6QTR, STM32U5A9J-DK, STM32U5A9NJH6Q, STM32U5A9VJT6Q, STM32U5A9ZJT6Q, STM32U5A9ZJY6QTR, STM32U5F7VIT6, STM32U5F7VIT6Q, STM32U5F7VJT6, STM32U5F7VJT6Q, STM32U5F9BJY6QTR, STM32U5F9NJH6Q, STM32U5F9VIT6Q, STM32U5F9VJT6Q, STM32U5F9ZIJ6QTR, STM32U5F9ZIT6Q, STM32U5F9ZJJ6QTR, STM32U5F9ZJT6Q, STM32U5G7VJT6, STM32U5G7VJT6Q, STM32U5G9BJY6QTR, STM32U5G9J-DK1, STM32U5G9J-DK2, STM32U5G9NJH6Q, STM32U5G9VJT6Q, STM32U5G9ZJJ6QTR, STM32U5G9ZJT6Q, STM32WB05KZV6TR, STM32WB05KZV7TR, STM32WB05TZF6TR, STM32WB05TZF7TR, STM32WB06CCF6TR, STM32WB06CCF7TR, STM32WB06CCV6TR, STM32WB06CCV7TR, STM32WB06KCV6TR, STM32WB06KCV7TR, STM32WB07CCF6TR, STM32WB07CCF7TR, STM32WB07CCV6TR, STM32WB07CCV7TR, STM32WB07KCV6TR, STM32WB07KCV7TR, STM32WB09KEV6TR, STM32WB09KEV7TR, STM32WB09TEF6TR, STM32WB09TEF7TR, STM32WB1MMCH6, STM32WBA50KGU6, STM32WBA50KGU6TR, STM32WBA52CEU6, STM32WBA52CEU6TR, STM32WBA52CEU7, STM32WBA52CEU7TR, STM32WBA52CGU6, STM32WBA52CGU6TR, STM32WBA52CGU6U, STM32WBA52CGU7, STM32WBA52CGU7TR, STM32WBA52KEU6, STM32WBA52KEU6TR, STM32WBA52KGU6, STM32WBA52KGU6TR, STM32WBA54CEU6, STM32WBA54CEU6TR, STM32WBA54CEU7, STM32WBA54CEU7TR, STM32WBA54CGU6, STM32WBA54CGU6TR, STM32WBA54CGU7, STM32WBA54CGU7TR, STM32WBA54KEU6, STM32WBA54KEU6TR, STM32WBA54KEU7, STM32WBA54KEU7TR, STM32WBA54KGU6, STM32WBA54KGU6TR, STM32WBA54KGU7, STM32WBA54KGU7TR, STM32WBA55CEU6, STM32WBA55CEU6TR, STM32WBA55CEU7, STM32WBA55CEU7TR, STM32WBA55CGU6, STM32WBA55CGU6TR, STM32WBA55CGU6U, STM32WBA55CGU7, STM32WBA55CGU7TR, STM32WBA55G-DK1, STM32WBA55HEF6, STM32WBA55HEF7, STM32WBA55HGF6, STM32WBA55HGF7, STM32WBA55UEI6, STM32WBA55UEI6TR, STM32WBA55UEI7, STM32WBA55UEI7TR, STM32WBA55UGI6, STM32WBA55UGI6TR, STM32WBA55UGI7, STM32WBA55UGI7TR, STM32WBA5MMGH6TR, STM32WBA62MGF6, STM32WBA62MIF6, STM32WBA65MGF7, STM32WBA65MIF6, STM32WBA65MIF7, STM32WL30K8V6, STM32WL30KBV6, STM32WL31C8V6, STM32WL31CBV6, STM32WL31K8V6, STM32WL31KBV6, STM32WL33C8V6, STM32WL33C8V6X, STM32WL33CBV6, STM32WL33CBV6X, STM32WL33CCV6, STM32WL33CCV6A, STM32WL33CCV6X, STM32WL33K8V7, STM32WL33K8V7X, STM32WL33KBV7 , STM32WL33KBV7X, STM32WL33KCV7, STM32WL33KCV7X, STM32WL5MOCH6, STM32WL5MOCH6TR]
2025-12-15 12:02:15,929 [INFO] DbMcus:218 - Found 4876 MCUs, 4876 are supported
2025-12-15 12:02:15,930 [INFO] ApiDb:423 - Load user favorites file C:\Users\aditi/.stm32cubeide/favorites.mcus.txt: 0 item(s)
2025-12-15 12:02:15,930 [INFO] ApiDb:427 - User favorites MCUs=[]
2025-12-15 12:02:15,930 [INFO] DbMcus:224 - Set 0 / 0 favorites MCUs
2025-12-15 12:02:16,198 [INFO] ApiDb:668 - CubeFinder database Data Model version=2.1
2025-12-15 12:02:16,198 [INFO] ApiDb:669 - CubeFinder database Configuration version=3.0.39
2025-12-15 12:02:16,198 [INFO] ApiDb:670 - CubeFinder database generation date=2025-11-05 (1762334721)
2025-12-15 12:02:16,198 [INFO] ApiDb:671 - CubeFinder database FW Pack versions=[FP-ATR-ASTRA1_V2.0.0, FP-SNS-FLIGHT1_V5.1.0, FP-SNS-MOTENV1_V5.1.0, FP-SNS-MOTENVWB1_V1.4.0, FP-SNS-SMARTAG2_V1.2.0, FP-SNS-STBOX1_V2.1.0, STM32Cube_FW_C0_V1.4.0, STM32Cube_FW_F4_V1.28.3, STM32Cube_FW_F7_V1.17.4, STM32Cube_FW_G0_V1.6.2, STM32Cube_FW_G4_V1.6.1, STM32Cube_FW_H5_V1.5.1, STM32Cube_FW_H7RS_V1.3.0, STM32Cube_FW_H7_V1.12.1, STM32Cube_FW_L0_V1.12.2, STM32Cube_FW_L4_V1.18.1, STM32Cube_FW_L5_V1.6.0, STM32Cube_FW_N6_V1.3.0, STM32Cube_FW_U0_V1.3.0, STM32Cube_FW_U3_V1.2.1, STM32Cube_FW_U5_V1.8.0, STM32Cube_FW_WB0_V1.4.0, STM32Cube_FW_WBA_V1.8.0, STM32Cube_FW_WB_V1.24.0, STM32Cube_FW_WL3_V1.3.0, STM32Cube_FW_WL_V1.4.0, X-CUBE-ALGOBUILD_V1.4.0, X-CUBE-ALS_V1.0.2, X-CUBE-AZRTOS-F4_V1.1.0, X-CUBE-AZRTOS-F7_V1.1.0, X-CUBE-AZRTOS-G0_V1.1.0, X-CUBE-AZRTOS-G4_V2.0.0, X-CUBE-AZRTOS-H7RS_V1.1.0, X-CUBE-AZRTOS-H7_V3.4.0, X-CUBE-AZRTOS-L4_V2.0.0, X-CUBE-AZRTOS-L5_V2.0.0, X-CUBE-AZRTOS-WB_V2.0.0, X-CUBE-AZRTOS-WL_V2.0.0, X-CUBE-BLE1_V7.1.0, X-CUBE-BLE2_V3.3.0, X-CUBE-BLEMGR_V4.1.0, X-CUBE-EEPRMA1_V5.2.0, X-CUBE-FREERTOS_V1.3.1, X-CUBE-GNSS1_V6.0.0, X-CUBE-MEMS1_V11.3.0, X-CUBE-NFC4_V3.0.0, X-CUBE-NFC7_V2.0.0, X-CUBE-SFXS2LP1_V4.0.0, X-CUBE-ST67W61_V1.1.0, X-CUBE-SUBG2_V5.0.0, X-CUBE-TOF1_V3.4.3]
2025-12-15 12:02:16,242 [INFO] DbBoardsSqlite:226 - include board P-NUCLEO-WB55-NUCLEO as a kit item of type 'Nucleo-64'
2025-12-15 12:02:16,242 [INFO] DbBoardsSqlite:226 - include board P-NUCLEO-WB55-USBDONGLE as a kit item of type 'Nucleo USB Dongle'
2025-12-15 12:02:16,242 [INFO] DbBoardsSqlite:226 - include board STEVAL-IDP005V1 as a kit item of type 'Evaluation Board'
2025-12-15 12:02:16,242 [INFO] DbBoardsSqlite:226 - include board STEVAL-IDP005V2 as a kit item of type 'Evaluation Board'
2025-12-15 12:02:16,299 [INFO] ApiDb:240 - Found 880 in-development CPN: [B-G473E-ZEST1S, B-WB1M-WPAN1, B-WBA5M-WPAN, B-WL5M-SUBG1, NUCLEO-C031C6, NUCLEO-C051C8, NUCLEO-C071RB, NUCLEO-C092RC, NUCLEO-H503RB, NUCLEO-H533RE, NUCLEO-H563ZI, NUCLEO-H7S3L8, NUCLEO-N657X0-Q, NUCLEO-U031R8, NUCLEO-U083RC, NUCLEO-U385RG-Q, NUCLEO-U545RE-Q, NUCLEO-U5A5ZJ-Q, NUCLEO-WB05KZ, NUCLEO-WB07CC, NUCLEO-WB09KE, NUCLEO-WBA52CG, NUCLEO-WBA55CG, NUCLEO-WL33CC1, NUCLEO-WL33CC2, STEVAL-PROTEUS1, STEVAL-SMARTAG2, STEVAL-STWINBX1, STM320518-EVAL, STM32C0116-DK, STM32C011D6Y3TR, STM32C011D6Y6TR, STM32C011F4P3, STM32C011F4P6, STM32C011F4U3, STM32C011F4U6TR, STM32C011F6P3, STM32C011F6P6, STM32C011F6U3, STM32C011F6U6TR, STM32C011J4M3, STM32C011J4M6, STM32C011J6M3, STM32C011J6M6, STM32C0316-DK, STM32C031C4T3, STM32C031C4T6, STM32C031C4U3, STM32C031C4U6, STM32C031C6T3, STM32C031C6T6, STM32C031C6U3, STM32C031C6U6, STM32C031F4P3, STM32C031F4P6, STM32C031F6P3, STM32C031F6P6, STM32C031G4U3, STM32C031G4U6, STM32C031G6U3, STM32C031G6U6, STM32C031K4T3, STM32C031K4T6, STM32C031K4U3, STM32C031K4U6, STM32C031K6T3, STM32C031K6T6, STM32C031K6U3, STM32C031K6U6, STM32C051C6T6, STM32C051C6U6, STM32C051C8T6, STM32C051C8U6, STM32C051D8Y6TR, STM32C051F6P6, STM32C051F8P6, STM32C051G6U6, STM32C051G8U6, STM32C051K6T6, STM32C051K6U6, STM32C051K8T6, STM32C071C8T6, STM32C071C8T6N, STM32C071C8U6, STM32C071C8U6N, STM32C071CBT6, STM32C071CBT6N, STM32C071CBU6, STM32C071CBU6N, STM32C071F8P6, STM32C071F8P6N, STM32C071FBP6, STM32C071FBP6N, STM32C071FBY6TR, STM32C071G8U6, STM32C071G8U6N, STM32C071GBU6, STM32C071GBU6N, STM32C071K8T6, STM32C071K8T6N, STM32C071K8U6, STM32C071K8U6N, STM32C071KBT6, STM32C071KBT6N, STM32C071KBU6, STM32C071KBU6N, STM32C071R8T6, STM32C071R8T6N, STM32C071RBI6N, STM32C071RBT6, STM32C071RBT6N, STM32C091CBT6, STM32C091CBU6, STM32C091CCT6, STM32C091CCU6, STM32C091ECY6TR, STM32C091FBP6, STM32C091FCP6, STM32C091GBU6, STM32C091GCU6, STM32C091KBT6, STM32C091KBU6, STM32C091KCT6, STM32C091KCU6, STM32C091RBT6, STM32C091RCI6, STM32C091RCT6, STM32C092CBT6, STM32C092CBU6, STM32C092CCT6, STM32C092CCU6, STM32C092ECY6TR, STM32C092FBP6, STM32C092FCP6, STM32C092GBU6, STM32C092GCU6, STM32C092KBT6, STM32C092KBU6, STM32C092KCT6, STM32C092KCU6, STM32C092RBT6, STM32C092RCI6, STM32C092RCT6, STM32G071K8TXN, STM32G071K8UXN, STM32G081GBU6N, STM32G081KBT6N, STM32G081KBUXN, STM32G0B1CCT6N, STM32G0B1KCT6, STM32G0B1NEY6TR, STM32G0B1RCT6N, STM32G0C1CCT6, STM32G0C1CCT6N, STM32G0C1CCU6N, STM32G0C1CET6N, STM32G0C1CEU6N, STM32G0C1KCT6, STM32G0C1NEY6TR, STM32G0C1RCI6N, STM32G0C1RCT6N, STM32G0C1REI6N, STM32G0C1RET6N, STM32G0C1VCI6, STM32G0C1VEI6, STM32G411C6T3, STM32G411C6T6, STM32G411C6U3, STM32G411C6U6, STM32G411C8T3, STM32G411C8T6, STM32G411C8U3, STM32G411C8U6, STM32G411CBT3, STM32G411CBT6, STM32G411CBU3, STM32G411CBU6, STM32G411K6T3, STM32G411K6T6, STM32G411K6U3, STM32G411K6U6, STM32G411K8T3, STM32G411K8T6, STM32G411K8U3, STM32G411K8U6, STM32G411KBT3, STM32G411KBT6, STM32G411KBU3, STM32G411KBU6, STM32G411M6T3, STM32G411M6T6, STM32G411M8T3, STM32G411M8T6, STM32G411MBT3, STM32G411MBT6, STM32G411R6T3, STM32G411R6T6, STM32G411R8T3, STM32G411R8T6, STM32G411RBT3, STM32G411RBT6, STM32G414CBT3, STM32G414CBT6, STM32G414CBU3, STM32G414CBU6, STM32G414CCT3, STM32G414CCT6, STM32G414CCU3, STM32G414CCU6, STM32G414MBT3, STM32G414MBT6, STM32G414MCT3, STM32G414MCT6, STM32G414RBT3, STM32G414RBT6, STM32G414RCT3, STM32G414RCT6, STM32G414VBT3, STM32G414VBT6, STM32G414VCT3, STM32G414VCT6, STM32G431CBT3Z, STM32G431RBT3Z, STM32G471CCT6, STM32G471CCU6, STM32G471CET3, STM32G471CET6, STM32G471CEU3, STM32G471CEU6, STM32G471MCT6, STM32G471MET3, STM32G471MET6, STM32G471MEY6TR, STM32G471QCT6, STM32G471QET3, STM32G471RCT6, STM32G471RET3, STM32G471RET6, STM32G471VCH6, STM32G471VCI6, STM32G471VCT6, STM32G471VEH3, STM32G471VEH6, STM32G471VEI3, STM32G471VEI6, STM32G471VET3, STM32G471VET6, STM32G473QET3Z, STM32G473RET3Z, STM32G474CCT6, STM32G491RET3Z, STM32H503CBT6, STM32H503CBU6, STM32H503EBY6TR, STM32H503KBU6, STM32H503RBT6, STM32H523CCT6, STM32H523CCU6, STM32H523CET6, STM32H523CEU6, STM32H523HEY6TR, STM32H523RCT6, STM32H523RET6, STM32H523VCI6, STM32H523VCT6, STM32H523VEI6, STM32H523VET6, STM32H523ZCJ6, STM32H523ZCT6, STM32H523ZEJ6, STM32H523ZET6, STM32H533CET6, STM32H533CEU6, STM32H533HEY6TR, STM32H533RET6, STM32H533VEI6, STM32H533VET6, STM32H533ZEJ6, STM32H533ZET6, STM32H562AGI6, STM32H562AII6, STM32H562IGK6, STM32H562IGT6, STM32H562IIK6, STM32H562IIT6, STM32H562RGT6, STM32H562RGV6, STM32H562RIT6, STM32H562RIV6, STM32H562VGT6, STM32H562VIT6, STM32H562ZGT6, STM32H562ZIT6, STM32H563AGI6, STM32H563AII3Q, STM32H563AII6, STM32H563IGK6, STM32H563IGT6, STM32H563IIK3Q, STM32H563IIK6, STM32H563IIT3Q, STM32H563IIT6, STM32H563MIY3QTR, STM32H563RGT6, STM32H563RGV6, STM32H563RIT6, STM32H563RIV6, STM32H563VGT6, STM32H563VIT3Q, STM32H563VIT6, STM32H563ZGT6, STM32H563ZIT3Q, STM32H563ZIT6, STM32H573AII3Q, STM32H573AII6, STM32H573I-DK, STM32H573IIK3Q, STM32H573IIK6, STM32H573IIT3Q, STM32H573IIT6, STM32H573MIY3QTR, STM32H573RIT6, STM32H573RIV6, STM32H573VIT3Q, STM32H573VIT6, STM32H573ZIT3Q, STM32H573ZIT6, STM32H7R3A8I6, STM32H7R3I8K6, STM32H7R3I8T6, STM32H7R3L8H6, STM32H7R3L8H6H, STM32H7R3R8V6, STM32H7R3V8H6, STM32H7R3V8T6, STM32H7R3V8Y6TR, STM32H7R3Z8J6, STM32H7R3Z8T6, STM32H7R7A8I6, STM32H7R7I8K6, STM32H7R7I8T6, STM32H7R7L8H6, STM32H7R7L8H6H, STM32H7R7Z8J6, STM32H7S3A8I6, STM32H7S3I8K6, STM32H7S3I8T6, STM32H7S3L8H6, STM32H7S3L8H6H, STM32H7S3R8V6, STM32H7S3V8H6, STM32H7S3V8T6, STM32H7S3V8Y6TR, STM32H7S3Z8J6, STM32H7S3Z8T6, STM32H7S78-DK, STM32H7S7A8I6, STM32H7S7I8K6, STM32H7S7I8T6, STM32H7S7L8H6, STM32H7S7L8H6H, STM32H7S7Z8J6, STM32L4R5QGI6STR, STM32MP131AAE3, STM32MP131AAF3, STM32MP131AAG3, STM32MP131CAE3, STM32MP131CAF3, STM32MP131CAG3, STM32MP131DAE7, STM32MP131DAF7, STM32MP131DAG7, STM32MP131FAE7, STM32MP131FAF7, STM32MP131FAG7, STM32MP133AAE3, STM32MP133AAF3, STM32MP133AAG3, STM32MP133CAE3, STM32MP133CAF3, STM32MP133CAG3, STM32MP133DAE7, STM32MP133DAF7, STM32MP133DAG7, STM32MP133FAE7, STM32MP133FAF7, STM32MP133FAG7, STM32MP135AAE3, STM32MP135AAF3, STM32MP135AAG3, STM32MP135CAE3, STM32MP135CAF3, STM32MP135CAG3, STM32MP135DAE7, STM32MP135DAF7, STM32MP135DAG7, STM32MP135F-DK, STM32MP135FAE7, STM32MP135FAF7, STM32MP135FAF7T, STM32MP135FAF7U, STM32MP135FAG7, STM32MP211AAL3, STM32MP211AAM3, STM32MP211AAN3, STM32MP211AAO3, STM32MP211CAL3, STM32MP211CAM3, STM32MP211CAN3, STM32MP211CAO3, STM32MP211DAL3, STM32MP211DAM3, STM32MP211DAN3, STM32MP211DAO3, STM32MP211FAL3, STM32MP211FAM3, STM32MP211FAN3, STM32MP211FAO3, STM32MP213AAL3, STM32MP213AAM3, STM32MP213AAN3, STM32MP213AAO3, STM32MP213CAL3, STM32MP213CAM3, STM32MP213CAN3, STM32MP213CAO3, STM32MP213DAL3, STM32MP213DAM3, STM32MP213DAN3, STM32MP213DAO3, STM32MP213FAL3, STM32MP213FAM3, STM32MP213FAN3, STM32MP213FAO3, STM32MP215AAL3, STM32MP215AAM3, STM32MP215AAN3, STM32MP215AAO3, STM32MP215CAL3, STM32MP215CAM3, STM32MP215CAN3, STM32MP215CAO3, STM32MP215DAL3, STM32MP215DAM3, STM32MP215DAN3, STM32MP215DAO3, STM32MP215F-DK, STM32MP215FAL3, STM32MP215FAM3, STM32MP215FAN3, STM32MP215FAO3, STM32MP231AAJ3, STM32MP231AAK3, STM32MP231AAL3, STM32MP231CAJ3, STM32MP231CAK3, STM32MP231CAL3, STM32MP231DAJ3, STM32MP231DAK3, STM32MP231DAL3, STM32MP231FAJ3, STM32MP231FAK3, STM32MP231FAL3, STM32MP233AAJ3, STM32MP233AAK3, STM32MP233AAL3, STM32MP233CAJ3, STM32MP233CAK3, STM32MP233CAL3, STM32MP233DAJ3, STM32MP233DAK3, STM32MP233DAL3, STM32MP233FAJ3, STM32MP233FAK3, STM32MP233FAL3, STM32MP235AAJ3, STM32MP235AAK3, STM32MP235AAL3, STM32MP235CAJ3, STM32MP235CAK3, STM32MP235CAL3, STM32MP235DAJ3, STM32MP235DAK3, STM32MP235DAL3, STM32MP235FAJ3, STM32MP235FAK3, STM32MP235FAL3, STM32MP251AAI3, STM32MP251AAK3, STM32MP251AAL3, STM32MP251CAI3, STM32MP251CAK3, STM32MP251CAL3, STM32MP251DAI3, STM32MP251DAK3, STM32MP251DAL3, STM32MP251FAI3, STM32MP251FAK3, STM32MP251FAL3, STM32MP253AAI3, STM32MP253AAK3, STM32MP253AAL3, STM32MP253CAI3, STM32MP253CAK3, STM32MP253CAL3, STM32MP253DAI3, STM32MP253DAK3, STM32MP253DAL3, STM32MP253FAI3, STM32MP253FAK3, STM32MP253FAL3, STM32MP255AAI3, STM32MP255AAK3, STM32MP255AAL3, STM32MP255CAI3, STM32MP255CAK3, STM32MP255CAL3, STM32MP255DAI3, STM32MP255DAK3, STM32MP255DAL3, STM32MP255FAI3, STM32MP255FAK3, STM32MP255FAL3, STM32MP257AAI3, STM32MP257AAK3, STM32MP257AAL3, STM32MP257CAI3, STM32MP257CAK3, STM32MP257CAL3, STM32MP257DAI3, STM32MP257DAK3, STM32MP257DAL3, STM32MP257F-DK, STM32MP257F-EV1, STM32MP257FAI3, STM32MP257FAK3, STM32MP257FAL3, STM32N645A0H3Q, STM32N645B0H3Q, STM32N645I0H3Q, STM32N645L0H3Q, STM32N645X0H3Q, STM32N645Z0H3Q, STM32N647A0H3Q, STM32N647B0H3Q, STM32N647I0H3Q, STM32N647L0H3Q, STM32N647X0H3Q, STM32N647Z0H3Q, STM32N655A0H3Q, STM32N655B0H3Q, STM32N655I0H3Q, STM32N655L0H3Q, STM32N655X0H3Q, STM32N655Z0H3Q, STM32N6570-DK, STM32N657A0H3Q, STM32N657B0H3Q, STM32N657I0H3Q, STM32N657L0H3Q, STM32N657X0H3Q, STM32N657Z0H3Q, STM32U031C6T6, STM32U031C6U6, STM32U031C8T6, STM32U031C8U6, STM32U031F4P6, STM32U031F6P6, STM32U031F8P6, STM32U031G6Y6TR, STM32U031G8Y6TR, STM32U031K4U6, STM32U031K6U6, STM32U031K8U6, STM32U031R6I6, STM32U031R6T6, STM32U031R8I6, STM32U031R8T6, STM32U073C8T6, STM32U073C8U6, STM32U073CBT6, STM32U073CBU6, STM32U073CCT6, STM32U073CCU6, STM32U073H8Y6TR, STM32U073HBY6TR, STM32U073HCY6TR, STM32U073K8U6, STM32U073KBU6, STM32U073KCU6, STM32U073M8I6, STM32U073M8T6, STM32U073MBI6, STM32U073MBT6, STM32U073MCI6, STM32U073MCT6, STM32U073R8I6, STM32U073R8T6, STM32U073RBI6, STM32U073RBT6, STM32U073RCI6, STM32U073RCT6, STM32U083C-DK, STM32U083CCT6, STM32U083CCU6, STM32U083HCY6TR, STM32U083KCU6, STM32U083MCI6, STM32U083MCT6, STM32U083RCI6, STM32U083RCT6, STM32U375CET6, STM32U375CET6Q, STM32U375CEU6, STM32U375CEU6Q, STM32U375CEY6QTR, STM32U375CGT6, STM32U375CGT6Q, STM32U375CGU6, STM32U375CGU6Q, STM32U375CGY6QTR, STM32U375KEU6, STM32U375KGU6, STM32U375REI6, STM32U375REI6Q, STM32U375RET6, STM32U375RET6Q, STM32U375REY6GTR, STM32U375REY6QTR, STM32U375RGI6, STM32U375RGI6Q, STM32U375RGT6, STM32U375RGT6Q, STM32U375RGY6GTR, STM32U375RGY6QTR, STM32U375VEI6, STM32U375VEI6Q, STM32U375VET6, STM32U375VET6Q, STM32U375VGI6, STM32U375VGI6Q, STM32U375VGT6, STM32U375VGT6Q, STM32U385CGT6, STM32U385CGT6Q, STM32U385CGU6, STM32U385CGU6Q, STM32U385CGY6QTR, STM32U385KGU6, STM32U385RGI6, STM32U385RGI6Q, STM32U385RGT6, STM32U385RGT6Q, STM32U385RGY6GTR, STM32U385RGY6QTR, STM32U385VGI6, STM32U385VGI6Q, STM32U385VGT6, STM32U385VGT6Q, STM32U535CBT6, STM32U535CBT6Q, STM32U535CBU6, STM32U535CBU6Q, STM32U535CCT6, STM32U535CCT6Q, STM32U535CCU6, STM32U535CCU6Q, STM32U535CET6, STM32U535CET6Q, STM32U535CEU6, STM32U535CEU6Q, STM32U535JEY6QTR, STM32U535NCY6QTR, STM32U535NEY6QTR, STM32U535RBI6, STM32U535RBI6Q, STM32U535RBT6, STM32U535RBT6Q, STM32U535RCI6, STM32U535RCI6Q, STM32U535RCT6, STM32U535RCT6Q, STM32U535REI6, STM32U535REI6Q, STM32U535RET6, STM32U535RET6Q, STM32U535VCI6, STM32U535VCI6Q, STM32U535VCT6, STM32U535VCT6Q, STM32U535VEI6, STM32U535VEI6Q, STM32U535VET6, STM32U535VET6Q, STM32U545CET6, STM32U545CET6Q, STM32U545CEU6, STM32U545CEU6Q, STM32U545JEY6QTR, STM32U545NEY6QTR, STM32U545REI6, STM32U545REI6Q, STM32U545RET6, STM32U545RET6Q, STM32U545VEI6, STM32U545VEI6Q, STM32U545VET6, STM32U545VET6Q, STM32U595AIH6, STM32U595AIH6Q, STM32U595AJH6, STM32U595AJH6Q, STM32U595QII6, STM32U595QII6Q, STM32U595QJI6, STM32U595QJI6Q, STM32U595RIT6, STM32U595RIT6Q, STM32U595RJT6, STM32U595RJT6Q, STM32U595VIT6, STM32U595VIT6Q, STM32U595VJT6, STM32U595VJT6Q, STM32U595ZIT6, STM32U595ZIT6Q, STM32U595ZIY6QTR, STM32U595ZJT6, STM32U595ZJT6Q, STM32U595ZJY6QTR, STM32U599BJY6QTR, STM32U599NIH6Q, STM32U599NJH6Q, STM32U599VIT6Q, STM32U599VJT6, STM32U599VJT6Q, STM32U599ZIT6Q, STM32U599ZIY6QTR, STM32U599ZJT6Q, STM32U599ZJY6QTR, STM32U5A5AJH6, STM32U5A5AJH6Q, STM32U5A5QII3Q , STM32U5A5QJI6, STM32U5A5QJI6Q, STM32U5A5RJT6, STM32U5A5RJT6Q, STM32U5A5VJT6, STM32U5A5VJT6Q, STM32U5A5ZJT6, STM32U5A5ZJT6Q, STM32U5A5ZJY6QTR, STM32U5A9BJY6QTR, STM32U5A9J-DK, STM32U5A9NJH6Q, STM32U5A9VJT6Q, STM32U5A9ZJT6Q, STM32U5A9ZJY6QTR, STM32U5F7VIT6, STM32U5F7VIT6Q, STM32U5F7VJT6, STM32U5F7VJT6Q, STM32U5F9BJY6QTR, STM32U5F9NJH6Q, STM32U5F9VIT6Q, STM32U5F9VJT6Q, STM32U5F9ZIJ6QTR, STM32U5F9ZIT6Q, STM32U5F9ZJJ6QTR, STM32U5F9ZJT6Q, STM32U5G7VJT6, STM32U5G7VJT6Q, STM32U5G9BJY6QTR, STM32U5G9J-DK1, STM32U5G9J-DK2, STM32U5G9NJH6Q, STM32U5G9VJT6Q, STM32U5G9ZJJ6QTR, STM32U5G9ZJT6Q, STM32WB05KZV6TR, STM32WB05KZV7TR, STM32WB05TZF6TR, STM32WB05TZF7TR, STM32WB06CCF6TR, STM32WB06CCF7TR, STM32WB06CCV6TR, STM32WB06CCV7TR, STM32WB06KCV6TR, STM32WB06KCV7TR, STM32WB07CCF6TR, STM32WB07CCF7TR, STM32WB07CCV6TR, STM32WB07CCV7TR, STM32WB07KCV6TR, STM32WB07KCV7TR, STM32WB09KEV6TR, STM32WB09KEV7TR, STM32WB09TEF6TR, STM32WB09TEF7TR, STM32WB1MMCH6, STM32WBA50KGU6, STM32WBA50KGU6TR, STM32WBA52CEU6, STM32WBA52CEU6TR, STM32WBA52CEU7, STM32WBA52CEU7TR, STM32WBA52CGU6, STM32WBA52CGU6TR, STM32WBA52CGU6U, STM32WBA52CGU7, STM32WBA52CGU7TR, STM32WBA52KEU6, STM32WBA52KEU6TR, STM32WBA52KGU6, STM32WBA52KGU6TR, STM32WBA54CEU6, STM32WBA54CEU6TR, STM32WBA54CEU7, STM32WBA54CEU7TR, STM32WBA54CGU6, STM32WBA54CGU6TR, STM32WBA54CGU7, STM32WBA54CGU7TR, STM32WBA54KEU6, STM32WBA54KEU6TR, STM32WBA54KEU7, STM32WBA54KEU7TR, STM32WBA54KGU6, STM32WBA54KGU6TR, STM32WBA54KGU7, STM32WBA54KGU7TR, STM32WBA55CEU6, STM32WBA55CEU6TR, STM32WBA55CEU7, STM32WBA55CEU7TR, STM32WBA55CGU6, STM32WBA55CGU6TR, STM32WBA55CGU6U, STM32WBA55CGU7, STM32WBA55CGU7TR, STM32WBA55G-DK1, STM32WBA55HEF6, STM32WBA55HEF7, STM32WBA55HGF6, STM32WBA55HGF7, STM32WBA55UEI6, STM32WBA55UEI6TR, STM32WBA55UEI7, STM32WBA55UEI7TR, STM32WBA55UGI6, STM32WBA55UGI6TR, STM32WBA55UGI7, STM32WBA55UGI7TR, STM32WBA5MMGH6TR, STM32WBA62MGF6, STM32WBA62MIF6, STM32WBA65MGF7, STM32WBA65MIF6, STM32WBA65MIF7, STM32WL30K8V6, STM32WL30KBV6, STM32WL31C8V6, STM32WL31CBV6, STM32WL31K8V6, STM32WL31KBV6, STM32WL33C8V6, STM32WL33C8V6X, STM32WL33CBV6, STM32WL33CBV6X, STM32WL33CCV6, STM32WL33CCV6A, STM32WL33CCV6X, STM32WL33K8V7, STM32WL33K8V7X, STM32WL33KBV7 , STM32WL33KBV7X, STM32WL33KCV7, STM32WL33KCV7X, STM32WL5MOCH6, STM32WL5MOCH6TR]
2025-12-15 12:02:16,508 [INFO] BoardInfo:889 - No configuration file found for board P-NUCLEO-WB55
2025-12-15 12:02:16,509 [INFO] DbBoards:161 - Kit is not supported: P-NUCLEO-WB55
2025-12-15 12:02:16,514 [INFO] BoardInfo:889 - No configuration file found for board STEVAL-BFA001V1B
2025-12-15 12:02:16,515 [INFO] DbBoards:161 - Kit is not supported: STEVAL-BFA001V1B
2025-12-15 12:02:16,516 [INFO] BoardInfo:889 - No configuration file found for board STEVAL-BFA001V2B
2025-12-15 12:02:16,516 [INFO] DbBoards:161 - Kit is not supported: STEVAL-BFA001V2B
2025-12-15 12:02:16,674 [INFO] DbBoards:168 - Found 212 boards, 209 are supported
2025-12-15 12:02:16,674 [INFO] DbBoards:169 - Found 212 boards, 43 of them is supported for  Bsp
2025-12-15 12:02:16,677 [INFO] ApiDb:423 - Load user favorites file C:\Users\aditi/.stm32cubeide/favorites.boards.txt: 1 item(s)
2025-12-15 12:02:16,677 [INFO] ApiDb:427 - User favorites Boards=[STM32F407G-DISC1]
2025-12-15 12:02:16,678 [INFO] DbBoards:198 - Set 1 / 1 favorites Boards
2025-12-15 12:02:16,678 [INFO] McuFinderGlobals:76 - Set McuFinderConnectedMode to true
2025-12-15 12:02:16,684 [INFO] MultiScanPanel:200 - Auto-refresh data requested => check proxy status ongoing
2025-12-15 12:02:16,686 [INFO] FinderPluginLoader:96 - Searching for filters in installed packs
2025-12-15 12:02:17,679 [INFO] LoadUrlFilesThread:185 - End of LoadServerUrlFiles without Thread
2025-12-15 12:02:17,695 [INFO] DetailPanel:341 - Set advertising image to C:/Users/aditi/STM32Cube/Repository/\en.prom-st67w-expansion-board.png
2025-12-15 12:02:21,808 [INFO] MultiScanPanel:200 - Auto-refresh data requested => check proxy status ongoing
2025-12-15 12:02:21,910 [INFO] LoadUrlFilesThread:185 - End of LoadServerUrlFiles without Thread
2025-12-15 12:02:21,910 [INFO] DetailPanel:341 - Set advertising image to C:/Users/aditi/STM32Cube/Repository/\en.prom-st67w-expansion-board.png
2025-12-15 12:02:21,930 [INFO] DbBoards:642 - Loading board mini-images...
2025-12-15 12:02:23,378 [ERROR] DbBoards:659 - Image file not found for board STM32MP215F-DK: C:\Users\aditi\.stmcufinder\plugins\mcufinder//mcu//boards_images/STM32MP215F-DK.jpg
2025-12-15 12:02:23,451 [INFO] DbBoards:665 - Loaded 211 board mini-images
2025-12-15 12:02:45,777 [INFO] McuFinderGlobals:76 - Set McuFinderConnectedMode to true
2025-12-15 12:02:45,936 [INFO] ApiDb:448 - Save user favorites file C:\Users\aditi/.stm32cubeide/favorites.mcus.txt: 0 item(s)
2025-12-15 12:02:45,936 [INFO] ApiDb:452 - User favorites MCUs=[]
2025-12-15 12:02:45,937 [INFO] ApiDb:448 - Save user favorites file C:\Users\aditi/.stm32cubeide/favorites.boards.txt: 1 item(s)
2025-12-15 12:02:45,937 [INFO] ApiDb:452 - User favorites Boards=[STM32F407G-DISC1]
2025-12-15 12:02:53,210 [ERROR] LogOutputStream:75 - [STDERR_REDIRECT] 
2025-12-15 12:02:53,211 [ERROR] LogOutputStream:75 - [STDERR_REDIRECT] 
2025-12-15 12:03:16,881 [INFO] Activator:176 - 


2025-12-15 12:03:16,881 [INFO] Activator:177 - !SESSION log4j initialized
2025-12-15 12:03:19,890 [INFO] LogOutputStream:77 - [STDOUT_REDIRECT] 
2025-12-15 12:03:21,451 [INFO] ApplicationProperties:184 - Using Application install path: C:\ST\STM32CubeIDE_1.19.0\STM32CubeIDE\plugins\com.st.stm32cube.common.mx_6.15.0.202507011659
2025-12-15 12:03:21,465 [INFO] DbMcusXml:78 - Set database path to: C:\ST\STM32CubeIDE_1.19.0\STM32CubeIDE\plugins\com.st.stm32cube.common.mx_6.15.0.202507011659\\db\/mcu/
2025-12-15 12:03:21,465 [INFO] ApiDb:274 - Set plugin database path to: C:\ST\STM32CubeIDE_1.19.0\STM32CubeIDE\plugins\com.st.stm32cube.common.mx_6.15.0.202507011659\\db\/plugins/boardmanager/
2025-12-15 12:03:21,465 [WARN] ApiDb:259 - Overriding images path with different value:  => C:\ST\STM32CubeIDE_1.19.0\STM32CubeIDE\plugins\com.st.stm32cube.common.mx_6.15.0.202507011659\\db\/plugins/mcufinder/images/
2025-12-15 12:03:21,470 [INFO] ApiDb:250 - Set database path to: C:\Users\aditi\.stmcufinder\plugins\mcufinder//mcu/
2025-12-15 12:03:21,471 [INFO] DbMcusAds:125 - Set database path to: C:\Users\aditi\.stmcufinder\plugins\mcufinder//mcu/
2025-12-15 12:03:21,473 [INFO] CrossReferenceDbSqlite:203 - Set database path to: C:\Users\aditi\.stmcufinder\plugins\mcufinder//mcu/cs/
2025-12-15 12:03:21,566 [INFO] RulesReader:64 - Compatibility file has been processed (317 Rules)
2025-12-15 12:03:21,639 [INFO] DbMcusXml:78 - Set database path to: C:\ST\STM32CubeIDE_1.19.0\STM32CubeIDE\plugins\com.st.stm32cube.common.mx_6.15.0.202507011659\\db\/mcu/
2025-12-15 12:03:21,639 [INFO] ApiDb:274 - Set plugin database path to: C:\ST\STM32CubeIDE_1.19.0\STM32CubeIDE\plugins\com.st.stm32cube.common.mx_6.15.0.202507011659\\db\/plugins/boardmanager/
2025-12-15 12:03:21,640 [INFO] ApiDb:261 - Set plugin images path to: C:\ST\STM32CubeIDE_1.19.0\STM32CubeIDE\plugins\com.st.stm32cube.common.mx_6.15.0.202507011659\\db\/plugins/mcufinder/images/
2025-12-15 12:03:21,640 [WARN] DbFile:41 - Overriding database path with different value: C:\Users\aditi\.stmcufinder\plugins\mcufinder/ => C:\Users\aditi\.stmcufinder\plugins\mcufinder
2025-12-15 12:03:21,640 [INFO] ApiDb:250 - Set database path to: C:\Users\aditi\.stmcufinder\plugins\mcufinder//mcu/
2025-12-15 12:03:21,640 [WARN] DbFile:41 - Overriding database path with different value: C:\Users\aditi\.stmcufinder\plugins\mcufinder/ => C:\Users\aditi\.stmcufinder\plugins\mcufinder
2025-12-15 12:03:21,640 [INFO] DbMcusAds:125 - Set database path to: C:\Users\aditi\.stmcufinder\plugins\mcufinder//mcu/
2025-12-15 12:03:21,640 [WARN] DbFile:41 - Overriding database path with different value: C:\Users\aditi\.stmcufinder\plugins\mcufinder/ => C:\Users\aditi\.stmcufinder\plugins\mcufinder
2025-12-15 12:03:21,640 [WARN] DbFile:41 - Overriding database path with different value: C:\Users\aditi\.stmcufinder\plugins\mcufinder/ => C:\Users\aditi\.stmcufinder\plugins\mcufinder
2025-12-15 12:03:21,640 [INFO] CrossReferenceDbSqlite:203 - Set database path to: C:\Users\aditi\.stmcufinder\plugins\mcufinder//mcu/cs/
2025-12-15 12:03:21,691 [INFO] MainPanel:274 - HeapMemory: 268435456
2025-12-15 12:03:21,755 [INFO] DbMcusXml:78 - Set database path to: C:\ST\STM32CubeIDE_1.19.0\STM32CubeIDE\plugins\com.st.stm32cube.common.mx_6.15.0.202507011659\\db\/mcu/
2025-12-15 12:03:21,755 [INFO] ApiDb:274 - Set plugin database path to: C:\ST\STM32CubeIDE_1.19.0\STM32CubeIDE\plugins\com.st.stm32cube.common.mx_6.15.0.202507011659\\db\/plugins/boardmanager/
2025-12-15 12:03:21,755 [INFO] ApiDb:261 - Set plugin images path to: C:\ST\STM32CubeIDE_1.19.0\STM32CubeIDE\plugins\com.st.stm32cube.common.mx_6.15.0.202507011659\\db\/plugins/mcufinder/images/
2025-12-15 12:03:21,756 [WARN] DbFile:41 - Overriding database path with different value: C:\Users\aditi\.stmcufinder\plugins\mcufinder/ => C:\Users\aditi\.stmcufinder\plugins\mcufinder
2025-12-15 12:03:21,756 [INFO] ApiDb:250 - Set database path to: C:\Users\aditi\.stmcufinder\plugins\mcufinder//mcu/
2025-12-15 12:03:21,756 [WARN] DbFile:41 - Overriding database path with different value: C:\Users\aditi\.stmcufinder\plugins\mcufinder/ => C:\Users\aditi\.stmcufinder\plugins\mcufinder
2025-12-15 12:03:21,756 [INFO] DbMcusAds:125 - Set database path to: C:\Users\aditi\.stmcufinder\plugins\mcufinder//mcu/
2025-12-15 12:03:21,756 [WARN] DbFile:41 - Overriding database path with different value: C:\Users\aditi\.stmcufinder\plugins\mcufinder/ => C:\Users\aditi\.stmcufinder\plugins\mcufinder
2025-12-15 12:03:21,756 [WARN] DbFile:41 - Overriding database path with different value: C:\Users\aditi\.stmcufinder\plugins\mcufinder/ => C:\Users\aditi\.stmcufinder\plugins\mcufinder
2025-12-15 12:03:21,756 [INFO] CrossReferenceDbSqlite:203 - Set database path to: C:\Users\aditi\.stmcufinder\plugins\mcufinder//mcu/cs/
2025-12-15 12:03:21,767 [INFO] ApplicationProperties:184 - Using Application install path: C:\ST\STM32CubeIDE_1.19.0\STM32CubeIDE\plugins\com.st.stm32cube.common.mx_6.15.0.202507011659
2025-12-15 12:03:21,770 [INFO] PluginManage:196 - Search for loadable plugins [exclusion list=, ]
2025-12-15 12:03:21,770 [INFO] PluginManage:310 - Check plugin analytics
2025-12-15 12:03:21,935 [INFO] AnalyticsPlugin:253 - Accepted Software Licenses: 
2025-12-15 12:03:21,935 [INFO] AnalyticsPlugin:255 - Accepted CMSIS Pack Licenses: 
2025-12-15 12:03:21,935 [INFO] AnalyticsPlugin:257 - Accepted Firmware Licenses: 
2025-12-15 12:03:21,936 [INFO] PluginManage:359 - Loaded plugin analytics (category:tool,tabindex:-1)
2025-12-15 12:03:21,936 [INFO] PluginManage:310 - Check plugin cadmodel
2025-12-15 12:03:21,940 [INFO] CADModel:105 - Init CAD model plugin
2025-12-15 12:03:21,940 [INFO] PluginManage:359 - Loaded plugin cadmodel (category:power,tabindex:5)
2025-12-15 12:03:21,940 [INFO] PluginManage:310 - Check plugin clock
2025-12-15 12:03:21,947 [INFO] PluginManage:359 - Loaded plugin clock (category:base,tabindex:2)
2025-12-15 12:03:21,948 [INFO] PluginManage:310 - Check plugin ddr
2025-12-15 12:03:21,950 [INFO] PluginManage:359 - Loaded plugin ddr (category:tool,tabindex:6)
2025-12-15 12:03:21,950 [INFO] PluginManage:310 - Check plugin filemanager
2025-12-15 12:03:22,053 [INFO] PluginManage:359 - Loaded plugin filemanager (category:base,tabindex:10)
2025-12-15 12:03:22,053 [INFO] PluginManage:310 - Check plugin ipmanager
2025-12-15 12:03:22,058 [INFO] PluginManage:359 - Loaded plugin ipmanager (category:base,tabindex:5)
2025-12-15 12:03:22,058 [INFO] PluginManage:310 - Check plugin lpbam
2025-12-15 12:03:22,064 [INFO] PluginManage:359 - Loaded plugin lpbam (category:base,tabindex:0)
2025-12-15 12:03:22,064 [INFO] PluginManage:310 - Check plugin memorymap
2025-12-15 12:03:22,073 [INFO] PluginManage:359 - Loaded plugin memorymap (category:base,tabindex:4)
2025-12-15 12:03:22,073 [INFO] PluginManage:310 - Check plugin pinoutandconfiguration
2025-12-15 12:03:22,079 [INFO] PluginManage:359 - Loaded plugin pinoutandconfiguration (category:base,tabindex:1)
2025-12-15 12:03:22,079 [INFO] PluginManage:310 - Check plugin pinoutconfig
2025-12-15 12:03:22,147 [WARN] SupportedApi:132 - Cannot load RTOS API schema: s4s-elt-must-match.1: The content of 'definitions' must match (annotation?, (simpleType | complexType)?, (unique | key | keyref)*)). A problem was found starting at: attribute.
2025-12-15 12:03:22,249 [INFO] PluginManage:359 - Loaded plugin pinoutconfig (category:base,tabindex:0)
2025-12-15 12:03:22,249 [INFO] PluginManage:310 - Check plugin power
2025-12-15 12:03:22,255 [INFO] PluginManage:359 - Loaded plugin power (category:power,tabindex:4)
2025-12-15 12:03:22,255 [INFO] PluginManage:310 - Check plugin projectmanager
2025-12-15 12:03:22,269 [INFO] PluginManage:359 - Loaded plugin projectmanager (category:projectmanager,tabindex:4)
2025-12-15 12:03:22,269 [INFO] PluginManage:310 - Check plugin rif
2025-12-15 12:03:22,275 [INFO] PluginManage:359 - Loaded plugin rif (category:base,tabindex:3)
2025-12-15 12:03:22,276 [INFO] PluginManage:310 - Check plugin thirdparty
2025-12-15 12:03:22,359 [INFO] PluginManage:359 - Loaded plugin thirdparty (category:base,tabindex:-1)
2025-12-15 12:03:22,359 [INFO] PluginManage:310 - Check plugin tools
2025-12-15 12:03:22,359 [WARN] IntegrityCheckThread:84 - waiting for thirdparty lock release [integrity check]
2025-12-15 12:03:22,360 [INFO] IntegrityCheckThread:86 - entering critical section [integrity check]
2025-12-15 12:03:22,361 [INFO] ThirdPartyUpdaterWithRetryManager:70 - Updater plugin not ready yet. [1/15]
2025-12-15 12:03:22,369 [INFO] PluginManage:359 - Loaded plugin tools (category:base,tabindex:7)
2025-12-15 12:03:22,369 [INFO] PluginManage:310 - Check plugin tutovideos
2025-12-15 12:03:22,504 [INFO] PluginManage:359 - Loaded plugin tutovideos (category:base,tabindex:-1)
2025-12-15 12:03:22,504 [INFO] PluginManage:310 - Check plugin updater
2025-12-15 12:03:22,524 [INFO] PluginManage:359 - Loaded plugin updater (category:base,tabindex:12)
2025-12-15 12:03:22,524 [INFO] PluginManage:310 - Check plugin userauth
2025-12-15 12:03:22,527 [INFO] UserAuth:118 - Init User Auth plugin
2025-12-15 12:03:22,528 [INFO] PluginManage:359 - Loaded plugin userauth (category:base,tabindex:14)
2025-12-15 12:03:22,528 [INFO] PluginManage:283 - PluginManage : Loaded plugins [18]
2025-12-15 12:03:22,671 [INFO] PinOutPanel:1589 - setPackage(No Configuration,No Configuration)
2025-12-15 12:03:22,731 [INFO] CADModel:165 - CPN selected for project level
2025-12-15 12:03:22,732 [INFO] CADModel:114 - Register for checkConnection events
2025-12-15 12:03:22,746 [INFO] IPUIPlugin:80 - create IPUIPlugin
2025-12-15 12:03:22,747 [INFO] PluginManager:220 - loadIPPluginJar : add adc
2025-12-15 12:03:22,750 [INFO] IPUIPlugin:80 - create IPUIPlugin
2025-12-15 12:03:22,750 [INFO] PluginManager:220 - loadIPPluginJar : add aes
2025-12-15 12:03:22,752 [INFO] IPUIPlugin:80 - create IPUIPlugin
2025-12-15 12:03:22,752 [INFO] PluginManager:220 - loadIPPluginJar : add can
2025-12-15 12:03:22,754 [INFO] IPUIPlugin:80 - create IPUIPlugin
2025-12-15 12:03:22,754 [INFO] PluginManager:220 - loadIPPluginJar : add comp
2025-12-15 12:03:22,756 [INFO] IPUIPlugin:80 - create IPUIPlugin
2025-12-15 12:03:22,756 [INFO] PluginManager:220 - loadIPPluginJar : add cryp
2025-12-15 12:03:22,759 [INFO] IPUIPlugin:80 - create IPUIPlugin
2025-12-15 12:03:22,759 [INFO] PluginManager:220 - loadIPPluginJar : add ddr_ctrl_phy
2025-12-15 12:03:22,761 [INFO] IPUIPlugin:80 - create IPUIPlugin
2025-12-15 12:03:22,761 [INFO] PluginManager:220 - loadIPPluginJar : add dfsdm
2025-12-15 12:03:22,766 [INFO] IPUIPlugin:80 - create IPUIPlugin
2025-12-15 12:03:22,766 [INFO] PluginManager:220 - loadIPPluginJar : add dma
2025-12-15 12:03:22,769 [INFO] IPUIPlugin:80 - create IPUIPlugin
2025-12-15 12:03:22,769 [INFO] PluginManager:220 - loadIPPluginJar : add dma3
2025-12-15 12:03:22,771 [INFO] IPUIPlugin:80 - create IPUIPlugin
2025-12-15 12:03:22,772 [INFO] PluginManager:220 - loadIPPluginJar : add extmemmanager
2025-12-15 12:03:22,773 [INFO] IPUIPlugin:80 - create IPUIPlugin
2025-12-15 12:03:22,773 [INFO] PluginManager:220 - loadIPPluginJar : add fatfs
2025-12-15 12:03:22,778 [INFO] IPUIPlugin:80 - create IPUIPlugin
2025-12-15 12:03:22,778 [INFO] PluginManager:220 - loadIPPluginJar : add fmc
2025-12-15 12:03:22,783 [INFO] IPUIPlugin:80 - create IPUIPlugin
2025-12-15 12:03:22,783 [INFO] PluginManager:220 - loadIPPluginJar : add freertos
2025-12-15 12:03:22,784 [INFO] IPUIPlugin:80 - create IPUIPlugin
2025-12-15 12:03:22,784 [INFO] PluginManager:220 - loadIPPluginJar : add genericplugin
2025-12-15 12:03:22,786 [INFO] IPUIPlugin:80 - create IPUIPlugin
2025-12-15 12:03:22,786 [INFO] PluginManager:220 - loadIPPluginJar : add gfxmmu
2025-12-15 12:03:22,789 [INFO] IPUIPlugin:80 - create IPUIPlugin
2025-12-15 12:03:22,790 [INFO] PluginManager:220 - loadIPPluginJar : add gic
2025-12-15 12:03:22,793 [INFO] IPUIPlugin:80 - create IPUIPlugin
2025-12-15 12:03:22,793 [INFO] PluginManager:220 - loadIPPluginJar : add gpio
2025-12-15 12:03:22,795 [INFO] IPUIPlugin:80 - create IPUIPlugin
2025-12-15 12:03:22,795 [INFO] PluginManager:220 - loadIPPluginJar : add gtzc
2025-12-15 12:03:22,797 [INFO] IPUIPlugin:80 - create IPUIPlugin
2025-12-15 12:03:22,797 [INFO] PluginManager:220 - loadIPPluginJar : add hash
2025-12-15 12:03:22,799 [INFO] IPUIPlugin:80 - create IPUIPlugin
2025-12-15 12:03:22,800 [INFO] PluginManager:220 - loadIPPluginJar : add i2c
2025-12-15 12:03:22,801 [INFO] IPUIPlugin:80 - create IPUIPlugin
2025-12-15 12:03:22,802 [INFO] PluginManager:220 - loadIPPluginJar : add i2s
2025-12-15 12:03:22,805 [INFO] IPUIPlugin:80 - create IPUIPlugin
2025-12-15 12:03:22,805 [INFO] PluginManager:220 - loadIPPluginJar : add i3c
2025-12-15 12:03:22,807 [INFO] IPUIPlugin:80 - create IPUIPlugin
2025-12-15 12:03:22,808 [INFO] PluginManager:220 - loadIPPluginJar : add ipddr
2025-12-15 12:03:22,814 [INFO] IPUIPlugin:80 - create IPUIPlugin
2025-12-15 12:03:22,814 [INFO] PluginManager:220 - loadIPPluginJar : add linkedlist
2025-12-15 12:03:22,817 [INFO] IPUIPlugin:80 - create IPUIPlugin
2025-12-15 12:03:22,817 [INFO] PluginManager:220 - loadIPPluginJar : add lorawan
2025-12-15 12:03:22,818 [INFO] IPUIPlugin:80 - create IPUIPlugin
2025-12-15 12:03:22,818 [INFO] PluginManager:220 - loadIPPluginJar : add ltdc
2025-12-15 12:03:22,822 [INFO] IPUIPlugin:80 - create IPUIPlugin
2025-12-15 12:03:22,823 [INFO] PluginManager:220 - loadIPPluginJar : add mdma
2025-12-15 12:03:22,826 [INFO] IPUIPlugin:80 - create IPUIPlugin
2025-12-15 12:03:22,826 [INFO] PluginManager:220 - loadIPPluginJar : add nvic
2025-12-15 12:03:22,829 [INFO] IPUIPlugin:80 - create IPUIPlugin
2025-12-15 12:03:22,829 [INFO] PluginManager:220 - loadIPPluginJar : add opamp
2025-12-15 12:03:22,831 [INFO] IPUIPlugin:80 - create IPUIPlugin
2025-12-15 12:03:22,831 [INFO] PluginManager:220 - loadIPPluginJar : add openamp
2025-12-15 12:03:22,835 [INFO] IPUIPlugin:80 - create IPUIPlugin
2025-12-15 12:03:22,836 [INFO] PluginManager:220 - loadIPPluginJar : add pdm2pcm
2025-12-15 12:03:22,840 [INFO] IPUIPlugin:80 - create IPUIPlugin
2025-12-15 12:03:22,842 [INFO] PluginManager:220 - loadIPPluginJar : add plateformsettings
2025-12-15 12:03:22,843 [INFO] IPUIPlugin:80 - create IPUIPlugin
2025-12-15 12:03:22,843 [INFO] PluginManager:220 - loadIPPluginJar : add quadspi
2025-12-15 12:03:22,844 [INFO] IPUIPlugin:80 - create IPUIPlugin
2025-12-15 12:03:22,845 [INFO] PluginManager:220 - loadIPPluginJar : add radio
2025-12-15 12:03:22,847 [INFO] IPUIPlugin:80 - create IPUIPlugin
2025-12-15 12:03:22,847 [INFO] PluginManager:220 - loadIPPluginJar : add resmgrutility
2025-12-15 12:03:22,849 [INFO] IPUIPlugin:80 - create IPUIPlugin
2025-12-15 12:03:22,849 [INFO] PluginManager:220 - loadIPPluginJar : add sai
2025-12-15 12:03:22,850 [INFO] IPUIPlugin:80 - create IPUIPlugin
2025-12-15 12:03:22,851 [INFO] PluginManager:220 - loadIPPluginJar : add spi
2025-12-15 12:03:22,855 [INFO] IPUIPlugin:80 - create IPUIPlugin
2025-12-15 12:03:22,855 [INFO] PluginManager:220 - loadIPPluginJar : add stm32_wpan
2025-12-15 12:03:22,857 [INFO] IPUIPlugin:80 - create IPUIPlugin
2025-12-15 12:03:22,857 [INFO] PluginManager:220 - loadIPPluginJar : add tim
2025-12-15 12:03:22,859 [INFO] IPUIPlugin:80 - create IPUIPlugin
2025-12-15 12:03:22,860 [INFO] PluginManager:220 - loadIPPluginJar : add touchsensing
2025-12-15 12:03:22,861 [INFO] IPUIPlugin:80 - create IPUIPlugin
2025-12-15 12:03:22,862 [INFO] PluginManager:220 - loadIPPluginJar : add tracer_emb
2025-12-15 12:03:22,863 [INFO] IPUIPlugin:80 - create IPUIPlugin
2025-12-15 12:03:22,863 [INFO] PluginManager:220 - loadIPPluginJar : add ts
2025-12-15 12:03:22,864 [INFO] IPUIPlugin:80 - create IPUIPlugin
2025-12-15 12:03:22,864 [INFO] PluginManager:220 - loadIPPluginJar : add tsc
2025-12-15 12:03:22,865 [INFO] IPUIPlugin:80 - create IPUIPlugin
2025-12-15 12:03:22,866 [INFO] PluginManager:220 - loadIPPluginJar : add ucpd
2025-12-15 12:03:22,867 [INFO] IPUIPlugin:80 - create IPUIPlugin
2025-12-15 12:03:22,867 [INFO] PluginManager:220 - loadIPPluginJar : add usart
2025-12-15 12:03:22,869 [INFO] IPUIPlugin:80 - create IPUIPlugin
2025-12-15 12:03:22,870 [INFO] PluginManager:220 - loadIPPluginJar : add usbx
2025-12-15 12:03:22,979 [FATAL] Updater:351 - Updater called before beeing initialized
2025-12-15 12:03:23,026 [INFO] RulesReader:64 - Compatibility file has been processed (317 Rules)
2025-12-15 12:03:23,035 [INFO] RulesReader:64 - Compatibility file has been processed (317 Rules)
2025-12-15 12:03:23,059 [INFO] CADModel:165 - CPN selected for project level
2025-12-15 12:03:23,059 [INFO] CADModel:114 - Register for checkConnection events
2025-12-15 12:03:23,059 [FATAL] Updater:351 - Updater called before beeing initialized
2025-12-15 12:03:23,059 [ERROR] CADModel:125 - Updater not yet initialized, retry later 
2025-12-15 12:03:23,160 [FATAL] Updater:351 - Updater called before beeing initialized
2025-12-15 12:03:23,161 [INFO] CADModel:165 - CPN selected for project level
2025-12-15 12:03:23,161 [INFO] CADModel:114 - Register for checkConnection events
2025-12-15 12:03:23,161 [FATAL] Updater:351 - Updater called before beeing initialized
2025-12-15 12:03:23,161 [ERROR] CADModel:125 - Updater not yet initialized, retry later 
2025-12-15 12:03:23,164 [FATAL] Updater:351 - Updater called before beeing initialized
2025-12-15 12:03:23,240 [FATAL] Updater:351 - Updater called before beeing initialized
2025-12-15 12:03:23,243 [INFO] DbMcusAds:53 - JSON generation date=Mon Dec 08 19:58:09 IST 2025 (1765204089998)
2025-12-15 12:03:23,243 [FATAL] Updater:351 - Updater called before beeing initialized
2025-12-15 12:03:23,264 [WARN] DetailPanel:346 - Failed to get advertising image, set to default
2025-12-15 12:03:23,323 [FATAL] Updater:351 - Updater called before beeing initialized
2025-12-15 12:03:23,325 [FATAL] Updater:351 - Updater called before beeing initialized
2025-12-15 12:03:23,325 [FATAL] Updater:351 - Updater called before beeing initialized
2025-12-15 12:03:23,325 [WARN] DetailPanel:346 - Failed to get advertising image, set to default
2025-12-15 12:03:23,326 [FATAL] Updater:351 - Updater called before beeing initialized
2025-12-15 12:03:23,353 [ERROR] Updater:1198 - MainUpdater not yet initialized. External WinMGr cannot be set.
2025-12-15 12:03:23,354 [INFO] Updater:1134 - Updater Version found : 6.15.0
2025-12-15 12:03:23,365 [INFO] ApplicationProperties:184 - Using Application install path: C:\ST\STM32CubeIDE_1.19.0\STM32CubeIDE\plugins\com.st.stm32cube.common.mx_6.15.0.202507011659
2025-12-15 12:03:24,936 [ERROR] LogOutputStream:75 - [STDERR_REDIRECT] Dec 15, 2025 12:03:24 PM java.util.prefs.WindowsPreferences <init>
2025-12-15 12:03:24,937 [ERROR] LogOutputStream:75 - [STDERR_REDIRECT] WARNING: Could not open/create prefs root node Software\JavaSoft\Prefs at root 0xffffffff80000002. Windows RegCreateKeyEx(...) returned error code 5.
2025-12-15 12:03:24,938 [ERROR] LogOutputStream:75 - [STDERR_REDIRECT] 
2025-12-15 12:03:25,362 [INFO] ThirdPartyUpdaterWithRetryManager:70 - Updater plugin not ready yet. [2/15]
2025-12-15 12:03:25,711 [INFO] MainUpdater:2872 - connection check result : 10
2025-12-15 12:03:25,712 [INFO] MainUpdater:289 - Updater Check For Update Now.
2025-12-15 12:03:25,712 [INFO] MicroXplorer:498 - Change Database Version : DB.6.0.150
2025-12-15 12:03:25,716 [INFO] McuFinderGlobals:63 - Set McuFinder mode to 2 (CubeIDE integrated)
2025-12-15 12:03:25,716 [INFO] UserAuth:171 - activating auth plugin
2025-12-15 12:03:25,720 [INFO] UserAuth:487 - Internet connection configuration mode: 1
2025-12-15 12:03:25,759 [INFO] JxBrowserEngine:152 - Initiate JxBrowser Engine with user profile folder
2025-12-15 12:03:25,883 [INFO] CheckServerUpdateThread:120 - End of CheckServer Thread
2025-12-15 12:03:26,424 [INFO] WebApp:169 - Instantiating new browser for Auth
2025-12-15 12:03:26,921 [INFO] WebApp:463 - Apply proxy settings
2025-12-15 12:03:26,921 [INFO] WebApp:548 - Chromium requires no authentication
2025-12-15 12:03:26,928 [INFO] WebApp:491 - Direct internet connection detected
2025-12-15 12:03:26,946 [INFO] WebApp:900 - Register for checkConnection events
2025-12-15 12:03:26,946 [INFO] WebApp:463 - Apply proxy settings
2025-12-15 12:03:26,946 [INFO] WebApp:548 - Chromium requires no authentication
2025-12-15 12:03:26,946 [INFO] WebApp:491 - Direct internet connection detected
2025-12-15 12:03:27,057 [INFO] WebApp:225 - Starting web application
2025-12-15 12:03:27,057 [INFO] WebApp:593 - Web application path used C:\ST\STM32CubeIDE_1.19.0\STM32CubeIDE\plugins\com.st.stm32cube.common.mx_6.15.0.202507011659\db\plugins\mcufinder\reactClient1\index.html
2025-12-15 12:03:28,042 [INFO] WebApp:191 - Connection restablished
2025-12-15 12:03:28,556 [WARN] PackLoader:240 - Cannot read IP mode file for STMicroelectronics.FP-SNS-MOTENVWB1.1.4.0
2025-12-15 12:03:28,563 [WARN] PackLoader:240 - Cannot read IP mode file for STMicroelectronics.FP-ATR-ASTRA1.2.0.2
2025-12-15 12:03:28,573 [WARN] PackLoader:240 - Cannot read IP mode file for STMicroelectronics.X-CUBE-SMBUS.2.1.0
2025-12-15 12:03:28,596 [WARN] PackLoader:240 - Cannot read IP mode file for STMicroelectronics.X-CUBE-AZRTOS-F7.1.1.0
2025-12-15 12:03:28,612 [WARN] PackLoader:240 - Cannot read IP mode file for STMicroelectronics.X-CUBE-DISPLAY.3.0.0
2025-12-15 12:03:28,631 [WARN] PackLoader:240 - Cannot read IP mode file for STMicroelectronics.X-CUBE-NFC10.1.0.0
2025-12-15 12:03:28,638 [WARN] PackLoader:240 - Cannot read IP mode file for STMicroelectronics.FP-SNS-SMARTAG2.1.2.0
2025-12-15 12:03:28,646 [WARN] PackLoader:240 - Cannot read IP mode file for STMicroelectronics.FP-SNS-FLIGHT1.5.1.0
2025-12-15 12:03:28,661 [INFO] LogOutputStream:77 - [STDOUT_REDIRECT] 1 : Invalid condition id : UX_CORESTACK_Condition cause : null
2025-12-15 12:03:28,663 [INFO] LogOutputStream:77 - [STDOUT_REDIRECT] 1 : Invalid condition id : UX_CORESTACK_Condition cause : null
2025-12-15 12:03:28,665 [INFO] LogOutputStream:77 - [STDOUT_REDIRECT] 1 : Invalid condition id : UX_CORESTACK_Condition cause : null
2025-12-15 12:03:28,667 [INFO] LogOutputStream:77 - [STDOUT_REDIRECT] 1 : Invalid condition id : UX_CORESTACK_Condition cause : null
2025-12-15 12:03:28,668 [INFO] LogOutputStream:77 - [STDOUT_REDIRECT] 1 : Invalid condition id : UX_CORESTACK_Condition cause : null
2025-12-15 12:03:28,673 [WARN] PackLoader:240 - Cannot read IP mode file for STMicroelectronics.X-CUBE-AZRTOS-WL.2.0.0
2025-12-15 12:03:28,684 [WARN] PackLoader:240 - Cannot read IP mode file for STMicroelectronics.X-CUBE-BLE2.3.3.0
2025-12-15 12:03:28,701 [WARN] PackLoader:240 - Cannot read IP mode file for STMicroelectronics.X-CUBE-NFC9.1.0.0
2025-12-15 12:03:28,710 [WARN] PackLoader:240 - Cannot read IP mode file for STMicroelectronics.X-CUBE-BLE1.7.1.0
2025-12-15 12:03:28,735 [WARN] PackLoader:240 - Cannot read IP mode file for STMicroelectronics.X-CUBE-AZRTOS-G0.1.1.0
2025-12-15 12:03:28,751 [WARN] PackLoader:240 - Cannot read IP mode file for STMicroelectronics.X-CUBE-NFC4.3.0.0
2025-12-15 12:03:28,764 [WARN] PackLoader:240 - Cannot read IP mode file for STMicroelectronics.X-CUBE-WB05N.2.0.0
2025-12-15 12:03:28,775 [WARN] PackLoader:240 - Cannot read IP mode file for STMicroelectronics.X-CUBE-TCPP.4.2.0
2025-12-15 12:03:28,786 [WARN] PackLoader:240 - Cannot read IP mode file for STMicroelectronics.FP-ATR-SIGFOX1.3.2.0
2025-12-15 12:03:28,800 [WARN] PackLoader:240 - Cannot read IP mode file for STMicroelectronics.X-CUBE-ALGOBUILD.1.4.0
2025-12-15 12:03:28,809 [WARN] PackLoader:240 - Cannot read IP mode file for STMicroelectronics.X-CUBE-PM33A1.1.0.0
2025-12-15 12:03:28,833 [WARN] PackLoader:240 - Cannot read IP mode file for STMicroelectronics.X-CUBE-AZRTOS-F4.1.1.0
2025-12-15 12:03:28,843 [WARN] PackLoader:240 - Cannot read IP mode file for STMicroelectronics.X-CUBE-ISPU.2.1.0
2025-12-15 12:03:28,885 [WARN] PackLoader:240 - Cannot read IP mode file for STMicroelectronics.X-CUBE-AZRTOS-L5.2.0.0
2025-12-15 12:03:28,900 [WARN] PackLoader:240 - Cannot read IP mode file for STMicroelectronics.X-CUBE-NFC6.3.1.0
2025-12-15 12:03:28,914 [WARN] PackLoader:240 - Cannot read IP mode file for STMicroelectronics.X-CUBE-DPower.1.3.0
2025-12-15 12:03:28,934 [WARN] ConditionMgr:438 - getConditionDescription Invalid condition id : LAN8742 Phy interface Condition cause : null
2025-12-15 12:03:28,935 [WARN] PackLoader:240 - Cannot read IP mode file for STMicroelectronics.X-CUBE-AZRTOS-L4.2.0.0
2025-12-15 12:03:28,936 [WARN] ConditionMgr:1044 - genDependencies : Invalid condition id : LAN8742 Phy interface Condition cause : null
2025-12-15 12:03:28,936 [WARN] ConditionMgr:1044 - genDependencies : Invalid condition id : LAN8742 Phy interface Condition cause : null
2025-12-15 12:03:28,936 [WARN] ConditionMgr:1044 - genDependencies : Invalid condition id : LAN8742 Phy interface Condition cause : null
2025-12-15 12:03:28,946 [WARN] PackLoader:240 - Cannot read IP mode file for STMicroelectronics.X-CUBE-SFXS2LP1.4.0.0
2025-12-15 12:03:28,957 [WARN] ConditionMgr:438 - getConditionDescription Invalid condition id : UX DEVICE CLASS RTOS Condition cause : null
2025-12-15 12:03:28,957 [WARN] ConditionMgr:438 - getConditionDescription Invalid condition id : UX DEVICE CLASS RTOS Condition cause : null
2025-12-15 12:03:28,959 [WARN] PackLoader:240 - Cannot read IP mode file for STMicroelectronics.X-CUBE-AZRTOS-WB.2.0.0
2025-12-15 12:03:28,959 [WARN] ConditionMgr:1044 - genDependencies : Invalid condition id : UX DEVICE CLASS RTOS Condition cause : null
2025-12-15 12:03:28,959 [WARN] ConditionMgr:1044 - genDependencies : Invalid condition id : UX DEVICE CLASS RTOS Condition cause : null
2025-12-15 12:03:28,960 [WARN] ConditionMgr:1044 - genDependencies : Invalid condition id : UX DEVICE CLASS RTOS Condition cause : null
2025-12-15 12:03:28,960 [WARN] ConditionMgr:1044 - genDependencies : Invalid condition id : UX DEVICE CLASS RTOS Condition cause : null
2025-12-15 12:03:28,960 [WARN] ConditionMgr:1044 - genDependencies : Invalid condition id : UX DEVICE CLASS RTOS Condition cause : null
2025-12-15 12:03:28,972 [WARN] PackLoader:240 - Cannot read IP mode file for STMicroelectronics.X-CUBE-SUBG2.5.0.0
2025-12-15 12:03:28,989 [WARN] PackLoader:240 - Cannot read IP mode file for STMicroelectronics.X-CUBE-AZRTOS-G4.2.0.0
2025-12-15 12:03:28,995 [WARN] PackLoader:240 - Cannot read IP mode file for STMicroelectronics.X-CUBE-NFC7.2.0.0
2025-12-15 12:03:29,002 [WARN] PackLoader:240 - Cannot read IP mode file for STMicroelectronics.X-CUBE-ALS.1.0.2
2025-12-15 12:03:29,010 [WARN] PackLoader:240 - Cannot read IP mode file for STMicroelectronics.X-CUBE-TOF1.3.4.3
2025-12-15 12:03:29,019 [INFO] ThirdParty:978 - Integrity check success = true
2025-12-15 12:03:29,020 [INFO] IntegrityCheckThread:100 - exiting critical section [integrity check]
2025-12-15 12:03:29,020 [INFO] IntegrityCheckThread:103 - End integrity checks thread
2025-12-15 12:03:36,138 [INFO] McuFinderGlobals:63 - Set McuFinder mode to 2 (CubeIDE integrated)
2025-12-15 12:03:36,140 [INFO] MainUpdater:2872 - connection check result : 10
2025-12-15 12:03:36,792 [INFO] ApiDb:581 - Connected to CubeFinder SQLite database (C:\Users\aditi\.stmcufinder\plugins\mcufinder\mcu\cube-finder-db.db)
2025-12-15 12:03:36,856 [INFO] ApiDb:668 - CubeFinder database Data Model version=2.1
2025-12-15 12:03:36,856 [INFO] ApiDb:669 - CubeFinder database Configuration version=3.0.39
2025-12-15 12:03:36,856 [INFO] ApiDb:670 - CubeFinder database generation date=2025-11-05 (1762334721)
2025-12-15 12:03:36,856 [INFO] ApiDb:671 - CubeFinder database FW Pack versions=[FP-ATR-ASTRA1_V2.0.0, FP-SNS-FLIGHT1_V5.1.0, FP-SNS-MOTENV1_V5.1.0, FP-SNS-MOTENVWB1_V1.4.0, FP-SNS-SMARTAG2_V1.2.0, FP-SNS-STBOX1_V2.1.0, STM32Cube_FW_C0_V1.4.0, STM32Cube_FW_F4_V1.28.3, STM32Cube_FW_F7_V1.17.4, STM32Cube_FW_G0_V1.6.2, STM32Cube_FW_G4_V1.6.1, STM32Cube_FW_H5_V1.5.1, STM32Cube_FW_H7RS_V1.3.0, STM32Cube_FW_H7_V1.12.1, STM32Cube_FW_L0_V1.12.2, STM32Cube_FW_L4_V1.18.1, STM32Cube_FW_L5_V1.6.0, STM32Cube_FW_N6_V1.3.0, STM32Cube_FW_U0_V1.3.0, STM32Cube_FW_U3_V1.2.1, STM32Cube_FW_U5_V1.8.0, STM32Cube_FW_WB0_V1.4.0, STM32Cube_FW_WBA_V1.8.0, STM32Cube_FW_WB_V1.24.0, STM32Cube_FW_WL3_V1.3.0, STM32Cube_FW_WL_V1.4.0, X-CUBE-ALGOBUILD_V1.4.0, X-CUBE-ALS_V1.0.2, X-CUBE-AZRTOS-F4_V1.1.0, X-CUBE-AZRTOS-F7_V1.1.0, X-CUBE-AZRTOS-G0_V1.1.0, X-CUBE-AZRTOS-G4_V2.0.0, X-CUBE-AZRTOS-H7RS_V1.1.0, X-CUBE-AZRTOS-H7_V3.4.0, X-CUBE-AZRTOS-L4_V2.0.0, X-CUBE-AZRTOS-L5_V2.0.0, X-CUBE-AZRTOS-WB_V2.0.0, X-CUBE-AZRTOS-WL_V2.0.0, X-CUBE-BLE1_V7.1.0, X-CUBE-BLE2_V3.3.0, X-CUBE-BLEMGR_V4.1.0, X-CUBE-EEPRMA1_V5.2.0, X-CUBE-FREERTOS_V1.3.1, X-CUBE-GNSS1_V6.0.0, X-CUBE-MEMS1_V11.3.0, X-CUBE-NFC4_V3.0.0, X-CUBE-NFC7_V2.0.0, X-CUBE-SFXS2LP1_V4.0.0, X-CUBE-ST67W61_V1.1.0, X-CUBE-SUBG2_V5.0.0, X-CUBE-TOF1_V3.4.3]
2025-12-15 12:03:38,240 [INFO] ApiDb:240 - Found 880 in-development CPN: [B-G473E-ZEST1S, B-WB1M-WPAN1, B-WBA5M-WPAN, B-WL5M-SUBG1, NUCLEO-C031C6, NUCLEO-C051C8, NUCLEO-C071RB, NUCLEO-C092RC, NUCLEO-H503RB, NUCLEO-H533RE, NUCLEO-H563ZI, NUCLEO-H7S3L8, NUCLEO-N657X0-Q, NUCLEO-U031R8, NUCLEO-U083RC, NUCLEO-U385RG-Q, NUCLEO-U545RE-Q, NUCLEO-U5A5ZJ-Q, NUCLEO-WB05KZ, NUCLEO-WB07CC, NUCLEO-WB09KE, NUCLEO-WBA52CG, NUCLEO-WBA55CG, NUCLEO-WL33CC1, NUCLEO-WL33CC2, STEVAL-PROTEUS1, STEVAL-SMARTAG2, STEVAL-STWINBX1, STM320518-EVAL, STM32C0116-DK, STM32C011D6Y3TR, STM32C011D6Y6TR, STM32C011F4P3, STM32C011F4P6, STM32C011F4U3, STM32C011F4U6TR, STM32C011F6P3, STM32C011F6P6, STM32C011F6U3, STM32C011F6U6TR, STM32C011J4M3, STM32C011J4M6, STM32C011J6M3, STM32C011J6M6, STM32C0316-DK, STM32C031C4T3, STM32C031C4T6, STM32C031C4U3, STM32C031C4U6, STM32C031C6T3, STM32C031C6T6, STM32C031C6U3, STM32C031C6U6, STM32C031F4P3, STM32C031F4P6, STM32C031F6P3, STM32C031F6P6, STM32C031G4U3, STM32C031G4U6, STM32C031G6U3, STM32C031G6U6, STM32C031K4T3, STM32C031K4T6, STM32C031K4U3, STM32C031K4U6, STM32C031K6T3, STM32C031K6T6, STM32C031K6U3, STM32C031K6U6, STM32C051C6T6, STM32C051C6U6, STM32C051C8T6, STM32C051C8U6, STM32C051D8Y6TR, STM32C051F6P6, STM32C051F8P6, STM32C051G6U6, STM32C051G8U6, STM32C051K6T6, STM32C051K6U6, STM32C051K8T6, STM32C071C8T6, STM32C071C8T6N, STM32C071C8U6, STM32C071C8U6N, STM32C071CBT6, STM32C071CBT6N, STM32C071CBU6, STM32C071CBU6N, STM32C071F8P6, STM32C071F8P6N, STM32C071FBP6, STM32C071FBP6N, STM32C071FBY6TR, STM32C071G8U6, STM32C071G8U6N, STM32C071GBU6, STM32C071GBU6N, STM32C071K8T6, STM32C071K8T6N, STM32C071K8U6, STM32C071K8U6N, STM32C071KBT6, STM32C071KBT6N, STM32C071KBU6, STM32C071KBU6N, STM32C071R8T6, STM32C071R8T6N, STM32C071RBI6N, STM32C071RBT6, STM32C071RBT6N, STM32C091CBT6, STM32C091CBU6, STM32C091CCT6, STM32C091CCU6, STM32C091ECY6TR, STM32C091FBP6, STM32C091FCP6, STM32C091GBU6, STM32C091GCU6, STM32C091KBT6, STM32C091KBU6, STM32C091KCT6, STM32C091KCU6, STM32C091RBT6, STM32C091RCI6, STM32C091RCT6, STM32C092CBT6, STM32C092CBU6, STM32C092CCT6, STM32C092CCU6, STM32C092ECY6TR, STM32C092FBP6, STM32C092FCP6, STM32C092GBU6, STM32C092GCU6, STM32C092KBT6, STM32C092KBU6, STM32C092KCT6, STM32C092KCU6, STM32C092RBT6, STM32C092RCI6, STM32C092RCT6, STM32G071K8TXN, STM32G071K8UXN, STM32G081GBU6N, STM32G081KBT6N, STM32G081KBUXN, STM32G0B1CCT6N, STM32G0B1KCT6, STM32G0B1NEY6TR, STM32G0B1RCT6N, STM32G0C1CCT6, STM32G0C1CCT6N, STM32G0C1CCU6N, STM32G0C1CET6N, STM32G0C1CEU6N, STM32G0C1KCT6, STM32G0C1NEY6TR, STM32G0C1RCI6N, STM32G0C1RCT6N, STM32G0C1REI6N, STM32G0C1RET6N, STM32G0C1VCI6, STM32G0C1VEI6, STM32G411C6T3, STM32G411C6T6, STM32G411C6U3, STM32G411C6U6, STM32G411C8T3, STM32G411C8T6, STM32G411C8U3, STM32G411C8U6, STM32G411CBT3, STM32G411CBT6, STM32G411CBU3, STM32G411CBU6, STM32G411K6T3, STM32G411K6T6, STM32G411K6U3, STM32G411K6U6, STM32G411K8T3, STM32G411K8T6, STM32G411K8U3, STM32G411K8U6, STM32G411KBT3, STM32G411KBT6, STM32G411KBU3, STM32G411KBU6, STM32G411M6T3, STM32G411M6T6, STM32G411M8T3, STM32G411M8T6, STM32G411MBT3, STM32G411MBT6, STM32G411R6T3, STM32G411R6T6, STM32G411R8T3, STM32G411R8T6, STM32G411RBT3, STM32G411RBT6, STM32G414CBT3, STM32G414CBT6, STM32G414CBU3, STM32G414CBU6, STM32G414CCT3, STM32G414CCT6, STM32G414CCU3, STM32G414CCU6, STM32G414MBT3, STM32G414MBT6, STM32G414MCT3, STM32G414MCT6, STM32G414RBT3, STM32G414RBT6, STM32G414RCT3, STM32G414RCT6, STM32G414VBT3, STM32G414VBT6, STM32G414VCT3, STM32G414VCT6, STM32G431CBT3Z, STM32G431RBT3Z, STM32G471CCT6, STM32G471CCU6, STM32G471CET3, STM32G471CET6, STM32G471CEU3, STM32G471CEU6, STM32G471MCT6, STM32G471MET3, STM32G471MET6, STM32G471MEY6TR, STM32G471QCT6, STM32G471QET3, STM32G471RCT6, STM32G471RET3, STM32G471RET6, STM32G471VCH6, STM32G471VCI6, STM32G471VCT6, STM32G471VEH3, STM32G471VEH6, STM32G471VEI3, STM32G471VEI6, STM32G471VET3, STM32G471VET6, STM32G473QET3Z, STM32G473RET3Z, STM32G474CCT6, STM32G491RET3Z, STM32H503CBT6, STM32H503CBU6, STM32H503EBY6TR, STM32H503KBU6, STM32H503RBT6, STM32H523CCT6, STM32H523CCU6, STM32H523CET6, STM32H523CEU6, STM32H523HEY6TR, STM32H523RCT6, STM32H523RET6, STM32H523VCI6, STM32H523VCT6, STM32H523VEI6, STM32H523VET6, STM32H523ZCJ6, STM32H523ZCT6, STM32H523ZEJ6, STM32H523ZET6, STM32H533CET6, STM32H533CEU6, STM32H533HEY6TR, STM32H533RET6, STM32H533VEI6, STM32H533VET6, STM32H533ZEJ6, STM32H533ZET6, STM32H562AGI6, STM32H562AII6, STM32H562IGK6, STM32H562IGT6, STM32H562IIK6, STM32H562IIT6, STM32H562RGT6, STM32H562RGV6, STM32H562RIT6, STM32H562RIV6, STM32H562VGT6, STM32H562VIT6, STM32H562ZGT6, STM32H562ZIT6, STM32H563AGI6, STM32H563AII3Q, STM32H563AII6, STM32H563IGK6, STM32H563IGT6, STM32H563IIK3Q, STM32H563IIK6, STM32H563IIT3Q, STM32H563IIT6, STM32H563MIY3QTR, STM32H563RGT6, STM32H563RGV6, STM32H563RIT6, STM32H563RIV6, STM32H563VGT6, STM32H563VIT3Q, STM32H563VIT6, STM32H563ZGT6, STM32H563ZIT3Q, STM32H563ZIT6, STM32H573AII3Q, STM32H573AII6, STM32H573I-DK, STM32H573IIK3Q, STM32H573IIK6, STM32H573IIT3Q, STM32H573IIT6, STM32H573MIY3QTR, STM32H573RIT6, STM32H573RIV6, STM32H573VIT3Q, STM32H573VIT6, STM32H573ZIT3Q, STM32H573ZIT6, STM32H7R3A8I6, STM32H7R3I8K6, STM32H7R3I8T6, STM32H7R3L8H6, STM32H7R3L8H6H, STM32H7R3R8V6, STM32H7R3V8H6, STM32H7R3V8T6, STM32H7R3V8Y6TR, STM32H7R3Z8J6, STM32H7R3Z8T6, STM32H7R7A8I6, STM32H7R7I8K6, STM32H7R7I8T6, STM32H7R7L8H6, STM32H7R7L8H6H, STM32H7R7Z8J6, STM32H7S3A8I6, STM32H7S3I8K6, STM32H7S3I8T6, STM32H7S3L8H6, STM32H7S3L8H6H, STM32H7S3R8V6, STM32H7S3V8H6, STM32H7S3V8T6, STM32H7S3V8Y6TR, STM32H7S3Z8J6, STM32H7S3Z8T6, STM32H7S78-DK, STM32H7S7A8I6, STM32H7S7I8K6, STM32H7S7I8T6, STM32H7S7L8H6, STM32H7S7L8H6H, STM32H7S7Z8J6, STM32L4R5QGI6STR, STM32MP131AAE3, STM32MP131AAF3, STM32MP131AAG3, STM32MP131CAE3, STM32MP131CAF3, STM32MP131CAG3, STM32MP131DAE7, STM32MP131DAF7, STM32MP131DAG7, STM32MP131FAE7, STM32MP131FAF7, STM32MP131FAG7, STM32MP133AAE3, STM32MP133AAF3, STM32MP133AAG3, STM32MP133CAE3, STM32MP133CAF3, STM32MP133CAG3, STM32MP133DAE7, STM32MP133DAF7, STM32MP133DAG7, STM32MP133FAE7, STM32MP133FAF7, STM32MP133FAG7, STM32MP135AAE3, STM32MP135AAF3, STM32MP135AAG3, STM32MP135CAE3, STM32MP135CAF3, STM32MP135CAG3, STM32MP135DAE7, STM32MP135DAF7, STM32MP135DAG7, STM32MP135F-DK, STM32MP135FAE7, STM32MP135FAF7, STM32MP135FAF7T, STM32MP135FAF7U, STM32MP135FAG7, STM32MP211AAL3, STM32MP211AAM3, STM32MP211AAN3, STM32MP211AAO3, STM32MP211CAL3, STM32MP211CAM3, STM32MP211CAN3, STM32MP211CAO3, STM32MP211DAL3, STM32MP211DAM3, STM32MP211DAN3, STM32MP211DAO3, STM32MP211FAL3, STM32MP211FAM3, STM32MP211FAN3, STM32MP211FAO3, STM32MP213AAL3, STM32MP213AAM3, STM32MP213AAN3, STM32MP213AAO3, STM32MP213CAL3, STM32MP213CAM3, STM32MP213CAN3, STM32MP213CAO3, STM32MP213DAL3, STM32MP213DAM3, STM32MP213DAN3, STM32MP213DAO3, STM32MP213FAL3, STM32MP213FAM3, STM32MP213FAN3, STM32MP213FAO3, STM32MP215AAL3, STM32MP215AAM3, STM32MP215AAN3, STM32MP215AAO3, STM32MP215CAL3, STM32MP215CAM3, STM32MP215CAN3, STM32MP215CAO3, STM32MP215DAL3, STM32MP215DAM3, STM32MP215DAN3, STM32MP215DAO3, STM32MP215F-DK, STM32MP215FAL3, STM32MP215FAM3, STM32MP215FAN3, STM32MP215FAO3, STM32MP231AAJ3, STM32MP231AAK3, STM32MP231AAL3, STM32MP231CAJ3, STM32MP231CAK3, STM32MP231CAL3, STM32MP231DAJ3, STM32MP231DAK3, STM32MP231DAL3, STM32MP231FAJ3, STM32MP231FAK3, STM32MP231FAL3, STM32MP233AAJ3, STM32MP233AAK3, STM32MP233AAL3, STM32MP233CAJ3, STM32MP233CAK3, STM32MP233CAL3, STM32MP233DAJ3, STM32MP233DAK3, STM32MP233DAL3, STM32MP233FAJ3, STM32MP233FAK3, STM32MP233FAL3, STM32MP235AAJ3, STM32MP235AAK3, STM32MP235AAL3, STM32MP235CAJ3, STM32MP235CAK3, STM32MP235CAL3, STM32MP235DAJ3, STM32MP235DAK3, STM32MP235DAL3, STM32MP235FAJ3, STM32MP235FAK3, STM32MP235FAL3, STM32MP251AAI3, STM32MP251AAK3, STM32MP251AAL3, STM32MP251CAI3, STM32MP251CAK3, STM32MP251CAL3, STM32MP251DAI3, STM32MP251DAK3, STM32MP251DAL3, STM32MP251FAI3, STM32MP251FAK3, STM32MP251FAL3, STM32MP253AAI3, STM32MP253AAK3, STM32MP253AAL3, STM32MP253CAI3, STM32MP253CAK3, STM32MP253CAL3, STM32MP253DAI3, STM32MP253DAK3, STM32MP253DAL3, STM32MP253FAI3, STM32MP253FAK3, STM32MP253FAL3, STM32MP255AAI3, STM32MP255AAK3, STM32MP255AAL3, STM32MP255CAI3, STM32MP255CAK3, STM32MP255CAL3, STM32MP255DAI3, STM32MP255DAK3, STM32MP255DAL3, STM32MP255FAI3, STM32MP255FAK3, STM32MP255FAL3, STM32MP257AAI3, STM32MP257AAK3, STM32MP257AAL3, STM32MP257CAI3, STM32MP257CAK3, STM32MP257CAL3, STM32MP257DAI3, STM32MP257DAK3, STM32MP257DAL3, STM32MP257F-DK, STM32MP257F-EV1, STM32MP257FAI3, STM32MP257FAK3, STM32MP257FAL3, STM32N645A0H3Q, STM32N645B0H3Q, STM32N645I0H3Q, STM32N645L0H3Q, STM32N645X0H3Q, STM32N645Z0H3Q, STM32N647A0H3Q, STM32N647B0H3Q, STM32N647I0H3Q, STM32N647L0H3Q, STM32N647X0H3Q, STM32N647Z0H3Q, STM32N655A0H3Q, STM32N655B0H3Q, STM32N655I0H3Q, STM32N655L0H3Q, STM32N655X0H3Q, STM32N655Z0H3Q, STM32N6570-DK, STM32N657A0H3Q, STM32N657B0H3Q, STM32N657I0H3Q, STM32N657L0H3Q, STM32N657X0H3Q, STM32N657Z0H3Q, STM32U031C6T6, STM32U031C6U6, STM32U031C8T6, STM32U031C8U6, STM32U031F4P6, STM32U031F6P6, STM32U031F8P6, STM32U031G6Y6TR, STM32U031G8Y6TR, STM32U031K4U6, STM32U031K6U6, STM32U031K8U6, STM32U031R6I6, STM32U031R6T6, STM32U031R8I6, STM32U031R8T6, STM32U073C8T6, STM32U073C8U6, STM32U073CBT6, STM32U073CBU6, STM32U073CCT6, STM32U073CCU6, STM32U073H8Y6TR, STM32U073HBY6TR, STM32U073HCY6TR, STM32U073K8U6, STM32U073KBU6, STM32U073KCU6, STM32U073M8I6, STM32U073M8T6, STM32U073MBI6, STM32U073MBT6, STM32U073MCI6, STM32U073MCT6, STM32U073R8I6, STM32U073R8T6, STM32U073RBI6, STM32U073RBT6, STM32U073RCI6, STM32U073RCT6, STM32U083C-DK, STM32U083CCT6, STM32U083CCU6, STM32U083HCY6TR, STM32U083KCU6, STM32U083MCI6, STM32U083MCT6, STM32U083RCI6, STM32U083RCT6, STM32U375CET6, STM32U375CET6Q, STM32U375CEU6, STM32U375CEU6Q, STM32U375CEY6QTR, STM32U375CGT6, STM32U375CGT6Q, STM32U375CGU6, STM32U375CGU6Q, STM32U375CGY6QTR, STM32U375KEU6, STM32U375KGU6, STM32U375REI6, STM32U375REI6Q, STM32U375RET6, STM32U375RET6Q, STM32U375REY6GTR, STM32U375REY6QTR, STM32U375RGI6, STM32U375RGI6Q, STM32U375RGT6, STM32U375RGT6Q, STM32U375RGY6GTR, STM32U375RGY6QTR, STM32U375VEI6, STM32U375VEI6Q, STM32U375VET6, STM32U375VET6Q, STM32U375VGI6, STM32U375VGI6Q, STM32U375VGT6, STM32U375VGT6Q, STM32U385CGT6, STM32U385CGT6Q, STM32U385CGU6, STM32U385CGU6Q, STM32U385CGY6QTR, STM32U385KGU6, STM32U385RGI6, STM32U385RGI6Q, STM32U385RGT6, STM32U385RGT6Q, STM32U385RGY6GTR, STM32U385RGY6QTR, STM32U385VGI6, STM32U385VGI6Q, STM32U385VGT6, STM32U385VGT6Q, STM32U535CBT6, STM32U535CBT6Q, STM32U535CBU6, STM32U535CBU6Q, STM32U535CCT6, STM32U535CCT6Q, STM32U535CCU6, STM32U535CCU6Q, STM32U535CET6, STM32U535CET6Q, STM32U535CEU6, STM32U535CEU6Q, STM32U535JEY6QTR, STM32U535NCY6QTR, STM32U535NEY6QTR, STM32U535RBI6, STM32U535RBI6Q, STM32U535RBT6, STM32U535RBT6Q, STM32U535RCI6, STM32U535RCI6Q, STM32U535RCT6, STM32U535RCT6Q, STM32U535REI6, STM32U535REI6Q, STM32U535RET6, STM32U535RET6Q, STM32U535VCI6, STM32U535VCI6Q, STM32U535VCT6, STM32U535VCT6Q, STM32U535VEI6, STM32U535VEI6Q, STM32U535VET6, STM32U535VET6Q, STM32U545CET6, STM32U545CET6Q, STM32U545CEU6, STM32U545CEU6Q, STM32U545JEY6QTR, STM32U545NEY6QTR, STM32U545REI6, STM32U545REI6Q, STM32U545RET6, STM32U545RET6Q, STM32U545VEI6, STM32U545VEI6Q, STM32U545VET6, STM32U545VET6Q, STM32U595AIH6, STM32U595AIH6Q, STM32U595AJH6, STM32U595AJH6Q, STM32U595QII6, STM32U595QII6Q, STM32U595QJI6, STM32U595QJI6Q, STM32U595RIT6, STM32U595RIT6Q, STM32U595RJT6, STM32U595RJT6Q, STM32U595VIT6, STM32U595VIT6Q, STM32U595VJT6, STM32U595VJT6Q, STM32U595ZIT6, STM32U595ZIT6Q, STM32U595ZIY6QTR, STM32U595ZJT6, STM32U595ZJT6Q, STM32U595ZJY6QTR, STM32U599BJY6QTR, STM32U599NIH6Q, STM32U599NJH6Q, STM32U599VIT6Q, STM32U599VJT6, STM32U599VJT6Q, STM32U599ZIT6Q, STM32U599ZIY6QTR, STM32U599ZJT6Q, STM32U599ZJY6QTR, STM32U5A5AJH6, STM32U5A5AJH6Q, STM32U5A5QII3Q , STM32U5A5QJI6, STM32U5A5QJI6Q, STM32U5A5RJT6, STM32U5A5RJT6Q, STM32U5A5VJT6, STM32U5A5VJT6Q, STM32U5A5ZJT6, STM32U5A5ZJT6Q, STM32U5A5ZJY6QTR, STM32U5A9BJY6QTR, STM32U5A9J-DK, STM32U5A9NJH6Q, STM32U5A9VJT6Q, STM32U5A9ZJT6Q, STM32U5A9ZJY6QTR, STM32U5F7VIT6, STM32U5F7VIT6Q, STM32U5F7VJT6, STM32U5F7VJT6Q, STM32U5F9BJY6QTR, STM32U5F9NJH6Q, STM32U5F9VIT6Q, STM32U5F9VJT6Q, STM32U5F9ZIJ6QTR, STM32U5F9ZIT6Q, STM32U5F9ZJJ6QTR, STM32U5F9ZJT6Q, STM32U5G7VJT6, STM32U5G7VJT6Q, STM32U5G9BJY6QTR, STM32U5G9J-DK1, STM32U5G9J-DK2, STM32U5G9NJH6Q, STM32U5G9VJT6Q, STM32U5G9ZJJ6QTR, STM32U5G9ZJT6Q, STM32WB05KZV6TR, STM32WB05KZV7TR, STM32WB05TZF6TR, STM32WB05TZF7TR, STM32WB06CCF6TR, STM32WB06CCF7TR, STM32WB06CCV6TR, STM32WB06CCV7TR, STM32WB06KCV6TR, STM32WB06KCV7TR, STM32WB07CCF6TR, STM32WB07CCF7TR, STM32WB07CCV6TR, STM32WB07CCV7TR, STM32WB07KCV6TR, STM32WB07KCV7TR, STM32WB09KEV6TR, STM32WB09KEV7TR, STM32WB09TEF6TR, STM32WB09TEF7TR, STM32WB1MMCH6, STM32WBA50KGU6, STM32WBA50KGU6TR, STM32WBA52CEU6, STM32WBA52CEU6TR, STM32WBA52CEU7, STM32WBA52CEU7TR, STM32WBA52CGU6, STM32WBA52CGU6TR, STM32WBA52CGU6U, STM32WBA52CGU7, STM32WBA52CGU7TR, STM32WBA52KEU6, STM32WBA52KEU6TR, STM32WBA52KGU6, STM32WBA52KGU6TR, STM32WBA54CEU6, STM32WBA54CEU6TR, STM32WBA54CEU7, STM32WBA54CEU7TR, STM32WBA54CGU6, STM32WBA54CGU6TR, STM32WBA54CGU7, STM32WBA54CGU7TR, STM32WBA54KEU6, STM32WBA54KEU6TR, STM32WBA54KEU7, STM32WBA54KEU7TR, STM32WBA54KGU6, STM32WBA54KGU6TR, STM32WBA54KGU7, STM32WBA54KGU7TR, STM32WBA55CEU6, STM32WBA55CEU6TR, STM32WBA55CEU7, STM32WBA55CEU7TR, STM32WBA55CGU6, STM32WBA55CGU6TR, STM32WBA55CGU6U, STM32WBA55CGU7, STM32WBA55CGU7TR, STM32WBA55G-DK1, STM32WBA55HEF6, STM32WBA55HEF7, STM32WBA55HGF6, STM32WBA55HGF7, STM32WBA55UEI6, STM32WBA55UEI6TR, STM32WBA55UEI7, STM32WBA55UEI7TR, STM32WBA55UGI6, STM32WBA55UGI6TR, STM32WBA55UGI7, STM32WBA55UGI7TR, STM32WBA5MMGH6TR, STM32WBA62MGF6, STM32WBA62MIF6, STM32WBA65MGF7, STM32WBA65MIF6, STM32WBA65MIF7, STM32WL30K8V6, STM32WL30KBV6, STM32WL31C8V6, STM32WL31CBV6, STM32WL31K8V6, STM32WL31KBV6, STM32WL33C8V6, STM32WL33C8V6X, STM32WL33CBV6, STM32WL33CBV6X, STM32WL33CCV6, STM32WL33CCV6A, STM32WL33CCV6X, STM32WL33K8V7, STM32WL33K8V7X, STM32WL33KBV7 , STM32WL33KBV7X, STM32WL33KCV7, STM32WL33KCV7X, STM32WL5MOCH6, STM32WL5MOCH6TR]
2025-12-15 12:03:38,246 [INFO] DbMcus:218 - Found 4876 MCUs, 4876 are supported
2025-12-15 12:03:38,247 [INFO] ApiDb:423 - Load user favorites file C:\Users\aditi/.stm32cubeide/favorites.mcus.txt: 0 item(s)
2025-12-15 12:03:38,247 [INFO] ApiDb:427 - User favorites MCUs=[]
2025-12-15 12:03:38,247 [INFO] DbMcus:224 - Set 0 / 0 favorites MCUs
2025-12-15 12:03:38,527 [INFO] ApiDb:668 - CubeFinder database Data Model version=2.1
2025-12-15 12:03:38,527 [INFO] ApiDb:669 - CubeFinder database Configuration version=3.0.39
2025-12-15 12:03:38,527 [INFO] ApiDb:670 - CubeFinder database generation date=2025-11-05 (1762334721)
2025-12-15 12:03:38,527 [INFO] ApiDb:671 - CubeFinder database FW Pack versions=[FP-ATR-ASTRA1_V2.0.0, FP-SNS-FLIGHT1_V5.1.0, FP-SNS-MOTENV1_V5.1.0, FP-SNS-MOTENVWB1_V1.4.0, FP-SNS-SMARTAG2_V1.2.0, FP-SNS-STBOX1_V2.1.0, STM32Cube_FW_C0_V1.4.0, STM32Cube_FW_F4_V1.28.3, STM32Cube_FW_F7_V1.17.4, STM32Cube_FW_G0_V1.6.2, STM32Cube_FW_G4_V1.6.1, STM32Cube_FW_H5_V1.5.1, STM32Cube_FW_H7RS_V1.3.0, STM32Cube_FW_H7_V1.12.1, STM32Cube_FW_L0_V1.12.2, STM32Cube_FW_L4_V1.18.1, STM32Cube_FW_L5_V1.6.0, STM32Cube_FW_N6_V1.3.0, STM32Cube_FW_U0_V1.3.0, STM32Cube_FW_U3_V1.2.1, STM32Cube_FW_U5_V1.8.0, STM32Cube_FW_WB0_V1.4.0, STM32Cube_FW_WBA_V1.8.0, STM32Cube_FW_WB_V1.24.0, STM32Cube_FW_WL3_V1.3.0, STM32Cube_FW_WL_V1.4.0, X-CUBE-ALGOBUILD_V1.4.0, X-CUBE-ALS_V1.0.2, X-CUBE-AZRTOS-F4_V1.1.0, X-CUBE-AZRTOS-F7_V1.1.0, X-CUBE-AZRTOS-G0_V1.1.0, X-CUBE-AZRTOS-G4_V2.0.0, X-CUBE-AZRTOS-H7RS_V1.1.0, X-CUBE-AZRTOS-H7_V3.4.0, X-CUBE-AZRTOS-L4_V2.0.0, X-CUBE-AZRTOS-L5_V2.0.0, X-CUBE-AZRTOS-WB_V2.0.0, X-CUBE-AZRTOS-WL_V2.0.0, X-CUBE-BLE1_V7.1.0, X-CUBE-BLE2_V3.3.0, X-CUBE-BLEMGR_V4.1.0, X-CUBE-EEPRMA1_V5.2.0, X-CUBE-FREERTOS_V1.3.1, X-CUBE-GNSS1_V6.0.0, X-CUBE-MEMS1_V11.3.0, X-CUBE-NFC4_V3.0.0, X-CUBE-NFC7_V2.0.0, X-CUBE-SFXS2LP1_V4.0.0, X-CUBE-ST67W61_V1.1.0, X-CUBE-SUBG2_V5.0.0, X-CUBE-TOF1_V3.4.3]
2025-12-15 12:03:38,562 [INFO] DbBoardsSqlite:226 - include board P-NUCLEO-WB55-NUCLEO as a kit item of type 'Nucleo-64'
2025-12-15 12:03:38,562 [INFO] DbBoardsSqlite:226 - include board P-NUCLEO-WB55-USBDONGLE as a kit item of type 'Nucleo USB Dongle'
2025-12-15 12:03:38,563 [INFO] DbBoardsSqlite:226 - include board STEVAL-IDP005V1 as a kit item of type 'Evaluation Board'
2025-12-15 12:03:38,563 [INFO] DbBoardsSqlite:226 - include board STEVAL-IDP005V2 as a kit item of type 'Evaluation Board'
2025-12-15 12:03:38,606 [INFO] ApiDb:240 - Found 880 in-development CPN: [B-G473E-ZEST1S, B-WB1M-WPAN1, B-WBA5M-WPAN, B-WL5M-SUBG1, NUCLEO-C031C6, NUCLEO-C051C8, NUCLEO-C071RB, NUCLEO-C092RC, NUCLEO-H503RB, NUCLEO-H533RE, NUCLEO-H563ZI, NUCLEO-H7S3L8, NUCLEO-N657X0-Q, NUCLEO-U031R8, NUCLEO-U083RC, NUCLEO-U385RG-Q, NUCLEO-U545RE-Q, NUCLEO-U5A5ZJ-Q, NUCLEO-WB05KZ, NUCLEO-WB07CC, NUCLEO-WB09KE, NUCLEO-WBA52CG, NUCLEO-WBA55CG, NUCLEO-WL33CC1, NUCLEO-WL33CC2, STEVAL-PROTEUS1, STEVAL-SMARTAG2, STEVAL-STWINBX1, STM320518-EVAL, STM32C0116-DK, STM32C011D6Y3TR, STM32C011D6Y6TR, STM32C011F4P3, STM32C011F4P6, STM32C011F4U3, STM32C011F4U6TR, STM32C011F6P3, STM32C011F6P6, STM32C011F6U3, STM32C011F6U6TR, STM32C011J4M3, STM32C011J4M6, STM32C011J6M3, STM32C011J6M6, STM32C0316-DK, STM32C031C4T3, STM32C031C4T6, STM32C031C4U3, STM32C031C4U6, STM32C031C6T3, STM32C031C6T6, STM32C031C6U3, STM32C031C6U6, STM32C031F4P3, STM32C031F4P6, STM32C031F6P3, STM32C031F6P6, STM32C031G4U3, STM32C031G4U6, STM32C031G6U3, STM32C031G6U6, STM32C031K4T3, STM32C031K4T6, STM32C031K4U3, STM32C031K4U6, STM32C031K6T3, STM32C031K6T6, STM32C031K6U3, STM32C031K6U6, STM32C051C6T6, STM32C051C6U6, STM32C051C8T6, STM32C051C8U6, STM32C051D8Y6TR, STM32C051F6P6, STM32C051F8P6, STM32C051G6U6, STM32C051G8U6, STM32C051K6T6, STM32C051K6U6, STM32C051K8T6, STM32C071C8T6, STM32C071C8T6N, STM32C071C8U6, STM32C071C8U6N, STM32C071CBT6, STM32C071CBT6N, STM32C071CBU6, STM32C071CBU6N, STM32C071F8P6, STM32C071F8P6N, STM32C071FBP6, STM32C071FBP6N, STM32C071FBY6TR, STM32C071G8U6, STM32C071G8U6N, STM32C071GBU6, STM32C071GBU6N, STM32C071K8T6, STM32C071K8T6N, STM32C071K8U6, STM32C071K8U6N, STM32C071KBT6, STM32C071KBT6N, STM32C071KBU6, STM32C071KBU6N, STM32C071R8T6, STM32C071R8T6N, STM32C071RBI6N, STM32C071RBT6, STM32C071RBT6N, STM32C091CBT6, STM32C091CBU6, STM32C091CCT6, STM32C091CCU6, STM32C091ECY6TR, STM32C091FBP6, STM32C091FCP6, STM32C091GBU6, STM32C091GCU6, STM32C091KBT6, STM32C091KBU6, STM32C091KCT6, STM32C091KCU6, STM32C091RBT6, STM32C091RCI6, STM32C091RCT6, STM32C092CBT6, STM32C092CBU6, STM32C092CCT6, STM32C092CCU6, STM32C092ECY6TR, STM32C092FBP6, STM32C092FCP6, STM32C092GBU6, STM32C092GCU6, STM32C092KBT6, STM32C092KBU6, STM32C092KCT6, STM32C092KCU6, STM32C092RBT6, STM32C092RCI6, STM32C092RCT6, STM32G071K8TXN, STM32G071K8UXN, STM32G081GBU6N, STM32G081KBT6N, STM32G081KBUXN, STM32G0B1CCT6N, STM32G0B1KCT6, STM32G0B1NEY6TR, STM32G0B1RCT6N, STM32G0C1CCT6, STM32G0C1CCT6N, STM32G0C1CCU6N, STM32G0C1CET6N, STM32G0C1CEU6N, STM32G0C1KCT6, STM32G0C1NEY6TR, STM32G0C1RCI6N, STM32G0C1RCT6N, STM32G0C1REI6N, STM32G0C1RET6N, STM32G0C1VCI6, STM32G0C1VEI6, STM32G411C6T3, STM32G411C6T6, STM32G411C6U3, STM32G411C6U6, STM32G411C8T3, STM32G411C8T6, STM32G411C8U3, STM32G411C8U6, STM32G411CBT3, STM32G411CBT6, STM32G411CBU3, STM32G411CBU6, STM32G411K6T3, STM32G411K6T6, STM32G411K6U3, STM32G411K6U6, STM32G411K8T3, STM32G411K8T6, STM32G411K8U3, STM32G411K8U6, STM32G411KBT3, STM32G411KBT6, STM32G411KBU3, STM32G411KBU6, STM32G411M6T3, STM32G411M6T6, STM32G411M8T3, STM32G411M8T6, STM32G411MBT3, STM32G411MBT6, STM32G411R6T3, STM32G411R6T6, STM32G411R8T3, STM32G411R8T6, STM32G411RBT3, STM32G411RBT6, STM32G414CBT3, STM32G414CBT6, STM32G414CBU3, STM32G414CBU6, STM32G414CCT3, STM32G414CCT6, STM32G414CCU3, STM32G414CCU6, STM32G414MBT3, STM32G414MBT6, STM32G414MCT3, STM32G414MCT6, STM32G414RBT3, STM32G414RBT6, STM32G414RCT3, STM32G414RCT6, STM32G414VBT3, STM32G414VBT6, STM32G414VCT3, STM32G414VCT6, STM32G431CBT3Z, STM32G431RBT3Z, STM32G471CCT6, STM32G471CCU6, STM32G471CET3, STM32G471CET6, STM32G471CEU3, STM32G471CEU6, STM32G471MCT6, STM32G471MET3, STM32G471MET6, STM32G471MEY6TR, STM32G471QCT6, STM32G471QET3, STM32G471RCT6, STM32G471RET3, STM32G471RET6, STM32G471VCH6, STM32G471VCI6, STM32G471VCT6, STM32G471VEH3, STM32G471VEH6, STM32G471VEI3, STM32G471VEI6, STM32G471VET3, STM32G471VET6, STM32G473QET3Z, STM32G473RET3Z, STM32G474CCT6, STM32G491RET3Z, STM32H503CBT6, STM32H503CBU6, STM32H503EBY6TR, STM32H503KBU6, STM32H503RBT6, STM32H523CCT6, STM32H523CCU6, STM32H523CET6, STM32H523CEU6, STM32H523HEY6TR, STM32H523RCT6, STM32H523RET6, STM32H523VCI6, STM32H523VCT6, STM32H523VEI6, STM32H523VET6, STM32H523ZCJ6, STM32H523ZCT6, STM32H523ZEJ6, STM32H523ZET6, STM32H533CET6, STM32H533CEU6, STM32H533HEY6TR, STM32H533RET6, STM32H533VEI6, STM32H533VET6, STM32H533ZEJ6, STM32H533ZET6, STM32H562AGI6, STM32H562AII6, STM32H562IGK6, STM32H562IGT6, STM32H562IIK6, STM32H562IIT6, STM32H562RGT6, STM32H562RGV6, STM32H562RIT6, STM32H562RIV6, STM32H562VGT6, STM32H562VIT6, STM32H562ZGT6, STM32H562ZIT6, STM32H563AGI6, STM32H563AII3Q, STM32H563AII6, STM32H563IGK6, STM32H563IGT6, STM32H563IIK3Q, STM32H563IIK6, STM32H563IIT3Q, STM32H563IIT6, STM32H563MIY3QTR, STM32H563RGT6, STM32H563RGV6, STM32H563RIT6, STM32H563RIV6, STM32H563VGT6, STM32H563VIT3Q, STM32H563VIT6, STM32H563ZGT6, STM32H563ZIT3Q, STM32H563ZIT6, STM32H573AII3Q, STM32H573AII6, STM32H573I-DK, STM32H573IIK3Q, STM32H573IIK6, STM32H573IIT3Q, STM32H573IIT6, STM32H573MIY3QTR, STM32H573RIT6, STM32H573RIV6, STM32H573VIT3Q, STM32H573VIT6, STM32H573ZIT3Q, STM32H573ZIT6, STM32H7R3A8I6, STM32H7R3I8K6, STM32H7R3I8T6, STM32H7R3L8H6, STM32H7R3L8H6H, STM32H7R3R8V6, STM32H7R3V8H6, STM32H7R3V8T6, STM32H7R3V8Y6TR, STM32H7R3Z8J6, STM32H7R3Z8T6, STM32H7R7A8I6, STM32H7R7I8K6, STM32H7R7I8T6, STM32H7R7L8H6, STM32H7R7L8H6H, STM32H7R7Z8J6, STM32H7S3A8I6, STM32H7S3I8K6, STM32H7S3I8T6, STM32H7S3L8H6, STM32H7S3L8H6H, STM32H7S3R8V6, STM32H7S3V8H6, STM32H7S3V8T6, STM32H7S3V8Y6TR, STM32H7S3Z8J6, STM32H7S3Z8T6, STM32H7S78-DK, STM32H7S7A8I6, STM32H7S7I8K6, STM32H7S7I8T6, STM32H7S7L8H6, STM32H7S7L8H6H, STM32H7S7Z8J6, STM32L4R5QGI6STR, STM32MP131AAE3, STM32MP131AAF3, STM32MP131AAG3, STM32MP131CAE3, STM32MP131CAF3, STM32MP131CAG3, STM32MP131DAE7, STM32MP131DAF7, STM32MP131DAG7, STM32MP131FAE7, STM32MP131FAF7, STM32MP131FAG7, STM32MP133AAE3, STM32MP133AAF3, STM32MP133AAG3, STM32MP133CAE3, STM32MP133CAF3, STM32MP133CAG3, STM32MP133DAE7, STM32MP133DAF7, STM32MP133DAG7, STM32MP133FAE7, STM32MP133FAF7, STM32MP133FAG7, STM32MP135AAE3, STM32MP135AAF3, STM32MP135AAG3, STM32MP135CAE3, STM32MP135CAF3, STM32MP135CAG3, STM32MP135DAE7, STM32MP135DAF7, STM32MP135DAG7, STM32MP135F-DK, STM32MP135FAE7, STM32MP135FAF7, STM32MP135FAF7T, STM32MP135FAF7U, STM32MP135FAG7, STM32MP211AAL3, STM32MP211AAM3, STM32MP211AAN3, STM32MP211AAO3, STM32MP211CAL3, STM32MP211CAM3, STM32MP211CAN3, STM32MP211CAO3, STM32MP211DAL3, STM32MP211DAM3, STM32MP211DAN3, STM32MP211DAO3, STM32MP211FAL3, STM32MP211FAM3, STM32MP211FAN3, STM32MP211FAO3, STM32MP213AAL3, STM32MP213AAM3, STM32MP213AAN3, STM32MP213AAO3, STM32MP213CAL3, STM32MP213CAM3, STM32MP213CAN3, STM32MP213CAO3, STM32MP213DAL3, STM32MP213DAM3, STM32MP213DAN3, STM32MP213DAO3, STM32MP213FAL3, STM32MP213FAM3, STM32MP213FAN3, STM32MP213FAO3, STM32MP215AAL3, STM32MP215AAM3, STM32MP215AAN3, STM32MP215AAO3, STM32MP215CAL3, STM32MP215CAM3, STM32MP215CAN3, STM32MP215CAO3, STM32MP215DAL3, STM32MP215DAM3, STM32MP215DAN3, STM32MP215DAO3, STM32MP215F-DK, STM32MP215FAL3, STM32MP215FAM3, STM32MP215FAN3, STM32MP215FAO3, STM32MP231AAJ3, STM32MP231AAK3, STM32MP231AAL3, STM32MP231CAJ3, STM32MP231CAK3, STM32MP231CAL3, STM32MP231DAJ3, STM32MP231DAK3, STM32MP231DAL3, STM32MP231FAJ3, STM32MP231FAK3, STM32MP231FAL3, STM32MP233AAJ3, STM32MP233AAK3, STM32MP233AAL3, STM32MP233CAJ3, STM32MP233CAK3, STM32MP233CAL3, STM32MP233DAJ3, STM32MP233DAK3, STM32MP233DAL3, STM32MP233FAJ3, STM32MP233FAK3, STM32MP233FAL3, STM32MP235AAJ3, STM32MP235AAK3, STM32MP235AAL3, STM32MP235CAJ3, STM32MP235CAK3, STM32MP235CAL3, STM32MP235DAJ3, STM32MP235DAK3, STM32MP235DAL3, STM32MP235FAJ3, STM32MP235FAK3, STM32MP235FAL3, STM32MP251AAI3, STM32MP251AAK3, STM32MP251AAL3, STM32MP251CAI3, STM32MP251CAK3, STM32MP251CAL3, STM32MP251DAI3, STM32MP251DAK3, STM32MP251DAL3, STM32MP251FAI3, STM32MP251FAK3, STM32MP251FAL3, STM32MP253AAI3, STM32MP253AAK3, STM32MP253AAL3, STM32MP253CAI3, STM32MP253CAK3, STM32MP253CAL3, STM32MP253DAI3, STM32MP253DAK3, STM32MP253DAL3, STM32MP253FAI3, STM32MP253FAK3, STM32MP253FAL3, STM32MP255AAI3, STM32MP255AAK3, STM32MP255AAL3, STM32MP255CAI3, STM32MP255CAK3, STM32MP255CAL3, STM32MP255DAI3, STM32MP255DAK3, STM32MP255DAL3, STM32MP255FAI3, STM32MP255FAK3, STM32MP255FAL3, STM32MP257AAI3, STM32MP257AAK3, STM32MP257AAL3, STM32MP257CAI3, STM32MP257CAK3, STM32MP257CAL3, STM32MP257DAI3, STM32MP257DAK3, STM32MP257DAL3, STM32MP257F-DK, STM32MP257F-EV1, STM32MP257FAI3, STM32MP257FAK3, STM32MP257FAL3, STM32N645A0H3Q, STM32N645B0H3Q, STM32N645I0H3Q, STM32N645L0H3Q, STM32N645X0H3Q, STM32N645Z0H3Q, STM32N647A0H3Q, STM32N647B0H3Q, STM32N647I0H3Q, STM32N647L0H3Q, STM32N647X0H3Q, STM32N647Z0H3Q, STM32N655A0H3Q, STM32N655B0H3Q, STM32N655I0H3Q, STM32N655L0H3Q, STM32N655X0H3Q, STM32N655Z0H3Q, STM32N6570-DK, STM32N657A0H3Q, STM32N657B0H3Q, STM32N657I0H3Q, STM32N657L0H3Q, STM32N657X0H3Q, STM32N657Z0H3Q, STM32U031C6T6, STM32U031C6U6, STM32U031C8T6, STM32U031C8U6, STM32U031F4P6, STM32U031F6P6, STM32U031F8P6, STM32U031G6Y6TR, STM32U031G8Y6TR, STM32U031K4U6, STM32U031K6U6, STM32U031K8U6, STM32U031R6I6, STM32U031R6T6, STM32U031R8I6, STM32U031R8T6, STM32U073C8T6, STM32U073C8U6, STM32U073CBT6, STM32U073CBU6, STM32U073CCT6, STM32U073CCU6, STM32U073H8Y6TR, STM32U073HBY6TR, STM32U073HCY6TR, STM32U073K8U6, STM32U073KBU6, STM32U073KCU6, STM32U073M8I6, STM32U073M8T6, STM32U073MBI6, STM32U073MBT6, STM32U073MCI6, STM32U073MCT6, STM32U073R8I6, STM32U073R8T6, STM32U073RBI6, STM32U073RBT6, STM32U073RCI6, STM32U073RCT6, STM32U083C-DK, STM32U083CCT6, STM32U083CCU6, STM32U083HCY6TR, STM32U083KCU6, STM32U083MCI6, STM32U083MCT6, STM32U083RCI6, STM32U083RCT6, STM32U375CET6, STM32U375CET6Q, STM32U375CEU6, STM32U375CEU6Q, STM32U375CEY6QTR, STM32U375CGT6, STM32U375CGT6Q, STM32U375CGU6, STM32U375CGU6Q, STM32U375CGY6QTR, STM32U375KEU6, STM32U375KGU6, STM32U375REI6, STM32U375REI6Q, STM32U375RET6, STM32U375RET6Q, STM32U375REY6GTR, STM32U375REY6QTR, STM32U375RGI6, STM32U375RGI6Q, STM32U375RGT6, STM32U375RGT6Q, STM32U375RGY6GTR, STM32U375RGY6QTR, STM32U375VEI6, STM32U375VEI6Q, STM32U375VET6, STM32U375VET6Q, STM32U375VGI6, STM32U375VGI6Q, STM32U375VGT6, STM32U375VGT6Q, STM32U385CGT6, STM32U385CGT6Q, STM32U385CGU6, STM32U385CGU6Q, STM32U385CGY6QTR, STM32U385KGU6, STM32U385RGI6, STM32U385RGI6Q, STM32U385RGT6, STM32U385RGT6Q, STM32U385RGY6GTR, STM32U385RGY6QTR, STM32U385VGI6, STM32U385VGI6Q, STM32U385VGT6, STM32U385VGT6Q, STM32U535CBT6, STM32U535CBT6Q, STM32U535CBU6, STM32U535CBU6Q, STM32U535CCT6, STM32U535CCT6Q, STM32U535CCU6, STM32U535CCU6Q, STM32U535CET6, STM32U535CET6Q, STM32U535CEU6, STM32U535CEU6Q, STM32U535JEY6QTR, STM32U535NCY6QTR, STM32U535NEY6QTR, STM32U535RBI6, STM32U535RBI6Q, STM32U535RBT6, STM32U535RBT6Q, STM32U535RCI6, STM32U535RCI6Q, STM32U535RCT6, STM32U535RCT6Q, STM32U535REI6, STM32U535REI6Q, STM32U535RET6, STM32U535RET6Q, STM32U535VCI6, STM32U535VCI6Q, STM32U535VCT6, STM32U535VCT6Q, STM32U535VEI6, STM32U535VEI6Q, STM32U535VET6, STM32U535VET6Q, STM32U545CET6, STM32U545CET6Q, STM32U545CEU6, STM32U545CEU6Q, STM32U545JEY6QTR, STM32U545NEY6QTR, STM32U545REI6, STM32U545REI6Q, STM32U545RET6, STM32U545RET6Q, STM32U545VEI6, STM32U545VEI6Q, STM32U545VET6, STM32U545VET6Q, STM32U595AIH6, STM32U595AIH6Q, STM32U595AJH6, STM32U595AJH6Q, STM32U595QII6, STM32U595QII6Q, STM32U595QJI6, STM32U595QJI6Q, STM32U595RIT6, STM32U595RIT6Q, STM32U595RJT6, STM32U595RJT6Q, STM32U595VIT6, STM32U595VIT6Q, STM32U595VJT6, STM32U595VJT6Q, STM32U595ZIT6, STM32U595ZIT6Q, STM32U595ZIY6QTR, STM32U595ZJT6, STM32U595ZJT6Q, STM32U595ZJY6QTR, STM32U599BJY6QTR, STM32U599NIH6Q, STM32U599NJH6Q, STM32U599VIT6Q, STM32U599VJT6, STM32U599VJT6Q, STM32U599ZIT6Q, STM32U599ZIY6QTR, STM32U599ZJT6Q, STM32U599ZJY6QTR, STM32U5A5AJH6, STM32U5A5AJH6Q, STM32U5A5QII3Q , STM32U5A5QJI6, STM32U5A5QJI6Q, STM32U5A5RJT6, STM32U5A5RJT6Q, STM32U5A5VJT6, STM32U5A5VJT6Q, STM32U5A5ZJT6, STM32U5A5ZJT6Q, STM32U5A5ZJY6QTR, STM32U5A9BJY6QTR, STM32U5A9J-DK, STM32U5A9NJH6Q, STM32U5A9VJT6Q, STM32U5A9ZJT6Q, STM32U5A9ZJY6QTR, STM32U5F7VIT6, STM32U5F7VIT6Q, STM32U5F7VJT6, STM32U5F7VJT6Q, STM32U5F9BJY6QTR, STM32U5F9NJH6Q, STM32U5F9VIT6Q, STM32U5F9VJT6Q, STM32U5F9ZIJ6QTR, STM32U5F9ZIT6Q, STM32U5F9ZJJ6QTR, STM32U5F9ZJT6Q, STM32U5G7VJT6, STM32U5G7VJT6Q, STM32U5G9BJY6QTR, STM32U5G9J-DK1, STM32U5G9J-DK2, STM32U5G9NJH6Q, STM32U5G9VJT6Q, STM32U5G9ZJJ6QTR, STM32U5G9ZJT6Q, STM32WB05KZV6TR, STM32WB05KZV7TR, STM32WB05TZF6TR, STM32WB05TZF7TR, STM32WB06CCF6TR, STM32WB06CCF7TR, STM32WB06CCV6TR, STM32WB06CCV7TR, STM32WB06KCV6TR, STM32WB06KCV7TR, STM32WB07CCF6TR, STM32WB07CCF7TR, STM32WB07CCV6TR, STM32WB07CCV7TR, STM32WB07KCV6TR, STM32WB07KCV7TR, STM32WB09KEV6TR, STM32WB09KEV7TR, STM32WB09TEF6TR, STM32WB09TEF7TR, STM32WB1MMCH6, STM32WBA50KGU6, STM32WBA50KGU6TR, STM32WBA52CEU6, STM32WBA52CEU6TR, STM32WBA52CEU7, STM32WBA52CEU7TR, STM32WBA52CGU6, STM32WBA52CGU6TR, STM32WBA52CGU6U, STM32WBA52CGU7, STM32WBA52CGU7TR, STM32WBA52KEU6, STM32WBA52KEU6TR, STM32WBA52KGU6, STM32WBA52KGU6TR, STM32WBA54CEU6, STM32WBA54CEU6TR, STM32WBA54CEU7, STM32WBA54CEU7TR, STM32WBA54CGU6, STM32WBA54CGU6TR, STM32WBA54CGU7, STM32WBA54CGU7TR, STM32WBA54KEU6, STM32WBA54KEU6TR, STM32WBA54KEU7, STM32WBA54KEU7TR, STM32WBA54KGU6, STM32WBA54KGU6TR, STM32WBA54KGU7, STM32WBA54KGU7TR, STM32WBA55CEU6, STM32WBA55CEU6TR, STM32WBA55CEU7, STM32WBA55CEU7TR, STM32WBA55CGU6, STM32WBA55CGU6TR, STM32WBA55CGU6U, STM32WBA55CGU7, STM32WBA55CGU7TR, STM32WBA55G-DK1, STM32WBA55HEF6, STM32WBA55HEF7, STM32WBA55HGF6, STM32WBA55HGF7, STM32WBA55UEI6, STM32WBA55UEI6TR, STM32WBA55UEI7, STM32WBA55UEI7TR, STM32WBA55UGI6, STM32WBA55UGI6TR, STM32WBA55UGI7, STM32WBA55UGI7TR, STM32WBA5MMGH6TR, STM32WBA62MGF6, STM32WBA62MIF6, STM32WBA65MGF7, STM32WBA65MIF6, STM32WBA65MIF7, STM32WL30K8V6, STM32WL30KBV6, STM32WL31C8V6, STM32WL31CBV6, STM32WL31K8V6, STM32WL31KBV6, STM32WL33C8V6, STM32WL33C8V6X, STM32WL33CBV6, STM32WL33CBV6X, STM32WL33CCV6, STM32WL33CCV6A, STM32WL33CCV6X, STM32WL33K8V7, STM32WL33K8V7X, STM32WL33KBV7 , STM32WL33KBV7X, STM32WL33KCV7, STM32WL33KCV7X, STM32WL5MOCH6, STM32WL5MOCH6TR]
2025-12-15 12:03:38,782 [INFO] BoardInfo:889 - No configuration file found for board P-NUCLEO-WB55
2025-12-15 12:03:38,783 [INFO] DbBoards:161 - Kit is not supported: P-NUCLEO-WB55
2025-12-15 12:03:38,789 [INFO] BoardInfo:889 - No configuration file found for board STEVAL-BFA001V1B
2025-12-15 12:03:38,790 [INFO] DbBoards:161 - Kit is not supported: STEVAL-BFA001V1B
2025-12-15 12:03:38,790 [INFO] BoardInfo:889 - No configuration file found for board STEVAL-BFA001V2B
2025-12-15 12:03:38,791 [INFO] DbBoards:161 - Kit is not supported: STEVAL-BFA001V2B
2025-12-15 12:03:38,978 [INFO] DbBoards:168 - Found 212 boards, 209 are supported
2025-12-15 12:03:38,978 [INFO] DbBoards:169 - Found 212 boards, 43 of them is supported for  Bsp
2025-12-15 12:03:38,980 [INFO] ApiDb:423 - Load user favorites file C:\Users\aditi/.stm32cubeide/favorites.boards.txt: 1 item(s)
2025-12-15 12:03:38,980 [INFO] ApiDb:427 - User favorites Boards=[STM32F407G-DISC1]
2025-12-15 12:03:38,980 [INFO] DbBoards:198 - Set 1 / 1 favorites Boards
2025-12-15 12:03:38,981 [INFO] McuFinderGlobals:76 - Set McuFinderConnectedMode to true
2025-12-15 12:03:38,985 [INFO] MultiScanPanel:200 - Auto-refresh data requested => check proxy status ongoing
2025-12-15 12:03:38,987 [INFO] FinderPluginLoader:96 - Searching for filters in installed packs
2025-12-15 12:03:40,128 [INFO] LoadUrlFilesThread:185 - End of LoadServerUrlFiles without Thread
2025-12-15 12:03:40,139 [INFO] DetailPanel:341 - Set advertising image to C:/Users/aditi/STM32Cube/Repository/\en.prom-st67w-expansion-board.png
2025-12-15 12:03:43,787 [INFO] MultiScanPanel:200 - Auto-refresh data requested => check proxy status ongoing
2025-12-15 12:03:43,905 [INFO] LoadUrlFilesThread:185 - End of LoadServerUrlFiles without Thread
2025-12-15 12:03:43,905 [INFO] DetailPanel:341 - Set advertising image to C:/Users/aditi/STM32Cube/Repository/\en.prom-st67w-expansion-board.png
2025-12-15 12:03:43,927 [INFO] DbBoards:642 - Loading board mini-images...
2025-12-15 12:03:45,252 [ERROR] DbBoards:659 - Image file not found for board STM32MP215F-DK: C:\Users\aditi\.stmcufinder\plugins\mcufinder//mcu//boards_images/STM32MP215F-DK.jpg
2025-12-15 12:03:45,324 [INFO] DbBoards:665 - Loaded 211 board mini-images
2025-12-15 12:04:07,426 [INFO] McuFinderGlobals:76 - Set McuFinderConnectedMode to true
2025-12-15 12:04:07,986 [INFO] ApiDb:448 - Save user favorites file C:\Users\aditi/.stm32cubeide/favorites.mcus.txt: 0 item(s)
2025-12-15 12:04:07,986 [INFO] ApiDb:452 - User favorites MCUs=[]
2025-12-15 12:04:07,988 [INFO] ApiDb:448 - Save user favorites file C:\Users\aditi/.stm32cubeide/favorites.boards.txt: 1 item(s)
2025-12-15 12:04:07,988 [INFO] ApiDb:452 - User favorites Boards=[STM32F407G-DISC1]
2025-12-15 12:04:25,779 [ERROR] LogOutputStream:75 - [STDERR_REDIRECT] 
2025-12-15 12:04:48,522 [INFO] Activator:176 - 


2025-12-15 12:04:48,527 [INFO] Activator:177 - !SESSION log4j initialized
2025-12-15 12:04:51,849 [INFO] LogOutputStream:77 - [STDOUT_REDIRECT] 
2025-12-15 12:04:53,496 [INFO] ApplicationProperties:184 - Using Application install path: C:\ST\STM32CubeIDE_1.19.0\STM32CubeIDE\plugins\com.st.stm32cube.common.mx_6.15.0.202507011659
2025-12-15 12:04:53,512 [INFO] DbMcusXml:78 - Set database path to: C:\ST\STM32CubeIDE_1.19.0\STM32CubeIDE\plugins\com.st.stm32cube.common.mx_6.15.0.202507011659\\db\/mcu/
2025-12-15 12:04:53,512 [INFO] ApiDb:274 - Set plugin database path to: C:\ST\STM32CubeIDE_1.19.0\STM32CubeIDE\plugins\com.st.stm32cube.common.mx_6.15.0.202507011659\\db\/plugins/boardmanager/
2025-12-15 12:04:53,513 [WARN] ApiDb:259 - Overriding images path with different value:  => C:\ST\STM32CubeIDE_1.19.0\STM32CubeIDE\plugins\com.st.stm32cube.common.mx_6.15.0.202507011659\\db\/plugins/mcufinder/images/
2025-12-15 12:04:53,519 [INFO] ApiDb:250 - Set database path to: C:\Users\aditi\.stmcufinder\plugins\mcufinder//mcu/
2025-12-15 12:04:53,520 [INFO] DbMcusAds:125 - Set database path to: C:\Users\aditi\.stmcufinder\plugins\mcufinder//mcu/
2025-12-15 12:04:53,522 [INFO] CrossReferenceDbSqlite:203 - Set database path to: C:\Users\aditi\.stmcufinder\plugins\mcufinder//mcu/cs/
2025-12-15 12:04:53,605 [INFO] RulesReader:64 - Compatibility file has been processed (317 Rules)
2025-12-15 12:04:53,680 [INFO] DbMcusXml:78 - Set database path to: C:\ST\STM32CubeIDE_1.19.0\STM32CubeIDE\plugins\com.st.stm32cube.common.mx_6.15.0.202507011659\\db\/mcu/
2025-12-15 12:04:53,680 [INFO] ApiDb:274 - Set plugin database path to: C:\ST\STM32CubeIDE_1.19.0\STM32CubeIDE\plugins\com.st.stm32cube.common.mx_6.15.0.202507011659\\db\/plugins/boardmanager/
2025-12-15 12:04:53,680 [INFO] ApiDb:261 - Set plugin images path to: C:\ST\STM32CubeIDE_1.19.0\STM32CubeIDE\plugins\com.st.stm32cube.common.mx_6.15.0.202507011659\\db\/plugins/mcufinder/images/
2025-12-15 12:04:53,680 [WARN] DbFile:41 - Overriding database path with different value: C:\Users\aditi\.stmcufinder\plugins\mcufinder/ => C:\Users\aditi\.stmcufinder\plugins\mcufinder
2025-12-15 12:04:53,680 [INFO] ApiDb:250 - Set database path to: C:\Users\aditi\.stmcufinder\plugins\mcufinder//mcu/
2025-12-15 12:04:53,680 [WARN] DbFile:41 - Overriding database path with different value: C:\Users\aditi\.stmcufinder\plugins\mcufinder/ => C:\Users\aditi\.stmcufinder\plugins\mcufinder
2025-12-15 12:04:53,680 [INFO] DbMcusAds:125 - Set database path to: C:\Users\aditi\.stmcufinder\plugins\mcufinder//mcu/
2025-12-15 12:04:53,680 [WARN] DbFile:41 - Overriding database path with different value: C:\Users\aditi\.stmcufinder\plugins\mcufinder/ => C:\Users\aditi\.stmcufinder\plugins\mcufinder
2025-12-15 12:04:53,680 [WARN] DbFile:41 - Overriding database path with different value: C:\Users\aditi\.stmcufinder\plugins\mcufinder/ => C:\Users\aditi\.stmcufinder\plugins\mcufinder
2025-12-15 12:04:53,680 [INFO] CrossReferenceDbSqlite:203 - Set database path to: C:\Users\aditi\.stmcufinder\plugins\mcufinder//mcu/cs/
2025-12-15 12:04:53,746 [INFO] MainPanel:274 - HeapMemory: 268435456
2025-12-15 12:04:53,853 [INFO] DbMcusXml:78 - Set database path to: C:\ST\STM32CubeIDE_1.19.0\STM32CubeIDE\plugins\com.st.stm32cube.common.mx_6.15.0.202507011659\\db\/mcu/
2025-12-15 12:04:53,853 [INFO] ApiDb:274 - Set plugin database path to: C:\ST\STM32CubeIDE_1.19.0\STM32CubeIDE\plugins\com.st.stm32cube.common.mx_6.15.0.202507011659\\db\/plugins/boardmanager/
2025-12-15 12:04:53,853 [INFO] ApiDb:261 - Set plugin images path to: C:\ST\STM32CubeIDE_1.19.0\STM32CubeIDE\plugins\com.st.stm32cube.common.mx_6.15.0.202507011659\\db\/plugins/mcufinder/images/
2025-12-15 12:04:53,853 [WARN] DbFile:41 - Overriding database path with different value: C:\Users\aditi\.stmcufinder\plugins\mcufinder/ => C:\Users\aditi\.stmcufinder\plugins\mcufinder
2025-12-15 12:04:53,854 [INFO] ApiDb:250 - Set database path to: C:\Users\aditi\.stmcufinder\plugins\mcufinder//mcu/
2025-12-15 12:04:53,854 [WARN] DbFile:41 - Overriding database path with different value: C:\Users\aditi\.stmcufinder\plugins\mcufinder/ => C:\Users\aditi\.stmcufinder\plugins\mcufinder
2025-12-15 12:04:53,854 [INFO] DbMcusAds:125 - Set database path to: C:\Users\aditi\.stmcufinder\plugins\mcufinder//mcu/
2025-12-15 12:04:53,854 [WARN] DbFile:41 - Overriding database path with different value: C:\Users\aditi\.stmcufinder\plugins\mcufinder/ => C:\Users\aditi\.stmcufinder\plugins\mcufinder
2025-12-15 12:04:53,854 [WARN] DbFile:41 - Overriding database path with different value: C:\Users\aditi\.stmcufinder\plugins\mcufinder/ => C:\Users\aditi\.stmcufinder\plugins\mcufinder
2025-12-15 12:04:53,854 [INFO] CrossReferenceDbSqlite:203 - Set database path to: C:\Users\aditi\.stmcufinder\plugins\mcufinder//mcu/cs/
2025-12-15 12:04:53,870 [INFO] ApplicationProperties:184 - Using Application install path: C:\ST\STM32CubeIDE_1.19.0\STM32CubeIDE\plugins\com.st.stm32cube.common.mx_6.15.0.202507011659
2025-12-15 12:04:53,872 [INFO] PluginManage:196 - Search for loadable plugins [exclusion list=, ]
2025-12-15 12:04:53,873 [INFO] PluginManage:310 - Check plugin analytics
2025-12-15 12:04:54,052 [INFO] AnalyticsPlugin:253 - Accepted Software Licenses: 
2025-12-15 12:04:54,052 [INFO] AnalyticsPlugin:255 - Accepted CMSIS Pack Licenses: 
2025-12-15 12:04:54,053 [INFO] AnalyticsPlugin:257 - Accepted Firmware Licenses: 
2025-12-15 12:04:54,058 [INFO] PluginManage:359 - Loaded plugin analytics (category:tool,tabindex:-1)
2025-12-15 12:04:54,059 [INFO] PluginManage:310 - Check plugin cadmodel
2025-12-15 12:04:54,067 [INFO] CADModel:105 - Init CAD model plugin
2025-12-15 12:04:54,068 [INFO] PluginManage:359 - Loaded plugin cadmodel (category:power,tabindex:5)
2025-12-15 12:04:54,068 [INFO] PluginManage:310 - Check plugin clock
2025-12-15 12:04:54,082 [INFO] PluginManage:359 - Loaded plugin clock (category:base,tabindex:2)
2025-12-15 12:04:54,083 [INFO] PluginManage:310 - Check plugin ddr
2025-12-15 12:04:54,086 [INFO] PluginManage:359 - Loaded plugin ddr (category:tool,tabindex:6)
2025-12-15 12:04:54,086 [INFO] PluginManage:310 - Check plugin filemanager
2025-12-15 12:04:54,231 [INFO] PluginManage:359 - Loaded plugin filemanager (category:base,tabindex:10)
2025-12-15 12:04:54,231 [INFO] PluginManage:310 - Check plugin ipmanager
2025-12-15 12:04:54,237 [INFO] PluginManage:359 - Loaded plugin ipmanager (category:base,tabindex:5)
2025-12-15 12:04:54,237 [INFO] PluginManage:310 - Check plugin lpbam
2025-12-15 12:04:54,243 [INFO] PluginManage:359 - Loaded plugin lpbam (category:base,tabindex:0)
2025-12-15 12:04:54,243 [INFO] PluginManage:310 - Check plugin memorymap
2025-12-15 12:04:54,260 [INFO] PluginManage:359 - Loaded plugin memorymap (category:base,tabindex:4)
2025-12-15 12:04:54,260 [INFO] PluginManage:310 - Check plugin pinoutandconfiguration
2025-12-15 12:04:54,269 [INFO] PluginManage:359 - Loaded plugin pinoutandconfiguration (category:base,tabindex:1)
2025-12-15 12:04:54,269 [INFO] PluginManage:310 - Check plugin pinoutconfig
2025-12-15 12:04:54,345 [WARN] SupportedApi:132 - Cannot load RTOS API schema: s4s-elt-must-match.1: The content of 'definitions' must match (annotation?, (simpleType | complexType)?, (unique | key | keyref)*)). A problem was found starting at: attribute.
2025-12-15 12:04:54,450 [INFO] PluginManage:359 - Loaded plugin pinoutconfig (category:base,tabindex:0)
2025-12-15 12:04:54,450 [INFO] PluginManage:310 - Check plugin power
2025-12-15 12:04:54,459 [INFO] PluginManage:359 - Loaded plugin power (category:power,tabindex:4)
2025-12-15 12:04:54,459 [INFO] PluginManage:310 - Check plugin projectmanager
2025-12-15 12:04:54,474 [INFO] PluginManage:359 - Loaded plugin projectmanager (category:projectmanager,tabindex:4)
2025-12-15 12:04:54,474 [INFO] PluginManage:310 - Check plugin rif
2025-12-15 12:04:54,483 [INFO] PluginManage:359 - Loaded plugin rif (category:base,tabindex:3)
2025-12-15 12:04:54,483 [INFO] PluginManage:310 - Check plugin thirdparty
2025-12-15 12:04:54,590 [WARN] IntegrityCheckThread:84 - waiting for thirdparty lock release [integrity check]
2025-12-15 12:04:54,590 [INFO] IntegrityCheckThread:86 - entering critical section [integrity check]
2025-12-15 12:04:54,591 [INFO] ThirdPartyUpdaterWithRetryManager:70 - Updater plugin not ready yet. [1/15]
2025-12-15 12:04:54,591 [INFO] PluginManage:359 - Loaded plugin thirdparty (category:base,tabindex:-1)
2025-12-15 12:04:54,591 [INFO] PluginManage:310 - Check plugin tools
2025-12-15 12:04:54,595 [INFO] PluginManage:359 - Loaded plugin tools (category:base,tabindex:7)
2025-12-15 12:04:54,595 [INFO] PluginManage:310 - Check plugin tutovideos
2025-12-15 12:04:54,765 [INFO] PluginManage:359 - Loaded plugin tutovideos (category:base,tabindex:-1)
2025-12-15 12:04:54,765 [INFO] PluginManage:310 - Check plugin updater
2025-12-15 12:04:54,783 [INFO] PluginManage:359 - Loaded plugin updater (category:base,tabindex:12)
2025-12-15 12:04:54,783 [INFO] PluginManage:310 - Check plugin userauth
2025-12-15 12:04:54,787 [INFO] UserAuth:118 - Init User Auth plugin
2025-12-15 12:04:54,788 [INFO] PluginManage:359 - Loaded plugin userauth (category:base,tabindex:14)
2025-12-15 12:04:54,788 [INFO] PluginManage:283 - PluginManage : Loaded plugins [18]
2025-12-15 12:04:54,966 [INFO] PinOutPanel:1589 - setPackage(No Configuration,No Configuration)
2025-12-15 12:04:55,066 [INFO] CADModel:165 - CPN selected for project level
2025-12-15 12:04:55,066 [INFO] CADModel:114 - Register for checkConnection events
2025-12-15 12:04:55,082 [INFO] IPUIPlugin:80 - create IPUIPlugin
2025-12-15 12:04:55,083 [INFO] PluginManager:220 - loadIPPluginJar : add adc
2025-12-15 12:04:55,087 [INFO] IPUIPlugin:80 - create IPUIPlugin
2025-12-15 12:04:55,087 [INFO] PluginManager:220 - loadIPPluginJar : add aes
2025-12-15 12:04:55,090 [INFO] IPUIPlugin:80 - create IPUIPlugin
2025-12-15 12:04:55,091 [INFO] PluginManager:220 - loadIPPluginJar : add can
2025-12-15 12:04:55,092 [INFO] IPUIPlugin:80 - create IPUIPlugin
2025-12-15 12:04:55,093 [INFO] PluginManager:220 - loadIPPluginJar : add comp
2025-12-15 12:04:55,095 [INFO] IPUIPlugin:80 - create IPUIPlugin
2025-12-15 12:04:55,095 [INFO] PluginManager:220 - loadIPPluginJar : add cryp
2025-12-15 12:04:55,098 [INFO] IPUIPlugin:80 - create IPUIPlugin
2025-12-15 12:04:55,099 [INFO] PluginManager:220 - loadIPPluginJar : add ddr_ctrl_phy
2025-12-15 12:04:55,102 [INFO] IPUIPlugin:80 - create IPUIPlugin
2025-12-15 12:04:55,102 [INFO] PluginManager:220 - loadIPPluginJar : add dfsdm
2025-12-15 12:04:55,108 [INFO] IPUIPlugin:80 - create IPUIPlugin
2025-12-15 12:04:55,108 [INFO] PluginManager:220 - loadIPPluginJar : add dma
2025-12-15 12:04:55,111 [INFO] IPUIPlugin:80 - create IPUIPlugin
2025-12-15 12:04:55,111 [INFO] PluginManager:220 - loadIPPluginJar : add dma3
2025-12-15 12:04:55,113 [INFO] IPUIPlugin:80 - create IPUIPlugin
2025-12-15 12:04:55,113 [INFO] PluginManager:220 - loadIPPluginJar : add extmemmanager
2025-12-15 12:04:55,115 [INFO] IPUIPlugin:80 - create IPUIPlugin
2025-12-15 12:04:55,115 [INFO] PluginManager:220 - loadIPPluginJar : add fatfs
2025-12-15 12:04:55,121 [INFO] IPUIPlugin:80 - create IPUIPlugin
2025-12-15 12:04:55,121 [INFO] PluginManager:220 - loadIPPluginJar : add fmc
2025-12-15 12:04:55,127 [INFO] IPUIPlugin:80 - create IPUIPlugin
2025-12-15 12:04:55,128 [INFO] PluginManager:220 - loadIPPluginJar : add freertos
2025-12-15 12:04:55,129 [INFO] IPUIPlugin:80 - create IPUIPlugin
2025-12-15 12:04:55,129 [INFO] PluginManager:220 - loadIPPluginJar : add genericplugin
2025-12-15 12:04:55,131 [INFO] IPUIPlugin:80 - create IPUIPlugin
2025-12-15 12:04:55,131 [INFO] PluginManager:220 - loadIPPluginJar : add gfxmmu
2025-12-15 12:04:55,135 [INFO] IPUIPlugin:80 - create IPUIPlugin
2025-12-15 12:04:55,135 [INFO] PluginManager:220 - loadIPPluginJar : add gic
2025-12-15 12:04:55,139 [INFO] IPUIPlugin:80 - create IPUIPlugin
2025-12-15 12:04:55,140 [INFO] PluginManager:220 - loadIPPluginJar : add gpio
2025-12-15 12:04:55,143 [INFO] IPUIPlugin:80 - create IPUIPlugin
2025-12-15 12:04:55,143 [INFO] PluginManager:220 - loadIPPluginJar : add gtzc
2025-12-15 12:04:55,146 [INFO] IPUIPlugin:80 - create IPUIPlugin
2025-12-15 12:04:55,146 [INFO] PluginManager:220 - loadIPPluginJar : add hash
2025-12-15 12:04:55,148 [INFO] IPUIPlugin:80 - create IPUIPlugin
2025-12-15 12:04:55,149 [INFO] PluginManager:220 - loadIPPluginJar : add i2c
2025-12-15 12:04:55,152 [INFO] IPUIPlugin:80 - create IPUIPlugin
2025-12-15 12:04:55,152 [INFO] PluginManager:220 - loadIPPluginJar : add i2s
2025-12-15 12:04:55,156 [INFO] IPUIPlugin:80 - create IPUIPlugin
2025-12-15 12:04:55,156 [INFO] PluginManager:220 - loadIPPluginJar : add i3c
2025-12-15 12:04:55,159 [INFO] IPUIPlugin:80 - create IPUIPlugin
2025-12-15 12:04:55,159 [INFO] PluginManager:220 - loadIPPluginJar : add ipddr
2025-12-15 12:04:55,166 [INFO] IPUIPlugin:80 - create IPUIPlugin
2025-12-15 12:04:55,167 [INFO] PluginManager:220 - loadIPPluginJar : add linkedlist
2025-12-15 12:04:55,171 [INFO] IPUIPlugin:80 - create IPUIPlugin
2025-12-15 12:04:55,171 [INFO] PluginManager:220 - loadIPPluginJar : add lorawan
2025-12-15 12:04:55,173 [INFO] IPUIPlugin:80 - create IPUIPlugin
2025-12-15 12:04:55,173 [INFO] PluginManager:220 - loadIPPluginJar : add ltdc
2025-12-15 12:04:55,178 [INFO] IPUIPlugin:80 - create IPUIPlugin
2025-12-15 12:04:55,178 [INFO] PluginManager:220 - loadIPPluginJar : add mdma
2025-12-15 12:04:55,181 [INFO] IPUIPlugin:80 - create IPUIPlugin
2025-12-15 12:04:55,181 [INFO] PluginManager:220 - loadIPPluginJar : add nvic
2025-12-15 12:04:55,184 [INFO] IPUIPlugin:80 - create IPUIPlugin
2025-12-15 12:04:55,184 [INFO] PluginManager:220 - loadIPPluginJar : add opamp
2025-12-15 12:04:55,187 [INFO] IPUIPlugin:80 - create IPUIPlugin
2025-12-15 12:04:55,187 [INFO] PluginManager:220 - loadIPPluginJar : add openamp
2025-12-15 12:04:55,191 [INFO] IPUIPlugin:80 - create IPUIPlugin
2025-12-15 12:04:55,191 [INFO] PluginManager:220 - loadIPPluginJar : add pdm2pcm
2025-12-15 12:04:55,197 [INFO] IPUIPlugin:80 - create IPUIPlugin
2025-12-15 12:04:55,199 [INFO] PluginManager:220 - loadIPPluginJar : add plateformsettings
2025-12-15 12:04:55,201 [INFO] IPUIPlugin:80 - create IPUIPlugin
2025-12-15 12:04:55,201 [INFO] PluginManager:220 - loadIPPluginJar : add quadspi
2025-12-15 12:04:55,203 [INFO] IPUIPlugin:80 - create IPUIPlugin
2025-12-15 12:04:55,205 [INFO] PluginManager:220 - loadIPPluginJar : add radio
2025-12-15 12:04:55,209 [INFO] IPUIPlugin:80 - create IPUIPlugin
2025-12-15 12:04:55,209 [INFO] PluginManager:220 - loadIPPluginJar : add resmgrutility
2025-12-15 12:04:55,212 [INFO] IPUIPlugin:80 - create IPUIPlugin
2025-12-15 12:04:55,212 [INFO] PluginManager:220 - loadIPPluginJar : add sai
2025-12-15 12:04:55,214 [INFO] IPUIPlugin:80 - create IPUIPlugin
2025-12-15 12:04:55,214 [INFO] PluginManager:220 - loadIPPluginJar : add spi
2025-12-15 12:04:55,220 [INFO] IPUIPlugin:80 - create IPUIPlugin
2025-12-15 12:04:55,220 [INFO] PluginManager:220 - loadIPPluginJar : add stm32_wpan
2025-12-15 12:04:55,222 [INFO] IPUIPlugin:80 - create IPUIPlugin
2025-12-15 12:04:55,222 [INFO] PluginManager:220 - loadIPPluginJar : add tim
2025-12-15 12:04:55,225 [INFO] IPUIPlugin:80 - create IPUIPlugin
2025-12-15 12:04:55,226 [INFO] PluginManager:220 - loadIPPluginJar : add touchsensing
2025-12-15 12:04:55,228 [INFO] IPUIPlugin:80 - create IPUIPlugin
2025-12-15 12:04:55,228 [INFO] PluginManager:220 - loadIPPluginJar : add tracer_emb
2025-12-15 12:04:55,230 [INFO] IPUIPlugin:80 - create IPUIPlugin
2025-12-15 12:04:55,230 [INFO] PluginManager:220 - loadIPPluginJar : add ts
2025-12-15 12:04:55,232 [INFO] IPUIPlugin:80 - create IPUIPlugin
2025-12-15 12:04:55,232 [INFO] PluginManager:220 - loadIPPluginJar : add tsc
2025-12-15 12:04:55,235 [INFO] IPUIPlugin:80 - create IPUIPlugin
2025-12-15 12:04:55,236 [INFO] PluginManager:220 - loadIPPluginJar : add ucpd
2025-12-15 12:04:55,239 [INFO] IPUIPlugin:80 - create IPUIPlugin
2025-12-15 12:04:55,239 [INFO] PluginManager:220 - loadIPPluginJar : add usart
2025-12-15 12:04:55,242 [INFO] IPUIPlugin:80 - create IPUIPlugin
2025-12-15 12:04:55,243 [INFO] PluginManager:220 - loadIPPluginJar : add usbx
2025-12-15 12:04:55,357 [FATAL] Updater:351 - Updater called before beeing initialized
2025-12-15 12:04:55,386 [INFO] RulesReader:64 - Compatibility file has been processed (317 Rules)
2025-12-15 12:04:55,402 [INFO] RulesReader:64 - Compatibility file has been processed (317 Rules)
2025-12-15 12:04:55,416 [INFO] CADModel:165 - CPN selected for project level
2025-12-15 12:04:55,416 [INFO] CADModel:114 - Register for checkConnection events
2025-12-15 12:04:55,416 [FATAL] Updater:351 - Updater called before beeing initialized
2025-12-15 12:04:55,416 [ERROR] CADModel:125 - Updater not yet initialized, retry later 
2025-12-15 12:04:55,559 [FATAL] Updater:351 - Updater called before beeing initialized
2025-12-15 12:04:55,561 [INFO] CADModel:165 - CPN selected for project level
2025-12-15 12:04:55,561 [INFO] CADModel:114 - Register for checkConnection events
2025-12-15 12:04:55,561 [FATAL] Updater:351 - Updater called before beeing initialized
2025-12-15 12:04:55,561 [ERROR] CADModel:125 - Updater not yet initialized, retry later 
2025-12-15 12:04:55,565 [FATAL] Updater:351 - Updater called before beeing initialized
2025-12-15 12:04:55,656 [FATAL] Updater:351 - Updater called before beeing initialized
2025-12-15 12:04:55,659 [INFO] DbMcusAds:53 - JSON generation date=Mon Dec 08 19:58:09 IST 2025 (1765204089998)
2025-12-15 12:04:55,659 [FATAL] Updater:351 - Updater called before beeing initialized
2025-12-15 12:04:55,697 [WARN] DetailPanel:346 - Failed to get advertising image, set to default
2025-12-15 12:04:55,770 [FATAL] Updater:351 - Updater called before beeing initialized
2025-12-15 12:04:55,772 [FATAL] Updater:351 - Updater called before beeing initialized
2025-12-15 12:04:55,772 [FATAL] Updater:351 - Updater called before beeing initialized
2025-12-15 12:04:55,773 [WARN] DetailPanel:346 - Failed to get advertising image, set to default
2025-12-15 12:04:55,773 [FATAL] Updater:351 - Updater called before beeing initialized
2025-12-15 12:04:55,813 [ERROR] Updater:1198 - MainUpdater not yet initialized. External WinMGr cannot be set.
2025-12-15 12:04:55,815 [INFO] Updater:1134 - Updater Version found : 6.15.0
2025-12-15 12:04:55,831 [INFO] ApplicationProperties:184 - Using Application install path: C:\ST\STM32CubeIDE_1.19.0\STM32CubeIDE\plugins\com.st.stm32cube.common.mx_6.15.0.202507011659
2025-12-15 12:04:57,403 [ERROR] LogOutputStream:75 - [STDERR_REDIRECT] Dec 15, 2025 12:04:57 PM java.util.prefs.WindowsPreferences <init>
2025-12-15 12:04:57,404 [ERROR] LogOutputStream:75 - [STDERR_REDIRECT] WARNING: Could not open/create prefs root node Software\JavaSoft\Prefs at root 0xffffffff80000002. Windows RegCreateKeyEx(...) returned error code 5.
2025-12-15 12:04:57,404 [ERROR] LogOutputStream:75 - [STDERR_REDIRECT] 
2025-12-15 12:04:57,592 [INFO] ThirdPartyUpdaterWithRetryManager:70 - Updater plugin not ready yet. [2/15]
2025-12-15 12:04:57,987 [INFO] MainUpdater:2872 - connection check result : 10
2025-12-15 12:04:57,988 [INFO] MainUpdater:289 - Updater Check For Update Now.
2025-12-15 12:04:57,988 [INFO] MicroXplorer:498 - Change Database Version : DB.6.0.150
2025-12-15 12:04:57,994 [INFO] McuFinderGlobals:63 - Set McuFinder mode to 2 (CubeIDE integrated)
2025-12-15 12:04:57,995 [INFO] UserAuth:171 - activating auth plugin
2025-12-15 12:04:58,000 [INFO] UserAuth:487 - Internet connection configuration mode: 1
2025-12-15 12:04:58,052 [INFO] JxBrowserEngine:152 - Initiate JxBrowser Engine with user profile folder
2025-12-15 12:04:58,168 [INFO] CheckServerUpdateThread:120 - End of CheckServer Thread
2025-12-15 12:04:59,237 [INFO] WebApp:169 - Instantiating new browser for Auth
2025-12-15 12:04:59,930 [INFO] WebApp:463 - Apply proxy settings
2025-12-15 12:04:59,930 [INFO] WebApp:548 - Chromium requires no authentication
2025-12-15 12:04:59,942 [INFO] WebApp:491 - Direct internet connection detected
2025-12-15 12:04:59,963 [INFO] WebApp:900 - Register for checkConnection events
2025-12-15 12:04:59,963 [INFO] WebApp:463 - Apply proxy settings
2025-12-15 12:04:59,963 [INFO] WebApp:548 - Chromium requires no authentication
2025-12-15 12:04:59,963 [INFO] WebApp:491 - Direct internet connection detected
2025-12-15 12:05:00,153 [INFO] WebApp:225 - Starting web application
2025-12-15 12:05:00,154 [INFO] WebApp:593 - Web application path used C:\ST\STM32CubeIDE_1.19.0\STM32CubeIDE\plugins\com.st.stm32cube.common.mx_6.15.0.202507011659\db\plugins\mcufinder\reactClient1\index.html
2025-12-15 12:05:00,774 [WARN] PackLoader:240 - Cannot read IP mode file for STMicroelectronics.FP-SNS-MOTENVWB1.1.4.0
2025-12-15 12:05:00,780 [WARN] PackLoader:240 - Cannot read IP mode file for STMicroelectronics.FP-ATR-ASTRA1.2.0.2
2025-12-15 12:05:00,788 [WARN] PackLoader:240 - Cannot read IP mode file for STMicroelectronics.X-CUBE-SMBUS.2.1.0
2025-12-15 12:05:00,815 [WARN] PackLoader:240 - Cannot read IP mode file for STMicroelectronics.X-CUBE-AZRTOS-F7.1.1.0
2025-12-15 12:05:00,829 [WARN] PackLoader:240 - Cannot read IP mode file for STMicroelectronics.X-CUBE-DISPLAY.3.0.0
2025-12-15 12:05:00,845 [WARN] PackLoader:240 - Cannot read IP mode file for STMicroelectronics.X-CUBE-NFC10.1.0.0
2025-12-15 12:05:00,864 [WARN] PackLoader:240 - Cannot read IP mode file for STMicroelectronics.FP-SNS-SMARTAG2.1.2.0
2025-12-15 12:05:00,876 [WARN] PackLoader:240 - Cannot read IP mode file for STMicroelectronics.FP-SNS-FLIGHT1.5.1.0
2025-12-15 12:05:00,890 [INFO] LogOutputStream:77 - [STDOUT_REDIRECT] 1 : Invalid condition id : UX_CORESTACK_Condition cause : null
2025-12-15 12:05:00,891 [INFO] LogOutputStream:77 - [STDOUT_REDIRECT] 1 : Invalid condition id : UX_CORESTACK_Condition cause : null
2025-12-15 12:05:00,893 [INFO] LogOutputStream:77 - [STDOUT_REDIRECT] 1 : Invalid condition id : UX_CORESTACK_Condition cause : null
2025-12-15 12:05:00,894 [INFO] LogOutputStream:77 - [STDOUT_REDIRECT] 1 : Invalid condition id : UX_CORESTACK_Condition cause : null
2025-12-15 12:05:00,896 [INFO] LogOutputStream:77 - [STDOUT_REDIRECT] 1 : Invalid condition id : UX_CORESTACK_Condition cause : null
2025-12-15 12:05:00,901 [WARN] PackLoader:240 - Cannot read IP mode file for STMicroelectronics.X-CUBE-AZRTOS-WL.2.0.0
2025-12-15 12:05:00,910 [WARN] PackLoader:240 - Cannot read IP mode file for STMicroelectronics.X-CUBE-BLE2.3.3.0
2025-12-15 12:05:00,918 [WARN] PackLoader:240 - Cannot read IP mode file for STMicroelectronics.X-CUBE-NFC9.1.0.0
2025-12-15 12:05:00,926 [WARN] PackLoader:240 - Cannot read IP mode file for STMicroelectronics.X-CUBE-BLE1.7.1.0
2025-12-15 12:05:00,942 [WARN] PackLoader:240 - Cannot read IP mode file for STMicroelectronics.X-CUBE-AZRTOS-G0.1.1.0
2025-12-15 12:05:00,950 [WARN] PackLoader:240 - Cannot read IP mode file for STMicroelectronics.X-CUBE-NFC4.3.0.0
2025-12-15 12:05:00,956 [WARN] PackLoader:240 - Cannot read IP mode file for STMicroelectronics.X-CUBE-WB05N.2.0.0
2025-12-15 12:05:00,974 [WARN] PackLoader:240 - Cannot read IP mode file for STMicroelectronics.X-CUBE-TCPP.4.2.0
2025-12-15 12:05:00,982 [WARN] PackLoader:240 - Cannot read IP mode file for STMicroelectronics.FP-ATR-SIGFOX1.3.2.0
2025-12-15 12:05:00,991 [WARN] PackLoader:240 - Cannot read IP mode file for STMicroelectronics.X-CUBE-ALGOBUILD.1.4.0
2025-12-15 12:05:00,998 [WARN] PackLoader:240 - Cannot read IP mode file for STMicroelectronics.X-CUBE-PM33A1.1.0.0
2025-12-15 12:05:01,010 [WARN] PackLoader:240 - Cannot read IP mode file for STMicroelectronics.X-CUBE-AZRTOS-F4.1.1.0
2025-12-15 12:05:01,016 [WARN] PackLoader:240 - Cannot read IP mode file for STMicroelectronics.X-CUBE-ISPU.2.1.0
2025-12-15 12:05:01,028 [WARN] PackLoader:240 - Cannot read IP mode file for STMicroelectronics.X-CUBE-AZRTOS-L5.2.0.0
2025-12-15 12:05:01,039 [WARN] PackLoader:240 - Cannot read IP mode file for STMicroelectronics.X-CUBE-NFC6.3.1.0
2025-12-15 12:05:01,046 [WARN] PackLoader:240 - Cannot read IP mode file for STMicroelectronics.X-CUBE-DPower.1.3.0
2025-12-15 12:05:01,057 [WARN] ConditionMgr:438 - getConditionDescription Invalid condition id : LAN8742 Phy interface Condition cause : null
2025-12-15 12:05:01,057 [WARN] PackLoader:240 - Cannot read IP mode file for STMicroelectronics.X-CUBE-AZRTOS-L4.2.0.0
2025-12-15 12:05:01,058 [WARN] ConditionMgr:1044 - genDependencies : Invalid condition id : LAN8742 Phy interface Condition cause : null
2025-12-15 12:05:01,059 [WARN] ConditionMgr:1044 - genDependencies : Invalid condition id : LAN8742 Phy interface Condition cause : null
2025-12-15 12:05:01,059 [WARN] ConditionMgr:1044 - genDependencies : Invalid condition id : LAN8742 Phy interface Condition cause : null
2025-12-15 12:05:01,066 [WARN] PackLoader:240 - Cannot read IP mode file for STMicroelectronics.X-CUBE-SFXS2LP1.4.0.0
2025-12-15 12:05:01,074 [WARN] ConditionMgr:438 - getConditionDescription Invalid condition id : UX DEVICE CLASS RTOS Condition cause : null
2025-12-15 12:05:01,074 [WARN] ConditionMgr:438 - getConditionDescription Invalid condition id : UX DEVICE CLASS RTOS Condition cause : null
2025-12-15 12:05:01,075 [WARN] PackLoader:240 - Cannot read IP mode file for STMicroelectronics.X-CUBE-AZRTOS-WB.2.0.0
2025-12-15 12:05:01,076 [WARN] ConditionMgr:1044 - genDependencies : Invalid condition id : UX DEVICE CLASS RTOS Condition cause : null
2025-12-15 12:05:01,076 [WARN] ConditionMgr:1044 - genDependencies : Invalid condition id : UX DEVICE CLASS RTOS Condition cause : null
2025-12-15 12:05:01,076 [WARN] ConditionMgr:1044 - genDependencies : Invalid condition id : UX DEVICE CLASS RTOS Condition cause : null
2025-12-15 12:05:01,076 [WARN] ConditionMgr:1044 - genDependencies : Invalid condition id : UX DEVICE CLASS RTOS Condition cause : null
2025-12-15 12:05:01,076 [WARN] ConditionMgr:1044 - genDependencies : Invalid condition id : UX DEVICE CLASS RTOS Condition cause : null
2025-12-15 12:05:01,089 [WARN] PackLoader:240 - Cannot read IP mode file for STMicroelectronics.X-CUBE-SUBG2.5.0.0
2025-12-15 12:05:01,110 [WARN] PackLoader:240 - Cannot read IP mode file for STMicroelectronics.X-CUBE-AZRTOS-G4.2.0.0
2025-12-15 12:05:01,118 [WARN] PackLoader:240 - Cannot read IP mode file for STMicroelectronics.X-CUBE-NFC7.2.0.0
2025-12-15 12:05:01,123 [WARN] PackLoader:240 - Cannot read IP mode file for STMicroelectronics.X-CUBE-ALS.1.0.2
2025-12-15 12:05:01,132 [WARN] PackLoader:240 - Cannot read IP mode file for STMicroelectronics.X-CUBE-TOF1.3.4.3
2025-12-15 12:05:01,134 [INFO] WebApp:191 - Connection restablished
2025-12-15 12:05:01,139 [INFO] ThirdParty:978 - Integrity check success = true
2025-12-15 12:05:01,140 [INFO] IntegrityCheckThread:100 - exiting critical section [integrity check]
2025-12-15 12:05:01,140 [INFO] IntegrityCheckThread:103 - End integrity checks thread
2025-12-15 12:06:05,730 [INFO] McuFinderGlobals:63 - Set McuFinder mode to 2 (CubeIDE integrated)
2025-12-15 12:06:05,733 [INFO] MainUpdater:2872 - connection check result : 10
2025-12-15 12:06:05,992 [INFO] ApiDb:581 - Connected to CubeFinder SQLite database (C:\Users\aditi\.stmcufinder\plugins\mcufinder\mcu\cube-finder-db.db)
2025-12-15 12:06:06,060 [INFO] ApiDb:668 - CubeFinder database Data Model version=2.1
2025-12-15 12:06:06,060 [INFO] ApiDb:669 - CubeFinder database Configuration version=3.0.39
2025-12-15 12:06:06,061 [INFO] ApiDb:670 - CubeFinder database generation date=2025-11-05 (1762334721)
2025-12-15 12:06:06,061 [INFO] ApiDb:671 - CubeFinder database FW Pack versions=[FP-ATR-ASTRA1_V2.0.0, FP-SNS-FLIGHT1_V5.1.0, FP-SNS-MOTENV1_V5.1.0, FP-SNS-MOTENVWB1_V1.4.0, FP-SNS-SMARTAG2_V1.2.0, FP-SNS-STBOX1_V2.1.0, STM32Cube_FW_C0_V1.4.0, STM32Cube_FW_F4_V1.28.3, STM32Cube_FW_F7_V1.17.4, STM32Cube_FW_G0_V1.6.2, STM32Cube_FW_G4_V1.6.1, STM32Cube_FW_H5_V1.5.1, STM32Cube_FW_H7RS_V1.3.0, STM32Cube_FW_H7_V1.12.1, STM32Cube_FW_L0_V1.12.2, STM32Cube_FW_L4_V1.18.1, STM32Cube_FW_L5_V1.6.0, STM32Cube_FW_N6_V1.3.0, STM32Cube_FW_U0_V1.3.0, STM32Cube_FW_U3_V1.2.1, STM32Cube_FW_U5_V1.8.0, STM32Cube_FW_WB0_V1.4.0, STM32Cube_FW_WBA_V1.8.0, STM32Cube_FW_WB_V1.24.0, STM32Cube_FW_WL3_V1.3.0, STM32Cube_FW_WL_V1.4.0, X-CUBE-ALGOBUILD_V1.4.0, X-CUBE-ALS_V1.0.2, X-CUBE-AZRTOS-F4_V1.1.0, X-CUBE-AZRTOS-F7_V1.1.0, X-CUBE-AZRTOS-G0_V1.1.0, X-CUBE-AZRTOS-G4_V2.0.0, X-CUBE-AZRTOS-H7RS_V1.1.0, X-CUBE-AZRTOS-H7_V3.4.0, X-CUBE-AZRTOS-L4_V2.0.0, X-CUBE-AZRTOS-L5_V2.0.0, X-CUBE-AZRTOS-WB_V2.0.0, X-CUBE-AZRTOS-WL_V2.0.0, X-CUBE-BLE1_V7.1.0, X-CUBE-BLE2_V3.3.0, X-CUBE-BLEMGR_V4.1.0, X-CUBE-EEPRMA1_V5.2.0, X-CUBE-FREERTOS_V1.3.1, X-CUBE-GNSS1_V6.0.0, X-CUBE-MEMS1_V11.3.0, X-CUBE-NFC4_V3.0.0, X-CUBE-NFC7_V2.0.0, X-CUBE-SFXS2LP1_V4.0.0, X-CUBE-ST67W61_V1.1.0, X-CUBE-SUBG2_V5.0.0, X-CUBE-TOF1_V3.4.3]
2025-12-15 12:06:07,985 [INFO] ApiDb:240 - Found 880 in-development CPN: [B-G473E-ZEST1S, B-WB1M-WPAN1, B-WBA5M-WPAN, B-WL5M-SUBG1, NUCLEO-C031C6, NUCLEO-C051C8, NUCLEO-C071RB, NUCLEO-C092RC, NUCLEO-H503RB, NUCLEO-H533RE, NUCLEO-H563ZI, NUCLEO-H7S3L8, NUCLEO-N657X0-Q, NUCLEO-U031R8, NUCLEO-U083RC, NUCLEO-U385RG-Q, NUCLEO-U545RE-Q, NUCLEO-U5A5ZJ-Q, NUCLEO-WB05KZ, NUCLEO-WB07CC, NUCLEO-WB09KE, NUCLEO-WBA52CG, NUCLEO-WBA55CG, NUCLEO-WL33CC1, NUCLEO-WL33CC2, STEVAL-PROTEUS1, STEVAL-SMARTAG2, STEVAL-STWINBX1, STM320518-EVAL, STM32C0116-DK, STM32C011D6Y3TR, STM32C011D6Y6TR, STM32C011F4P3, STM32C011F4P6, STM32C011F4U3, STM32C011F4U6TR, STM32C011F6P3, STM32C011F6P6, STM32C011F6U3, STM32C011F6U6TR, STM32C011J4M3, STM32C011J4M6, STM32C011J6M3, STM32C011J6M6, STM32C0316-DK, STM32C031C4T3, STM32C031C4T6, STM32C031C4U3, STM32C031C4U6, STM32C031C6T3, STM32C031C6T6, STM32C031C6U3, STM32C031C6U6, STM32C031F4P3, STM32C031F4P6, STM32C031F6P3, STM32C031F6P6, STM32C031G4U3, STM32C031G4U6, STM32C031G6U3, STM32C031G6U6, STM32C031K4T3, STM32C031K4T6, STM32C031K4U3, STM32C031K4U6, STM32C031K6T3, STM32C031K6T6, STM32C031K6U3, STM32C031K6U6, STM32C051C6T6, STM32C051C6U6, STM32C051C8T6, STM32C051C8U6, STM32C051D8Y6TR, STM32C051F6P6, STM32C051F8P6, STM32C051G6U6, STM32C051G8U6, STM32C051K6T6, STM32C051K6U6, STM32C051K8T6, STM32C071C8T6, STM32C071C8T6N, STM32C071C8U6, STM32C071C8U6N, STM32C071CBT6, STM32C071CBT6N, STM32C071CBU6, STM32C071CBU6N, STM32C071F8P6, STM32C071F8P6N, STM32C071FBP6, STM32C071FBP6N, STM32C071FBY6TR, STM32C071G8U6, STM32C071G8U6N, STM32C071GBU6, STM32C071GBU6N, STM32C071K8T6, STM32C071K8T6N, STM32C071K8U6, STM32C071K8U6N, STM32C071KBT6, STM32C071KBT6N, STM32C071KBU6, STM32C071KBU6N, STM32C071R8T6, STM32C071R8T6N, STM32C071RBI6N, STM32C071RBT6, STM32C071RBT6N, STM32C091CBT6, STM32C091CBU6, STM32C091CCT6, STM32C091CCU6, STM32C091ECY6TR, STM32C091FBP6, STM32C091FCP6, STM32C091GBU6, STM32C091GCU6, STM32C091KBT6, STM32C091KBU6, STM32C091KCT6, STM32C091KCU6, STM32C091RBT6, STM32C091RCI6, STM32C091RCT6, STM32C092CBT6, STM32C092CBU6, STM32C092CCT6, STM32C092CCU6, STM32C092ECY6TR, STM32C092FBP6, STM32C092FCP6, STM32C092GBU6, STM32C092GCU6, STM32C092KBT6, STM32C092KBU6, STM32C092KCT6, STM32C092KCU6, STM32C092RBT6, STM32C092RCI6, STM32C092RCT6, STM32G071K8TXN, STM32G071K8UXN, STM32G081GBU6N, STM32G081KBT6N, STM32G081KBUXN, STM32G0B1CCT6N, STM32G0B1KCT6, STM32G0B1NEY6TR, STM32G0B1RCT6N, STM32G0C1CCT6, STM32G0C1CCT6N, STM32G0C1CCU6N, STM32G0C1CET6N, STM32G0C1CEU6N, STM32G0C1KCT6, STM32G0C1NEY6TR, STM32G0C1RCI6N, STM32G0C1RCT6N, STM32G0C1REI6N, STM32G0C1RET6N, STM32G0C1VCI6, STM32G0C1VEI6, STM32G411C6T3, STM32G411C6T6, STM32G411C6U3, STM32G411C6U6, STM32G411C8T3, STM32G411C8T6, STM32G411C8U3, STM32G411C8U6, STM32G411CBT3, STM32G411CBT6, STM32G411CBU3, STM32G411CBU6, STM32G411K6T3, STM32G411K6T6, STM32G411K6U3, STM32G411K6U6, STM32G411K8T3, STM32G411K8T6, STM32G411K8U3, STM32G411K8U6, STM32G411KBT3, STM32G411KBT6, STM32G411KBU3, STM32G411KBU6, STM32G411M6T3, STM32G411M6T6, STM32G411M8T3, STM32G411M8T6, STM32G411MBT3, STM32G411MBT6, STM32G411R6T3, STM32G411R6T6, STM32G411R8T3, STM32G411R8T6, STM32G411RBT3, STM32G411RBT6, STM32G414CBT3, STM32G414CBT6, STM32G414CBU3, STM32G414CBU6, STM32G414CCT3, STM32G414CCT6, STM32G414CCU3, STM32G414CCU6, STM32G414MBT3, STM32G414MBT6, STM32G414MCT3, STM32G414MCT6, STM32G414RBT3, STM32G414RBT6, STM32G414RCT3, STM32G414RCT6, STM32G414VBT3, STM32G414VBT6, STM32G414VCT3, STM32G414VCT6, STM32G431CBT3Z, STM32G431RBT3Z, STM32G471CCT6, STM32G471CCU6, STM32G471CET3, STM32G471CET6, STM32G471CEU3, STM32G471CEU6, STM32G471MCT6, STM32G471MET3, STM32G471MET6, STM32G471MEY6TR, STM32G471QCT6, STM32G471QET3, STM32G471RCT6, STM32G471RET3, STM32G471RET6, STM32G471VCH6, STM32G471VCI6, STM32G471VCT6, STM32G471VEH3, STM32G471VEH6, STM32G471VEI3, STM32G471VEI6, STM32G471VET3, STM32G471VET6, STM32G473QET3Z, STM32G473RET3Z, STM32G474CCT6, STM32G491RET3Z, STM32H503CBT6, STM32H503CBU6, STM32H503EBY6TR, STM32H503KBU6, STM32H503RBT6, STM32H523CCT6, STM32H523CCU6, STM32H523CET6, STM32H523CEU6, STM32H523HEY6TR, STM32H523RCT6, STM32H523RET6, STM32H523VCI6, STM32H523VCT6, STM32H523VEI6, STM32H523VET6, STM32H523ZCJ6, STM32H523ZCT6, STM32H523ZEJ6, STM32H523ZET6, STM32H533CET6, STM32H533CEU6, STM32H533HEY6TR, STM32H533RET6, STM32H533VEI6, STM32H533VET6, STM32H533ZEJ6, STM32H533ZET6, STM32H562AGI6, STM32H562AII6, STM32H562IGK6, STM32H562IGT6, STM32H562IIK6, STM32H562IIT6, STM32H562RGT6, STM32H562RGV6, STM32H562RIT6, STM32H562RIV6, STM32H562VGT6, STM32H562VIT6, STM32H562ZGT6, STM32H562ZIT6, STM32H563AGI6, STM32H563AII3Q, STM32H563AII6, STM32H563IGK6, STM32H563IGT6, STM32H563IIK3Q, STM32H563IIK6, STM32H563IIT3Q, STM32H563IIT6, STM32H563MIY3QTR, STM32H563RGT6, STM32H563RGV6, STM32H563RIT6, STM32H563RIV6, STM32H563VGT6, STM32H563VIT3Q, STM32H563VIT6, STM32H563ZGT6, STM32H563ZIT3Q, STM32H563ZIT6, STM32H573AII3Q, STM32H573AII6, STM32H573I-DK, STM32H573IIK3Q, STM32H573IIK6, STM32H573IIT3Q, STM32H573IIT6, STM32H573MIY3QTR, STM32H573RIT6, STM32H573RIV6, STM32H573VIT3Q, STM32H573VIT6, STM32H573ZIT3Q, STM32H573ZIT6, STM32H7R3A8I6, STM32H7R3I8K6, STM32H7R3I8T6, STM32H7R3L8H6, STM32H7R3L8H6H, STM32H7R3R8V6, STM32H7R3V8H6, STM32H7R3V8T6, STM32H7R3V8Y6TR, STM32H7R3Z8J6, STM32H7R3Z8T6, STM32H7R7A8I6, STM32H7R7I8K6, STM32H7R7I8T6, STM32H7R7L8H6, STM32H7R7L8H6H, STM32H7R7Z8J6, STM32H7S3A8I6, STM32H7S3I8K6, STM32H7S3I8T6, STM32H7S3L8H6, STM32H7S3L8H6H, STM32H7S3R8V6, STM32H7S3V8H6, STM32H7S3V8T6, STM32H7S3V8Y6TR, STM32H7S3Z8J6, STM32H7S3Z8T6, STM32H7S78-DK, STM32H7S7A8I6, STM32H7S7I8K6, STM32H7S7I8T6, STM32H7S7L8H6, STM32H7S7L8H6H, STM32H7S7Z8J6, STM32L4R5QGI6STR, STM32MP131AAE3, STM32MP131AAF3, STM32MP131AAG3, STM32MP131CAE3, STM32MP131CAF3, STM32MP131CAG3, STM32MP131DAE7, STM32MP131DAF7, STM32MP131DAG7, STM32MP131FAE7, STM32MP131FAF7, STM32MP131FAG7, STM32MP133AAE3, STM32MP133AAF3, STM32MP133AAG3, STM32MP133CAE3, STM32MP133CAF3, STM32MP133CAG3, STM32MP133DAE7, STM32MP133DAF7, STM32MP133DAG7, STM32MP133FAE7, STM32MP133FAF7, STM32MP133FAG7, STM32MP135AAE3, STM32MP135AAF3, STM32MP135AAG3, STM32MP135CAE3, STM32MP135CAF3, STM32MP135CAG3, STM32MP135DAE7, STM32MP135DAF7, STM32MP135DAG7, STM32MP135F-DK, STM32MP135FAE7, STM32MP135FAF7, STM32MP135FAF7T, STM32MP135FAF7U, STM32MP135FAG7, STM32MP211AAL3, STM32MP211AAM3, STM32MP211AAN3, STM32MP211AAO3, STM32MP211CAL3, STM32MP211CAM3, STM32MP211CAN3, STM32MP211CAO3, STM32MP211DAL3, STM32MP211DAM3, STM32MP211DAN3, STM32MP211DAO3, STM32MP211FAL3, STM32MP211FAM3, STM32MP211FAN3, STM32MP211FAO3, STM32MP213AAL3, STM32MP213AAM3, STM32MP213AAN3, STM32MP213AAO3, STM32MP213CAL3, STM32MP213CAM3, STM32MP213CAN3, STM32MP213CAO3, STM32MP213DAL3, STM32MP213DAM3, STM32MP213DAN3, STM32MP213DAO3, STM32MP213FAL3, STM32MP213FAM3, STM32MP213FAN3, STM32MP213FAO3, STM32MP215AAL3, STM32MP215AAM3, STM32MP215AAN3, STM32MP215AAO3, STM32MP215CAL3, STM32MP215CAM3, STM32MP215CAN3, STM32MP215CAO3, STM32MP215DAL3, STM32MP215DAM3, STM32MP215DAN3, STM32MP215DAO3, STM32MP215F-DK, STM32MP215FAL3, STM32MP215FAM3, STM32MP215FAN3, STM32MP215FAO3, STM32MP231AAJ3, STM32MP231AAK3, STM32MP231AAL3, STM32MP231CAJ3, STM32MP231CAK3, STM32MP231CAL3, STM32MP231DAJ3, STM32MP231DAK3, STM32MP231DAL3, STM32MP231FAJ3, STM32MP231FAK3, STM32MP231FAL3, STM32MP233AAJ3, STM32MP233AAK3, STM32MP233AAL3, STM32MP233CAJ3, STM32MP233CAK3, STM32MP233CAL3, STM32MP233DAJ3, STM32MP233DAK3, STM32MP233DAL3, STM32MP233FAJ3, STM32MP233FAK3, STM32MP233FAL3, STM32MP235AAJ3, STM32MP235AAK3, STM32MP235AAL3, STM32MP235CAJ3, STM32MP235CAK3, STM32MP235CAL3, STM32MP235DAJ3, STM32MP235DAK3, STM32MP235DAL3, STM32MP235FAJ3, STM32MP235FAK3, STM32MP235FAL3, STM32MP251AAI3, STM32MP251AAK3, STM32MP251AAL3, STM32MP251CAI3, STM32MP251CAK3, STM32MP251CAL3, STM32MP251DAI3, STM32MP251DAK3, STM32MP251DAL3, STM32MP251FAI3, STM32MP251FAK3, STM32MP251FAL3, STM32MP253AAI3, STM32MP253AAK3, STM32MP253AAL3, STM32MP253CAI3, STM32MP253CAK3, STM32MP253CAL3, STM32MP253DAI3, STM32MP253DAK3, STM32MP253DAL3, STM32MP253FAI3, STM32MP253FAK3, STM32MP253FAL3, STM32MP255AAI3, STM32MP255AAK3, STM32MP255AAL3, STM32MP255CAI3, STM32MP255CAK3, STM32MP255CAL3, STM32MP255DAI3, STM32MP255DAK3, STM32MP255DAL3, STM32MP255FAI3, STM32MP255FAK3, STM32MP255FAL3, STM32MP257AAI3, STM32MP257AAK3, STM32MP257AAL3, STM32MP257CAI3, STM32MP257CAK3, STM32MP257CAL3, STM32MP257DAI3, STM32MP257DAK3, STM32MP257DAL3, STM32MP257F-DK, STM32MP257F-EV1, STM32MP257FAI3, STM32MP257FAK3, STM32MP257FAL3, STM32N645A0H3Q, STM32N645B0H3Q, STM32N645I0H3Q, STM32N645L0H3Q, STM32N645X0H3Q, STM32N645Z0H3Q, STM32N647A0H3Q, STM32N647B0H3Q, STM32N647I0H3Q, STM32N647L0H3Q, STM32N647X0H3Q, STM32N647Z0H3Q, STM32N655A0H3Q, STM32N655B0H3Q, STM32N655I0H3Q, STM32N655L0H3Q, STM32N655X0H3Q, STM32N655Z0H3Q, STM32N6570-DK, STM32N657A0H3Q, STM32N657B0H3Q, STM32N657I0H3Q, STM32N657L0H3Q, STM32N657X0H3Q, STM32N657Z0H3Q, STM32U031C6T6, STM32U031C6U6, STM32U031C8T6, STM32U031C8U6, STM32U031F4P6, STM32U031F6P6, STM32U031F8P6, STM32U031G6Y6TR, STM32U031G8Y6TR, STM32U031K4U6, STM32U031K6U6, STM32U031K8U6, STM32U031R6I6, STM32U031R6T6, STM32U031R8I6, STM32U031R8T6, STM32U073C8T6, STM32U073C8U6, STM32U073CBT6, STM32U073CBU6, STM32U073CCT6, STM32U073CCU6, STM32U073H8Y6TR, STM32U073HBY6TR, STM32U073HCY6TR, STM32U073K8U6, STM32U073KBU6, STM32U073KCU6, STM32U073M8I6, STM32U073M8T6, STM32U073MBI6, STM32U073MBT6, STM32U073MCI6, STM32U073MCT6, STM32U073R8I6, STM32U073R8T6, STM32U073RBI6, STM32U073RBT6, STM32U073RCI6, STM32U073RCT6, STM32U083C-DK, STM32U083CCT6, STM32U083CCU6, STM32U083HCY6TR, STM32U083KCU6, STM32U083MCI6, STM32U083MCT6, STM32U083RCI6, STM32U083RCT6, STM32U375CET6, STM32U375CET6Q, STM32U375CEU6, STM32U375CEU6Q, STM32U375CEY6QTR, STM32U375CGT6, STM32U375CGT6Q, STM32U375CGU6, STM32U375CGU6Q, STM32U375CGY6QTR, STM32U375KEU6, STM32U375KGU6, STM32U375REI6, STM32U375REI6Q, STM32U375RET6, STM32U375RET6Q, STM32U375REY6GTR, STM32U375REY6QTR, STM32U375RGI6, STM32U375RGI6Q, STM32U375RGT6, STM32U375RGT6Q, STM32U375RGY6GTR, STM32U375RGY6QTR, STM32U375VEI6, STM32U375VEI6Q, STM32U375VET6, STM32U375VET6Q, STM32U375VGI6, STM32U375VGI6Q, STM32U375VGT6, STM32U375VGT6Q, STM32U385CGT6, STM32U385CGT6Q, STM32U385CGU6, STM32U385CGU6Q, STM32U385CGY6QTR, STM32U385KGU6, STM32U385RGI6, STM32U385RGI6Q, STM32U385RGT6, STM32U385RGT6Q, STM32U385RGY6GTR, STM32U385RGY6QTR, STM32U385VGI6, STM32U385VGI6Q, STM32U385VGT6, STM32U385VGT6Q, STM32U535CBT6, STM32U535CBT6Q, STM32U535CBU6, STM32U535CBU6Q, STM32U535CCT6, STM32U535CCT6Q, STM32U535CCU6, STM32U535CCU6Q, STM32U535CET6, STM32U535CET6Q, STM32U535CEU6, STM32U535CEU6Q, STM32U535JEY6QTR, STM32U535NCY6QTR, STM32U535NEY6QTR, STM32U535RBI6, STM32U535RBI6Q, STM32U535RBT6, STM32U535RBT6Q, STM32U535RCI6, STM32U535RCI6Q, STM32U535RCT6, STM32U535RCT6Q, STM32U535REI6, STM32U535REI6Q, STM32U535RET6, STM32U535RET6Q, STM32U535VCI6, STM32U535VCI6Q, STM32U535VCT6, STM32U535VCT6Q, STM32U535VEI6, STM32U535VEI6Q, STM32U535VET6, STM32U535VET6Q, STM32U545CET6, STM32U545CET6Q, STM32U545CEU6, STM32U545CEU6Q, STM32U545JEY6QTR, STM32U545NEY6QTR, STM32U545REI6, STM32U545REI6Q, STM32U545RET6, STM32U545RET6Q, STM32U545VEI6, STM32U545VEI6Q, STM32U545VET6, STM32U545VET6Q, STM32U595AIH6, STM32U595AIH6Q, STM32U595AJH6, STM32U595AJH6Q, STM32U595QII6, STM32U595QII6Q, STM32U595QJI6, STM32U595QJI6Q, STM32U595RIT6, STM32U595RIT6Q, STM32U595RJT6, STM32U595RJT6Q, STM32U595VIT6, STM32U595VIT6Q, STM32U595VJT6, STM32U595VJT6Q, STM32U595ZIT6, STM32U595ZIT6Q, STM32U595ZIY6QTR, STM32U595ZJT6, STM32U595ZJT6Q, STM32U595ZJY6QTR, STM32U599BJY6QTR, STM32U599NIH6Q, STM32U599NJH6Q, STM32U599VIT6Q, STM32U599VJT6, STM32U599VJT6Q, STM32U599ZIT6Q, STM32U599ZIY6QTR, STM32U599ZJT6Q, STM32U599ZJY6QTR, STM32U5A5AJH6, STM32U5A5AJH6Q, STM32U5A5QII3Q , STM32U5A5QJI6, STM32U5A5QJI6Q, STM32U5A5RJT6, STM32U5A5RJT6Q, STM32U5A5VJT6, STM32U5A5VJT6Q, STM32U5A5ZJT6, STM32U5A5ZJT6Q, STM32U5A5ZJY6QTR, STM32U5A9BJY6QTR, STM32U5A9J-DK, STM32U5A9NJH6Q, STM32U5A9VJT6Q, STM32U5A9ZJT6Q, STM32U5A9ZJY6QTR, STM32U5F7VIT6, STM32U5F7VIT6Q, STM32U5F7VJT6, STM32U5F7VJT6Q, STM32U5F9BJY6QTR, STM32U5F9NJH6Q, STM32U5F9VIT6Q, STM32U5F9VJT6Q, STM32U5F9ZIJ6QTR, STM32U5F9ZIT6Q, STM32U5F9ZJJ6QTR, STM32U5F9ZJT6Q, STM32U5G7VJT6, STM32U5G7VJT6Q, STM32U5G9BJY6QTR, STM32U5G9J-DK1, STM32U5G9J-DK2, STM32U5G9NJH6Q, STM32U5G9VJT6Q, STM32U5G9ZJJ6QTR, STM32U5G9ZJT6Q, STM32WB05KZV6TR, STM32WB05KZV7TR, STM32WB05TZF6TR, STM32WB05TZF7TR, STM32WB06CCF6TR, STM32WB06CCF7TR, STM32WB06CCV6TR, STM32WB06CCV7TR, STM32WB06KCV6TR, STM32WB06KCV7TR, STM32WB07CCF6TR, STM32WB07CCF7TR, STM32WB07CCV6TR, STM32WB07CCV7TR, STM32WB07KCV6TR, STM32WB07KCV7TR, STM32WB09KEV6TR, STM32WB09KEV7TR, STM32WB09TEF6TR, STM32WB09TEF7TR, STM32WB1MMCH6, STM32WBA50KGU6, STM32WBA50KGU6TR, STM32WBA52CEU6, STM32WBA52CEU6TR, STM32WBA52CEU7, STM32WBA52CEU7TR, STM32WBA52CGU6, STM32WBA52CGU6TR, STM32WBA52CGU6U, STM32WBA52CGU7, STM32WBA52CGU7TR, STM32WBA52KEU6, STM32WBA52KEU6TR, STM32WBA52KGU6, STM32WBA52KGU6TR, STM32WBA54CEU6, STM32WBA54CEU6TR, STM32WBA54CEU7, STM32WBA54CEU7TR, STM32WBA54CGU6, STM32WBA54CGU6TR, STM32WBA54CGU7, STM32WBA54CGU7TR, STM32WBA54KEU6, STM32WBA54KEU6TR, STM32WBA54KEU7, STM32WBA54KEU7TR, STM32WBA54KGU6, STM32WBA54KGU6TR, STM32WBA54KGU7, STM32WBA54KGU7TR, STM32WBA55CEU6, STM32WBA55CEU6TR, STM32WBA55CEU7, STM32WBA55CEU7TR, STM32WBA55CGU6, STM32WBA55CGU6TR, STM32WBA55CGU6U, STM32WBA55CGU7, STM32WBA55CGU7TR, STM32WBA55G-DK1, STM32WBA55HEF6, STM32WBA55HEF7, STM32WBA55HGF6, STM32WBA55HGF7, STM32WBA55UEI6, STM32WBA55UEI6TR, STM32WBA55UEI7, STM32WBA55UEI7TR, STM32WBA55UGI6, STM32WBA55UGI6TR, STM32WBA55UGI7, STM32WBA55UGI7TR, STM32WBA5MMGH6TR, STM32WBA62MGF6, STM32WBA62MIF6, STM32WBA65MGF7, STM32WBA65MIF6, STM32WBA65MIF7, STM32WL30K8V6, STM32WL30KBV6, STM32WL31C8V6, STM32WL31CBV6, STM32WL31K8V6, STM32WL31KBV6, STM32WL33C8V6, STM32WL33C8V6X, STM32WL33CBV6, STM32WL33CBV6X, STM32WL33CCV6, STM32WL33CCV6A, STM32WL33CCV6X, STM32WL33K8V7, STM32WL33K8V7X, STM32WL33KBV7 , STM32WL33KBV7X, STM32WL33KCV7, STM32WL33KCV7X, STM32WL5MOCH6, STM32WL5MOCH6TR]
2025-12-15 12:06:07,997 [INFO] DbMcus:218 - Found 4876 MCUs, 4876 are supported
2025-12-15 12:06:07,998 [INFO] ApiDb:423 - Load user favorites file C:\Users\aditi/.stm32cubeide/favorites.mcus.txt: 0 item(s)
2025-12-15 12:06:07,998 [INFO] ApiDb:427 - User favorites MCUs=[]
2025-12-15 12:06:07,998 [INFO] DbMcus:224 - Set 0 / 0 favorites MCUs
2025-12-15 12:06:08,279 [INFO] ApiDb:668 - CubeFinder database Data Model version=2.1
2025-12-15 12:06:08,279 [INFO] ApiDb:669 - CubeFinder database Configuration version=3.0.39
2025-12-15 12:06:08,279 [INFO] ApiDb:670 - CubeFinder database generation date=2025-11-05 (1762334721)
2025-12-15 12:06:08,279 [INFO] ApiDb:671 - CubeFinder database FW Pack versions=[FP-ATR-ASTRA1_V2.0.0, FP-SNS-FLIGHT1_V5.1.0, FP-SNS-MOTENV1_V5.1.0, FP-SNS-MOTENVWB1_V1.4.0, FP-SNS-SMARTAG2_V1.2.0, FP-SNS-STBOX1_V2.1.0, STM32Cube_FW_C0_V1.4.0, STM32Cube_FW_F4_V1.28.3, STM32Cube_FW_F7_V1.17.4, STM32Cube_FW_G0_V1.6.2, STM32Cube_FW_G4_V1.6.1, STM32Cube_FW_H5_V1.5.1, STM32Cube_FW_H7RS_V1.3.0, STM32Cube_FW_H7_V1.12.1, STM32Cube_FW_L0_V1.12.2, STM32Cube_FW_L4_V1.18.1, STM32Cube_FW_L5_V1.6.0, STM32Cube_FW_N6_V1.3.0, STM32Cube_FW_U0_V1.3.0, STM32Cube_FW_U3_V1.2.1, STM32Cube_FW_U5_V1.8.0, STM32Cube_FW_WB0_V1.4.0, STM32Cube_FW_WBA_V1.8.0, STM32Cube_FW_WB_V1.24.0, STM32Cube_FW_WL3_V1.3.0, STM32Cube_FW_WL_V1.4.0, X-CUBE-ALGOBUILD_V1.4.0, X-CUBE-ALS_V1.0.2, X-CUBE-AZRTOS-F4_V1.1.0, X-CUBE-AZRTOS-F7_V1.1.0, X-CUBE-AZRTOS-G0_V1.1.0, X-CUBE-AZRTOS-G4_V2.0.0, X-CUBE-AZRTOS-H7RS_V1.1.0, X-CUBE-AZRTOS-H7_V3.4.0, X-CUBE-AZRTOS-L4_V2.0.0, X-CUBE-AZRTOS-L5_V2.0.0, X-CUBE-AZRTOS-WB_V2.0.0, X-CUBE-AZRTOS-WL_V2.0.0, X-CUBE-BLE1_V7.1.0, X-CUBE-BLE2_V3.3.0, X-CUBE-BLEMGR_V4.1.0, X-CUBE-EEPRMA1_V5.2.0, X-CUBE-FREERTOS_V1.3.1, X-CUBE-GNSS1_V6.0.0, X-CUBE-MEMS1_V11.3.0, X-CUBE-NFC4_V3.0.0, X-CUBE-NFC7_V2.0.0, X-CUBE-SFXS2LP1_V4.0.0, X-CUBE-ST67W61_V1.1.0, X-CUBE-SUBG2_V5.0.0, X-CUBE-TOF1_V3.4.3]
2025-12-15 12:06:08,331 [INFO] DbBoardsSqlite:226 - include board P-NUCLEO-WB55-NUCLEO as a kit item of type 'Nucleo-64'
2025-12-15 12:06:08,331 [INFO] DbBoardsSqlite:226 - include board P-NUCLEO-WB55-USBDONGLE as a kit item of type 'Nucleo USB Dongle'
2025-12-15 12:06:08,332 [INFO] DbBoardsSqlite:226 - include board STEVAL-IDP005V1 as a kit item of type 'Evaluation Board'
2025-12-15 12:06:08,332 [INFO] DbBoardsSqlite:226 - include board STEVAL-IDP005V2 as a kit item of type 'Evaluation Board'
2025-12-15 12:06:08,383 [INFO] ApiDb:240 - Found 880 in-development CPN: [B-G473E-ZEST1S, B-WB1M-WPAN1, B-WBA5M-WPAN, B-WL5M-SUBG1, NUCLEO-C031C6, NUCLEO-C051C8, NUCLEO-C071RB, NUCLEO-C092RC, NUCLEO-H503RB, NUCLEO-H533RE, NUCLEO-H563ZI, NUCLEO-H7S3L8, NUCLEO-N657X0-Q, NUCLEO-U031R8, NUCLEO-U083RC, NUCLEO-U385RG-Q, NUCLEO-U545RE-Q, NUCLEO-U5A5ZJ-Q, NUCLEO-WB05KZ, NUCLEO-WB07CC, NUCLEO-WB09KE, NUCLEO-WBA52CG, NUCLEO-WBA55CG, NUCLEO-WL33CC1, NUCLEO-WL33CC2, STEVAL-PROTEUS1, STEVAL-SMARTAG2, STEVAL-STWINBX1, STM320518-EVAL, STM32C0116-DK, STM32C011D6Y3TR, STM32C011D6Y6TR, STM32C011F4P3, STM32C011F4P6, STM32C011F4U3, STM32C011F4U6TR, STM32C011F6P3, STM32C011F6P6, STM32C011F6U3, STM32C011F6U6TR, STM32C011J4M3, STM32C011J4M6, STM32C011J6M3, STM32C011J6M6, STM32C0316-DK, STM32C031C4T3, STM32C031C4T6, STM32C031C4U3, STM32C031C4U6, STM32C031C6T3, STM32C031C6T6, STM32C031C6U3, STM32C031C6U6, STM32C031F4P3, STM32C031F4P6, STM32C031F6P3, STM32C031F6P6, STM32C031G4U3, STM32C031G4U6, STM32C031G6U3, STM32C031G6U6, STM32C031K4T3, STM32C031K4T6, STM32C031K4U3, STM32C031K4U6, STM32C031K6T3, STM32C031K6T6, STM32C031K6U3, STM32C031K6U6, STM32C051C6T6, STM32C051C6U6, STM32C051C8T6, STM32C051C8U6, STM32C051D8Y6TR, STM32C051F6P6, STM32C051F8P6, STM32C051G6U6, STM32C051G8U6, STM32C051K6T6, STM32C051K6U6, STM32C051K8T6, STM32C071C8T6, STM32C071C8T6N, STM32C071C8U6, STM32C071C8U6N, STM32C071CBT6, STM32C071CBT6N, STM32C071CBU6, STM32C071CBU6N, STM32C071F8P6, STM32C071F8P6N, STM32C071FBP6, STM32C071FBP6N, STM32C071FBY6TR, STM32C071G8U6, STM32C071G8U6N, STM32C071GBU6, STM32C071GBU6N, STM32C071K8T6, STM32C071K8T6N, STM32C071K8U6, STM32C071K8U6N, STM32C071KBT6, STM32C071KBT6N, STM32C071KBU6, STM32C071KBU6N, STM32C071R8T6, STM32C071R8T6N, STM32C071RBI6N, STM32C071RBT6, STM32C071RBT6N, STM32C091CBT6, STM32C091CBU6, STM32C091CCT6, STM32C091CCU6, STM32C091ECY6TR, STM32C091FBP6, STM32C091FCP6, STM32C091GBU6, STM32C091GCU6, STM32C091KBT6, STM32C091KBU6, STM32C091KCT6, STM32C091KCU6, STM32C091RBT6, STM32C091RCI6, STM32C091RCT6, STM32C092CBT6, STM32C092CBU6, STM32C092CCT6, STM32C092CCU6, STM32C092ECY6TR, STM32C092FBP6, STM32C092FCP6, STM32C092GBU6, STM32C092GCU6, STM32C092KBT6, STM32C092KBU6, STM32C092KCT6, STM32C092KCU6, STM32C092RBT6, STM32C092RCI6, STM32C092RCT6, STM32G071K8TXN, STM32G071K8UXN, STM32G081GBU6N, STM32G081KBT6N, STM32G081KBUXN, STM32G0B1CCT6N, STM32G0B1KCT6, STM32G0B1NEY6TR, STM32G0B1RCT6N, STM32G0C1CCT6, STM32G0C1CCT6N, STM32G0C1CCU6N, STM32G0C1CET6N, STM32G0C1CEU6N, STM32G0C1KCT6, STM32G0C1NEY6TR, STM32G0C1RCI6N, STM32G0C1RCT6N, STM32G0C1REI6N, STM32G0C1RET6N, STM32G0C1VCI6, STM32G0C1VEI6, STM32G411C6T3, STM32G411C6T6, STM32G411C6U3, STM32G411C6U6, STM32G411C8T3, STM32G411C8T6, STM32G411C8U3, STM32G411C8U6, STM32G411CBT3, STM32G411CBT6, STM32G411CBU3, STM32G411CBU6, STM32G411K6T3, STM32G411K6T6, STM32G411K6U3, STM32G411K6U6, STM32G411K8T3, STM32G411K8T6, STM32G411K8U3, STM32G411K8U6, STM32G411KBT3, STM32G411KBT6, STM32G411KBU3, STM32G411KBU6, STM32G411M6T3, STM32G411M6T6, STM32G411M8T3, STM32G411M8T6, STM32G411MBT3, STM32G411MBT6, STM32G411R6T3, STM32G411R6T6, STM32G411R8T3, STM32G411R8T6, STM32G411RBT3, STM32G411RBT6, STM32G414CBT3, STM32G414CBT6, STM32G414CBU3, STM32G414CBU6, STM32G414CCT3, STM32G414CCT6, STM32G414CCU3, STM32G414CCU6, STM32G414MBT3, STM32G414MBT6, STM32G414MCT3, STM32G414MCT6, STM32G414RBT3, STM32G414RBT6, STM32G414RCT3, STM32G414RCT6, STM32G414VBT3, STM32G414VBT6, STM32G414VCT3, STM32G414VCT6, STM32G431CBT3Z, STM32G431RBT3Z, STM32G471CCT6, STM32G471CCU6, STM32G471CET3, STM32G471CET6, STM32G471CEU3, STM32G471CEU6, STM32G471MCT6, STM32G471MET3, STM32G471MET6, STM32G471MEY6TR, STM32G471QCT6, STM32G471QET3, STM32G471RCT6, STM32G471RET3, STM32G471RET6, STM32G471VCH6, STM32G471VCI6, STM32G471VCT6, STM32G471VEH3, STM32G471VEH6, STM32G471VEI3, STM32G471VEI6, STM32G471VET3, STM32G471VET6, STM32G473QET3Z, STM32G473RET3Z, STM32G474CCT6, STM32G491RET3Z, STM32H503CBT6, STM32H503CBU6, STM32H503EBY6TR, STM32H503KBU6, STM32H503RBT6, STM32H523CCT6, STM32H523CCU6, STM32H523CET6, STM32H523CEU6, STM32H523HEY6TR, STM32H523RCT6, STM32H523RET6, STM32H523VCI6, STM32H523VCT6, STM32H523VEI6, STM32H523VET6, STM32H523ZCJ6, STM32H523ZCT6, STM32H523ZEJ6, STM32H523ZET6, STM32H533CET6, STM32H533CEU6, STM32H533HEY6TR, STM32H533RET6, STM32H533VEI6, STM32H533VET6, STM32H533ZEJ6, STM32H533ZET6, STM32H562AGI6, STM32H562AII6, STM32H562IGK6, STM32H562IGT6, STM32H562IIK6, STM32H562IIT6, STM32H562RGT6, STM32H562RGV6, STM32H562RIT6, STM32H562RIV6, STM32H562VGT6, STM32H562VIT6, STM32H562ZGT6, STM32H562ZIT6, STM32H563AGI6, STM32H563AII3Q, STM32H563AII6, STM32H563IGK6, STM32H563IGT6, STM32H563IIK3Q, STM32H563IIK6, STM32H563IIT3Q, STM32H563IIT6, STM32H563MIY3QTR, STM32H563RGT6, STM32H563RGV6, STM32H563RIT6, STM32H563RIV6, STM32H563VGT6, STM32H563VIT3Q, STM32H563VIT6, STM32H563ZGT6, STM32H563ZIT3Q, STM32H563ZIT6, STM32H573AII3Q, STM32H573AII6, STM32H573I-DK, STM32H573IIK3Q, STM32H573IIK6, STM32H573IIT3Q, STM32H573IIT6, STM32H573MIY3QTR, STM32H573RIT6, STM32H573RIV6, STM32H573VIT3Q, STM32H573VIT6, STM32H573ZIT3Q, STM32H573ZIT6, STM32H7R3A8I6, STM32H7R3I8K6, STM32H7R3I8T6, STM32H7R3L8H6, STM32H7R3L8H6H, STM32H7R3R8V6, STM32H7R3V8H6, STM32H7R3V8T6, STM32H7R3V8Y6TR, STM32H7R3Z8J6, STM32H7R3Z8T6, STM32H7R7A8I6, STM32H7R7I8K6, STM32H7R7I8T6, STM32H7R7L8H6, STM32H7R7L8H6H, STM32H7R7Z8J6, STM32H7S3A8I6, STM32H7S3I8K6, STM32H7S3I8T6, STM32H7S3L8H6, STM32H7S3L8H6H, STM32H7S3R8V6, STM32H7S3V8H6, STM32H7S3V8T6, STM32H7S3V8Y6TR, STM32H7S3Z8J6, STM32H7S3Z8T6, STM32H7S78-DK, STM32H7S7A8I6, STM32H7S7I8K6, STM32H7S7I8T6, STM32H7S7L8H6, STM32H7S7L8H6H, STM32H7S7Z8J6, STM32L4R5QGI6STR, STM32MP131AAE3, STM32MP131AAF3, STM32MP131AAG3, STM32MP131CAE3, STM32MP131CAF3, STM32MP131CAG3, STM32MP131DAE7, STM32MP131DAF7, STM32MP131DAG7, STM32MP131FAE7, STM32MP131FAF7, STM32MP131FAG7, STM32MP133AAE3, STM32MP133AAF3, STM32MP133AAG3, STM32MP133CAE3, STM32MP133CAF3, STM32MP133CAG3, STM32MP133DAE7, STM32MP133DAF7, STM32MP133DAG7, STM32MP133FAE7, STM32MP133FAF7, STM32MP133FAG7, STM32MP135AAE3, STM32MP135AAF3, STM32MP135AAG3, STM32MP135CAE3, STM32MP135CAF3, STM32MP135CAG3, STM32MP135DAE7, STM32MP135DAF7, STM32MP135DAG7, STM32MP135F-DK, STM32MP135FAE7, STM32MP135FAF7, STM32MP135FAF7T, STM32MP135FAF7U, STM32MP135FAG7, STM32MP211AAL3, STM32MP211AAM3, STM32MP211AAN3, STM32MP211AAO3, STM32MP211CAL3, STM32MP211CAM3, STM32MP211CAN3, STM32MP211CAO3, STM32MP211DAL3, STM32MP211DAM3, STM32MP211DAN3, STM32MP211DAO3, STM32MP211FAL3, STM32MP211FAM3, STM32MP211FAN3, STM32MP211FAO3, STM32MP213AAL3, STM32MP213AAM3, STM32MP213AAN3, STM32MP213AAO3, STM32MP213CAL3, STM32MP213CAM3, STM32MP213CAN3, STM32MP213CAO3, STM32MP213DAL3, STM32MP213DAM3, STM32MP213DAN3, STM32MP213DAO3, STM32MP213FAL3, STM32MP213FAM3, STM32MP213FAN3, STM32MP213FAO3, STM32MP215AAL3, STM32MP215AAM3, STM32MP215AAN3, STM32MP215AAO3, STM32MP215CAL3, STM32MP215CAM3, STM32MP215CAN3, STM32MP215CAO3, STM32MP215DAL3, STM32MP215DAM3, STM32MP215DAN3, STM32MP215DAO3, STM32MP215F-DK, STM32MP215FAL3, STM32MP215FAM3, STM32MP215FAN3, STM32MP215FAO3, STM32MP231AAJ3, STM32MP231AAK3, STM32MP231AAL3, STM32MP231CAJ3, STM32MP231CAK3, STM32MP231CAL3, STM32MP231DAJ3, STM32MP231DAK3, STM32MP231DAL3, STM32MP231FAJ3, STM32MP231FAK3, STM32MP231FAL3, STM32MP233AAJ3, STM32MP233AAK3, STM32MP233AAL3, STM32MP233CAJ3, STM32MP233CAK3, STM32MP233CAL3, STM32MP233DAJ3, STM32MP233DAK3, STM32MP233DAL3, STM32MP233FAJ3, STM32MP233FAK3, STM32MP233FAL3, STM32MP235AAJ3, STM32MP235AAK3, STM32MP235AAL3, STM32MP235CAJ3, STM32MP235CAK3, STM32MP235CAL3, STM32MP235DAJ3, STM32MP235DAK3, STM32MP235DAL3, STM32MP235FAJ3, STM32MP235FAK3, STM32MP235FAL3, STM32MP251AAI3, STM32MP251AAK3, STM32MP251AAL3, STM32MP251CAI3, STM32MP251CAK3, STM32MP251CAL3, STM32MP251DAI3, STM32MP251DAK3, STM32MP251DAL3, STM32MP251FAI3, STM32MP251FAK3, STM32MP251FAL3, STM32MP253AAI3, STM32MP253AAK3, STM32MP253AAL3, STM32MP253CAI3, STM32MP253CAK3, STM32MP253CAL3, STM32MP253DAI3, STM32MP253DAK3, STM32MP253DAL3, STM32MP253FAI3, STM32MP253FAK3, STM32MP253FAL3, STM32MP255AAI3, STM32MP255AAK3, STM32MP255AAL3, STM32MP255CAI3, STM32MP255CAK3, STM32MP255CAL3, STM32MP255DAI3, STM32MP255DAK3, STM32MP255DAL3, STM32MP255FAI3, STM32MP255FAK3, STM32MP255FAL3, STM32MP257AAI3, STM32MP257AAK3, STM32MP257AAL3, STM32MP257CAI3, STM32MP257CAK3, STM32MP257CAL3, STM32MP257DAI3, STM32MP257DAK3, STM32MP257DAL3, STM32MP257F-DK, STM32MP257F-EV1, STM32MP257FAI3, STM32MP257FAK3, STM32MP257FAL3, STM32N645A0H3Q, STM32N645B0H3Q, STM32N645I0H3Q, STM32N645L0H3Q, STM32N645X0H3Q, STM32N645Z0H3Q, STM32N647A0H3Q, STM32N647B0H3Q, STM32N647I0H3Q, STM32N647L0H3Q, STM32N647X0H3Q, STM32N647Z0H3Q, STM32N655A0H3Q, STM32N655B0H3Q, STM32N655I0H3Q, STM32N655L0H3Q, STM32N655X0H3Q, STM32N655Z0H3Q, STM32N6570-DK, STM32N657A0H3Q, STM32N657B0H3Q, STM32N657I0H3Q, STM32N657L0H3Q, STM32N657X0H3Q, STM32N657Z0H3Q, STM32U031C6T6, STM32U031C6U6, STM32U031C8T6, STM32U031C8U6, STM32U031F4P6, STM32U031F6P6, STM32U031F8P6, STM32U031G6Y6TR, STM32U031G8Y6TR, STM32U031K4U6, STM32U031K6U6, STM32U031K8U6, STM32U031R6I6, STM32U031R6T6, STM32U031R8I6, STM32U031R8T6, STM32U073C8T6, STM32U073C8U6, STM32U073CBT6, STM32U073CBU6, STM32U073CCT6, STM32U073CCU6, STM32U073H8Y6TR, STM32U073HBY6TR, STM32U073HCY6TR, STM32U073K8U6, STM32U073KBU6, STM32U073KCU6, STM32U073M8I6, STM32U073M8T6, STM32U073MBI6, STM32U073MBT6, STM32U073MCI6, STM32U073MCT6, STM32U073R8I6, STM32U073R8T6, STM32U073RBI6, STM32U073RBT6, STM32U073RCI6, STM32U073RCT6, STM32U083C-DK, STM32U083CCT6, STM32U083CCU6, STM32U083HCY6TR, STM32U083KCU6, STM32U083MCI6, STM32U083MCT6, STM32U083RCI6, STM32U083RCT6, STM32U375CET6, STM32U375CET6Q, STM32U375CEU6, STM32U375CEU6Q, STM32U375CEY6QTR, STM32U375CGT6, STM32U375CGT6Q, STM32U375CGU6, STM32U375CGU6Q, STM32U375CGY6QTR, STM32U375KEU6, STM32U375KGU6, STM32U375REI6, STM32U375REI6Q, STM32U375RET6, STM32U375RET6Q, STM32U375REY6GTR, STM32U375REY6QTR, STM32U375RGI6, STM32U375RGI6Q, STM32U375RGT6, STM32U375RGT6Q, STM32U375RGY6GTR, STM32U375RGY6QTR, STM32U375VEI6, STM32U375VEI6Q, STM32U375VET6, STM32U375VET6Q, STM32U375VGI6, STM32U375VGI6Q, STM32U375VGT6, STM32U375VGT6Q, STM32U385CGT6, STM32U385CGT6Q, STM32U385CGU6, STM32U385CGU6Q, STM32U385CGY6QTR, STM32U385KGU6, STM32U385RGI6, STM32U385RGI6Q, STM32U385RGT6, STM32U385RGT6Q, STM32U385RGY6GTR, STM32U385RGY6QTR, STM32U385VGI6, STM32U385VGI6Q, STM32U385VGT6, STM32U385VGT6Q, STM32U535CBT6, STM32U535CBT6Q, STM32U535CBU6, STM32U535CBU6Q, STM32U535CCT6, STM32U535CCT6Q, STM32U535CCU6, STM32U535CCU6Q, STM32U535CET6, STM32U535CET6Q, STM32U535CEU6, STM32U535CEU6Q, STM32U535JEY6QTR, STM32U535NCY6QTR, STM32U535NEY6QTR, STM32U535RBI6, STM32U535RBI6Q, STM32U535RBT6, STM32U535RBT6Q, STM32U535RCI6, STM32U535RCI6Q, STM32U535RCT6, STM32U535RCT6Q, STM32U535REI6, STM32U535REI6Q, STM32U535RET6, STM32U535RET6Q, STM32U535VCI6, STM32U535VCI6Q, STM32U535VCT6, STM32U535VCT6Q, STM32U535VEI6, STM32U535VEI6Q, STM32U535VET6, STM32U535VET6Q, STM32U545CET6, STM32U545CET6Q, STM32U545CEU6, STM32U545CEU6Q, STM32U545JEY6QTR, STM32U545NEY6QTR, STM32U545REI6, STM32U545REI6Q, STM32U545RET6, STM32U545RET6Q, STM32U545VEI6, STM32U545VEI6Q, STM32U545VET6, STM32U545VET6Q, STM32U595AIH6, STM32U595AIH6Q, STM32U595AJH6, STM32U595AJH6Q, STM32U595QII6, STM32U595QII6Q, STM32U595QJI6, STM32U595QJI6Q, STM32U595RIT6, STM32U595RIT6Q, STM32U595RJT6, STM32U595RJT6Q, STM32U595VIT6, STM32U595VIT6Q, STM32U595VJT6, STM32U595VJT6Q, STM32U595ZIT6, STM32U595ZIT6Q, STM32U595ZIY6QTR, STM32U595ZJT6, STM32U595ZJT6Q, STM32U595ZJY6QTR, STM32U599BJY6QTR, STM32U599NIH6Q, STM32U599NJH6Q, STM32U599VIT6Q, STM32U599VJT6, STM32U599VJT6Q, STM32U599ZIT6Q, STM32U599ZIY6QTR, STM32U599ZJT6Q, STM32U599ZJY6QTR, STM32U5A5AJH6, STM32U5A5AJH6Q, STM32U5A5QII3Q , STM32U5A5QJI6, STM32U5A5QJI6Q, STM32U5A5RJT6, STM32U5A5RJT6Q, STM32U5A5VJT6, STM32U5A5VJT6Q, STM32U5A5ZJT6, STM32U5A5ZJT6Q, STM32U5A5ZJY6QTR, STM32U5A9BJY6QTR, STM32U5A9J-DK, STM32U5A9NJH6Q, STM32U5A9VJT6Q, STM32U5A9ZJT6Q, STM32U5A9ZJY6QTR, STM32U5F7VIT6, STM32U5F7VIT6Q, STM32U5F7VJT6, STM32U5F7VJT6Q, STM32U5F9BJY6QTR, STM32U5F9NJH6Q, STM32U5F9VIT6Q, STM32U5F9VJT6Q, STM32U5F9ZIJ6QTR, STM32U5F9ZIT6Q, STM32U5F9ZJJ6QTR, STM32U5F9ZJT6Q, STM32U5G7VJT6, STM32U5G7VJT6Q, STM32U5G9BJY6QTR, STM32U5G9J-DK1, STM32U5G9J-DK2, STM32U5G9NJH6Q, STM32U5G9VJT6Q, STM32U5G9ZJJ6QTR, STM32U5G9ZJT6Q, STM32WB05KZV6TR, STM32WB05KZV7TR, STM32WB05TZF6TR, STM32WB05TZF7TR, STM32WB06CCF6TR, STM32WB06CCF7TR, STM32WB06CCV6TR, STM32WB06CCV7TR, STM32WB06KCV6TR, STM32WB06KCV7TR, STM32WB07CCF6TR, STM32WB07CCF7TR, STM32WB07CCV6TR, STM32WB07CCV7TR, STM32WB07KCV6TR, STM32WB07KCV7TR, STM32WB09KEV6TR, STM32WB09KEV7TR, STM32WB09TEF6TR, STM32WB09TEF7TR, STM32WB1MMCH6, STM32WBA50KGU6, STM32WBA50KGU6TR, STM32WBA52CEU6, STM32WBA52CEU6TR, STM32WBA52CEU7, STM32WBA52CEU7TR, STM32WBA52CGU6, STM32WBA52CGU6TR, STM32WBA52CGU6U, STM32WBA52CGU7, STM32WBA52CGU7TR, STM32WBA52KEU6, STM32WBA52KEU6TR, STM32WBA52KGU6, STM32WBA52KGU6TR, STM32WBA54CEU6, STM32WBA54CEU6TR, STM32WBA54CEU7, STM32WBA54CEU7TR, STM32WBA54CGU6, STM32WBA54CGU6TR, STM32WBA54CGU7, STM32WBA54CGU7TR, STM32WBA54KEU6, STM32WBA54KEU6TR, STM32WBA54KEU7, STM32WBA54KEU7TR, STM32WBA54KGU6, STM32WBA54KGU6TR, STM32WBA54KGU7, STM32WBA54KGU7TR, STM32WBA55CEU6, STM32WBA55CEU6TR, STM32WBA55CEU7, STM32WBA55CEU7TR, STM32WBA55CGU6, STM32WBA55CGU6TR, STM32WBA55CGU6U, STM32WBA55CGU7, STM32WBA55CGU7TR, STM32WBA55G-DK1, STM32WBA55HEF6, STM32WBA55HEF7, STM32WBA55HGF6, STM32WBA55HGF7, STM32WBA55UEI6, STM32WBA55UEI6TR, STM32WBA55UEI7, STM32WBA55UEI7TR, STM32WBA55UGI6, STM32WBA55UGI6TR, STM32WBA55UGI7, STM32WBA55UGI7TR, STM32WBA5MMGH6TR, STM32WBA62MGF6, STM32WBA62MIF6, STM32WBA65MGF7, STM32WBA65MIF6, STM32WBA65MIF7, STM32WL30K8V6, STM32WL30KBV6, STM32WL31C8V6, STM32WL31CBV6, STM32WL31K8V6, STM32WL31KBV6, STM32WL33C8V6, STM32WL33C8V6X, STM32WL33CBV6, STM32WL33CBV6X, STM32WL33CCV6, STM32WL33CCV6A, STM32WL33CCV6X, STM32WL33K8V7, STM32WL33K8V7X, STM32WL33KBV7 , STM32WL33KBV7X, STM32WL33KCV7, STM32WL33KCV7X, STM32WL5MOCH6, STM32WL5MOCH6TR]
2025-12-15 12:06:08,571 [INFO] BoardInfo:889 - No configuration file found for board P-NUCLEO-WB55
2025-12-15 12:06:08,572 [INFO] DbBoards:161 - Kit is not supported: P-NUCLEO-WB55
2025-12-15 12:06:08,578 [INFO] BoardInfo:889 - No configuration file found for board STEVAL-BFA001V1B
2025-12-15 12:06:08,579 [INFO] DbBoards:161 - Kit is not supported: STEVAL-BFA001V1B
2025-12-15 12:06:08,580 [INFO] BoardInfo:889 - No configuration file found for board STEVAL-BFA001V2B
2025-12-15 12:06:08,581 [INFO] DbBoards:161 - Kit is not supported: STEVAL-BFA001V2B
2025-12-15 12:06:08,747 [INFO] DbBoards:168 - Found 212 boards, 209 are supported
2025-12-15 12:06:08,747 [INFO] DbBoards:169 - Found 212 boards, 43 of them is supported for  Bsp
2025-12-15 12:06:08,749 [INFO] ApiDb:423 - Load user favorites file C:\Users\aditi/.stm32cubeide/favorites.boards.txt: 1 item(s)
2025-12-15 12:06:08,750 [INFO] ApiDb:427 - User favorites Boards=[STM32F407G-DISC1]
2025-12-15 12:06:08,750 [INFO] DbBoards:198 - Set 1 / 1 favorites Boards
2025-12-15 12:06:08,750 [INFO] McuFinderGlobals:76 - Set McuFinderConnectedMode to true
2025-12-15 12:06:08,762 [INFO] MultiScanPanel:200 - Auto-refresh data requested => check proxy status ongoing
2025-12-15 12:06:08,764 [INFO] FinderPluginLoader:96 - Searching for filters in installed packs
2025-12-15 12:06:09,916 [INFO] LoadUrlFilesThread:185 - End of LoadServerUrlFiles without Thread
2025-12-15 12:06:09,931 [INFO] DetailPanel:341 - Set advertising image to C:/Users/aditi/STM32Cube/Repository/\en.prom-st67w-expansion-board.png
2025-12-15 12:06:13,604 [INFO] MultiScanPanel:200 - Auto-refresh data requested => check proxy status ongoing
2025-12-15 12:06:13,737 [INFO] LoadUrlFilesThread:185 - End of LoadServerUrlFiles without Thread
2025-12-15 12:06:13,737 [INFO] DetailPanel:341 - Set advertising image to C:/Users/aditi/STM32Cube/Repository/\en.prom-st67w-expansion-board.png
2025-12-15 12:06:13,754 [INFO] DbBoards:642 - Loading board mini-images...
2025-12-15 12:06:15,847 [ERROR] DbBoards:659 - Image file not found for board STM32MP215F-DK: C:\Users\aditi\.stmcufinder\plugins\mcufinder//mcu//boards_images/STM32MP215F-DK.jpg
2025-12-15 12:06:15,984 [INFO] DbBoards:665 - Loaded 211 board mini-images
2025-12-15 12:06:38,803 [INFO] McuFinderGlobals:76 - Set McuFinderConnectedMode to true
2025-12-15 12:06:39,795 [INFO] ApiDb:448 - Save user favorites file C:\Users\aditi/.stm32cubeide/favorites.mcus.txt: 0 item(s)
2025-12-15 12:06:39,795 [INFO] ApiDb:452 - User favorites MCUs=[]
2025-12-15 12:06:39,796 [INFO] ApiDb:448 - Save user favorites file C:\Users\aditi/.stm32cubeide/favorites.boards.txt: 1 item(s)
2025-12-15 12:06:39,796 [INFO] ApiDb:452 - User favorites Boards=[STM32F407G-DISC1]
2025-12-15 12:06:52,053 [ERROR] LogOutputStream:75 - [STDERR_REDIRECT] 
2025-12-15 12:06:52,055 [ERROR] LogOutputStream:75 - [STDERR_REDIRECT] 
2025-12-15 12:07:03,078 [INFO] Activator:176 - 


2025-12-15 12:07:03,080 [INFO] Activator:177 - !SESSION log4j initialized
2025-12-15 12:07:06,230 [INFO] LogOutputStream:77 - [STDOUT_REDIRECT] 
2025-12-15 12:07:07,869 [INFO] ApplicationProperties:184 - Using Application install path: C:\ST\STM32CubeIDE_1.19.0\STM32CubeIDE\plugins\com.st.stm32cube.common.mx_6.15.0.202507011659
2025-12-15 12:07:07,887 [INFO] DbMcusXml:78 - Set database path to: C:\ST\STM32CubeIDE_1.19.0\STM32CubeIDE\plugins\com.st.stm32cube.common.mx_6.15.0.202507011659\\db\/mcu/
2025-12-15 12:07:07,887 [INFO] ApiDb:274 - Set plugin database path to: C:\ST\STM32CubeIDE_1.19.0\STM32CubeIDE\plugins\com.st.stm32cube.common.mx_6.15.0.202507011659\\db\/plugins/boardmanager/
2025-12-15 12:07:07,887 [WARN] ApiDb:259 - Overriding images path with different value:  => C:\ST\STM32CubeIDE_1.19.0\STM32CubeIDE\plugins\com.st.stm32cube.common.mx_6.15.0.202507011659\\db\/plugins/mcufinder/images/
2025-12-15 12:07:07,895 [INFO] ApiDb:250 - Set database path to: C:\Users\aditi\.stmcufinder\plugins\mcufinder//mcu/
2025-12-15 12:07:07,896 [INFO] DbMcusAds:125 - Set database path to: C:\Users\aditi\.stmcufinder\plugins\mcufinder//mcu/
2025-12-15 12:07:07,898 [INFO] CrossReferenceDbSqlite:203 - Set database path to: C:\Users\aditi\.stmcufinder\plugins\mcufinder//mcu/cs/
2025-12-15 12:07:07,991 [INFO] RulesReader:64 - Compatibility file has been processed (317 Rules)
2025-12-15 12:07:08,053 [INFO] DbMcusXml:78 - Set database path to: C:\ST\STM32CubeIDE_1.19.0\STM32CubeIDE\plugins\com.st.stm32cube.common.mx_6.15.0.202507011659\\db\/mcu/
2025-12-15 12:07:08,053 [INFO] ApiDb:274 - Set plugin database path to: C:\ST\STM32CubeIDE_1.19.0\STM32CubeIDE\plugins\com.st.stm32cube.common.mx_6.15.0.202507011659\\db\/plugins/boardmanager/
2025-12-15 12:07:08,053 [INFO] ApiDb:261 - Set plugin images path to: C:\ST\STM32CubeIDE_1.19.0\STM32CubeIDE\plugins\com.st.stm32cube.common.mx_6.15.0.202507011659\\db\/plugins/mcufinder/images/
2025-12-15 12:07:08,053 [WARN] DbFile:41 - Overriding database path with different value: C:\Users\aditi\.stmcufinder\plugins\mcufinder/ => C:\Users\aditi\.stmcufinder\plugins\mcufinder
2025-12-15 12:07:08,054 [INFO] ApiDb:250 - Set database path to: C:\Users\aditi\.stmcufinder\plugins\mcufinder//mcu/
2025-12-15 12:07:08,054 [WARN] DbFile:41 - Overriding database path with different value: C:\Users\aditi\.stmcufinder\plugins\mcufinder/ => C:\Users\aditi\.stmcufinder\plugins\mcufinder
2025-12-15 12:07:08,054 [INFO] DbMcusAds:125 - Set database path to: C:\Users\aditi\.stmcufinder\plugins\mcufinder//mcu/
2025-12-15 12:07:08,054 [WARN] DbFile:41 - Overriding database path with different value: C:\Users\aditi\.stmcufinder\plugins\mcufinder/ => C:\Users\aditi\.stmcufinder\plugins\mcufinder
2025-12-15 12:07:08,054 [WARN] DbFile:41 - Overriding database path with different value: C:\Users\aditi\.stmcufinder\plugins\mcufinder/ => C:\Users\aditi\.stmcufinder\plugins\mcufinder
2025-12-15 12:07:08,054 [INFO] CrossReferenceDbSqlite:203 - Set database path to: C:\Users\aditi\.stmcufinder\plugins\mcufinder//mcu/cs/
2025-12-15 12:07:08,106 [INFO] MainPanel:274 - HeapMemory: 268435456
2025-12-15 12:07:08,160 [INFO] DbMcusXml:78 - Set database path to: C:\ST\STM32CubeIDE_1.19.0\STM32CubeIDE\plugins\com.st.stm32cube.common.mx_6.15.0.202507011659\\db\/mcu/
2025-12-15 12:07:08,160 [INFO] ApiDb:274 - Set plugin database path to: C:\ST\STM32CubeIDE_1.19.0\STM32CubeIDE\plugins\com.st.stm32cube.common.mx_6.15.0.202507011659\\db\/plugins/boardmanager/
2025-12-15 12:07:08,160 [INFO] ApiDb:261 - Set plugin images path to: C:\ST\STM32CubeIDE_1.19.0\STM32CubeIDE\plugins\com.st.stm32cube.common.mx_6.15.0.202507011659\\db\/plugins/mcufinder/images/
2025-12-15 12:07:08,160 [WARN] DbFile:41 - Overriding database path with different value: C:\Users\aditi\.stmcufinder\plugins\mcufinder/ => C:\Users\aditi\.stmcufinder\plugins\mcufinder
2025-12-15 12:07:08,161 [INFO] ApiDb:250 - Set database path to: C:\Users\aditi\.stmcufinder\plugins\mcufinder//mcu/
2025-12-15 12:07:08,161 [WARN] DbFile:41 - Overriding database path with different value: C:\Users\aditi\.stmcufinder\plugins\mcufinder/ => C:\Users\aditi\.stmcufinder\plugins\mcufinder
2025-12-15 12:07:08,161 [INFO] DbMcusAds:125 - Set database path to: C:\Users\aditi\.stmcufinder\plugins\mcufinder//mcu/
2025-12-15 12:07:08,161 [WARN] DbFile:41 - Overriding database path with different value: C:\Users\aditi\.stmcufinder\plugins\mcufinder/ => C:\Users\aditi\.stmcufinder\plugins\mcufinder
2025-12-15 12:07:08,161 [WARN] DbFile:41 - Overriding database path with different value: C:\Users\aditi\.stmcufinder\plugins\mcufinder/ => C:\Users\aditi\.stmcufinder\plugins\mcufinder
2025-12-15 12:07:08,161 [INFO] CrossReferenceDbSqlite:203 - Set database path to: C:\Users\aditi\.stmcufinder\plugins\mcufinder//mcu/cs/
2025-12-15 12:07:08,176 [INFO] ApplicationProperties:184 - Using Application install path: C:\ST\STM32CubeIDE_1.19.0\STM32CubeIDE\plugins\com.st.stm32cube.common.mx_6.15.0.202507011659
2025-12-15 12:07:08,178 [INFO] PluginManage:196 - Search for loadable plugins [exclusion list=, ]
2025-12-15 12:07:08,179 [INFO] PluginManage:310 - Check plugin analytics
2025-12-15 12:07:08,370 [INFO] AnalyticsPlugin:253 - Accepted Software Licenses: 
2025-12-15 12:07:08,371 [INFO] AnalyticsPlugin:255 - Accepted CMSIS Pack Licenses: 
2025-12-15 12:07:08,371 [INFO] AnalyticsPlugin:257 - Accepted Firmware Licenses: 
2025-12-15 12:07:08,376 [INFO] PluginManage:359 - Loaded plugin analytics (category:tool,tabindex:-1)
2025-12-15 12:07:08,377 [INFO] PluginManage:310 - Check plugin cadmodel
2025-12-15 12:07:08,382 [INFO] CADModel:105 - Init CAD model plugin
2025-12-15 12:07:08,382 [INFO] PluginManage:359 - Loaded plugin cadmodel (category:power,tabindex:5)
2025-12-15 12:07:08,383 [INFO] PluginManage:310 - Check plugin clock
2025-12-15 12:07:08,393 [INFO] PluginManage:359 - Loaded plugin clock (category:base,tabindex:2)
2025-12-15 12:07:08,393 [INFO] PluginManage:310 - Check plugin ddr
2025-12-15 12:07:08,396 [INFO] PluginManage:359 - Loaded plugin ddr (category:tool,tabindex:6)
2025-12-15 12:07:08,397 [INFO] PluginManage:310 - Check plugin filemanager
2025-12-15 12:07:08,528 [INFO] PluginManage:359 - Loaded plugin filemanager (category:base,tabindex:10)
2025-12-15 12:07:08,529 [INFO] PluginManage:310 - Check plugin ipmanager
2025-12-15 12:07:08,534 [INFO] PluginManage:359 - Loaded plugin ipmanager (category:base,tabindex:5)
2025-12-15 12:07:08,534 [INFO] PluginManage:310 - Check plugin lpbam
2025-12-15 12:07:08,542 [INFO] PluginManage:359 - Loaded plugin lpbam (category:base,tabindex:0)
2025-12-15 12:07:08,542 [INFO] PluginManage:310 - Check plugin memorymap
2025-12-15 12:07:08,551 [INFO] PluginManage:359 - Loaded plugin memorymap (category:base,tabindex:4)
2025-12-15 12:07:08,552 [INFO] PluginManage:310 - Check plugin pinoutandconfiguration
2025-12-15 12:07:08,558 [INFO] PluginManage:359 - Loaded plugin pinoutandconfiguration (category:base,tabindex:1)
2025-12-15 12:07:08,558 [INFO] PluginManage:310 - Check plugin pinoutconfig
2025-12-15 12:07:08,626 [WARN] SupportedApi:132 - Cannot load RTOS API schema: s4s-elt-must-match.1: The content of 'definitions' must match (annotation?, (simpleType | complexType)?, (unique | key | keyref)*)). A problem was found starting at: attribute.
2025-12-15 12:07:08,723 [INFO] PluginManage:359 - Loaded plugin pinoutconfig (category:base,tabindex:0)
2025-12-15 12:07:08,723 [INFO] PluginManage:310 - Check plugin power
2025-12-15 12:07:08,728 [INFO] PluginManage:359 - Loaded plugin power (category:power,tabindex:4)
2025-12-15 12:07:08,728 [INFO] PluginManage:310 - Check plugin projectmanager
2025-12-15 12:07:08,742 [INFO] PluginManage:359 - Loaded plugin projectmanager (category:projectmanager,tabindex:4)
2025-12-15 12:07:08,742 [INFO] PluginManage:310 - Check plugin rif
2025-12-15 12:07:08,748 [INFO] PluginManage:359 - Loaded plugin rif (category:base,tabindex:3)
2025-12-15 12:07:08,748 [INFO] PluginManage:310 - Check plugin thirdparty
2025-12-15 12:07:08,843 [INFO] PluginManage:359 - Loaded plugin thirdparty (category:base,tabindex:-1)
2025-12-15 12:07:08,843 [INFO] PluginManage:310 - Check plugin tools
2025-12-15 12:07:08,843 [WARN] IntegrityCheckThread:84 - waiting for thirdparty lock release [integrity check]
2025-12-15 12:07:08,844 [INFO] IntegrityCheckThread:86 - entering critical section [integrity check]
2025-12-15 12:07:08,844 [INFO] ThirdPartyUpdaterWithRetryManager:70 - Updater plugin not ready yet. [1/15]
2025-12-15 12:07:08,847 [INFO] PluginManage:359 - Loaded plugin tools (category:base,tabindex:7)
2025-12-15 12:07:08,847 [INFO] PluginManage:310 - Check plugin tutovideos
2025-12-15 12:07:08,975 [INFO] PluginManage:359 - Loaded plugin tutovideos (category:base,tabindex:-1)
2025-12-15 12:07:08,975 [INFO] PluginManage:310 - Check plugin updater
2025-12-15 12:07:08,989 [INFO] PluginManage:359 - Loaded plugin updater (category:base,tabindex:12)
2025-12-15 12:07:08,991 [INFO] PluginManage:310 - Check plugin userauth
2025-12-15 12:07:08,993 [INFO] UserAuth:118 - Init User Auth plugin
2025-12-15 12:07:08,993 [INFO] PluginManage:359 - Loaded plugin userauth (category:base,tabindex:14)
2025-12-15 12:07:08,993 [INFO] PluginManage:283 - PluginManage : Loaded plugins [18]
2025-12-15 12:07:09,159 [INFO] PinOutPanel:1589 - setPackage(No Configuration,No Configuration)
2025-12-15 12:07:09,221 [INFO] CADModel:165 - CPN selected for project level
2025-12-15 12:07:09,222 [INFO] CADModel:114 - Register for checkConnection events
2025-12-15 12:07:09,237 [INFO] IPUIPlugin:80 - create IPUIPlugin
2025-12-15 12:07:09,237 [INFO] PluginManager:220 - loadIPPluginJar : add adc
2025-12-15 12:07:09,240 [INFO] IPUIPlugin:80 - create IPUIPlugin
2025-12-15 12:07:09,240 [INFO] PluginManager:220 - loadIPPluginJar : add aes
2025-12-15 12:07:09,242 [INFO] IPUIPlugin:80 - create IPUIPlugin
2025-12-15 12:07:09,242 [INFO] PluginManager:220 - loadIPPluginJar : add can
2025-12-15 12:07:09,244 [INFO] IPUIPlugin:80 - create IPUIPlugin
2025-12-15 12:07:09,244 [INFO] PluginManager:220 - loadIPPluginJar : add comp
2025-12-15 12:07:09,246 [INFO] IPUIPlugin:80 - create IPUIPlugin
2025-12-15 12:07:09,246 [INFO] PluginManager:220 - loadIPPluginJar : add cryp
2025-12-15 12:07:09,248 [INFO] IPUIPlugin:80 - create IPUIPlugin
2025-12-15 12:07:09,248 [INFO] PluginManager:220 - loadIPPluginJar : add ddr_ctrl_phy
2025-12-15 12:07:09,250 [INFO] IPUIPlugin:80 - create IPUIPlugin
2025-12-15 12:07:09,250 [INFO] PluginManager:220 - loadIPPluginJar : add dfsdm
2025-12-15 12:07:09,254 [INFO] IPUIPlugin:80 - create IPUIPlugin
2025-12-15 12:07:09,255 [INFO] PluginManager:220 - loadIPPluginJar : add dma
2025-12-15 12:07:09,256 [INFO] IPUIPlugin:80 - create IPUIPlugin
2025-12-15 12:07:09,257 [INFO] PluginManager:220 - loadIPPluginJar : add dma3
2025-12-15 12:07:09,259 [INFO] IPUIPlugin:80 - create IPUIPlugin
2025-12-15 12:07:09,259 [INFO] PluginManager:220 - loadIPPluginJar : add extmemmanager
2025-12-15 12:07:09,260 [INFO] IPUIPlugin:80 - create IPUIPlugin
2025-12-15 12:07:09,260 [INFO] PluginManager:220 - loadIPPluginJar : add fatfs
2025-12-15 12:07:09,264 [INFO] IPUIPlugin:80 - create IPUIPlugin
2025-12-15 12:07:09,265 [INFO] PluginManager:220 - loadIPPluginJar : add fmc
2025-12-15 12:07:09,269 [INFO] IPUIPlugin:80 - create IPUIPlugin
2025-12-15 12:07:09,270 [INFO] PluginManager:220 - loadIPPluginJar : add freertos
2025-12-15 12:07:09,271 [INFO] IPUIPlugin:80 - create IPUIPlugin
2025-12-15 12:07:09,271 [INFO] PluginManager:220 - loadIPPluginJar : add genericplugin
2025-12-15 12:07:09,273 [INFO] IPUIPlugin:80 - create IPUIPlugin
2025-12-15 12:07:09,273 [INFO] PluginManager:220 - loadIPPluginJar : add gfxmmu
2025-12-15 12:07:09,277 [INFO] IPUIPlugin:80 - create IPUIPlugin
2025-12-15 12:07:09,277 [INFO] PluginManager:220 - loadIPPluginJar : add gic
2025-12-15 12:07:09,280 [INFO] IPUIPlugin:80 - create IPUIPlugin
2025-12-15 12:07:09,281 [INFO] PluginManager:220 - loadIPPluginJar : add gpio
2025-12-15 12:07:09,283 [INFO] IPUIPlugin:80 - create IPUIPlugin
2025-12-15 12:07:09,284 [INFO] PluginManager:220 - loadIPPluginJar : add gtzc
2025-12-15 12:07:09,285 [INFO] IPUIPlugin:80 - create IPUIPlugin
2025-12-15 12:07:09,286 [INFO] PluginManager:220 - loadIPPluginJar : add hash
2025-12-15 12:07:09,289 [INFO] IPUIPlugin:80 - create IPUIPlugin
2025-12-15 12:07:09,289 [INFO] PluginManager:220 - loadIPPluginJar : add i2c
2025-12-15 12:07:09,291 [INFO] IPUIPlugin:80 - create IPUIPlugin
2025-12-15 12:07:09,292 [INFO] PluginManager:220 - loadIPPluginJar : add i2s
2025-12-15 12:07:09,294 [INFO] IPUIPlugin:80 - create IPUIPlugin
2025-12-15 12:07:09,295 [INFO] PluginManager:220 - loadIPPluginJar : add i3c
2025-12-15 12:07:09,298 [INFO] IPUIPlugin:80 - create IPUIPlugin
2025-12-15 12:07:09,299 [INFO] PluginManager:220 - loadIPPluginJar : add ipddr
2025-12-15 12:07:09,305 [INFO] IPUIPlugin:80 - create IPUIPlugin
2025-12-15 12:07:09,305 [INFO] PluginManager:220 - loadIPPluginJar : add linkedlist
2025-12-15 12:07:09,308 [INFO] IPUIPlugin:80 - create IPUIPlugin
2025-12-15 12:07:09,308 [INFO] PluginManager:220 - loadIPPluginJar : add lorawan
2025-12-15 12:07:09,309 [INFO] IPUIPlugin:80 - create IPUIPlugin
2025-12-15 12:07:09,310 [INFO] PluginManager:220 - loadIPPluginJar : add ltdc
2025-12-15 12:07:09,315 [INFO] IPUIPlugin:80 - create IPUIPlugin
2025-12-15 12:07:09,315 [INFO] PluginManager:220 - loadIPPluginJar : add mdma
2025-12-15 12:07:09,318 [INFO] IPUIPlugin:80 - create IPUIPlugin
2025-12-15 12:07:09,318 [INFO] PluginManager:220 - loadIPPluginJar : add nvic
2025-12-15 12:07:09,320 [INFO] IPUIPlugin:80 - create IPUIPlugin
2025-12-15 12:07:09,320 [INFO] PluginManager:220 - loadIPPluginJar : add opamp
2025-12-15 12:07:09,323 [INFO] IPUIPlugin:80 - create IPUIPlugin
2025-12-15 12:07:09,323 [INFO] PluginManager:220 - loadIPPluginJar : add openamp
2025-12-15 12:07:09,326 [INFO] IPUIPlugin:80 - create IPUIPlugin
2025-12-15 12:07:09,326 [INFO] PluginManager:220 - loadIPPluginJar : add pdm2pcm
2025-12-15 12:07:09,331 [INFO] IPUIPlugin:80 - create IPUIPlugin
2025-12-15 12:07:09,332 [INFO] PluginManager:220 - loadIPPluginJar : add plateformsettings
2025-12-15 12:07:09,333 [INFO] IPUIPlugin:80 - create IPUIPlugin
2025-12-15 12:07:09,333 [INFO] PluginManager:220 - loadIPPluginJar : add quadspi
2025-12-15 12:07:09,334 [INFO] IPUIPlugin:80 - create IPUIPlugin
2025-12-15 12:07:09,335 [INFO] PluginManager:220 - loadIPPluginJar : add radio
2025-12-15 12:07:09,337 [INFO] IPUIPlugin:80 - create IPUIPlugin
2025-12-15 12:07:09,337 [INFO] PluginManager:220 - loadIPPluginJar : add resmgrutility
2025-12-15 12:07:09,340 [INFO] IPUIPlugin:80 - create IPUIPlugin
2025-12-15 12:07:09,340 [INFO] PluginManager:220 - loadIPPluginJar : add sai
2025-12-15 12:07:09,342 [INFO] IPUIPlugin:80 - create IPUIPlugin
2025-12-15 12:07:09,342 [INFO] PluginManager:220 - loadIPPluginJar : add spi
2025-12-15 12:07:09,347 [INFO] IPUIPlugin:80 - create IPUIPlugin
2025-12-15 12:07:09,347 [INFO] PluginManager:220 - loadIPPluginJar : add stm32_wpan
2025-12-15 12:07:09,348 [INFO] IPUIPlugin:80 - create IPUIPlugin
2025-12-15 12:07:09,349 [INFO] PluginManager:220 - loadIPPluginJar : add tim
2025-12-15 12:07:09,351 [INFO] IPUIPlugin:80 - create IPUIPlugin
2025-12-15 12:07:09,351 [INFO] PluginManager:220 - loadIPPluginJar : add touchsensing
2025-12-15 12:07:09,354 [INFO] IPUIPlugin:80 - create IPUIPlugin
2025-12-15 12:07:09,354 [INFO] PluginManager:220 - loadIPPluginJar : add tracer_emb
2025-12-15 12:07:09,355 [INFO] IPUIPlugin:80 - create IPUIPlugin
2025-12-15 12:07:09,355 [INFO] PluginManager:220 - loadIPPluginJar : add ts
2025-12-15 12:07:09,356 [INFO] IPUIPlugin:80 - create IPUIPlugin
2025-12-15 12:07:09,356 [INFO] PluginManager:220 - loadIPPluginJar : add tsc
2025-12-15 12:07:09,358 [INFO] IPUIPlugin:80 - create IPUIPlugin
2025-12-15 12:07:09,358 [INFO] PluginManager:220 - loadIPPluginJar : add ucpd
2025-12-15 12:07:09,360 [INFO] IPUIPlugin:80 - create IPUIPlugin
2025-12-15 12:07:09,360 [INFO] PluginManager:220 - loadIPPluginJar : add usart
2025-12-15 12:07:09,363 [INFO] IPUIPlugin:80 - create IPUIPlugin
2025-12-15 12:07:09,363 [INFO] PluginManager:220 - loadIPPluginJar : add usbx
2025-12-15 12:07:09,470 [FATAL] Updater:351 - Updater called before beeing initialized
2025-12-15 12:07:09,502 [INFO] RulesReader:64 - Compatibility file has been processed (317 Rules)
2025-12-15 12:07:09,510 [INFO] RulesReader:64 - Compatibility file has been processed (317 Rules)
2025-12-15 12:07:09,521 [INFO] CADModel:165 - CPN selected for project level
2025-12-15 12:07:09,521 [INFO] CADModel:114 - Register for checkConnection events
2025-12-15 12:07:09,521 [FATAL] Updater:351 - Updater called before beeing initialized
2025-12-15 12:07:09,521 [ERROR] CADModel:125 - Updater not yet initialized, retry later 
2025-12-15 12:07:09,632 [FATAL] Updater:351 - Updater called before beeing initialized
2025-12-15 12:07:09,633 [INFO] CADModel:165 - CPN selected for project level
2025-12-15 12:07:09,633 [INFO] CADModel:114 - Register for checkConnection events
2025-12-15 12:07:09,633 [FATAL] Updater:351 - Updater called before beeing initialized
2025-12-15 12:07:09,633 [ERROR] CADModel:125 - Updater not yet initialized, retry later 
2025-12-15 12:07:09,635 [FATAL] Updater:351 - Updater called before beeing initialized
2025-12-15 12:07:09,709 [FATAL] Updater:351 - Updater called before beeing initialized
2025-12-15 12:07:09,712 [INFO] DbMcusAds:53 - JSON generation date=Mon Dec 08 19:58:09 IST 2025 (1765204089998)
2025-12-15 12:07:09,712 [FATAL] Updater:351 - Updater called before beeing initialized
2025-12-15 12:07:09,734 [WARN] DetailPanel:346 - Failed to get advertising image, set to default
2025-12-15 12:07:09,791 [FATAL] Updater:351 - Updater called before beeing initialized
2025-12-15 12:07:09,793 [FATAL] Updater:351 - Updater called before beeing initialized
2025-12-15 12:07:09,793 [FATAL] Updater:351 - Updater called before beeing initialized
2025-12-15 12:07:09,793 [WARN] DetailPanel:346 - Failed to get advertising image, set to default
2025-12-15 12:07:09,794 [FATAL] Updater:351 - Updater called before beeing initialized
2025-12-15 12:07:09,822 [ERROR] Updater:1198 - MainUpdater not yet initialized. External WinMGr cannot be set.
2025-12-15 12:07:09,824 [INFO] Updater:1134 - Updater Version found : 6.15.0
2025-12-15 12:07:09,834 [INFO] ApplicationProperties:184 - Using Application install path: C:\ST\STM32CubeIDE_1.19.0\STM32CubeIDE\plugins\com.st.stm32cube.common.mx_6.15.0.202507011659
2025-12-15 12:07:11,410 [ERROR] LogOutputStream:75 - [STDERR_REDIRECT] Dec 15, 2025 12:07:11 PM java.util.prefs.WindowsPreferences <init>
2025-12-15 12:07:11,414 [ERROR] LogOutputStream:75 - [STDERR_REDIRECT] WARNING: Could not open/create prefs root node Software\JavaSoft\Prefs at root 0xffffffff80000002. Windows RegCreateKeyEx(...) returned error code 5.
2025-12-15 12:07:11,414 [ERROR] LogOutputStream:75 - [STDERR_REDIRECT] 
2025-12-15 12:07:11,846 [INFO] ThirdPartyUpdaterWithRetryManager:70 - Updater plugin not ready yet. [2/15]
2025-12-15 12:07:12,019 [INFO] MainUpdater:2872 - connection check result : 10
2025-12-15 12:07:12,020 [INFO] MainUpdater:289 - Updater Check For Update Now.
2025-12-15 12:07:12,020 [INFO] MicroXplorer:498 - Change Database Version : DB.6.0.150
2025-12-15 12:07:12,025 [INFO] McuFinderGlobals:63 - Set McuFinder mode to 2 (CubeIDE integrated)
2025-12-15 12:07:12,026 [INFO] UserAuth:171 - activating auth plugin
2025-12-15 12:07:12,028 [INFO] UserAuth:487 - Internet connection configuration mode: 1
2025-12-15 12:07:12,051 [INFO] JxBrowserEngine:152 - Initiate JxBrowser Engine with user profile folder
2025-12-15 12:07:12,179 [INFO] CheckServerUpdateThread:120 - End of CheckServer Thread
2025-12-15 12:07:12,778 [INFO] WebApp:169 - Instantiating new browser for Auth
2025-12-15 12:07:13,274 [INFO] WebApp:463 - Apply proxy settings
2025-12-15 12:07:13,274 [INFO] WebApp:548 - Chromium requires no authentication
2025-12-15 12:07:13,281 [INFO] WebApp:491 - Direct internet connection detected
2025-12-15 12:07:13,296 [INFO] WebApp:900 - Register for checkConnection events
2025-12-15 12:07:13,297 [INFO] WebApp:463 - Apply proxy settings
2025-12-15 12:07:13,297 [INFO] WebApp:548 - Chromium requires no authentication
2025-12-15 12:07:13,297 [INFO] WebApp:491 - Direct internet connection detected
2025-12-15 12:07:13,403 [INFO] WebApp:225 - Starting web application
2025-12-15 12:07:13,403 [INFO] WebApp:593 - Web application path used C:\ST\STM32CubeIDE_1.19.0\STM32CubeIDE\plugins\com.st.stm32cube.common.mx_6.15.0.202507011659\db\plugins\mcufinder\reactClient1\index.html
2025-12-15 12:07:14,135 [INFO] WebApp:191 - Connection restablished
2025-12-15 12:07:14,998 [WARN] PackLoader:240 - Cannot read IP mode file for STMicroelectronics.FP-SNS-MOTENVWB1.1.4.0
2025-12-15 12:07:15,007 [WARN] PackLoader:240 - Cannot read IP mode file for STMicroelectronics.FP-ATR-ASTRA1.2.0.2
2025-12-15 12:07:15,017 [WARN] PackLoader:240 - Cannot read IP mode file for STMicroelectronics.X-CUBE-SMBUS.2.1.0
2025-12-15 12:07:15,041 [WARN] PackLoader:240 - Cannot read IP mode file for STMicroelectronics.X-CUBE-AZRTOS-F7.1.1.0
2025-12-15 12:07:15,051 [WARN] PackLoader:240 - Cannot read IP mode file for STMicroelectronics.X-CUBE-DISPLAY.3.0.0
2025-12-15 12:07:15,079 [WARN] PackLoader:240 - Cannot read IP mode file for STMicroelectronics.X-CUBE-NFC10.1.0.0
2025-12-15 12:07:15,090 [WARN] PackLoader:240 - Cannot read IP mode file for STMicroelectronics.FP-SNS-SMARTAG2.1.2.0
2025-12-15 12:07:15,094 [WARN] PackLoader:240 - Cannot read IP mode file for STMicroelectronics.FP-SNS-FLIGHT1.5.1.0
2025-12-15 12:07:15,107 [INFO] LogOutputStream:77 - [STDOUT_REDIRECT] 1 : Invalid condition id : UX_CORESTACK_Condition cause : null
2025-12-15 12:07:15,109 [INFO] LogOutputStream:77 - [STDOUT_REDIRECT] 1 : Invalid condition id : UX_CORESTACK_Condition cause : null
2025-12-15 12:07:15,112 [INFO] LogOutputStream:77 - [STDOUT_REDIRECT] 1 : Invalid condition id : UX_CORESTACK_Condition cause : null
2025-12-15 12:07:15,114 [INFO] LogOutputStream:77 - [STDOUT_REDIRECT] 1 : Invalid condition id : UX_CORESTACK_Condition cause : null
2025-12-15 12:07:15,116 [INFO] LogOutputStream:77 - [STDOUT_REDIRECT] 1 : Invalid condition id : UX_CORESTACK_Condition cause : null
2025-12-15 12:07:15,121 [WARN] PackLoader:240 - Cannot read IP mode file for STMicroelectronics.X-CUBE-AZRTOS-WL.2.0.0
2025-12-15 12:07:15,128 [WARN] PackLoader:240 - Cannot read IP mode file for STMicroelectronics.X-CUBE-BLE2.3.3.0
2025-12-15 12:07:15,135 [WARN] PackLoader:240 - Cannot read IP mode file for STMicroelectronics.X-CUBE-NFC9.1.0.0
2025-12-15 12:07:15,143 [WARN] PackLoader:240 - Cannot read IP mode file for STMicroelectronics.X-CUBE-BLE1.7.1.0
2025-12-15 12:07:15,155 [WARN] PackLoader:240 - Cannot read IP mode file for STMicroelectronics.X-CUBE-AZRTOS-G0.1.1.0
2025-12-15 12:07:15,161 [WARN] PackLoader:240 - Cannot read IP mode file for STMicroelectronics.X-CUBE-NFC4.3.0.0
2025-12-15 12:07:15,167 [WARN] PackLoader:240 - Cannot read IP mode file for STMicroelectronics.X-CUBE-WB05N.2.0.0
2025-12-15 12:07:15,173 [WARN] PackLoader:240 - Cannot read IP mode file for STMicroelectronics.X-CUBE-TCPP.4.2.0
2025-12-15 12:07:15,179 [WARN] PackLoader:240 - Cannot read IP mode file for STMicroelectronics.FP-ATR-SIGFOX1.3.2.0
2025-12-15 12:07:15,204 [WARN] PackLoader:240 - Cannot read IP mode file for STMicroelectronics.X-CUBE-ALGOBUILD.1.4.0
2025-12-15 12:07:15,213 [WARN] PackLoader:240 - Cannot read IP mode file for STMicroelectronics.X-CUBE-PM33A1.1.0.0
2025-12-15 12:07:15,230 [WARN] PackLoader:240 - Cannot read IP mode file for STMicroelectronics.X-CUBE-AZRTOS-F4.1.1.0
2025-12-15 12:07:15,241 [WARN] PackLoader:240 - Cannot read IP mode file for STMicroelectronics.X-CUBE-ISPU.2.1.0
2025-12-15 12:07:15,255 [WARN] PackLoader:240 - Cannot read IP mode file for STMicroelectronics.X-CUBE-AZRTOS-L5.2.0.0
2025-12-15 12:07:15,264 [WARN] PackLoader:240 - Cannot read IP mode file for STMicroelectronics.X-CUBE-NFC6.3.1.0
2025-12-15 12:07:15,274 [WARN] PackLoader:240 - Cannot read IP mode file for STMicroelectronics.X-CUBE-DPower.1.3.0
2025-12-15 12:07:15,290 [WARN] ConditionMgr:438 - getConditionDescription Invalid condition id : LAN8742 Phy interface Condition cause : null
2025-12-15 12:07:15,291 [WARN] PackLoader:240 - Cannot read IP mode file for STMicroelectronics.X-CUBE-AZRTOS-L4.2.0.0
2025-12-15 12:07:15,291 [WARN] ConditionMgr:1044 - genDependencies : Invalid condition id : LAN8742 Phy interface Condition cause : null
2025-12-15 12:07:15,292 [WARN] ConditionMgr:1044 - genDependencies : Invalid condition id : LAN8742 Phy interface Condition cause : null
2025-12-15 12:07:15,292 [WARN] ConditionMgr:1044 - genDependencies : Invalid condition id : LAN8742 Phy interface Condition cause : null
2025-12-15 12:07:15,300 [WARN] PackLoader:240 - Cannot read IP mode file for STMicroelectronics.X-CUBE-SFXS2LP1.4.0.0
2025-12-15 12:07:15,310 [WARN] ConditionMgr:438 - getConditionDescription Invalid condition id : UX DEVICE CLASS RTOS Condition cause : null
2025-12-15 12:07:15,310 [WARN] ConditionMgr:438 - getConditionDescription Invalid condition id : UX DEVICE CLASS RTOS Condition cause : null
2025-12-15 12:07:15,312 [WARN] PackLoader:240 - Cannot read IP mode file for STMicroelectronics.X-CUBE-AZRTOS-WB.2.0.0
2025-12-15 12:07:15,312 [WARN] ConditionMgr:1044 - genDependencies : Invalid condition id : UX DEVICE CLASS RTOS Condition cause : null
2025-12-15 12:07:15,312 [WARN] ConditionMgr:1044 - genDependencies : Invalid condition id : UX DEVICE CLASS RTOS Condition cause : null
2025-12-15 12:07:15,313 [WARN] ConditionMgr:1044 - genDependencies : Invalid condition id : UX DEVICE CLASS RTOS Condition cause : null
2025-12-15 12:07:15,313 [WARN] ConditionMgr:1044 - genDependencies : Invalid condition id : UX DEVICE CLASS RTOS Condition cause : null
2025-12-15 12:07:15,313 [WARN] ConditionMgr:1044 - genDependencies : Invalid condition id : UX DEVICE CLASS RTOS Condition cause : null
2025-12-15 12:07:15,320 [WARN] PackLoader:240 - Cannot read IP mode file for STMicroelectronics.X-CUBE-SUBG2.5.0.0
2025-12-15 12:07:15,338 [WARN] PackLoader:240 - Cannot read IP mode file for STMicroelectronics.X-CUBE-AZRTOS-G4.2.0.0
2025-12-15 12:07:15,348 [WARN] PackLoader:240 - Cannot read IP mode file for STMicroelectronics.X-CUBE-NFC7.2.0.0
2025-12-15 12:07:15,356 [WARN] PackLoader:240 - Cannot read IP mode file for STMicroelectronics.X-CUBE-ALS.1.0.2
2025-12-15 12:07:15,364 [WARN] PackLoader:240 - Cannot read IP mode file for STMicroelectronics.X-CUBE-TOF1.3.4.3
2025-12-15 12:07:15,373 [INFO] ThirdParty:978 - Integrity check success = true
2025-12-15 12:07:15,373 [INFO] IntegrityCheckThread:100 - exiting critical section [integrity check]
2025-12-15 12:07:15,373 [INFO] IntegrityCheckThread:103 - End integrity checks thread
2025-12-15 12:07:22,240 [INFO] McuFinderGlobals:63 - Set McuFinder mode to 2 (CubeIDE integrated)
2025-12-15 12:07:22,242 [INFO] MainUpdater:2872 - connection check result : 10
2025-12-15 12:07:22,531 [INFO] ApiDb:581 - Connected to CubeFinder SQLite database (C:\Users\aditi\.stmcufinder\plugins\mcufinder\mcu\cube-finder-db.db)
2025-12-15 12:07:22,587 [INFO] ApiDb:668 - CubeFinder database Data Model version=2.1
2025-12-15 12:07:22,587 [INFO] ApiDb:669 - CubeFinder database Configuration version=3.0.39
2025-12-15 12:07:22,587 [INFO] ApiDb:670 - CubeFinder database generation date=2025-11-05 (1762334721)
2025-12-15 12:07:22,587 [INFO] ApiDb:671 - CubeFinder database FW Pack versions=[FP-ATR-ASTRA1_V2.0.0, FP-SNS-FLIGHT1_V5.1.0, FP-SNS-MOTENV1_V5.1.0, FP-SNS-MOTENVWB1_V1.4.0, FP-SNS-SMARTAG2_V1.2.0, FP-SNS-STBOX1_V2.1.0, STM32Cube_FW_C0_V1.4.0, STM32Cube_FW_F4_V1.28.3, STM32Cube_FW_F7_V1.17.4, STM32Cube_FW_G0_V1.6.2, STM32Cube_FW_G4_V1.6.1, STM32Cube_FW_H5_V1.5.1, STM32Cube_FW_H7RS_V1.3.0, STM32Cube_FW_H7_V1.12.1, STM32Cube_FW_L0_V1.12.2, STM32Cube_FW_L4_V1.18.1, STM32Cube_FW_L5_V1.6.0, STM32Cube_FW_N6_V1.3.0, STM32Cube_FW_U0_V1.3.0, STM32Cube_FW_U3_V1.2.1, STM32Cube_FW_U5_V1.8.0, STM32Cube_FW_WB0_V1.4.0, STM32Cube_FW_WBA_V1.8.0, STM32Cube_FW_WB_V1.24.0, STM32Cube_FW_WL3_V1.3.0, STM32Cube_FW_WL_V1.4.0, X-CUBE-ALGOBUILD_V1.4.0, X-CUBE-ALS_V1.0.2, X-CUBE-AZRTOS-F4_V1.1.0, X-CUBE-AZRTOS-F7_V1.1.0, X-CUBE-AZRTOS-G0_V1.1.0, X-CUBE-AZRTOS-G4_V2.0.0, X-CUBE-AZRTOS-H7RS_V1.1.0, X-CUBE-AZRTOS-H7_V3.4.0, X-CUBE-AZRTOS-L4_V2.0.0, X-CUBE-AZRTOS-L5_V2.0.0, X-CUBE-AZRTOS-WB_V2.0.0, X-CUBE-AZRTOS-WL_V2.0.0, X-CUBE-BLE1_V7.1.0, X-CUBE-BLE2_V3.3.0, X-CUBE-BLEMGR_V4.1.0, X-CUBE-EEPRMA1_V5.2.0, X-CUBE-FREERTOS_V1.3.1, X-CUBE-GNSS1_V6.0.0, X-CUBE-MEMS1_V11.3.0, X-CUBE-NFC4_V3.0.0, X-CUBE-NFC7_V2.0.0, X-CUBE-SFXS2LP1_V4.0.0, X-CUBE-ST67W61_V1.1.0, X-CUBE-SUBG2_V5.0.0, X-CUBE-TOF1_V3.4.3]
2025-12-15 12:07:23,982 [INFO] ApiDb:240 - Found 880 in-development CPN: [B-G473E-ZEST1S, B-WB1M-WPAN1, B-WBA5M-WPAN, B-WL5M-SUBG1, NUCLEO-C031C6, NUCLEO-C051C8, NUCLEO-C071RB, NUCLEO-C092RC, NUCLEO-H503RB, NUCLEO-H533RE, NUCLEO-H563ZI, NUCLEO-H7S3L8, NUCLEO-N657X0-Q, NUCLEO-U031R8, NUCLEO-U083RC, NUCLEO-U385RG-Q, NUCLEO-U545RE-Q, NUCLEO-U5A5ZJ-Q, NUCLEO-WB05KZ, NUCLEO-WB07CC, NUCLEO-WB09KE, NUCLEO-WBA52CG, NUCLEO-WBA55CG, NUCLEO-WL33CC1, NUCLEO-WL33CC2, STEVAL-PROTEUS1, STEVAL-SMARTAG2, STEVAL-STWINBX1, STM320518-EVAL, STM32C0116-DK, STM32C011D6Y3TR, STM32C011D6Y6TR, STM32C011F4P3, STM32C011F4P6, STM32C011F4U3, STM32C011F4U6TR, STM32C011F6P3, STM32C011F6P6, STM32C011F6U3, STM32C011F6U6TR, STM32C011J4M3, STM32C011J4M6, STM32C011J6M3, STM32C011J6M6, STM32C0316-DK, STM32C031C4T3, STM32C031C4T6, STM32C031C4U3, STM32C031C4U6, STM32C031C6T3, STM32C031C6T6, STM32C031C6U3, STM32C031C6U6, STM32C031F4P3, STM32C031F4P6, STM32C031F6P3, STM32C031F6P6, STM32C031G4U3, STM32C031G4U6, STM32C031G6U3, STM32C031G6U6, STM32C031K4T3, STM32C031K4T6, STM32C031K4U3, STM32C031K4U6, STM32C031K6T3, STM32C031K6T6, STM32C031K6U3, STM32C031K6U6, STM32C051C6T6, STM32C051C6U6, STM32C051C8T6, STM32C051C8U6, STM32C051D8Y6TR, STM32C051F6P6, STM32C051F8P6, STM32C051G6U6, STM32C051G8U6, STM32C051K6T6, STM32C051K6U6, STM32C051K8T6, STM32C071C8T6, STM32C071C8T6N, STM32C071C8U6, STM32C071C8U6N, STM32C071CBT6, STM32C071CBT6N, STM32C071CBU6, STM32C071CBU6N, STM32C071F8P6, STM32C071F8P6N, STM32C071FBP6, STM32C071FBP6N, STM32C071FBY6TR, STM32C071G8U6, STM32C071G8U6N, STM32C071GBU6, STM32C071GBU6N, STM32C071K8T6, STM32C071K8T6N, STM32C071K8U6, STM32C071K8U6N, STM32C071KBT6, STM32C071KBT6N, STM32C071KBU6, STM32C071KBU6N, STM32C071R8T6, STM32C071R8T6N, STM32C071RBI6N, STM32C071RBT6, STM32C071RBT6N, STM32C091CBT6, STM32C091CBU6, STM32C091CCT6, STM32C091CCU6, STM32C091ECY6TR, STM32C091FBP6, STM32C091FCP6, STM32C091GBU6, STM32C091GCU6, STM32C091KBT6, STM32C091KBU6, STM32C091KCT6, STM32C091KCU6, STM32C091RBT6, STM32C091RCI6, STM32C091RCT6, STM32C092CBT6, STM32C092CBU6, STM32C092CCT6, STM32C092CCU6, STM32C092ECY6TR, STM32C092FBP6, STM32C092FCP6, STM32C092GBU6, STM32C092GCU6, STM32C092KBT6, STM32C092KBU6, STM32C092KCT6, STM32C092KCU6, STM32C092RBT6, STM32C092RCI6, STM32C092RCT6, STM32G071K8TXN, STM32G071K8UXN, STM32G081GBU6N, STM32G081KBT6N, STM32G081KBUXN, STM32G0B1CCT6N, STM32G0B1KCT6, STM32G0B1NEY6TR, STM32G0B1RCT6N, STM32G0C1CCT6, STM32G0C1CCT6N, STM32G0C1CCU6N, STM32G0C1CET6N, STM32G0C1CEU6N, STM32G0C1KCT6, STM32G0C1NEY6TR, STM32G0C1RCI6N, STM32G0C1RCT6N, STM32G0C1REI6N, STM32G0C1RET6N, STM32G0C1VCI6, STM32G0C1VEI6, STM32G411C6T3, STM32G411C6T6, STM32G411C6U3, STM32G411C6U6, STM32G411C8T3, STM32G411C8T6, STM32G411C8U3, STM32G411C8U6, STM32G411CBT3, STM32G411CBT6, STM32G411CBU3, STM32G411CBU6, STM32G411K6T3, STM32G411K6T6, STM32G411K6U3, STM32G411K6U6, STM32G411K8T3, STM32G411K8T6, STM32G411K8U3, STM32G411K8U6, STM32G411KBT3, STM32G411KBT6, STM32G411KBU3, STM32G411KBU6, STM32G411M6T3, STM32G411M6T6, STM32G411M8T3, STM32G411M8T6, STM32G411MBT3, STM32G411MBT6, STM32G411R6T3, STM32G411R6T6, STM32G411R8T3, STM32G411R8T6, STM32G411RBT3, STM32G411RBT6, STM32G414CBT3, STM32G414CBT6, STM32G414CBU3, STM32G414CBU6, STM32G414CCT3, STM32G414CCT6, STM32G414CCU3, STM32G414CCU6, STM32G414MBT3, STM32G414MBT6, STM32G414MCT3, STM32G414MCT6, STM32G414RBT3, STM32G414RBT6, STM32G414RCT3, STM32G414RCT6, STM32G414VBT3, STM32G414VBT6, STM32G414VCT3, STM32G414VCT6, STM32G431CBT3Z, STM32G431RBT3Z, STM32G471CCT6, STM32G471CCU6, STM32G471CET3, STM32G471CET6, STM32G471CEU3, STM32G471CEU6, STM32G471MCT6, STM32G471MET3, STM32G471MET6, STM32G471MEY6TR, STM32G471QCT6, STM32G471QET3, STM32G471RCT6, STM32G471RET3, STM32G471RET6, STM32G471VCH6, STM32G471VCI6, STM32G471VCT6, STM32G471VEH3, STM32G471VEH6, STM32G471VEI3, STM32G471VEI6, STM32G471VET3, STM32G471VET6, STM32G473QET3Z, STM32G473RET3Z, STM32G474CCT6, STM32G491RET3Z, STM32H503CBT6, STM32H503CBU6, STM32H503EBY6TR, STM32H503KBU6, STM32H503RBT6, STM32H523CCT6, STM32H523CCU6, STM32H523CET6, STM32H523CEU6, STM32H523HEY6TR, STM32H523RCT6, STM32H523RET6, STM32H523VCI6, STM32H523VCT6, STM32H523VEI6, STM32H523VET6, STM32H523ZCJ6, STM32H523ZCT6, STM32H523ZEJ6, STM32H523ZET6, STM32H533CET6, STM32H533CEU6, STM32H533HEY6TR, STM32H533RET6, STM32H533VEI6, STM32H533VET6, STM32H533ZEJ6, STM32H533ZET6, STM32H562AGI6, STM32H562AII6, STM32H562IGK6, STM32H562IGT6, STM32H562IIK6, STM32H562IIT6, STM32H562RGT6, STM32H562RGV6, STM32H562RIT6, STM32H562RIV6, STM32H562VGT6, STM32H562VIT6, STM32H562ZGT6, STM32H562ZIT6, STM32H563AGI6, STM32H563AII3Q, STM32H563AII6, STM32H563IGK6, STM32H563IGT6, STM32H563IIK3Q, STM32H563IIK6, STM32H563IIT3Q, STM32H563IIT6, STM32H563MIY3QTR, STM32H563RGT6, STM32H563RGV6, STM32H563RIT6, STM32H563RIV6, STM32H563VGT6, STM32H563VIT3Q, STM32H563VIT6, STM32H563ZGT6, STM32H563ZIT3Q, STM32H563ZIT6, STM32H573AII3Q, STM32H573AII6, STM32H573I-DK, STM32H573IIK3Q, STM32H573IIK6, STM32H573IIT3Q, STM32H573IIT6, STM32H573MIY3QTR, STM32H573RIT6, STM32H573RIV6, STM32H573VIT3Q, STM32H573VIT6, STM32H573ZIT3Q, STM32H573ZIT6, STM32H7R3A8I6, STM32H7R3I8K6, STM32H7R3I8T6, STM32H7R3L8H6, STM32H7R3L8H6H, STM32H7R3R8V6, STM32H7R3V8H6, STM32H7R3V8T6, STM32H7R3V8Y6TR, STM32H7R3Z8J6, STM32H7R3Z8T6, STM32H7R7A8I6, STM32H7R7I8K6, STM32H7R7I8T6, STM32H7R7L8H6, STM32H7R7L8H6H, STM32H7R7Z8J6, STM32H7S3A8I6, STM32H7S3I8K6, STM32H7S3I8T6, STM32H7S3L8H6, STM32H7S3L8H6H, STM32H7S3R8V6, STM32H7S3V8H6, STM32H7S3V8T6, STM32H7S3V8Y6TR, STM32H7S3Z8J6, STM32H7S3Z8T6, STM32H7S78-DK, STM32H7S7A8I6, STM32H7S7I8K6, STM32H7S7I8T6, STM32H7S7L8H6, STM32H7S7L8H6H, STM32H7S7Z8J6, STM32L4R5QGI6STR, STM32MP131AAE3, STM32MP131AAF3, STM32MP131AAG3, STM32MP131CAE3, STM32MP131CAF3, STM32MP131CAG3, STM32MP131DAE7, STM32MP131DAF7, STM32MP131DAG7, STM32MP131FAE7, STM32MP131FAF7, STM32MP131FAG7, STM32MP133AAE3, STM32MP133AAF3, STM32MP133AAG3, STM32MP133CAE3, STM32MP133CAF3, STM32MP133CAG3, STM32MP133DAE7, STM32MP133DAF7, STM32MP133DAG7, STM32MP133FAE7, STM32MP133FAF7, STM32MP133FAG7, STM32MP135AAE3, STM32MP135AAF3, STM32MP135AAG3, STM32MP135CAE3, STM32MP135CAF3, STM32MP135CAG3, STM32MP135DAE7, STM32MP135DAF7, STM32MP135DAG7, STM32MP135F-DK, STM32MP135FAE7, STM32MP135FAF7, STM32MP135FAF7T, STM32MP135FAF7U, STM32MP135FAG7, STM32MP211AAL3, STM32MP211AAM3, STM32MP211AAN3, STM32MP211AAO3, STM32MP211CAL3, STM32MP211CAM3, STM32MP211CAN3, STM32MP211CAO3, STM32MP211DAL3, STM32MP211DAM3, STM32MP211DAN3, STM32MP211DAO3, STM32MP211FAL3, STM32MP211FAM3, STM32MP211FAN3, STM32MP211FAO3, STM32MP213AAL3, STM32MP213AAM3, STM32MP213AAN3, STM32MP213AAO3, STM32MP213CAL3, STM32MP213CAM3, STM32MP213CAN3, STM32MP213CAO3, STM32MP213DAL3, STM32MP213DAM3, STM32MP213DAN3, STM32MP213DAO3, STM32MP213FAL3, STM32MP213FAM3, STM32MP213FAN3, STM32MP213FAO3, STM32MP215AAL3, STM32MP215AAM3, STM32MP215AAN3, STM32MP215AAO3, STM32MP215CAL3, STM32MP215CAM3, STM32MP215CAN3, STM32MP215CAO3, STM32MP215DAL3, STM32MP215DAM3, STM32MP215DAN3, STM32MP215DAO3, STM32MP215F-DK, STM32MP215FAL3, STM32MP215FAM3, STM32MP215FAN3, STM32MP215FAO3, STM32MP231AAJ3, STM32MP231AAK3, STM32MP231AAL3, STM32MP231CAJ3, STM32MP231CAK3, STM32MP231CAL3, STM32MP231DAJ3, STM32MP231DAK3, STM32MP231DAL3, STM32MP231FAJ3, STM32MP231FAK3, STM32MP231FAL3, STM32MP233AAJ3, STM32MP233AAK3, STM32MP233AAL3, STM32MP233CAJ3, STM32MP233CAK3, STM32MP233CAL3, STM32MP233DAJ3, STM32MP233DAK3, STM32MP233DAL3, STM32MP233FAJ3, STM32MP233FAK3, STM32MP233FAL3, STM32MP235AAJ3, STM32MP235AAK3, STM32MP235AAL3, STM32MP235CAJ3, STM32MP235CAK3, STM32MP235CAL3, STM32MP235DAJ3, STM32MP235DAK3, STM32MP235DAL3, STM32MP235FAJ3, STM32MP235FAK3, STM32MP235FAL3, STM32MP251AAI3, STM32MP251AAK3, STM32MP251AAL3, STM32MP251CAI3, STM32MP251CAK3, STM32MP251CAL3, STM32MP251DAI3, STM32MP251DAK3, STM32MP251DAL3, STM32MP251FAI3, STM32MP251FAK3, STM32MP251FAL3, STM32MP253AAI3, STM32MP253AAK3, STM32MP253AAL3, STM32MP253CAI3, STM32MP253CAK3, STM32MP253CAL3, STM32MP253DAI3, STM32MP253DAK3, STM32MP253DAL3, STM32MP253FAI3, STM32MP253FAK3, STM32MP253FAL3, STM32MP255AAI3, STM32MP255AAK3, STM32MP255AAL3, STM32MP255CAI3, STM32MP255CAK3, STM32MP255CAL3, STM32MP255DAI3, STM32MP255DAK3, STM32MP255DAL3, STM32MP255FAI3, STM32MP255FAK3, STM32MP255FAL3, STM32MP257AAI3, STM32MP257AAK3, STM32MP257AAL3, STM32MP257CAI3, STM32MP257CAK3, STM32MP257CAL3, STM32MP257DAI3, STM32MP257DAK3, STM32MP257DAL3, STM32MP257F-DK, STM32MP257F-EV1, STM32MP257FAI3, STM32MP257FAK3, STM32MP257FAL3, STM32N645A0H3Q, STM32N645B0H3Q, STM32N645I0H3Q, STM32N645L0H3Q, STM32N645X0H3Q, STM32N645Z0H3Q, STM32N647A0H3Q, STM32N647B0H3Q, STM32N647I0H3Q, STM32N647L0H3Q, STM32N647X0H3Q, STM32N647Z0H3Q, STM32N655A0H3Q, STM32N655B0H3Q, STM32N655I0H3Q, STM32N655L0H3Q, STM32N655X0H3Q, STM32N655Z0H3Q, STM32N6570-DK, STM32N657A0H3Q, STM32N657B0H3Q, STM32N657I0H3Q, STM32N657L0H3Q, STM32N657X0H3Q, STM32N657Z0H3Q, STM32U031C6T6, STM32U031C6U6, STM32U031C8T6, STM32U031C8U6, STM32U031F4P6, STM32U031F6P6, STM32U031F8P6, STM32U031G6Y6TR, STM32U031G8Y6TR, STM32U031K4U6, STM32U031K6U6, STM32U031K8U6, STM32U031R6I6, STM32U031R6T6, STM32U031R8I6, STM32U031R8T6, STM32U073C8T6, STM32U073C8U6, STM32U073CBT6, STM32U073CBU6, STM32U073CCT6, STM32U073CCU6, STM32U073H8Y6TR, STM32U073HBY6TR, STM32U073HCY6TR, STM32U073K8U6, STM32U073KBU6, STM32U073KCU6, STM32U073M8I6, STM32U073M8T6, STM32U073MBI6, STM32U073MBT6, STM32U073MCI6, STM32U073MCT6, STM32U073R8I6, STM32U073R8T6, STM32U073RBI6, STM32U073RBT6, STM32U073RCI6, STM32U073RCT6, STM32U083C-DK, STM32U083CCT6, STM32U083CCU6, STM32U083HCY6TR, STM32U083KCU6, STM32U083MCI6, STM32U083MCT6, STM32U083RCI6, STM32U083RCT6, STM32U375CET6, STM32U375CET6Q, STM32U375CEU6, STM32U375CEU6Q, STM32U375CEY6QTR, STM32U375CGT6, STM32U375CGT6Q, STM32U375CGU6, STM32U375CGU6Q, STM32U375CGY6QTR, STM32U375KEU6, STM32U375KGU6, STM32U375REI6, STM32U375REI6Q, STM32U375RET6, STM32U375RET6Q, STM32U375REY6GTR, STM32U375REY6QTR, STM32U375RGI6, STM32U375RGI6Q, STM32U375RGT6, STM32U375RGT6Q, STM32U375RGY6GTR, STM32U375RGY6QTR, STM32U375VEI6, STM32U375VEI6Q, STM32U375VET6, STM32U375VET6Q, STM32U375VGI6, STM32U375VGI6Q, STM32U375VGT6, STM32U375VGT6Q, STM32U385CGT6, STM32U385CGT6Q, STM32U385CGU6, STM32U385CGU6Q, STM32U385CGY6QTR, STM32U385KGU6, STM32U385RGI6, STM32U385RGI6Q, STM32U385RGT6, STM32U385RGT6Q, STM32U385RGY6GTR, STM32U385RGY6QTR, STM32U385VGI6, STM32U385VGI6Q, STM32U385VGT6, STM32U385VGT6Q, STM32U535CBT6, STM32U535CBT6Q, STM32U535CBU6, STM32U535CBU6Q, STM32U535CCT6, STM32U535CCT6Q, STM32U535CCU6, STM32U535CCU6Q, STM32U535CET6, STM32U535CET6Q, STM32U535CEU6, STM32U535CEU6Q, STM32U535JEY6QTR, STM32U535NCY6QTR, STM32U535NEY6QTR, STM32U535RBI6, STM32U535RBI6Q, STM32U535RBT6, STM32U535RBT6Q, STM32U535RCI6, STM32U535RCI6Q, STM32U535RCT6, STM32U535RCT6Q, STM32U535REI6, STM32U535REI6Q, STM32U535RET6, STM32U535RET6Q, STM32U535VCI6, STM32U535VCI6Q, STM32U535VCT6, STM32U535VCT6Q, STM32U535VEI6, STM32U535VEI6Q, STM32U535VET6, STM32U535VET6Q, STM32U545CET6, STM32U545CET6Q, STM32U545CEU6, STM32U545CEU6Q, STM32U545JEY6QTR, STM32U545NEY6QTR, STM32U545REI6, STM32U545REI6Q, STM32U545RET6, STM32U545RET6Q, STM32U545VEI6, STM32U545VEI6Q, STM32U545VET6, STM32U545VET6Q, STM32U595AIH6, STM32U595AIH6Q, STM32U595AJH6, STM32U595AJH6Q, STM32U595QII6, STM32U595QII6Q, STM32U595QJI6, STM32U595QJI6Q, STM32U595RIT6, STM32U595RIT6Q, STM32U595RJT6, STM32U595RJT6Q, STM32U595VIT6, STM32U595VIT6Q, STM32U595VJT6, STM32U595VJT6Q, STM32U595ZIT6, STM32U595ZIT6Q, STM32U595ZIY6QTR, STM32U595ZJT6, STM32U595ZJT6Q, STM32U595ZJY6QTR, STM32U599BJY6QTR, STM32U599NIH6Q, STM32U599NJH6Q, STM32U599VIT6Q, STM32U599VJT6, STM32U599VJT6Q, STM32U599ZIT6Q, STM32U599ZIY6QTR, STM32U599ZJT6Q, STM32U599ZJY6QTR, STM32U5A5AJH6, STM32U5A5AJH6Q, STM32U5A5QII3Q , STM32U5A5QJI6, STM32U5A5QJI6Q, STM32U5A5RJT6, STM32U5A5RJT6Q, STM32U5A5VJT6, STM32U5A5VJT6Q, STM32U5A5ZJT6, STM32U5A5ZJT6Q, STM32U5A5ZJY6QTR, STM32U5A9BJY6QTR, STM32U5A9J-DK, STM32U5A9NJH6Q, STM32U5A9VJT6Q, STM32U5A9ZJT6Q, STM32U5A9ZJY6QTR, STM32U5F7VIT6, STM32U5F7VIT6Q, STM32U5F7VJT6, STM32U5F7VJT6Q, STM32U5F9BJY6QTR, STM32U5F9NJH6Q, STM32U5F9VIT6Q, STM32U5F9VJT6Q, STM32U5F9ZIJ6QTR, STM32U5F9ZIT6Q, STM32U5F9ZJJ6QTR, STM32U5F9ZJT6Q, STM32U5G7VJT6, STM32U5G7VJT6Q, STM32U5G9BJY6QTR, STM32U5G9J-DK1, STM32U5G9J-DK2, STM32U5G9NJH6Q, STM32U5G9VJT6Q, STM32U5G9ZJJ6QTR, STM32U5G9ZJT6Q, STM32WB05KZV6TR, STM32WB05KZV7TR, STM32WB05TZF6TR, STM32WB05TZF7TR, STM32WB06CCF6TR, STM32WB06CCF7TR, STM32WB06CCV6TR, STM32WB06CCV7TR, STM32WB06KCV6TR, STM32WB06KCV7TR, STM32WB07CCF6TR, STM32WB07CCF7TR, STM32WB07CCV6TR, STM32WB07CCV7TR, STM32WB07KCV6TR, STM32WB07KCV7TR, STM32WB09KEV6TR, STM32WB09KEV7TR, STM32WB09TEF6TR, STM32WB09TEF7TR, STM32WB1MMCH6, STM32WBA50KGU6, STM32WBA50KGU6TR, STM32WBA52CEU6, STM32WBA52CEU6TR, STM32WBA52CEU7, STM32WBA52CEU7TR, STM32WBA52CGU6, STM32WBA52CGU6TR, STM32WBA52CGU6U, STM32WBA52CGU7, STM32WBA52CGU7TR, STM32WBA52KEU6, STM32WBA52KEU6TR, STM32WBA52KGU6, STM32WBA52KGU6TR, STM32WBA54CEU6, STM32WBA54CEU6TR, STM32WBA54CEU7, STM32WBA54CEU7TR, STM32WBA54CGU6, STM32WBA54CGU6TR, STM32WBA54CGU7, STM32WBA54CGU7TR, STM32WBA54KEU6, STM32WBA54KEU6TR, STM32WBA54KEU7, STM32WBA54KEU7TR, STM32WBA54KGU6, STM32WBA54KGU6TR, STM32WBA54KGU7, STM32WBA54KGU7TR, STM32WBA55CEU6, STM32WBA55CEU6TR, STM32WBA55CEU7, STM32WBA55CEU7TR, STM32WBA55CGU6, STM32WBA55CGU6TR, STM32WBA55CGU6U, STM32WBA55CGU7, STM32WBA55CGU7TR, STM32WBA55G-DK1, STM32WBA55HEF6, STM32WBA55HEF7, STM32WBA55HGF6, STM32WBA55HGF7, STM32WBA55UEI6, STM32WBA55UEI6TR, STM32WBA55UEI7, STM32WBA55UEI7TR, STM32WBA55UGI6, STM32WBA55UGI6TR, STM32WBA55UGI7, STM32WBA55UGI7TR, STM32WBA5MMGH6TR, STM32WBA62MGF6, STM32WBA62MIF6, STM32WBA65MGF7, STM32WBA65MIF6, STM32WBA65MIF7, STM32WL30K8V6, STM32WL30KBV6, STM32WL31C8V6, STM32WL31CBV6, STM32WL31K8V6, STM32WL31KBV6, STM32WL33C8V6, STM32WL33C8V6X, STM32WL33CBV6, STM32WL33CBV6X, STM32WL33CCV6, STM32WL33CCV6A, STM32WL33CCV6X, STM32WL33K8V7, STM32WL33K8V7X, STM32WL33KBV7 , STM32WL33KBV7X, STM32WL33KCV7, STM32WL33KCV7X, STM32WL5MOCH6, STM32WL5MOCH6TR]
2025-12-15 12:07:23,988 [INFO] DbMcus:218 - Found 4876 MCUs, 4876 are supported
2025-12-15 12:07:23,989 [INFO] ApiDb:423 - Load user favorites file C:\Users\aditi/.stm32cubeide/favorites.mcus.txt: 0 item(s)
2025-12-15 12:07:23,989 [INFO] ApiDb:427 - User favorites MCUs=[]
2025-12-15 12:07:23,989 [INFO] DbMcus:224 - Set 0 / 0 favorites MCUs
2025-12-15 12:07:24,256 [INFO] ApiDb:668 - CubeFinder database Data Model version=2.1
2025-12-15 12:07:24,256 [INFO] ApiDb:669 - CubeFinder database Configuration version=3.0.39
2025-12-15 12:07:24,256 [INFO] ApiDb:670 - CubeFinder database generation date=2025-11-05 (1762334721)
2025-12-15 12:07:24,256 [INFO] ApiDb:671 - CubeFinder database FW Pack versions=[FP-ATR-ASTRA1_V2.0.0, FP-SNS-FLIGHT1_V5.1.0, FP-SNS-MOTENV1_V5.1.0, FP-SNS-MOTENVWB1_V1.4.0, FP-SNS-SMARTAG2_V1.2.0, FP-SNS-STBOX1_V2.1.0, STM32Cube_FW_C0_V1.4.0, STM32Cube_FW_F4_V1.28.3, STM32Cube_FW_F7_V1.17.4, STM32Cube_FW_G0_V1.6.2, STM32Cube_FW_G4_V1.6.1, STM32Cube_FW_H5_V1.5.1, STM32Cube_FW_H7RS_V1.3.0, STM32Cube_FW_H7_V1.12.1, STM32Cube_FW_L0_V1.12.2, STM32Cube_FW_L4_V1.18.1, STM32Cube_FW_L5_V1.6.0, STM32Cube_FW_N6_V1.3.0, STM32Cube_FW_U0_V1.3.0, STM32Cube_FW_U3_V1.2.1, STM32Cube_FW_U5_V1.8.0, STM32Cube_FW_WB0_V1.4.0, STM32Cube_FW_WBA_V1.8.0, STM32Cube_FW_WB_V1.24.0, STM32Cube_FW_WL3_V1.3.0, STM32Cube_FW_WL_V1.4.0, X-CUBE-ALGOBUILD_V1.4.0, X-CUBE-ALS_V1.0.2, X-CUBE-AZRTOS-F4_V1.1.0, X-CUBE-AZRTOS-F7_V1.1.0, X-CUBE-AZRTOS-G0_V1.1.0, X-CUBE-AZRTOS-G4_V2.0.0, X-CUBE-AZRTOS-H7RS_V1.1.0, X-CUBE-AZRTOS-H7_V3.4.0, X-CUBE-AZRTOS-L4_V2.0.0, X-CUBE-AZRTOS-L5_V2.0.0, X-CUBE-AZRTOS-WB_V2.0.0, X-CUBE-AZRTOS-WL_V2.0.0, X-CUBE-BLE1_V7.1.0, X-CUBE-BLE2_V3.3.0, X-CUBE-BLEMGR_V4.1.0, X-CUBE-EEPRMA1_V5.2.0, X-CUBE-FREERTOS_V1.3.1, X-CUBE-GNSS1_V6.0.0, X-CUBE-MEMS1_V11.3.0, X-CUBE-NFC4_V3.0.0, X-CUBE-NFC7_V2.0.0, X-CUBE-SFXS2LP1_V4.0.0, X-CUBE-ST67W61_V1.1.0, X-CUBE-SUBG2_V5.0.0, X-CUBE-TOF1_V3.4.3]
2025-12-15 12:07:24,299 [INFO] DbBoardsSqlite:226 - include board P-NUCLEO-WB55-NUCLEO as a kit item of type 'Nucleo-64'
2025-12-15 12:07:24,300 [INFO] DbBoardsSqlite:226 - include board P-NUCLEO-WB55-USBDONGLE as a kit item of type 'Nucleo USB Dongle'
2025-12-15 12:07:24,300 [INFO] DbBoardsSqlite:226 - include board STEVAL-IDP005V1 as a kit item of type 'Evaluation Board'
2025-12-15 12:07:24,300 [INFO] DbBoardsSqlite:226 - include board STEVAL-IDP005V2 as a kit item of type 'Evaluation Board'
2025-12-15 12:07:24,341 [INFO] ApiDb:240 - Found 880 in-development CPN: [B-G473E-ZEST1S, B-WB1M-WPAN1, B-WBA5M-WPAN, B-WL5M-SUBG1, NUCLEO-C031C6, NUCLEO-C051C8, NUCLEO-C071RB, NUCLEO-C092RC, NUCLEO-H503RB, NUCLEO-H533RE, NUCLEO-H563ZI, NUCLEO-H7S3L8, NUCLEO-N657X0-Q, NUCLEO-U031R8, NUCLEO-U083RC, NUCLEO-U385RG-Q, NUCLEO-U545RE-Q, NUCLEO-U5A5ZJ-Q, NUCLEO-WB05KZ, NUCLEO-WB07CC, NUCLEO-WB09KE, NUCLEO-WBA52CG, NUCLEO-WBA55CG, NUCLEO-WL33CC1, NUCLEO-WL33CC2, STEVAL-PROTEUS1, STEVAL-SMARTAG2, STEVAL-STWINBX1, STM320518-EVAL, STM32C0116-DK, STM32C011D6Y3TR, STM32C011D6Y6TR, STM32C011F4P3, STM32C011F4P6, STM32C011F4U3, STM32C011F4U6TR, STM32C011F6P3, STM32C011F6P6, STM32C011F6U3, STM32C011F6U6TR, STM32C011J4M3, STM32C011J4M6, STM32C011J6M3, STM32C011J6M6, STM32C0316-DK, STM32C031C4T3, STM32C031C4T6, STM32C031C4U3, STM32C031C4U6, STM32C031C6T3, STM32C031C6T6, STM32C031C6U3, STM32C031C6U6, STM32C031F4P3, STM32C031F4P6, STM32C031F6P3, STM32C031F6P6, STM32C031G4U3, STM32C031G4U6, STM32C031G6U3, STM32C031G6U6, STM32C031K4T3, STM32C031K4T6, STM32C031K4U3, STM32C031K4U6, STM32C031K6T3, STM32C031K6T6, STM32C031K6U3, STM32C031K6U6, STM32C051C6T6, STM32C051C6U6, STM32C051C8T6, STM32C051C8U6, STM32C051D8Y6TR, STM32C051F6P6, STM32C051F8P6, STM32C051G6U6, STM32C051G8U6, STM32C051K6T6, STM32C051K6U6, STM32C051K8T6, STM32C071C8T6, STM32C071C8T6N, STM32C071C8U6, STM32C071C8U6N, STM32C071CBT6, STM32C071CBT6N, STM32C071CBU6, STM32C071CBU6N, STM32C071F8P6, STM32C071F8P6N, STM32C071FBP6, STM32C071FBP6N, STM32C071FBY6TR, STM32C071G8U6, STM32C071G8U6N, STM32C071GBU6, STM32C071GBU6N, STM32C071K8T6, STM32C071K8T6N, STM32C071K8U6, STM32C071K8U6N, STM32C071KBT6, STM32C071KBT6N, STM32C071KBU6, STM32C071KBU6N, STM32C071R8T6, STM32C071R8T6N, STM32C071RBI6N, STM32C071RBT6, STM32C071RBT6N, STM32C091CBT6, STM32C091CBU6, STM32C091CCT6, STM32C091CCU6, STM32C091ECY6TR, STM32C091FBP6, STM32C091FCP6, STM32C091GBU6, STM32C091GCU6, STM32C091KBT6, STM32C091KBU6, STM32C091KCT6, STM32C091KCU6, STM32C091RBT6, STM32C091RCI6, STM32C091RCT6, STM32C092CBT6, STM32C092CBU6, STM32C092CCT6, STM32C092CCU6, STM32C092ECY6TR, STM32C092FBP6, STM32C092FCP6, STM32C092GBU6, STM32C092GCU6, STM32C092KBT6, STM32C092KBU6, STM32C092KCT6, STM32C092KCU6, STM32C092RBT6, STM32C092RCI6, STM32C092RCT6, STM32G071K8TXN, STM32G071K8UXN, STM32G081GBU6N, STM32G081KBT6N, STM32G081KBUXN, STM32G0B1CCT6N, STM32G0B1KCT6, STM32G0B1NEY6TR, STM32G0B1RCT6N, STM32G0C1CCT6, STM32G0C1CCT6N, STM32G0C1CCU6N, STM32G0C1CET6N, STM32G0C1CEU6N, STM32G0C1KCT6, STM32G0C1NEY6TR, STM32G0C1RCI6N, STM32G0C1RCT6N, STM32G0C1REI6N, STM32G0C1RET6N, STM32G0C1VCI6, STM32G0C1VEI6, STM32G411C6T3, STM32G411C6T6, STM32G411C6U3, STM32G411C6U6, STM32G411C8T3, STM32G411C8T6, STM32G411C8U3, STM32G411C8U6, STM32G411CBT3, STM32G411CBT6, STM32G411CBU3, STM32G411CBU6, STM32G411K6T3, STM32G411K6T6, STM32G411K6U3, STM32G411K6U6, STM32G411K8T3, STM32G411K8T6, STM32G411K8U3, STM32G411K8U6, STM32G411KBT3, STM32G411KBT6, STM32G411KBU3, STM32G411KBU6, STM32G411M6T3, STM32G411M6T6, STM32G411M8T3, STM32G411M8T6, STM32G411MBT3, STM32G411MBT6, STM32G411R6T3, STM32G411R6T6, STM32G411R8T3, STM32G411R8T6, STM32G411RBT3, STM32G411RBT6, STM32G414CBT3, STM32G414CBT6, STM32G414CBU3, STM32G414CBU6, STM32G414CCT3, STM32G414CCT6, STM32G414CCU3, STM32G414CCU6, STM32G414MBT3, STM32G414MBT6, STM32G414MCT3, STM32G414MCT6, STM32G414RBT3, STM32G414RBT6, STM32G414RCT3, STM32G414RCT6, STM32G414VBT3, STM32G414VBT6, STM32G414VCT3, STM32G414VCT6, STM32G431CBT3Z, STM32G431RBT3Z, STM32G471CCT6, STM32G471CCU6, STM32G471CET3, STM32G471CET6, STM32G471CEU3, STM32G471CEU6, STM32G471MCT6, STM32G471MET3, STM32G471MET6, STM32G471MEY6TR, STM32G471QCT6, STM32G471QET3, STM32G471RCT6, STM32G471RET3, STM32G471RET6, STM32G471VCH6, STM32G471VCI6, STM32G471VCT6, STM32G471VEH3, STM32G471VEH6, STM32G471VEI3, STM32G471VEI6, STM32G471VET3, STM32G471VET6, STM32G473QET3Z, STM32G473RET3Z, STM32G474CCT6, STM32G491RET3Z, STM32H503CBT6, STM32H503CBU6, STM32H503EBY6TR, STM32H503KBU6, STM32H503RBT6, STM32H523CCT6, STM32H523CCU6, STM32H523CET6, STM32H523CEU6, STM32H523HEY6TR, STM32H523RCT6, STM32H523RET6, STM32H523VCI6, STM32H523VCT6, STM32H523VEI6, STM32H523VET6, STM32H523ZCJ6, STM32H523ZCT6, STM32H523ZEJ6, STM32H523ZET6, STM32H533CET6, STM32H533CEU6, STM32H533HEY6TR, STM32H533RET6, STM32H533VEI6, STM32H533VET6, STM32H533ZEJ6, STM32H533ZET6, STM32H562AGI6, STM32H562AII6, STM32H562IGK6, STM32H562IGT6, STM32H562IIK6, STM32H562IIT6, STM32H562RGT6, STM32H562RGV6, STM32H562RIT6, STM32H562RIV6, STM32H562VGT6, STM32H562VIT6, STM32H562ZGT6, STM32H562ZIT6, STM32H563AGI6, STM32H563AII3Q, STM32H563AII6, STM32H563IGK6, STM32H563IGT6, STM32H563IIK3Q, STM32H563IIK6, STM32H563IIT3Q, STM32H563IIT6, STM32H563MIY3QTR, STM32H563RGT6, STM32H563RGV6, STM32H563RIT6, STM32H563RIV6, STM32H563VGT6, STM32H563VIT3Q, STM32H563VIT6, STM32H563ZGT6, STM32H563ZIT3Q, STM32H563ZIT6, STM32H573AII3Q, STM32H573AII6, STM32H573I-DK, STM32H573IIK3Q, STM32H573IIK6, STM32H573IIT3Q, STM32H573IIT6, STM32H573MIY3QTR, STM32H573RIT6, STM32H573RIV6, STM32H573VIT3Q, STM32H573VIT6, STM32H573ZIT3Q, STM32H573ZIT6, STM32H7R3A8I6, STM32H7R3I8K6, STM32H7R3I8T6, STM32H7R3L8H6, STM32H7R3L8H6H, STM32H7R3R8V6, STM32H7R3V8H6, STM32H7R3V8T6, STM32H7R3V8Y6TR, STM32H7R3Z8J6, STM32H7R3Z8T6, STM32H7R7A8I6, STM32H7R7I8K6, STM32H7R7I8T6, STM32H7R7L8H6, STM32H7R7L8H6H, STM32H7R7Z8J6, STM32H7S3A8I6, STM32H7S3I8K6, STM32H7S3I8T6, STM32H7S3L8H6, STM32H7S3L8H6H, STM32H7S3R8V6, STM32H7S3V8H6, STM32H7S3V8T6, STM32H7S3V8Y6TR, STM32H7S3Z8J6, STM32H7S3Z8T6, STM32H7S78-DK, STM32H7S7A8I6, STM32H7S7I8K6, STM32H7S7I8T6, STM32H7S7L8H6, STM32H7S7L8H6H, STM32H7S7Z8J6, STM32L4R5QGI6STR, STM32MP131AAE3, STM32MP131AAF3, STM32MP131AAG3, STM32MP131CAE3, STM32MP131CAF3, STM32MP131CAG3, STM32MP131DAE7, STM32MP131DAF7, STM32MP131DAG7, STM32MP131FAE7, STM32MP131FAF7, STM32MP131FAG7, STM32MP133AAE3, STM32MP133AAF3, STM32MP133AAG3, STM32MP133CAE3, STM32MP133CAF3, STM32MP133CAG3, STM32MP133DAE7, STM32MP133DAF7, STM32MP133DAG7, STM32MP133FAE7, STM32MP133FAF7, STM32MP133FAG7, STM32MP135AAE3, STM32MP135AAF3, STM32MP135AAG3, STM32MP135CAE3, STM32MP135CAF3, STM32MP135CAG3, STM32MP135DAE7, STM32MP135DAF7, STM32MP135DAG7, STM32MP135F-DK, STM32MP135FAE7, STM32MP135FAF7, STM32MP135FAF7T, STM32MP135FAF7U, STM32MP135FAG7, STM32MP211AAL3, STM32MP211AAM3, STM32MP211AAN3, STM32MP211AAO3, STM32MP211CAL3, STM32MP211CAM3, STM32MP211CAN3, STM32MP211CAO3, STM32MP211DAL3, STM32MP211DAM3, STM32MP211DAN3, STM32MP211DAO3, STM32MP211FAL3, STM32MP211FAM3, STM32MP211FAN3, STM32MP211FAO3, STM32MP213AAL3, STM32MP213AAM3, STM32MP213AAN3, STM32MP213AAO3, STM32MP213CAL3, STM32MP213CAM3, STM32MP213CAN3, STM32MP213CAO3, STM32MP213DAL3, STM32MP213DAM3, STM32MP213DAN3, STM32MP213DAO3, STM32MP213FAL3, STM32MP213FAM3, STM32MP213FAN3, STM32MP213FAO3, STM32MP215AAL3, STM32MP215AAM3, STM32MP215AAN3, STM32MP215AAO3, STM32MP215CAL3, STM32MP215CAM3, STM32MP215CAN3, STM32MP215CAO3, STM32MP215DAL3, STM32MP215DAM3, STM32MP215DAN3, STM32MP215DAO3, STM32MP215F-DK, STM32MP215FAL3, STM32MP215FAM3, STM32MP215FAN3, STM32MP215FAO3, STM32MP231AAJ3, STM32MP231AAK3, STM32MP231AAL3, STM32MP231CAJ3, STM32MP231CAK3, STM32MP231CAL3, STM32MP231DAJ3, STM32MP231DAK3, STM32MP231DAL3, STM32MP231FAJ3, STM32MP231FAK3, STM32MP231FAL3, STM32MP233AAJ3, STM32MP233AAK3, STM32MP233AAL3, STM32MP233CAJ3, STM32MP233CAK3, STM32MP233CAL3, STM32MP233DAJ3, STM32MP233DAK3, STM32MP233DAL3, STM32MP233FAJ3, STM32MP233FAK3, STM32MP233FAL3, STM32MP235AAJ3, STM32MP235AAK3, STM32MP235AAL3, STM32MP235CAJ3, STM32MP235CAK3, STM32MP235CAL3, STM32MP235DAJ3, STM32MP235DAK3, STM32MP235DAL3, STM32MP235FAJ3, STM32MP235FAK3, STM32MP235FAL3, STM32MP251AAI3, STM32MP251AAK3, STM32MP251AAL3, STM32MP251CAI3, STM32MP251CAK3, STM32MP251CAL3, STM32MP251DAI3, STM32MP251DAK3, STM32MP251DAL3, STM32MP251FAI3, STM32MP251FAK3, STM32MP251FAL3, STM32MP253AAI3, STM32MP253AAK3, STM32MP253AAL3, STM32MP253CAI3, STM32MP253CAK3, STM32MP253CAL3, STM32MP253DAI3, STM32MP253DAK3, STM32MP253DAL3, STM32MP253FAI3, STM32MP253FAK3, STM32MP253FAL3, STM32MP255AAI3, STM32MP255AAK3, STM32MP255AAL3, STM32MP255CAI3, STM32MP255CAK3, STM32MP255CAL3, STM32MP255DAI3, STM32MP255DAK3, STM32MP255DAL3, STM32MP255FAI3, STM32MP255FAK3, STM32MP255FAL3, STM32MP257AAI3, STM32MP257AAK3, STM32MP257AAL3, STM32MP257CAI3, STM32MP257CAK3, STM32MP257CAL3, STM32MP257DAI3, STM32MP257DAK3, STM32MP257DAL3, STM32MP257F-DK, STM32MP257F-EV1, STM32MP257FAI3, STM32MP257FAK3, STM32MP257FAL3, STM32N645A0H3Q, STM32N645B0H3Q, STM32N645I0H3Q, STM32N645L0H3Q, STM32N645X0H3Q, STM32N645Z0H3Q, STM32N647A0H3Q, STM32N647B0H3Q, STM32N647I0H3Q, STM32N647L0H3Q, STM32N647X0H3Q, STM32N647Z0H3Q, STM32N655A0H3Q, STM32N655B0H3Q, STM32N655I0H3Q, STM32N655L0H3Q, STM32N655X0H3Q, STM32N655Z0H3Q, STM32N6570-DK, STM32N657A0H3Q, STM32N657B0H3Q, STM32N657I0H3Q, STM32N657L0H3Q, STM32N657X0H3Q, STM32N657Z0H3Q, STM32U031C6T6, STM32U031C6U6, STM32U031C8T6, STM32U031C8U6, STM32U031F4P6, STM32U031F6P6, STM32U031F8P6, STM32U031G6Y6TR, STM32U031G8Y6TR, STM32U031K4U6, STM32U031K6U6, STM32U031K8U6, STM32U031R6I6, STM32U031R6T6, STM32U031R8I6, STM32U031R8T6, STM32U073C8T6, STM32U073C8U6, STM32U073CBT6, STM32U073CBU6, STM32U073CCT6, STM32U073CCU6, STM32U073H8Y6TR, STM32U073HBY6TR, STM32U073HCY6TR, STM32U073K8U6, STM32U073KBU6, STM32U073KCU6, STM32U073M8I6, STM32U073M8T6, STM32U073MBI6, STM32U073MBT6, STM32U073MCI6, STM32U073MCT6, STM32U073R8I6, STM32U073R8T6, STM32U073RBI6, STM32U073RBT6, STM32U073RCI6, STM32U073RCT6, STM32U083C-DK, STM32U083CCT6, STM32U083CCU6, STM32U083HCY6TR, STM32U083KCU6, STM32U083MCI6, STM32U083MCT6, STM32U083RCI6, STM32U083RCT6, STM32U375CET6, STM32U375CET6Q, STM32U375CEU6, STM32U375CEU6Q, STM32U375CEY6QTR, STM32U375CGT6, STM32U375CGT6Q, STM32U375CGU6, STM32U375CGU6Q, STM32U375CGY6QTR, STM32U375KEU6, STM32U375KGU6, STM32U375REI6, STM32U375REI6Q, STM32U375RET6, STM32U375RET6Q, STM32U375REY6GTR, STM32U375REY6QTR, STM32U375RGI6, STM32U375RGI6Q, STM32U375RGT6, STM32U375RGT6Q, STM32U375RGY6GTR, STM32U375RGY6QTR, STM32U375VEI6, STM32U375VEI6Q, STM32U375VET6, STM32U375VET6Q, STM32U375VGI6, STM32U375VGI6Q, STM32U375VGT6, STM32U375VGT6Q, STM32U385CGT6, STM32U385CGT6Q, STM32U385CGU6, STM32U385CGU6Q, STM32U385CGY6QTR, STM32U385KGU6, STM32U385RGI6, STM32U385RGI6Q, STM32U385RGT6, STM32U385RGT6Q, STM32U385RGY6GTR, STM32U385RGY6QTR, STM32U385VGI6, STM32U385VGI6Q, STM32U385VGT6, STM32U385VGT6Q, STM32U535CBT6, STM32U535CBT6Q, STM32U535CBU6, STM32U535CBU6Q, STM32U535CCT6, STM32U535CCT6Q, STM32U535CCU6, STM32U535CCU6Q, STM32U535CET6, STM32U535CET6Q, STM32U535CEU6, STM32U535CEU6Q, STM32U535JEY6QTR, STM32U535NCY6QTR, STM32U535NEY6QTR, STM32U535RBI6, STM32U535RBI6Q, STM32U535RBT6, STM32U535RBT6Q, STM32U535RCI6, STM32U535RCI6Q, STM32U535RCT6, STM32U535RCT6Q, STM32U535REI6, STM32U535REI6Q, STM32U535RET6, STM32U535RET6Q, STM32U535VCI6, STM32U535VCI6Q, STM32U535VCT6, STM32U535VCT6Q, STM32U535VEI6, STM32U535VEI6Q, STM32U535VET6, STM32U535VET6Q, STM32U545CET6, STM32U545CET6Q, STM32U545CEU6, STM32U545CEU6Q, STM32U545JEY6QTR, STM32U545NEY6QTR, STM32U545REI6, STM32U545REI6Q, STM32U545RET6, STM32U545RET6Q, STM32U545VEI6, STM32U545VEI6Q, STM32U545VET6, STM32U545VET6Q, STM32U595AIH6, STM32U595AIH6Q, STM32U595AJH6, STM32U595AJH6Q, STM32U595QII6, STM32U595QII6Q, STM32U595QJI6, STM32U595QJI6Q, STM32U595RIT6, STM32U595RIT6Q, STM32U595RJT6, STM32U595RJT6Q, STM32U595VIT6, STM32U595VIT6Q, STM32U595VJT6, STM32U595VJT6Q, STM32U595ZIT6, STM32U595ZIT6Q, STM32U595ZIY6QTR, STM32U595ZJT6, STM32U595ZJT6Q, STM32U595ZJY6QTR, STM32U599BJY6QTR, STM32U599NIH6Q, STM32U599NJH6Q, STM32U599VIT6Q, STM32U599VJT6, STM32U599VJT6Q, STM32U599ZIT6Q, STM32U599ZIY6QTR, STM32U599ZJT6Q, STM32U599ZJY6QTR, STM32U5A5AJH6, STM32U5A5AJH6Q, STM32U5A5QII3Q , STM32U5A5QJI6, STM32U5A5QJI6Q, STM32U5A5RJT6, STM32U5A5RJT6Q, STM32U5A5VJT6, STM32U5A5VJT6Q, STM32U5A5ZJT6, STM32U5A5ZJT6Q, STM32U5A5ZJY6QTR, STM32U5A9BJY6QTR, STM32U5A9J-DK, STM32U5A9NJH6Q, STM32U5A9VJT6Q, STM32U5A9ZJT6Q, STM32U5A9ZJY6QTR, STM32U5F7VIT6, STM32U5F7VIT6Q, STM32U5F7VJT6, STM32U5F7VJT6Q, STM32U5F9BJY6QTR, STM32U5F9NJH6Q, STM32U5F9VIT6Q, STM32U5F9VJT6Q, STM32U5F9ZIJ6QTR, STM32U5F9ZIT6Q, STM32U5F9ZJJ6QTR, STM32U5F9ZJT6Q, STM32U5G7VJT6, STM32U5G7VJT6Q, STM32U5G9BJY6QTR, STM32U5G9J-DK1, STM32U5G9J-DK2, STM32U5G9NJH6Q, STM32U5G9VJT6Q, STM32U5G9ZJJ6QTR, STM32U5G9ZJT6Q, STM32WB05KZV6TR, STM32WB05KZV7TR, STM32WB05TZF6TR, STM32WB05TZF7TR, STM32WB06CCF6TR, STM32WB06CCF7TR, STM32WB06CCV6TR, STM32WB06CCV7TR, STM32WB06KCV6TR, STM32WB06KCV7TR, STM32WB07CCF6TR, STM32WB07CCF7TR, STM32WB07CCV6TR, STM32WB07CCV7TR, STM32WB07KCV6TR, STM32WB07KCV7TR, STM32WB09KEV6TR, STM32WB09KEV7TR, STM32WB09TEF6TR, STM32WB09TEF7TR, STM32WB1MMCH6, STM32WBA50KGU6, STM32WBA50KGU6TR, STM32WBA52CEU6, STM32WBA52CEU6TR, STM32WBA52CEU7, STM32WBA52CEU7TR, STM32WBA52CGU6, STM32WBA52CGU6TR, STM32WBA52CGU6U, STM32WBA52CGU7, STM32WBA52CGU7TR, STM32WBA52KEU6, STM32WBA52KEU6TR, STM32WBA52KGU6, STM32WBA52KGU6TR, STM32WBA54CEU6, STM32WBA54CEU6TR, STM32WBA54CEU7, STM32WBA54CEU7TR, STM32WBA54CGU6, STM32WBA54CGU6TR, STM32WBA54CGU7, STM32WBA54CGU7TR, STM32WBA54KEU6, STM32WBA54KEU6TR, STM32WBA54KEU7, STM32WBA54KEU7TR, STM32WBA54KGU6, STM32WBA54KGU6TR, STM32WBA54KGU7, STM32WBA54KGU7TR, STM32WBA55CEU6, STM32WBA55CEU6TR, STM32WBA55CEU7, STM32WBA55CEU7TR, STM32WBA55CGU6, STM32WBA55CGU6TR, STM32WBA55CGU6U, STM32WBA55CGU7, STM32WBA55CGU7TR, STM32WBA55G-DK1, STM32WBA55HEF6, STM32WBA55HEF7, STM32WBA55HGF6, STM32WBA55HGF7, STM32WBA55UEI6, STM32WBA55UEI6TR, STM32WBA55UEI7, STM32WBA55UEI7TR, STM32WBA55UGI6, STM32WBA55UGI6TR, STM32WBA55UGI7, STM32WBA55UGI7TR, STM32WBA5MMGH6TR, STM32WBA62MGF6, STM32WBA62MIF6, STM32WBA65MGF7, STM32WBA65MIF6, STM32WBA65MIF7, STM32WL30K8V6, STM32WL30KBV6, STM32WL31C8V6, STM32WL31CBV6, STM32WL31K8V6, STM32WL31KBV6, STM32WL33C8V6, STM32WL33C8V6X, STM32WL33CBV6, STM32WL33CBV6X, STM32WL33CCV6, STM32WL33CCV6A, STM32WL33CCV6X, STM32WL33K8V7, STM32WL33K8V7X, STM32WL33KBV7 , STM32WL33KBV7X, STM32WL33KCV7, STM32WL33KCV7X, STM32WL5MOCH6, STM32WL5MOCH6TR]
2025-12-15 12:07:24,503 [INFO] BoardInfo:889 - No configuration file found for board P-NUCLEO-WB55
2025-12-15 12:07:24,504 [INFO] DbBoards:161 - Kit is not supported: P-NUCLEO-WB55
2025-12-15 12:07:24,517 [INFO] BoardInfo:889 - No configuration file found for board STEVAL-BFA001V1B
2025-12-15 12:07:24,518 [INFO] DbBoards:161 - Kit is not supported: STEVAL-BFA001V1B
2025-12-15 12:07:24,519 [INFO] BoardInfo:889 - No configuration file found for board STEVAL-BFA001V2B
2025-12-15 12:07:24,520 [INFO] DbBoards:161 - Kit is not supported: STEVAL-BFA001V2B
2025-12-15 12:07:24,691 [INFO] DbBoards:168 - Found 212 boards, 209 are supported
2025-12-15 12:07:24,691 [INFO] DbBoards:169 - Found 212 boards, 43 of them is supported for  Bsp
2025-12-15 12:07:24,694 [INFO] ApiDb:423 - Load user favorites file C:\Users\aditi/.stm32cubeide/favorites.boards.txt: 1 item(s)
2025-12-15 12:07:24,694 [INFO] ApiDb:427 - User favorites Boards=[STM32F407G-DISC1]
2025-12-15 12:07:24,694 [INFO] DbBoards:198 - Set 1 / 1 favorites Boards
2025-12-15 12:07:24,694 [INFO] McuFinderGlobals:76 - Set McuFinderConnectedMode to true
2025-12-15 12:07:24,698 [INFO] MultiScanPanel:200 - Auto-refresh data requested => check proxy status ongoing
2025-12-15 12:07:24,702 [INFO] FinderPluginLoader:96 - Searching for filters in installed packs
2025-12-15 12:07:25,770 [INFO] LoadUrlFilesThread:185 - End of LoadServerUrlFiles without Thread
2025-12-15 12:07:25,783 [INFO] DetailPanel:341 - Set advertising image to C:/Users/aditi/STM32Cube/Repository/\en.prom-st67w-expansion-board.png
2025-12-15 12:07:29,284 [INFO] MultiScanPanel:200 - Auto-refresh data requested => check proxy status ongoing
2025-12-15 12:07:29,385 [INFO] LoadUrlFilesThread:185 - End of LoadServerUrlFiles without Thread
2025-12-15 12:07:29,385 [INFO] DetailPanel:341 - Set advertising image to C:/Users/aditi/STM32Cube/Repository/\en.prom-st67w-expansion-board.png
2025-12-15 12:07:29,402 [INFO] DbBoards:642 - Loading board mini-images...
2025-12-15 12:07:30,782 [ERROR] DbBoards:659 - Image file not found for board STM32MP215F-DK: C:\Users\aditi\.stmcufinder\plugins\mcufinder//mcu//boards_images/STM32MP215F-DK.jpg
2025-12-15 12:07:30,856 [INFO] DbBoards:665 - Loaded 211 board mini-images
2025-12-15 12:07:53,407 [INFO] McuFinderGlobals:76 - Set McuFinderConnectedMode to true
2025-12-15 12:07:53,412 [INFO] ApiDb:448 - Save user favorites file C:\Users\aditi/.stm32cubeide/favorites.mcus.txt: 0 item(s)
2025-12-15 12:07:53,412 [INFO] ApiDb:452 - User favorites MCUs=[]
2025-12-15 12:07:53,414 [INFO] ApiDb:448 - Save user favorites file C:\Users\aditi/.stm32cubeide/favorites.boards.txt: 1 item(s)
2025-12-15 12:07:53,414 [INFO] ApiDb:452 - User favorites Boards=[STM32F407G-DISC1]
2025-12-15 12:14:25,749 [ERROR] LogOutputStream:75 - [STDERR_REDIRECT] 
2025-12-15 12:14:25,750 [ERROR] LogOutputStream:75 - [STDERR_REDIRECT] 
2025-12-15 12:14:49,241 [INFO] Activator:176 - 


2025-12-15 12:14:49,244 [INFO] Activator:177 - !SESSION log4j initialized
2025-12-15 12:14:53,016 [INFO] LogOutputStream:77 - [STDOUT_REDIRECT] 
2025-12-15 12:14:54,880 [INFO] ApplicationProperties:184 - Using Application install path: C:\ST\STM32CubeIDE_1.19.0\STM32CubeIDE\plugins\com.st.stm32cube.common.mx_6.15.0.202507011659
2025-12-15 12:14:54,898 [INFO] DbMcusXml:78 - Set database path to: C:\ST\STM32CubeIDE_1.19.0\STM32CubeIDE\plugins\com.st.stm32cube.common.mx_6.15.0.202507011659\\db\/mcu/
2025-12-15 12:14:54,899 [INFO] ApiDb:274 - Set plugin database path to: C:\ST\STM32CubeIDE_1.19.0\STM32CubeIDE\plugins\com.st.stm32cube.common.mx_6.15.0.202507011659\\db\/plugins/boardmanager/
2025-12-15 12:14:54,899 [WARN] ApiDb:259 - Overriding images path with different value:  => C:\ST\STM32CubeIDE_1.19.0\STM32CubeIDE\plugins\com.st.stm32cube.common.mx_6.15.0.202507011659\\db\/plugins/mcufinder/images/
2025-12-15 12:14:54,908 [INFO] ApiDb:250 - Set database path to: C:\Users\aditi\.stmcufinder\plugins\mcufinder//mcu/
2025-12-15 12:14:54,910 [INFO] DbMcusAds:125 - Set database path to: C:\Users\aditi\.stmcufinder\plugins\mcufinder//mcu/
2025-12-15 12:14:54,912 [INFO] CrossReferenceDbSqlite:203 - Set database path to: C:\Users\aditi\.stmcufinder\plugins\mcufinder//mcu/cs/
2025-12-15 12:14:55,011 [INFO] RulesReader:64 - Compatibility file has been processed (317 Rules)
2025-12-15 12:14:55,123 [INFO] DbMcusXml:78 - Set database path to: C:\ST\STM32CubeIDE_1.19.0\STM32CubeIDE\plugins\com.st.stm32cube.common.mx_6.15.0.202507011659\\db\/mcu/
2025-12-15 12:14:55,123 [INFO] ApiDb:274 - Set plugin database path to: C:\ST\STM32CubeIDE_1.19.0\STM32CubeIDE\plugins\com.st.stm32cube.common.mx_6.15.0.202507011659\\db\/plugins/boardmanager/
2025-12-15 12:14:55,123 [INFO] ApiDb:261 - Set plugin images path to: C:\ST\STM32CubeIDE_1.19.0\STM32CubeIDE\plugins\com.st.stm32cube.common.mx_6.15.0.202507011659\\db\/plugins/mcufinder/images/
2025-12-15 12:14:55,123 [WARN] DbFile:41 - Overriding database path with different value: C:\Users\aditi\.stmcufinder\plugins\mcufinder/ => C:\Users\aditi\.stmcufinder\plugins\mcufinder
2025-12-15 12:14:55,123 [INFO] ApiDb:250 - Set database path to: C:\Users\aditi\.stmcufinder\plugins\mcufinder//mcu/
2025-12-15 12:14:55,123 [WARN] DbFile:41 - Overriding database path with different value: C:\Users\aditi\.stmcufinder\plugins\mcufinder/ => C:\Users\aditi\.stmcufinder\plugins\mcufinder
2025-12-15 12:14:55,123 [INFO] DbMcusAds:125 - Set database path to: C:\Users\aditi\.stmcufinder\plugins\mcufinder//mcu/
2025-12-15 12:14:55,124 [WARN] DbFile:41 - Overriding database path with different value: C:\Users\aditi\.stmcufinder\plugins\mcufinder/ => C:\Users\aditi\.stmcufinder\plugins\mcufinder
2025-12-15 12:14:55,124 [WARN] DbFile:41 - Overriding database path with different value: C:\Users\aditi\.stmcufinder\plugins\mcufinder/ => C:\Users\aditi\.stmcufinder\plugins\mcufinder
2025-12-15 12:14:55,124 [INFO] CrossReferenceDbSqlite:203 - Set database path to: C:\Users\aditi\.stmcufinder\plugins\mcufinder//mcu/cs/
2025-12-15 12:14:55,296 [INFO] MainPanel:274 - HeapMemory: 268435456
2025-12-15 12:14:55,428 [INFO] DbMcusXml:78 - Set database path to: C:\ST\STM32CubeIDE_1.19.0\STM32CubeIDE\plugins\com.st.stm32cube.common.mx_6.15.0.202507011659\\db\/mcu/
2025-12-15 12:14:55,429 [INFO] ApiDb:274 - Set plugin database path to: C:\ST\STM32CubeIDE_1.19.0\STM32CubeIDE\plugins\com.st.stm32cube.common.mx_6.15.0.202507011659\\db\/plugins/boardmanager/
2025-12-15 12:14:55,429 [INFO] ApiDb:261 - Set plugin images path to: C:\ST\STM32CubeIDE_1.19.0\STM32CubeIDE\plugins\com.st.stm32cube.common.mx_6.15.0.202507011659\\db\/plugins/mcufinder/images/
2025-12-15 12:14:55,429 [WARN] DbFile:41 - Overriding database path with different value: C:\Users\aditi\.stmcufinder\plugins\mcufinder/ => C:\Users\aditi\.stmcufinder\plugins\mcufinder
2025-12-15 12:14:55,429 [INFO] ApiDb:250 - Set database path to: C:\Users\aditi\.stmcufinder\plugins\mcufinder//mcu/
2025-12-15 12:14:55,429 [WARN] DbFile:41 - Overriding database path with different value: C:\Users\aditi\.stmcufinder\plugins\mcufinder/ => C:\Users\aditi\.stmcufinder\plugins\mcufinder
2025-12-15 12:14:55,429 [INFO] DbMcusAds:125 - Set database path to: C:\Users\aditi\.stmcufinder\plugins\mcufinder//mcu/
2025-12-15 12:14:55,429 [WARN] DbFile:41 - Overriding database path with different value: C:\Users\aditi\.stmcufinder\plugins\mcufinder/ => C:\Users\aditi\.stmcufinder\plugins\mcufinder
2025-12-15 12:14:55,429 [WARN] DbFile:41 - Overriding database path with different value: C:\Users\aditi\.stmcufinder\plugins\mcufinder/ => C:\Users\aditi\.stmcufinder\plugins\mcufinder
2025-12-15 12:14:55,429 [INFO] CrossReferenceDbSqlite:203 - Set database path to: C:\Users\aditi\.stmcufinder\plugins\mcufinder//mcu/cs/
2025-12-15 12:14:55,446 [INFO] ApplicationProperties:184 - Using Application install path: C:\ST\STM32CubeIDE_1.19.0\STM32CubeIDE\plugins\com.st.stm32cube.common.mx_6.15.0.202507011659
2025-12-15 12:14:55,447 [INFO] PluginManage:196 - Search for loadable plugins [exclusion list=, ]
2025-12-15 12:14:55,450 [INFO] PluginManage:310 - Check plugin analytics
2025-12-15 12:14:55,658 [INFO] AnalyticsPlugin:253 - Accepted Software Licenses: 
2025-12-15 12:14:55,658 [INFO] AnalyticsPlugin:255 - Accepted CMSIS Pack Licenses: 
2025-12-15 12:14:55,658 [INFO] AnalyticsPlugin:257 - Accepted Firmware Licenses: 
2025-12-15 12:14:55,659 [INFO] PluginManage:359 - Loaded plugin analytics (category:tool,tabindex:-1)
2025-12-15 12:14:55,659 [INFO] PluginManage:310 - Check plugin cadmodel
2025-12-15 12:14:55,670 [INFO] CADModel:105 - Init CAD model plugin
2025-12-15 12:14:55,671 [INFO] PluginManage:359 - Loaded plugin cadmodel (category:power,tabindex:5)
2025-12-15 12:14:55,672 [INFO] PluginManage:310 - Check plugin clock
2025-12-15 12:14:55,687 [INFO] PluginManage:359 - Loaded plugin clock (category:base,tabindex:2)
2025-12-15 12:14:55,687 [INFO] PluginManage:310 - Check plugin ddr
2025-12-15 12:14:55,691 [INFO] PluginManage:359 - Loaded plugin ddr (category:tool,tabindex:6)
2025-12-15 12:14:55,691 [INFO] PluginManage:310 - Check plugin filemanager
2025-12-15 12:14:55,845 [INFO] PluginManage:359 - Loaded plugin filemanager (category:base,tabindex:10)
2025-12-15 12:14:55,845 [INFO] PluginManage:310 - Check plugin ipmanager
2025-12-15 12:14:55,852 [INFO] PluginManage:359 - Loaded plugin ipmanager (category:base,tabindex:5)
2025-12-15 12:14:55,852 [INFO] PluginManage:310 - Check plugin lpbam
2025-12-15 12:14:55,860 [INFO] PluginManage:359 - Loaded plugin lpbam (category:base,tabindex:0)
2025-12-15 12:14:55,861 [INFO] PluginManage:310 - Check plugin memorymap
2025-12-15 12:14:55,877 [INFO] PluginManage:359 - Loaded plugin memorymap (category:base,tabindex:4)
2025-12-15 12:14:55,877 [INFO] PluginManage:310 - Check plugin pinoutandconfiguration
2025-12-15 12:14:55,886 [INFO] PluginManage:359 - Loaded plugin pinoutandconfiguration (category:base,tabindex:1)
2025-12-15 12:14:55,887 [INFO] PluginManage:310 - Check plugin pinoutconfig
2025-12-15 12:14:56,001 [WARN] SupportedApi:132 - Cannot load RTOS API schema: s4s-elt-must-match.1: The content of 'definitions' must match (annotation?, (simpleType | complexType)?, (unique | key | keyref)*)). A problem was found starting at: attribute.
2025-12-15 12:14:56,127 [INFO] PluginManage:359 - Loaded plugin pinoutconfig (category:base,tabindex:0)
2025-12-15 12:14:56,127 [INFO] PluginManage:310 - Check plugin power
2025-12-15 12:14:56,137 [INFO] PluginManage:359 - Loaded plugin power (category:power,tabindex:4)
2025-12-15 12:14:56,137 [INFO] PluginManage:310 - Check plugin projectmanager
2025-12-15 12:14:56,156 [INFO] PluginManage:359 - Loaded plugin projectmanager (category:projectmanager,tabindex:4)
2025-12-15 12:14:56,156 [INFO] PluginManage:310 - Check plugin rif
2025-12-15 12:14:56,167 [INFO] PluginManage:359 - Loaded plugin rif (category:base,tabindex:3)
2025-12-15 12:14:56,167 [INFO] PluginManage:310 - Check plugin thirdparty
2025-12-15 12:14:56,326 [WARN] IntegrityCheckThread:84 - waiting for thirdparty lock release [integrity check]
2025-12-15 12:14:56,326 [INFO] IntegrityCheckThread:86 - entering critical section [integrity check]
2025-12-15 12:14:56,326 [INFO] ThirdPartyUpdaterWithRetryManager:70 - Updater plugin not ready yet. [1/15]
2025-12-15 12:14:56,327 [INFO] PluginManage:359 - Loaded plugin thirdparty (category:base,tabindex:-1)
2025-12-15 12:14:56,327 [INFO] PluginManage:310 - Check plugin tools
2025-12-15 12:14:56,334 [INFO] PluginManage:359 - Loaded plugin tools (category:base,tabindex:7)
2025-12-15 12:14:56,334 [INFO] PluginManage:310 - Check plugin tutovideos
2025-12-15 12:14:56,553 [INFO] PluginManage:359 - Loaded plugin tutovideos (category:base,tabindex:-1)
2025-12-15 12:14:56,553 [INFO] PluginManage:310 - Check plugin updater
2025-12-15 12:14:56,573 [INFO] PluginManage:359 - Loaded plugin updater (category:base,tabindex:12)
2025-12-15 12:14:56,574 [INFO] PluginManage:310 - Check plugin userauth
2025-12-15 12:14:56,578 [INFO] UserAuth:118 - Init User Auth plugin
2025-12-15 12:14:56,580 [INFO] PluginManage:359 - Loaded plugin userauth (category:base,tabindex:14)
2025-12-15 12:14:56,580 [INFO] PluginManage:283 - PluginManage : Loaded plugins [18]
2025-12-15 12:14:56,803 [INFO] PinOutPanel:1589 - setPackage(No Configuration,No Configuration)
2025-12-15 12:14:56,896 [INFO] CADModel:165 - CPN selected for project level
2025-12-15 12:14:56,896 [INFO] CADModel:114 - Register for checkConnection events
2025-12-15 12:14:56,920 [INFO] IPUIPlugin:80 - create IPUIPlugin
2025-12-15 12:14:56,920 [INFO] PluginManager:220 - loadIPPluginJar : add adc
2025-12-15 12:14:56,924 [INFO] IPUIPlugin:80 - create IPUIPlugin
2025-12-15 12:14:56,925 [INFO] PluginManager:220 - loadIPPluginJar : add aes
2025-12-15 12:14:56,928 [INFO] IPUIPlugin:80 - create IPUIPlugin
2025-12-15 12:14:56,929 [INFO] PluginManager:220 - loadIPPluginJar : add can
2025-12-15 12:14:56,932 [INFO] IPUIPlugin:80 - create IPUIPlugin
2025-12-15 12:14:56,933 [INFO] PluginManager:220 - loadIPPluginJar : add comp
2025-12-15 12:14:56,938 [INFO] IPUIPlugin:80 - create IPUIPlugin
2025-12-15 12:14:56,938 [INFO] PluginManager:220 - loadIPPluginJar : add cryp
2025-12-15 12:14:56,943 [INFO] IPUIPlugin:80 - create IPUIPlugin
2025-12-15 12:14:56,943 [INFO] PluginManager:220 - loadIPPluginJar : add ddr_ctrl_phy
2025-12-15 12:14:56,947 [INFO] IPUIPlugin:80 - create IPUIPlugin
2025-12-15 12:14:56,948 [INFO] PluginManager:220 - loadIPPluginJar : add dfsdm
2025-12-15 12:14:56,957 [INFO] IPUIPlugin:80 - create IPUIPlugin
2025-12-15 12:14:56,958 [INFO] PluginManager:220 - loadIPPluginJar : add dma
2025-12-15 12:14:56,964 [INFO] IPUIPlugin:80 - create IPUIPlugin
2025-12-15 12:14:56,964 [INFO] PluginManager:220 - loadIPPluginJar : add dma3
2025-12-15 12:14:56,968 [INFO] IPUIPlugin:80 - create IPUIPlugin
2025-12-15 12:14:56,969 [INFO] PluginManager:220 - loadIPPluginJar : add extmemmanager
2025-12-15 12:14:56,972 [INFO] IPUIPlugin:80 - create IPUIPlugin
2025-12-15 12:14:56,973 [INFO] PluginManager:220 - loadIPPluginJar : add fatfs
2025-12-15 12:14:56,984 [INFO] IPUIPlugin:80 - create IPUIPlugin
2025-12-15 12:14:56,984 [INFO] PluginManager:220 - loadIPPluginJar : add fmc
2025-12-15 12:14:56,996 [INFO] IPUIPlugin:80 - create IPUIPlugin
2025-12-15 12:14:56,997 [INFO] PluginManager:220 - loadIPPluginJar : add freertos
2025-12-15 12:14:57,000 [INFO] IPUIPlugin:80 - create IPUIPlugin
2025-12-15 12:14:57,001 [INFO] PluginManager:220 - loadIPPluginJar : add genericplugin
2025-12-15 12:14:57,006 [INFO] IPUIPlugin:80 - create IPUIPlugin
2025-12-15 12:14:57,006 [INFO] PluginManager:220 - loadIPPluginJar : add gfxmmu
2025-12-15 12:14:57,015 [INFO] IPUIPlugin:80 - create IPUIPlugin
2025-12-15 12:14:57,015 [INFO] PluginManager:220 - loadIPPluginJar : add gic
2025-12-15 12:14:57,022 [INFO] IPUIPlugin:80 - create IPUIPlugin
2025-12-15 12:14:57,023 [INFO] PluginManager:220 - loadIPPluginJar : add gpio
2025-12-15 12:14:57,028 [INFO] IPUIPlugin:80 - create IPUIPlugin
2025-12-15 12:14:57,028 [INFO] PluginManager:220 - loadIPPluginJar : add gtzc
2025-12-15 12:14:57,033 [INFO] IPUIPlugin:80 - create IPUIPlugin
2025-12-15 12:14:57,034 [INFO] PluginManager:220 - loadIPPluginJar : add hash
2025-12-15 12:14:57,039 [INFO] IPUIPlugin:80 - create IPUIPlugin
2025-12-15 12:14:57,040 [INFO] PluginManager:220 - loadIPPluginJar : add i2c
2025-12-15 12:14:57,045 [INFO] IPUIPlugin:80 - create IPUIPlugin
2025-12-15 12:14:57,045 [INFO] PluginManager:220 - loadIPPluginJar : add i2s
2025-12-15 12:14:57,052 [INFO] IPUIPlugin:80 - create IPUIPlugin
2025-12-15 12:14:57,052 [INFO] PluginManager:220 - loadIPPluginJar : add i3c
2025-12-15 12:14:57,061 [INFO] IPUIPlugin:80 - create IPUIPlugin
2025-12-15 12:14:57,061 [INFO] PluginManager:220 - loadIPPluginJar : add ipddr
2025-12-15 12:14:57,075 [INFO] IPUIPlugin:80 - create IPUIPlugin
2025-12-15 12:14:57,076 [INFO] PluginManager:220 - loadIPPluginJar : add linkedlist
2025-12-15 12:14:57,082 [INFO] IPUIPlugin:80 - create IPUIPlugin
2025-12-15 12:14:57,083 [INFO] PluginManager:220 - loadIPPluginJar : add lorawan
2025-12-15 12:14:57,086 [INFO] IPUIPlugin:80 - create IPUIPlugin
2025-12-15 12:14:57,086 [INFO] PluginManager:220 - loadIPPluginJar : add ltdc
2025-12-15 12:14:57,094 [INFO] IPUIPlugin:80 - create IPUIPlugin
2025-12-15 12:14:57,094 [INFO] PluginManager:220 - loadIPPluginJar : add mdma
2025-12-15 12:14:57,102 [INFO] IPUIPlugin:80 - create IPUIPlugin
2025-12-15 12:14:57,102 [INFO] PluginManager:220 - loadIPPluginJar : add nvic
2025-12-15 12:14:57,107 [INFO] IPUIPlugin:80 - create IPUIPlugin
2025-12-15 12:14:57,107 [INFO] PluginManager:220 - loadIPPluginJar : add opamp
2025-12-15 12:14:57,112 [INFO] IPUIPlugin:80 - create IPUIPlugin
2025-12-15 12:14:57,112 [INFO] PluginManager:220 - loadIPPluginJar : add openamp
2025-12-15 12:14:57,117 [INFO] IPUIPlugin:80 - create IPUIPlugin
2025-12-15 12:14:57,117 [INFO] PluginManager:220 - loadIPPluginJar : add pdm2pcm
2025-12-15 12:14:57,126 [INFO] IPUIPlugin:80 - create IPUIPlugin
2025-12-15 12:14:57,129 [INFO] PluginManager:220 - loadIPPluginJar : add plateformsettings
2025-12-15 12:14:57,131 [INFO] IPUIPlugin:80 - create IPUIPlugin
2025-12-15 12:14:57,132 [INFO] PluginManager:220 - loadIPPluginJar : add quadspi
2025-12-15 12:14:57,135 [INFO] IPUIPlugin:80 - create IPUIPlugin
2025-12-15 12:14:57,136 [INFO] PluginManager:220 - loadIPPluginJar : add radio
2025-12-15 12:14:57,143 [INFO] IPUIPlugin:80 - create IPUIPlugin
2025-12-15 12:14:57,143 [INFO] PluginManager:220 - loadIPPluginJar : add resmgrutility
2025-12-15 12:14:57,149 [INFO] IPUIPlugin:80 - create IPUIPlugin
2025-12-15 12:14:57,149 [INFO] PluginManager:220 - loadIPPluginJar : add sai
2025-12-15 12:14:57,153 [INFO] IPUIPlugin:80 - create IPUIPlugin
2025-12-15 12:14:57,153 [INFO] PluginManager:220 - loadIPPluginJar : add spi
2025-12-15 12:14:57,164 [INFO] IPUIPlugin:80 - create IPUIPlugin
2025-12-15 12:14:57,164 [INFO] PluginManager:220 - loadIPPluginJar : add stm32_wpan
2025-12-15 12:14:57,169 [INFO] IPUIPlugin:80 - create IPUIPlugin
2025-12-15 12:14:57,169 [INFO] PluginManager:220 - loadIPPluginJar : add tim
2025-12-15 12:14:57,175 [INFO] IPUIPlugin:80 - create IPUIPlugin
2025-12-15 12:14:57,175 [INFO] PluginManager:220 - loadIPPluginJar : add touchsensing
2025-12-15 12:14:57,180 [INFO] IPUIPlugin:80 - create IPUIPlugin
2025-12-15 12:14:57,180 [INFO] PluginManager:220 - loadIPPluginJar : add tracer_emb
2025-12-15 12:14:57,184 [INFO] IPUIPlugin:80 - create IPUIPlugin
2025-12-15 12:14:57,184 [INFO] PluginManager:220 - loadIPPluginJar : add ts
2025-12-15 12:14:57,187 [INFO] IPUIPlugin:80 - create IPUIPlugin
2025-12-15 12:14:57,187 [INFO] PluginManager:220 - loadIPPluginJar : add tsc
2025-12-15 12:14:57,190 [INFO] IPUIPlugin:80 - create IPUIPlugin
2025-12-15 12:14:57,190 [INFO] PluginManager:220 - loadIPPluginJar : add ucpd
2025-12-15 12:14:57,194 [INFO] IPUIPlugin:80 - create IPUIPlugin
2025-12-15 12:14:57,194 [INFO] PluginManager:220 - loadIPPluginJar : add usart
2025-12-15 12:14:57,199 [INFO] IPUIPlugin:80 - create IPUIPlugin
2025-12-15 12:14:57,199 [INFO] PluginManager:220 - loadIPPluginJar : add usbx
2025-12-15 12:14:57,320 [FATAL] Updater:351 - Updater called before beeing initialized
2025-12-15 12:14:57,356 [INFO] RulesReader:64 - Compatibility file has been processed (317 Rules)
2025-12-15 12:14:57,364 [INFO] RulesReader:64 - Compatibility file has been processed (317 Rules)
2025-12-15 12:14:57,378 [INFO] CADModel:165 - CPN selected for project level
2025-12-15 12:14:57,378 [INFO] CADModel:114 - Register for checkConnection events
2025-12-15 12:14:57,378 [FATAL] Updater:351 - Updater called before beeing initialized
2025-12-15 12:14:57,378 [ERROR] CADModel:125 - Updater not yet initialized, retry later 
2025-12-15 12:14:57,552 [FATAL] Updater:351 - Updater called before beeing initialized
2025-12-15 12:14:57,555 [INFO] CADModel:165 - CPN selected for project level
2025-12-15 12:14:57,555 [INFO] CADModel:114 - Register for checkConnection events
2025-12-15 12:14:57,555 [FATAL] Updater:351 - Updater called before beeing initialized
2025-12-15 12:14:57,555 [ERROR] CADModel:125 - Updater not yet initialized, retry later 
2025-12-15 12:14:57,558 [FATAL] Updater:351 - Updater called before beeing initialized
2025-12-15 12:14:57,667 [FATAL] Updater:351 - Updater called before beeing initialized
2025-12-15 12:14:57,670 [INFO] DbMcusAds:53 - JSON generation date=Mon Dec 08 19:58:09 IST 2025 (1765204089998)
2025-12-15 12:14:57,670 [FATAL] Updater:351 - Updater called before beeing initialized
2025-12-15 12:14:57,706 [WARN] DetailPanel:346 - Failed to get advertising image, set to default
2025-12-15 12:14:57,777 [FATAL] Updater:351 - Updater called before beeing initialized
2025-12-15 12:14:57,778 [FATAL] Updater:351 - Updater called before beeing initialized
2025-12-15 12:14:57,778 [FATAL] Updater:351 - Updater called before beeing initialized
2025-12-15 12:14:57,779 [WARN] DetailPanel:346 - Failed to get advertising image, set to default
2025-12-15 12:14:57,779 [FATAL] Updater:351 - Updater called before beeing initialized
2025-12-15 12:14:57,817 [ERROR] Updater:1198 - MainUpdater not yet initialized. External WinMGr cannot be set.
2025-12-15 12:14:57,819 [INFO] Updater:1134 - Updater Version found : 6.15.0
2025-12-15 12:14:57,836 [INFO] ApplicationProperties:184 - Using Application install path: C:\ST\STM32CubeIDE_1.19.0\STM32CubeIDE\plugins\com.st.stm32cube.common.mx_6.15.0.202507011659
2025-12-15 12:14:59,327 [INFO] ThirdPartyUpdaterWithRetryManager:70 - Updater plugin not ready yet. [2/15]
2025-12-15 12:14:59,413 [ERROR] LogOutputStream:75 - [STDERR_REDIRECT] Dec 15, 2025 12:14:59 PM java.util.prefs.WindowsPreferences <init>
2025-12-15 12:14:59,414 [ERROR] LogOutputStream:75 - [STDERR_REDIRECT] WARNING: Could not open/create prefs root node Software\JavaSoft\Prefs at root 0xffffffff80000002. Windows RegCreateKeyEx(...) returned error code 5.
2025-12-15 12:14:59,414 [ERROR] LogOutputStream:75 - [STDERR_REDIRECT] 
2025-12-15 12:14:59,749 [INFO] MainUpdater:2872 - connection check result : 10
2025-12-15 12:14:59,750 [INFO] MainUpdater:289 - Updater Check For Update Now.
2025-12-15 12:14:59,750 [INFO] MicroXplorer:498 - Change Database Version : DB.6.0.150
2025-12-15 12:14:59,768 [INFO] McuFinderGlobals:63 - Set McuFinder mode to 2 (CubeIDE integrated)
2025-12-15 12:14:59,769 [INFO] UserAuth:171 - activating auth plugin
2025-12-15 12:14:59,774 [INFO] UserAuth:487 - Internet connection configuration mode: 1
2025-12-15 12:14:59,807 [INFO] JxBrowserEngine:152 - Initiate JxBrowser Engine with user profile folder
2025-12-15 12:14:59,928 [INFO] CheckServerUpdateThread:120 - End of CheckServer Thread
2025-12-15 12:15:01,200 [INFO] WebApp:169 - Instantiating new browser for Auth
2025-12-15 12:15:02,348 [INFO] WebApp:463 - Apply proxy settings
2025-12-15 12:15:02,349 [INFO] WebApp:548 - Chromium requires no authentication
2025-12-15 12:15:02,365 [INFO] WebApp:491 - Direct internet connection detected
2025-12-15 12:15:02,405 [INFO] WebApp:900 - Register for checkConnection events
2025-12-15 12:15:02,405 [INFO] WebApp:463 - Apply proxy settings
2025-12-15 12:15:02,405 [INFO] WebApp:548 - Chromium requires no authentication
2025-12-15 12:15:02,406 [INFO] WebApp:491 - Direct internet connection detected
2025-12-15 12:15:02,565 [WARN] PackLoader:240 - Cannot read IP mode file for STMicroelectronics.FP-SNS-MOTENVWB1.1.4.0
2025-12-15 12:15:02,575 [WARN] PackLoader:240 - Cannot read IP mode file for STMicroelectronics.FP-ATR-ASTRA1.2.0.2
2025-12-15 12:15:02,592 [WARN] PackLoader:240 - Cannot read IP mode file for STMicroelectronics.X-CUBE-SMBUS.2.1.0
2025-12-15 12:15:02,630 [WARN] PackLoader:240 - Cannot read IP mode file for STMicroelectronics.X-CUBE-AZRTOS-F7.1.1.0
2025-12-15 12:15:02,645 [WARN] PackLoader:240 - Cannot read IP mode file for STMicroelectronics.X-CUBE-DISPLAY.3.0.0
2025-12-15 12:15:02,662 [WARN] PackLoader:240 - Cannot read IP mode file for STMicroelectronics.X-CUBE-NFC10.1.0.0
2025-12-15 12:15:02,671 [WARN] PackLoader:240 - Cannot read IP mode file for STMicroelectronics.FP-SNS-SMARTAG2.1.2.0
2025-12-15 12:15:02,675 [WARN] PackLoader:240 - Cannot read IP mode file for STMicroelectronics.FP-SNS-FLIGHT1.5.1.0
2025-12-15 12:15:02,691 [INFO] LogOutputStream:77 - [STDOUT_REDIRECT] 1 : Invalid condition id : UX_CORESTACK_Condition cause : null
2025-12-15 12:15:02,693 [INFO] LogOutputStream:77 - [STDOUT_REDIRECT] 1 : Invalid condition id : UX_CORESTACK_Condition cause : null
2025-12-15 12:15:02,695 [INFO] LogOutputStream:77 - [STDOUT_REDIRECT] 1 : Invalid condition id : UX_CORESTACK_Condition cause : null
2025-12-15 12:15:02,696 [INFO] LogOutputStream:77 - [STDOUT_REDIRECT] 1 : Invalid condition id : UX_CORESTACK_Condition cause : null
2025-12-15 12:15:02,698 [INFO] LogOutputStream:77 - [STDOUT_REDIRECT] 1 : Invalid condition id : UX_CORESTACK_Condition cause : null
2025-12-15 12:15:02,702 [WARN] PackLoader:240 - Cannot read IP mode file for STMicroelectronics.X-CUBE-AZRTOS-WL.2.0.0
2025-12-15 12:15:02,710 [WARN] PackLoader:240 - Cannot read IP mode file for STMicroelectronics.X-CUBE-BLE2.3.3.0
2025-12-15 12:15:02,717 [WARN] PackLoader:240 - Cannot read IP mode file for STMicroelectronics.X-CUBE-NFC9.1.0.0
2025-12-15 12:15:02,723 [WARN] PackLoader:240 - Cannot read IP mode file for STMicroelectronics.X-CUBE-BLE1.7.1.0
2025-12-15 12:15:02,735 [WARN] PackLoader:240 - Cannot read IP mode file for STMicroelectronics.X-CUBE-AZRTOS-G0.1.1.0
2025-12-15 12:15:02,743 [WARN] PackLoader:240 - Cannot read IP mode file for STMicroelectronics.X-CUBE-NFC4.3.0.0
2025-12-15 12:15:02,743 [WARN] PackLoader:240 - Cannot read IP mode file for STMicroelectronics.X-CUBE-WB05N.2.0.0
2025-12-15 12:15:02,752 [WARN] PackLoader:240 - Cannot read IP mode file for STMicroelectronics.X-CUBE-TCPP.4.2.0
2025-12-15 12:15:02,761 [WARN] PackLoader:240 - Cannot read IP mode file for STMicroelectronics.FP-ATR-SIGFOX1.3.2.0
2025-12-15 12:15:02,768 [WARN] PackLoader:240 - Cannot read IP mode file for STMicroelectronics.X-CUBE-ALGOBUILD.1.4.0
2025-12-15 12:15:02,783 [WARN] PackLoader:240 - Cannot read IP mode file for STMicroelectronics.X-CUBE-PM33A1.1.0.0
2025-12-15 12:15:02,799 [WARN] PackLoader:240 - Cannot read IP mode file for STMicroelectronics.X-CUBE-AZRTOS-F4.1.1.0
2025-12-15 12:15:02,803 [WARN] PackLoader:240 - Cannot read IP mode file for STMicroelectronics.X-CUBE-ISPU.2.1.0
2025-12-15 12:15:02,822 [WARN] PackLoader:240 - Cannot read IP mode file for STMicroelectronics.X-CUBE-AZRTOS-L5.2.0.0
2025-12-15 12:15:02,832 [WARN] PackLoader:240 - Cannot read IP mode file for STMicroelectronics.X-CUBE-NFC6.3.1.0
2025-12-15 12:15:02,839 [WARN] PackLoader:240 - Cannot read IP mode file for STMicroelectronics.X-CUBE-DPower.1.3.0
2025-12-15 12:15:02,850 [WARN] ConditionMgr:438 - getConditionDescription Invalid condition id : LAN8742 Phy interface Condition cause : null
2025-12-15 12:15:02,850 [WARN] PackLoader:240 - Cannot read IP mode file for STMicroelectronics.X-CUBE-AZRTOS-L4.2.0.0
2025-12-15 12:15:02,850 [WARN] ConditionMgr:1044 - genDependencies : Invalid condition id : LAN8742 Phy interface Condition cause : null
2025-12-15 12:15:02,850 [WARN] ConditionMgr:1044 - genDependencies : Invalid condition id : LAN8742 Phy interface Condition cause : null
2025-12-15 12:15:02,850 [WARN] ConditionMgr:1044 - genDependencies : Invalid condition id : LAN8742 Phy interface Condition cause : null
2025-12-15 12:15:02,860 [WARN] PackLoader:240 - Cannot read IP mode file for STMicroelectronics.X-CUBE-SFXS2LP1.4.0.0
2025-12-15 12:15:02,865 [WARN] ConditionMgr:438 - getConditionDescription Invalid condition id : UX DEVICE CLASS RTOS Condition cause : null
2025-12-15 12:15:02,865 [WARN] ConditionMgr:438 - getConditionDescription Invalid condition id : UX DEVICE CLASS RTOS Condition cause : null
2025-12-15 12:15:02,865 [WARN] PackLoader:240 - Cannot read IP mode file for STMicroelectronics.X-CUBE-AZRTOS-WB.2.0.0
2025-12-15 12:15:02,865 [WARN] ConditionMgr:1044 - genDependencies : Invalid condition id : UX DEVICE CLASS RTOS Condition cause : null
2025-12-15 12:15:02,865 [WARN] ConditionMgr:1044 - genDependencies : Invalid condition id : UX DEVICE CLASS RTOS Condition cause : null
2025-12-15 12:15:02,865 [WARN] ConditionMgr:1044 - genDependencies : Invalid condition id : UX DEVICE CLASS RTOS Condition cause : null
2025-12-15 12:15:02,865 [WARN] ConditionMgr:1044 - genDependencies : Invalid condition id : UX DEVICE CLASS RTOS Condition cause : null
2025-12-15 12:15:02,865 [WARN] ConditionMgr:1044 - genDependencies : Invalid condition id : UX DEVICE CLASS RTOS Condition cause : null
2025-12-15 12:15:02,884 [WARN] PackLoader:240 - Cannot read IP mode file for STMicroelectronics.X-CUBE-SUBG2.5.0.0
2025-12-15 12:15:02,896 [WARN] PackLoader:240 - Cannot read IP mode file for STMicroelectronics.X-CUBE-AZRTOS-G4.2.0.0
2025-12-15 12:15:02,896 [WARN] PackLoader:240 - Cannot read IP mode file for STMicroelectronics.X-CUBE-NFC7.2.0.0
2025-12-15 12:15:02,896 [WARN] PackLoader:240 - Cannot read IP mode file for STMicroelectronics.X-CUBE-ALS.1.0.2
2025-12-15 12:15:02,912 [WARN] PackLoader:240 - Cannot read IP mode file for STMicroelectronics.X-CUBE-TOF1.3.4.3
2025-12-15 12:15:02,912 [INFO] ThirdParty:978 - Integrity check success = true
2025-12-15 12:15:02,912 [INFO] IntegrityCheckThread:100 - exiting critical section [integrity check]
2025-12-15 12:15:02,912 [INFO] IntegrityCheckThread:103 - End integrity checks thread
2025-12-15 12:15:02,999 [INFO] WebApp:191 - Connection restablished
2025-12-15 12:15:03,340 [INFO] WebApp:225 - Starting web application
2025-12-15 12:15:03,343 [INFO] WebApp:593 - Web application path used C:\ST\STM32CubeIDE_1.19.0\STM32CubeIDE\plugins\com.st.stm32cube.common.mx_6.15.0.202507011659\db\plugins\mcufinder\reactClient1\index.html
2025-12-15 12:15:10,190 [INFO] McuFinderGlobals:63 - Set McuFinder mode to 2 (CubeIDE integrated)
2025-12-15 12:15:10,195 [INFO] MainUpdater:2872 - connection check result : 10
2025-12-15 12:15:10,655 [INFO] ApiDb:581 - Connected to CubeFinder SQLite database (C:\Users\aditi\.stmcufinder\plugins\mcufinder\mcu\cube-finder-db.db)
2025-12-15 12:15:10,727 [INFO] ApiDb:668 - CubeFinder database Data Model version=2.1
2025-12-15 12:15:10,727 [INFO] ApiDb:669 - CubeFinder database Configuration version=3.0.39
2025-12-15 12:15:10,727 [INFO] ApiDb:670 - CubeFinder database generation date=2025-11-05 (1762334721)
2025-12-15 12:15:10,727 [INFO] ApiDb:671 - CubeFinder database FW Pack versions=[FP-ATR-ASTRA1_V2.0.0, FP-SNS-FLIGHT1_V5.1.0, FP-SNS-MOTENV1_V5.1.0, FP-SNS-MOTENVWB1_V1.4.0, FP-SNS-SMARTAG2_V1.2.0, FP-SNS-STBOX1_V2.1.0, STM32Cube_FW_C0_V1.4.0, STM32Cube_FW_F4_V1.28.3, STM32Cube_FW_F7_V1.17.4, STM32Cube_FW_G0_V1.6.2, STM32Cube_FW_G4_V1.6.1, STM32Cube_FW_H5_V1.5.1, STM32Cube_FW_H7RS_V1.3.0, STM32Cube_FW_H7_V1.12.1, STM32Cube_FW_L0_V1.12.2, STM32Cube_FW_L4_V1.18.1, STM32Cube_FW_L5_V1.6.0, STM32Cube_FW_N6_V1.3.0, STM32Cube_FW_U0_V1.3.0, STM32Cube_FW_U3_V1.2.1, STM32Cube_FW_U5_V1.8.0, STM32Cube_FW_WB0_V1.4.0, STM32Cube_FW_WBA_V1.8.0, STM32Cube_FW_WB_V1.24.0, STM32Cube_FW_WL3_V1.3.0, STM32Cube_FW_WL_V1.4.0, X-CUBE-ALGOBUILD_V1.4.0, X-CUBE-ALS_V1.0.2, X-CUBE-AZRTOS-F4_V1.1.0, X-CUBE-AZRTOS-F7_V1.1.0, X-CUBE-AZRTOS-G0_V1.1.0, X-CUBE-AZRTOS-G4_V2.0.0, X-CUBE-AZRTOS-H7RS_V1.1.0, X-CUBE-AZRTOS-H7_V3.4.0, X-CUBE-AZRTOS-L4_V2.0.0, X-CUBE-AZRTOS-L5_V2.0.0, X-CUBE-AZRTOS-WB_V2.0.0, X-CUBE-AZRTOS-WL_V2.0.0, X-CUBE-BLE1_V7.1.0, X-CUBE-BLE2_V3.3.0, X-CUBE-BLEMGR_V4.1.0, X-CUBE-EEPRMA1_V5.2.0, X-CUBE-FREERTOS_V1.3.1, X-CUBE-GNSS1_V6.0.0, X-CUBE-MEMS1_V11.3.0, X-CUBE-NFC4_V3.0.0, X-CUBE-NFC7_V2.0.0, X-CUBE-SFXS2LP1_V4.0.0, X-CUBE-ST67W61_V1.1.0, X-CUBE-SUBG2_V5.0.0, X-CUBE-TOF1_V3.4.3]
2025-12-15 12:15:12,768 [INFO] ApiDb:240 - Found 880 in-development CPN: [B-G473E-ZEST1S, B-WB1M-WPAN1, B-WBA5M-WPAN, B-WL5M-SUBG1, NUCLEO-C031C6, NUCLEO-C051C8, NUCLEO-C071RB, NUCLEO-C092RC, NUCLEO-H503RB, NUCLEO-H533RE, NUCLEO-H563ZI, NUCLEO-H7S3L8, NUCLEO-N657X0-Q, NUCLEO-U031R8, NUCLEO-U083RC, NUCLEO-U385RG-Q, NUCLEO-U545RE-Q, NUCLEO-U5A5ZJ-Q, NUCLEO-WB05KZ, NUCLEO-WB07CC, NUCLEO-WB09KE, NUCLEO-WBA52CG, NUCLEO-WBA55CG, NUCLEO-WL33CC1, NUCLEO-WL33CC2, STEVAL-PROTEUS1, STEVAL-SMARTAG2, STEVAL-STWINBX1, STM320518-EVAL, STM32C0116-DK, STM32C011D6Y3TR, STM32C011D6Y6TR, STM32C011F4P3, STM32C011F4P6, STM32C011F4U3, STM32C011F4U6TR, STM32C011F6P3, STM32C011F6P6, STM32C011F6U3, STM32C011F6U6TR, STM32C011J4M3, STM32C011J4M6, STM32C011J6M3, STM32C011J6M6, STM32C0316-DK, STM32C031C4T3, STM32C031C4T6, STM32C031C4U3, STM32C031C4U6, STM32C031C6T3, STM32C031C6T6, STM32C031C6U3, STM32C031C6U6, STM32C031F4P3, STM32C031F4P6, STM32C031F6P3, STM32C031F6P6, STM32C031G4U3, STM32C031G4U6, STM32C031G6U3, STM32C031G6U6, STM32C031K4T3, STM32C031K4T6, STM32C031K4U3, STM32C031K4U6, STM32C031K6T3, STM32C031K6T6, STM32C031K6U3, STM32C031K6U6, STM32C051C6T6, STM32C051C6U6, STM32C051C8T6, STM32C051C8U6, STM32C051D8Y6TR, STM32C051F6P6, STM32C051F8P6, STM32C051G6U6, STM32C051G8U6, STM32C051K6T6, STM32C051K6U6, STM32C051K8T6, STM32C071C8T6, STM32C071C8T6N, STM32C071C8U6, STM32C071C8U6N, STM32C071CBT6, STM32C071CBT6N, STM32C071CBU6, STM32C071CBU6N, STM32C071F8P6, STM32C071F8P6N, STM32C071FBP6, STM32C071FBP6N, STM32C071FBY6TR, STM32C071G8U6, STM32C071G8U6N, STM32C071GBU6, STM32C071GBU6N, STM32C071K8T6, STM32C071K8T6N, STM32C071K8U6, STM32C071K8U6N, STM32C071KBT6, STM32C071KBT6N, STM32C071KBU6, STM32C071KBU6N, STM32C071R8T6, STM32C071R8T6N, STM32C071RBI6N, STM32C071RBT6, STM32C071RBT6N, STM32C091CBT6, STM32C091CBU6, STM32C091CCT6, STM32C091CCU6, STM32C091ECY6TR, STM32C091FBP6, STM32C091FCP6, STM32C091GBU6, STM32C091GCU6, STM32C091KBT6, STM32C091KBU6, STM32C091KCT6, STM32C091KCU6, STM32C091RBT6, STM32C091RCI6, STM32C091RCT6, STM32C092CBT6, STM32C092CBU6, STM32C092CCT6, STM32C092CCU6, STM32C092ECY6TR, STM32C092FBP6, STM32C092FCP6, STM32C092GBU6, STM32C092GCU6, STM32C092KBT6, STM32C092KBU6, STM32C092KCT6, STM32C092KCU6, STM32C092RBT6, STM32C092RCI6, STM32C092RCT6, STM32G071K8TXN, STM32G071K8UXN, STM32G081GBU6N, STM32G081KBT6N, STM32G081KBUXN, STM32G0B1CCT6N, STM32G0B1KCT6, STM32G0B1NEY6TR, STM32G0B1RCT6N, STM32G0C1CCT6, STM32G0C1CCT6N, STM32G0C1CCU6N, STM32G0C1CET6N, STM32G0C1CEU6N, STM32G0C1KCT6, STM32G0C1NEY6TR, STM32G0C1RCI6N, STM32G0C1RCT6N, STM32G0C1REI6N, STM32G0C1RET6N, STM32G0C1VCI6, STM32G0C1VEI6, STM32G411C6T3, STM32G411C6T6, STM32G411C6U3, STM32G411C6U6, STM32G411C8T3, STM32G411C8T6, STM32G411C8U3, STM32G411C8U6, STM32G411CBT3, STM32G411CBT6, STM32G411CBU3, STM32G411CBU6, STM32G411K6T3, STM32G411K6T6, STM32G411K6U3, STM32G411K6U6, STM32G411K8T3, STM32G411K8T6, STM32G411K8U3, STM32G411K8U6, STM32G411KBT3, STM32G411KBT6, STM32G411KBU3, STM32G411KBU6, STM32G411M6T3, STM32G411M6T6, STM32G411M8T3, STM32G411M8T6, STM32G411MBT3, STM32G411MBT6, STM32G411R6T3, STM32G411R6T6, STM32G411R8T3, STM32G411R8T6, STM32G411RBT3, STM32G411RBT6, STM32G414CBT3, STM32G414CBT6, STM32G414CBU3, STM32G414CBU6, STM32G414CCT3, STM32G414CCT6, STM32G414CCU3, STM32G414CCU6, STM32G414MBT3, STM32G414MBT6, STM32G414MCT3, STM32G414MCT6, STM32G414RBT3, STM32G414RBT6, STM32G414RCT3, STM32G414RCT6, STM32G414VBT3, STM32G414VBT6, STM32G414VCT3, STM32G414VCT6, STM32G431CBT3Z, STM32G431RBT3Z, STM32G471CCT6, STM32G471CCU6, STM32G471CET3, STM32G471CET6, STM32G471CEU3, STM32G471CEU6, STM32G471MCT6, STM32G471MET3, STM32G471MET6, STM32G471MEY6TR, STM32G471QCT6, STM32G471QET3, STM32G471RCT6, STM32G471RET3, STM32G471RET6, STM32G471VCH6, STM32G471VCI6, STM32G471VCT6, STM32G471VEH3, STM32G471VEH6, STM32G471VEI3, STM32G471VEI6, STM32G471VET3, STM32G471VET6, STM32G473QET3Z, STM32G473RET3Z, STM32G474CCT6, STM32G491RET3Z, STM32H503CBT6, STM32H503CBU6, STM32H503EBY6TR, STM32H503KBU6, STM32H503RBT6, STM32H523CCT6, STM32H523CCU6, STM32H523CET6, STM32H523CEU6, STM32H523HEY6TR, STM32H523RCT6, STM32H523RET6, STM32H523VCI6, STM32H523VCT6, STM32H523VEI6, STM32H523VET6, STM32H523ZCJ6, STM32H523ZCT6, STM32H523ZEJ6, STM32H523ZET6, STM32H533CET6, STM32H533CEU6, STM32H533HEY6TR, STM32H533RET6, STM32H533VEI6, STM32H533VET6, STM32H533ZEJ6, STM32H533ZET6, STM32H562AGI6, STM32H562AII6, STM32H562IGK6, STM32H562IGT6, STM32H562IIK6, STM32H562IIT6, STM32H562RGT6, STM32H562RGV6, STM32H562RIT6, STM32H562RIV6, STM32H562VGT6, STM32H562VIT6, STM32H562ZGT6, STM32H562ZIT6, STM32H563AGI6, STM32H563AII3Q, STM32H563AII6, STM32H563IGK6, STM32H563IGT6, STM32H563IIK3Q, STM32H563IIK6, STM32H563IIT3Q, STM32H563IIT6, STM32H563MIY3QTR, STM32H563RGT6, STM32H563RGV6, STM32H563RIT6, STM32H563RIV6, STM32H563VGT6, STM32H563VIT3Q, STM32H563VIT6, STM32H563ZGT6, STM32H563ZIT3Q, STM32H563ZIT6, STM32H573AII3Q, STM32H573AII6, STM32H573I-DK, STM32H573IIK3Q, STM32H573IIK6, STM32H573IIT3Q, STM32H573IIT6, STM32H573MIY3QTR, STM32H573RIT6, STM32H573RIV6, STM32H573VIT3Q, STM32H573VIT6, STM32H573ZIT3Q, STM32H573ZIT6, STM32H7R3A8I6, STM32H7R3I8K6, STM32H7R3I8T6, STM32H7R3L8H6, STM32H7R3L8H6H, STM32H7R3R8V6, STM32H7R3V8H6, STM32H7R3V8T6, STM32H7R3V8Y6TR, STM32H7R3Z8J6, STM32H7R3Z8T6, STM32H7R7A8I6, STM32H7R7I8K6, STM32H7R7I8T6, STM32H7R7L8H6, STM32H7R7L8H6H, STM32H7R7Z8J6, STM32H7S3A8I6, STM32H7S3I8K6, STM32H7S3I8T6, STM32H7S3L8H6, STM32H7S3L8H6H, STM32H7S3R8V6, STM32H7S3V8H6, STM32H7S3V8T6, STM32H7S3V8Y6TR, STM32H7S3Z8J6, STM32H7S3Z8T6, STM32H7S78-DK, STM32H7S7A8I6, STM32H7S7I8K6, STM32H7S7I8T6, STM32H7S7L8H6, STM32H7S7L8H6H, STM32H7S7Z8J6, STM32L4R5QGI6STR, STM32MP131AAE3, STM32MP131AAF3, STM32MP131AAG3, STM32MP131CAE3, STM32MP131CAF3, STM32MP131CAG3, STM32MP131DAE7, STM32MP131DAF7, STM32MP131DAG7, STM32MP131FAE7, STM32MP131FAF7, STM32MP131FAG7, STM32MP133AAE3, STM32MP133AAF3, STM32MP133AAG3, STM32MP133CAE3, STM32MP133CAF3, STM32MP133CAG3, STM32MP133DAE7, STM32MP133DAF7, STM32MP133DAG7, STM32MP133FAE7, STM32MP133FAF7, STM32MP133FAG7, STM32MP135AAE3, STM32MP135AAF3, STM32MP135AAG3, STM32MP135CAE3, STM32MP135CAF3, STM32MP135CAG3, STM32MP135DAE7, STM32MP135DAF7, STM32MP135DAG7, STM32MP135F-DK, STM32MP135FAE7, STM32MP135FAF7, STM32MP135FAF7T, STM32MP135FAF7U, STM32MP135FAG7, STM32MP211AAL3, STM32MP211AAM3, STM32MP211AAN3, STM32MP211AAO3, STM32MP211CAL3, STM32MP211CAM3, STM32MP211CAN3, STM32MP211CAO3, STM32MP211DAL3, STM32MP211DAM3, STM32MP211DAN3, STM32MP211DAO3, STM32MP211FAL3, STM32MP211FAM3, STM32MP211FAN3, STM32MP211FAO3, STM32MP213AAL3, STM32MP213AAM3, STM32MP213AAN3, STM32MP213AAO3, STM32MP213CAL3, STM32MP213CAM3, STM32MP213CAN3, STM32MP213CAO3, STM32MP213DAL3, STM32MP213DAM3, STM32MP213DAN3, STM32MP213DAO3, STM32MP213FAL3, STM32MP213FAM3, STM32MP213FAN3, STM32MP213FAO3, STM32MP215AAL3, STM32MP215AAM3, STM32MP215AAN3, STM32MP215AAO3, STM32MP215CAL3, STM32MP215CAM3, STM32MP215CAN3, STM32MP215CAO3, STM32MP215DAL3, STM32MP215DAM3, STM32MP215DAN3, STM32MP215DAO3, STM32MP215F-DK, STM32MP215FAL3, STM32MP215FAM3, STM32MP215FAN3, STM32MP215FAO3, STM32MP231AAJ3, STM32MP231AAK3, STM32MP231AAL3, STM32MP231CAJ3, STM32MP231CAK3, STM32MP231CAL3, STM32MP231DAJ3, STM32MP231DAK3, STM32MP231DAL3, STM32MP231FAJ3, STM32MP231FAK3, STM32MP231FAL3, STM32MP233AAJ3, STM32MP233AAK3, STM32MP233AAL3, STM32MP233CAJ3, STM32MP233CAK3, STM32MP233CAL3, STM32MP233DAJ3, STM32MP233DAK3, STM32MP233DAL3, STM32MP233FAJ3, STM32MP233FAK3, STM32MP233FAL3, STM32MP235AAJ3, STM32MP235AAK3, STM32MP235AAL3, STM32MP235CAJ3, STM32MP235CAK3, STM32MP235CAL3, STM32MP235DAJ3, STM32MP235DAK3, STM32MP235DAL3, STM32MP235FAJ3, STM32MP235FAK3, STM32MP235FAL3, STM32MP251AAI3, STM32MP251AAK3, STM32MP251AAL3, STM32MP251CAI3, STM32MP251CAK3, STM32MP251CAL3, STM32MP251DAI3, STM32MP251DAK3, STM32MP251DAL3, STM32MP251FAI3, STM32MP251FAK3, STM32MP251FAL3, STM32MP253AAI3, STM32MP253AAK3, STM32MP253AAL3, STM32MP253CAI3, STM32MP253CAK3, STM32MP253CAL3, STM32MP253DAI3, STM32MP253DAK3, STM32MP253DAL3, STM32MP253FAI3, STM32MP253FAK3, STM32MP253FAL3, STM32MP255AAI3, STM32MP255AAK3, STM32MP255AAL3, STM32MP255CAI3, STM32MP255CAK3, STM32MP255CAL3, STM32MP255DAI3, STM32MP255DAK3, STM32MP255DAL3, STM32MP255FAI3, STM32MP255FAK3, STM32MP255FAL3, STM32MP257AAI3, STM32MP257AAK3, STM32MP257AAL3, STM32MP257CAI3, STM32MP257CAK3, STM32MP257CAL3, STM32MP257DAI3, STM32MP257DAK3, STM32MP257DAL3, STM32MP257F-DK, STM32MP257F-EV1, STM32MP257FAI3, STM32MP257FAK3, STM32MP257FAL3, STM32N645A0H3Q, STM32N645B0H3Q, STM32N645I0H3Q, STM32N645L0H3Q, STM32N645X0H3Q, STM32N645Z0H3Q, STM32N647A0H3Q, STM32N647B0H3Q, STM32N647I0H3Q, STM32N647L0H3Q, STM32N647X0H3Q, STM32N647Z0H3Q, STM32N655A0H3Q, STM32N655B0H3Q, STM32N655I0H3Q, STM32N655L0H3Q, STM32N655X0H3Q, STM32N655Z0H3Q, STM32N6570-DK, STM32N657A0H3Q, STM32N657B0H3Q, STM32N657I0H3Q, STM32N657L0H3Q, STM32N657X0H3Q, STM32N657Z0H3Q, STM32U031C6T6, STM32U031C6U6, STM32U031C8T6, STM32U031C8U6, STM32U031F4P6, STM32U031F6P6, STM32U031F8P6, STM32U031G6Y6TR, STM32U031G8Y6TR, STM32U031K4U6, STM32U031K6U6, STM32U031K8U6, STM32U031R6I6, STM32U031R6T6, STM32U031R8I6, STM32U031R8T6, STM32U073C8T6, STM32U073C8U6, STM32U073CBT6, STM32U073CBU6, STM32U073CCT6, STM32U073CCU6, STM32U073H8Y6TR, STM32U073HBY6TR, STM32U073HCY6TR, STM32U073K8U6, STM32U073KBU6, STM32U073KCU6, STM32U073M8I6, STM32U073M8T6, STM32U073MBI6, STM32U073MBT6, STM32U073MCI6, STM32U073MCT6, STM32U073R8I6, STM32U073R8T6, STM32U073RBI6, STM32U073RBT6, STM32U073RCI6, STM32U073RCT6, STM32U083C-DK, STM32U083CCT6, STM32U083CCU6, STM32U083HCY6TR, STM32U083KCU6, STM32U083MCI6, STM32U083MCT6, STM32U083RCI6, STM32U083RCT6, STM32U375CET6, STM32U375CET6Q, STM32U375CEU6, STM32U375CEU6Q, STM32U375CEY6QTR, STM32U375CGT6, STM32U375CGT6Q, STM32U375CGU6, STM32U375CGU6Q, STM32U375CGY6QTR, STM32U375KEU6, STM32U375KGU6, STM32U375REI6, STM32U375REI6Q, STM32U375RET6, STM32U375RET6Q, STM32U375REY6GTR, STM32U375REY6QTR, STM32U375RGI6, STM32U375RGI6Q, STM32U375RGT6, STM32U375RGT6Q, STM32U375RGY6GTR, STM32U375RGY6QTR, STM32U375VEI6, STM32U375VEI6Q, STM32U375VET6, STM32U375VET6Q, STM32U375VGI6, STM32U375VGI6Q, STM32U375VGT6, STM32U375VGT6Q, STM32U385CGT6, STM32U385CGT6Q, STM32U385CGU6, STM32U385CGU6Q, STM32U385CGY6QTR, STM32U385KGU6, STM32U385RGI6, STM32U385RGI6Q, STM32U385RGT6, STM32U385RGT6Q, STM32U385RGY6GTR, STM32U385RGY6QTR, STM32U385VGI6, STM32U385VGI6Q, STM32U385VGT6, STM32U385VGT6Q, STM32U535CBT6, STM32U535CBT6Q, STM32U535CBU6, STM32U535CBU6Q, STM32U535CCT6, STM32U535CCT6Q, STM32U535CCU6, STM32U535CCU6Q, STM32U535CET6, STM32U535CET6Q, STM32U535CEU6, STM32U535CEU6Q, STM32U535JEY6QTR, STM32U535NCY6QTR, STM32U535NEY6QTR, STM32U535RBI6, STM32U535RBI6Q, STM32U535RBT6, STM32U535RBT6Q, STM32U535RCI6, STM32U535RCI6Q, STM32U535RCT6, STM32U535RCT6Q, STM32U535REI6, STM32U535REI6Q, STM32U535RET6, STM32U535RET6Q, STM32U535VCI6, STM32U535VCI6Q, STM32U535VCT6, STM32U535VCT6Q, STM32U535VEI6, STM32U535VEI6Q, STM32U535VET6, STM32U535VET6Q, STM32U545CET6, STM32U545CET6Q, STM32U545CEU6, STM32U545CEU6Q, STM32U545JEY6QTR, STM32U545NEY6QTR, STM32U545REI6, STM32U545REI6Q, STM32U545RET6, STM32U545RET6Q, STM32U545VEI6, STM32U545VEI6Q, STM32U545VET6, STM32U545VET6Q, STM32U595AIH6, STM32U595AIH6Q, STM32U595AJH6, STM32U595AJH6Q, STM32U595QII6, STM32U595QII6Q, STM32U595QJI6, STM32U595QJI6Q, STM32U595RIT6, STM32U595RIT6Q, STM32U595RJT6, STM32U595RJT6Q, STM32U595VIT6, STM32U595VIT6Q, STM32U595VJT6, STM32U595VJT6Q, STM32U595ZIT6, STM32U595ZIT6Q, STM32U595ZIY6QTR, STM32U595ZJT6, STM32U595ZJT6Q, STM32U595ZJY6QTR, STM32U599BJY6QTR, STM32U599NIH6Q, STM32U599NJH6Q, STM32U599VIT6Q, STM32U599VJT6, STM32U599VJT6Q, STM32U599ZIT6Q, STM32U599ZIY6QTR, STM32U599ZJT6Q, STM32U599ZJY6QTR, STM32U5A5AJH6, STM32U5A5AJH6Q, STM32U5A5QII3Q , STM32U5A5QJI6, STM32U5A5QJI6Q, STM32U5A5RJT6, STM32U5A5RJT6Q, STM32U5A5VJT6, STM32U5A5VJT6Q, STM32U5A5ZJT6, STM32U5A5ZJT6Q, STM32U5A5ZJY6QTR, STM32U5A9BJY6QTR, STM32U5A9J-DK, STM32U5A9NJH6Q, STM32U5A9VJT6Q, STM32U5A9ZJT6Q, STM32U5A9ZJY6QTR, STM32U5F7VIT6, STM32U5F7VIT6Q, STM32U5F7VJT6, STM32U5F7VJT6Q, STM32U5F9BJY6QTR, STM32U5F9NJH6Q, STM32U5F9VIT6Q, STM32U5F9VJT6Q, STM32U5F9ZIJ6QTR, STM32U5F9ZIT6Q, STM32U5F9ZJJ6QTR, STM32U5F9ZJT6Q, STM32U5G7VJT6, STM32U5G7VJT6Q, STM32U5G9BJY6QTR, STM32U5G9J-DK1, STM32U5G9J-DK2, STM32U5G9NJH6Q, STM32U5G9VJT6Q, STM32U5G9ZJJ6QTR, STM32U5G9ZJT6Q, STM32WB05KZV6TR, STM32WB05KZV7TR, STM32WB05TZF6TR, STM32WB05TZF7TR, STM32WB06CCF6TR, STM32WB06CCF7TR, STM32WB06CCV6TR, STM32WB06CCV7TR, STM32WB06KCV6TR, STM32WB06KCV7TR, STM32WB07CCF6TR, STM32WB07CCF7TR, STM32WB07CCV6TR, STM32WB07CCV7TR, STM32WB07KCV6TR, STM32WB07KCV7TR, STM32WB09KEV6TR, STM32WB09KEV7TR, STM32WB09TEF6TR, STM32WB09TEF7TR, STM32WB1MMCH6, STM32WBA50KGU6, STM32WBA50KGU6TR, STM32WBA52CEU6, STM32WBA52CEU6TR, STM32WBA52CEU7, STM32WBA52CEU7TR, STM32WBA52CGU6, STM32WBA52CGU6TR, STM32WBA52CGU6U, STM32WBA52CGU7, STM32WBA52CGU7TR, STM32WBA52KEU6, STM32WBA52KEU6TR, STM32WBA52KGU6, STM32WBA52KGU6TR, STM32WBA54CEU6, STM32WBA54CEU6TR, STM32WBA54CEU7, STM32WBA54CEU7TR, STM32WBA54CGU6, STM32WBA54CGU6TR, STM32WBA54CGU7, STM32WBA54CGU7TR, STM32WBA54KEU6, STM32WBA54KEU6TR, STM32WBA54KEU7, STM32WBA54KEU7TR, STM32WBA54KGU6, STM32WBA54KGU6TR, STM32WBA54KGU7, STM32WBA54KGU7TR, STM32WBA55CEU6, STM32WBA55CEU6TR, STM32WBA55CEU7, STM32WBA55CEU7TR, STM32WBA55CGU6, STM32WBA55CGU6TR, STM32WBA55CGU6U, STM32WBA55CGU7, STM32WBA55CGU7TR, STM32WBA55G-DK1, STM32WBA55HEF6, STM32WBA55HEF7, STM32WBA55HGF6, STM32WBA55HGF7, STM32WBA55UEI6, STM32WBA55UEI6TR, STM32WBA55UEI7, STM32WBA55UEI7TR, STM32WBA55UGI6, STM32WBA55UGI6TR, STM32WBA55UGI7, STM32WBA55UGI7TR, STM32WBA5MMGH6TR, STM32WBA62MGF6, STM32WBA62MIF6, STM32WBA65MGF7, STM32WBA65MIF6, STM32WBA65MIF7, STM32WL30K8V6, STM32WL30KBV6, STM32WL31C8V6, STM32WL31CBV6, STM32WL31K8V6, STM32WL31KBV6, STM32WL33C8V6, STM32WL33C8V6X, STM32WL33CBV6, STM32WL33CBV6X, STM32WL33CCV6, STM32WL33CCV6A, STM32WL33CCV6X, STM32WL33K8V7, STM32WL33K8V7X, STM32WL33KBV7 , STM32WL33KBV7X, STM32WL33KCV7, STM32WL33KCV7X, STM32WL5MOCH6, STM32WL5MOCH6TR]
2025-12-15 12:15:12,774 [INFO] DbMcus:218 - Found 4876 MCUs, 4876 are supported
2025-12-15 12:15:12,776 [INFO] ApiDb:423 - Load user favorites file C:\Users\aditi/.stm32cubeide/favorites.mcus.txt: 0 item(s)
2025-12-15 12:15:12,776 [INFO] ApiDb:427 - User favorites MCUs=[]
2025-12-15 12:15:12,776 [INFO] DbMcus:224 - Set 0 / 0 favorites MCUs
2025-12-15 12:15:13,104 [INFO] ApiDb:668 - CubeFinder database Data Model version=2.1
2025-12-15 12:15:13,104 [INFO] ApiDb:669 - CubeFinder database Configuration version=3.0.39
2025-12-15 12:15:13,104 [INFO] ApiDb:670 - CubeFinder database generation date=2025-11-05 (1762334721)
2025-12-15 12:15:13,104 [INFO] ApiDb:671 - CubeFinder database FW Pack versions=[FP-ATR-ASTRA1_V2.0.0, FP-SNS-FLIGHT1_V5.1.0, FP-SNS-MOTENV1_V5.1.0, FP-SNS-MOTENVWB1_V1.4.0, FP-SNS-SMARTAG2_V1.2.0, FP-SNS-STBOX1_V2.1.0, STM32Cube_FW_C0_V1.4.0, STM32Cube_FW_F4_V1.28.3, STM32Cube_FW_F7_V1.17.4, STM32Cube_FW_G0_V1.6.2, STM32Cube_FW_G4_V1.6.1, STM32Cube_FW_H5_V1.5.1, STM32Cube_FW_H7RS_V1.3.0, STM32Cube_FW_H7_V1.12.1, STM32Cube_FW_L0_V1.12.2, STM32Cube_FW_L4_V1.18.1, STM32Cube_FW_L5_V1.6.0, STM32Cube_FW_N6_V1.3.0, STM32Cube_FW_U0_V1.3.0, STM32Cube_FW_U3_V1.2.1, STM32Cube_FW_U5_V1.8.0, STM32Cube_FW_WB0_V1.4.0, STM32Cube_FW_WBA_V1.8.0, STM32Cube_FW_WB_V1.24.0, STM32Cube_FW_WL3_V1.3.0, STM32Cube_FW_WL_V1.4.0, X-CUBE-ALGOBUILD_V1.4.0, X-CUBE-ALS_V1.0.2, X-CUBE-AZRTOS-F4_V1.1.0, X-CUBE-AZRTOS-F7_V1.1.0, X-CUBE-AZRTOS-G0_V1.1.0, X-CUBE-AZRTOS-G4_V2.0.0, X-CUBE-AZRTOS-H7RS_V1.1.0, X-CUBE-AZRTOS-H7_V3.4.0, X-CUBE-AZRTOS-L4_V2.0.0, X-CUBE-AZRTOS-L5_V2.0.0, X-CUBE-AZRTOS-WB_V2.0.0, X-CUBE-AZRTOS-WL_V2.0.0, X-CUBE-BLE1_V7.1.0, X-CUBE-BLE2_V3.3.0, X-CUBE-BLEMGR_V4.1.0, X-CUBE-EEPRMA1_V5.2.0, X-CUBE-FREERTOS_V1.3.1, X-CUBE-GNSS1_V6.0.0, X-CUBE-MEMS1_V11.3.0, X-CUBE-NFC4_V3.0.0, X-CUBE-NFC7_V2.0.0, X-CUBE-SFXS2LP1_V4.0.0, X-CUBE-ST67W61_V1.1.0, X-CUBE-SUBG2_V5.0.0, X-CUBE-TOF1_V3.4.3]
2025-12-15 12:15:13,152 [INFO] DbBoardsSqlite:226 - include board P-NUCLEO-WB55-NUCLEO as a kit item of type 'Nucleo-64'
2025-12-15 12:15:13,153 [INFO] DbBoardsSqlite:226 - include board P-NUCLEO-WB55-USBDONGLE as a kit item of type 'Nucleo USB Dongle'
2025-12-15 12:15:13,153 [INFO] DbBoardsSqlite:226 - include board STEVAL-IDP005V1 as a kit item of type 'Evaluation Board'
2025-12-15 12:15:13,153 [INFO] DbBoardsSqlite:226 - include board STEVAL-IDP005V2 as a kit item of type 'Evaluation Board'
2025-12-15 12:15:13,206 [INFO] ApiDb:240 - Found 880 in-development CPN: [B-G473E-ZEST1S, B-WB1M-WPAN1, B-WBA5M-WPAN, B-WL5M-SUBG1, NUCLEO-C031C6, NUCLEO-C051C8, NUCLEO-C071RB, NUCLEO-C092RC, NUCLEO-H503RB, NUCLEO-H533RE, NUCLEO-H563ZI, NUCLEO-H7S3L8, NUCLEO-N657X0-Q, NUCLEO-U031R8, NUCLEO-U083RC, NUCLEO-U385RG-Q, NUCLEO-U545RE-Q, NUCLEO-U5A5ZJ-Q, NUCLEO-WB05KZ, NUCLEO-WB07CC, NUCLEO-WB09KE, NUCLEO-WBA52CG, NUCLEO-WBA55CG, NUCLEO-WL33CC1, NUCLEO-WL33CC2, STEVAL-PROTEUS1, STEVAL-SMARTAG2, STEVAL-STWINBX1, STM320518-EVAL, STM32C0116-DK, STM32C011D6Y3TR, STM32C011D6Y6TR, STM32C011F4P3, STM32C011F4P6, STM32C011F4U3, STM32C011F4U6TR, STM32C011F6P3, STM32C011F6P6, STM32C011F6U3, STM32C011F6U6TR, STM32C011J4M3, STM32C011J4M6, STM32C011J6M3, STM32C011J6M6, STM32C0316-DK, STM32C031C4T3, STM32C031C4T6, STM32C031C4U3, STM32C031C4U6, STM32C031C6T3, STM32C031C6T6, STM32C031C6U3, STM32C031C6U6, STM32C031F4P3, STM32C031F4P6, STM32C031F6P3, STM32C031F6P6, STM32C031G4U3, STM32C031G4U6, STM32C031G6U3, STM32C031G6U6, STM32C031K4T3, STM32C031K4T6, STM32C031K4U3, STM32C031K4U6, STM32C031K6T3, STM32C031K6T6, STM32C031K6U3, STM32C031K6U6, STM32C051C6T6, STM32C051C6U6, STM32C051C8T6, STM32C051C8U6, STM32C051D8Y6TR, STM32C051F6P6, STM32C051F8P6, STM32C051G6U6, STM32C051G8U6, STM32C051K6T6, STM32C051K6U6, STM32C051K8T6, STM32C071C8T6, STM32C071C8T6N, STM32C071C8U6, STM32C071C8U6N, STM32C071CBT6, STM32C071CBT6N, STM32C071CBU6, STM32C071CBU6N, STM32C071F8P6, STM32C071F8P6N, STM32C071FBP6, STM32C071FBP6N, STM32C071FBY6TR, STM32C071G8U6, STM32C071G8U6N, STM32C071GBU6, STM32C071GBU6N, STM32C071K8T6, STM32C071K8T6N, STM32C071K8U6, STM32C071K8U6N, STM32C071KBT6, STM32C071KBT6N, STM32C071KBU6, STM32C071KBU6N, STM32C071R8T6, STM32C071R8T6N, STM32C071RBI6N, STM32C071RBT6, STM32C071RBT6N, STM32C091CBT6, STM32C091CBU6, STM32C091CCT6, STM32C091CCU6, STM32C091ECY6TR, STM32C091FBP6, STM32C091FCP6, STM32C091GBU6, STM32C091GCU6, STM32C091KBT6, STM32C091KBU6, STM32C091KCT6, STM32C091KCU6, STM32C091RBT6, STM32C091RCI6, STM32C091RCT6, STM32C092CBT6, STM32C092CBU6, STM32C092CCT6, STM32C092CCU6, STM32C092ECY6TR, STM32C092FBP6, STM32C092FCP6, STM32C092GBU6, STM32C092GCU6, STM32C092KBT6, STM32C092KBU6, STM32C092KCT6, STM32C092KCU6, STM32C092RBT6, STM32C092RCI6, STM32C092RCT6, STM32G071K8TXN, STM32G071K8UXN, STM32G081GBU6N, STM32G081KBT6N, STM32G081KBUXN, STM32G0B1CCT6N, STM32G0B1KCT6, STM32G0B1NEY6TR, STM32G0B1RCT6N, STM32G0C1CCT6, STM32G0C1CCT6N, STM32G0C1CCU6N, STM32G0C1CET6N, STM32G0C1CEU6N, STM32G0C1KCT6, STM32G0C1NEY6TR, STM32G0C1RCI6N, STM32G0C1RCT6N, STM32G0C1REI6N, STM32G0C1RET6N, STM32G0C1VCI6, STM32G0C1VEI6, STM32G411C6T3, STM32G411C6T6, STM32G411C6U3, STM32G411C6U6, STM32G411C8T3, STM32G411C8T6, STM32G411C8U3, STM32G411C8U6, STM32G411CBT3, STM32G411CBT6, STM32G411CBU3, STM32G411CBU6, STM32G411K6T3, STM32G411K6T6, STM32G411K6U3, STM32G411K6U6, STM32G411K8T3, STM32G411K8T6, STM32G411K8U3, STM32G411K8U6, STM32G411KBT3, STM32G411KBT6, STM32G411KBU3, STM32G411KBU6, STM32G411M6T3, STM32G411M6T6, STM32G411M8T3, STM32G411M8T6, STM32G411MBT3, STM32G411MBT6, STM32G411R6T3, STM32G411R6T6, STM32G411R8T3, STM32G411R8T6, STM32G411RBT3, STM32G411RBT6, STM32G414CBT3, STM32G414CBT6, STM32G414CBU3, STM32G414CBU6, STM32G414CCT3, STM32G414CCT6, STM32G414CCU3, STM32G414CCU6, STM32G414MBT3, STM32G414MBT6, STM32G414MCT3, STM32G414MCT6, STM32G414RBT3, STM32G414RBT6, STM32G414RCT3, STM32G414RCT6, STM32G414VBT3, STM32G414VBT6, STM32G414VCT3, STM32G414VCT6, STM32G431CBT3Z, STM32G431RBT3Z, STM32G471CCT6, STM32G471CCU6, STM32G471CET3, STM32G471CET6, STM32G471CEU3, STM32G471CEU6, STM32G471MCT6, STM32G471MET3, STM32G471MET6, STM32G471MEY6TR, STM32G471QCT6, STM32G471QET3, STM32G471RCT6, STM32G471RET3, STM32G471RET6, STM32G471VCH6, STM32G471VCI6, STM32G471VCT6, STM32G471VEH3, STM32G471VEH6, STM32G471VEI3, STM32G471VEI6, STM32G471VET3, STM32G471VET6, STM32G473QET3Z, STM32G473RET3Z, STM32G474CCT6, STM32G491RET3Z, STM32H503CBT6, STM32H503CBU6, STM32H503EBY6TR, STM32H503KBU6, STM32H503RBT6, STM32H523CCT6, STM32H523CCU6, STM32H523CET6, STM32H523CEU6, STM32H523HEY6TR, STM32H523RCT6, STM32H523RET6, STM32H523VCI6, STM32H523VCT6, STM32H523VEI6, STM32H523VET6, STM32H523ZCJ6, STM32H523ZCT6, STM32H523ZEJ6, STM32H523ZET6, STM32H533CET6, STM32H533CEU6, STM32H533HEY6TR, STM32H533RET6, STM32H533VEI6, STM32H533VET6, STM32H533ZEJ6, STM32H533ZET6, STM32H562AGI6, STM32H562AII6, STM32H562IGK6, STM32H562IGT6, STM32H562IIK6, STM32H562IIT6, STM32H562RGT6, STM32H562RGV6, STM32H562RIT6, STM32H562RIV6, STM32H562VGT6, STM32H562VIT6, STM32H562ZGT6, STM32H562ZIT6, STM32H563AGI6, STM32H563AII3Q, STM32H563AII6, STM32H563IGK6, STM32H563IGT6, STM32H563IIK3Q, STM32H563IIK6, STM32H563IIT3Q, STM32H563IIT6, STM32H563MIY3QTR, STM32H563RGT6, STM32H563RGV6, STM32H563RIT6, STM32H563RIV6, STM32H563VGT6, STM32H563VIT3Q, STM32H563VIT6, STM32H563ZGT6, STM32H563ZIT3Q, STM32H563ZIT6, STM32H573AII3Q, STM32H573AII6, STM32H573I-DK, STM32H573IIK3Q, STM32H573IIK6, STM32H573IIT3Q, STM32H573IIT6, STM32H573MIY3QTR, STM32H573RIT6, STM32H573RIV6, STM32H573VIT3Q, STM32H573VIT6, STM32H573ZIT3Q, STM32H573ZIT6, STM32H7R3A8I6, STM32H7R3I8K6, STM32H7R3I8T6, STM32H7R3L8H6, STM32H7R3L8H6H, STM32H7R3R8V6, STM32H7R3V8H6, STM32H7R3V8T6, STM32H7R3V8Y6TR, STM32H7R3Z8J6, STM32H7R3Z8T6, STM32H7R7A8I6, STM32H7R7I8K6, STM32H7R7I8T6, STM32H7R7L8H6, STM32H7R7L8H6H, STM32H7R7Z8J6, STM32H7S3A8I6, STM32H7S3I8K6, STM32H7S3I8T6, STM32H7S3L8H6, STM32H7S3L8H6H, STM32H7S3R8V6, STM32H7S3V8H6, STM32H7S3V8T6, STM32H7S3V8Y6TR, STM32H7S3Z8J6, STM32H7S3Z8T6, STM32H7S78-DK, STM32H7S7A8I6, STM32H7S7I8K6, STM32H7S7I8T6, STM32H7S7L8H6, STM32H7S7L8H6H, STM32H7S7Z8J6, STM32L4R5QGI6STR, STM32MP131AAE3, STM32MP131AAF3, STM32MP131AAG3, STM32MP131CAE3, STM32MP131CAF3, STM32MP131CAG3, STM32MP131DAE7, STM32MP131DAF7, STM32MP131DAG7, STM32MP131FAE7, STM32MP131FAF7, STM32MP131FAG7, STM32MP133AAE3, STM32MP133AAF3, STM32MP133AAG3, STM32MP133CAE3, STM32MP133CAF3, STM32MP133CAG3, STM32MP133DAE7, STM32MP133DAF7, STM32MP133DAG7, STM32MP133FAE7, STM32MP133FAF7, STM32MP133FAG7, STM32MP135AAE3, STM32MP135AAF3, STM32MP135AAG3, STM32MP135CAE3, STM32MP135CAF3, STM32MP135CAG3, STM32MP135DAE7, STM32MP135DAF7, STM32MP135DAG7, STM32MP135F-DK, STM32MP135FAE7, STM32MP135FAF7, STM32MP135FAF7T, STM32MP135FAF7U, STM32MP135FAG7, STM32MP211AAL3, STM32MP211AAM3, STM32MP211AAN3, STM32MP211AAO3, STM32MP211CAL3, STM32MP211CAM3, STM32MP211CAN3, STM32MP211CAO3, STM32MP211DAL3, STM32MP211DAM3, STM32MP211DAN3, STM32MP211DAO3, STM32MP211FAL3, STM32MP211FAM3, STM32MP211FAN3, STM32MP211FAO3, STM32MP213AAL3, STM32MP213AAM3, STM32MP213AAN3, STM32MP213AAO3, STM32MP213CAL3, STM32MP213CAM3, STM32MP213CAN3, STM32MP213CAO3, STM32MP213DAL3, STM32MP213DAM3, STM32MP213DAN3, STM32MP213DAO3, STM32MP213FAL3, STM32MP213FAM3, STM32MP213FAN3, STM32MP213FAO3, STM32MP215AAL3, STM32MP215AAM3, STM32MP215AAN3, STM32MP215AAO3, STM32MP215CAL3, STM32MP215CAM3, STM32MP215CAN3, STM32MP215CAO3, STM32MP215DAL3, STM32MP215DAM3, STM32MP215DAN3, STM32MP215DAO3, STM32MP215F-DK, STM32MP215FAL3, STM32MP215FAM3, STM32MP215FAN3, STM32MP215FAO3, STM32MP231AAJ3, STM32MP231AAK3, STM32MP231AAL3, STM32MP231CAJ3, STM32MP231CAK3, STM32MP231CAL3, STM32MP231DAJ3, STM32MP231DAK3, STM32MP231DAL3, STM32MP231FAJ3, STM32MP231FAK3, STM32MP231FAL3, STM32MP233AAJ3, STM32MP233AAK3, STM32MP233AAL3, STM32MP233CAJ3, STM32MP233CAK3, STM32MP233CAL3, STM32MP233DAJ3, STM32MP233DAK3, STM32MP233DAL3, STM32MP233FAJ3, STM32MP233FAK3, STM32MP233FAL3, STM32MP235AAJ3, STM32MP235AAK3, STM32MP235AAL3, STM32MP235CAJ3, STM32MP235CAK3, STM32MP235CAL3, STM32MP235DAJ3, STM32MP235DAK3, STM32MP235DAL3, STM32MP235FAJ3, STM32MP235FAK3, STM32MP235FAL3, STM32MP251AAI3, STM32MP251AAK3, STM32MP251AAL3, STM32MP251CAI3, STM32MP251CAK3, STM32MP251CAL3, STM32MP251DAI3, STM32MP251DAK3, STM32MP251DAL3, STM32MP251FAI3, STM32MP251FAK3, STM32MP251FAL3, STM32MP253AAI3, STM32MP253AAK3, STM32MP253AAL3, STM32MP253CAI3, STM32MP253CAK3, STM32MP253CAL3, STM32MP253DAI3, STM32MP253DAK3, STM32MP253DAL3, STM32MP253FAI3, STM32MP253FAK3, STM32MP253FAL3, STM32MP255AAI3, STM32MP255AAK3, STM32MP255AAL3, STM32MP255CAI3, STM32MP255CAK3, STM32MP255CAL3, STM32MP255DAI3, STM32MP255DAK3, STM32MP255DAL3, STM32MP255FAI3, STM32MP255FAK3, STM32MP255FAL3, STM32MP257AAI3, STM32MP257AAK3, STM32MP257AAL3, STM32MP257CAI3, STM32MP257CAK3, STM32MP257CAL3, STM32MP257DAI3, STM32MP257DAK3, STM32MP257DAL3, STM32MP257F-DK, STM32MP257F-EV1, STM32MP257FAI3, STM32MP257FAK3, STM32MP257FAL3, STM32N645A0H3Q, STM32N645B0H3Q, STM32N645I0H3Q, STM32N645L0H3Q, STM32N645X0H3Q, STM32N645Z0H3Q, STM32N647A0H3Q, STM32N647B0H3Q, STM32N647I0H3Q, STM32N647L0H3Q, STM32N647X0H3Q, STM32N647Z0H3Q, STM32N655A0H3Q, STM32N655B0H3Q, STM32N655I0H3Q, STM32N655L0H3Q, STM32N655X0H3Q, STM32N655Z0H3Q, STM32N6570-DK, STM32N657A0H3Q, STM32N657B0H3Q, STM32N657I0H3Q, STM32N657L0H3Q, STM32N657X0H3Q, STM32N657Z0H3Q, STM32U031C6T6, STM32U031C6U6, STM32U031C8T6, STM32U031C8U6, STM32U031F4P6, STM32U031F6P6, STM32U031F8P6, STM32U031G6Y6TR, STM32U031G8Y6TR, STM32U031K4U6, STM32U031K6U6, STM32U031K8U6, STM32U031R6I6, STM32U031R6T6, STM32U031R8I6, STM32U031R8T6, STM32U073C8T6, STM32U073C8U6, STM32U073CBT6, STM32U073CBU6, STM32U073CCT6, STM32U073CCU6, STM32U073H8Y6TR, STM32U073HBY6TR, STM32U073HCY6TR, STM32U073K8U6, STM32U073KBU6, STM32U073KCU6, STM32U073M8I6, STM32U073M8T6, STM32U073MBI6, STM32U073MBT6, STM32U073MCI6, STM32U073MCT6, STM32U073R8I6, STM32U073R8T6, STM32U073RBI6, STM32U073RBT6, STM32U073RCI6, STM32U073RCT6, STM32U083C-DK, STM32U083CCT6, STM32U083CCU6, STM32U083HCY6TR, STM32U083KCU6, STM32U083MCI6, STM32U083MCT6, STM32U083RCI6, STM32U083RCT6, STM32U375CET6, STM32U375CET6Q, STM32U375CEU6, STM32U375CEU6Q, STM32U375CEY6QTR, STM32U375CGT6, STM32U375CGT6Q, STM32U375CGU6, STM32U375CGU6Q, STM32U375CGY6QTR, STM32U375KEU6, STM32U375KGU6, STM32U375REI6, STM32U375REI6Q, STM32U375RET6, STM32U375RET6Q, STM32U375REY6GTR, STM32U375REY6QTR, STM32U375RGI6, STM32U375RGI6Q, STM32U375RGT6, STM32U375RGT6Q, STM32U375RGY6GTR, STM32U375RGY6QTR, STM32U375VEI6, STM32U375VEI6Q, STM32U375VET6, STM32U375VET6Q, STM32U375VGI6, STM32U375VGI6Q, STM32U375VGT6, STM32U375VGT6Q, STM32U385CGT6, STM32U385CGT6Q, STM32U385CGU6, STM32U385CGU6Q, STM32U385CGY6QTR, STM32U385KGU6, STM32U385RGI6, STM32U385RGI6Q, STM32U385RGT6, STM32U385RGT6Q, STM32U385RGY6GTR, STM32U385RGY6QTR, STM32U385VGI6, STM32U385VGI6Q, STM32U385VGT6, STM32U385VGT6Q, STM32U535CBT6, STM32U535CBT6Q, STM32U535CBU6, STM32U535CBU6Q, STM32U535CCT6, STM32U535CCT6Q, STM32U535CCU6, STM32U535CCU6Q, STM32U535CET6, STM32U535CET6Q, STM32U535CEU6, STM32U535CEU6Q, STM32U535JEY6QTR, STM32U535NCY6QTR, STM32U535NEY6QTR, STM32U535RBI6, STM32U535RBI6Q, STM32U535RBT6, STM32U535RBT6Q, STM32U535RCI6, STM32U535RCI6Q, STM32U535RCT6, STM32U535RCT6Q, STM32U535REI6, STM32U535REI6Q, STM32U535RET6, STM32U535RET6Q, STM32U535VCI6, STM32U535VCI6Q, STM32U535VCT6, STM32U535VCT6Q, STM32U535VEI6, STM32U535VEI6Q, STM32U535VET6, STM32U535VET6Q, STM32U545CET6, STM32U545CET6Q, STM32U545CEU6, STM32U545CEU6Q, STM32U545JEY6QTR, STM32U545NEY6QTR, STM32U545REI6, STM32U545REI6Q, STM32U545RET6, STM32U545RET6Q, STM32U545VEI6, STM32U545VEI6Q, STM32U545VET6, STM32U545VET6Q, STM32U595AIH6, STM32U595AIH6Q, STM32U595AJH6, STM32U595AJH6Q, STM32U595QII6, STM32U595QII6Q, STM32U595QJI6, STM32U595QJI6Q, STM32U595RIT6, STM32U595RIT6Q, STM32U595RJT6, STM32U595RJT6Q, STM32U595VIT6, STM32U595VIT6Q, STM32U595VJT6, STM32U595VJT6Q, STM32U595ZIT6, STM32U595ZIT6Q, STM32U595ZIY6QTR, STM32U595ZJT6, STM32U595ZJT6Q, STM32U595ZJY6QTR, STM32U599BJY6QTR, STM32U599NIH6Q, STM32U599NJH6Q, STM32U599VIT6Q, STM32U599VJT6, STM32U599VJT6Q, STM32U599ZIT6Q, STM32U599ZIY6QTR, STM32U599ZJT6Q, STM32U599ZJY6QTR, STM32U5A5AJH6, STM32U5A5AJH6Q, STM32U5A5QII3Q , STM32U5A5QJI6, STM32U5A5QJI6Q, STM32U5A5RJT6, STM32U5A5RJT6Q, STM32U5A5VJT6, STM32U5A5VJT6Q, STM32U5A5ZJT6, STM32U5A5ZJT6Q, STM32U5A5ZJY6QTR, STM32U5A9BJY6QTR, STM32U5A9J-DK, STM32U5A9NJH6Q, STM32U5A9VJT6Q, STM32U5A9ZJT6Q, STM32U5A9ZJY6QTR, STM32U5F7VIT6, STM32U5F7VIT6Q, STM32U5F7VJT6, STM32U5F7VJT6Q, STM32U5F9BJY6QTR, STM32U5F9NJH6Q, STM32U5F9VIT6Q, STM32U5F9VJT6Q, STM32U5F9ZIJ6QTR, STM32U5F9ZIT6Q, STM32U5F9ZJJ6QTR, STM32U5F9ZJT6Q, STM32U5G7VJT6, STM32U5G7VJT6Q, STM32U5G9BJY6QTR, STM32U5G9J-DK1, STM32U5G9J-DK2, STM32U5G9NJH6Q, STM32U5G9VJT6Q, STM32U5G9ZJJ6QTR, STM32U5G9ZJT6Q, STM32WB05KZV6TR, STM32WB05KZV7TR, STM32WB05TZF6TR, STM32WB05TZF7TR, STM32WB06CCF6TR, STM32WB06CCF7TR, STM32WB06CCV6TR, STM32WB06CCV7TR, STM32WB06KCV6TR, STM32WB06KCV7TR, STM32WB07CCF6TR, STM32WB07CCF7TR, STM32WB07CCV6TR, STM32WB07CCV7TR, STM32WB07KCV6TR, STM32WB07KCV7TR, STM32WB09KEV6TR, STM32WB09KEV7TR, STM32WB09TEF6TR, STM32WB09TEF7TR, STM32WB1MMCH6, STM32WBA50KGU6, STM32WBA50KGU6TR, STM32WBA52CEU6, STM32WBA52CEU6TR, STM32WBA52CEU7, STM32WBA52CEU7TR, STM32WBA52CGU6, STM32WBA52CGU6TR, STM32WBA52CGU6U, STM32WBA52CGU7, STM32WBA52CGU7TR, STM32WBA52KEU6, STM32WBA52KEU6TR, STM32WBA52KGU6, STM32WBA52KGU6TR, STM32WBA54CEU6, STM32WBA54CEU6TR, STM32WBA54CEU7, STM32WBA54CEU7TR, STM32WBA54CGU6, STM32WBA54CGU6TR, STM32WBA54CGU7, STM32WBA54CGU7TR, STM32WBA54KEU6, STM32WBA54KEU6TR, STM32WBA54KEU7, STM32WBA54KEU7TR, STM32WBA54KGU6, STM32WBA54KGU6TR, STM32WBA54KGU7, STM32WBA54KGU7TR, STM32WBA55CEU6, STM32WBA55CEU6TR, STM32WBA55CEU7, STM32WBA55CEU7TR, STM32WBA55CGU6, STM32WBA55CGU6TR, STM32WBA55CGU6U, STM32WBA55CGU7, STM32WBA55CGU7TR, STM32WBA55G-DK1, STM32WBA55HEF6, STM32WBA55HEF7, STM32WBA55HGF6, STM32WBA55HGF7, STM32WBA55UEI6, STM32WBA55UEI6TR, STM32WBA55UEI7, STM32WBA55UEI7TR, STM32WBA55UGI6, STM32WBA55UGI6TR, STM32WBA55UGI7, STM32WBA55UGI7TR, STM32WBA5MMGH6TR, STM32WBA62MGF6, STM32WBA62MIF6, STM32WBA65MGF7, STM32WBA65MIF6, STM32WBA65MIF7, STM32WL30K8V6, STM32WL30KBV6, STM32WL31C8V6, STM32WL31CBV6, STM32WL31K8V6, STM32WL31KBV6, STM32WL33C8V6, STM32WL33C8V6X, STM32WL33CBV6, STM32WL33CBV6X, STM32WL33CCV6, STM32WL33CCV6A, STM32WL33CCV6X, STM32WL33K8V7, STM32WL33K8V7X, STM32WL33KBV7 , STM32WL33KBV7X, STM32WL33KCV7, STM32WL33KCV7X, STM32WL5MOCH6, STM32WL5MOCH6TR]
2025-12-15 12:15:13,409 [INFO] BoardInfo:889 - No configuration file found for board P-NUCLEO-WB55
2025-12-15 12:15:13,410 [INFO] DbBoards:161 - Kit is not supported: P-NUCLEO-WB55
2025-12-15 12:15:13,416 [INFO] BoardInfo:889 - No configuration file found for board STEVAL-BFA001V1B
2025-12-15 12:15:13,417 [INFO] DbBoards:161 - Kit is not supported: STEVAL-BFA001V1B
2025-12-15 12:15:13,418 [INFO] BoardInfo:889 - No configuration file found for board STEVAL-BFA001V2B
2025-12-15 12:15:13,419 [INFO] DbBoards:161 - Kit is not supported: STEVAL-BFA001V2B
2025-12-15 12:15:13,622 [INFO] DbBoards:168 - Found 212 boards, 209 are supported
2025-12-15 12:15:13,622 [INFO] DbBoards:169 - Found 212 boards, 43 of them is supported for  Bsp
2025-12-15 12:15:13,625 [INFO] ApiDb:423 - Load user favorites file C:\Users\aditi/.stm32cubeide/favorites.boards.txt: 1 item(s)
2025-12-15 12:15:13,625 [INFO] ApiDb:427 - User favorites Boards=[STM32F407G-DISC1]
2025-12-15 12:15:13,626 [INFO] DbBoards:198 - Set 1 / 1 favorites Boards
2025-12-15 12:15:13,626 [INFO] McuFinderGlobals:76 - Set McuFinderConnectedMode to true
2025-12-15 12:15:13,632 [INFO] MultiScanPanel:200 - Auto-refresh data requested => check proxy status ongoing
2025-12-15 12:15:13,634 [INFO] FinderPluginLoader:96 - Searching for filters in installed packs
2025-12-15 12:15:14,723 [INFO] LoadUrlFilesThread:185 - End of LoadServerUrlFiles without Thread
2025-12-15 12:15:14,737 [INFO] DetailPanel:341 - Set advertising image to C:/Users/aditi/STM32Cube/Repository/\en.prom-st67w-expansion-board.png
2025-12-15 12:15:19,324 [INFO] MultiScanPanel:200 - Auto-refresh data requested => check proxy status ongoing
2025-12-15 12:15:19,427 [INFO] LoadUrlFilesThread:185 - End of LoadServerUrlFiles without Thread
2025-12-15 12:15:19,427 [INFO] DetailPanel:341 - Set advertising image to C:/Users/aditi/STM32Cube/Repository/\en.prom-st67w-expansion-board.png
2025-12-15 12:15:19,438 [INFO] DbBoards:642 - Loading board mini-images...
2025-12-15 12:15:21,314 [ERROR] DbBoards:659 - Image file not found for board STM32MP215F-DK: C:\Users\aditi\.stmcufinder\plugins\mcufinder//mcu//boards_images/STM32MP215F-DK.jpg
2025-12-15 12:15:21,402 [INFO] DbBoards:665 - Loaded 211 board mini-images
2025-12-15 12:15:38,590 [INFO] McuFinderGlobals:76 - Set McuFinderConnectedMode to true
2025-12-15 12:15:38,596 [INFO] ApiDb:448 - Save user favorites file C:\Users\aditi/.stm32cubeide/favorites.mcus.txt: 0 item(s)
2025-12-15 12:15:38,596 [INFO] ApiDb:452 - User favorites MCUs=[]
2025-12-15 12:15:38,599 [INFO] ApiDb:448 - Save user favorites file C:\Users\aditi/.stm32cubeide/favorites.boards.txt: 1 item(s)
2025-12-15 12:15:38,600 [INFO] ApiDb:452 - User favorites Boards=[STM32F407G-DISC1]
2025-12-15 12:27:49,499 [ERROR] LogOutputStream:75 - [STDERR_REDIRECT] 
2025-12-15 12:27:49,504 [ERROR] LogOutputStream:75 - [STDERR_REDIRECT] 
2025-12-15 12:28:05,191 [INFO] Activator:176 - 


2025-12-15 12:28:05,192 [INFO] Activator:177 - !SESSION log4j initialized
2025-12-15 12:28:08,059 [INFO] LogOutputStream:77 - [STDOUT_REDIRECT] 
2025-12-15 12:28:09,534 [INFO] ApplicationProperties:184 - Using Application install path: C:\ST\STM32CubeIDE_1.19.0\STM32CubeIDE\plugins\com.st.stm32cube.common.mx_6.15.0.202507011659
2025-12-15 12:28:09,547 [INFO] DbMcusXml:78 - Set database path to: C:\ST\STM32CubeIDE_1.19.0\STM32CubeIDE\plugins\com.st.stm32cube.common.mx_6.15.0.202507011659\\db\/mcu/
2025-12-15 12:28:09,547 [INFO] ApiDb:274 - Set plugin database path to: C:\ST\STM32CubeIDE_1.19.0\STM32CubeIDE\plugins\com.st.stm32cube.common.mx_6.15.0.202507011659\\db\/plugins/boardmanager/
2025-12-15 12:28:09,547 [WARN] ApiDb:259 - Overriding images path with different value:  => C:\ST\STM32CubeIDE_1.19.0\STM32CubeIDE\plugins\com.st.stm32cube.common.mx_6.15.0.202507011659\\db\/plugins/mcufinder/images/
2025-12-15 12:28:09,553 [INFO] ApiDb:250 - Set database path to: C:\Users\aditi\.stmcufinder\plugins\mcufinder//mcu/
2025-12-15 12:28:09,554 [INFO] DbMcusAds:125 - Set database path to: C:\Users\aditi\.stmcufinder\plugins\mcufinder//mcu/
2025-12-15 12:28:09,555 [INFO] CrossReferenceDbSqlite:203 - Set database path to: C:\Users\aditi\.stmcufinder\plugins\mcufinder//mcu/cs/
2025-12-15 12:28:09,646 [INFO] RulesReader:64 - Compatibility file has been processed (317 Rules)
2025-12-15 12:28:09,712 [INFO] DbMcusXml:78 - Set database path to: C:\ST\STM32CubeIDE_1.19.0\STM32CubeIDE\plugins\com.st.stm32cube.common.mx_6.15.0.202507011659\\db\/mcu/
2025-12-15 12:28:09,712 [INFO] ApiDb:274 - Set plugin database path to: C:\ST\STM32CubeIDE_1.19.0\STM32CubeIDE\plugins\com.st.stm32cube.common.mx_6.15.0.202507011659\\db\/plugins/boardmanager/
2025-12-15 12:28:09,712 [INFO] ApiDb:261 - Set plugin images path to: C:\ST\STM32CubeIDE_1.19.0\STM32CubeIDE\plugins\com.st.stm32cube.common.mx_6.15.0.202507011659\\db\/plugins/mcufinder/images/
2025-12-15 12:28:09,713 [WARN] DbFile:41 - Overriding database path with different value: C:\Users\aditi\.stmcufinder\plugins\mcufinder/ => C:\Users\aditi\.stmcufinder\plugins\mcufinder
2025-12-15 12:28:09,713 [INFO] ApiDb:250 - Set database path to: C:\Users\aditi\.stmcufinder\plugins\mcufinder//mcu/
2025-12-15 12:28:09,713 [WARN] DbFile:41 - Overriding database path with different value: C:\Users\aditi\.stmcufinder\plugins\mcufinder/ => C:\Users\aditi\.stmcufinder\plugins\mcufinder
2025-12-15 12:28:09,713 [INFO] DbMcusAds:125 - Set database path to: C:\Users\aditi\.stmcufinder\plugins\mcufinder//mcu/
2025-12-15 12:28:09,713 [WARN] DbFile:41 - Overriding database path with different value: C:\Users\aditi\.stmcufinder\plugins\mcufinder/ => C:\Users\aditi\.stmcufinder\plugins\mcufinder
2025-12-15 12:28:09,713 [WARN] DbFile:41 - Overriding database path with different value: C:\Users\aditi\.stmcufinder\plugins\mcufinder/ => C:\Users\aditi\.stmcufinder\plugins\mcufinder
2025-12-15 12:28:09,713 [INFO] CrossReferenceDbSqlite:203 - Set database path to: C:\Users\aditi\.stmcufinder\plugins\mcufinder//mcu/cs/
2025-12-15 12:28:09,778 [INFO] MainPanel:274 - HeapMemory: 268435456
2025-12-15 12:28:09,870 [INFO] DbMcusXml:78 - Set database path to: C:\ST\STM32CubeIDE_1.19.0\STM32CubeIDE\plugins\com.st.stm32cube.common.mx_6.15.0.202507011659\\db\/mcu/
2025-12-15 12:28:09,870 [INFO] ApiDb:274 - Set plugin database path to: C:\ST\STM32CubeIDE_1.19.0\STM32CubeIDE\plugins\com.st.stm32cube.common.mx_6.15.0.202507011659\\db\/plugins/boardmanager/
2025-12-15 12:28:09,870 [INFO] ApiDb:261 - Set plugin images path to: C:\ST\STM32CubeIDE_1.19.0\STM32CubeIDE\plugins\com.st.stm32cube.common.mx_6.15.0.202507011659\\db\/plugins/mcufinder/images/
2025-12-15 12:28:09,870 [WARN] DbFile:41 - Overriding database path with different value: C:\Users\aditi\.stmcufinder\plugins\mcufinder/ => C:\Users\aditi\.stmcufinder\plugins\mcufinder
2025-12-15 12:28:09,870 [INFO] ApiDb:250 - Set database path to: C:\Users\aditi\.stmcufinder\plugins\mcufinder//mcu/
2025-12-15 12:28:09,870 [WARN] DbFile:41 - Overriding database path with different value: C:\Users\aditi\.stmcufinder\plugins\mcufinder/ => C:\Users\aditi\.stmcufinder\plugins\mcufinder
2025-12-15 12:28:09,870 [INFO] DbMcusAds:125 - Set database path to: C:\Users\aditi\.stmcufinder\plugins\mcufinder//mcu/
2025-12-15 12:28:09,870 [WARN] DbFile:41 - Overriding database path with different value: C:\Users\aditi\.stmcufinder\plugins\mcufinder/ => C:\Users\aditi\.stmcufinder\plugins\mcufinder
2025-12-15 12:28:09,870 [WARN] DbFile:41 - Overriding database path with different value: C:\Users\aditi\.stmcufinder\plugins\mcufinder/ => C:\Users\aditi\.stmcufinder\plugins\mcufinder
2025-12-15 12:28:09,871 [INFO] CrossReferenceDbSqlite:203 - Set database path to: C:\Users\aditi\.stmcufinder\plugins\mcufinder//mcu/cs/
2025-12-15 12:28:09,885 [INFO] ApplicationProperties:184 - Using Application install path: C:\ST\STM32CubeIDE_1.19.0\STM32CubeIDE\plugins\com.st.stm32cube.common.mx_6.15.0.202507011659
2025-12-15 12:28:09,886 [INFO] PluginManage:196 - Search for loadable plugins [exclusion list=, ]
2025-12-15 12:28:09,887 [INFO] PluginManage:310 - Check plugin analytics
2025-12-15 12:28:10,068 [INFO] AnalyticsPlugin:253 - Accepted Software Licenses: 
2025-12-15 12:28:10,068 [INFO] AnalyticsPlugin:255 - Accepted CMSIS Pack Licenses: 
2025-12-15 12:28:10,068 [INFO] AnalyticsPlugin:257 - Accepted Firmware Licenses: 
2025-12-15 12:28:10,089 [INFO] PluginManage:359 - Loaded plugin analytics (category:tool,tabindex:-1)
2025-12-15 12:28:10,090 [INFO] PluginManage:310 - Check plugin cadmodel
2025-12-15 12:28:10,096 [INFO] CADModel:105 - Init CAD model plugin
2025-12-15 12:28:10,096 [INFO] PluginManage:359 - Loaded plugin cadmodel (category:power,tabindex:5)
2025-12-15 12:28:10,096 [INFO] PluginManage:310 - Check plugin clock
2025-12-15 12:28:10,106 [INFO] PluginManage:359 - Loaded plugin clock (category:base,tabindex:2)
2025-12-15 12:28:10,106 [INFO] PluginManage:310 - Check plugin ddr
2025-12-15 12:28:10,109 [INFO] PluginManage:359 - Loaded plugin ddr (category:tool,tabindex:6)
2025-12-15 12:28:10,109 [INFO] PluginManage:310 - Check plugin filemanager
2025-12-15 12:28:10,260 [INFO] PluginManage:359 - Loaded plugin filemanager (category:base,tabindex:10)
2025-12-15 12:28:10,260 [INFO] PluginManage:310 - Check plugin ipmanager
2025-12-15 12:28:10,266 [INFO] PluginManage:359 - Loaded plugin ipmanager (category:base,tabindex:5)
2025-12-15 12:28:10,266 [INFO] PluginManage:310 - Check plugin lpbam
2025-12-15 12:28:10,273 [INFO] PluginManage:359 - Loaded plugin lpbam (category:base,tabindex:0)
2025-12-15 12:28:10,274 [INFO] PluginManage:310 - Check plugin memorymap
2025-12-15 12:28:10,286 [INFO] PluginManage:359 - Loaded plugin memorymap (category:base,tabindex:4)
2025-12-15 12:28:10,286 [INFO] PluginManage:310 - Check plugin pinoutandconfiguration
2025-12-15 12:28:10,293 [INFO] PluginManage:359 - Loaded plugin pinoutandconfiguration (category:base,tabindex:1)
2025-12-15 12:28:10,294 [INFO] PluginManage:310 - Check plugin pinoutconfig
2025-12-15 12:28:10,357 [WARN] SupportedApi:132 - Cannot load RTOS API schema: s4s-elt-must-match.1: The content of 'definitions' must match (annotation?, (simpleType | complexType)?, (unique | key | keyref)*)). A problem was found starting at: attribute.
2025-12-15 12:28:10,455 [INFO] PluginManage:359 - Loaded plugin pinoutconfig (category:base,tabindex:0)
2025-12-15 12:28:10,455 [INFO] PluginManage:310 - Check plugin power
2025-12-15 12:28:10,463 [INFO] PluginManage:359 - Loaded plugin power (category:power,tabindex:4)
2025-12-15 12:28:10,463 [INFO] PluginManage:310 - Check plugin projectmanager
2025-12-15 12:28:10,480 [INFO] PluginManage:359 - Loaded plugin projectmanager (category:projectmanager,tabindex:4)
2025-12-15 12:28:10,480 [INFO] PluginManage:310 - Check plugin rif
2025-12-15 12:28:10,488 [INFO] PluginManage:359 - Loaded plugin rif (category:base,tabindex:3)
2025-12-15 12:28:10,489 [INFO] PluginManage:310 - Check plugin thirdparty
2025-12-15 12:28:10,634 [WARN] IntegrityCheckThread:84 - waiting for thirdparty lock release [integrity check]
2025-12-15 12:28:10,635 [INFO] IntegrityCheckThread:86 - entering critical section [integrity check]
2025-12-15 12:28:10,635 [INFO] ThirdPartyUpdaterWithRetryManager:70 - Updater plugin not ready yet. [1/15]
2025-12-15 12:28:10,635 [INFO] PluginManage:359 - Loaded plugin thirdparty (category:base,tabindex:-1)
2025-12-15 12:28:10,635 [INFO] PluginManage:310 - Check plugin tools
2025-12-15 12:28:10,640 [INFO] PluginManage:359 - Loaded plugin tools (category:base,tabindex:7)
2025-12-15 12:28:10,640 [INFO] PluginManage:310 - Check plugin tutovideos
2025-12-15 12:28:10,815 [INFO] PluginManage:359 - Loaded plugin tutovideos (category:base,tabindex:-1)
2025-12-15 12:28:10,815 [INFO] PluginManage:310 - Check plugin updater
2025-12-15 12:28:10,831 [INFO] PluginManage:359 - Loaded plugin updater (category:base,tabindex:12)
2025-12-15 12:28:10,831 [INFO] PluginManage:310 - Check plugin userauth
2025-12-15 12:28:10,834 [INFO] UserAuth:118 - Init User Auth plugin
2025-12-15 12:28:10,835 [INFO] PluginManage:359 - Loaded plugin userauth (category:base,tabindex:14)
2025-12-15 12:28:10,835 [INFO] PluginManage:283 - PluginManage : Loaded plugins [18]
2025-12-15 12:28:10,993 [INFO] PinOutPanel:1589 - setPackage(No Configuration,No Configuration)
2025-12-15 12:28:11,062 [INFO] CADModel:165 - CPN selected for project level
2025-12-15 12:28:11,063 [INFO] CADModel:114 - Register for checkConnection events
2025-12-15 12:28:11,077 [INFO] IPUIPlugin:80 - create IPUIPlugin
2025-12-15 12:28:11,078 [INFO] PluginManager:220 - loadIPPluginJar : add adc
2025-12-15 12:28:11,081 [INFO] IPUIPlugin:80 - create IPUIPlugin
2025-12-15 12:28:11,081 [INFO] PluginManager:220 - loadIPPluginJar : add aes
2025-12-15 12:28:11,083 [INFO] IPUIPlugin:80 - create IPUIPlugin
2025-12-15 12:28:11,083 [INFO] PluginManager:220 - loadIPPluginJar : add can
2025-12-15 12:28:11,085 [INFO] IPUIPlugin:80 - create IPUIPlugin
2025-12-15 12:28:11,085 [INFO] PluginManager:220 - loadIPPluginJar : add comp
2025-12-15 12:28:11,087 [INFO] IPUIPlugin:80 - create IPUIPlugin
2025-12-15 12:28:11,087 [INFO] PluginManager:220 - loadIPPluginJar : add cryp
2025-12-15 12:28:11,090 [INFO] IPUIPlugin:80 - create IPUIPlugin
2025-12-15 12:28:11,090 [INFO] PluginManager:220 - loadIPPluginJar : add ddr_ctrl_phy
2025-12-15 12:28:11,093 [INFO] IPUIPlugin:80 - create IPUIPlugin
2025-12-15 12:28:11,093 [INFO] PluginManager:220 - loadIPPluginJar : add dfsdm
2025-12-15 12:28:11,098 [INFO] IPUIPlugin:80 - create IPUIPlugin
2025-12-15 12:28:11,098 [INFO] PluginManager:220 - loadIPPluginJar : add dma
2025-12-15 12:28:11,101 [INFO] IPUIPlugin:80 - create IPUIPlugin
2025-12-15 12:28:11,101 [INFO] PluginManager:220 - loadIPPluginJar : add dma3
2025-12-15 12:28:11,105 [INFO] IPUIPlugin:80 - create IPUIPlugin
2025-12-15 12:28:11,105 [INFO] PluginManager:220 - loadIPPluginJar : add extmemmanager
2025-12-15 12:28:11,107 [INFO] IPUIPlugin:80 - create IPUIPlugin
2025-12-15 12:28:11,107 [INFO] PluginManager:220 - loadIPPluginJar : add fatfs
2025-12-15 12:28:11,112 [INFO] IPUIPlugin:80 - create IPUIPlugin
2025-12-15 12:28:11,112 [INFO] PluginManager:220 - loadIPPluginJar : add fmc
2025-12-15 12:28:11,120 [INFO] IPUIPlugin:80 - create IPUIPlugin
2025-12-15 12:28:11,120 [INFO] PluginManager:220 - loadIPPluginJar : add freertos
2025-12-15 12:28:11,121 [INFO] IPUIPlugin:80 - create IPUIPlugin
2025-12-15 12:28:11,122 [INFO] PluginManager:220 - loadIPPluginJar : add genericplugin
2025-12-15 12:28:11,125 [INFO] IPUIPlugin:80 - create IPUIPlugin
2025-12-15 12:28:11,126 [INFO] PluginManager:220 - loadIPPluginJar : add gfxmmu
2025-12-15 12:28:11,131 [INFO] IPUIPlugin:80 - create IPUIPlugin
2025-12-15 12:28:11,131 [INFO] PluginManager:220 - loadIPPluginJar : add gic
2025-12-15 12:28:11,135 [INFO] IPUIPlugin:80 - create IPUIPlugin
2025-12-15 12:28:11,135 [INFO] PluginManager:220 - loadIPPluginJar : add gpio
2025-12-15 12:28:11,139 [INFO] IPUIPlugin:80 - create IPUIPlugin
2025-12-15 12:28:11,139 [INFO] PluginManager:220 - loadIPPluginJar : add gtzc
2025-12-15 12:28:11,143 [INFO] IPUIPlugin:80 - create IPUIPlugin
2025-12-15 12:28:11,143 [INFO] PluginManager:220 - loadIPPluginJar : add hash
2025-12-15 12:28:11,147 [INFO] IPUIPlugin:80 - create IPUIPlugin
2025-12-15 12:28:11,147 [INFO] PluginManager:220 - loadIPPluginJar : add i2c
2025-12-15 12:28:11,150 [INFO] IPUIPlugin:80 - create IPUIPlugin
2025-12-15 12:28:11,150 [INFO] PluginManager:220 - loadIPPluginJar : add i2s
2025-12-15 12:28:11,154 [INFO] IPUIPlugin:80 - create IPUIPlugin
2025-12-15 12:28:11,154 [INFO] PluginManager:220 - loadIPPluginJar : add i3c
2025-12-15 12:28:11,158 [INFO] IPUIPlugin:80 - create IPUIPlugin
2025-12-15 12:28:11,159 [INFO] PluginManager:220 - loadIPPluginJar : add ipddr
2025-12-15 12:28:11,165 [INFO] IPUIPlugin:80 - create IPUIPlugin
2025-12-15 12:28:11,166 [INFO] PluginManager:220 - loadIPPluginJar : add linkedlist
2025-12-15 12:28:11,169 [INFO] IPUIPlugin:80 - create IPUIPlugin
2025-12-15 12:28:11,170 [INFO] PluginManager:220 - loadIPPluginJar : add lorawan
2025-12-15 12:28:11,172 [INFO] IPUIPlugin:80 - create IPUIPlugin
2025-12-15 12:28:11,172 [INFO] PluginManager:220 - loadIPPluginJar : add ltdc
2025-12-15 12:28:11,177 [INFO] IPUIPlugin:80 - create IPUIPlugin
2025-12-15 12:28:11,177 [INFO] PluginManager:220 - loadIPPluginJar : add mdma
2025-12-15 12:28:11,181 [INFO] IPUIPlugin:80 - create IPUIPlugin
2025-12-15 12:28:11,181 [INFO] PluginManager:220 - loadIPPluginJar : add nvic
2025-12-15 12:28:11,185 [INFO] IPUIPlugin:80 - create IPUIPlugin
2025-12-15 12:28:11,185 [INFO] PluginManager:220 - loadIPPluginJar : add opamp
2025-12-15 12:28:11,188 [INFO] IPUIPlugin:80 - create IPUIPlugin
2025-12-15 12:28:11,188 [INFO] PluginManager:220 - loadIPPluginJar : add openamp
2025-12-15 12:28:11,190 [INFO] IPUIPlugin:80 - create IPUIPlugin
2025-12-15 12:28:11,191 [INFO] PluginManager:220 - loadIPPluginJar : add pdm2pcm
2025-12-15 12:28:11,195 [INFO] IPUIPlugin:80 - create IPUIPlugin
2025-12-15 12:28:11,198 [INFO] PluginManager:220 - loadIPPluginJar : add plateformsettings
2025-12-15 12:28:11,199 [INFO] IPUIPlugin:80 - create IPUIPlugin
2025-12-15 12:28:11,199 [INFO] PluginManager:220 - loadIPPluginJar : add quadspi
2025-12-15 12:28:11,202 [INFO] IPUIPlugin:80 - create IPUIPlugin
2025-12-15 12:28:11,202 [INFO] PluginManager:220 - loadIPPluginJar : add radio
2025-12-15 12:28:11,205 [INFO] IPUIPlugin:80 - create IPUIPlugin
2025-12-15 12:28:11,205 [INFO] PluginManager:220 - loadIPPluginJar : add resmgrutility
2025-12-15 12:28:11,207 [INFO] IPUIPlugin:80 - create IPUIPlugin
2025-12-15 12:28:11,207 [INFO] PluginManager:220 - loadIPPluginJar : add sai
2025-12-15 12:28:11,208 [INFO] IPUIPlugin:80 - create IPUIPlugin
2025-12-15 12:28:11,208 [INFO] PluginManager:220 - loadIPPluginJar : add spi
2025-12-15 12:28:11,212 [INFO] IPUIPlugin:80 - create IPUIPlugin
2025-12-15 12:28:11,212 [INFO] PluginManager:220 - loadIPPluginJar : add stm32_wpan
2025-12-15 12:28:11,214 [INFO] IPUIPlugin:80 - create IPUIPlugin
2025-12-15 12:28:11,214 [INFO] PluginManager:220 - loadIPPluginJar : add tim
2025-12-15 12:28:11,217 [INFO] IPUIPlugin:80 - create IPUIPlugin
2025-12-15 12:28:11,217 [INFO] PluginManager:220 - loadIPPluginJar : add touchsensing
2025-12-15 12:28:11,219 [INFO] IPUIPlugin:80 - create IPUIPlugin
2025-12-15 12:28:11,219 [INFO] PluginManager:220 - loadIPPluginJar : add tracer_emb
2025-12-15 12:28:11,220 [INFO] IPUIPlugin:80 - create IPUIPlugin
2025-12-15 12:28:11,220 [INFO] PluginManager:220 - loadIPPluginJar : add ts
2025-12-15 12:28:11,221 [INFO] IPUIPlugin:80 - create IPUIPlugin
2025-12-15 12:28:11,221 [INFO] PluginManager:220 - loadIPPluginJar : add tsc
2025-12-15 12:28:11,223 [INFO] IPUIPlugin:80 - create IPUIPlugin
2025-12-15 12:28:11,223 [INFO] PluginManager:220 - loadIPPluginJar : add ucpd
2025-12-15 12:28:11,224 [INFO] IPUIPlugin:80 - create IPUIPlugin
2025-12-15 12:28:11,224 [INFO] PluginManager:220 - loadIPPluginJar : add usart
2025-12-15 12:28:11,227 [INFO] IPUIPlugin:80 - create IPUIPlugin
2025-12-15 12:28:11,227 [INFO] PluginManager:220 - loadIPPluginJar : add usbx
2025-12-15 12:28:11,338 [FATAL] Updater:351 - Updater called before beeing initialized
2025-12-15 12:28:11,364 [INFO] RulesReader:64 - Compatibility file has been processed (317 Rules)
2025-12-15 12:28:11,379 [INFO] RulesReader:64 - Compatibility file has been processed (317 Rules)
2025-12-15 12:28:11,398 [INFO] CADModel:165 - CPN selected for project level
2025-12-15 12:28:11,399 [INFO] CADModel:114 - Register for checkConnection events
2025-12-15 12:28:11,399 [FATAL] Updater:351 - Updater called before beeing initialized
2025-12-15 12:28:11,399 [ERROR] CADModel:125 - Updater not yet initialized, retry later 
2025-12-15 12:28:11,518 [FATAL] Updater:351 - Updater called before beeing initialized
2025-12-15 12:28:11,519 [INFO] CADModel:165 - CPN selected for project level
2025-12-15 12:28:11,519 [INFO] CADModel:114 - Register for checkConnection events
2025-12-15 12:28:11,519 [FATAL] Updater:351 - Updater called before beeing initialized
2025-12-15 12:28:11,519 [ERROR] CADModel:125 - Updater not yet initialized, retry later 
2025-12-15 12:28:11,521 [FATAL] Updater:351 - Updater called before beeing initialized
2025-12-15 12:28:11,609 [FATAL] Updater:351 - Updater called before beeing initialized
2025-12-15 12:28:11,613 [INFO] DbMcusAds:53 - JSON generation date=Mon Dec 08 19:58:09 IST 2025 (1765204089998)
2025-12-15 12:28:11,613 [FATAL] Updater:351 - Updater called before beeing initialized
2025-12-15 12:28:11,641 [WARN] DetailPanel:346 - Failed to get advertising image, set to default
2025-12-15 12:28:11,701 [FATAL] Updater:351 - Updater called before beeing initialized
2025-12-15 12:28:11,702 [FATAL] Updater:351 - Updater called before beeing initialized
2025-12-15 12:28:11,703 [FATAL] Updater:351 - Updater called before beeing initialized
2025-12-15 12:28:11,703 [WARN] DetailPanel:346 - Failed to get advertising image, set to default
2025-12-15 12:28:11,703 [FATAL] Updater:351 - Updater called before beeing initialized
2025-12-15 12:28:11,735 [ERROR] Updater:1198 - MainUpdater not yet initialized. External WinMGr cannot be set.
2025-12-15 12:28:11,737 [INFO] Updater:1134 - Updater Version found : 6.15.0
2025-12-15 12:28:11,750 [INFO] ApplicationProperties:184 - Using Application install path: C:\ST\STM32CubeIDE_1.19.0\STM32CubeIDE\plugins\com.st.stm32cube.common.mx_6.15.0.202507011659
2025-12-15 12:28:13,320 [ERROR] LogOutputStream:75 - [STDERR_REDIRECT] Dec 15, 2025 12:28:13 PM java.util.prefs.WindowsPreferences <init>
2025-12-15 12:28:13,321 [ERROR] LogOutputStream:75 - [STDERR_REDIRECT] WARNING: Could not open/create prefs root node Software\JavaSoft\Prefs at root 0xffffffff80000002. Windows RegCreateKeyEx(...) returned error code 5.
2025-12-15 12:28:13,321 [ERROR] LogOutputStream:75 - [STDERR_REDIRECT] 
2025-12-15 12:28:13,637 [INFO] ThirdPartyUpdaterWithRetryManager:70 - Updater plugin not ready yet. [2/15]
2025-12-15 12:28:13,784 [INFO] MainUpdater:2872 - connection check result : 10
2025-12-15 12:28:13,785 [INFO] MainUpdater:289 - Updater Check For Update Now.
2025-12-15 12:28:13,785 [INFO] MicroXplorer:498 - Change Database Version : DB.6.0.150
2025-12-15 12:28:13,794 [INFO] McuFinderGlobals:63 - Set McuFinder mode to 2 (CubeIDE integrated)
2025-12-15 12:28:13,795 [INFO] UserAuth:171 - activating auth plugin
2025-12-15 12:28:13,798 [INFO] UserAuth:487 - Internet connection configuration mode: 1
2025-12-15 12:28:13,835 [INFO] JxBrowserEngine:152 - Initiate JxBrowser Engine with user profile folder
2025-12-15 12:28:13,953 [INFO] CheckServerUpdateThread:120 - End of CheckServer Thread
2025-12-15 12:28:14,495 [INFO] WebApp:169 - Instantiating new browser for Auth
2025-12-15 12:28:15,066 [INFO] WebApp:463 - Apply proxy settings
2025-12-15 12:28:15,066 [INFO] WebApp:548 - Chromium requires no authentication
2025-12-15 12:28:15,078 [INFO] WebApp:491 - Direct internet connection detected
2025-12-15 12:28:15,096 [INFO] WebApp:900 - Register for checkConnection events
2025-12-15 12:28:15,096 [INFO] WebApp:463 - Apply proxy settings
2025-12-15 12:28:15,096 [INFO] WebApp:548 - Chromium requires no authentication
2025-12-15 12:28:15,096 [INFO] WebApp:491 - Direct internet connection detected
2025-12-15 12:28:15,238 [INFO] WebApp:225 - Starting web application
2025-12-15 12:28:15,239 [INFO] WebApp:593 - Web application path used C:\ST\STM32CubeIDE_1.19.0\STM32CubeIDE\plugins\com.st.stm32cube.common.mx_6.15.0.202507011659\db\plugins\mcufinder\reactClient1\index.html
2025-12-15 12:28:15,837 [INFO] WebApp:191 - Connection restablished
2025-12-15 12:28:16,785 [WARN] PackLoader:240 - Cannot read IP mode file for STMicroelectronics.FP-SNS-MOTENVWB1.1.4.0
2025-12-15 12:28:16,793 [WARN] PackLoader:240 - Cannot read IP mode file for STMicroelectronics.FP-ATR-ASTRA1.2.0.2
2025-12-15 12:28:16,799 [WARN] PackLoader:240 - Cannot read IP mode file for STMicroelectronics.X-CUBE-SMBUS.2.1.0
2025-12-15 12:28:16,823 [WARN] PackLoader:240 - Cannot read IP mode file for STMicroelectronics.X-CUBE-AZRTOS-F7.1.1.0
2025-12-15 12:28:16,837 [WARN] PackLoader:240 - Cannot read IP mode file for STMicroelectronics.X-CUBE-DISPLAY.3.0.0
2025-12-15 12:28:16,853 [WARN] PackLoader:240 - Cannot read IP mode file for STMicroelectronics.X-CUBE-NFC10.1.0.0
2025-12-15 12:28:16,862 [WARN] PackLoader:240 - Cannot read IP mode file for STMicroelectronics.FP-SNS-SMARTAG2.1.2.0
2025-12-15 12:28:16,869 [WARN] PackLoader:240 - Cannot read IP mode file for STMicroelectronics.FP-SNS-FLIGHT1.5.1.0
2025-12-15 12:28:16,885 [INFO] LogOutputStream:77 - [STDOUT_REDIRECT] 1 : Invalid condition id : UX_CORESTACK_Condition cause : null
2025-12-15 12:28:16,886 [INFO] LogOutputStream:77 - [STDOUT_REDIRECT] 1 : Invalid condition id : UX_CORESTACK_Condition cause : null
2025-12-15 12:28:16,888 [INFO] LogOutputStream:77 - [STDOUT_REDIRECT] 1 : Invalid condition id : UX_CORESTACK_Condition cause : null
2025-12-15 12:28:16,891 [INFO] LogOutputStream:77 - [STDOUT_REDIRECT] 1 : Invalid condition id : UX_CORESTACK_Condition cause : null
2025-12-15 12:28:16,894 [INFO] LogOutputStream:77 - [STDOUT_REDIRECT] 1 : Invalid condition id : UX_CORESTACK_Condition cause : null
2025-12-15 12:28:16,897 [WARN] PackLoader:240 - Cannot read IP mode file for STMicroelectronics.X-CUBE-AZRTOS-WL.2.0.0
2025-12-15 12:28:16,904 [WARN] PackLoader:240 - Cannot read IP mode file for STMicroelectronics.X-CUBE-BLE2.3.3.0
2025-12-15 12:28:16,911 [WARN] PackLoader:240 - Cannot read IP mode file for STMicroelectronics.X-CUBE-NFC9.1.0.0
2025-12-15 12:28:16,916 [WARN] PackLoader:240 - Cannot read IP mode file for STMicroelectronics.X-CUBE-BLE1.7.1.0
2025-12-15 12:28:16,929 [WARN] PackLoader:240 - Cannot read IP mode file for STMicroelectronics.X-CUBE-AZRTOS-G0.1.1.0
2025-12-15 12:28:16,936 [WARN] PackLoader:240 - Cannot read IP mode file for STMicroelectronics.X-CUBE-NFC4.3.0.0
2025-12-15 12:28:16,944 [WARN] PackLoader:240 - Cannot read IP mode file for STMicroelectronics.X-CUBE-WB05N.2.0.0
2025-12-15 12:28:16,950 [WARN] PackLoader:240 - Cannot read IP mode file for STMicroelectronics.X-CUBE-TCPP.4.2.0
2025-12-15 12:28:16,955 [WARN] PackLoader:240 - Cannot read IP mode file for STMicroelectronics.FP-ATR-SIGFOX1.3.2.0
2025-12-15 12:28:16,963 [WARN] PackLoader:240 - Cannot read IP mode file for STMicroelectronics.X-CUBE-ALGOBUILD.1.4.0
2025-12-15 12:28:16,969 [WARN] PackLoader:240 - Cannot read IP mode file for STMicroelectronics.X-CUBE-PM33A1.1.0.0
2025-12-15 12:28:16,980 [WARN] PackLoader:240 - Cannot read IP mode file for STMicroelectronics.X-CUBE-AZRTOS-F4.1.1.0
2025-12-15 12:28:16,985 [WARN] PackLoader:240 - Cannot read IP mode file for STMicroelectronics.X-CUBE-ISPU.2.1.0
2025-12-15 12:28:17,008 [WARN] PackLoader:240 - Cannot read IP mode file for STMicroelectronics.X-CUBE-AZRTOS-L5.2.0.0
2025-12-15 12:28:17,019 [WARN] PackLoader:240 - Cannot read IP mode file for STMicroelectronics.X-CUBE-NFC6.3.1.0
2025-12-15 12:28:17,029 [WARN] PackLoader:240 - Cannot read IP mode file for STMicroelectronics.X-CUBE-DPower.1.3.0
2025-12-15 12:28:17,039 [WARN] ConditionMgr:438 - getConditionDescription Invalid condition id : LAN8742 Phy interface Condition cause : null
2025-12-15 12:28:17,040 [WARN] PackLoader:240 - Cannot read IP mode file for STMicroelectronics.X-CUBE-AZRTOS-L4.2.0.0
2025-12-15 12:28:17,041 [WARN] ConditionMgr:1044 - genDependencies : Invalid condition id : LAN8742 Phy interface Condition cause : null
2025-12-15 12:28:17,042 [WARN] ConditionMgr:1044 - genDependencies : Invalid condition id : LAN8742 Phy interface Condition cause : null
2025-12-15 12:28:17,042 [WARN] ConditionMgr:1044 - genDependencies : Invalid condition id : LAN8742 Phy interface Condition cause : null
2025-12-15 12:28:17,048 [WARN] PackLoader:240 - Cannot read IP mode file for STMicroelectronics.X-CUBE-SFXS2LP1.4.0.0
2025-12-15 12:28:17,059 [WARN] ConditionMgr:438 - getConditionDescription Invalid condition id : UX DEVICE CLASS RTOS Condition cause : null
2025-12-15 12:28:17,059 [WARN] ConditionMgr:438 - getConditionDescription Invalid condition id : UX DEVICE CLASS RTOS Condition cause : null
2025-12-15 12:28:17,060 [WARN] PackLoader:240 - Cannot read IP mode file for STMicroelectronics.X-CUBE-AZRTOS-WB.2.0.0
2025-12-15 12:28:17,061 [WARN] ConditionMgr:1044 - genDependencies : Invalid condition id : UX DEVICE CLASS RTOS Condition cause : null
2025-12-15 12:28:17,061 [WARN] ConditionMgr:1044 - genDependencies : Invalid condition id : UX DEVICE CLASS RTOS Condition cause : null
2025-12-15 12:28:17,061 [WARN] ConditionMgr:1044 - genDependencies : Invalid condition id : UX DEVICE CLASS RTOS Condition cause : null
2025-12-15 12:28:17,061 [WARN] ConditionMgr:1044 - genDependencies : Invalid condition id : UX DEVICE CLASS RTOS Condition cause : null
2025-12-15 12:28:17,061 [WARN] ConditionMgr:1044 - genDependencies : Invalid condition id : UX DEVICE CLASS RTOS Condition cause : null
2025-12-15 12:28:17,070 [WARN] PackLoader:240 - Cannot read IP mode file for STMicroelectronics.X-CUBE-SUBG2.5.0.0
2025-12-15 12:28:17,084 [WARN] PackLoader:240 - Cannot read IP mode file for STMicroelectronics.X-CUBE-AZRTOS-G4.2.0.0
2025-12-15 12:28:17,094 [WARN] PackLoader:240 - Cannot read IP mode file for STMicroelectronics.X-CUBE-NFC7.2.0.0
2025-12-15 12:28:17,099 [WARN] PackLoader:240 - Cannot read IP mode file for STMicroelectronics.X-CUBE-ALS.1.0.2
2025-12-15 12:28:17,108 [WARN] PackLoader:240 - Cannot read IP mode file for STMicroelectronics.X-CUBE-TOF1.3.4.3
2025-12-15 12:28:17,115 [INFO] ThirdParty:978 - Integrity check success = true
2025-12-15 12:28:17,115 [INFO] IntegrityCheckThread:100 - exiting critical section [integrity check]
2025-12-15 12:28:17,115 [INFO] IntegrityCheckThread:103 - End integrity checks thread
2025-12-15 12:28:19,089 [INFO] McuFinderGlobals:63 - Set McuFinder mode to 2 (CubeIDE integrated)
2025-12-15 12:28:19,092 [INFO] MainUpdater:2872 - connection check result : 10
2025-12-15 12:28:19,379 [INFO] ApiDb:581 - Connected to CubeFinder SQLite database (C:\Users\aditi\.stmcufinder\plugins\mcufinder\mcu\cube-finder-db.db)
2025-12-15 12:28:19,433 [INFO] ApiDb:668 - CubeFinder database Data Model version=2.1
2025-12-15 12:28:19,433 [INFO] ApiDb:669 - CubeFinder database Configuration version=3.0.39
2025-12-15 12:28:19,433 [INFO] ApiDb:670 - CubeFinder database generation date=2025-11-05 (1762334721)
2025-12-15 12:28:19,433 [INFO] ApiDb:671 - CubeFinder database FW Pack versions=[FP-ATR-ASTRA1_V2.0.0, FP-SNS-FLIGHT1_V5.1.0, FP-SNS-MOTENV1_V5.1.0, FP-SNS-MOTENVWB1_V1.4.0, FP-SNS-SMARTAG2_V1.2.0, FP-SNS-STBOX1_V2.1.0, STM32Cube_FW_C0_V1.4.0, STM32Cube_FW_F4_V1.28.3, STM32Cube_FW_F7_V1.17.4, STM32Cube_FW_G0_V1.6.2, STM32Cube_FW_G4_V1.6.1, STM32Cube_FW_H5_V1.5.1, STM32Cube_FW_H7RS_V1.3.0, STM32Cube_FW_H7_V1.12.1, STM32Cube_FW_L0_V1.12.2, STM32Cube_FW_L4_V1.18.1, STM32Cube_FW_L5_V1.6.0, STM32Cube_FW_N6_V1.3.0, STM32Cube_FW_U0_V1.3.0, STM32Cube_FW_U3_V1.2.1, STM32Cube_FW_U5_V1.8.0, STM32Cube_FW_WB0_V1.4.0, STM32Cube_FW_WBA_V1.8.0, STM32Cube_FW_WB_V1.24.0, STM32Cube_FW_WL3_V1.3.0, STM32Cube_FW_WL_V1.4.0, X-CUBE-ALGOBUILD_V1.4.0, X-CUBE-ALS_V1.0.2, X-CUBE-AZRTOS-F4_V1.1.0, X-CUBE-AZRTOS-F7_V1.1.0, X-CUBE-AZRTOS-G0_V1.1.0, X-CUBE-AZRTOS-G4_V2.0.0, X-CUBE-AZRTOS-H7RS_V1.1.0, X-CUBE-AZRTOS-H7_V3.4.0, X-CUBE-AZRTOS-L4_V2.0.0, X-CUBE-AZRTOS-L5_V2.0.0, X-CUBE-AZRTOS-WB_V2.0.0, X-CUBE-AZRTOS-WL_V2.0.0, X-CUBE-BLE1_V7.1.0, X-CUBE-BLE2_V3.3.0, X-CUBE-BLEMGR_V4.1.0, X-CUBE-EEPRMA1_V5.2.0, X-CUBE-FREERTOS_V1.3.1, X-CUBE-GNSS1_V6.0.0, X-CUBE-MEMS1_V11.3.0, X-CUBE-NFC4_V3.0.0, X-CUBE-NFC7_V2.0.0, X-CUBE-SFXS2LP1_V4.0.0, X-CUBE-ST67W61_V1.1.0, X-CUBE-SUBG2_V5.0.0, X-CUBE-TOF1_V3.4.3]
2025-12-15 12:28:20,921 [INFO] ApiDb:240 - Found 880 in-development CPN: [B-G473E-ZEST1S, B-WB1M-WPAN1, B-WBA5M-WPAN, B-WL5M-SUBG1, NUCLEO-C031C6, NUCLEO-C051C8, NUCLEO-C071RB, NUCLEO-C092RC, NUCLEO-H503RB, NUCLEO-H533RE, NUCLEO-H563ZI, NUCLEO-H7S3L8, NUCLEO-N657X0-Q, NUCLEO-U031R8, NUCLEO-U083RC, NUCLEO-U385RG-Q, NUCLEO-U545RE-Q, NUCLEO-U5A5ZJ-Q, NUCLEO-WB05KZ, NUCLEO-WB07CC, NUCLEO-WB09KE, NUCLEO-WBA52CG, NUCLEO-WBA55CG, NUCLEO-WL33CC1, NUCLEO-WL33CC2, STEVAL-PROTEUS1, STEVAL-SMARTAG2, STEVAL-STWINBX1, STM320518-EVAL, STM32C0116-DK, STM32C011D6Y3TR, STM32C011D6Y6TR, STM32C011F4P3, STM32C011F4P6, STM32C011F4U3, STM32C011F4U6TR, STM32C011F6P3, STM32C011F6P6, STM32C011F6U3, STM32C011F6U6TR, STM32C011J4M3, STM32C011J4M6, STM32C011J6M3, STM32C011J6M6, STM32C0316-DK, STM32C031C4T3, STM32C031C4T6, STM32C031C4U3, STM32C031C4U6, STM32C031C6T3, STM32C031C6T6, STM32C031C6U3, STM32C031C6U6, STM32C031F4P3, STM32C031F4P6, STM32C031F6P3, STM32C031F6P6, STM32C031G4U3, STM32C031G4U6, STM32C031G6U3, STM32C031G6U6, STM32C031K4T3, STM32C031K4T6, STM32C031K4U3, STM32C031K4U6, STM32C031K6T3, STM32C031K6T6, STM32C031K6U3, STM32C031K6U6, STM32C051C6T6, STM32C051C6U6, STM32C051C8T6, STM32C051C8U6, STM32C051D8Y6TR, STM32C051F6P6, STM32C051F8P6, STM32C051G6U6, STM32C051G8U6, STM32C051K6T6, STM32C051K6U6, STM32C051K8T6, STM32C071C8T6, STM32C071C8T6N, STM32C071C8U6, STM32C071C8U6N, STM32C071CBT6, STM32C071CBT6N, STM32C071CBU6, STM32C071CBU6N, STM32C071F8P6, STM32C071F8P6N, STM32C071FBP6, STM32C071FBP6N, STM32C071FBY6TR, STM32C071G8U6, STM32C071G8U6N, STM32C071GBU6, STM32C071GBU6N, STM32C071K8T6, STM32C071K8T6N, STM32C071K8U6, STM32C071K8U6N, STM32C071KBT6, STM32C071KBT6N, STM32C071KBU6, STM32C071KBU6N, STM32C071R8T6, STM32C071R8T6N, STM32C071RBI6N, STM32C071RBT6, STM32C071RBT6N, STM32C091CBT6, STM32C091CBU6, STM32C091CCT6, STM32C091CCU6, STM32C091ECY6TR, STM32C091FBP6, STM32C091FCP6, STM32C091GBU6, STM32C091GCU6, STM32C091KBT6, STM32C091KBU6, STM32C091KCT6, STM32C091KCU6, STM32C091RBT6, STM32C091RCI6, STM32C091RCT6, STM32C092CBT6, STM32C092CBU6, STM32C092CCT6, STM32C092CCU6, STM32C092ECY6TR, STM32C092FBP6, STM32C092FCP6, STM32C092GBU6, STM32C092GCU6, STM32C092KBT6, STM32C092KBU6, STM32C092KCT6, STM32C092KCU6, STM32C092RBT6, STM32C092RCI6, STM32C092RCT6, STM32G071K8TXN, STM32G071K8UXN, STM32G081GBU6N, STM32G081KBT6N, STM32G081KBUXN, STM32G0B1CCT6N, STM32G0B1KCT6, STM32G0B1NEY6TR, STM32G0B1RCT6N, STM32G0C1CCT6, STM32G0C1CCT6N, STM32G0C1CCU6N, STM32G0C1CET6N, STM32G0C1CEU6N, STM32G0C1KCT6, STM32G0C1NEY6TR, STM32G0C1RCI6N, STM32G0C1RCT6N, STM32G0C1REI6N, STM32G0C1RET6N, STM32G0C1VCI6, STM32G0C1VEI6, STM32G411C6T3, STM32G411C6T6, STM32G411C6U3, STM32G411C6U6, STM32G411C8T3, STM32G411C8T6, STM32G411C8U3, STM32G411C8U6, STM32G411CBT3, STM32G411CBT6, STM32G411CBU3, STM32G411CBU6, STM32G411K6T3, STM32G411K6T6, STM32G411K6U3, STM32G411K6U6, STM32G411K8T3, STM32G411K8T6, STM32G411K8U3, STM32G411K8U6, STM32G411KBT3, STM32G411KBT6, STM32G411KBU3, STM32G411KBU6, STM32G411M6T3, STM32G411M6T6, STM32G411M8T3, STM32G411M8T6, STM32G411MBT3, STM32G411MBT6, STM32G411R6T3, STM32G411R6T6, STM32G411R8T3, STM32G411R8T6, STM32G411RBT3, STM32G411RBT6, STM32G414CBT3, STM32G414CBT6, STM32G414CBU3, STM32G414CBU6, STM32G414CCT3, STM32G414CCT6, STM32G414CCU3, STM32G414CCU6, STM32G414MBT3, STM32G414MBT6, STM32G414MCT3, STM32G414MCT6, STM32G414RBT3, STM32G414RBT6, STM32G414RCT3, STM32G414RCT6, STM32G414VBT3, STM32G414VBT6, STM32G414VCT3, STM32G414VCT6, STM32G431CBT3Z, STM32G431RBT3Z, STM32G471CCT6, STM32G471CCU6, STM32G471CET3, STM32G471CET6, STM32G471CEU3, STM32G471CEU6, STM32G471MCT6, STM32G471MET3, STM32G471MET6, STM32G471MEY6TR, STM32G471QCT6, STM32G471QET3, STM32G471RCT6, STM32G471RET3, STM32G471RET6, STM32G471VCH6, STM32G471VCI6, STM32G471VCT6, STM32G471VEH3, STM32G471VEH6, STM32G471VEI3, STM32G471VEI6, STM32G471VET3, STM32G471VET6, STM32G473QET3Z, STM32G473RET3Z, STM32G474CCT6, STM32G491RET3Z, STM32H503CBT6, STM32H503CBU6, STM32H503EBY6TR, STM32H503KBU6, STM32H503RBT6, STM32H523CCT6, STM32H523CCU6, STM32H523CET6, STM32H523CEU6, STM32H523HEY6TR, STM32H523RCT6, STM32H523RET6, STM32H523VCI6, STM32H523VCT6, STM32H523VEI6, STM32H523VET6, STM32H523ZCJ6, STM32H523ZCT6, STM32H523ZEJ6, STM32H523ZET6, STM32H533CET6, STM32H533CEU6, STM32H533HEY6TR, STM32H533RET6, STM32H533VEI6, STM32H533VET6, STM32H533ZEJ6, STM32H533ZET6, STM32H562AGI6, STM32H562AII6, STM32H562IGK6, STM32H562IGT6, STM32H562IIK6, STM32H562IIT6, STM32H562RGT6, STM32H562RGV6, STM32H562RIT6, STM32H562RIV6, STM32H562VGT6, STM32H562VIT6, STM32H562ZGT6, STM32H562ZIT6, STM32H563AGI6, STM32H563AII3Q, STM32H563AII6, STM32H563IGK6, STM32H563IGT6, STM32H563IIK3Q, STM32H563IIK6, STM32H563IIT3Q, STM32H563IIT6, STM32H563MIY3QTR, STM32H563RGT6, STM32H563RGV6, STM32H563RIT6, STM32H563RIV6, STM32H563VGT6, STM32H563VIT3Q, STM32H563VIT6, STM32H563ZGT6, STM32H563ZIT3Q, STM32H563ZIT6, STM32H573AII3Q, STM32H573AII6, STM32H573I-DK, STM32H573IIK3Q, STM32H573IIK6, STM32H573IIT3Q, STM32H573IIT6, STM32H573MIY3QTR, STM32H573RIT6, STM32H573RIV6, STM32H573VIT3Q, STM32H573VIT6, STM32H573ZIT3Q, STM32H573ZIT6, STM32H7R3A8I6, STM32H7R3I8K6, STM32H7R3I8T6, STM32H7R3L8H6, STM32H7R3L8H6H, STM32H7R3R8V6, STM32H7R3V8H6, STM32H7R3V8T6, STM32H7R3V8Y6TR, STM32H7R3Z8J6, STM32H7R3Z8T6, STM32H7R7A8I6, STM32H7R7I8K6, STM32H7R7I8T6, STM32H7R7L8H6, STM32H7R7L8H6H, STM32H7R7Z8J6, STM32H7S3A8I6, STM32H7S3I8K6, STM32H7S3I8T6, STM32H7S3L8H6, STM32H7S3L8H6H, STM32H7S3R8V6, STM32H7S3V8H6, STM32H7S3V8T6, STM32H7S3V8Y6TR, STM32H7S3Z8J6, STM32H7S3Z8T6, STM32H7S78-DK, STM32H7S7A8I6, STM32H7S7I8K6, STM32H7S7I8T6, STM32H7S7L8H6, STM32H7S7L8H6H, STM32H7S7Z8J6, STM32L4R5QGI6STR, STM32MP131AAE3, STM32MP131AAF3, STM32MP131AAG3, STM32MP131CAE3, STM32MP131CAF3, STM32MP131CAG3, STM32MP131DAE7, STM32MP131DAF7, STM32MP131DAG7, STM32MP131FAE7, STM32MP131FAF7, STM32MP131FAG7, STM32MP133AAE3, STM32MP133AAF3, STM32MP133AAG3, STM32MP133CAE3, STM32MP133CAF3, STM32MP133CAG3, STM32MP133DAE7, STM32MP133DAF7, STM32MP133DAG7, STM32MP133FAE7, STM32MP133FAF7, STM32MP133FAG7, STM32MP135AAE3, STM32MP135AAF3, STM32MP135AAG3, STM32MP135CAE3, STM32MP135CAF3, STM32MP135CAG3, STM32MP135DAE7, STM32MP135DAF7, STM32MP135DAG7, STM32MP135F-DK, STM32MP135FAE7, STM32MP135FAF7, STM32MP135FAF7T, STM32MP135FAF7U, STM32MP135FAG7, STM32MP211AAL3, STM32MP211AAM3, STM32MP211AAN3, STM32MP211AAO3, STM32MP211CAL3, STM32MP211CAM3, STM32MP211CAN3, STM32MP211CAO3, STM32MP211DAL3, STM32MP211DAM3, STM32MP211DAN3, STM32MP211DAO3, STM32MP211FAL3, STM32MP211FAM3, STM32MP211FAN3, STM32MP211FAO3, STM32MP213AAL3, STM32MP213AAM3, STM32MP213AAN3, STM32MP213AAO3, STM32MP213CAL3, STM32MP213CAM3, STM32MP213CAN3, STM32MP213CAO3, STM32MP213DAL3, STM32MP213DAM3, STM32MP213DAN3, STM32MP213DAO3, STM32MP213FAL3, STM32MP213FAM3, STM32MP213FAN3, STM32MP213FAO3, STM32MP215AAL3, STM32MP215AAM3, STM32MP215AAN3, STM32MP215AAO3, STM32MP215CAL3, STM32MP215CAM3, STM32MP215CAN3, STM32MP215CAO3, STM32MP215DAL3, STM32MP215DAM3, STM32MP215DAN3, STM32MP215DAO3, STM32MP215F-DK, STM32MP215FAL3, STM32MP215FAM3, STM32MP215FAN3, STM32MP215FAO3, STM32MP231AAJ3, STM32MP231AAK3, STM32MP231AAL3, STM32MP231CAJ3, STM32MP231CAK3, STM32MP231CAL3, STM32MP231DAJ3, STM32MP231DAK3, STM32MP231DAL3, STM32MP231FAJ3, STM32MP231FAK3, STM32MP231FAL3, STM32MP233AAJ3, STM32MP233AAK3, STM32MP233AAL3, STM32MP233CAJ3, STM32MP233CAK3, STM32MP233CAL3, STM32MP233DAJ3, STM32MP233DAK3, STM32MP233DAL3, STM32MP233FAJ3, STM32MP233FAK3, STM32MP233FAL3, STM32MP235AAJ3, STM32MP235AAK3, STM32MP235AAL3, STM32MP235CAJ3, STM32MP235CAK3, STM32MP235CAL3, STM32MP235DAJ3, STM32MP235DAK3, STM32MP235DAL3, STM32MP235FAJ3, STM32MP235FAK3, STM32MP235FAL3, STM32MP251AAI3, STM32MP251AAK3, STM32MP251AAL3, STM32MP251CAI3, STM32MP251CAK3, STM32MP251CAL3, STM32MP251DAI3, STM32MP251DAK3, STM32MP251DAL3, STM32MP251FAI3, STM32MP251FAK3, STM32MP251FAL3, STM32MP253AAI3, STM32MP253AAK3, STM32MP253AAL3, STM32MP253CAI3, STM32MP253CAK3, STM32MP253CAL3, STM32MP253DAI3, STM32MP253DAK3, STM32MP253DAL3, STM32MP253FAI3, STM32MP253FAK3, STM32MP253FAL3, STM32MP255AAI3, STM32MP255AAK3, STM32MP255AAL3, STM32MP255CAI3, STM32MP255CAK3, STM32MP255CAL3, STM32MP255DAI3, STM32MP255DAK3, STM32MP255DAL3, STM32MP255FAI3, STM32MP255FAK3, STM32MP255FAL3, STM32MP257AAI3, STM32MP257AAK3, STM32MP257AAL3, STM32MP257CAI3, STM32MP257CAK3, STM32MP257CAL3, STM32MP257DAI3, STM32MP257DAK3, STM32MP257DAL3, STM32MP257F-DK, STM32MP257F-EV1, STM32MP257FAI3, STM32MP257FAK3, STM32MP257FAL3, STM32N645A0H3Q, STM32N645B0H3Q, STM32N645I0H3Q, STM32N645L0H3Q, STM32N645X0H3Q, STM32N645Z0H3Q, STM32N647A0H3Q, STM32N647B0H3Q, STM32N647I0H3Q, STM32N647L0H3Q, STM32N647X0H3Q, STM32N647Z0H3Q, STM32N655A0H3Q, STM32N655B0H3Q, STM32N655I0H3Q, STM32N655L0H3Q, STM32N655X0H3Q, STM32N655Z0H3Q, STM32N6570-DK, STM32N657A0H3Q, STM32N657B0H3Q, STM32N657I0H3Q, STM32N657L0H3Q, STM32N657X0H3Q, STM32N657Z0H3Q, STM32U031C6T6, STM32U031C6U6, STM32U031C8T6, STM32U031C8U6, STM32U031F4P6, STM32U031F6P6, STM32U031F8P6, STM32U031G6Y6TR, STM32U031G8Y6TR, STM32U031K4U6, STM32U031K6U6, STM32U031K8U6, STM32U031R6I6, STM32U031R6T6, STM32U031R8I6, STM32U031R8T6, STM32U073C8T6, STM32U073C8U6, STM32U073CBT6, STM32U073CBU6, STM32U073CCT6, STM32U073CCU6, STM32U073H8Y6TR, STM32U073HBY6TR, STM32U073HCY6TR, STM32U073K8U6, STM32U073KBU6, STM32U073KCU6, STM32U073M8I6, STM32U073M8T6, STM32U073MBI6, STM32U073MBT6, STM32U073MCI6, STM32U073MCT6, STM32U073R8I6, STM32U073R8T6, STM32U073RBI6, STM32U073RBT6, STM32U073RCI6, STM32U073RCT6, STM32U083C-DK, STM32U083CCT6, STM32U083CCU6, STM32U083HCY6TR, STM32U083KCU6, STM32U083MCI6, STM32U083MCT6, STM32U083RCI6, STM32U083RCT6, STM32U375CET6, STM32U375CET6Q, STM32U375CEU6, STM32U375CEU6Q, STM32U375CEY6QTR, STM32U375CGT6, STM32U375CGT6Q, STM32U375CGU6, STM32U375CGU6Q, STM32U375CGY6QTR, STM32U375KEU6, STM32U375KGU6, STM32U375REI6, STM32U375REI6Q, STM32U375RET6, STM32U375RET6Q, STM32U375REY6GTR, STM32U375REY6QTR, STM32U375RGI6, STM32U375RGI6Q, STM32U375RGT6, STM32U375RGT6Q, STM32U375RGY6GTR, STM32U375RGY6QTR, STM32U375VEI6, STM32U375VEI6Q, STM32U375VET6, STM32U375VET6Q, STM32U375VGI6, STM32U375VGI6Q, STM32U375VGT6, STM32U375VGT6Q, STM32U385CGT6, STM32U385CGT6Q, STM32U385CGU6, STM32U385CGU6Q, STM32U385CGY6QTR, STM32U385KGU6, STM32U385RGI6, STM32U385RGI6Q, STM32U385RGT6, STM32U385RGT6Q, STM32U385RGY6GTR, STM32U385RGY6QTR, STM32U385VGI6, STM32U385VGI6Q, STM32U385VGT6, STM32U385VGT6Q, STM32U535CBT6, STM32U535CBT6Q, STM32U535CBU6, STM32U535CBU6Q, STM32U535CCT6, STM32U535CCT6Q, STM32U535CCU6, STM32U535CCU6Q, STM32U535CET6, STM32U535CET6Q, STM32U535CEU6, STM32U535CEU6Q, STM32U535JEY6QTR, STM32U535NCY6QTR, STM32U535NEY6QTR, STM32U535RBI6, STM32U535RBI6Q, STM32U535RBT6, STM32U535RBT6Q, STM32U535RCI6, STM32U535RCI6Q, STM32U535RCT6, STM32U535RCT6Q, STM32U535REI6, STM32U535REI6Q, STM32U535RET6, STM32U535RET6Q, STM32U535VCI6, STM32U535VCI6Q, STM32U535VCT6, STM32U535VCT6Q, STM32U535VEI6, STM32U535VEI6Q, STM32U535VET6, STM32U535VET6Q, STM32U545CET6, STM32U545CET6Q, STM32U545CEU6, STM32U545CEU6Q, STM32U545JEY6QTR, STM32U545NEY6QTR, STM32U545REI6, STM32U545REI6Q, STM32U545RET6, STM32U545RET6Q, STM32U545VEI6, STM32U545VEI6Q, STM32U545VET6, STM32U545VET6Q, STM32U595AIH6, STM32U595AIH6Q, STM32U595AJH6, STM32U595AJH6Q, STM32U595QII6, STM32U595QII6Q, STM32U595QJI6, STM32U595QJI6Q, STM32U595RIT6, STM32U595RIT6Q, STM32U595RJT6, STM32U595RJT6Q, STM32U595VIT6, STM32U595VIT6Q, STM32U595VJT6, STM32U595VJT6Q, STM32U595ZIT6, STM32U595ZIT6Q, STM32U595ZIY6QTR, STM32U595ZJT6, STM32U595ZJT6Q, STM32U595ZJY6QTR, STM32U599BJY6QTR, STM32U599NIH6Q, STM32U599NJH6Q, STM32U599VIT6Q, STM32U599VJT6, STM32U599VJT6Q, STM32U599ZIT6Q, STM32U599ZIY6QTR, STM32U599ZJT6Q, STM32U599ZJY6QTR, STM32U5A5AJH6, STM32U5A5AJH6Q, STM32U5A5QII3Q , STM32U5A5QJI6, STM32U5A5QJI6Q, STM32U5A5RJT6, STM32U5A5RJT6Q, STM32U5A5VJT6, STM32U5A5VJT6Q, STM32U5A5ZJT6, STM32U5A5ZJT6Q, STM32U5A5ZJY6QTR, STM32U5A9BJY6QTR, STM32U5A9J-DK, STM32U5A9NJH6Q, STM32U5A9VJT6Q, STM32U5A9ZJT6Q, STM32U5A9ZJY6QTR, STM32U5F7VIT6, STM32U5F7VIT6Q, STM32U5F7VJT6, STM32U5F7VJT6Q, STM32U5F9BJY6QTR, STM32U5F9NJH6Q, STM32U5F9VIT6Q, STM32U5F9VJT6Q, STM32U5F9ZIJ6QTR, STM32U5F9ZIT6Q, STM32U5F9ZJJ6QTR, STM32U5F9ZJT6Q, STM32U5G7VJT6, STM32U5G7VJT6Q, STM32U5G9BJY6QTR, STM32U5G9J-DK1, STM32U5G9J-DK2, STM32U5G9NJH6Q, STM32U5G9VJT6Q, STM32U5G9ZJJ6QTR, STM32U5G9ZJT6Q, STM32WB05KZV6TR, STM32WB05KZV7TR, STM32WB05TZF6TR, STM32WB05TZF7TR, STM32WB06CCF6TR, STM32WB06CCF7TR, STM32WB06CCV6TR, STM32WB06CCV7TR, STM32WB06KCV6TR, STM32WB06KCV7TR, STM32WB07CCF6TR, STM32WB07CCF7TR, STM32WB07CCV6TR, STM32WB07CCV7TR, STM32WB07KCV6TR, STM32WB07KCV7TR, STM32WB09KEV6TR, STM32WB09KEV7TR, STM32WB09TEF6TR, STM32WB09TEF7TR, STM32WB1MMCH6, STM32WBA50KGU6, STM32WBA50KGU6TR, STM32WBA52CEU6, STM32WBA52CEU6TR, STM32WBA52CEU7, STM32WBA52CEU7TR, STM32WBA52CGU6, STM32WBA52CGU6TR, STM32WBA52CGU6U, STM32WBA52CGU7, STM32WBA52CGU7TR, STM32WBA52KEU6, STM32WBA52KEU6TR, STM32WBA52KGU6, STM32WBA52KGU6TR, STM32WBA54CEU6, STM32WBA54CEU6TR, STM32WBA54CEU7, STM32WBA54CEU7TR, STM32WBA54CGU6, STM32WBA54CGU6TR, STM32WBA54CGU7, STM32WBA54CGU7TR, STM32WBA54KEU6, STM32WBA54KEU6TR, STM32WBA54KEU7, STM32WBA54KEU7TR, STM32WBA54KGU6, STM32WBA54KGU6TR, STM32WBA54KGU7, STM32WBA54KGU7TR, STM32WBA55CEU6, STM32WBA55CEU6TR, STM32WBA55CEU7, STM32WBA55CEU7TR, STM32WBA55CGU6, STM32WBA55CGU6TR, STM32WBA55CGU6U, STM32WBA55CGU7, STM32WBA55CGU7TR, STM32WBA55G-DK1, STM32WBA55HEF6, STM32WBA55HEF7, STM32WBA55HGF6, STM32WBA55HGF7, STM32WBA55UEI6, STM32WBA55UEI6TR, STM32WBA55UEI7, STM32WBA55UEI7TR, STM32WBA55UGI6, STM32WBA55UGI6TR, STM32WBA55UGI7, STM32WBA55UGI7TR, STM32WBA5MMGH6TR, STM32WBA62MGF6, STM32WBA62MIF6, STM32WBA65MGF7, STM32WBA65MIF6, STM32WBA65MIF7, STM32WL30K8V6, STM32WL30KBV6, STM32WL31C8V6, STM32WL31CBV6, STM32WL31K8V6, STM32WL31KBV6, STM32WL33C8V6, STM32WL33C8V6X, STM32WL33CBV6, STM32WL33CBV6X, STM32WL33CCV6, STM32WL33CCV6A, STM32WL33CCV6X, STM32WL33K8V7, STM32WL33K8V7X, STM32WL33KBV7 , STM32WL33KBV7X, STM32WL33KCV7, STM32WL33KCV7X, STM32WL5MOCH6, STM32WL5MOCH6TR]
2025-12-15 12:28:20,925 [INFO] DbMcus:218 - Found 4876 MCUs, 4876 are supported
2025-12-15 12:28:20,926 [INFO] ApiDb:423 - Load user favorites file C:\Users\aditi/.stm32cubeide/favorites.mcus.txt: 0 item(s)
2025-12-15 12:28:20,926 [INFO] ApiDb:427 - User favorites MCUs=[]
2025-12-15 12:28:20,926 [INFO] DbMcus:224 - Set 0 / 0 favorites MCUs
2025-12-15 12:28:21,176 [INFO] ApiDb:668 - CubeFinder database Data Model version=2.1
2025-12-15 12:28:21,176 [INFO] ApiDb:669 - CubeFinder database Configuration version=3.0.39
2025-12-15 12:28:21,177 [INFO] ApiDb:670 - CubeFinder database generation date=2025-11-05 (1762334721)
2025-12-15 12:28:21,177 [INFO] ApiDb:671 - CubeFinder database FW Pack versions=[FP-ATR-ASTRA1_V2.0.0, FP-SNS-FLIGHT1_V5.1.0, FP-SNS-MOTENV1_V5.1.0, FP-SNS-MOTENVWB1_V1.4.0, FP-SNS-SMARTAG2_V1.2.0, FP-SNS-STBOX1_V2.1.0, STM32Cube_FW_C0_V1.4.0, STM32Cube_FW_F4_V1.28.3, STM32Cube_FW_F7_V1.17.4, STM32Cube_FW_G0_V1.6.2, STM32Cube_FW_G4_V1.6.1, STM32Cube_FW_H5_V1.5.1, STM32Cube_FW_H7RS_V1.3.0, STM32Cube_FW_H7_V1.12.1, STM32Cube_FW_L0_V1.12.2, STM32Cube_FW_L4_V1.18.1, STM32Cube_FW_L5_V1.6.0, STM32Cube_FW_N6_V1.3.0, STM32Cube_FW_U0_V1.3.0, STM32Cube_FW_U3_V1.2.1, STM32Cube_FW_U5_V1.8.0, STM32Cube_FW_WB0_V1.4.0, STM32Cube_FW_WBA_V1.8.0, STM32Cube_FW_WB_V1.24.0, STM32Cube_FW_WL3_V1.3.0, STM32Cube_FW_WL_V1.4.0, X-CUBE-ALGOBUILD_V1.4.0, X-CUBE-ALS_V1.0.2, X-CUBE-AZRTOS-F4_V1.1.0, X-CUBE-AZRTOS-F7_V1.1.0, X-CUBE-AZRTOS-G0_V1.1.0, X-CUBE-AZRTOS-G4_V2.0.0, X-CUBE-AZRTOS-H7RS_V1.1.0, X-CUBE-AZRTOS-H7_V3.4.0, X-CUBE-AZRTOS-L4_V2.0.0, X-CUBE-AZRTOS-L5_V2.0.0, X-CUBE-AZRTOS-WB_V2.0.0, X-CUBE-AZRTOS-WL_V2.0.0, X-CUBE-BLE1_V7.1.0, X-CUBE-BLE2_V3.3.0, X-CUBE-BLEMGR_V4.1.0, X-CUBE-EEPRMA1_V5.2.0, X-CUBE-FREERTOS_V1.3.1, X-CUBE-GNSS1_V6.0.0, X-CUBE-MEMS1_V11.3.0, X-CUBE-NFC4_V3.0.0, X-CUBE-NFC7_V2.0.0, X-CUBE-SFXS2LP1_V4.0.0, X-CUBE-ST67W61_V1.1.0, X-CUBE-SUBG2_V5.0.0, X-CUBE-TOF1_V3.4.3]
2025-12-15 12:28:21,224 [INFO] DbBoardsSqlite:226 - include board P-NUCLEO-WB55-NUCLEO as a kit item of type 'Nucleo-64'
2025-12-15 12:28:21,224 [INFO] DbBoardsSqlite:226 - include board P-NUCLEO-WB55-USBDONGLE as a kit item of type 'Nucleo USB Dongle'
2025-12-15 12:28:21,224 [INFO] DbBoardsSqlite:226 - include board STEVAL-IDP005V1 as a kit item of type 'Evaluation Board'
2025-12-15 12:28:21,224 [INFO] DbBoardsSqlite:226 - include board STEVAL-IDP005V2 as a kit item of type 'Evaluation Board'
2025-12-15 12:28:21,265 [INFO] ApiDb:240 - Found 880 in-development CPN: [B-G473E-ZEST1S, B-WB1M-WPAN1, B-WBA5M-WPAN, B-WL5M-SUBG1, NUCLEO-C031C6, NUCLEO-C051C8, NUCLEO-C071RB, NUCLEO-C092RC, NUCLEO-H503RB, NUCLEO-H533RE, NUCLEO-H563ZI, NUCLEO-H7S3L8, NUCLEO-N657X0-Q, NUCLEO-U031R8, NUCLEO-U083RC, NUCLEO-U385RG-Q, NUCLEO-U545RE-Q, NUCLEO-U5A5ZJ-Q, NUCLEO-WB05KZ, NUCLEO-WB07CC, NUCLEO-WB09KE, NUCLEO-WBA52CG, NUCLEO-WBA55CG, NUCLEO-WL33CC1, NUCLEO-WL33CC2, STEVAL-PROTEUS1, STEVAL-SMARTAG2, STEVAL-STWINBX1, STM320518-EVAL, STM32C0116-DK, STM32C011D6Y3TR, STM32C011D6Y6TR, STM32C011F4P3, STM32C011F4P6, STM32C011F4U3, STM32C011F4U6TR, STM32C011F6P3, STM32C011F6P6, STM32C011F6U3, STM32C011F6U6TR, STM32C011J4M3, STM32C011J4M6, STM32C011J6M3, STM32C011J6M6, STM32C0316-DK, STM32C031C4T3, STM32C031C4T6, STM32C031C4U3, STM32C031C4U6, STM32C031C6T3, STM32C031C6T6, STM32C031C6U3, STM32C031C6U6, STM32C031F4P3, STM32C031F4P6, STM32C031F6P3, STM32C031F6P6, STM32C031G4U3, STM32C031G4U6, STM32C031G6U3, STM32C031G6U6, STM32C031K4T3, STM32C031K4T6, STM32C031K4U3, STM32C031K4U6, STM32C031K6T3, STM32C031K6T6, STM32C031K6U3, STM32C031K6U6, STM32C051C6T6, STM32C051C6U6, STM32C051C8T6, STM32C051C8U6, STM32C051D8Y6TR, STM32C051F6P6, STM32C051F8P6, STM32C051G6U6, STM32C051G8U6, STM32C051K6T6, STM32C051K6U6, STM32C051K8T6, STM32C071C8T6, STM32C071C8T6N, STM32C071C8U6, STM32C071C8U6N, STM32C071CBT6, STM32C071CBT6N, STM32C071CBU6, STM32C071CBU6N, STM32C071F8P6, STM32C071F8P6N, STM32C071FBP6, STM32C071FBP6N, STM32C071FBY6TR, STM32C071G8U6, STM32C071G8U6N, STM32C071GBU6, STM32C071GBU6N, STM32C071K8T6, STM32C071K8T6N, STM32C071K8U6, STM32C071K8U6N, STM32C071KBT6, STM32C071KBT6N, STM32C071KBU6, STM32C071KBU6N, STM32C071R8T6, STM32C071R8T6N, STM32C071RBI6N, STM32C071RBT6, STM32C071RBT6N, STM32C091CBT6, STM32C091CBU6, STM32C091CCT6, STM32C091CCU6, STM32C091ECY6TR, STM32C091FBP6, STM32C091FCP6, STM32C091GBU6, STM32C091GCU6, STM32C091KBT6, STM32C091KBU6, STM32C091KCT6, STM32C091KCU6, STM32C091RBT6, STM32C091RCI6, STM32C091RCT6, STM32C092CBT6, STM32C092CBU6, STM32C092CCT6, STM32C092CCU6, STM32C092ECY6TR, STM32C092FBP6, STM32C092FCP6, STM32C092GBU6, STM32C092GCU6, STM32C092KBT6, STM32C092KBU6, STM32C092KCT6, STM32C092KCU6, STM32C092RBT6, STM32C092RCI6, STM32C092RCT6, STM32G071K8TXN, STM32G071K8UXN, STM32G081GBU6N, STM32G081KBT6N, STM32G081KBUXN, STM32G0B1CCT6N, STM32G0B1KCT6, STM32G0B1NEY6TR, STM32G0B1RCT6N, STM32G0C1CCT6, STM32G0C1CCT6N, STM32G0C1CCU6N, STM32G0C1CET6N, STM32G0C1CEU6N, STM32G0C1KCT6, STM32G0C1NEY6TR, STM32G0C1RCI6N, STM32G0C1RCT6N, STM32G0C1REI6N, STM32G0C1RET6N, STM32G0C1VCI6, STM32G0C1VEI6, STM32G411C6T3, STM32G411C6T6, STM32G411C6U3, STM32G411C6U6, STM32G411C8T3, STM32G411C8T6, STM32G411C8U3, STM32G411C8U6, STM32G411CBT3, STM32G411CBT6, STM32G411CBU3, STM32G411CBU6, STM32G411K6T3, STM32G411K6T6, STM32G411K6U3, STM32G411K6U6, STM32G411K8T3, STM32G411K8T6, STM32G411K8U3, STM32G411K8U6, STM32G411KBT3, STM32G411KBT6, STM32G411KBU3, STM32G411KBU6, STM32G411M6T3, STM32G411M6T6, STM32G411M8T3, STM32G411M8T6, STM32G411MBT3, STM32G411MBT6, STM32G411R6T3, STM32G411R6T6, STM32G411R8T3, STM32G411R8T6, STM32G411RBT3, STM32G411RBT6, STM32G414CBT3, STM32G414CBT6, STM32G414CBU3, STM32G414CBU6, STM32G414CCT3, STM32G414CCT6, STM32G414CCU3, STM32G414CCU6, STM32G414MBT3, STM32G414MBT6, STM32G414MCT3, STM32G414MCT6, STM32G414RBT3, STM32G414RBT6, STM32G414RCT3, STM32G414RCT6, STM32G414VBT3, STM32G414VBT6, STM32G414VCT3, STM32G414VCT6, STM32G431CBT3Z, STM32G431RBT3Z, STM32G471CCT6, STM32G471CCU6, STM32G471CET3, STM32G471CET6, STM32G471CEU3, STM32G471CEU6, STM32G471MCT6, STM32G471MET3, STM32G471MET6, STM32G471MEY6TR, STM32G471QCT6, STM32G471QET3, STM32G471RCT6, STM32G471RET3, STM32G471RET6, STM32G471VCH6, STM32G471VCI6, STM32G471VCT6, STM32G471VEH3, STM32G471VEH6, STM32G471VEI3, STM32G471VEI6, STM32G471VET3, STM32G471VET6, STM32G473QET3Z, STM32G473RET3Z, STM32G474CCT6, STM32G491RET3Z, STM32H503CBT6, STM32H503CBU6, STM32H503EBY6TR, STM32H503KBU6, STM32H503RBT6, STM32H523CCT6, STM32H523CCU6, STM32H523CET6, STM32H523CEU6, STM32H523HEY6TR, STM32H523RCT6, STM32H523RET6, STM32H523VCI6, STM32H523VCT6, STM32H523VEI6, STM32H523VET6, STM32H523ZCJ6, STM32H523ZCT6, STM32H523ZEJ6, STM32H523ZET6, STM32H533CET6, STM32H533CEU6, STM32H533HEY6TR, STM32H533RET6, STM32H533VEI6, STM32H533VET6, STM32H533ZEJ6, STM32H533ZET6, STM32H562AGI6, STM32H562AII6, STM32H562IGK6, STM32H562IGT6, STM32H562IIK6, STM32H562IIT6, STM32H562RGT6, STM32H562RGV6, STM32H562RIT6, STM32H562RIV6, STM32H562VGT6, STM32H562VIT6, STM32H562ZGT6, STM32H562ZIT6, STM32H563AGI6, STM32H563AII3Q, STM32H563AII6, STM32H563IGK6, STM32H563IGT6, STM32H563IIK3Q, STM32H563IIK6, STM32H563IIT3Q, STM32H563IIT6, STM32H563MIY3QTR, STM32H563RGT6, STM32H563RGV6, STM32H563RIT6, STM32H563RIV6, STM32H563VGT6, STM32H563VIT3Q, STM32H563VIT6, STM32H563ZGT6, STM32H563ZIT3Q, STM32H563ZIT6, STM32H573AII3Q, STM32H573AII6, STM32H573I-DK, STM32H573IIK3Q, STM32H573IIK6, STM32H573IIT3Q, STM32H573IIT6, STM32H573MIY3QTR, STM32H573RIT6, STM32H573RIV6, STM32H573VIT3Q, STM32H573VIT6, STM32H573ZIT3Q, STM32H573ZIT6, STM32H7R3A8I6, STM32H7R3I8K6, STM32H7R3I8T6, STM32H7R3L8H6, STM32H7R3L8H6H, STM32H7R3R8V6, STM32H7R3V8H6, STM32H7R3V8T6, STM32H7R3V8Y6TR, STM32H7R3Z8J6, STM32H7R3Z8T6, STM32H7R7A8I6, STM32H7R7I8K6, STM32H7R7I8T6, STM32H7R7L8H6, STM32H7R7L8H6H, STM32H7R7Z8J6, STM32H7S3A8I6, STM32H7S3I8K6, STM32H7S3I8T6, STM32H7S3L8H6, STM32H7S3L8H6H, STM32H7S3R8V6, STM32H7S3V8H6, STM32H7S3V8T6, STM32H7S3V8Y6TR, STM32H7S3Z8J6, STM32H7S3Z8T6, STM32H7S78-DK, STM32H7S7A8I6, STM32H7S7I8K6, STM32H7S7I8T6, STM32H7S7L8H6, STM32H7S7L8H6H, STM32H7S7Z8J6, STM32L4R5QGI6STR, STM32MP131AAE3, STM32MP131AAF3, STM32MP131AAG3, STM32MP131CAE3, STM32MP131CAF3, STM32MP131CAG3, STM32MP131DAE7, STM32MP131DAF7, STM32MP131DAG7, STM32MP131FAE7, STM32MP131FAF7, STM32MP131FAG7, STM32MP133AAE3, STM32MP133AAF3, STM32MP133AAG3, STM32MP133CAE3, STM32MP133CAF3, STM32MP133CAG3, STM32MP133DAE7, STM32MP133DAF7, STM32MP133DAG7, STM32MP133FAE7, STM32MP133FAF7, STM32MP133FAG7, STM32MP135AAE3, STM32MP135AAF3, STM32MP135AAG3, STM32MP135CAE3, STM32MP135CAF3, STM32MP135CAG3, STM32MP135DAE7, STM32MP135DAF7, STM32MP135DAG7, STM32MP135F-DK, STM32MP135FAE7, STM32MP135FAF7, STM32MP135FAF7T, STM32MP135FAF7U, STM32MP135FAG7, STM32MP211AAL3, STM32MP211AAM3, STM32MP211AAN3, STM32MP211AAO3, STM32MP211CAL3, STM32MP211CAM3, STM32MP211CAN3, STM32MP211CAO3, STM32MP211DAL3, STM32MP211DAM3, STM32MP211DAN3, STM32MP211DAO3, STM32MP211FAL3, STM32MP211FAM3, STM32MP211FAN3, STM32MP211FAO3, STM32MP213AAL3, STM32MP213AAM3, STM32MP213AAN3, STM32MP213AAO3, STM32MP213CAL3, STM32MP213CAM3, STM32MP213CAN3, STM32MP213CAO3, STM32MP213DAL3, STM32MP213DAM3, STM32MP213DAN3, STM32MP213DAO3, STM32MP213FAL3, STM32MP213FAM3, STM32MP213FAN3, STM32MP213FAO3, STM32MP215AAL3, STM32MP215AAM3, STM32MP215AAN3, STM32MP215AAO3, STM32MP215CAL3, STM32MP215CAM3, STM32MP215CAN3, STM32MP215CAO3, STM32MP215DAL3, STM32MP215DAM3, STM32MP215DAN3, STM32MP215DAO3, STM32MP215F-DK, STM32MP215FAL3, STM32MP215FAM3, STM32MP215FAN3, STM32MP215FAO3, STM32MP231AAJ3, STM32MP231AAK3, STM32MP231AAL3, STM32MP231CAJ3, STM32MP231CAK3, STM32MP231CAL3, STM32MP231DAJ3, STM32MP231DAK3, STM32MP231DAL3, STM32MP231FAJ3, STM32MP231FAK3, STM32MP231FAL3, STM32MP233AAJ3, STM32MP233AAK3, STM32MP233AAL3, STM32MP233CAJ3, STM32MP233CAK3, STM32MP233CAL3, STM32MP233DAJ3, STM32MP233DAK3, STM32MP233DAL3, STM32MP233FAJ3, STM32MP233FAK3, STM32MP233FAL3, STM32MP235AAJ3, STM32MP235AAK3, STM32MP235AAL3, STM32MP235CAJ3, STM32MP235CAK3, STM32MP235CAL3, STM32MP235DAJ3, STM32MP235DAK3, STM32MP235DAL3, STM32MP235FAJ3, STM32MP235FAK3, STM32MP235FAL3, STM32MP251AAI3, STM32MP251AAK3, STM32MP251AAL3, STM32MP251CAI3, STM32MP251CAK3, STM32MP251CAL3, STM32MP251DAI3, STM32MP251DAK3, STM32MP251DAL3, STM32MP251FAI3, STM32MP251FAK3, STM32MP251FAL3, STM32MP253AAI3, STM32MP253AAK3, STM32MP253AAL3, STM32MP253CAI3, STM32MP253CAK3, STM32MP253CAL3, STM32MP253DAI3, STM32MP253DAK3, STM32MP253DAL3, STM32MP253FAI3, STM32MP253FAK3, STM32MP253FAL3, STM32MP255AAI3, STM32MP255AAK3, STM32MP255AAL3, STM32MP255CAI3, STM32MP255CAK3, STM32MP255CAL3, STM32MP255DAI3, STM32MP255DAK3, STM32MP255DAL3, STM32MP255FAI3, STM32MP255FAK3, STM32MP255FAL3, STM32MP257AAI3, STM32MP257AAK3, STM32MP257AAL3, STM32MP257CAI3, STM32MP257CAK3, STM32MP257CAL3, STM32MP257DAI3, STM32MP257DAK3, STM32MP257DAL3, STM32MP257F-DK, STM32MP257F-EV1, STM32MP257FAI3, STM32MP257FAK3, STM32MP257FAL3, STM32N645A0H3Q, STM32N645B0H3Q, STM32N645I0H3Q, STM32N645L0H3Q, STM32N645X0H3Q, STM32N645Z0H3Q, STM32N647A0H3Q, STM32N647B0H3Q, STM32N647I0H3Q, STM32N647L0H3Q, STM32N647X0H3Q, STM32N647Z0H3Q, STM32N655A0H3Q, STM32N655B0H3Q, STM32N655I0H3Q, STM32N655L0H3Q, STM32N655X0H3Q, STM32N655Z0H3Q, STM32N6570-DK, STM32N657A0H3Q, STM32N657B0H3Q, STM32N657I0H3Q, STM32N657L0H3Q, STM32N657X0H3Q, STM32N657Z0H3Q, STM32U031C6T6, STM32U031C6U6, STM32U031C8T6, STM32U031C8U6, STM32U031F4P6, STM32U031F6P6, STM32U031F8P6, STM32U031G6Y6TR, STM32U031G8Y6TR, STM32U031K4U6, STM32U031K6U6, STM32U031K8U6, STM32U031R6I6, STM32U031R6T6, STM32U031R8I6, STM32U031R8T6, STM32U073C8T6, STM32U073C8U6, STM32U073CBT6, STM32U073CBU6, STM32U073CCT6, STM32U073CCU6, STM32U073H8Y6TR, STM32U073HBY6TR, STM32U073HCY6TR, STM32U073K8U6, STM32U073KBU6, STM32U073KCU6, STM32U073M8I6, STM32U073M8T6, STM32U073MBI6, STM32U073MBT6, STM32U073MCI6, STM32U073MCT6, STM32U073R8I6, STM32U073R8T6, STM32U073RBI6, STM32U073RBT6, STM32U073RCI6, STM32U073RCT6, STM32U083C-DK, STM32U083CCT6, STM32U083CCU6, STM32U083HCY6TR, STM32U083KCU6, STM32U083MCI6, STM32U083MCT6, STM32U083RCI6, STM32U083RCT6, STM32U375CET6, STM32U375CET6Q, STM32U375CEU6, STM32U375CEU6Q, STM32U375CEY6QTR, STM32U375CGT6, STM32U375CGT6Q, STM32U375CGU6, STM32U375CGU6Q, STM32U375CGY6QTR, STM32U375KEU6, STM32U375KGU6, STM32U375REI6, STM32U375REI6Q, STM32U375RET6, STM32U375RET6Q, STM32U375REY6GTR, STM32U375REY6QTR, STM32U375RGI6, STM32U375RGI6Q, STM32U375RGT6, STM32U375RGT6Q, STM32U375RGY6GTR, STM32U375RGY6QTR, STM32U375VEI6, STM32U375VEI6Q, STM32U375VET6, STM32U375VET6Q, STM32U375VGI6, STM32U375VGI6Q, STM32U375VGT6, STM32U375VGT6Q, STM32U385CGT6, STM32U385CGT6Q, STM32U385CGU6, STM32U385CGU6Q, STM32U385CGY6QTR, STM32U385KGU6, STM32U385RGI6, STM32U385RGI6Q, STM32U385RGT6, STM32U385RGT6Q, STM32U385RGY6GTR, STM32U385RGY6QTR, STM32U385VGI6, STM32U385VGI6Q, STM32U385VGT6, STM32U385VGT6Q, STM32U535CBT6, STM32U535CBT6Q, STM32U535CBU6, STM32U535CBU6Q, STM32U535CCT6, STM32U535CCT6Q, STM32U535CCU6, STM32U535CCU6Q, STM32U535CET6, STM32U535CET6Q, STM32U535CEU6, STM32U535CEU6Q, STM32U535JEY6QTR, STM32U535NCY6QTR, STM32U535NEY6QTR, STM32U535RBI6, STM32U535RBI6Q, STM32U535RBT6, STM32U535RBT6Q, STM32U535RCI6, STM32U535RCI6Q, STM32U535RCT6, STM32U535RCT6Q, STM32U535REI6, STM32U535REI6Q, STM32U535RET6, STM32U535RET6Q, STM32U535VCI6, STM32U535VCI6Q, STM32U535VCT6, STM32U535VCT6Q, STM32U535VEI6, STM32U535VEI6Q, STM32U535VET6, STM32U535VET6Q, STM32U545CET6, STM32U545CET6Q, STM32U545CEU6, STM32U545CEU6Q, STM32U545JEY6QTR, STM32U545NEY6QTR, STM32U545REI6, STM32U545REI6Q, STM32U545RET6, STM32U545RET6Q, STM32U545VEI6, STM32U545VEI6Q, STM32U545VET6, STM32U545VET6Q, STM32U595AIH6, STM32U595AIH6Q, STM32U595AJH6, STM32U595AJH6Q, STM32U595QII6, STM32U595QII6Q, STM32U595QJI6, STM32U595QJI6Q, STM32U595RIT6, STM32U595RIT6Q, STM32U595RJT6, STM32U595RJT6Q, STM32U595VIT6, STM32U595VIT6Q, STM32U595VJT6, STM32U595VJT6Q, STM32U595ZIT6, STM32U595ZIT6Q, STM32U595ZIY6QTR, STM32U595ZJT6, STM32U595ZJT6Q, STM32U595ZJY6QTR, STM32U599BJY6QTR, STM32U599NIH6Q, STM32U599NJH6Q, STM32U599VIT6Q, STM32U599VJT6, STM32U599VJT6Q, STM32U599ZIT6Q, STM32U599ZIY6QTR, STM32U599ZJT6Q, STM32U599ZJY6QTR, STM32U5A5AJH6, STM32U5A5AJH6Q, STM32U5A5QII3Q , STM32U5A5QJI6, STM32U5A5QJI6Q, STM32U5A5RJT6, STM32U5A5RJT6Q, STM32U5A5VJT6, STM32U5A5VJT6Q, STM32U5A5ZJT6, STM32U5A5ZJT6Q, STM32U5A5ZJY6QTR, STM32U5A9BJY6QTR, STM32U5A9J-DK, STM32U5A9NJH6Q, STM32U5A9VJT6Q, STM32U5A9ZJT6Q, STM32U5A9ZJY6QTR, STM32U5F7VIT6, STM32U5F7VIT6Q, STM32U5F7VJT6, STM32U5F7VJT6Q, STM32U5F9BJY6QTR, STM32U5F9NJH6Q, STM32U5F9VIT6Q, STM32U5F9VJT6Q, STM32U5F9ZIJ6QTR, STM32U5F9ZIT6Q, STM32U5F9ZJJ6QTR, STM32U5F9ZJT6Q, STM32U5G7VJT6, STM32U5G7VJT6Q, STM32U5G9BJY6QTR, STM32U5G9J-DK1, STM32U5G9J-DK2, STM32U5G9NJH6Q, STM32U5G9VJT6Q, STM32U5G9ZJJ6QTR, STM32U5G9ZJT6Q, STM32WB05KZV6TR, STM32WB05KZV7TR, STM32WB05TZF6TR, STM32WB05TZF7TR, STM32WB06CCF6TR, STM32WB06CCF7TR, STM32WB06CCV6TR, STM32WB06CCV7TR, STM32WB06KCV6TR, STM32WB06KCV7TR, STM32WB07CCF6TR, STM32WB07CCF7TR, STM32WB07CCV6TR, STM32WB07CCV7TR, STM32WB07KCV6TR, STM32WB07KCV7TR, STM32WB09KEV6TR, STM32WB09KEV7TR, STM32WB09TEF6TR, STM32WB09TEF7TR, STM32WB1MMCH6, STM32WBA50KGU6, STM32WBA50KGU6TR, STM32WBA52CEU6, STM32WBA52CEU6TR, STM32WBA52CEU7, STM32WBA52CEU7TR, STM32WBA52CGU6, STM32WBA52CGU6TR, STM32WBA52CGU6U, STM32WBA52CGU7, STM32WBA52CGU7TR, STM32WBA52KEU6, STM32WBA52KEU6TR, STM32WBA52KGU6, STM32WBA52KGU6TR, STM32WBA54CEU6, STM32WBA54CEU6TR, STM32WBA54CEU7, STM32WBA54CEU7TR, STM32WBA54CGU6, STM32WBA54CGU6TR, STM32WBA54CGU7, STM32WBA54CGU7TR, STM32WBA54KEU6, STM32WBA54KEU6TR, STM32WBA54KEU7, STM32WBA54KEU7TR, STM32WBA54KGU6, STM32WBA54KGU6TR, STM32WBA54KGU7, STM32WBA54KGU7TR, STM32WBA55CEU6, STM32WBA55CEU6TR, STM32WBA55CEU7, STM32WBA55CEU7TR, STM32WBA55CGU6, STM32WBA55CGU6TR, STM32WBA55CGU6U, STM32WBA55CGU7, STM32WBA55CGU7TR, STM32WBA55G-DK1, STM32WBA55HEF6, STM32WBA55HEF7, STM32WBA55HGF6, STM32WBA55HGF7, STM32WBA55UEI6, STM32WBA55UEI6TR, STM32WBA55UEI7, STM32WBA55UEI7TR, STM32WBA55UGI6, STM32WBA55UGI6TR, STM32WBA55UGI7, STM32WBA55UGI7TR, STM32WBA5MMGH6TR, STM32WBA62MGF6, STM32WBA62MIF6, STM32WBA65MGF7, STM32WBA65MIF6, STM32WBA65MIF7, STM32WL30K8V6, STM32WL30KBV6, STM32WL31C8V6, STM32WL31CBV6, STM32WL31K8V6, STM32WL31KBV6, STM32WL33C8V6, STM32WL33C8V6X, STM32WL33CBV6, STM32WL33CBV6X, STM32WL33CCV6, STM32WL33CCV6A, STM32WL33CCV6X, STM32WL33K8V7, STM32WL33K8V7X, STM32WL33KBV7 , STM32WL33KBV7X, STM32WL33KCV7, STM32WL33KCV7X, STM32WL5MOCH6, STM32WL5MOCH6TR]
2025-12-15 12:28:21,430 [INFO] BoardInfo:889 - No configuration file found for board P-NUCLEO-WB55
2025-12-15 12:28:21,431 [INFO] DbBoards:161 - Kit is not supported: P-NUCLEO-WB55
2025-12-15 12:28:21,436 [INFO] BoardInfo:889 - No configuration file found for board STEVAL-BFA001V1B
2025-12-15 12:28:21,437 [INFO] DbBoards:161 - Kit is not supported: STEVAL-BFA001V1B
2025-12-15 12:28:21,437 [INFO] BoardInfo:889 - No configuration file found for board STEVAL-BFA001V2B
2025-12-15 12:28:21,438 [INFO] DbBoards:161 - Kit is not supported: STEVAL-BFA001V2B
2025-12-15 12:28:21,603 [INFO] DbBoards:168 - Found 212 boards, 209 are supported
2025-12-15 12:28:21,603 [INFO] DbBoards:169 - Found 212 boards, 43 of them is supported for  Bsp
2025-12-15 12:28:21,606 [INFO] ApiDb:423 - Load user favorites file C:\Users\aditi/.stm32cubeide/favorites.boards.txt: 1 item(s)
2025-12-15 12:28:21,606 [INFO] ApiDb:427 - User favorites Boards=[STM32F407G-DISC1]
2025-12-15 12:28:21,606 [INFO] DbBoards:198 - Set 1 / 1 favorites Boards
2025-12-15 12:28:21,606 [INFO] McuFinderGlobals:76 - Set McuFinderConnectedMode to true
2025-12-15 12:28:21,610 [INFO] MultiScanPanel:200 - Auto-refresh data requested => check proxy status ongoing
2025-12-15 12:28:21,611 [INFO] FinderPluginLoader:96 - Searching for filters in installed packs
2025-12-15 12:28:22,683 [INFO] LoadUrlFilesThread:185 - End of LoadServerUrlFiles without Thread
2025-12-15 12:28:22,696 [INFO] DetailPanel:341 - Set advertising image to C:/Users/aditi/STM32Cube/Repository/\en.prom-st67w-expansion-board.png
2025-12-15 12:28:27,678 [INFO] MultiScanPanel:200 - Auto-refresh data requested => check proxy status ongoing
2025-12-15 12:28:27,793 [INFO] LoadUrlFilesThread:185 - End of LoadServerUrlFiles without Thread
2025-12-15 12:28:27,793 [INFO] DetailPanel:341 - Set advertising image to C:/Users/aditi/STM32Cube/Repository/\en.prom-st67w-expansion-board.png
2025-12-15 12:28:27,810 [INFO] DbBoards:642 - Loading board mini-images...
2025-12-15 12:28:29,124 [ERROR] DbBoards:659 - Image file not found for board STM32MP215F-DK: C:\Users\aditi\.stmcufinder\plugins\mcufinder//mcu//boards_images/STM32MP215F-DK.jpg
2025-12-15 12:28:29,193 [INFO] DbBoards:665 - Loaded 211 board mini-images
2025-12-15 12:29:19,772 [INFO] McuFinderGlobals:76 - Set McuFinderConnectedMode to true
2025-12-15 12:29:19,775 [INFO] ApiDb:448 - Save user favorites file C:\Users\aditi/.stm32cubeide/favorites.mcus.txt: 0 item(s)
2025-12-15 12:29:19,775 [INFO] ApiDb:452 - User favorites MCUs=[]
2025-12-15 12:29:19,777 [INFO] ApiDb:448 - Save user favorites file C:\Users\aditi/.stm32cubeide/favorites.boards.txt: 1 item(s)
2025-12-15 12:29:19,777 [INFO] ApiDb:452 - User favorites Boards=[STM32F407G-DISC1]
2025-12-15 12:31:36,236 [INFO] MainUpdater:2872 - connection check result : 10
2025-12-15 12:31:36,344 [INFO] McuFinderGlobals:76 - Set McuFinderConnectedMode to true
2025-12-15 12:31:36,345 [INFO] MultiScanPanel:200 - Auto-refresh data requested => check proxy status ongoing
2025-12-15 12:31:36,346 [INFO] FinderPluginLoader:96 - Searching for filters in installed packs
2025-12-15 12:31:37,868 [INFO] LoadUrlFilesThread:185 - End of LoadServerUrlFiles without Thread
2025-12-15 12:31:37,868 [INFO] DetailPanel:341 - Set advertising image to C:/Users/aditi/STM32Cube/Repository/\en.prom-st67w-expansion-board.png
2025-12-15 12:31:41,041 [INFO] MultiScanPanel:200 - Auto-refresh data requested => check proxy status ongoing
2025-12-15 12:31:41,082 [INFO] LoadUrlFilesThread:185 - End of LoadServerUrlFiles without Thread
2025-12-15 12:31:41,083 [INFO] DetailPanel:341 - Set advertising image to C:/Users/aditi/STM32Cube/Repository/\en.prom-st67w-expansion-board.png
2025-12-15 12:31:58,516 [INFO] McuFinderGlobals:76 - Set McuFinderConnectedMode to true
2025-12-15 12:31:58,519 [INFO] ApiDb:448 - Save user favorites file C:\Users\aditi/.stm32cubeide/favorites.mcus.txt: 0 item(s)
2025-12-15 12:31:58,519 [INFO] ApiDb:452 - User favorites MCUs=[]
2025-12-15 12:31:58,521 [INFO] ApiDb:448 - Save user favorites file C:\Users\aditi/.stm32cubeide/favorites.boards.txt: 1 item(s)
2025-12-15 12:31:58,521 [INFO] ApiDb:452 - User favorites Boards=[STM32F407G-DISC1]
2025-12-15 12:41:45,963 [INFO] MainUpdater:2872 - connection check result : 10
2025-12-15 12:41:46,070 [INFO] McuFinderGlobals:76 - Set McuFinderConnectedMode to true
2025-12-15 12:41:46,071 [INFO] MultiScanPanel:200 - Auto-refresh data requested => check proxy status ongoing
2025-12-15 12:41:46,072 [INFO] FinderPluginLoader:96 - Searching for filters in installed packs
2025-12-15 12:41:46,725 [INFO] LoadUrlFilesThread:185 - End of LoadServerUrlFiles without Thread
2025-12-15 12:41:46,725 [INFO] DetailPanel:341 - Set advertising image to C:/Users/aditi/STM32Cube/Repository/\en.prom-st67w-expansion-board.png
2025-12-15 12:42:00,923 [INFO] MultiScanPanel:200 - Auto-refresh data requested => check proxy status ongoing
2025-12-15 12:42:00,955 [INFO] LoadUrlFilesThread:185 - End of LoadServerUrlFiles without Thread
2025-12-15 12:42:00,955 [INFO] DetailPanel:341 - Set advertising image to C:/Users/aditi/STM32Cube/Repository/\en.prom-st67w-expansion-board.png
2025-12-15 12:42:19,218 [INFO] McuFinderGlobals:76 - Set McuFinderConnectedMode to true
2025-12-15 12:42:19,221 [INFO] ApiDb:448 - Save user favorites file C:\Users\aditi/.stm32cubeide/favorites.mcus.txt: 0 item(s)
2025-12-15 12:42:19,221 [INFO] ApiDb:452 - User favorites MCUs=[]
2025-12-15 12:42:19,222 [INFO] ApiDb:448 - Save user favorites file C:\Users\aditi/.stm32cubeide/favorites.boards.txt: 1 item(s)
2025-12-15 12:42:19,222 [INFO] ApiDb:452 - User favorites Boards=[STM32F407G-DISC1]
2025-12-15 12:46:02,391 [INFO] LogOutputStream:77 - [STDOUT_REDIRECT] StartTraceHandler.execute(), success : Collect=true
2025-12-15 12:47:12,987 [ERROR] LogOutputStream:75 - [STDERR_REDIRECT] 
2025-12-15 12:47:12,989 [ERROR] LogOutputStream:75 - [STDERR_REDIRECT] 
2025-12-15 12:47:29,701 [INFO] Activator:176 - 


2025-12-15 12:47:29,704 [INFO] Activator:177 - !SESSION log4j initialized
2025-12-15 12:47:36,060 [INFO] LogOutputStream:77 - [STDOUT_REDIRECT] 
2025-12-15 12:47:37,341 [INFO] ApplicationProperties:184 - Using Application install path: C:\ST\STM32CubeIDE_1.19.0\STM32CubeIDE\plugins\com.st.stm32cube.common.mx_6.15.0.202507011659
2025-12-15 12:47:37,369 [INFO] DbMcusXml:78 - Set database path to: C:\ST\STM32CubeIDE_1.19.0\STM32CubeIDE\plugins\com.st.stm32cube.common.mx_6.15.0.202507011659\\db\/mcu/
2025-12-15 12:47:37,370 [INFO] ApiDb:274 - Set plugin database path to: C:\ST\STM32CubeIDE_1.19.0\STM32CubeIDE\plugins\com.st.stm32cube.common.mx_6.15.0.202507011659\\db\/plugins/boardmanager/
2025-12-15 12:47:37,370 [WARN] ApiDb:259 - Overriding images path with different value:  => C:\ST\STM32CubeIDE_1.19.0\STM32CubeIDE\plugins\com.st.stm32cube.common.mx_6.15.0.202507011659\\db\/plugins/mcufinder/images/
2025-12-15 12:47:37,380 [INFO] ApiDb:250 - Set database path to: C:\Users\aditi\.stmcufinder\plugins\mcufinder//mcu/
2025-12-15 12:47:37,382 [INFO] DbMcusAds:125 - Set database path to: C:\Users\aditi\.stmcufinder\plugins\mcufinder//mcu/
2025-12-15 12:47:37,385 [INFO] CrossReferenceDbSqlite:203 - Set database path to: C:\Users\aditi\.stmcufinder\plugins\mcufinder//mcu/cs/
2025-12-15 12:47:37,607 [INFO] RulesReader:64 - Compatibility file has been processed (317 Rules)
2025-12-15 12:47:37,755 [INFO] DbMcusXml:78 - Set database path to: C:\ST\STM32CubeIDE_1.19.0\STM32CubeIDE\plugins\com.st.stm32cube.common.mx_6.15.0.202507011659\\db\/mcu/
2025-12-15 12:47:37,755 [INFO] ApiDb:274 - Set plugin database path to: C:\ST\STM32CubeIDE_1.19.0\STM32CubeIDE\plugins\com.st.stm32cube.common.mx_6.15.0.202507011659\\db\/plugins/boardmanager/
2025-12-15 12:47:37,756 [INFO] ApiDb:261 - Set plugin images path to: C:\ST\STM32CubeIDE_1.19.0\STM32CubeIDE\plugins\com.st.stm32cube.common.mx_6.15.0.202507011659\\db\/plugins/mcufinder/images/
2025-12-15 12:47:37,756 [WARN] DbFile:41 - Overriding database path with different value: C:\Users\aditi\.stmcufinder\plugins\mcufinder/ => C:\Users\aditi\.stmcufinder\plugins\mcufinder
2025-12-15 12:47:37,757 [INFO] ApiDb:250 - Set database path to: C:\Users\aditi\.stmcufinder\plugins\mcufinder//mcu/
2025-12-15 12:47:37,757 [WARN] DbFile:41 - Overriding database path with different value: C:\Users\aditi\.stmcufinder\plugins\mcufinder/ => C:\Users\aditi\.stmcufinder\plugins\mcufinder
2025-12-15 12:47:37,757 [INFO] DbMcusAds:125 - Set database path to: C:\Users\aditi\.stmcufinder\plugins\mcufinder//mcu/
2025-12-15 12:47:37,757 [WARN] DbFile:41 - Overriding database path with different value: C:\Users\aditi\.stmcufinder\plugins\mcufinder/ => C:\Users\aditi\.stmcufinder\plugins\mcufinder
2025-12-15 12:47:37,758 [WARN] DbFile:41 - Overriding database path with different value: C:\Users\aditi\.stmcufinder\plugins\mcufinder/ => C:\Users\aditi\.stmcufinder\plugins\mcufinder
2025-12-15 12:47:37,758 [INFO] CrossReferenceDbSqlite:203 - Set database path to: C:\Users\aditi\.stmcufinder\plugins\mcufinder//mcu/cs/
2025-12-15 12:47:37,876 [INFO] MainPanel:274 - HeapMemory: 268435456
2025-12-15 12:47:38,012 [INFO] DbMcusXml:78 - Set database path to: C:\ST\STM32CubeIDE_1.19.0\STM32CubeIDE\plugins\com.st.stm32cube.common.mx_6.15.0.202507011659\\db\/mcu/
2025-12-15 12:47:38,013 [INFO] ApiDb:274 - Set plugin database path to: C:\ST\STM32CubeIDE_1.19.0\STM32CubeIDE\plugins\com.st.stm32cube.common.mx_6.15.0.202507011659\\db\/plugins/boardmanager/
2025-12-15 12:47:38,013 [INFO] ApiDb:261 - Set plugin images path to: C:\ST\STM32CubeIDE_1.19.0\STM32CubeIDE\plugins\com.st.stm32cube.common.mx_6.15.0.202507011659\\db\/plugins/mcufinder/images/
2025-12-15 12:47:38,013 [WARN] DbFile:41 - Overriding database path with different value: C:\Users\aditi\.stmcufinder\plugins\mcufinder/ => C:\Users\aditi\.stmcufinder\plugins\mcufinder
2025-12-15 12:47:38,013 [INFO] ApiDb:250 - Set database path to: C:\Users\aditi\.stmcufinder\plugins\mcufinder//mcu/
2025-12-15 12:47:38,014 [WARN] DbFile:41 - Overriding database path with different value: C:\Users\aditi\.stmcufinder\plugins\mcufinder/ => C:\Users\aditi\.stmcufinder\plugins\mcufinder
2025-12-15 12:47:38,014 [INFO] DbMcusAds:125 - Set database path to: C:\Users\aditi\.stmcufinder\plugins\mcufinder//mcu/
2025-12-15 12:47:38,014 [WARN] DbFile:41 - Overriding database path with different value: C:\Users\aditi\.stmcufinder\plugins\mcufinder/ => C:\Users\aditi\.stmcufinder\plugins\mcufinder
2025-12-15 12:47:38,014 [WARN] DbFile:41 - Overriding database path with different value: C:\Users\aditi\.stmcufinder\plugins\mcufinder/ => C:\Users\aditi\.stmcufinder\plugins\mcufinder
2025-12-15 12:47:38,014 [INFO] CrossReferenceDbSqlite:203 - Set database path to: C:\Users\aditi\.stmcufinder\plugins\mcufinder//mcu/cs/
2025-12-15 12:47:38,052 [INFO] ApplicationProperties:184 - Using Application install path: C:\ST\STM32CubeIDE_1.19.0\STM32CubeIDE\plugins\com.st.stm32cube.common.mx_6.15.0.202507011659
2025-12-15 12:47:38,055 [INFO] PluginManage:196 - Search for loadable plugins [exclusion list=, ]
2025-12-15 12:47:38,057 [INFO] PluginManage:310 - Check plugin analytics
2025-12-15 12:47:38,372 [INFO] AnalyticsPlugin:253 - Accepted Software Licenses: 
2025-12-15 12:47:38,373 [INFO] AnalyticsPlugin:255 - Accepted CMSIS Pack Licenses: 
2025-12-15 12:47:38,374 [INFO] AnalyticsPlugin:257 - Accepted Firmware Licenses: 
2025-12-15 12:47:38,377 [INFO] PluginManage:359 - Loaded plugin analytics (category:tool,tabindex:-1)
2025-12-15 12:47:38,379 [INFO] PluginManage:310 - Check plugin cadmodel
2025-12-15 12:47:38,385 [INFO] CADModel:105 - Init CAD model plugin
2025-12-15 12:47:38,386 [INFO] PluginManage:359 - Loaded plugin cadmodel (category:power,tabindex:5)
2025-12-15 12:47:38,386 [INFO] PluginManage:310 - Check plugin clock
2025-12-15 12:47:38,399 [INFO] PluginManage:359 - Loaded plugin clock (category:base,tabindex:2)
2025-12-15 12:47:38,399 [INFO] PluginManage:310 - Check plugin ddr
2025-12-15 12:47:38,403 [INFO] PluginManage:359 - Loaded plugin ddr (category:tool,tabindex:6)
2025-12-15 12:47:38,403 [INFO] PluginManage:310 - Check plugin filemanager
2025-12-15 12:47:38,622 [INFO] PluginManage:359 - Loaded plugin filemanager (category:base,tabindex:10)
2025-12-15 12:47:38,622 [INFO] PluginManage:310 - Check plugin ipmanager
2025-12-15 12:47:38,632 [INFO] PluginManage:359 - Loaded plugin ipmanager (category:base,tabindex:5)
2025-12-15 12:47:38,633 [INFO] PluginManage:310 - Check plugin lpbam
2025-12-15 12:47:38,642 [INFO] PluginManage:359 - Loaded plugin lpbam (category:base,tabindex:0)
2025-12-15 12:47:38,643 [INFO] PluginManage:310 - Check plugin memorymap
2025-12-15 12:47:38,659 [INFO] PluginManage:359 - Loaded plugin memorymap (category:base,tabindex:4)
2025-12-15 12:47:38,660 [INFO] PluginManage:310 - Check plugin pinoutandconfiguration
2025-12-15 12:47:38,669 [INFO] PluginManage:359 - Loaded plugin pinoutandconfiguration (category:base,tabindex:1)
2025-12-15 12:47:38,669 [INFO] PluginManage:310 - Check plugin pinoutconfig
2025-12-15 12:47:38,835 [WARN] SupportedApi:132 - Cannot load RTOS API schema: s4s-elt-must-match.1: The content of 'definitions' must match (annotation?, (simpleType | complexType)?, (unique | key | keyref)*)). A problem was found starting at: attribute.
2025-12-15 12:47:39,013 [INFO] PluginManage:359 - Loaded plugin pinoutconfig (category:base,tabindex:0)
2025-12-15 12:47:39,013 [INFO] PluginManage:310 - Check plugin power
2025-12-15 12:47:39,023 [INFO] PluginManage:359 - Loaded plugin power (category:power,tabindex:4)
2025-12-15 12:47:39,023 [INFO] PluginManage:310 - Check plugin projectmanager
2025-12-15 12:47:39,069 [INFO] PluginManage:359 - Loaded plugin projectmanager (category:projectmanager,tabindex:4)
2025-12-15 12:47:39,070 [INFO] PluginManage:310 - Check plugin rif
2025-12-15 12:47:39,093 [INFO] PluginManage:359 - Loaded plugin rif (category:base,tabindex:3)
2025-12-15 12:47:39,100 [INFO] PluginManage:310 - Check plugin thirdparty
2025-12-15 12:47:39,271 [WARN] IntegrityCheckThread:84 - waiting for thirdparty lock release [integrity check]
2025-12-15 12:47:39,272 [INFO] IntegrityCheckThread:86 - entering critical section [integrity check]
2025-12-15 12:47:39,272 [INFO] PluginManage:359 - Loaded plugin thirdparty (category:base,tabindex:-1)
2025-12-15 12:47:39,272 [INFO] ThirdPartyUpdaterWithRetryManager:70 - Updater plugin not ready yet. [1/15]
2025-12-15 12:47:39,272 [INFO] PluginManage:310 - Check plugin tools
2025-12-15 12:47:39,280 [INFO] PluginManage:359 - Loaded plugin tools (category:base,tabindex:7)
2025-12-15 12:47:39,280 [INFO] PluginManage:310 - Check plugin tutovideos
2025-12-15 12:47:39,581 [INFO] PluginManage:359 - Loaded plugin tutovideos (category:base,tabindex:-1)
2025-12-15 12:47:39,581 [INFO] PluginManage:310 - Check plugin updater
2025-12-15 12:47:39,618 [INFO] PluginManage:359 - Loaded plugin updater (category:base,tabindex:12)
2025-12-15 12:47:39,618 [INFO] PluginManage:310 - Check plugin userauth
2025-12-15 12:47:39,624 [INFO] UserAuth:118 - Init User Auth plugin
2025-12-15 12:47:39,625 [INFO] PluginManage:359 - Loaded plugin userauth (category:base,tabindex:14)
2025-12-15 12:47:39,626 [INFO] PluginManage:283 - PluginManage : Loaded plugins [18]
2025-12-15 12:47:39,948 [INFO] PinOutPanel:1589 - setPackage(No Configuration,No Configuration)
2025-12-15 12:47:40,087 [INFO] CADModel:165 - CPN selected for project level
2025-12-15 12:47:40,088 [INFO] CADModel:114 - Register for checkConnection events
2025-12-15 12:47:40,115 [INFO] IPUIPlugin:80 - create IPUIPlugin
2025-12-15 12:47:40,115 [INFO] PluginManager:220 - loadIPPluginJar : add adc
2025-12-15 12:47:40,120 [INFO] IPUIPlugin:80 - create IPUIPlugin
2025-12-15 12:47:40,120 [INFO] PluginManager:220 - loadIPPluginJar : add aes
2025-12-15 12:47:40,125 [INFO] IPUIPlugin:80 - create IPUIPlugin
2025-12-15 12:47:40,125 [INFO] PluginManager:220 - loadIPPluginJar : add can
2025-12-15 12:47:40,129 [INFO] IPUIPlugin:80 - create IPUIPlugin
2025-12-15 12:47:40,129 [INFO] PluginManager:220 - loadIPPluginJar : add comp
2025-12-15 12:47:40,133 [INFO] IPUIPlugin:80 - create IPUIPlugin
2025-12-15 12:47:40,133 [INFO] PluginManager:220 - loadIPPluginJar : add cryp
2025-12-15 12:47:40,136 [INFO] IPUIPlugin:80 - create IPUIPlugin
2025-12-15 12:47:40,136 [INFO] PluginManager:220 - loadIPPluginJar : add ddr_ctrl_phy
2025-12-15 12:47:40,141 [INFO] IPUIPlugin:80 - create IPUIPlugin
2025-12-15 12:47:40,141 [INFO] PluginManager:220 - loadIPPluginJar : add dfsdm
2025-12-15 12:47:40,148 [INFO] IPUIPlugin:80 - create IPUIPlugin
2025-12-15 12:47:40,149 [INFO] PluginManager:220 - loadIPPluginJar : add dma
2025-12-15 12:47:40,152 [INFO] IPUIPlugin:80 - create IPUIPlugin
2025-12-15 12:47:40,152 [INFO] PluginManager:220 - loadIPPluginJar : add dma3
2025-12-15 12:47:40,156 [INFO] IPUIPlugin:80 - create IPUIPlugin
2025-12-15 12:47:40,156 [INFO] PluginManager:220 - loadIPPluginJar : add extmemmanager
2025-12-15 12:47:40,159 [INFO] IPUIPlugin:80 - create IPUIPlugin
2025-12-15 12:47:40,159 [INFO] PluginManager:220 - loadIPPluginJar : add fatfs
2025-12-15 12:47:40,166 [INFO] IPUIPlugin:80 - create IPUIPlugin
2025-12-15 12:47:40,166 [INFO] PluginManager:220 - loadIPPluginJar : add fmc
2025-12-15 12:47:40,174 [INFO] IPUIPlugin:80 - create IPUIPlugin
2025-12-15 12:47:40,174 [INFO] PluginManager:220 - loadIPPluginJar : add freertos
2025-12-15 12:47:40,177 [INFO] IPUIPlugin:80 - create IPUIPlugin
2025-12-15 12:47:40,177 [INFO] PluginManager:220 - loadIPPluginJar : add genericplugin
2025-12-15 12:47:40,180 [INFO] IPUIPlugin:80 - create IPUIPlugin
2025-12-15 12:47:40,180 [INFO] PluginManager:220 - loadIPPluginJar : add gfxmmu
2025-12-15 12:47:40,186 [INFO] IPUIPlugin:80 - create IPUIPlugin
2025-12-15 12:47:40,186 [INFO] PluginManager:220 - loadIPPluginJar : add gic
2025-12-15 12:47:40,192 [INFO] IPUIPlugin:80 - create IPUIPlugin
2025-12-15 12:47:40,193 [INFO] PluginManager:220 - loadIPPluginJar : add gpio
2025-12-15 12:47:40,199 [INFO] IPUIPlugin:80 - create IPUIPlugin
2025-12-15 12:47:40,199 [INFO] PluginManager:220 - loadIPPluginJar : add gtzc
2025-12-15 12:47:40,204 [INFO] IPUIPlugin:80 - create IPUIPlugin
2025-12-15 12:47:40,204 [INFO] PluginManager:220 - loadIPPluginJar : add hash
2025-12-15 12:47:40,209 [INFO] IPUIPlugin:80 - create IPUIPlugin
2025-12-15 12:47:40,209 [INFO] PluginManager:220 - loadIPPluginJar : add i2c
2025-12-15 12:47:40,214 [INFO] IPUIPlugin:80 - create IPUIPlugin
2025-12-15 12:47:40,214 [INFO] PluginManager:220 - loadIPPluginJar : add i2s
2025-12-15 12:47:40,219 [INFO] IPUIPlugin:80 - create IPUIPlugin
2025-12-15 12:47:40,220 [INFO] PluginManager:220 - loadIPPluginJar : add i3c
2025-12-15 12:47:40,226 [INFO] IPUIPlugin:80 - create IPUIPlugin
2025-12-15 12:47:40,226 [INFO] PluginManager:220 - loadIPPluginJar : add ipddr
2025-12-15 12:47:40,236 [INFO] IPUIPlugin:80 - create IPUIPlugin
2025-12-15 12:47:40,236 [INFO] PluginManager:220 - loadIPPluginJar : add linkedlist
2025-12-15 12:47:40,242 [INFO] IPUIPlugin:80 - create IPUIPlugin
2025-12-15 12:47:40,242 [INFO] PluginManager:220 - loadIPPluginJar : add lorawan
2025-12-15 12:47:40,244 [INFO] IPUIPlugin:80 - create IPUIPlugin
2025-12-15 12:47:40,244 [INFO] PluginManager:220 - loadIPPluginJar : add ltdc
2025-12-15 12:47:40,251 [INFO] IPUIPlugin:80 - create IPUIPlugin
2025-12-15 12:47:40,251 [INFO] PluginManager:220 - loadIPPluginJar : add mdma
2025-12-15 12:47:40,255 [INFO] IPUIPlugin:80 - create IPUIPlugin
2025-12-15 12:47:40,255 [INFO] PluginManager:220 - loadIPPluginJar : add nvic
2025-12-15 12:47:40,260 [INFO] IPUIPlugin:80 - create IPUIPlugin
2025-12-15 12:47:40,260 [INFO] PluginManager:220 - loadIPPluginJar : add opamp
2025-12-15 12:47:40,265 [INFO] IPUIPlugin:80 - create IPUIPlugin
2025-12-15 12:47:40,265 [INFO] PluginManager:220 - loadIPPluginJar : add openamp
2025-12-15 12:47:40,271 [INFO] IPUIPlugin:80 - create IPUIPlugin
2025-12-15 12:47:40,271 [INFO] PluginManager:220 - loadIPPluginJar : add pdm2pcm
2025-12-15 12:47:40,282 [INFO] IPUIPlugin:80 - create IPUIPlugin
2025-12-15 12:47:40,285 [INFO] PluginManager:220 - loadIPPluginJar : add plateformsettings
2025-12-15 12:47:40,288 [INFO] IPUIPlugin:80 - create IPUIPlugin
2025-12-15 12:47:40,288 [INFO] PluginManager:220 - loadIPPluginJar : add quadspi
2025-12-15 12:47:40,291 [INFO] IPUIPlugin:80 - create IPUIPlugin
2025-12-15 12:47:40,292 [INFO] PluginManager:220 - loadIPPluginJar : add radio
2025-12-15 12:47:40,296 [INFO] IPUIPlugin:80 - create IPUIPlugin
2025-12-15 12:47:40,296 [INFO] PluginManager:220 - loadIPPluginJar : add resmgrutility
2025-12-15 12:47:40,300 [INFO] IPUIPlugin:80 - create IPUIPlugin
2025-12-15 12:47:40,300 [INFO] PluginManager:220 - loadIPPluginJar : add sai
2025-12-15 12:47:40,303 [INFO] IPUIPlugin:80 - create IPUIPlugin
2025-12-15 12:47:40,304 [INFO] PluginManager:220 - loadIPPluginJar : add spi
2025-12-15 12:47:40,312 [INFO] IPUIPlugin:80 - create IPUIPlugin
2025-12-15 12:47:40,313 [INFO] PluginManager:220 - loadIPPluginJar : add stm32_wpan
2025-12-15 12:47:40,315 [INFO] IPUIPlugin:80 - create IPUIPlugin
2025-12-15 12:47:40,315 [INFO] PluginManager:220 - loadIPPluginJar : add tim
2025-12-15 12:47:40,319 [INFO] IPUIPlugin:80 - create IPUIPlugin
2025-12-15 12:47:40,320 [INFO] PluginManager:220 - loadIPPluginJar : add touchsensing
2025-12-15 12:47:40,323 [INFO] IPUIPlugin:80 - create IPUIPlugin
2025-12-15 12:47:40,323 [INFO] PluginManager:220 - loadIPPluginJar : add tracer_emb
2025-12-15 12:47:40,326 [INFO] IPUIPlugin:80 - create IPUIPlugin
2025-12-15 12:47:40,326 [INFO] PluginManager:220 - loadIPPluginJar : add ts
2025-12-15 12:47:40,329 [INFO] IPUIPlugin:80 - create IPUIPlugin
2025-12-15 12:47:40,329 [INFO] PluginManager:220 - loadIPPluginJar : add tsc
2025-12-15 12:47:40,331 [INFO] IPUIPlugin:80 - create IPUIPlugin
2025-12-15 12:47:40,332 [INFO] PluginManager:220 - loadIPPluginJar : add ucpd
2025-12-15 12:47:40,335 [INFO] IPUIPlugin:80 - create IPUIPlugin
2025-12-15 12:47:40,335 [INFO] PluginManager:220 - loadIPPluginJar : add usart
2025-12-15 12:47:40,339 [INFO] IPUIPlugin:80 - create IPUIPlugin
2025-12-15 12:47:40,339 [INFO] PluginManager:220 - loadIPPluginJar : add usbx
2025-12-15 12:47:40,487 [FATAL] Updater:351 - Updater called before beeing initialized
2025-12-15 12:47:40,530 [INFO] RulesReader:64 - Compatibility file has been processed (317 Rules)
2025-12-15 12:47:40,547 [INFO] RulesReader:64 - Compatibility file has been processed (317 Rules)
2025-12-15 12:47:40,567 [INFO] CADModel:165 - CPN selected for project level
2025-12-15 12:47:40,568 [INFO] CADModel:114 - Register for checkConnection events
2025-12-15 12:47:40,568 [FATAL] Updater:351 - Updater called before beeing initialized
2025-12-15 12:47:40,568 [ERROR] CADModel:125 - Updater not yet initialized, retry later 
2025-12-15 12:47:40,811 [FATAL] Updater:351 - Updater called before beeing initialized
2025-12-15 12:47:40,813 [INFO] CADModel:165 - CPN selected for project level
2025-12-15 12:47:40,813 [INFO] CADModel:114 - Register for checkConnection events
2025-12-15 12:47:40,813 [FATAL] Updater:351 - Updater called before beeing initialized
2025-12-15 12:47:40,813 [ERROR] CADModel:125 - Updater not yet initialized, retry later 
2025-12-15 12:47:40,817 [FATAL] Updater:351 - Updater called before beeing initialized
2025-12-15 12:47:40,937 [FATAL] Updater:351 - Updater called before beeing initialized
2025-12-15 12:47:40,941 [INFO] DbMcusAds:53 - JSON generation date=Mon Dec 08 19:58:09 IST 2025 (1765204089998)
2025-12-15 12:47:40,941 [FATAL] Updater:351 - Updater called before beeing initialized
2025-12-15 12:47:40,970 [WARN] DetailPanel:346 - Failed to get advertising image, set to default
2025-12-15 12:47:41,056 [FATAL] Updater:351 - Updater called before beeing initialized
2025-12-15 12:47:41,057 [FATAL] Updater:351 - Updater called before beeing initialized
2025-12-15 12:47:41,057 [FATAL] Updater:351 - Updater called before beeing initialized
2025-12-15 12:47:41,058 [WARN] DetailPanel:346 - Failed to get advertising image, set to default
2025-12-15 12:47:41,059 [FATAL] Updater:351 - Updater called before beeing initialized
2025-12-15 12:47:41,096 [ERROR] Updater:1198 - MainUpdater not yet initialized. External WinMGr cannot be set.
2025-12-15 12:47:41,098 [INFO] Updater:1134 - Updater Version found : 6.15.0
2025-12-15 12:47:41,113 [INFO] ApplicationProperties:184 - Using Application install path: C:\ST\STM32CubeIDE_1.19.0\STM32CubeIDE\plugins\com.st.stm32cube.common.mx_6.15.0.202507011659
2025-12-15 12:47:42,275 [INFO] ThirdPartyUpdaterWithRetryManager:70 - Updater plugin not ready yet. [2/15]
2025-12-15 12:47:42,689 [ERROR] LogOutputStream:75 - [STDERR_REDIRECT] Dec 15, 2025 12:47:42 PM java.util.prefs.WindowsPreferences <init>
2025-12-15 12:47:42,693 [ERROR] LogOutputStream:75 - [STDERR_REDIRECT] WARNING: Could not open/create prefs root node Software\JavaSoft\Prefs at root 0xffffffff80000002. Windows RegCreateKeyEx(...) returned error code 5.
2025-12-15 12:47:42,694 [ERROR] LogOutputStream:75 - [STDERR_REDIRECT] 
2025-12-15 12:47:43,240 [INFO] MainUpdater:2872 - connection check result : 10
2025-12-15 12:47:43,241 [INFO] MainUpdater:289 - Updater Check For Update Now.
2025-12-15 12:47:43,242 [INFO] MicroXplorer:498 - Change Database Version : DB.6.0.150
2025-12-15 12:47:43,253 [INFO] McuFinderGlobals:63 - Set McuFinder mode to 2 (CubeIDE integrated)
2025-12-15 12:47:43,254 [INFO] UserAuth:171 - activating auth plugin
2025-12-15 12:47:43,264 [INFO] UserAuth:487 - Internet connection configuration mode: 1
2025-12-15 12:47:43,318 [INFO] JxBrowserEngine:152 - Initiate JxBrowser Engine with user profile folder
2025-12-15 12:47:43,480 [INFO] CheckServerUpdateThread:120 - End of CheckServer Thread
2025-12-15 12:47:44,172 [INFO] WebApp:169 - Instantiating new browser for Auth
2025-12-15 12:47:44,900 [INFO] WebApp:463 - Apply proxy settings
2025-12-15 12:47:44,900 [INFO] WebApp:548 - Chromium requires no authentication
2025-12-15 12:47:44,909 [INFO] WebApp:491 - Direct internet connection detected
2025-12-15 12:47:44,934 [INFO] WebApp:900 - Register for checkConnection events
2025-12-15 12:47:44,934 [INFO] WebApp:463 - Apply proxy settings
2025-12-15 12:47:44,934 [INFO] WebApp:548 - Chromium requires no authentication
2025-12-15 12:47:44,935 [INFO] WebApp:491 - Direct internet connection detected
2025-12-15 12:47:45,146 [INFO] WebApp:225 - Starting web application
2025-12-15 12:47:45,146 [INFO] WebApp:593 - Web application path used C:\ST\STM32CubeIDE_1.19.0\STM32CubeIDE\plugins\com.st.stm32cube.common.mx_6.15.0.202507011659\db\plugins\mcufinder\reactClient1\index.html
2025-12-15 12:47:45,655 [WARN] PackLoader:240 - Cannot read IP mode file for STMicroelectronics.FP-SNS-MOTENVWB1.1.4.0
2025-12-15 12:47:45,673 [WARN] PackLoader:240 - Cannot read IP mode file for STMicroelectronics.FP-ATR-ASTRA1.2.0.2
2025-12-15 12:47:45,689 [WARN] PackLoader:240 - Cannot read IP mode file for STMicroelectronics.X-CUBE-SMBUS.2.1.0
2025-12-15 12:47:45,757 [WARN] PackLoader:240 - Cannot read IP mode file for STMicroelectronics.X-CUBE-AZRTOS-F7.1.1.0
2025-12-15 12:47:45,788 [WARN] PackLoader:240 - Cannot read IP mode file for STMicroelectronics.X-CUBE-DISPLAY.3.0.0
2025-12-15 12:47:45,861 [WARN] PackLoader:240 - Cannot read IP mode file for STMicroelectronics.X-CUBE-NFC10.1.0.0
2025-12-15 12:47:45,880 [WARN] PackLoader:240 - Cannot read IP mode file for STMicroelectronics.FP-SNS-SMARTAG2.1.2.0
2025-12-15 12:47:45,896 [WARN] PackLoader:240 - Cannot read IP mode file for STMicroelectronics.FP-SNS-FLIGHT1.5.1.0
2025-12-15 12:47:45,926 [INFO] LogOutputStream:77 - [STDOUT_REDIRECT] 1 : Invalid condition id : UX_CORESTACK_Condition cause : null
2025-12-15 12:47:45,929 [INFO] LogOutputStream:77 - [STDOUT_REDIRECT] 1 : Invalid condition id : UX_CORESTACK_Condition cause : null
2025-12-15 12:47:45,933 [INFO] LogOutputStream:77 - [STDOUT_REDIRECT] 1 : Invalid condition id : UX_CORESTACK_Condition cause : null
2025-12-15 12:47:45,936 [INFO] LogOutputStream:77 - [STDOUT_REDIRECT] 1 : Invalid condition id : UX_CORESTACK_Condition cause : null
2025-12-15 12:47:45,939 [INFO] LogOutputStream:77 - [STDOUT_REDIRECT] 1 : Invalid condition id : UX_CORESTACK_Condition cause : null
2025-12-15 12:47:45,947 [WARN] PackLoader:240 - Cannot read IP mode file for STMicroelectronics.X-CUBE-AZRTOS-WL.2.0.0
2025-12-15 12:47:45,966 [WARN] PackLoader:240 - Cannot read IP mode file for STMicroelectronics.X-CUBE-BLE2.3.3.0
2025-12-15 12:47:45,985 [WARN] PackLoader:240 - Cannot read IP mode file for STMicroelectronics.X-CUBE-NFC9.1.0.0
2025-12-15 12:47:45,998 [INFO] WebApp:191 - Connection restablished
2025-12-15 12:47:46,000 [WARN] PackLoader:240 - Cannot read IP mode file for STMicroelectronics.X-CUBE-BLE1.7.1.0
2025-12-15 12:47:46,034 [WARN] PackLoader:240 - Cannot read IP mode file for STMicroelectronics.X-CUBE-AZRTOS-G0.1.1.0
2025-12-15 12:47:46,054 [WARN] PackLoader:240 - Cannot read IP mode file for STMicroelectronics.X-CUBE-NFC4.3.0.0
2025-12-15 12:47:46,069 [WARN] PackLoader:240 - Cannot read IP mode file for STMicroelectronics.X-CUBE-WB05N.2.0.0
2025-12-15 12:47:46,082 [WARN] PackLoader:240 - Cannot read IP mode file for STMicroelectronics.X-CUBE-TCPP.4.2.0
2025-12-15 12:47:46,094 [WARN] PackLoader:240 - Cannot read IP mode file for STMicroelectronics.FP-ATR-SIGFOX1.3.2.0
2025-12-15 12:47:46,111 [WARN] PackLoader:240 - Cannot read IP mode file for STMicroelectronics.X-CUBE-ALGOBUILD.1.4.0
2025-12-15 12:47:46,127 [WARN] PackLoader:240 - Cannot read IP mode file for STMicroelectronics.X-CUBE-PM33A1.1.0.0
2025-12-15 12:47:46,161 [WARN] PackLoader:240 - Cannot read IP mode file for STMicroelectronics.X-CUBE-AZRTOS-F4.1.1.0
2025-12-15 12:47:46,180 [WARN] PackLoader:240 - Cannot read IP mode file for STMicroelectronics.X-CUBE-ISPU.2.1.0
2025-12-15 12:47:46,212 [WARN] PackLoader:240 - Cannot read IP mode file for STMicroelectronics.X-CUBE-AZRTOS-L5.2.0.0
2025-12-15 12:47:46,231 [WARN] PackLoader:240 - Cannot read IP mode file for STMicroelectronics.X-CUBE-NFC6.3.1.0
2025-12-15 12:47:46,247 [WARN] PackLoader:240 - Cannot read IP mode file for STMicroelectronics.X-CUBE-DPower.1.3.0
2025-12-15 12:47:46,275 [WARN] ConditionMgr:438 - getConditionDescription Invalid condition id : LAN8742 Phy interface Condition cause : null
2025-12-15 12:47:46,277 [WARN] PackLoader:240 - Cannot read IP mode file for STMicroelectronics.X-CUBE-AZRTOS-L4.2.0.0
2025-12-15 12:47:46,279 [WARN] ConditionMgr:1044 - genDependencies : Invalid condition id : LAN8742 Phy interface Condition cause : null
2025-12-15 12:47:46,279 [WARN] ConditionMgr:1044 - genDependencies : Invalid condition id : LAN8742 Phy interface Condition cause : null
2025-12-15 12:47:46,280 [WARN] ConditionMgr:1044 - genDependencies : Invalid condition id : LAN8742 Phy interface Condition cause : null
2025-12-15 12:47:46,294 [WARN] PackLoader:240 - Cannot read IP mode file for STMicroelectronics.X-CUBE-SFXS2LP1.4.0.0
2025-12-15 12:47:46,315 [WARN] ConditionMgr:438 - getConditionDescription Invalid condition id : UX DEVICE CLASS RTOS Condition cause : null
2025-12-15 12:47:46,315 [WARN] ConditionMgr:438 - getConditionDescription Invalid condition id : UX DEVICE CLASS RTOS Condition cause : null
2025-12-15 12:47:46,319 [WARN] PackLoader:240 - Cannot read IP mode file for STMicroelectronics.X-CUBE-AZRTOS-WB.2.0.0
2025-12-15 12:47:46,320 [WARN] ConditionMgr:1044 - genDependencies : Invalid condition id : UX DEVICE CLASS RTOS Condition cause : null
2025-12-15 12:47:46,321 [WARN] ConditionMgr:1044 - genDependencies : Invalid condition id : UX DEVICE CLASS RTOS Condition cause : null
2025-12-15 12:47:46,321 [WARN] ConditionMgr:1044 - genDependencies : Invalid condition id : UX DEVICE CLASS RTOS Condition cause : null
2025-12-15 12:47:46,323 [WARN] ConditionMgr:1044 - genDependencies : Invalid condition id : UX DEVICE CLASS RTOS Condition cause : null
2025-12-15 12:47:46,324 [WARN] ConditionMgr:1044 - genDependencies : Invalid condition id : UX DEVICE CLASS RTOS Condition cause : null
2025-12-15 12:47:46,343 [WARN] PackLoader:240 - Cannot read IP mode file for STMicroelectronics.X-CUBE-SUBG2.5.0.0
2025-12-15 12:47:46,378 [WARN] PackLoader:240 - Cannot read IP mode file for STMicroelectronics.X-CUBE-AZRTOS-G4.2.0.0
2025-12-15 12:47:46,387 [WARN] PackLoader:240 - Cannot read IP mode file for STMicroelectronics.X-CUBE-NFC7.2.0.0
2025-12-15 12:47:46,396 [WARN] PackLoader:240 - Cannot read IP mode file for STMicroelectronics.X-CUBE-ALS.1.0.2
2025-12-15 12:47:46,410 [WARN] PackLoader:240 - Cannot read IP mode file for STMicroelectronics.X-CUBE-TOF1.3.4.3
2025-12-15 12:47:46,423 [INFO] ThirdParty:978 - Integrity check success = true
2025-12-15 12:47:46,423 [INFO] IntegrityCheckThread:100 - exiting critical section [integrity check]
2025-12-15 12:47:46,423 [INFO] IntegrityCheckThread:103 - End integrity checks thread
2025-12-15 12:47:49,860 [INFO] McuFinderGlobals:63 - Set McuFinder mode to 2 (CubeIDE integrated)
2025-12-15 12:47:49,863 [INFO] MainUpdater:2872 - connection check result : 10
2025-12-15 12:47:50,398 [INFO] ApiDb:581 - Connected to CubeFinder SQLite database (C:\Users\aditi\.stmcufinder\plugins\mcufinder\mcu\cube-finder-db.db)
2025-12-15 12:47:50,494 [INFO] ApiDb:668 - CubeFinder database Data Model version=2.1
2025-12-15 12:47:50,494 [INFO] ApiDb:669 - CubeFinder database Configuration version=3.0.39
2025-12-15 12:47:50,495 [INFO] ApiDb:670 - CubeFinder database generation date=2025-11-05 (1762334721)
2025-12-15 12:47:50,495 [INFO] ApiDb:671 - CubeFinder database FW Pack versions=[FP-ATR-ASTRA1_V2.0.0, FP-SNS-FLIGHT1_V5.1.0, FP-SNS-MOTENV1_V5.1.0, FP-SNS-MOTENVWB1_V1.4.0, FP-SNS-SMARTAG2_V1.2.0, FP-SNS-STBOX1_V2.1.0, STM32Cube_FW_C0_V1.4.0, STM32Cube_FW_F4_V1.28.3, STM32Cube_FW_F7_V1.17.4, STM32Cube_FW_G0_V1.6.2, STM32Cube_FW_G4_V1.6.1, STM32Cube_FW_H5_V1.5.1, STM32Cube_FW_H7RS_V1.3.0, STM32Cube_FW_H7_V1.12.1, STM32Cube_FW_L0_V1.12.2, STM32Cube_FW_L4_V1.18.1, STM32Cube_FW_L5_V1.6.0, STM32Cube_FW_N6_V1.3.0, STM32Cube_FW_U0_V1.3.0, STM32Cube_FW_U3_V1.2.1, STM32Cube_FW_U5_V1.8.0, STM32Cube_FW_WB0_V1.4.0, STM32Cube_FW_WBA_V1.8.0, STM32Cube_FW_WB_V1.24.0, STM32Cube_FW_WL3_V1.3.0, STM32Cube_FW_WL_V1.4.0, X-CUBE-ALGOBUILD_V1.4.0, X-CUBE-ALS_V1.0.2, X-CUBE-AZRTOS-F4_V1.1.0, X-CUBE-AZRTOS-F7_V1.1.0, X-CUBE-AZRTOS-G0_V1.1.0, X-CUBE-AZRTOS-G4_V2.0.0, X-CUBE-AZRTOS-H7RS_V1.1.0, X-CUBE-AZRTOS-H7_V3.4.0, X-CUBE-AZRTOS-L4_V2.0.0, X-CUBE-AZRTOS-L5_V2.0.0, X-CUBE-AZRTOS-WB_V2.0.0, X-CUBE-AZRTOS-WL_V2.0.0, X-CUBE-BLE1_V7.1.0, X-CUBE-BLE2_V3.3.0, X-CUBE-BLEMGR_V4.1.0, X-CUBE-EEPRMA1_V5.2.0, X-CUBE-FREERTOS_V1.3.1, X-CUBE-GNSS1_V6.0.0, X-CUBE-MEMS1_V11.3.0, X-CUBE-NFC4_V3.0.0, X-CUBE-NFC7_V2.0.0, X-CUBE-SFXS2LP1_V4.0.0, X-CUBE-ST67W61_V1.1.0, X-CUBE-SUBG2_V5.0.0, X-CUBE-TOF1_V3.4.3]
2025-12-15 12:47:52,884 [INFO] ApiDb:240 - Found 880 in-development CPN: [B-G473E-ZEST1S, B-WB1M-WPAN1, B-WBA5M-WPAN, B-WL5M-SUBG1, NUCLEO-C031C6, NUCLEO-C051C8, NUCLEO-C071RB, NUCLEO-C092RC, NUCLEO-H503RB, NUCLEO-H533RE, NUCLEO-H563ZI, NUCLEO-H7S3L8, NUCLEO-N657X0-Q, NUCLEO-U031R8, NUCLEO-U083RC, NUCLEO-U385RG-Q, NUCLEO-U545RE-Q, NUCLEO-U5A5ZJ-Q, NUCLEO-WB05KZ, NUCLEO-WB07CC, NUCLEO-WB09KE, NUCLEO-WBA52CG, NUCLEO-WBA55CG, NUCLEO-WL33CC1, NUCLEO-WL33CC2, STEVAL-PROTEUS1, STEVAL-SMARTAG2, STEVAL-STWINBX1, STM320518-EVAL, STM32C0116-DK, STM32C011D6Y3TR, STM32C011D6Y6TR, STM32C011F4P3, STM32C011F4P6, STM32C011F4U3, STM32C011F4U6TR, STM32C011F6P3, STM32C011F6P6, STM32C011F6U3, STM32C011F6U6TR, STM32C011J4M3, STM32C011J4M6, STM32C011J6M3, STM32C011J6M6, STM32C0316-DK, STM32C031C4T3, STM32C031C4T6, STM32C031C4U3, STM32C031C4U6, STM32C031C6T3, STM32C031C6T6, STM32C031C6U3, STM32C031C6U6, STM32C031F4P3, STM32C031F4P6, STM32C031F6P3, STM32C031F6P6, STM32C031G4U3, STM32C031G4U6, STM32C031G6U3, STM32C031G6U6, STM32C031K4T3, STM32C031K4T6, STM32C031K4U3, STM32C031K4U6, STM32C031K6T3, STM32C031K6T6, STM32C031K6U3, STM32C031K6U6, STM32C051C6T6, STM32C051C6U6, STM32C051C8T6, STM32C051C8U6, STM32C051D8Y6TR, STM32C051F6P6, STM32C051F8P6, STM32C051G6U6, STM32C051G8U6, STM32C051K6T6, STM32C051K6U6, STM32C051K8T6, STM32C071C8T6, STM32C071C8T6N, STM32C071C8U6, STM32C071C8U6N, STM32C071CBT6, STM32C071CBT6N, STM32C071CBU6, STM32C071CBU6N, STM32C071F8P6, STM32C071F8P6N, STM32C071FBP6, STM32C071FBP6N, STM32C071FBY6TR, STM32C071G8U6, STM32C071G8U6N, STM32C071GBU6, STM32C071GBU6N, STM32C071K8T6, STM32C071K8T6N, STM32C071K8U6, STM32C071K8U6N, STM32C071KBT6, STM32C071KBT6N, STM32C071KBU6, STM32C071KBU6N, STM32C071R8T6, STM32C071R8T6N, STM32C071RBI6N, STM32C071RBT6, STM32C071RBT6N, STM32C091CBT6, STM32C091CBU6, STM32C091CCT6, STM32C091CCU6, STM32C091ECY6TR, STM32C091FBP6, STM32C091FCP6, STM32C091GBU6, STM32C091GCU6, STM32C091KBT6, STM32C091KBU6, STM32C091KCT6, STM32C091KCU6, STM32C091RBT6, STM32C091RCI6, STM32C091RCT6, STM32C092CBT6, STM32C092CBU6, STM32C092CCT6, STM32C092CCU6, STM32C092ECY6TR, STM32C092FBP6, STM32C092FCP6, STM32C092GBU6, STM32C092GCU6, STM32C092KBT6, STM32C092KBU6, STM32C092KCT6, STM32C092KCU6, STM32C092RBT6, STM32C092RCI6, STM32C092RCT6, STM32G071K8TXN, STM32G071K8UXN, STM32G081GBU6N, STM32G081KBT6N, STM32G081KBUXN, STM32G0B1CCT6N, STM32G0B1KCT6, STM32G0B1NEY6TR, STM32G0B1RCT6N, STM32G0C1CCT6, STM32G0C1CCT6N, STM32G0C1CCU6N, STM32G0C1CET6N, STM32G0C1CEU6N, STM32G0C1KCT6, STM32G0C1NEY6TR, STM32G0C1RCI6N, STM32G0C1RCT6N, STM32G0C1REI6N, STM32G0C1RET6N, STM32G0C1VCI6, STM32G0C1VEI6, STM32G411C6T3, STM32G411C6T6, STM32G411C6U3, STM32G411C6U6, STM32G411C8T3, STM32G411C8T6, STM32G411C8U3, STM32G411C8U6, STM32G411CBT3, STM32G411CBT6, STM32G411CBU3, STM32G411CBU6, STM32G411K6T3, STM32G411K6T6, STM32G411K6U3, STM32G411K6U6, STM32G411K8T3, STM32G411K8T6, STM32G411K8U3, STM32G411K8U6, STM32G411KBT3, STM32G411KBT6, STM32G411KBU3, STM32G411KBU6, STM32G411M6T3, STM32G411M6T6, STM32G411M8T3, STM32G411M8T6, STM32G411MBT3, STM32G411MBT6, STM32G411R6T3, STM32G411R6T6, STM32G411R8T3, STM32G411R8T6, STM32G411RBT3, STM32G411RBT6, STM32G414CBT3, STM32G414CBT6, STM32G414CBU3, STM32G414CBU6, STM32G414CCT3, STM32G414CCT6, STM32G414CCU3, STM32G414CCU6, STM32G414MBT3, STM32G414MBT6, STM32G414MCT3, STM32G414MCT6, STM32G414RBT3, STM32G414RBT6, STM32G414RCT3, STM32G414RCT6, STM32G414VBT3, STM32G414VBT6, STM32G414VCT3, STM32G414VCT6, STM32G431CBT3Z, STM32G431RBT3Z, STM32G471CCT6, STM32G471CCU6, STM32G471CET3, STM32G471CET6, STM32G471CEU3, STM32G471CEU6, STM32G471MCT6, STM32G471MET3, STM32G471MET6, STM32G471MEY6TR, STM32G471QCT6, STM32G471QET3, STM32G471RCT6, STM32G471RET3, STM32G471RET6, STM32G471VCH6, STM32G471VCI6, STM32G471VCT6, STM32G471VEH3, STM32G471VEH6, STM32G471VEI3, STM32G471VEI6, STM32G471VET3, STM32G471VET6, STM32G473QET3Z, STM32G473RET3Z, STM32G474CCT6, STM32G491RET3Z, STM32H503CBT6, STM32H503CBU6, STM32H503EBY6TR, STM32H503KBU6, STM32H503RBT6, STM32H523CCT6, STM32H523CCU6, STM32H523CET6, STM32H523CEU6, STM32H523HEY6TR, STM32H523RCT6, STM32H523RET6, STM32H523VCI6, STM32H523VCT6, STM32H523VEI6, STM32H523VET6, STM32H523ZCJ6, STM32H523ZCT6, STM32H523ZEJ6, STM32H523ZET6, STM32H533CET6, STM32H533CEU6, STM32H533HEY6TR, STM32H533RET6, STM32H533VEI6, STM32H533VET6, STM32H533ZEJ6, STM32H533ZET6, STM32H562AGI6, STM32H562AII6, STM32H562IGK6, STM32H562IGT6, STM32H562IIK6, STM32H562IIT6, STM32H562RGT6, STM32H562RGV6, STM32H562RIT6, STM32H562RIV6, STM32H562VGT6, STM32H562VIT6, STM32H562ZGT6, STM32H562ZIT6, STM32H563AGI6, STM32H563AII3Q, STM32H563AII6, STM32H563IGK6, STM32H563IGT6, STM32H563IIK3Q, STM32H563IIK6, STM32H563IIT3Q, STM32H563IIT6, STM32H563MIY3QTR, STM32H563RGT6, STM32H563RGV6, STM32H563RIT6, STM32H563RIV6, STM32H563VGT6, STM32H563VIT3Q, STM32H563VIT6, STM32H563ZGT6, STM32H563ZIT3Q, STM32H563ZIT6, STM32H573AII3Q, STM32H573AII6, STM32H573I-DK, STM32H573IIK3Q, STM32H573IIK6, STM32H573IIT3Q, STM32H573IIT6, STM32H573MIY3QTR, STM32H573RIT6, STM32H573RIV6, STM32H573VIT3Q, STM32H573VIT6, STM32H573ZIT3Q, STM32H573ZIT6, STM32H7R3A8I6, STM32H7R3I8K6, STM32H7R3I8T6, STM32H7R3L8H6, STM32H7R3L8H6H, STM32H7R3R8V6, STM32H7R3V8H6, STM32H7R3V8T6, STM32H7R3V8Y6TR, STM32H7R3Z8J6, STM32H7R3Z8T6, STM32H7R7A8I6, STM32H7R7I8K6, STM32H7R7I8T6, STM32H7R7L8H6, STM32H7R7L8H6H, STM32H7R7Z8J6, STM32H7S3A8I6, STM32H7S3I8K6, STM32H7S3I8T6, STM32H7S3L8H6, STM32H7S3L8H6H, STM32H7S3R8V6, STM32H7S3V8H6, STM32H7S3V8T6, STM32H7S3V8Y6TR, STM32H7S3Z8J6, STM32H7S3Z8T6, STM32H7S78-DK, STM32H7S7A8I6, STM32H7S7I8K6, STM32H7S7I8T6, STM32H7S7L8H6, STM32H7S7L8H6H, STM32H7S7Z8J6, STM32L4R5QGI6STR, STM32MP131AAE3, STM32MP131AAF3, STM32MP131AAG3, STM32MP131CAE3, STM32MP131CAF3, STM32MP131CAG3, STM32MP131DAE7, STM32MP131DAF7, STM32MP131DAG7, STM32MP131FAE7, STM32MP131FAF7, STM32MP131FAG7, STM32MP133AAE3, STM32MP133AAF3, STM32MP133AAG3, STM32MP133CAE3, STM32MP133CAF3, STM32MP133CAG3, STM32MP133DAE7, STM32MP133DAF7, STM32MP133DAG7, STM32MP133FAE7, STM32MP133FAF7, STM32MP133FAG7, STM32MP135AAE3, STM32MP135AAF3, STM32MP135AAG3, STM32MP135CAE3, STM32MP135CAF3, STM32MP135CAG3, STM32MP135DAE7, STM32MP135DAF7, STM32MP135DAG7, STM32MP135F-DK, STM32MP135FAE7, STM32MP135FAF7, STM32MP135FAF7T, STM32MP135FAF7U, STM32MP135FAG7, STM32MP211AAL3, STM32MP211AAM3, STM32MP211AAN3, STM32MP211AAO3, STM32MP211CAL3, STM32MP211CAM3, STM32MP211CAN3, STM32MP211CAO3, STM32MP211DAL3, STM32MP211DAM3, STM32MP211DAN3, STM32MP211DAO3, STM32MP211FAL3, STM32MP211FAM3, STM32MP211FAN3, STM32MP211FAO3, STM32MP213AAL3, STM32MP213AAM3, STM32MP213AAN3, STM32MP213AAO3, STM32MP213CAL3, STM32MP213CAM3, STM32MP213CAN3, STM32MP213CAO3, STM32MP213DAL3, STM32MP213DAM3, STM32MP213DAN3, STM32MP213DAO3, STM32MP213FAL3, STM32MP213FAM3, STM32MP213FAN3, STM32MP213FAO3, STM32MP215AAL3, STM32MP215AAM3, STM32MP215AAN3, STM32MP215AAO3, STM32MP215CAL3, STM32MP215CAM3, STM32MP215CAN3, STM32MP215CAO3, STM32MP215DAL3, STM32MP215DAM3, STM32MP215DAN3, STM32MP215DAO3, STM32MP215F-DK, STM32MP215FAL3, STM32MP215FAM3, STM32MP215FAN3, STM32MP215FAO3, STM32MP231AAJ3, STM32MP231AAK3, STM32MP231AAL3, STM32MP231CAJ3, STM32MP231CAK3, STM32MP231CAL3, STM32MP231DAJ3, STM32MP231DAK3, STM32MP231DAL3, STM32MP231FAJ3, STM32MP231FAK3, STM32MP231FAL3, STM32MP233AAJ3, STM32MP233AAK3, STM32MP233AAL3, STM32MP233CAJ3, STM32MP233CAK3, STM32MP233CAL3, STM32MP233DAJ3, STM32MP233DAK3, STM32MP233DAL3, STM32MP233FAJ3, STM32MP233FAK3, STM32MP233FAL3, STM32MP235AAJ3, STM32MP235AAK3, STM32MP235AAL3, STM32MP235CAJ3, STM32MP235CAK3, STM32MP235CAL3, STM32MP235DAJ3, STM32MP235DAK3, STM32MP235DAL3, STM32MP235FAJ3, STM32MP235FAK3, STM32MP235FAL3, STM32MP251AAI3, STM32MP251AAK3, STM32MP251AAL3, STM32MP251CAI3, STM32MP251CAK3, STM32MP251CAL3, STM32MP251DAI3, STM32MP251DAK3, STM32MP251DAL3, STM32MP251FAI3, STM32MP251FAK3, STM32MP251FAL3, STM32MP253AAI3, STM32MP253AAK3, STM32MP253AAL3, STM32MP253CAI3, STM32MP253CAK3, STM32MP253CAL3, STM32MP253DAI3, STM32MP253DAK3, STM32MP253DAL3, STM32MP253FAI3, STM32MP253FAK3, STM32MP253FAL3, STM32MP255AAI3, STM32MP255AAK3, STM32MP255AAL3, STM32MP255CAI3, STM32MP255CAK3, STM32MP255CAL3, STM32MP255DAI3, STM32MP255DAK3, STM32MP255DAL3, STM32MP255FAI3, STM32MP255FAK3, STM32MP255FAL3, STM32MP257AAI3, STM32MP257AAK3, STM32MP257AAL3, STM32MP257CAI3, STM32MP257CAK3, STM32MP257CAL3, STM32MP257DAI3, STM32MP257DAK3, STM32MP257DAL3, STM32MP257F-DK, STM32MP257F-EV1, STM32MP257FAI3, STM32MP257FAK3, STM32MP257FAL3, STM32N645A0H3Q, STM32N645B0H3Q, STM32N645I0H3Q, STM32N645L0H3Q, STM32N645X0H3Q, STM32N645Z0H3Q, STM32N647A0H3Q, STM32N647B0H3Q, STM32N647I0H3Q, STM32N647L0H3Q, STM32N647X0H3Q, STM32N647Z0H3Q, STM32N655A0H3Q, STM32N655B0H3Q, STM32N655I0H3Q, STM32N655L0H3Q, STM32N655X0H3Q, STM32N655Z0H3Q, STM32N6570-DK, STM32N657A0H3Q, STM32N657B0H3Q, STM32N657I0H3Q, STM32N657L0H3Q, STM32N657X0H3Q, STM32N657Z0H3Q, STM32U031C6T6, STM32U031C6U6, STM32U031C8T6, STM32U031C8U6, STM32U031F4P6, STM32U031F6P6, STM32U031F8P6, STM32U031G6Y6TR, STM32U031G8Y6TR, STM32U031K4U6, STM32U031K6U6, STM32U031K8U6, STM32U031R6I6, STM32U031R6T6, STM32U031R8I6, STM32U031R8T6, STM32U073C8T6, STM32U073C8U6, STM32U073CBT6, STM32U073CBU6, STM32U073CCT6, STM32U073CCU6, STM32U073H8Y6TR, STM32U073HBY6TR, STM32U073HCY6TR, STM32U073K8U6, STM32U073KBU6, STM32U073KCU6, STM32U073M8I6, STM32U073M8T6, STM32U073MBI6, STM32U073MBT6, STM32U073MCI6, STM32U073MCT6, STM32U073R8I6, STM32U073R8T6, STM32U073RBI6, STM32U073RBT6, STM32U073RCI6, STM32U073RCT6, STM32U083C-DK, STM32U083CCT6, STM32U083CCU6, STM32U083HCY6TR, STM32U083KCU6, STM32U083MCI6, STM32U083MCT6, STM32U083RCI6, STM32U083RCT6, STM32U375CET6, STM32U375CET6Q, STM32U375CEU6, STM32U375CEU6Q, STM32U375CEY6QTR, STM32U375CGT6, STM32U375CGT6Q, STM32U375CGU6, STM32U375CGU6Q, STM32U375CGY6QTR, STM32U375KEU6, STM32U375KGU6, STM32U375REI6, STM32U375REI6Q, STM32U375RET6, STM32U375RET6Q, STM32U375REY6GTR, STM32U375REY6QTR, STM32U375RGI6, STM32U375RGI6Q, STM32U375RGT6, STM32U375RGT6Q, STM32U375RGY6GTR, STM32U375RGY6QTR, STM32U375VEI6, STM32U375VEI6Q, STM32U375VET6, STM32U375VET6Q, STM32U375VGI6, STM32U375VGI6Q, STM32U375VGT6, STM32U375VGT6Q, STM32U385CGT6, STM32U385CGT6Q, STM32U385CGU6, STM32U385CGU6Q, STM32U385CGY6QTR, STM32U385KGU6, STM32U385RGI6, STM32U385RGI6Q, STM32U385RGT6, STM32U385RGT6Q, STM32U385RGY6GTR, STM32U385RGY6QTR, STM32U385VGI6, STM32U385VGI6Q, STM32U385VGT6, STM32U385VGT6Q, STM32U535CBT6, STM32U535CBT6Q, STM32U535CBU6, STM32U535CBU6Q, STM32U535CCT6, STM32U535CCT6Q, STM32U535CCU6, STM32U535CCU6Q, STM32U535CET6, STM32U535CET6Q, STM32U535CEU6, STM32U535CEU6Q, STM32U535JEY6QTR, STM32U535NCY6QTR, STM32U535NEY6QTR, STM32U535RBI6, STM32U535RBI6Q, STM32U535RBT6, STM32U535RBT6Q, STM32U535RCI6, STM32U535RCI6Q, STM32U535RCT6, STM32U535RCT6Q, STM32U535REI6, STM32U535REI6Q, STM32U535RET6, STM32U535RET6Q, STM32U535VCI6, STM32U535VCI6Q, STM32U535VCT6, STM32U535VCT6Q, STM32U535VEI6, STM32U535VEI6Q, STM32U535VET6, STM32U535VET6Q, STM32U545CET6, STM32U545CET6Q, STM32U545CEU6, STM32U545CEU6Q, STM32U545JEY6QTR, STM32U545NEY6QTR, STM32U545REI6, STM32U545REI6Q, STM32U545RET6, STM32U545RET6Q, STM32U545VEI6, STM32U545VEI6Q, STM32U545VET6, STM32U545VET6Q, STM32U595AIH6, STM32U595AIH6Q, STM32U595AJH6, STM32U595AJH6Q, STM32U595QII6, STM32U595QII6Q, STM32U595QJI6, STM32U595QJI6Q, STM32U595RIT6, STM32U595RIT6Q, STM32U595RJT6, STM32U595RJT6Q, STM32U595VIT6, STM32U595VIT6Q, STM32U595VJT6, STM32U595VJT6Q, STM32U595ZIT6, STM32U595ZIT6Q, STM32U595ZIY6QTR, STM32U595ZJT6, STM32U595ZJT6Q, STM32U595ZJY6QTR, STM32U599BJY6QTR, STM32U599NIH6Q, STM32U599NJH6Q, STM32U599VIT6Q, STM32U599VJT6, STM32U599VJT6Q, STM32U599ZIT6Q, STM32U599ZIY6QTR, STM32U599ZJT6Q, STM32U599ZJY6QTR, STM32U5A5AJH6, STM32U5A5AJH6Q, STM32U5A5QII3Q , STM32U5A5QJI6, STM32U5A5QJI6Q, STM32U5A5RJT6, STM32U5A5RJT6Q, STM32U5A5VJT6, STM32U5A5VJT6Q, STM32U5A5ZJT6, STM32U5A5ZJT6Q, STM32U5A5ZJY6QTR, STM32U5A9BJY6QTR, STM32U5A9J-DK, STM32U5A9NJH6Q, STM32U5A9VJT6Q, STM32U5A9ZJT6Q, STM32U5A9ZJY6QTR, STM32U5F7VIT6, STM32U5F7VIT6Q, STM32U5F7VJT6, STM32U5F7VJT6Q, STM32U5F9BJY6QTR, STM32U5F9NJH6Q, STM32U5F9VIT6Q, STM32U5F9VJT6Q, STM32U5F9ZIJ6QTR, STM32U5F9ZIT6Q, STM32U5F9ZJJ6QTR, STM32U5F9ZJT6Q, STM32U5G7VJT6, STM32U5G7VJT6Q, STM32U5G9BJY6QTR, STM32U5G9J-DK1, STM32U5G9J-DK2, STM32U5G9NJH6Q, STM32U5G9VJT6Q, STM32U5G9ZJJ6QTR, STM32U5G9ZJT6Q, STM32WB05KZV6TR, STM32WB05KZV7TR, STM32WB05TZF6TR, STM32WB05TZF7TR, STM32WB06CCF6TR, STM32WB06CCF7TR, STM32WB06CCV6TR, STM32WB06CCV7TR, STM32WB06KCV6TR, STM32WB06KCV7TR, STM32WB07CCF6TR, STM32WB07CCF7TR, STM32WB07CCV6TR, STM32WB07CCV7TR, STM32WB07KCV6TR, STM32WB07KCV7TR, STM32WB09KEV6TR, STM32WB09KEV7TR, STM32WB09TEF6TR, STM32WB09TEF7TR, STM32WB1MMCH6, STM32WBA50KGU6, STM32WBA50KGU6TR, STM32WBA52CEU6, STM32WBA52CEU6TR, STM32WBA52CEU7, STM32WBA52CEU7TR, STM32WBA52CGU6, STM32WBA52CGU6TR, STM32WBA52CGU6U, STM32WBA52CGU7, STM32WBA52CGU7TR, STM32WBA52KEU6, STM32WBA52KEU6TR, STM32WBA52KGU6, STM32WBA52KGU6TR, STM32WBA54CEU6, STM32WBA54CEU6TR, STM32WBA54CEU7, STM32WBA54CEU7TR, STM32WBA54CGU6, STM32WBA54CGU6TR, STM32WBA54CGU7, STM32WBA54CGU7TR, STM32WBA54KEU6, STM32WBA54KEU6TR, STM32WBA54KEU7, STM32WBA54KEU7TR, STM32WBA54KGU6, STM32WBA54KGU6TR, STM32WBA54KGU7, STM32WBA54KGU7TR, STM32WBA55CEU6, STM32WBA55CEU6TR, STM32WBA55CEU7, STM32WBA55CEU7TR, STM32WBA55CGU6, STM32WBA55CGU6TR, STM32WBA55CGU6U, STM32WBA55CGU7, STM32WBA55CGU7TR, STM32WBA55G-DK1, STM32WBA55HEF6, STM32WBA55HEF7, STM32WBA55HGF6, STM32WBA55HGF7, STM32WBA55UEI6, STM32WBA55UEI6TR, STM32WBA55UEI7, STM32WBA55UEI7TR, STM32WBA55UGI6, STM32WBA55UGI6TR, STM32WBA55UGI7, STM32WBA55UGI7TR, STM32WBA5MMGH6TR, STM32WBA62MGF6, STM32WBA62MIF6, STM32WBA65MGF7, STM32WBA65MIF6, STM32WBA65MIF7, STM32WL30K8V6, STM32WL30KBV6, STM32WL31C8V6, STM32WL31CBV6, STM32WL31K8V6, STM32WL31KBV6, STM32WL33C8V6, STM32WL33C8V6X, STM32WL33CBV6, STM32WL33CBV6X, STM32WL33CCV6, STM32WL33CCV6A, STM32WL33CCV6X, STM32WL33K8V7, STM32WL33K8V7X, STM32WL33KBV7 , STM32WL33KBV7X, STM32WL33KCV7, STM32WL33KCV7X, STM32WL5MOCH6, STM32WL5MOCH6TR]
2025-12-15 12:47:52,887 [INFO] DbMcus:218 - Found 4876 MCUs, 4876 are supported
2025-12-15 12:47:52,890 [INFO] ApiDb:423 - Load user favorites file C:\Users\aditi/.stm32cubeide/favorites.mcus.txt: 0 item(s)
2025-12-15 12:47:52,890 [INFO] ApiDb:427 - User favorites MCUs=[]
2025-12-15 12:47:52,890 [INFO] DbMcus:224 - Set 0 / 0 favorites MCUs
2025-12-15 12:47:53,330 [INFO] ApiDb:668 - CubeFinder database Data Model version=2.1
2025-12-15 12:47:53,330 [INFO] ApiDb:669 - CubeFinder database Configuration version=3.0.39
2025-12-15 12:47:53,330 [INFO] ApiDb:670 - CubeFinder database generation date=2025-11-05 (1762334721)
2025-12-15 12:47:53,330 [INFO] ApiDb:671 - CubeFinder database FW Pack versions=[FP-ATR-ASTRA1_V2.0.0, FP-SNS-FLIGHT1_V5.1.0, FP-SNS-MOTENV1_V5.1.0, FP-SNS-MOTENVWB1_V1.4.0, FP-SNS-SMARTAG2_V1.2.0, FP-SNS-STBOX1_V2.1.0, STM32Cube_FW_C0_V1.4.0, STM32Cube_FW_F4_V1.28.3, STM32Cube_FW_F7_V1.17.4, STM32Cube_FW_G0_V1.6.2, STM32Cube_FW_G4_V1.6.1, STM32Cube_FW_H5_V1.5.1, STM32Cube_FW_H7RS_V1.3.0, STM32Cube_FW_H7_V1.12.1, STM32Cube_FW_L0_V1.12.2, STM32Cube_FW_L4_V1.18.1, STM32Cube_FW_L5_V1.6.0, STM32Cube_FW_N6_V1.3.0, STM32Cube_FW_U0_V1.3.0, STM32Cube_FW_U3_V1.2.1, STM32Cube_FW_U5_V1.8.0, STM32Cube_FW_WB0_V1.4.0, STM32Cube_FW_WBA_V1.8.0, STM32Cube_FW_WB_V1.24.0, STM32Cube_FW_WL3_V1.3.0, STM32Cube_FW_WL_V1.4.0, X-CUBE-ALGOBUILD_V1.4.0, X-CUBE-ALS_V1.0.2, X-CUBE-AZRTOS-F4_V1.1.0, X-CUBE-AZRTOS-F7_V1.1.0, X-CUBE-AZRTOS-G0_V1.1.0, X-CUBE-AZRTOS-G4_V2.0.0, X-CUBE-AZRTOS-H7RS_V1.1.0, X-CUBE-AZRTOS-H7_V3.4.0, X-CUBE-AZRTOS-L4_V2.0.0, X-CUBE-AZRTOS-L5_V2.0.0, X-CUBE-AZRTOS-WB_V2.0.0, X-CUBE-AZRTOS-WL_V2.0.0, X-CUBE-BLE1_V7.1.0, X-CUBE-BLE2_V3.3.0, X-CUBE-BLEMGR_V4.1.0, X-CUBE-EEPRMA1_V5.2.0, X-CUBE-FREERTOS_V1.3.1, X-CUBE-GNSS1_V6.0.0, X-CUBE-MEMS1_V11.3.0, X-CUBE-NFC4_V3.0.0, X-CUBE-NFC7_V2.0.0, X-CUBE-SFXS2LP1_V4.0.0, X-CUBE-ST67W61_V1.1.0, X-CUBE-SUBG2_V5.0.0, X-CUBE-TOF1_V3.4.3]
2025-12-15 12:47:53,386 [INFO] DbBoardsSqlite:226 - include board P-NUCLEO-WB55-NUCLEO as a kit item of type 'Nucleo-64'
2025-12-15 12:47:53,386 [INFO] DbBoardsSqlite:226 - include board P-NUCLEO-WB55-USBDONGLE as a kit item of type 'Nucleo USB Dongle'
2025-12-15 12:47:53,386 [INFO] DbBoardsSqlite:226 - include board STEVAL-IDP005V1 as a kit item of type 'Evaluation Board'
2025-12-15 12:47:53,386 [INFO] DbBoardsSqlite:226 - include board STEVAL-IDP005V2 as a kit item of type 'Evaluation Board'
2025-12-15 12:47:53,439 [INFO] ApiDb:240 - Found 880 in-development CPN: [B-G473E-ZEST1S, B-WB1M-WPAN1, B-WBA5M-WPAN, B-WL5M-SUBG1, NUCLEO-C031C6, NUCLEO-C051C8, NUCLEO-C071RB, NUCLEO-C092RC, NUCLEO-H503RB, NUCLEO-H533RE, NUCLEO-H563ZI, NUCLEO-H7S3L8, NUCLEO-N657X0-Q, NUCLEO-U031R8, NUCLEO-U083RC, NUCLEO-U385RG-Q, NUCLEO-U545RE-Q, NUCLEO-U5A5ZJ-Q, NUCLEO-WB05KZ, NUCLEO-WB07CC, NUCLEO-WB09KE, NUCLEO-WBA52CG, NUCLEO-WBA55CG, NUCLEO-WL33CC1, NUCLEO-WL33CC2, STEVAL-PROTEUS1, STEVAL-SMARTAG2, STEVAL-STWINBX1, STM320518-EVAL, STM32C0116-DK, STM32C011D6Y3TR, STM32C011D6Y6TR, STM32C011F4P3, STM32C011F4P6, STM32C011F4U3, STM32C011F4U6TR, STM32C011F6P3, STM32C011F6P6, STM32C011F6U3, STM32C011F6U6TR, STM32C011J4M3, STM32C011J4M6, STM32C011J6M3, STM32C011J6M6, STM32C0316-DK, STM32C031C4T3, STM32C031C4T6, STM32C031C4U3, STM32C031C4U6, STM32C031C6T3, STM32C031C6T6, STM32C031C6U3, STM32C031C6U6, STM32C031F4P3, STM32C031F4P6, STM32C031F6P3, STM32C031F6P6, STM32C031G4U3, STM32C031G4U6, STM32C031G6U3, STM32C031G6U6, STM32C031K4T3, STM32C031K4T6, STM32C031K4U3, STM32C031K4U6, STM32C031K6T3, STM32C031K6T6, STM32C031K6U3, STM32C031K6U6, STM32C051C6T6, STM32C051C6U6, STM32C051C8T6, STM32C051C8U6, STM32C051D8Y6TR, STM32C051F6P6, STM32C051F8P6, STM32C051G6U6, STM32C051G8U6, STM32C051K6T6, STM32C051K6U6, STM32C051K8T6, STM32C071C8T6, STM32C071C8T6N, STM32C071C8U6, STM32C071C8U6N, STM32C071CBT6, STM32C071CBT6N, STM32C071CBU6, STM32C071CBU6N, STM32C071F8P6, STM32C071F8P6N, STM32C071FBP6, STM32C071FBP6N, STM32C071FBY6TR, STM32C071G8U6, STM32C071G8U6N, STM32C071GBU6, STM32C071GBU6N, STM32C071K8T6, STM32C071K8T6N, STM32C071K8U6, STM32C071K8U6N, STM32C071KBT6, STM32C071KBT6N, STM32C071KBU6, STM32C071KBU6N, STM32C071R8T6, STM32C071R8T6N, STM32C071RBI6N, STM32C071RBT6, STM32C071RBT6N, STM32C091CBT6, STM32C091CBU6, STM32C091CCT6, STM32C091CCU6, STM32C091ECY6TR, STM32C091FBP6, STM32C091FCP6, STM32C091GBU6, STM32C091GCU6, STM32C091KBT6, STM32C091KBU6, STM32C091KCT6, STM32C091KCU6, STM32C091RBT6, STM32C091RCI6, STM32C091RCT6, STM32C092CBT6, STM32C092CBU6, STM32C092CCT6, STM32C092CCU6, STM32C092ECY6TR, STM32C092FBP6, STM32C092FCP6, STM32C092GBU6, STM32C092GCU6, STM32C092KBT6, STM32C092KBU6, STM32C092KCT6, STM32C092KCU6, STM32C092RBT6, STM32C092RCI6, STM32C092RCT6, STM32G071K8TXN, STM32G071K8UXN, STM32G081GBU6N, STM32G081KBT6N, STM32G081KBUXN, STM32G0B1CCT6N, STM32G0B1KCT6, STM32G0B1NEY6TR, STM32G0B1RCT6N, STM32G0C1CCT6, STM32G0C1CCT6N, STM32G0C1CCU6N, STM32G0C1CET6N, STM32G0C1CEU6N, STM32G0C1KCT6, STM32G0C1NEY6TR, STM32G0C1RCI6N, STM32G0C1RCT6N, STM32G0C1REI6N, STM32G0C1RET6N, STM32G0C1VCI6, STM32G0C1VEI6, STM32G411C6T3, STM32G411C6T6, STM32G411C6U3, STM32G411C6U6, STM32G411C8T3, STM32G411C8T6, STM32G411C8U3, STM32G411C8U6, STM32G411CBT3, STM32G411CBT6, STM32G411CBU3, STM32G411CBU6, STM32G411K6T3, STM32G411K6T6, STM32G411K6U3, STM32G411K6U6, STM32G411K8T3, STM32G411K8T6, STM32G411K8U3, STM32G411K8U6, STM32G411KBT3, STM32G411KBT6, STM32G411KBU3, STM32G411KBU6, STM32G411M6T3, STM32G411M6T6, STM32G411M8T3, STM32G411M8T6, STM32G411MBT3, STM32G411MBT6, STM32G411R6T3, STM32G411R6T6, STM32G411R8T3, STM32G411R8T6, STM32G411RBT3, STM32G411RBT6, STM32G414CBT3, STM32G414CBT6, STM32G414CBU3, STM32G414CBU6, STM32G414CCT3, STM32G414CCT6, STM32G414CCU3, STM32G414CCU6, STM32G414MBT3, STM32G414MBT6, STM32G414MCT3, STM32G414MCT6, STM32G414RBT3, STM32G414RBT6, STM32G414RCT3, STM32G414RCT6, STM32G414VBT3, STM32G414VBT6, STM32G414VCT3, STM32G414VCT6, STM32G431CBT3Z, STM32G431RBT3Z, STM32G471CCT6, STM32G471CCU6, STM32G471CET3, STM32G471CET6, STM32G471CEU3, STM32G471CEU6, STM32G471MCT6, STM32G471MET3, STM32G471MET6, STM32G471MEY6TR, STM32G471QCT6, STM32G471QET3, STM32G471RCT6, STM32G471RET3, STM32G471RET6, STM32G471VCH6, STM32G471VCI6, STM32G471VCT6, STM32G471VEH3, STM32G471VEH6, STM32G471VEI3, STM32G471VEI6, STM32G471VET3, STM32G471VET6, STM32G473QET3Z, STM32G473RET3Z, STM32G474CCT6, STM32G491RET3Z, STM32H503CBT6, STM32H503CBU6, STM32H503EBY6TR, STM32H503KBU6, STM32H503RBT6, STM32H523CCT6, STM32H523CCU6, STM32H523CET6, STM32H523CEU6, STM32H523HEY6TR, STM32H523RCT6, STM32H523RET6, STM32H523VCI6, STM32H523VCT6, STM32H523VEI6, STM32H523VET6, STM32H523ZCJ6, STM32H523ZCT6, STM32H523ZEJ6, STM32H523ZET6, STM32H533CET6, STM32H533CEU6, STM32H533HEY6TR, STM32H533RET6, STM32H533VEI6, STM32H533VET6, STM32H533ZEJ6, STM32H533ZET6, STM32H562AGI6, STM32H562AII6, STM32H562IGK6, STM32H562IGT6, STM32H562IIK6, STM32H562IIT6, STM32H562RGT6, STM32H562RGV6, STM32H562RIT6, STM32H562RIV6, STM32H562VGT6, STM32H562VIT6, STM32H562ZGT6, STM32H562ZIT6, STM32H563AGI6, STM32H563AII3Q, STM32H563AII6, STM32H563IGK6, STM32H563IGT6, STM32H563IIK3Q, STM32H563IIK6, STM32H563IIT3Q, STM32H563IIT6, STM32H563MIY3QTR, STM32H563RGT6, STM32H563RGV6, STM32H563RIT6, STM32H563RIV6, STM32H563VGT6, STM32H563VIT3Q, STM32H563VIT6, STM32H563ZGT6, STM32H563ZIT3Q, STM32H563ZIT6, STM32H573AII3Q, STM32H573AII6, STM32H573I-DK, STM32H573IIK3Q, STM32H573IIK6, STM32H573IIT3Q, STM32H573IIT6, STM32H573MIY3QTR, STM32H573RIT6, STM32H573RIV6, STM32H573VIT3Q, STM32H573VIT6, STM32H573ZIT3Q, STM32H573ZIT6, STM32H7R3A8I6, STM32H7R3I8K6, STM32H7R3I8T6, STM32H7R3L8H6, STM32H7R3L8H6H, STM32H7R3R8V6, STM32H7R3V8H6, STM32H7R3V8T6, STM32H7R3V8Y6TR, STM32H7R3Z8J6, STM32H7R3Z8T6, STM32H7R7A8I6, STM32H7R7I8K6, STM32H7R7I8T6, STM32H7R7L8H6, STM32H7R7L8H6H, STM32H7R7Z8J6, STM32H7S3A8I6, STM32H7S3I8K6, STM32H7S3I8T6, STM32H7S3L8H6, STM32H7S3L8H6H, STM32H7S3R8V6, STM32H7S3V8H6, STM32H7S3V8T6, STM32H7S3V8Y6TR, STM32H7S3Z8J6, STM32H7S3Z8T6, STM32H7S78-DK, STM32H7S7A8I6, STM32H7S7I8K6, STM32H7S7I8T6, STM32H7S7L8H6, STM32H7S7L8H6H, STM32H7S7Z8J6, STM32L4R5QGI6STR, STM32MP131AAE3, STM32MP131AAF3, STM32MP131AAG3, STM32MP131CAE3, STM32MP131CAF3, STM32MP131CAG3, STM32MP131DAE7, STM32MP131DAF7, STM32MP131DAG7, STM32MP131FAE7, STM32MP131FAF7, STM32MP131FAG7, STM32MP133AAE3, STM32MP133AAF3, STM32MP133AAG3, STM32MP133CAE3, STM32MP133CAF3, STM32MP133CAG3, STM32MP133DAE7, STM32MP133DAF7, STM32MP133DAG7, STM32MP133FAE7, STM32MP133FAF7, STM32MP133FAG7, STM32MP135AAE3, STM32MP135AAF3, STM32MP135AAG3, STM32MP135CAE3, STM32MP135CAF3, STM32MP135CAG3, STM32MP135DAE7, STM32MP135DAF7, STM32MP135DAG7, STM32MP135F-DK, STM32MP135FAE7, STM32MP135FAF7, STM32MP135FAF7T, STM32MP135FAF7U, STM32MP135FAG7, STM32MP211AAL3, STM32MP211AAM3, STM32MP211AAN3, STM32MP211AAO3, STM32MP211CAL3, STM32MP211CAM3, STM32MP211CAN3, STM32MP211CAO3, STM32MP211DAL3, STM32MP211DAM3, STM32MP211DAN3, STM32MP211DAO3, STM32MP211FAL3, STM32MP211FAM3, STM32MP211FAN3, STM32MP211FAO3, STM32MP213AAL3, STM32MP213AAM3, STM32MP213AAN3, STM32MP213AAO3, STM32MP213CAL3, STM32MP213CAM3, STM32MP213CAN3, STM32MP213CAO3, STM32MP213DAL3, STM32MP213DAM3, STM32MP213DAN3, STM32MP213DAO3, STM32MP213FAL3, STM32MP213FAM3, STM32MP213FAN3, STM32MP213FAO3, STM32MP215AAL3, STM32MP215AAM3, STM32MP215AAN3, STM32MP215AAO3, STM32MP215CAL3, STM32MP215CAM3, STM32MP215CAN3, STM32MP215CAO3, STM32MP215DAL3, STM32MP215DAM3, STM32MP215DAN3, STM32MP215DAO3, STM32MP215F-DK, STM32MP215FAL3, STM32MP215FAM3, STM32MP215FAN3, STM32MP215FAO3, STM32MP231AAJ3, STM32MP231AAK3, STM32MP231AAL3, STM32MP231CAJ3, STM32MP231CAK3, STM32MP231CAL3, STM32MP231DAJ3, STM32MP231DAK3, STM32MP231DAL3, STM32MP231FAJ3, STM32MP231FAK3, STM32MP231FAL3, STM32MP233AAJ3, STM32MP233AAK3, STM32MP233AAL3, STM32MP233CAJ3, STM32MP233CAK3, STM32MP233CAL3, STM32MP233DAJ3, STM32MP233DAK3, STM32MP233DAL3, STM32MP233FAJ3, STM32MP233FAK3, STM32MP233FAL3, STM32MP235AAJ3, STM32MP235AAK3, STM32MP235AAL3, STM32MP235CAJ3, STM32MP235CAK3, STM32MP235CAL3, STM32MP235DAJ3, STM32MP235DAK3, STM32MP235DAL3, STM32MP235FAJ3, STM32MP235FAK3, STM32MP235FAL3, STM32MP251AAI3, STM32MP251AAK3, STM32MP251AAL3, STM32MP251CAI3, STM32MP251CAK3, STM32MP251CAL3, STM32MP251DAI3, STM32MP251DAK3, STM32MP251DAL3, STM32MP251FAI3, STM32MP251FAK3, STM32MP251FAL3, STM32MP253AAI3, STM32MP253AAK3, STM32MP253AAL3, STM32MP253CAI3, STM32MP253CAK3, STM32MP253CAL3, STM32MP253DAI3, STM32MP253DAK3, STM32MP253DAL3, STM32MP253FAI3, STM32MP253FAK3, STM32MP253FAL3, STM32MP255AAI3, STM32MP255AAK3, STM32MP255AAL3, STM32MP255CAI3, STM32MP255CAK3, STM32MP255CAL3, STM32MP255DAI3, STM32MP255DAK3, STM32MP255DAL3, STM32MP255FAI3, STM32MP255FAK3, STM32MP255FAL3, STM32MP257AAI3, STM32MP257AAK3, STM32MP257AAL3, STM32MP257CAI3, STM32MP257CAK3, STM32MP257CAL3, STM32MP257DAI3, STM32MP257DAK3, STM32MP257DAL3, STM32MP257F-DK, STM32MP257F-EV1, STM32MP257FAI3, STM32MP257FAK3, STM32MP257FAL3, STM32N645A0H3Q, STM32N645B0H3Q, STM32N645I0H3Q, STM32N645L0H3Q, STM32N645X0H3Q, STM32N645Z0H3Q, STM32N647A0H3Q, STM32N647B0H3Q, STM32N647I0H3Q, STM32N647L0H3Q, STM32N647X0H3Q, STM32N647Z0H3Q, STM32N655A0H3Q, STM32N655B0H3Q, STM32N655I0H3Q, STM32N655L0H3Q, STM32N655X0H3Q, STM32N655Z0H3Q, STM32N6570-DK, STM32N657A0H3Q, STM32N657B0H3Q, STM32N657I0H3Q, STM32N657L0H3Q, STM32N657X0H3Q, STM32N657Z0H3Q, STM32U031C6T6, STM32U031C6U6, STM32U031C8T6, STM32U031C8U6, STM32U031F4P6, STM32U031F6P6, STM32U031F8P6, STM32U031G6Y6TR, STM32U031G8Y6TR, STM32U031K4U6, STM32U031K6U6, STM32U031K8U6, STM32U031R6I6, STM32U031R6T6, STM32U031R8I6, STM32U031R8T6, STM32U073C8T6, STM32U073C8U6, STM32U073CBT6, STM32U073CBU6, STM32U073CCT6, STM32U073CCU6, STM32U073H8Y6TR, STM32U073HBY6TR, STM32U073HCY6TR, STM32U073K8U6, STM32U073KBU6, STM32U073KCU6, STM32U073M8I6, STM32U073M8T6, STM32U073MBI6, STM32U073MBT6, STM32U073MCI6, STM32U073MCT6, STM32U073R8I6, STM32U073R8T6, STM32U073RBI6, STM32U073RBT6, STM32U073RCI6, STM32U073RCT6, STM32U083C-DK, STM32U083CCT6, STM32U083CCU6, STM32U083HCY6TR, STM32U083KCU6, STM32U083MCI6, STM32U083MCT6, STM32U083RCI6, STM32U083RCT6, STM32U375CET6, STM32U375CET6Q, STM32U375CEU6, STM32U375CEU6Q, STM32U375CEY6QTR, STM32U375CGT6, STM32U375CGT6Q, STM32U375CGU6, STM32U375CGU6Q, STM32U375CGY6QTR, STM32U375KEU6, STM32U375KGU6, STM32U375REI6, STM32U375REI6Q, STM32U375RET6, STM32U375RET6Q, STM32U375REY6GTR, STM32U375REY6QTR, STM32U375RGI6, STM32U375RGI6Q, STM32U375RGT6, STM32U375RGT6Q, STM32U375RGY6GTR, STM32U375RGY6QTR, STM32U375VEI6, STM32U375VEI6Q, STM32U375VET6, STM32U375VET6Q, STM32U375VGI6, STM32U375VGI6Q, STM32U375VGT6, STM32U375VGT6Q, STM32U385CGT6, STM32U385CGT6Q, STM32U385CGU6, STM32U385CGU6Q, STM32U385CGY6QTR, STM32U385KGU6, STM32U385RGI6, STM32U385RGI6Q, STM32U385RGT6, STM32U385RGT6Q, STM32U385RGY6GTR, STM32U385RGY6QTR, STM32U385VGI6, STM32U385VGI6Q, STM32U385VGT6, STM32U385VGT6Q, STM32U535CBT6, STM32U535CBT6Q, STM32U535CBU6, STM32U535CBU6Q, STM32U535CCT6, STM32U535CCT6Q, STM32U535CCU6, STM32U535CCU6Q, STM32U535CET6, STM32U535CET6Q, STM32U535CEU6, STM32U535CEU6Q, STM32U535JEY6QTR, STM32U535NCY6QTR, STM32U535NEY6QTR, STM32U535RBI6, STM32U535RBI6Q, STM32U535RBT6, STM32U535RBT6Q, STM32U535RCI6, STM32U535RCI6Q, STM32U535RCT6, STM32U535RCT6Q, STM32U535REI6, STM32U535REI6Q, STM32U535RET6, STM32U535RET6Q, STM32U535VCI6, STM32U535VCI6Q, STM32U535VCT6, STM32U535VCT6Q, STM32U535VEI6, STM32U535VEI6Q, STM32U535VET6, STM32U535VET6Q, STM32U545CET6, STM32U545CET6Q, STM32U545CEU6, STM32U545CEU6Q, STM32U545JEY6QTR, STM32U545NEY6QTR, STM32U545REI6, STM32U545REI6Q, STM32U545RET6, STM32U545RET6Q, STM32U545VEI6, STM32U545VEI6Q, STM32U545VET6, STM32U545VET6Q, STM32U595AIH6, STM32U595AIH6Q, STM32U595AJH6, STM32U595AJH6Q, STM32U595QII6, STM32U595QII6Q, STM32U595QJI6, STM32U595QJI6Q, STM32U595RIT6, STM32U595RIT6Q, STM32U595RJT6, STM32U595RJT6Q, STM32U595VIT6, STM32U595VIT6Q, STM32U595VJT6, STM32U595VJT6Q, STM32U595ZIT6, STM32U595ZIT6Q, STM32U595ZIY6QTR, STM32U595ZJT6, STM32U595ZJT6Q, STM32U595ZJY6QTR, STM32U599BJY6QTR, STM32U599NIH6Q, STM32U599NJH6Q, STM32U599VIT6Q, STM32U599VJT6, STM32U599VJT6Q, STM32U599ZIT6Q, STM32U599ZIY6QTR, STM32U599ZJT6Q, STM32U599ZJY6QTR, STM32U5A5AJH6, STM32U5A5AJH6Q, STM32U5A5QII3Q , STM32U5A5QJI6, STM32U5A5QJI6Q, STM32U5A5RJT6, STM32U5A5RJT6Q, STM32U5A5VJT6, STM32U5A5VJT6Q, STM32U5A5ZJT6, STM32U5A5ZJT6Q, STM32U5A5ZJY6QTR, STM32U5A9BJY6QTR, STM32U5A9J-DK, STM32U5A9NJH6Q, STM32U5A9VJT6Q, STM32U5A9ZJT6Q, STM32U5A9ZJY6QTR, STM32U5F7VIT6, STM32U5F7VIT6Q, STM32U5F7VJT6, STM32U5F7VJT6Q, STM32U5F9BJY6QTR, STM32U5F9NJH6Q, STM32U5F9VIT6Q, STM32U5F9VJT6Q, STM32U5F9ZIJ6QTR, STM32U5F9ZIT6Q, STM32U5F9ZJJ6QTR, STM32U5F9ZJT6Q, STM32U5G7VJT6, STM32U5G7VJT6Q, STM32U5G9BJY6QTR, STM32U5G9J-DK1, STM32U5G9J-DK2, STM32U5G9NJH6Q, STM32U5G9VJT6Q, STM32U5G9ZJJ6QTR, STM32U5G9ZJT6Q, STM32WB05KZV6TR, STM32WB05KZV7TR, STM32WB05TZF6TR, STM32WB05TZF7TR, STM32WB06CCF6TR, STM32WB06CCF7TR, STM32WB06CCV6TR, STM32WB06CCV7TR, STM32WB06KCV6TR, STM32WB06KCV7TR, STM32WB07CCF6TR, STM32WB07CCF7TR, STM32WB07CCV6TR, STM32WB07CCV7TR, STM32WB07KCV6TR, STM32WB07KCV7TR, STM32WB09KEV6TR, STM32WB09KEV7TR, STM32WB09TEF6TR, STM32WB09TEF7TR, STM32WB1MMCH6, STM32WBA50KGU6, STM32WBA50KGU6TR, STM32WBA52CEU6, STM32WBA52CEU6TR, STM32WBA52CEU7, STM32WBA52CEU7TR, STM32WBA52CGU6, STM32WBA52CGU6TR, STM32WBA52CGU6U, STM32WBA52CGU7, STM32WBA52CGU7TR, STM32WBA52KEU6, STM32WBA52KEU6TR, STM32WBA52KGU6, STM32WBA52KGU6TR, STM32WBA54CEU6, STM32WBA54CEU6TR, STM32WBA54CEU7, STM32WBA54CEU7TR, STM32WBA54CGU6, STM32WBA54CGU6TR, STM32WBA54CGU7, STM32WBA54CGU7TR, STM32WBA54KEU6, STM32WBA54KEU6TR, STM32WBA54KEU7, STM32WBA54KEU7TR, STM32WBA54KGU6, STM32WBA54KGU6TR, STM32WBA54KGU7, STM32WBA54KGU7TR, STM32WBA55CEU6, STM32WBA55CEU6TR, STM32WBA55CEU7, STM32WBA55CEU7TR, STM32WBA55CGU6, STM32WBA55CGU6TR, STM32WBA55CGU6U, STM32WBA55CGU7, STM32WBA55CGU7TR, STM32WBA55G-DK1, STM32WBA55HEF6, STM32WBA55HEF7, STM32WBA55HGF6, STM32WBA55HGF7, STM32WBA55UEI6, STM32WBA55UEI6TR, STM32WBA55UEI7, STM32WBA55UEI7TR, STM32WBA55UGI6, STM32WBA55UGI6TR, STM32WBA55UGI7, STM32WBA55UGI7TR, STM32WBA5MMGH6TR, STM32WBA62MGF6, STM32WBA62MIF6, STM32WBA65MGF7, STM32WBA65MIF6, STM32WBA65MIF7, STM32WL30K8V6, STM32WL30KBV6, STM32WL31C8V6, STM32WL31CBV6, STM32WL31K8V6, STM32WL31KBV6, STM32WL33C8V6, STM32WL33C8V6X, STM32WL33CBV6, STM32WL33CBV6X, STM32WL33CCV6, STM32WL33CCV6A, STM32WL33CCV6X, STM32WL33K8V7, STM32WL33K8V7X, STM32WL33KBV7 , STM32WL33KBV7X, STM32WL33KCV7, STM32WL33KCV7X, STM32WL5MOCH6, STM32WL5MOCH6TR]
2025-12-15 12:47:53,720 [INFO] BoardInfo:889 - No configuration file found for board P-NUCLEO-WB55
2025-12-15 12:47:53,723 [INFO] DbBoards:161 - Kit is not supported: P-NUCLEO-WB55
2025-12-15 12:47:53,729 [INFO] BoardInfo:889 - No configuration file found for board STEVAL-BFA001V1B
2025-12-15 12:47:53,730 [INFO] DbBoards:161 - Kit is not supported: STEVAL-BFA001V1B
2025-12-15 12:47:53,730 [INFO] BoardInfo:889 - No configuration file found for board STEVAL-BFA001V2B
2025-12-15 12:47:53,732 [INFO] DbBoards:161 - Kit is not supported: STEVAL-BFA001V2B
2025-12-15 12:47:53,928 [INFO] DbBoards:168 - Found 212 boards, 209 are supported
2025-12-15 12:47:53,928 [INFO] DbBoards:169 - Found 212 boards, 43 of them is supported for  Bsp
2025-12-15 12:47:53,930 [INFO] ApiDb:423 - Load user favorites file C:\Users\aditi/.stm32cubeide/favorites.boards.txt: 1 item(s)
2025-12-15 12:47:53,930 [INFO] ApiDb:427 - User favorites Boards=[STM32F407G-DISC1]
2025-12-15 12:47:53,930 [INFO] DbBoards:198 - Set 1 / 1 favorites Boards
2025-12-15 12:47:53,931 [INFO] McuFinderGlobals:76 - Set McuFinderConnectedMode to true
2025-12-15 12:47:53,935 [INFO] MultiScanPanel:200 - Auto-refresh data requested => check proxy status ongoing
2025-12-15 12:47:53,938 [INFO] FinderPluginLoader:96 - Searching for filters in installed packs
2025-12-15 12:47:55,496 [INFO] LoadUrlFilesThread:185 - End of LoadServerUrlFiles without Thread
2025-12-15 12:47:55,527 [INFO] DetailPanel:341 - Set advertising image to C:/Users/aditi/STM32Cube/Repository/\en.prom-st67w-expansion-board.png
2025-12-15 12:48:00,077 [INFO] MultiScanPanel:200 - Auto-refresh data requested => check proxy status ongoing
2025-12-15 12:48:00,314 [INFO] LoadUrlFilesThread:185 - End of LoadServerUrlFiles without Thread
2025-12-15 12:48:00,315 [INFO] DetailPanel:341 - Set advertising image to C:/Users/aditi/STM32Cube/Repository/\en.prom-st67w-expansion-board.png
2025-12-15 12:48:00,364 [INFO] DbBoards:642 - Loading board mini-images...
2025-12-15 12:48:02,305 [ERROR] DbBoards:659 - Image file not found for board STM32MP215F-DK: C:\Users\aditi\.stmcufinder\plugins\mcufinder//mcu//boards_images/STM32MP215F-DK.jpg
2025-12-15 12:48:02,429 [INFO] DbBoards:665 - Loaded 211 board mini-images
2025-12-15 12:48:22,933 [INFO] McuFinderGlobals:76 - Set McuFinderConnectedMode to true
2025-12-15 12:48:22,939 [INFO] ApiDb:448 - Save user favorites file C:\Users\aditi/.stm32cubeide/favorites.mcus.txt: 0 item(s)
2025-12-15 12:48:22,940 [INFO] ApiDb:452 - User favorites MCUs=[]
2025-12-15 12:48:22,946 [INFO] ApiDb:448 - Save user favorites file C:\Users\aditi/.stm32cubeide/favorites.boards.txt: 1 item(s)
2025-12-15 12:48:22,947 [INFO] ApiDb:452 - User favorites Boards=[STM32F407G-DISC1]
