10:28:11 **** Incremental Build of configuration Debug for project Smart_Env_Monitor_Project ****
make -j16 all 
arm-none-eabi-gcc "../Core/Src/main.c" -mcpu=cortex-m4 -std=gnu11 -g3 -DDEBUG -DUSE_HAL_DRIVER -DSTM32F407xx -c -I../Core/Inc -I../Drivers/STM32F4xx_HAL_Driver/Inc -I../Drivers/STM32F4xx_HAL_Driver/Inc/Legacy -I../Drivers/CMSIS/Device/ST/STM32F4xx/Include -I../Drivers/CMSIS/Include -O0 -ffunction-sections -fdata-sections -Wall -fstack-usage -fcyclomatic-complexity -MMD -MP -MF"Core/Src/main.d" -MT"Core/Src/main.o" --specs=nano.specs -mfpu=fpv4-sp-d16 -mfloat-abi=hard -mthumb -o "Core/Src/main.o"
arm-none-eabi-gcc "../Core/Src/my_lcd.c" -mcpu=cortex-m4 -std=gnu11 -g3 -DDEBUG -DUSE_HAL_DRIVER -DSTM32F407xx -c -I../Core/Inc -I../Drivers/STM32F4xx_HAL_Driver/Inc -I../Drivers/STM32F4xx_HAL_Driver/Inc/Legacy -I../Drivers/CMSIS/Device/ST/STM32F4xx/Include -I../Drivers/CMSIS/Include -O0 -ffunction-sections -fdata-sections -Wall -fstack-usage -fcyclomatic-complexity -MMD -MP -MF"Core/Src/my_lcd.d" -MT"Core/Src/my_lcd.o" --specs=nano.specs -mfpu=fpv4-sp-d16 -mfloat-abi=hard -mthumb -o "Core/Src/my_lcd.o"
In file included from C:\ST\STM32CubeIDE_1.19.0\STM32CubeIDE\plugins\com.st.stm32cube.ide.mcu.externaltools.gnu-tools-for-stm32.13.3.rel1.win32_1.0.0.202411081344\tools\bin/../lib/gcc/arm-none-eabi/13.3.1/../../../../arm-none-eabi/include/stdio.h:40,
                 from ../Core/Inc/mq2_lcd_led.h:14,
                 from ../Core/Src/main.c:24:
C:\ST\STM32CubeIDE_1.19.0\STM32CubeIDE\plugins\com.st.stm32cube.ide.mcu.externaltools.gnu-tools-for-stm32.13.3.rel1.win32_1.0.0.202411081344\tools\bin/../lib/gcc/arm-none-eabi/13.3.1/include/stdarg.h: In function 'lcd_i2c_send_nibble':
C:\ST\STM32CubeIDE_1.19.0\STM32CubeIDE\plugins\com.st.stm32cube.ide.mcu.externaltools.gnu-tools-for-stm32.13.3.rel1.win32_1.0.0.202411081344\tools\bin/../lib/gcc/arm-none-eabi/13.3.1/include/stdarg.h:40:27: error: storage class specified for parameter '__gnuc_va_list'
   40 | typedef __builtin_va_list __gnuc_va_list;
      |                           ^~~~~~~~~~~~~~
C:\ST\STM32CubeIDE_1.19.0\STM32CubeIDE\plugins\com.st.stm32cube.ide.mcu.externaltools.gnu-tools-for-stm32.13.3.rel1.win32_1.0.0.202411081344\tools\bin/../lib/gcc/arm-none-eabi/13.3.1/../../../../arm-none-eabi/include/stdio.h:46:24: error: expected '=', ',', ';', 'asm' or '__attribute__' before 'va_list'
   46 | typedef __gnuc_va_list va_list;
      |                        ^~~~~~~
In file included from C:\ST\STM32CubeIDE_1.19.0\STM32CubeIDE\plugins\com.st.stm32cube.ide.mcu.externaltools.gnu-tools-for-stm32.13.3.rel1.win32_1.0.0.202411081344\tools\bin/../lib/gcc/arm-none-eabi/13.3.1/../../../../arm-none-eabi/include/sys/_types.h:24,
                 from C:\ST\STM32CubeIDE_1.19.0\STM32CubeIDE\plugins\com.st.stm32cube.ide.mcu.externaltools.gnu-tools-for-stm32.13.3.rel1.win32_1.0.0.202411081344\tools\bin/../lib/gcc/arm-none-eabi/13.3.1/../../../../arm-none-eabi/include/sys/reent.h:16,
                 from C:\ST\STM32CubeIDE_1.19.0\STM32CubeIDE\plugins\com.st.stm32cube.ide.mcu.externaltools.gnu-tools-for-stm32.13.3.rel1.win32_1.0.0.202411081344\tools\bin/../lib/gcc/arm-none-eabi/13.3.1/../../../../arm-none-eabi/include/stdio.h:60:
C:\ST\STM32CubeIDE_1.19.0\STM32CubeIDE\plugins\com.st.stm32cube.ide.mcu.externaltools.gnu-tools-for-stm32.13.3.rel1.win32_1.0.0.202411081344\tools\bin/../lib/gcc/arm-none-eabi/13.3.1/include/stddef.h:359:23: error: storage class specified for parameter 'wint_t'
  359 | typedef __WINT_TYPE__ wint_t;
      |                       ^~~~~~
C:\ST\STM32CubeIDE_1.19.0\STM32CubeIDE\plugins\com.st.stm32cube.ide.mcu.externaltools.gnu-tools-for-stm32.13.3.rel1.win32_1.0.0.202411081344\tools\bin/../lib/gcc/arm-none-eabi/13.3.1/../../../../arm-none-eabi/include/sys/_types.h:30:14: error: storage class specified for parameter '__blkcnt_t'
   30 | typedef long __blkcnt_t;
      |              ^~~~~~~~~~
C:\ST\STM32CubeIDE_1.19.0\STM32CubeIDE\plugins\com.st.stm32cube.ide.mcu.externaltools.gnu-tools-for-stm32.13.3.rel1.win32_1.0.0.202411081344\tools\bin/../lib/gcc/arm-none-eabi/13.3.1/../../../../arm-none-eabi/include/sys/_types.h:34:14: error: storage class specified for parameter '__blksize_t'
   34 | typedef long __blksize_t;
      |              ^~~~~~~~~~~
C:\ST\STM32CubeIDE_1.19.0\STM32CubeIDE\plugins\com.st.stm32cube.ide.mcu.externaltools.gnu-tools-for-stm32.13.3.rel1.win32_1.0.0.202411081344\tools\bin/../lib/gcc/arm-none-eabi/13.3.1/../../../../arm-none-eabi/include/sys/_types.h:38:20: error: storage class specified for parameter '__fsblkcnt_t'
   38 | typedef __uint64_t __fsblkcnt_t;
      |                    ^~~~~~~~~~~~
C:\ST\STM32CubeIDE_1.19.0\STM32CubeIDE\plugins\com.st.stm32cube.ide.mcu.externaltools.gnu-tools-for-stm32.13.3.rel1.win32_1.0.0.202411081344\tools\bin/../lib/gcc/arm-none-eabi/13.3.1/../../../../arm-none-eabi/include/sys/_types.h:42:20: error: storage class specified for parameter '__fsfilcnt_t'
   42 | typedef __uint32_t __fsfilcnt_t;
      |                    ^~~~~~~~~~~~
C:\ST\STM32CubeIDE_1.19.0\STM32CubeIDE\plugins\com.st.stm32cube.ide.mcu.externaltools.gnu-tools-for-stm32.13.3.rel1.win32_1.0.0.202411081344\tools\bin/../lib/gcc/arm-none-eabi/13.3.1/../../../../arm-none-eabi/include/sys/_types.h:46:14: error: storage class specified for parameter '_off_t'
   46 | typedef long _off_t;
      |              ^~~~~~
C:\ST\STM32CubeIDE_1.19.0\STM32CubeIDE\plugins\com.st.stm32cube.ide.mcu.externaltools.gnu-tools-for-stm32.13.3.rel1.win32_1.0.0.202411081344\tools\bin/../lib/gcc/arm-none-eabi/13.3.1/../../../../arm-none-eabi/include/sys/_types.h:52:13: error: storage class specified for parameter '__pid_t'
   52 | typedef int __pid_t;
      |             ^~~~~~~
In file included from C:\ST\STM32CubeIDE_1.19.0\STM32CubeIDE\plugins\com.st.stm32cube.ide.mcu.externaltools.gnu-tools-for-stm32.13.3.rel1.win32_1.0.0.202411081344\tools\bin/../lib/gcc/arm-none-eabi/13.3.1/../../../../arm-none-eabi/include/stdio.h:40,
                 from ../Core/Src/my_lcd.c:27:
C:\ST\STM32CubeIDE_1.19.0\STM32CubeIDE\plugins\com.st.stm32cube.ide.mcu.externaltools.gnu-tools-for-stm32.13.3.rel1.win32_1.0.0.202411081344\tools\bin/../lib/gcc/arm-none-eabi/13.3.1/include/stdarg.h: In function 'lcd_i2c_send_nibble':
C:\ST\STM32CubeIDE_1.19.0\STM32CubeIDE\plugins\com.st.stm32cube.ide.mcu.externaltools.gnu-tools-for-stm32.13.3.rel1.win32_1.0.0.202411081344\tools\bin/../lib/gcc/arm-none-eabi/13.3.1/../../../../arm-none-eabi/include/sys/_types.h:56:15: error: storage class specified for parameter '__dev_t'
   56 | typedef short __dev_t;
      |               ^~~~~~~
C:\ST\STM32CubeIDE_1.19.0\STM32CubeIDE\plugins\com.st.stm32cube.ide.mcu.externaltools.gnu-tools-for-stm32.13.3.rel1.win32_1.0.0.202411081344\tools\bin/../lib/gcc/arm-none-eabi/13.3.1/../../../../arm-none-eabi/include/sys/_types.h:60:24: error: storage class specified for parameter '__uid_t'
   60 | typedef unsigned short __uid_t;
      |                        ^~~~~~~
C:\ST\STM32CubeIDE_1.19.0\STM32CubeIDE\plugins\com.st.stm32cube.ide.mcu.externaltools.gnu-tools-for-stm32.13.3.rel1.win32_1.0.0.202411081344\tools\bin/../lib/gcc/arm-none-eabi/13.3.1/../../../../arm-none-eabi/include/sys/_types.h:63:24: error: storage class specified for parameter '__gid_t'
   63 | typedef unsigned short __gid_t;
      |                        ^~~~~~~
C:\ST\STM32CubeIDE_1.19.0\STM32CubeIDE\plugins\com.st.stm32cube.ide.mcu.externaltools.gnu-tools-for-stm32.13.3.rel1.win32_1.0.0.202411081344\tools\bin/../lib/gcc/arm-none-eabi/13.3.1/include/stdarg.h:40:27: error: storage class specified for parameter '__gnuc_va_list'
   40 | typedef __builtin_va_list __gnuc_va_list;
      |                           ^~~~~~~~~~~~~~
C:\ST\STM32CubeIDE_1.19.0\STM32CubeIDE\plugins\com.st.stm32cube.ide.mcu.externaltools.gnu-tools-for-stm32.13.3.rel1.win32_1.0.0.202411081344\tools\bin/../lib/gcc/arm-none-eabi/13.3.1/../../../../arm-none-eabi/include/sys/_types.h:67:20: error: storage class specified for parameter '__id_t'
   67 | typedef __uint32_t __id_t;
      |                    ^~~~~~
C:\ST\STM32CubeIDE_1.19.0\STM32CubeIDE\plugins\com.st.stm32cube.ide.mcu.externaltools.gnu-tools-for-stm32.13.3.rel1.win32_1.0.0.202411081344\tools\bin/../lib/gcc/arm-none-eabi/13.3.1/../../../../arm-none-eabi/include/sys/_types.h:75:24: error: storage class specified for parameter '__ino_t'
   75 | typedef unsigned short __ino_t;
      |                        ^~~~~~~
C:\ST\STM32CubeIDE_1.19.0\STM32CubeIDE\plugins\com.st.stm32cube.ide.mcu.externaltools.gnu-tools-for-stm32.13.3.rel1.win32_1.0.0.202411081344\tools\bin/../lib/gcc/arm-none-eabi/13.3.1/../../../../arm-none-eabi/include/stdio.h:46:24: error: expected '=', ',', ';', 'asm' or '__attribute__' before 'va_list'
   46 | typedef __gnuc_va_list va_list;
      |                        ^~~~~~~
C:\ST\STM32CubeIDE_1.19.0\STM32CubeIDE\plugins\com.st.stm32cube.ide.mcu.externaltools.gnu-tools-for-stm32.13.3.rel1.win32_1.0.0.202411081344\tools\bin/../lib/gcc/arm-none-eabi/13.3.1/../../../../arm-none-eabi/include/sys/_types.h:90:20: error: storage class specified for parameter '__mode_t'
   90 | typedef __uint32_t __mode_t;
      |                    ^~~~~~~~
C:\ST\STM32CubeIDE_1.19.0\STM32CubeIDE\plugins\com.st.stm32cube.ide.mcu.externaltools.gnu-tools-for-stm32.13.3.rel1.win32_1.0.0.202411081344\tools\bin/../lib/gcc/arm-none-eabi/13.3.1/../../../../arm-none-eabi/include/sys/_types.h:96:1: error: expected declaration specifiers before '__extension__'
   96 | __extension__ typedef long long _off64_t;
      | ^~~~~~~~~~~~~
C:\ST\STM32CubeIDE_1.19.0\STM32CubeIDE\plugins\com.st.stm32cube.ide.mcu.externaltools.gnu-tools-for-stm32.13.3.rel1.win32_1.0.0.202411081344\tools\bin/../lib/gcc/arm-none-eabi/13.3.1/../../../../arm-none-eabi/include/sys/_types.h:102:16: error: expected '=', ',', ';', 'asm' or '__attribute__' before '__off_t'
  102 | typedef _off_t __off_t;
      |                ^~~~~~~
C:\ST\STM32CubeIDE_1.19.0\STM32CubeIDE\plugins\com.st.stm32cube.ide.mcu.externaltools.gnu-tools-for-stm32.13.3.rel1.win32_1.0.0.202411081344\tools\bin/../lib/gcc/arm-none-eabi/13.3.1/../../../../arm-none-eabi/include/sys/_types.h:105:9: error: unknown type name '_off64_t'
  105 | typedef _off64_t __loff_t;
      |         ^~~~~~~~
C:\ST\STM32CubeIDE_1.19.0\STM32CubeIDE\plugins\com.st.stm32cube.ide.mcu.externaltools.gnu-tools-for-stm32.13.3.rel1.win32_1.0.0.202411081344\tools\bin/../lib/gcc/arm-none-eabi/13.3.1/../../../../arm-none-eabi/include/sys/_types.h:105:18: error: storage class specified for parameter '__loff_t'
  105 | typedef _off64_t __loff_t;
      |                  ^~~~~~~~
C:\ST\STM32CubeIDE_1.19.0\STM32CubeIDE\plugins\com.st.stm32cube.ide.mcu.externaltools.gnu-tools-for-stm32.13.3.rel1.win32_1.0.0.202411081344\tools\bin/../lib/gcc/arm-none-eabi/13.3.1/../../../../arm-none-eabi/include/sys/_types.h:108:14: error: storage class specified for parameter '__key_t'
  108 | typedef long __key_t;
      |              ^~~~~~~
C:\ST\STM32CubeIDE_1.19.0\STM32CubeIDE\plugins\com.st.stm32cube.ide.mcu.externaltools.gnu-tools-for-stm32.13.3.rel1.win32_1.0.0.202411081344\tools\bin/../lib/gcc/arm-none-eabi/13.3.1/../../../../arm-none-eabi/include/sys/_types.h:116:14: error: storage class specified for parameter '_fpos_t'
  116 | typedef long _fpos_t;           /* XXX must match off_t in <sys/types.h> */
      |              ^~~~~~~
C:\ST\STM32CubeIDE_1.19.0\STM32CubeIDE\plugins\com.st.stm32cube.ide.mcu.externaltools.gnu-tools-for-stm32.13.3.rel1.win32_1.0.0.202411081344\tools\bin/../lib/gcc/arm-none-eabi/13.3.1/../../../../arm-none-eabi/include/sys/_types.h:131:23: error: storage class specified for parameter '__size_t'
  131 | typedef __SIZE_TYPE__ __size_t;
      |                       ^~~~~~~~
C:\ST\STM32CubeIDE_1.19.0\STM32CubeIDE\plugins\com.st.stm32cube.ide.mcu.externaltools.gnu-tools-for-stm32.13.3.rel1.win32_1.0.0.202411081344\tools\bin/../lib/gcc/arm-none-eabi/13.3.1/../../../../arm-none-eabi/include/sys/_types.h:147:23: error: storage class specified for parameter '_ssize_t'
  147 | typedef __SIZE_TYPE__ _ssize_t;
      |                       ^~~~~~~~
C:\ST\STM32CubeIDE_1.19.0\STM32CubeIDE\plugins\com.st.stm32cube.ide.mcu.externaltools.gnu-tools-for-stm32.13.3.rel1.win32_1.0.0.202411081344\tools\bin/../lib/gcc/arm-none-eabi/13.3.1/../../../../arm-none-eabi/include/sys/_types.h:158:18: error: expected '=', ',', ';', 'asm' or '__attribute__' before '__ssize_t'
  158 | typedef _ssize_t __ssize_t;
      |                  ^~~~~~~~~
C:\ST\STM32CubeIDE_1.19.0\STM32CubeIDE\plugins\com.st.stm32cube.ide.mcu.externaltools.gnu-tools-for-stm32.13.3.rel1.win32_1.0.0.202411081344\tools\bin/../lib/gcc/arm-none-eabi/13.3.1/../../../../arm-none-eabi/include/sys/_types.h:167:5: error: expected specifier-qualifier-list before 'wint_t'
  167 |     wint_t __wch;
      |     ^~~~~~
C:\ST\STM32CubeIDE_1.19.0\STM32CubeIDE\plugins\com.st.stm32cube.ide.mcu.externaltools.gnu-tools-for-stm32.13.3.rel1.win32_1.0.0.202411081344\tools\bin/../lib/gcc/arm-none-eabi/13.3.1/../../../../arm-none-eabi/include/sys/_types.h:170:3: error: storage class specified for parameter '_mbstate_t'
  170 | } _mbstate_t;
      |   ^~~~~~~~~~
C:\ST\STM32CubeIDE_1.19.0\STM32CubeIDE\plugins\com.st.stm32cube.ide.mcu.externaltools.gnu-tools-for-stm32.13.3.rel1.win32_1.0.0.202411081344\tools\bin/../lib/gcc/arm-none-eabi/13.3.1/../../../../arm-none-eabi/include/sys/_types.h:175:15: error: storage class specified for parameter '_iconv_t'
  175 | typedef void *_iconv_t;
      |               ^~~~~~~~
C:\ST\STM32CubeIDE_1.19.0\STM32CubeIDE\plugins\com.st.stm32cube.ide.mcu.externaltools.gnu-tools-for-stm32.13.3.rel1.win32_1.0.0.202411081344\tools\bin/../lib/gcc/arm-none-eabi/13.3.1/../../../../arm-none-eabi/include/sys/_types.h:182:25: error: storage class specified for parameter '__clock_t'
  182 | typedef _CLOCK_T_       __clock_t;
      |                         ^~~~~~~~~
C:\ST\STM32CubeIDE_1.19.0\STM32CubeIDE\plugins\com.st.stm32cube.ide.mcu.externaltools.gnu-tools-for-stm32.13.3.rel1.win32_1.0.0.202411081344\tools\bin/../lib/gcc/arm-none-eabi/13.3.1/../../../../arm-none-eabi/include/sys/_types.h:189:25: error: storage class specified for parameter '__time_t'
  189 | typedef _TIME_T_        __time_t;
      |                         ^~~~~~~~
C:\ST\STM32CubeIDE_1.19.0\STM32CubeIDE\plugins\com.st.stm32cube.ide.mcu.externaltools.gnu-tools-for-stm32.13.3.rel1.win32_1.0.0.202411081344\tools\bin/../lib/gcc/arm-none-eabi/13.3.1/../../../../arm-none-eabi/include/sys/_types.h:195:25: error: storage class specified for parameter '__clockid_t'
  195 | typedef _CLOCKID_T_     __clockid_t;
      |                         ^~~~~~~~~~~
C:\ST\STM32CubeIDE_1.19.0\STM32CubeIDE\plugins\com.st.stm32cube.ide.mcu.externaltools.gnu-tools-for-stm32.13.3.rel1.win32_1.0.0.202411081344\tools\bin/../lib/gcc/arm-none-eabi/13.3.1/../../../../arm-none-eabi/include/sys/_types.h:198:25: error: storage class specified for parameter '__daddr_t'
  198 | typedef long            __daddr_t;
      |                         ^~~~~~~~~
C:\ST\STM32CubeIDE_1.19.0\STM32CubeIDE\plugins\com.st.stm32cube.ide.mcu.externaltools.gnu-tools-for-stm32.13.3.rel1.win32_1.0.0.202411081344\tools\bin/../lib/gcc/arm-none-eabi/13.3.1/../../../../arm-none-eabi/include/sys/_types.h:202:25: error: storage class specified for parameter '__timer_t'
  202 | typedef _TIMER_T_       __timer_t;
      |                         ^~~~~~~~~
C:\ST\STM32CubeIDE_1.19.0\STM32CubeIDE\plugins\com.st.stm32cube.ide.mcu.externaltools.gnu-tools-for-stm32.13.3.rel1.win32_1.0.0.202411081344\tools\bin/../lib/gcc/arm-none-eabi/13.3.1/../../../../arm-none-eabi/include/sys/_types.h:205:25: error: storage class specified for parameter '__sa_family_t'
  205 | typedef __uint8_t       __sa_family_t;
      |                         ^~~~~~~~~~~~~
C:\ST\STM32CubeIDE_1.19.0\STM32CubeIDE\plugins\com.st.stm32cube.ide.mcu.externaltools.gnu-tools-for-stm32.13.3.rel1.win32_1.0.0.202411081344\tools\bin/../lib/gcc/arm-none-eabi/13.3.1/../../../../arm-none-eabi/include/sys/_types.h:209:25: error: storage class specified for parameter '__socklen_t'
  209 | typedef __uint32_t      __socklen_t;
      |                         ^~~~~~~~~~~
C:\ST\STM32CubeIDE_1.19.0\STM32CubeIDE\plugins\com.st.stm32cube.ide.mcu.externaltools.gnu-tools-for-stm32.13.3.rel1.win32_1.0.0.202411081344\tools\bin/../lib/gcc/arm-none-eabi/13.3.1/../../../../arm-none-eabi/include/sys/_types.h:212:25: error: storage class specified for parameter '__nl_item'
  212 | typedef int             __nl_item;
      |                         ^~~~~~~~~
In file included from C:\ST\STM32CubeIDE_1.19.0\STM32CubeIDE\plugins\com.st.stm32cube.ide.mcu.externaltools.gnu-tools-for-stm32.13.3.rel1.win32_1.0.0.202411081344\tools\bin/../lib/gcc/arm-none-eabi/13.3.1/../../../../arm-none-eabi/include/sys/_types.h:24,
                 from C:\ST\STM32CubeIDE_1.19.0\STM32CubeIDE\plugins\com.st.stm32cube.ide.mcu.externaltools.gnu-tools-for-stm32.13.3.rel1.win32_1.0.0.202411081344\tools\bin/../lib/gcc/arm-none-eabi/13.3.1/../../../../arm-none-eabi/include/sys/reent.h:16,
                 from C:\ST\STM32CubeIDE_1.19.0\STM32CubeIDE\plugins\com.st.stm32cube.ide.mcu.externaltools.gnu-tools-for-stm32.13.3.rel1.win32_1.0.0.202411081344\tools\bin/../lib/gcc/arm-none-eabi/13.3.1/../../../../arm-none-eabi/include/stdio.h:60:
C:\ST\STM32CubeIDE_1.19.0\STM32CubeIDE\plugins\com.st.stm32cube.ide.mcu.externaltools.gnu-tools-for-stm32.13.3.rel1.win32_1.0.0.202411081344\tools\bin/../lib/gcc/arm-none-eabi/13.3.1/include/stddef.h:359:23: error: storage class specified for parameter 'wint_t'
  359 | typedef __WINT_TYPE__ wint_t;
      |                       ^~~~~~
C:\ST\STM32CubeIDE_1.19.0\STM32CubeIDE\plugins\com.st.stm32cube.ide.mcu.externaltools.gnu-tools-for-stm32.13.3.rel1.win32_1.0.0.202411081344\tools\bin/../lib/gcc/arm-none-eabi/13.3.1/../../../../arm-none-eabi/include/sys/_types.h:213:25: error: storage class specified for parameter '__nlink_t'
  213 | typedef unsigned short  __nlink_t;
      |                         ^~~~~~~~~
C:\ST\STM32CubeIDE_1.19.0\STM32CubeIDE\plugins\com.st.stm32cube.ide.mcu.externaltools.gnu-tools-for-stm32.13.3.rel1.win32_1.0.0.202411081344\tools\bin/../lib/gcc/arm-none-eabi/13.3.1/../../../../arm-none-eabi/include/sys/_types.h:214:25: error: storage class specified for parameter '__suseconds_t'
  214 | typedef long            __suseconds_t;  /* microseconds (signed) */
      |                         ^~~~~~~~~~~~~
C:\ST\STM32CubeIDE_1.19.0\STM32CubeIDE\plugins\com.st.stm32cube.ide.mcu.externaltools.gnu-tools-for-stm32.13.3.rel1.win32_1.0.0.202411081344\tools\bin/../lib/gcc/arm-none-eabi/13.3.1/../../../../arm-none-eabi/include/sys/_types.h:215:25: error: storage class specified for parameter '__useconds_t'
  215 | typedef unsigned long   __useconds_t;   /* microseconds (unsigned) */
      |                         ^~~~~~~~~~~~
C:\ST\STM32CubeIDE_1.19.0\STM32CubeIDE\plugins\com.st.stm32cube.ide.mcu.externaltools.gnu-tools-for-stm32.13.3.rel1.win32_1.0.0.202411081344\tools\bin/../lib/gcc/arm-none-eabi/13.3.1/../../../../arm-none-eabi/include/sys/_types.h:223:33: error: storage class specified for parameter '__va_list'
  223 | typedef __builtin_va_list       __va_list;
      |                                 ^~~~~~~~~
C:\ST\STM32CubeIDE_1.19.0\STM32CubeIDE\plugins\com.st.stm32cube.ide.mcu.externaltools.gnu-tools-for-stm32.13.3.rel1.win32_1.0.0.202411081344\tools\bin/../lib/gcc/arm-none-eabi/13.3.1/../../../../arm-none-eabi/include/sys/_types.h:30:14: error: storage class specified for parameter '__blkcnt_t'
   30 | typedef long __blkcnt_t;
      |              ^~~~~~~~~~
C:\ST\STM32CubeIDE_1.19.0\STM32CubeIDE\plugins\com.st.stm32cube.ide.mcu.externaltools.gnu-tools-for-stm32.13.3.rel1.win32_1.0.0.202411081344\tools\bin/../lib/gcc/arm-none-eabi/13.3.1/../../../../arm-none-eabi/include/sys/_types.h:34:14: error: storage class specified for parameter '__blksize_t'
   34 | typedef long __blksize_t;
      |              ^~~~~~~~~~~
C:\ST\STM32CubeIDE_1.19.0\STM32CubeIDE\plugins\com.st.stm32cube.ide.mcu.externaltools.gnu-tools-for-stm32.13.3.rel1.win32_1.0.0.202411081344\tools\bin/../lib/gcc/arm-none-eabi/13.3.1/../../../../arm-none-eabi/include/sys/reent.h:23:25: error: storage class specified for parameter '__ULong'
   23 | typedef unsigned __Long __ULong;
      |                         ^~~~~~~
C:\ST\STM32CubeIDE_1.19.0\STM32CubeIDE\plugins\com.st.stm32cube.ide.mcu.externaltools.gnu-tools-for-stm32.13.3.rel1.win32_1.0.0.202411081344\tools\bin/../lib/gcc/arm-none-eabi/13.3.1/../../../../arm-none-eabi/include/sys/_types.h:38:20: error: storage class specified for parameter '__fsblkcnt_t'
   38 | typedef __uint64_t __fsblkcnt_t;
      |                    ^~~~~~~~~~~~
C:\ST\STM32CubeIDE_1.19.0\STM32CubeIDE\plugins\com.st.stm32cube.ide.mcu.externaltools.gnu-tools-for-stm32.13.3.rel1.win32_1.0.0.202411081344\tools\bin/../lib/gcc/arm-none-eabi/13.3.1/../../../../arm-none-eabi/include/sys/_types.h:42:20: error: storage class specified for parameter '__fsfilcnt_t'
   42 | typedef __uint32_t __fsfilcnt_t;
      |                    ^~~~~~~~~~~~
C:\ST\STM32CubeIDE_1.19.0\STM32CubeIDE\plugins\com.st.stm32cube.ide.mcu.externaltools.gnu-tools-for-stm32.13.3.rel1.win32_1.0.0.202411081344\tools\bin/../lib/gcc/arm-none-eabi/13.3.1/../../../../arm-none-eabi/include/sys/_types.h:46:14: error: storage class specified for parameter '_off_t'
   46 | typedef long _off_t;
      |              ^~~~~~
In file included from C:\ST\STM32CubeIDE_1.19.0\STM32CubeIDE\plugins\com.st.stm32cube.ide.mcu.externaltools.gnu-tools-for-stm32.13.3.rel1.win32_1.0.0.202411081344\tools\bin/../lib/gcc/arm-none-eabi/13.3.1/../../../../arm-none-eabi/include/sys/reent.h:35:
C:\ST\STM32CubeIDE_1.19.0\STM32CubeIDE\plugins\com.st.stm32cube.ide.mcu.externaltools.gnu-tools-for-stm32.13.3.rel1.win32_1.0.0.202411081344\tools\bin/../lib/gcc/arm-none-eabi/13.3.1/../../../../arm-none-eabi/include/sys/lock.h:34:25: error: storage class specified for parameter '_LOCK_T'
   34 | typedef struct __lock * _LOCK_T;
      |                         ^~~~~~~
C:\ST\STM32CubeIDE_1.19.0\STM32CubeIDE\plugins\com.st.stm32cube.ide.mcu.externaltools.gnu-tools-for-stm32.13.3.rel1.win32_1.0.0.202411081344\tools\bin/../lib/gcc/arm-none-eabi/13.3.1/../../../../arm-none-eabi/include/sys/lock.h:41:34: error: expected declaration specifiers or '...' before '_LOCK_T'
   41 | extern void __retarget_lock_init(_LOCK_T *lock);
      |                                  ^~~~~~~
C:\ST\STM32CubeIDE_1.19.0\STM32CubeIDE\plugins\com.st.stm32cube.ide.mcu.externaltools.gnu-tools-for-stm32.13.3.rel1.win32_1.0.0.202411081344\tools\bin/../lib/gcc/arm-none-eabi/13.3.1/../../../../arm-none-eabi/include/sys/_types.h:52:13: error: storage class specified for parameter '__pid_t'
   52 | typedef int __pid_t;
      |             ^~~~~~~
C:\ST\STM32CubeIDE_1.19.0\STM32CubeIDE\plugins\com.st.stm32cube.ide.mcu.externaltools.gnu-tools-for-stm32.13.3.rel1.win32_1.0.0.202411081344\tools\bin/../lib/gcc/arm-none-eabi/13.3.1/../../../../arm-none-eabi/include/sys/lock.h:43:44: error: expected declaration specifiers or '...' before '_LOCK_T'
   43 | extern void __retarget_lock_init_recursive(_LOCK_T *lock);
      |                                            ^~~~~~~
C:\ST\STM32CubeIDE_1.19.0\STM32CubeIDE\plugins\com.st.stm32cube.ide.mcu.externaltools.gnu-tools-for-stm32.13.3.rel1.win32_1.0.0.202411081344\tools\bin/../lib/gcc/arm-none-eabi/13.3.1/../../../../arm-none-eabi/include/sys/_types.h:56:15: error: storage class specified for parameter '__dev_t'
   56 | typedef short __dev_t;
      |               ^~~~~~~
C:\ST\STM32CubeIDE_1.19.0\STM32CubeIDE\plugins\com.st.stm32cube.ide.mcu.externaltools.gnu-tools-for-stm32.13.3.rel1.win32_1.0.0.202411081344\tools\bin/../lib/gcc/arm-none-eabi/13.3.1/../../../../arm-none-eabi/include/sys/lock.h:45:35: error: expected declaration specifiers or '...' before '_LOCK_T'
   45 | extern void __retarget_lock_close(_LOCK_T lock);
      |                                   ^~~~~~~
C:\ST\STM32CubeIDE_1.19.0\STM32CubeIDE\plugins\com.st.stm32cube.ide.mcu.externaltools.gnu-tools-for-stm32.13.3.rel1.win32_1.0.0.202411081344\tools\bin/../lib/gcc/arm-none-eabi/13.3.1/../../../../arm-none-eabi/include/sys/_types.h:60:24: error: storage class specified for parameter '__uid_t'
   60 | typedef unsigned short __uid_t;
      |                        ^~~~~~~
C:\ST\STM32CubeIDE_1.19.0\STM32CubeIDE\plugins\com.st.stm32cube.ide.mcu.externaltools.gnu-tools-for-stm32.13.3.rel1.win32_1.0.0.202411081344\tools\bin/../lib/gcc/arm-none-eabi/13.3.1/../../../../arm-none-eabi/include/sys/lock.h:47:45: error: expected declaration specifiers or '...' before '_LOCK_T'
   47 | extern void __retarget_lock_close_recursive(_LOCK_T lock);
      |                                             ^~~~~~~
C:\ST\STM32CubeIDE_1.19.0\STM32CubeIDE\plugins\com.st.stm32cube.ide.mcu.externaltools.gnu-tools-for-stm32.13.3.rel1.win32_1.0.0.202411081344\tools\bin/../lib/gcc/arm-none-eabi/13.3.1/../../../../arm-none-eabi/include/sys/lock.h:49:37: error: expected declaration specifiers or '...' before '_LOCK_T'
   49 | extern void __retarget_lock_acquire(_LOCK_T lock);
      |                                     ^~~~~~~
C:\ST\STM32CubeIDE_1.19.0\STM32CubeIDE\plugins\com.st.stm32cube.ide.mcu.externaltools.gnu-tools-for-stm32.13.3.rel1.win32_1.0.0.202411081344\tools\bin/../lib/gcc/arm-none-eabi/13.3.1/../../../../arm-none-eabi/include/sys/_types.h:63:24: error: storage class specified for parameter '__gid_t'
   63 | typedef unsigned short __gid_t;
      |                        ^~~~~~~
C:\ST\STM32CubeIDE_1.19.0\STM32CubeIDE\plugins\com.st.stm32cube.ide.mcu.externaltools.gnu-tools-for-stm32.13.3.rel1.win32_1.0.0.202411081344\tools\bin/../lib/gcc/arm-none-eabi/13.3.1/../../../../arm-none-eabi/include/sys/lock.h:51:47: error: expected declaration specifiers or '...' before '_LOCK_T'
   51 | extern void __retarget_lock_acquire_recursive(_LOCK_T lock);
      |                                               ^~~~~~~
C:\ST\STM32CubeIDE_1.19.0\STM32CubeIDE\plugins\com.st.stm32cube.ide.mcu.externaltools.gnu-tools-for-stm32.13.3.rel1.win32_1.0.0.202411081344\tools\bin/../lib/gcc/arm-none-eabi/13.3.1/../../../../arm-none-eabi/include/sys/lock.h:53:40: error: expected declaration specifiers or '...' before '_LOCK_T'
   53 | extern int __retarget_lock_try_acquire(_LOCK_T lock);
      |                                        ^~~~~~~
C:\ST\STM32CubeIDE_1.19.0\STM32CubeIDE\plugins\com.st.stm32cube.ide.mcu.externaltools.gnu-tools-for-stm32.13.3.rel1.win32_1.0.0.202411081344\tools\bin/../lib/gcc/arm-none-eabi/13.3.1/../../../../arm-none-eabi/include/sys/_types.h:67:20: error: storage class specified for parameter '__id_t'
   67 | typedef __uint32_t __id_t;
      |                    ^~~~~~
C:\ST\STM32CubeIDE_1.19.0\STM32CubeIDE\plugins\com.st.stm32cube.ide.mcu.externaltools.gnu-tools-for-stm32.13.3.rel1.win32_1.0.0.202411081344\tools\bin/../lib/gcc/arm-none-eabi/13.3.1/../../../../arm-none-eabi/include/sys/lock.h:55:50: error: expected declaration specifiers or '...' before '_LOCK_T'
   55 | extern int __retarget_lock_try_acquire_recursive(_LOCK_T lock);
      |                                                  ^~~~~~~
C:\ST\STM32CubeIDE_1.19.0\STM32CubeIDE\plugins\com.st.stm32cube.ide.mcu.externaltools.gnu-tools-for-stm32.13.3.rel1.win32_1.0.0.202411081344\tools\bin/../lib/gcc/arm-none-eabi/13.3.1/../../../../arm-none-eabi/include/sys/_types.h:75:24: error: storage class specified for parameter '__ino_t'
   75 | typedef unsigned short __ino_t;
      |                        ^~~~~~~
C:\ST\STM32CubeIDE_1.19.0\STM32CubeIDE\plugins\com.st.stm32cube.ide.mcu.externaltools.gnu-tools-for-stm32.13.3.rel1.win32_1.0.0.202411081344\tools\bin/../lib/gcc/arm-none-eabi/13.3.1/../../../../arm-none-eabi/include/sys/lock.h:58:37: error: expected declaration specifiers or '...' before '_LOCK_T'
   58 | extern void __retarget_lock_release(_LOCK_T lock);
      |                                     ^~~~~~~
C:\ST\STM32CubeIDE_1.19.0\STM32CubeIDE\plugins\com.st.stm32cube.ide.mcu.externaltools.gnu-tools-for-stm32.13.3.rel1.win32_1.0.0.202411081344\tools\bin/../lib/gcc/arm-none-eabi/13.3.1/../../../../arm-none-eabi/include/sys/_types.h:90:20: error: storage class specified for parameter '__mode_t'
   90 | typedef __uint32_t __mode_t;
      |                    ^~~~~~~~
C:\ST\STM32CubeIDE_1.19.0\STM32CubeIDE\plugins\com.st.stm32cube.ide.mcu.externaltools.gnu-tools-for-stm32.13.3.rel1.win32_1.0.0.202411081344\tools\bin/../lib/gcc/arm-none-eabi/13.3.1/../../../../arm-none-eabi/include/sys/lock.h:60:47: error: expected declaration specifiers or '...' before '_LOCK_T'
   60 | extern void __retarget_lock_release_recursive(_LOCK_T lock);
      |                                               ^~~~~~~
C:\ST\STM32CubeIDE_1.19.0\STM32CubeIDE\plugins\com.st.stm32cube.ide.mcu.externaltools.gnu-tools-for-stm32.13.3.rel1.win32_1.0.0.202411081344\tools\bin/../lib/gcc/arm-none-eabi/13.3.1/../../../../arm-none-eabi/include/sys/_types.h:96:1: error: expected declaration specifiers before '__extension__'
   96 | __extension__ typedef long long _off64_t;
      | ^~~~~~~~~~~~~
C:\ST\STM32CubeIDE_1.19.0\STM32CubeIDE\plugins\com.st.stm32cube.ide.mcu.externaltools.gnu-tools-for-stm32.13.3.rel1.win32_1.0.0.202411081344\tools\bin/../lib/gcc/arm-none-eabi/13.3.1/../../../../arm-none-eabi/include/sys/reent.h:36:27: error: expected '=', ',', ';', 'asm' or '__attribute__' before '_flock_t'
   36 | typedef _LOCK_RECURSIVE_T _flock_t;
      |                           ^~~~~~~~
C:\ST\STM32CubeIDE_1.19.0\STM32CubeIDE\plugins\com.st.stm32cube.ide.mcu.externaltools.gnu-tools-for-stm32.13.3.rel1.win32_1.0.0.202411081344\tools\bin/../lib/gcc/arm-none-eabi/13.3.1/../../../../arm-none-eabi/include/sys/_types.h:102:16: error: expected '=', ',', ';', 'asm' or '__attribute__' before '__off_t'
  102 | typedef _off_t __off_t;
      |                ^~~~~~~
C:\ST\STM32CubeIDE_1.19.0\STM32CubeIDE\plugins\com.st.stm32cube.ide.mcu.externaltools.gnu-tools-for-stm32.13.3.rel1.win32_1.0.0.202411081344\tools\bin/../lib/gcc/arm-none-eabi/13.3.1/../../../../arm-none-eabi/include/sys/reent.h:57:3: error: expected specifier-qualifier-list before '__ULong'
   57 |   __ULong _x[1];
      |   ^~~~~~~
C:\ST\STM32CubeIDE_1.19.0\STM32CubeIDE\plugins\com.st.stm32cube.ide.mcu.externaltools.gnu-tools-for-stm32.13.3.rel1.win32_1.0.0.202411081344\tools\bin/../lib/gcc/arm-none-eabi/13.3.1/../../../../arm-none-eabi/include/sys/_types.h:105:9: error: unknown type name '_off64_t'
  105 | typedef _off64_t __loff_t;
      |         ^~~~~~~~
C:\ST\STM32CubeIDE_1.19.0\STM32CubeIDE\plugins\com.st.stm32cube.ide.mcu.externaltools.gnu-tools-for-stm32.13.3.rel1.win32_1.0.0.202411081344\tools\bin/../lib/gcc/arm-none-eabi/13.3.1/../../../../arm-none-eabi/include/sys/reent.h:84:9: error: expected specifier-qualifier-list before '__ULong'
   84 |         __ULong _fntypes;                       /* type of exit routine -
      |         ^~~~~~~
C:\ST\STM32CubeIDE_1.19.0\STM32CubeIDE\plugins\com.st.stm32cube.ide.mcu.externaltools.gnu-tools-for-stm32.13.3.rel1.win32_1.0.0.202411081344\tools\bin/../lib/gcc/arm-none-eabi/13.3.1/../../../../arm-none-eabi/include/sys/_types.h:105:18: error: storage class specified for parameter '__loff_t'
  105 | typedef _off64_t __loff_t;
      |                  ^~~~~~~~
C:\ST\STM32CubeIDE_1.19.0\STM32CubeIDE\plugins\com.st.stm32cube.ide.mcu.externaltools.gnu-tools-for-stm32.13.3.rel1.win32_1.0.0.202411081344\tools\bin/../lib/gcc/arm-none-eabi/13.3.1/../../../../arm-none-eabi/include/sys/reent.h:174:3: error: expected specifier-qualifier-list before '_fpos_t'
  174 |   _fpos_t (*_seek) (struct _reent *, void *, _fpos_t, int);
      |   ^~~~~~~
C:\ST\STM32CubeIDE_1.19.0\STM32CubeIDE\plugins\com.st.stm32cube.ide.mcu.externaltools.gnu-tools-for-stm32.13.3.rel1.win32_1.0.0.202411081344\tools\bin/../lib/gcc/arm-none-eabi/13.3.1/../../../../arm-none-eabi/include/sys/_types.h:108:14: error: storage class specified for parameter '__key_t'
  108 | typedef long __key_t;
      |              ^~~~~~~
C:\ST\STM32CubeIDE_1.19.0\STM32CubeIDE\plugins\com.st.stm32cube.ide.mcu.externaltools.gnu-tools-for-stm32.13.3.rel1.win32_1.0.0.202411081344\tools\bin/../lib/gcc/arm-none-eabi/13.3.1/../../../../arm-none-eabi/include/sys/reent.h:270:26: error: storage class specified for parameter '__FILE'
  270 | typedef struct __sFILE   __FILE;
      |                          ^~~~~~
C:\ST\STM32CubeIDE_1.19.0\STM32CubeIDE\plugins\com.st.stm32cube.ide.mcu.externaltools.gnu-tools-for-stm32.13.3.rel1.win32_1.0.0.202411081344\tools\bin/../lib/gcc/arm-none-eabi/13.3.1/../../../../arm-none-eabi/include/sys/_types.h:116:14: error: storage class specified for parameter '_fpos_t'
  116 | typedef long _fpos_t;           /* XXX must match off_t in <sys/types.h> */
      |              ^~~~~~~
C:\ST\STM32CubeIDE_1.19.0\STM32CubeIDE\plugins\com.st.stm32cube.ide.mcu.externaltools.gnu-tools-for-stm32.13.3.rel1.win32_1.0.0.202411081344\tools\bin/../lib/gcc/arm-none-eabi/13.3.1/../../../../arm-none-eabi/include/sys/reent.h:274:15: error: expected '=', ',', ';', 'asm' or '__attribute__' before '__sf'
  274 | extern __FILE __sf[3];
      |               ^~~~
C:\ST\STM32CubeIDE_1.19.0\STM32CubeIDE\plugins\com.st.stm32cube.ide.mcu.externaltools.gnu-tools-for-stm32.13.3.rel1.win32_1.0.0.202411081344\tools\bin/../lib/gcc/arm-none-eabi/13.3.1/../../../../arm-none-eabi/include/sys/_types.h:131:23: error: storage class specified for parameter '__size_t'
  131 | typedef __SIZE_TYPE__ __size_t;
      |                       ^~~~~~~~
C:\ST\STM32CubeIDE_1.19.0\STM32CubeIDE\plugins\com.st.stm32cube.ide.mcu.externaltools.gnu-tools-for-stm32.13.3.rel1.win32_1.0.0.202411081344\tools\bin/../lib/gcc/arm-none-eabi/13.3.1/../../../../arm-none-eabi/include/sys/reent.h:280:3: error: expected specifier-qualifier-list before '__FILE'
  280 |   __FILE *_iobs;
      |   ^~~~~~
C:\ST\STM32CubeIDE_1.19.0\STM32CubeIDE\plugins\com.st.stm32cube.ide.mcu.externaltools.gnu-tools-for-stm32.13.3.rel1.win32_1.0.0.202411081344\tools\bin/../lib/gcc/arm-none-eabi/13.3.1/../../../../arm-none-eabi/include/sys/_types.h:147:23: error: storage class specified for parameter '_ssize_t'
  147 | typedef __SIZE_TYPE__ _ssize_t;
      |                       ^~~~~~~~
C:\ST\STM32CubeIDE_1.19.0\STM32CubeIDE\plugins\com.st.stm32cube.ide.mcu.externaltools.gnu-tools-for-stm32.13.3.rel1.win32_1.0.0.202411081344\tools\bin/../lib/gcc/arm-none-eabi/13.3.1/../../../../arm-none-eabi/include/sys/reent.h:283:21: error: storage class specified for parameter '__sglue'
  283 | extern struct _glue __sglue;
      |                     ^~~~~~~
C:\ST\STM32CubeIDE_1.19.0\STM32CubeIDE\plugins\com.st.stm32cube.ide.mcu.externaltools.gnu-tools-for-stm32.13.3.rel1.win32_1.0.0.202411081344\tools\bin/../lib/gcc/arm-none-eabi/13.3.1/../../../../arm-none-eabi/include/sys/_types.h:158:18: error: expected '=', ',', ';', 'asm' or '__attribute__' before '__ssize_t'
  158 | typedef _ssize_t __ssize_t;
      |                  ^~~~~~~~~
C:\ST\STM32CubeIDE_1.19.0\STM32CubeIDE\plugins\com.st.stm32cube.ide.mcu.externaltools.gnu-tools-for-stm32.13.3.rel1.win32_1.0.0.202411081344\tools\bin/../lib/gcc/arm-none-eabi/13.3.1/../../../../arm-none-eabi/include/sys/reent.h:362:3: error: expected specifier-qualifier-list before '_mbstate_t'
  362 |   _mbstate_t _mblen_state;
      |   ^~~~~~~~~~
C:\ST\STM32CubeIDE_1.19.0\STM32CubeIDE\plugins\com.st.stm32cube.ide.mcu.externaltools.gnu-tools-for-stm32.13.3.rel1.win32_1.0.0.202411081344\tools\bin/../lib/gcc/arm-none-eabi/13.3.1/../../../../arm-none-eabi/include/sys/_types.h:167:5: error: expected specifier-qualifier-list before 'wint_t'
  167 |     wint_t __wch;
      |     ^~~~~~
C:\ST\STM32CubeIDE_1.19.0\STM32CubeIDE\plugins\com.st.stm32cube.ide.mcu.externaltools.gnu-tools-for-stm32.13.3.rel1.win32_1.0.0.202411081344\tools\bin/../lib/gcc/arm-none-eabi/13.3.1/../../../../arm-none-eabi/include/sys/reent.h:388:3: error: expected specifier-qualifier-list before '__FILE'
  388 |   __FILE *_stdin, *_stdout, *_stderr;   /* XXX */
      |   ^~~~~~
C:\ST\STM32CubeIDE_1.19.0\STM32CubeIDE\plugins\com.st.stm32cube.ide.mcu.externaltools.gnu-tools-for-stm32.13.3.rel1.win32_1.0.0.202411081344\tools\bin/../lib/gcc/arm-none-eabi/13.3.1/../../../../arm-none-eabi/include/sys/_types.h:170:3: error: storage class specified for parameter '_mbstate_t'
  170 | } _mbstate_t;
      |   ^~~~~~~~~~
C:\ST\STM32CubeIDE_1.19.0\STM32CubeIDE\plugins\com.st.stm32cube.ide.mcu.externaltools.gnu-tools-for-stm32.13.3.rel1.win32_1.0.0.202411081344\tools\bin/../lib/gcc/arm-none-eabi/13.3.1/../../../../arm-none-eabi/include/sys/_types.h:175:15: error: storage class specified for parameter '_iconv_t'
  175 | typedef void *_iconv_t;
      |               ^~~~~~~~
C:\ST\STM32CubeIDE_1.19.0\STM32CubeIDE\plugins\com.st.stm32cube.ide.mcu.externaltools.gnu-tools-for-stm32.13.3.rel1.win32_1.0.0.202411081344\tools\bin/../lib/gcc/arm-none-eabi/13.3.1/../../../../arm-none-eabi/include/sys/_types.h:182:25: error: storage class specified for parameter '__clock_t'
  182 | typedef _CLOCK_T_       __clock_t;
      |                         ^~~~~~~~~
C:\ST\STM32CubeIDE_1.19.0\STM32CubeIDE\plugins\com.st.stm32cube.ide.mcu.externaltools.gnu-tools-for-stm32.13.3.rel1.win32_1.0.0.202411081344\tools\bin/../lib/gcc/arm-none-eabi/13.3.1/../../../../arm-none-eabi/include/sys/reent.h:797:23: error: storage class specified for parameter '_impure_ptr'
  797 | extern struct _reent *_impure_ptr __ATTRIBUTE_IMPURE_PTR__;
      |                       ^~~~~~~~~~~
C:\ST\STM32CubeIDE_1.19.0\STM32CubeIDE\plugins\com.st.stm32cube.ide.mcu.externaltools.gnu-tools-for-stm32.13.3.rel1.win32_1.0.0.202411081344\tools\bin/../lib/gcc/arm-none-eabi/13.3.1/../../../../arm-none-eabi/include/sys/_types.h:189:25: error: storage class specified for parameter '__time_t'
  189 | typedef _TIME_T_        __time_t;
      |                         ^~~~~~~~
C:\ST\STM32CubeIDE_1.19.0\STM32CubeIDE\plugins\com.st.stm32cube.ide.mcu.externaltools.gnu-tools-for-stm32.13.3.rel1.win32_1.0.0.202411081344\tools\bin/../lib/gcc/arm-none-eabi/13.3.1/../../../../arm-none-eabi/include/sys/reent.h:803:22: error: storage class specified for parameter '_impure_data'
  803 | extern struct _reent _impure_data __ATTRIBUTE_IMPURE_DATA__;
      |                      ^~~~~~~~~~~~
C:\ST\STM32CubeIDE_1.19.0\STM32CubeIDE\plugins\com.st.stm32cube.ide.mcu.externaltools.gnu-tools-for-stm32.13.3.rel1.win32_1.0.0.202411081344\tools\bin/../lib/gcc/arm-none-eabi/13.3.1/../../../../arm-none-eabi/include/sys/_types.h:195:25: error: storage class specified for parameter '__clockid_t'
  195 | typedef _CLOCKID_T_     __clockid_t;
      |                         ^~~~~~~~~~~
C:\ST\STM32CubeIDE_1.19.0\STM32CubeIDE\plugins\com.st.stm32cube.ide.mcu.externaltools.gnu-tools-for-stm32.13.3.rel1.win32_1.0.0.202411081344\tools\bin/../lib/gcc/arm-none-eabi/13.3.1/../../../../arm-none-eabi/include/sys/reent.h:917:24: error: storage class specified for parameter '__atexit'
  917 | extern struct _atexit *__atexit; /* points to head of LIFO stack */
      |                        ^~~~~~~~
C:\ST\STM32CubeIDE_1.19.0\STM32CubeIDE\plugins\com.st.stm32cube.ide.mcu.externaltools.gnu-tools-for-stm32.13.3.rel1.win32_1.0.0.202411081344\tools\bin/../lib/gcc/arm-none-eabi/13.3.1/../../../../arm-none-eabi/include/sys/_types.h:198:25: error: storage class specified for parameter '__daddr_t'
  198 | typedef long            __daddr_t;
      |                         ^~~~~~~~~
C:\ST\STM32CubeIDE_1.19.0\STM32CubeIDE\plugins\com.st.stm32cube.ide.mcu.externaltools.gnu-tools-for-stm32.13.3.rel1.win32_1.0.0.202411081344\tools\bin/../lib/gcc/arm-none-eabi/13.3.1/../../../../arm-none-eabi/include/sys/reent.h:918:23: error: storage class specified for parameter '__atexit0'
  918 | extern struct _atexit __atexit0; /* one guaranteed table, required by ANSI */
      |                       ^~~~~~~~~
C:\ST\STM32CubeIDE_1.19.0\STM32CubeIDE\plugins\com.st.stm32cube.ide.mcu.externaltools.gnu-tools-for-stm32.13.3.rel1.win32_1.0.0.202411081344\tools\bin/../lib/gcc/arm-none-eabi/13.3.1/../../../../arm-none-eabi/include/sys/_types.h:202:25: error: storage class specified for parameter '__timer_t'
  202 | typedef _TIMER_T_       __timer_t;
      |                         ^~~~~~~~~
C:\ST\STM32CubeIDE_1.19.0\STM32CubeIDE\plugins\com.st.stm32cube.ide.mcu.externaltools.gnu-tools-for-stm32.13.3.rel1.win32_1.0.0.202411081344\tools\bin/../lib/gcc/arm-none-eabi/13.3.1/../../../../arm-none-eabi/include/sys/reent.h:920:15: error: storage class specified for parameter '__stdio_exit_handler'
  920 | extern void (*__stdio_exit_handler) (void);
      |               ^~~~~~~~~~~~~~~~~~~~
C:\ST\STM32CubeIDE_1.19.0\STM32CubeIDE\plugins\com.st.stm32cube.ide.mcu.externaltools.gnu-tools-for-stm32.13.3.rel1.win32_1.0.0.202411081344\tools\bin/../lib/gcc/arm-none-eabi/13.3.1/../../../../arm-none-eabi/include/sys/_types.h:205:25: error: storage class specified for parameter '__sa_family_t'
  205 | typedef __uint8_t       __sa_family_t;
      |                         ^~~~~~~~~~~~~
C:\ST\STM32CubeIDE_1.19.0\STM32CubeIDE\plugins\com.st.stm32cube.ide.mcu.externaltools.gnu-tools-for-stm32.13.3.rel1.win32_1.0.0.202411081344\tools\bin/../lib/gcc/arm-none-eabi/13.3.1/../../../../arm-none-eabi/include/sys/reent.h:924:68: error: expected declaration specifiers or '...' before '__FILE'
  924 | extern int _fwalk_sglue (struct _reent *, int (*)(struct _reent *, __FILE *),
      |                                                                    ^~~~~~
C:\ST\STM32CubeIDE_1.19.0\STM32CubeIDE\plugins\com.st.stm32cube.ide.mcu.externaltools.gnu-tools-for-stm32.13.3.rel1.win32_1.0.0.202411081344\tools\bin/../lib/gcc/arm-none-eabi/13.3.1/../../../../arm-none-eabi/include/sys/_types.h:209:25: error: storage class specified for parameter '__socklen_t'
  209 | typedef __uint32_t      __socklen_t;
      |                         ^~~~~~~~~~~
C:\ST\STM32CubeIDE_1.19.0\STM32CubeIDE\plugins\com.st.stm32cube.ide.mcu.externaltools.gnu-tools-for-stm32.13.3.rel1.win32_1.0.0.202411081344\tools\bin/../lib/gcc/arm-none-eabi/13.3.1/../../../../arm-none-eabi/include/sys/reent.h:925:26: error: expected ';', ',' or ')' before 'struct'
  925 |                          struct _glue *);
      |                          ^~~~~~
C:\ST\STM32CubeIDE_1.19.0\STM32CubeIDE\plugins\com.st.stm32cube.ide.mcu.externaltools.gnu-tools-for-stm32.13.3.rel1.win32_1.0.0.202411081344\tools\bin/../lib/gcc/arm-none-eabi/13.3.1/../../../../arm-none-eabi/include/sys/_types.h:212:25: error: storage class specified for parameter '__nl_item'
  212 | typedef int             __nl_item;
      |                         ^~~~~~~~~
C:\ST\STM32CubeIDE_1.19.0\STM32CubeIDE\plugins\com.st.stm32cube.ide.mcu.externaltools.gnu-tools-for-stm32.13.3.rel1.win32_1.0.0.202411081344\tools\bin/../lib/gcc/arm-none-eabi/13.3.1/../../../../arm-none-eabi/include/stdio.h:66:16: error: expected '=', ',', ';', 'asm' or '__attribute__' before 'FILE'
   66 | typedef __FILE FILE;
      |                ^~~~
C:\ST\STM32CubeIDE_1.19.0\STM32CubeIDE\plugins\com.st.stm32cube.ide.mcu.externaltools.gnu-tools-for-stm32.13.3.rel1.win32_1.0.0.202411081344\tools\bin/../lib/gcc/arm-none-eabi/13.3.1/../../../../arm-none-eabi/include/stdio.h:70:17: error: expected '=', ',', ';', 'asm' or '__attribute__' before 'fpos_t'
   70 | typedef _fpos_t fpos_t;
      |                 ^~~~~~
C:\ST\STM32CubeIDE_1.19.0\STM32CubeIDE\plugins\com.st.stm32cube.ide.mcu.externaltools.gnu-tools-for-stm32.13.3.rel1.win32_1.0.0.202411081344\tools\bin/../lib/gcc/arm-none-eabi/13.3.1/../../../../arm-none-eabi/include/sys/_types.h:213:25: error: storage class specified for parameter '__nlink_t'
  213 | typedef unsigned short  __nlink_t;
      |                         ^~~~~~~~~
C:\ST\STM32CubeIDE_1.19.0\STM32CubeIDE\plugins\com.st.stm32cube.ide.mcu.externaltools.gnu-tools-for-stm32.13.3.rel1.win32_1.0.0.202411081344\tools\bin/../lib/gcc/arm-none-eabi/13.3.1/../../../../arm-none-eabi/include/stdio.h:76:9: error: unknown type name '__off_t'
   76 | typedef __off_t off_t;
      |         ^~~~~~~
C:\ST\STM32CubeIDE_1.19.0\STM32CubeIDE\plugins\com.st.stm32cube.ide.mcu.externaltools.gnu-tools-for-stm32.13.3.rel1.win32_1.0.0.202411081344\tools\bin/../lib/gcc/arm-none-eabi/13.3.1/../../../../arm-none-eabi/include/sys/_types.h:214:25: error: storage class specified for parameter '__suseconds_t'
  214 | typedef long            __suseconds_t;  /* microseconds (signed) */
      |                         ^~~~~~~~~~~~~
C:\ST\STM32CubeIDE_1.19.0\STM32CubeIDE\plugins\com.st.stm32cube.ide.mcu.externaltools.gnu-tools-for-stm32.13.3.rel1.win32_1.0.0.202411081344\tools\bin/../lib/gcc/arm-none-eabi/13.3.1/../../../../arm-none-eabi/include/sys/_types.h:215:25: error: storage class specified for parameter '__useconds_t'
  215 | typedef unsigned long   __useconds_t;   /* microseconds (unsigned) */
      |                         ^~~~~~~~~~~~
C:\ST\STM32CubeIDE_1.19.0\STM32CubeIDE\plugins\com.st.stm32cube.ide.mcu.externaltools.gnu-tools-for-stm32.13.3.rel1.win32_1.0.0.202411081344\tools\bin/../lib/gcc/arm-none-eabi/13.3.1/../../../../arm-none-eabi/include/stdio.h:76:17: error: storage class specified for parameter 'off_t'
   76 | typedef __off_t off_t;
      |                 ^~~~~
C:\ST\STM32CubeIDE_1.19.0\STM32CubeIDE\plugins\com.st.stm32cube.ide.mcu.externaltools.gnu-tools-for-stm32.13.3.rel1.win32_1.0.0.202411081344\tools\bin/../lib/gcc/arm-none-eabi/13.3.1/../../../../arm-none-eabi/include/stdio.h:81:18: error: expected '=', ',', ';', 'asm' or '__attribute__' before 'ssize_t'
   81 | typedef _ssize_t ssize_t;
      |                  ^~~~~~~
C:\ST\STM32CubeIDE_1.19.0\STM32CubeIDE\plugins\com.st.stm32cube.ide.mcu.externaltools.gnu-tools-for-stm32.13.3.rel1.win32_1.0.0.202411081344\tools\bin/../lib/gcc/arm-none-eabi/13.3.1/../../../../arm-none-eabi/include/sys/_types.h:223:33: error: storage class specified for parameter '__va_list'
  223 | typedef __builtin_va_list       __va_list;
      |                                 ^~~~~~~~~
C:\ST\STM32CubeIDE_1.19.0\STM32CubeIDE\plugins\com.st.stm32cube.ide.mcu.externaltools.gnu-tools-for-stm32.13.3.rel1.win32_1.0.0.202411081344\tools\bin/../lib/gcc/arm-none-eabi/13.3.1/../../../../arm-none-eabi/include/sys/reent.h:23:25: error: storage class specified for parameter '__ULong'
   23 | typedef unsigned __Long __ULong;
      |                         ^~~~~~~
C:\ST\STM32CubeIDE_1.19.0\STM32CubeIDE\plugins\com.st.stm32cube.ide.mcu.externaltools.gnu-tools-for-stm32.13.3.rel1.win32_1.0.0.202411081344\tools\bin/../lib/gcc/arm-none-eabi/13.3.1/../../../../arm-none-eabi/include/stdio.h:192:1: error: unknown type name 'FILE'
  192 | FILE *  tmpfile (void);
      | ^~~~
C:\ST\STM32CubeIDE_1.19.0\STM32CubeIDE\plugins\com.st.stm32cube.ide.mcu.externaltools.gnu-tools-for-stm32.13.3.rel1.win32_1.0.0.202411081344\tools\bin/../lib/gcc/arm-none-eabi/13.3.1/../../../../arm-none-eabi/include/stdio.h:86:1: note: 'FILE' is defined in header '<stdio.h>'; did you forget to '#include <stdio.h>'?
   85 | #include <sys/stdio.h>
  +++ |+#include <stdio.h>
   86 | 
C:\ST\STM32CubeIDE_1.19.0\STM32CubeIDE\plugins\com.st.stm32cube.ide.mcu.externaltools.gnu-tools-for-stm32.13.3.rel1.win32_1.0.0.202411081344\tools\bin/../lib/gcc/arm-none-eabi/13.3.1/../../../../arm-none-eabi/include/stdio.h:197:17: error: unknown type name 'FILE'
  197 | int     fclose (FILE *);
      |                 ^~~~
In file included from C:\ST\STM32CubeIDE_1.19.0\STM32CubeIDE\plugins\com.st.stm32cube.ide.mcu.externaltools.gnu-tools-for-stm32.13.3.rel1.win32_1.0.0.202411081344\tools\bin/../lib/gcc/arm-none-eabi/13.3.1/../../../../arm-none-eabi/include/sys/reent.h:35:
C:\ST\STM32CubeIDE_1.19.0\STM32CubeIDE\plugins\com.st.stm32cube.ide.mcu.externaltools.gnu-tools-for-stm32.13.3.rel1.win32_1.0.0.202411081344\tools\bin/../lib/gcc/arm-none-eabi/13.3.1/../../../../arm-none-eabi/include/sys/lock.h:34:25: error: storage class specified for parameter '_LOCK_T'
   34 | typedef struct __lock * _LOCK_T;
      |                         ^~~~~~~
C:\ST\STM32CubeIDE_1.19.0\STM32CubeIDE\plugins\com.st.stm32cube.ide.mcu.externaltools.gnu-tools-for-stm32.13.3.rel1.win32_1.0.0.202411081344\tools\bin/../lib/gcc/arm-none-eabi/13.3.1/../../../../arm-none-eabi/include/stdio.h:197:17: note: 'FILE' is defined in header '<stdio.h>'; did you forget to '#include <stdio.h>'?
C:\ST\STM32CubeIDE_1.19.0\STM32CubeIDE\plugins\com.st.stm32cube.ide.mcu.externaltools.gnu-tools-for-stm32.13.3.rel1.win32_1.0.0.202411081344\tools\bin/../lib/gcc/arm-none-eabi/13.3.1/../../../../arm-none-eabi/include/sys/lock.h:41:34: error: expected declaration specifiers or '...' before '_LOCK_T'
   41 | extern void __retarget_lock_init(_LOCK_T *lock);
      |                                  ^~~~~~~
C:\ST\STM32CubeIDE_1.19.0\STM32CubeIDE\plugins\com.st.stm32cube.ide.mcu.externaltools.gnu-tools-for-stm32.13.3.rel1.win32_1.0.0.202411081344\tools\bin/../lib/gcc/arm-none-eabi/13.3.1/../../../../arm-none-eabi/include/stdio.h:198:17: error: unknown type name 'FILE'
  198 | int     fflush (FILE *);
      |                 ^~~~
C:\ST\STM32CubeIDE_1.19.0\STM32CubeIDE\plugins\com.st.stm32cube.ide.mcu.externaltools.gnu-tools-for-stm32.13.3.rel1.win32_1.0.0.202411081344\tools\bin/../lib/gcc/arm-none-eabi/13.3.1/../../../../arm-none-eabi/include/stdio.h:198:17: note: 'FILE' is defined in header '<stdio.h>'; did you forget to '#include <stdio.h>'?
C:\ST\STM32CubeIDE_1.19.0\STM32CubeIDE\plugins\com.st.stm32cube.ide.mcu.externaltools.gnu-tools-for-stm32.13.3.rel1.win32_1.0.0.202411081344\tools\bin/../lib/gcc/arm-none-eabi/13.3.1/../../../../arm-none-eabi/include/sys/lock.h:43:44: error: expected declaration specifiers or '...' before '_LOCK_T'
   43 | extern void __retarget_lock_init_recursive(_LOCK_T *lock);
      |                                            ^~~~~~~
C:\ST\STM32CubeIDE_1.19.0\STM32CubeIDE\plugins\com.st.stm32cube.ide.mcu.externaltools.gnu-tools-for-stm32.13.3.rel1.win32_1.0.0.202411081344\tools\bin/../lib/gcc/arm-none-eabi/13.3.1/../../../../arm-none-eabi/include/sys/lock.h:45:35: error: expected declaration specifiers or '...' before '_LOCK_T'
   45 | extern void __retarget_lock_close(_LOCK_T lock);
      |                                   ^~~~~~~
C:\ST\STM32CubeIDE_1.19.0\STM32CubeIDE\plugins\com.st.stm32cube.ide.mcu.externaltools.gnu-tools-for-stm32.13.3.rel1.win32_1.0.0.202411081344\tools\bin/../lib/gcc/arm-none-eabi/13.3.1/../../../../arm-none-eabi/include/stdio.h:199:1: error: unknown type name 'FILE'
  199 | FILE *  freopen (const char *__restrict, const char *__restrict, FILE *__restrict);
      | ^~~~
C:\ST\STM32CubeIDE_1.19.0\STM32CubeIDE\plugins\com.st.stm32cube.ide.mcu.externaltools.gnu-tools-for-stm32.13.3.rel1.win32_1.0.0.202411081344\tools\bin/../lib/gcc/arm-none-eabi/13.3.1/../../../../arm-none-eabi/include/stdio.h:199:1: note: 'FILE' is defined in header '<stdio.h>'; did you forget to '#include <stdio.h>'?
C:\ST\STM32CubeIDE_1.19.0\STM32CubeIDE\plugins\com.st.stm32cube.ide.mcu.externaltools.gnu-tools-for-stm32.13.3.rel1.win32_1.0.0.202411081344\tools\bin/../lib/gcc/arm-none-eabi/13.3.1/../../../../arm-none-eabi/include/sys/lock.h:47:45: error: expected declaration specifiers or '...' before '_LOCK_T'
   47 | extern void __retarget_lock_close_recursive(_LOCK_T lock);
      |                                             ^~~~~~~
C:\ST\STM32CubeIDE_1.19.0\STM32CubeIDE\plugins\com.st.stm32cube.ide.mcu.externaltools.gnu-tools-for-stm32.13.3.rel1.win32_1.0.0.202411081344\tools\bin/../lib/gcc/arm-none-eabi/13.3.1/../../../../arm-none-eabi/include/sys/lock.h:49:37: error: expected declaration specifiers or '...' before '_LOCK_T'
   49 | extern void __retarget_lock_acquire(_LOCK_T lock);
      |                                     ^~~~~~~
C:\ST\STM32CubeIDE_1.19.0\STM32CubeIDE\plugins\com.st.stm32cube.ide.mcu.externaltools.gnu-tools-for-stm32.13.3.rel1.win32_1.0.0.202411081344\tools\bin/../lib/gcc/arm-none-eabi/13.3.1/../../../../arm-none-eabi/include/stdio.h:199:66: error: unknown type name 'FILE'
  199 | FILE *  freopen (const char *__restrict, const char *__restrict, FILE *__restrict);
      |                                                                  ^~~~
C:\ST\STM32CubeIDE_1.19.0\STM32CubeIDE\plugins\com.st.stm32cube.ide.mcu.externaltools.gnu-tools-for-stm32.13.3.rel1.win32_1.0.0.202411081344\tools\bin/../lib/gcc/arm-none-eabi/13.3.1/../../../../arm-none-eabi/include/sys/lock.h:51:47: error: expected declaration specifiers or '...' before '_LOCK_T'
   51 | extern void __retarget_lock_acquire_recursive(_LOCK_T lock);
      |                                               ^~~~~~~
C:\ST\STM32CubeIDE_1.19.0\STM32CubeIDE\plugins\com.st.stm32cube.ide.mcu.externaltools.gnu-tools-for-stm32.13.3.rel1.win32_1.0.0.202411081344\tools\bin/../lib/gcc/arm-none-eabi/13.3.1/../../../../arm-none-eabi/include/stdio.h:199:66: note: 'FILE' is defined in header '<stdio.h>'; did you forget to '#include <stdio.h>'?
C:\ST\STM32CubeIDE_1.19.0\STM32CubeIDE\plugins\com.st.stm32cube.ide.mcu.externaltools.gnu-tools-for-stm32.13.3.rel1.win32_1.0.0.202411081344\tools\bin/../lib/gcc/arm-none-eabi/13.3.1/../../../../arm-none-eabi/include/sys/lock.h:53:40: error: expected declaration specifiers or '...' before '_LOCK_T'
   53 | extern int __retarget_lock_try_acquire(_LOCK_T lock);
      |                                        ^~~~~~~
C:\ST\STM32CubeIDE_1.19.0\STM32CubeIDE\plugins\com.st.stm32cube.ide.mcu.externaltools.gnu-tools-for-stm32.13.3.rel1.win32_1.0.0.202411081344\tools\bin/../lib/gcc/arm-none-eabi/13.3.1/../../../../arm-none-eabi/include/stdio.h:200:17: error: unknown type name 'FILE'
  200 | void    setbuf (FILE *__restrict, char *__restrict);
      |                 ^~~~
C:\ST\STM32CubeIDE_1.19.0\STM32CubeIDE\plugins\com.st.stm32cube.ide.mcu.externaltools.gnu-tools-for-stm32.13.3.rel1.win32_1.0.0.202411081344\tools\bin/../lib/gcc/arm-none-eabi/13.3.1/../../../../arm-none-eabi/include/stdio.h:200:17: note: 'FILE' is defined in header '<stdio.h>'; did you forget to '#include <stdio.h>'?
C:\ST\STM32CubeIDE_1.19.0\STM32CubeIDE\plugins\com.st.stm32cube.ide.mcu.externaltools.gnu-tools-for-stm32.13.3.rel1.win32_1.0.0.202411081344\tools\bin/../lib/gcc/arm-none-eabi/13.3.1/../../../../arm-none-eabi/include/sys/lock.h:55:50: error: expected declaration specifiers or '...' before '_LOCK_T'
   55 | extern int __retarget_lock_try_acquire_recursive(_LOCK_T lock);
      |                                                  ^~~~~~~
C:\ST\STM32CubeIDE_1.19.0\STM32CubeIDE\plugins\com.st.stm32cube.ide.mcu.externaltools.gnu-tools-for-stm32.13.3.rel1.win32_1.0.0.202411081344\tools\bin/../lib/gcc/arm-none-eabi/13.3.1/../../../../arm-none-eabi/include/sys/lock.h:58:37: error: expected declaration specifiers or '...' before '_LOCK_T'
   58 | extern void __retarget_lock_release(_LOCK_T lock);
      |                                     ^~~~~~~
C:\ST\STM32CubeIDE_1.19.0\STM32CubeIDE\plugins\com.st.stm32cube.ide.mcu.externaltools.gnu-tools-for-stm32.13.3.rel1.win32_1.0.0.202411081344\tools\bin/../lib/gcc/arm-none-eabi/13.3.1/../../../../arm-none-eabi/include/stdio.h:201:18: error: unknown type name 'FILE'
  201 | int     setvbuf (FILE *__restrict, char *__restrict, int, size_t);
      |                  ^~~~
C:\ST\STM32CubeIDE_1.19.0\STM32CubeIDE\plugins\com.st.stm32cube.ide.mcu.externaltools.gnu-tools-for-stm32.13.3.rel1.win32_1.0.0.202411081344\tools\bin/../lib/gcc/arm-none-eabi/13.3.1/../../../../arm-none-eabi/include/stdio.h:201:18: note: 'FILE' is defined in header '<stdio.h>'; did you forget to '#include <stdio.h>'?
C:\ST\STM32CubeIDE_1.19.0\STM32CubeIDE\plugins\com.st.stm32cube.ide.mcu.externaltools.gnu-tools-for-stm32.13.3.rel1.win32_1.0.0.202411081344\tools\bin/../lib/gcc/arm-none-eabi/13.3.1/../../../../arm-none-eabi/include/sys/lock.h:60:47: error: expected declaration specifiers or '...' before '_LOCK_T'
   60 | extern void __retarget_lock_release_recursive(_LOCK_T lock);
      |                                               ^~~~~~~
C:\ST\STM32CubeIDE_1.19.0\STM32CubeIDE\plugins\com.st.stm32cube.ide.mcu.externaltools.gnu-tools-for-stm32.13.3.rel1.win32_1.0.0.202411081344\tools\bin/../lib/gcc/arm-none-eabi/13.3.1/../../../../arm-none-eabi/include/stdio.h:202:18: error: unknown type name 'FILE'
  202 | int     fprintf (FILE *__restrict, const char *__restrict, ...)
      |                  ^~~~
C:\ST\STM32CubeIDE_1.19.0\STM32CubeIDE\plugins\com.st.stm32cube.ide.mcu.externaltools.gnu-tools-for-stm32.13.3.rel1.win32_1.0.0.202411081344\tools\bin/../lib/gcc/arm-none-eabi/13.3.1/../../../../arm-none-eabi/include/stdio.h:202:18: note: 'FILE' is defined in header '<stdio.h>'; did you forget to '#include <stdio.h>'?
C:\ST\STM32CubeIDE_1.19.0\STM32CubeIDE\plugins\com.st.stm32cube.ide.mcu.externaltools.gnu-tools-for-stm32.13.3.rel1.win32_1.0.0.202411081344\tools\bin/../lib/gcc/arm-none-eabi/13.3.1/../../../../arm-none-eabi/include/sys/reent.h:36:27: error: expected '=', ',', ';', 'asm' or '__attribute__' before '_flock_t'
   36 | typedef _LOCK_RECURSIVE_T _flock_t;
      |                           ^~~~~~~~
C:\ST\STM32CubeIDE_1.19.0\STM32CubeIDE\plugins\com.st.stm32cube.ide.mcu.externaltools.gnu-tools-for-stm32.13.3.rel1.win32_1.0.0.202411081344\tools\bin/../lib/gcc/arm-none-eabi/13.3.1/../../../../arm-none-eabi/include/stdio.h:204:17: error: unknown type name 'FILE'
  204 | int     fscanf (FILE *__restrict, const char *__restrict, ...)
      |                 ^~~~
C:\ST\STM32CubeIDE_1.19.0\STM32CubeIDE\plugins\com.st.stm32cube.ide.mcu.externaltools.gnu-tools-for-stm32.13.3.rel1.win32_1.0.0.202411081344\tools\bin/../lib/gcc/arm-none-eabi/13.3.1/../../../../arm-none-eabi/include/sys/reent.h:57:3: error: expected specifier-qualifier-list before '__ULong'
   57 |   __ULong _x[1];
      |   ^~~~~~~
C:\ST\STM32CubeIDE_1.19.0\STM32CubeIDE\plugins\com.st.stm32cube.ide.mcu.externaltools.gnu-tools-for-stm32.13.3.rel1.win32_1.0.0.202411081344\tools\bin/../lib/gcc/arm-none-eabi/13.3.1/../../../../arm-none-eabi/include/stdio.h:204:17: note: 'FILE' is defined in header '<stdio.h>'; did you forget to '#include <stdio.h>'?
C:\ST\STM32CubeIDE_1.19.0\STM32CubeIDE\plugins\com.st.stm32cube.ide.mcu.externaltools.gnu-tools-for-stm32.13.3.rel1.win32_1.0.0.202411081344\tools\bin/../lib/gcc/arm-none-eabi/13.3.1/../../../../arm-none-eabi/include/sys/reent.h:84:9: error: expected specifier-qualifier-list before '__ULong'
   84 |         __ULong _fntypes;                       /* type of exit routine -
      |         ^~~~~~~
C:\ST\STM32CubeIDE_1.19.0\STM32CubeIDE\plugins\com.st.stm32cube.ide.mcu.externaltools.gnu-tools-for-stm32.13.3.rel1.win32_1.0.0.202411081344\tools\bin/../lib/gcc/arm-none-eabi/13.3.1/../../../../arm-none-eabi/include/stdio.h:212:19: error: unknown type name 'FILE'
  212 | int     vfprintf (FILE *__restrict, const char *__restrict, __VALIST)
      |                   ^~~~
C:\ST\STM32CubeIDE_1.19.0\STM32CubeIDE\plugins\com.st.stm32cube.ide.mcu.externaltools.gnu-tools-for-stm32.13.3.rel1.win32_1.0.0.202411081344\tools\bin/../lib/gcc/arm-none-eabi/13.3.1/../../../../arm-none-eabi/include/stdio.h:212:19: note: 'FILE' is defined in header '<stdio.h>'; did you forget to '#include <stdio.h>'?
C:\ST\STM32CubeIDE_1.19.0\STM32CubeIDE\plugins\com.st.stm32cube.ide.mcu.externaltools.gnu-tools-for-stm32.13.3.rel1.win32_1.0.0.202411081344\tools\bin/../lib/gcc/arm-none-eabi/13.3.1/../../../../arm-none-eabi/include/sys/reent.h:174:3: error: expected specifier-qualifier-list before '_fpos_t'
  174 |   _fpos_t (*_seek) (struct _reent *, void *, _fpos_t, int);
      |   ^~~~~~~
C:\ST\STM32CubeIDE_1.19.0\STM32CubeIDE\plugins\com.st.stm32cube.ide.mcu.externaltools.gnu-tools-for-stm32.13.3.rel1.win32_1.0.0.202411081344\tools\bin/../lib/gcc/arm-none-eabi/13.3.1/../../../../arm-none-eabi/include/stdio.h:212:61: error: expected declaration specifiers or '...' before '__gnuc_va_list'
  212 | int     vfprintf (FILE *__restrict, const char *__restrict, __VALIST)
      |                                                             ^~~~~~~~
C:\ST\STM32CubeIDE_1.19.0\STM32CubeIDE\plugins\com.st.stm32cube.ide.mcu.externaltools.gnu-tools-for-stm32.13.3.rel1.win32_1.0.0.202411081344\tools\bin/../lib/gcc/arm-none-eabi/13.3.1/../../../../arm-none-eabi/include/sys/reent.h:270:26: error: storage class specified for parameter '__FILE'
  270 | typedef struct __sFILE   __FILE;
      |                          ^~~~~~
C:\ST\STM32CubeIDE_1.19.0\STM32CubeIDE\plugins\com.st.stm32cube.ide.mcu.externaltools.gnu-tools-for-stm32.13.3.rel1.win32_1.0.0.202411081344\tools\bin/../lib/gcc/arm-none-eabi/13.3.1/../../../../arm-none-eabi/include/stdio.h:214:32: error: expected declaration specifiers or '...' before '__gnuc_va_list'
  214 | int     vprintf (const char *, __VALIST)
      |                                ^~~~~~~~
C:\ST\STM32CubeIDE_1.19.0\STM32CubeIDE\plugins\com.st.stm32cube.ide.mcu.externaltools.gnu-tools-for-stm32.13.3.rel1.win32_1.0.0.202411081344\tools\bin/../lib/gcc/arm-none-eabi/13.3.1/../../../../arm-none-eabi/include/sys/reent.h:274:15: error: expected '=', ',', ';', 'asm' or '__attribute__' before '__sf'
  274 | extern __FILE __sf[3];
      |               ^~~~
C:\ST\STM32CubeIDE_1.19.0\STM32CubeIDE\plugins\com.st.stm32cube.ide.mcu.externaltools.gnu-tools-for-stm32.13.3.rel1.win32_1.0.0.202411081344\tools\bin/../lib/gcc/arm-none-eabi/13.3.1/../../../../arm-none-eabi/include/stdio.h:216:61: error: expected declaration specifiers or '...' before '__gnuc_va_list'
  216 | int     vsprintf (char *__restrict, const char *__restrict, __VALIST)
      |                                                             ^~~~~~~~
C:\ST\STM32CubeIDE_1.19.0\STM32CubeIDE\plugins\com.st.stm32cube.ide.mcu.externaltools.gnu-tools-for-stm32.13.3.rel1.win32_1.0.0.202411081344\tools\bin/../lib/gcc/arm-none-eabi/13.3.1/../../../../arm-none-eabi/include/sys/reent.h:280:3: error: expected specifier-qualifier-list before '__FILE'
  280 |   __FILE *_iobs;
      |   ^~~~~~
C:\ST\STM32CubeIDE_1.19.0\STM32CubeIDE\plugins\com.st.stm32cube.ide.mcu.externaltools.gnu-tools-for-stm32.13.3.rel1.win32_1.0.0.202411081344\tools\bin/../lib/gcc/arm-none-eabi/13.3.1/../../../../arm-none-eabi/include/stdio.h:218:16: error: unknown type name 'FILE'
  218 | int     fgetc (FILE *);
      |                ^~~~
C:\ST\STM32CubeIDE_1.19.0\STM32CubeIDE\plugins\com.st.stm32cube.ide.mcu.externaltools.gnu-tools-for-stm32.13.3.rel1.win32_1.0.0.202411081344\tools\bin/../lib/gcc/arm-none-eabi/13.3.1/../../../../arm-none-eabi/include/sys/reent.h:283:21: error: storage class specified for parameter '__sglue'
  283 | extern struct _glue __sglue;
      |                     ^~~~~~~
C:\ST\STM32CubeIDE_1.19.0\STM32CubeIDE\plugins\com.st.stm32cube.ide.mcu.externaltools.gnu-tools-for-stm32.13.3.rel1.win32_1.0.0.202411081344\tools\bin/../lib/gcc/arm-none-eabi/13.3.1/../../../../arm-none-eabi/include/stdio.h:218:16: note: 'FILE' is defined in header '<stdio.h>'; did you forget to '#include <stdio.h>'?
C:\ST\STM32CubeIDE_1.19.0\STM32CubeIDE\plugins\com.st.stm32cube.ide.mcu.externaltools.gnu-tools-for-stm32.13.3.rel1.win32_1.0.0.202411081344\tools\bin/../lib/gcc/arm-none-eabi/13.3.1/../../../../arm-none-eabi/include/sys/reent.h:362:3: error: expected specifier-qualifier-list before '_mbstate_t'
  362 |   _mbstate_t _mblen_state;
      |   ^~~~~~~~~~
C:\ST\STM32CubeIDE_1.19.0\STM32CubeIDE\plugins\com.st.stm32cube.ide.mcu.externaltools.gnu-tools-for-stm32.13.3.rel1.win32_1.0.0.202411081344\tools\bin/../lib/gcc/arm-none-eabi/13.3.1/../../../../arm-none-eabi/include/stdio.h:219:39: error: unknown type name 'FILE'
  219 | char *  fgets (char *__restrict, int, FILE *__restrict);
      |                                       ^~~~
C:\ST\STM32CubeIDE_1.19.0\STM32CubeIDE\plugins\com.st.stm32cube.ide.mcu.externaltools.gnu-tools-for-stm32.13.3.rel1.win32_1.0.0.202411081344\tools\bin/../lib/gcc/arm-none-eabi/13.3.1/../../../../arm-none-eabi/include/sys/reent.h:388:3: error: expected specifier-qualifier-list before '__FILE'
  388 |   __FILE *_stdin, *_stdout, *_stderr;   /* XXX */
      |   ^~~~~~
C:\ST\STM32CubeIDE_1.19.0\STM32CubeIDE\plugins\com.st.stm32cube.ide.mcu.externaltools.gnu-tools-for-stm32.13.3.rel1.win32_1.0.0.202411081344\tools\bin/../lib/gcc/arm-none-eabi/13.3.1/../../../../arm-none-eabi/include/stdio.h:219:39: note: 'FILE' is defined in header '<stdio.h>'; did you forget to '#include <stdio.h>'?
C:\ST\STM32CubeIDE_1.19.0\STM32CubeIDE\plugins\com.st.stm32cube.ide.mcu.externaltools.gnu-tools-for-stm32.13.3.rel1.win32_1.0.0.202411081344\tools\bin/../lib/gcc/arm-none-eabi/13.3.1/../../../../arm-none-eabi/include/stdio.h:220:21: error: unknown type name 'FILE'
  220 | int     fputc (int, FILE *);
      |                     ^~~~
C:\ST\STM32CubeIDE_1.19.0\STM32CubeIDE\plugins\com.st.stm32cube.ide.mcu.externaltools.gnu-tools-for-stm32.13.3.rel1.win32_1.0.0.202411081344\tools\bin/../lib/gcc/arm-none-eabi/13.3.1/../../../../arm-none-eabi/include/stdio.h:220:21: note: 'FILE' is defined in header '<stdio.h>'; did you forget to '#include <stdio.h>'?
C:\ST\STM32CubeIDE_1.19.0\STM32CubeIDE\plugins\com.st.stm32cube.ide.mcu.externaltools.gnu-tools-for-stm32.13.3.rel1.win32_1.0.0.202411081344\tools\bin/../lib/gcc/arm-none-eabi/13.3.1/../../../../arm-none-eabi/include/sys/reent.h:797:23: error: storage class specified for parameter '_impure_ptr'
  797 | extern struct _reent *_impure_ptr __ATTRIBUTE_IMPURE_PTR__;
      |                       ^~~~~~~~~~~
C:\ST\STM32CubeIDE_1.19.0\STM32CubeIDE\plugins\com.st.stm32cube.ide.mcu.externaltools.gnu-tools-for-stm32.13.3.rel1.win32_1.0.0.202411081344\tools\bin/../lib/gcc/arm-none-eabi/13.3.1/../../../../arm-none-eabi/include/stdio.h:221:40: error: unknown type name 'FILE'
  221 | int     fputs (const char *__restrict, FILE *__restrict);
      |                                        ^~~~
C:\ST\STM32CubeIDE_1.19.0\STM32CubeIDE\plugins\com.st.stm32cube.ide.mcu.externaltools.gnu-tools-for-stm32.13.3.rel1.win32_1.0.0.202411081344\tools\bin/../lib/gcc/arm-none-eabi/13.3.1/../../../../arm-none-eabi/include/stdio.h:221:40: note: 'FILE' is defined in header '<stdio.h>'; did you forget to '#include <stdio.h>'?
C:\ST\STM32CubeIDE_1.19.0\STM32CubeIDE\plugins\com.st.stm32cube.ide.mcu.externaltools.gnu-tools-for-stm32.13.3.rel1.win32_1.0.0.202411081344\tools\bin/../lib/gcc/arm-none-eabi/13.3.1/../../../../arm-none-eabi/include/sys/reent.h:803:22: error: storage class specified for parameter '_impure_data'
  803 | extern struct _reent _impure_data __ATTRIBUTE_IMPURE_DATA__;
      |                      ^~~~~~~~~~~~
C:\ST\STM32CubeIDE_1.19.0\STM32CubeIDE\plugins\com.st.stm32cube.ide.mcu.externaltools.gnu-tools-for-stm32.13.3.rel1.win32_1.0.0.202411081344\tools\bin/../lib/gcc/arm-none-eabi/13.3.1/../../../../arm-none-eabi/include/stdio.h:222:15: error: unknown type name 'FILE'
  222 | int     getc (FILE *);
      |               ^~~~
C:\ST\STM32CubeIDE_1.19.0\STM32CubeIDE\plugins\com.st.stm32cube.ide.mcu.externaltools.gnu-tools-for-stm32.13.3.rel1.win32_1.0.0.202411081344\tools\bin/../lib/gcc/arm-none-eabi/13.3.1/../../../../arm-none-eabi/include/stdio.h:222:15: note: 'FILE' is defined in header '<stdio.h>'; did you forget to '#include <stdio.h>'?
C:\ST\STM32CubeIDE_1.19.0\STM32CubeIDE\plugins\com.st.stm32cube.ide.mcu.externaltools.gnu-tools-for-stm32.13.3.rel1.win32_1.0.0.202411081344\tools\bin/../lib/gcc/arm-none-eabi/13.3.1/../../../../arm-none-eabi/include/sys/reent.h:917:24: error: storage class specified for parameter '__atexit'
  917 | extern struct _atexit *__atexit; /* points to head of LIFO stack */
      |                        ^~~~~~~~
C:\ST\STM32CubeIDE_1.19.0\STM32CubeIDE\plugins\com.st.stm32cube.ide.mcu.externaltools.gnu-tools-for-stm32.13.3.rel1.win32_1.0.0.202411081344\tools\bin/../lib/gcc/arm-none-eabi/13.3.1/../../../../arm-none-eabi/include/stdio.h:225:20: error: unknown type name 'FILE'
  225 | int     putc (int, FILE *);
      |                    ^~~~
C:\ST\STM32CubeIDE_1.19.0\STM32CubeIDE\plugins\com.st.stm32cube.ide.mcu.externaltools.gnu-tools-for-stm32.13.3.rel1.win32_1.0.0.202411081344\tools\bin/../lib/gcc/arm-none-eabi/13.3.1/../../../../arm-none-eabi/include/sys/reent.h:918:23: error: storage class specified for parameter '__atexit0'
  918 | extern struct _atexit __atexit0; /* one guaranteed table, required by ANSI */
      |                       ^~~~~~~~~
C:\ST\STM32CubeIDE_1.19.0\STM32CubeIDE\plugins\com.st.stm32cube.ide.mcu.externaltools.gnu-tools-for-stm32.13.3.rel1.win32_1.0.0.202411081344\tools\bin/../lib/gcc/arm-none-eabi/13.3.1/../../../../arm-none-eabi/include/stdio.h:225:20: note: 'FILE' is defined in header '<stdio.h>'; did you forget to '#include <stdio.h>'?
C:\ST\STM32CubeIDE_1.19.0\STM32CubeIDE\plugins\com.st.stm32cube.ide.mcu.externaltools.gnu-tools-for-stm32.13.3.rel1.win32_1.0.0.202411081344\tools\bin/../lib/gcc/arm-none-eabi/13.3.1/../../../../arm-none-eabi/include/sys/reent.h:920:15: error: storage class specified for parameter '__stdio_exit_handler'
  920 | extern void (*__stdio_exit_handler) (void);
      |               ^~~~~~~~~~~~~~~~~~~~
C:\ST\STM32CubeIDE_1.19.0\STM32CubeIDE\plugins\com.st.stm32cube.ide.mcu.externaltools.gnu-tools-for-stm32.13.3.rel1.win32_1.0.0.202411081344\tools\bin/../lib/gcc/arm-none-eabi/13.3.1/../../../../arm-none-eabi/include/stdio.h:228:22: error: unknown type name 'FILE'
  228 | int     ungetc (int, FILE *);
      |                      ^~~~
C:\ST\STM32CubeIDE_1.19.0\STM32CubeIDE\plugins\com.st.stm32cube.ide.mcu.externaltools.gnu-tools-for-stm32.13.3.rel1.win32_1.0.0.202411081344\tools\bin/../lib/gcc/arm-none-eabi/13.3.1/../../../../arm-none-eabi/include/sys/reent.h:924:68: error: expected declaration specifiers or '...' before '__FILE'
  924 | extern int _fwalk_sglue (struct _reent *, int (*)(struct _reent *, __FILE *),
      |                                                                    ^~~~~~
C:\ST\STM32CubeIDE_1.19.0\STM32CubeIDE\plugins\com.st.stm32cube.ide.mcu.externaltools.gnu-tools-for-stm32.13.3.rel1.win32_1.0.0.202411081344\tools\bin/../lib/gcc/arm-none-eabi/13.3.1/../../../../arm-none-eabi/include/stdio.h:228:22: note: 'FILE' is defined in header '<stdio.h>'; did you forget to '#include <stdio.h>'?
C:\ST\STM32CubeIDE_1.19.0\STM32CubeIDE\plugins\com.st.stm32cube.ide.mcu.externaltools.gnu-tools-for-stm32.13.3.rel1.win32_1.0.0.202411081344\tools\bin/../lib/gcc/arm-none-eabi/13.3.1/../../../../arm-none-eabi/include/sys/reent.h:925:26: error: expected ';', ',' or ')' before 'struct'
  925 |                          struct _glue *);
      |                          ^~~~~~
C:\ST\STM32CubeIDE_1.19.0\STM32CubeIDE\plugins\com.st.stm32cube.ide.mcu.externaltools.gnu-tools-for-stm32.13.3.rel1.win32_1.0.0.202411081344\tools\bin/../lib/gcc/arm-none-eabi/13.3.1/../../../../arm-none-eabi/include/stdio.h:66:16: error: expected '=', ',', ';', 'asm' or '__attribute__' before 'FILE'
   66 | typedef __FILE FILE;
      |                ^~~~
C:\ST\STM32CubeIDE_1.19.0\STM32CubeIDE\plugins\com.st.stm32cube.ide.mcu.externaltools.gnu-tools-for-stm32.13.3.rel1.win32_1.0.0.202411081344\tools\bin/../lib/gcc/arm-none-eabi/13.3.1/../../../../arm-none-eabi/include/stdio.h:229:59: error: unknown type name 'FILE'
  229 | size_t  fread (void *__restrict, size_t _size, size_t _n, FILE *__restrict);
      |                                                           ^~~~
C:\ST\STM32CubeIDE_1.19.0\STM32CubeIDE\plugins\com.st.stm32cube.ide.mcu.externaltools.gnu-tools-for-stm32.13.3.rel1.win32_1.0.0.202411081344\tools\bin/../lib/gcc/arm-none-eabi/13.3.1/../../../../arm-none-eabi/include/stdio.h:229:59: note: 'FILE' is defined in header '<stdio.h>'; did you forget to '#include <stdio.h>'?
C:\ST\STM32CubeIDE_1.19.0\STM32CubeIDE\plugins\com.st.stm32cube.ide.mcu.externaltools.gnu-tools-for-stm32.13.3.rel1.win32_1.0.0.202411081344\tools\bin/../lib/gcc/arm-none-eabi/13.3.1/../../../../arm-none-eabi/include/stdio.h:70:17: error: expected '=', ',', ';', 'asm' or '__attribute__' before 'fpos_t'
   70 | typedef _fpos_t fpos_t;
      |                 ^~~~~~
C:\ST\STM32CubeIDE_1.19.0\STM32CubeIDE\plugins\com.st.stm32cube.ide.mcu.externaltools.gnu-tools-for-stm32.13.3.rel1.win32_1.0.0.202411081344\tools\bin/../lib/gcc/arm-none-eabi/13.3.1/../../../../arm-none-eabi/include/stdio.h:76:9: error: unknown type name '__off_t'
   76 | typedef __off_t off_t;
      |         ^~~~~~~
C:\ST\STM32CubeIDE_1.19.0\STM32CubeIDE\plugins\com.st.stm32cube.ide.mcu.externaltools.gnu-tools-for-stm32.13.3.rel1.win32_1.0.0.202411081344\tools\bin/../lib/gcc/arm-none-eabi/13.3.1/../../../../arm-none-eabi/include/stdio.h:76:17: error: storage class specified for parameter 'off_t'
   76 | typedef __off_t off_t;
      |                 ^~~~~
C:\ST\STM32CubeIDE_1.19.0\STM32CubeIDE\plugins\com.st.stm32cube.ide.mcu.externaltools.gnu-tools-for-stm32.13.3.rel1.win32_1.0.0.202411081344\tools\bin/../lib/gcc/arm-none-eabi/13.3.1/../../../../arm-none-eabi/include/stdio.h:81:18: error: expected '=', ',', ';', 'asm' or '__attribute__' before 'ssize_t'
   81 | typedef _ssize_t ssize_t;
      |                  ^~~~~~~
C:\ST\STM32CubeIDE_1.19.0\STM32CubeIDE\plugins\com.st.stm32cube.ide.mcu.externaltools.gnu-tools-for-stm32.13.3.rel1.win32_1.0.0.202411081344\tools\bin/../lib/gcc/arm-none-eabi/13.3.1/../../../../arm-none-eabi/include/stdio.h:230:67: error: unknown type name 'FILE'
  230 | size_t  fwrite (const void *__restrict , size_t _size, size_t _n, FILE *);
      |                                                                   ^~~~
C:\ST\STM32CubeIDE_1.19.0\STM32CubeIDE\plugins\com.st.stm32cube.ide.mcu.externaltools.gnu-tools-for-stm32.13.3.rel1.win32_1.0.0.202411081344\tools\bin/../lib/gcc/arm-none-eabi/13.3.1/../../../../arm-none-eabi/include/stdio.h:230:67: note: 'FILE' is defined in header '<stdio.h>'; did you forget to '#include <stdio.h>'?
C:\ST\STM32CubeIDE_1.19.0\STM32CubeIDE\plugins\com.st.stm32cube.ide.mcu.externaltools.gnu-tools-for-stm32.13.3.rel1.win32_1.0.0.202411081344\tools\bin/../lib/gcc/arm-none-eabi/13.3.1/../../../../arm-none-eabi/include/stdio.h:234:18: error: unknown type name 'FILE'
  234 | int     fgetpos (FILE *__restrict, fpos_t *__restrict);
      |                  ^~~~
C:\ST\STM32CubeIDE_1.19.0\STM32CubeIDE\plugins\com.st.stm32cube.ide.mcu.externaltools.gnu-tools-for-stm32.13.3.rel1.win32_1.0.0.202411081344\tools\bin/../lib/gcc/arm-none-eabi/13.3.1/../../../../arm-none-eabi/include/stdio.h:234:18: note: 'FILE' is defined in header '<stdio.h>'; did you forget to '#include <stdio.h>'?
C:\ST\STM32CubeIDE_1.19.0\STM32CubeIDE\plugins\com.st.stm32cube.ide.mcu.externaltools.gnu-tools-for-stm32.13.3.rel1.win32_1.0.0.202411081344\tools\bin/../lib/gcc/arm-none-eabi/13.3.1/../../../../arm-none-eabi/include/stdio.h:234:36: error: unknown type name 'fpos_t'
  234 | int     fgetpos (FILE *__restrict, fpos_t *__restrict);
      |                                    ^~~~~~
C:\ST\STM32CubeIDE_1.19.0\STM32CubeIDE\plugins\com.st.stm32cube.ide.mcu.externaltools.gnu-tools-for-stm32.13.3.rel1.win32_1.0.0.202411081344\tools\bin/../lib/gcc/arm-none-eabi/13.3.1/../../../../arm-none-eabi/include/stdio.h:234:36: note: 'fpos_t' is defined in header '<stdio.h>'; did you forget to '#include <stdio.h>'?
C:\ST\STM32CubeIDE_1.19.0\STM32CubeIDE\plugins\com.st.stm32cube.ide.mcu.externaltools.gnu-tools-for-stm32.13.3.rel1.win32_1.0.0.202411081344\tools\bin/../lib/gcc/arm-none-eabi/13.3.1/../../../../arm-none-eabi/include/stdio.h:236:16: error: unknown type name 'FILE'
  236 | int     fseek (FILE *, long, int);
      |                ^~~~
C:\ST\STM32CubeIDE_1.19.0\STM32CubeIDE\plugins\com.st.stm32cube.ide.mcu.externaltools.gnu-tools-for-stm32.13.3.rel1.win32_1.0.0.202411081344\tools\bin/../lib/gcc/arm-none-eabi/13.3.1/../../../../arm-none-eabi/include/stdio.h:236:16: note: 'FILE' is defined in header '<stdio.h>'; did you forget to '#include <stdio.h>'?
C:\ST\STM32CubeIDE_1.19.0\STM32CubeIDE\plugins\com.st.stm32cube.ide.mcu.externaltools.gnu-tools-for-stm32.13.3.rel1.win32_1.0.0.202411081344\tools\bin/../lib/gcc/arm-none-eabi/13.3.1/../../../../arm-none-eabi/include/stdio.h:240:18: error: unknown type name 'FILE'
  240 | int     fsetpos (FILE *, const fpos_t *);
      |                  ^~~~
C:\ST\STM32CubeIDE_1.19.0\STM32CubeIDE\plugins\com.st.stm32cube.ide.mcu.externaltools.gnu-tools-for-stm32.13.3.rel1.win32_1.0.0.202411081344\tools\bin/../lib/gcc/arm-none-eabi/13.3.1/../../../../arm-none-eabi/include/stdio.h:240:18: note: 'FILE' is defined in header '<stdio.h>'; did you forget to '#include <stdio.h>'?
C:\ST\STM32CubeIDE_1.19.0\STM32CubeIDE\plugins\com.st.stm32cube.ide.mcu.externaltools.gnu-tools-for-stm32.13.3.rel1.win32_1.0.0.202411081344\tools\bin/../lib/gcc/arm-none-eabi/13.3.1/../../../../arm-none-eabi/include/stdio.h:240:32: error: unknown type name 'fpos_t'
  240 | int     fsetpos (FILE *, const fpos_t *);
      |                                ^~~~~~
C:\ST\STM32CubeIDE_1.19.0\STM32CubeIDE\plugins\com.st.stm32cube.ide.mcu.externaltools.gnu-tools-for-stm32.13.3.rel1.win32_1.0.0.202411081344\tools\bin/../lib/gcc/arm-none-eabi/13.3.1/../../../../arm-none-eabi/include/stdio.h:242:17: error: unknown type name 'FILE'
  242 | long    ftell ( FILE *);
      |                 ^~~~
C:\ST\STM32CubeIDE_1.19.0\STM32CubeIDE\plugins\com.st.stm32cube.ide.mcu.externaltools.gnu-tools-for-stm32.13.3.rel1.win32_1.0.0.202411081344\tools\bin/../lib/gcc/arm-none-eabi/13.3.1/../../../../arm-none-eabi/include/stdio.h:192:1: error: unknown type name 'FILE'
  192 | FILE *  tmpfile (void);
      | ^~~~
C:\ST\STM32CubeIDE_1.19.0\STM32CubeIDE\plugins\com.st.stm32cube.ide.mcu.externaltools.gnu-tools-for-stm32.13.3.rel1.win32_1.0.0.202411081344\tools\bin/../lib/gcc/arm-none-eabi/13.3.1/../../../../arm-none-eabi/include/stdio.h:242:17: note: 'FILE' is defined in header '<stdio.h>'; did you forget to '#include <stdio.h>'?
C:\ST\STM32CubeIDE_1.19.0\STM32CubeIDE\plugins\com.st.stm32cube.ide.mcu.externaltools.gnu-tools-for-stm32.13.3.rel1.win32_1.0.0.202411081344\tools\bin/../lib/gcc/arm-none-eabi/13.3.1/../../../../arm-none-eabi/include/stdio.h:86:1: note: 'FILE' is defined in header '<stdio.h>'; did you forget to '#include <stdio.h>'?
   85 | #include <sys/stdio.h>
  +++ |+#include <stdio.h>
   86 | 
C:\ST\STM32CubeIDE_1.19.0\STM32CubeIDE\plugins\com.st.stm32cube.ide.mcu.externaltools.gnu-tools-for-stm32.13.3.rel1.win32_1.0.0.202411081344\tools\bin/../lib/gcc/arm-none-eabi/13.3.1/../../../../arm-none-eabi/include/stdio.h:243:17: error: unknown type name 'FILE'
  243 | void    rewind (FILE *);
      |                 ^~~~
C:\ST\STM32CubeIDE_1.19.0\STM32CubeIDE\plugins\com.st.stm32cube.ide.mcu.externaltools.gnu-tools-for-stm32.13.3.rel1.win32_1.0.0.202411081344\tools\bin/../lib/gcc/arm-none-eabi/13.3.1/../../../../arm-none-eabi/include/stdio.h:197:17: error: unknown type name 'FILE'
  197 | int     fclose (FILE *);
      |                 ^~~~
C:\ST\STM32CubeIDE_1.19.0\STM32CubeIDE\plugins\com.st.stm32cube.ide.mcu.externaltools.gnu-tools-for-stm32.13.3.rel1.win32_1.0.0.202411081344\tools\bin/../lib/gcc/arm-none-eabi/13.3.1/../../../../arm-none-eabi/include/stdio.h:243:17: note: 'FILE' is defined in header '<stdio.h>'; did you forget to '#include <stdio.h>'?
C:\ST\STM32CubeIDE_1.19.0\STM32CubeIDE\plugins\com.st.stm32cube.ide.mcu.externaltools.gnu-tools-for-stm32.13.3.rel1.win32_1.0.0.202411081344\tools\bin/../lib/gcc/arm-none-eabi/13.3.1/../../../../arm-none-eabi/include/stdio.h:197:17: note: 'FILE' is defined in header '<stdio.h>'; did you forget to '#include <stdio.h>'?
C:\ST\STM32CubeIDE_1.19.0\STM32CubeIDE\plugins\com.st.stm32cube.ide.mcu.externaltools.gnu-tools-for-stm32.13.3.rel1.win32_1.0.0.202411081344\tools\bin/../lib/gcc/arm-none-eabi/13.3.1/../../../../arm-none-eabi/include/stdio.h:244:19: error: unknown type name 'FILE'
  244 | void    clearerr (FILE *);
      |                   ^~~~
C:\ST\STM32CubeIDE_1.19.0\STM32CubeIDE\plugins\com.st.stm32cube.ide.mcu.externaltools.gnu-tools-for-stm32.13.3.rel1.win32_1.0.0.202411081344\tools\bin/../lib/gcc/arm-none-eabi/13.3.1/../../../../arm-none-eabi/include/stdio.h:198:17: error: unknown type name 'FILE'
  198 | int     fflush (FILE *);
      |                 ^~~~
C:\ST\STM32CubeIDE_1.19.0\STM32CubeIDE\plugins\com.st.stm32cube.ide.mcu.externaltools.gnu-tools-for-stm32.13.3.rel1.win32_1.0.0.202411081344\tools\bin/../lib/gcc/arm-none-eabi/13.3.1/../../../../arm-none-eabi/include/stdio.h:244:19: note: 'FILE' is defined in header '<stdio.h>'; did you forget to '#include <stdio.h>'?
C:\ST\STM32CubeIDE_1.19.0\STM32CubeIDE\plugins\com.st.stm32cube.ide.mcu.externaltools.gnu-tools-for-stm32.13.3.rel1.win32_1.0.0.202411081344\tools\bin/../lib/gcc/arm-none-eabi/13.3.1/../../../../arm-none-eabi/include/stdio.h:198:17: note: 'FILE' is defined in header '<stdio.h>'; did you forget to '#include <stdio.h>'?
C:\ST\STM32CubeIDE_1.19.0\STM32CubeIDE\plugins\com.st.stm32cube.ide.mcu.externaltools.gnu-tools-for-stm32.13.3.rel1.win32_1.0.0.202411081344\tools\bin/../lib/gcc/arm-none-eabi/13.3.1/../../../../arm-none-eabi/include/stdio.h:199:1: error: unknown type name 'FILE'
  199 | FILE *  freopen (const char *__restrict, const char *__restrict, FILE *__restrict);
      | ^~~~
C:\ST\STM32CubeIDE_1.19.0\STM32CubeIDE\plugins\com.st.stm32cube.ide.mcu.externaltools.gnu-tools-for-stm32.13.3.rel1.win32_1.0.0.202411081344\tools\bin/../lib/gcc/arm-none-eabi/13.3.1/../../../../arm-none-eabi/include/stdio.h:245:15: error: unknown type name 'FILE'
  245 | int     feof (FILE *);
      |               ^~~~
C:\ST\STM32CubeIDE_1.19.0\STM32CubeIDE\plugins\com.st.stm32cube.ide.mcu.externaltools.gnu-tools-for-stm32.13.3.rel1.win32_1.0.0.202411081344\tools\bin/../lib/gcc/arm-none-eabi/13.3.1/../../../../arm-none-eabi/include/stdio.h:199:1: note: 'FILE' is defined in header '<stdio.h>'; did you forget to '#include <stdio.h>'?
C:\ST\STM32CubeIDE_1.19.0\STM32CubeIDE\plugins\com.st.stm32cube.ide.mcu.externaltools.gnu-tools-for-stm32.13.3.rel1.win32_1.0.0.202411081344\tools\bin/../lib/gcc/arm-none-eabi/13.3.1/../../../../arm-none-eabi/include/stdio.h:245:15: note: 'FILE' is defined in header '<stdio.h>'; did you forget to '#include <stdio.h>'?
C:\ST\STM32CubeIDE_1.19.0\STM32CubeIDE\plugins\com.st.stm32cube.ide.mcu.externaltools.gnu-tools-for-stm32.13.3.rel1.win32_1.0.0.202411081344\tools\bin/../lib/gcc/arm-none-eabi/13.3.1/../../../../arm-none-eabi/include/stdio.h:199:66: error: unknown type name 'FILE'
  199 | FILE *  freopen (const char *__restrict, const char *__restrict, FILE *__restrict);
      |                                                                  ^~~~
C:\ST\STM32CubeIDE_1.19.0\STM32CubeIDE\plugins\com.st.stm32cube.ide.mcu.externaltools.gnu-tools-for-stm32.13.3.rel1.win32_1.0.0.202411081344\tools\bin/../lib/gcc/arm-none-eabi/13.3.1/../../../../arm-none-eabi/include/stdio.h:199:66: note: 'FILE' is defined in header '<stdio.h>'; did you forget to '#include <stdio.h>'?
C:\ST\STM32CubeIDE_1.19.0\STM32CubeIDE\plugins\com.st.stm32cube.ide.mcu.externaltools.gnu-tools-for-stm32.13.3.rel1.win32_1.0.0.202411081344\tools\bin/../lib/gcc/arm-none-eabi/13.3.1/../../../../arm-none-eabi/include/stdio.h:246:17: error: unknown type name 'FILE'
  246 | int     ferror (FILE *);
      |                 ^~~~
C:\ST\STM32CubeIDE_1.19.0\STM32CubeIDE\plugins\com.st.stm32cube.ide.mcu.externaltools.gnu-tools-for-stm32.13.3.rel1.win32_1.0.0.202411081344\tools\bin/../lib/gcc/arm-none-eabi/13.3.1/../../../../arm-none-eabi/include/stdio.h:246:17: note: 'FILE' is defined in header '<stdio.h>'; did you forget to '#include <stdio.h>'?
C:\ST\STM32CubeIDE_1.19.0\STM32CubeIDE\plugins\com.st.stm32cube.ide.mcu.externaltools.gnu-tools-for-stm32.13.3.rel1.win32_1.0.0.202411081344\tools\bin/../lib/gcc/arm-none-eabi/13.3.1/../../../../arm-none-eabi/include/stdio.h:200:17: error: unknown type name 'FILE'
  200 | void    setbuf (FILE *__restrict, char *__restrict);
      |                 ^~~~
C:\ST\STM32CubeIDE_1.19.0\STM32CubeIDE\plugins\com.st.stm32cube.ide.mcu.externaltools.gnu-tools-for-stm32.13.3.rel1.win32_1.0.0.202411081344\tools\bin/../lib/gcc/arm-none-eabi/13.3.1/../../../../arm-none-eabi/include/stdio.h:200:17: note: 'FILE' is defined in header '<stdio.h>'; did you forget to '#include <stdio.h>'?
C:\ST\STM32CubeIDE_1.19.0\STM32CubeIDE\plugins\com.st.stm32cube.ide.mcu.externaltools.gnu-tools-for-stm32.13.3.rel1.win32_1.0.0.202411081344\tools\bin/../lib/gcc/arm-none-eabi/13.3.1/../../../../arm-none-eabi/include/stdio.h:249:1: error: unknown type name 'FILE'
  249 | FILE *  fopen (const char *__restrict _name, const char *__restrict _type);
      | ^~~~
C:\ST\STM32CubeIDE_1.19.0\STM32CubeIDE\plugins\com.st.stm32cube.ide.mcu.externaltools.gnu-tools-for-stm32.13.3.rel1.win32_1.0.0.202411081344\tools\bin/../lib/gcc/arm-none-eabi/13.3.1/../../../../arm-none-eabi/include/stdio.h:249:1: note: 'FILE' is defined in header '<stdio.h>'; did you forget to '#include <stdio.h>'?
C:\ST\STM32CubeIDE_1.19.0\STM32CubeIDE\plugins\com.st.stm32cube.ide.mcu.externaltools.gnu-tools-for-stm32.13.3.rel1.win32_1.0.0.202411081344\tools\bin/../lib/gcc/arm-none-eabi/13.3.1/../../../../arm-none-eabi/include/stdio.h:201:18: error: unknown type name 'FILE'
  201 | int     setvbuf (FILE *__restrict, char *__restrict, int, size_t);
      |                  ^~~~
C:\ST\STM32CubeIDE_1.19.0\STM32CubeIDE\plugins\com.st.stm32cube.ide.mcu.externaltools.gnu-tools-for-stm32.13.3.rel1.win32_1.0.0.202411081344\tools\bin/../lib/gcc/arm-none-eabi/13.3.1/../../../../arm-none-eabi/include/stdio.h:201:18: note: 'FILE' is defined in header '<stdio.h>'; did you forget to '#include <stdio.h>'?
C:\ST\STM32CubeIDE_1.19.0\STM32CubeIDE\plugins\com.st.stm32cube.ide.mcu.externaltools.gnu-tools-for-stm32.13.3.rel1.win32_1.0.0.202411081344\tools\bin/../lib/gcc/arm-none-eabi/13.3.1/../../../../arm-none-eabi/include/stdio.h:263:17: error: unknown type name 'FILE'
  263 | int     fseeko (FILE *, off_t, int);
      |                 ^~~~
C:\ST\STM32CubeIDE_1.19.0\STM32CubeIDE\plugins\com.st.stm32cube.ide.mcu.externaltools.gnu-tools-for-stm32.13.3.rel1.win32_1.0.0.202411081344\tools\bin/../lib/gcc/arm-none-eabi/13.3.1/../../../../arm-none-eabi/include/stdio.h:263:17: note: 'FILE' is defined in header '<stdio.h>'; did you forget to '#include <stdio.h>'?
C:\ST\STM32CubeIDE_1.19.0\STM32CubeIDE\plugins\com.st.stm32cube.ide.mcu.externaltools.gnu-tools-for-stm32.13.3.rel1.win32_1.0.0.202411081344\tools\bin/../lib/gcc/arm-none-eabi/13.3.1/../../../../arm-none-eabi/include/stdio.h:202:18: error: unknown type name 'FILE'
  202 | int     fprintf (FILE *__restrict, const char *__restrict, ...)
      |                  ^~~~
C:\ST\STM32CubeIDE_1.19.0\STM32CubeIDE\plugins\com.st.stm32cube.ide.mcu.externaltools.gnu-tools-for-stm32.13.3.rel1.win32_1.0.0.202411081344\tools\bin/../lib/gcc/arm-none-eabi/13.3.1/../../../../arm-none-eabi/include/stdio.h:263:25: error: expected declaration specifiers or '...' before 'off_t'
  263 | int     fseeko (FILE *, off_t, int);
      |                         ^~~~~
C:\ST\STM32CubeIDE_1.19.0\STM32CubeIDE\plugins\com.st.stm32cube.ide.mcu.externaltools.gnu-tools-for-stm32.13.3.rel1.win32_1.0.0.202411081344\tools\bin/../lib/gcc/arm-none-eabi/13.3.1/../../../../arm-none-eabi/include/stdio.h:202:18: note: 'FILE' is defined in header '<stdio.h>'; did you forget to '#include <stdio.h>'?
C:\ST\STM32CubeIDE_1.19.0\STM32CubeIDE\plugins\com.st.stm32cube.ide.mcu.externaltools.gnu-tools-for-stm32.13.3.rel1.win32_1.0.0.202411081344\tools\bin/../lib/gcc/arm-none-eabi/13.3.1/../../../../arm-none-eabi/include/stdio.h:264:1: error: expected declaration specifiers before 'off_t'
  264 | off_t   ftello (FILE *);
      | ^~~~~
C:\ST\STM32CubeIDE_1.19.0\STM32CubeIDE\plugins\com.st.stm32cube.ide.mcu.externaltools.gnu-tools-for-stm32.13.3.rel1.win32_1.0.0.202411081344\tools\bin/../lib/gcc/arm-none-eabi/13.3.1/../../../../arm-none-eabi/include/stdio.h:204:17: error: unknown type name 'FILE'
  204 | int     fscanf (FILE *__restrict, const char *__restrict, ...)
      |                 ^~~~
C:\ST\STM32CubeIDE_1.19.0\STM32CubeIDE\plugins\com.st.stm32cube.ide.mcu.externaltools.gnu-tools-for-stm32.13.3.rel1.win32_1.0.0.202411081344\tools\bin/../lib/gcc/arm-none-eabi/13.3.1/../../../../arm-none-eabi/include/stdio.h:204:17: note: 'FILE' is defined in header '<stdio.h>'; did you forget to '#include <stdio.h>'?
C:\ST\STM32CubeIDE_1.19.0\STM32CubeIDE\plugins\com.st.stm32cube.ide.mcu.externaltools.gnu-tools-for-stm32.13.3.rel1.win32_1.0.0.202411081344\tools\bin/../lib/gcc/arm-none-eabi/13.3.1/../../../../arm-none-eabi/include/stdio.h:274:70: error: expected declaration specifiers or '...' before '__gnuc_va_list'
  274 | int     vsnprintf (char *__restrict, size_t, const char *__restrict, __VALIST)
      |                                                                      ^~~~~~~~
C:\ST\STM32CubeIDE_1.19.0\STM32CubeIDE\plugins\com.st.stm32cube.ide.mcu.externaltools.gnu-tools-for-stm32.13.3.rel1.win32_1.0.0.202411081344\tools\bin/../lib/gcc/arm-none-eabi/13.3.1/../../../../arm-none-eabi/include/stdio.h:212:19: error: unknown type name 'FILE'
  212 | int     vfprintf (FILE *__restrict, const char *__restrict, __VALIST)
      |                   ^~~~
C:\ST\STM32CubeIDE_1.19.0\STM32CubeIDE\plugins\com.st.stm32cube.ide.mcu.externaltools.gnu-tools-for-stm32.13.3.rel1.win32_1.0.0.202411081344\tools\bin/../lib/gcc/arm-none-eabi/13.3.1/../../../../arm-none-eabi/include/stdio.h:276:18: error: unknown type name 'FILE'
  276 | int     vfscanf (FILE *__restrict, const char *__restrict, __VALIST)
      |                  ^~~~
C:\ST\STM32CubeIDE_1.19.0\STM32CubeIDE\plugins\com.st.stm32cube.ide.mcu.externaltools.gnu-tools-for-stm32.13.3.rel1.win32_1.0.0.202411081344\tools\bin/../lib/gcc/arm-none-eabi/13.3.1/../../../../arm-none-eabi/include/stdio.h:276:18: note: 'FILE' is defined in header '<stdio.h>'; did you forget to '#include <stdio.h>'?
C:\ST\STM32CubeIDE_1.19.0\STM32CubeIDE\plugins\com.st.stm32cube.ide.mcu.externaltools.gnu-tools-for-stm32.13.3.rel1.win32_1.0.0.202411081344\tools\bin/../lib/gcc/arm-none-eabi/13.3.1/../../../../arm-none-eabi/include/stdio.h:212:19: note: 'FILE' is defined in header '<stdio.h>'; did you forget to '#include <stdio.h>'?
C:\ST\STM32CubeIDE_1.19.0\STM32CubeIDE\plugins\com.st.stm32cube.ide.mcu.externaltools.gnu-tools-for-stm32.13.3.rel1.win32_1.0.0.202411081344\tools\bin/../lib/gcc/arm-none-eabi/13.3.1/../../../../arm-none-eabi/include/stdio.h:276:60: error: expected declaration specifiers or '...' before '__gnuc_va_list'
  276 | int     vfscanf (FILE *__restrict, const char *__restrict, __VALIST)
      |                                                            ^~~~~~~~
C:\ST\STM32CubeIDE_1.19.0\STM32CubeIDE\plugins\com.st.stm32cube.ide.mcu.externaltools.gnu-tools-for-stm32.13.3.rel1.win32_1.0.0.202411081344\tools\bin/../lib/gcc/arm-none-eabi/13.3.1/../../../../arm-none-eabi/include/stdio.h:212:61: error: expected declaration specifiers or '...' before '__gnuc_va_list'
  212 | int     vfprintf (FILE *__restrict, const char *__restrict, __VALIST)
      |                                                             ^~~~~~~~
C:\ST\STM32CubeIDE_1.19.0\STM32CubeIDE\plugins\com.st.stm32cube.ide.mcu.externaltools.gnu-tools-for-stm32.13.3.rel1.win32_1.0.0.202411081344\tools\bin/../lib/gcc/arm-none-eabi/13.3.1/../../../../arm-none-eabi/include/stdio.h:278:31: error: expected declaration specifiers or '...' before '__gnuc_va_list'
  278 | int     vscanf (const char *, __VALIST)
      |                               ^~~~~~~~
C:\ST\STM32CubeIDE_1.19.0\STM32CubeIDE\plugins\com.st.stm32cube.ide.mcu.externaltools.gnu-tools-for-stm32.13.3.rel1.win32_1.0.0.202411081344\tools\bin/../lib/gcc/arm-none-eabi/13.3.1/../../../../arm-none-eabi/include/stdio.h:214:32: error: expected declaration specifiers or '...' before '__gnuc_va_list'
  214 | int     vprintf (const char *, __VALIST)
      |                                ^~~~~~~~
C:\ST\STM32CubeIDE_1.19.0\STM32CubeIDE\plugins\com.st.stm32cube.ide.mcu.externaltools.gnu-tools-for-stm32.13.3.rel1.win32_1.0.0.202411081344\tools\bin/../lib/gcc/arm-none-eabi/13.3.1/../../../../arm-none-eabi/include/stdio.h:280:66: error: expected declaration specifiers or '...' before '__gnuc_va_list'
  280 | int     vsscanf (const char *__restrict, const char *__restrict, __VALIST)
      |                                                                  ^~~~~~~~
C:\ST\STM32CubeIDE_1.19.0\STM32CubeIDE\plugins\com.st.stm32cube.ide.mcu.externaltools.gnu-tools-for-stm32.13.3.rel1.win32_1.0.0.202411081344\tools\bin/../lib/gcc/arm-none-eabi/13.3.1/../../../../arm-none-eabi/include/stdio.h:216:61: error: expected declaration specifiers or '...' before '__gnuc_va_list'
  216 | int     vsprintf (char *__restrict, const char *__restrict, __VALIST)
      |                                                             ^~~~~~~~
C:\ST\STM32CubeIDE_1.19.0\STM32CubeIDE\plugins\com.st.stm32cube.ide.mcu.externaltools.gnu-tools-for-stm32.13.3.rel1.win32_1.0.0.202411081344\tools\bin/../lib/gcc/arm-none-eabi/13.3.1/../../../../arm-none-eabi/include/stdio.h:300:19: error: unknown type name 'FILE'
  300 | int     fiprintf (FILE *, const char *, ...)
      |                   ^~~~
C:\ST\STM32CubeIDE_1.19.0\STM32CubeIDE\plugins\com.st.stm32cube.ide.mcu.externaltools.gnu-tools-for-stm32.13.3.rel1.win32_1.0.0.202411081344\tools\bin/../lib/gcc/arm-none-eabi/13.3.1/../../../../arm-none-eabi/include/stdio.h:300:19: note: 'FILE' is defined in header '<stdio.h>'; did you forget to '#include <stdio.h>'?
C:\ST\STM32CubeIDE_1.19.0\STM32CubeIDE\plugins\com.st.stm32cube.ide.mcu.externaltools.gnu-tools-for-stm32.13.3.rel1.win32_1.0.0.202411081344\tools\bin/../lib/gcc/arm-none-eabi/13.3.1/../../../../arm-none-eabi/include/stdio.h:218:16: error: unknown type name 'FILE'
  218 | int     fgetc (FILE *);
      |                ^~~~
C:\ST\STM32CubeIDE_1.19.0\STM32CubeIDE\plugins\com.st.stm32cube.ide.mcu.externaltools.gnu-tools-for-stm32.13.3.rel1.win32_1.0.0.202411081344\tools\bin/../lib/gcc/arm-none-eabi/13.3.1/../../../../arm-none-eabi/include/stdio.h:218:16: note: 'FILE' is defined in header '<stdio.h>'; did you forget to '#include <stdio.h>'?
C:\ST\STM32CubeIDE_1.19.0\STM32CubeIDE\plugins\com.st.stm32cube.ide.mcu.externaltools.gnu-tools-for-stm32.13.3.rel1.win32_1.0.0.202411081344\tools\bin/../lib/gcc/arm-none-eabi/13.3.1/../../../../arm-none-eabi/include/stdio.h:302:18: error: unknown type name 'FILE'
  302 | int     fiscanf (FILE *, const char *, ...)
      |                  ^~~~
C:\ST\STM32CubeIDE_1.19.0\STM32CubeIDE\plugins\com.st.stm32cube.ide.mcu.externaltools.gnu-tools-for-stm32.13.3.rel1.win32_1.0.0.202411081344\tools\bin/../lib/gcc/arm-none-eabi/13.3.1/../../../../arm-none-eabi/include/stdio.h:302:18: note: 'FILE' is defined in header '<stdio.h>'; did you forget to '#include <stdio.h>'?
C:\ST\STM32CubeIDE_1.19.0\STM32CubeIDE\plugins\com.st.stm32cube.ide.mcu.externaltools.gnu-tools-for-stm32.13.3.rel1.win32_1.0.0.202411081344\tools\bin/../lib/gcc/arm-none-eabi/13.3.1/../../../../arm-none-eabi/include/stdio.h:219:39: error: unknown type name 'FILE'
  219 | char *  fgets (char *__restrict, int, FILE *__restrict);
      |                                       ^~~~
C:\ST\STM32CubeIDE_1.19.0\STM32CubeIDE\plugins\com.st.stm32cube.ide.mcu.externaltools.gnu-tools-for-stm32.13.3.rel1.win32_1.0.0.202411081344\tools\bin/../lib/gcc/arm-none-eabi/13.3.1/../../../../arm-none-eabi/include/stdio.h:219:39: note: 'FILE' is defined in header '<stdio.h>'; did you forget to '#include <stdio.h>'?
C:\ST\STM32CubeIDE_1.19.0\STM32CubeIDE\plugins\com.st.stm32cube.ide.mcu.externaltools.gnu-tools-for-stm32.13.3.rel1.win32_1.0.0.202411081344\tools\bin/../lib/gcc/arm-none-eabi/13.3.1/../../../../arm-none-eabi/include/stdio.h:314:44: error: expected declaration specifiers or '...' before '__gnuc_va_list'
  314 | int     vasiprintf (char **, const char *, __VALIST)
      |                                            ^~~~~~~~
C:\ST\STM32CubeIDE_1.19.0\STM32CubeIDE\plugins\com.st.stm32cube.ide.mcu.externaltools.gnu-tools-for-stm32.13.3.rel1.win32_1.0.0.202411081344\tools\bin/../lib/gcc/arm-none-eabi/13.3.1/../../../../arm-none-eabi/include/stdio.h:220:21: error: unknown type name 'FILE'
  220 | int     fputc (int, FILE *);
      |                     ^~~~
C:\ST\STM32CubeIDE_1.19.0\STM32CubeIDE\plugins\com.st.stm32cube.ide.mcu.externaltools.gnu-tools-for-stm32.13.3.rel1.win32_1.0.0.202411081344\tools\bin/../lib/gcc/arm-none-eabi/13.3.1/../../../../arm-none-eabi/include/stdio.h:220:21: note: 'FILE' is defined in header '<stdio.h>'; did you forget to '#include <stdio.h>'?
C:\ST\STM32CubeIDE_1.19.0\STM32CubeIDE\plugins\com.st.stm32cube.ide.mcu.externaltools.gnu-tools-for-stm32.13.3.rel1.win32_1.0.0.202411081344\tools\bin/../lib/gcc/arm-none-eabi/13.3.1/../../../../arm-none-eabi/include/stdio.h:316:54: error: expected declaration specifiers or '...' before '__gnuc_va_list'
  316 | char *  vasniprintf (char *, size_t *, const char *, __VALIST)
      |                                                      ^~~~~~~~
C:\ST\STM32CubeIDE_1.19.0\STM32CubeIDE\plugins\com.st.stm32cube.ide.mcu.externaltools.gnu-tools-for-stm32.13.3.rel1.win32_1.0.0.202411081344\tools\bin/../lib/gcc/arm-none-eabi/13.3.1/../../../../arm-none-eabi/include/stdio.h:221:40: error: unknown type name 'FILE'
  221 | int     fputs (const char *__restrict, FILE *__restrict);
      |                                        ^~~~
C:\ST\STM32CubeIDE_1.19.0\STM32CubeIDE\plugins\com.st.stm32cube.ide.mcu.externaltools.gnu-tools-for-stm32.13.3.rel1.win32_1.0.0.202411081344\tools\bin/../lib/gcc/arm-none-eabi/13.3.1/../../../../arm-none-eabi/include/stdio.h:221:40: note: 'FILE' is defined in header '<stdio.h>'; did you forget to '#include <stdio.h>'?
C:\ST\STM32CubeIDE_1.19.0\STM32CubeIDE\plugins\com.st.stm32cube.ide.mcu.externaltools.gnu-tools-for-stm32.13.3.rel1.win32_1.0.0.202411081344\tools\bin/../lib/gcc/arm-none-eabi/13.3.1/../../../../arm-none-eabi/include/stdio.h:318:53: error: expected declaration specifiers or '...' before '__gnuc_va_list'
  318 | char *  vasnprintf (char *, size_t *, const char *, __VALIST)
      |                                                     ^~~~~~~~
C:\ST\STM32CubeIDE_1.19.0\STM32CubeIDE\plugins\com.st.stm32cube.ide.mcu.externaltools.gnu-tools-for-stm32.13.3.rel1.win32_1.0.0.202411081344\tools\bin/../lib/gcc/arm-none-eabi/13.3.1/../../../../arm-none-eabi/include/stdio.h:222:15: error: unknown type name 'FILE'
  222 | int     getc (FILE *);
      |               ^~~~
C:\ST\STM32CubeIDE_1.19.0\STM32CubeIDE\plugins\com.st.stm32cube.ide.mcu.externaltools.gnu-tools-for-stm32.13.3.rel1.win32_1.0.0.202411081344\tools\bin/../lib/gcc/arm-none-eabi/13.3.1/../../../../arm-none-eabi/include/stdio.h:222:15: note: 'FILE' is defined in header '<stdio.h>'; did you forget to '#include <stdio.h>'?
C:\ST\STM32CubeIDE_1.19.0\STM32CubeIDE\plugins\com.st.stm32cube.ide.mcu.externaltools.gnu-tools-for-stm32.13.3.rel1.win32_1.0.0.202411081344\tools\bin/../lib/gcc/arm-none-eabi/13.3.1/../../../../arm-none-eabi/include/stdio.h:320:39: error: expected declaration specifiers or '...' before '__gnuc_va_list'
  320 | int     vdiprintf (int, const char *, __VALIST)
      |                                       ^~~~~~~~
C:\ST\STM32CubeIDE_1.19.0\STM32CubeIDE\plugins\com.st.stm32cube.ide.mcu.externaltools.gnu-tools-for-stm32.13.3.rel1.win32_1.0.0.202411081344\tools\bin/../lib/gcc/arm-none-eabi/13.3.1/../../../../arm-none-eabi/include/stdio.h:225:20: error: unknown type name 'FILE'
  225 | int     putc (int, FILE *);
      |                    ^~~~
C:\ST\STM32CubeIDE_1.19.0\STM32CubeIDE\plugins\com.st.stm32cube.ide.mcu.externaltools.gnu-tools-for-stm32.13.3.rel1.win32_1.0.0.202411081344\tools\bin/../lib/gcc/arm-none-eabi/13.3.1/../../../../arm-none-eabi/include/stdio.h:225:20: note: 'FILE' is defined in header '<stdio.h>'; did you forget to '#include <stdio.h>'?
C:\ST\STM32CubeIDE_1.19.0\STM32CubeIDE\plugins\com.st.stm32cube.ide.mcu.externaltools.gnu-tools-for-stm32.13.3.rel1.win32_1.0.0.202411081344\tools\bin/../lib/gcc/arm-none-eabi/13.3.1/../../../../arm-none-eabi/include/stdio.h:322:20: error: unknown type name 'FILE'
  322 | int     vfiprintf (FILE *, const char *, __VALIST)
      |                    ^~~~
C:\ST\STM32CubeIDE_1.19.0\STM32CubeIDE\plugins\com.st.stm32cube.ide.mcu.externaltools.gnu-tools-for-stm32.13.3.rel1.win32_1.0.0.202411081344\tools\bin/../lib/gcc/arm-none-eabi/13.3.1/../../../../arm-none-eabi/include/stdio.h:322:20: note: 'FILE' is defined in header '<stdio.h>'; did you forget to '#include <stdio.h>'?
C:\ST\STM32CubeIDE_1.19.0\STM32CubeIDE\plugins\com.st.stm32cube.ide.mcu.externaltools.gnu-tools-for-stm32.13.3.rel1.win32_1.0.0.202411081344\tools\bin/../lib/gcc/arm-none-eabi/13.3.1/../../../../arm-none-eabi/include/stdio.h:228:22: error: unknown type name 'FILE'
  228 | int     ungetc (int, FILE *);
      |                      ^~~~
C:\ST\STM32CubeIDE_1.19.0\STM32CubeIDE\plugins\com.st.stm32cube.ide.mcu.externaltools.gnu-tools-for-stm32.13.3.rel1.win32_1.0.0.202411081344\tools\bin/../lib/gcc/arm-none-eabi/13.3.1/../../../../arm-none-eabi/include/stdio.h:228:22: note: 'FILE' is defined in header '<stdio.h>'; did you forget to '#include <stdio.h>'?
C:\ST\STM32CubeIDE_1.19.0\STM32CubeIDE\plugins\com.st.stm32cube.ide.mcu.externaltools.gnu-tools-for-stm32.13.3.rel1.win32_1.0.0.202411081344\tools\bin/../lib/gcc/arm-none-eabi/13.3.1/../../../../arm-none-eabi/include/stdio.h:322:42: error: expected declaration specifiers or '...' before '__gnuc_va_list'
  322 | int     vfiprintf (FILE *, const char *, __VALIST)
      |                                          ^~~~~~~~
C:\ST\STM32CubeIDE_1.19.0\STM32CubeIDE\plugins\com.st.stm32cube.ide.mcu.externaltools.gnu-tools-for-stm32.13.3.rel1.win32_1.0.0.202411081344\tools\bin/../lib/gcc/arm-none-eabi/13.3.1/../../../../arm-none-eabi/include/stdio.h:324:19: error: unknown type name 'FILE'
  324 | int     vfiscanf (FILE *, const char *, __VALIST)
      |                   ^~~~
C:\ST\STM32CubeIDE_1.19.0\STM32CubeIDE\plugins\com.st.stm32cube.ide.mcu.externaltools.gnu-tools-for-stm32.13.3.rel1.win32_1.0.0.202411081344\tools\bin/../lib/gcc/arm-none-eabi/13.3.1/../../../../arm-none-eabi/include/stdio.h:229:59: error: unknown type name 'FILE'
  229 | size_t  fread (void *__restrict, size_t _size, size_t _n, FILE *__restrict);
      |                                                           ^~~~
C:\ST\STM32CubeIDE_1.19.0\STM32CubeIDE\plugins\com.st.stm32cube.ide.mcu.externaltools.gnu-tools-for-stm32.13.3.rel1.win32_1.0.0.202411081344\tools\bin/../lib/gcc/arm-none-eabi/13.3.1/../../../../arm-none-eabi/include/stdio.h:324:19: note: 'FILE' is defined in header '<stdio.h>'; did you forget to '#include <stdio.h>'?
C:\ST\STM32CubeIDE_1.19.0\STM32CubeIDE\plugins\com.st.stm32cube.ide.mcu.externaltools.gnu-tools-for-stm32.13.3.rel1.win32_1.0.0.202411081344\tools\bin/../lib/gcc/arm-none-eabi/13.3.1/../../../../arm-none-eabi/include/stdio.h:324:41: error: expected declaration specifiers or '...' before '__gnuc_va_list'
  324 | int     vfiscanf (FILE *, const char *, __VALIST)
      |                                         ^~~~~~~~
C:\ST\STM32CubeIDE_1.19.0\STM32CubeIDE\plugins\com.st.stm32cube.ide.mcu.externaltools.gnu-tools-for-stm32.13.3.rel1.win32_1.0.0.202411081344\tools\bin/../lib/gcc/arm-none-eabi/13.3.1/../../../../arm-none-eabi/include/stdio.h:229:59: note: 'FILE' is defined in header '<stdio.h>'; did you forget to '#include <stdio.h>'?
C:\ST\STM32CubeIDE_1.19.0\STM32CubeIDE\plugins\com.st.stm32cube.ide.mcu.externaltools.gnu-tools-for-stm32.13.3.rel1.win32_1.0.0.202411081344\tools\bin/../lib/gcc/arm-none-eabi/13.3.1/../../../../arm-none-eabi/include/stdio.h:326:33: error: expected declaration specifiers or '...' before '__gnuc_va_list'
  326 | int     viprintf (const char *, __VALIST)
      |                                 ^~~~~~~~
C:\ST\STM32CubeIDE_1.19.0\STM32CubeIDE\plugins\com.st.stm32cube.ide.mcu.externaltools.gnu-tools-for-stm32.13.3.rel1.win32_1.0.0.202411081344\tools\bin/../lib/gcc/arm-none-eabi/13.3.1/../../../../arm-none-eabi/include/stdio.h:230:67: error: unknown type name 'FILE'
  230 | size_t  fwrite (const void *__restrict , size_t _size, size_t _n, FILE *);
      |                                                                   ^~~~
C:\ST\STM32CubeIDE_1.19.0\STM32CubeIDE\plugins\com.st.stm32cube.ide.mcu.externaltools.gnu-tools-for-stm32.13.3.rel1.win32_1.0.0.202411081344\tools\bin/../lib/gcc/arm-none-eabi/13.3.1/../../../../arm-none-eabi/include/stdio.h:230:67: note: 'FILE' is defined in header '<stdio.h>'; did you forget to '#include <stdio.h>'?
C:\ST\STM32CubeIDE_1.19.0\STM32CubeIDE\plugins\com.st.stm32cube.ide.mcu.externaltools.gnu-tools-for-stm32.13.3.rel1.win32_1.0.0.202411081344\tools\bin/../lib/gcc/arm-none-eabi/13.3.1/../../../../arm-none-eabi/include/stdio.h:328:32: error: expected declaration specifiers or '...' before '__gnuc_va_list'
  328 | int     viscanf (const char *, __VALIST)
      |                                ^~~~~~~~
C:\ST\STM32CubeIDE_1.19.0\STM32CubeIDE\plugins\com.st.stm32cube.ide.mcu.externaltools.gnu-tools-for-stm32.13.3.rel1.win32_1.0.0.202411081344\tools\bin/../lib/gcc/arm-none-eabi/13.3.1/../../../../arm-none-eabi/include/stdio.h:234:18: error: unknown type name 'FILE'
  234 | int     fgetpos (FILE *__restrict, fpos_t *__restrict);
      |                  ^~~~
C:\ST\STM32CubeIDE_1.19.0\STM32CubeIDE\plugins\com.st.stm32cube.ide.mcu.externaltools.gnu-tools-for-stm32.13.3.rel1.win32_1.0.0.202411081344\tools\bin/../lib/gcc/arm-none-eabi/13.3.1/../../../../arm-none-eabi/include/stdio.h:234:18: note: 'FILE' is defined in header '<stdio.h>'; did you forget to '#include <stdio.h>'?
C:\ST\STM32CubeIDE_1.19.0\STM32CubeIDE\plugins\com.st.stm32cube.ide.mcu.externaltools.gnu-tools-for-stm32.13.3.rel1.win32_1.0.0.202411081344\tools\bin/../lib/gcc/arm-none-eabi/13.3.1/../../../../arm-none-eabi/include/stdio.h:330:42: error: expected declaration specifiers or '...' before '__gnuc_va_list'
  330 | int     vsiprintf (char *, const char *, __VALIST)
      |                                          ^~~~~~~~
C:\ST\STM32CubeIDE_1.19.0\STM32CubeIDE\plugins\com.st.stm32cube.ide.mcu.externaltools.gnu-tools-for-stm32.13.3.rel1.win32_1.0.0.202411081344\tools\bin/../lib/gcc/arm-none-eabi/13.3.1/../../../../arm-none-eabi/include/stdio.h:234:36: error: unknown type name 'fpos_t'
  234 | int     fgetpos (FILE *__restrict, fpos_t *__restrict);
      |                                    ^~~~~~
C:\ST\STM32CubeIDE_1.19.0\STM32CubeIDE\plugins\com.st.stm32cube.ide.mcu.externaltools.gnu-tools-for-stm32.13.3.rel1.win32_1.0.0.202411081344\tools\bin/../lib/gcc/arm-none-eabi/13.3.1/../../../../arm-none-eabi/include/stdio.h:234:36: note: 'fpos_t' is defined in header '<stdio.h>'; did you forget to '#include <stdio.h>'?
C:\ST\STM32CubeIDE_1.19.0\STM32CubeIDE\plugins\com.st.stm32cube.ide.mcu.externaltools.gnu-tools-for-stm32.13.3.rel1.win32_1.0.0.202411081344\tools\bin/../lib/gcc/arm-none-eabi/13.3.1/../../../../arm-none-eabi/include/stdio.h:332:47: error: expected declaration specifiers or '...' before '__gnuc_va_list'
  332 | int     vsiscanf (const char *, const char *, __VALIST)
      |                                               ^~~~~~~~
C:\ST\STM32CubeIDE_1.19.0\STM32CubeIDE\plugins\com.st.stm32cube.ide.mcu.externaltools.gnu-tools-for-stm32.13.3.rel1.win32_1.0.0.202411081344\tools\bin/../lib/gcc/arm-none-eabi/13.3.1/../../../../arm-none-eabi/include/stdio.h:236:16: error: unknown type name 'FILE'
  236 | int     fseek (FILE *, long, int);
      |                ^~~~
C:\ST\STM32CubeIDE_1.19.0\STM32CubeIDE\plugins\com.st.stm32cube.ide.mcu.externaltools.gnu-tools-for-stm32.13.3.rel1.win32_1.0.0.202411081344\tools\bin/../lib/gcc/arm-none-eabi/13.3.1/../../../../arm-none-eabi/include/stdio.h:236:16: note: 'FILE' is defined in header '<stdio.h>'; did you forget to '#include <stdio.h>'?
C:\ST\STM32CubeIDE_1.19.0\STM32CubeIDE\plugins\com.st.stm32cube.ide.mcu.externaltools.gnu-tools-for-stm32.13.3.rel1.win32_1.0.0.202411081344\tools\bin/../lib/gcc/arm-none-eabi/13.3.1/../../../../arm-none-eabi/include/stdio.h:334:51: error: expected declaration specifiers or '...' before '__gnuc_va_list'
  334 | int     vsniprintf (char *, size_t, const char *, __VALIST)
      |                                                   ^~~~~~~~
C:\ST\STM32CubeIDE_1.19.0\STM32CubeIDE\plugins\com.st.stm32cube.ide.mcu.externaltools.gnu-tools-for-stm32.13.3.rel1.win32_1.0.0.202411081344\tools\bin/../lib/gcc/arm-none-eabi/13.3.1/../../../../arm-none-eabi/include/stdio.h:240:18: error: unknown type name 'FILE'
  240 | int     fsetpos (FILE *, const fpos_t *);
      |                  ^~~~
C:\ST\STM32CubeIDE_1.19.0\STM32CubeIDE\plugins\com.st.stm32cube.ide.mcu.externaltools.gnu-tools-for-stm32.13.3.rel1.win32_1.0.0.202411081344\tools\bin/../lib/gcc/arm-none-eabi/13.3.1/../../../../arm-none-eabi/include/stdio.h:240:18: note: 'FILE' is defined in header '<stdio.h>'; did you forget to '#include <stdio.h>'?
C:\ST\STM32CubeIDE_1.19.0\STM32CubeIDE\plugins\com.st.stm32cube.ide.mcu.externaltools.gnu-tools-for-stm32.13.3.rel1.win32_1.0.0.202411081344\tools\bin/../lib/gcc/arm-none-eabi/13.3.1/../../../../arm-none-eabi/include/stdio.h:345:1: error: unknown type name 'FILE'
  345 | FILE *  fdopen (int, const char *);
      | ^~~~
C:\ST\STM32CubeIDE_1.19.0\STM32CubeIDE\plugins\com.st.stm32cube.ide.mcu.externaltools.gnu-tools-for-stm32.13.3.rel1.win32_1.0.0.202411081344\tools\bin/../lib/gcc/arm-none-eabi/13.3.1/../../../../arm-none-eabi/include/stdio.h:240:32: error: unknown type name 'fpos_t'
  240 | int     fsetpos (FILE *, const fpos_t *);
      |                                ^~~~~~
C:\ST\STM32CubeIDE_1.19.0\STM32CubeIDE\plugins\com.st.stm32cube.ide.mcu.externaltools.gnu-tools-for-stm32.13.3.rel1.win32_1.0.0.202411081344\tools\bin/../lib/gcc/arm-none-eabi/13.3.1/../../../../arm-none-eabi/include/stdio.h:345:1: note: 'FILE' is defined in header '<stdio.h>'; did you forget to '#include <stdio.h>'?
C:\ST\STM32CubeIDE_1.19.0\STM32CubeIDE\plugins\com.st.stm32cube.ide.mcu.externaltools.gnu-tools-for-stm32.13.3.rel1.win32_1.0.0.202411081344\tools\bin/../lib/gcc/arm-none-eabi/13.3.1/../../../../arm-none-eabi/include/stdio.h:242:17: error: unknown type name 'FILE'
  242 | long    ftell ( FILE *);
      |                 ^~~~
C:\ST\STM32CubeIDE_1.19.0\STM32CubeIDE\plugins\com.st.stm32cube.ide.mcu.externaltools.gnu-tools-for-stm32.13.3.rel1.win32_1.0.0.202411081344\tools\bin/../lib/gcc/arm-none-eabi/13.3.1/../../../../arm-none-eabi/include/stdio.h:242:17: note: 'FILE' is defined in header '<stdio.h>'; did you forget to '#include <stdio.h>'?
C:\ST\STM32CubeIDE_1.19.0\STM32CubeIDE\plugins\com.st.stm32cube.ide.mcu.externaltools.gnu-tools-for-stm32.13.3.rel1.win32_1.0.0.202411081344\tools\bin/../lib/gcc/arm-none-eabi/13.3.1/../../../../arm-none-eabi/include/stdio.h:347:17: error: unknown type name 'FILE'
  347 | int     fileno (FILE *);
      |                 ^~~~
C:\ST\STM32CubeIDE_1.19.0\STM32CubeIDE\plugins\com.st.stm32cube.ide.mcu.externaltools.gnu-tools-for-stm32.13.3.rel1.win32_1.0.0.202411081344\tools\bin/../lib/gcc/arm-none-eabi/13.3.1/../../../../arm-none-eabi/include/stdio.h:347:17: note: 'FILE' is defined in header '<stdio.h>'; did you forget to '#include <stdio.h>'?
C:\ST\STM32CubeIDE_1.19.0\STM32CubeIDE\plugins\com.st.stm32cube.ide.mcu.externaltools.gnu-tools-for-stm32.13.3.rel1.win32_1.0.0.202411081344\tools\bin/../lib/gcc/arm-none-eabi/13.3.1/../../../../arm-none-eabi/include/stdio.h:243:17: error: unknown type name 'FILE'
  243 | void    rewind (FILE *);
      |                 ^~~~
C:\ST\STM32CubeIDE_1.19.0\STM32CubeIDE\plugins\com.st.stm32cube.ide.mcu.externaltools.gnu-tools-for-stm32.13.3.rel1.win32_1.0.0.202411081344\tools\bin/../lib/gcc/arm-none-eabi/13.3.1/../../../../arm-none-eabi/include/stdio.h:243:17: note: 'FILE' is defined in header '<stdio.h>'; did you forget to '#include <stdio.h>'?
C:\ST\STM32CubeIDE_1.19.0\STM32CubeIDE\plugins\com.st.stm32cube.ide.mcu.externaltools.gnu-tools-for-stm32.13.3.rel1.win32_1.0.0.202411081344\tools\bin/../lib/gcc/arm-none-eabi/13.3.1/../../../../arm-none-eabi/include/stdio.h:350:17: error: unknown type name 'FILE'
  350 | int     pclose (FILE *);
      |                 ^~~~
C:\ST\STM32CubeIDE_1.19.0\STM32CubeIDE\plugins\com.st.stm32cube.ide.mcu.externaltools.gnu-tools-for-stm32.13.3.rel1.win32_1.0.0.202411081344\tools\bin/../lib/gcc/arm-none-eabi/13.3.1/../../../../arm-none-eabi/include/stdio.h:244:19: error: unknown type name 'FILE'
  244 | void    clearerr (FILE *);
      |                   ^~~~
C:\ST\STM32CubeIDE_1.19.0\STM32CubeIDE\plugins\com.st.stm32cube.ide.mcu.externaltools.gnu-tools-for-stm32.13.3.rel1.win32_1.0.0.202411081344\tools\bin/../lib/gcc/arm-none-eabi/13.3.1/../../../../arm-none-eabi/include/stdio.h:244:19: note: 'FILE' is defined in header '<stdio.h>'; did you forget to '#include <stdio.h>'?
C:\ST\STM32CubeIDE_1.19.0\STM32CubeIDE\plugins\com.st.stm32cube.ide.mcu.externaltools.gnu-tools-for-stm32.13.3.rel1.win32_1.0.0.202411081344\tools\bin/../lib/gcc/arm-none-eabi/13.3.1/../../../../arm-none-eabi/include/stdio.h:245:15: error: unknown type name 'FILE'
  245 | int     feof (FILE *);
      |               ^~~~
C:\ST\STM32CubeIDE_1.19.0\STM32CubeIDE\plugins\com.st.stm32cube.ide.mcu.externaltools.gnu-tools-for-stm32.13.3.rel1.win32_1.0.0.202411081344\tools\bin/../lib/gcc/arm-none-eabi/13.3.1/../../../../arm-none-eabi/include/stdio.h:245:15: note: 'FILE' is defined in header '<stdio.h>'; did you forget to '#include <stdio.h>'?
C:\ST\STM32CubeIDE_1.19.0\STM32CubeIDE\plugins\com.st.stm32cube.ide.mcu.externaltools.gnu-tools-for-stm32.13.3.rel1.win32_1.0.0.202411081344\tools\bin/../lib/gcc/arm-none-eabi/13.3.1/../../../../arm-none-eabi/include/stdio.h:246:17: error: unknown type name 'FILE'
  246 | int     ferror (FILE *);
      |                 ^~~~
C:\ST\STM32CubeIDE_1.19.0\STM32CubeIDE\plugins\com.st.stm32cube.ide.mcu.externaltools.gnu-tools-for-stm32.13.3.rel1.win32_1.0.0.202411081344\tools\bin/../lib/gcc/arm-none-eabi/13.3.1/../../../../arm-none-eabi/include/stdio.h:246:17: note: 'FILE' is defined in header '<stdio.h>'; did you forget to '#include <stdio.h>'?
C:\ST\STM32CubeIDE_1.19.0\STM32CubeIDE\plugins\com.st.stm32cube.ide.mcu.externaltools.gnu-tools-for-stm32.13.3.rel1.win32_1.0.0.202411081344\tools\bin/../lib/gcc/arm-none-eabi/13.3.1/../../../../arm-none-eabi/include/stdio.h:249:1: error: unknown type name 'FILE'
  249 | FILE *  fopen (const char *__restrict _name, const char *__restrict _type);
      | ^~~~
C:\ST\STM32CubeIDE_1.19.0\STM32CubeIDE\plugins\com.st.stm32cube.ide.mcu.externaltools.gnu-tools-for-stm32.13.3.rel1.win32_1.0.0.202411081344\tools\bin/../lib/gcc/arm-none-eabi/13.3.1/../../../../arm-none-eabi/include/stdio.h:350:17: note: 'FILE' is defined in header '<stdio.h>'; did you forget to '#include <stdio.h>'?
C:\ST\STM32CubeIDE_1.19.0\STM32CubeIDE\plugins\com.st.stm32cube.ide.mcu.externaltools.gnu-tools-for-stm32.13.3.rel1.win32_1.0.0.202411081344\tools\bin/../lib/gcc/arm-none-eabi/13.3.1/../../../../arm-none-eabi/include/stdio.h:351:1: error: unknown type name 'FILE'
  351 | FILE *  popen (const char *, const char *);
      | ^~~~
C:\ST\STM32CubeIDE_1.19.0\STM32CubeIDE\plugins\com.st.stm32cube.ide.mcu.externaltools.gnu-tools-for-stm32.13.3.rel1.win32_1.0.0.202411081344\tools\bin/../lib/gcc/arm-none-eabi/13.3.1/../../../../arm-none-eabi/include/stdio.h:351:1: note: 'FILE' is defined in header '<stdio.h>'; did you forget to '#include <stdio.h>'?
C:\ST\STM32CubeIDE_1.19.0\STM32CubeIDE\plugins\com.st.stm32cube.ide.mcu.externaltools.gnu-tools-for-stm32.13.3.rel1.win32_1.0.0.202411081344\tools\bin/../lib/gcc/arm-none-eabi/13.3.1/../../../../arm-none-eabi/include/stdio.h:355:20: error: unknown type name 'FILE'
  355 | void    setbuffer (FILE *, char *, int);
      |                    ^~~~
C:\ST\STM32CubeIDE_1.19.0\STM32CubeIDE\plugins\com.st.stm32cube.ide.mcu.externaltools.gnu-tools-for-stm32.13.3.rel1.win32_1.0.0.202411081344\tools\bin/../lib/gcc/arm-none-eabi/13.3.1/../../../../arm-none-eabi/include/stdio.h:355:20: note: 'FILE' is defined in header '<stdio.h>'; did you forget to '#include <stdio.h>'?
C:\ST\STM32CubeIDE_1.19.0\STM32CubeIDE\plugins\com.st.stm32cube.ide.mcu.externaltools.gnu-tools-for-stm32.13.3.rel1.win32_1.0.0.202411081344\tools\bin/../lib/gcc/arm-none-eabi/13.3.1/../../../../arm-none-eabi/include/stdio.h:356:21: error: unknown type name 'FILE'
  356 | int     setlinebuf (FILE *);
      |                     ^~~~
C:\ST\STM32CubeIDE_1.19.0\STM32CubeIDE\plugins\com.st.stm32cube.ide.mcu.externaltools.gnu-tools-for-stm32.13.3.rel1.win32_1.0.0.202411081344\tools\bin/../lib/gcc/arm-none-eabi/13.3.1/../../../../arm-none-eabi/include/stdio.h:356:21: note: 'FILE' is defined in header '<stdio.h>'; did you forget to '#include <stdio.h>'?
C:\ST\STM32CubeIDE_1.19.0\STM32CubeIDE\plugins\com.st.stm32cube.ide.mcu.externaltools.gnu-tools-for-stm32.13.3.rel1.win32_1.0.0.202411081344\tools\bin/../lib/gcc/arm-none-eabi/13.3.1/../../../../arm-none-eabi/include/stdio.h:360:15: error: unknown type name 'FILE'
  360 | int     getw (FILE *);
      |               ^~~~
C:\ST\STM32CubeIDE_1.19.0\STM32CubeIDE\plugins\com.st.stm32cube.ide.mcu.externaltools.gnu-tools-for-stm32.13.3.rel1.win32_1.0.0.202411081344\tools\bin/../lib/gcc/arm-none-eabi/13.3.1/../../../../arm-none-eabi/include/stdio.h:360:15: note: 'FILE' is defined in header '<stdio.h>'; did you forget to '#include <stdio.h>'?
C:\ST\STM32CubeIDE_1.19.0\STM32CubeIDE\plugins\com.st.stm32cube.ide.mcu.externaltools.gnu-tools-for-stm32.13.3.rel1.win32_1.0.0.202411081344\tools\bin/../lib/gcc/arm-none-eabi/13.3.1/../../../../arm-none-eabi/include/stdio.h:361:20: error: unknown type name 'FILE'
  361 | int     putw (int, FILE *);
      |                    ^~~~
C:\ST\STM32CubeIDE_1.19.0\STM32CubeIDE\plugins\com.st.stm32cube.ide.mcu.externaltools.gnu-tools-for-stm32.13.3.rel1.win32_1.0.0.202411081344\tools\bin/../lib/gcc/arm-none-eabi/13.3.1/../../../../arm-none-eabi/include/stdio.h:361:20: note: 'FILE' is defined in header '<stdio.h>'; did you forget to '#include <stdio.h>'?
C:\ST\STM32CubeIDE_1.19.0\STM32CubeIDE\plugins\com.st.stm32cube.ide.mcu.externaltools.gnu-tools-for-stm32.13.3.rel1.win32_1.0.0.202411081344\tools\bin/../lib/gcc/arm-none-eabi/13.3.1/../../../../arm-none-eabi/include/stdio.h:364:24: error: unknown type name 'FILE'
  364 | int     getc_unlocked (FILE *);
      |                        ^~~~
C:\ST\STM32CubeIDE_1.19.0\STM32CubeIDE\plugins\com.st.stm32cube.ide.mcu.externaltools.gnu-tools-for-stm32.13.3.rel1.win32_1.0.0.202411081344\tools\bin/../lib/gcc/arm-none-eabi/13.3.1/../../../../arm-none-eabi/include/stdio.h:364:24: note: 'FILE' is defined in header '<stdio.h>'; did you forget to '#include <stdio.h>'?
C:\ST\STM32CubeIDE_1.19.0\STM32CubeIDE\plugins\com.st.stm32cube.ide.mcu.externaltools.gnu-tools-for-stm32.13.3.rel1.win32_1.0.0.202411081344\tools\bin/../lib/gcc/arm-none-eabi/13.3.1/../../../../arm-none-eabi/include/stdio.h:366:20: error: unknown type name 'FILE'
  366 | void    flockfile (FILE *);
      |                    ^~~~
C:\ST\STM32CubeIDE_1.19.0\STM32CubeIDE\plugins\com.st.stm32cube.ide.mcu.externaltools.gnu-tools-for-stm32.13.3.rel1.win32_1.0.0.202411081344\tools\bin/../lib/gcc/arm-none-eabi/13.3.1/../../../../arm-none-eabi/include/stdio.h:366:20: note: 'FILE' is defined in header '<stdio.h>'; did you forget to '#include <stdio.h>'?
C:\ST\STM32CubeIDE_1.19.0\STM32CubeIDE\plugins\com.st.stm32cube.ide.mcu.externaltools.gnu-tools-for-stm32.13.3.rel1.win32_1.0.0.202411081344\tools\bin/../lib/gcc/arm-none-eabi/13.3.1/../../../../arm-none-eabi/include/stdio.h:367:23: error: unknown type name 'FILE'
  367 | int     ftrylockfile (FILE *);
      |                       ^~~~
C:\ST\STM32CubeIDE_1.19.0\STM32CubeIDE\plugins\com.st.stm32cube.ide.mcu.externaltools.gnu-tools-for-stm32.13.3.rel1.win32_1.0.0.202411081344\tools\bin/../lib/gcc/arm-none-eabi/13.3.1/../../../../arm-none-eabi/include/stdio.h:367:23: note: 'FILE' is defined in header '<stdio.h>'; did you forget to '#include <stdio.h>'?
C:\ST\STM32CubeIDE_1.19.0\STM32CubeIDE\plugins\com.st.stm32cube.ide.mcu.externaltools.gnu-tools-for-stm32.13.3.rel1.win32_1.0.0.202411081344\tools\bin/../lib/gcc/arm-none-eabi/13.3.1/../../../../arm-none-eabi/include/stdio.h:249:1: note: 'FILE' is defined in header '<stdio.h>'; did you forget to '#include <stdio.h>'?
C:\ST\STM32CubeIDE_1.19.0\STM32CubeIDE\plugins\com.st.stm32cube.ide.mcu.externaltools.gnu-tools-for-stm32.13.3.rel1.win32_1.0.0.202411081344\tools\bin/../lib/gcc/arm-none-eabi/13.3.1/../../../../arm-none-eabi/include/stdio.h:368:22: error: unknown type name 'FILE'
  368 | void    funlockfile (FILE *);
      |                      ^~~~
C:\ST\STM32CubeIDE_1.19.0\STM32CubeIDE\plugins\com.st.stm32cube.ide.mcu.externaltools.gnu-tools-for-stm32.13.3.rel1.win32_1.0.0.202411081344\tools\bin/../lib/gcc/arm-none-eabi/13.3.1/../../../../arm-none-eabi/include/stdio.h:368:22: note: 'FILE' is defined in header '<stdio.h>'; did you forget to '#include <stdio.h>'?
C:\ST\STM32CubeIDE_1.19.0\STM32CubeIDE\plugins\com.st.stm32cube.ide.mcu.externaltools.gnu-tools-for-stm32.13.3.rel1.win32_1.0.0.202411081344\tools\bin/../lib/gcc/arm-none-eabi/13.3.1/../../../../arm-none-eabi/include/stdio.h:263:17: error: unknown type name 'FILE'
  263 | int     fseeko (FILE *, off_t, int);
      |                 ^~~~
C:\ST\STM32CubeIDE_1.19.0\STM32CubeIDE\plugins\com.st.stm32cube.ide.mcu.externaltools.gnu-tools-for-stm32.13.3.rel1.win32_1.0.0.202411081344\tools\bin/../lib/gcc/arm-none-eabi/13.3.1/../../../../arm-none-eabi/include/stdio.h:263:17: note: 'FILE' is defined in header '<stdio.h>'; did you forget to '#include <stdio.h>'?
C:\ST\STM32CubeIDE_1.19.0\STM32CubeIDE\plugins\com.st.stm32cube.ide.mcu.externaltools.gnu-tools-for-stm32.13.3.rel1.win32_1.0.0.202411081344\tools\bin/../lib/gcc/arm-none-eabi/13.3.1/../../../../arm-none-eabi/include/stdio.h:369:29: error: unknown type name 'FILE'
  369 | int     putc_unlocked (int, FILE *);
      |                             ^~~~
C:\ST\STM32CubeIDE_1.19.0\STM32CubeIDE\plugins\com.st.stm32cube.ide.mcu.externaltools.gnu-tools-for-stm32.13.3.rel1.win32_1.0.0.202411081344\tools\bin/../lib/gcc/arm-none-eabi/13.3.1/../../../../arm-none-eabi/include/stdio.h:263:25: error: expected declaration specifiers or '...' before 'off_t'
  263 | int     fseeko (FILE *, off_t, int);
      |                         ^~~~~
C:\ST\STM32CubeIDE_1.19.0\STM32CubeIDE\plugins\com.st.stm32cube.ide.mcu.externaltools.gnu-tools-for-stm32.13.3.rel1.win32_1.0.0.202411081344\tools\bin/../lib/gcc/arm-none-eabi/13.3.1/../../../../arm-none-eabi/include/stdio.h:369:29: note: 'FILE' is defined in header '<stdio.h>'; did you forget to '#include <stdio.h>'?
C:\ST\STM32CubeIDE_1.19.0\STM32CubeIDE\plugins\com.st.stm32cube.ide.mcu.externaltools.gnu-tools-for-stm32.13.3.rel1.win32_1.0.0.202411081344\tools\bin/../lib/gcc/arm-none-eabi/13.3.1/../../../../arm-none-eabi/include/stdio.h:264:1: error: expected declaration specifiers before 'off_t'
  264 | off_t   ftello (FILE *);
      | ^~~~~
C:\ST\STM32CubeIDE_1.19.0\STM32CubeIDE\plugins\com.st.stm32cube.ide.mcu.externaltools.gnu-tools-for-stm32.13.3.rel1.win32_1.0.0.202411081344\tools\bin/../lib/gcc/arm-none-eabi/13.3.1/../../../../arm-none-eabi/include/stdio.h:274:70: error: expected declaration specifiers or '...' before '__gnuc_va_list'
  274 | int     vsnprintf (char *__restrict, size_t, const char *__restrict, __VALIST)
      |                                                                      ^~~~~~~~
C:\ST\STM32CubeIDE_1.19.0\STM32CubeIDE\plugins\com.st.stm32cube.ide.mcu.externaltools.gnu-tools-for-stm32.13.3.rel1.win32_1.0.0.202411081344\tools\bin/../lib/gcc/arm-none-eabi/13.3.1/../../../../arm-none-eabi/include/stdio.h:383:1: error: unknown type name 'FILE'
  383 | FILE *  fmemopen (void *__restrict, size_t, const char *__restrict);
      | ^~~~
C:\ST\STM32CubeIDE_1.19.0\STM32CubeIDE\plugins\com.st.stm32cube.ide.mcu.externaltools.gnu-tools-for-stm32.13.3.rel1.win32_1.0.0.202411081344\tools\bin/../lib/gcc/arm-none-eabi/13.3.1/../../../../arm-none-eabi/include/stdio.h:383:1: note: 'FILE' is defined in header '<stdio.h>'; did you forget to '#include <stdio.h>'?
C:\ST\STM32CubeIDE_1.19.0\STM32CubeIDE\plugins\com.st.stm32cube.ide.mcu.externaltools.gnu-tools-for-stm32.13.3.rel1.win32_1.0.0.202411081344\tools\bin/../lib/gcc/arm-none-eabi/13.3.1/../../../../arm-none-eabi/include/stdio.h:276:18: error: unknown type name 'FILE'
  276 | int     vfscanf (FILE *__restrict, const char *__restrict, __VALIST)
      |                  ^~~~
C:\ST\STM32CubeIDE_1.19.0\STM32CubeIDE\plugins\com.st.stm32cube.ide.mcu.externaltools.gnu-tools-for-stm32.13.3.rel1.win32_1.0.0.202411081344\tools\bin/../lib/gcc/arm-none-eabi/13.3.1/../../../../arm-none-eabi/include/stdio.h:276:18: note: 'FILE' is defined in header '<stdio.h>'; did you forget to '#include <stdio.h>'?
C:\ST\STM32CubeIDE_1.19.0\STM32CubeIDE\plugins\com.st.stm32cube.ide.mcu.externaltools.gnu-tools-for-stm32.13.3.rel1.win32_1.0.0.202411081344\tools\bin/../lib/gcc/arm-none-eabi/13.3.1/../../../../arm-none-eabi/include/stdio.h:276:60: error: expected declaration specifiers or '...' before '__gnuc_va_list'
  276 | int     vfscanf (FILE *__restrict, const char *__restrict, __VALIST)
      |                                                            ^~~~~~~~
C:\ST\STM32CubeIDE_1.19.0\STM32CubeIDE\plugins\com.st.stm32cube.ide.mcu.externaltools.gnu-tools-for-stm32.13.3.rel1.win32_1.0.0.202411081344\tools\bin/../lib/gcc/arm-none-eabi/13.3.1/../../../../arm-none-eabi/include/stdio.h:278:31: error: expected declaration specifiers or '...' before '__gnuc_va_list'
  278 | int     vscanf (const char *, __VALIST)
      |                               ^~~~~~~~
C:\ST\STM32CubeIDE_1.19.0\STM32CubeIDE\plugins\com.st.stm32cube.ide.mcu.externaltools.gnu-tools-for-stm32.13.3.rel1.win32_1.0.0.202411081344\tools\bin/../lib/gcc/arm-none-eabi/13.3.1/../../../../arm-none-eabi/include/stdio.h:386:1: error: unknown type name 'FILE'
  386 | FILE *  open_memstream (char **, size_t *);
      | ^~~~
C:\ST\STM32CubeIDE_1.19.0\STM32CubeIDE\plugins\com.st.stm32cube.ide.mcu.externaltools.gnu-tools-for-stm32.13.3.rel1.win32_1.0.0.202411081344\tools\bin/../lib/gcc/arm-none-eabi/13.3.1/../../../../arm-none-eabi/include/stdio.h:386:1: note: 'FILE' is defined in header '<stdio.h>'; did you forget to '#include <stdio.h>'?
C:\ST\STM32CubeIDE_1.19.0\STM32CubeIDE\plugins\com.st.stm32cube.ide.mcu.externaltools.gnu-tools-for-stm32.13.3.rel1.win32_1.0.0.202411081344\tools\bin/../lib/gcc/arm-none-eabi/13.3.1/../../../../arm-none-eabi/include/stdio.h:280:66: error: expected declaration specifiers or '...' before '__gnuc_va_list'
  280 | int     vsscanf (const char *__restrict, const char *__restrict, __VALIST)
      |                                                                  ^~~~~~~~
C:\ST\STM32CubeIDE_1.19.0\STM32CubeIDE\plugins\com.st.stm32cube.ide.mcu.externaltools.gnu-tools-for-stm32.13.3.rel1.win32_1.0.0.202411081344\tools\bin/../lib/gcc/arm-none-eabi/13.3.1/../../../../arm-none-eabi/include/stdio.h:387:48: error: expected declaration specifiers or '...' before '__gnuc_va_list'
  387 | int     vdprintf (int, const char *__restrict, __VALIST)
      |                                                ^~~~~~~~
C:\ST\STM32CubeIDE_1.19.0\STM32CubeIDE\plugins\com.st.stm32cube.ide.mcu.externaltools.gnu-tools-for-stm32.13.3.rel1.win32_1.0.0.202411081344\tools\bin/../lib/gcc/arm-none-eabi/13.3.1/../../../../arm-none-eabi/include/stdio.h:300:19: error: unknown type name 'FILE'
  300 | int     fiprintf (FILE *, const char *, ...)
      |                   ^~~~
C:\ST\STM32CubeIDE_1.19.0\STM32CubeIDE\plugins\com.st.stm32cube.ide.mcu.externaltools.gnu-tools-for-stm32.13.3.rel1.win32_1.0.0.202411081344\tools\bin/../lib/gcc/arm-none-eabi/13.3.1/../../../../arm-none-eabi/include/stdio.h:300:19: note: 'FILE' is defined in header '<stdio.h>'; did you forget to '#include <stdio.h>'?
C:\ST\STM32CubeIDE_1.19.0\STM32CubeIDE\plugins\com.st.stm32cube.ide.mcu.externaltools.gnu-tools-for-stm32.13.3.rel1.win32_1.0.0.202411081344\tools\bin/../lib/gcc/arm-none-eabi/13.3.1/../../../../arm-none-eabi/include/stdio.h:414:37: error: unknown type name 'FILE'
  414 | int     _fclose_r (struct _reent *, FILE *);
      |                                     ^~~~
C:\ST\STM32CubeIDE_1.19.0\STM32CubeIDE\plugins\com.st.stm32cube.ide.mcu.externaltools.gnu-tools-for-stm32.13.3.rel1.win32_1.0.0.202411081344\tools\bin/../lib/gcc/arm-none-eabi/13.3.1/../../../../arm-none-eabi/include/stdio.h:414:37: note: 'FILE' is defined in header '<stdio.h>'; did you forget to '#include <stdio.h>'?
C:\ST\STM32CubeIDE_1.19.0\STM32CubeIDE\plugins\com.st.stm32cube.ide.mcu.externaltools.gnu-tools-for-stm32.13.3.rel1.win32_1.0.0.202411081344\tools\bin/../lib/gcc/arm-none-eabi/13.3.1/../../../../arm-none-eabi/include/stdio.h:302:18: error: unknown type name 'FILE'
  302 | int     fiscanf (FILE *, const char *, ...)
      |                  ^~~~
C:\ST\STM32CubeIDE_1.19.0\STM32CubeIDE\plugins\com.st.stm32cube.ide.mcu.externaltools.gnu-tools-for-stm32.13.3.rel1.win32_1.0.0.202411081344\tools\bin/../lib/gcc/arm-none-eabi/13.3.1/../../../../arm-none-eabi/include/stdio.h:302:18: note: 'FILE' is defined in header '<stdio.h>'; did you forget to '#include <stdio.h>'?
C:\ST\STM32CubeIDE_1.19.0\STM32CubeIDE\plugins\com.st.stm32cube.ide.mcu.externaltools.gnu-tools-for-stm32.13.3.rel1.win32_1.0.0.202411081344\tools\bin/../lib/gcc/arm-none-eabi/13.3.1/../../../../arm-none-eabi/include/stdio.h:416:1: error: unknown type name 'FILE'
  416 | FILE *  _fdopen_r (struct _reent *, int, const char *);
      | ^~~~
C:\ST\STM32CubeIDE_1.19.0\STM32CubeIDE\plugins\com.st.stm32cube.ide.mcu.externaltools.gnu-tools-for-stm32.13.3.rel1.win32_1.0.0.202411081344\tools\bin/../lib/gcc/arm-none-eabi/13.3.1/../../../../arm-none-eabi/include/stdio.h:416:1: note: 'FILE' is defined in header '<stdio.h>'; did you forget to '#include <stdio.h>'?
C:\ST\STM32CubeIDE_1.19.0\STM32CubeIDE\plugins\com.st.stm32cube.ide.mcu.externaltools.gnu-tools-for-stm32.13.3.rel1.win32_1.0.0.202411081344\tools\bin/../lib/gcc/arm-none-eabi/13.3.1/../../../../arm-none-eabi/include/stdio.h:314:44: error: expected declaration specifiers or '...' before '__gnuc_va_list'
  314 | int     vasiprintf (char **, const char *, __VALIST)
      |                                            ^~~~~~~~
C:\ST\STM32CubeIDE_1.19.0\STM32CubeIDE\plugins\com.st.stm32cube.ide.mcu.externaltools.gnu-tools-for-stm32.13.3.rel1.win32_1.0.0.202411081344\tools\bin/../lib/gcc/arm-none-eabi/13.3.1/../../../../arm-none-eabi/include/stdio.h:417:37: error: unknown type name 'FILE'
  417 | int     _fflush_r (struct _reent *, FILE *);
      |                                     ^~~~
C:\ST\STM32CubeIDE_1.19.0\STM32CubeIDE\plugins\com.st.stm32cube.ide.mcu.externaltools.gnu-tools-for-stm32.13.3.rel1.win32_1.0.0.202411081344\tools\bin/../lib/gcc/arm-none-eabi/13.3.1/../../../../arm-none-eabi/include/stdio.h:316:54: error: expected declaration specifiers or '...' before '__gnuc_va_list'
  316 | char *  vasniprintf (char *, size_t *, const char *, __VALIST)
      |                                                      ^~~~~~~~
C:\ST\STM32CubeIDE_1.19.0\STM32CubeIDE\plugins\com.st.stm32cube.ide.mcu.externaltools.gnu-tools-for-stm32.13.3.rel1.win32_1.0.0.202411081344\tools\bin/../lib/gcc/arm-none-eabi/13.3.1/../../../../arm-none-eabi/include/stdio.h:417:37: note: 'FILE' is defined in header '<stdio.h>'; did you forget to '#include <stdio.h>'?
C:\ST\STM32CubeIDE_1.19.0\STM32CubeIDE\plugins\com.st.stm32cube.ide.mcu.externaltools.gnu-tools-for-stm32.13.3.rel1.win32_1.0.0.202411081344\tools\bin/../lib/gcc/arm-none-eabi/13.3.1/../../../../arm-none-eabi/include/stdio.h:318:53: error: expected declaration specifiers or '...' before '__gnuc_va_list'
  318 | char *  vasnprintf (char *, size_t *, const char *, __VALIST)
      |                                                     ^~~~~~~~
C:\ST\STM32CubeIDE_1.19.0\STM32CubeIDE\plugins\com.st.stm32cube.ide.mcu.externaltools.gnu-tools-for-stm32.13.3.rel1.win32_1.0.0.202411081344\tools\bin/../lib/gcc/arm-none-eabi/13.3.1/../../../../arm-none-eabi/include/stdio.h:320:39: error: expected declaration specifiers or '...' before '__gnuc_va_list'
  320 | int     vdiprintf (int, const char *, __VALIST)
      |                                       ^~~~~~~~
C:\ST\STM32CubeIDE_1.19.0\STM32CubeIDE\plugins\com.st.stm32cube.ide.mcu.externaltools.gnu-tools-for-stm32.13.3.rel1.win32_1.0.0.202411081344\tools\bin/../lib/gcc/arm-none-eabi/13.3.1/../../../../arm-none-eabi/include/stdio.h:418:36: error: unknown type name 'FILE'
  418 | int     _fgetc_r (struct _reent *, FILE *);
      |                                    ^~~~
C:\ST\STM32CubeIDE_1.19.0\STM32CubeIDE\plugins\com.st.stm32cube.ide.mcu.externaltools.gnu-tools-for-stm32.13.3.rel1.win32_1.0.0.202411081344\tools\bin/../lib/gcc/arm-none-eabi/13.3.1/../../../../arm-none-eabi/include/stdio.h:418:36: note: 'FILE' is defined in header '<stdio.h>'; did you forget to '#include <stdio.h>'?
C:\ST\STM32CubeIDE_1.19.0\STM32CubeIDE\plugins\com.st.stm32cube.ide.mcu.externaltools.gnu-tools-for-stm32.13.3.rel1.win32_1.0.0.202411081344\tools\bin/../lib/gcc/arm-none-eabi/13.3.1/../../../../arm-none-eabi/include/stdio.h:322:20: error: unknown type name 'FILE'
  322 | int     vfiprintf (FILE *, const char *, __VALIST)
      |                    ^~~~
C:\ST\STM32CubeIDE_1.19.0\STM32CubeIDE\plugins\com.st.stm32cube.ide.mcu.externaltools.gnu-tools-for-stm32.13.3.rel1.win32_1.0.0.202411081344\tools\bin/../lib/gcc/arm-none-eabi/13.3.1/../../../../arm-none-eabi/include/stdio.h:322:20: note: 'FILE' is defined in header '<stdio.h>'; did you forget to '#include <stdio.h>'?
C:\ST\STM32CubeIDE_1.19.0\STM32CubeIDE\plugins\com.st.stm32cube.ide.mcu.externaltools.gnu-tools-for-stm32.13.3.rel1.win32_1.0.0.202411081344\tools\bin/../lib/gcc/arm-none-eabi/13.3.1/../../../../arm-none-eabi/include/stdio.h:419:45: error: unknown type name 'FILE'
  419 | int     _fgetc_unlocked_r (struct _reent *, FILE *);
      |                                             ^~~~
C:\ST\STM32CubeIDE_1.19.0\STM32CubeIDE\plugins\com.st.stm32cube.ide.mcu.externaltools.gnu-tools-for-stm32.13.3.rel1.win32_1.0.0.202411081344\tools\bin/../lib/gcc/arm-none-eabi/13.3.1/../../../../arm-none-eabi/include/stdio.h:419:45: note: 'FILE' is defined in header '<stdio.h>'; did you forget to '#include <stdio.h>'?
C:\ST\STM32CubeIDE_1.19.0\STM32CubeIDE\plugins\com.st.stm32cube.ide.mcu.externaltools.gnu-tools-for-stm32.13.3.rel1.win32_1.0.0.202411081344\tools\bin/../lib/gcc/arm-none-eabi/13.3.1/../../../../arm-none-eabi/include/stdio.h:322:42: error: expected declaration specifiers or '...' before '__gnuc_va_list'
  322 | int     vfiprintf (FILE *, const char *, __VALIST)
      |                                          ^~~~~~~~
C:\ST\STM32CubeIDE_1.19.0\STM32CubeIDE\plugins\com.st.stm32cube.ide.mcu.externaltools.gnu-tools-for-stm32.13.3.rel1.win32_1.0.0.202411081344\tools\bin/../lib/gcc/arm-none-eabi/13.3.1/../../../../arm-none-eabi/include/stdio.h:324:19: error: unknown type name 'FILE'
  324 | int     vfiscanf (FILE *, const char *, __VALIST)
      |                   ^~~~
C:\ST\STM32CubeIDE_1.19.0\STM32CubeIDE\plugins\com.st.stm32cube.ide.mcu.externaltools.gnu-tools-for-stm32.13.3.rel1.win32_1.0.0.202411081344\tools\bin/../lib/gcc/arm-none-eabi/13.3.1/../../../../arm-none-eabi/include/stdio.h:420:59: error: unknown type name 'FILE'
  420 | char *  _fgets_r (struct _reent *, char *__restrict, int, FILE *__restrict);
      |                                                           ^~~~
C:\ST\STM32CubeIDE_1.19.0\STM32CubeIDE\plugins\com.st.stm32cube.ide.mcu.externaltools.gnu-tools-for-stm32.13.3.rel1.win32_1.0.0.202411081344\tools\bin/../lib/gcc/arm-none-eabi/13.3.1/../../../../arm-none-eabi/include/stdio.h:324:19: note: 'FILE' is defined in header '<stdio.h>'; did you forget to '#include <stdio.h>'?
C:\ST\STM32CubeIDE_1.19.0\STM32CubeIDE\plugins\com.st.stm32cube.ide.mcu.externaltools.gnu-tools-for-stm32.13.3.rel1.win32_1.0.0.202411081344\tools\bin/../lib/gcc/arm-none-eabi/13.3.1/../../../../arm-none-eabi/include/stdio.h:420:59: note: 'FILE' is defined in header '<stdio.h>'; did you forget to '#include <stdio.h>'?
C:\ST\STM32CubeIDE_1.19.0\STM32CubeIDE\plugins\com.st.stm32cube.ide.mcu.externaltools.gnu-tools-for-stm32.13.3.rel1.win32_1.0.0.202411081344\tools\bin/../lib/gcc/arm-none-eabi/13.3.1/../../../../arm-none-eabi/include/stdio.h:324:41: error: expected declaration specifiers or '...' before '__gnuc_va_list'
  324 | int     vfiscanf (FILE *, const char *, __VALIST)
      |                                         ^~~~~~~~
C:\ST\STM32CubeIDE_1.19.0\STM32CubeIDE\plugins\com.st.stm32cube.ide.mcu.externaltools.gnu-tools-for-stm32.13.3.rel1.win32_1.0.0.202411081344\tools\bin/../lib/gcc/arm-none-eabi/13.3.1/../../../../arm-none-eabi/include/stdio.h:421:68: error: unknown type name 'FILE'
  421 | char *  _fgets_unlocked_r (struct _reent *, char *__restrict, int, FILE *__restrict);
      |                                                                    ^~~~
C:\ST\STM32CubeIDE_1.19.0\STM32CubeIDE\plugins\com.st.stm32cube.ide.mcu.externaltools.gnu-tools-for-stm32.13.3.rel1.win32_1.0.0.202411081344\tools\bin/../lib/gcc/arm-none-eabi/13.3.1/../../../../arm-none-eabi/include/stdio.h:421:68: note: 'FILE' is defined in header '<stdio.h>'; did you forget to '#include <stdio.h>'?
C:\ST\STM32CubeIDE_1.19.0\STM32CubeIDE\plugins\com.st.stm32cube.ide.mcu.externaltools.gnu-tools-for-stm32.13.3.rel1.win32_1.0.0.202411081344\tools\bin/../lib/gcc/arm-none-eabi/13.3.1/../../../../arm-none-eabi/include/stdio.h:326:33: error: expected declaration specifiers or '...' before '__gnuc_va_list'
  326 | int     viprintf (const char *, __VALIST)
      |                                 ^~~~~~~~
C:\ST\STM32CubeIDE_1.19.0\STM32CubeIDE\plugins\com.st.stm32cube.ide.mcu.externaltools.gnu-tools-for-stm32.13.3.rel1.win32_1.0.0.202411081344\tools\bin/../lib/gcc/arm-none-eabi/13.3.1/../../../../arm-none-eabi/include/stdio.h:426:38: error: unknown type name 'FILE'
  426 | int     _fgetpos_r (struct _reent *, FILE *, fpos_t *);
      |                                      ^~~~
C:\ST\STM32CubeIDE_1.19.0\STM32CubeIDE\plugins\com.st.stm32cube.ide.mcu.externaltools.gnu-tools-for-stm32.13.3.rel1.win32_1.0.0.202411081344\tools\bin/../lib/gcc/arm-none-eabi/13.3.1/../../../../arm-none-eabi/include/stdio.h:328:32: error: expected declaration specifiers or '...' before '__gnuc_va_list'
  328 | int     viscanf (const char *, __VALIST)
      |                                ^~~~~~~~
C:\ST\STM32CubeIDE_1.19.0\STM32CubeIDE\plugins\com.st.stm32cube.ide.mcu.externaltools.gnu-tools-for-stm32.13.3.rel1.win32_1.0.0.202411081344\tools\bin/../lib/gcc/arm-none-eabi/13.3.1/../../../../arm-none-eabi/include/stdio.h:426:38: note: 'FILE' is defined in header '<stdio.h>'; did you forget to '#include <stdio.h>'?
C:\ST\STM32CubeIDE_1.19.0\STM32CubeIDE\plugins\com.st.stm32cube.ide.mcu.externaltools.gnu-tools-for-stm32.13.3.rel1.win32_1.0.0.202411081344\tools\bin/../lib/gcc/arm-none-eabi/13.3.1/../../../../arm-none-eabi/include/stdio.h:330:42: error: expected declaration specifiers or '...' before '__gnuc_va_list'
  330 | int     vsiprintf (char *, const char *, __VALIST)
      |                                          ^~~~~~~~
C:\ST\STM32CubeIDE_1.19.0\STM32CubeIDE\plugins\com.st.stm32cube.ide.mcu.externaltools.gnu-tools-for-stm32.13.3.rel1.win32_1.0.0.202411081344\tools\bin/../lib/gcc/arm-none-eabi/13.3.1/../../../../arm-none-eabi/include/stdio.h:332:47: error: expected declaration specifiers or '...' before '__gnuc_va_list'
  332 | int     vsiscanf (const char *, const char *, __VALIST)
      |                                               ^~~~~~~~
C:\ST\STM32CubeIDE_1.19.0\STM32CubeIDE\plugins\com.st.stm32cube.ide.mcu.externaltools.gnu-tools-for-stm32.13.3.rel1.win32_1.0.0.202411081344\tools\bin/../lib/gcc/arm-none-eabi/13.3.1/../../../../arm-none-eabi/include/stdio.h:426:46: error: unknown type name 'fpos_t'
  426 | int     _fgetpos_r (struct _reent *, FILE *, fpos_t *);
      |                                              ^~~~~~
C:\ST\STM32CubeIDE_1.19.0\STM32CubeIDE\plugins\com.st.stm32cube.ide.mcu.externaltools.gnu-tools-for-stm32.13.3.rel1.win32_1.0.0.202411081344\tools\bin/../lib/gcc/arm-none-eabi/13.3.1/../../../../arm-none-eabi/include/stdio.h:426:46: note: 'fpos_t' is defined in header '<stdio.h>'; did you forget to '#include <stdio.h>'?
C:\ST\STM32CubeIDE_1.19.0\STM32CubeIDE\plugins\com.st.stm32cube.ide.mcu.externaltools.gnu-tools-for-stm32.13.3.rel1.win32_1.0.0.202411081344\tools\bin/../lib/gcc/arm-none-eabi/13.3.1/../../../../arm-none-eabi/include/stdio.h:334:51: error: expected declaration specifiers or '...' before '__gnuc_va_list'
  334 | int     vsniprintf (char *, size_t, const char *, __VALIST)
      |                                                   ^~~~~~~~
C:\ST\STM32CubeIDE_1.19.0\STM32CubeIDE\plugins\com.st.stm32cube.ide.mcu.externaltools.gnu-tools-for-stm32.13.3.rel1.win32_1.0.0.202411081344\tools\bin/../lib/gcc/arm-none-eabi/13.3.1/../../../../arm-none-eabi/include/stdio.h:427:38: error: unknown type name 'FILE'
  427 | int     _fsetpos_r (struct _reent *, FILE *, const fpos_t *);
      |                                      ^~~~
C:\ST\STM32CubeIDE_1.19.0\STM32CubeIDE\plugins\com.st.stm32cube.ide.mcu.externaltools.gnu-tools-for-stm32.13.3.rel1.win32_1.0.0.202411081344\tools\bin/../lib/gcc/arm-none-eabi/13.3.1/../../../../arm-none-eabi/include/stdio.h:345:1: error: unknown type name 'FILE'
  345 | FILE *  fdopen (int, const char *);
      | ^~~~
C:\ST\STM32CubeIDE_1.19.0\STM32CubeIDE\plugins\com.st.stm32cube.ide.mcu.externaltools.gnu-tools-for-stm32.13.3.rel1.win32_1.0.0.202411081344\tools\bin/../lib/gcc/arm-none-eabi/13.3.1/../../../../arm-none-eabi/include/stdio.h:427:38: note: 'FILE' is defined in header '<stdio.h>'; did you forget to '#include <stdio.h>'?
C:\ST\STM32CubeIDE_1.19.0\STM32CubeIDE\plugins\com.st.stm32cube.ide.mcu.externaltools.gnu-tools-for-stm32.13.3.rel1.win32_1.0.0.202411081344\tools\bin/../lib/gcc/arm-none-eabi/13.3.1/../../../../arm-none-eabi/include/stdio.h:345:1: note: 'FILE' is defined in header '<stdio.h>'; did you forget to '#include <stdio.h>'?
C:\ST\STM32CubeIDE_1.19.0\STM32CubeIDE\plugins\com.st.stm32cube.ide.mcu.externaltools.gnu-tools-for-stm32.13.3.rel1.win32_1.0.0.202411081344\tools\bin/../lib/gcc/arm-none-eabi/13.3.1/../../../../arm-none-eabi/include/stdio.h:427:52: error: unknown type name 'fpos_t'
  427 | int     _fsetpos_r (struct _reent *, FILE *, const fpos_t *);
      |                                                    ^~~~~~
C:\ST\STM32CubeIDE_1.19.0\STM32CubeIDE\plugins\com.st.stm32cube.ide.mcu.externaltools.gnu-tools-for-stm32.13.3.rel1.win32_1.0.0.202411081344\tools\bin/../lib/gcc/arm-none-eabi/13.3.1/../../../../arm-none-eabi/include/stdio.h:347:17: error: unknown type name 'FILE'
  347 | int     fileno (FILE *);
      |                 ^~~~
C:\ST\STM32CubeIDE_1.19.0\STM32CubeIDE\plugins\com.st.stm32cube.ide.mcu.externaltools.gnu-tools-for-stm32.13.3.rel1.win32_1.0.0.202411081344\tools\bin/../lib/gcc/arm-none-eabi/13.3.1/../../../../arm-none-eabi/include/stdio.h:347:17: note: 'FILE' is defined in header '<stdio.h>'; did you forget to '#include <stdio.h>'?
C:\ST\STM32CubeIDE_1.19.0\STM32CubeIDE\plugins\com.st.stm32cube.ide.mcu.externaltools.gnu-tools-for-stm32.13.3.rel1.win32_1.0.0.202411081344\tools\bin/../lib/gcc/arm-none-eabi/13.3.1/../../../../arm-none-eabi/include/stdio.h:429:39: error: unknown type name 'FILE'
  429 | int     _fiprintf_r (struct _reent *, FILE *, const char *, ...)
      |                                       ^~~~
C:\ST\STM32CubeIDE_1.19.0\STM32CubeIDE\plugins\com.st.stm32cube.ide.mcu.externaltools.gnu-tools-for-stm32.13.3.rel1.win32_1.0.0.202411081344\tools\bin/../lib/gcc/arm-none-eabi/13.3.1/../../../../arm-none-eabi/include/stdio.h:350:17: error: unknown type name 'FILE'
  350 | int     pclose (FILE *);
      |                 ^~~~
C:\ST\STM32CubeIDE_1.19.0\STM32CubeIDE\plugins\com.st.stm32cube.ide.mcu.externaltools.gnu-tools-for-stm32.13.3.rel1.win32_1.0.0.202411081344\tools\bin/../lib/gcc/arm-none-eabi/13.3.1/../../../../arm-none-eabi/include/stdio.h:429:39: note: 'FILE' is defined in header '<stdio.h>'; did you forget to '#include <stdio.h>'?
C:\ST\STM32CubeIDE_1.19.0\STM32CubeIDE\plugins\com.st.stm32cube.ide.mcu.externaltools.gnu-tools-for-stm32.13.3.rel1.win32_1.0.0.202411081344\tools\bin/../lib/gcc/arm-none-eabi/13.3.1/../../../../arm-none-eabi/include/stdio.h:350:17: note: 'FILE' is defined in header '<stdio.h>'; did you forget to '#include <stdio.h>'?
C:\ST\STM32CubeIDE_1.19.0\STM32CubeIDE\plugins\com.st.stm32cube.ide.mcu.externaltools.gnu-tools-for-stm32.13.3.rel1.win32_1.0.0.202411081344\tools\bin/../lib/gcc/arm-none-eabi/13.3.1/../../../../arm-none-eabi/include/stdio.h:431:38: error: unknown type name 'FILE'
  431 | int     _fiscanf_r (struct _reent *, FILE *, const char *, ...)
      |                                      ^~~~
C:\ST\STM32CubeIDE_1.19.0\STM32CubeIDE\plugins\com.st.stm32cube.ide.mcu.externaltools.gnu-tools-for-stm32.13.3.rel1.win32_1.0.0.202411081344\tools\bin/../lib/gcc/arm-none-eabi/13.3.1/../../../../arm-none-eabi/include/stdio.h:351:1: error: unknown type name 'FILE'
  351 | FILE *  popen (const char *, const char *);
      | ^~~~
C:\ST\STM32CubeIDE_1.19.0\STM32CubeIDE\plugins\com.st.stm32cube.ide.mcu.externaltools.gnu-tools-for-stm32.13.3.rel1.win32_1.0.0.202411081344\tools\bin/../lib/gcc/arm-none-eabi/13.3.1/../../../../arm-none-eabi/include/stdio.h:431:38: note: 'FILE' is defined in header '<stdio.h>'; did you forget to '#include <stdio.h>'?
C:\ST\STM32CubeIDE_1.19.0\STM32CubeIDE\plugins\com.st.stm32cube.ide.mcu.externaltools.gnu-tools-for-stm32.13.3.rel1.win32_1.0.0.202411081344\tools\bin/../lib/gcc/arm-none-eabi/13.3.1/../../../../arm-none-eabi/include/stdio.h:351:1: note: 'FILE' is defined in header '<stdio.h>'; did you forget to '#include <stdio.h>'?
C:\ST\STM32CubeIDE_1.19.0\STM32CubeIDE\plugins\com.st.stm32cube.ide.mcu.externaltools.gnu-tools-for-stm32.13.3.rel1.win32_1.0.0.202411081344\tools\bin/../lib/gcc/arm-none-eabi/13.3.1/../../../../arm-none-eabi/include/stdio.h:433:1: error: unknown type name 'FILE'
  433 | FILE *  _fmemopen_r (struct _reent *, void *__restrict, size_t, const char *__restrict);
      | ^~~~
C:\ST\STM32CubeIDE_1.19.0\STM32CubeIDE\plugins\com.st.stm32cube.ide.mcu.externaltools.gnu-tools-for-stm32.13.3.rel1.win32_1.0.0.202411081344\tools\bin/../lib/gcc/arm-none-eabi/13.3.1/../../../../arm-none-eabi/include/stdio.h:355:20: error: unknown type name 'FILE'
  355 | void    setbuffer (FILE *, char *, int);
      |                    ^~~~
C:\ST\STM32CubeIDE_1.19.0\STM32CubeIDE\plugins\com.st.stm32cube.ide.mcu.externaltools.gnu-tools-for-stm32.13.3.rel1.win32_1.0.0.202411081344\tools\bin/../lib/gcc/arm-none-eabi/13.3.1/../../../../arm-none-eabi/include/stdio.h:433:1: note: 'FILE' is defined in header '<stdio.h>'; did you forget to '#include <stdio.h>'?
C:\ST\STM32CubeIDE_1.19.0\STM32CubeIDE\plugins\com.st.stm32cube.ide.mcu.externaltools.gnu-tools-for-stm32.13.3.rel1.win32_1.0.0.202411081344\tools\bin/../lib/gcc/arm-none-eabi/13.3.1/../../../../arm-none-eabi/include/stdio.h:355:20: note: 'FILE' is defined in header '<stdio.h>'; did you forget to '#include <stdio.h>'?
C:\ST\STM32CubeIDE_1.19.0\STM32CubeIDE\plugins\com.st.stm32cube.ide.mcu.externaltools.gnu-tools-for-stm32.13.3.rel1.win32_1.0.0.202411081344\tools\bin/../lib/gcc/arm-none-eabi/13.3.1/../../../../arm-none-eabi/include/stdio.h:434:1: error: unknown type name 'FILE'
  434 | FILE *  _fopen_r (struct _reent *, const char *__restrict, const char *__restrict);
      | ^~~~
C:\ST\STM32CubeIDE_1.19.0\STM32CubeIDE\plugins\com.st.stm32cube.ide.mcu.externaltools.gnu-tools-for-stm32.13.3.rel1.win32_1.0.0.202411081344\tools\bin/../lib/gcc/arm-none-eabi/13.3.1/../../../../arm-none-eabi/include/stdio.h:434:1: note: 'FILE' is defined in header '<stdio.h>'; did you forget to '#include <stdio.h>'?
C:\ST\STM32CubeIDE_1.19.0\STM32CubeIDE\plugins\com.st.stm32cube.ide.mcu.externaltools.gnu-tools-for-stm32.13.3.rel1.win32_1.0.0.202411081344\tools\bin/../lib/gcc/arm-none-eabi/13.3.1/../../../../arm-none-eabi/include/stdio.h:356:21: error: unknown type name 'FILE'
  356 | int     setlinebuf (FILE *);
      |                     ^~~~
C:\ST\STM32CubeIDE_1.19.0\STM32CubeIDE\plugins\com.st.stm32cube.ide.mcu.externaltools.gnu-tools-for-stm32.13.3.rel1.win32_1.0.0.202411081344\tools\bin/../lib/gcc/arm-none-eabi/13.3.1/../../../../arm-none-eabi/include/stdio.h:356:21: note: 'FILE' is defined in header '<stdio.h>'; did you forget to '#include <stdio.h>'?
C:\ST\STM32CubeIDE_1.19.0\STM32CubeIDE\plugins\com.st.stm32cube.ide.mcu.externaltools.gnu-tools-for-stm32.13.3.rel1.win32_1.0.0.202411081344\tools\bin/../lib/gcc/arm-none-eabi/13.3.1/../../../../arm-none-eabi/include/stdio.h:435:1: error: unknown type name 'FILE'
  435 | FILE *  _freopen_r (struct _reent *, const char *__restrict, const char *__restrict, FILE *__restrict);
      | ^~~~
C:\ST\STM32CubeIDE_1.19.0\STM32CubeIDE\plugins\com.st.stm32cube.ide.mcu.externaltools.gnu-tools-for-stm32.13.3.rel1.win32_1.0.0.202411081344\tools\bin/../lib/gcc/arm-none-eabi/13.3.1/../../../../arm-none-eabi/include/stdio.h:435:1: note: 'FILE' is defined in header '<stdio.h>'; did you forget to '#include <stdio.h>'?
C:\ST\STM32CubeIDE_1.19.0\STM32CubeIDE\plugins\com.st.stm32cube.ide.mcu.externaltools.gnu-tools-for-stm32.13.3.rel1.win32_1.0.0.202411081344\tools\bin/../lib/gcc/arm-none-eabi/13.3.1/../../../../arm-none-eabi/include/stdio.h:360:15: error: unknown type name 'FILE'
  360 | int     getw (FILE *);
      |               ^~~~
C:\ST\STM32CubeIDE_1.19.0\STM32CubeIDE\plugins\com.st.stm32cube.ide.mcu.externaltools.gnu-tools-for-stm32.13.3.rel1.win32_1.0.0.202411081344\tools\bin/../lib/gcc/arm-none-eabi/13.3.1/../../../../arm-none-eabi/include/stdio.h:435:86: error: unknown type name 'FILE'
  435 | FILE *  _freopen_r (struct _reent *, const char *__restrict, const char *__restrict, FILE *__restrict);
      |                                                                                      ^~~~
C:\ST\STM32CubeIDE_1.19.0\STM32CubeIDE\plugins\com.st.stm32cube.ide.mcu.externaltools.gnu-tools-for-stm32.13.3.rel1.win32_1.0.0.202411081344\tools\bin/../lib/gcc/arm-none-eabi/13.3.1/../../../../arm-none-eabi/include/stdio.h:360:15: note: 'FILE' is defined in header '<stdio.h>'; did you forget to '#include <stdio.h>'?
C:\ST\STM32CubeIDE_1.19.0\STM32CubeIDE\plugins\com.st.stm32cube.ide.mcu.externaltools.gnu-tools-for-stm32.13.3.rel1.win32_1.0.0.202411081344\tools\bin/../lib/gcc/arm-none-eabi/13.3.1/../../../../arm-none-eabi/include/stdio.h:435:86: note: 'FILE' is defined in header '<stdio.h>'; did you forget to '#include <stdio.h>'?
C:\ST\STM32CubeIDE_1.19.0\STM32CubeIDE\plugins\com.st.stm32cube.ide.mcu.externaltools.gnu-tools-for-stm32.13.3.rel1.win32_1.0.0.202411081344\tools\bin/../lib/gcc/arm-none-eabi/13.3.1/../../../../arm-none-eabi/include/stdio.h:361:20: error: unknown type name 'FILE'
  361 | int     putw (int, FILE *);
      |                    ^~~~
C:\ST\STM32CubeIDE_1.19.0\STM32CubeIDE\plugins\com.st.stm32cube.ide.mcu.externaltools.gnu-tools-for-stm32.13.3.rel1.win32_1.0.0.202411081344\tools\bin/../lib/gcc/arm-none-eabi/13.3.1/../../../../arm-none-eabi/include/stdio.h:436:38: error: unknown type name 'FILE'
  436 | int     _fprintf_r (struct _reent *, FILE *__restrict, const char *__restrict, ...)
      |                                      ^~~~
C:\ST\STM32CubeIDE_1.19.0\STM32CubeIDE\plugins\com.st.stm32cube.ide.mcu.externaltools.gnu-tools-for-stm32.13.3.rel1.win32_1.0.0.202411081344\tools\bin/../lib/gcc/arm-none-eabi/13.3.1/../../../../arm-none-eabi/include/stdio.h:361:20: note: 'FILE' is defined in header '<stdio.h>'; did you forget to '#include <stdio.h>'?
C:\ST\STM32CubeIDE_1.19.0\STM32CubeIDE\plugins\com.st.stm32cube.ide.mcu.externaltools.gnu-tools-for-stm32.13.3.rel1.win32_1.0.0.202411081344\tools\bin/../lib/gcc/arm-none-eabi/13.3.1/../../../../arm-none-eabi/include/stdio.h:436:38: note: 'FILE' is defined in header '<stdio.h>'; did you forget to '#include <stdio.h>'?
C:\ST\STM32CubeIDE_1.19.0\STM32CubeIDE\plugins\com.st.stm32cube.ide.mcu.externaltools.gnu-tools-for-stm32.13.3.rel1.win32_1.0.0.202411081344\tools\bin/../lib/gcc/arm-none-eabi/13.3.1/../../../../arm-none-eabi/include/stdio.h:364:24: error: unknown type name 'FILE'
  364 | int     getc_unlocked (FILE *);
      |                        ^~~~
C:\ST\STM32CubeIDE_1.19.0\STM32CubeIDE\plugins\com.st.stm32cube.ide.mcu.externaltools.gnu-tools-for-stm32.13.3.rel1.win32_1.0.0.202411081344\tools\bin/../lib/gcc/arm-none-eabi/13.3.1/../../../../arm-none-eabi/include/stdio.h:438:37: error: unknown type name 'FILE'
  438 | int     _fpurge_r (struct _reent *, FILE *);
      |                                     ^~~~
C:\ST\STM32CubeIDE_1.19.0\STM32CubeIDE\plugins\com.st.stm32cube.ide.mcu.externaltools.gnu-tools-for-stm32.13.3.rel1.win32_1.0.0.202411081344\tools\bin/../lib/gcc/arm-none-eabi/13.3.1/../../../../arm-none-eabi/include/stdio.h:364:24: note: 'FILE' is defined in header '<stdio.h>'; did you forget to '#include <stdio.h>'?
C:\ST\STM32CubeIDE_1.19.0\STM32CubeIDE\plugins\com.st.stm32cube.ide.mcu.externaltools.gnu-tools-for-stm32.13.3.rel1.win32_1.0.0.202411081344\tools\bin/../lib/gcc/arm-none-eabi/13.3.1/../../../../arm-none-eabi/include/stdio.h:438:37: note: 'FILE' is defined in header '<stdio.h>'; did you forget to '#include <stdio.h>'?
C:\ST\STM32CubeIDE_1.19.0\STM32CubeIDE\plugins\com.st.stm32cube.ide.mcu.externaltools.gnu-tools-for-stm32.13.3.rel1.win32_1.0.0.202411081344\tools\bin/../lib/gcc/arm-none-eabi/13.3.1/../../../../arm-none-eabi/include/stdio.h:366:20: error: unknown type name 'FILE'
  366 | void    flockfile (FILE *);
      |                    ^~~~
C:\ST\STM32CubeIDE_1.19.0\STM32CubeIDE\plugins\com.st.stm32cube.ide.mcu.externaltools.gnu-tools-for-stm32.13.3.rel1.win32_1.0.0.202411081344\tools\bin/../lib/gcc/arm-none-eabi/13.3.1/../../../../arm-none-eabi/include/stdio.h:439:41: error: unknown type name 'FILE'
  439 | int     _fputc_r (struct _reent *, int, FILE *);
      |                                         ^~~~
C:\ST\STM32CubeIDE_1.19.0\STM32CubeIDE\plugins\com.st.stm32cube.ide.mcu.externaltools.gnu-tools-for-stm32.13.3.rel1.win32_1.0.0.202411081344\tools\bin/../lib/gcc/arm-none-eabi/13.3.1/../../../../arm-none-eabi/include/stdio.h:366:20: note: 'FILE' is defined in header '<stdio.h>'; did you forget to '#include <stdio.h>'?
C:\ST\STM32CubeIDE_1.19.0\STM32CubeIDE\plugins\com.st.stm32cube.ide.mcu.externaltools.gnu-tools-for-stm32.13.3.rel1.win32_1.0.0.202411081344\tools\bin/../lib/gcc/arm-none-eabi/13.3.1/../../../../arm-none-eabi/include/stdio.h:439:41: note: 'FILE' is defined in header '<stdio.h>'; did you forget to '#include <stdio.h>'?
C:\ST\STM32CubeIDE_1.19.0\STM32CubeIDE\plugins\com.st.stm32cube.ide.mcu.externaltools.gnu-tools-for-stm32.13.3.rel1.win32_1.0.0.202411081344\tools\bin/../lib/gcc/arm-none-eabi/13.3.1/../../../../arm-none-eabi/include/stdio.h:367:23: error: unknown type name 'FILE'
  367 | int     ftrylockfile (FILE *);
      |                       ^~~~
C:\ST\STM32CubeIDE_1.19.0\STM32CubeIDE\plugins\com.st.stm32cube.ide.mcu.externaltools.gnu-tools-for-stm32.13.3.rel1.win32_1.0.0.202411081344\tools\bin/../lib/gcc/arm-none-eabi/13.3.1/../../../../arm-none-eabi/include/stdio.h:440:50: error: unknown type name 'FILE'
  440 | int     _fputc_unlocked_r (struct _reent *, int, FILE *);
      |                                                  ^~~~
C:\ST\STM32CubeIDE_1.19.0\STM32CubeIDE\plugins\com.st.stm32cube.ide.mcu.externaltools.gnu-tools-for-stm32.13.3.rel1.win32_1.0.0.202411081344\tools\bin/../lib/gcc/arm-none-eabi/13.3.1/../../../../arm-none-eabi/include/stdio.h:367:23: note: 'FILE' is defined in header '<stdio.h>'; did you forget to '#include <stdio.h>'?
C:\ST\STM32CubeIDE_1.19.0\STM32CubeIDE\plugins\com.st.stm32cube.ide.mcu.externaltools.gnu-tools-for-stm32.13.3.rel1.win32_1.0.0.202411081344\tools\bin/../lib/gcc/arm-none-eabi/13.3.1/../../../../arm-none-eabi/include/stdio.h:440:50: note: 'FILE' is defined in header '<stdio.h>'; did you forget to '#include <stdio.h>'?
C:\ST\STM32CubeIDE_1.19.0\STM32CubeIDE\plugins\com.st.stm32cube.ide.mcu.externaltools.gnu-tools-for-stm32.13.3.rel1.win32_1.0.0.202411081344\tools\bin/../lib/gcc/arm-none-eabi/13.3.1/../../../../arm-none-eabi/include/stdio.h:368:22: error: unknown type name 'FILE'
  368 | void    funlockfile (FILE *);
      |                      ^~~~
C:\ST\STM32CubeIDE_1.19.0\STM32CubeIDE\plugins\com.st.stm32cube.ide.mcu.externaltools.gnu-tools-for-stm32.13.3.rel1.win32_1.0.0.202411081344\tools\bin/../lib/gcc/arm-none-eabi/13.3.1/../../../../arm-none-eabi/include/stdio.h:441:60: error: unknown type name 'FILE'
  441 | int     _fputs_r (struct _reent *, const char *__restrict, FILE *__restrict);
      |                                                            ^~~~
C:\ST\STM32CubeIDE_1.19.0\STM32CubeIDE\plugins\com.st.stm32cube.ide.mcu.externaltools.gnu-tools-for-stm32.13.3.rel1.win32_1.0.0.202411081344\tools\bin/../lib/gcc/arm-none-eabi/13.3.1/../../../../arm-none-eabi/include/stdio.h:368:22: note: 'FILE' is defined in header '<stdio.h>'; did you forget to '#include <stdio.h>'?
C:\ST\STM32CubeIDE_1.19.0\STM32CubeIDE\plugins\com.st.stm32cube.ide.mcu.externaltools.gnu-tools-for-stm32.13.3.rel1.win32_1.0.0.202411081344\tools\bin/../lib/gcc/arm-none-eabi/13.3.1/../../../../arm-none-eabi/include/stdio.h:441:60: note: 'FILE' is defined in header '<stdio.h>'; did you forget to '#include <stdio.h>'?
C:\ST\STM32CubeIDE_1.19.0\STM32CubeIDE\plugins\com.st.stm32cube.ide.mcu.externaltools.gnu-tools-for-stm32.13.3.rel1.win32_1.0.0.202411081344\tools\bin/../lib/gcc/arm-none-eabi/13.3.1/../../../../arm-none-eabi/include/stdio.h:369:29: error: unknown type name 'FILE'
  369 | int     putc_unlocked (int, FILE *);
      |                             ^~~~
C:\ST\STM32CubeIDE_1.19.0\STM32CubeIDE\plugins\com.st.stm32cube.ide.mcu.externaltools.gnu-tools-for-stm32.13.3.rel1.win32_1.0.0.202411081344\tools\bin/../lib/gcc/arm-none-eabi/13.3.1/../../../../arm-none-eabi/include/stdio.h:442:69: error: unknown type name 'FILE'
  442 | int     _fputs_unlocked_r (struct _reent *, const char *__restrict, FILE *__restrict);
      |                                                                     ^~~~
C:\ST\STM32CubeIDE_1.19.0\STM32CubeIDE\plugins\com.st.stm32cube.ide.mcu.externaltools.gnu-tools-for-stm32.13.3.rel1.win32_1.0.0.202411081344\tools\bin/../lib/gcc/arm-none-eabi/13.3.1/../../../../arm-none-eabi/include/stdio.h:369:29: note: 'FILE' is defined in header '<stdio.h>'; did you forget to '#include <stdio.h>'?
C:\ST\STM32CubeIDE_1.19.0\STM32CubeIDE\plugins\com.st.stm32cube.ide.mcu.externaltools.gnu-tools-for-stm32.13.3.rel1.win32_1.0.0.202411081344\tools\bin/../lib/gcc/arm-none-eabi/13.3.1/../../../../arm-none-eabi/include/stdio.h:442:69: note: 'FILE' is defined in header '<stdio.h>'; did you forget to '#include <stdio.h>'?
C:\ST\STM32CubeIDE_1.19.0\STM32CubeIDE\plugins\com.st.stm32cube.ide.mcu.externaltools.gnu-tools-for-stm32.13.3.rel1.win32_1.0.0.202411081344\tools\bin/../lib/gcc/arm-none-eabi/13.3.1/../../../../arm-none-eabi/include/stdio.h:383:1: error: unknown type name 'FILE'
  383 | FILE *  fmemopen (void *__restrict, size_t, const char *__restrict);
      | ^~~~
C:\ST\STM32CubeIDE_1.19.0\STM32CubeIDE\plugins\com.st.stm32cube.ide.mcu.externaltools.gnu-tools-for-stm32.13.3.rel1.win32_1.0.0.202411081344\tools\bin/../lib/gcc/arm-none-eabi/13.3.1/../../../../arm-none-eabi/include/stdio.h:443:79: error: unknown type name 'FILE'
  443 | size_t  _fread_r (struct _reent *, void *__restrict, size_t _size, size_t _n, FILE *__restrict);
      |                                                                               ^~~~
C:\ST\STM32CubeIDE_1.19.0\STM32CubeIDE\plugins\com.st.stm32cube.ide.mcu.externaltools.gnu-tools-for-stm32.13.3.rel1.win32_1.0.0.202411081344\tools\bin/../lib/gcc/arm-none-eabi/13.3.1/../../../../arm-none-eabi/include/stdio.h:383:1: note: 'FILE' is defined in header '<stdio.h>'; did you forget to '#include <stdio.h>'?
C:\ST\STM32CubeIDE_1.19.0\STM32CubeIDE\plugins\com.st.stm32cube.ide.mcu.externaltools.gnu-tools-for-stm32.13.3.rel1.win32_1.0.0.202411081344\tools\bin/../lib/gcc/arm-none-eabi/13.3.1/../../../../arm-none-eabi/include/stdio.h:443:79: note: 'FILE' is defined in header '<stdio.h>'; did you forget to '#include <stdio.h>'?
C:\ST\STM32CubeIDE_1.19.0\STM32CubeIDE\plugins\com.st.stm32cube.ide.mcu.externaltools.gnu-tools-for-stm32.13.3.rel1.win32_1.0.0.202411081344\tools\bin/../lib/gcc/arm-none-eabi/13.3.1/../../../../arm-none-eabi/include/stdio.h:386:1: error: unknown type name 'FILE'
  386 | FILE *  open_memstream (char **, size_t *);
      | ^~~~
C:\ST\STM32CubeIDE_1.19.0\STM32CubeIDE\plugins\com.st.stm32cube.ide.mcu.externaltools.gnu-tools-for-stm32.13.3.rel1.win32_1.0.0.202411081344\tools\bin/../lib/gcc/arm-none-eabi/13.3.1/../../../../arm-none-eabi/include/stdio.h:444:88: error: unknown type name 'FILE'
  444 | size_t  _fread_unlocked_r (struct _reent *, void *__restrict, size_t _size, size_t _n, FILE *__restrict);
      |                                                                                        ^~~~
C:\ST\STM32CubeIDE_1.19.0\STM32CubeIDE\plugins\com.st.stm32cube.ide.mcu.externaltools.gnu-tools-for-stm32.13.3.rel1.win32_1.0.0.202411081344\tools\bin/../lib/gcc/arm-none-eabi/13.3.1/../../../../arm-none-eabi/include/stdio.h:386:1: note: 'FILE' is defined in header '<stdio.h>'; did you forget to '#include <stdio.h>'?
C:\ST\STM32CubeIDE_1.19.0\STM32CubeIDE\plugins\com.st.stm32cube.ide.mcu.externaltools.gnu-tools-for-stm32.13.3.rel1.win32_1.0.0.202411081344\tools\bin/../lib/gcc/arm-none-eabi/13.3.1/../../../../arm-none-eabi/include/stdio.h:444:88: note: 'FILE' is defined in header '<stdio.h>'; did you forget to '#include <stdio.h>'?
C:\ST\STM32CubeIDE_1.19.0\STM32CubeIDE\plugins\com.st.stm32cube.ide.mcu.externaltools.gnu-tools-for-stm32.13.3.rel1.win32_1.0.0.202411081344\tools\bin/../lib/gcc/arm-none-eabi/13.3.1/../../../../arm-none-eabi/include/stdio.h:387:48: error: expected declaration specifiers or '...' before '__gnuc_va_list'
  387 | int     vdprintf (int, const char *__restrict, __VALIST)
      |                                                ^~~~~~~~
C:\ST\STM32CubeIDE_1.19.0\STM32CubeIDE\plugins\com.st.stm32cube.ide.mcu.externaltools.gnu-tools-for-stm32.13.3.rel1.win32_1.0.0.202411081344\tools\bin/../lib/gcc/arm-none-eabi/13.3.1/../../../../arm-none-eabi/include/stdio.h:445:37: error: unknown type name 'FILE'
  445 | int     _fscanf_r (struct _reent *, FILE *__restrict, const char *__restrict, ...)
      |                                     ^~~~
C:\ST\STM32CubeIDE_1.19.0\STM32CubeIDE\plugins\com.st.stm32cube.ide.mcu.externaltools.gnu-tools-for-stm32.13.3.rel1.win32_1.0.0.202411081344\tools\bin/../lib/gcc/arm-none-eabi/13.3.1/../../../../arm-none-eabi/include/stdio.h:445:37: note: 'FILE' is defined in header '<stdio.h>'; did you forget to '#include <stdio.h>'?
C:\ST\STM32CubeIDE_1.19.0\STM32CubeIDE\plugins\com.st.stm32cube.ide.mcu.externaltools.gnu-tools-for-stm32.13.3.rel1.win32_1.0.0.202411081344\tools\bin/../lib/gcc/arm-none-eabi/13.3.1/../../../../arm-none-eabi/include/stdio.h:414:37: error: unknown type name 'FILE'
  414 | int     _fclose_r (struct _reent *, FILE *);
      |                                     ^~~~
C:\ST\STM32CubeIDE_1.19.0\STM32CubeIDE\plugins\com.st.stm32cube.ide.mcu.externaltools.gnu-tools-for-stm32.13.3.rel1.win32_1.0.0.202411081344\tools\bin/../lib/gcc/arm-none-eabi/13.3.1/../../../../arm-none-eabi/include/stdio.h:414:37: note: 'FILE' is defined in header '<stdio.h>'; did you forget to '#include <stdio.h>'?
C:\ST\STM32CubeIDE_1.19.0\STM32CubeIDE\plugins\com.st.stm32cube.ide.mcu.externaltools.gnu-tools-for-stm32.13.3.rel1.win32_1.0.0.202411081344\tools\bin/../lib/gcc/arm-none-eabi/13.3.1/../../../../arm-none-eabi/include/stdio.h:447:36: error: unknown type name 'FILE'
  447 | int     _fseek_r (struct _reent *, FILE *, long, int);
      |                                    ^~~~
C:\ST\STM32CubeIDE_1.19.0\STM32CubeIDE\plugins\com.st.stm32cube.ide.mcu.externaltools.gnu-tools-for-stm32.13.3.rel1.win32_1.0.0.202411081344\tools\bin/../lib/gcc/arm-none-eabi/13.3.1/../../../../arm-none-eabi/include/stdio.h:447:36: note: 'FILE' is defined in header '<stdio.h>'; did you forget to '#include <stdio.h>'?
C:\ST\STM32CubeIDE_1.19.0\STM32CubeIDE\plugins\com.st.stm32cube.ide.mcu.externaltools.gnu-tools-for-stm32.13.3.rel1.win32_1.0.0.202411081344\tools\bin/../lib/gcc/arm-none-eabi/13.3.1/../../../../arm-none-eabi/include/stdio.h:416:1: error: unknown type name 'FILE'
  416 | FILE *  _fdopen_r (struct _reent *, int, const char *);
      | ^~~~
C:\ST\STM32CubeIDE_1.19.0\STM32CubeIDE\plugins\com.st.stm32cube.ide.mcu.externaltools.gnu-tools-for-stm32.13.3.rel1.win32_1.0.0.202411081344\tools\bin/../lib/gcc/arm-none-eabi/13.3.1/../../../../arm-none-eabi/include/stdio.h:416:1: note: 'FILE' is defined in header '<stdio.h>'; did you forget to '#include <stdio.h>'?
C:\ST\STM32CubeIDE_1.19.0\STM32CubeIDE\plugins\com.st.stm32cube.ide.mcu.externaltools.gnu-tools-for-stm32.13.3.rel1.win32_1.0.0.202411081344\tools\bin/../lib/gcc/arm-none-eabi/13.3.1/../../../../arm-none-eabi/include/stdio.h:448:37: error: unknown type name 'FILE'
  448 | int     _fseeko_r (struct _reent *, FILE *, _off_t, int);
      |                                     ^~~~
C:\ST\STM32CubeIDE_1.19.0\STM32CubeIDE\plugins\com.st.stm32cube.ide.mcu.externaltools.gnu-tools-for-stm32.13.3.rel1.win32_1.0.0.202411081344\tools\bin/../lib/gcc/arm-none-eabi/13.3.1/../../../../arm-none-eabi/include/stdio.h:448:37: note: 'FILE' is defined in header '<stdio.h>'; did you forget to '#include <stdio.h>'?
C:\ST\STM32CubeIDE_1.19.0\STM32CubeIDE\plugins\com.st.stm32cube.ide.mcu.externaltools.gnu-tools-for-stm32.13.3.rel1.win32_1.0.0.202411081344\tools\bin/../lib/gcc/arm-none-eabi/13.3.1/../../../../arm-none-eabi/include/stdio.h:417:37: error: unknown type name 'FILE'
  417 | int     _fflush_r (struct _reent *, FILE *);
      |                                     ^~~~
C:\ST\STM32CubeIDE_1.19.0\STM32CubeIDE\plugins\com.st.stm32cube.ide.mcu.externaltools.gnu-tools-for-stm32.13.3.rel1.win32_1.0.0.202411081344\tools\bin/../lib/gcc/arm-none-eabi/13.3.1/../../../../arm-none-eabi/include/stdio.h:417:37: note: 'FILE' is defined in header '<stdio.h>'; did you forget to '#include <stdio.h>'?
C:\ST\STM32CubeIDE_1.19.0\STM32CubeIDE\plugins\com.st.stm32cube.ide.mcu.externaltools.gnu-tools-for-stm32.13.3.rel1.win32_1.0.0.202411081344\tools\bin/../lib/gcc/arm-none-eabi/13.3.1/../../../../arm-none-eabi/include/stdio.h:448:45: error: expected declaration specifiers or '...' before '_off_t'
  448 | int     _fseeko_r (struct _reent *, FILE *, _off_t, int);
      |                                             ^~~~~~
C:\ST\STM32CubeIDE_1.19.0\STM32CubeIDE\plugins\com.st.stm32cube.ide.mcu.externaltools.gnu-tools-for-stm32.13.3.rel1.win32_1.0.0.202411081344\tools\bin/../lib/gcc/arm-none-eabi/13.3.1/../../../../arm-none-eabi/include/stdio.h:418:36: error: unknown type name 'FILE'
  418 | int     _fgetc_r (struct _reent *, FILE *);
      |                                    ^~~~
C:\ST\STM32CubeIDE_1.19.0\STM32CubeIDE\plugins\com.st.stm32cube.ide.mcu.externaltools.gnu-tools-for-stm32.13.3.rel1.win32_1.0.0.202411081344\tools\bin/../lib/gcc/arm-none-eabi/13.3.1/../../../../arm-none-eabi/include/stdio.h:449:36: error: unknown type name 'FILE'
  449 | long    _ftell_r (struct _reent *, FILE *);
      |                                    ^~~~
C:\ST\STM32CubeIDE_1.19.0\STM32CubeIDE\plugins\com.st.stm32cube.ide.mcu.externaltools.gnu-tools-for-stm32.13.3.rel1.win32_1.0.0.202411081344\tools\bin/../lib/gcc/arm-none-eabi/13.3.1/../../../../arm-none-eabi/include/stdio.h:418:36: note: 'FILE' is defined in header '<stdio.h>'; did you forget to '#include <stdio.h>'?
C:\ST\STM32CubeIDE_1.19.0\STM32CubeIDE\plugins\com.st.stm32cube.ide.mcu.externaltools.gnu-tools-for-stm32.13.3.rel1.win32_1.0.0.202411081344\tools\bin/../lib/gcc/arm-none-eabi/13.3.1/../../../../arm-none-eabi/include/stdio.h:449:36: note: 'FILE' is defined in header '<stdio.h>'; did you forget to '#include <stdio.h>'?
C:\ST\STM32CubeIDE_1.19.0\STM32CubeIDE\plugins\com.st.stm32cube.ide.mcu.externaltools.gnu-tools-for-stm32.13.3.rel1.win32_1.0.0.202411081344\tools\bin/../lib/gcc/arm-none-eabi/13.3.1/../../../../arm-none-eabi/include/stdio.h:419:45: error: unknown type name 'FILE'
  419 | int     _fgetc_unlocked_r (struct _reent *, FILE *);
      |                                             ^~~~
C:\ST\STM32CubeIDE_1.19.0\STM32CubeIDE\plugins\com.st.stm32cube.ide.mcu.externaltools.gnu-tools-for-stm32.13.3.rel1.win32_1.0.0.202411081344\tools\bin/../lib/gcc/arm-none-eabi/13.3.1/../../../../arm-none-eabi/include/stdio.h:450:1: error: expected declaration specifiers before '_off_t'
  450 | _off_t  _ftello_r (struct _reent *, FILE *);
      | ^~~~~~
C:\ST\STM32CubeIDE_1.19.0\STM32CubeIDE\plugins\com.st.stm32cube.ide.mcu.externaltools.gnu-tools-for-stm32.13.3.rel1.win32_1.0.0.202411081344\tools\bin/../lib/gcc/arm-none-eabi/13.3.1/../../../../arm-none-eabi/include/stdio.h:419:45: note: 'FILE' is defined in header '<stdio.h>'; did you forget to '#include <stdio.h>'?
C:\ST\STM32CubeIDE_1.19.0\STM32CubeIDE\plugins\com.st.stm32cube.ide.mcu.externaltools.gnu-tools-for-stm32.13.3.rel1.win32_1.0.0.202411081344\tools\bin/../lib/gcc/arm-none-eabi/13.3.1/../../../../arm-none-eabi/include/stdio.h:451:37: error: unknown type name 'FILE'
  451 | void    _rewind_r (struct _reent *, FILE *);
      |                                     ^~~~
C:\ST\STM32CubeIDE_1.19.0\STM32CubeIDE\plugins\com.st.stm32cube.ide.mcu.externaltools.gnu-tools-for-stm32.13.3.rel1.win32_1.0.0.202411081344\tools\bin/../lib/gcc/arm-none-eabi/13.3.1/../../../../arm-none-eabi/include/stdio.h:451:37: note: 'FILE' is defined in header '<stdio.h>'; did you forget to '#include <stdio.h>'?
C:\ST\STM32CubeIDE_1.19.0\STM32CubeIDE\plugins\com.st.stm32cube.ide.mcu.externaltools.gnu-tools-for-stm32.13.3.rel1.win32_1.0.0.202411081344\tools\bin/../lib/gcc/arm-none-eabi/13.3.1/../../../../arm-none-eabi/include/stdio.h:420:59: error: unknown type name 'FILE'
  420 | char *  _fgets_r (struct _reent *, char *__restrict, int, FILE *__restrict);
      |                                                           ^~~~
C:\ST\STM32CubeIDE_1.19.0\STM32CubeIDE\plugins\com.st.stm32cube.ide.mcu.externaltools.gnu-tools-for-stm32.13.3.rel1.win32_1.0.0.202411081344\tools\bin/../lib/gcc/arm-none-eabi/13.3.1/../../../../arm-none-eabi/include/stdio.h:420:59: note: 'FILE' is defined in header '<stdio.h>'; did you forget to '#include <stdio.h>'?
C:\ST\STM32CubeIDE_1.19.0\STM32CubeIDE\plugins\com.st.stm32cube.ide.mcu.externaltools.gnu-tools-for-stm32.13.3.rel1.win32_1.0.0.202411081344\tools\bin/../lib/gcc/arm-none-eabi/13.3.1/../../../../arm-none-eabi/include/stdio.h:452:86: error: unknown type name 'FILE'
  452 | size_t  _fwrite_r (struct _reent *, const void *__restrict, size_t _size, size_t _n, FILE *__restrict);
      |                                                                                      ^~~~
C:\ST\STM32CubeIDE_1.19.0\STM32CubeIDE\plugins\com.st.stm32cube.ide.mcu.externaltools.gnu-tools-for-stm32.13.3.rel1.win32_1.0.0.202411081344\tools\bin/../lib/gcc/arm-none-eabi/13.3.1/../../../../arm-none-eabi/include/stdio.h:452:86: note: 'FILE' is defined in header '<stdio.h>'; did you forget to '#include <stdio.h>'?
C:\ST\STM32CubeIDE_1.19.0\STM32CubeIDE\plugins\com.st.stm32cube.ide.mcu.externaltools.gnu-tools-for-stm32.13.3.rel1.win32_1.0.0.202411081344\tools\bin/../lib/gcc/arm-none-eabi/13.3.1/../../../../arm-none-eabi/include/stdio.h:421:68: error: unknown type name 'FILE'
  421 | char *  _fgets_unlocked_r (struct _reent *, char *__restrict, int, FILE *__restrict);
      |                                                                    ^~~~
C:\ST\STM32CubeIDE_1.19.0\STM32CubeIDE\plugins\com.st.stm32cube.ide.mcu.externaltools.gnu-tools-for-stm32.13.3.rel1.win32_1.0.0.202411081344\tools\bin/../lib/gcc/arm-none-eabi/13.3.1/../../../../arm-none-eabi/include/stdio.h:421:68: note: 'FILE' is defined in header '<stdio.h>'; did you forget to '#include <stdio.h>'?
C:\ST\STM32CubeIDE_1.19.0\STM32CubeIDE\plugins\com.st.stm32cube.ide.mcu.externaltools.gnu-tools-for-stm32.13.3.rel1.win32_1.0.0.202411081344\tools\bin/../lib/gcc/arm-none-eabi/13.3.1/../../../../arm-none-eabi/include/stdio.h:453:95: error: unknown type name 'FILE'
  453 | size_t  _fwrite_unlocked_r (struct _reent *, const void *__restrict, size_t _size, size_t _n, FILE *__restrict);
      |                                                                                               ^~~~
C:\ST\STM32CubeIDE_1.19.0\STM32CubeIDE\plugins\com.st.stm32cube.ide.mcu.externaltools.gnu-tools-for-stm32.13.3.rel1.win32_1.0.0.202411081344\tools\bin/../lib/gcc/arm-none-eabi/13.3.1/../../../../arm-none-eabi/include/stdio.h:453:95: note: 'FILE' is defined in header '<stdio.h>'; did you forget to '#include <stdio.h>'?
C:\ST\STM32CubeIDE_1.19.0\STM32CubeIDE\plugins\com.st.stm32cube.ide.mcu.externaltools.gnu-tools-for-stm32.13.3.rel1.win32_1.0.0.202411081344\tools\bin/../lib/gcc/arm-none-eabi/13.3.1/../../../../arm-none-eabi/include/stdio.h:426:38: error: unknown type name 'FILE'
  426 | int     _fgetpos_r (struct _reent *, FILE *, fpos_t *);
      |                                      ^~~~
C:\ST\STM32CubeIDE_1.19.0\STM32CubeIDE\plugins\com.st.stm32cube.ide.mcu.externaltools.gnu-tools-for-stm32.13.3.rel1.win32_1.0.0.202411081344\tools\bin/../lib/gcc/arm-none-eabi/13.3.1/../../../../arm-none-eabi/include/stdio.h:454:35: error: unknown type name 'FILE'
  454 | int     _getc_r (struct _reent *, FILE *);
      |                                   ^~~~
C:\ST\STM32CubeIDE_1.19.0\STM32CubeIDE\plugins\com.st.stm32cube.ide.mcu.externaltools.gnu-tools-for-stm32.13.3.rel1.win32_1.0.0.202411081344\tools\bin/../lib/gcc/arm-none-eabi/13.3.1/../../../../arm-none-eabi/include/stdio.h:426:38: note: 'FILE' is defined in header '<stdio.h>'; did you forget to '#include <stdio.h>'?
C:\ST\STM32CubeIDE_1.19.0\STM32CubeIDE\plugins\com.st.stm32cube.ide.mcu.externaltools.gnu-tools-for-stm32.13.3.rel1.win32_1.0.0.202411081344\tools\bin/../lib/gcc/arm-none-eabi/13.3.1/../../../../arm-none-eabi/include/stdio.h:454:35: note: 'FILE' is defined in header '<stdio.h>'; did you forget to '#include <stdio.h>'?
C:\ST\STM32CubeIDE_1.19.0\STM32CubeIDE\plugins\com.st.stm32cube.ide.mcu.externaltools.gnu-tools-for-stm32.13.3.rel1.win32_1.0.0.202411081344\tools\bin/../lib/gcc/arm-none-eabi/13.3.1/../../../../arm-none-eabi/include/stdio.h:426:46: error: unknown type name 'fpos_t'
  426 | int     _fgetpos_r (struct _reent *, FILE *, fpos_t *);
      |                                              ^~~~~~
C:\ST\STM32CubeIDE_1.19.0\STM32CubeIDE\plugins\com.st.stm32cube.ide.mcu.externaltools.gnu-tools-for-stm32.13.3.rel1.win32_1.0.0.202411081344\tools\bin/../lib/gcc/arm-none-eabi/13.3.1/../../../../arm-none-eabi/include/stdio.h:426:46: note: 'fpos_t' is defined in header '<stdio.h>'; did you forget to '#include <stdio.h>'?
C:\ST\STM32CubeIDE_1.19.0\STM32CubeIDE\plugins\com.st.stm32cube.ide.mcu.externaltools.gnu-tools-for-stm32.13.3.rel1.win32_1.0.0.202411081344\tools\bin/../lib/gcc/arm-none-eabi/13.3.1/../../../../arm-none-eabi/include/stdio.h:455:44: error: unknown type name 'FILE'
  455 | int     _getc_unlocked_r (struct _reent *, FILE *);
      |                                            ^~~~
C:\ST\STM32CubeIDE_1.19.0\STM32CubeIDE\plugins\com.st.stm32cube.ide.mcu.externaltools.gnu-tools-for-stm32.13.3.rel1.win32_1.0.0.202411081344\tools\bin/../lib/gcc/arm-none-eabi/13.3.1/../../../../arm-none-eabi/include/stdio.h:455:44: note: 'FILE' is defined in header '<stdio.h>'; did you forget to '#include <stdio.h>'?
C:\ST\STM32CubeIDE_1.19.0\STM32CubeIDE\plugins\com.st.stm32cube.ide.mcu.externaltools.gnu-tools-for-stm32.13.3.rel1.win32_1.0.0.202411081344\tools\bin/../lib/gcc/arm-none-eabi/13.3.1/../../../../arm-none-eabi/include/stdio.h:427:38: error: unknown type name 'FILE'
  427 | int     _fsetpos_r (struct _reent *, FILE *, const fpos_t *);
      |                                      ^~~~
C:\ST\STM32CubeIDE_1.19.0\STM32CubeIDE\plugins\com.st.stm32cube.ide.mcu.externaltools.gnu-tools-for-stm32.13.3.rel1.win32_1.0.0.202411081344\tools\bin/../lib/gcc/arm-none-eabi/13.3.1/../../../../arm-none-eabi/include/stdio.h:427:38: note: 'FILE' is defined in header '<stdio.h>'; did you forget to '#include <stdio.h>'?
C:\ST\STM32CubeIDE_1.19.0\STM32CubeIDE\plugins\com.st.stm32cube.ide.mcu.externaltools.gnu-tools-for-stm32.13.3.rel1.win32_1.0.0.202411081344\tools\bin/../lib/gcc/arm-none-eabi/13.3.1/../../../../arm-none-eabi/include/stdio.h:463:1: error: unknown type name 'FILE'
  463 | FILE *  _open_memstream_r (struct _reent *, char **, size_t *);
      | ^~~~
C:\ST\STM32CubeIDE_1.19.0\STM32CubeIDE\plugins\com.st.stm32cube.ide.mcu.externaltools.gnu-tools-for-stm32.13.3.rel1.win32_1.0.0.202411081344\tools\bin/../lib/gcc/arm-none-eabi/13.3.1/../../../../arm-none-eabi/include/stdio.h:463:1: note: 'FILE' is defined in header '<stdio.h>'; did you forget to '#include <stdio.h>'?
C:\ST\STM32CubeIDE_1.19.0\STM32CubeIDE\plugins\com.st.stm32cube.ide.mcu.externaltools.gnu-tools-for-stm32.13.3.rel1.win32_1.0.0.202411081344\tools\bin/../lib/gcc/arm-none-eabi/13.3.1/../../../../arm-none-eabi/include/stdio.h:427:52: error: unknown type name 'fpos_t'
  427 | int     _fsetpos_r (struct _reent *, FILE *, const fpos_t *);
      |                                                    ^~~~~~
C:\ST\STM32CubeIDE_1.19.0\STM32CubeIDE\plugins\com.st.stm32cube.ide.mcu.externaltools.gnu-tools-for-stm32.13.3.rel1.win32_1.0.0.202411081344\tools\bin/../lib/gcc/arm-none-eabi/13.3.1/../../../../arm-none-eabi/include/stdio.h:429:39: error: unknown type name 'FILE'
  429 | int     _fiprintf_r (struct _reent *, FILE *, const char *, ...)
      |                                       ^~~~
C:\ST\STM32CubeIDE_1.19.0\STM32CubeIDE\plugins\com.st.stm32cube.ide.mcu.externaltools.gnu-tools-for-stm32.13.3.rel1.win32_1.0.0.202411081344\tools\bin/../lib/gcc/arm-none-eabi/13.3.1/../../../../arm-none-eabi/include/stdio.h:467:40: error: unknown type name 'FILE'
  467 | int     _putc_r (struct _reent *, int, FILE *);
      |                                        ^~~~
C:\ST\STM32CubeIDE_1.19.0\STM32CubeIDE\plugins\com.st.stm32cube.ide.mcu.externaltools.gnu-tools-for-stm32.13.3.rel1.win32_1.0.0.202411081344\tools\bin/../lib/gcc/arm-none-eabi/13.3.1/../../../../arm-none-eabi/include/stdio.h:467:40: note: 'FILE' is defined in header '<stdio.h>'; did you forget to '#include <stdio.h>'?
C:\ST\STM32CubeIDE_1.19.0\STM32CubeIDE\plugins\com.st.stm32cube.ide.mcu.externaltools.gnu-tools-for-stm32.13.3.rel1.win32_1.0.0.202411081344\tools\bin/../lib/gcc/arm-none-eabi/13.3.1/../../../../arm-none-eabi/include/stdio.h:468:49: error: unknown type name 'FILE'
  468 | int     _putc_unlocked_r (struct _reent *, int, FILE *);
      |                                                 ^~~~
C:\ST\STM32CubeIDE_1.19.0\STM32CubeIDE\plugins\com.st.stm32cube.ide.mcu.externaltools.gnu-tools-for-stm32.13.3.rel1.win32_1.0.0.202411081344\tools\bin/../lib/gcc/arm-none-eabi/13.3.1/../../../../arm-none-eabi/include/stdio.h:468:49: note: 'FILE' is defined in header '<stdio.h>'; did you forget to '#include <stdio.h>'?
C:\ST\STM32CubeIDE_1.19.0\STM32CubeIDE\plugins\com.st.stm32cube.ide.mcu.externaltools.gnu-tools-for-stm32.13.3.rel1.win32_1.0.0.202411081344\tools\bin/../lib/gcc/arm-none-eabi/13.3.1/../../../../arm-none-eabi/include/stdio.h:429:39: note: 'FILE' is defined in header '<stdio.h>'; did you forget to '#include <stdio.h>'?
C:\ST\STM32CubeIDE_1.19.0\STM32CubeIDE\plugins\com.st.stm32cube.ide.mcu.externaltools.gnu-tools-for-stm32.13.3.rel1.win32_1.0.0.202411081344\tools\bin/../lib/gcc/arm-none-eabi/13.3.1/../../../../arm-none-eabi/include/stdio.h:490:1: error: unknown type name 'FILE'
  490 | FILE *  _tmpfile_r (struct _reent *);
      | ^~~~
C:\ST\STM32CubeIDE_1.19.0\STM32CubeIDE\plugins\com.st.stm32cube.ide.mcu.externaltools.gnu-tools-for-stm32.13.3.rel1.win32_1.0.0.202411081344\tools\bin/../lib/gcc/arm-none-eabi/13.3.1/../../../../arm-none-eabi/include/stdio.h:490:1: note: 'FILE' is defined in header '<stdio.h>'; did you forget to '#include <stdio.h>'?
C:\ST\STM32CubeIDE_1.19.0\STM32CubeIDE\plugins\com.st.stm32cube.ide.mcu.externaltools.gnu-tools-for-stm32.13.3.rel1.win32_1.0.0.202411081344\tools\bin/../lib/gcc/arm-none-eabi/13.3.1/../../../../arm-none-eabi/include/stdio.h:431:38: error: unknown type name 'FILE'
  431 | int     _fiscanf_r (struct _reent *, FILE *, const char *, ...)
      |                                      ^~~~
C:\ST\STM32CubeIDE_1.19.0\STM32CubeIDE\plugins\com.st.stm32cube.ide.mcu.externaltools.gnu-tools-for-stm32.13.3.rel1.win32_1.0.0.202411081344\tools\bin/../lib/gcc/arm-none-eabi/13.3.1/../../../../arm-none-eabi/include/stdio.h:431:38: note: 'FILE' is defined in header '<stdio.h>'; did you forget to '#include <stdio.h>'?
C:\ST\STM32CubeIDE_1.19.0\STM32CubeIDE\plugins\com.st.stm32cube.ide.mcu.externaltools.gnu-tools-for-stm32.13.3.rel1.win32_1.0.0.202411081344\tools\bin/../lib/gcc/arm-none-eabi/13.3.1/../../../../arm-none-eabi/include/stdio.h:492:42: error: unknown type name 'FILE'
  492 | int     _ungetc_r (struct _reent *, int, FILE *);
      |                                          ^~~~
C:\ST\STM32CubeIDE_1.19.0\STM32CubeIDE\plugins\com.st.stm32cube.ide.mcu.externaltools.gnu-tools-for-stm32.13.3.rel1.win32_1.0.0.202411081344\tools\bin/../lib/gcc/arm-none-eabi/13.3.1/../../../../arm-none-eabi/include/stdio.h:433:1: error: unknown type name 'FILE'
  433 | FILE *  _fmemopen_r (struct _reent *, void *__restrict, size_t, const char *__restrict);
      | ^~~~
C:\ST\STM32CubeIDE_1.19.0\STM32CubeIDE\plugins\com.st.stm32cube.ide.mcu.externaltools.gnu-tools-for-stm32.13.3.rel1.win32_1.0.0.202411081344\tools\bin/../lib/gcc/arm-none-eabi/13.3.1/../../../../arm-none-eabi/include/stdio.h:433:1: note: 'FILE' is defined in header '<stdio.h>'; did you forget to '#include <stdio.h>'?
C:\ST\STM32CubeIDE_1.19.0\STM32CubeIDE\plugins\com.st.stm32cube.ide.mcu.externaltools.gnu-tools-for-stm32.13.3.rel1.win32_1.0.0.202411081344\tools\bin/../lib/gcc/arm-none-eabi/13.3.1/../../../../arm-none-eabi/include/stdio.h:492:42: note: 'FILE' is defined in header '<stdio.h>'; did you forget to '#include <stdio.h>'?
C:\ST\STM32CubeIDE_1.19.0\STM32CubeIDE\plugins\com.st.stm32cube.ide.mcu.externaltools.gnu-tools-for-stm32.13.3.rel1.win32_1.0.0.202411081344\tools\bin/../lib/gcc/arm-none-eabi/13.3.1/../../../../arm-none-eabi/include/stdio.h:434:1: error: unknown type name 'FILE'
  434 | FILE *  _fopen_r (struct _reent *, const char *__restrict, const char *__restrict);
      | ^~~~
C:\ST\STM32CubeIDE_1.19.0\STM32CubeIDE\plugins\com.st.stm32cube.ide.mcu.externaltools.gnu-tools-for-stm32.13.3.rel1.win32_1.0.0.202411081344\tools\bin/../lib/gcc/arm-none-eabi/13.3.1/../../../../arm-none-eabi/include/stdio.h:493:64: error: expected declaration specifiers or '...' before '__gnuc_va_list'
  493 | int     _vasiprintf_r (struct _reent *, char **, const char *, __VALIST)
      |                                                                ^~~~~~~~
C:\ST\STM32CubeIDE_1.19.0\STM32CubeIDE\plugins\com.st.stm32cube.ide.mcu.externaltools.gnu-tools-for-stm32.13.3.rel1.win32_1.0.0.202411081344\tools\bin/../lib/gcc/arm-none-eabi/13.3.1/../../../../arm-none-eabi/include/stdio.h:434:1: note: 'FILE' is defined in header '<stdio.h>'; did you forget to '#include <stdio.h>'?
C:\ST\STM32CubeIDE_1.19.0\STM32CubeIDE\plugins\com.st.stm32cube.ide.mcu.externaltools.gnu-tools-for-stm32.13.3.rel1.win32_1.0.0.202411081344\tools\bin/../lib/gcc/arm-none-eabi/13.3.1/../../../../arm-none-eabi/include/stdio.h:495:73: error: expected declaration specifiers or '...' before '__gnuc_va_list'
  495 | char *  _vasniprintf_r (struct _reent*, char *, size_t *, const char *, __VALIST)
      |                                                                         ^~~~~~~~
C:\ST\STM32CubeIDE_1.19.0\STM32CubeIDE\plugins\com.st.stm32cube.ide.mcu.externaltools.gnu-tools-for-stm32.13.3.rel1.win32_1.0.0.202411081344\tools\bin/../lib/gcc/arm-none-eabi/13.3.1/../../../../arm-none-eabi/include/stdio.h:435:1: error: unknown type name 'FILE'
  435 | FILE *  _freopen_r (struct _reent *, const char *__restrict, const char *__restrict, FILE *__restrict);
      | ^~~~
C:\ST\STM32CubeIDE_1.19.0\STM32CubeIDE\plugins\com.st.stm32cube.ide.mcu.externaltools.gnu-tools-for-stm32.13.3.rel1.win32_1.0.0.202411081344\tools\bin/../lib/gcc/arm-none-eabi/13.3.1/../../../../arm-none-eabi/include/stdio.h:497:72: error: expected declaration specifiers or '...' before '__gnuc_va_list'
  497 | char *  _vasnprintf_r (struct _reent*, char *, size_t *, const char *, __VALIST)
      |                                                                        ^~~~~~~~
C:\ST\STM32CubeIDE_1.19.0\STM32CubeIDE\plugins\com.st.stm32cube.ide.mcu.externaltools.gnu-tools-for-stm32.13.3.rel1.win32_1.0.0.202411081344\tools\bin/../lib/gcc/arm-none-eabi/13.3.1/../../../../arm-none-eabi/include/stdio.h:435:1: note: 'FILE' is defined in header '<stdio.h>'; did you forget to '#include <stdio.h>'?
C:\ST\STM32CubeIDE_1.19.0\STM32CubeIDE\plugins\com.st.stm32cube.ide.mcu.externaltools.gnu-tools-for-stm32.13.3.rel1.win32_1.0.0.202411081344\tools\bin/../lib/gcc/arm-none-eabi/13.3.1/../../../../arm-none-eabi/include/stdio.h:499:63: error: expected declaration specifiers or '...' before '__gnuc_va_list'
  499 | int     _vasprintf_r (struct _reent *, char **, const char *, __VALIST)
      |                                                               ^~~~~~~~
C:\ST\STM32CubeIDE_1.19.0\STM32CubeIDE\plugins\com.st.stm32cube.ide.mcu.externaltools.gnu-tools-for-stm32.13.3.rel1.win32_1.0.0.202411081344\tools\bin/../lib/gcc/arm-none-eabi/13.3.1/../../../../arm-none-eabi/include/stdio.h:435:86: error: unknown type name 'FILE'
  435 | FILE *  _freopen_r (struct _reent *, const char *__restrict, const char *__restrict, FILE *__restrict);
      |                                                                                      ^~~~
C:\ST\STM32CubeIDE_1.19.0\STM32CubeIDE\plugins\com.st.stm32cube.ide.mcu.externaltools.gnu-tools-for-stm32.13.3.rel1.win32_1.0.0.202411081344\tools\bin/../lib/gcc/arm-none-eabi/13.3.1/../../../../arm-none-eabi/include/stdio.h:501:59: error: expected declaration specifiers or '...' before '__gnuc_va_list'
  501 | int     _vdiprintf_r (struct _reent *, int, const char *, __VALIST)
      |                                                           ^~~~~~~~
C:\ST\STM32CubeIDE_1.19.0\STM32CubeIDE\plugins\com.st.stm32cube.ide.mcu.externaltools.gnu-tools-for-stm32.13.3.rel1.win32_1.0.0.202411081344\tools\bin/../lib/gcc/arm-none-eabi/13.3.1/../../../../arm-none-eabi/include/stdio.h:435:86: note: 'FILE' is defined in header '<stdio.h>'; did you forget to '#include <stdio.h>'?
C:\ST\STM32CubeIDE_1.19.0\STM32CubeIDE\plugins\com.st.stm32cube.ide.mcu.externaltools.gnu-tools-for-stm32.13.3.rel1.win32_1.0.0.202411081344\tools\bin/../lib/gcc/arm-none-eabi/13.3.1/../../../../arm-none-eabi/include/stdio.h:503:68: error: expected declaration specifiers or '...' before '__gnuc_va_list'
  503 | int     _vdprintf_r (struct _reent *, int, const char *__restrict, __VALIST)
      |                                                                    ^~~~~~~~
C:\ST\STM32CubeIDE_1.19.0\STM32CubeIDE\plugins\com.st.stm32cube.ide.mcu.externaltools.gnu-tools-for-stm32.13.3.rel1.win32_1.0.0.202411081344\tools\bin/../lib/gcc/arm-none-eabi/13.3.1/../../../../arm-none-eabi/include/stdio.h:436:38: error: unknown type name 'FILE'
  436 | int     _fprintf_r (struct _reent *, FILE *__restrict, const char *__restrict, ...)
      |                                      ^~~~
C:\ST\STM32CubeIDE_1.19.0\STM32CubeIDE\plugins\com.st.stm32cube.ide.mcu.externaltools.gnu-tools-for-stm32.13.3.rel1.win32_1.0.0.202411081344\tools\bin/../lib/gcc/arm-none-eabi/13.3.1/../../../../arm-none-eabi/include/stdio.h:505:40: error: unknown type name 'FILE'
  505 | int     _vfiprintf_r (struct _reent *, FILE *, const char *, __VALIST)
      |                                        ^~~~
C:\ST\STM32CubeIDE_1.19.0\STM32CubeIDE\plugins\com.st.stm32cube.ide.mcu.externaltools.gnu-tools-for-stm32.13.3.rel1.win32_1.0.0.202411081344\tools\bin/../lib/gcc/arm-none-eabi/13.3.1/../../../../arm-none-eabi/include/stdio.h:436:38: note: 'FILE' is defined in header '<stdio.h>'; did you forget to '#include <stdio.h>'?
C:\ST\STM32CubeIDE_1.19.0\STM32CubeIDE\plugins\com.st.stm32cube.ide.mcu.externaltools.gnu-tools-for-stm32.13.3.rel1.win32_1.0.0.202411081344\tools\bin/../lib/gcc/arm-none-eabi/13.3.1/../../../../arm-none-eabi/include/stdio.h:505:40: note: 'FILE' is defined in header '<stdio.h>'; did you forget to '#include <stdio.h>'?
C:\ST\STM32CubeIDE_1.19.0\STM32CubeIDE\plugins\com.st.stm32cube.ide.mcu.externaltools.gnu-tools-for-stm32.13.3.rel1.win32_1.0.0.202411081344\tools\bin/../lib/gcc/arm-none-eabi/13.3.1/../../../../arm-none-eabi/include/stdio.h:438:37: error: unknown type name 'FILE'
  438 | int     _fpurge_r (struct _reent *, FILE *);
      |                                     ^~~~
C:\ST\STM32CubeIDE_1.19.0\STM32CubeIDE\plugins\com.st.stm32cube.ide.mcu.externaltools.gnu-tools-for-stm32.13.3.rel1.win32_1.0.0.202411081344\tools\bin/../lib/gcc/arm-none-eabi/13.3.1/../../../../arm-none-eabi/include/stdio.h:438:37: note: 'FILE' is defined in header '<stdio.h>'; did you forget to '#include <stdio.h>'?
C:\ST\STM32CubeIDE_1.19.0\STM32CubeIDE\plugins\com.st.stm32cube.ide.mcu.externaltools.gnu-tools-for-stm32.13.3.rel1.win32_1.0.0.202411081344\tools\bin/../lib/gcc/arm-none-eabi/13.3.1/../../../../arm-none-eabi/include/stdio.h:505:62: error: expected declaration specifiers or '...' before '__gnuc_va_list'
  505 | int     _vfiprintf_r (struct _reent *, FILE *, const char *, __VALIST)
      |                                                              ^~~~~~~~
C:\ST\STM32CubeIDE_1.19.0\STM32CubeIDE\plugins\com.st.stm32cube.ide.mcu.externaltools.gnu-tools-for-stm32.13.3.rel1.win32_1.0.0.202411081344\tools\bin/../lib/gcc/arm-none-eabi/13.3.1/../../../../arm-none-eabi/include/stdio.h:439:41: error: unknown type name 'FILE'
  439 | int     _fputc_r (struct _reent *, int, FILE *);
      |                                         ^~~~
C:\ST\STM32CubeIDE_1.19.0\STM32CubeIDE\plugins\com.st.stm32cube.ide.mcu.externaltools.gnu-tools-for-stm32.13.3.rel1.win32_1.0.0.202411081344\tools\bin/../lib/gcc/arm-none-eabi/13.3.1/../../../../arm-none-eabi/include/stdio.h:439:41: note: 'FILE' is defined in header '<stdio.h>'; did you forget to '#include <stdio.h>'?
C:\ST\STM32CubeIDE_1.19.0\STM32CubeIDE\plugins\com.st.stm32cube.ide.mcu.externaltools.gnu-tools-for-stm32.13.3.rel1.win32_1.0.0.202411081344\tools\bin/../lib/gcc/arm-none-eabi/13.3.1/../../../../arm-none-eabi/include/stdio.h:507:39: error: unknown type name 'FILE'
  507 | int     _vfiscanf_r (struct _reent *, FILE *, const char *, __VALIST)
      |                                       ^~~~
C:\ST\STM32CubeIDE_1.19.0\STM32CubeIDE\plugins\com.st.stm32cube.ide.mcu.externaltools.gnu-tools-for-stm32.13.3.rel1.win32_1.0.0.202411081344\tools\bin/../lib/gcc/arm-none-eabi/13.3.1/../../../../arm-none-eabi/include/stdio.h:507:39: note: 'FILE' is defined in header '<stdio.h>'; did you forget to '#include <stdio.h>'?
C:\ST\STM32CubeIDE_1.19.0\STM32CubeIDE\plugins\com.st.stm32cube.ide.mcu.externaltools.gnu-tools-for-stm32.13.3.rel1.win32_1.0.0.202411081344\tools\bin/../lib/gcc/arm-none-eabi/13.3.1/../../../../arm-none-eabi/include/stdio.h:440:50: error: unknown type name 'FILE'
  440 | int     _fputc_unlocked_r (struct _reent *, int, FILE *);
      |                                                  ^~~~
C:\ST\STM32CubeIDE_1.19.0\STM32CubeIDE\plugins\com.st.stm32cube.ide.mcu.externaltools.gnu-tools-for-stm32.13.3.rel1.win32_1.0.0.202411081344\tools\bin/../lib/gcc/arm-none-eabi/13.3.1/../../../../arm-none-eabi/include/stdio.h:440:50: note: 'FILE' is defined in header '<stdio.h>'; did you forget to '#include <stdio.h>'?
C:\ST\STM32CubeIDE_1.19.0\STM32CubeIDE\plugins\com.st.stm32cube.ide.mcu.externaltools.gnu-tools-for-stm32.13.3.rel1.win32_1.0.0.202411081344\tools\bin/../lib/gcc/arm-none-eabi/13.3.1/../../../../arm-none-eabi/include/stdio.h:507:61: error: expected declaration specifiers or '...' before '__gnuc_va_list'
  507 | int     _vfiscanf_r (struct _reent *, FILE *, const char *, __VALIST)
      |                                                             ^~~~~~~~
C:\ST\STM32CubeIDE_1.19.0\STM32CubeIDE\plugins\com.st.stm32cube.ide.mcu.externaltools.gnu-tools-for-stm32.13.3.rel1.win32_1.0.0.202411081344\tools\bin/../lib/gcc/arm-none-eabi/13.3.1/../../../../arm-none-eabi/include/stdio.h:441:60: error: unknown type name 'FILE'
  441 | int     _fputs_r (struct _reent *, const char *__restrict, FILE *__restrict);
      |                                                            ^~~~
C:\ST\STM32CubeIDE_1.19.0\STM32CubeIDE\plugins\com.st.stm32cube.ide.mcu.externaltools.gnu-tools-for-stm32.13.3.rel1.win32_1.0.0.202411081344\tools\bin/../lib/gcc/arm-none-eabi/13.3.1/../../../../arm-none-eabi/include/stdio.h:441:60: note: 'FILE' is defined in header '<stdio.h>'; did you forget to '#include <stdio.h>'?
C:\ST\STM32CubeIDE_1.19.0\STM32CubeIDE\plugins\com.st.stm32cube.ide.mcu.externaltools.gnu-tools-for-stm32.13.3.rel1.win32_1.0.0.202411081344\tools\bin/../lib/gcc/arm-none-eabi/13.3.1/../../../../arm-none-eabi/include/stdio.h:509:39: error: unknown type name 'FILE'
  509 | int     _vfprintf_r (struct _reent *, FILE *__restrict, const char *__restrict, __VALIST)
      |                                       ^~~~
C:\ST\STM32CubeIDE_1.19.0\STM32CubeIDE\plugins\com.st.stm32cube.ide.mcu.externaltools.gnu-tools-for-stm32.13.3.rel1.win32_1.0.0.202411081344\tools\bin/../lib/gcc/arm-none-eabi/13.3.1/../../../../arm-none-eabi/include/stdio.h:509:39: note: 'FILE' is defined in header '<stdio.h>'; did you forget to '#include <stdio.h>'?
C:\ST\STM32CubeIDE_1.19.0\STM32CubeIDE\plugins\com.st.stm32cube.ide.mcu.externaltools.gnu-tools-for-stm32.13.3.rel1.win32_1.0.0.202411081344\tools\bin/../lib/gcc/arm-none-eabi/13.3.1/../../../../arm-none-eabi/include/stdio.h:442:69: error: unknown type name 'FILE'
  442 | int     _fputs_unlocked_r (struct _reent *, const char *__restrict, FILE *__restrict);
      |                                                                     ^~~~
C:\ST\STM32CubeIDE_1.19.0\STM32CubeIDE\plugins\com.st.stm32cube.ide.mcu.externaltools.gnu-tools-for-stm32.13.3.rel1.win32_1.0.0.202411081344\tools\bin/../lib/gcc/arm-none-eabi/13.3.1/../../../../arm-none-eabi/include/stdio.h:509:81: error: expected declaration specifiers or '...' before '__gnuc_va_list'
  509 | int     _vfprintf_r (struct _reent *, FILE *__restrict, const char *__restrict, __VALIST)
      |                                                                                 ^~~~~~~~
C:\ST\STM32CubeIDE_1.19.0\STM32CubeIDE\plugins\com.st.stm32cube.ide.mcu.externaltools.gnu-tools-for-stm32.13.3.rel1.win32_1.0.0.202411081344\tools\bin/../lib/gcc/arm-none-eabi/13.3.1/../../../../arm-none-eabi/include/stdio.h:442:69: note: 'FILE' is defined in header '<stdio.h>'; did you forget to '#include <stdio.h>'?
C:\ST\STM32CubeIDE_1.19.0\STM32CubeIDE\plugins\com.st.stm32cube.ide.mcu.externaltools.gnu-tools-for-stm32.13.3.rel1.win32_1.0.0.202411081344\tools\bin/../lib/gcc/arm-none-eabi/13.3.1/../../../../arm-none-eabi/include/stdio.h:511:38: error: unknown type name 'FILE'
  511 | int     _vfscanf_r (struct _reent *, FILE *__restrict, const char *__restrict, __VALIST)
      |                                      ^~~~
C:\ST\STM32CubeIDE_1.19.0\STM32CubeIDE\plugins\com.st.stm32cube.ide.mcu.externaltools.gnu-tools-for-stm32.13.3.rel1.win32_1.0.0.202411081344\tools\bin/../lib/gcc/arm-none-eabi/13.3.1/../../../../arm-none-eabi/include/stdio.h:511:38: note: 'FILE' is defined in header '<stdio.h>'; did you forget to '#include <stdio.h>'?
C:\ST\STM32CubeIDE_1.19.0\STM32CubeIDE\plugins\com.st.stm32cube.ide.mcu.externaltools.gnu-tools-for-stm32.13.3.rel1.win32_1.0.0.202411081344\tools\bin/../lib/gcc/arm-none-eabi/13.3.1/../../../../arm-none-eabi/include/stdio.h:443:79: error: unknown type name 'FILE'
  443 | size_t  _fread_r (struct _reent *, void *__restrict, size_t _size, size_t _n, FILE *__restrict);
      |                                                                               ^~~~
C:\ST\STM32CubeIDE_1.19.0\STM32CubeIDE\plugins\com.st.stm32cube.ide.mcu.externaltools.gnu-tools-for-stm32.13.3.rel1.win32_1.0.0.202411081344\tools\bin/../lib/gcc/arm-none-eabi/13.3.1/../../../../arm-none-eabi/include/stdio.h:443:79: note: 'FILE' is defined in header '<stdio.h>'; did you forget to '#include <stdio.h>'?
C:\ST\STM32CubeIDE_1.19.0\STM32CubeIDE\plugins\com.st.stm32cube.ide.mcu.externaltools.gnu-tools-for-stm32.13.3.rel1.win32_1.0.0.202411081344\tools\bin/../lib/gcc/arm-none-eabi/13.3.1/../../../../arm-none-eabi/include/stdio.h:511:80: error: expected declaration specifiers or '...' before '__gnuc_va_list'
  511 | int     _vfscanf_r (struct _reent *, FILE *__restrict, const char *__restrict, __VALIST)
      |                                                                                ^~~~~~~~
C:\ST\STM32CubeIDE_1.19.0\STM32CubeIDE\plugins\com.st.stm32cube.ide.mcu.externaltools.gnu-tools-for-stm32.13.3.rel1.win32_1.0.0.202411081344\tools\bin/../lib/gcc/arm-none-eabi/13.3.1/../../../../arm-none-eabi/include/stdio.h:444:88: error: unknown type name 'FILE'
  444 | size_t  _fread_unlocked_r (struct _reent *, void *__restrict, size_t _size, size_t _n, FILE *__restrict);
      |                                                                                        ^~~~
C:\ST\STM32CubeIDE_1.19.0\STM32CubeIDE\plugins\com.st.stm32cube.ide.mcu.externaltools.gnu-tools-for-stm32.13.3.rel1.win32_1.0.0.202411081344\tools\bin/../lib/gcc/arm-none-eabi/13.3.1/../../../../arm-none-eabi/include/stdio.h:513:53: error: expected declaration specifiers or '...' before '__gnuc_va_list'
  513 | int     _viprintf_r (struct _reent *, const char *, __VALIST)
      |                                                     ^~~~~~~~
C:\ST\STM32CubeIDE_1.19.0\STM32CubeIDE\plugins\com.st.stm32cube.ide.mcu.externaltools.gnu-tools-for-stm32.13.3.rel1.win32_1.0.0.202411081344\tools\bin/../lib/gcc/arm-none-eabi/13.3.1/../../../../arm-none-eabi/include/stdio.h:444:88: note: 'FILE' is defined in header '<stdio.h>'; did you forget to '#include <stdio.h>'?
C:\ST\STM32CubeIDE_1.19.0\STM32CubeIDE\plugins\com.st.stm32cube.ide.mcu.externaltools.gnu-tools-for-stm32.13.3.rel1.win32_1.0.0.202411081344\tools\bin/../lib/gcc/arm-none-eabi/13.3.1/../../../../arm-none-eabi/include/stdio.h:515:52: error: expected declaration specifiers or '...' before '__gnuc_va_list'
  515 | int     _viscanf_r (struct _reent *, const char *, __VALIST)
      |                                                    ^~~~~~~~
C:\ST\STM32CubeIDE_1.19.0\STM32CubeIDE\plugins\com.st.stm32cube.ide.mcu.externaltools.gnu-tools-for-stm32.13.3.rel1.win32_1.0.0.202411081344\tools\bin/../lib/gcc/arm-none-eabi/13.3.1/../../../../arm-none-eabi/include/stdio.h:445:37: error: unknown type name 'FILE'
  445 | int     _fscanf_r (struct _reent *, FILE *__restrict, const char *__restrict, ...)
      |                                     ^~~~
C:\ST\STM32CubeIDE_1.19.0\STM32CubeIDE\plugins\com.st.stm32cube.ide.mcu.externaltools.gnu-tools-for-stm32.13.3.rel1.win32_1.0.0.202411081344\tools\bin/../lib/gcc/arm-none-eabi/13.3.1/../../../../arm-none-eabi/include/stdio.h:517:62: error: expected declaration specifiers or '...' before '__gnuc_va_list'
  517 | int     _vprintf_r (struct _reent *, const char *__restrict, __VALIST)
      |                                                              ^~~~~~~~
C:\ST\STM32CubeIDE_1.19.0\STM32CubeIDE\plugins\com.st.stm32cube.ide.mcu.externaltools.gnu-tools-for-stm32.13.3.rel1.win32_1.0.0.202411081344\tools\bin/../lib/gcc/arm-none-eabi/13.3.1/../../../../arm-none-eabi/include/stdio.h:445:37: note: 'FILE' is defined in header '<stdio.h>'; did you forget to '#include <stdio.h>'?
C:\ST\STM32CubeIDE_1.19.0\STM32CubeIDE\plugins\com.st.stm32cube.ide.mcu.externaltools.gnu-tools-for-stm32.13.3.rel1.win32_1.0.0.202411081344\tools\bin/../lib/gcc/arm-none-eabi/13.3.1/../../../../arm-none-eabi/include/stdio.h:519:61: error: expected declaration specifiers or '...' before '__gnuc_va_list'
  519 | int     _vscanf_r (struct _reent *, const char *__restrict, __VALIST)
      |                                                             ^~~~~~~~
C:\ST\STM32CubeIDE_1.19.0\STM32CubeIDE\plugins\com.st.stm32cube.ide.mcu.externaltools.gnu-tools-for-stm32.13.3.rel1.win32_1.0.0.202411081344\tools\bin/../lib/gcc/arm-none-eabi/13.3.1/../../../../arm-none-eabi/include/stdio.h:447:36: error: unknown type name 'FILE'
  447 | int     _fseek_r (struct _reent *, FILE *, long, int);
      |                                    ^~~~
C:\ST\STM32CubeIDE_1.19.0\STM32CubeIDE\plugins\com.st.stm32cube.ide.mcu.externaltools.gnu-tools-for-stm32.13.3.rel1.win32_1.0.0.202411081344\tools\bin/../lib/gcc/arm-none-eabi/13.3.1/../../../../arm-none-eabi/include/stdio.h:521:62: error: expected declaration specifiers or '...' before '__gnuc_va_list'
  521 | int     _vsiprintf_r (struct _reent *, char *, const char *, __VALIST)
      |                                                              ^~~~~~~~
C:\ST\STM32CubeIDE_1.19.0\STM32CubeIDE\plugins\com.st.stm32cube.ide.mcu.externaltools.gnu-tools-for-stm32.13.3.rel1.win32_1.0.0.202411081344\tools\bin/../lib/gcc/arm-none-eabi/13.3.1/../../../../arm-none-eabi/include/stdio.h:447:36: note: 'FILE' is defined in header '<stdio.h>'; did you forget to '#include <stdio.h>'?
C:\ST\STM32CubeIDE_1.19.0\STM32CubeIDE\plugins\com.st.stm32cube.ide.mcu.externaltools.gnu-tools-for-stm32.13.3.rel1.win32_1.0.0.202411081344\tools\bin/../lib/gcc/arm-none-eabi/13.3.1/../../../../arm-none-eabi/include/stdio.h:523:67: error: expected declaration specifiers or '...' before '__gnuc_va_list'
  523 | int     _vsiscanf_r (struct _reent *, const char *, const char *, __VALIST)
      |                                                                   ^~~~~~~~
C:\ST\STM32CubeIDE_1.19.0\STM32CubeIDE\plugins\com.st.stm32cube.ide.mcu.externaltools.gnu-tools-for-stm32.13.3.rel1.win32_1.0.0.202411081344\tools\bin/../lib/gcc/arm-none-eabi/13.3.1/../../../../arm-none-eabi/include/stdio.h:448:37: error: unknown type name 'FILE'
  448 | int     _fseeko_r (struct _reent *, FILE *, _off_t, int);
      |                                     ^~~~
C:\ST\STM32CubeIDE_1.19.0\STM32CubeIDE\plugins\com.st.stm32cube.ide.mcu.externaltools.gnu-tools-for-stm32.13.3.rel1.win32_1.0.0.202411081344\tools\bin/../lib/gcc/arm-none-eabi/13.3.1/../../../../arm-none-eabi/include/stdio.h:525:71: error: expected declaration specifiers or '...' before '__gnuc_va_list'
  525 | int     _vsniprintf_r (struct _reent *, char *, size_t, const char *, __VALIST)
      |                                                                       ^~~~~~~~
C:\ST\STM32CubeIDE_1.19.0\STM32CubeIDE\plugins\com.st.stm32cube.ide.mcu.externaltools.gnu-tools-for-stm32.13.3.rel1.win32_1.0.0.202411081344\tools\bin/../lib/gcc/arm-none-eabi/13.3.1/../../../../arm-none-eabi/include/stdio.h:448:37: note: 'FILE' is defined in header '<stdio.h>'; did you forget to '#include <stdio.h>'?
C:\ST\STM32CubeIDE_1.19.0\STM32CubeIDE\plugins\com.st.stm32cube.ide.mcu.externaltools.gnu-tools-for-stm32.13.3.rel1.win32_1.0.0.202411081344\tools\bin/../lib/gcc/arm-none-eabi/13.3.1/../../../../arm-none-eabi/include/stdio.h:527:90: error: expected declaration specifiers or '...' before '__gnuc_va_list'
  527 | int     _vsnprintf_r (struct _reent *, char *__restrict, size_t, const char *__restrict, __VALIST)
      |                                                                                          ^~~~~~~~
C:\ST\STM32CubeIDE_1.19.0\STM32CubeIDE\plugins\com.st.stm32cube.ide.mcu.externaltools.gnu-tools-for-stm32.13.3.rel1.win32_1.0.0.202411081344\tools\bin/../lib/gcc/arm-none-eabi/13.3.1/../../../../arm-none-eabi/include/stdio.h:448:45: error: expected declaration specifiers or '...' before '_off_t'
  448 | int     _fseeko_r (struct _reent *, FILE *, _off_t, int);
      |                                             ^~~~~~
C:\ST\STM32CubeIDE_1.19.0\STM32CubeIDE\plugins\com.st.stm32cube.ide.mcu.externaltools.gnu-tools-for-stm32.13.3.rel1.win32_1.0.0.202411081344\tools\bin/../lib/gcc/arm-none-eabi/13.3.1/../../../../arm-none-eabi/include/stdio.h:449:36: error: unknown type name 'FILE'
  449 | long    _ftell_r (struct _reent *, FILE *);
      |                                    ^~~~
C:\ST\STM32CubeIDE_1.19.0\STM32CubeIDE\plugins\com.st.stm32cube.ide.mcu.externaltools.gnu-tools-for-stm32.13.3.rel1.win32_1.0.0.202411081344\tools\bin/../lib/gcc/arm-none-eabi/13.3.1/../../../../arm-none-eabi/include/stdio.h:529:81: error: expected declaration specifiers or '...' before '__gnuc_va_list'
  529 | int     _vsprintf_r (struct _reent *, char *__restrict, const char *__restrict, __VALIST)
      |                                                                                 ^~~~~~~~
C:\ST\STM32CubeIDE_1.19.0\STM32CubeIDE\plugins\com.st.stm32cube.ide.mcu.externaltools.gnu-tools-for-stm32.13.3.rel1.win32_1.0.0.202411081344\tools\bin/../lib/gcc/arm-none-eabi/13.3.1/../../../../arm-none-eabi/include/stdio.h:449:36: note: 'FILE' is defined in header '<stdio.h>'; did you forget to '#include <stdio.h>'?
C:\ST\STM32CubeIDE_1.19.0\STM32CubeIDE\plugins\com.st.stm32cube.ide.mcu.externaltools.gnu-tools-for-stm32.13.3.rel1.win32_1.0.0.202411081344\tools\bin/../lib/gcc/arm-none-eabi/13.3.1/../../../../arm-none-eabi/include/stdio.h:450:1: error: expected declaration specifiers before '_off_t'
  450 | _off_t  _ftello_r (struct _reent *, FILE *);
      | ^~~~~~
C:\ST\STM32CubeIDE_1.19.0\STM32CubeIDE\plugins\com.st.stm32cube.ide.mcu.externaltools.gnu-tools-for-stm32.13.3.rel1.win32_1.0.0.202411081344\tools\bin/../lib/gcc/arm-none-eabi/13.3.1/../../../../arm-none-eabi/include/stdio.h:531:86: error: expected declaration specifiers or '...' before '__gnuc_va_list'
  531 | int     _vsscanf_r (struct _reent *, const char *__restrict, const char *__restrict, __VALIST)
      |                                                                                      ^~~~~~~~
C:\ST\STM32CubeIDE_1.19.0\STM32CubeIDE\plugins\com.st.stm32cube.ide.mcu.externaltools.gnu-tools-for-stm32.13.3.rel1.win32_1.0.0.202411081344\tools\bin/../lib/gcc/arm-none-eabi/13.3.1/../../../../arm-none-eabi/include/stdio.h:451:37: error: unknown type name 'FILE'
  451 | void    _rewind_r (struct _reent *, FILE *);
      |                                     ^~~~
C:\ST\STM32CubeIDE_1.19.0\STM32CubeIDE\plugins\com.st.stm32cube.ide.mcu.externaltools.gnu-tools-for-stm32.13.3.rel1.win32_1.0.0.202411081344\tools\bin/../lib/gcc/arm-none-eabi/13.3.1/../../../../arm-none-eabi/include/stdio.h:451:37: note: 'FILE' is defined in header '<stdio.h>'; did you forget to '#include <stdio.h>'?
C:\ST\STM32CubeIDE_1.19.0\STM32CubeIDE\plugins\com.st.stm32cube.ide.mcu.externaltools.gnu-tools-for-stm32.13.3.rel1.win32_1.0.0.202411081344\tools\bin/../lib/gcc/arm-none-eabi/13.3.1/../../../../arm-none-eabi/include/stdio.h:536:17: error: unknown type name 'FILE'
  536 | int     fpurge (FILE *);
      |                 ^~~~
C:\ST\STM32CubeIDE_1.19.0\STM32CubeIDE\plugins\com.st.stm32cube.ide.mcu.externaltools.gnu-tools-for-stm32.13.3.rel1.win32_1.0.0.202411081344\tools\bin/../lib/gcc/arm-none-eabi/13.3.1/../../../../arm-none-eabi/include/stdio.h:536:17: note: 'FILE' is defined in header '<stdio.h>'; did you forget to '#include <stdio.h>'?
C:\ST\STM32CubeIDE_1.19.0\STM32CubeIDE\plugins\com.st.stm32cube.ide.mcu.externaltools.gnu-tools-for-stm32.13.3.rel1.win32_1.0.0.202411081344\tools\bin/../lib/gcc/arm-none-eabi/13.3.1/../../../../arm-none-eabi/include/stdio.h:452:86: error: unknown type name 'FILE'
  452 | size_t  _fwrite_r (struct _reent *, const void *__restrict, size_t _size, size_t _n, FILE *__restrict);
      |                                                                                      ^~~~
C:\ST\STM32CubeIDE_1.19.0\STM32CubeIDE\plugins\com.st.stm32cube.ide.mcu.externaltools.gnu-tools-for-stm32.13.3.rel1.win32_1.0.0.202411081344\tools\bin/../lib/gcc/arm-none-eabi/13.3.1/../../../../arm-none-eabi/include/stdio.h:452:86: note: 'FILE' is defined in header '<stdio.h>'; did you forget to '#include <stdio.h>'?
C:\ST\STM32CubeIDE_1.19.0\STM32CubeIDE\plugins\com.st.stm32cube.ide.mcu.externaltools.gnu-tools-for-stm32.13.3.rel1.win32_1.0.0.202411081344\tools\bin/../lib/gcc/arm-none-eabi/13.3.1/../../../../arm-none-eabi/include/stdio.h:453:95: error: unknown type name 'FILE'
  453 | size_t  _fwrite_unlocked_r (struct _reent *, const void *__restrict, size_t _size, size_t _n, FILE *__restrict);
      |                                                                                               ^~~~
C:\ST\STM32CubeIDE_1.19.0\STM32CubeIDE\plugins\com.st.stm32cube.ide.mcu.externaltools.gnu-tools-for-stm32.13.3.rel1.win32_1.0.0.202411081344\tools\bin/../lib/gcc/arm-none-eabi/13.3.1/../../../../arm-none-eabi/include/stdio.h:453:95: note: 'FILE' is defined in header '<stdio.h>'; did you forget to '#include <stdio.h>'?
C:\ST\STM32CubeIDE_1.19.0\STM32CubeIDE\plugins\com.st.stm32cube.ide.mcu.externaltools.gnu-tools-for-stm32.13.3.rel1.win32_1.0.0.202411081344\tools\bin/../lib/gcc/arm-none-eabi/13.3.1/../../../../arm-none-eabi/include/stdio.h:454:35: error: unknown type name 'FILE'
  454 | int     _getc_r (struct _reent *, FILE *);
      |                                   ^~~~
C:\ST\STM32CubeIDE_1.19.0\STM32CubeIDE\plugins\com.st.stm32cube.ide.mcu.externaltools.gnu-tools-for-stm32.13.3.rel1.win32_1.0.0.202411081344\tools\bin/../lib/gcc/arm-none-eabi/13.3.1/../../../../arm-none-eabi/include/stdio.h:454:35: note: 'FILE' is defined in header '<stdio.h>'; did you forget to '#include <stdio.h>'?
C:\ST\STM32CubeIDE_1.19.0\STM32CubeIDE\plugins\com.st.stm32cube.ide.mcu.externaltools.gnu-tools-for-stm32.13.3.rel1.win32_1.0.0.202411081344\tools\bin/../lib/gcc/arm-none-eabi/13.3.1/../../../../arm-none-eabi/include/stdio.h:537:1: error: unknown type name 'ssize_t'; did you mean 'size_t'?
  537 | ssize_t __getdelim (char **, size_t *, int, FILE *);
      | ^~~~~~~
      | size_t
C:\ST\STM32CubeIDE_1.19.0\STM32CubeIDE\plugins\com.st.stm32cube.ide.mcu.externaltools.gnu-tools-for-stm32.13.3.rel1.win32_1.0.0.202411081344\tools\bin/../lib/gcc/arm-none-eabi/13.3.1/../../../../arm-none-eabi/include/stdio.h:455:44: error: unknown type name 'FILE'
  455 | int     _getc_unlocked_r (struct _reent *, FILE *);
      |                                            ^~~~
C:\ST\STM32CubeIDE_1.19.0\STM32CubeIDE\plugins\com.st.stm32cube.ide.mcu.externaltools.gnu-tools-for-stm32.13.3.rel1.win32_1.0.0.202411081344\tools\bin/../lib/gcc/arm-none-eabi/13.3.1/../../../../arm-none-eabi/include/stdio.h:537:45: error: unknown type name 'FILE'
  537 | ssize_t __getdelim (char **, size_t *, int, FILE *);
      |                                             ^~~~
C:\ST\STM32CubeIDE_1.19.0\STM32CubeIDE\plugins\com.st.stm32cube.ide.mcu.externaltools.gnu-tools-for-stm32.13.3.rel1.win32_1.0.0.202411081344\tools\bin/../lib/gcc/arm-none-eabi/13.3.1/../../../../arm-none-eabi/include/stdio.h:455:44: note: 'FILE' is defined in header '<stdio.h>'; did you forget to '#include <stdio.h>'?
C:\ST\STM32CubeIDE_1.19.0\STM32CubeIDE\plugins\com.st.stm32cube.ide.mcu.externaltools.gnu-tools-for-stm32.13.3.rel1.win32_1.0.0.202411081344\tools\bin/../lib/gcc/arm-none-eabi/13.3.1/../../../../arm-none-eabi/include/stdio.h:537:45: note: 'FILE' is defined in header '<stdio.h>'; did you forget to '#include <stdio.h>'?
C:\ST\STM32CubeIDE_1.19.0\STM32CubeIDE\plugins\com.st.stm32cube.ide.mcu.externaltools.gnu-tools-for-stm32.13.3.rel1.win32_1.0.0.202411081344\tools\bin/../lib/gcc/arm-none-eabi/13.3.1/../../../../arm-none-eabi/include/stdio.h:463:1: error: unknown type name 'FILE'
  463 | FILE *  _open_memstream_r (struct _reent *, char **, size_t *);
      | ^~~~
C:\ST\STM32CubeIDE_1.19.0\STM32CubeIDE\plugins\com.st.stm32cube.ide.mcu.externaltools.gnu-tools-for-stm32.13.3.rel1.win32_1.0.0.202411081344\tools\bin/../lib/gcc/arm-none-eabi/13.3.1/../../../../arm-none-eabi/include/stdio.h:463:1: note: 'FILE' is defined in header '<stdio.h>'; did you forget to '#include <stdio.h>'?
C:\ST\STM32CubeIDE_1.19.0\STM32CubeIDE\plugins\com.st.stm32cube.ide.mcu.externaltools.gnu-tools-for-stm32.13.3.rel1.win32_1.0.0.202411081344\tools\bin/../lib/gcc/arm-none-eabi/13.3.1/../../../../arm-none-eabi/include/stdio.h:467:40: error: unknown type name 'FILE'
  467 | int     _putc_r (struct _reent *, int, FILE *);
      |                                        ^~~~
C:\ST\STM32CubeIDE_1.19.0\STM32CubeIDE\plugins\com.st.stm32cube.ide.mcu.externaltools.gnu-tools-for-stm32.13.3.rel1.win32_1.0.0.202411081344\tools\bin/../lib/gcc/arm-none-eabi/13.3.1/../../../../arm-none-eabi/include/stdio.h:467:40: note: 'FILE' is defined in header '<stdio.h>'; did you forget to '#include <stdio.h>'?
C:\ST\STM32CubeIDE_1.19.0\STM32CubeIDE\plugins\com.st.stm32cube.ide.mcu.externaltools.gnu-tools-for-stm32.13.3.rel1.win32_1.0.0.202411081344\tools\bin/../lib/gcc/arm-none-eabi/13.3.1/../../../../arm-none-eabi/include/stdio.h:538:1: error: unknown type name 'ssize_t'; did you mean 'size_t'?
  538 | ssize_t __getline (char **, size_t *, FILE *);
      | ^~~~~~~
      | size_t
C:\ST\STM32CubeIDE_1.19.0\STM32CubeIDE\plugins\com.st.stm32cube.ide.mcu.externaltools.gnu-tools-for-stm32.13.3.rel1.win32_1.0.0.202411081344\tools\bin/../lib/gcc/arm-none-eabi/13.3.1/../../../../arm-none-eabi/include/stdio.h:468:49: error: unknown type name 'FILE'
  468 | int     _putc_unlocked_r (struct _reent *, int, FILE *);
      |                                                 ^~~~
C:\ST\STM32CubeIDE_1.19.0\STM32CubeIDE\plugins\com.st.stm32cube.ide.mcu.externaltools.gnu-tools-for-stm32.13.3.rel1.win32_1.0.0.202411081344\tools\bin/../lib/gcc/arm-none-eabi/13.3.1/../../../../arm-none-eabi/include/stdio.h:468:49: note: 'FILE' is defined in header '<stdio.h>'; did you forget to '#include <stdio.h>'?
C:\ST\STM32CubeIDE_1.19.0\STM32CubeIDE\plugins\com.st.stm32cube.ide.mcu.externaltools.gnu-tools-for-stm32.13.3.rel1.win32_1.0.0.202411081344\tools\bin/../lib/gcc/arm-none-eabi/13.3.1/../../../../arm-none-eabi/include/stdio.h:538:39: error: unknown type name 'FILE'
  538 | ssize_t __getline (char **, size_t *, FILE *);
      |                                       ^~~~
C:\ST\STM32CubeIDE_1.19.0\STM32CubeIDE\plugins\com.st.stm32cube.ide.mcu.externaltools.gnu-tools-for-stm32.13.3.rel1.win32_1.0.0.202411081344\tools\bin/../lib/gcc/arm-none-eabi/13.3.1/../../../../arm-none-eabi/include/stdio.h:538:39: note: 'FILE' is defined in header '<stdio.h>'; did you forget to '#include <stdio.h>'?
C:\ST\STM32CubeIDE_1.19.0\STM32CubeIDE\plugins\com.st.stm32cube.ide.mcu.externaltools.gnu-tools-for-stm32.13.3.rel1.win32_1.0.0.202411081344\tools\bin/../lib/gcc/arm-none-eabi/13.3.1/../../../../arm-none-eabi/include/stdio.h:490:1: error: unknown type name 'FILE'
  490 | FILE *  _tmpfile_r (struct _reent *);
      | ^~~~
C:\ST\STM32CubeIDE_1.19.0\STM32CubeIDE\plugins\com.st.stm32cube.ide.mcu.externaltools.gnu-tools-for-stm32.13.3.rel1.win32_1.0.0.202411081344\tools\bin/../lib/gcc/arm-none-eabi/13.3.1/../../../../arm-none-eabi/include/stdio.h:490:1: note: 'FILE' is defined in header '<stdio.h>'; did you forget to '#include <stdio.h>'?
C:\ST\STM32CubeIDE_1.19.0\STM32CubeIDE\plugins\com.st.stm32cube.ide.mcu.externaltools.gnu-tools-for-stm32.13.3.rel1.win32_1.0.0.202411081344\tools\bin/../lib/gcc/arm-none-eabi/13.3.1/../../../../arm-none-eabi/include/stdio.h:541:28: error: unknown type name 'FILE'
  541 | void    clearerr_unlocked (FILE *);
      |                            ^~~~
C:\ST\STM32CubeIDE_1.19.0\STM32CubeIDE\plugins\com.st.stm32cube.ide.mcu.externaltools.gnu-tools-for-stm32.13.3.rel1.win32_1.0.0.202411081344\tools\bin/../lib/gcc/arm-none-eabi/13.3.1/../../../../arm-none-eabi/include/stdio.h:541:28: note: 'FILE' is defined in header '<stdio.h>'; did you forget to '#include <stdio.h>'?
C:\ST\STM32CubeIDE_1.19.0\STM32CubeIDE\plugins\com.st.stm32cube.ide.mcu.externaltools.gnu-tools-for-stm32.13.3.rel1.win32_1.0.0.202411081344\tools\bin/../lib/gcc/arm-none-eabi/13.3.1/../../../../arm-none-eabi/include/stdio.h:492:42: error: unknown type name 'FILE'
  492 | int     _ungetc_r (struct _reent *, int, FILE *);
      |                                          ^~~~
C:\ST\STM32CubeIDE_1.19.0\STM32CubeIDE\plugins\com.st.stm32cube.ide.mcu.externaltools.gnu-tools-for-stm32.13.3.rel1.win32_1.0.0.202411081344\tools\bin/../lib/gcc/arm-none-eabi/13.3.1/../../../../arm-none-eabi/include/stdio.h:492:42: note: 'FILE' is defined in header '<stdio.h>'; did you forget to '#include <stdio.h>'?
C:\ST\STM32CubeIDE_1.19.0\STM32CubeIDE\plugins\com.st.stm32cube.ide.mcu.externaltools.gnu-tools-for-stm32.13.3.rel1.win32_1.0.0.202411081344\tools\bin/../lib/gcc/arm-none-eabi/13.3.1/../../../../arm-none-eabi/include/stdio.h:542:24: error: unknown type name 'FILE'
  542 | int     feof_unlocked (FILE *);
      |                        ^~~~
C:\ST\STM32CubeIDE_1.19.0\STM32CubeIDE\plugins\com.st.stm32cube.ide.mcu.externaltools.gnu-tools-for-stm32.13.3.rel1.win32_1.0.0.202411081344\tools\bin/../lib/gcc/arm-none-eabi/13.3.1/../../../../arm-none-eabi/include/stdio.h:542:24: note: 'FILE' is defined in header '<stdio.h>'; did you forget to '#include <stdio.h>'?
C:\ST\STM32CubeIDE_1.19.0\STM32CubeIDE\plugins\com.st.stm32cube.ide.mcu.externaltools.gnu-tools-for-stm32.13.3.rel1.win32_1.0.0.202411081344\tools\bin/../lib/gcc/arm-none-eabi/13.3.1/../../../../arm-none-eabi/include/stdio.h:493:64: error: expected declaration specifiers or '...' before '__gnuc_va_list'
  493 | int     _vasiprintf_r (struct _reent *, char **, const char *, __VALIST)
      |                                                                ^~~~~~~~
C:\ST\STM32CubeIDE_1.19.0\STM32CubeIDE\plugins\com.st.stm32cube.ide.mcu.externaltools.gnu-tools-for-stm32.13.3.rel1.win32_1.0.0.202411081344\tools\bin/../lib/gcc/arm-none-eabi/13.3.1/../../../../arm-none-eabi/include/stdio.h:543:26: error: unknown type name 'FILE'
  543 | int     ferror_unlocked (FILE *);
      |                          ^~~~
C:\ST\STM32CubeIDE_1.19.0\STM32CubeIDE\plugins\com.st.stm32cube.ide.mcu.externaltools.gnu-tools-for-stm32.13.3.rel1.win32_1.0.0.202411081344\tools\bin/../lib/gcc/arm-none-eabi/13.3.1/../../../../arm-none-eabi/include/stdio.h:495:73: error: expected declaration specifiers or '...' before '__gnuc_va_list'
  495 | char *  _vasniprintf_r (struct _reent*, char *, size_t *, const char *, __VALIST)
      |                                                                         ^~~~~~~~
C:\ST\STM32CubeIDE_1.19.0\STM32CubeIDE\plugins\com.st.stm32cube.ide.mcu.externaltools.gnu-tools-for-stm32.13.3.rel1.win32_1.0.0.202411081344\tools\bin/../lib/gcc/arm-none-eabi/13.3.1/../../../../arm-none-eabi/include/stdio.h:543:26: note: 'FILE' is defined in header '<stdio.h>'; did you forget to '#include <stdio.h>'?
C:\ST\STM32CubeIDE_1.19.0\STM32CubeIDE\plugins\com.st.stm32cube.ide.mcu.externaltools.gnu-tools-for-stm32.13.3.rel1.win32_1.0.0.202411081344\tools\bin/../lib/gcc/arm-none-eabi/13.3.1/../../../../arm-none-eabi/include/stdio.h:497:72: error: expected declaration specifiers or '...' before '__gnuc_va_list'
  497 | char *  _vasnprintf_r (struct _reent*, char *, size_t *, const char *, __VALIST)
      |                                                                        ^~~~~~~~
C:\ST\STM32CubeIDE_1.19.0\STM32CubeIDE\plugins\com.st.stm32cube.ide.mcu.externaltools.gnu-tools-for-stm32.13.3.rel1.win32_1.0.0.202411081344\tools\bin/../lib/gcc/arm-none-eabi/13.3.1/../../../../arm-none-eabi/include/stdio.h:544:26: error: unknown type name 'FILE'
  544 | int     fileno_unlocked (FILE *);
      |                          ^~~~
C:\ST\STM32CubeIDE_1.19.0\STM32CubeIDE\plugins\com.st.stm32cube.ide.mcu.externaltools.gnu-tools-for-stm32.13.3.rel1.win32_1.0.0.202411081344\tools\bin/../lib/gcc/arm-none-eabi/13.3.1/../../../../arm-none-eabi/include/stdio.h:499:63: error: expected declaration specifiers or '...' before '__gnuc_va_list'
  499 | int     _vasprintf_r (struct _reent *, char **, const char *, __VALIST)
      |                                                               ^~~~~~~~
C:\ST\STM32CubeIDE_1.19.0\STM32CubeIDE\plugins\com.st.stm32cube.ide.mcu.externaltools.gnu-tools-for-stm32.13.3.rel1.win32_1.0.0.202411081344\tools\bin/../lib/gcc/arm-none-eabi/13.3.1/../../../../arm-none-eabi/include/stdio.h:544:26: note: 'FILE' is defined in header '<stdio.h>'; did you forget to '#include <stdio.h>'?
C:\ST\STM32CubeIDE_1.19.0\STM32CubeIDE\plugins\com.st.stm32cube.ide.mcu.externaltools.gnu-tools-for-stm32.13.3.rel1.win32_1.0.0.202411081344\tools\bin/../lib/gcc/arm-none-eabi/13.3.1/../../../../arm-none-eabi/include/stdio.h:501:59: error: expected declaration specifiers or '...' before '__gnuc_va_list'
  501 | int     _vdiprintf_r (struct _reent *, int, const char *, __VALIST)
      |                                                           ^~~~~~~~
C:\ST\STM32CubeIDE_1.19.0\STM32CubeIDE\plugins\com.st.stm32cube.ide.mcu.externaltools.gnu-tools-for-stm32.13.3.rel1.win32_1.0.0.202411081344\tools\bin/../lib/gcc/arm-none-eabi/13.3.1/../../../../arm-none-eabi/include/stdio.h:545:26: error: unknown type name 'FILE'
  545 | int     fflush_unlocked (FILE *);
      |                          ^~~~
C:\ST\STM32CubeIDE_1.19.0\STM32CubeIDE\plugins\com.st.stm32cube.ide.mcu.externaltools.gnu-tools-for-stm32.13.3.rel1.win32_1.0.0.202411081344\tools\bin/../lib/gcc/arm-none-eabi/13.3.1/../../../../arm-none-eabi/include/stdio.h:545:26: note: 'FILE' is defined in header '<stdio.h>'; did you forget to '#include <stdio.h>'?
C:\ST\STM32CubeIDE_1.19.0\STM32CubeIDE\plugins\com.st.stm32cube.ide.mcu.externaltools.gnu-tools-for-stm32.13.3.rel1.win32_1.0.0.202411081344\tools\bin/../lib/gcc/arm-none-eabi/13.3.1/../../../../arm-none-eabi/include/stdio.h:503:68: error: expected declaration specifiers or '...' before '__gnuc_va_list'
  503 | int     _vdprintf_r (struct _reent *, int, const char *__restrict, __VALIST)
      |                                                                    ^~~~~~~~
C:\ST\STM32CubeIDE_1.19.0\STM32CubeIDE\plugins\com.st.stm32cube.ide.mcu.externaltools.gnu-tools-for-stm32.13.3.rel1.win32_1.0.0.202411081344\tools\bin/../lib/gcc/arm-none-eabi/13.3.1/../../../../arm-none-eabi/include/stdio.h:546:25: error: unknown type name 'FILE'
  546 | int     fgetc_unlocked (FILE *);
      |                         ^~~~
C:\ST\STM32CubeIDE_1.19.0\STM32CubeIDE\plugins\com.st.stm32cube.ide.mcu.externaltools.gnu-tools-for-stm32.13.3.rel1.win32_1.0.0.202411081344\tools\bin/../lib/gcc/arm-none-eabi/13.3.1/../../../../arm-none-eabi/include/stdio.h:546:25: note: 'FILE' is defined in header '<stdio.h>'; did you forget to '#include <stdio.h>'?
C:\ST\STM32CubeIDE_1.19.0\STM32CubeIDE\plugins\com.st.stm32cube.ide.mcu.externaltools.gnu-tools-for-stm32.13.3.rel1.win32_1.0.0.202411081344\tools\bin/../lib/gcc/arm-none-eabi/13.3.1/../../../../arm-none-eabi/include/stdio.h:505:40: error: unknown type name 'FILE'
  505 | int     _vfiprintf_r (struct _reent *, FILE *, const char *, __VALIST)
      |                                        ^~~~
C:\ST\STM32CubeIDE_1.19.0\STM32CubeIDE\plugins\com.st.stm32cube.ide.mcu.externaltools.gnu-tools-for-stm32.13.3.rel1.win32_1.0.0.202411081344\tools\bin/../lib/gcc/arm-none-eabi/13.3.1/../../../../arm-none-eabi/include/stdio.h:505:40: note: 'FILE' is defined in header '<stdio.h>'; did you forget to '#include <stdio.h>'?
C:\ST\STM32CubeIDE_1.19.0\STM32CubeIDE\plugins\com.st.stm32cube.ide.mcu.externaltools.gnu-tools-for-stm32.13.3.rel1.win32_1.0.0.202411081344\tools\bin/../lib/gcc/arm-none-eabi/13.3.1/../../../../arm-none-eabi/include/stdio.h:547:30: error: unknown type name 'FILE'
  547 | int     fputc_unlocked (int, FILE *);
      |                              ^~~~
C:\ST\STM32CubeIDE_1.19.0\STM32CubeIDE\plugins\com.st.stm32cube.ide.mcu.externaltools.gnu-tools-for-stm32.13.3.rel1.win32_1.0.0.202411081344\tools\bin/../lib/gcc/arm-none-eabi/13.3.1/../../../../arm-none-eabi/include/stdio.h:547:30: note: 'FILE' is defined in header '<stdio.h>'; did you forget to '#include <stdio.h>'?
C:\ST\STM32CubeIDE_1.19.0\STM32CubeIDE\plugins\com.st.stm32cube.ide.mcu.externaltools.gnu-tools-for-stm32.13.3.rel1.win32_1.0.0.202411081344\tools\bin/../lib/gcc/arm-none-eabi/13.3.1/../../../../arm-none-eabi/include/stdio.h:505:62: error: expected declaration specifiers or '...' before '__gnuc_va_list'
  505 | int     _vfiprintf_r (struct _reent *, FILE *, const char *, __VALIST)
      |                                                              ^~~~~~~~
C:\ST\STM32CubeIDE_1.19.0\STM32CubeIDE\plugins\com.st.stm32cube.ide.mcu.externaltools.gnu-tools-for-stm32.13.3.rel1.win32_1.0.0.202411081344\tools\bin/../lib/gcc/arm-none-eabi/13.3.1/../../../../arm-none-eabi/include/stdio.h:548:68: error: unknown type name 'FILE'
  548 | size_t  fread_unlocked (void *__restrict, size_t _size, size_t _n, FILE *__restrict);
      |                                                                    ^~~~
C:\ST\STM32CubeIDE_1.19.0\STM32CubeIDE\plugins\com.st.stm32cube.ide.mcu.externaltools.gnu-tools-for-stm32.13.3.rel1.win32_1.0.0.202411081344\tools\bin/../lib/gcc/arm-none-eabi/13.3.1/../../../../arm-none-eabi/include/stdio.h:507:39: error: unknown type name 'FILE'
  507 | int     _vfiscanf_r (struct _reent *, FILE *, const char *, __VALIST)
      |                                       ^~~~
C:\ST\STM32CubeIDE_1.19.0\STM32CubeIDE\plugins\com.st.stm32cube.ide.mcu.externaltools.gnu-tools-for-stm32.13.3.rel1.win32_1.0.0.202411081344\tools\bin/../lib/gcc/arm-none-eabi/13.3.1/../../../../arm-none-eabi/include/stdio.h:548:68: note: 'FILE' is defined in header '<stdio.h>'; did you forget to '#include <stdio.h>'?
C:\ST\STM32CubeIDE_1.19.0\STM32CubeIDE\plugins\com.st.stm32cube.ide.mcu.externaltools.gnu-tools-for-stm32.13.3.rel1.win32_1.0.0.202411081344\tools\bin/../lib/gcc/arm-none-eabi/13.3.1/../../../../arm-none-eabi/include/stdio.h:507:39: note: 'FILE' is defined in header '<stdio.h>'; did you forget to '#include <stdio.h>'?
C:\ST\STM32CubeIDE_1.19.0\STM32CubeIDE\plugins\com.st.stm32cube.ide.mcu.externaltools.gnu-tools-for-stm32.13.3.rel1.win32_1.0.0.202411081344\tools\bin/../lib/gcc/arm-none-eabi/13.3.1/../../../../arm-none-eabi/include/stdio.h:507:61: error: expected declaration specifiers or '...' before '__gnuc_va_list'
  507 | int     _vfiscanf_r (struct _reent *, FILE *, const char *, __VALIST)
      |                                                             ^~~~~~~~
C:\ST\STM32CubeIDE_1.19.0\STM32CubeIDE\plugins\com.st.stm32cube.ide.mcu.externaltools.gnu-tools-for-stm32.13.3.rel1.win32_1.0.0.202411081344\tools\bin/../lib/gcc/arm-none-eabi/13.3.1/../../../../arm-none-eabi/include/stdio.h:549:76: error: unknown type name 'FILE'
  549 | size_t  fwrite_unlocked (const void *__restrict , size_t _size, size_t _n, FILE *);
      |                                                                            ^~~~
C:\ST\STM32CubeIDE_1.19.0\STM32CubeIDE\plugins\com.st.stm32cube.ide.mcu.externaltools.gnu-tools-for-stm32.13.3.rel1.win32_1.0.0.202411081344\tools\bin/../lib/gcc/arm-none-eabi/13.3.1/../../../../arm-none-eabi/include/stdio.h:549:76: note: 'FILE' is defined in header '<stdio.h>'; did you forget to '#include <stdio.h>'?
C:\ST\STM32CubeIDE_1.19.0\STM32CubeIDE\plugins\com.st.stm32cube.ide.mcu.externaltools.gnu-tools-for-stm32.13.3.rel1.win32_1.0.0.202411081344\tools\bin/../lib/gcc/arm-none-eabi/13.3.1/../../../../arm-none-eabi/include/stdio.h:509:39: error: unknown type name 'FILE'
  509 | int     _vfprintf_r (struct _reent *, FILE *__restrict, const char *__restrict, __VALIST)
      |                                       ^~~~
C:\ST\STM32CubeIDE_1.19.0\STM32CubeIDE\plugins\com.st.stm32cube.ide.mcu.externaltools.gnu-tools-for-stm32.13.3.rel1.win32_1.0.0.202411081344\tools\bin/../lib/gcc/arm-none-eabi/13.3.1/../../../../arm-none-eabi/include/stdio.h:509:39: note: 'FILE' is defined in header '<stdio.h>'; did you forget to '#include <stdio.h>'?
C:\ST\STM32CubeIDE_1.19.0\STM32CubeIDE\plugins\com.st.stm32cube.ide.mcu.externaltools.gnu-tools-for-stm32.13.3.rel1.win32_1.0.0.202411081344\tools\bin/../lib/gcc/arm-none-eabi/13.3.1/../../../../arm-none-eabi/include/stdio.h:583:37: error: unknown type name 'FILE'
  583 | int     __srget_r (struct _reent *, FILE *);
      |                                     ^~~~
C:\ST\STM32CubeIDE_1.19.0\STM32CubeIDE\plugins\com.st.stm32cube.ide.mcu.externaltools.gnu-tools-for-stm32.13.3.rel1.win32_1.0.0.202411081344\tools\bin/../lib/gcc/arm-none-eabi/13.3.1/../../../../arm-none-eabi/include/stdio.h:583:37: note: 'FILE' is defined in header '<stdio.h>'; did you forget to '#include <stdio.h>'?
C:\ST\STM32CubeIDE_1.19.0\STM32CubeIDE\plugins\com.st.stm32cube.ide.mcu.externaltools.gnu-tools-for-stm32.13.3.rel1.win32_1.0.0.202411081344\tools\bin/../lib/gcc/arm-none-eabi/13.3.1/../../../../arm-none-eabi/include/stdio.h:509:81: error: expected declaration specifiers or '...' before '__gnuc_va_list'
  509 | int     _vfprintf_r (struct _reent *, FILE *__restrict, const char *__restrict, __VALIST)
      |                                                                                 ^~~~~~~~
C:\ST\STM32CubeIDE_1.19.0\STM32CubeIDE\plugins\com.st.stm32cube.ide.mcu.externaltools.gnu-tools-for-stm32.13.3.rel1.win32_1.0.0.202411081344\tools\bin/../lib/gcc/arm-none-eabi/13.3.1/../../../../arm-none-eabi/include/stdio.h:584:42: error: unknown type name 'FILE'
  584 | int     __swbuf_r (struct _reent *, int, FILE *);
      |                                          ^~~~
C:\ST\STM32CubeIDE_1.19.0\STM32CubeIDE\plugins\com.st.stm32cube.ide.mcu.externaltools.gnu-tools-for-stm32.13.3.rel1.win32_1.0.0.202411081344\tools\bin/../lib/gcc/arm-none-eabi/13.3.1/../../../../arm-none-eabi/include/stdio.h:511:38: error: unknown type name 'FILE'
  511 | int     _vfscanf_r (struct _reent *, FILE *__restrict, const char *__restrict, __VALIST)
      |                                      ^~~~
C:\ST\STM32CubeIDE_1.19.0\STM32CubeIDE\plugins\com.st.stm32cube.ide.mcu.externaltools.gnu-tools-for-stm32.13.3.rel1.win32_1.0.0.202411081344\tools\bin/../lib/gcc/arm-none-eabi/13.3.1/../../../../arm-none-eabi/include/stdio.h:584:42: note: 'FILE' is defined in header '<stdio.h>'; did you forget to '#include <stdio.h>'?
C:\ST\STM32CubeIDE_1.19.0\STM32CubeIDE\plugins\com.st.stm32cube.ide.mcu.externaltools.gnu-tools-for-stm32.13.3.rel1.win32_1.0.0.202411081344\tools\bin/../lib/gcc/arm-none-eabi/13.3.1/../../../../arm-none-eabi/include/stdio.h:607:1: error: unknown type name 'FILE'
  607 | FILE    *funopen (const void *__cookie,
      | ^~~~
C:\ST\STM32CubeIDE_1.19.0\STM32CubeIDE\plugins\com.st.stm32cube.ide.mcu.externaltools.gnu-tools-for-stm32.13.3.rel1.win32_1.0.0.202411081344\tools\bin/../lib/gcc/arm-none-eabi/13.3.1/../../../../arm-none-eabi/include/stdio.h:607:1: note: 'FILE' is defined in header '<stdio.h>'; did you forget to '#include <stdio.h>'?
C:\ST\STM32CubeIDE_1.19.0\STM32CubeIDE\plugins\com.st.stm32cube.ide.mcu.externaltools.gnu-tools-for-stm32.13.3.rel1.win32_1.0.0.202411081344\tools\bin/../lib/gcc/arm-none-eabi/13.3.1/../../../../arm-none-eabi/include/stdio.h:511:38: note: 'FILE' is defined in header '<stdio.h>'; did you forget to '#include <stdio.h>'?
C:\ST\STM32CubeIDE_1.19.0\STM32CubeIDE\plugins\com.st.stm32cube.ide.mcu.externaltools.gnu-tools-for-stm32.13.3.rel1.win32_1.0.0.202411081344\tools\bin/../lib/gcc/arm-none-eabi/13.3.1/../../../../arm-none-eabi/include/stdio.h:612:17: error: unknown type name 'fpos_t'
  612 |                 fpos_t (*__seekfn)(void *__cookie, fpos_t __off, int __whence),
      |                 ^~~~~~
C:\ST\STM32CubeIDE_1.19.0\STM32CubeIDE\plugins\com.st.stm32cube.ide.mcu.externaltools.gnu-tools-for-stm32.13.3.rel1.win32_1.0.0.202411081344\tools\bin/../lib/gcc/arm-none-eabi/13.3.1/../../../../arm-none-eabi/include/stdio.h:511:80: error: expected declaration specifiers or '...' before '__gnuc_va_list'
  511 | int     _vfscanf_r (struct _reent *, FILE *__restrict, const char *__restrict, __VALIST)
      |                                                                                ^~~~~~~~
C:\ST\STM32CubeIDE_1.19.0\STM32CubeIDE\plugins\com.st.stm32cube.ide.mcu.externaltools.gnu-tools-for-stm32.13.3.rel1.win32_1.0.0.202411081344\tools\bin/../lib/gcc/arm-none-eabi/13.3.1/../../../../arm-none-eabi/include/stdio.h:612:17: note: 'fpos_t' is defined in header '<stdio.h>'; did you forget to '#include <stdio.h>'?
C:\ST\STM32CubeIDE_1.19.0\STM32CubeIDE\plugins\com.st.stm32cube.ide.mcu.externaltools.gnu-tools-for-stm32.13.3.rel1.win32_1.0.0.202411081344\tools\bin/../lib/gcc/arm-none-eabi/13.3.1/../../../../arm-none-eabi/include/stdio.h:513:53: error: expected declaration specifiers or '...' before '__gnuc_va_list'
  513 | int     _viprintf_r (struct _reent *, const char *, __VALIST)
      |                                                     ^~~~~~~~
C:\ST\STM32CubeIDE_1.19.0\STM32CubeIDE\plugins\com.st.stm32cube.ide.mcu.externaltools.gnu-tools-for-stm32.13.3.rel1.win32_1.0.0.202411081344\tools\bin/../lib/gcc/arm-none-eabi/13.3.1/../../../../arm-none-eabi/include/stdio.h:614:1: error: unknown type name 'FILE'
  614 | FILE    *_funopen_r (struct _reent *, const void *__cookie,
      | ^~~~
C:\ST\STM32CubeIDE_1.19.0\STM32CubeIDE\plugins\com.st.stm32cube.ide.mcu.externaltools.gnu-tools-for-stm32.13.3.rel1.win32_1.0.0.202411081344\tools\bin/../lib/gcc/arm-none-eabi/13.3.1/../../../../arm-none-eabi/include/stdio.h:515:52: error: expected declaration specifiers or '...' before '__gnuc_va_list'
  515 | int     _viscanf_r (struct _reent *, const char *, __VALIST)
      |                                                    ^~~~~~~~
C:\ST\STM32CubeIDE_1.19.0\STM32CubeIDE\plugins\com.st.stm32cube.ide.mcu.externaltools.gnu-tools-for-stm32.13.3.rel1.win32_1.0.0.202411081344\tools\bin/../lib/gcc/arm-none-eabi/13.3.1/../../../../arm-none-eabi/include/stdio.h:614:1: note: 'FILE' is defined in header '<stdio.h>'; did you forget to '#include <stdio.h>'?
C:\ST\STM32CubeIDE_1.19.0\STM32CubeIDE\plugins\com.st.stm32cube.ide.mcu.externaltools.gnu-tools-for-stm32.13.3.rel1.win32_1.0.0.202411081344\tools\bin/../lib/gcc/arm-none-eabi/13.3.1/../../../../arm-none-eabi/include/stdio.h:517:62: error: expected declaration specifiers or '...' before '__gnuc_va_list'
  517 | int     _vprintf_r (struct _reent *, const char *__restrict, __VALIST)
      |                                                              ^~~~~~~~
C:\ST\STM32CubeIDE_1.19.0\STM32CubeIDE\plugins\com.st.stm32cube.ide.mcu.externaltools.gnu-tools-for-stm32.13.3.rel1.win32_1.0.0.202411081344\tools\bin/../lib/gcc/arm-none-eabi/13.3.1/../../../../arm-none-eabi/include/stdio.h:519:61: error: expected declaration specifiers or '...' before '__gnuc_va_list'
  519 | int     _vscanf_r (struct _reent *, const char *__restrict, __VALIST)
      |                                                             ^~~~~~~~
C:\ST\STM32CubeIDE_1.19.0\STM32CubeIDE\plugins\com.st.stm32cube.ide.mcu.externaltools.gnu-tools-for-stm32.13.3.rel1.win32_1.0.0.202411081344\tools\bin/../lib/gcc/arm-none-eabi/13.3.1/../../../../arm-none-eabi/include/stdio.h:619:17: error: unknown type name 'fpos_t'
  619 |                 fpos_t (*__seekfn)(void *__cookie, fpos_t __off, int __whence),
      |                 ^~~~~~
C:\ST\STM32CubeIDE_1.19.0\STM32CubeIDE\plugins\com.st.stm32cube.ide.mcu.externaltools.gnu-tools-for-stm32.13.3.rel1.win32_1.0.0.202411081344\tools\bin/../lib/gcc/arm-none-eabi/13.3.1/../../../../arm-none-eabi/include/stdio.h:619:17: note: 'fpos_t' is defined in header '<stdio.h>'; did you forget to '#include <stdio.h>'?
C:\ST\STM32CubeIDE_1.19.0\STM32CubeIDE\plugins\com.st.stm32cube.ide.mcu.externaltools.gnu-tools-for-stm32.13.3.rel1.win32_1.0.0.202411081344\tools\bin/../lib/gcc/arm-none-eabi/13.3.1/../../../../arm-none-eabi/include/stdio.h:521:62: error: expected declaration specifiers or '...' before '__gnuc_va_list'
  521 | int     _vsiprintf_r (struct _reent *, char *, const char *, __VALIST)
      |                                                              ^~~~~~~~
C:\ST\STM32CubeIDE_1.19.0\STM32CubeIDE\plugins\com.st.stm32cube.ide.mcu.externaltools.gnu-tools-for-stm32.13.3.rel1.win32_1.0.0.202411081344\tools\bin/../lib/gcc/arm-none-eabi/13.3.1/../../../../arm-none-eabi/include/stdio.h:523:67: error: expected declaration specifiers or '...' before '__gnuc_va_list'
  523 | int     _vsiscanf_r (struct _reent *, const char *, const char *, __VALIST)
      |                                                                   ^~~~~~~~
C:\ST\STM32CubeIDE_1.19.0\STM32CubeIDE\plugins\com.st.stm32cube.ide.mcu.externaltools.gnu-tools-for-stm32.13.3.rel1.win32_1.0.0.202411081344\tools\bin/../lib/gcc/arm-none-eabi/13.3.1/../../../../arm-none-eabi/include/stdio.h:691:61: error: unknown type name 'FILE'
  691 | _ELIDABLE_INLINE int __sputc_r(struct _reent *_ptr, int _c, FILE *_p) {
      |                                                             ^~~~
C:\ST\STM32CubeIDE_1.19.0\STM32CubeIDE\plugins\com.st.stm32cube.ide.mcu.externaltools.gnu-tools-for-stm32.13.3.rel1.win32_1.0.0.202411081344\tools\bin/../lib/gcc/arm-none-eabi/13.3.1/../../../../arm-none-eabi/include/stdio.h:691:61: note: 'FILE' is defined in header '<stdio.h>'; did you forget to '#include <stdio.h>'?
C:\ST\STM32CubeIDE_1.19.0\STM32CubeIDE\plugins\com.st.stm32cube.ide.mcu.externaltools.gnu-tools-for-stm32.13.3.rel1.win32_1.0.0.202411081344\tools\bin/../lib/gcc/arm-none-eabi/13.3.1/../../../../arm-none-eabi/include/stdio.h:525:71: error: expected declaration specifiers or '...' before '__gnuc_va_list'
  525 | int     _vsniprintf_r (struct _reent *, char *, size_t, const char *, __VALIST)
      |                                                                       ^~~~~~~~
C:\ST\STM32CubeIDE_1.19.0\STM32CubeIDE\plugins\com.st.stm32cube.ide.mcu.externaltools.gnu-tools-for-stm32.13.3.rel1.win32_1.0.0.202411081344\tools\bin/../lib/gcc/arm-none-eabi/13.3.1/../../../../arm-none-eabi/include/stdio.h:747:1: error: expected '=', ',', ';', 'asm' or '__attribute__' before '{' token
  747 | {
      | ^
C:\ST\STM32CubeIDE_1.19.0\STM32CubeIDE\plugins\com.st.stm32cube.ide.mcu.externaltools.gnu-tools-for-stm32.13.3.rel1.win32_1.0.0.202411081344\tools\bin/../lib/gcc/arm-none-eabi/13.3.1/../../../../arm-none-eabi/include/stdio.h:527:90: error: expected declaration specifiers or '...' before '__gnuc_va_list'
  527 | int     _vsnprintf_r (struct _reent *, char *__restrict, size_t, const char *__restrict, __VALIST)
      |                                                                                          ^~~~~~~~
C:\ST\STM32CubeIDE_1.19.0\STM32CubeIDE\plugins\com.st.stm32cube.ide.mcu.externaltools.gnu-tools-for-stm32.13.3.rel1.win32_1.0.0.202411081344\tools\bin/../lib/gcc/arm-none-eabi/13.3.1/../../../../arm-none-eabi/include/stdio.h:756:1: error: expected '=', ',', ';', 'asm' or '__attribute__' before '{' token
  756 | {
      | ^
C:\ST\STM32CubeIDE_1.19.0\STM32CubeIDE\plugins\com.st.stm32cube.ide.mcu.externaltools.gnu-tools-for-stm32.13.3.rel1.win32_1.0.0.202411081344\tools\bin/../lib/gcc/arm-none-eabi/13.3.1/../../../../arm-none-eabi/include/stdio.h:529:81: error: expected declaration specifiers or '...' before '__gnuc_va_list'
  529 | int     _vsprintf_r (struct _reent *, char *__restrict, const char *__restrict, __VALIST)
      |                                                                                 ^~~~~~~~
C:\ST\STM32CubeIDE_1.19.0\STM32CubeIDE\plugins\com.st.stm32cube.ide.mcu.externaltools.gnu-tools-for-stm32.13.3.rel1.win32_1.0.0.202411081344\tools\bin/../lib/gcc/arm-none-eabi/13.3.1/../../../../arm-none-eabi/include/stdio.h:531:86: error: expected declaration specifiers or '...' before '__gnuc_va_list'
  531 | int     _vsscanf_r (struct _reent *, const char *__restrict, const char *__restrict, __VALIST)
      |                                                                                      ^~~~~~~~
C:\ST\STM32CubeIDE_1.19.0\STM32CubeIDE\plugins\com.st.stm32cube.ide.mcu.externaltools.gnu-tools-for-stm32.13.3.rel1.win32_1.0.0.202411081344\tools\bin/../lib/gcc/arm-none-eabi/13.3.1/../../../../arm-none-eabi/include/stdio.h:536:17: error: unknown type name 'FILE'
  536 | int     fpurge (FILE *);
      |                 ^~~~
C:\ST\STM32CubeIDE_1.19.0\STM32CubeIDE\plugins\com.st.stm32cube.ide.mcu.externaltools.gnu-tools-for-stm32.13.3.rel1.win32_1.0.0.202411081344\tools\bin/../lib/gcc/arm-none-eabi/13.3.1/../../../../arm-none-eabi/include/stdio.h:536:17: note: 'FILE' is defined in header '<stdio.h>'; did you forget to '#include <stdio.h>'?
C:\ST\STM32CubeIDE_1.19.0\STM32CubeIDE\plugins\com.st.stm32cube.ide.mcu.externaltools.gnu-tools-for-stm32.13.3.rel1.win32_1.0.0.202411081344\tools\bin/../lib/gcc/arm-none-eabi/13.3.1/../../../../arm-none-eabi/include/stdio.h:537:1: error: unknown type name 'ssize_t'; did you mean 'size_t'?
  537 | ssize_t __getdelim (char **, size_t *, int, FILE *);
      | ^~~~~~~
      | size_t
C:\ST\STM32CubeIDE_1.19.0\STM32CubeIDE\plugins\com.st.stm32cube.ide.mcu.externaltools.gnu-tools-for-stm32.13.3.rel1.win32_1.0.0.202411081344\tools\bin/../lib/gcc/arm-none-eabi/13.3.1/../../../../arm-none-eabi/include/stdio.h:537:45: error: unknown type name 'FILE'
  537 | ssize_t __getdelim (char **, size_t *, int, FILE *);
      |                                             ^~~~
C:\ST\STM32CubeIDE_1.19.0\STM32CubeIDE\plugins\com.st.stm32cube.ide.mcu.externaltools.gnu-tools-for-stm32.13.3.rel1.win32_1.0.0.202411081344\tools\bin/../lib/gcc/arm-none-eabi/13.3.1/../../../../arm-none-eabi/include/stdio.h:537:45: note: 'FILE' is defined in header '<stdio.h>'; did you forget to '#include <stdio.h>'?
C:\ST\STM32CubeIDE_1.19.0\STM32CubeIDE\plugins\com.st.stm32cube.ide.mcu.externaltools.gnu-tools-for-stm32.13.3.rel1.win32_1.0.0.202411081344\tools\bin/../lib/gcc/arm-none-eabi/13.3.1/../../../../arm-none-eabi/include/stdio.h:538:1: error: unknown type name 'ssize_t'; did you mean 'size_t'?
  538 | ssize_t __getline (char **, size_t *, FILE *);
      | ^~~~~~~
      | size_t
C:\ST\STM32CubeIDE_1.19.0\STM32CubeIDE\plugins\com.st.stm32cube.ide.mcu.externaltools.gnu-tools-for-stm32.13.3.rel1.win32_1.0.0.202411081344\tools\bin/../lib/gcc/arm-none-eabi/13.3.1/../../../../arm-none-eabi/include/stdio.h:538:39: error: unknown type name 'FILE'
  538 | ssize_t __getline (char **, size_t *, FILE *);
      |                                       ^~~~
C:\ST\STM32CubeIDE_1.19.0\STM32CubeIDE\plugins\com.st.stm32cube.ide.mcu.externaltools.gnu-tools-for-stm32.13.3.rel1.win32_1.0.0.202411081344\tools\bin/../lib/gcc/arm-none-eabi/13.3.1/../../../../arm-none-eabi/include/stdio.h:538:39: note: 'FILE' is defined in header '<stdio.h>'; did you forget to '#include <stdio.h>'?
C:\ST\STM32CubeIDE_1.19.0\STM32CubeIDE\plugins\com.st.stm32cube.ide.mcu.externaltools.gnu-tools-for-stm32.13.3.rel1.win32_1.0.0.202411081344\tools\bin/../lib/gcc/arm-none-eabi/13.3.1/../../../../arm-none-eabi/include/stdio.h:541:28: error: unknown type name 'FILE'
  541 | void    clearerr_unlocked (FILE *);
      |                            ^~~~
C:\ST\STM32CubeIDE_1.19.0\STM32CubeIDE\plugins\com.st.stm32cube.ide.mcu.externaltools.gnu-tools-for-stm32.13.3.rel1.win32_1.0.0.202411081344\tools\bin/../lib/gcc/arm-none-eabi/13.3.1/../../../../arm-none-eabi/include/stdio.h:541:28: note: 'FILE' is defined in header '<stdio.h>'; did you forget to '#include <stdio.h>'?
C:\ST\STM32CubeIDE_1.19.0\STM32CubeIDE\plugins\com.st.stm32cube.ide.mcu.externaltools.gnu-tools-for-stm32.13.3.rel1.win32_1.0.0.202411081344\tools\bin/../lib/gcc/arm-none-eabi/13.3.1/../../../../arm-none-eabi/include/stdio.h:542:24: error: unknown type name 'FILE'
  542 | int     feof_unlocked (FILE *);
      |                        ^~~~
C:\ST\STM32CubeIDE_1.19.0\STM32CubeIDE\plugins\com.st.stm32cube.ide.mcu.externaltools.gnu-tools-for-stm32.13.3.rel1.win32_1.0.0.202411081344\tools\bin/../lib/gcc/arm-none-eabi/13.3.1/../../../../arm-none-eabi/include/stdio.h:542:24: note: 'FILE' is defined in header '<stdio.h>'; did you forget to '#include <stdio.h>'?
C:\ST\STM32CubeIDE_1.19.0\STM32CubeIDE\plugins\com.st.stm32cube.ide.mcu.externaltools.gnu-tools-for-stm32.13.3.rel1.win32_1.0.0.202411081344\tools\bin/../lib/gcc/arm-none-eabi/13.3.1/../../../../arm-none-eabi/include/stdio.h:543:26: error: unknown type name 'FILE'
  543 | int     ferror_unlocked (FILE *);
      |                          ^~~~
C:\ST\STM32CubeIDE_1.19.0\STM32CubeIDE\plugins\com.st.stm32cube.ide.mcu.externaltools.gnu-tools-for-stm32.13.3.rel1.win32_1.0.0.202411081344\tools\bin/../lib/gcc/arm-none-eabi/13.3.1/../../../../arm-none-eabi/include/stdio.h:543:26: note: 'FILE' is defined in header '<stdio.h>'; did you forget to '#include <stdio.h>'?
In file included from C:\ST\STM32CubeIDE_1.19.0\STM32CubeIDE\plugins\com.st.stm32cube.ide.mcu.externaltools.gnu-tools-for-stm32.13.3.rel1.win32_1.0.0.202411081344\tools\bin/../lib/gcc/arm-none-eabi/13.3.1/../../../../arm-none-eabi/include/string.h:20,
                 from ../Core/Inc/mq2_lcd_led.h:15:
C:\ST\STM32CubeIDE_1.19.0\STM32CubeIDE\plugins\com.st.stm32cube.ide.mcu.externaltools.gnu-tools-for-stm32.13.3.rel1.win32_1.0.0.202411081344\tools\bin/../lib/gcc/arm-none-eabi/13.3.1/../../../../arm-none-eabi/include/sys/_locale.h:10:28: error: storage class specified for parameter 'locale_t'
   10 | typedef struct __locale_t *locale_t;
      |                            ^~~~~~~~
C:\ST\STM32CubeIDE_1.19.0\STM32CubeIDE\plugins\com.st.stm32cube.ide.mcu.externaltools.gnu-tools-for-stm32.13.3.rel1.win32_1.0.0.202411081344\tools\bin/../lib/gcc/arm-none-eabi/13.3.1/../../../../arm-none-eabi/include/stdio.h:544:26: error: unknown type name 'FILE'
  544 | int     fileno_unlocked (FILE *);
      |                          ^~~~
C:\ST\STM32CubeIDE_1.19.0\STM32CubeIDE\plugins\com.st.stm32cube.ide.mcu.externaltools.gnu-tools-for-stm32.13.3.rel1.win32_1.0.0.202411081344\tools\bin/../lib/gcc/arm-none-eabi/13.3.1/../../../../arm-none-eabi/include/stdio.h:544:26: note: 'FILE' is defined in header '<stdio.h>'; did you forget to '#include <stdio.h>'?
C:\ST\STM32CubeIDE_1.19.0\STM32CubeIDE\plugins\com.st.stm32cube.ide.mcu.externaltools.gnu-tools-for-stm32.13.3.rel1.win32_1.0.0.202411081344\tools\bin/../lib/gcc/arm-none-eabi/13.3.1/../../../../arm-none-eabi/include/stdio.h:545:26: error: unknown type name 'FILE'
  545 | int     fflush_unlocked (FILE *);
      |                          ^~~~
C:\ST\STM32CubeIDE_1.19.0\STM32CubeIDE\plugins\com.st.stm32cube.ide.mcu.externaltools.gnu-tools-for-stm32.13.3.rel1.win32_1.0.0.202411081344\tools\bin/../lib/gcc/arm-none-eabi/13.3.1/../../../../arm-none-eabi/include/stdio.h:545:26: note: 'FILE' is defined in header '<stdio.h>'; did you forget to '#include <stdio.h>'?
C:\ST\STM32CubeIDE_1.19.0\STM32CubeIDE\plugins\com.st.stm32cube.ide.mcu.externaltools.gnu-tools-for-stm32.13.3.rel1.win32_1.0.0.202411081344\tools\bin/../lib/gcc/arm-none-eabi/13.3.1/../../../../arm-none-eabi/include/stdio.h:546:25: error: unknown type name 'FILE'
  546 | int     fgetc_unlocked (FILE *);
      |                         ^~~~
C:\ST\STM32CubeIDE_1.19.0\STM32CubeIDE\plugins\com.st.stm32cube.ide.mcu.externaltools.gnu-tools-for-stm32.13.3.rel1.win32_1.0.0.202411081344\tools\bin/../lib/gcc/arm-none-eabi/13.3.1/../../../../arm-none-eabi/include/stdio.h:546:25: note: 'FILE' is defined in header '<stdio.h>'; did you forget to '#include <stdio.h>'?
In file included from C:\ST\STM32CubeIDE_1.19.0\STM32CubeIDE\plugins\com.st.stm32cube.ide.mcu.externaltools.gnu-tools-for-stm32.13.3.rel1.win32_1.0.0.202411081344\tools\bin/../lib/gcc/arm-none-eabi/13.3.1/../../../../arm-none-eabi/include/string.h:24:
C:\ST\STM32CubeIDE_1.19.0\STM32CubeIDE\plugins\com.st.stm32cube.ide.mcu.externaltools.gnu-tools-for-stm32.13.3.rel1.win32_1.0.0.202411081344\tools\bin/../lib/gcc/arm-none-eabi/13.3.1/../../../../arm-none-eabi/include/strings.h:71:52: error: expected declaration specifiers or '...' before 'locale_t'
   71 | int      strcasecmp_l (const char *, const char *, locale_t);
      |                                                    ^~~~~~~~
C:\ST\STM32CubeIDE_1.19.0\STM32CubeIDE\plugins\com.st.stm32cube.ide.mcu.externaltools.gnu-tools-for-stm32.13.3.rel1.win32_1.0.0.202411081344\tools\bin/../lib/gcc/arm-none-eabi/13.3.1/../../../../arm-none-eabi/include/strings.h:72:61: error: expected declaration specifiers or '...' before 'locale_t'
   72 | int      strncasecmp_l (const char *, const char *, size_t, locale_t);
      |                                                             ^~~~~~~~
C:\ST\STM32CubeIDE_1.19.0\STM32CubeIDE\plugins\com.st.stm32cube.ide.mcu.externaltools.gnu-tools-for-stm32.13.3.rel1.win32_1.0.0.202411081344\tools\bin/../lib/gcc/arm-none-eabi/13.3.1/../../../../arm-none-eabi/include/stdio.h:547:30: error: unknown type name 'FILE'
  547 | int     fputc_unlocked (int, FILE *);
      |                              ^~~~
C:\ST\STM32CubeIDE_1.19.0\STM32CubeIDE\plugins\com.st.stm32cube.ide.mcu.externaltools.gnu-tools-for-stm32.13.3.rel1.win32_1.0.0.202411081344\tools\bin/../lib/gcc/arm-none-eabi/13.3.1/../../../../arm-none-eabi/include/string.h:55:49: error: expected declaration specifiers or '...' before 'locale_t'
   55 | int      strcoll_l (const char *, const char *, locale_t);
      |                                                 ^~~~~~~~
C:\ST\STM32CubeIDE_1.19.0\STM32CubeIDE\plugins\com.st.stm32cube.ide.mcu.externaltools.gnu-tools-for-stm32.13.3.rel1.win32_1.0.0.202411081344\tools\bin/../lib/gcc/arm-none-eabi/13.3.1/../../../../arm-none-eabi/include/stdio.h:547:30: note: 'FILE' is defined in header '<stdio.h>'; did you forget to '#include <stdio.h>'?
C:\ST\STM32CubeIDE_1.19.0\STM32CubeIDE\plugins\com.st.stm32cube.ide.mcu.externaltools.gnu-tools-for-stm32.13.3.rel1.win32_1.0.0.202411081344\tools\bin/../lib/gcc/arm-none-eabi/13.3.1/../../../../arm-none-eabi/include/string.h:56:27: error: expected declaration specifiers or '...' before 'locale_t'
   56 | char    *strerror_l (int, locale_t);
      |                           ^~~~~~~~
C:\ST\STM32CubeIDE_1.19.0\STM32CubeIDE\plugins\com.st.stm32cube.ide.mcu.externaltools.gnu-tools-for-stm32.13.3.rel1.win32_1.0.0.202411081344\tools\bin/../lib/gcc/arm-none-eabi/13.3.1/../../../../arm-none-eabi/include/string.h:57:71: error: expected declaration specifiers or '...' before 'locale_t'
   57 | size_t   strxfrm_l (char *__restrict, const char *__restrict, size_t, locale_t);
      |                                                                       ^~~~~~~~
C:\ST\STM32CubeIDE_1.19.0\STM32CubeIDE\plugins\com.st.stm32cube.ide.mcu.externaltools.gnu-tools-for-stm32.13.3.rel1.win32_1.0.0.202411081344\tools\bin/../lib/gcc/arm-none-eabi/13.3.1/../../../../arm-none-eabi/include/stdio.h:548:68: error: unknown type name 'FILE'
  548 | size_t  fread_unlocked (void *__restrict, size_t _size, size_t _n, FILE *__restrict);
      |                                                                    ^~~~
C:\ST\STM32CubeIDE_1.19.0\STM32CubeIDE\plugins\com.st.stm32cube.ide.mcu.externaltools.gnu-tools-for-stm32.13.3.rel1.win32_1.0.0.202411081344\tools\bin/../lib/gcc/arm-none-eabi/13.3.1/../../../../arm-none-eabi/include/stdio.h:548:68: note: 'FILE' is defined in header '<stdio.h>'; did you forget to '#include <stdio.h>'?
C:\ST\STM32CubeIDE_1.19.0\STM32CubeIDE\plugins\com.st.stm32cube.ide.mcu.externaltools.gnu-tools-for-stm32.13.3.rel1.win32_1.0.0.202411081344\tools\bin/../lib/gcc/arm-none-eabi/13.3.1/../../../../arm-none-eabi/include/stdio.h:549:76: error: unknown type name 'FILE'
  549 | size_t  fwrite_unlocked (const void *__restrict , size_t _size, size_t _n, FILE *);
      |                                                                            ^~~~
C:\ST\STM32CubeIDE_1.19.0\STM32CubeIDE\plugins\com.st.stm32cube.ide.mcu.externaltools.gnu-tools-for-stm32.13.3.rel1.win32_1.0.0.202411081344\tools\bin/../lib/gcc/arm-none-eabi/13.3.1/../../../../arm-none-eabi/include/stdio.h:549:76: note: 'FILE' is defined in header '<stdio.h>'; did you forget to '#include <stdio.h>'?
C:\ST\STM32CubeIDE_1.19.0\STM32CubeIDE\plugins\com.st.stm32cube.ide.mcu.externaltools.gnu-tools-for-stm32.13.3.rel1.win32_1.0.0.202411081344\tools\bin/../lib/gcc/arm-none-eabi/13.3.1/../../../../arm-none-eabi/include/stdio.h:583:37: error: unknown type name 'FILE'
  583 | int     __srget_r (struct _reent *, FILE *);
      |                                     ^~~~
C:\ST\STM32CubeIDE_1.19.0\STM32CubeIDE\plugins\com.st.stm32cube.ide.mcu.externaltools.gnu-tools-for-stm32.13.3.rel1.win32_1.0.0.202411081344\tools\bin/../lib/gcc/arm-none-eabi/13.3.1/../../../../arm-none-eabi/include/stdio.h:583:37: note: 'FILE' is defined in header '<stdio.h>'; did you forget to '#include <stdio.h>'?
../Core/Inc/mq2_lcd_led.h:22:26: error: storage class specified for parameter 'hadc1'
   22 | extern ADC_HandleTypeDef hadc1;
      |                          ^~~~~
C:\ST\STM32CubeIDE_1.19.0\STM32CubeIDE\plugins\com.st.stm32cube.ide.mcu.externaltools.gnu-tools-for-stm32.13.3.rel1.win32_1.0.0.202411081344\tools\bin/../lib/gcc/arm-none-eabi/13.3.1/../../../../arm-none-eabi/include/stdio.h:584:42: error: unknown type name 'FILE'
  584 | int     __swbuf_r (struct _reent *, int, FILE *);
      |                                          ^~~~
C:\ST\STM32CubeIDE_1.19.0\STM32CubeIDE\plugins\com.st.stm32cube.ide.mcu.externaltools.gnu-tools-for-stm32.13.3.rel1.win32_1.0.0.202411081344\tools\bin/../lib/gcc/arm-none-eabi/13.3.1/../../../../arm-none-eabi/include/stdio.h:584:42: note: 'FILE' is defined in header '<stdio.h>'; did you forget to '#include <stdio.h>'?
C:\ST\STM32CubeIDE_1.19.0\STM32CubeIDE\plugins\com.st.stm32cube.ide.mcu.externaltools.gnu-tools-for-stm32.13.3.rel1.win32_1.0.0.202411081344\tools\bin/../lib/gcc/arm-none-eabi/13.3.1/../../../../arm-none-eabi/include/stdio.h:607:1: error: unknown type name 'FILE'
  607 | FILE    *funopen (const void *__cookie,
      | ^~~~
In file included from ../Core/Src/main.c:25:
../Core/Inc/adc.h:28:26: error: storage class specified for parameter 'hadc1'
   28 | extern ADC_HandleTypeDef hadc1;
      |                          ^~~~~
C:\ST\STM32CubeIDE_1.19.0\STM32CubeIDE\plugins\com.st.stm32cube.ide.mcu.externaltools.gnu-tools-for-stm32.13.3.rel1.win32_1.0.0.202411081344\tools\bin/../lib/gcc/arm-none-eabi/13.3.1/../../../../arm-none-eabi/include/stdio.h:607:1: note: 'FILE' is defined in header '<stdio.h>'; did you forget to '#include <stdio.h>'?
../Core/Inc/adc.h:28:26: error: redefinition of parameter 'hadc1'
../Core/Inc/mq2_lcd_led.h:22:26: note: previous definition of 'hadc1' with type 'ADC_HandleTypeDef'
   22 | extern ADC_HandleTypeDef hadc1;
      |                          ^~~~~
../Core/Inc/adc.h:31:6: error: redefinition of parameter 'MX_ADC1_Init'
   31 | void MX_ADC1_Init(void);
      |      ^~~~~~~~~~~~
../Core/Inc/mq2_lcd_led.h:20:6: note: previous definition of 'MX_ADC1_Init' with type 'void (*)(void)'
   20 | void MX_ADC1_Init(void);
      |      ^~~~~~~~~~~~
C:\ST\STM32CubeIDE_1.19.0\STM32CubeIDE\plugins\com.st.stm32cube.ide.mcu.externaltools.gnu-tools-for-stm32.13.3.rel1.win32_1.0.0.202411081344\tools\bin/../lib/gcc/arm-none-eabi/13.3.1/../../../../arm-none-eabi/include/stdio.h:612:17: error: unknown type name 'fpos_t'
  612 |                 fpos_t (*__seekfn)(void *__cookie, fpos_t __off, int __whence),
      |                 ^~~~~~
C:\ST\STM32CubeIDE_1.19.0\STM32CubeIDE\plugins\com.st.stm32cube.ide.mcu.externaltools.gnu-tools-for-stm32.13.3.rel1.win32_1.0.0.202411081344\tools\bin/../lib/gcc/arm-none-eabi/13.3.1/../../../../arm-none-eabi/include/stdio.h:612:17: note: 'fpos_t' is defined in header '<stdio.h>'; did you forget to '#include <stdio.h>'?
../Core/Src/main.c:49:19: error: redefinition of parameter 'hadc1'
   49 | ADC_HandleTypeDef hadc1;
      |                   ^~~~~
../Core/Inc/adc.h:28:26: note: previous definition of 'hadc1' with type 'ADC_HandleTypeDef'
   28 | extern ADC_HandleTypeDef hadc1;
      |                          ^~~~~
../Core/Src/main.c:60:7: error: redefinition of parameter 'MX_ADC1_Init'
   60 |  void MX_ADC1_Init(void);
      |       ^~~~~~~~~~~~
../Core/Inc/adc.h:31:6: note: previous definition of 'MX_ADC1_Init' with type 'void (*)(void)'
   31 | void MX_ADC1_Init(void);
      |      ^~~~~~~~~~~~
C:\ST\STM32CubeIDE_1.19.0\STM32CubeIDE\plugins\com.st.stm32cube.ide.mcu.externaltools.gnu-tools-for-stm32.13.3.rel1.win32_1.0.0.202411081344\tools\bin/../lib/gcc/arm-none-eabi/13.3.1/../../../../arm-none-eabi/include/stdio.h:614:1: error: unknown type name 'FILE'
  614 | FILE    *_funopen_r (struct _reent *, const void *__cookie,
      | ^~~~
C:\ST\STM32CubeIDE_1.19.0\STM32CubeIDE\plugins\com.st.stm32cube.ide.mcu.externaltools.gnu-tools-for-stm32.13.3.rel1.win32_1.0.0.202411081344\tools\bin/../lib/gcc/arm-none-eabi/13.3.1/../../../../arm-none-eabi/include/stdio.h:614:1: note: 'FILE' is defined in header '<stdio.h>'; did you forget to '#include <stdio.h>'?
../Core/Src/main.c:76:1: error: expected '=', ',', ';', 'asm' or '__attribute__' before '{' token
   76 | {
      | ^
../Core/Src/main.c:138:1: error: expected '=', ',', ';', 'asm' or '__attribute__' before '{' token
  138 | {
      | ^
../Core/Src/main.c:185:1: error: expected '=', ',', ';', 'asm' or '__attribute__' before '{' token
  185 | {
      | ^
C:\ST\STM32CubeIDE_1.19.0\STM32CubeIDE\plugins\com.st.stm32cube.ide.mcu.externaltools.gnu-tools-for-stm32.13.3.rel1.win32_1.0.0.202411081344\tools\bin/../lib/gcc/arm-none-eabi/13.3.1/../../../../arm-none-eabi/include/stdio.h:619:17: error: unknown type name 'fpos_t'
  619 |                 fpos_t (*__seekfn)(void *__cookie, fpos_t __off, int __whence),
      |                 ^~~~~~
C:\ST\STM32CubeIDE_1.19.0\STM32CubeIDE\plugins\com.st.stm32cube.ide.mcu.externaltools.gnu-tools-for-stm32.13.3.rel1.win32_1.0.0.202411081344\tools\bin/../lib/gcc/arm-none-eabi/13.3.1/../../../../arm-none-eabi/include/stdio.h:619:17: note: 'fpos_t' is defined in header '<stdio.h>'; did you forget to '#include <stdio.h>'?
../Core/Src/main.c:237:1: error: expected '=', ',', ';', 'asm' or '__attribute__' before '{' token
  237 | {
      | ^
../Core/Src/main.c:271:1: error: expected '=', ',', ';', 'asm' or '__attribute__' before '{' token
  271 | {
      | ^
C:\ST\STM32CubeIDE_1.19.0\STM32CubeIDE\plugins\com.st.stm32cube.ide.mcu.externaltools.gnu-tools-for-stm32.13.3.rel1.win32_1.0.0.202411081344\tools\bin/../lib/gcc/arm-none-eabi/13.3.1/../../../../arm-none-eabi/include/stdio.h:691:61: error: unknown type name 'FILE'
  691 | _ELIDABLE_INLINE int __sputc_r(struct _reent *_ptr, int _c, FILE *_p) {
      |                                                             ^~~~
C:\ST\STM32CubeIDE_1.19.0\STM32CubeIDE\plugins\com.st.stm32cube.ide.mcu.externaltools.gnu-tools-for-stm32.13.3.rel1.win32_1.0.0.202411081344\tools\bin/../lib/gcc/arm-none-eabi/13.3.1/../../../../arm-none-eabi/include/stdio.h:691:61: note: 'FILE' is defined in header '<stdio.h>'; did you forget to '#include <stdio.h>'?
../Core/Src/main.c:317:1: error: expected '=', ',', ';', 'asm' or '__attribute__' before '{' token
  317 | {
      | ^
In file included from ../Core/Src/main.c:22:
../Core/Inc/my_lcd.h:41:19: error: old-style parameter declarations in prototyped function definition
   41 | HAL_StatusTypeDef lcd_i2c_send_nibble(uint8_t nibble_with_flags)
      |                   ^~~~~~~~~~~~~~~~~~~
C:\ST\STM32CubeIDE_1.19.0\STM32CubeIDE\plugins\com.st.stm32cube.ide.mcu.externaltools.gnu-tools-for-stm32.13.3.rel1.win32_1.0.0.202411081344\tools\bin/../lib/gcc/arm-none-eabi/13.3.1/../../../../arm-none-eabi/include/stdio.h:747:1: error: expected '=', ',', ';', 'asm' or '__attribute__' before '{' token
  747 | {
      | ^
../Core/Src/main.c:343: error: expected '{' at end of input
C:\ST\STM32CubeIDE_1.19.0\STM32CubeIDE\plugins\com.st.stm32cube.ide.mcu.externaltools.gnu-tools-for-stm32.13.3.rel1.win32_1.0.0.202411081344\tools\bin/../lib/gcc/arm-none-eabi/13.3.1/../../../../arm-none-eabi/include/stdio.h:756:1: error: expected '=', ',', ';', 'asm' or '__attribute__' before '{' token
  756 | {
      | ^
../Core/Src/main.c:343: warning: control reaches end of non-void function [-Wreturn-type]
In file included from C:\ST\STM32CubeIDE_1.19.0\STM32CubeIDE\plugins\com.st.stm32cube.ide.mcu.externaltools.gnu-tools-for-stm32.13.3.rel1.win32_1.0.0.202411081344\tools\bin/../lib/gcc/arm-none-eabi/13.3.1/../../../../arm-none-eabi/include/string.h:20,
                 from ../Core/Src/my_lcd.c:28:
C:\ST\STM32CubeIDE_1.19.0\STM32CubeIDE\plugins\com.st.stm32cube.ide.mcu.externaltools.gnu-tools-for-stm32.13.3.rel1.win32_1.0.0.202411081344\tools\bin/../lib/gcc/arm-none-eabi/13.3.1/../../../../arm-none-eabi/include/sys/_locale.h:10:28: error: storage class specified for parameter 'locale_t'
   10 | typedef struct __locale_t *locale_t;
      |                            ^~~~~~~~
In file included from C:\ST\STM32CubeIDE_1.19.0\STM32CubeIDE\plugins\com.st.stm32cube.ide.mcu.externaltools.gnu-tools-for-stm32.13.3.rel1.win32_1.0.0.202411081344\tools\bin/../lib/gcc/arm-none-eabi/13.3.1/../../../../arm-none-eabi/include/string.h:24:
C:\ST\STM32CubeIDE_1.19.0\STM32CubeIDE\plugins\com.st.stm32cube.ide.mcu.externaltools.gnu-tools-for-stm32.13.3.rel1.win32_1.0.0.202411081344\tools\bin/../lib/gcc/arm-none-eabi/13.3.1/../../../../arm-none-eabi/include/strings.h:71:52: error: expected declaration specifiers or '...' before 'locale_t'
   71 | int      strcasecmp_l (const char *, const char *, locale_t);
      |                                                    ^~~~~~~~
C:\ST\STM32CubeIDE_1.19.0\STM32CubeIDE\plugins\com.st.stm32cube.ide.mcu.externaltools.gnu-tools-for-stm32.13.3.rel1.win32_1.0.0.202411081344\tools\bin/../lib/gcc/arm-none-eabi/13.3.1/../../../../arm-none-eabi/include/strings.h:72:61: error: expected declaration specifiers or '...' before 'locale_t'
   72 | int      strncasecmp_l (const char *, const char *, size_t, locale_t);
      |                                                             ^~~~~~~~
C:\ST\STM32CubeIDE_1.19.0\STM32CubeIDE\plugins\com.st.stm32cube.ide.mcu.externaltools.gnu-tools-for-stm32.13.3.rel1.win32_1.0.0.202411081344\tools\bin/../lib/gcc/arm-none-eabi/13.3.1/../../../../arm-none-eabi/include/string.h:55:49: error: expected declaration specifiers or '...' before 'locale_t'
   55 | int      strcoll_l (const char *, const char *, locale_t);
      |                                                 ^~~~~~~~
C:\ST\STM32CubeIDE_1.19.0\STM32CubeIDE\plugins\com.st.stm32cube.ide.mcu.externaltools.gnu-tools-for-stm32.13.3.rel1.win32_1.0.0.202411081344\tools\bin/../lib/gcc/arm-none-eabi/13.3.1/../../../../arm-none-eabi/include/string.h:56:27: error: expected declaration specifiers or '...' before 'locale_t'
   56 | char    *strerror_l (int, locale_t);
      |                           ^~~~~~~~
C:\ST\STM32CubeIDE_1.19.0\STM32CubeIDE\plugins\com.st.stm32cube.ide.mcu.externaltools.gnu-tools-for-stm32.13.3.rel1.win32_1.0.0.202411081344\tools\bin/../lib/gcc/arm-none-eabi/13.3.1/../../../../arm-none-eabi/include/string.h:57:71: error: expected declaration specifiers or '...' before 'locale_t'
   57 | size_t   strxfrm_l (char *__restrict, const char *__restrict, size_t, locale_t);
      |                                                                       ^~~~~~~~
make: *** [Core/Src/subdir.mk:49: Core/Src/main.o] Error 1
make: *** Waiting for unfinished jobs....
../Core/Src/my_lcd.c:39:1: error: parameter 'lcd16x2_i2cHandle' is initialized
   39 | I2C_HandleTypeDef* lcd16x2_i2cHandle = NULL;
      | ^~~~~~~~~~~~~~~~~
../Core/Src/my_lcd.c:42:1: error: parameter 'LCD_I2C_SLAVE_ADDRESS' is initialized
   42 | uint8_t LCD_I2C_SLAVE_ADDRESS = 0;
      | ^~~~~~~
../Core/Src/my_lcd.c:54:1: error: expected '=', ',', ';', 'asm' or '__attribute__' before '{' token
   54 | {
      | ^
../Core/Src/my_lcd.c:81:1: error: expected '=', ',', ';', 'asm' or '__attribute__' before '{' token
   81 | {
      | ^
../Core/Src/my_lcd.c:108:1: error: expected '=', ',', ';', 'asm' or '__attribute__' before '{' token
  108 | {
      | ^
../Core/Src/my_lcd.c:137:1: error: expected '=', ',', ';', 'asm' or '__attribute__' before '{' token
  137 | {
      | ^
../Core/Src/my_lcd.c:203:1: error: expected '=', ',', ';', 'asm' or '__attribute__' before '{' token
  203 | {
      | ^
../Core/Src/my_lcd.c:224:1: error: expected '=', ',', ';', 'asm' or '__attribute__' before '{' token
  224 | {
      | ^
../Core/Src/my_lcd.c:229:1: error: expected '=', ',', ';', 'asm' or '__attribute__' before '{' token
  229 | {
      | ^
../Core/Src/my_lcd.c:240:1: error: expected '=', ',', ';', 'asm' or '__attribute__' before '{' token
  240 | {
      | ^
In file included from ../Core/Src/my_lcd.c:24:
../Core/Inc/my_lcd.h:41:19: error: old-style parameter declarations in prototyped function definition
   41 | HAL_StatusTypeDef lcd_i2c_send_nibble(uint8_t nibble_with_flags)
      |                   ^~~~~~~~~~~~~~~~~~~
../Core/Src/my_lcd.c:254: error: expected '{' at end of input
../Core/Src/my_lcd.c:254: warning: control reaches end of non-void function [-Wreturn-type]
make: *** [Core/Src/subdir.mk:49: Core/Src/my_lcd.o] Error 1
"make -j16 all" terminated with exit code 2. Build might be incomplete.

10:28:12 Build Failed. 507 errors, 2 warnings. (took 1s.28ms)

