2025-12-25 08:48:35,778 [INFO] Activator:176 - 


2025-12-25 08:48:35,780 [INFO] Activator:177 - !SESSION log4j initialized
2025-12-25 08:48:38,886 [INFO] LogOutputStream:77 - [STDOUT_REDIRECT] 
2025-12-25 08:48:41,511 [INFO] ApplicationProperties:184 - Using Application install path: C:\ST\STM32CubeIDE_1.19.0\STM32CubeIDE\plugins\com.st.stm32cube.common.mx_6.15.0.202507011659
2025-12-25 08:48:41,531 [INFO] DbMcusXml:78 - Set database path to: C:\ST\STM32CubeIDE_1.19.0\STM32CubeIDE\plugins\com.st.stm32cube.common.mx_6.15.0.202507011659\\db\/mcu/
2025-12-25 08:48:41,531 [INFO] ApiDb:274 - Set plugin database path to: C:\ST\STM32CubeIDE_1.19.0\STM32CubeIDE\plugins\com.st.stm32cube.common.mx_6.15.0.202507011659\\db\/plugins/boardmanager/
2025-12-25 08:48:41,544 [WARN] ApiDb:259 - Overriding images path with different value:  => C:\ST\STM32CubeIDE_1.19.0\STM32CubeIDE\plugins\com.st.stm32cube.common.mx_6.15.0.202507011659\\db\/plugins/mcufinder/images/
2025-12-25 08:48:41,549 [INFO] ApiDb:250 - Set database path to: C:\Users\aditi\.stmcufinder\plugins\mcufinder//mcu/
2025-12-25 08:48:41,550 [INFO] DbMcusAds:125 - Set database path to: C:\Users\aditi\.stmcufinder\plugins\mcufinder//mcu/
2025-12-25 08:48:41,552 [INFO] CrossReferenceDbSqlite:203 - Set database path to: C:\Users\aditi\.stmcufinder\plugins\mcufinder//mcu/cs/
2025-12-25 08:48:41,663 [INFO] RulesReader:64 - Compatibility file has been processed (317 Rules)
2025-12-25 08:48:41,780 [INFO] DbMcusXml:78 - Set database path to: C:\ST\STM32CubeIDE_1.19.0\STM32CubeIDE\plugins\com.st.stm32cube.common.mx_6.15.0.202507011659\\db\/mcu/
2025-12-25 08:48:41,780 [INFO] ApiDb:274 - Set plugin database path to: C:\ST\STM32CubeIDE_1.19.0\STM32CubeIDE\plugins\com.st.stm32cube.common.mx_6.15.0.202507011659\\db\/plugins/boardmanager/
2025-12-25 08:48:41,780 [INFO] ApiDb:261 - Set plugin images path to: C:\ST\STM32CubeIDE_1.19.0\STM32CubeIDE\plugins\com.st.stm32cube.common.mx_6.15.0.202507011659\\db\/plugins/mcufinder/images/
2025-12-25 08:48:41,781 [WARN] DbFile:41 - Overriding database path with different value: C:\Users\aditi\.stmcufinder\plugins\mcufinder/ => C:\Users\aditi\.stmcufinder\plugins\mcufinder
2025-12-25 08:48:41,781 [INFO] ApiDb:250 - Set database path to: C:\Users\aditi\.stmcufinder\plugins\mcufinder//mcu/
2025-12-25 08:48:41,781 [WARN] DbFile:41 - Overriding database path with different value: C:\Users\aditi\.stmcufinder\plugins\mcufinder/ => C:\Users\aditi\.stmcufinder\plugins\mcufinder
2025-12-25 08:48:41,781 [INFO] DbMcusAds:125 - Set database path to: C:\Users\aditi\.stmcufinder\plugins\mcufinder//mcu/
2025-12-25 08:48:41,781 [WARN] DbFile:41 - Overriding database path with different value: C:\Users\aditi\.stmcufinder\plugins\mcufinder/ => C:\Users\aditi\.stmcufinder\plugins\mcufinder
2025-12-25 08:48:41,781 [WARN] DbFile:41 - Overriding database path with different value: C:\Users\aditi\.stmcufinder\plugins\mcufinder/ => C:\Users\aditi\.stmcufinder\plugins\mcufinder
2025-12-25 08:48:41,781 [INFO] CrossReferenceDbSqlite:203 - Set database path to: C:\Users\aditi\.stmcufinder\plugins\mcufinder//mcu/cs/
2025-12-25 08:48:41,868 [INFO] MainPanel:274 - HeapMemory: 268435456
2025-12-25 08:48:41,994 [INFO] DbMcusXml:78 - Set database path to: C:\ST\STM32CubeIDE_1.19.0\STM32CubeIDE\plugins\com.st.stm32cube.common.mx_6.15.0.202507011659\\db\/mcu/
2025-12-25 08:48:41,995 [INFO] ApiDb:274 - Set plugin database path to: C:\ST\STM32CubeIDE_1.19.0\STM32CubeIDE\plugins\com.st.stm32cube.common.mx_6.15.0.202507011659\\db\/plugins/boardmanager/
2025-12-25 08:48:41,995 [INFO] ApiDb:261 - Set plugin images path to: C:\ST\STM32CubeIDE_1.19.0\STM32CubeIDE\plugins\com.st.stm32cube.common.mx_6.15.0.202507011659\\db\/plugins/mcufinder/images/
2025-12-25 08:48:41,995 [WARN] DbFile:41 - Overriding database path with different value: C:\Users\aditi\.stmcufinder\plugins\mcufinder/ => C:\Users\aditi\.stmcufinder\plugins\mcufinder
2025-12-25 08:48:41,995 [INFO] ApiDb:250 - Set database path to: C:\Users\aditi\.stmcufinder\plugins\mcufinder//mcu/
2025-12-25 08:48:41,995 [WARN] DbFile:41 - Overriding database path with different value: C:\Users\aditi\.stmcufinder\plugins\mcufinder/ => C:\Users\aditi\.stmcufinder\plugins\mcufinder
2025-12-25 08:48:41,996 [INFO] DbMcusAds:125 - Set database path to: C:\Users\aditi\.stmcufinder\plugins\mcufinder//mcu/
2025-12-25 08:48:41,996 [WARN] DbFile:41 - Overriding database path with different value: C:\Users\aditi\.stmcufinder\plugins\mcufinder/ => C:\Users\aditi\.stmcufinder\plugins\mcufinder
2025-12-25 08:48:41,996 [WARN] DbFile:41 - Overriding database path with different value: C:\Users\aditi\.stmcufinder\plugins\mcufinder/ => C:\Users\aditi\.stmcufinder\plugins\mcufinder
2025-12-25 08:48:41,996 [INFO] CrossReferenceDbSqlite:203 - Set database path to: C:\Users\aditi\.stmcufinder\plugins\mcufinder//mcu/cs/
2025-12-25 08:48:42,030 [INFO] ApplicationProperties:184 - Using Application install path: C:\ST\STM32CubeIDE_1.19.0\STM32CubeIDE\plugins\com.st.stm32cube.common.mx_6.15.0.202507011659
2025-12-25 08:48:42,032 [INFO] PluginManage:196 - Search for loadable plugins [exclusion list=, ]
2025-12-25 08:48:42,033 [INFO] PluginManage:310 - Check plugin analytics
2025-12-25 08:48:42,330 [INFO] AnalyticsPlugin:253 - Accepted Software Licenses: 
2025-12-25 08:48:42,330 [INFO] AnalyticsPlugin:255 - Accepted CMSIS Pack Licenses: 
2025-12-25 08:48:42,331 [INFO] AnalyticsPlugin:257 - Accepted Firmware Licenses: FW.F4.1.28.0
2025-12-25 08:48:42,337 [INFO] PluginManage:359 - Loaded plugin analytics (category:tool,tabindex:-1)
2025-12-25 08:48:42,337 [INFO] PluginManage:310 - Check plugin cadmodel
2025-12-25 08:48:42,342 [INFO] CADModel:105 - Init CAD model plugin
2025-12-25 08:48:42,343 [INFO] PluginManage:359 - Loaded plugin cadmodel (category:power,tabindex:5)
2025-12-25 08:48:42,343 [INFO] PluginManage:310 - Check plugin clock
2025-12-25 08:48:42,353 [INFO] PluginManage:359 - Loaded plugin clock (category:base,tabindex:2)
2025-12-25 08:48:42,353 [INFO] PluginManage:310 - Check plugin ddr
2025-12-25 08:48:42,356 [INFO] PluginManage:359 - Loaded plugin ddr (category:tool,tabindex:6)
2025-12-25 08:48:42,357 [INFO] PluginManage:310 - Check plugin filemanager
2025-12-25 08:48:42,515 [INFO] PluginManage:359 - Loaded plugin filemanager (category:base,tabindex:10)
2025-12-25 08:48:42,515 [INFO] PluginManage:310 - Check plugin ipmanager
2025-12-25 08:48:42,526 [INFO] PluginManage:359 - Loaded plugin ipmanager (category:base,tabindex:5)
2025-12-25 08:48:42,526 [INFO] PluginManage:310 - Check plugin lpbam
2025-12-25 08:48:42,534 [INFO] PluginManage:359 - Loaded plugin lpbam (category:base,tabindex:0)
2025-12-25 08:48:42,535 [INFO] PluginManage:310 - Check plugin memorymap
2025-12-25 08:48:42,552 [INFO] PluginManage:359 - Loaded plugin memorymap (category:base,tabindex:4)
2025-12-25 08:48:42,552 [INFO] PluginManage:310 - Check plugin pinoutandconfiguration
2025-12-25 08:48:42,563 [INFO] PluginManage:359 - Loaded plugin pinoutandconfiguration (category:base,tabindex:1)
2025-12-25 08:48:42,563 [INFO] PluginManage:310 - Check plugin pinoutconfig
2025-12-25 08:48:42,673 [WARN] SupportedApi:132 - Cannot load RTOS API schema: s4s-elt-must-match.1: The content of 'definitions' must match (annotation?, (simpleType | complexType)?, (unique | key | keyref)*)). A problem was found starting at: attribute.
2025-12-25 08:48:42,816 [INFO] PluginManage:359 - Loaded plugin pinoutconfig (category:base,tabindex:0)
2025-12-25 08:48:42,816 [INFO] PluginManage:310 - Check plugin power
2025-12-25 08:48:42,825 [INFO] PluginManage:359 - Loaded plugin power (category:power,tabindex:4)
2025-12-25 08:48:42,825 [INFO] PluginManage:310 - Check plugin projectmanager
2025-12-25 08:48:42,851 [INFO] PluginManage:359 - Loaded plugin projectmanager (category:projectmanager,tabindex:4)
2025-12-25 08:48:42,851 [INFO] PluginManage:310 - Check plugin rif
2025-12-25 08:48:42,866 [INFO] PluginManage:359 - Loaded plugin rif (category:base,tabindex:3)
2025-12-25 08:48:42,867 [INFO] PluginManage:310 - Check plugin thirdparty
2025-12-25 08:48:43,056 [INFO] PluginManage:359 - Loaded plugin thirdparty (category:base,tabindex:-1)
2025-12-25 08:48:43,057 [INFO] PluginManage:310 - Check plugin tools
2025-12-25 08:48:43,056 [WARN] IntegrityCheckThread:84 - waiting for thirdparty lock release [integrity check]
2025-12-25 08:48:43,057 [INFO] IntegrityCheckThread:86 - entering critical section [integrity check]
2025-12-25 08:48:43,058 [INFO] ThirdPartyUpdaterWithRetryManager:70 - Updater plugin not ready yet. [1/15]
2025-12-25 08:48:43,060 [INFO] PluginManage:359 - Loaded plugin tools (category:base,tabindex:7)
2025-12-25 08:48:43,060 [INFO] PluginManage:310 - Check plugin tutovideos
2025-12-25 08:48:43,244 [INFO] PluginManage:359 - Loaded plugin tutovideos (category:base,tabindex:-1)
2025-12-25 08:48:43,244 [INFO] PluginManage:310 - Check plugin updater
2025-12-25 08:48:43,263 [INFO] PluginManage:359 - Loaded plugin updater (category:base,tabindex:12)
2025-12-25 08:48:43,263 [INFO] PluginManage:310 - Check plugin userauth
2025-12-25 08:48:43,267 [INFO] UserAuth:118 - Init User Auth plugin
2025-12-25 08:48:43,267 [INFO] PluginManage:359 - Loaded plugin userauth (category:base,tabindex:14)
2025-12-25 08:48:43,268 [INFO] PluginManage:283 - PluginManage : Loaded plugins [18]
2025-12-25 08:48:43,479 [INFO] PinOutPanel:1589 - setPackage(No Configuration,No Configuration)
2025-12-25 08:48:43,594 [INFO] CADModel:165 - CPN selected for project level
2025-12-25 08:48:43,595 [INFO] CADModel:114 - Register for checkConnection events
2025-12-25 08:48:43,619 [INFO] IPUIPlugin:80 - create IPUIPlugin
2025-12-25 08:48:43,620 [INFO] PluginManager:220 - loadIPPluginJar : add adc
2025-12-25 08:48:43,626 [INFO] IPUIPlugin:80 - create IPUIPlugin
2025-12-25 08:48:43,626 [INFO] PluginManager:220 - loadIPPluginJar : add aes
2025-12-25 08:48:43,629 [INFO] IPUIPlugin:80 - create IPUIPlugin
2025-12-25 08:48:43,630 [INFO] PluginManager:220 - loadIPPluginJar : add can
2025-12-25 08:48:43,633 [INFO] IPUIPlugin:80 - create IPUIPlugin
2025-12-25 08:48:43,633 [INFO] PluginManager:220 - loadIPPluginJar : add comp
2025-12-25 08:48:43,636 [INFO] IPUIPlugin:80 - create IPUIPlugin
2025-12-25 08:48:43,637 [INFO] PluginManager:220 - loadIPPluginJar : add cryp
2025-12-25 08:48:43,642 [INFO] IPUIPlugin:80 - create IPUIPlugin
2025-12-25 08:48:43,642 [INFO] PluginManager:220 - loadIPPluginJar : add ddr_ctrl_phy
2025-12-25 08:48:43,645 [INFO] IPUIPlugin:80 - create IPUIPlugin
2025-12-25 08:48:43,646 [INFO] PluginManager:220 - loadIPPluginJar : add dfsdm
2025-12-25 08:48:43,651 [INFO] IPUIPlugin:80 - create IPUIPlugin
2025-12-25 08:48:43,651 [INFO] PluginManager:220 - loadIPPluginJar : add dma
2025-12-25 08:48:43,657 [INFO] IPUIPlugin:80 - create IPUIPlugin
2025-12-25 08:48:43,657 [INFO] PluginManager:220 - loadIPPluginJar : add dma3
2025-12-25 08:48:43,660 [INFO] IPUIPlugin:80 - create IPUIPlugin
2025-12-25 08:48:43,660 [INFO] PluginManager:220 - loadIPPluginJar : add extmemmanager
2025-12-25 08:48:43,664 [INFO] IPUIPlugin:80 - create IPUIPlugin
2025-12-25 08:48:43,665 [INFO] PluginManager:220 - loadIPPluginJar : add fatfs
2025-12-25 08:48:43,677 [INFO] IPUIPlugin:80 - create IPUIPlugin
2025-12-25 08:48:43,677 [INFO] PluginManager:220 - loadIPPluginJar : add fmc
2025-12-25 08:48:43,687 [INFO] IPUIPlugin:80 - create IPUIPlugin
2025-12-25 08:48:43,688 [INFO] PluginManager:220 - loadIPPluginJar : add freertos
2025-12-25 08:48:43,692 [INFO] IPUIPlugin:80 - create IPUIPlugin
2025-12-25 08:48:43,692 [INFO] PluginManager:220 - loadIPPluginJar : add genericplugin
2025-12-25 08:48:43,695 [INFO] IPUIPlugin:80 - create IPUIPlugin
2025-12-25 08:48:43,695 [INFO] PluginManager:220 - loadIPPluginJar : add gfxmmu
2025-12-25 08:48:43,700 [INFO] IPUIPlugin:80 - create IPUIPlugin
2025-12-25 08:48:43,700 [INFO] PluginManager:220 - loadIPPluginJar : add gic
2025-12-25 08:48:43,710 [INFO] IPUIPlugin:80 - create IPUIPlugin
2025-12-25 08:48:43,710 [INFO] PluginManager:220 - loadIPPluginJar : add gpio
2025-12-25 08:48:43,713 [INFO] IPUIPlugin:80 - create IPUIPlugin
2025-12-25 08:48:43,713 [INFO] PluginManager:220 - loadIPPluginJar : add gtzc
2025-12-25 08:48:43,716 [INFO] IPUIPlugin:80 - create IPUIPlugin
2025-12-25 08:48:43,716 [INFO] PluginManager:220 - loadIPPluginJar : add hash
2025-12-25 08:48:43,719 [INFO] IPUIPlugin:80 - create IPUIPlugin
2025-12-25 08:48:43,719 [INFO] PluginManager:220 - loadIPPluginJar : add i2c
2025-12-25 08:48:43,725 [INFO] IPUIPlugin:80 - create IPUIPlugin
2025-12-25 08:48:43,725 [INFO] PluginManager:220 - loadIPPluginJar : add i2s
2025-12-25 08:48:43,728 [INFO] IPUIPlugin:80 - create IPUIPlugin
2025-12-25 08:48:43,728 [INFO] PluginManager:220 - loadIPPluginJar : add i3c
2025-12-25 08:48:43,730 [INFO] IPUIPlugin:80 - create IPUIPlugin
2025-12-25 08:48:43,731 [INFO] PluginManager:220 - loadIPPluginJar : add ipddr
2025-12-25 08:48:43,740 [INFO] IPUIPlugin:80 - create IPUIPlugin
2025-12-25 08:48:43,741 [INFO] PluginManager:220 - loadIPPluginJar : add linkedlist
2025-12-25 08:48:43,744 [INFO] IPUIPlugin:80 - create IPUIPlugin
2025-12-25 08:48:43,744 [INFO] PluginManager:220 - loadIPPluginJar : add lorawan
2025-12-25 08:48:43,745 [INFO] IPUIPlugin:80 - create IPUIPlugin
2025-12-25 08:48:43,745 [INFO] PluginManager:220 - loadIPPluginJar : add ltdc
2025-12-25 08:48:43,750 [INFO] IPUIPlugin:80 - create IPUIPlugin
2025-12-25 08:48:43,750 [INFO] PluginManager:220 - loadIPPluginJar : add mdma
2025-12-25 08:48:43,758 [INFO] IPUIPlugin:80 - create IPUIPlugin
2025-12-25 08:48:43,758 [INFO] PluginManager:220 - loadIPPluginJar : add nvic
2025-12-25 08:48:43,762 [INFO] IPUIPlugin:80 - create IPUIPlugin
2025-12-25 08:48:43,762 [INFO] PluginManager:220 - loadIPPluginJar : add opamp
2025-12-25 08:48:43,766 [INFO] IPUIPlugin:80 - create IPUIPlugin
2025-12-25 08:48:43,767 [INFO] PluginManager:220 - loadIPPluginJar : add openamp
2025-12-25 08:48:43,774 [INFO] IPUIPlugin:80 - create IPUIPlugin
2025-12-25 08:48:43,774 [INFO] PluginManager:220 - loadIPPluginJar : add pdm2pcm
2025-12-25 08:48:43,782 [INFO] IPUIPlugin:80 - create IPUIPlugin
2025-12-25 08:48:43,786 [INFO] PluginManager:220 - loadIPPluginJar : add plateformsettings
2025-12-25 08:48:43,790 [INFO] IPUIPlugin:80 - create IPUIPlugin
2025-12-25 08:48:43,790 [INFO] PluginManager:220 - loadIPPluginJar : add quadspi
2025-12-25 08:48:43,793 [INFO] IPUIPlugin:80 - create IPUIPlugin
2025-12-25 08:48:43,795 [INFO] PluginManager:220 - loadIPPluginJar : add radio
2025-12-25 08:48:43,797 [INFO] IPUIPlugin:80 - create IPUIPlugin
2025-12-25 08:48:43,798 [INFO] PluginManager:220 - loadIPPluginJar : add resmgrutility
2025-12-25 08:48:43,800 [INFO] IPUIPlugin:80 - create IPUIPlugin
2025-12-25 08:48:43,800 [INFO] PluginManager:220 - loadIPPluginJar : add sai
2025-12-25 08:48:43,805 [INFO] IPUIPlugin:80 - create IPUIPlugin
2025-12-25 08:48:43,805 [INFO] PluginManager:220 - loadIPPluginJar : add spi
2025-12-25 08:48:43,811 [INFO] IPUIPlugin:80 - create IPUIPlugin
2025-12-25 08:48:43,812 [INFO] PluginManager:220 - loadIPPluginJar : add stm32_wpan
2025-12-25 08:48:43,813 [INFO] IPUIPlugin:80 - create IPUIPlugin
2025-12-25 08:48:43,813 [INFO] PluginManager:220 - loadIPPluginJar : add tim
2025-12-25 08:48:43,816 [INFO] IPUIPlugin:80 - create IPUIPlugin
2025-12-25 08:48:43,817 [INFO] PluginManager:220 - loadIPPluginJar : add touchsensing
2025-12-25 08:48:43,818 [INFO] IPUIPlugin:80 - create IPUIPlugin
2025-12-25 08:48:43,819 [INFO] PluginManager:220 - loadIPPluginJar : add tracer_emb
2025-12-25 08:48:43,822 [INFO] IPUIPlugin:80 - create IPUIPlugin
2025-12-25 08:48:43,822 [INFO] PluginManager:220 - loadIPPluginJar : add ts
2025-12-25 08:48:43,824 [INFO] IPUIPlugin:80 - create IPUIPlugin
2025-12-25 08:48:43,824 [INFO] PluginManager:220 - loadIPPluginJar : add tsc
2025-12-25 08:48:43,825 [INFO] IPUIPlugin:80 - create IPUIPlugin
2025-12-25 08:48:43,825 [INFO] PluginManager:220 - loadIPPluginJar : add ucpd
2025-12-25 08:48:43,827 [INFO] IPUIPlugin:80 - create IPUIPlugin
2025-12-25 08:48:43,827 [INFO] PluginManager:220 - loadIPPluginJar : add usart
2025-12-25 08:48:43,830 [INFO] IPUIPlugin:80 - create IPUIPlugin
2025-12-25 08:48:43,830 [INFO] PluginManager:220 - loadIPPluginJar : add usbx
2025-12-25 08:48:43,972 [FATAL] Updater:351 - Updater called before beeing initialized
2025-12-25 08:48:44,032 [INFO] RulesReader:64 - Compatibility file has been processed (317 Rules)
2025-12-25 08:48:44,090 [INFO] RulesReader:64 - Compatibility file has been processed (317 Rules)
2025-12-25 08:48:44,110 [INFO] CADModel:165 - CPN selected for project level
2025-12-25 08:48:44,110 [INFO] CADModel:114 - Register for checkConnection events
2025-12-25 08:48:44,110 [FATAL] Updater:351 - Updater called before beeing initialized
2025-12-25 08:48:44,110 [ERROR] CADModel:125 - Updater not yet initialized, retry later 
2025-12-25 08:48:44,294 [FATAL] Updater:351 - Updater called before beeing initialized
2025-12-25 08:48:44,295 [INFO] CADModel:165 - CPN selected for project level
2025-12-25 08:48:44,295 [INFO] CADModel:114 - Register for checkConnection events
2025-12-25 08:48:44,296 [FATAL] Updater:351 - Updater called before beeing initialized
2025-12-25 08:48:44,296 [ERROR] CADModel:125 - Updater not yet initialized, retry later 
2025-12-25 08:48:44,299 [FATAL] Updater:351 - Updater called before beeing initialized
2025-12-25 08:48:44,470 [FATAL] Updater:351 - Updater called before beeing initialized
2025-12-25 08:48:44,477 [INFO] DbMcusAds:53 - JSON generation date=Tue Dec 16 04:41:46 IST 2025 (1765840306612)
2025-12-25 08:48:44,477 [FATAL] Updater:351 - Updater called before beeing initialized
2025-12-25 08:48:44,515 [WARN] DetailPanel:346 - Failed to get advertising image, set to default
2025-12-25 08:48:44,600 [FATAL] Updater:351 - Updater called before beeing initialized
2025-12-25 08:48:44,603 [FATAL] Updater:351 - Updater called before beeing initialized
2025-12-25 08:48:44,603 [FATAL] Updater:351 - Updater called before beeing initialized
2025-12-25 08:48:44,603 [WARN] DetailPanel:346 - Failed to get advertising image, set to default
2025-12-25 08:48:44,605 [FATAL] Updater:351 - Updater called before beeing initialized
2025-12-25 08:48:44,660 [ERROR] Updater:1198 - MainUpdater not yet initialized. External WinMGr cannot be set.
2025-12-25 08:48:44,662 [INFO] Updater:1134 - Updater Version found : 6.15.0
2025-12-25 08:48:44,681 [INFO] ApplicationProperties:184 - Using Application install path: C:\ST\STM32CubeIDE_1.19.0\STM32CubeIDE\plugins\com.st.stm32cube.common.mx_6.15.0.202507011659
2025-12-25 08:48:46,060 [INFO] ThirdPartyUpdaterWithRetryManager:70 - Updater plugin not ready yet. [2/15]
2025-12-25 08:48:46,257 [ERROR] LogOutputStream:75 - [STDERR_REDIRECT] Dec 25, 2025 8:48:46 AM java.util.prefs.WindowsPreferences <init>
2025-12-25 08:48:46,259 [ERROR] LogOutputStream:75 - [STDERR_REDIRECT] WARNING: Could not open/create prefs root node Software\JavaSoft\Prefs at root 0xffffffff80000002. Windows RegCreateKeyEx(...) returned error code 5.
2025-12-25 08:48:46,260 [ERROR] LogOutputStream:75 - [STDERR_REDIRECT] 
2025-12-25 08:48:46,945 [INFO] MainUpdater:2872 - connection check result : 10
2025-12-25 08:48:46,947 [INFO] MainUpdater:289 - Updater Check For Update Now.
2025-12-25 08:48:46,947 [INFO] MicroXplorer:498 - Change Database Version : DB.6.0.150
2025-12-25 08:48:46,964 [INFO] McuFinderGlobals:63 - Set McuFinder mode to 2 (CubeIDE integrated)
2025-12-25 08:48:46,965 [INFO] UserAuth:487 - Internet connection configuration mode: 1
2025-12-25 08:48:47,050 [INFO] JxBrowserEngine:152 - Initiate JxBrowser Engine with user profile folder
2025-12-25 08:48:47,208 [INFO] CheckServerUpdateThread:120 - End of CheckServer Thread
2025-12-25 08:48:48,104 [INFO] WebApp:169 - Instantiating new browser for Auth
2025-12-25 08:48:48,977 [INFO] WebApp:463 - Apply proxy settings
2025-12-25 08:48:48,978 [INFO] WebApp:548 - Chromium requires no authentication
2025-12-25 08:48:48,989 [INFO] WebApp:491 - Direct internet connection detected
2025-12-25 08:48:49,012 [INFO] WebApp:900 - Register for checkConnection events
2025-12-25 08:48:49,012 [INFO] WebApp:463 - Apply proxy settings
2025-12-25 08:48:49,012 [INFO] WebApp:548 - Chromium requires no authentication
2025-12-25 08:48:49,013 [INFO] WebApp:491 - Direct internet connection detected
2025-12-25 08:48:49,255 [INFO] WebApp:225 - Starting web application
2025-12-25 08:48:49,256 [INFO] WebApp:593 - Web application path used C:\ST\STM32CubeIDE_1.19.0\STM32CubeIDE\plugins\com.st.stm32cube.common.mx_6.15.0.202507011659\db\plugins\mcufinder\reactClient1\index.html
2025-12-25 08:48:49,314 [WARN] PackLoader:240 - Cannot read IP mode file for STMicroelectronics.FP-SNS-MOTENVWB1.1.4.0
2025-12-25 08:48:49,325 [WARN] PackLoader:240 - Cannot read IP mode file for STMicroelectronics.FP-ATR-ASTRA1.2.0.2
2025-12-25 08:48:49,341 [WARN] PackLoader:240 - Cannot read IP mode file for STMicroelectronics.X-CUBE-SMBUS.2.1.0
2025-12-25 08:48:49,395 [WARN] PackLoader:240 - Cannot read IP mode file for STMicroelectronics.X-CUBE-AZRTOS-F7.1.1.0
2025-12-25 08:48:49,419 [WARN] PackLoader:240 - Cannot read IP mode file for STMicroelectronics.X-CUBE-DISPLAY.3.0.0
2025-12-25 08:48:49,430 [INFO] UserAuth:487 - Internet connection configuration mode: 1
2025-12-25 08:48:49,457 [WARN] PackLoader:240 - Cannot read IP mode file for STMicroelectronics.X-CUBE-NFC10.1.0.0
2025-12-25 08:48:49,469 [WARN] PackLoader:240 - Cannot read IP mode file for STMicroelectronics.FP-SNS-SMARTAG2.1.2.0
2025-12-25 08:48:49,477 [WARN] PackLoader:240 - Cannot read IP mode file for STMicroelectronics.FP-SNS-FLIGHT1.5.1.0
2025-12-25 08:48:49,494 [INFO] LogOutputStream:77 - [STDOUT_REDIRECT] 1 : Invalid condition id : UX_CORESTACK_Condition cause : null
2025-12-25 08:48:49,498 [INFO] LogOutputStream:77 - [STDOUT_REDIRECT] 1 : Invalid condition id : UX_CORESTACK_Condition cause : null
2025-12-25 08:48:49,501 [INFO] LogOutputStream:77 - [STDOUT_REDIRECT] 1 : Invalid condition id : UX_CORESTACK_Condition cause : null
2025-12-25 08:48:49,505 [INFO] LogOutputStream:77 - [STDOUT_REDIRECT] 1 : Invalid condition id : UX_CORESTACK_Condition cause : null
2025-12-25 08:48:49,508 [INFO] LogOutputStream:77 - [STDOUT_REDIRECT] 1 : Invalid condition id : UX_CORESTACK_Condition cause : null
2025-12-25 08:48:49,514 [WARN] PackLoader:240 - Cannot read IP mode file for STMicroelectronics.X-CUBE-AZRTOS-WL.2.0.0
2025-12-25 08:48:49,527 [WARN] PackLoader:240 - Cannot read IP mode file for STMicroelectronics.X-CUBE-BLE2.3.3.0
2025-12-25 08:48:49,540 [WARN] PackLoader:240 - Cannot read IP mode file for STMicroelectronics.X-CUBE-NFC9.1.0.0
2025-12-25 08:48:49,548 [WARN] PackLoader:240 - Cannot read IP mode file for STMicroelectronics.X-CUBE-BLE1.7.1.0
2025-12-25 08:48:49,574 [WARN] PackLoader:240 - Cannot read IP mode file for STMicroelectronics.X-CUBE-AZRTOS-G0.1.1.0
2025-12-25 08:48:49,587 [WARN] PackLoader:240 - Cannot read IP mode file for STMicroelectronics.X-CUBE-NFC4.3.0.0
2025-12-25 08:48:49,598 [WARN] PackLoader:240 - Cannot read IP mode file for STMicroelectronics.X-CUBE-WB05N.2.0.0
2025-12-25 08:48:49,608 [WARN] PackLoader:240 - Cannot read IP mode file for STMicroelectronics.X-CUBE-TCPP.4.2.0
2025-12-25 08:48:49,616 [WARN] PackLoader:240 - Cannot read IP mode file for STMicroelectronics.FP-ATR-SIGFOX1.3.2.0
2025-12-25 08:48:49,628 [WARN] PackLoader:240 - Cannot read IP mode file for STMicroelectronics.X-CUBE-ALGOBUILD.1.4.0
2025-12-25 08:48:49,638 [WARN] PackLoader:240 - Cannot read IP mode file for STMicroelectronics.X-CUBE-PM33A1.1.0.0
2025-12-25 08:48:49,664 [WARN] PackLoader:240 - Cannot read IP mode file for STMicroelectronics.X-CUBE-AZRTOS-F4.1.1.0
2025-12-25 08:48:49,676 [WARN] PackLoader:240 - Cannot read IP mode file for STMicroelectronics.X-CUBE-ISPU.2.1.0
2025-12-25 08:48:49,708 [WARN] PackLoader:240 - Cannot read IP mode file for STMicroelectronics.X-CUBE-AZRTOS-L5.2.0.0
2025-12-25 08:48:49,738 [WARN] PackLoader:240 - Cannot read IP mode file for STMicroelectronics.X-CUBE-NFC6.3.1.0
2025-12-25 08:48:49,755 [WARN] PackLoader:240 - Cannot read IP mode file for STMicroelectronics.X-CUBE-DPower.1.3.0
2025-12-25 08:48:49,777 [WARN] ConditionMgr:438 - getConditionDescription Invalid condition id : LAN8742 Phy interface Condition cause : null
2025-12-25 08:48:49,778 [WARN] PackLoader:240 - Cannot read IP mode file for STMicroelectronics.X-CUBE-AZRTOS-L4.2.0.0
2025-12-25 08:48:49,779 [WARN] ConditionMgr:1044 - genDependencies : Invalid condition id : LAN8742 Phy interface Condition cause : null
2025-12-25 08:48:49,780 [WARN] ConditionMgr:1044 - genDependencies : Invalid condition id : LAN8742 Phy interface Condition cause : null
2025-12-25 08:48:49,780 [WARN] ConditionMgr:1044 - genDependencies : Invalid condition id : LAN8742 Phy interface Condition cause : null
2025-12-25 08:48:49,793 [WARN] PackLoader:240 - Cannot read IP mode file for STMicroelectronics.X-CUBE-SFXS2LP1.4.0.0
2025-12-25 08:48:49,815 [WARN] ConditionMgr:438 - getConditionDescription Invalid condition id : UX DEVICE CLASS RTOS Condition cause : null
2025-12-25 08:48:49,819 [WARN] ConditionMgr:438 - getConditionDescription Invalid condition id : UX DEVICE CLASS RTOS Condition cause : null
2025-12-25 08:48:49,822 [WARN] PackLoader:240 - Cannot read IP mode file for STMicroelectronics.X-CUBE-AZRTOS-WB.2.0.0
2025-12-25 08:48:49,823 [WARN] ConditionMgr:1044 - genDependencies : Invalid condition id : UX DEVICE CLASS RTOS Condition cause : null
2025-12-25 08:48:49,823 [WARN] ConditionMgr:1044 - genDependencies : Invalid condition id : UX DEVICE CLASS RTOS Condition cause : null
2025-12-25 08:48:49,824 [WARN] ConditionMgr:1044 - genDependencies : Invalid condition id : UX DEVICE CLASS RTOS Condition cause : null
2025-12-25 08:48:49,824 [WARN] ConditionMgr:1044 - genDependencies : Invalid condition id : UX DEVICE CLASS RTOS Condition cause : null
2025-12-25 08:48:49,825 [WARN] ConditionMgr:1044 - genDependencies : Invalid condition id : UX DEVICE CLASS RTOS Condition cause : null
2025-12-25 08:48:49,841 [WARN] PackLoader:240 - Cannot read IP mode file for STMicroelectronics.X-CUBE-SUBG2.5.0.0
2025-12-25 08:48:49,869 [WARN] PackLoader:240 - Cannot read IP mode file for STMicroelectronics.X-CUBE-AZRTOS-G4.2.0.0
2025-12-25 08:48:49,878 [WARN] PackLoader:240 - Cannot read IP mode file for STMicroelectronics.X-CUBE-NFC7.2.0.0
2025-12-25 08:48:49,888 [WARN] PackLoader:240 - Cannot read IP mode file for STMicroelectronics.X-CUBE-ALS.1.0.2
2025-12-25 08:48:49,903 [WARN] PackLoader:240 - Cannot read IP mode file for STMicroelectronics.X-CUBE-TOF1.3.4.3
2025-12-25 08:48:49,919 [INFO] ThirdParty:978 - Integrity check success = true
2025-12-25 08:48:49,919 [INFO] IntegrityCheckThread:100 - exiting critical section [integrity check]
2025-12-25 08:48:49,919 [INFO] IntegrityCheckThread:103 - End integrity checks thread
2025-12-25 08:48:50,121 [INFO] WebApp:191 - Connection restablished
2025-12-25 08:54:29,997 [ERROR] LogOutputStream:75 - [STDERR_REDIRECT] 
2025-12-25 08:54:29,999 [ERROR] LogOutputStream:75 - [STDERR_REDIRECT] 
2025-12-25 12:09:00,743 [INFO] Activator:176 - 


2025-12-25 12:09:00,745 [INFO] Activator:177 - !SESSION log4j initialized
2025-12-25 12:09:04,860 [INFO] LogOutputStream:77 - [STDOUT_REDIRECT] 
2025-12-25 12:09:07,421 [INFO] ApplicationProperties:184 - Using Application install path: C:\ST\STM32CubeIDE_1.19.0\STM32CubeIDE\plugins\com.st.stm32cube.common.mx_6.15.0.202507011659
2025-12-25 12:09:07,445 [INFO] DbMcusXml:78 - Set database path to: C:\ST\STM32CubeIDE_1.19.0\STM32CubeIDE\plugins\com.st.stm32cube.common.mx_6.15.0.202507011659\\db\/mcu/
2025-12-25 12:09:07,445 [INFO] ApiDb:274 - Set plugin database path to: C:\ST\STM32CubeIDE_1.19.0\STM32CubeIDE\plugins\com.st.stm32cube.common.mx_6.15.0.202507011659\\db\/plugins/boardmanager/
2025-12-25 12:09:07,446 [WARN] ApiDb:259 - Overriding images path with different value:  => C:\ST\STM32CubeIDE_1.19.0\STM32CubeIDE\plugins\com.st.stm32cube.common.mx_6.15.0.202507011659\\db\/plugins/mcufinder/images/
2025-12-25 12:09:07,456 [INFO] ApiDb:250 - Set database path to: C:\Users\aditi\.stmcufinder\plugins\mcufinder//mcu/
2025-12-25 12:09:07,458 [INFO] DbMcusAds:125 - Set database path to: C:\Users\aditi\.stmcufinder\plugins\mcufinder//mcu/
2025-12-25 12:09:07,460 [INFO] CrossReferenceDbSqlite:203 - Set database path to: C:\Users\aditi\.stmcufinder\plugins\mcufinder//mcu/cs/
2025-12-25 12:09:07,668 [INFO] RulesReader:64 - Compatibility file has been processed (317 Rules)
2025-12-25 12:09:07,782 [INFO] DbMcusXml:78 - Set database path to: C:\ST\STM32CubeIDE_1.19.0\STM32CubeIDE\plugins\com.st.stm32cube.common.mx_6.15.0.202507011659\\db\/mcu/
2025-12-25 12:09:07,782 [INFO] ApiDb:274 - Set plugin database path to: C:\ST\STM32CubeIDE_1.19.0\STM32CubeIDE\plugins\com.st.stm32cube.common.mx_6.15.0.202507011659\\db\/plugins/boardmanager/
2025-12-25 12:09:07,782 [INFO] ApiDb:261 - Set plugin images path to: C:\ST\STM32CubeIDE_1.19.0\STM32CubeIDE\plugins\com.st.stm32cube.common.mx_6.15.0.202507011659\\db\/plugins/mcufinder/images/
2025-12-25 12:09:07,783 [WARN] DbFile:41 - Overriding database path with different value: C:\Users\aditi\.stmcufinder\plugins\mcufinder/ => C:\Users\aditi\.stmcufinder\plugins\mcufinder
2025-12-25 12:09:07,783 [INFO] ApiDb:250 - Set database path to: C:\Users\aditi\.stmcufinder\plugins\mcufinder//mcu/
2025-12-25 12:09:07,783 [WARN] DbFile:41 - Overriding database path with different value: C:\Users\aditi\.stmcufinder\plugins\mcufinder/ => C:\Users\aditi\.stmcufinder\plugins\mcufinder
2025-12-25 12:09:07,783 [INFO] DbMcusAds:125 - Set database path to: C:\Users\aditi\.stmcufinder\plugins\mcufinder//mcu/
2025-12-25 12:09:07,783 [WARN] DbFile:41 - Overriding database path with different value: C:\Users\aditi\.stmcufinder\plugins\mcufinder/ => C:\Users\aditi\.stmcufinder\plugins\mcufinder
2025-12-25 12:09:07,783 [WARN] DbFile:41 - Overriding database path with different value: C:\Users\aditi\.stmcufinder\plugins\mcufinder/ => C:\Users\aditi\.stmcufinder\plugins\mcufinder
2025-12-25 12:09:07,783 [INFO] CrossReferenceDbSqlite:203 - Set database path to: C:\Users\aditi\.stmcufinder\plugins\mcufinder//mcu/cs/
2025-12-25 12:09:07,873 [INFO] MainPanel:274 - HeapMemory: 268435456
2025-12-25 12:09:07,996 [INFO] DbMcusXml:78 - Set database path to: C:\ST\STM32CubeIDE_1.19.0\STM32CubeIDE\plugins\com.st.stm32cube.common.mx_6.15.0.202507011659\\db\/mcu/
2025-12-25 12:09:07,996 [INFO] ApiDb:274 - Set plugin database path to: C:\ST\STM32CubeIDE_1.19.0\STM32CubeIDE\plugins\com.st.stm32cube.common.mx_6.15.0.202507011659\\db\/plugins/boardmanager/
2025-12-25 12:09:07,996 [INFO] ApiDb:261 - Set plugin images path to: C:\ST\STM32CubeIDE_1.19.0\STM32CubeIDE\plugins\com.st.stm32cube.common.mx_6.15.0.202507011659\\db\/plugins/mcufinder/images/
2025-12-25 12:09:07,997 [WARN] DbFile:41 - Overriding database path with different value: C:\Users\aditi\.stmcufinder\plugins\mcufinder/ => C:\Users\aditi\.stmcufinder\plugins\mcufinder
2025-12-25 12:09:07,997 [INFO] ApiDb:250 - Set database path to: C:\Users\aditi\.stmcufinder\plugins\mcufinder//mcu/
2025-12-25 12:09:07,997 [WARN] DbFile:41 - Overriding database path with different value: C:\Users\aditi\.stmcufinder\plugins\mcufinder/ => C:\Users\aditi\.stmcufinder\plugins\mcufinder
2025-12-25 12:09:07,997 [INFO] DbMcusAds:125 - Set database path to: C:\Users\aditi\.stmcufinder\plugins\mcufinder//mcu/
2025-12-25 12:09:07,997 [WARN] DbFile:41 - Overriding database path with different value: C:\Users\aditi\.stmcufinder\plugins\mcufinder/ => C:\Users\aditi\.stmcufinder\plugins\mcufinder
2025-12-25 12:09:07,997 [WARN] DbFile:41 - Overriding database path with different value: C:\Users\aditi\.stmcufinder\plugins\mcufinder/ => C:\Users\aditi\.stmcufinder\plugins\mcufinder
2025-12-25 12:09:07,997 [INFO] CrossReferenceDbSqlite:203 - Set database path to: C:\Users\aditi\.stmcufinder\plugins\mcufinder//mcu/cs/
2025-12-25 12:09:08,017 [INFO] ApplicationProperties:184 - Using Application install path: C:\ST\STM32CubeIDE_1.19.0\STM32CubeIDE\plugins\com.st.stm32cube.common.mx_6.15.0.202507011659
2025-12-25 12:09:08,019 [INFO] PluginManage:196 - Search for loadable plugins [exclusion list=, ]
2025-12-25 12:09:08,021 [INFO] PluginManage:310 - Check plugin analytics
2025-12-25 12:09:08,295 [INFO] AnalyticsPlugin:253 - Accepted Software Licenses: 
2025-12-25 12:09:08,296 [INFO] AnalyticsPlugin:255 - Accepted CMSIS Pack Licenses: 
2025-12-25 12:09:08,296 [INFO] AnalyticsPlugin:257 - Accepted Firmware Licenses: FW.F4.1.28.0
2025-12-25 12:09:08,300 [INFO] PluginManage:359 - Loaded plugin analytics (category:tool,tabindex:-1)
2025-12-25 12:09:08,301 [INFO] PluginManage:310 - Check plugin cadmodel
2025-12-25 12:09:08,306 [INFO] CADModel:105 - Init CAD model plugin
2025-12-25 12:09:08,307 [INFO] PluginManage:359 - Loaded plugin cadmodel (category:power,tabindex:5)
2025-12-25 12:09:08,307 [INFO] PluginManage:310 - Check plugin clock
2025-12-25 12:09:08,317 [INFO] PluginManage:359 - Loaded plugin clock (category:base,tabindex:2)
2025-12-25 12:09:08,317 [INFO] PluginManage:310 - Check plugin ddr
2025-12-25 12:09:08,320 [INFO] PluginManage:359 - Loaded plugin ddr (category:tool,tabindex:6)
2025-12-25 12:09:08,320 [INFO] PluginManage:310 - Check plugin filemanager
2025-12-25 12:09:08,498 [INFO] PluginManage:359 - Loaded plugin filemanager (category:base,tabindex:10)
2025-12-25 12:09:08,498 [INFO] PluginManage:310 - Check plugin ipmanager
2025-12-25 12:09:08,504 [INFO] PluginManage:359 - Loaded plugin ipmanager (category:base,tabindex:5)
2025-12-25 12:09:08,504 [INFO] PluginManage:310 - Check plugin lpbam
2025-12-25 12:09:08,513 [INFO] PluginManage:359 - Loaded plugin lpbam (category:base,tabindex:0)
2025-12-25 12:09:08,513 [INFO] PluginManage:310 - Check plugin memorymap
2025-12-25 12:09:08,528 [INFO] PluginManage:359 - Loaded plugin memorymap (category:base,tabindex:4)
2025-12-25 12:09:08,528 [INFO] PluginManage:310 - Check plugin pinoutandconfiguration
2025-12-25 12:09:08,536 [INFO] PluginManage:359 - Loaded plugin pinoutandconfiguration (category:base,tabindex:1)
2025-12-25 12:09:08,536 [INFO] PluginManage:310 - Check plugin pinoutconfig
2025-12-25 12:09:08,624 [WARN] SupportedApi:132 - Cannot load RTOS API schema: s4s-elt-must-match.1: The content of 'definitions' must match (annotation?, (simpleType | complexType)?, (unique | key | keyref)*)). A problem was found starting at: attribute.
2025-12-25 12:09:08,750 [INFO] PluginManage:359 - Loaded plugin pinoutconfig (category:base,tabindex:0)
2025-12-25 12:09:08,750 [INFO] PluginManage:310 - Check plugin power
2025-12-25 12:09:08,759 [INFO] PluginManage:359 - Loaded plugin power (category:power,tabindex:4)
2025-12-25 12:09:08,759 [INFO] PluginManage:310 - Check plugin projectmanager
2025-12-25 12:09:08,778 [INFO] PluginManage:359 - Loaded plugin projectmanager (category:projectmanager,tabindex:4)
2025-12-25 12:09:08,779 [INFO] PluginManage:310 - Check plugin rif
2025-12-25 12:09:08,787 [INFO] PluginManage:359 - Loaded plugin rif (category:base,tabindex:3)
2025-12-25 12:09:08,787 [INFO] PluginManage:310 - Check plugin thirdparty
2025-12-25 12:09:08,965 [WARN] IntegrityCheckThread:84 - waiting for thirdparty lock release [integrity check]
2025-12-25 12:09:08,966 [INFO] IntegrityCheckThread:86 - entering critical section [integrity check]
2025-12-25 12:09:08,966 [INFO] PluginManage:359 - Loaded plugin thirdparty (category:base,tabindex:-1)
2025-12-25 12:09:08,966 [INFO] PluginManage:310 - Check plugin tools
2025-12-25 12:09:08,966 [INFO] ThirdPartyUpdaterWithRetryManager:70 - Updater plugin not ready yet. [1/15]
2025-12-25 12:09:08,971 [INFO] PluginManage:359 - Loaded plugin tools (category:base,tabindex:7)
2025-12-25 12:09:08,971 [INFO] PluginManage:310 - Check plugin tutovideos
2025-12-25 12:09:09,297 [INFO] PluginManage:359 - Loaded plugin tutovideos (category:base,tabindex:-1)
2025-12-25 12:09:09,297 [INFO] PluginManage:310 - Check plugin updater
2025-12-25 12:09:09,331 [INFO] PluginManage:359 - Loaded plugin updater (category:base,tabindex:12)
2025-12-25 12:09:09,331 [INFO] PluginManage:310 - Check plugin userauth
2025-12-25 12:09:09,338 [INFO] UserAuth:118 - Init User Auth plugin
2025-12-25 12:09:09,341 [INFO] PluginManage:359 - Loaded plugin userauth (category:base,tabindex:14)
2025-12-25 12:09:09,342 [INFO] PluginManage:283 - PluginManage : Loaded plugins [18]
2025-12-25 12:09:09,601 [INFO] PinOutPanel:1589 - setPackage(No Configuration,No Configuration)
2025-12-25 12:09:09,695 [INFO] CADModel:165 - CPN selected for project level
2025-12-25 12:09:09,695 [INFO] CADModel:114 - Register for checkConnection events
2025-12-25 12:09:09,720 [INFO] IPUIPlugin:80 - create IPUIPlugin
2025-12-25 12:09:09,721 [INFO] PluginManager:220 - loadIPPluginJar : add adc
2025-12-25 12:09:09,726 [INFO] IPUIPlugin:80 - create IPUIPlugin
2025-12-25 12:09:09,726 [INFO] PluginManager:220 - loadIPPluginJar : add aes
2025-12-25 12:09:09,729 [INFO] IPUIPlugin:80 - create IPUIPlugin
2025-12-25 12:09:09,730 [INFO] PluginManager:220 - loadIPPluginJar : add can
2025-12-25 12:09:09,732 [INFO] IPUIPlugin:80 - create IPUIPlugin
2025-12-25 12:09:09,732 [INFO] PluginManager:220 - loadIPPluginJar : add comp
2025-12-25 12:09:09,734 [INFO] IPUIPlugin:80 - create IPUIPlugin
2025-12-25 12:09:09,734 [INFO] PluginManager:220 - loadIPPluginJar : add cryp
2025-12-25 12:09:09,736 [INFO] IPUIPlugin:80 - create IPUIPlugin
2025-12-25 12:09:09,736 [INFO] PluginManager:220 - loadIPPluginJar : add ddr_ctrl_phy
2025-12-25 12:09:09,740 [INFO] IPUIPlugin:80 - create IPUIPlugin
2025-12-25 12:09:09,741 [INFO] PluginManager:220 - loadIPPluginJar : add dfsdm
2025-12-25 12:09:09,746 [INFO] IPUIPlugin:80 - create IPUIPlugin
2025-12-25 12:09:09,746 [INFO] PluginManager:220 - loadIPPluginJar : add dma
2025-12-25 12:09:09,748 [INFO] IPUIPlugin:80 - create IPUIPlugin
2025-12-25 12:09:09,748 [INFO] PluginManager:220 - loadIPPluginJar : add dma3
2025-12-25 12:09:09,751 [INFO] IPUIPlugin:80 - create IPUIPlugin
2025-12-25 12:09:09,751 [INFO] PluginManager:220 - loadIPPluginJar : add extmemmanager
2025-12-25 12:09:09,753 [INFO] IPUIPlugin:80 - create IPUIPlugin
2025-12-25 12:09:09,753 [INFO] PluginManager:220 - loadIPPluginJar : add fatfs
2025-12-25 12:09:09,761 [INFO] IPUIPlugin:80 - create IPUIPlugin
2025-12-25 12:09:09,761 [INFO] PluginManager:220 - loadIPPluginJar : add fmc
2025-12-25 12:09:09,767 [INFO] IPUIPlugin:80 - create IPUIPlugin
2025-12-25 12:09:09,767 [INFO] PluginManager:220 - loadIPPluginJar : add freertos
2025-12-25 12:09:09,768 [INFO] IPUIPlugin:80 - create IPUIPlugin
2025-12-25 12:09:09,769 [INFO] PluginManager:220 - loadIPPluginJar : add genericplugin
2025-12-25 12:09:09,771 [INFO] IPUIPlugin:80 - create IPUIPlugin
2025-12-25 12:09:09,771 [INFO] PluginManager:220 - loadIPPluginJar : add gfxmmu
2025-12-25 12:09:09,777 [INFO] IPUIPlugin:80 - create IPUIPlugin
2025-12-25 12:09:09,777 [INFO] PluginManager:220 - loadIPPluginJar : add gic
2025-12-25 12:09:09,781 [INFO] IPUIPlugin:80 - create IPUIPlugin
2025-12-25 12:09:09,781 [INFO] PluginManager:220 - loadIPPluginJar : add gpio
2025-12-25 12:09:09,784 [INFO] IPUIPlugin:80 - create IPUIPlugin
2025-12-25 12:09:09,784 [INFO] PluginManager:220 - loadIPPluginJar : add gtzc
2025-12-25 12:09:09,787 [INFO] IPUIPlugin:80 - create IPUIPlugin
2025-12-25 12:09:09,787 [INFO] PluginManager:220 - loadIPPluginJar : add hash
2025-12-25 12:09:09,791 [INFO] IPUIPlugin:80 - create IPUIPlugin
2025-12-25 12:09:09,791 [INFO] PluginManager:220 - loadIPPluginJar : add i2c
2025-12-25 12:09:09,793 [INFO] IPUIPlugin:80 - create IPUIPlugin
2025-12-25 12:09:09,794 [INFO] PluginManager:220 - loadIPPluginJar : add i2s
2025-12-25 12:09:09,797 [INFO] IPUIPlugin:80 - create IPUIPlugin
2025-12-25 12:09:09,797 [INFO] PluginManager:220 - loadIPPluginJar : add i3c
2025-12-25 12:09:09,800 [INFO] IPUIPlugin:80 - create IPUIPlugin
2025-12-25 12:09:09,800 [INFO] PluginManager:220 - loadIPPluginJar : add ipddr
2025-12-25 12:09:09,806 [INFO] IPUIPlugin:80 - create IPUIPlugin
2025-12-25 12:09:09,807 [INFO] PluginManager:220 - loadIPPluginJar : add linkedlist
2025-12-25 12:09:09,811 [INFO] IPUIPlugin:80 - create IPUIPlugin
2025-12-25 12:09:09,811 [INFO] PluginManager:220 - loadIPPluginJar : add lorawan
2025-12-25 12:09:09,813 [INFO] IPUIPlugin:80 - create IPUIPlugin
2025-12-25 12:09:09,813 [INFO] PluginManager:220 - loadIPPluginJar : add ltdc
2025-12-25 12:09:09,818 [INFO] IPUIPlugin:80 - create IPUIPlugin
2025-12-25 12:09:09,818 [INFO] PluginManager:220 - loadIPPluginJar : add mdma
2025-12-25 12:09:09,821 [INFO] IPUIPlugin:80 - create IPUIPlugin
2025-12-25 12:09:09,821 [INFO] PluginManager:220 - loadIPPluginJar : add nvic
2025-12-25 12:09:09,825 [INFO] IPUIPlugin:80 - create IPUIPlugin
2025-12-25 12:09:09,825 [INFO] PluginManager:220 - loadIPPluginJar : add opamp
2025-12-25 12:09:09,827 [INFO] IPUIPlugin:80 - create IPUIPlugin
2025-12-25 12:09:09,827 [INFO] PluginManager:220 - loadIPPluginJar : add openamp
2025-12-25 12:09:09,830 [INFO] IPUIPlugin:80 - create IPUIPlugin
2025-12-25 12:09:09,830 [INFO] PluginManager:220 - loadIPPluginJar : add pdm2pcm
2025-12-25 12:09:09,835 [INFO] IPUIPlugin:80 - create IPUIPlugin
2025-12-25 12:09:09,837 [INFO] PluginManager:220 - loadIPPluginJar : add plateformsettings
2025-12-25 12:09:09,838 [INFO] IPUIPlugin:80 - create IPUIPlugin
2025-12-25 12:09:09,838 [INFO] PluginManager:220 - loadIPPluginJar : add quadspi
2025-12-25 12:09:09,840 [INFO] IPUIPlugin:80 - create IPUIPlugin
2025-12-25 12:09:09,841 [INFO] PluginManager:220 - loadIPPluginJar : add radio
2025-12-25 12:09:09,844 [INFO] IPUIPlugin:80 - create IPUIPlugin
2025-12-25 12:09:09,844 [INFO] PluginManager:220 - loadIPPluginJar : add resmgrutility
2025-12-25 12:09:09,847 [INFO] IPUIPlugin:80 - create IPUIPlugin
2025-12-25 12:09:09,847 [INFO] PluginManager:220 - loadIPPluginJar : add sai
2025-12-25 12:09:09,850 [INFO] IPUIPlugin:80 - create IPUIPlugin
2025-12-25 12:09:09,850 [INFO] PluginManager:220 - loadIPPluginJar : add spi
2025-12-25 12:09:09,857 [INFO] IPUIPlugin:80 - create IPUIPlugin
2025-12-25 12:09:09,857 [INFO] PluginManager:220 - loadIPPluginJar : add stm32_wpan
2025-12-25 12:09:09,858 [INFO] IPUIPlugin:80 - create IPUIPlugin
2025-12-25 12:09:09,859 [INFO] PluginManager:220 - loadIPPluginJar : add tim
2025-12-25 12:09:09,862 [INFO] IPUIPlugin:80 - create IPUIPlugin
2025-12-25 12:09:09,862 [INFO] PluginManager:220 - loadIPPluginJar : add touchsensing
2025-12-25 12:09:09,864 [INFO] IPUIPlugin:80 - create IPUIPlugin
2025-12-25 12:09:09,864 [INFO] PluginManager:220 - loadIPPluginJar : add tracer_emb
2025-12-25 12:09:09,866 [INFO] IPUIPlugin:80 - create IPUIPlugin
2025-12-25 12:09:09,866 [INFO] PluginManager:220 - loadIPPluginJar : add ts
2025-12-25 12:09:09,868 [INFO] IPUIPlugin:80 - create IPUIPlugin
2025-12-25 12:09:09,868 [INFO] PluginManager:220 - loadIPPluginJar : add tsc
2025-12-25 12:09:09,870 [INFO] IPUIPlugin:80 - create IPUIPlugin
2025-12-25 12:09:09,870 [INFO] PluginManager:220 - loadIPPluginJar : add ucpd
2025-12-25 12:09:09,874 [INFO] IPUIPlugin:80 - create IPUIPlugin
2025-12-25 12:09:09,874 [INFO] PluginManager:220 - loadIPPluginJar : add usart
2025-12-25 12:09:09,879 [INFO] IPUIPlugin:80 - create IPUIPlugin
2025-12-25 12:09:09,879 [INFO] PluginManager:220 - loadIPPluginJar : add usbx
2025-12-25 12:09:10,022 [FATAL] Updater:351 - Updater called before beeing initialized
2025-12-25 12:09:10,113 [INFO] RulesReader:64 - Compatibility file has been processed (317 Rules)
2025-12-25 12:09:10,131 [INFO] RulesReader:64 - Compatibility file has been processed (317 Rules)
2025-12-25 12:09:10,173 [INFO] CADModel:165 - CPN selected for project level
2025-12-25 12:09:10,173 [INFO] CADModel:114 - Register for checkConnection events
2025-12-25 12:09:10,173 [FATAL] Updater:351 - Updater called before beeing initialized
2025-12-25 12:09:10,173 [ERROR] CADModel:125 - Updater not yet initialized, retry later 
2025-12-25 12:09:10,331 [FATAL] Updater:351 - Updater called before beeing initialized
2025-12-25 12:09:10,333 [INFO] CADModel:165 - CPN selected for project level
2025-12-25 12:09:10,333 [INFO] CADModel:114 - Register for checkConnection events
2025-12-25 12:09:10,333 [FATAL] Updater:351 - Updater called before beeing initialized
2025-12-25 12:09:10,333 [ERROR] CADModel:125 - Updater not yet initialized, retry later 
2025-12-25 12:09:10,338 [FATAL] Updater:351 - Updater called before beeing initialized
2025-12-25 12:09:10,456 [FATAL] Updater:351 - Updater called before beeing initialized
2025-12-25 12:09:10,460 [INFO] DbMcusAds:53 - JSON generation date=Tue Dec 16 04:41:46 IST 2025 (1765840306612)
2025-12-25 12:09:10,461 [FATAL] Updater:351 - Updater called before beeing initialized
2025-12-25 12:09:10,491 [WARN] DetailPanel:346 - Failed to get advertising image, set to default
2025-12-25 12:09:10,554 [FATAL] Updater:351 - Updater called before beeing initialized
2025-12-25 12:09:10,556 [FATAL] Updater:351 - Updater called before beeing initialized
2025-12-25 12:09:10,557 [FATAL] Updater:351 - Updater called before beeing initialized
2025-12-25 12:09:10,557 [WARN] DetailPanel:346 - Failed to get advertising image, set to default
2025-12-25 12:09:10,558 [FATAL] Updater:351 - Updater called before beeing initialized
2025-12-25 12:09:10,597 [ERROR] Updater:1198 - MainUpdater not yet initialized. External WinMGr cannot be set.
2025-12-25 12:09:10,599 [INFO] Updater:1134 - Updater Version found : 6.15.0
2025-12-25 12:09:10,613 [INFO] ApplicationProperties:184 - Using Application install path: C:\ST\STM32CubeIDE_1.19.0\STM32CubeIDE\plugins\com.st.stm32cube.common.mx_6.15.0.202507011659
2025-12-25 12:09:11,967 [INFO] ThirdPartyUpdaterWithRetryManager:70 - Updater plugin not ready yet. [2/15]
2025-12-25 12:09:12,196 [ERROR] LogOutputStream:75 - [STDERR_REDIRECT] Dec 25, 2025 12:09:12 PM java.util.prefs.WindowsPreferences <init>
2025-12-25 12:09:12,200 [ERROR] LogOutputStream:75 - [STDERR_REDIRECT] WARNING: Could not open/create prefs root node Software\JavaSoft\Prefs at root 0xffffffff80000002. Windows RegCreateKeyEx(...) returned error code 5.
2025-12-25 12:09:12,200 [ERROR] LogOutputStream:75 - [STDERR_REDIRECT] 
2025-12-25 12:09:13,045 [INFO] MainUpdater:2872 - connection check result : 10
2025-12-25 12:09:13,046 [INFO] MainUpdater:289 - Updater Check For Update Now.
2025-12-25 12:09:13,046 [INFO] MicroXplorer:498 - Change Database Version : DB.6.0.150
2025-12-25 12:09:13,059 [INFO] McuFinderGlobals:63 - Set McuFinder mode to 2 (CubeIDE integrated)
2025-12-25 12:09:13,061 [INFO] UserAuth:487 - Internet connection configuration mode: 1
2025-12-25 12:09:13,102 [INFO] JxBrowserEngine:152 - Initiate JxBrowser Engine with user profile folder
2025-12-25 12:09:13,307 [INFO] CheckServerUpdateThread:120 - End of CheckServer Thread
2025-12-25 12:09:14,114 [INFO] WebApp:169 - Instantiating new browser for Auth
2025-12-25 12:09:14,893 [INFO] WebApp:463 - Apply proxy settings
2025-12-25 12:09:14,894 [INFO] WebApp:548 - Chromium requires no authentication
2025-12-25 12:09:14,904 [INFO] WebApp:491 - Direct internet connection detected
2025-12-25 12:09:14,931 [INFO] WebApp:900 - Register for checkConnection events
2025-12-25 12:09:14,931 [INFO] WebApp:463 - Apply proxy settings
2025-12-25 12:09:14,932 [INFO] WebApp:548 - Chromium requires no authentication
2025-12-25 12:09:14,933 [INFO] WebApp:491 - Direct internet connection detected
2025-12-25 12:09:15,229 [INFO] WebApp:225 - Starting web application
2025-12-25 12:09:15,229 [INFO] WebApp:593 - Web application path used C:\ST\STM32CubeIDE_1.19.0\STM32CubeIDE\plugins\com.st.stm32cube.common.mx_6.15.0.202507011659\db\plugins\mcufinder\reactClient1\index.html
2025-12-25 12:09:15,317 [WARN] PackLoader:240 - Cannot read IP mode file for STMicroelectronics.FP-SNS-MOTENVWB1.1.4.0
2025-12-25 12:09:15,335 [WARN] PackLoader:240 - Cannot read IP mode file for STMicroelectronics.FP-ATR-ASTRA1.2.0.2
2025-12-25 12:09:15,352 [WARN] PackLoader:240 - Cannot read IP mode file for STMicroelectronics.X-CUBE-SMBUS.2.1.0
2025-12-25 12:09:15,379 [INFO] UserAuth:487 - Internet connection configuration mode: 1
2025-12-25 12:09:15,416 [WARN] PackLoader:240 - Cannot read IP mode file for STMicroelectronics.X-CUBE-AZRTOS-F7.1.1.0
2025-12-25 12:09:15,443 [WARN] PackLoader:240 - Cannot read IP mode file for STMicroelectronics.X-CUBE-DISPLAY.3.0.0
2025-12-25 12:09:15,476 [WARN] PackLoader:240 - Cannot read IP mode file for STMicroelectronics.X-CUBE-NFC10.1.0.0
2025-12-25 12:09:15,490 [WARN] PackLoader:240 - Cannot read IP mode file for STMicroelectronics.FP-SNS-SMARTAG2.1.2.0
2025-12-25 12:09:15,501 [WARN] PackLoader:240 - Cannot read IP mode file for STMicroelectronics.FP-SNS-FLIGHT1.5.1.0
2025-12-25 12:09:15,521 [INFO] LogOutputStream:77 - [STDOUT_REDIRECT] 1 : Invalid condition id : UX_CORESTACK_Condition cause : null
2025-12-25 12:09:15,523 [INFO] LogOutputStream:77 - [STDOUT_REDIRECT] 1 : Invalid condition id : UX_CORESTACK_Condition cause : null
2025-12-25 12:09:15,527 [INFO] LogOutputStream:77 - [STDOUT_REDIRECT] 1 : Invalid condition id : UX_CORESTACK_Condition cause : null
2025-12-25 12:09:15,532 [INFO] LogOutputStream:77 - [STDOUT_REDIRECT] 1 : Invalid condition id : UX_CORESTACK_Condition cause : null
2025-12-25 12:09:15,537 [INFO] LogOutputStream:77 - [STDOUT_REDIRECT] 1 : Invalid condition id : UX_CORESTACK_Condition cause : null
2025-12-25 12:09:15,545 [WARN] PackLoader:240 - Cannot read IP mode file for STMicroelectronics.X-CUBE-AZRTOS-WL.2.0.0
2025-12-25 12:09:15,560 [WARN] PackLoader:240 - Cannot read IP mode file for STMicroelectronics.X-CUBE-BLE2.3.3.0
2025-12-25 12:09:15,575 [WARN] PackLoader:240 - Cannot read IP mode file for STMicroelectronics.X-CUBE-NFC9.1.0.0
2025-12-25 12:09:15,586 [WARN] PackLoader:240 - Cannot read IP mode file for STMicroelectronics.X-CUBE-BLE1.7.1.0
2025-12-25 12:09:15,616 [WARN] PackLoader:240 - Cannot read IP mode file for STMicroelectronics.X-CUBE-AZRTOS-G0.1.1.0
2025-12-25 12:09:15,631 [WARN] PackLoader:240 - Cannot read IP mode file for STMicroelectronics.X-CUBE-NFC4.3.0.0
2025-12-25 12:09:15,643 [WARN] PackLoader:240 - Cannot read IP mode file for STMicroelectronics.X-CUBE-WB05N.2.0.0
2025-12-25 12:09:15,653 [WARN] PackLoader:240 - Cannot read IP mode file for STMicroelectronics.X-CUBE-TCPP.4.2.0
2025-12-25 12:09:15,667 [WARN] PackLoader:240 - Cannot read IP mode file for STMicroelectronics.FP-ATR-SIGFOX1.3.2.0
2025-12-25 12:09:15,691 [WARN] PackLoader:240 - Cannot read IP mode file for STMicroelectronics.X-CUBE-ALGOBUILD.1.4.0
2025-12-25 12:09:15,714 [WARN] PackLoader:240 - Cannot read IP mode file for STMicroelectronics.X-CUBE-PM33A1.1.0.0
2025-12-25 12:09:15,760 [WARN] PackLoader:240 - Cannot read IP mode file for STMicroelectronics.X-CUBE-AZRTOS-F4.1.1.0
2025-12-25 12:09:15,772 [WARN] PackLoader:240 - Cannot read IP mode file for STMicroelectronics.X-CUBE-ISPU.2.1.0
2025-12-25 12:09:15,796 [WARN] PackLoader:240 - Cannot read IP mode file for STMicroelectronics.X-CUBE-AZRTOS-L5.2.0.0
2025-12-25 12:09:15,813 [WARN] PackLoader:240 - Cannot read IP mode file for STMicroelectronics.X-CUBE-NFC6.3.1.0
2025-12-25 12:09:15,830 [WARN] PackLoader:240 - Cannot read IP mode file for STMicroelectronics.X-CUBE-DPower.1.3.0
2025-12-25 12:09:15,860 [WARN] ConditionMgr:438 - getConditionDescription Invalid condition id : LAN8742 Phy interface Condition cause : null
2025-12-25 12:09:15,861 [WARN] PackLoader:240 - Cannot read IP mode file for STMicroelectronics.X-CUBE-AZRTOS-L4.2.0.0
2025-12-25 12:09:15,863 [WARN] ConditionMgr:1044 - genDependencies : Invalid condition id : LAN8742 Phy interface Condition cause : null
2025-12-25 12:09:15,864 [WARN] ConditionMgr:1044 - genDependencies : Invalid condition id : LAN8742 Phy interface Condition cause : null
2025-12-25 12:09:15,865 [WARN] ConditionMgr:1044 - genDependencies : Invalid condition id : LAN8742 Phy interface Condition cause : null
2025-12-25 12:09:15,878 [WARN] PackLoader:240 - Cannot read IP mode file for STMicroelectronics.X-CUBE-SFXS2LP1.4.0.0
2025-12-25 12:09:15,895 [WARN] ConditionMgr:438 - getConditionDescription Invalid condition id : UX DEVICE CLASS RTOS Condition cause : null
2025-12-25 12:09:15,895 [WARN] ConditionMgr:438 - getConditionDescription Invalid condition id : UX DEVICE CLASS RTOS Condition cause : null
2025-12-25 12:09:15,897 [WARN] PackLoader:240 - Cannot read IP mode file for STMicroelectronics.X-CUBE-AZRTOS-WB.2.0.0
2025-12-25 12:09:15,898 [WARN] ConditionMgr:1044 - genDependencies : Invalid condition id : UX DEVICE CLASS RTOS Condition cause : null
2025-12-25 12:09:15,898 [WARN] ConditionMgr:1044 - genDependencies : Invalid condition id : UX DEVICE CLASS RTOS Condition cause : null
2025-12-25 12:09:15,899 [WARN] ConditionMgr:1044 - genDependencies : Invalid condition id : UX DEVICE CLASS RTOS Condition cause : null
2025-12-25 12:09:15,899 [WARN] ConditionMgr:1044 - genDependencies : Invalid condition id : UX DEVICE CLASS RTOS Condition cause : null
2025-12-25 12:09:15,899 [WARN] ConditionMgr:1044 - genDependencies : Invalid condition id : UX DEVICE CLASS RTOS Condition cause : null
2025-12-25 12:09:15,913 [WARN] PackLoader:240 - Cannot read IP mode file for STMicroelectronics.X-CUBE-SUBG2.5.0.0
2025-12-25 12:09:15,935 [WARN] PackLoader:240 - Cannot read IP mode file for STMicroelectronics.X-CUBE-AZRTOS-G4.2.0.0
2025-12-25 12:09:15,944 [WARN] PackLoader:240 - Cannot read IP mode file for STMicroelectronics.X-CUBE-NFC7.2.0.0
2025-12-25 12:09:15,950 [WARN] PackLoader:240 - Cannot read IP mode file for STMicroelectronics.X-CUBE-ALS.1.0.2
2025-12-25 12:09:15,963 [WARN] PackLoader:240 - Cannot read IP mode file for STMicroelectronics.X-CUBE-TOF1.3.4.3
2025-12-25 12:09:15,976 [INFO] ThirdParty:978 - Integrity check success = true
2025-12-25 12:09:15,976 [INFO] IntegrityCheckThread:100 - exiting critical section [integrity check]
2025-12-25 12:09:15,977 [INFO] IntegrityCheckThread:103 - End integrity checks thread
2025-12-25 12:09:16,188 [INFO] WebApp:191 - Connection restablished
2025-12-25 12:09:48,880 [INFO] McuFinderGlobals:63 - Set McuFinder mode to 2 (CubeIDE integrated)
2025-12-25 12:09:48,884 [INFO] MainUpdater:2872 - connection check result : 10
2025-12-25 12:09:49,453 [INFO] ApiDb:581 - Connected to CubeFinder SQLite database (C:\Users\aditi\.stmcufinder\plugins\mcufinder\mcu\cube-finder-db.db)
2025-12-25 12:09:49,588 [INFO] ApiDb:668 - CubeFinder database Data Model version=2.1
2025-12-25 12:09:49,588 [INFO] ApiDb:669 - CubeFinder database Configuration version=3.0.39
2025-12-25 12:09:49,588 [INFO] ApiDb:670 - CubeFinder database generation date=2025-11-05 (1762334721)
2025-12-25 12:09:49,589 [INFO] ApiDb:671 - CubeFinder database FW Pack versions=[FP-ATR-ASTRA1_V2.0.0, FP-SNS-FLIGHT1_V5.1.0, FP-SNS-MOTENV1_V5.1.0, FP-SNS-MOTENVWB1_V1.4.0, FP-SNS-SMARTAG2_V1.2.0, FP-SNS-STBOX1_V2.1.0, STM32Cube_FW_C0_V1.4.0, STM32Cube_FW_F4_V1.28.3, STM32Cube_FW_F7_V1.17.4, STM32Cube_FW_G0_V1.6.2, STM32Cube_FW_G4_V1.6.1, STM32Cube_FW_H5_V1.5.1, STM32Cube_FW_H7RS_V1.3.0, STM32Cube_FW_H7_V1.12.1, STM32Cube_FW_L0_V1.12.2, STM32Cube_FW_L4_V1.18.1, STM32Cube_FW_L5_V1.6.0, STM32Cube_FW_N6_V1.3.0, STM32Cube_FW_U0_V1.3.0, STM32Cube_FW_U3_V1.2.1, STM32Cube_FW_U5_V1.8.0, STM32Cube_FW_WB0_V1.4.0, STM32Cube_FW_WBA_V1.8.0, STM32Cube_FW_WB_V1.24.0, STM32Cube_FW_WL3_V1.3.0, STM32Cube_FW_WL_V1.4.0, X-CUBE-ALGOBUILD_V1.4.0, X-CUBE-ALS_V1.0.2, X-CUBE-AZRTOS-F4_V1.1.0, X-CUBE-AZRTOS-F7_V1.1.0, X-CUBE-AZRTOS-G0_V1.1.0, X-CUBE-AZRTOS-G4_V2.0.0, X-CUBE-AZRTOS-H7RS_V1.1.0, X-CUBE-AZRTOS-H7_V3.4.0, X-CUBE-AZRTOS-L4_V2.0.0, X-CUBE-AZRTOS-L5_V2.0.0, X-CUBE-AZRTOS-WB_V2.0.0, X-CUBE-AZRTOS-WL_V2.0.0, X-CUBE-BLE1_V7.1.0, X-CUBE-BLE2_V3.3.0, X-CUBE-BLEMGR_V4.1.0, X-CUBE-EEPRMA1_V5.2.0, X-CUBE-FREERTOS_V1.3.1, X-CUBE-GNSS1_V6.0.0, X-CUBE-MEMS1_V11.3.0, X-CUBE-NFC4_V3.0.0, X-CUBE-NFC7_V2.0.0, X-CUBE-SFXS2LP1_V4.0.0, X-CUBE-ST67W61_V1.1.0, X-CUBE-SUBG2_V5.0.0, X-CUBE-TOF1_V3.4.3]
2025-12-25 12:09:52,356 [INFO] ApiDb:240 - Found 880 in-development CPN: [B-G473E-ZEST1S, B-WB1M-WPAN1, B-WBA5M-WPAN, B-WL5M-SUBG1, NUCLEO-C031C6, NUCLEO-C051C8, NUCLEO-C071RB, NUCLEO-C092RC, NUCLEO-H503RB, NUCLEO-H533RE, NUCLEO-H563ZI, NUCLEO-H7S3L8, NUCLEO-N657X0-Q, NUCLEO-U031R8, NUCLEO-U083RC, NUCLEO-U385RG-Q, NUCLEO-U545RE-Q, NUCLEO-U5A5ZJ-Q, NUCLEO-WB05KZ, NUCLEO-WB07CC, NUCLEO-WB09KE, NUCLEO-WBA52CG, NUCLEO-WBA55CG, NUCLEO-WL33CC1, NUCLEO-WL33CC2, STEVAL-PROTEUS1, STEVAL-SMARTAG2, STEVAL-STWINBX1, STM320518-EVAL, STM32C0116-DK, STM32C011D6Y3TR, STM32C011D6Y6TR, STM32C011F4P3, STM32C011F4P6, STM32C011F4U3, STM32C011F4U6TR, STM32C011F6P3, STM32C011F6P6, STM32C011F6U3, STM32C011F6U6TR, STM32C011J4M3, STM32C011J4M6, STM32C011J6M3, STM32C011J6M6, STM32C0316-DK, STM32C031C4T3, STM32C031C4T6, STM32C031C4U3, STM32C031C4U6, STM32C031C6T3, STM32C031C6T6, STM32C031C6U3, STM32C031C6U6, STM32C031F4P3, STM32C031F4P6, STM32C031F6P3, STM32C031F6P6, STM32C031G4U3, STM32C031G4U6, STM32C031G6U3, STM32C031G6U6, STM32C031K4T3, STM32C031K4T6, STM32C031K4U3, STM32C031K4U6, STM32C031K6T3, STM32C031K6T6, STM32C031K6U3, STM32C031K6U6, STM32C051C6T6, STM32C051C6U6, STM32C051C8T6, STM32C051C8U6, STM32C051D8Y6TR, STM32C051F6P6, STM32C051F8P6, STM32C051G6U6, STM32C051G8U6, STM32C051K6T6, STM32C051K6U6, STM32C051K8T6, STM32C071C8T6, STM32C071C8T6N, STM32C071C8U6, STM32C071C8U6N, STM32C071CBT6, STM32C071CBT6N, STM32C071CBU6, STM32C071CBU6N, STM32C071F8P6, STM32C071F8P6N, STM32C071FBP6, STM32C071FBP6N, STM32C071FBY6TR, STM32C071G8U6, STM32C071G8U6N, STM32C071GBU6, STM32C071GBU6N, STM32C071K8T6, STM32C071K8T6N, STM32C071K8U6, STM32C071K8U6N, STM32C071KBT6, STM32C071KBT6N, STM32C071KBU6, STM32C071KBU6N, STM32C071R8T6, STM32C071R8T6N, STM32C071RBI6N, STM32C071RBT6, STM32C071RBT6N, STM32C091CBT6, STM32C091CBU6, STM32C091CCT6, STM32C091CCU6, STM32C091ECY6TR, STM32C091FBP6, STM32C091FCP6, STM32C091GBU6, STM32C091GCU6, STM32C091KBT6, STM32C091KBU6, STM32C091KCT6, STM32C091KCU6, STM32C091RBT6, STM32C091RCI6, STM32C091RCT6, STM32C092CBT6, STM32C092CBU6, STM32C092CCT6, STM32C092CCU6, STM32C092ECY6TR, STM32C092FBP6, STM32C092FCP6, STM32C092GBU6, STM32C092GCU6, STM32C092KBT6, STM32C092KBU6, STM32C092KCT6, STM32C092KCU6, STM32C092RBT6, STM32C092RCI6, STM32C092RCT6, STM32G071K8TXN, STM32G071K8UXN, STM32G081GBU6N, STM32G081KBT6N, STM32G081KBUXN, STM32G0B1CCT6N, STM32G0B1KCT6, STM32G0B1NEY6TR, STM32G0B1RCT6N, STM32G0C1CCT6, STM32G0C1CCT6N, STM32G0C1CCU6N, STM32G0C1CET6N, STM32G0C1CEU6N, STM32G0C1KCT6, STM32G0C1NEY6TR, STM32G0C1RCI6N, STM32G0C1RCT6N, STM32G0C1REI6N, STM32G0C1RET6N, STM32G0C1VCI6, STM32G0C1VEI6, STM32G411C6T3, STM32G411C6T6, STM32G411C6U3, STM32G411C6U6, STM32G411C8T3, STM32G411C8T6, STM32G411C8U3, STM32G411C8U6, STM32G411CBT3, STM32G411CBT6, STM32G411CBU3, STM32G411CBU6, STM32G411K6T3, STM32G411K6T6, STM32G411K6U3, STM32G411K6U6, STM32G411K8T3, STM32G411K8T6, STM32G411K8U3, STM32G411K8U6, STM32G411KBT3, STM32G411KBT6, STM32G411KBU3, STM32G411KBU6, STM32G411M6T3, STM32G411M6T6, STM32G411M8T3, STM32G411M8T6, STM32G411MBT3, STM32G411MBT6, STM32G411R6T3, STM32G411R6T6, STM32G411R8T3, STM32G411R8T6, STM32G411RBT3, STM32G411RBT6, STM32G414CBT3, STM32G414CBT6, STM32G414CBU3, STM32G414CBU6, STM32G414CCT3, STM32G414CCT6, STM32G414CCU3, STM32G414CCU6, STM32G414MBT3, STM32G414MBT6, STM32G414MCT3, STM32G414MCT6, STM32G414RBT3, STM32G414RBT6, STM32G414RCT3, STM32G414RCT6, STM32G414VBT3, STM32G414VBT6, STM32G414VCT3, STM32G414VCT6, STM32G431CBT3Z, STM32G431RBT3Z, STM32G471CCT6, STM32G471CCU6, STM32G471CET3, STM32G471CET6, STM32G471CEU3, STM32G471CEU6, STM32G471MCT6, STM32G471MET3, STM32G471MET6, STM32G471MEY6TR, STM32G471QCT6, STM32G471QET3, STM32G471RCT6, STM32G471RET3, STM32G471RET6, STM32G471VCH6, STM32G471VCI6, STM32G471VCT6, STM32G471VEH3, STM32G471VEH6, STM32G471VEI3, STM32G471VEI6, STM32G471VET3, STM32G471VET6, STM32G473QET3Z, STM32G473RET3Z, STM32G474CCT6, STM32G491RET3Z, STM32H503CBT6, STM32H503CBU6, STM32H503EBY6TR, STM32H503KBU6, STM32H503RBT6, STM32H523CCT6, STM32H523CCU6, STM32H523CET6, STM32H523CEU6, STM32H523HEY6TR, STM32H523RCT6, STM32H523RET6, STM32H523VCI6, STM32H523VCT6, STM32H523VEI6, STM32H523VET6, STM32H523ZCJ6, STM32H523ZCT6, STM32H523ZEJ6, STM32H523ZET6, STM32H533CET6, STM32H533CEU6, STM32H533HEY6TR, STM32H533RET6, STM32H533VEI6, STM32H533VET6, STM32H533ZEJ6, STM32H533ZET6, STM32H562AGI6, STM32H562AII6, STM32H562IGK6, STM32H562IGT6, STM32H562IIK6, STM32H562IIT6, STM32H562RGT6, STM32H562RGV6, STM32H562RIT6, STM32H562RIV6, STM32H562VGT6, STM32H562VIT6, STM32H562ZGT6, STM32H562ZIT6, STM32H563AGI6, STM32H563AII3Q, STM32H563AII6, STM32H563IGK6, STM32H563IGT6, STM32H563IIK3Q, STM32H563IIK6, STM32H563IIT3Q, STM32H563IIT6, STM32H563MIY3QTR, STM32H563RGT6, STM32H563RGV6, STM32H563RIT6, STM32H563RIV6, STM32H563VGT6, STM32H563VIT3Q, STM32H563VIT6, STM32H563ZGT6, STM32H563ZIT3Q, STM32H563ZIT6, STM32H573AII3Q, STM32H573AII6, STM32H573I-DK, STM32H573IIK3Q, STM32H573IIK6, STM32H573IIT3Q, STM32H573IIT6, STM32H573MIY3QTR, STM32H573RIT6, STM32H573RIV6, STM32H573VIT3Q, STM32H573VIT6, STM32H573ZIT3Q, STM32H573ZIT6, STM32H7R3A8I6, STM32H7R3I8K6, STM32H7R3I8T6, STM32H7R3L8H6, STM32H7R3L8H6H, STM32H7R3R8V6, STM32H7R3V8H6, STM32H7R3V8T6, STM32H7R3V8Y6TR, STM32H7R3Z8J6, STM32H7R3Z8T6, STM32H7R7A8I6, STM32H7R7I8K6, STM32H7R7I8T6, STM32H7R7L8H6, STM32H7R7L8H6H, STM32H7R7Z8J6, STM32H7S3A8I6, STM32H7S3I8K6, STM32H7S3I8T6, STM32H7S3L8H6, STM32H7S3L8H6H, STM32H7S3R8V6, STM32H7S3V8H6, STM32H7S3V8T6, STM32H7S3V8Y6TR, STM32H7S3Z8J6, STM32H7S3Z8T6, STM32H7S78-DK, STM32H7S7A8I6, STM32H7S7I8K6, STM32H7S7I8T6, STM32H7S7L8H6, STM32H7S7L8H6H, STM32H7S7Z8J6, STM32L4R5QGI6STR, STM32MP131AAE3, STM32MP131AAF3, STM32MP131AAG3, STM32MP131CAE3, STM32MP131CAF3, STM32MP131CAG3, STM32MP131DAE7, STM32MP131DAF7, STM32MP131DAG7, STM32MP131FAE7, STM32MP131FAF7, STM32MP131FAG7, STM32MP133AAE3, STM32MP133AAF3, STM32MP133AAG3, STM32MP133CAE3, STM32MP133CAF3, STM32MP133CAG3, STM32MP133DAE7, STM32MP133DAF7, STM32MP133DAG7, STM32MP133FAE7, STM32MP133FAF7, STM32MP133FAG7, STM32MP135AAE3, STM32MP135AAF3, STM32MP135AAG3, STM32MP135CAE3, STM32MP135CAF3, STM32MP135CAG3, STM32MP135DAE7, STM32MP135DAF7, STM32MP135DAG7, STM32MP135F-DK, STM32MP135FAE7, STM32MP135FAF7, STM32MP135FAF7T, STM32MP135FAF7U, STM32MP135FAG7, STM32MP211AAL3, STM32MP211AAM3, STM32MP211AAN3, STM32MP211AAO3, STM32MP211CAL3, STM32MP211CAM3, STM32MP211CAN3, STM32MP211CAO3, STM32MP211DAL3, STM32MP211DAM3, STM32MP211DAN3, STM32MP211DAO3, STM32MP211FAL3, STM32MP211FAM3, STM32MP211FAN3, STM32MP211FAO3, STM32MP213AAL3, STM32MP213AAM3, STM32MP213AAN3, STM32MP213AAO3, STM32MP213CAL3, STM32MP213CAM3, STM32MP213CAN3, STM32MP213CAO3, STM32MP213DAL3, STM32MP213DAM3, STM32MP213DAN3, STM32MP213DAO3, STM32MP213FAL3, STM32MP213FAM3, STM32MP213FAN3, STM32MP213FAO3, STM32MP215AAL3, STM32MP215AAM3, STM32MP215AAN3, STM32MP215AAO3, STM32MP215CAL3, STM32MP215CAM3, STM32MP215CAN3, STM32MP215CAO3, STM32MP215DAL3, STM32MP215DAM3, STM32MP215DAN3, STM32MP215DAO3, STM32MP215F-DK, STM32MP215FAL3, STM32MP215FAM3, STM32MP215FAN3, STM32MP215FAO3, STM32MP231AAJ3, STM32MP231AAK3, STM32MP231AAL3, STM32MP231CAJ3, STM32MP231CAK3, STM32MP231CAL3, STM32MP231DAJ3, STM32MP231DAK3, STM32MP231DAL3, STM32MP231FAJ3, STM32MP231FAK3, STM32MP231FAL3, STM32MP233AAJ3, STM32MP233AAK3, STM32MP233AAL3, STM32MP233CAJ3, STM32MP233CAK3, STM32MP233CAL3, STM32MP233DAJ3, STM32MP233DAK3, STM32MP233DAL3, STM32MP233FAJ3, STM32MP233FAK3, STM32MP233FAL3, STM32MP235AAJ3, STM32MP235AAK3, STM32MP235AAL3, STM32MP235CAJ3, STM32MP235CAK3, STM32MP235CAL3, STM32MP235DAJ3, STM32MP235DAK3, STM32MP235DAL3, STM32MP235FAJ3, STM32MP235FAK3, STM32MP235FAL3, STM32MP251AAI3, STM32MP251AAK3, STM32MP251AAL3, STM32MP251CAI3, STM32MP251CAK3, STM32MP251CAL3, STM32MP251DAI3, STM32MP251DAK3, STM32MP251DAL3, STM32MP251FAI3, STM32MP251FAK3, STM32MP251FAL3, STM32MP253AAI3, STM32MP253AAK3, STM32MP253AAL3, STM32MP253CAI3, STM32MP253CAK3, STM32MP253CAL3, STM32MP253DAI3, STM32MP253DAK3, STM32MP253DAL3, STM32MP253FAI3, STM32MP253FAK3, STM32MP253FAL3, STM32MP255AAI3, STM32MP255AAK3, STM32MP255AAL3, STM32MP255CAI3, STM32MP255CAK3, STM32MP255CAL3, STM32MP255DAI3, STM32MP255DAK3, STM32MP255DAL3, STM32MP255FAI3, STM32MP255FAK3, STM32MP255FAL3, STM32MP257AAI3, STM32MP257AAK3, STM32MP257AAL3, STM32MP257CAI3, STM32MP257CAK3, STM32MP257CAL3, STM32MP257DAI3, STM32MP257DAK3, STM32MP257DAL3, STM32MP257F-DK, STM32MP257F-EV1, STM32MP257FAI3, STM32MP257FAK3, STM32MP257FAL3, STM32N645A0H3Q, STM32N645B0H3Q, STM32N645I0H3Q, STM32N645L0H3Q, STM32N645X0H3Q, STM32N645Z0H3Q, STM32N647A0H3Q, STM32N647B0H3Q, STM32N647I0H3Q, STM32N647L0H3Q, STM32N647X0H3Q, STM32N647Z0H3Q, STM32N655A0H3Q, STM32N655B0H3Q, STM32N655I0H3Q, STM32N655L0H3Q, STM32N655X0H3Q, STM32N655Z0H3Q, STM32N6570-DK, STM32N657A0H3Q, STM32N657B0H3Q, STM32N657I0H3Q, STM32N657L0H3Q, STM32N657X0H3Q, STM32N657Z0H3Q, STM32U031C6T6, STM32U031C6U6, STM32U031C8T6, STM32U031C8U6, STM32U031F4P6, STM32U031F6P6, STM32U031F8P6, STM32U031G6Y6TR, STM32U031G8Y6TR, STM32U031K4U6, STM32U031K6U6, STM32U031K8U6, STM32U031R6I6, STM32U031R6T6, STM32U031R8I6, STM32U031R8T6, STM32U073C8T6, STM32U073C8U6, STM32U073CBT6, STM32U073CBU6, STM32U073CCT6, STM32U073CCU6, STM32U073H8Y6TR, STM32U073HBY6TR, STM32U073HCY6TR, STM32U073K8U6, STM32U073KBU6, STM32U073KCU6, STM32U073M8I6, STM32U073M8T6, STM32U073MBI6, STM32U073MBT6, STM32U073MCI6, STM32U073MCT6, STM32U073R8I6, STM32U073R8T6, STM32U073RBI6, STM32U073RBT6, STM32U073RCI6, STM32U073RCT6, STM32U083C-DK, STM32U083CCT6, STM32U083CCU6, STM32U083HCY6TR, STM32U083KCU6, STM32U083MCI6, STM32U083MCT6, STM32U083RCI6, STM32U083RCT6, STM32U375CET6, STM32U375CET6Q, STM32U375CEU6, STM32U375CEU6Q, STM32U375CEY6QTR, STM32U375CGT6, STM32U375CGT6Q, STM32U375CGU6, STM32U375CGU6Q, STM32U375CGY6QTR, STM32U375KEU6, STM32U375KGU6, STM32U375REI6, STM32U375REI6Q, STM32U375RET6, STM32U375RET6Q, STM32U375REY6GTR, STM32U375REY6QTR, STM32U375RGI6, STM32U375RGI6Q, STM32U375RGT6, STM32U375RGT6Q, STM32U375RGY6GTR, STM32U375RGY6QTR, STM32U375VEI6, STM32U375VEI6Q, STM32U375VET6, STM32U375VET6Q, STM32U375VGI6, STM32U375VGI6Q, STM32U375VGT6, STM32U375VGT6Q, STM32U385CGT6, STM32U385CGT6Q, STM32U385CGU6, STM32U385CGU6Q, STM32U385CGY6QTR, STM32U385KGU6, STM32U385RGI6, STM32U385RGI6Q, STM32U385RGT6, STM32U385RGT6Q, STM32U385RGY6GTR, STM32U385RGY6QTR, STM32U385VGI6, STM32U385VGI6Q, STM32U385VGT6, STM32U385VGT6Q, STM32U535CBT6, STM32U535CBT6Q, STM32U535CBU6, STM32U535CBU6Q, STM32U535CCT6, STM32U535CCT6Q, STM32U535CCU6, STM32U535CCU6Q, STM32U535CET6, STM32U535CET6Q, STM32U535CEU6, STM32U535CEU6Q, STM32U535JEY6QTR, STM32U535NCY6QTR, STM32U535NEY6QTR, STM32U535RBI6, STM32U535RBI6Q, STM32U535RBT6, STM32U535RBT6Q, STM32U535RCI6, STM32U535RCI6Q, STM32U535RCT6, STM32U535RCT6Q, STM32U535REI6, STM32U535REI6Q, STM32U535RET6, STM32U535RET6Q, STM32U535VCI6, STM32U535VCI6Q, STM32U535VCT6, STM32U535VCT6Q, STM32U535VEI6, STM32U535VEI6Q, STM32U535VET6, STM32U535VET6Q, STM32U545CET6, STM32U545CET6Q, STM32U545CEU6, STM32U545CEU6Q, STM32U545JEY6QTR, STM32U545NEY6QTR, STM32U545REI6, STM32U545REI6Q, STM32U545RET6, STM32U545RET6Q, STM32U545VEI6, STM32U545VEI6Q, STM32U545VET6, STM32U545VET6Q, STM32U595AIH6, STM32U595AIH6Q, STM32U595AJH6, STM32U595AJH6Q, STM32U595QII6, STM32U595QII6Q, STM32U595QJI6, STM32U595QJI6Q, STM32U595RIT6, STM32U595RIT6Q, STM32U595RJT6, STM32U595RJT6Q, STM32U595VIT6, STM32U595VIT6Q, STM32U595VJT6, STM32U595VJT6Q, STM32U595ZIT6, STM32U595ZIT6Q, STM32U595ZIY6QTR, STM32U595ZJT6, STM32U595ZJT6Q, STM32U595ZJY6QTR, STM32U599BJY6QTR, STM32U599NIH6Q, STM32U599NJH6Q, STM32U599VIT6Q, STM32U599VJT6, STM32U599VJT6Q, STM32U599ZIT6Q, STM32U599ZIY6QTR, STM32U599ZJT6Q, STM32U599ZJY6QTR, STM32U5A5AJH6, STM32U5A5AJH6Q, STM32U5A5QII3Q , STM32U5A5QJI6, STM32U5A5QJI6Q, STM32U5A5RJT6, STM32U5A5RJT6Q, STM32U5A5VJT6, STM32U5A5VJT6Q, STM32U5A5ZJT6, STM32U5A5ZJT6Q, STM32U5A5ZJY6QTR, STM32U5A9BJY6QTR, STM32U5A9J-DK, STM32U5A9NJH6Q, STM32U5A9VJT6Q, STM32U5A9ZJT6Q, STM32U5A9ZJY6QTR, STM32U5F7VIT6, STM32U5F7VIT6Q, STM32U5F7VJT6, STM32U5F7VJT6Q, STM32U5F9BJY6QTR, STM32U5F9NJH6Q, STM32U5F9VIT6Q, STM32U5F9VJT6Q, STM32U5F9ZIJ6QTR, STM32U5F9ZIT6Q, STM32U5F9ZJJ6QTR, STM32U5F9ZJT6Q, STM32U5G7VJT6, STM32U5G7VJT6Q, STM32U5G9BJY6QTR, STM32U5G9J-DK1, STM32U5G9J-DK2, STM32U5G9NJH6Q, STM32U5G9VJT6Q, STM32U5G9ZJJ6QTR, STM32U5G9ZJT6Q, STM32WB05KZV6TR, STM32WB05KZV7TR, STM32WB05TZF6TR, STM32WB05TZF7TR, STM32WB06CCF6TR, STM32WB06CCF7TR, STM32WB06CCV6TR, STM32WB06CCV7TR, STM32WB06KCV6TR, STM32WB06KCV7TR, STM32WB07CCF6TR, STM32WB07CCF7TR, STM32WB07CCV6TR, STM32WB07CCV7TR, STM32WB07KCV6TR, STM32WB07KCV7TR, STM32WB09KEV6TR, STM32WB09KEV7TR, STM32WB09TEF6TR, STM32WB09TEF7TR, STM32WB1MMCH6, STM32WBA50KGU6, STM32WBA50KGU6TR, STM32WBA52CEU6, STM32WBA52CEU6TR, STM32WBA52CEU7, STM32WBA52CEU7TR, STM32WBA52CGU6, STM32WBA52CGU6TR, STM32WBA52CGU6U, STM32WBA52CGU7, STM32WBA52CGU7TR, STM32WBA52KEU6, STM32WBA52KEU6TR, STM32WBA52KGU6, STM32WBA52KGU6TR, STM32WBA54CEU6, STM32WBA54CEU6TR, STM32WBA54CEU7, STM32WBA54CEU7TR, STM32WBA54CGU6, STM32WBA54CGU6TR, STM32WBA54CGU7, STM32WBA54CGU7TR, STM32WBA54KEU6, STM32WBA54KEU6TR, STM32WBA54KEU7, STM32WBA54KEU7TR, STM32WBA54KGU6, STM32WBA54KGU6TR, STM32WBA54KGU7, STM32WBA54KGU7TR, STM32WBA55CEU6, STM32WBA55CEU6TR, STM32WBA55CEU7, STM32WBA55CEU7TR, STM32WBA55CGU6, STM32WBA55CGU6TR, STM32WBA55CGU6U, STM32WBA55CGU7, STM32WBA55CGU7TR, STM32WBA55G-DK1, STM32WBA55HEF6, STM32WBA55HEF7, STM32WBA55HGF6, STM32WBA55HGF7, STM32WBA55UEI6, STM32WBA55UEI6TR, STM32WBA55UEI7, STM32WBA55UEI7TR, STM32WBA55UGI6, STM32WBA55UGI6TR, STM32WBA55UGI7, STM32WBA55UGI7TR, STM32WBA5MMGH6TR, STM32WBA62MGF6, STM32WBA62MIF6, STM32WBA65MGF7, STM32WBA65MIF6, STM32WBA65MIF7, STM32WL30K8V6, STM32WL30KBV6, STM32WL31C8V6, STM32WL31CBV6, STM32WL31K8V6, STM32WL31KBV6, STM32WL33C8V6, STM32WL33C8V6X, STM32WL33CBV6, STM32WL33CBV6X, STM32WL33CCV6, STM32WL33CCV6A, STM32WL33CCV6X, STM32WL33K8V7, STM32WL33K8V7X, STM32WL33KBV7 , STM32WL33KBV7X, STM32WL33KCV7, STM32WL33KCV7X, STM32WL5MOCH6, STM32WL5MOCH6TR]
2025-12-25 12:09:52,364 [INFO] DbMcus:218 - Found 4876 MCUs, 4876 are supported
2025-12-25 12:09:52,365 [INFO] ApiDb:423 - Load user favorites file C:\Users\aditi/.stm32cubeide/favorites.mcus.txt: 0 item(s)
2025-12-25 12:09:52,365 [INFO] ApiDb:427 - User favorites MCUs=[]
2025-12-25 12:09:52,365 [INFO] DbMcus:224 - Set 0 / 0 favorites MCUs
2025-12-25 12:09:52,763 [INFO] ApiDb:668 - CubeFinder database Data Model version=2.1
2025-12-25 12:09:52,764 [INFO] ApiDb:669 - CubeFinder database Configuration version=3.0.39
2025-12-25 12:09:52,764 [INFO] ApiDb:670 - CubeFinder database generation date=2025-11-05 (1762334721)
2025-12-25 12:09:52,764 [INFO] ApiDb:671 - CubeFinder database FW Pack versions=[FP-ATR-ASTRA1_V2.0.0, FP-SNS-FLIGHT1_V5.1.0, FP-SNS-MOTENV1_V5.1.0, FP-SNS-MOTENVWB1_V1.4.0, FP-SNS-SMARTAG2_V1.2.0, FP-SNS-STBOX1_V2.1.0, STM32Cube_FW_C0_V1.4.0, STM32Cube_FW_F4_V1.28.3, STM32Cube_FW_F7_V1.17.4, STM32Cube_FW_G0_V1.6.2, STM32Cube_FW_G4_V1.6.1, STM32Cube_FW_H5_V1.5.1, STM32Cube_FW_H7RS_V1.3.0, STM32Cube_FW_H7_V1.12.1, STM32Cube_FW_L0_V1.12.2, STM32Cube_FW_L4_V1.18.1, STM32Cube_FW_L5_V1.6.0, STM32Cube_FW_N6_V1.3.0, STM32Cube_FW_U0_V1.3.0, STM32Cube_FW_U3_V1.2.1, STM32Cube_FW_U5_V1.8.0, STM32Cube_FW_WB0_V1.4.0, STM32Cube_FW_WBA_V1.8.0, STM32Cube_FW_WB_V1.24.0, STM32Cube_FW_WL3_V1.3.0, STM32Cube_FW_WL_V1.4.0, X-CUBE-ALGOBUILD_V1.4.0, X-CUBE-ALS_V1.0.2, X-CUBE-AZRTOS-F4_V1.1.0, X-CUBE-AZRTOS-F7_V1.1.0, X-CUBE-AZRTOS-G0_V1.1.0, X-CUBE-AZRTOS-G4_V2.0.0, X-CUBE-AZRTOS-H7RS_V1.1.0, X-CUBE-AZRTOS-H7_V3.4.0, X-CUBE-AZRTOS-L4_V2.0.0, X-CUBE-AZRTOS-L5_V2.0.0, X-CUBE-AZRTOS-WB_V2.0.0, X-CUBE-AZRTOS-WL_V2.0.0, X-CUBE-BLE1_V7.1.0, X-CUBE-BLE2_V3.3.0, X-CUBE-BLEMGR_V4.1.0, X-CUBE-EEPRMA1_V5.2.0, X-CUBE-FREERTOS_V1.3.1, X-CUBE-GNSS1_V6.0.0, X-CUBE-MEMS1_V11.3.0, X-CUBE-NFC4_V3.0.0, X-CUBE-NFC7_V2.0.0, X-CUBE-SFXS2LP1_V4.0.0, X-CUBE-ST67W61_V1.1.0, X-CUBE-SUBG2_V5.0.0, X-CUBE-TOF1_V3.4.3]
2025-12-25 12:09:52,847 [INFO] DbBoardsSqlite:226 - include board P-NUCLEO-WB55-NUCLEO as a kit item of type 'Nucleo-64'
2025-12-25 12:09:52,848 [INFO] DbBoardsSqlite:226 - include board P-NUCLEO-WB55-USBDONGLE as a kit item of type 'Nucleo USB Dongle'
2025-12-25 12:09:52,848 [INFO] DbBoardsSqlite:226 - include board STEVAL-IDP005V1 as a kit item of type 'Evaluation Board'
2025-12-25 12:09:52,848 [INFO] DbBoardsSqlite:226 - include board STEVAL-IDP005V2 as a kit item of type 'Evaluation Board'
2025-12-25 12:09:52,954 [INFO] ApiDb:240 - Found 880 in-development CPN: [B-G473E-ZEST1S, B-WB1M-WPAN1, B-WBA5M-WPAN, B-WL5M-SUBG1, NUCLEO-C031C6, NUCLEO-C051C8, NUCLEO-C071RB, NUCLEO-C092RC, NUCLEO-H503RB, NUCLEO-H533RE, NUCLEO-H563ZI, NUCLEO-H7S3L8, NUCLEO-N657X0-Q, NUCLEO-U031R8, NUCLEO-U083RC, NUCLEO-U385RG-Q, NUCLEO-U545RE-Q, NUCLEO-U5A5ZJ-Q, NUCLEO-WB05KZ, NUCLEO-WB07CC, NUCLEO-WB09KE, NUCLEO-WBA52CG, NUCLEO-WBA55CG, NUCLEO-WL33CC1, NUCLEO-WL33CC2, STEVAL-PROTEUS1, STEVAL-SMARTAG2, STEVAL-STWINBX1, STM320518-EVAL, STM32C0116-DK, STM32C011D6Y3TR, STM32C011D6Y6TR, STM32C011F4P3, STM32C011F4P6, STM32C011F4U3, STM32C011F4U6TR, STM32C011F6P3, STM32C011F6P6, STM32C011F6U3, STM32C011F6U6TR, STM32C011J4M3, STM32C011J4M6, STM32C011J6M3, STM32C011J6M6, STM32C0316-DK, STM32C031C4T3, STM32C031C4T6, STM32C031C4U3, STM32C031C4U6, STM32C031C6T3, STM32C031C6T6, STM32C031C6U3, STM32C031C6U6, STM32C031F4P3, STM32C031F4P6, STM32C031F6P3, STM32C031F6P6, STM32C031G4U3, STM32C031G4U6, STM32C031G6U3, STM32C031G6U6, STM32C031K4T3, STM32C031K4T6, STM32C031K4U3, STM32C031K4U6, STM32C031K6T3, STM32C031K6T6, STM32C031K6U3, STM32C031K6U6, STM32C051C6T6, STM32C051C6U6, STM32C051C8T6, STM32C051C8U6, STM32C051D8Y6TR, STM32C051F6P6, STM32C051F8P6, STM32C051G6U6, STM32C051G8U6, STM32C051K6T6, STM32C051K6U6, STM32C051K8T6, STM32C071C8T6, STM32C071C8T6N, STM32C071C8U6, STM32C071C8U6N, STM32C071CBT6, STM32C071CBT6N, STM32C071CBU6, STM32C071CBU6N, STM32C071F8P6, STM32C071F8P6N, STM32C071FBP6, STM32C071FBP6N, STM32C071FBY6TR, STM32C071G8U6, STM32C071G8U6N, STM32C071GBU6, STM32C071GBU6N, STM32C071K8T6, STM32C071K8T6N, STM32C071K8U6, STM32C071K8U6N, STM32C071KBT6, STM32C071KBT6N, STM32C071KBU6, STM32C071KBU6N, STM32C071R8T6, STM32C071R8T6N, STM32C071RBI6N, STM32C071RBT6, STM32C071RBT6N, STM32C091CBT6, STM32C091CBU6, STM32C091CCT6, STM32C091CCU6, STM32C091ECY6TR, STM32C091FBP6, STM32C091FCP6, STM32C091GBU6, STM32C091GCU6, STM32C091KBT6, STM32C091KBU6, STM32C091KCT6, STM32C091KCU6, STM32C091RBT6, STM32C091RCI6, STM32C091RCT6, STM32C092CBT6, STM32C092CBU6, STM32C092CCT6, STM32C092CCU6, STM32C092ECY6TR, STM32C092FBP6, STM32C092FCP6, STM32C092GBU6, STM32C092GCU6, STM32C092KBT6, STM32C092KBU6, STM32C092KCT6, STM32C092KCU6, STM32C092RBT6, STM32C092RCI6, STM32C092RCT6, STM32G071K8TXN, STM32G071K8UXN, STM32G081GBU6N, STM32G081KBT6N, STM32G081KBUXN, STM32G0B1CCT6N, STM32G0B1KCT6, STM32G0B1NEY6TR, STM32G0B1RCT6N, STM32G0C1CCT6, STM32G0C1CCT6N, STM32G0C1CCU6N, STM32G0C1CET6N, STM32G0C1CEU6N, STM32G0C1KCT6, STM32G0C1NEY6TR, STM32G0C1RCI6N, STM32G0C1RCT6N, STM32G0C1REI6N, STM32G0C1RET6N, STM32G0C1VCI6, STM32G0C1VEI6, STM32G411C6T3, STM32G411C6T6, STM32G411C6U3, STM32G411C6U6, STM32G411C8T3, STM32G411C8T6, STM32G411C8U3, STM32G411C8U6, STM32G411CBT3, STM32G411CBT6, STM32G411CBU3, STM32G411CBU6, STM32G411K6T3, STM32G411K6T6, STM32G411K6U3, STM32G411K6U6, STM32G411K8T3, STM32G411K8T6, STM32G411K8U3, STM32G411K8U6, STM32G411KBT3, STM32G411KBT6, STM32G411KBU3, STM32G411KBU6, STM32G411M6T3, STM32G411M6T6, STM32G411M8T3, STM32G411M8T6, STM32G411MBT3, STM32G411MBT6, STM32G411R6T3, STM32G411R6T6, STM32G411R8T3, STM32G411R8T6, STM32G411RBT3, STM32G411RBT6, STM32G414CBT3, STM32G414CBT6, STM32G414CBU3, STM32G414CBU6, STM32G414CCT3, STM32G414CCT6, STM32G414CCU3, STM32G414CCU6, STM32G414MBT3, STM32G414MBT6, STM32G414MCT3, STM32G414MCT6, STM32G414RBT3, STM32G414RBT6, STM32G414RCT3, STM32G414RCT6, STM32G414VBT3, STM32G414VBT6, STM32G414VCT3, STM32G414VCT6, STM32G431CBT3Z, STM32G431RBT3Z, STM32G471CCT6, STM32G471CCU6, STM32G471CET3, STM32G471CET6, STM32G471CEU3, STM32G471CEU6, STM32G471MCT6, STM32G471MET3, STM32G471MET6, STM32G471MEY6TR, STM32G471QCT6, STM32G471QET3, STM32G471RCT6, STM32G471RET3, STM32G471RET6, STM32G471VCH6, STM32G471VCI6, STM32G471VCT6, STM32G471VEH3, STM32G471VEH6, STM32G471VEI3, STM32G471VEI6, STM32G471VET3, STM32G471VET6, STM32G473QET3Z, STM32G473RET3Z, STM32G474CCT6, STM32G491RET3Z, STM32H503CBT6, STM32H503CBU6, STM32H503EBY6TR, STM32H503KBU6, STM32H503RBT6, STM32H523CCT6, STM32H523CCU6, STM32H523CET6, STM32H523CEU6, STM32H523HEY6TR, STM32H523RCT6, STM32H523RET6, STM32H523VCI6, STM32H523VCT6, STM32H523VEI6, STM32H523VET6, STM32H523ZCJ6, STM32H523ZCT6, STM32H523ZEJ6, STM32H523ZET6, STM32H533CET6, STM32H533CEU6, STM32H533HEY6TR, STM32H533RET6, STM32H533VEI6, STM32H533VET6, STM32H533ZEJ6, STM32H533ZET6, STM32H562AGI6, STM32H562AII6, STM32H562IGK6, STM32H562IGT6, STM32H562IIK6, STM32H562IIT6, STM32H562RGT6, STM32H562RGV6, STM32H562RIT6, STM32H562RIV6, STM32H562VGT6, STM32H562VIT6, STM32H562ZGT6, STM32H562ZIT6, STM32H563AGI6, STM32H563AII3Q, STM32H563AII6, STM32H563IGK6, STM32H563IGT6, STM32H563IIK3Q, STM32H563IIK6, STM32H563IIT3Q, STM32H563IIT6, STM32H563MIY3QTR, STM32H563RGT6, STM32H563RGV6, STM32H563RIT6, STM32H563RIV6, STM32H563VGT6, STM32H563VIT3Q, STM32H563VIT6, STM32H563ZGT6, STM32H563ZIT3Q, STM32H563ZIT6, STM32H573AII3Q, STM32H573AII6, STM32H573I-DK, STM32H573IIK3Q, STM32H573IIK6, STM32H573IIT3Q, STM32H573IIT6, STM32H573MIY3QTR, STM32H573RIT6, STM32H573RIV6, STM32H573VIT3Q, STM32H573VIT6, STM32H573ZIT3Q, STM32H573ZIT6, STM32H7R3A8I6, STM32H7R3I8K6, STM32H7R3I8T6, STM32H7R3L8H6, STM32H7R3L8H6H, STM32H7R3R8V6, STM32H7R3V8H6, STM32H7R3V8T6, STM32H7R3V8Y6TR, STM32H7R3Z8J6, STM32H7R3Z8T6, STM32H7R7A8I6, STM32H7R7I8K6, STM32H7R7I8T6, STM32H7R7L8H6, STM32H7R7L8H6H, STM32H7R7Z8J6, STM32H7S3A8I6, STM32H7S3I8K6, STM32H7S3I8T6, STM32H7S3L8H6, STM32H7S3L8H6H, STM32H7S3R8V6, STM32H7S3V8H6, STM32H7S3V8T6, STM32H7S3V8Y6TR, STM32H7S3Z8J6, STM32H7S3Z8T6, STM32H7S78-DK, STM32H7S7A8I6, STM32H7S7I8K6, STM32H7S7I8T6, STM32H7S7L8H6, STM32H7S7L8H6H, STM32H7S7Z8J6, STM32L4R5QGI6STR, STM32MP131AAE3, STM32MP131AAF3, STM32MP131AAG3, STM32MP131CAE3, STM32MP131CAF3, STM32MP131CAG3, STM32MP131DAE7, STM32MP131DAF7, STM32MP131DAG7, STM32MP131FAE7, STM32MP131FAF7, STM32MP131FAG7, STM32MP133AAE3, STM32MP133AAF3, STM32MP133AAG3, STM32MP133CAE3, STM32MP133CAF3, STM32MP133CAG3, STM32MP133DAE7, STM32MP133DAF7, STM32MP133DAG7, STM32MP133FAE7, STM32MP133FAF7, STM32MP133FAG7, STM32MP135AAE3, STM32MP135AAF3, STM32MP135AAG3, STM32MP135CAE3, STM32MP135CAF3, STM32MP135CAG3, STM32MP135DAE7, STM32MP135DAF7, STM32MP135DAG7, STM32MP135F-DK, STM32MP135FAE7, STM32MP135FAF7, STM32MP135FAF7T, STM32MP135FAF7U, STM32MP135FAG7, STM32MP211AAL3, STM32MP211AAM3, STM32MP211AAN3, STM32MP211AAO3, STM32MP211CAL3, STM32MP211CAM3, STM32MP211CAN3, STM32MP211CAO3, STM32MP211DAL3, STM32MP211DAM3, STM32MP211DAN3, STM32MP211DAO3, STM32MP211FAL3, STM32MP211FAM3, STM32MP211FAN3, STM32MP211FAO3, STM32MP213AAL3, STM32MP213AAM3, STM32MP213AAN3, STM32MP213AAO3, STM32MP213CAL3, STM32MP213CAM3, STM32MP213CAN3, STM32MP213CAO3, STM32MP213DAL3, STM32MP213DAM3, STM32MP213DAN3, STM32MP213DAO3, STM32MP213FAL3, STM32MP213FAM3, STM32MP213FAN3, STM32MP213FAO3, STM32MP215AAL3, STM32MP215AAM3, STM32MP215AAN3, STM32MP215AAO3, STM32MP215CAL3, STM32MP215CAM3, STM32MP215CAN3, STM32MP215CAO3, STM32MP215DAL3, STM32MP215DAM3, STM32MP215DAN3, STM32MP215DAO3, STM32MP215F-DK, STM32MP215FAL3, STM32MP215FAM3, STM32MP215FAN3, STM32MP215FAO3, STM32MP231AAJ3, STM32MP231AAK3, STM32MP231AAL3, STM32MP231CAJ3, STM32MP231CAK3, STM32MP231CAL3, STM32MP231DAJ3, STM32MP231DAK3, STM32MP231DAL3, STM32MP231FAJ3, STM32MP231FAK3, STM32MP231FAL3, STM32MP233AAJ3, STM32MP233AAK3, STM32MP233AAL3, STM32MP233CAJ3, STM32MP233CAK3, STM32MP233CAL3, STM32MP233DAJ3, STM32MP233DAK3, STM32MP233DAL3, STM32MP233FAJ3, STM32MP233FAK3, STM32MP233FAL3, STM32MP235AAJ3, STM32MP235AAK3, STM32MP235AAL3, STM32MP235CAJ3, STM32MP235CAK3, STM32MP235CAL3, STM32MP235DAJ3, STM32MP235DAK3, STM32MP235DAL3, STM32MP235FAJ3, STM32MP235FAK3, STM32MP235FAL3, STM32MP251AAI3, STM32MP251AAK3, STM32MP251AAL3, STM32MP251CAI3, STM32MP251CAK3, STM32MP251CAL3, STM32MP251DAI3, STM32MP251DAK3, STM32MP251DAL3, STM32MP251FAI3, STM32MP251FAK3, STM32MP251FAL3, STM32MP253AAI3, STM32MP253AAK3, STM32MP253AAL3, STM32MP253CAI3, STM32MP253CAK3, STM32MP253CAL3, STM32MP253DAI3, STM32MP253DAK3, STM32MP253DAL3, STM32MP253FAI3, STM32MP253FAK3, STM32MP253FAL3, STM32MP255AAI3, STM32MP255AAK3, STM32MP255AAL3, STM32MP255CAI3, STM32MP255CAK3, STM32MP255CAL3, STM32MP255DAI3, STM32MP255DAK3, STM32MP255DAL3, STM32MP255FAI3, STM32MP255FAK3, STM32MP255FAL3, STM32MP257AAI3, STM32MP257AAK3, STM32MP257AAL3, STM32MP257CAI3, STM32MP257CAK3, STM32MP257CAL3, STM32MP257DAI3, STM32MP257DAK3, STM32MP257DAL3, STM32MP257F-DK, STM32MP257F-EV1, STM32MP257FAI3, STM32MP257FAK3, STM32MP257FAL3, STM32N645A0H3Q, STM32N645B0H3Q, STM32N645I0H3Q, STM32N645L0H3Q, STM32N645X0H3Q, STM32N645Z0H3Q, STM32N647A0H3Q, STM32N647B0H3Q, STM32N647I0H3Q, STM32N647L0H3Q, STM32N647X0H3Q, STM32N647Z0H3Q, STM32N655A0H3Q, STM32N655B0H3Q, STM32N655I0H3Q, STM32N655L0H3Q, STM32N655X0H3Q, STM32N655Z0H3Q, STM32N6570-DK, STM32N657A0H3Q, STM32N657B0H3Q, STM32N657I0H3Q, STM32N657L0H3Q, STM32N657X0H3Q, STM32N657Z0H3Q, STM32U031C6T6, STM32U031C6U6, STM32U031C8T6, STM32U031C8U6, STM32U031F4P6, STM32U031F6P6, STM32U031F8P6, STM32U031G6Y6TR, STM32U031G8Y6TR, STM32U031K4U6, STM32U031K6U6, STM32U031K8U6, STM32U031R6I6, STM32U031R6T6, STM32U031R8I6, STM32U031R8T6, STM32U073C8T6, STM32U073C8U6, STM32U073CBT6, STM32U073CBU6, STM32U073CCT6, STM32U073CCU6, STM32U073H8Y6TR, STM32U073HBY6TR, STM32U073HCY6TR, STM32U073K8U6, STM32U073KBU6, STM32U073KCU6, STM32U073M8I6, STM32U073M8T6, STM32U073MBI6, STM32U073MBT6, STM32U073MCI6, STM32U073MCT6, STM32U073R8I6, STM32U073R8T6, STM32U073RBI6, STM32U073RBT6, STM32U073RCI6, STM32U073RCT6, STM32U083C-DK, STM32U083CCT6, STM32U083CCU6, STM32U083HCY6TR, STM32U083KCU6, STM32U083MCI6, STM32U083MCT6, STM32U083RCI6, STM32U083RCT6, STM32U375CET6, STM32U375CET6Q, STM32U375CEU6, STM32U375CEU6Q, STM32U375CEY6QTR, STM32U375CGT6, STM32U375CGT6Q, STM32U375CGU6, STM32U375CGU6Q, STM32U375CGY6QTR, STM32U375KEU6, STM32U375KGU6, STM32U375REI6, STM32U375REI6Q, STM32U375RET6, STM32U375RET6Q, STM32U375REY6GTR, STM32U375REY6QTR, STM32U375RGI6, STM32U375RGI6Q, STM32U375RGT6, STM32U375RGT6Q, STM32U375RGY6GTR, STM32U375RGY6QTR, STM32U375VEI6, STM32U375VEI6Q, STM32U375VET6, STM32U375VET6Q, STM32U375VGI6, STM32U375VGI6Q, STM32U375VGT6, STM32U375VGT6Q, STM32U385CGT6, STM32U385CGT6Q, STM32U385CGU6, STM32U385CGU6Q, STM32U385CGY6QTR, STM32U385KGU6, STM32U385RGI6, STM32U385RGI6Q, STM32U385RGT6, STM32U385RGT6Q, STM32U385RGY6GTR, STM32U385RGY6QTR, STM32U385VGI6, STM32U385VGI6Q, STM32U385VGT6, STM32U385VGT6Q, STM32U535CBT6, STM32U535CBT6Q, STM32U535CBU6, STM32U535CBU6Q, STM32U535CCT6, STM32U535CCT6Q, STM32U535CCU6, STM32U535CCU6Q, STM32U535CET6, STM32U535CET6Q, STM32U535CEU6, STM32U535CEU6Q, STM32U535JEY6QTR, STM32U535NCY6QTR, STM32U535NEY6QTR, STM32U535RBI6, STM32U535RBI6Q, STM32U535RBT6, STM32U535RBT6Q, STM32U535RCI6, STM32U535RCI6Q, STM32U535RCT6, STM32U535RCT6Q, STM32U535REI6, STM32U535REI6Q, STM32U535RET6, STM32U535RET6Q, STM32U535VCI6, STM32U535VCI6Q, STM32U535VCT6, STM32U535VCT6Q, STM32U535VEI6, STM32U535VEI6Q, STM32U535VET6, STM32U535VET6Q, STM32U545CET6, STM32U545CET6Q, STM32U545CEU6, STM32U545CEU6Q, STM32U545JEY6QTR, STM32U545NEY6QTR, STM32U545REI6, STM32U545REI6Q, STM32U545RET6, STM32U545RET6Q, STM32U545VEI6, STM32U545VEI6Q, STM32U545VET6, STM32U545VET6Q, STM32U595AIH6, STM32U595AIH6Q, STM32U595AJH6, STM32U595AJH6Q, STM32U595QII6, STM32U595QII6Q, STM32U595QJI6, STM32U595QJI6Q, STM32U595RIT6, STM32U595RIT6Q, STM32U595RJT6, STM32U595RJT6Q, STM32U595VIT6, STM32U595VIT6Q, STM32U595VJT6, STM32U595VJT6Q, STM32U595ZIT6, STM32U595ZIT6Q, STM32U595ZIY6QTR, STM32U595ZJT6, STM32U595ZJT6Q, STM32U595ZJY6QTR, STM32U599BJY6QTR, STM32U599NIH6Q, STM32U599NJH6Q, STM32U599VIT6Q, STM32U599VJT6, STM32U599VJT6Q, STM32U599ZIT6Q, STM32U599ZIY6QTR, STM32U599ZJT6Q, STM32U599ZJY6QTR, STM32U5A5AJH6, STM32U5A5AJH6Q, STM32U5A5QII3Q , STM32U5A5QJI6, STM32U5A5QJI6Q, STM32U5A5RJT6, STM32U5A5RJT6Q, STM32U5A5VJT6, STM32U5A5VJT6Q, STM32U5A5ZJT6, STM32U5A5ZJT6Q, STM32U5A5ZJY6QTR, STM32U5A9BJY6QTR, STM32U5A9J-DK, STM32U5A9NJH6Q, STM32U5A9VJT6Q, STM32U5A9ZJT6Q, STM32U5A9ZJY6QTR, STM32U5F7VIT6, STM32U5F7VIT6Q, STM32U5F7VJT6, STM32U5F7VJT6Q, STM32U5F9BJY6QTR, STM32U5F9NJH6Q, STM32U5F9VIT6Q, STM32U5F9VJT6Q, STM32U5F9ZIJ6QTR, STM32U5F9ZIT6Q, STM32U5F9ZJJ6QTR, STM32U5F9ZJT6Q, STM32U5G7VJT6, STM32U5G7VJT6Q, STM32U5G9BJY6QTR, STM32U5G9J-DK1, STM32U5G9J-DK2, STM32U5G9NJH6Q, STM32U5G9VJT6Q, STM32U5G9ZJJ6QTR, STM32U5G9ZJT6Q, STM32WB05KZV6TR, STM32WB05KZV7TR, STM32WB05TZF6TR, STM32WB05TZF7TR, STM32WB06CCF6TR, STM32WB06CCF7TR, STM32WB06CCV6TR, STM32WB06CCV7TR, STM32WB06KCV6TR, STM32WB06KCV7TR, STM32WB07CCF6TR, STM32WB07CCF7TR, STM32WB07CCV6TR, STM32WB07CCV7TR, STM32WB07KCV6TR, STM32WB07KCV7TR, STM32WB09KEV6TR, STM32WB09KEV7TR, STM32WB09TEF6TR, STM32WB09TEF7TR, STM32WB1MMCH6, STM32WBA50KGU6, STM32WBA50KGU6TR, STM32WBA52CEU6, STM32WBA52CEU6TR, STM32WBA52CEU7, STM32WBA52CEU7TR, STM32WBA52CGU6, STM32WBA52CGU6TR, STM32WBA52CGU6U, STM32WBA52CGU7, STM32WBA52CGU7TR, STM32WBA52KEU6, STM32WBA52KEU6TR, STM32WBA52KGU6, STM32WBA52KGU6TR, STM32WBA54CEU6, STM32WBA54CEU6TR, STM32WBA54CEU7, STM32WBA54CEU7TR, STM32WBA54CGU6, STM32WBA54CGU6TR, STM32WBA54CGU7, STM32WBA54CGU7TR, STM32WBA54KEU6, STM32WBA54KEU6TR, STM32WBA54KEU7, STM32WBA54KEU7TR, STM32WBA54KGU6, STM32WBA54KGU6TR, STM32WBA54KGU7, STM32WBA54KGU7TR, STM32WBA55CEU6, STM32WBA55CEU6TR, STM32WBA55CEU7, STM32WBA55CEU7TR, STM32WBA55CGU6, STM32WBA55CGU6TR, STM32WBA55CGU6U, STM32WBA55CGU7, STM32WBA55CGU7TR, STM32WBA55G-DK1, STM32WBA55HEF6, STM32WBA55HEF7, STM32WBA55HGF6, STM32WBA55HGF7, STM32WBA55UEI6, STM32WBA55UEI6TR, STM32WBA55UEI7, STM32WBA55UEI7TR, STM32WBA55UGI6, STM32WBA55UGI6TR, STM32WBA55UGI7, STM32WBA55UGI7TR, STM32WBA5MMGH6TR, STM32WBA62MGF6, STM32WBA62MIF6, STM32WBA65MGF7, STM32WBA65MIF6, STM32WBA65MIF7, STM32WL30K8V6, STM32WL30KBV6, STM32WL31C8V6, STM32WL31CBV6, STM32WL31K8V6, STM32WL31KBV6, STM32WL33C8V6, STM32WL33C8V6X, STM32WL33CBV6, STM32WL33CBV6X, STM32WL33CCV6, STM32WL33CCV6A, STM32WL33CCV6X, STM32WL33K8V7, STM32WL33K8V7X, STM32WL33KBV7 , STM32WL33KBV7X, STM32WL33KCV7, STM32WL33KCV7X, STM32WL5MOCH6, STM32WL5MOCH6TR]
2025-12-25 12:09:53,290 [INFO] BoardInfo:889 - No configuration file found for board P-NUCLEO-WB55
2025-12-25 12:09:53,291 [INFO] DbBoards:161 - Kit is not supported: P-NUCLEO-WB55
2025-12-25 12:09:53,299 [INFO] BoardInfo:889 - No configuration file found for board STEVAL-BFA001V1B
2025-12-25 12:09:53,300 [INFO] DbBoards:161 - Kit is not supported: STEVAL-BFA001V1B
2025-12-25 12:09:53,301 [INFO] BoardInfo:889 - No configuration file found for board STEVAL-BFA001V2B
2025-12-25 12:09:53,302 [INFO] DbBoards:161 - Kit is not supported: STEVAL-BFA001V2B
2025-12-25 12:09:53,520 [INFO] DbBoards:168 - Found 212 boards, 209 are supported
2025-12-25 12:09:53,520 [INFO] DbBoards:169 - Found 212 boards, 43 of them is supported for  Bsp
2025-12-25 12:09:53,525 [INFO] ApiDb:423 - Load user favorites file C:\Users\aditi/.stm32cubeide/favorites.boards.txt: 1 item(s)
2025-12-25 12:09:53,525 [INFO] ApiDb:427 - User favorites Boards=[STM32F407G-DISC1]
2025-12-25 12:09:53,526 [INFO] DbBoards:198 - Set 1 / 1 favorites Boards
2025-12-25 12:09:53,526 [INFO] McuFinderGlobals:76 - Set McuFinderConnectedMode to true
2025-12-25 12:09:53,548 [INFO] MultiScanPanel:200 - Auto-refresh data requested => check proxy status ongoing
2025-12-25 12:09:53,551 [INFO] FinderPluginLoader:96 - Searching for filters in installed packs
2025-12-25 12:09:55,411 [INFO] LoadUrlFilesThread:185 - End of LoadServerUrlFiles without Thread
2025-12-25 12:09:55,438 [INFO] DetailPanel:341 - Set advertising image to C:/Users/aditi/STM32Cube/Repository/\en.prom-st67w-expansion-board.png
2025-12-25 12:10:00,372 [INFO] MultiScanPanel:200 - Auto-refresh data requested => check proxy status ongoing
2025-12-25 12:10:00,601 [INFO] LoadUrlFilesThread:185 - End of LoadServerUrlFiles without Thread
2025-12-25 12:10:00,601 [INFO] DetailPanel:341 - Set advertising image to C:/Users/aditi/STM32Cube/Repository/\en.prom-st67w-expansion-board.png
2025-12-25 12:10:00,628 [INFO] DbBoards:642 - Loading board mini-images...
2025-12-25 12:10:02,899 [ERROR] DbBoards:659 - Image file not found for board STM32MP215F-DK: C:\Users\aditi\.stmcufinder\plugins\mcufinder//mcu//boards_images/STM32MP215F-DK.jpg
2025-12-25 12:10:03,030 [INFO] DbBoards:665 - Loaded 211 board mini-images
2025-12-25 12:10:55,499 [INFO] MainUpdater:2872 - connection check result : 10
2025-12-25 12:10:55,499 [INFO] MainUpdater:2872 - connection check result : 10
2025-12-25 12:10:55,532 [INFO] MicroXplorer:468 - Change Database Path : 
2025-12-25 12:10:55,532 [INFO] MicroXplorer:498 - Change Database Version : DB.6.0.150
2025-12-25 12:10:55,540 [WARN] ThirdParty:871 - waiting for thirdparty lock release [close project]
2025-12-25 12:10:55,540 [INFO] ThirdParty:873 - entering critical section [close project]
2025-12-25 12:10:55,542 [INFO] ThirdParty:883 - exiting critical section [close project]
2025-12-25 12:10:55,544 [INFO] PinOutPanel:1589 - setPackage(No Configuration,No Configuration)
2025-12-25 12:10:55,546 [INFO] UtilMem:75 - Begin LoadConfig() Used Memory: 940315760 Bytes (1073741824)
2025-12-25 12:10:55,556 [INFO] OpenFileManager:355 - Change cursor
2025-12-25 12:10:55,632 [INFO] ProjectFactory:514 - No CPN specified for board STM32F407G-DISC1 => set CPN to STM32F407VGT6
2025-12-25 12:10:55,633 [INFO] Mcu:2029 - Initializing MCU STM32F407V(E-G)Tx STM32F407VGTx STM32F407VGT6
2025-12-25 12:10:59,019 [INFO] Context:786 - Trying to add GPIOservice into a context  which must be forbidden
2025-12-25 12:10:59,843 [INFO] Rule:233 - rule 117617 - U5Cobra4M][GTZC] default value MPCBB3 and MPCBB5 - Not Secured memory - MPCBB1 is applicable
2025-12-25 12:10:59,843 [INFO] Rule:233 - rule 117617 - U5Cobra4M][GTZC] default value MPCBB3 and MPCBB5 - Not Secured memory - MPCBB1 is applicable
2025-12-25 12:10:59,843 [INFO] Rule:233 - rule 117617 - U5Cobra4M][GTZC] default value MPCBB3 and MPCBB5 - Not Secured memory - MPCBB2 is applicable
2025-12-25 12:10:59,844 [INFO] Rule:233 - rule 117617 - U5Cobra4M][GTZC] default value MPCBB3 and MPCBB5 - Not Secured memory - MPCBB2 is applicable
2025-12-25 12:10:59,844 [INFO] Rule:233 - rule 117617 - U5Cobra4M][GTZC] default value MPCBB3 and MPCBB5 - Not Secured memory - MPCBB3 is applicable
2025-12-25 12:10:59,844 [INFO] Rule:233 - rule 117617 - U5Cobra4M][GTZC] default value MPCBB3 and MPCBB5 - Not Secured memory - MPCBB3 is applicable
2025-12-25 12:10:59,844 [INFO] Rule:233 - rule 117617 - U5Cobra4M][GTZC] default value MPCBB3 and MPCBB5 - Not Secured memory - MPCBB4 is applicable
2025-12-25 12:10:59,844 [INFO] Rule:233 - rule 117617 - U5Cobra4M][GTZC] default value MPCBB3 and MPCBB5 - Not Secured memory - MPCBB4 is applicable
2025-12-25 12:10:59,844 [INFO] Rule:233 - rule 117617 - U5Cobra4M][GTZC] default value MPCBB3 and MPCBB5 - Secured memory - MPCBB1 is applicable
2025-12-25 12:10:59,844 [INFO] Rule:233 - rule 117617 - U5Cobra4M][GTZC] default value MPCBB3 and MPCBB5 - Secured memory - MPCBB2 is applicable
2025-12-25 12:10:59,844 [INFO] Rule:233 - rule 117617 - U5Cobra4M][GTZC] default value MPCBB3 and MPCBB5 - Secured memory - MPCBB3 is applicable
2025-12-25 12:10:59,844 [INFO] Rule:233 - rule 117617 - U5Cobra4M][GTZC] default value MPCBB3 and MPCBB5 - Secured memory - MPCBB4 is applicable
2025-12-25 12:10:59,844 [INFO] Rule:233 - rule 117617 - U5Cobra4M][GTZC] default value MPCBB3 and MPCBB5 - Privileged memory - MPCBB1 is applicable
2025-12-25 12:10:59,845 [INFO] Rule:233 - rule 117617 - U5Cobra4M][GTZC] default value MPCBB3 and MPCBB5 - Privileged memory - MPCBB2 is applicable
2025-12-25 12:10:59,845 [INFO] Rule:233 - rule 117617 - U5Cobra4M][GTZC] default value MPCBB3 and MPCBB5 - Privileged memory - MPCBB3 is applicable
2025-12-25 12:10:59,845 [INFO] Rule:233 - rule 117617 - U5Cobra4M][GTZC] default value MPCBB3 and MPCBB5 - Privileged memory - MPCBB4 is applicable
2025-12-25 12:10:59,845 [INFO] Rule:233 - rule 117617 - U5Cobra4M][GTZC] default value MPCBB3 and MPCBB5 - Not Privileged memory - MPCBB1 is applicable
2025-12-25 12:10:59,845 [INFO] Rule:233 - rule 117617 - U5Cobra4M][GTZC] default value MPCBB3 and MPCBB5 - Not Privileged memory - MPCBB2 is applicable
2025-12-25 12:10:59,845 [INFO] Rule:233 - rule 117617 - U5Cobra4M][GTZC] default value MPCBB3 and MPCBB5 - Not Privileged memory - MPCBB3 is applicable
2025-12-25 12:10:59,845 [INFO] Rule:233 - rule 117617 - U5Cobra4M][GTZC] default value MPCBB3 and MPCBB5 - Not Privileged memory - MPCBB4 is applicable
2025-12-25 12:10:59,845 [INFO] Rule:233 - rule 117617 - U5Cobra4M][GTZC] default value MPCBB3 and MPCBB5 - Privileged memory - MPCBB1 is applicable
2025-12-25 12:10:59,845 [INFO] Rule:233 - rule 117617 - U5Cobra4M][GTZC] default value MPCBB3 and MPCBB5 - Privileged memory - MPCBB2 is applicable
2025-12-25 12:10:59,846 [INFO] Rule:233 - rule 117617 - U5Cobra4M][GTZC] default value MPCBB3 and MPCBB5 - Privileged memory - MPCBB3 is applicable
2025-12-25 12:10:59,846 [INFO] Rule:233 - rule 117617 - U5Cobra4M][GTZC] default value MPCBB3 and MPCBB5 - Privileged memory - MPCBB4 is applicable
2025-12-25 12:10:59,846 [INFO] Rule:233 - rule 117617 - U5Cobra4M][GTZC] default value MPCBB3 and MPCBB5 - Privileged memory - MPCBB1 is applicable
2025-12-25 12:10:59,846 [INFO] Rule:233 - rule 117617 - U5Cobra4M][GTZC] default value MPCBB3 and MPCBB5 - Privileged memory - MPCBB2 is applicable
2025-12-25 12:10:59,846 [INFO] Rule:233 - rule 117617 - U5Cobra4M][GTZC] default value MPCBB3 and MPCBB5 - Privileged memory - MPCBB3 is applicable
2025-12-25 12:10:59,846 [INFO] Rule:233 - rule 117617 - U5Cobra4M][GTZC] default value MPCBB3 and MPCBB5 - Privileged memory - MPCBB4 is applicable
2025-12-25 12:10:59,846 [INFO] Rule:233 - rule 117617 - U5Cobra4M][GTZC] default value MPCBB3 and MPCBB5 - Not Privileged memory - MPCBB1 is applicable
2025-12-25 12:10:59,846 [INFO] Rule:233 - rule 117617 - U5Cobra4M][GTZC] default value MPCBB3 and MPCBB5 - Not Privileged memory - MPCBB2 is applicable
2025-12-25 12:10:59,846 [INFO] Rule:233 - rule 117617 - U5Cobra4M][GTZC] default value MPCBB3 and MPCBB5 - Not Privileged memory - MPCBB3 is applicable
2025-12-25 12:10:59,846 [INFO] Rule:233 - rule 117617 - U5Cobra4M][GTZC] default value MPCBB3 and MPCBB5 - Not Privileged memory - MPCBB4 is applicable
2025-12-25 12:10:59,846 [INFO] Rule:233 - rule 117617 - U5Cobra4M][GTZC] default value MPCBB3 and MPCBB5 - Privileged memory - MPCBB1 is applicable
2025-12-25 12:10:59,846 [INFO] Rule:233 - rule 117617 - U5Cobra4M][GTZC] default value MPCBB3 and MPCBB5 - Privileged memory - MPCBB2 is applicable
2025-12-25 12:10:59,846 [INFO] Rule:233 - rule 117617 - U5Cobra4M][GTZC] default value MPCBB3 and MPCBB5 - Privileged memory - MPCBB3 is applicable
2025-12-25 12:10:59,846 [INFO] Rule:233 - rule 117617 - U5Cobra4M][GTZC] default value MPCBB3 and MPCBB5 - Privileged memory - MPCBB4 is applicable
2025-12-25 12:10:59,846 [INFO] Rule:233 - rule Rename SubGHz_Phy SUBGHZ_APPLICATION SUBGHZ_PINGPONG to SUBGHZ_ADV_APPLICATION is applicable
2025-12-25 12:10:59,846 [INFO] Rule:233 - rule Rename Enabled to IBEACON is applicable
2025-12-25 12:10:59,847 [INFO] Rule:233 - rule GTZC_S instance for project manager is applicable
2025-12-25 12:10:59,847 [INFO] Rule:233 - rule GTZC_S instance for context M33S is applicable
2025-12-25 12:10:59,847 [INFO] Rule:233 - rule GTZC_S instance value for IP GTZC is applicable
2025-12-25 12:10:59,847 [INFO] Rule:233 - rule GTZC_S instance for mcu.IP is applicable
2025-12-25 12:10:59,847 [INFO] Rule:233 - rule GTZC_S instance for VP is applicable
2025-12-25 12:10:59,847 [INFO] Rule:233 - rule GTZC_S instance for signal is applicable
2025-12-25 12:10:59,847 [INFO] Rule:233 - rule GTZC_S instance for mcu.Pin is applicable
2025-12-25 12:10:59,847 [INFO] Rule:233 - rule GTZC_S instance for VP is applicable
2025-12-25 12:10:59,847 [INFO] Rule:233 - rule GTZC_S instance for signal is applicable
2025-12-25 12:10:59,847 [INFO] Rule:233 - rule GTZC_S instance for mcu is applicable
2025-12-25 12:10:59,847 [INFO] Rule:233 - rule GTZC_S instance for mcu.Pin is applicable
2025-12-25 12:10:59,847 [INFO] Rule:233 - rule GTZC_S instance value for IP GTZC is applicable
2025-12-25 12:10:59,848 [INFO] Rule:233 - rule GTZC_S instance for project manager is applicable
2025-12-25 12:10:59,848 [INFO] Rule:233 - rule GTZC_S instance for context M33S is applicable
2025-12-25 12:10:59,848 [INFO] Rule:233 - rule GTZC_S instance for VP is applicable
2025-12-25 12:10:59,848 [INFO] Rule:233 - rule GTZC_S instance for signal is applicable
2025-12-25 12:10:59,848 [INFO] Rule:233 - rule SPDIFRX instance for mcu is applicable
2025-12-25 12:10:59,848 [INFO] Rule:233 - rule Rename Tracer Mode is applicable
2025-12-25 12:10:59,849 [INFO] Rule:233 - rule SPDIFRX instance value for IP SPDIFRX is applicable
2025-12-25 12:10:59,849 [INFO] Rule:233 - rule SPDIFRX instance for signal is applicable
2025-12-25 12:10:59,849 [INFO] Rule:233 - rule SPDIFRX instance for project manager is applicable
2025-12-25 12:10:59,849 [INFO] Rule:233 - rule SPDIFRX instance for project manager is applicable
2025-12-25 12:10:59,849 [INFO] Rule:233 - rule ADC Scan  fix with FW F7 is applicable
2025-12-25 12:10:59,849 [INFO] Rule:233 - rule ADC Scan  fix with FW F7 is applicable
2025-12-25 12:10:59,849 [INFO] Rule:233 - rule WakeUp0 Mode is applicable
2025-12-25 12:10:59,850 [INFO] Rule:233 - rule WakeUp0 SIGNAL is applicable
2025-12-25 12:10:59,853 [INFO] Rule:233 - rule WakeUp1 Mode is applicable
2025-12-25 12:10:59,854 [INFO] Rule:233 - rule WakeUp1 SIGNAL is applicable
2025-12-25 12:10:59,854 [INFO] Rule:233 - rule WakeUp2 Mode is applicable
2025-12-25 12:10:59,854 [INFO] Rule:233 - rule WakeUp2 SIGNAL is applicable
2025-12-25 12:10:59,854 [INFO] Rule:233 - rule WakeUp4 Mode is applicable
2025-12-25 12:10:59,854 [INFO] Rule:233 - rule WakeUp4 SIGNAL is applicable
2025-12-25 12:10:59,854 [INFO] Rule:233 - rule WakeUp5 Mode is applicable
2025-12-25 12:10:59,855 [INFO] Rule:233 - rule WakeUp5 SIGNAL is applicable
2025-12-25 12:10:59,855 [INFO] Rule:233 - rule UART/USART WORD LENGTH 7 is applicable
2025-12-25 12:10:59,855 [INFO] Rule:233 - rule UART/USART WORD LENGTH 8 is applicable
2025-12-25 12:10:59,855 [INFO] Rule:233 - rule UART/USART WORD LENGTH 9 is applicable
2025-12-25 12:10:59,855 [INFO] Rule:233 - rule Change Default Value for LSE Drive Capability for WB family is applicable
2025-12-25 12:10:59,855 [INFO] Rule:233 - rule Change Default Value for ADC Clock Prescaler G0 family is applicable
2025-12-25 12:10:59,855 [INFO] Rule:233 - rule ADC SamplingTime fix with FW L0  is applicable
2025-12-25 12:10:59,855 [INFO] Rule:233 - rule ADC SamplingTime fix with FW L0  is applicable
2025-12-25 12:10:59,855 [INFO] Rule:233 - rule ADC SamplingTime fix with FW L0 is applicable
2025-12-25 12:10:59,855 [INFO] Rule:233 - rule ADC SamplingTime fix with FW L0 is applicable
2025-12-25 12:10:59,855 [INFO] Rule:233 - rule ADC SamplingTime fix with FW L0  is applicable
2025-12-25 12:10:59,855 [INFO] Rule:233 - rule ADC SamplingTime fix with FW L0 is applicable
2025-12-25 12:10:59,855 [INFO] Rule:233 - rule Rename USB_OE Signal is applicable
2025-12-25 12:10:59,855 [INFO] Rule:233 - rule Rename Activate_OE Mode is applicable
2025-12-25 12:10:59,856 [INFO] Rule:233 - rule Rename DIE462/DIE415 pin PC14/OSC32_IN -> PC14-OSC32_IN (PC14) is applicable
2025-12-25 12:10:59,856 [INFO] Rule:233 - rule Rename DIE462/DIE415 pin PC15/OSC32_OUT -> PC15-OSC32_OUT (PC15) is applicable
2025-12-25 12:10:59,856 [INFO] Rule:233 - rule Rename DIE462/DIE415 pin PH0/OSC_IN -> PH0-OSC_IN (PH0) is applicable
2025-12-25 12:10:59,856 [INFO] Rule:233 - rule Rename DIE462/DIE415 pin PH1/OSC_OUT -> PH1-OSC_OUT (PH1) is applicable
2025-12-25 12:10:59,856 [INFO] Rule:233 - rule Rename DIE462 pin PA13 -> PA13 (JTMS/SWDIO) is applicable
2025-12-25 12:10:59,856 [INFO] Rule:233 - rule Rename DIE415 pin PA13 -> PA13 (JTMS/SWDIO) is applicable
2025-12-25 12:10:59,856 [INFO] Rule:233 - rule Rename DIE462 pin PA14 -> PA14 (JTCK/SWCLK) is applicable
2025-12-25 12:10:59,856 [INFO] Rule:233 - rule Rename DIE415 pin PA14 -> PA14 (JTCK/SWCLK) is applicable
2025-12-25 12:10:59,856 [INFO] Rule:233 - rule Rename DIE462/DIE415 pin PA15 -> PA15 (JTDI) is applicable
2025-12-25 12:10:59,856 [INFO] Rule:233 - rule Rename DIE462 pin PB3 -> PB3 (JTD0/TRACESWO) is applicable
2025-12-25 12:10:59,856 [INFO] Rule:233 - rule Rename DIE415 pin PB3 -> PB3 (JTD0-TRACESWO) is applicable
2025-12-25 12:10:59,856 [INFO] Rule:233 - rule Rename DIE462/DIE415 pin PB4 -> PB4 (NJTRST) is applicable
2025-12-25 12:10:59,856 [INFO] Rule:233 - rule Rename DIE462 pin PH3/BOOT0 -> PH3-BOOT0 (BOOT0) is applicable
2025-12-25 12:10:59,856 [INFO] Rule:233 - rule Rename CRYP DataEncryptionTypesList to Algorithm is applicable
2025-12-25 12:10:59,856 [INFO] Rule:233 - rule Rename AES DataEncryptionTypesList to Algorithm is applicable
2025-12-25 12:10:59,857 [INFO] Rule:233 - rule Rename TDESECB to CRYP_TDES_ECB is applicable
2025-12-25 12:10:59,857 [INFO] Rule:233 - rule Rename TDESCBC to CRYP_TDES_CBC is applicable
2025-12-25 12:10:59,857 [INFO] Rule:233 - rule Rename DESECB to CRYP_DES_ECB is applicable
2025-12-25 12:10:59,857 [INFO] Rule:233 - rule Rename DESCBC to CRYP_DES_CBC is applicable
2025-12-25 12:10:59,857 [INFO] Rule:233 - rule Rename AESECB to CRYP_AES_ECB is applicable
2025-12-25 12:10:59,857 [INFO] Rule:233 - rule Rename AESCBC to CRYP_AES_CBC is applicable
2025-12-25 12:10:59,857 [INFO] Rule:233 - rule Rename AESCTR to CRYP_AES_CTR is applicable
2025-12-25 12:10:59,857 [INFO] Rule:233 - rule Rename AESGCM to CRYP_AES_GCM is applicable
2025-12-25 12:10:59,857 [INFO] Rule:233 - rule Rename AESCCM to CRYP_AES_CCM is applicable
2025-12-25 12:10:59,857 [INFO] Rule:233 - rule Rename CAN TimeSeg1 to BS1 is applicable
2025-12-25 12:10:59,857 [INFO] Rule:233 - rule Rename CAN TimeSeg2 to BS2 is applicable
2025-12-25 12:10:59,857 [INFO] Rule:233 - rule Rename CAN SyncJumpWidth to SJW is applicable
2025-12-25 12:10:59,857 [INFO] Rule:233 - rule TimeTriggeredMode to TTCM is applicable
2025-12-25 12:10:59,857 [INFO] Rule:233 - rule Rename CAN AutoBusOff to ABOM is applicable
2025-12-25 12:10:59,857 [INFO] Rule:233 - rule Rename CAN AutoWakeUp to AWUM is applicable
2025-12-25 12:10:59,858 [INFO] Rule:233 - rule Rename CAN AutoRetransmission to NART is applicable
2025-12-25 12:10:59,858 [INFO] Rule:233 - rule Rename CAN ReceiveFifoLocked to RFLM is applicable
2025-12-25 12:10:59,858 [INFO] Rule:233 - rule Rename CAN TransmitFifoPriority to TXFP is applicable
2025-12-25 12:10:59,858 [INFO] Rule:233 - rule Rename HRTIMER HRTIM_OUTPUTFAULTLEVEL_HIGH in HRTIMER HRTIM_OUTPUTFAULTLEVEL_HIGHZ is applicable
2025-12-25 12:10:59,858 [INFO] Rule:233 - rule Rename TIMER TIM_CLEARINPUTSOURCE_OCREFCLR in  TIMER TIM_CLEARINPUTSOURCE_NONE for F7 family is applicable
2025-12-25 12:10:59,858 [INFO] Rule:233 - rule FDCAN_R1 - Rename FDCAN mode Master into Classic is applicable
2025-12-25 12:10:59,858 [INFO] Rule:233 - rule FDCAN_R2 - Rename FDCAN mode Slave into Classic is applicable
2025-12-25 12:10:59,858 [INFO] Rule:233 - rule FDCAN1_R3 - if PA10.Mode=FullDuplex, add Pin PA12 is applicable
2025-12-25 12:10:59,858 [INFO] Rule:233 - rule FDCAN1_R3 - if PA9.Mode=FullDuplex, add Pin PA11 is applicable
2025-12-25 12:10:59,858 [INFO] Rule:233 - rule FDCAN1_R3 - Alternatepin_1 - if PE1.Mode=FullDuplex, add Pin PB9 is applicable
2025-12-25 12:10:59,858 [INFO] Rule:233 - rule FDCAN1_R3 - Alternatepin_1 - if PE0.Mode=FullDuplex, add Pin PB8 is applicable
2025-12-25 12:10:59,858 [INFO] Rule:233 - rule FDCAN1_R3 - Alternatepin_2 - if PD5.Mode=FullDuplex, add Pin PD1 is applicable
2025-12-25 12:10:59,858 [INFO] Rule:233 - rule FDCAN1_R3 - Alternatepin_2 - if PD4.Mode=FullDuplex, add Pin PD0 is applicable
2025-12-25 12:10:59,858 [INFO] Rule:233 - rule FDCAN1_R4 - Rename Mode FullDuplex into Enable FDCAN_TXFD for pin PA10 is applicable
2025-12-25 12:10:59,858 [INFO] Rule:233 - rule FDCAN1_R4 - Rename Mode FullDuplex into Enable FDCAN_TXFD for pin PA9 is applicable
2025-12-25 12:10:59,858 [INFO] Rule:233 - rule FDCAN1_R4 - Alternatepin_1 - Rename Mode FullDuplex into Enable FDCAN_TXFD for pin PE1 is applicable
2025-12-25 12:10:59,858 [INFO] Rule:233 - rule FDCAN1_R4 - Alternatepin_1 - Rename Mode FullDuplex into Enable FDCAN_TXFD for pin PE0 is applicable
2025-12-25 12:10:59,858 [INFO] Rule:233 - rule FDCAN1_R4 - Alternatepin_2 - Rename Mode FullDuplex into Enable FDCAN_TXFD for pin PD5 is applicable
2025-12-25 12:10:59,858 [INFO] Rule:233 - rule FDCAN1_R4 - Alternatepin_2 - Rename Mode FullDuplex into Enable FDCAN_TXFD for pin PD4 is applicable
2025-12-25 12:10:59,858 [INFO] Rule:233 - rule FDCAN2_R3 - if PD10.Mode=FullDuplex, add Pin PB13 is applicable
2025-12-25 12:10:59,858 [INFO] Rule:233 - rule FDCAN2_R3 - if PD9.Mode=FullDuplex, add Pin PB12 is applicable
2025-12-25 12:10:59,858 [INFO] Rule:233 - rule FDCAN2_R3 - Alternatepin_1 - if PB7.Mode=FullDuplex, add Pin PB6 is applicable
2025-12-25 12:10:59,858 [INFO] Rule:233 - rule FDCAN2_R3 - Alternatepin_1 - if PD9.Mode=FullDuplex, add Pin PB12 is applicable
2025-12-25 12:10:59,859 [INFO] Rule:233 - rule FDCAN2_R4 - Rename Mode FullDuplex into Enable FDCAN_TXFD for pin PD10 is applicable
2025-12-25 12:10:59,859 [INFO] Rule:233 - rule FDCAN2_R4 - Rename Mode FullDuplex into Enable FDCAN_TXFD for pin PD9 is applicable
2025-12-25 12:10:59,859 [INFO] Rule:233 - rule FDCAN2_R4 - Alternatepin_1 - Rename Mode FullDuplex into Enable FDCAN_TXFD for pin PB7 is applicable
2025-12-25 12:10:59,859 [INFO] Rule:233 - rule FDCAN2_R4 - Alternatepin_1 - Rename Mode FullDuplex into Enable FDCAN_TXFD for pin PD6 is applicable
2025-12-25 12:10:59,859 [INFO] Rule:233 - rule USART TxPinLevelInvertParam Mode is applicable
2025-12-25 12:10:59,859 [INFO] Rule:233 - rule USART RxPinLevelInvertParam Mode is applicable
2025-12-25 12:10:59,859 [INFO] Rule:233 - rule USART DataInvertParam Mode is applicable
2025-12-25 12:10:59,859 [INFO] Rule:233 - rule USART SwapParam Mode is applicable
2025-12-25 12:10:59,859 [INFO] Rule:233 - rule USART OverrunDisableParam Mode is applicable
2025-12-25 12:10:59,859 [INFO] Rule:233 - rule USART DMADisableonRxErrorParam Mode is applicable
2025-12-25 12:10:59,859 [INFO] Rule:233 - rule USART MSBFirstParam Mode is applicable
2025-12-25 12:10:59,859 [INFO] Rule:233 - rule Update MwName for USB_DEVICE is applicable
2025-12-25 12:10:59,859 [INFO] Rule:233 - rule Change PWR_Regulator_Voltage_Scale Default Value for RCC  H7 family is applicable
2025-12-25 12:10:59,859 [INFO] Rule:233 - rule UART/USART IPParameter rename Prescaler parameter to ClockPrescaler is applicable
2025-12-25 12:10:59,859 [INFO] Rule:233 - rule UART/USART Prescaler rename Prescaler parameter to ClockPrescaler is applicable
2025-12-25 12:10:59,859 [INFO] Rule:233 - rule TIM1CLockSelection is applicable
2025-12-25 12:10:59,859 [INFO] Rule:233 - rule TIM15CLockSelection is applicable
2025-12-25 12:10:59,859 [INFO] Rule:233 - rule align RCC SDMMC3CLockSelection default value on MP1 is applicable
2025-12-25 12:10:59,859 [INFO] Rule:233 - rule align RCC SDMMC12CLockSelection default value on MP1 is applicable
2025-12-25 12:10:59,859 [INFO] Rule:233 - rule align RCC QSPICLockSelection default value on MP1 is applicable
2025-12-25 12:10:59,859 [INFO] Rule:233 - rule align RCC QSPICLockSelection default value on MP1 is applicable
2025-12-25 12:10:59,859 [INFO] Rule:233 - rule align RCC SPI6CLockSelection default value on MP1 is applicable
2025-12-25 12:10:59,859 [INFO] Rule:233 - rule align RCC LPTIM23CLockSelection default value on MP1 is applicable
2025-12-25 12:10:59,859 [INFO] Rule:233 - rule align RCC LPTIM1CLockSelection default value on MP1 is applicable
2025-12-25 12:10:59,859 [INFO] Rule:233 - rule align RCC USART1CLockSelection default value on MP1 is applicable
2025-12-25 12:10:59,859 [INFO] Rule:233 - rule align RCC USART24CLockSelection default value on MP1 is applicable
2025-12-25 12:10:59,859 [INFO] Rule:233 - rule align RCC USART6CLockSelection default value on MP1 is applicable
2025-12-25 12:10:59,859 [INFO] Rule:233 - rule align RCC UART78CLockSelection default value on MP1 is applicable
2025-12-25 12:10:59,859 [INFO] Rule:233 - rule align RCC USART35CLockSelection default value on MP1 is applicable
2025-12-25 12:10:59,859 [INFO] Rule:233 - rule align RCC SPI45CLockSelection default value on MP1 is applicable
2025-12-25 12:10:59,859 [INFO] Rule:233 - rule align RCC I2C46CLockSelection BCLK value on MP1 is applicable
2025-12-25 12:10:59,860 [INFO] Rule:233 - rule align RCC SPI45CLockSelection default value on MP1 is applicable
2025-12-25 12:10:59,860 [INFO] Rule:233 - rule align RCC I2C12CLockSelection default value on MP1 is applicable
2025-12-25 12:10:59,860 [INFO] Rule:233 - rule align RCC I2C35CLockSelection default value on MP1 is applicable
2025-12-25 12:10:59,860 [INFO] Rule:233 - rule align RCC LPTIM45CLockSelection default value on MP1 is applicable
2025-12-25 12:10:59,860 [INFO] Rule:233 - rule Rename DCMI PIXCK signal is applicable
2025-12-25 12:10:59,860 [INFO] Rule:233 - rule Change Default Value for I2C46CLockSelection MP1 family is applicable
2025-12-25 12:10:59,860 [INFO] Rule:233 - rule Change Default Value for UART for G4, G0 and WB families is applicable
2025-12-25 12:10:59,860 [INFO] Rule:233 - rule Change Default Value for USART for G4, G0 and WB families is applicable
2025-12-25 12:10:59,860 [INFO] Rule:233 - rule Change Default Value for USART for G4 family is applicable
2025-12-25 12:10:59,860 [INFO] Rule:233 - rule Change USART1CLockSelection refparam name for MP1 is applicable
2025-12-25 12:10:59,860 [INFO] Rule:233 - rule Change USART2CLockSelection refparam name for MP1 is applicable
2025-12-25 12:10:59,860 [INFO] Rule:233 - rule Change USART3CLockSelection refparam name for MP1 is applicable
2025-12-25 12:10:59,860 [INFO] Rule:233 - rule Change UART4CLockSelection refparam name for MP1 is applicable
2025-12-25 12:10:59,860 [INFO] Rule:233 - rule Change UART5CLockSelection refparam name for MP1 is applicable
2025-12-25 12:10:59,860 [INFO] Rule:233 - rule Change LPUART1CLockSelection refparam name for MP1 is applicable
2025-12-25 12:10:59,860 [INFO] Rule:233 - rule Change LPTIM1CLockSelection refparam name for MP1 is applicable
2025-12-25 12:10:59,860 [INFO] Rule:233 - rule Change LPTIM2CLockSelection refparam name for MP1 is applicable
2025-12-25 12:10:59,860 [INFO] Rule:233 - rule Change RCC_MCO1Source refparam name for MP1 is applicable
2025-12-25 12:10:59,860 [INFO] Rule:233 - rule Change LSCOSource1 refparam name for MP1 is applicable
2025-12-25 12:10:59,860 [INFO] Rule:233 - rule Change SMPSCLockSelection refparam name for MP1 is applicable
2025-12-25 12:10:59,860 [INFO] Rule:233 - rule Change LPTIM3CLockSelection refparam name for MP1 is applicable
2025-12-25 12:10:59,861 [INFO] Rule:233 - rule Change MPCBB* Default Template Mode to Parameters is applicable
2025-12-25 12:10:59,861 [INFO] Rule:233 - rule Change MPCWM* or MPCBB* Secure Mode to Parameters is applicable
2025-12-25 12:10:59,861 [INFO] Rule:233 - rule Change MPCWM* or MPCBB* No Secure Mode to Parameters is applicable
2025-12-25 12:10:59,862 [INFO] Rule:233 - rule Change TZSC IP Secure Mode to Parameters is applicable
2025-12-25 12:10:59,863 [INFO] Rule:233 - rule Change TZSC IP No Secure Mode to Parameters is applicable
2025-12-25 12:10:59,863 [INFO] Rule:233 - rule Change TZSC IP Privilege Mode to Parameters is applicable
2025-12-25 12:10:59,863 [INFO] Rule:233 - rule Change TZSC IP No Privilege Mode to Parameters is applicable
2025-12-25 12:10:59,863 [INFO] Rule:233 - rule Change TZIC IT Secure Mode to Parameters is applicable
2025-12-25 12:10:59,863 [INFO] Rule:233 - rule Change TZIC IT No Secure Mode to Parameters is applicable
2025-12-25 12:10:59,863 [INFO] Rule:233 - rule Add MPCBB1_NonSecureArea_Start_Address value with referenced to MPCBB1_NonSecureArea_Start value is applicable
2025-12-25 12:10:59,863 [INFO] Rule:233 - rule Add MPCBB2_NonSecureArea_Start_Address value with referenced to MPCBB2_NonSecureArea_Start value is applicable
2025-12-25 12:10:59,863 [INFO] Rule:233 - rule Add MPCWM1_NonSecureArea*_Start_Address value with referenced to MPCWM1_NonSecureArea*_Start value is applicable
2025-12-25 12:10:59,863 [INFO] Rule:233 - rule Add MPCWM2_NonSecureArea*_Start_Address value with referenced to MPCWM2_NonSecureArea*_Start value is applicable
2025-12-25 12:10:59,863 [INFO] Rule:233 - rule Add MPCWM3_NonSecureArea_Start_Address value with referenced to MPCWM3_NonSecureArea_Start value is applicable
2025-12-25 12:10:59,863 [INFO] Rule:233 - rule Change Default Value for PLL1UserDefinedConfig is applicable
2025-12-25 12:10:59,863 [INFO] Rule:233 - rule Change GPIO_PuPd Default Value for USART in async mode is applicable
2025-12-25 12:10:59,863 [INFO] Rule:233 - rule Change SMPSDivider Default Value is applicable
2025-12-25 12:10:59,863 [INFO] Rule:233 - rule OPAMP is applicable
2025-12-25 12:10:59,863 [INFO] Rule:233 - rule LPUART IPParameter rename Prescaler parameter to ClockPrescaler for STM32H7 is applicable
2025-12-25 12:10:59,864 [INFO] Rule:233 - rule LPUART IPParameter rename Prescaler parameter to ClockPrescaler for STM32H7 is applicable
2025-12-25 12:10:59,864 [INFO] Rule:233 - rule LPUART IPParameter rename Prescaler parameter to ClockPrescaler for STM32WB is applicable
2025-12-25 12:10:59,864 [INFO] Rule:233 - rule LPUART IPParameter rename Prescaler parameter to ClockPrescaler for STM32WB is applicable
2025-12-25 12:10:59,864 [INFO] Rule:233 - rule LPUART IPParameter rename Prescaler parameter to ClockPrescaler for STM32G4 is applicable
2025-12-25 12:10:59,864 [INFO] Rule:233 - rule LPUART IPParameter rename Prescaler parameter to ClockPrescaler for STM32G4 is applicable
2025-12-25 12:10:59,864 [INFO] Rule:233 - rule LPUART IPParameter rename Prescaler parameter to ClockPrescaler for STM32L5 is applicable
2025-12-25 12:10:59,864 [INFO] Rule:233 - rule LPUART IPParameter rename Prescaler parameter to ClockPrescaler for STM32L5 is applicable
2025-12-25 12:10:59,864 [INFO] Rule:233 - rule LPUART IPParameter rename Prescaler parameter to ClockPrescaler for STM32G4 is applicable
2025-12-25 12:10:59,864 [INFO] Rule:233 - rule LPUART IPParameter rename Prescaler parameter to ClockPrescaler for STM32G4 is applicable
2025-12-25 12:10:59,864 [INFO] Rule:233 - rule USB device lib V2.5.3 for L0 rename USBD_SUPPORT_USER_STRING parameter to USBD_SUPPORT_USER_STRING_DESC4 is applicable
2025-12-25 12:10:59,864 [INFO] Rule:233 - rule I2SCLockSelection clock entry align is applicable
2025-12-25 12:10:59,865 [INFO] Rule:233 - rule Assign TIMx context if used as SYS timebase is applicable
2025-12-25 12:10:59,865 [INFO] Rule:233 - rule Change GPIO_Pu Default Value for I2C is applicable
2025-12-25 12:10:59,865 [INFO] Rule:233 - rule Change GPIO_Pu Default Value for SMBus is applicable
2025-12-25 12:10:59,865 [INFO] Rule:233 - rule change FDCAN default value is applicable
2025-12-25 12:10:59,865 [INFO] Rule:233 - rule Change mode sai is applicable
2025-12-25 12:10:59,865 [INFO] Rule:233 - rule **Change sai mode is applicable
2025-12-25 12:10:59,865 [INFO] Rule:233 - rule Rename STM32WPAN CFG_BLE_IRK to CFG_BLE_IR is applicable
2025-12-25 12:10:59,865 [INFO] Rule:233 - rule Rename STM32WPAN CFG_BLE_ERK to CFG_BLE_ER is applicable
2025-12-25 12:10:59,865 [INFO] Rule:233 - rule Rename STM32WPAN CFG_BLE_IRK_HEX to CFG_BLE_IR_HEX is applicable
2025-12-25 12:10:59,865 [INFO] Rule:233 - rule Rename STM32WPAN CFG_BLE_ERK_HEX to CFG_BLE_ER_HEX is applicable
2025-12-25 12:10:59,865 [INFO] Rule:233 - rule Adapt Old IOC before rework replace old CORTEX_M33/CORTEX_M55 attributes by the new one. is applicable
2025-12-25 12:10:59,865 [INFO] Rule:233 - rule Rename parametre of RCC RCC_APBDBG_DIV2 to RCC_TIMPRES_DIV2 is applicable
2025-12-25 12:10:59,865 [INFO] Rule:233 - rule Rename DIE493 pin PA10 [PA12] -> PA10 is applicable
2025-12-25 12:10:59,865 [INFO] Rule:233 - rule Rename DIE493 pin PA9 [PA11] -> PA9 is applicable
2025-12-25 12:10:59,865 [INFO] Rule:233 - rule Rename DIE492 PartNumber CPN STM32WBA5MJGHx -> STM32WBA5MMGHx is applicable
2025-12-25 12:10:59,865 [INFO] Rule:233 - rule Rename DIE492 PartNumber  Name STM32WBA5MJGHx -> STM32WBA5MMGHx is applicable
2025-12-25 12:10:59,865 [INFO] Rule:233 - rule Rename DIE492 PartNumber UserName STM32WBA5MJGHx -> STM32WBA5MMGHx is applicable
2025-12-25 12:10:59,865 [INFO] Rule:233 - rule Rename DIE492 PartNumber DeviceId STM32WBA5MJGHx -> STM32WBA5MMGHx is applicable
2025-12-25 12:10:59,865 [INFO] Rule:233 - rule Adapt Old IOC CSI. is applicable
2025-12-25 12:10:59,865 [INFO] Rule:233 - rule Adapt Old IOC DCMIPP. is applicable
2025-12-25 12:10:59,865 [INFO] Rule:233 - rule Adapt Old IOC DCMIPP Mode Parallel. is applicable
2025-12-25 12:10:59,865 [INFO] Rule:233 - rule Adapt Old IOC LTDC. is applicable
2025-12-25 12:10:59,865 [INFO] Rule:233 - rule Rename STM32MP2 RIF Peripheral LTDC RIF.RISUP.LTDC_L0L1.Privilege -> RIF.RISUP.LTDC_L1L2.Privilege is applicable
2025-12-25 12:10:59,865 [INFO] Rule:233 - rule Rename STM32MP2 RIF Peripheral LTDC RIF.RISUP.LTDC_L0L1.Privilege -> RIF.RISUP.LTDC_L1L2.Privilege is applicable
2025-12-25 12:10:59,865 [INFO] Rule:233 - rule Rename STM32MP2 RIF Peripheral LTDC RIF.RISUP.LTDC_L0L1.Lock -> RIF.RISUP.LTDC_L1L2.Lock is applicable
2025-12-25 12:10:59,865 [INFO] Rule:233 - rule Rename STM32MP2 RIF Peripheral LTDC RIF.RISUP.LTDC_L2.Lock -> RIF.RISUP.LTDC_L3.Lock is applicable
2025-12-25 12:10:59,865 [INFO] Rule:233 - rule Adapt the old IOC example for updating the SYS when it is misconfigured. is applicable
2025-12-25 12:10:59,865 [INFO] Rule:233 - rule Rename STM32C09 Mcu.Package LQFP64 -> LQFP48 is applicable
2025-12-25 12:10:59,865 [INFO] Rule:233 - rule Adapt the old IOC example for updating the SYS when it is misconfigured. is applicable
2025-12-25 12:10:59,865 [INFO] Rule:233 - rule Adapt the old IOC example for updating the SYS when it is misconfigured. is applicable
2025-12-25 12:10:59,892 [INFO] DbConfProperties:307 - Apply Compatibility (38/250 Rules)
2025-12-25 12:10:59,931 [INFO] ImportTextPane:234 - (OptionalMessage_ERROR) Unable to find key (Mcu.ThirdPartyNb) in loaded IOC file
2025-12-25 12:10:59,938 [INFO] ImportTextPane:234 - (OptionalMessage_ERROR) Pin34 (VP_RIF_VS_RIF1) cannot be retrieved for this MCU
2025-12-25 12:11:00,132 [INFO] RtosManager:558 - Registered RTOS mode: class=CMSIS, group=RTOS, mode=CMSIS_V1, owner=FREERTOS
2025-12-25 12:11:00,132 [INFO] RtosManager:558 - Registered RTOS mode: class=CMSIS, group=RTOS2, mode=CMSIS_V2, owner=FREERTOS
2025-12-25 12:11:00,132 [INFO] RtosManager:558 - Registered RTOS mode: class=RTOS, group=Core, mode=CMSIS_V1, owner=FREERTOS
2025-12-25 12:11:00,132 [INFO] RtosManager:558 - Registered RTOS mode: class=RTOS, group=Core, mode=CMSIS_V2, owner=FREERTOS
2025-12-25 12:11:00,132 [WARN] ModelIntegratedComponent:184 - Missing modes for component STMicroelectronics:FreeRTOS:0.0.1:STMicroelectronics:RTOS:FreeRTOS:Core:::10.2.0:
2025-12-25 12:11:00,156 [WARN] ModelIntegratedComponent:63 - No mode defined for component null
2025-12-25 12:11:00,156 [WARN] ModelIntegratedComponent:63 - No mode defined for component null
2025-12-25 12:11:00,156 [WARN] ModelIntegratedComponent:63 - No mode defined for component null
2025-12-25 12:11:00,156 [WARN] ModelIntegratedComponent:63 - No mode defined for component null
2025-12-25 12:11:00,156 [WARN] ModelIntegratedComponent:63 - No mode defined for component null
2025-12-25 12:11:00,156 [WARN] ModelIntegratedComponent:63 - No mode defined for component null
2025-12-25 12:11:00,156 [WARN] ModelIntegratedComponent:63 - No mode defined for component null
2025-12-25 12:11:00,156 [WARN] ModelIntegratedComponent:63 - No mode defined for component null
2025-12-25 12:11:00,156 [WARN] ModelIntegratedComponent:63 - No mode defined for component null
2025-12-25 12:11:00,157 [WARN] ModelIntegratedComponent:63 - No mode defined for component null
2025-12-25 12:11:00,157 [WARN] ModelIntegratedComponent:63 - No mode defined for component null
2025-12-25 12:11:00,157 [WARN] ModelIntegratedComponent:63 - No mode defined for component null
2025-12-25 12:11:00,157 [WARN] ModelIntegratedComponent:63 - No mode defined for component null
2025-12-25 12:11:00,157 [WARN] ModelIntegratedComponent:63 - No mode defined for component null
2025-12-25 12:11:00,157 [WARN] ModelIntegratedComponent:63 - No mode defined for component null
2025-12-25 12:11:00,157 [WARN] ModelIntegratedComponent:63 - No mode defined for component null
2025-12-25 12:11:00,157 [WARN] ModelIntegratedComponent:63 - No mode defined for component null
2025-12-25 12:11:00,157 [WARN] ModelIntegratedComponent:63 - No mode defined for component null
2025-12-25 12:11:00,157 [WARN] ModelIntegratedComponent:63 - No mode defined for component null
2025-12-25 12:11:00,157 [WARN] ModelIntegratedComponent:63 - No mode defined for component null
2025-12-25 12:11:00,157 [WARN] ModelIntegratedComponent:63 - No mode defined for component null
2025-12-25 12:11:00,157 [WARN] ModelIntegratedComponent:63 - No mode defined for component null
2025-12-25 12:11:00,157 [WARN] ModelIntegratedComponent:63 - No mode defined for component null
2025-12-25 12:11:00,157 [WARN] ModelIntegratedComponent:63 - No mode defined for component null
2025-12-25 12:11:00,157 [WARN] ModelIntegratedComponent:63 - No mode defined for component null
2025-12-25 12:11:00,157 [WARN] ModelIntegratedComponent:63 - No mode defined for component null
2025-12-25 12:11:00,157 [WARN] ModelIntegratedComponent:63 - No mode defined for component null
2025-12-25 12:11:00,157 [WARN] ModelIntegratedComponent:63 - No mode defined for component null
2025-12-25 12:11:00,157 [WARN] ModelIntegratedComponent:63 - No mode defined for component null
2025-12-25 12:11:00,157 [WARN] ModelIntegratedComponent:63 - No mode defined for component null
2025-12-25 12:11:00,157 [WARN] ModelIntegratedComponent:63 - No mode defined for component null
2025-12-25 12:11:00,157 [WARN] ModelIntegratedComponent:63 - No mode defined for component null
2025-12-25 12:11:00,157 [WARN] ModelIntegratedComponent:63 - No mode defined for component null
2025-12-25 12:11:00,157 [WARN] ModelIntegratedComponent:63 - No mode defined for component null
2025-12-25 12:11:00,157 [WARN] ModelIntegratedComponent:63 - No mode defined for component null
2025-12-25 12:11:00,158 [WARN] ModelPack:524 - Component already loaded: STMicroelectronics:HAL Drivers:0.0.0:STMicroelectronics:Device:STMicro_Driver:XSPI:HAL::0.0.1:HAL_XSPI
2025-12-25 12:11:00,185 [INFO] ThirdPartyModel:298 - Start build external matchings
2025-12-25 12:11:00,302 [INFO] ThirdPartyModel:316 - End build external matchings
2025-12-25 12:11:00,708 [INFO] UtilMem:75 - End LoadConfig() Used Memory: 968073440 Bytes (1073741824)
2025-12-25 12:11:00,874 [WARN] ThirdParty:833 - waiting for thirdparty lock release [change project]
2025-12-25 12:11:00,876 [INFO] ThirdParty:835 - entering critical section [change project]
2025-12-25 12:11:00,876 [INFO] ThirdParty:1030 - CMSIS Pack Vendor :STMicroelectronics X-CUBE-PM33A1 1.0.0
2025-12-25 12:11:00,876 [INFO] ThirdParty:1030 - CMSIS Pack Vendor :STMicroelectronics USBPD 4.1
2025-12-25 12:11:00,876 [INFO] ThirdParty:1030 - CMSIS Pack Vendor :STMicroelectronics X-CUBE-NFC9 1.0.0
2025-12-25 12:11:00,876 [INFO] ThirdParty:1030 - CMSIS Pack Vendor :STMicroelectronics USB_HOST 2.0.0
2025-12-25 12:11:00,876 [INFO] ThirdParty:1030 - CMSIS Pack Vendor :STMicroelectronics FP-SNS-MOTENVWB1 1.4.0
2025-12-25 12:11:00,876 [INFO] ThirdParty:1030 - CMSIS Pack Vendor :STMicroelectronics X-CUBE-AZRTOS-F4 1.1.0
2025-12-25 12:11:00,876 [INFO] ThirdParty:1030 - CMSIS Pack Vendor :STMicroelectronics LIBJPEG 8.0.0
2025-12-25 12:11:00,876 [INFO] ThirdParty:1030 - CMSIS Pack Vendor :STMicroelectronics FP-ATR-ASTRA1 2.0.2
2025-12-25 12:11:00,876 [INFO] ThirdParty:1030 - CMSIS Pack Vendor :STMicroelectronics X-CUBE-BLE1 7.1.0
2025-12-25 12:11:00,876 [INFO] ThirdParty:1030 - CMSIS Pack Vendor :STMicroelectronics X-CUBE-SMBUS 2.1.0
2025-12-25 12:11:00,876 [INFO] ThirdParty:1030 - CMSIS Pack Vendor :STMicroelectronics USB_DEVICE 3.0.0
2025-12-25 12:11:00,876 [INFO] ThirdParty:1030 - CMSIS Pack Vendor :STMicroelectronics X-CUBE-ISPU 2.1.0
2025-12-25 12:11:00,876 [INFO] ThirdParty:1030 - CMSIS Pack Vendor :STMicroelectronics X-CUBE-AZRTOS-WB 2.0.0
2025-12-25 12:11:00,876 [INFO] ThirdParty:1030 - CMSIS Pack Vendor :STMicroelectronics X-CUBE-AZRTOS-F7 1.1.0
2025-12-25 12:11:00,876 [INFO] ThirdParty:1030 - CMSIS Pack Vendor :STMicroelectronics X-CUBE-AZRTOS-L5 2.0.0
2025-12-25 12:11:00,876 [INFO] ThirdParty:1030 - CMSIS Pack Vendor :STMicroelectronics USB_DEVICE 2.0.0
2025-12-25 12:11:00,876 [INFO] ThirdParty:1030 - CMSIS Pack Vendor :STMicroelectronics X-CUBE-NFC6 3.1.0
2025-12-25 12:11:00,876 [INFO] ThirdParty:1030 - CMSIS Pack Vendor :STMicroelectronics FreeRTOS 0.0.1
2025-12-25 12:11:00,876 [INFO] ThirdParty:1030 - CMSIS Pack Vendor :STMicroelectronics X-CUBE-AZRTOS-G0 1.1.0
2025-12-25 12:11:00,876 [INFO] ThirdParty:1030 - CMSIS Pack Vendor :STMicroelectronics X-CUBE-NFC4 3.0.0
2025-12-25 12:11:00,876 [INFO] ThirdParty:1030 - CMSIS Pack Vendor :STMicroelectronics X-CUBE-SUBG2 5.0.0
2025-12-25 12:11:00,876 [INFO] ThirdParty:1030 - CMSIS Pack Vendor :STMicroelectronics STM32_WPAN 1.0.0
2025-12-25 12:11:00,877 [INFO] ThirdParty:1030 - CMSIS Pack Vendor :STMicroelectronics lwIP 2.0.3
2025-12-25 12:11:00,877 [INFO] ThirdParty:1030 - CMSIS Pack Vendor :STMicroelectronics USB_HOST 1.0.0
2025-12-25 12:11:00,877 [INFO] ThirdParty:1030 - CMSIS Pack Vendor :STMicroelectronics X-CUBE-AZRTOS-G4 2.0.0
2025-12-25 12:11:00,877 [INFO] ThirdParty:1030 - CMSIS Pack Vendor :STMicroelectronics X-CUBE-WB05N 2.0.0
2025-12-25 12:11:00,877 [INFO] ThirdParty:1030 - CMSIS Pack Vendor :STMicroelectronics PDM2PCM 3.1.0
2025-12-25 12:11:00,877 [INFO] ThirdParty:1030 - CMSIS Pack Vendor :STMicroelectronics PDM2PCM 3.3.0
2025-12-25 12:11:00,877 [INFO] ThirdParty:1030 - CMSIS Pack Vendor :STMicroelectronics X-CUBE-DISPLAY 3.0.0
2025-12-25 12:11:00,877 [INFO] ThirdParty:1030 - CMSIS Pack Vendor :STMicroelectronics X-CUBE-NFC7 2.0.0
2025-12-25 12:11:00,878 [INFO] ThirdParty:1030 - CMSIS Pack Vendor :STMicroelectronics X-CUBE-TCPP 4.2.0
2025-12-25 12:11:00,878 [INFO] ThirdParty:1030 - CMSIS Pack Vendor :STMicroelectronics FP-ATR-SIGFOX1 3.2.0
2025-12-25 12:11:00,878 [INFO] ThirdParty:1030 - CMSIS Pack Vendor :STMicroelectronics X-CUBE-NFC10 1.0.0
2025-12-25 12:11:00,878 [INFO] ThirdParty:1030 - CMSIS Pack Vendor :STMicroelectronics HAL Drivers 0.0.0
2025-12-25 12:11:00,878 [INFO] ThirdParty:1030 - CMSIS Pack Vendor :STMicroelectronics MBEDTLS 2.16.2
2025-12-25 12:11:00,878 [INFO] ThirdParty:1030 - CMSIS Pack Vendor :STMicroelectronics X-CUBE-ALS 1.0.2
2025-12-25 12:11:00,878 [INFO] ThirdParty:1030 - CMSIS Pack Vendor :STMicroelectronics MBEDTLS 2.14.1
2025-12-25 12:11:00,879 [INFO] ThirdParty:1030 - CMSIS Pack Vendor :STMicroelectronics ThreadX 1.0.0
2025-12-25 12:11:00,879 [INFO] ThirdParty:1030 - CMSIS Pack Vendor :STMicroelectronics FP-SNS-SMARTAG2 1.2.0
2025-12-25 12:11:00,879 [INFO] ThirdParty:1030 - CMSIS Pack Vendor :STMicroelectronics FP-SNS-FLIGHT1 5.1.0
2025-12-25 12:11:00,879 [INFO] ThirdParty:1030 - CMSIS Pack Vendor :STMicroelectronics X-CUBE-AZRTOS-WL 2.0.0
2025-12-25 12:11:00,879 [INFO] ThirdParty:1030 - CMSIS Pack Vendor :STMicroelectronics X-CUBE-ALGOBUILD 1.4.0
2025-12-25 12:11:00,879 [INFO] ThirdParty:1030 - CMSIS Pack Vendor :STMicroelectronics X-CUBE-DPower 1.3.0
2025-12-25 12:11:00,879 [INFO] ThirdParty:1030 - CMSIS Pack Vendor :STMicroelectronics USB_DEVICE 1.0.0
2025-12-25 12:11:00,879 [INFO] ThirdParty:1030 - CMSIS Pack Vendor :STMicroelectronics X-CUBE-AZRTOS-L4 2.0.0
2025-12-25 12:11:00,879 [INFO] ThirdParty:1030 - CMSIS Pack Vendor :STMicroelectronics ThreadX 0.0.2
2025-12-25 12:11:00,879 [INFO] ThirdParty:1030 - CMSIS Pack Vendor :STMicroelectronics lwIP 2.1.2
2025-12-25 12:11:00,879 [INFO] ThirdParty:1030 - CMSIS Pack Vendor :STMicroelectronics X-CUBE-SFXS2LP1 4.0.0
2025-12-25 12:11:00,879 [INFO] ThirdParty:1030 - CMSIS Pack Vendor :STMicroelectronics X-CUBE-BLE2 3.3.0
2025-12-25 12:11:00,879 [INFO] ThirdParty:1030 - CMSIS Pack Vendor :STMicroelectronics X-CUBE-TOF1 3.4.3
2025-12-25 12:11:00,879 [INFO] ThirdParty:1030 - CMSIS Pack Vendor :STMicroelectronics PDM2PCM 3.2.0
2025-12-25 12:11:00,879 [INFO] ThirdParty:841 - exiting critical section [change project]
2025-12-25 12:11:01,853 [INFO] PinOutPanel:1589 - setPackage(No Configuration,No Configuration)
2025-12-25 12:11:01,857 [INFO] PinOutPanel:1589 - setPackage(STM32F407VGTx,LQFP100)
2025-12-25 12:11:02,512 [INFO] UtilMem:75 - Before build in PCC Used Memory: 997301040 Bytes (1073741824)
2025-12-25 12:11:03,769 [INFO] UtilMem:75 - After build in PCC Used Memory: 923049224 Bytes (1073741824)
2025-12-25 12:11:03,812 [INFO] IPUIPlugin:80 - create IPUIPlugin
2025-12-25 12:11:03,812 [INFO] IPUIPlugin:80 - create IPUIPlugin
2025-12-25 12:11:03,812 [INFO] IPUIPlugin:80 - create IPUIPlugin
2025-12-25 12:11:03,812 [INFO] IPUIPlugin:80 - create IPUIPlugin
2025-12-25 12:11:03,812 [INFO] IPUIPlugin:80 - create IPUIPlugin
2025-12-25 12:11:03,813 [INFO] IPUIPlugin:80 - create IPUIPlugin
2025-12-25 12:11:03,813 [INFO] IPUIPlugin:80 - create IPUIPlugin
2025-12-25 12:11:03,813 [INFO] IPUIPlugin:80 - create IPUIPlugin
2025-12-25 12:11:03,813 [INFO] IPUIPlugin:80 - create IPUIPlugin
2025-12-25 12:11:03,814 [INFO] IPUIPlugin:80 - create IPUIPlugin
2025-12-25 12:11:03,814 [INFO] IPUIPlugin:80 - create IPUIPlugin
2025-12-25 12:11:03,814 [INFO] IPUIPlugin:80 - create IPUIPlugin
2025-12-25 12:11:03,814 [INFO] IPUIPlugin:80 - create IPUIPlugin
2025-12-25 12:11:03,814 [INFO] IPUIPlugin:80 - create IPUIPlugin
2025-12-25 12:11:03,814 [INFO] IPUIPlugin:80 - create IPUIPlugin
2025-12-25 12:11:03,814 [INFO] IPUIPlugin:80 - create IPUIPlugin
2025-12-25 12:11:03,814 [INFO] IPUIPlugin:80 - create IPUIPlugin
2025-12-25 12:11:03,815 [INFO] IPUIPlugin:80 - create IPUIPlugin
2025-12-25 12:11:03,815 [INFO] IPUIPlugin:80 - create IPUIPlugin
2025-12-25 12:11:03,815 [INFO] IPUIPlugin:80 - create IPUIPlugin
2025-12-25 12:11:03,815 [INFO] IPUIPlugin:80 - create IPUIPlugin
2025-12-25 12:11:03,816 [INFO] IPUIPlugin:80 - create IPUIPlugin
2025-12-25 12:11:03,816 [INFO] IPUIPlugin:80 - create IPUIPlugin
2025-12-25 12:11:03,817 [INFO] IPUIPlugin:80 - create IPUIPlugin
2025-12-25 12:11:03,817 [INFO] IPUIPlugin:80 - create IPUIPlugin
2025-12-25 12:11:03,817 [INFO] IPUIPlugin:80 - create IPUIPlugin
2025-12-25 12:11:03,818 [INFO] IPUIPlugin:80 - create IPUIPlugin
2025-12-25 12:11:03,818 [INFO] IPUIPlugin:80 - create IPUIPlugin
2025-12-25 12:11:03,818 [INFO] IPUIPlugin:80 - create IPUIPlugin
2025-12-25 12:11:03,819 [INFO] IPUIPlugin:80 - create IPUIPlugin
2025-12-25 12:11:03,819 [INFO] IPUIPlugin:80 - create IPUIPlugin
2025-12-25 12:11:03,819 [INFO] IPUIPlugin:80 - create IPUIPlugin
2025-12-25 12:11:03,819 [INFO] IPUIPlugin:80 - create IPUIPlugin
2025-12-25 12:11:03,819 [INFO] IPUIPlugin:80 - create IPUIPlugin
2025-12-25 12:11:03,819 [INFO] IPUIPlugin:80 - create IPUIPlugin
2025-12-25 12:11:03,820 [INFO] IPUIPlugin:80 - create IPUIPlugin
2025-12-25 12:11:03,820 [INFO] IPUIPlugin:80 - create IPUIPlugin
2025-12-25 12:11:03,820 [INFO] IPUIPlugin:80 - create IPUIPlugin
2025-12-25 12:11:03,820 [INFO] IPUIPlugin:80 - create IPUIPlugin
2025-12-25 12:11:03,820 [INFO] IPUIPlugin:80 - create IPUIPlugin
2025-12-25 12:11:03,821 [INFO] IPUIPlugin:80 - create IPUIPlugin
2025-12-25 12:11:03,821 [INFO] IPUIPlugin:80 - create IPUIPlugin
2025-12-25 12:11:03,821 [INFO] IPUIPlugin:80 - create IPUIPlugin
2025-12-25 12:11:03,821 [INFO] IPUIPlugin:80 - create IPUIPlugin
2025-12-25 12:11:03,822 [INFO] IPUIPlugin:80 - create IPUIPlugin
2025-12-25 12:11:03,822 [INFO] IPUIPlugin:80 - create IPUIPlugin
2025-12-25 12:11:03,822 [INFO] IPUIPlugin:80 - create IPUIPlugin
2025-12-25 12:11:03,822 [INFO] IPUIPlugin:80 - create IPUIPlugin
2025-12-25 12:11:03,823 [INFO] IPUIPlugin:80 - create IPUIPlugin
2025-12-25 12:11:03,823 [INFO] IPUIPlugin:80 - create IPUIPlugin
2025-12-25 12:11:03,823 [INFO] IPUIPlugin:80 - create IPUIPlugin
2025-12-25 12:11:03,823 [INFO] IPUIPlugin:80 - create IPUIPlugin
2025-12-25 12:11:03,823 [INFO] IPUIPlugin:80 - create IPUIPlugin
2025-12-25 12:11:03,824 [INFO] IPUIPlugin:80 - create IPUIPlugin
2025-12-25 12:11:03,824 [INFO] IPUIPlugin:80 - create IPUIPlugin
2025-12-25 12:11:03,824 [INFO] IPUIPlugin:80 - create IPUIPlugin
2025-12-25 12:11:03,824 [INFO] IPUIPlugin:80 - create IPUIPlugin
2025-12-25 12:11:03,824 [INFO] IPUIPlugin:80 - create IPUIPlugin
2025-12-25 12:11:03,936 [INFO] ApiDbMcu:532 - Load IP Config File for PDM2PCM
2025-12-25 12:11:04,141 [INFO] CADModel:165 - CPN selected for project levelSTM32F407VGT6
2025-12-25 12:11:04,141 [INFO] CADModel:114 - Register for checkConnection events
2025-12-25 12:11:04,191 [INFO] OpenFileManager:386 - Restore cursor
2025-12-25 12:11:05,212 [INFO] UtilMem:75 - End SaveConfig() Used Memory: 907353400 Bytes (1073741824)
2025-12-25 12:11:05,363 [INFO] UtilMem:75 - End SaveConfig() Used Memory: 926230440 Bytes (1073741824)
2025-12-25 12:11:06,147 [INFO] BlockDiagram:2775 - set Specific Code input for plugin: SYS
2025-12-25 12:11:06,148 [INFO] BlockDiagram:2775 - set Specific Code input for plugin: RCC
2025-12-25 12:11:06,148 [INFO] BlockDiagram:2775 - set Specific Code input for plugin: NVIC
2025-12-25 12:11:06,149 [INFO] BlockDiagram:2775 - set Specific Code input for plugin: GPIO
2025-12-25 12:11:06,151 [INFO] CodeGenerator:892 - code generatio: config db path: C:\ST\STM32CubeIDE_1.19.0\STM32CubeIDE\plugins\com.st.stm32cube.common.mx_6.15.0.202507011659\\db\
2025-12-25 12:11:06,608 [INFO] CodeEngine:265 - oldGeneratedFile, C:\Users\aditi\OneDrive\Desktop\Sunbeam_Internship\ARM_94076_Aditi\assignment_5_using_HAL\code2_EXTI with Software Flag_volatile Concept\MXTmpFiles\license.tmp_save
2025-12-25 12:11:07,268 [INFO] CodeEngine:289 - Generated code: C:\Users\aditi\OneDrive\Desktop\Sunbeam_Internship\ARM_94076_Aditi\assignment_5_using_HAL\code2_EXTI with Software Flag_volatile Concept\MXTmpFiles\license.tmp
2025-12-25 12:11:07,493 [INFO] CodeEngine:265 - oldGeneratedFile, C:\Users\aditi\OneDrive\Desktop\Sunbeam_Internship\ARM_94076_Aditi\assignment_5_using_HAL\code2_EXTI with Software Flag_volatile Concept\MXTmpFiles\gpio.tmp_save
2025-12-25 12:11:07,776 [INFO] CodeEngine:289 - Generated code: C:\Users\aditi\OneDrive\Desktop\Sunbeam_Internship\ARM_94076_Aditi\assignment_5_using_HAL\code2_EXTI with Software Flag_volatile Concept\MXTmpFiles\gpio.tmp
2025-12-25 12:11:07,885 [INFO] CodeEngine:265 - oldGeneratedFile, C:\Users\aditi\OneDrive\Desktop\Sunbeam_Internship\ARM_94076_Aditi\assignment_5_using_HAL\code2_EXTI with Software Flag_volatile Concept\Core\Src\stm32f4xx_it.c_save
2025-12-25 12:11:08,076 [INFO] CodeEngine:289 - Generated code: C:\Users\aditi\OneDrive\Desktop\Sunbeam_Internship\ARM_94076_Aditi\assignment_5_using_HAL\code2_EXTI with Software Flag_volatile Concept\Core\Src\stm32f4xx_it.c
2025-12-25 12:11:08,092 [INFO] CodeEngine:265 - oldGeneratedFile, C:\Users\aditi\OneDrive\Desktop\Sunbeam_Internship\ARM_94076_Aditi\assignment_5_using_HAL\code2_EXTI with Software Flag_volatile Concept\Core\Inc\stm32f4xx_it.h_save
2025-12-25 12:11:08,206 [INFO] CodeEngine:289 - Generated code: C:\Users\aditi\OneDrive\Desktop\Sunbeam_Internship\ARM_94076_Aditi\assignment_5_using_HAL\code2_EXTI with Software Flag_volatile Concept\Core\Inc\stm32f4xx_it.h
2025-12-25 12:11:08,244 [INFO] CodeEngine:265 - oldGeneratedFile, C:\Users\aditi\OneDrive\Desktop\Sunbeam_Internship\ARM_94076_Aditi\assignment_5_using_HAL\code2_EXTI with Software Flag_volatile Concept\Core\Src\stm32f4xx_hal_msp.c_save
2025-12-25 12:11:08,457 [INFO] CodeEngine:289 - Generated code: C:\Users\aditi\OneDrive\Desktop\Sunbeam_Internship\ARM_94076_Aditi\assignment_5_using_HAL\code2_EXTI with Software Flag_volatile Concept\Core\Src\stm32f4xx_hal_msp.c
2025-12-25 12:11:08,476 [INFO] CodeEngine:265 - oldGeneratedFile, C:\Users\aditi\OneDrive\Desktop\Sunbeam_Internship\ARM_94076_Aditi\assignment_5_using_HAL\code2_EXTI with Software Flag_volatile Concept\MXTmpFiles\system.tmp_save
2025-12-25 12:11:08,560 [INFO] CodeEngine:289 - Generated code: C:\Users\aditi\OneDrive\Desktop\Sunbeam_Internship\ARM_94076_Aditi\assignment_5_using_HAL\code2_EXTI with Software Flag_volatile Concept\MXTmpFiles\system.tmp
2025-12-25 12:11:08,596 [INFO] CodeEngine:321 - oldGeneratedFile, C:\Users\aditi\OneDrive\Desktop\Sunbeam_Internship\ARM_94076_Aditi\assignment_5_using_HAL\code2_EXTI with Software Flag_volatile Concept\Core\Inc\stm32f4xx_hal_conf.h_save
2025-12-25 12:11:08,680 [INFO] CodeEngine:345 - Generated code: C:\Users\aditi\OneDrive\Desktop\Sunbeam_Internship\ARM_94076_Aditi\assignment_5_using_HAL\code2_EXTI with Software Flag_volatile Concept\Core\Inc\stm32f4xx_hal_conf.h
2025-12-25 12:11:08,757 [INFO] ApiDbMcu:532 - Load IP Config File for RCC
2025-12-25 12:11:08,785 [INFO] CodeEngine:265 - oldGeneratedFile, C:\Users\aditi\OneDrive\Desktop\Sunbeam_Internship\ARM_94076_Aditi\assignment_5_using_HAL\code2_EXTI with Software Flag_volatile Concept\Core\Inc\main.h_save
2025-12-25 12:11:08,953 [INFO] CodeEngine:289 - Generated code: C:\Users\aditi\OneDrive\Desktop\Sunbeam_Internship\ARM_94076_Aditi\assignment_5_using_HAL\code2_EXTI with Software Flag_volatile Concept\Core\Inc\main.h
2025-12-25 12:11:08,968 [INFO] CodeEngine:265 - oldGeneratedFile, C:\Users\aditi\OneDrive\Desktop\Sunbeam_Internship\ARM_94076_Aditi\assignment_5_using_HAL\code2_EXTI with Software Flag_volatile Concept\Core\Src\main.c_save
2025-12-25 12:11:09,190 [INFO] CodeEngine:289 - Generated code: C:\Users\aditi\OneDrive\Desktop\Sunbeam_Internship\ARM_94076_Aditi\assignment_5_using_HAL\code2_EXTI with Software Flag_volatile Concept\Core\Src\main.c
2025-12-25 12:11:10,858 [INFO] ProjectBuilder:3606 - Time for Copy HAL[1] : 1314mS.
2025-12-25 12:11:10,880 [INFO] ProjectBuilder:5216 - Project Generator version: 4.7.0-B52
2025-12-25 12:11:10,945 [INFO] ConfigFileManager:1595 - The Die is : DIE413
2025-12-25 12:11:10,959 [INFO] ApiDbMcu:532 - Load IP Config File for FATFS
2025-12-25 12:11:10,972 [INFO] ApiDbMcu:532 - Load IP Config File for FREERTOS
2025-12-25 12:11:10,975 [INFO] ApiDbMcu:532 - Load IP Config File for LIBJPEG
2025-12-25 12:11:10,982 [INFO] ApiDbMcu:532 - Load IP Config File for LWIP
2025-12-25 12:11:10,990 [INFO] ApiDbMcu:532 - Load IP Config File for MBEDTLS
2025-12-25 12:11:11,002 [INFO] ApiDbMcu:532 - Load IP Config File for USB_DEVICE
2025-12-25 12:11:11,009 [INFO] ApiDbMcu:532 - Load IP Config File for USB_HOST
2025-12-25 12:11:11,523 [INFO] LogOutputStream:77 - [STDOUT_REDIRECT] 
2025-12-25 12:11:15,490 [INFO] ProjectBuilder:5496 - Time for Generating toolchain IDE Files: 4609mS.
2025-12-25 12:11:15,491 [INFO] ProjectBuilder:3463 - Time for Copy CMSIS : 1mS.
2025-12-25 12:11:15,500 [INFO] ProjectBuilder:3463 - Time for Copy CMSIS : 0mS.
2025-12-25 12:11:17,514 [INFO] McuFinderGlobals:76 - Set McuFinderConnectedMode to true
2025-12-25 12:11:17,522 [INFO] ApiDb:448 - Save user favorites file C:\Users\aditi/.stm32cubeide/favorites.mcus.txt: 0 item(s)
2025-12-25 12:11:17,522 [INFO] ApiDb:452 - User favorites MCUs=[]
2025-12-25 12:11:17,526 [INFO] ApiDb:448 - Save user favorites file C:\Users\aditi/.stm32cubeide/favorites.boards.txt: 1 item(s)
2025-12-25 12:11:17,527 [INFO] ApiDb:452 - User favorites Boards=[STM32F407G-DISC1]
2025-12-25 12:13:10,688 [INFO] UtilMem:75 - End SaveConfig() Used Memory: 941343616 Bytes (1073741824)
2025-12-25 12:13:14,047 [INFO] UtilMem:75 - End SaveConfig() Used Memory: 986432384 Bytes (1073741824)
2025-12-25 12:13:14,260 [INFO] UtilMem:75 - End SaveConfig() Used Memory: 1014745984 Bytes (1073741824)
2025-12-25 12:13:14,463 [INFO] BlockDiagram:2775 - set Specific Code input for plugin: SYS
2025-12-25 12:13:14,463 [INFO] BlockDiagram:2775 - set Specific Code input for plugin: RCC
2025-12-25 12:13:14,463 [INFO] BlockDiagram:2775 - set Specific Code input for plugin: NVIC
2025-12-25 12:13:14,463 [INFO] BlockDiagram:2775 - set Specific Code input for plugin: GPIO
2025-12-25 12:13:14,465 [INFO] CodeGenerator:892 - code generatio: config db path: C:\ST\STM32CubeIDE_1.19.0\STM32CubeIDE\plugins\com.st.stm32cube.common.mx_6.15.0.202507011659\\db\
2025-12-25 12:13:14,566 [INFO] CodeEngine:265 - oldGeneratedFile, C:\Users\aditi\OneDrive\Desktop\Sunbeam_Internship\ARM_94076_Aditi\assignment_5_using_HAL\code2_EXTI with Software Flag_volatile Concept\MXTmpFiles\license.tmp_save
2025-12-25 12:13:14,679 [INFO] CodeEngine:289 - Generated code: C:\Users\aditi\OneDrive\Desktop\Sunbeam_Internship\ARM_94076_Aditi\assignment_5_using_HAL\code2_EXTI with Software Flag_volatile Concept\MXTmpFiles\license.tmp
2025-12-25 12:13:14,751 [INFO] CodeEngine:265 - oldGeneratedFile, C:\Users\aditi\OneDrive\Desktop\Sunbeam_Internship\ARM_94076_Aditi\assignment_5_using_HAL\code2_EXTI with Software Flag_volatile Concept\MXTmpFiles\gpio.tmp_save
2025-12-25 12:13:14,882 [INFO] CodeEngine:289 - Generated code: C:\Users\aditi\OneDrive\Desktop\Sunbeam_Internship\ARM_94076_Aditi\assignment_5_using_HAL\code2_EXTI with Software Flag_volatile Concept\MXTmpFiles\gpio.tmp
2025-12-25 12:13:14,928 [INFO] CodeEngine:265 - oldGeneratedFile, C:\Users\aditi\OneDrive\Desktop\Sunbeam_Internship\ARM_94076_Aditi\assignment_5_using_HAL\code2_EXTI with Software Flag_volatile Concept\Core\Src\stm32f4xx_it.c_save
2025-12-25 12:13:15,028 [INFO] CodeEngine:289 - Generated code: C:\Users\aditi\OneDrive\Desktop\Sunbeam_Internship\ARM_94076_Aditi\assignment_5_using_HAL\code2_EXTI with Software Flag_volatile Concept\Core\Src\stm32f4xx_it.c
2025-12-25 12:13:15,050 [INFO] CodeEngine:265 - oldGeneratedFile, C:\Users\aditi\OneDrive\Desktop\Sunbeam_Internship\ARM_94076_Aditi\assignment_5_using_HAL\code2_EXTI with Software Flag_volatile Concept\Core\Inc\stm32f4xx_it.h_save
2025-12-25 12:13:15,112 [INFO] CodeEngine:289 - Generated code: C:\Users\aditi\OneDrive\Desktop\Sunbeam_Internship\ARM_94076_Aditi\assignment_5_using_HAL\code2_EXTI with Software Flag_volatile Concept\Core\Inc\stm32f4xx_it.h
2025-12-25 12:13:15,133 [INFO] CodeEngine:265 - oldGeneratedFile, C:\Users\aditi\OneDrive\Desktop\Sunbeam_Internship\ARM_94076_Aditi\assignment_5_using_HAL\code2_EXTI with Software Flag_volatile Concept\Core\Src\stm32f4xx_hal_msp.c_save
2025-12-25 12:13:15,249 [INFO] CodeEngine:289 - Generated code: C:\Users\aditi\OneDrive\Desktop\Sunbeam_Internship\ARM_94076_Aditi\assignment_5_using_HAL\code2_EXTI with Software Flag_volatile Concept\Core\Src\stm32f4xx_hal_msp.c
2025-12-25 12:13:15,265 [INFO] CodeEngine:265 - oldGeneratedFile, C:\Users\aditi\OneDrive\Desktop\Sunbeam_Internship\ARM_94076_Aditi\assignment_5_using_HAL\code2_EXTI with Software Flag_volatile Concept\MXTmpFiles\system.tmp_save
2025-12-25 12:13:15,355 [INFO] CodeEngine:289 - Generated code: C:\Users\aditi\OneDrive\Desktop\Sunbeam_Internship\ARM_94076_Aditi\assignment_5_using_HAL\code2_EXTI with Software Flag_volatile Concept\MXTmpFiles\system.tmp
2025-12-25 12:13:15,393 [INFO] CodeEngine:321 - oldGeneratedFile, C:\Users\aditi\OneDrive\Desktop\Sunbeam_Internship\ARM_94076_Aditi\assignment_5_using_HAL\code2_EXTI with Software Flag_volatile Concept\Core\Inc\stm32f4xx_hal_conf.h_save
2025-12-25 12:13:15,479 [INFO] CodeEngine:345 - Generated code: C:\Users\aditi\OneDrive\Desktop\Sunbeam_Internship\ARM_94076_Aditi\assignment_5_using_HAL\code2_EXTI with Software Flag_volatile Concept\Core\Inc\stm32f4xx_hal_conf.h
2025-12-25 12:13:15,534 [INFO] CodeEngine:265 - oldGeneratedFile, C:\Users\aditi\OneDrive\Desktop\Sunbeam_Internship\ARM_94076_Aditi\assignment_5_using_HAL\code2_EXTI with Software Flag_volatile Concept\Core\Inc\main.h_save
2025-12-25 12:13:15,622 [INFO] CodeEngine:289 - Generated code: C:\Users\aditi\OneDrive\Desktop\Sunbeam_Internship\ARM_94076_Aditi\assignment_5_using_HAL\code2_EXTI with Software Flag_volatile Concept\Core\Inc\main.h
2025-12-25 12:13:15,643 [INFO] CodeEngine:265 - oldGeneratedFile, C:\Users\aditi\OneDrive\Desktop\Sunbeam_Internship\ARM_94076_Aditi\assignment_5_using_HAL\code2_EXTI with Software Flag_volatile Concept\Core\Src\main.c_save
2025-12-25 12:13:15,789 [INFO] CodeEngine:289 - Generated code: C:\Users\aditi\OneDrive\Desktop\Sunbeam_Internship\ARM_94076_Aditi\assignment_5_using_HAL\code2_EXTI with Software Flag_volatile Concept\Core\Src\main.c
2025-12-25 12:13:17,257 [INFO] ProjectBuilder:3606 - Time for Copy HAL[1] : 1275mS.
2025-12-25 12:13:17,264 [INFO] ProjectBuilder:5216 - Project Generator version: 4.7.0-B52
2025-12-25 12:13:17,309 [INFO] ConfigFileManager:1595 - The Die is : DIE413
2025-12-25 12:13:18,744 [INFO] ProjectBuilder:5496 - Time for Generating toolchain IDE Files: 1480mS.
2025-12-25 12:13:18,746 [INFO] ProjectBuilder:3463 - Time for Copy CMSIS : 1mS.
2025-12-25 12:13:18,759 [INFO] ProjectBuilder:3463 - Time for Copy CMSIS : 0mS.
2025-12-25 12:16:17,446 [INFO] MainUpdater:2872 - connection check result : 10
2025-12-25 12:16:17,617 [INFO] McuFinderGlobals:76 - Set McuFinderConnectedMode to true
2025-12-25 12:16:17,618 [INFO] MultiScanPanel:200 - Auto-refresh data requested => check proxy status ongoing
2025-12-25 12:16:17,618 [INFO] FinderPluginLoader:96 - Searching for filters in installed packs
2025-12-25 12:16:19,219 [INFO] LoadUrlFilesThread:185 - End of LoadServerUrlFiles without Thread
2025-12-25 12:16:19,219 [INFO] DetailPanel:341 - Set advertising image to C:/Users/aditi/STM32Cube/Repository/\en.prom-st67w-expansion-board.png
2025-12-25 12:16:22,825 [INFO] MultiScanPanel:200 - Auto-refresh data requested => check proxy status ongoing
2025-12-25 12:16:22,887 [INFO] LoadUrlFilesThread:185 - End of LoadServerUrlFiles without Thread
2025-12-25 12:16:22,889 [INFO] DetailPanel:341 - Set advertising image to C:/Users/aditi/STM32Cube/Repository/\en.prom-st67w-expansion-board.png
2025-12-25 12:17:03,195 [INFO] MainUpdater:2872 - connection check result : 10
2025-12-25 12:17:03,195 [INFO] MainUpdater:2872 - connection check result : 10
2025-12-25 12:17:03,276 [INFO] MicroXplorer:468 - Change Database Path : 
2025-12-25 12:17:03,277 [INFO] MicroXplorer:498 - Change Database Version : DB.6.0.150
2025-12-25 12:17:03,296 [ERROR] ProjectManagerView:395 - 
java.lang.NullPointerException: Cannot invoke "javax.swing.JTextField.getText()" because the return value of "java.util.List.get(int)" is null
	at com.st.microxplorer.plugins.projectmanager.gui.ProjectChoiceTab$9.caretUpdate(ProjectChoiceTab.java:2706) ~[filemanager.jar:?]
	at javax.swing.text.JTextComponent.fireCaretUpdate(JTextComponent.java:408) ~[?:?]
	at javax.swing.text.JTextComponent$MutableCaretEvent.fire(JTextComponent.java:4484) ~[?:?]
	at javax.swing.text.JTextComponent$MutableCaretEvent.stateChanged(JTextComponent.java:4506) ~[?:?]
	at javax.swing.text.DefaultCaret.fireStateChanged(DefaultCaret.java:857) ~[?:?]
	at javax.swing.text.DefaultCaret.changeCaretPosition(DefaultCaret.java:1343) ~[?:?]
	at javax.swing.text.DefaultCaret.handleSetDot(DefaultCaret.java:1242) ~[?:?]
	at javax.swing.text.DefaultCaret.setDot(DefaultCaret.java:1223) ~[?:?]
	at javax.swing.text.DefaultCaret$Handler.insertUpdate(DefaultCaret.java:1819) ~[?:?]
	at javax.swing.text.AbstractDocument.fireInsertUpdate(AbstractDocument.java:227) ~[?:?]
	at javax.swing.text.AbstractDocument.handleInsertString(AbstractDocument.java:781) ~[?:?]
	at javax.swing.text.AbstractDocument.insertString(AbstractDocument.java:740) ~[?:?]
	at javax.swing.text.PlainDocument.insertString(PlainDocument.java:131) ~[?:?]
	at javax.swing.text.AbstractDocument.replace(AbstractDocument.java:699) ~[?:?]
	at javax.swing.text.JTextComponent.setText(JTextComponent.java:1725) ~[?:?]
	at com.st.microxplorer.plugins.projectmanager.gui.ProjectChoiceTab.createHeapStackFields(ProjectChoiceTab.java:993) ~[filemanager.jar:?]
	at com.st.microxplorer.plugins.projectmanager.gui.ProjectChoiceTab.buildLinkSettingsPanel(ProjectChoiceTab.java:3813) ~[filemanager.jar:?]
	at com.st.microxplorer.plugins.projectmanager.gui.ProjectChoiceTab.defineWindowsFields(ProjectChoiceTab.java:1987) ~[filemanager.jar:?]
	at com.st.microxplorer.plugins.projectmanager.gui.ProjectChoiceTab.updateSettings(ProjectChoiceTab.java:558) ~[filemanager.jar:?]
	at com.st.microxplorer.plugins.projectmanager.gui.ProjectSettingsPanel.UpdateDialog(ProjectSettingsPanel.java:247) ~[filemanager.jar:?]
	at com.st.microxplorer.plugins.projectmanager.ProjectManagerView.propertyChange(ProjectManagerView.java:392) ~[filemanager.jar:?]
	at java.beans.PropertyChangeSupport.fire(PropertyChangeSupport.java:343) ~[?:?]
	at java.beans.PropertyChangeSupport.firePropertyChange(PropertyChangeSupport.java:335) ~[?:?]
	at java.beans.PropertyChangeSupport.firePropertyChange(PropertyChangeSupport.java:268) ~[?:?]
	at com.st.microxplorer.util.MXPropertyChangeSupport.firePropertyChange(MXPropertyChangeSupport.java:54) ~[STM32CubeMX.jar:?]
	at com.st.microxplorer.mxsystem.MxSystem.closeConfig(MxSystem.java:899) ~[STM32CubeMX.jar:?]
	at com.st.microxplorer.maingui.MainPanel.closeConfig(MainPanel.java:792) ~[STM32CubeMX.jar:?]
	at com.st.microxplorer.plugins.filemanager.engine.OpenFileManager.loadConfigurationFile(OpenFileManager.java:288) ~[filemanager.jar:?]
	at com.st.microxplorer.plugins.filemanager.engine.MainFileManager.userLoadConfig(MainFileManager.java:364) ~[filemanager.jar:?]
	at com.st.microxplorer.plugins.filemanager.FileManagerView.getSpecificTask(FileManagerView.java:268) ~[filemanager.jar:?]
	at com.st.stm32cube.common.mx.editor.CubeMxEditor.getMxTabbedPaneInstance(CubeMxEditor.java:1191) ~[com.st.stm32cube.common.mx_6.15.0.202507011659/:?]
	at com.st.stm32cube.common.mx.editor.CubeMxEditor$12$1.createSwingComponent(CubeMxEditor.java:1068) ~[com.st.stm32cube.common.mx_6.15.0.202507011659/:?]
	at com.st.stm32cube.common.mx.oss.core.awtswtbridge.EmbeddedSwingComposite.doComponentCreation(EmbeddedSwingComposite.java:492) ~[com.st.stm32cube.common.mx.oss_6.15.0.202507011659/:?]
	at com.st.stm32cube.common.mx.oss.core.awtswtbridge.EmbeddedSwingComposite$4.run(EmbeddedSwingComposite.java:291) ~[com.st.stm32cube.common.mx.oss_6.15.0.202507011659/:?]
	at com.st.stm32cube.common.mx.oss.core.awtswtbridge.AwtEnvironment$2.run(AwtEnvironment.java:166) ~[com.st.stm32cube.common.mx.oss_6.15.0.202507011659/:?]
	at java.awt.event.InvocationEvent.dispatch(InvocationEvent.java:318) ~[?:?]
	at java.awt.EventQueue.dispatchEventImpl(EventQueue.java:773) ~[?:?]
	at java.awt.EventQueue$4.run(EventQueue.java:720) ~[?:?]
	at java.awt.EventQueue$4.run(EventQueue.java:714) ~[?:?]
	at java.security.AccessController.doPrivileged(AccessController.java:400) ~[?:?]
	at java.security.ProtectionDomain$JavaSecurityAccessImpl.doIntersectionPrivilege(ProtectionDomain.java:87) ~[?:?]
	at java.awt.EventQueue.dispatchEvent(EventQueue.java:742) ~[?:?]
	at java.awt.EventDispatchThread.pumpOneEventForFilters(EventDispatchThread.java:203) ~[?:?]
	at java.awt.EventDispatchThread.pumpEventsForFilter(EventDispatchThread.java:124) ~[?:?]
	at java.awt.EventDispatchThread.pumpEventsForHierarchy(EventDispatchThread.java:113) ~[?:?]
	at java.awt.EventDispatchThread.pumpEvents(EventDispatchThread.java:109) ~[?:?]
	at java.awt.EventDispatchThread.pumpEvents(EventDispatchThread.java:101) ~[?:?]
	at java.awt.EventDispatchThread.run(EventDispatchThread.java:90) ~[?:?]
2025-12-25 12:17:03,304 [WARN] ThirdParty:871 - waiting for thirdparty lock release [close project]
2025-12-25 12:17:03,304 [INFO] ThirdParty:873 - entering critical section [close project]
2025-12-25 12:17:03,305 [INFO] ThirdParty:883 - exiting critical section [close project]
2025-12-25 12:17:03,306 [INFO] PinOutPanel:1589 - setPackage(No Configuration,No Configuration)
2025-12-25 12:17:03,321 [WARN] IpParametersView:155 - Warning: This peripheral hasn't parameters
2025-12-25 12:17:03,338 [WARN] MainPanel:289 - <html><b><center>Warning: This peripheral has no parameters to be configured<br></b></html>
2025-12-25 12:17:03,350 [INFO] UtilMem:75 - Begin LoadConfig() Used Memory: 706500952 Bytes (1073741824)
2025-12-25 12:17:03,351 [INFO] OpenFileManager:355 - Change cursor
2025-12-25 12:17:03,364 [INFO] RulesReader:64 - Compatibility file has been processed (317 Rules)
2025-12-25 12:17:03,370 [INFO] ProjectFactory:514 - No CPN specified for board STM32F407G-DISC1 => set CPN to STM32F407VGT6
2025-12-25 12:17:03,370 [INFO] Mcu:2029 - Initializing MCU STM32F407V(E-G)Tx STM32F407VGTx STM32F407VGT6
2025-12-25 12:17:04,889 [INFO] Context:786 - Trying to add GPIOservice into a context  which must be forbidden
2025-12-25 12:17:05,565 [INFO] Rule:233 - rule 117617 - U5Cobra4M][GTZC] default value MPCBB3 and MPCBB5 - Not Secured memory - MPCBB1 is applicable
2025-12-25 12:17:05,565 [INFO] Rule:233 - rule 117617 - U5Cobra4M][GTZC] default value MPCBB3 and MPCBB5 - Not Secured memory - MPCBB1 is applicable
2025-12-25 12:17:05,565 [INFO] Rule:233 - rule 117617 - U5Cobra4M][GTZC] default value MPCBB3 and MPCBB5 - Not Secured memory - MPCBB2 is applicable
2025-12-25 12:17:05,565 [INFO] Rule:233 - rule 117617 - U5Cobra4M][GTZC] default value MPCBB3 and MPCBB5 - Not Secured memory - MPCBB2 is applicable
2025-12-25 12:17:05,565 [INFO] Rule:233 - rule 117617 - U5Cobra4M][GTZC] default value MPCBB3 and MPCBB5 - Not Secured memory - MPCBB3 is applicable
2025-12-25 12:17:05,565 [INFO] Rule:233 - rule 117617 - U5Cobra4M][GTZC] default value MPCBB3 and MPCBB5 - Not Secured memory - MPCBB3 is applicable
2025-12-25 12:17:05,565 [INFO] Rule:233 - rule 117617 - U5Cobra4M][GTZC] default value MPCBB3 and MPCBB5 - Not Secured memory - MPCBB4 is applicable
2025-12-25 12:17:05,565 [INFO] Rule:233 - rule 117617 - U5Cobra4M][GTZC] default value MPCBB3 and MPCBB5 - Not Secured memory - MPCBB4 is applicable
2025-12-25 12:17:05,565 [INFO] Rule:233 - rule 117617 - U5Cobra4M][GTZC] default value MPCBB3 and MPCBB5 - Secured memory - MPCBB1 is applicable
2025-12-25 12:17:05,565 [INFO] Rule:233 - rule 117617 - U5Cobra4M][GTZC] default value MPCBB3 and MPCBB5 - Secured memory - MPCBB2 is applicable
2025-12-25 12:17:05,565 [INFO] Rule:233 - rule 117617 - U5Cobra4M][GTZC] default value MPCBB3 and MPCBB5 - Secured memory - MPCBB3 is applicable
2025-12-25 12:17:05,565 [INFO] Rule:233 - rule 117617 - U5Cobra4M][GTZC] default value MPCBB3 and MPCBB5 - Secured memory - MPCBB4 is applicable
2025-12-25 12:17:05,565 [INFO] Rule:233 - rule 117617 - U5Cobra4M][GTZC] default value MPCBB3 and MPCBB5 - Privileged memory - MPCBB1 is applicable
2025-12-25 12:17:05,565 [INFO] Rule:233 - rule 117617 - U5Cobra4M][GTZC] default value MPCBB3 and MPCBB5 - Privileged memory - MPCBB2 is applicable
2025-12-25 12:17:05,565 [INFO] Rule:233 - rule 117617 - U5Cobra4M][GTZC] default value MPCBB3 and MPCBB5 - Privileged memory - MPCBB3 is applicable
2025-12-25 12:17:05,565 [INFO] Rule:233 - rule 117617 - U5Cobra4M][GTZC] default value MPCBB3 and MPCBB5 - Privileged memory - MPCBB4 is applicable
2025-12-25 12:17:05,565 [INFO] Rule:233 - rule 117617 - U5Cobra4M][GTZC] default value MPCBB3 and MPCBB5 - Not Privileged memory - MPCBB1 is applicable
2025-12-25 12:17:05,565 [INFO] Rule:233 - rule 117617 - U5Cobra4M][GTZC] default value MPCBB3 and MPCBB5 - Not Privileged memory - MPCBB2 is applicable
2025-12-25 12:17:05,565 [INFO] Rule:233 - rule 117617 - U5Cobra4M][GTZC] default value MPCBB3 and MPCBB5 - Not Privileged memory - MPCBB3 is applicable
2025-12-25 12:17:05,565 [INFO] Rule:233 - rule 117617 - U5Cobra4M][GTZC] default value MPCBB3 and MPCBB5 - Not Privileged memory - MPCBB4 is applicable
2025-12-25 12:17:05,565 [INFO] Rule:233 - rule 117617 - U5Cobra4M][GTZC] default value MPCBB3 and MPCBB5 - Privileged memory - MPCBB1 is applicable
2025-12-25 12:17:05,565 [INFO] Rule:233 - rule 117617 - U5Cobra4M][GTZC] default value MPCBB3 and MPCBB5 - Privileged memory - MPCBB2 is applicable
2025-12-25 12:17:05,565 [INFO] Rule:233 - rule 117617 - U5Cobra4M][GTZC] default value MPCBB3 and MPCBB5 - Privileged memory - MPCBB3 is applicable
2025-12-25 12:17:05,565 [INFO] Rule:233 - rule 117617 - U5Cobra4M][GTZC] default value MPCBB3 and MPCBB5 - Privileged memory - MPCBB4 is applicable
2025-12-25 12:17:05,565 [INFO] Rule:233 - rule 117617 - U5Cobra4M][GTZC] default value MPCBB3 and MPCBB5 - Privileged memory - MPCBB1 is applicable
2025-12-25 12:17:05,566 [INFO] Rule:233 - rule 117617 - U5Cobra4M][GTZC] default value MPCBB3 and MPCBB5 - Privileged memory - MPCBB2 is applicable
2025-12-25 12:17:05,566 [INFO] Rule:233 - rule 117617 - U5Cobra4M][GTZC] default value MPCBB3 and MPCBB5 - Privileged memory - MPCBB3 is applicable
2025-12-25 12:17:05,566 [INFO] Rule:233 - rule 117617 - U5Cobra4M][GTZC] default value MPCBB3 and MPCBB5 - Privileged memory - MPCBB4 is applicable
2025-12-25 12:17:05,566 [INFO] Rule:233 - rule 117617 - U5Cobra4M][GTZC] default value MPCBB3 and MPCBB5 - Not Privileged memory - MPCBB1 is applicable
2025-12-25 12:17:05,566 [INFO] Rule:233 - rule 117617 - U5Cobra4M][GTZC] default value MPCBB3 and MPCBB5 - Not Privileged memory - MPCBB2 is applicable
2025-12-25 12:17:05,566 [INFO] Rule:233 - rule 117617 - U5Cobra4M][GTZC] default value MPCBB3 and MPCBB5 - Not Privileged memory - MPCBB3 is applicable
2025-12-25 12:17:05,566 [INFO] Rule:233 - rule 117617 - U5Cobra4M][GTZC] default value MPCBB3 and MPCBB5 - Not Privileged memory - MPCBB4 is applicable
2025-12-25 12:17:05,566 [INFO] Rule:233 - rule 117617 - U5Cobra4M][GTZC] default value MPCBB3 and MPCBB5 - Privileged memory - MPCBB1 is applicable
2025-12-25 12:17:05,566 [INFO] Rule:233 - rule 117617 - U5Cobra4M][GTZC] default value MPCBB3 and MPCBB5 - Privileged memory - MPCBB2 is applicable
2025-12-25 12:17:05,566 [INFO] Rule:233 - rule 117617 - U5Cobra4M][GTZC] default value MPCBB3 and MPCBB5 - Privileged memory - MPCBB3 is applicable
2025-12-25 12:17:05,566 [INFO] Rule:233 - rule 117617 - U5Cobra4M][GTZC] default value MPCBB3 and MPCBB5 - Privileged memory - MPCBB4 is applicable
2025-12-25 12:17:05,566 [INFO] Rule:233 - rule Rename SubGHz_Phy SUBGHZ_APPLICATION SUBGHZ_PINGPONG to SUBGHZ_ADV_APPLICATION is applicable
2025-12-25 12:17:05,566 [INFO] Rule:233 - rule Rename Enabled to IBEACON is applicable
2025-12-25 12:17:05,566 [INFO] Rule:233 - rule GTZC_S instance for project manager is applicable
2025-12-25 12:17:05,566 [INFO] Rule:233 - rule GTZC_S instance for context M33S is applicable
2025-12-25 12:17:05,566 [INFO] Rule:233 - rule GTZC_S instance value for IP GTZC is applicable
2025-12-25 12:17:05,566 [INFO] Rule:233 - rule GTZC_S instance for mcu.IP is applicable
2025-12-25 12:17:05,566 [INFO] Rule:233 - rule GTZC_S instance for VP is applicable
2025-12-25 12:17:05,566 [INFO] Rule:233 - rule GTZC_S instance for signal is applicable
2025-12-25 12:17:05,566 [INFO] Rule:233 - rule GTZC_S instance for mcu.Pin is applicable
2025-12-25 12:17:05,566 [INFO] Rule:233 - rule GTZC_S instance for VP is applicable
2025-12-25 12:17:05,566 [INFO] Rule:233 - rule GTZC_S instance for signal is applicable
2025-12-25 12:17:05,566 [INFO] Rule:233 - rule GTZC_S instance for mcu is applicable
2025-12-25 12:17:05,566 [INFO] Rule:233 - rule GTZC_S instance for mcu.Pin is applicable
2025-12-25 12:17:05,566 [INFO] Rule:233 - rule GTZC_S instance value for IP GTZC is applicable
2025-12-25 12:17:05,566 [INFO] Rule:233 - rule GTZC_S instance for project manager is applicable
2025-12-25 12:17:05,566 [INFO] Rule:233 - rule GTZC_S instance for context M33S is applicable
2025-12-25 12:17:05,566 [INFO] Rule:233 - rule GTZC_S instance for VP is applicable
2025-12-25 12:17:05,566 [INFO] Rule:233 - rule GTZC_S instance for signal is applicable
2025-12-25 12:17:05,566 [INFO] Rule:233 - rule SPDIFRX instance for mcu is applicable
2025-12-25 12:17:05,566 [INFO] Rule:233 - rule Rename Tracer Mode is applicable
2025-12-25 12:17:05,566 [INFO] Rule:233 - rule SPDIFRX instance value for IP SPDIFRX is applicable
2025-12-25 12:17:05,566 [INFO] Rule:233 - rule SPDIFRX instance for signal is applicable
2025-12-25 12:17:05,566 [INFO] Rule:233 - rule SPDIFRX instance for project manager is applicable
2025-12-25 12:17:05,566 [INFO] Rule:233 - rule SPDIFRX instance for project manager is applicable
2025-12-25 12:17:05,566 [INFO] Rule:233 - rule ADC Scan  fix with FW F7 is applicable
2025-12-25 12:17:05,566 [INFO] Rule:233 - rule ADC Scan  fix with FW F7 is applicable
2025-12-25 12:17:05,566 [INFO] Rule:233 - rule WakeUp0 Mode is applicable
2025-12-25 12:17:05,566 [INFO] Rule:233 - rule WakeUp0 SIGNAL is applicable
2025-12-25 12:17:05,567 [INFO] Rule:233 - rule WakeUp1 Mode is applicable
2025-12-25 12:17:05,567 [INFO] Rule:233 - rule WakeUp1 SIGNAL is applicable
2025-12-25 12:17:05,567 [INFO] Rule:233 - rule WakeUp2 Mode is applicable
2025-12-25 12:17:05,567 [INFO] Rule:233 - rule WakeUp2 SIGNAL is applicable
2025-12-25 12:17:05,567 [INFO] Rule:233 - rule WakeUp4 Mode is applicable
2025-12-25 12:17:05,567 [INFO] Rule:233 - rule WakeUp4 SIGNAL is applicable
2025-12-25 12:17:05,567 [INFO] Rule:233 - rule WakeUp5 Mode is applicable
2025-12-25 12:17:05,567 [INFO] Rule:233 - rule WakeUp5 SIGNAL is applicable
2025-12-25 12:17:05,567 [INFO] Rule:233 - rule UART/USART WORD LENGTH 7 is applicable
2025-12-25 12:17:05,567 [INFO] Rule:233 - rule UART/USART WORD LENGTH 8 is applicable
2025-12-25 12:17:05,567 [INFO] Rule:233 - rule UART/USART WORD LENGTH 9 is applicable
2025-12-25 12:17:05,567 [INFO] Rule:233 - rule Change Default Value for LSE Drive Capability for WB family is applicable
2025-12-25 12:17:05,567 [INFO] Rule:233 - rule Change Default Value for ADC Clock Prescaler G0 family is applicable
2025-12-25 12:17:05,567 [INFO] Rule:233 - rule ADC SamplingTime fix with FW L0  is applicable
2025-12-25 12:17:05,567 [INFO] Rule:233 - rule ADC SamplingTime fix with FW L0  is applicable
2025-12-25 12:17:05,567 [INFO] Rule:233 - rule ADC SamplingTime fix with FW L0 is applicable
2025-12-25 12:17:05,567 [INFO] Rule:233 - rule ADC SamplingTime fix with FW L0 is applicable
2025-12-25 12:17:05,567 [INFO] Rule:233 - rule ADC SamplingTime fix with FW L0  is applicable
2025-12-25 12:17:05,567 [INFO] Rule:233 - rule ADC SamplingTime fix with FW L0 is applicable
2025-12-25 12:17:05,567 [INFO] Rule:233 - rule Rename USB_OE Signal is applicable
2025-12-25 12:17:05,567 [INFO] Rule:233 - rule Rename Activate_OE Mode is applicable
2025-12-25 12:17:05,567 [INFO] Rule:233 - rule Rename DIE462/DIE415 pin PC14/OSC32_IN -> PC14-OSC32_IN (PC14) is applicable
2025-12-25 12:17:05,567 [INFO] Rule:233 - rule Rename DIE462/DIE415 pin PC15/OSC32_OUT -> PC15-OSC32_OUT (PC15) is applicable
2025-12-25 12:17:05,567 [INFO] Rule:233 - rule Rename DIE462/DIE415 pin PH0/OSC_IN -> PH0-OSC_IN (PH0) is applicable
2025-12-25 12:17:05,567 [INFO] Rule:233 - rule Rename DIE462/DIE415 pin PH1/OSC_OUT -> PH1-OSC_OUT (PH1) is applicable
2025-12-25 12:17:05,567 [INFO] Rule:233 - rule Rename DIE462 pin PA13 -> PA13 (JTMS/SWDIO) is applicable
2025-12-25 12:17:05,567 [INFO] Rule:233 - rule Rename DIE415 pin PA13 -> PA13 (JTMS/SWDIO) is applicable
2025-12-25 12:17:05,567 [INFO] Rule:233 - rule Rename DIE462 pin PA14 -> PA14 (JTCK/SWCLK) is applicable
2025-12-25 12:17:05,567 [INFO] Rule:233 - rule Rename DIE415 pin PA14 -> PA14 (JTCK/SWCLK) is applicable
2025-12-25 12:17:05,567 [INFO] Rule:233 - rule Rename DIE462/DIE415 pin PA15 -> PA15 (JTDI) is applicable
2025-12-25 12:17:05,567 [INFO] Rule:233 - rule Rename DIE462 pin PB3 -> PB3 (JTD0/TRACESWO) is applicable
2025-12-25 12:17:05,567 [INFO] Rule:233 - rule Rename DIE415 pin PB3 -> PB3 (JTD0-TRACESWO) is applicable
2025-12-25 12:17:05,567 [INFO] Rule:233 - rule Rename DIE462/DIE415 pin PB4 -> PB4 (NJTRST) is applicable
2025-12-25 12:17:05,567 [INFO] Rule:233 - rule Rename DIE462 pin PH3/BOOT0 -> PH3-BOOT0 (BOOT0) is applicable
2025-12-25 12:17:05,567 [INFO] Rule:233 - rule Rename CRYP DataEncryptionTypesList to Algorithm is applicable
2025-12-25 12:17:05,568 [INFO] Rule:233 - rule Rename AES DataEncryptionTypesList to Algorithm is applicable
2025-12-25 12:17:05,568 [INFO] Rule:233 - rule Rename TDESECB to CRYP_TDES_ECB is applicable
2025-12-25 12:17:05,568 [INFO] Rule:233 - rule Rename TDESCBC to CRYP_TDES_CBC is applicable
2025-12-25 12:17:05,568 [INFO] Rule:233 - rule Rename DESECB to CRYP_DES_ECB is applicable
2025-12-25 12:17:05,568 [INFO] Rule:233 - rule Rename DESCBC to CRYP_DES_CBC is applicable
2025-12-25 12:17:05,568 [INFO] Rule:233 - rule Rename AESECB to CRYP_AES_ECB is applicable
2025-12-25 12:17:05,568 [INFO] Rule:233 - rule Rename AESCBC to CRYP_AES_CBC is applicable
2025-12-25 12:17:05,568 [INFO] Rule:233 - rule Rename AESCTR to CRYP_AES_CTR is applicable
2025-12-25 12:17:05,568 [INFO] Rule:233 - rule Rename AESGCM to CRYP_AES_GCM is applicable
2025-12-25 12:17:05,568 [INFO] Rule:233 - rule Rename AESCCM to CRYP_AES_CCM is applicable
2025-12-25 12:17:05,568 [INFO] Rule:233 - rule Rename CAN TimeSeg1 to BS1 is applicable
2025-12-25 12:17:05,568 [INFO] Rule:233 - rule Rename CAN TimeSeg2 to BS2 is applicable
2025-12-25 12:17:05,568 [INFO] Rule:233 - rule Rename CAN SyncJumpWidth to SJW is applicable
2025-12-25 12:17:05,568 [INFO] Rule:233 - rule TimeTriggeredMode to TTCM is applicable
2025-12-25 12:17:05,568 [INFO] Rule:233 - rule Rename CAN AutoBusOff to ABOM is applicable
2025-12-25 12:17:05,568 [INFO] Rule:233 - rule Rename CAN AutoWakeUp to AWUM is applicable
2025-12-25 12:17:05,568 [INFO] Rule:233 - rule Rename CAN AutoRetransmission to NART is applicable
2025-12-25 12:17:05,568 [INFO] Rule:233 - rule Rename CAN ReceiveFifoLocked to RFLM is applicable
2025-12-25 12:17:05,568 [INFO] Rule:233 - rule Rename CAN TransmitFifoPriority to TXFP is applicable
2025-12-25 12:17:05,568 [INFO] Rule:233 - rule Rename HRTIMER HRTIM_OUTPUTFAULTLEVEL_HIGH in HRTIMER HRTIM_OUTPUTFAULTLEVEL_HIGHZ is applicable
2025-12-25 12:17:05,568 [INFO] Rule:233 - rule Rename TIMER TIM_CLEARINPUTSOURCE_OCREFCLR in  TIMER TIM_CLEARINPUTSOURCE_NONE for F7 family is applicable
2025-12-25 12:17:05,568 [INFO] Rule:233 - rule FDCAN_R1 - Rename FDCAN mode Master into Classic is applicable
2025-12-25 12:17:05,568 [INFO] Rule:233 - rule FDCAN_R2 - Rename FDCAN mode Slave into Classic is applicable
2025-12-25 12:17:05,568 [INFO] Rule:233 - rule FDCAN1_R3 - if PA10.Mode=FullDuplex, add Pin PA12 is applicable
2025-12-25 12:17:05,568 [INFO] Rule:233 - rule FDCAN1_R3 - if PA9.Mode=FullDuplex, add Pin PA11 is applicable
2025-12-25 12:17:05,568 [INFO] Rule:233 - rule FDCAN1_R3 - Alternatepin_1 - if PE1.Mode=FullDuplex, add Pin PB9 is applicable
2025-12-25 12:17:05,568 [INFO] Rule:233 - rule FDCAN1_R3 - Alternatepin_1 - if PE0.Mode=FullDuplex, add Pin PB8 is applicable
2025-12-25 12:17:05,569 [INFO] Rule:233 - rule FDCAN1_R3 - Alternatepin_2 - if PD5.Mode=FullDuplex, add Pin PD1 is applicable
2025-12-25 12:17:05,569 [INFO] Rule:233 - rule FDCAN1_R3 - Alternatepin_2 - if PD4.Mode=FullDuplex, add Pin PD0 is applicable
2025-12-25 12:17:05,569 [INFO] Rule:233 - rule FDCAN1_R4 - Rename Mode FullDuplex into Enable FDCAN_TXFD for pin PA10 is applicable
2025-12-25 12:17:05,569 [INFO] Rule:233 - rule FDCAN1_R4 - Rename Mode FullDuplex into Enable FDCAN_TXFD for pin PA9 is applicable
2025-12-25 12:17:05,569 [INFO] Rule:233 - rule FDCAN1_R4 - Alternatepin_1 - Rename Mode FullDuplex into Enable FDCAN_TXFD for pin PE1 is applicable
2025-12-25 12:17:05,569 [INFO] Rule:233 - rule FDCAN1_R4 - Alternatepin_1 - Rename Mode FullDuplex into Enable FDCAN_TXFD for pin PE0 is applicable
2025-12-25 12:17:05,569 [INFO] Rule:233 - rule FDCAN1_R4 - Alternatepin_2 - Rename Mode FullDuplex into Enable FDCAN_TXFD for pin PD5 is applicable
2025-12-25 12:17:05,569 [INFO] Rule:233 - rule FDCAN1_R4 - Alternatepin_2 - Rename Mode FullDuplex into Enable FDCAN_TXFD for pin PD4 is applicable
2025-12-25 12:17:05,569 [INFO] Rule:233 - rule FDCAN2_R3 - if PD10.Mode=FullDuplex, add Pin PB13 is applicable
2025-12-25 12:17:05,569 [INFO] Rule:233 - rule FDCAN2_R3 - if PD9.Mode=FullDuplex, add Pin PB12 is applicable
2025-12-25 12:17:05,569 [INFO] Rule:233 - rule FDCAN2_R3 - Alternatepin_1 - if PB7.Mode=FullDuplex, add Pin PB6 is applicable
2025-12-25 12:17:05,569 [INFO] Rule:233 - rule FDCAN2_R3 - Alternatepin_1 - if PD9.Mode=FullDuplex, add Pin PB12 is applicable
2025-12-25 12:17:05,569 [INFO] Rule:233 - rule FDCAN2_R4 - Rename Mode FullDuplex into Enable FDCAN_TXFD for pin PD10 is applicable
2025-12-25 12:17:05,569 [INFO] Rule:233 - rule FDCAN2_R4 - Rename Mode FullDuplex into Enable FDCAN_TXFD for pin PD9 is applicable
2025-12-25 12:17:05,569 [INFO] Rule:233 - rule FDCAN2_R4 - Alternatepin_1 - Rename Mode FullDuplex into Enable FDCAN_TXFD for pin PB7 is applicable
2025-12-25 12:17:05,569 [INFO] Rule:233 - rule FDCAN2_R4 - Alternatepin_1 - Rename Mode FullDuplex into Enable FDCAN_TXFD for pin PD6 is applicable
2025-12-25 12:17:05,569 [INFO] Rule:233 - rule USART TxPinLevelInvertParam Mode is applicable
2025-12-25 12:17:05,569 [INFO] Rule:233 - rule USART RxPinLevelInvertParam Mode is applicable
2025-12-25 12:17:05,569 [INFO] Rule:233 - rule USART DataInvertParam Mode is applicable
2025-12-25 12:17:05,569 [INFO] Rule:233 - rule USART SwapParam Mode is applicable
2025-12-25 12:17:05,569 [INFO] Rule:233 - rule USART OverrunDisableParam Mode is applicable
2025-12-25 12:17:05,569 [INFO] Rule:233 - rule USART DMADisableonRxErrorParam Mode is applicable
2025-12-25 12:17:05,569 [INFO] Rule:233 - rule USART MSBFirstParam Mode is applicable
2025-12-25 12:17:05,569 [INFO] Rule:233 - rule Update MwName for USB_DEVICE is applicable
2025-12-25 12:17:05,569 [INFO] Rule:233 - rule Change PWR_Regulator_Voltage_Scale Default Value for RCC  H7 family is applicable
2025-12-25 12:17:05,569 [INFO] Rule:233 - rule UART/USART IPParameter rename Prescaler parameter to ClockPrescaler is applicable
2025-12-25 12:17:05,569 [INFO] Rule:233 - rule UART/USART Prescaler rename Prescaler parameter to ClockPrescaler is applicable
2025-12-25 12:17:05,569 [INFO] Rule:233 - rule TIM1CLockSelection is applicable
2025-12-25 12:17:05,569 [INFO] Rule:233 - rule TIM15CLockSelection is applicable
2025-12-25 12:17:05,569 [INFO] Rule:233 - rule align RCC SDMMC3CLockSelection default value on MP1 is applicable
2025-12-25 12:17:05,569 [INFO] Rule:233 - rule align RCC SDMMC12CLockSelection default value on MP1 is applicable
2025-12-25 12:17:05,569 [INFO] Rule:233 - rule align RCC QSPICLockSelection default value on MP1 is applicable
2025-12-25 12:17:05,569 [INFO] Rule:233 - rule align RCC QSPICLockSelection default value on MP1 is applicable
2025-12-25 12:17:05,569 [INFO] Rule:233 - rule align RCC SPI6CLockSelection default value on MP1 is applicable
2025-12-25 12:17:05,569 [INFO] Rule:233 - rule align RCC LPTIM23CLockSelection default value on MP1 is applicable
2025-12-25 12:17:05,569 [INFO] Rule:233 - rule align RCC LPTIM1CLockSelection default value on MP1 is applicable
2025-12-25 12:17:05,569 [INFO] Rule:233 - rule align RCC USART1CLockSelection default value on MP1 is applicable
2025-12-25 12:17:05,569 [INFO] Rule:233 - rule align RCC USART24CLockSelection default value on MP1 is applicable
2025-12-25 12:17:05,569 [INFO] Rule:233 - rule align RCC USART6CLockSelection default value on MP1 is applicable
2025-12-25 12:17:05,569 [INFO] Rule:233 - rule align RCC UART78CLockSelection default value on MP1 is applicable
2025-12-25 12:17:05,569 [INFO] Rule:233 - rule align RCC USART35CLockSelection default value on MP1 is applicable
2025-12-25 12:17:05,569 [INFO] Rule:233 - rule align RCC SPI45CLockSelection default value on MP1 is applicable
2025-12-25 12:17:05,569 [INFO] Rule:233 - rule align RCC I2C46CLockSelection BCLK value on MP1 is applicable
2025-12-25 12:17:05,570 [INFO] Rule:233 - rule align RCC SPI45CLockSelection default value on MP1 is applicable
2025-12-25 12:17:05,570 [INFO] Rule:233 - rule align RCC I2C12CLockSelection default value on MP1 is applicable
2025-12-25 12:17:05,570 [INFO] Rule:233 - rule align RCC I2C35CLockSelection default value on MP1 is applicable
2025-12-25 12:17:05,570 [INFO] Rule:233 - rule align RCC LPTIM45CLockSelection default value on MP1 is applicable
2025-12-25 12:17:05,570 [INFO] Rule:233 - rule Rename DCMI PIXCK signal is applicable
2025-12-25 12:17:05,570 [INFO] Rule:233 - rule Change Default Value for I2C46CLockSelection MP1 family is applicable
2025-12-25 12:17:05,570 [INFO] Rule:233 - rule Change Default Value for UART for G4, G0 and WB families is applicable
2025-12-25 12:17:05,570 [INFO] Rule:233 - rule Change Default Value for USART for G4, G0 and WB families is applicable
2025-12-25 12:17:05,570 [INFO] Rule:233 - rule Change Default Value for USART for G4 family is applicable
2025-12-25 12:17:05,570 [INFO] Rule:233 - rule Change USART1CLockSelection refparam name for MP1 is applicable
2025-12-25 12:17:05,570 [INFO] Rule:233 - rule Change USART2CLockSelection refparam name for MP1 is applicable
2025-12-25 12:17:05,570 [INFO] Rule:233 - rule Change USART3CLockSelection refparam name for MP1 is applicable
2025-12-25 12:17:05,570 [INFO] Rule:233 - rule Change UART4CLockSelection refparam name for MP1 is applicable
2025-12-25 12:17:05,570 [INFO] Rule:233 - rule Change UART5CLockSelection refparam name for MP1 is applicable
2025-12-25 12:17:05,570 [INFO] Rule:233 - rule Change LPUART1CLockSelection refparam name for MP1 is applicable
2025-12-25 12:17:05,570 [INFO] Rule:233 - rule Change LPTIM1CLockSelection refparam name for MP1 is applicable
2025-12-25 12:17:05,570 [INFO] Rule:233 - rule Change LPTIM2CLockSelection refparam name for MP1 is applicable
2025-12-25 12:17:05,570 [INFO] Rule:233 - rule Change RCC_MCO1Source refparam name for MP1 is applicable
2025-12-25 12:17:05,570 [INFO] Rule:233 - rule Change LSCOSource1 refparam name for MP1 is applicable
2025-12-25 12:17:05,570 [INFO] Rule:233 - rule Change SMPSCLockSelection refparam name for MP1 is applicable
2025-12-25 12:17:05,570 [INFO] Rule:233 - rule Change LPTIM3CLockSelection refparam name for MP1 is applicable
2025-12-25 12:17:05,570 [INFO] Rule:233 - rule Change MPCBB* Default Template Mode to Parameters is applicable
2025-12-25 12:17:05,570 [INFO] Rule:233 - rule Change MPCWM* or MPCBB* Secure Mode to Parameters is applicable
2025-12-25 12:17:05,570 [INFO] Rule:233 - rule Change MPCWM* or MPCBB* No Secure Mode to Parameters is applicable
2025-12-25 12:17:05,570 [INFO] Rule:233 - rule Change TZSC IP Secure Mode to Parameters is applicable
2025-12-25 12:17:05,570 [INFO] Rule:233 - rule Change TZSC IP No Secure Mode to Parameters is applicable
2025-12-25 12:17:05,570 [INFO] Rule:233 - rule Change TZSC IP Privilege Mode to Parameters is applicable
2025-12-25 12:17:05,570 [INFO] Rule:233 - rule Change TZSC IP No Privilege Mode to Parameters is applicable
2025-12-25 12:17:05,570 [INFO] Rule:233 - rule Change TZIC IT Secure Mode to Parameters is applicable
2025-12-25 12:17:05,570 [INFO] Rule:233 - rule Change TZIC IT No Secure Mode to Parameters is applicable
2025-12-25 12:17:05,570 [INFO] Rule:233 - rule Add MPCBB1_NonSecureArea_Start_Address value with referenced to MPCBB1_NonSecureArea_Start value is applicable
2025-12-25 12:17:05,570 [INFO] Rule:233 - rule Add MPCBB2_NonSecureArea_Start_Address value with referenced to MPCBB2_NonSecureArea_Start value is applicable
2025-12-25 12:17:05,570 [INFO] Rule:233 - rule Add MPCWM1_NonSecureArea*_Start_Address value with referenced to MPCWM1_NonSecureArea*_Start value is applicable
2025-12-25 12:17:05,570 [INFO] Rule:233 - rule Add MPCWM2_NonSecureArea*_Start_Address value with referenced to MPCWM2_NonSecureArea*_Start value is applicable
2025-12-25 12:17:05,570 [INFO] Rule:233 - rule Add MPCWM3_NonSecureArea_Start_Address value with referenced to MPCWM3_NonSecureArea_Start value is applicable
2025-12-25 12:17:05,570 [INFO] Rule:233 - rule Change Default Value for PLL1UserDefinedConfig is applicable
2025-12-25 12:17:05,570 [INFO] Rule:233 - rule Change GPIO_PuPd Default Value for USART in async mode is applicable
2025-12-25 12:17:05,570 [INFO] Rule:233 - rule Change SMPSDivider Default Value is applicable
2025-12-25 12:17:05,570 [INFO] Rule:233 - rule OPAMP is applicable
2025-12-25 12:17:05,570 [INFO] Rule:233 - rule LPUART IPParameter rename Prescaler parameter to ClockPrescaler for STM32H7 is applicable
2025-12-25 12:17:05,571 [INFO] Rule:233 - rule LPUART IPParameter rename Prescaler parameter to ClockPrescaler for STM32H7 is applicable
2025-12-25 12:17:05,571 [INFO] Rule:233 - rule LPUART IPParameter rename Prescaler parameter to ClockPrescaler for STM32WB is applicable
2025-12-25 12:17:05,571 [INFO] Rule:233 - rule LPUART IPParameter rename Prescaler parameter to ClockPrescaler for STM32WB is applicable
2025-12-25 12:17:05,571 [INFO] Rule:233 - rule LPUART IPParameter rename Prescaler parameter to ClockPrescaler for STM32G4 is applicable
2025-12-25 12:17:05,571 [INFO] Rule:233 - rule LPUART IPParameter rename Prescaler parameter to ClockPrescaler for STM32G4 is applicable
2025-12-25 12:17:05,571 [INFO] Rule:233 - rule LPUART IPParameter rename Prescaler parameter to ClockPrescaler for STM32L5 is applicable
2025-12-25 12:17:05,571 [INFO] Rule:233 - rule LPUART IPParameter rename Prescaler parameter to ClockPrescaler for STM32L5 is applicable
2025-12-25 12:17:05,571 [INFO] Rule:233 - rule LPUART IPParameter rename Prescaler parameter to ClockPrescaler for STM32G4 is applicable
2025-12-25 12:17:05,571 [INFO] Rule:233 - rule LPUART IPParameter rename Prescaler parameter to ClockPrescaler for STM32G4 is applicable
2025-12-25 12:17:05,571 [INFO] Rule:233 - rule USB device lib V2.5.3 for L0 rename USBD_SUPPORT_USER_STRING parameter to USBD_SUPPORT_USER_STRING_DESC4 is applicable
2025-12-25 12:17:05,571 [INFO] Rule:233 - rule I2SCLockSelection clock entry align is applicable
2025-12-25 12:17:05,571 [INFO] Rule:233 - rule Assign TIMx context if used as SYS timebase is applicable
2025-12-25 12:17:05,571 [INFO] Rule:233 - rule Change GPIO_Pu Default Value for I2C is applicable
2025-12-25 12:17:05,571 [INFO] Rule:233 - rule Change GPIO_Pu Default Value for SMBus is applicable
2025-12-25 12:17:05,571 [INFO] Rule:233 - rule change FDCAN default value is applicable
2025-12-25 12:17:05,571 [INFO] Rule:233 - rule Change mode sai is applicable
2025-12-25 12:17:05,571 [INFO] Rule:233 - rule **Change sai mode is applicable
2025-12-25 12:17:05,571 [INFO] Rule:233 - rule Rename STM32WPAN CFG_BLE_IRK to CFG_BLE_IR is applicable
2025-12-25 12:17:05,571 [INFO] Rule:233 - rule Rename STM32WPAN CFG_BLE_ERK to CFG_BLE_ER is applicable
2025-12-25 12:17:05,571 [INFO] Rule:233 - rule Rename STM32WPAN CFG_BLE_IRK_HEX to CFG_BLE_IR_HEX is applicable
2025-12-25 12:17:05,571 [INFO] Rule:233 - rule Rename STM32WPAN CFG_BLE_ERK_HEX to CFG_BLE_ER_HEX is applicable
2025-12-25 12:17:05,571 [INFO] Rule:233 - rule Adapt Old IOC before rework replace old CORTEX_M33/CORTEX_M55 attributes by the new one. is applicable
2025-12-25 12:17:05,571 [INFO] Rule:233 - rule Rename parametre of RCC RCC_APBDBG_DIV2 to RCC_TIMPRES_DIV2 is applicable
2025-12-25 12:17:05,571 [INFO] Rule:233 - rule Rename DIE493 pin PA10 [PA12] -> PA10 is applicable
2025-12-25 12:17:05,571 [INFO] Rule:233 - rule Rename DIE493 pin PA9 [PA11] -> PA9 is applicable
2025-12-25 12:17:05,571 [INFO] Rule:233 - rule Rename DIE492 PartNumber CPN STM32WBA5MJGHx -> STM32WBA5MMGHx is applicable
2025-12-25 12:17:05,571 [INFO] Rule:233 - rule Rename DIE492 PartNumber  Name STM32WBA5MJGHx -> STM32WBA5MMGHx is applicable
2025-12-25 12:17:05,571 [INFO] Rule:233 - rule Rename DIE492 PartNumber UserName STM32WBA5MJGHx -> STM32WBA5MMGHx is applicable
2025-12-25 12:17:05,571 [INFO] Rule:233 - rule Rename DIE492 PartNumber DeviceId STM32WBA5MJGHx -> STM32WBA5MMGHx is applicable
2025-12-25 12:17:05,571 [INFO] Rule:233 - rule Adapt Old IOC CSI. is applicable
2025-12-25 12:17:05,571 [INFO] Rule:233 - rule Adapt Old IOC DCMIPP. is applicable
2025-12-25 12:17:05,571 [INFO] Rule:233 - rule Adapt Old IOC DCMIPP Mode Parallel. is applicable
2025-12-25 12:17:05,571 [INFO] Rule:233 - rule Adapt Old IOC LTDC. is applicable
2025-12-25 12:17:05,571 [INFO] Rule:233 - rule Rename STM32MP2 RIF Peripheral LTDC RIF.RISUP.LTDC_L0L1.Privilege -> RIF.RISUP.LTDC_L1L2.Privilege is applicable
2025-12-25 12:17:05,571 [INFO] Rule:233 - rule Rename STM32MP2 RIF Peripheral LTDC RIF.RISUP.LTDC_L0L1.Privilege -> RIF.RISUP.LTDC_L1L2.Privilege is applicable
2025-12-25 12:17:05,571 [INFO] Rule:233 - rule Rename STM32MP2 RIF Peripheral LTDC RIF.RISUP.LTDC_L0L1.Lock -> RIF.RISUP.LTDC_L1L2.Lock is applicable
2025-12-25 12:17:05,571 [INFO] Rule:233 - rule Rename STM32MP2 RIF Peripheral LTDC RIF.RISUP.LTDC_L2.Lock -> RIF.RISUP.LTDC_L3.Lock is applicable
2025-12-25 12:17:05,571 [INFO] Rule:233 - rule Adapt the old IOC example for updating the SYS when it is misconfigured. is applicable
2025-12-25 12:17:05,571 [INFO] Rule:233 - rule Rename STM32C09 Mcu.Package LQFP64 -> LQFP48 is applicable
2025-12-25 12:17:05,571 [INFO] Rule:233 - rule Adapt the old IOC example for updating the SYS when it is misconfigured. is applicable
2025-12-25 12:17:05,571 [INFO] Rule:233 - rule Adapt the old IOC example for updating the SYS when it is misconfigured. is applicable
2025-12-25 12:17:05,589 [INFO] DbConfProperties:307 - Apply Compatibility (38/250 Rules)
2025-12-25 12:17:05,600 [INFO] ImportTextPane:234 - (OptionalMessage_ERROR) Unable to find key (Mcu.ThirdPartyNb) in loaded IOC file
2025-12-25 12:17:05,602 [INFO] ImportTextPane:234 - (OptionalMessage_ERROR) Pin34 (VP_RIF_VS_RIF1) cannot be retrieved for this MCU
2025-12-25 12:17:05,645 [INFO] RtosManager:558 - Registered RTOS mode: class=CMSIS, group=RTOS, mode=CMSIS_V1, owner=FREERTOS
2025-12-25 12:17:05,645 [INFO] RtosManager:558 - Registered RTOS mode: class=CMSIS, group=RTOS2, mode=CMSIS_V2, owner=FREERTOS
2025-12-25 12:17:05,645 [INFO] RtosManager:558 - Registered RTOS mode: class=RTOS, group=Core, mode=CMSIS_V1, owner=FREERTOS
2025-12-25 12:17:05,645 [INFO] RtosManager:558 - Registered RTOS mode: class=RTOS, group=Core, mode=CMSIS_V2, owner=FREERTOS
2025-12-25 12:17:05,645 [WARN] ModelIntegratedComponent:184 - Missing modes for component STMicroelectronics:FreeRTOS:0.0.1:STMicroelectronics:RTOS:FreeRTOS:Core:::10.2.0:
2025-12-25 12:17:05,668 [WARN] ModelIntegratedComponent:63 - No mode defined for component null
2025-12-25 12:17:05,668 [WARN] ModelIntegratedComponent:63 - No mode defined for component null
2025-12-25 12:17:05,668 [WARN] ModelIntegratedComponent:63 - No mode defined for component null
2025-12-25 12:17:05,668 [WARN] ModelIntegratedComponent:63 - No mode defined for component null
2025-12-25 12:17:05,668 [WARN] ModelIntegratedComponent:63 - No mode defined for component null
2025-12-25 12:17:05,668 [WARN] ModelIntegratedComponent:63 - No mode defined for component null
2025-12-25 12:17:05,668 [WARN] ModelIntegratedComponent:63 - No mode defined for component null
2025-12-25 12:17:05,668 [WARN] ModelIntegratedComponent:63 - No mode defined for component null
2025-12-25 12:17:05,668 [WARN] ModelIntegratedComponent:63 - No mode defined for component null
2025-12-25 12:17:05,668 [WARN] ModelIntegratedComponent:63 - No mode defined for component null
2025-12-25 12:17:05,668 [WARN] ModelIntegratedComponent:63 - No mode defined for component null
2025-12-25 12:17:05,668 [WARN] ModelIntegratedComponent:63 - No mode defined for component null
2025-12-25 12:17:05,668 [WARN] ModelIntegratedComponent:63 - No mode defined for component null
2025-12-25 12:17:05,668 [WARN] ModelIntegratedComponent:63 - No mode defined for component null
2025-12-25 12:17:05,669 [WARN] ModelIntegratedComponent:63 - No mode defined for component null
2025-12-25 12:17:05,669 [WARN] ModelIntegratedComponent:63 - No mode defined for component null
2025-12-25 12:17:05,669 [WARN] ModelIntegratedComponent:63 - No mode defined for component null
2025-12-25 12:17:05,669 [WARN] ModelIntegratedComponent:63 - No mode defined for component null
2025-12-25 12:17:05,669 [WARN] ModelIntegratedComponent:63 - No mode defined for component null
2025-12-25 12:17:05,669 [WARN] ModelIntegratedComponent:63 - No mode defined for component null
2025-12-25 12:17:05,669 [WARN] ModelIntegratedComponent:63 - No mode defined for component null
2025-12-25 12:17:05,669 [WARN] ModelIntegratedComponent:63 - No mode defined for component null
2025-12-25 12:17:05,669 [WARN] ModelIntegratedComponent:63 - No mode defined for component null
2025-12-25 12:17:05,669 [WARN] ModelIntegratedComponent:63 - No mode defined for component null
2025-12-25 12:17:05,669 [WARN] ModelIntegratedComponent:63 - No mode defined for component null
2025-12-25 12:17:05,669 [WARN] ModelIntegratedComponent:63 - No mode defined for component null
2025-12-25 12:17:05,669 [WARN] ModelIntegratedComponent:63 - No mode defined for component null
2025-12-25 12:17:05,669 [WARN] ModelIntegratedComponent:63 - No mode defined for component null
2025-12-25 12:17:05,669 [WARN] ModelIntegratedComponent:63 - No mode defined for component null
2025-12-25 12:17:05,669 [WARN] ModelIntegratedComponent:63 - No mode defined for component null
2025-12-25 12:17:05,669 [WARN] ModelIntegratedComponent:63 - No mode defined for component null
2025-12-25 12:17:05,669 [WARN] ModelIntegratedComponent:63 - No mode defined for component null
2025-12-25 12:17:05,669 [WARN] ModelIntegratedComponent:63 - No mode defined for component null
2025-12-25 12:17:05,669 [WARN] ModelIntegratedComponent:63 - No mode defined for component null
2025-12-25 12:17:05,669 [WARN] ModelIntegratedComponent:63 - No mode defined for component null
2025-12-25 12:17:05,669 [WARN] ModelPack:524 - Component already loaded: STMicroelectronics:HAL Drivers:0.0.0:STMicroelectronics:Device:STMicro_Driver:XSPI:HAL::0.0.1:HAL_XSPI
2025-12-25 12:17:05,694 [INFO] ThirdPartyModel:298 - Start build external matchings
2025-12-25 12:17:05,776 [INFO] ThirdPartyModel:316 - End build external matchings
2025-12-25 12:17:06,077 [INFO] UtilMem:75 - End LoadConfig() Used Memory: 776626448 Bytes (1073741824)
2025-12-25 12:17:06,125 [WARN] ThirdParty:833 - waiting for thirdparty lock release [change project]
2025-12-25 12:17:06,125 [INFO] ThirdParty:835 - entering critical section [change project]
2025-12-25 12:17:06,125 [INFO] ThirdParty:1030 - CMSIS Pack Vendor :STMicroelectronics X-CUBE-PM33A1 1.0.0
2025-12-25 12:17:06,125 [INFO] ThirdParty:1030 - CMSIS Pack Vendor :STMicroelectronics USBPD 4.1
2025-12-25 12:17:06,125 [INFO] ThirdParty:1030 - CMSIS Pack Vendor :STMicroelectronics X-CUBE-NFC9 1.0.0
2025-12-25 12:17:06,125 [INFO] ThirdParty:1030 - CMSIS Pack Vendor :STMicroelectronics USB_HOST 2.0.0
2025-12-25 12:17:06,125 [INFO] ThirdParty:1030 - CMSIS Pack Vendor :STMicroelectronics FP-SNS-MOTENVWB1 1.4.0
2025-12-25 12:17:06,125 [INFO] ThirdParty:1030 - CMSIS Pack Vendor :STMicroelectronics X-CUBE-AZRTOS-F4 1.1.0
2025-12-25 12:17:06,125 [INFO] ThirdParty:1030 - CMSIS Pack Vendor :STMicroelectronics LIBJPEG 8.0.0
2025-12-25 12:17:06,125 [INFO] ThirdParty:1030 - CMSIS Pack Vendor :STMicroelectronics FP-ATR-ASTRA1 2.0.2
2025-12-25 12:17:06,125 [INFO] ThirdParty:1030 - CMSIS Pack Vendor :STMicroelectronics X-CUBE-BLE1 7.1.0
2025-12-25 12:17:06,125 [INFO] ThirdParty:1030 - CMSIS Pack Vendor :STMicroelectronics X-CUBE-SMBUS 2.1.0
2025-12-25 12:17:06,125 [INFO] ThirdParty:1030 - CMSIS Pack Vendor :STMicroelectronics USB_DEVICE 3.0.0
2025-12-25 12:17:06,125 [INFO] ThirdParty:1030 - CMSIS Pack Vendor :STMicroelectronics X-CUBE-ISPU 2.1.0
2025-12-25 12:17:06,126 [INFO] ThirdParty:1030 - CMSIS Pack Vendor :STMicroelectronics X-CUBE-AZRTOS-WB 2.0.0
2025-12-25 12:17:06,126 [INFO] ThirdParty:1030 - CMSIS Pack Vendor :STMicroelectronics X-CUBE-AZRTOS-F7 1.1.0
2025-12-25 12:17:06,126 [INFO] ThirdParty:1030 - CMSIS Pack Vendor :STMicroelectronics X-CUBE-AZRTOS-L5 2.0.0
2025-12-25 12:17:06,126 [INFO] ThirdParty:1030 - CMSIS Pack Vendor :STMicroelectronics USB_DEVICE 2.0.0
2025-12-25 12:17:06,126 [INFO] ThirdParty:1030 - CMSIS Pack Vendor :STMicroelectronics X-CUBE-NFC6 3.1.0
2025-12-25 12:17:06,126 [INFO] ThirdParty:1030 - CMSIS Pack Vendor :STMicroelectronics FreeRTOS 0.0.1
2025-12-25 12:17:06,126 [INFO] ThirdParty:1030 - CMSIS Pack Vendor :STMicroelectronics X-CUBE-AZRTOS-G0 1.1.0
2025-12-25 12:17:06,126 [INFO] ThirdParty:1030 - CMSIS Pack Vendor :STMicroelectronics X-CUBE-NFC4 3.0.0
2025-12-25 12:17:06,126 [INFO] ThirdParty:1030 - CMSIS Pack Vendor :STMicroelectronics X-CUBE-SUBG2 5.0.0
2025-12-25 12:17:06,126 [INFO] ThirdParty:1030 - CMSIS Pack Vendor :STMicroelectronics STM32_WPAN 1.0.0
2025-12-25 12:17:06,126 [INFO] ThirdParty:1030 - CMSIS Pack Vendor :STMicroelectronics lwIP 2.0.3
2025-12-25 12:17:06,126 [INFO] ThirdParty:1030 - CMSIS Pack Vendor :STMicroelectronics USB_HOST 1.0.0
2025-12-25 12:17:06,126 [INFO] ThirdParty:1030 - CMSIS Pack Vendor :STMicroelectronics X-CUBE-AZRTOS-G4 2.0.0
2025-12-25 12:17:06,126 [INFO] ThirdParty:1030 - CMSIS Pack Vendor :STMicroelectronics X-CUBE-WB05N 2.0.0
2025-12-25 12:17:06,126 [INFO] ThirdParty:1030 - CMSIS Pack Vendor :STMicroelectronics PDM2PCM 3.1.0
2025-12-25 12:17:06,126 [INFO] ThirdParty:1030 - CMSIS Pack Vendor :STMicroelectronics PDM2PCM 3.3.0
2025-12-25 12:17:06,126 [INFO] ThirdParty:1030 - CMSIS Pack Vendor :STMicroelectronics X-CUBE-DISPLAY 3.0.0
2025-12-25 12:17:06,126 [INFO] ThirdParty:1030 - CMSIS Pack Vendor :STMicroelectronics X-CUBE-NFC7 2.0.0
2025-12-25 12:17:06,126 [INFO] ThirdParty:1030 - CMSIS Pack Vendor :STMicroelectronics X-CUBE-TCPP 4.2.0
2025-12-25 12:17:06,126 [INFO] ThirdParty:1030 - CMSIS Pack Vendor :STMicroelectronics FP-ATR-SIGFOX1 3.2.0
2025-12-25 12:17:06,126 [INFO] ThirdParty:1030 - CMSIS Pack Vendor :STMicroelectronics X-CUBE-NFC10 1.0.0
2025-12-25 12:17:06,126 [INFO] ThirdParty:1030 - CMSIS Pack Vendor :STMicroelectronics HAL Drivers 0.0.0
2025-12-25 12:17:06,126 [INFO] ThirdParty:1030 - CMSIS Pack Vendor :STMicroelectronics MBEDTLS 2.16.2
2025-12-25 12:17:06,126 [INFO] ThirdParty:1030 - CMSIS Pack Vendor :STMicroelectronics X-CUBE-ALS 1.0.2
2025-12-25 12:17:06,126 [INFO] ThirdParty:1030 - CMSIS Pack Vendor :STMicroelectronics MBEDTLS 2.14.1
2025-12-25 12:17:06,126 [INFO] ThirdParty:1030 - CMSIS Pack Vendor :STMicroelectronics ThreadX 1.0.0
2025-12-25 12:17:06,126 [INFO] ThirdParty:1030 - CMSIS Pack Vendor :STMicroelectronics FP-SNS-SMARTAG2 1.2.0
2025-12-25 12:17:06,126 [INFO] ThirdParty:1030 - CMSIS Pack Vendor :STMicroelectronics FP-SNS-FLIGHT1 5.1.0
2025-12-25 12:17:06,126 [INFO] ThirdParty:1030 - CMSIS Pack Vendor :STMicroelectronics X-CUBE-AZRTOS-WL 2.0.0
2025-12-25 12:17:06,126 [INFO] ThirdParty:1030 - CMSIS Pack Vendor :STMicroelectronics X-CUBE-ALGOBUILD 1.4.0
2025-12-25 12:17:06,126 [INFO] ThirdParty:1030 - CMSIS Pack Vendor :STMicroelectronics X-CUBE-DPower 1.3.0
2025-12-25 12:17:06,126 [INFO] ThirdParty:1030 - CMSIS Pack Vendor :STMicroelectronics USB_DEVICE 1.0.0
2025-12-25 12:17:06,126 [INFO] ThirdParty:1030 - CMSIS Pack Vendor :STMicroelectronics X-CUBE-AZRTOS-L4 2.0.0
2025-12-25 12:17:06,126 [INFO] ThirdParty:1030 - CMSIS Pack Vendor :STMicroelectronics ThreadX 0.0.2
2025-12-25 12:17:06,126 [INFO] ThirdParty:1030 - CMSIS Pack Vendor :STMicroelectronics lwIP 2.1.2
2025-12-25 12:17:06,126 [INFO] ThirdParty:1030 - CMSIS Pack Vendor :STMicroelectronics X-CUBE-SFXS2LP1 4.0.0
2025-12-25 12:17:06,126 [INFO] ThirdParty:1030 - CMSIS Pack Vendor :STMicroelectronics X-CUBE-BLE2 3.3.0
2025-12-25 12:17:06,126 [INFO] ThirdParty:1030 - CMSIS Pack Vendor :STMicroelectronics X-CUBE-TOF1 3.4.3
2025-12-25 12:17:06,126 [INFO] ThirdParty:1030 - CMSIS Pack Vendor :STMicroelectronics PDM2PCM 3.2.0
2025-12-25 12:17:06,126 [INFO] ThirdParty:841 - exiting critical section [change project]
2025-12-25 12:17:06,363 [INFO] PinOutPanel:1589 - setPackage(No Configuration,No Configuration)
2025-12-25 12:17:06,364 [INFO] PinOutPanel:1589 - setPackage(STM32F407VGTx,LQFP100)
2025-12-25 12:17:06,629 [INFO] UtilMem:75 - Before build in PCC Used Memory: 715743640 Bytes (1073741824)
2025-12-25 12:17:07,293 [INFO] UtilMem:75 - After build in PCC Used Memory: 761354648 Bytes (1073741824)
2025-12-25 12:17:07,339 [INFO] IPUIPlugin:80 - create IPUIPlugin
2025-12-25 12:17:07,339 [INFO] IPUIPlugin:80 - create IPUIPlugin
2025-12-25 12:17:07,339 [INFO] IPUIPlugin:80 - create IPUIPlugin
2025-12-25 12:17:07,339 [INFO] IPUIPlugin:80 - create IPUIPlugin
2025-12-25 12:17:07,339 [INFO] IPUIPlugin:80 - create IPUIPlugin
2025-12-25 12:17:07,339 [INFO] IPUIPlugin:80 - create IPUIPlugin
2025-12-25 12:17:07,339 [INFO] IPUIPlugin:80 - create IPUIPlugin
2025-12-25 12:17:07,340 [INFO] IPUIPlugin:80 - create IPUIPlugin
2025-12-25 12:17:07,340 [INFO] IPUIPlugin:80 - create IPUIPlugin
2025-12-25 12:17:07,340 [INFO] IPUIPlugin:80 - create IPUIPlugin
2025-12-25 12:17:07,340 [INFO] IPUIPlugin:80 - create IPUIPlugin
2025-12-25 12:17:07,340 [INFO] IPUIPlugin:80 - create IPUIPlugin
2025-12-25 12:17:07,340 [INFO] IPUIPlugin:80 - create IPUIPlugin
2025-12-25 12:17:07,340 [INFO] IPUIPlugin:80 - create IPUIPlugin
2025-12-25 12:17:07,340 [INFO] IPUIPlugin:80 - create IPUIPlugin
2025-12-25 12:17:07,340 [INFO] IPUIPlugin:80 - create IPUIPlugin
2025-12-25 12:17:07,340 [INFO] IPUIPlugin:80 - create IPUIPlugin
2025-12-25 12:17:07,341 [INFO] IPUIPlugin:80 - create IPUIPlugin
2025-12-25 12:17:07,341 [INFO] IPUIPlugin:80 - create IPUIPlugin
2025-12-25 12:17:07,341 [INFO] IPUIPlugin:80 - create IPUIPlugin
2025-12-25 12:17:07,341 [INFO] IPUIPlugin:80 - create IPUIPlugin
2025-12-25 12:17:07,341 [INFO] IPUIPlugin:80 - create IPUIPlugin
2025-12-25 12:17:07,341 [INFO] IPUIPlugin:80 - create IPUIPlugin
2025-12-25 12:17:07,342 [INFO] IPUIPlugin:80 - create IPUIPlugin
2025-12-25 12:17:07,342 [INFO] IPUIPlugin:80 - create IPUIPlugin
2025-12-25 12:17:07,343 [INFO] IPUIPlugin:80 - create IPUIPlugin
2025-12-25 12:17:07,344 [INFO] IPUIPlugin:80 - create IPUIPlugin
2025-12-25 12:17:07,345 [INFO] IPUIPlugin:80 - create IPUIPlugin
2025-12-25 12:17:07,345 [INFO] IPUIPlugin:80 - create IPUIPlugin
2025-12-25 12:17:07,346 [INFO] IPUIPlugin:80 - create IPUIPlugin
2025-12-25 12:17:07,346 [INFO] IPUIPlugin:80 - create IPUIPlugin
2025-12-25 12:17:07,346 [INFO] IPUIPlugin:80 - create IPUIPlugin
2025-12-25 12:17:07,347 [INFO] IPUIPlugin:80 - create IPUIPlugin
2025-12-25 12:17:07,347 [INFO] IPUIPlugin:80 - create IPUIPlugin
2025-12-25 12:17:07,347 [INFO] IPUIPlugin:80 - create IPUIPlugin
2025-12-25 12:17:07,347 [INFO] IPUIPlugin:80 - create IPUIPlugin
2025-12-25 12:17:07,348 [INFO] IPUIPlugin:80 - create IPUIPlugin
2025-12-25 12:17:07,348 [INFO] IPUIPlugin:80 - create IPUIPlugin
2025-12-25 12:17:07,348 [INFO] IPUIPlugin:80 - create IPUIPlugin
2025-12-25 12:17:07,349 [INFO] IPUIPlugin:80 - create IPUIPlugin
2025-12-25 12:17:07,349 [INFO] IPUIPlugin:80 - create IPUIPlugin
2025-12-25 12:17:07,349 [INFO] IPUIPlugin:80 - create IPUIPlugin
2025-12-25 12:17:07,350 [INFO] IPUIPlugin:80 - create IPUIPlugin
2025-12-25 12:17:07,350 [INFO] IPUIPlugin:80 - create IPUIPlugin
2025-12-25 12:17:07,350 [INFO] IPUIPlugin:80 - create IPUIPlugin
2025-12-25 12:17:07,350 [INFO] IPUIPlugin:80 - create IPUIPlugin
2025-12-25 12:17:07,351 [INFO] IPUIPlugin:80 - create IPUIPlugin
2025-12-25 12:17:07,351 [INFO] IPUIPlugin:80 - create IPUIPlugin
2025-12-25 12:17:07,352 [INFO] IPUIPlugin:80 - create IPUIPlugin
2025-12-25 12:17:07,352 [INFO] IPUIPlugin:80 - create IPUIPlugin
2025-12-25 12:17:07,353 [INFO] IPUIPlugin:80 - create IPUIPlugin
2025-12-25 12:17:07,353 [INFO] IPUIPlugin:80 - create IPUIPlugin
2025-12-25 12:17:07,354 [INFO] IPUIPlugin:80 - create IPUIPlugin
2025-12-25 12:17:07,354 [INFO] IPUIPlugin:80 - create IPUIPlugin
2025-12-25 12:17:07,355 [INFO] IPUIPlugin:80 - create IPUIPlugin
2025-12-25 12:17:07,355 [INFO] IPUIPlugin:80 - create IPUIPlugin
2025-12-25 12:17:07,356 [INFO] IPUIPlugin:80 - create IPUIPlugin
2025-12-25 12:17:07,356 [INFO] IPUIPlugin:80 - create IPUIPlugin
2025-12-25 12:17:07,376 [INFO] ApiDbMcu:532 - Load IP Config File for PDM2PCM
2025-12-25 12:17:07,433 [INFO] CADModel:165 - CPN selected for project levelSTM32F407VGT6
2025-12-25 12:17:07,433 [INFO] CADModel:114 - Register for checkConnection events
2025-12-25 12:17:07,520 [INFO] OpenFileManager:386 - Restore cursor
2025-12-25 12:17:08,047 [INFO] UtilMem:75 - End SaveConfig() Used Memory: 852580760 Bytes (1073741824)
2025-12-25 12:17:08,139 [INFO] UtilMem:75 - End SaveConfig() Used Memory: 871926792 Bytes (1073741824)
2025-12-25 12:17:08,264 [INFO] BlockDiagram:2775 - set Specific Code input for plugin: SYS
2025-12-25 12:17:08,265 [INFO] BlockDiagram:2775 - set Specific Code input for plugin: RCC
2025-12-25 12:17:08,265 [INFO] BlockDiagram:2775 - set Specific Code input for plugin: NVIC
2025-12-25 12:17:08,265 [INFO] BlockDiagram:2775 - set Specific Code input for plugin: GPIO
2025-12-25 12:17:08,267 [INFO] CodeGenerator:892 - code generatio: config db path: C:\ST\STM32CubeIDE_1.19.0\STM32CubeIDE\plugins\com.st.stm32cube.common.mx_6.15.0.202507011659\\db\
2025-12-25 12:17:08,357 [INFO] CodeEngine:265 - oldGeneratedFile, C:\Users\aditi\OneDrive\Desktop\Sunbeam_Internship\ARM_94076_Aditi\assignment_5_using_HAL\code3_Extend EXTI Functionality_Design Thinking\MXTmpFiles\license.tmp_save
2025-12-25 12:17:08,655 [INFO] CodeEngine:289 - Generated code: C:\Users\aditi\OneDrive\Desktop\Sunbeam_Internship\ARM_94076_Aditi\assignment_5_using_HAL\code3_Extend EXTI Functionality_Design Thinking\MXTmpFiles\license.tmp
2025-12-25 12:17:08,780 [INFO] CodeEngine:265 - oldGeneratedFile, C:\Users\aditi\OneDrive\Desktop\Sunbeam_Internship\ARM_94076_Aditi\assignment_5_using_HAL\code3_Extend EXTI Functionality_Design Thinking\MXTmpFiles\gpio.tmp_save
2025-12-25 12:17:08,939 [INFO] CodeEngine:289 - Generated code: C:\Users\aditi\OneDrive\Desktop\Sunbeam_Internship\ARM_94076_Aditi\assignment_5_using_HAL\code3_Extend EXTI Functionality_Design Thinking\MXTmpFiles\gpio.tmp
2025-12-25 12:17:09,036 [INFO] CodeEngine:265 - oldGeneratedFile, C:\Users\aditi\OneDrive\Desktop\Sunbeam_Internship\ARM_94076_Aditi\assignment_5_using_HAL\code3_Extend EXTI Functionality_Design Thinking\Core\Src\stm32f4xx_it.c_save
2025-12-25 12:17:09,212 [INFO] CodeEngine:289 - Generated code: C:\Users\aditi\OneDrive\Desktop\Sunbeam_Internship\ARM_94076_Aditi\assignment_5_using_HAL\code3_Extend EXTI Functionality_Design Thinking\Core\Src\stm32f4xx_it.c
2025-12-25 12:17:09,240 [INFO] CodeEngine:265 - oldGeneratedFile, C:\Users\aditi\OneDrive\Desktop\Sunbeam_Internship\ARM_94076_Aditi\assignment_5_using_HAL\code3_Extend EXTI Functionality_Design Thinking\Core\Inc\stm32f4xx_it.h_save
2025-12-25 12:17:09,395 [INFO] CodeEngine:289 - Generated code: C:\Users\aditi\OneDrive\Desktop\Sunbeam_Internship\ARM_94076_Aditi\assignment_5_using_HAL\code3_Extend EXTI Functionality_Design Thinking\Core\Inc\stm32f4xx_it.h
2025-12-25 12:17:09,428 [INFO] CodeEngine:265 - oldGeneratedFile, C:\Users\aditi\OneDrive\Desktop\Sunbeam_Internship\ARM_94076_Aditi\assignment_5_using_HAL\code3_Extend EXTI Functionality_Design Thinking\Core\Src\stm32f4xx_hal_msp.c_save
2025-12-25 12:17:09,606 [INFO] CodeEngine:289 - Generated code: C:\Users\aditi\OneDrive\Desktop\Sunbeam_Internship\ARM_94076_Aditi\assignment_5_using_HAL\code3_Extend EXTI Functionality_Design Thinking\Core\Src\stm32f4xx_hal_msp.c
2025-12-25 12:17:09,620 [INFO] CodeEngine:265 - oldGeneratedFile, C:\Users\aditi\OneDrive\Desktop\Sunbeam_Internship\ARM_94076_Aditi\assignment_5_using_HAL\code3_Extend EXTI Functionality_Design Thinking\MXTmpFiles\system.tmp_save
2025-12-25 12:17:09,735 [INFO] CodeEngine:289 - Generated code: C:\Users\aditi\OneDrive\Desktop\Sunbeam_Internship\ARM_94076_Aditi\assignment_5_using_HAL\code3_Extend EXTI Functionality_Design Thinking\MXTmpFiles\system.tmp
2025-12-25 12:17:09,772 [INFO] CodeEngine:321 - oldGeneratedFile, C:\Users\aditi\OneDrive\Desktop\Sunbeam_Internship\ARM_94076_Aditi\assignment_5_using_HAL\code3_Extend EXTI Functionality_Design Thinking\Core\Inc\stm32f4xx_hal_conf.h_save
2025-12-25 12:17:09,914 [INFO] CodeEngine:345 - Generated code: C:\Users\aditi\OneDrive\Desktop\Sunbeam_Internship\ARM_94076_Aditi\assignment_5_using_HAL\code3_Extend EXTI Functionality_Design Thinking\Core\Inc\stm32f4xx_hal_conf.h
2025-12-25 12:17:09,966 [INFO] ApiDbMcu:532 - Load IP Config File for RCC
2025-12-25 12:17:09,994 [INFO] CodeEngine:265 - oldGeneratedFile, C:\Users\aditi\OneDrive\Desktop\Sunbeam_Internship\ARM_94076_Aditi\assignment_5_using_HAL\code3_Extend EXTI Functionality_Design Thinking\Core\Inc\main.h_save
2025-12-25 12:17:10,121 [INFO] CodeEngine:289 - Generated code: C:\Users\aditi\OneDrive\Desktop\Sunbeam_Internship\ARM_94076_Aditi\assignment_5_using_HAL\code3_Extend EXTI Functionality_Design Thinking\Core\Inc\main.h
2025-12-25 12:17:10,136 [INFO] CodeEngine:265 - oldGeneratedFile, C:\Users\aditi\OneDrive\Desktop\Sunbeam_Internship\ARM_94076_Aditi\assignment_5_using_HAL\code3_Extend EXTI Functionality_Design Thinking\Core\Src\main.c_save
2025-12-25 12:17:10,301 [INFO] CodeEngine:289 - Generated code: C:\Users\aditi\OneDrive\Desktop\Sunbeam_Internship\ARM_94076_Aditi\assignment_5_using_HAL\code3_Extend EXTI Functionality_Design Thinking\Core\Src\main.c
2025-12-25 12:17:11,663 [INFO] ProjectBuilder:3606 - Time for Copy HAL[1] : 1215mS.
2025-12-25 12:17:11,685 [INFO] ProjectBuilder:5216 - Project Generator version: 4.7.0-B52
2025-12-25 12:17:11,743 [INFO] ConfigFileManager:1595 - The Die is : DIE413
2025-12-25 12:17:11,746 [INFO] ApiDbMcu:532 - Load IP Config File for FATFS
2025-12-25 12:17:11,751 [INFO] ApiDbMcu:532 - Load IP Config File for FREERTOS
2025-12-25 12:17:11,753 [INFO] ApiDbMcu:532 - Load IP Config File for LIBJPEG
2025-12-25 12:17:11,760 [INFO] ApiDbMcu:532 - Load IP Config File for LWIP
2025-12-25 12:17:11,766 [INFO] ApiDbMcu:532 - Load IP Config File for MBEDTLS
2025-12-25 12:17:11,775 [INFO] ApiDbMcu:532 - Load IP Config File for USB_DEVICE
2025-12-25 12:17:11,779 [INFO] ApiDbMcu:532 - Load IP Config File for USB_HOST
2025-12-25 12:17:13,719 [INFO] ProjectBuilder:5496 - Time for Generating toolchain IDE Files: 2035mS.
2025-12-25 12:17:13,721 [INFO] ProjectBuilder:3463 - Time for Copy CMSIS : 1mS.
2025-12-25 12:17:13,737 [INFO] ProjectBuilder:3463 - Time for Copy CMSIS : 0mS.
2025-12-25 12:17:14,887 [INFO] McuFinderGlobals:76 - Set McuFinderConnectedMode to true
2025-12-25 12:17:14,892 [INFO] ApiDb:448 - Save user favorites file C:\Users\aditi/.stm32cubeide/favorites.mcus.txt: 0 item(s)
2025-12-25 12:17:14,892 [INFO] ApiDb:452 - User favorites MCUs=[]
2025-12-25 12:17:14,894 [INFO] ApiDb:448 - Save user favorites file C:\Users\aditi/.stm32cubeide/favorites.boards.txt: 1 item(s)
2025-12-25 12:17:14,894 [INFO] ApiDb:452 - User favorites Boards=[STM32F407G-DISC1]
2025-12-25 12:21:44,738 [INFO] UtilMem:75 - End SaveConfig() Used Memory: 917432208 Bytes (1073741824)
2025-12-25 12:21:45,271 [INFO] UtilMem:75 - End SaveConfig() Used Memory: 946795832 Bytes (1073741824)
2025-12-25 12:21:46,004 [INFO] BlockDiagram:2775 - set Specific Code input for plugin: SYS
2025-12-25 12:21:46,004 [INFO] BlockDiagram:2775 - set Specific Code input for plugin: RCC
2025-12-25 12:21:46,004 [INFO] BlockDiagram:2775 - set Specific Code input for plugin: NVIC
2025-12-25 12:21:46,005 [INFO] BlockDiagram:2775 - set Specific Code input for plugin: GPIO
2025-12-25 12:21:46,007 [INFO] CodeGenerator:892 - code generatio: config db path: C:\ST\STM32CubeIDE_1.19.0\STM32CubeIDE\plugins\com.st.stm32cube.common.mx_6.15.0.202507011659\\db\
2025-12-25 12:21:46,146 [INFO] CodeEngine:265 - oldGeneratedFile, C:\Users\aditi\OneDrive\Desktop\Sunbeam_Internship\ARM_94076_Aditi\assignment_5_using_HAL\code3_Extend EXTI Functionality_Design Thinking\MXTmpFiles\license.tmp_save
2025-12-25 12:21:46,485 [INFO] CodeEngine:289 - Generated code: C:\Users\aditi\OneDrive\Desktop\Sunbeam_Internship\ARM_94076_Aditi\assignment_5_using_HAL\code3_Extend EXTI Functionality_Design Thinking\MXTmpFiles\license.tmp
2025-12-25 12:21:46,551 [INFO] CodeEngine:265 - oldGeneratedFile, C:\Users\aditi\OneDrive\Desktop\Sunbeam_Internship\ARM_94076_Aditi\assignment_5_using_HAL\code3_Extend EXTI Functionality_Design Thinking\MXTmpFiles\gpio.tmp_save
2025-12-25 12:21:46,785 [INFO] CodeEngine:289 - Generated code: C:\Users\aditi\OneDrive\Desktop\Sunbeam_Internship\ARM_94076_Aditi\assignment_5_using_HAL\code3_Extend EXTI Functionality_Design Thinking\MXTmpFiles\gpio.tmp
2025-12-25 12:21:46,844 [INFO] CodeEngine:265 - oldGeneratedFile, C:\Users\aditi\OneDrive\Desktop\Sunbeam_Internship\ARM_94076_Aditi\assignment_5_using_HAL\code3_Extend EXTI Functionality_Design Thinking\Core\Src\stm32f4xx_it.c_save
2025-12-25 12:21:47,071 [INFO] CodeEngine:289 - Generated code: C:\Users\aditi\OneDrive\Desktop\Sunbeam_Internship\ARM_94076_Aditi\assignment_5_using_HAL\code3_Extend EXTI Functionality_Design Thinking\Core\Src\stm32f4xx_it.c
2025-12-25 12:21:47,106 [INFO] CodeEngine:265 - oldGeneratedFile, C:\Users\aditi\OneDrive\Desktop\Sunbeam_Internship\ARM_94076_Aditi\assignment_5_using_HAL\code3_Extend EXTI Functionality_Design Thinking\Core\Inc\stm32f4xx_it.h_save
2025-12-25 12:21:47,297 [INFO] CodeEngine:289 - Generated code: C:\Users\aditi\OneDrive\Desktop\Sunbeam_Internship\ARM_94076_Aditi\assignment_5_using_HAL\code3_Extend EXTI Functionality_Design Thinking\Core\Inc\stm32f4xx_it.h
2025-12-25 12:21:47,353 [INFO] CodeEngine:265 - oldGeneratedFile, C:\Users\aditi\OneDrive\Desktop\Sunbeam_Internship\ARM_94076_Aditi\assignment_5_using_HAL\code3_Extend EXTI Functionality_Design Thinking\Core\Src\stm32f4xx_hal_msp.c_save
2025-12-25 12:21:47,510 [INFO] CodeEngine:289 - Generated code: C:\Users\aditi\OneDrive\Desktop\Sunbeam_Internship\ARM_94076_Aditi\assignment_5_using_HAL\code3_Extend EXTI Functionality_Design Thinking\Core\Src\stm32f4xx_hal_msp.c
2025-12-25 12:21:47,528 [INFO] CodeEngine:265 - oldGeneratedFile, C:\Users\aditi\OneDrive\Desktop\Sunbeam_Internship\ARM_94076_Aditi\assignment_5_using_HAL\code3_Extend EXTI Functionality_Design Thinking\MXTmpFiles\system.tmp_save
2025-12-25 12:21:47,625 [INFO] CodeEngine:289 - Generated code: C:\Users\aditi\OneDrive\Desktop\Sunbeam_Internship\ARM_94076_Aditi\assignment_5_using_HAL\code3_Extend EXTI Functionality_Design Thinking\MXTmpFiles\system.tmp
2025-12-25 12:21:47,675 [INFO] CodeEngine:321 - oldGeneratedFile, C:\Users\aditi\OneDrive\Desktop\Sunbeam_Internship\ARM_94076_Aditi\assignment_5_using_HAL\code3_Extend EXTI Functionality_Design Thinking\Core\Inc\stm32f4xx_hal_conf.h_save
2025-12-25 12:21:47,809 [INFO] CodeEngine:345 - Generated code: C:\Users\aditi\OneDrive\Desktop\Sunbeam_Internship\ARM_94076_Aditi\assignment_5_using_HAL\code3_Extend EXTI Functionality_Design Thinking\Core\Inc\stm32f4xx_hal_conf.h
2025-12-25 12:21:47,907 [INFO] CodeEngine:265 - oldGeneratedFile, C:\Users\aditi\OneDrive\Desktop\Sunbeam_Internship\ARM_94076_Aditi\assignment_5_using_HAL\code3_Extend EXTI Functionality_Design Thinking\Core\Inc\main.h_save
2025-12-25 12:21:48,033 [INFO] CodeEngine:289 - Generated code: C:\Users\aditi\OneDrive\Desktop\Sunbeam_Internship\ARM_94076_Aditi\assignment_5_using_HAL\code3_Extend EXTI Functionality_Design Thinking\Core\Inc\main.h
2025-12-25 12:21:48,067 [INFO] CodeEngine:265 - oldGeneratedFile, C:\Users\aditi\OneDrive\Desktop\Sunbeam_Internship\ARM_94076_Aditi\assignment_5_using_HAL\code3_Extend EXTI Functionality_Design Thinking\Core\Src\main.c_save
2025-12-25 12:21:48,262 [INFO] CodeEngine:289 - Generated code: C:\Users\aditi\OneDrive\Desktop\Sunbeam_Internship\ARM_94076_Aditi\assignment_5_using_HAL\code3_Extend EXTI Functionality_Design Thinking\Core\Src\main.c
2025-12-25 12:21:50,109 [INFO] ProjectBuilder:3606 - Time for Copy HAL[1] : 1487mS.
2025-12-25 12:21:50,117 [INFO] ProjectBuilder:5216 - Project Generator version: 4.7.0-B52
2025-12-25 12:21:50,192 [INFO] ConfigFileManager:1595 - The Die is : DIE413
2025-12-25 12:21:51,872 [INFO] ProjectBuilder:5496 - Time for Generating toolchain IDE Files: 1755mS.
2025-12-25 12:21:51,874 [INFO] ProjectBuilder:3463 - Time for Copy CMSIS : 1mS.
2025-12-25 12:21:51,889 [INFO] ProjectBuilder:3463 - Time for Copy CMSIS : 1mS.
2025-12-25 12:36:05,829 [ERROR] LogOutputStream:75 - [STDERR_REDIRECT] 
2025-12-25 12:36:05,847 [ERROR] LogOutputStream:75 - [STDERR_REDIRECT] 
2025-12-25 12:39:05,922 [INFO] Activator:176 - 


2025-12-25 12:39:05,924 [INFO] Activator:177 - !SESSION log4j initialized
2025-12-25 12:39:12,033 [INFO] LogOutputStream:77 - [STDOUT_REDIRECT] 
2025-12-25 12:39:13,458 [INFO] ApplicationProperties:184 - Using Application install path: C:\ST\STM32CubeIDE_1.19.0\STM32CubeIDE\plugins\com.st.stm32cube.common.mx_6.15.0.202507011659
2025-12-25 12:39:13,490 [INFO] DbMcusXml:78 - Set database path to: C:\ST\STM32CubeIDE_1.19.0\STM32CubeIDE\plugins\com.st.stm32cube.common.mx_6.15.0.202507011659\\db\/mcu/
2025-12-25 12:39:13,491 [INFO] ApiDb:274 - Set plugin database path to: C:\ST\STM32CubeIDE_1.19.0\STM32CubeIDE\plugins\com.st.stm32cube.common.mx_6.15.0.202507011659\\db\/plugins/boardmanager/
2025-12-25 12:39:13,491 [WARN] ApiDb:259 - Overriding images path with different value:  => C:\ST\STM32CubeIDE_1.19.0\STM32CubeIDE\plugins\com.st.stm32cube.common.mx_6.15.0.202507011659\\db\/plugins/mcufinder/images/
2025-12-25 12:39:13,502 [INFO] ApiDb:250 - Set database path to: C:\Users\aditi\.stmcufinder\plugins\mcufinder//mcu/
2025-12-25 12:39:13,504 [INFO] DbMcusAds:125 - Set database path to: C:\Users\aditi\.stmcufinder\plugins\mcufinder//mcu/
2025-12-25 12:39:13,513 [INFO] CrossReferenceDbSqlite:203 - Set database path to: C:\Users\aditi\.stmcufinder\plugins\mcufinder//mcu/cs/
2025-12-25 12:39:13,687 [INFO] RulesReader:64 - Compatibility file has been processed (317 Rules)
2025-12-25 12:39:13,830 [INFO] DbMcusXml:78 - Set database path to: C:\ST\STM32CubeIDE_1.19.0\STM32CubeIDE\plugins\com.st.stm32cube.common.mx_6.15.0.202507011659\\db\/mcu/
2025-12-25 12:39:13,831 [INFO] ApiDb:274 - Set plugin database path to: C:\ST\STM32CubeIDE_1.19.0\STM32CubeIDE\plugins\com.st.stm32cube.common.mx_6.15.0.202507011659\\db\/plugins/boardmanager/
2025-12-25 12:39:13,831 [INFO] ApiDb:261 - Set plugin images path to: C:\ST\STM32CubeIDE_1.19.0\STM32CubeIDE\plugins\com.st.stm32cube.common.mx_6.15.0.202507011659\\db\/plugins/mcufinder/images/
2025-12-25 12:39:13,832 [WARN] DbFile:41 - Overriding database path with different value: C:\Users\aditi\.stmcufinder\plugins\mcufinder/ => C:\Users\aditi\.stmcufinder\plugins\mcufinder
2025-12-25 12:39:13,832 [INFO] ApiDb:250 - Set database path to: C:\Users\aditi\.stmcufinder\plugins\mcufinder//mcu/
2025-12-25 12:39:13,832 [WARN] DbFile:41 - Overriding database path with different value: C:\Users\aditi\.stmcufinder\plugins\mcufinder/ => C:\Users\aditi\.stmcufinder\plugins\mcufinder
2025-12-25 12:39:13,832 [INFO] DbMcusAds:125 - Set database path to: C:\Users\aditi\.stmcufinder\plugins\mcufinder//mcu/
2025-12-25 12:39:13,832 [WARN] DbFile:41 - Overriding database path with different value: C:\Users\aditi\.stmcufinder\plugins\mcufinder/ => C:\Users\aditi\.stmcufinder\plugins\mcufinder
2025-12-25 12:39:13,832 [WARN] DbFile:41 - Overriding database path with different value: C:\Users\aditi\.stmcufinder\plugins\mcufinder/ => C:\Users\aditi\.stmcufinder\plugins\mcufinder
2025-12-25 12:39:13,832 [INFO] CrossReferenceDbSqlite:203 - Set database path to: C:\Users\aditi\.stmcufinder\plugins\mcufinder//mcu/cs/
2025-12-25 12:39:13,944 [INFO] MainPanel:274 - HeapMemory: 268435456
2025-12-25 12:39:14,062 [INFO] DbMcusXml:78 - Set database path to: C:\ST\STM32CubeIDE_1.19.0\STM32CubeIDE\plugins\com.st.stm32cube.common.mx_6.15.0.202507011659\\db\/mcu/
2025-12-25 12:39:14,062 [INFO] ApiDb:274 - Set plugin database path to: C:\ST\STM32CubeIDE_1.19.0\STM32CubeIDE\plugins\com.st.stm32cube.common.mx_6.15.0.202507011659\\db\/plugins/boardmanager/
2025-12-25 12:39:14,062 [INFO] ApiDb:261 - Set plugin images path to: C:\ST\STM32CubeIDE_1.19.0\STM32CubeIDE\plugins\com.st.stm32cube.common.mx_6.15.0.202507011659\\db\/plugins/mcufinder/images/
2025-12-25 12:39:14,062 [WARN] DbFile:41 - Overriding database path with different value: C:\Users\aditi\.stmcufinder\plugins\mcufinder/ => C:\Users\aditi\.stmcufinder\plugins\mcufinder
2025-12-25 12:39:14,063 [INFO] ApiDb:250 - Set database path to: C:\Users\aditi\.stmcufinder\plugins\mcufinder//mcu/
2025-12-25 12:39:14,063 [WARN] DbFile:41 - Overriding database path with different value: C:\Users\aditi\.stmcufinder\plugins\mcufinder/ => C:\Users\aditi\.stmcufinder\plugins\mcufinder
2025-12-25 12:39:14,063 [INFO] DbMcusAds:125 - Set database path to: C:\Users\aditi\.stmcufinder\plugins\mcufinder//mcu/
2025-12-25 12:39:14,063 [WARN] DbFile:41 - Overriding database path with different value: C:\Users\aditi\.stmcufinder\plugins\mcufinder/ => C:\Users\aditi\.stmcufinder\plugins\mcufinder
2025-12-25 12:39:14,063 [WARN] DbFile:41 - Overriding database path with different value: C:\Users\aditi\.stmcufinder\plugins\mcufinder/ => C:\Users\aditi\.stmcufinder\plugins\mcufinder
2025-12-25 12:39:14,063 [INFO] CrossReferenceDbSqlite:203 - Set database path to: C:\Users\aditi\.stmcufinder\plugins\mcufinder//mcu/cs/
2025-12-25 12:39:14,099 [INFO] ApplicationProperties:184 - Using Application install path: C:\ST\STM32CubeIDE_1.19.0\STM32CubeIDE\plugins\com.st.stm32cube.common.mx_6.15.0.202507011659
2025-12-25 12:39:14,101 [INFO] PluginManage:196 - Search for loadable plugins [exclusion list=, ]
2025-12-25 12:39:14,103 [INFO] PluginManage:310 - Check plugin analytics
2025-12-25 12:39:14,430 [INFO] AnalyticsPlugin:253 - Accepted Software Licenses: 
2025-12-25 12:39:14,430 [INFO] AnalyticsPlugin:255 - Accepted CMSIS Pack Licenses: 
2025-12-25 12:39:14,430 [INFO] AnalyticsPlugin:257 - Accepted Firmware Licenses: FW.F4.1.28.0
2025-12-25 12:39:14,435 [INFO] PluginManage:359 - Loaded plugin analytics (category:tool,tabindex:-1)
2025-12-25 12:39:14,435 [INFO] PluginManage:310 - Check plugin cadmodel
2025-12-25 12:39:14,441 [INFO] CADModel:105 - Init CAD model plugin
2025-12-25 12:39:14,441 [INFO] PluginManage:359 - Loaded plugin cadmodel (category:power,tabindex:5)
2025-12-25 12:39:14,442 [INFO] PluginManage:310 - Check plugin clock
2025-12-25 12:39:14,453 [INFO] PluginManage:359 - Loaded plugin clock (category:base,tabindex:2)
2025-12-25 12:39:14,453 [INFO] PluginManage:310 - Check plugin ddr
2025-12-25 12:39:14,456 [INFO] PluginManage:359 - Loaded plugin ddr (category:tool,tabindex:6)
2025-12-25 12:39:14,457 [INFO] PluginManage:310 - Check plugin filemanager
2025-12-25 12:39:14,650 [INFO] PluginManage:359 - Loaded plugin filemanager (category:base,tabindex:10)
2025-12-25 12:39:14,650 [INFO] PluginManage:310 - Check plugin ipmanager
2025-12-25 12:39:14,659 [INFO] PluginManage:359 - Loaded plugin ipmanager (category:base,tabindex:5)
2025-12-25 12:39:14,659 [INFO] PluginManage:310 - Check plugin lpbam
2025-12-25 12:39:14,670 [INFO] PluginManage:359 - Loaded plugin lpbam (category:base,tabindex:0)
2025-12-25 12:39:14,670 [INFO] PluginManage:310 - Check plugin memorymap
2025-12-25 12:39:14,691 [INFO] PluginManage:359 - Loaded plugin memorymap (category:base,tabindex:4)
2025-12-25 12:39:14,691 [INFO] PluginManage:310 - Check plugin pinoutandconfiguration
2025-12-25 12:39:14,703 [INFO] PluginManage:359 - Loaded plugin pinoutandconfiguration (category:base,tabindex:1)
2025-12-25 12:39:14,703 [INFO] PluginManage:310 - Check plugin pinoutconfig
2025-12-25 12:39:14,835 [WARN] SupportedApi:132 - Cannot load RTOS API schema: s4s-elt-must-match.1: The content of 'definitions' must match (annotation?, (simpleType | complexType)?, (unique | key | keyref)*)). A problem was found starting at: attribute.
2025-12-25 12:39:15,022 [INFO] PluginManage:359 - Loaded plugin pinoutconfig (category:base,tabindex:0)
2025-12-25 12:39:15,023 [INFO] PluginManage:310 - Check plugin power
2025-12-25 12:39:15,031 [INFO] PluginManage:359 - Loaded plugin power (category:power,tabindex:4)
2025-12-25 12:39:15,031 [INFO] PluginManage:310 - Check plugin projectmanager
2025-12-25 12:39:15,053 [INFO] PluginManage:359 - Loaded plugin projectmanager (category:projectmanager,tabindex:4)
2025-12-25 12:39:15,054 [INFO] PluginManage:310 - Check plugin rif
2025-12-25 12:39:15,064 [INFO] PluginManage:359 - Loaded plugin rif (category:base,tabindex:3)
2025-12-25 12:39:15,064 [INFO] PluginManage:310 - Check plugin thirdparty
2025-12-25 12:39:15,245 [INFO] PluginManage:359 - Loaded plugin thirdparty (category:base,tabindex:-1)
2025-12-25 12:39:15,245 [INFO] PluginManage:310 - Check plugin tools
2025-12-25 12:39:15,245 [WARN] IntegrityCheckThread:84 - waiting for thirdparty lock release [integrity check]
2025-12-25 12:39:15,245 [INFO] IntegrityCheckThread:86 - entering critical section [integrity check]
2025-12-25 12:39:15,246 [INFO] ThirdPartyUpdaterWithRetryManager:70 - Updater plugin not ready yet. [1/15]
2025-12-25 12:39:15,249 [INFO] PluginManage:359 - Loaded plugin tools (category:base,tabindex:7)
2025-12-25 12:39:15,249 [INFO] PluginManage:310 - Check plugin tutovideos
2025-12-25 12:39:15,464 [INFO] PluginManage:359 - Loaded plugin tutovideos (category:base,tabindex:-1)
2025-12-25 12:39:15,464 [INFO] PluginManage:310 - Check plugin updater
2025-12-25 12:39:15,488 [INFO] PluginManage:359 - Loaded plugin updater (category:base,tabindex:12)
2025-12-25 12:39:15,488 [INFO] PluginManage:310 - Check plugin userauth
2025-12-25 12:39:15,493 [INFO] UserAuth:118 - Init User Auth plugin
2025-12-25 12:39:15,494 [INFO] PluginManage:359 - Loaded plugin userauth (category:base,tabindex:14)
2025-12-25 12:39:15,495 [INFO] PluginManage:283 - PluginManage : Loaded plugins [18]
2025-12-25 12:39:15,780 [INFO] PinOutPanel:1589 - setPackage(No Configuration,No Configuration)
2025-12-25 12:39:15,892 [INFO] CADModel:165 - CPN selected for project level
2025-12-25 12:39:15,892 [INFO] CADModel:114 - Register for checkConnection events
2025-12-25 12:39:15,920 [INFO] IPUIPlugin:80 - create IPUIPlugin
2025-12-25 12:39:15,921 [INFO] PluginManager:220 - loadIPPluginJar : add adc
2025-12-25 12:39:15,925 [INFO] IPUIPlugin:80 - create IPUIPlugin
2025-12-25 12:39:15,925 [INFO] PluginManager:220 - loadIPPluginJar : add aes
2025-12-25 12:39:15,929 [INFO] IPUIPlugin:80 - create IPUIPlugin
2025-12-25 12:39:15,930 [INFO] PluginManager:220 - loadIPPluginJar : add can
2025-12-25 12:39:15,933 [INFO] IPUIPlugin:80 - create IPUIPlugin
2025-12-25 12:39:15,933 [INFO] PluginManager:220 - loadIPPluginJar : add comp
2025-12-25 12:39:15,938 [INFO] IPUIPlugin:80 - create IPUIPlugin
2025-12-25 12:39:15,939 [INFO] PluginManager:220 - loadIPPluginJar : add cryp
2025-12-25 12:39:15,943 [INFO] IPUIPlugin:80 - create IPUIPlugin
2025-12-25 12:39:15,943 [INFO] PluginManager:220 - loadIPPluginJar : add ddr_ctrl_phy
2025-12-25 12:39:15,947 [INFO] IPUIPlugin:80 - create IPUIPlugin
2025-12-25 12:39:15,948 [INFO] PluginManager:220 - loadIPPluginJar : add dfsdm
2025-12-25 12:39:15,955 [INFO] IPUIPlugin:80 - create IPUIPlugin
2025-12-25 12:39:15,956 [INFO] PluginManager:220 - loadIPPluginJar : add dma
2025-12-25 12:39:15,960 [INFO] IPUIPlugin:80 - create IPUIPlugin
2025-12-25 12:39:15,960 [INFO] PluginManager:220 - loadIPPluginJar : add dma3
2025-12-25 12:39:15,965 [INFO] IPUIPlugin:80 - create IPUIPlugin
2025-12-25 12:39:15,965 [INFO] PluginManager:220 - loadIPPluginJar : add extmemmanager
2025-12-25 12:39:15,968 [INFO] IPUIPlugin:80 - create IPUIPlugin
2025-12-25 12:39:15,968 [INFO] PluginManager:220 - loadIPPluginJar : add fatfs
2025-12-25 12:39:15,975 [INFO] IPUIPlugin:80 - create IPUIPlugin
2025-12-25 12:39:15,975 [INFO] PluginManager:220 - loadIPPluginJar : add fmc
2025-12-25 12:39:15,983 [INFO] IPUIPlugin:80 - create IPUIPlugin
2025-12-25 12:39:15,984 [INFO] PluginManager:220 - loadIPPluginJar : add freertos
2025-12-25 12:39:15,986 [INFO] IPUIPlugin:80 - create IPUIPlugin
2025-12-25 12:39:15,986 [INFO] PluginManager:220 - loadIPPluginJar : add genericplugin
2025-12-25 12:39:15,990 [INFO] IPUIPlugin:80 - create IPUIPlugin
2025-12-25 12:39:15,990 [INFO] PluginManager:220 - loadIPPluginJar : add gfxmmu
2025-12-25 12:39:15,996 [INFO] IPUIPlugin:80 - create IPUIPlugin
2025-12-25 12:39:15,996 [INFO] PluginManager:220 - loadIPPluginJar : add gic
2025-12-25 12:39:16,002 [INFO] IPUIPlugin:80 - create IPUIPlugin
2025-12-25 12:39:16,002 [INFO] PluginManager:220 - loadIPPluginJar : add gpio
2025-12-25 12:39:16,007 [INFO] IPUIPlugin:80 - create IPUIPlugin
2025-12-25 12:39:16,007 [INFO] PluginManager:220 - loadIPPluginJar : add gtzc
2025-12-25 12:39:16,012 [INFO] IPUIPlugin:80 - create IPUIPlugin
2025-12-25 12:39:16,012 [INFO] PluginManager:220 - loadIPPluginJar : add hash
2025-12-25 12:39:16,017 [INFO] IPUIPlugin:80 - create IPUIPlugin
2025-12-25 12:39:16,017 [INFO] PluginManager:220 - loadIPPluginJar : add i2c
2025-12-25 12:39:16,021 [INFO] IPUIPlugin:80 - create IPUIPlugin
2025-12-25 12:39:16,022 [INFO] PluginManager:220 - loadIPPluginJar : add i2s
2025-12-25 12:39:16,026 [INFO] IPUIPlugin:80 - create IPUIPlugin
2025-12-25 12:39:16,027 [INFO] PluginManager:220 - loadIPPluginJar : add i3c
2025-12-25 12:39:16,032 [INFO] IPUIPlugin:80 - create IPUIPlugin
2025-12-25 12:39:16,033 [INFO] PluginManager:220 - loadIPPluginJar : add ipddr
2025-12-25 12:39:16,041 [INFO] IPUIPlugin:80 - create IPUIPlugin
2025-12-25 12:39:16,041 [INFO] PluginManager:220 - loadIPPluginJar : add linkedlist
2025-12-25 12:39:16,046 [INFO] IPUIPlugin:80 - create IPUIPlugin
2025-12-25 12:39:16,046 [INFO] PluginManager:220 - loadIPPluginJar : add lorawan
2025-12-25 12:39:16,049 [INFO] IPUIPlugin:80 - create IPUIPlugin
2025-12-25 12:39:16,049 [INFO] PluginManager:220 - loadIPPluginJar : add ltdc
2025-12-25 12:39:16,056 [INFO] IPUIPlugin:80 - create IPUIPlugin
2025-12-25 12:39:16,056 [INFO] PluginManager:220 - loadIPPluginJar : add mdma
2025-12-25 12:39:16,061 [INFO] IPUIPlugin:80 - create IPUIPlugin
2025-12-25 12:39:16,061 [INFO] PluginManager:220 - loadIPPluginJar : add nvic
2025-12-25 12:39:16,065 [INFO] IPUIPlugin:80 - create IPUIPlugin
2025-12-25 12:39:16,065 [INFO] PluginManager:220 - loadIPPluginJar : add opamp
2025-12-25 12:39:16,069 [INFO] IPUIPlugin:80 - create IPUIPlugin
2025-12-25 12:39:16,069 [INFO] PluginManager:220 - loadIPPluginJar : add openamp
2025-12-25 12:39:16,073 [INFO] IPUIPlugin:80 - create IPUIPlugin
2025-12-25 12:39:16,073 [INFO] PluginManager:220 - loadIPPluginJar : add pdm2pcm
2025-12-25 12:39:16,081 [INFO] IPUIPlugin:80 - create IPUIPlugin
2025-12-25 12:39:16,083 [INFO] PluginManager:220 - loadIPPluginJar : add plateformsettings
2025-12-25 12:39:16,085 [INFO] IPUIPlugin:80 - create IPUIPlugin
2025-12-25 12:39:16,085 [INFO] PluginManager:220 - loadIPPluginJar : add quadspi
2025-12-25 12:39:16,088 [INFO] IPUIPlugin:80 - create IPUIPlugin
2025-12-25 12:39:16,090 [INFO] PluginManager:220 - loadIPPluginJar : add radio
2025-12-25 12:39:16,094 [INFO] IPUIPlugin:80 - create IPUIPlugin
2025-12-25 12:39:16,094 [INFO] PluginManager:220 - loadIPPluginJar : add resmgrutility
2025-12-25 12:39:16,098 [INFO] IPUIPlugin:80 - create IPUIPlugin
2025-12-25 12:39:16,098 [INFO] PluginManager:220 - loadIPPluginJar : add sai
2025-12-25 12:39:16,101 [INFO] IPUIPlugin:80 - create IPUIPlugin
2025-12-25 12:39:16,102 [INFO] PluginManager:220 - loadIPPluginJar : add spi
2025-12-25 12:39:16,111 [INFO] IPUIPlugin:80 - create IPUIPlugin
2025-12-25 12:39:16,111 [INFO] PluginManager:220 - loadIPPluginJar : add stm32_wpan
2025-12-25 12:39:16,113 [INFO] IPUIPlugin:80 - create IPUIPlugin
2025-12-25 12:39:16,113 [INFO] PluginManager:220 - loadIPPluginJar : add tim
2025-12-25 12:39:16,117 [INFO] IPUIPlugin:80 - create IPUIPlugin
2025-12-25 12:39:16,117 [INFO] PluginManager:220 - loadIPPluginJar : add touchsensing
2025-12-25 12:39:16,120 [INFO] IPUIPlugin:80 - create IPUIPlugin
2025-12-25 12:39:16,120 [INFO] PluginManager:220 - loadIPPluginJar : add tracer_emb
2025-12-25 12:39:16,122 [INFO] IPUIPlugin:80 - create IPUIPlugin
2025-12-25 12:39:16,122 [INFO] PluginManager:220 - loadIPPluginJar : add ts
2025-12-25 12:39:16,123 [INFO] IPUIPlugin:80 - create IPUIPlugin
2025-12-25 12:39:16,123 [INFO] PluginManager:220 - loadIPPluginJar : add tsc
2025-12-25 12:39:16,125 [INFO] IPUIPlugin:80 - create IPUIPlugin
2025-12-25 12:39:16,125 [INFO] PluginManager:220 - loadIPPluginJar : add ucpd
2025-12-25 12:39:16,127 [INFO] IPUIPlugin:80 - create IPUIPlugin
2025-12-25 12:39:16,128 [INFO] PluginManager:220 - loadIPPluginJar : add usart
2025-12-25 12:39:16,131 [INFO] IPUIPlugin:80 - create IPUIPlugin
2025-12-25 12:39:16,131 [INFO] PluginManager:220 - loadIPPluginJar : add usbx
2025-12-25 12:39:16,268 [FATAL] Updater:351 - Updater called before beeing initialized
2025-12-25 12:39:16,298 [INFO] RulesReader:64 - Compatibility file has been processed (317 Rules)
2025-12-25 12:39:16,313 [INFO] RulesReader:64 - Compatibility file has been processed (317 Rules)
2025-12-25 12:39:16,332 [INFO] CADModel:165 - CPN selected for project level
2025-12-25 12:39:16,332 [INFO] CADModel:114 - Register for checkConnection events
2025-12-25 12:39:16,332 [FATAL] Updater:351 - Updater called before beeing initialized
2025-12-25 12:39:16,332 [ERROR] CADModel:125 - Updater not yet initialized, retry later 
2025-12-25 12:39:16,528 [FATAL] Updater:351 - Updater called before beeing initialized
2025-12-25 12:39:16,529 [INFO] CADModel:165 - CPN selected for project level
2025-12-25 12:39:16,529 [INFO] CADModel:114 - Register for checkConnection events
2025-12-25 12:39:16,529 [FATAL] Updater:351 - Updater called before beeing initialized
2025-12-25 12:39:16,530 [ERROR] CADModel:125 - Updater not yet initialized, retry later 
2025-12-25 12:39:16,534 [FATAL] Updater:351 - Updater called before beeing initialized
2025-12-25 12:39:16,665 [FATAL] Updater:351 - Updater called before beeing initialized
2025-12-25 12:39:16,669 [INFO] DbMcusAds:53 - JSON generation date=Tue Dec 16 04:41:46 IST 2025 (1765840306612)
2025-12-25 12:39:16,669 [FATAL] Updater:351 - Updater called before beeing initialized
2025-12-25 12:39:16,711 [WARN] DetailPanel:346 - Failed to get advertising image, set to default
2025-12-25 12:39:16,828 [FATAL] Updater:351 - Updater called before beeing initialized
2025-12-25 12:39:16,829 [FATAL] Updater:351 - Updater called before beeing initialized
2025-12-25 12:39:16,829 [FATAL] Updater:351 - Updater called before beeing initialized
2025-12-25 12:39:16,830 [WARN] DetailPanel:346 - Failed to get advertising image, set to default
2025-12-25 12:39:16,831 [FATAL] Updater:351 - Updater called before beeing initialized
2025-12-25 12:39:16,868 [ERROR] Updater:1198 - MainUpdater not yet initialized. External WinMGr cannot be set.
2025-12-25 12:39:16,870 [INFO] Updater:1134 - Updater Version found : 6.15.0
2025-12-25 12:39:16,880 [INFO] ApplicationProperties:184 - Using Application install path: C:\ST\STM32CubeIDE_1.19.0\STM32CubeIDE\plugins\com.st.stm32cube.common.mx_6.15.0.202507011659
2025-12-25 12:39:18,247 [INFO] ThirdPartyUpdaterWithRetryManager:70 - Updater plugin not ready yet. [2/15]
2025-12-25 12:39:18,446 [ERROR] LogOutputStream:75 - [STDERR_REDIRECT] Dec 25, 2025 12:39:18 PM java.util.prefs.WindowsPreferences <init>
2025-12-25 12:39:18,447 [ERROR] LogOutputStream:75 - [STDERR_REDIRECT] WARNING: Could not open/create prefs root node Software\JavaSoft\Prefs at root 0xffffffff80000002. Windows RegCreateKeyEx(...) returned error code 5.
2025-12-25 12:39:18,447 [ERROR] LogOutputStream:75 - [STDERR_REDIRECT] 
2025-12-25 12:39:19,128 [INFO] MainUpdater:2872 - connection check result : 10
2025-12-25 12:39:19,129 [INFO] MainUpdater:289 - Updater Check For Update Now.
2025-12-25 12:39:19,129 [INFO] MicroXplorer:498 - Change Database Version : DB.6.0.150
2025-12-25 12:39:19,140 [INFO] McuFinderGlobals:63 - Set McuFinder mode to 2 (CubeIDE integrated)
2025-12-25 12:39:19,142 [INFO] UserAuth:487 - Internet connection configuration mode: 1
2025-12-25 12:39:19,181 [INFO] JxBrowserEngine:152 - Initiate JxBrowser Engine with user profile folder
2025-12-25 12:39:19,346 [INFO] CheckServerUpdateThread:120 - End of CheckServer Thread
2025-12-25 12:39:20,165 [INFO] WebApp:169 - Instantiating new browser for Auth
2025-12-25 12:39:20,924 [INFO] WebApp:463 - Apply proxy settings
2025-12-25 12:39:20,925 [INFO] WebApp:548 - Chromium requires no authentication
2025-12-25 12:39:20,935 [INFO] WebApp:491 - Direct internet connection detected
2025-12-25 12:39:20,959 [INFO] WebApp:900 - Register for checkConnection events
2025-12-25 12:39:20,960 [INFO] WebApp:463 - Apply proxy settings
2025-12-25 12:39:20,960 [INFO] WebApp:548 - Chromium requires no authentication
2025-12-25 12:39:20,961 [INFO] WebApp:491 - Direct internet connection detected
2025-12-25 12:39:21,152 [INFO] WebApp:225 - Starting web application
2025-12-25 12:39:21,152 [INFO] WebApp:593 - Web application path used C:\ST\STM32CubeIDE_1.19.0\STM32CubeIDE\plugins\com.st.stm32cube.common.mx_6.15.0.202507011659\db\plugins\mcufinder\reactClient1\index.html
2025-12-25 12:39:21,232 [INFO] UserAuth:487 - Internet connection configuration mode: 1
2025-12-25 12:39:21,469 [WARN] PackLoader:240 - Cannot read IP mode file for STMicroelectronics.FP-SNS-MOTENVWB1.1.4.0
2025-12-25 12:39:21,480 [WARN] PackLoader:240 - Cannot read IP mode file for STMicroelectronics.FP-ATR-ASTRA1.2.0.2
2025-12-25 12:39:21,490 [WARN] PackLoader:240 - Cannot read IP mode file for STMicroelectronics.X-CUBE-SMBUS.2.1.0
2025-12-25 12:39:21,537 [WARN] PackLoader:240 - Cannot read IP mode file for STMicroelectronics.X-CUBE-AZRTOS-F7.1.1.0
2025-12-25 12:39:21,560 [WARN] PackLoader:240 - Cannot read IP mode file for STMicroelectronics.X-CUBE-DISPLAY.3.0.0
2025-12-25 12:39:21,585 [WARN] PackLoader:240 - Cannot read IP mode file for STMicroelectronics.X-CUBE-NFC10.1.0.0
2025-12-25 12:39:21,595 [WARN] PackLoader:240 - Cannot read IP mode file for STMicroelectronics.FP-SNS-SMARTAG2.1.2.0
2025-12-25 12:39:21,603 [WARN] PackLoader:240 - Cannot read IP mode file for STMicroelectronics.FP-SNS-FLIGHT1.5.1.0
2025-12-25 12:39:21,623 [INFO] LogOutputStream:77 - [STDOUT_REDIRECT] 1 : Invalid condition id : UX_CORESTACK_Condition cause : null
2025-12-25 12:39:21,624 [INFO] LogOutputStream:77 - [STDOUT_REDIRECT] 1 : Invalid condition id : UX_CORESTACK_Condition cause : null
2025-12-25 12:39:21,625 [INFO] LogOutputStream:77 - [STDOUT_REDIRECT] 1 : Invalid condition id : UX_CORESTACK_Condition cause : null
2025-12-25 12:39:21,627 [INFO] LogOutputStream:77 - [STDOUT_REDIRECT] 1 : Invalid condition id : UX_CORESTACK_Condition cause : null
2025-12-25 12:39:21,628 [INFO] LogOutputStream:77 - [STDOUT_REDIRECT] 1 : Invalid condition id : UX_CORESTACK_Condition cause : null
2025-12-25 12:39:21,631 [WARN] PackLoader:240 - Cannot read IP mode file for STMicroelectronics.X-CUBE-AZRTOS-WL.2.0.0
2025-12-25 12:39:21,644 [WARN] PackLoader:240 - Cannot read IP mode file for STMicroelectronics.X-CUBE-BLE2.3.3.0
2025-12-25 12:39:21,653 [WARN] PackLoader:240 - Cannot read IP mode file for STMicroelectronics.X-CUBE-NFC9.1.0.0
2025-12-25 12:39:21,662 [WARN] PackLoader:240 - Cannot read IP mode file for STMicroelectronics.X-CUBE-BLE1.7.1.0
2025-12-25 12:39:21,691 [WARN] PackLoader:240 - Cannot read IP mode file for STMicroelectronics.X-CUBE-AZRTOS-G0.1.1.0
2025-12-25 12:39:21,705 [WARN] PackLoader:240 - Cannot read IP mode file for STMicroelectronics.X-CUBE-NFC4.3.0.0
2025-12-25 12:39:21,716 [WARN] PackLoader:240 - Cannot read IP mode file for STMicroelectronics.X-CUBE-WB05N.2.0.0
2025-12-25 12:39:21,728 [WARN] PackLoader:240 - Cannot read IP mode file for STMicroelectronics.X-CUBE-TCPP.4.2.0
2025-12-25 12:39:21,737 [WARN] PackLoader:240 - Cannot read IP mode file for STMicroelectronics.FP-ATR-SIGFOX1.3.2.0
2025-12-25 12:39:21,750 [WARN] PackLoader:240 - Cannot read IP mode file for STMicroelectronics.X-CUBE-ALGOBUILD.1.4.0
2025-12-25 12:39:21,774 [WARN] PackLoader:240 - Cannot read IP mode file for STMicroelectronics.X-CUBE-PM33A1.1.0.0
2025-12-25 12:39:21,807 [WARN] PackLoader:240 - Cannot read IP mode file for STMicroelectronics.X-CUBE-AZRTOS-F4.1.1.0
2025-12-25 12:39:21,830 [WARN] PackLoader:240 - Cannot read IP mode file for STMicroelectronics.X-CUBE-ISPU.2.1.0
2025-12-25 12:39:21,861 [WARN] PackLoader:240 - Cannot read IP mode file for STMicroelectronics.X-CUBE-AZRTOS-L5.2.0.0
2025-12-25 12:39:21,879 [WARN] PackLoader:240 - Cannot read IP mode file for STMicroelectronics.X-CUBE-NFC6.3.1.0
2025-12-25 12:39:21,897 [WARN] PackLoader:240 - Cannot read IP mode file for STMicroelectronics.X-CUBE-DPower.1.3.0
2025-12-25 12:39:21,918 [WARN] ConditionMgr:438 - getConditionDescription Invalid condition id : LAN8742 Phy interface Condition cause : null
2025-12-25 12:39:21,920 [WARN] PackLoader:240 - Cannot read IP mode file for STMicroelectronics.X-CUBE-AZRTOS-L4.2.0.0
2025-12-25 12:39:21,922 [WARN] ConditionMgr:1044 - genDependencies : Invalid condition id : LAN8742 Phy interface Condition cause : null
2025-12-25 12:39:21,923 [WARN] ConditionMgr:1044 - genDependencies : Invalid condition id : LAN8742 Phy interface Condition cause : null
2025-12-25 12:39:21,924 [WARN] ConditionMgr:1044 - genDependencies : Invalid condition id : LAN8742 Phy interface Condition cause : null
2025-12-25 12:39:21,941 [WARN] PackLoader:240 - Cannot read IP mode file for STMicroelectronics.X-CUBE-SFXS2LP1.4.0.0
2025-12-25 12:39:21,962 [WARN] ConditionMgr:438 - getConditionDescription Invalid condition id : UX DEVICE CLASS RTOS Condition cause : null
2025-12-25 12:39:21,963 [WARN] ConditionMgr:438 - getConditionDescription Invalid condition id : UX DEVICE CLASS RTOS Condition cause : null
2025-12-25 12:39:21,966 [WARN] PackLoader:240 - Cannot read IP mode file for STMicroelectronics.X-CUBE-AZRTOS-WB.2.0.0
2025-12-25 12:39:21,967 [WARN] ConditionMgr:1044 - genDependencies : Invalid condition id : UX DEVICE CLASS RTOS Condition cause : null
2025-12-25 12:39:21,968 [WARN] ConditionMgr:1044 - genDependencies : Invalid condition id : UX DEVICE CLASS RTOS Condition cause : null
2025-12-25 12:39:21,969 [WARN] ConditionMgr:1044 - genDependencies : Invalid condition id : UX DEVICE CLASS RTOS Condition cause : null
2025-12-25 12:39:21,969 [WARN] ConditionMgr:1044 - genDependencies : Invalid condition id : UX DEVICE CLASS RTOS Condition cause : null
2025-12-25 12:39:21,969 [WARN] ConditionMgr:1044 - genDependencies : Invalid condition id : UX DEVICE CLASS RTOS Condition cause : null
2025-12-25 12:39:21,985 [WARN] PackLoader:240 - Cannot read IP mode file for STMicroelectronics.X-CUBE-SUBG2.5.0.0
2025-12-25 12:39:22,033 [WARN] PackLoader:240 - Cannot read IP mode file for STMicroelectronics.X-CUBE-AZRTOS-G4.2.0.0
2025-12-25 12:39:22,045 [WARN] PackLoader:240 - Cannot read IP mode file for STMicroelectronics.X-CUBE-NFC7.2.0.0
2025-12-25 12:39:22,059 [WARN] PackLoader:240 - Cannot read IP mode file for STMicroelectronics.X-CUBE-ALS.1.0.2
2025-12-25 12:39:22,083 [WARN] PackLoader:240 - Cannot read IP mode file for STMicroelectronics.X-CUBE-TOF1.3.4.3
2025-12-25 12:39:22,099 [INFO] ThirdParty:978 - Integrity check success = true
2025-12-25 12:39:22,099 [INFO] IntegrityCheckThread:100 - exiting critical section [integrity check]
2025-12-25 12:39:22,099 [INFO] IntegrityCheckThread:103 - End integrity checks thread
2025-12-25 12:39:22,285 [INFO] WebApp:191 - Connection restablished
2025-12-25 12:39:35,628 [ERROR] LogOutputStream:75 - [STDERR_REDIRECT] 
