2025-12-29 09:20:30,579 [INFO] Activator:176 - 


2025-12-29 09:20:30,582 [INFO] Activator:177 - !SESSION log4j initialized
2025-12-29 09:20:33,757 [INFO] LogOutputStream:77 - [STDOUT_REDIRECT] 
2025-12-29 09:20:41,838 [INFO] ApplicationProperties:184 - Using Application install path: C:\ST\STM32CubeIDE_1.19.0\STM32CubeIDE\plugins\com.st.stm32cube.common.mx_6.15.0.202507011659
2025-12-29 09:20:41,885 [INFO] DbMcusXml:78 - Set database path to: C:\ST\STM32CubeIDE_1.19.0\STM32CubeIDE\plugins\com.st.stm32cube.common.mx_6.15.0.202507011659\\db\/mcu/
2025-12-29 09:20:41,885 [INFO] ApiDb:274 - Set plugin database path to: C:\ST\STM32CubeIDE_1.19.0\STM32CubeIDE\plugins\com.st.stm32cube.common.mx_6.15.0.202507011659\\db\/plugins/boardmanager/
2025-12-29 09:20:41,886 [WARN] ApiDb:259 - Overriding images path with different value:  => C:\ST\STM32CubeIDE_1.19.0\STM32CubeIDE\plugins\com.st.stm32cube.common.mx_6.15.0.202507011659\\db\/plugins/mcufinder/images/
2025-12-29 09:20:41,909 [INFO] ApiDb:250 - Set database path to: C:\Users\aditi\.stmcufinder\plugins\mcufinder//mcu/
2025-12-29 09:20:41,912 [INFO] DbMcusAds:125 - Set database path to: C:\Users\aditi\.stmcufinder\plugins\mcufinder//mcu/
2025-12-29 09:20:41,918 [INFO] CrossReferenceDbSqlite:203 - Set database path to: C:\Users\aditi\.stmcufinder\plugins\mcufinder//mcu/cs/
2025-12-29 09:20:42,400 [INFO] RulesReader:64 - Compatibility file has been processed (317 Rules)
2025-12-29 09:20:43,013 [INFO] DbMcusXml:78 - Set database path to: C:\ST\STM32CubeIDE_1.19.0\STM32CubeIDE\plugins\com.st.stm32cube.common.mx_6.15.0.202507011659\\db\/mcu/
2025-12-29 09:20:43,014 [INFO] ApiDb:274 - Set plugin database path to: C:\ST\STM32CubeIDE_1.19.0\STM32CubeIDE\plugins\com.st.stm32cube.common.mx_6.15.0.202507011659\\db\/plugins/boardmanager/
2025-12-29 09:20:43,014 [INFO] ApiDb:261 - Set plugin images path to: C:\ST\STM32CubeIDE_1.19.0\STM32CubeIDE\plugins\com.st.stm32cube.common.mx_6.15.0.202507011659\\db\/plugins/mcufinder/images/
2025-12-29 09:20:43,015 [WARN] DbFile:41 - Overriding database path with different value: C:\Users\aditi\.stmcufinder\plugins\mcufinder/ => C:\Users\aditi\.stmcufinder\plugins\mcufinder
2025-12-29 09:20:43,015 [INFO] ApiDb:250 - Set database path to: C:\Users\aditi\.stmcufinder\plugins\mcufinder//mcu/
2025-12-29 09:20:43,016 [WARN] DbFile:41 - Overriding database path with different value: C:\Users\aditi\.stmcufinder\plugins\mcufinder/ => C:\Users\aditi\.stmcufinder\plugins\mcufinder
2025-12-29 09:20:43,016 [INFO] DbMcusAds:125 - Set database path to: C:\Users\aditi\.stmcufinder\plugins\mcufinder//mcu/
2025-12-29 09:20:43,016 [WARN] DbFile:41 - Overriding database path with different value: C:\Users\aditi\.stmcufinder\plugins\mcufinder/ => C:\Users\aditi\.stmcufinder\plugins\mcufinder
2025-12-29 09:20:43,016 [WARN] DbFile:41 - Overriding database path with different value: C:\Users\aditi\.stmcufinder\plugins\mcufinder/ => C:\Users\aditi\.stmcufinder\plugins\mcufinder
2025-12-29 09:20:43,016 [INFO] CrossReferenceDbSqlite:203 - Set database path to: C:\Users\aditi\.stmcufinder\plugins\mcufinder//mcu/cs/
2025-12-29 09:20:43,300 [INFO] MainPanel:274 - HeapMemory: 270532608
2025-12-29 09:20:43,720 [INFO] DbMcusXml:78 - Set database path to: C:\ST\STM32CubeIDE_1.19.0\STM32CubeIDE\plugins\com.st.stm32cube.common.mx_6.15.0.202507011659\\db\/mcu/
2025-12-29 09:20:43,721 [INFO] ApiDb:274 - Set plugin database path to: C:\ST\STM32CubeIDE_1.19.0\STM32CubeIDE\plugins\com.st.stm32cube.common.mx_6.15.0.202507011659\\db\/plugins/boardmanager/
2025-12-29 09:20:43,721 [INFO] ApiDb:261 - Set plugin images path to: C:\ST\STM32CubeIDE_1.19.0\STM32CubeIDE\plugins\com.st.stm32cube.common.mx_6.15.0.202507011659\\db\/plugins/mcufinder/images/
2025-12-29 09:20:43,723 [WARN] DbFile:41 - Overriding database path with different value: C:\Users\aditi\.stmcufinder\plugins\mcufinder/ => C:\Users\aditi\.stmcufinder\plugins\mcufinder
2025-12-29 09:20:43,723 [INFO] ApiDb:250 - Set database path to: C:\Users\aditi\.stmcufinder\plugins\mcufinder//mcu/
2025-12-29 09:20:43,723 [WARN] DbFile:41 - Overriding database path with different value: C:\Users\aditi\.stmcufinder\plugins\mcufinder/ => C:\Users\aditi\.stmcufinder\plugins\mcufinder
2025-12-29 09:20:43,724 [INFO] DbMcusAds:125 - Set database path to: C:\Users\aditi\.stmcufinder\plugins\mcufinder//mcu/
2025-12-29 09:20:43,724 [WARN] DbFile:41 - Overriding database path with different value: C:\Users\aditi\.stmcufinder\plugins\mcufinder/ => C:\Users\aditi\.stmcufinder\plugins\mcufinder
2025-12-29 09:20:43,724 [WARN] DbFile:41 - Overriding database path with different value: C:\Users\aditi\.stmcufinder\plugins\mcufinder/ => C:\Users\aditi\.stmcufinder\plugins\mcufinder
2025-12-29 09:20:43,724 [INFO] CrossReferenceDbSqlite:203 - Set database path to: C:\Users\aditi\.stmcufinder\plugins\mcufinder//mcu/cs/
2025-12-29 09:20:43,786 [INFO] ApplicationProperties:184 - Using Application install path: C:\ST\STM32CubeIDE_1.19.0\STM32CubeIDE\plugins\com.st.stm32cube.common.mx_6.15.0.202507011659
2025-12-29 09:20:43,792 [INFO] PluginManage:196 - Search for loadable plugins [exclusion list=, ]
2025-12-29 09:20:43,799 [INFO] PluginManage:310 - Check plugin analytics
2025-12-29 09:20:44,738 [INFO] AnalyticsPlugin:253 - Accepted Software Licenses: 
2025-12-29 09:20:44,740 [INFO] AnalyticsPlugin:255 - Accepted CMSIS Pack Licenses: 
2025-12-29 09:20:44,740 [INFO] AnalyticsPlugin:257 - Accepted Firmware Licenses: FW.F4.1.28.0
2025-12-29 09:20:44,753 [INFO] PluginManage:359 - Loaded plugin analytics (category:tool,tabindex:-1)
2025-12-29 09:20:44,754 [INFO] PluginManage:310 - Check plugin cadmodel
2025-12-29 09:20:44,772 [INFO] CADModel:105 - Init CAD model plugin
2025-12-29 09:20:44,773 [INFO] PluginManage:359 - Loaded plugin cadmodel (category:power,tabindex:5)
2025-12-29 09:20:44,774 [INFO] PluginManage:310 - Check plugin clock
2025-12-29 09:20:44,812 [INFO] PluginManage:359 - Loaded plugin clock (category:base,tabindex:2)
2025-12-29 09:20:44,813 [INFO] PluginManage:310 - Check plugin ddr
2025-12-29 09:20:44,826 [INFO] PluginManage:359 - Loaded plugin ddr (category:tool,tabindex:6)
2025-12-29 09:20:44,826 [INFO] PluginManage:310 - Check plugin filemanager
2025-12-29 09:20:45,377 [INFO] PluginManage:359 - Loaded plugin filemanager (category:base,tabindex:10)
2025-12-29 09:20:45,377 [INFO] PluginManage:310 - Check plugin ipmanager
2025-12-29 09:20:45,405 [INFO] PluginManage:359 - Loaded plugin ipmanager (category:base,tabindex:5)
2025-12-29 09:20:45,405 [INFO] PluginManage:310 - Check plugin lpbam
2025-12-29 09:20:45,436 [INFO] PluginManage:359 - Loaded plugin lpbam (category:base,tabindex:0)
2025-12-29 09:20:45,436 [INFO] PluginManage:310 - Check plugin memorymap
2025-12-29 09:20:45,532 [INFO] PluginManage:359 - Loaded plugin memorymap (category:base,tabindex:4)
2025-12-29 09:20:45,532 [INFO] PluginManage:310 - Check plugin pinoutandconfiguration
2025-12-29 09:20:45,572 [INFO] PluginManage:359 - Loaded plugin pinoutandconfiguration (category:base,tabindex:1)
2025-12-29 09:20:45,573 [INFO] PluginManage:310 - Check plugin pinoutconfig
2025-12-29 09:20:46,007 [WARN] SupportedApi:132 - Cannot load RTOS API schema: s4s-elt-must-match.1: The content of 'definitions' must match (annotation?, (simpleType | complexType)?, (unique | key | keyref)*)). A problem was found starting at: attribute.
2025-12-29 09:20:47,048 [INFO] PluginManage:359 - Loaded plugin pinoutconfig (category:base,tabindex:0)
2025-12-29 09:20:47,049 [INFO] PluginManage:310 - Check plugin power
2025-12-29 09:20:47,093 [INFO] PluginManage:359 - Loaded plugin power (category:power,tabindex:4)
2025-12-29 09:20:47,093 [INFO] PluginManage:310 - Check plugin projectmanager
2025-12-29 09:20:47,140 [INFO] McuFinderGlobals:63 - Set McuFinder mode to 2 (CubeIDE integrated)
2025-12-29 09:20:47,145 [INFO] PluginManage:359 - Loaded plugin projectmanager (category:projectmanager,tabindex:4)
2025-12-29 09:20:47,145 [INFO] PluginManage:310 - Check plugin rif
2025-12-29 09:20:47,185 [INFO] PluginManage:359 - Loaded plugin rif (category:base,tabindex:3)
2025-12-29 09:20:47,186 [INFO] PluginManage:310 - Check plugin thirdparty
2025-12-29 09:20:47,471 [WARN] IntegrityCheckThread:84 - waiting for thirdparty lock release [integrity check]
2025-12-29 09:20:47,472 [INFO] IntegrityCheckThread:86 - entering critical section [integrity check]
2025-12-29 09:20:47,472 [INFO] ThirdPartyUpdaterWithRetryManager:70 - Updater plugin not ready yet. [1/15]
2025-12-29 09:20:47,472 [INFO] PluginManage:359 - Loaded plugin thirdparty (category:base,tabindex:-1)
2025-12-29 09:20:47,472 [INFO] PluginManage:310 - Check plugin tools
2025-12-29 09:20:47,484 [INFO] PluginManage:359 - Loaded plugin tools (category:base,tabindex:7)
2025-12-29 09:20:47,484 [INFO] PluginManage:310 - Check plugin tutovideos
2025-12-29 09:20:47,971 [INFO] PluginManage:359 - Loaded plugin tutovideos (category:base,tabindex:-1)
2025-12-29 09:20:47,971 [INFO] PluginManage:310 - Check plugin updater
2025-12-29 09:20:48,021 [INFO] PluginManage:359 - Loaded plugin updater (category:base,tabindex:12)
2025-12-29 09:20:48,021 [INFO] PluginManage:310 - Check plugin userauth
2025-12-29 09:20:48,038 [INFO] UserAuth:118 - Init User Auth plugin
2025-12-29 09:20:48,041 [INFO] PluginManage:359 - Loaded plugin userauth (category:base,tabindex:14)
2025-12-29 09:20:48,043 [INFO] PluginManage:283 - PluginManage : Loaded plugins [18]
2025-12-29 09:20:48,612 [INFO] PinOutPanel:1589 - setPackage(No Configuration,No Configuration)
2025-12-29 09:20:48,706 [INFO] CADModel:165 - CPN selected for project level
2025-12-29 09:20:48,706 [INFO] CADModel:114 - Register for checkConnection events
2025-12-29 09:20:48,725 [INFO] IPUIPlugin:80 - create IPUIPlugin
2025-12-29 09:20:48,725 [INFO] PluginManager:220 - loadIPPluginJar : add adc
2025-12-29 09:20:48,729 [INFO] IPUIPlugin:80 - create IPUIPlugin
2025-12-29 09:20:48,729 [INFO] PluginManager:220 - loadIPPluginJar : add aes
2025-12-29 09:20:48,733 [INFO] IPUIPlugin:80 - create IPUIPlugin
2025-12-29 09:20:48,733 [INFO] PluginManager:220 - loadIPPluginJar : add can
2025-12-29 09:20:48,735 [INFO] IPUIPlugin:80 - create IPUIPlugin
2025-12-29 09:20:48,735 [INFO] PluginManager:220 - loadIPPluginJar : add comp
2025-12-29 09:20:48,739 [INFO] IPUIPlugin:80 - create IPUIPlugin
2025-12-29 09:20:48,740 [INFO] PluginManager:220 - loadIPPluginJar : add cryp
2025-12-29 09:20:48,743 [INFO] IPUIPlugin:80 - create IPUIPlugin
2025-12-29 09:20:48,744 [INFO] PluginManager:220 - loadIPPluginJar : add ddr_ctrl_phy
2025-12-29 09:20:48,748 [INFO] IPUIPlugin:80 - create IPUIPlugin
2025-12-29 09:20:48,748 [INFO] PluginManager:220 - loadIPPluginJar : add dfsdm
2025-12-29 09:20:48,753 [INFO] IPUIPlugin:80 - create IPUIPlugin
2025-12-29 09:20:48,754 [INFO] PluginManager:220 - loadIPPluginJar : add dma
2025-12-29 09:20:48,758 [INFO] IPUIPlugin:80 - create IPUIPlugin
2025-12-29 09:20:48,759 [INFO] PluginManager:220 - loadIPPluginJar : add dma3
2025-12-29 09:20:48,763 [INFO] IPUIPlugin:80 - create IPUIPlugin
2025-12-29 09:20:48,763 [INFO] PluginManager:220 - loadIPPluginJar : add extmemmanager
2025-12-29 09:20:48,767 [INFO] IPUIPlugin:80 - create IPUIPlugin
2025-12-29 09:20:48,767 [INFO] PluginManager:220 - loadIPPluginJar : add fatfs
2025-12-29 09:20:48,772 [INFO] IPUIPlugin:80 - create IPUIPlugin
2025-12-29 09:20:48,772 [INFO] PluginManager:220 - loadIPPluginJar : add fmc
2025-12-29 09:20:48,780 [INFO] IPUIPlugin:80 - create IPUIPlugin
2025-12-29 09:20:48,780 [INFO] PluginManager:220 - loadIPPluginJar : add freertos
2025-12-29 09:20:48,782 [INFO] IPUIPlugin:80 - create IPUIPlugin
2025-12-29 09:20:48,782 [INFO] PluginManager:220 - loadIPPluginJar : add genericplugin
2025-12-29 09:20:48,786 [INFO] IPUIPlugin:80 - create IPUIPlugin
2025-12-29 09:20:48,786 [INFO] PluginManager:220 - loadIPPluginJar : add gfxmmu
2025-12-29 09:20:48,791 [INFO] IPUIPlugin:80 - create IPUIPlugin
2025-12-29 09:20:48,791 [INFO] PluginManager:220 - loadIPPluginJar : add gic
2025-12-29 09:20:48,796 [INFO] IPUIPlugin:80 - create IPUIPlugin
2025-12-29 09:20:48,796 [INFO] PluginManager:220 - loadIPPluginJar : add gpio
2025-12-29 09:20:48,799 [INFO] IPUIPlugin:80 - create IPUIPlugin
2025-12-29 09:20:48,799 [INFO] PluginManager:220 - loadIPPluginJar : add gtzc
2025-12-29 09:20:48,804 [INFO] IPUIPlugin:80 - create IPUIPlugin
2025-12-29 09:20:48,804 [INFO] PluginManager:220 - loadIPPluginJar : add hash
2025-12-29 09:20:48,808 [INFO] IPUIPlugin:80 - create IPUIPlugin
2025-12-29 09:20:48,808 [INFO] PluginManager:220 - loadIPPluginJar : add i2c
2025-12-29 09:20:48,812 [INFO] IPUIPlugin:80 - create IPUIPlugin
2025-12-29 09:20:48,812 [INFO] PluginManager:220 - loadIPPluginJar : add i2s
2025-12-29 09:20:48,816 [INFO] IPUIPlugin:80 - create IPUIPlugin
2025-12-29 09:20:48,816 [INFO] PluginManager:220 - loadIPPluginJar : add i3c
2025-12-29 09:20:48,820 [INFO] IPUIPlugin:80 - create IPUIPlugin
2025-12-29 09:20:48,820 [INFO] PluginManager:220 - loadIPPluginJar : add ipddr
2025-12-29 09:20:48,829 [INFO] IPUIPlugin:80 - create IPUIPlugin
2025-12-29 09:20:48,829 [INFO] PluginManager:220 - loadIPPluginJar : add linkedlist
2025-12-29 09:20:48,832 [INFO] IPUIPlugin:80 - create IPUIPlugin
2025-12-29 09:20:48,832 [INFO] PluginManager:220 - loadIPPluginJar : add lorawan
2025-12-29 09:20:48,836 [INFO] IPUIPlugin:80 - create IPUIPlugin
2025-12-29 09:20:48,836 [INFO] PluginManager:220 - loadIPPluginJar : add ltdc
2025-12-29 09:20:48,841 [INFO] IPUIPlugin:80 - create IPUIPlugin
2025-12-29 09:20:48,842 [INFO] PluginManager:220 - loadIPPluginJar : add mdma
2025-12-29 09:20:48,845 [INFO] IPUIPlugin:80 - create IPUIPlugin
2025-12-29 09:20:48,845 [INFO] PluginManager:220 - loadIPPluginJar : add nvic
2025-12-29 09:20:48,848 [INFO] IPUIPlugin:80 - create IPUIPlugin
2025-12-29 09:20:48,848 [INFO] PluginManager:220 - loadIPPluginJar : add opamp
2025-12-29 09:20:48,851 [INFO] IPUIPlugin:80 - create IPUIPlugin
2025-12-29 09:20:48,851 [INFO] PluginManager:220 - loadIPPluginJar : add openamp
2025-12-29 09:20:48,854 [INFO] IPUIPlugin:80 - create IPUIPlugin
2025-12-29 09:20:48,854 [INFO] PluginManager:220 - loadIPPluginJar : add pdm2pcm
2025-12-29 09:20:48,859 [INFO] IPUIPlugin:80 - create IPUIPlugin
2025-12-29 09:20:48,860 [INFO] PluginManager:220 - loadIPPluginJar : add plateformsettings
2025-12-29 09:20:48,863 [INFO] IPUIPlugin:80 - create IPUIPlugin
2025-12-29 09:20:48,863 [INFO] PluginManager:220 - loadIPPluginJar : add quadspi
2025-12-29 09:20:48,865 [INFO] IPUIPlugin:80 - create IPUIPlugin
2025-12-29 09:20:48,865 [INFO] PluginManager:220 - loadIPPluginJar : add radio
2025-12-29 09:20:48,869 [INFO] IPUIPlugin:80 - create IPUIPlugin
2025-12-29 09:20:48,869 [INFO] PluginManager:220 - loadIPPluginJar : add resmgrutility
2025-12-29 09:20:48,872 [INFO] IPUIPlugin:80 - create IPUIPlugin
2025-12-29 09:20:48,872 [INFO] PluginManager:220 - loadIPPluginJar : add sai
2025-12-29 09:20:48,875 [INFO] IPUIPlugin:80 - create IPUIPlugin
2025-12-29 09:20:48,875 [INFO] PluginManager:220 - loadIPPluginJar : add spi
2025-12-29 09:20:48,880 [INFO] IPUIPlugin:80 - create IPUIPlugin
2025-12-29 09:20:48,880 [INFO] PluginManager:220 - loadIPPluginJar : add stm32_wpan
2025-12-29 09:20:48,882 [INFO] IPUIPlugin:80 - create IPUIPlugin
2025-12-29 09:20:48,882 [INFO] PluginManager:220 - loadIPPluginJar : add tim
2025-12-29 09:20:48,885 [INFO] IPUIPlugin:80 - create IPUIPlugin
2025-12-29 09:20:48,885 [INFO] PluginManager:220 - loadIPPluginJar : add touchsensing
2025-12-29 09:20:48,887 [INFO] IPUIPlugin:80 - create IPUIPlugin
2025-12-29 09:20:48,887 [INFO] PluginManager:220 - loadIPPluginJar : add tracer_emb
2025-12-29 09:20:48,889 [INFO] IPUIPlugin:80 - create IPUIPlugin
2025-12-29 09:20:48,889 [INFO] PluginManager:220 - loadIPPluginJar : add ts
2025-12-29 09:20:48,890 [INFO] IPUIPlugin:80 - create IPUIPlugin
2025-12-29 09:20:48,890 [INFO] PluginManager:220 - loadIPPluginJar : add tsc
2025-12-29 09:20:48,892 [INFO] IPUIPlugin:80 - create IPUIPlugin
2025-12-29 09:20:48,892 [INFO] PluginManager:220 - loadIPPluginJar : add ucpd
2025-12-29 09:20:48,894 [INFO] IPUIPlugin:80 - create IPUIPlugin
2025-12-29 09:20:48,895 [INFO] PluginManager:220 - loadIPPluginJar : add usart
2025-12-29 09:20:48,897 [INFO] IPUIPlugin:80 - create IPUIPlugin
2025-12-29 09:20:48,897 [INFO] PluginManager:220 - loadIPPluginJar : add usbx
2025-12-29 09:20:49,016 [FATAL] Updater:351 - Updater called before beeing initialized
2025-12-29 09:20:49,093 [INFO] RulesReader:64 - Compatibility file has been processed (317 Rules)
2025-12-29 09:20:49,107 [INFO] RulesReader:64 - Compatibility file has been processed (317 Rules)
2025-12-29 09:20:49,148 [INFO] CADModel:165 - CPN selected for project level
2025-12-29 09:20:49,148 [INFO] CADModel:114 - Register for checkConnection events
2025-12-29 09:20:49,148 [FATAL] Updater:351 - Updater called before beeing initialized
2025-12-29 09:20:49,148 [ERROR] CADModel:125 - Updater not yet initialized, retry later 
2025-12-29 09:20:49,319 [FATAL] Updater:351 - Updater called before beeing initialized
2025-12-29 09:20:49,321 [INFO] CADModel:165 - CPN selected for project level
2025-12-29 09:20:49,321 [INFO] CADModel:114 - Register for checkConnection events
2025-12-29 09:20:49,321 [FATAL] Updater:351 - Updater called before beeing initialized
2025-12-29 09:20:49,321 [ERROR] CADModel:125 - Updater not yet initialized, retry later 
2025-12-29 09:20:49,324 [FATAL] Updater:351 - Updater called before beeing initialized
2025-12-29 09:20:49,473 [FATAL] Updater:351 - Updater called before beeing initialized
2025-12-29 09:20:49,478 [INFO] DbMcusAds:53 - JSON generation date=Tue Dec 16 04:41:46 IST 2025 (1765840306612)
2025-12-29 09:20:49,478 [FATAL] Updater:351 - Updater called before beeing initialized
2025-12-29 09:20:49,513 [WARN] DetailPanel:346 - Failed to get advertising image, set to default
2025-12-29 09:20:49,593 [FATAL] Updater:351 - Updater called before beeing initialized
2025-12-29 09:20:49,594 [FATAL] Updater:351 - Updater called before beeing initialized
2025-12-29 09:20:49,595 [FATAL] Updater:351 - Updater called before beeing initialized
2025-12-29 09:20:49,595 [WARN] DetailPanel:346 - Failed to get advertising image, set to default
2025-12-29 09:20:49,596 [FATAL] Updater:351 - Updater called before beeing initialized
2025-12-29 09:20:49,649 [ERROR] Updater:1198 - MainUpdater not yet initialized. External WinMGr cannot be set.
2025-12-29 09:20:49,651 [INFO] Updater:1134 - Updater Version found : 6.15.0
2025-12-29 09:20:49,701 [INFO] ApplicationProperties:184 - Using Application install path: C:\ST\STM32CubeIDE_1.19.0\STM32CubeIDE\plugins\com.st.stm32cube.common.mx_6.15.0.202507011659
2025-12-29 09:20:50,474 [INFO] ThirdPartyUpdaterWithRetryManager:70 - Updater plugin not ready yet. [2/15]
2025-12-29 09:20:51,318 [ERROR] LogOutputStream:75 - [STDERR_REDIRECT] Dec 29, 2025 9:20:51 AM java.util.prefs.WindowsPreferences <init>
2025-12-29 09:20:51,319 [ERROR] LogOutputStream:75 - [STDERR_REDIRECT] WARNING: Could not open/create prefs root node Software\JavaSoft\Prefs at root 0xffffffff80000002. Windows RegCreateKeyEx(...) returned error code 5.
2025-12-29 09:20:51,319 [ERROR] LogOutputStream:75 - [STDERR_REDIRECT] 
2025-12-29 09:20:52,016 [INFO] MainUpdater:2872 - connection check result : 10
2025-12-29 09:20:52,018 [INFO] MainUpdater:289 - Updater Check For Update Now.
2025-12-29 09:20:52,018 [INFO] MicroXplorer:498 - Change Database Version : DB.6.0.150
2025-12-29 09:20:52,026 [INFO] McuFinderGlobals:63 - Set McuFinder mode to 2 (CubeIDE integrated)
2025-12-29 09:20:52,031 [INFO] UserAuth:487 - Internet connection configuration mode: 1
2025-12-29 09:20:52,074 [INFO] JxBrowserEngine:152 - Initiate JxBrowser Engine with user profile folder
2025-12-29 09:20:52,209 [INFO] CheckServerUpdateThread:120 - End of CheckServer Thread
2025-12-29 09:20:52,232 [INFO] MainUpdater:2872 - connection check result : 10
2025-12-29 09:20:52,790 [INFO] ApiDb:581 - Connected to CubeFinder SQLite database (C:\Users\aditi\.stmcufinder\plugins\mcufinder\mcu\cube-finder-db.db)
2025-12-29 09:20:53,231 [INFO] ApiDb:668 - CubeFinder database Data Model version=2.1
2025-12-29 09:20:53,231 [INFO] ApiDb:669 - CubeFinder database Configuration version=3.0.39
2025-12-29 09:20:53,231 [INFO] ApiDb:670 - CubeFinder database generation date=2025-11-05 (1762334721)
2025-12-29 09:20:53,231 [INFO] ApiDb:671 - CubeFinder database FW Pack versions=[FP-ATR-ASTRA1_V2.0.0, FP-SNS-FLIGHT1_V5.1.0, FP-SNS-MOTENV1_V5.1.0, FP-SNS-MOTENVWB1_V1.4.0, FP-SNS-SMARTAG2_V1.2.0, FP-SNS-STBOX1_V2.1.0, STM32Cube_FW_C0_V1.4.0, STM32Cube_FW_F4_V1.28.3, STM32Cube_FW_F7_V1.17.4, STM32Cube_FW_G0_V1.6.2, STM32Cube_FW_G4_V1.6.1, STM32Cube_FW_H5_V1.5.1, STM32Cube_FW_H7RS_V1.3.0, STM32Cube_FW_H7_V1.12.1, STM32Cube_FW_L0_V1.12.2, STM32Cube_FW_L4_V1.18.1, STM32Cube_FW_L5_V1.6.0, STM32Cube_FW_N6_V1.3.0, STM32Cube_FW_U0_V1.3.0, STM32Cube_FW_U3_V1.2.1, STM32Cube_FW_U5_V1.8.0, STM32Cube_FW_WB0_V1.4.0, STM32Cube_FW_WBA_V1.8.0, STM32Cube_FW_WB_V1.24.0, STM32Cube_FW_WL3_V1.3.0, STM32Cube_FW_WL_V1.4.0, X-CUBE-ALGOBUILD_V1.4.0, X-CUBE-ALS_V1.0.2, X-CUBE-AZRTOS-F4_V1.1.0, X-CUBE-AZRTOS-F7_V1.1.0, X-CUBE-AZRTOS-G0_V1.1.0, X-CUBE-AZRTOS-G4_V2.0.0, X-CUBE-AZRTOS-H7RS_V1.1.0, X-CUBE-AZRTOS-H7_V3.4.0, X-CUBE-AZRTOS-L4_V2.0.0, X-CUBE-AZRTOS-L5_V2.0.0, X-CUBE-AZRTOS-WB_V2.0.0, X-CUBE-AZRTOS-WL_V2.0.0, X-CUBE-BLE1_V7.1.0, X-CUBE-BLE2_V3.3.0, X-CUBE-BLEMGR_V4.1.0, X-CUBE-EEPRMA1_V5.2.0, X-CUBE-FREERTOS_V1.3.1, X-CUBE-GNSS1_V6.0.0, X-CUBE-MEMS1_V11.3.0, X-CUBE-NFC4_V3.0.0, X-CUBE-NFC7_V2.0.0, X-CUBE-SFXS2LP1_V4.0.0, X-CUBE-ST67W61_V1.1.0, X-CUBE-SUBG2_V5.0.0, X-CUBE-TOF1_V3.4.3]
2025-12-29 09:20:53,854 [INFO] WebApp:169 - Instantiating new browser for Auth
2025-12-29 09:20:53,862 [WARN] PackLoader:240 - Cannot read IP mode file for STMicroelectronics.FP-SNS-MOTENVWB1.1.4.0
2025-12-29 09:20:53,875 [WARN] PackLoader:240 - Cannot read IP mode file for STMicroelectronics.FP-ATR-ASTRA1.2.0.2
2025-12-29 09:20:53,888 [WARN] PackLoader:240 - Cannot read IP mode file for STMicroelectronics.X-CUBE-SMBUS.2.1.0
2025-12-29 09:20:53,955 [WARN] PackLoader:240 - Cannot read IP mode file for STMicroelectronics.X-CUBE-AZRTOS-F7.1.1.0
2025-12-29 09:20:53,978 [WARN] PackLoader:240 - Cannot read IP mode file for STMicroelectronics.X-CUBE-DISPLAY.3.0.0
2025-12-29 09:20:54,005 [WARN] PackLoader:240 - Cannot read IP mode file for STMicroelectronics.X-CUBE-NFC10.1.0.0
2025-12-29 09:20:54,023 [WARN] PackLoader:240 - Cannot read IP mode file for STMicroelectronics.FP-SNS-SMARTAG2.1.2.0
2025-12-29 09:20:54,034 [WARN] PackLoader:240 - Cannot read IP mode file for STMicroelectronics.FP-SNS-FLIGHT1.5.1.0
2025-12-29 09:20:54,055 [INFO] LogOutputStream:77 - [STDOUT_REDIRECT] 1 : Invalid condition id : UX_CORESTACK_Condition cause : null
2025-12-29 09:20:54,057 [INFO] LogOutputStream:77 - [STDOUT_REDIRECT] 1 : Invalid condition id : UX_CORESTACK_Condition cause : null
2025-12-29 09:20:54,060 [INFO] LogOutputStream:77 - [STDOUT_REDIRECT] 1 : Invalid condition id : UX_CORESTACK_Condition cause : null
2025-12-29 09:20:54,063 [INFO] LogOutputStream:77 - [STDOUT_REDIRECT] 1 : Invalid condition id : UX_CORESTACK_Condition cause : null
2025-12-29 09:20:54,065 [INFO] LogOutputStream:77 - [STDOUT_REDIRECT] 1 : Invalid condition id : UX_CORESTACK_Condition cause : null
2025-12-29 09:20:54,071 [WARN] PackLoader:240 - Cannot read IP mode file for STMicroelectronics.X-CUBE-AZRTOS-WL.2.0.0
2025-12-29 09:20:54,086 [WARN] PackLoader:240 - Cannot read IP mode file for STMicroelectronics.X-CUBE-BLE2.3.3.0
2025-12-29 09:20:54,100 [WARN] PackLoader:240 - Cannot read IP mode file for STMicroelectronics.X-CUBE-NFC9.1.0.0
2025-12-29 09:20:54,112 [WARN] PackLoader:240 - Cannot read IP mode file for STMicroelectronics.X-CUBE-BLE1.7.1.0
2025-12-29 09:20:54,150 [WARN] PackLoader:240 - Cannot read IP mode file for STMicroelectronics.X-CUBE-AZRTOS-G0.1.1.0
2025-12-29 09:20:54,164 [WARN] PackLoader:240 - Cannot read IP mode file for STMicroelectronics.X-CUBE-NFC4.3.0.0
2025-12-29 09:20:54,176 [WARN] PackLoader:240 - Cannot read IP mode file for STMicroelectronics.X-CUBE-WB05N.2.0.0
2025-12-29 09:20:54,185 [WARN] PackLoader:240 - Cannot read IP mode file for STMicroelectronics.X-CUBE-TCPP.4.2.0
2025-12-29 09:20:54,194 [WARN] PackLoader:240 - Cannot read IP mode file for STMicroelectronics.FP-ATR-SIGFOX1.3.2.0
2025-12-29 09:20:54,202 [WARN] PackLoader:240 - Cannot read IP mode file for STMicroelectronics.X-CUBE-ALGOBUILD.1.4.0
2025-12-29 09:20:54,210 [WARN] PackLoader:240 - Cannot read IP mode file for STMicroelectronics.X-CUBE-PM33A1.1.0.0
2025-12-29 09:20:54,229 [WARN] PackLoader:240 - Cannot read IP mode file for STMicroelectronics.X-CUBE-AZRTOS-F4.1.1.0
2025-12-29 09:20:54,238 [WARN] PackLoader:240 - Cannot read IP mode file for STMicroelectronics.X-CUBE-ISPU.2.1.0
2025-12-29 09:20:54,261 [WARN] PackLoader:240 - Cannot read IP mode file for STMicroelectronics.X-CUBE-AZRTOS-L5.2.0.0
2025-12-29 09:20:54,274 [WARN] PackLoader:240 - Cannot read IP mode file for STMicroelectronics.X-CUBE-NFC6.3.1.0
2025-12-29 09:20:54,286 [WARN] PackLoader:240 - Cannot read IP mode file for STMicroelectronics.X-CUBE-DPower.1.3.0
2025-12-29 09:20:54,311 [WARN] ConditionMgr:438 - getConditionDescription Invalid condition id : LAN8742 Phy interface Condition cause : null
2025-12-29 09:20:54,312 [WARN] PackLoader:240 - Cannot read IP mode file for STMicroelectronics.X-CUBE-AZRTOS-L4.2.0.0
2025-12-29 09:20:54,313 [WARN] ConditionMgr:1044 - genDependencies : Invalid condition id : LAN8742 Phy interface Condition cause : null
2025-12-29 09:20:54,314 [WARN] ConditionMgr:1044 - genDependencies : Invalid condition id : LAN8742 Phy interface Condition cause : null
2025-12-29 09:20:54,314 [WARN] ConditionMgr:1044 - genDependencies : Invalid condition id : LAN8742 Phy interface Condition cause : null
2025-12-29 09:20:54,325 [WARN] PackLoader:240 - Cannot read IP mode file for STMicroelectronics.X-CUBE-SFXS2LP1.4.0.0
2025-12-29 09:20:54,341 [WARN] ConditionMgr:438 - getConditionDescription Invalid condition id : UX DEVICE CLASS RTOS Condition cause : null
2025-12-29 09:20:54,342 [WARN] ConditionMgr:438 - getConditionDescription Invalid condition id : UX DEVICE CLASS RTOS Condition cause : null
2025-12-29 09:20:54,344 [WARN] PackLoader:240 - Cannot read IP mode file for STMicroelectronics.X-CUBE-AZRTOS-WB.2.0.0
2025-12-29 09:20:54,345 [WARN] ConditionMgr:1044 - genDependencies : Invalid condition id : UX DEVICE CLASS RTOS Condition cause : null
2025-12-29 09:20:54,345 [WARN] ConditionMgr:1044 - genDependencies : Invalid condition id : UX DEVICE CLASS RTOS Condition cause : null
2025-12-29 09:20:54,346 [WARN] ConditionMgr:1044 - genDependencies : Invalid condition id : UX DEVICE CLASS RTOS Condition cause : null
2025-12-29 09:20:54,346 [WARN] ConditionMgr:1044 - genDependencies : Invalid condition id : UX DEVICE CLASS RTOS Condition cause : null
2025-12-29 09:20:54,347 [WARN] ConditionMgr:1044 - genDependencies : Invalid condition id : UX DEVICE CLASS RTOS Condition cause : null
2025-12-29 09:20:54,360 [WARN] PackLoader:240 - Cannot read IP mode file for STMicroelectronics.X-CUBE-SUBG2.5.0.0
2025-12-29 09:20:54,386 [WARN] PackLoader:240 - Cannot read IP mode file for STMicroelectronics.X-CUBE-AZRTOS-G4.2.0.0
2025-12-29 09:20:54,397 [WARN] PackLoader:240 - Cannot read IP mode file for STMicroelectronics.X-CUBE-NFC7.2.0.0
2025-12-29 09:20:54,407 [WARN] PackLoader:240 - Cannot read IP mode file for STMicroelectronics.X-CUBE-ALS.1.0.2
2025-12-29 09:20:54,424 [WARN] PackLoader:240 - Cannot read IP mode file for STMicroelectronics.X-CUBE-TOF1.3.4.3
2025-12-29 09:20:54,439 [INFO] ThirdParty:978 - Integrity check success = true
2025-12-29 09:20:54,439 [INFO] IntegrityCheckThread:100 - exiting critical section [integrity check]
2025-12-29 09:20:54,440 [INFO] IntegrityCheckThread:103 - End integrity checks thread
2025-12-29 09:20:55,386 [INFO] WebApp:463 - Apply proxy settings
2025-12-29 09:20:55,386 [INFO] WebApp:548 - Chromium requires no authentication
2025-12-29 09:20:55,399 [INFO] WebApp:491 - Direct internet connection detected
2025-12-29 09:20:55,436 [INFO] WebApp:900 - Register for checkConnection events
2025-12-29 09:20:55,436 [INFO] WebApp:463 - Apply proxy settings
2025-12-29 09:20:55,436 [INFO] WebApp:548 - Chromium requires no authentication
2025-12-29 09:20:55,437 [INFO] WebApp:491 - Direct internet connection detected
2025-12-29 09:20:55,650 [INFO] WebApp:225 - Starting web application
2025-12-29 09:20:55,650 [INFO] WebApp:593 - Web application path used C:\ST\STM32CubeIDE_1.19.0\STM32CubeIDE\plugins\com.st.stm32cube.common.mx_6.15.0.202507011659\db\plugins\mcufinder\reactClient1\index.html
2025-12-29 09:20:55,748 [INFO] UserAuth:487 - Internet connection configuration mode: 1
2025-12-29 09:20:56,181 [INFO] WebApp:191 - Connection restablished
2025-12-29 09:20:57,146 [INFO] ApiDb:240 - Found 880 in-development CPN: [B-G473E-ZEST1S, B-WB1M-WPAN1, B-WBA5M-WPAN, B-WL5M-SUBG1, NUCLEO-C031C6, NUCLEO-C051C8, NUCLEO-C071RB, NUCLEO-C092RC, NUCLEO-H503RB, NUCLEO-H533RE, NUCLEO-H563ZI, NUCLEO-H7S3L8, NUCLEO-N657X0-Q, NUCLEO-U031R8, NUCLEO-U083RC, NUCLEO-U385RG-Q, NUCLEO-U545RE-Q, NUCLEO-U5A5ZJ-Q, NUCLEO-WB05KZ, NUCLEO-WB07CC, NUCLEO-WB09KE, NUCLEO-WBA52CG, NUCLEO-WBA55CG, NUCLEO-WL33CC1, NUCLEO-WL33CC2, STEVAL-PROTEUS1, STEVAL-SMARTAG2, STEVAL-STWINBX1, STM320518-EVAL, STM32C0116-DK, STM32C011D6Y3TR, STM32C011D6Y6TR, STM32C011F4P3, STM32C011F4P6, STM32C011F4U3, STM32C011F4U6TR, STM32C011F6P3, STM32C011F6P6, STM32C011F6U3, STM32C011F6U6TR, STM32C011J4M3, STM32C011J4M6, STM32C011J6M3, STM32C011J6M6, STM32C0316-DK, STM32C031C4T3, STM32C031C4T6, STM32C031C4U3, STM32C031C4U6, STM32C031C6T3, STM32C031C6T6, STM32C031C6U3, STM32C031C6U6, STM32C031F4P3, STM32C031F4P6, STM32C031F6P3, STM32C031F6P6, STM32C031G4U3, STM32C031G4U6, STM32C031G6U3, STM32C031G6U6, STM32C031K4T3, STM32C031K4T6, STM32C031K4U3, STM32C031K4U6, STM32C031K6T3, STM32C031K6T6, STM32C031K6U3, STM32C031K6U6, STM32C051C6T6, STM32C051C6U6, STM32C051C8T6, STM32C051C8U6, STM32C051D8Y6TR, STM32C051F6P6, STM32C051F8P6, STM32C051G6U6, STM32C051G8U6, STM32C051K6T6, STM32C051K6U6, STM32C051K8T6, STM32C071C8T6, STM32C071C8T6N, STM32C071C8U6, STM32C071C8U6N, STM32C071CBT6, STM32C071CBT6N, STM32C071CBU6, STM32C071CBU6N, STM32C071F8P6, STM32C071F8P6N, STM32C071FBP6, STM32C071FBP6N, STM32C071FBY6TR, STM32C071G8U6, STM32C071G8U6N, STM32C071GBU6, STM32C071GBU6N, STM32C071K8T6, STM32C071K8T6N, STM32C071K8U6, STM32C071K8U6N, STM32C071KBT6, STM32C071KBT6N, STM32C071KBU6, STM32C071KBU6N, STM32C071R8T6, STM32C071R8T6N, STM32C071RBI6N, STM32C071RBT6, STM32C071RBT6N, STM32C091CBT6, STM32C091CBU6, STM32C091CCT6, STM32C091CCU6, STM32C091ECY6TR, STM32C091FBP6, STM32C091FCP6, STM32C091GBU6, STM32C091GCU6, STM32C091KBT6, STM32C091KBU6, STM32C091KCT6, STM32C091KCU6, STM32C091RBT6, STM32C091RCI6, STM32C091RCT6, STM32C092CBT6, STM32C092CBU6, STM32C092CCT6, STM32C092CCU6, STM32C092ECY6TR, STM32C092FBP6, STM32C092FCP6, STM32C092GBU6, STM32C092GCU6, STM32C092KBT6, STM32C092KBU6, STM32C092KCT6, STM32C092KCU6, STM32C092RBT6, STM32C092RCI6, STM32C092RCT6, STM32G071K8TXN, STM32G071K8UXN, STM32G081GBU6N, STM32G081KBT6N, STM32G081KBUXN, STM32G0B1CCT6N, STM32G0B1KCT6, STM32G0B1NEY6TR, STM32G0B1RCT6N, STM32G0C1CCT6, STM32G0C1CCT6N, STM32G0C1CCU6N, STM32G0C1CET6N, STM32G0C1CEU6N, STM32G0C1KCT6, STM32G0C1NEY6TR, STM32G0C1RCI6N, STM32G0C1RCT6N, STM32G0C1REI6N, STM32G0C1RET6N, STM32G0C1VCI6, STM32G0C1VEI6, STM32G411C6T3, STM32G411C6T6, STM32G411C6U3, STM32G411C6U6, STM32G411C8T3, STM32G411C8T6, STM32G411C8U3, STM32G411C8U6, STM32G411CBT3, STM32G411CBT6, STM32G411CBU3, STM32G411CBU6, STM32G411K6T3, STM32G411K6T6, STM32G411K6U3, STM32G411K6U6, STM32G411K8T3, STM32G411K8T6, STM32G411K8U3, STM32G411K8U6, STM32G411KBT3, STM32G411KBT6, STM32G411KBU3, STM32G411KBU6, STM32G411M6T3, STM32G411M6T6, STM32G411M8T3, STM32G411M8T6, STM32G411MBT3, STM32G411MBT6, STM32G411R6T3, STM32G411R6T6, STM32G411R8T3, STM32G411R8T6, STM32G411RBT3, STM32G411RBT6, STM32G414CBT3, STM32G414CBT6, STM32G414CBU3, STM32G414CBU6, STM32G414CCT3, STM32G414CCT6, STM32G414CCU3, STM32G414CCU6, STM32G414MBT3, STM32G414MBT6, STM32G414MCT3, STM32G414MCT6, STM32G414RBT3, STM32G414RBT6, STM32G414RCT3, STM32G414RCT6, STM32G414VBT3, STM32G414VBT6, STM32G414VCT3, STM32G414VCT6, STM32G431CBT3Z, STM32G431RBT3Z, STM32G471CCT6, STM32G471CCU6, STM32G471CET3, STM32G471CET6, STM32G471CEU3, STM32G471CEU6, STM32G471MCT6, STM32G471MET3, STM32G471MET6, STM32G471MEY6TR, STM32G471QCT6, STM32G471QET3, STM32G471RCT6, STM32G471RET3, STM32G471RET6, STM32G471VCH6, STM32G471VCI6, STM32G471VCT6, STM32G471VEH3, STM32G471VEH6, STM32G471VEI3, STM32G471VEI6, STM32G471VET3, STM32G471VET6, STM32G473QET3Z, STM32G473RET3Z, STM32G474CCT6, STM32G491RET3Z, STM32H503CBT6, STM32H503CBU6, STM32H503EBY6TR, STM32H503KBU6, STM32H503RBT6, STM32H523CCT6, STM32H523CCU6, STM32H523CET6, STM32H523CEU6, STM32H523HEY6TR, STM32H523RCT6, STM32H523RET6, STM32H523VCI6, STM32H523VCT6, STM32H523VEI6, STM32H523VET6, STM32H523ZCJ6, STM32H523ZCT6, STM32H523ZEJ6, STM32H523ZET6, STM32H533CET6, STM32H533CEU6, STM32H533HEY6TR, STM32H533RET6, STM32H533VEI6, STM32H533VET6, STM32H533ZEJ6, STM32H533ZET6, STM32H562AGI6, STM32H562AII6, STM32H562IGK6, STM32H562IGT6, STM32H562IIK6, STM32H562IIT6, STM32H562RGT6, STM32H562RGV6, STM32H562RIT6, STM32H562RIV6, STM32H562VGT6, STM32H562VIT6, STM32H562ZGT6, STM32H562ZIT6, STM32H563AGI6, STM32H563AII3Q, STM32H563AII6, STM32H563IGK6, STM32H563IGT6, STM32H563IIK3Q, STM32H563IIK6, STM32H563IIT3Q, STM32H563IIT6, STM32H563MIY3QTR, STM32H563RGT6, STM32H563RGV6, STM32H563RIT6, STM32H563RIV6, STM32H563VGT6, STM32H563VIT3Q, STM32H563VIT6, STM32H563ZGT6, STM32H563ZIT3Q, STM32H563ZIT6, STM32H573AII3Q, STM32H573AII6, STM32H573I-DK, STM32H573IIK3Q, STM32H573IIK6, STM32H573IIT3Q, STM32H573IIT6, STM32H573MIY3QTR, STM32H573RIT6, STM32H573RIV6, STM32H573VIT3Q, STM32H573VIT6, STM32H573ZIT3Q, STM32H573ZIT6, STM32H7R3A8I6, STM32H7R3I8K6, STM32H7R3I8T6, STM32H7R3L8H6, STM32H7R3L8H6H, STM32H7R3R8V6, STM32H7R3V8H6, STM32H7R3V8T6, STM32H7R3V8Y6TR, STM32H7R3Z8J6, STM32H7R3Z8T6, STM32H7R7A8I6, STM32H7R7I8K6, STM32H7R7I8T6, STM32H7R7L8H6, STM32H7R7L8H6H, STM32H7R7Z8J6, STM32H7S3A8I6, STM32H7S3I8K6, STM32H7S3I8T6, STM32H7S3L8H6, STM32H7S3L8H6H, STM32H7S3R8V6, STM32H7S3V8H6, STM32H7S3V8T6, STM32H7S3V8Y6TR, STM32H7S3Z8J6, STM32H7S3Z8T6, STM32H7S78-DK, STM32H7S7A8I6, STM32H7S7I8K6, STM32H7S7I8T6, STM32H7S7L8H6, STM32H7S7L8H6H, STM32H7S7Z8J6, STM32L4R5QGI6STR, STM32MP131AAE3, STM32MP131AAF3, STM32MP131AAG3, STM32MP131CAE3, STM32MP131CAF3, STM32MP131CAG3, STM32MP131DAE7, STM32MP131DAF7, STM32MP131DAG7, STM32MP131FAE7, STM32MP131FAF7, STM32MP131FAG7, STM32MP133AAE3, STM32MP133AAF3, STM32MP133AAG3, STM32MP133CAE3, STM32MP133CAF3, STM32MP133CAG3, STM32MP133DAE7, STM32MP133DAF7, STM32MP133DAG7, STM32MP133FAE7, STM32MP133FAF7, STM32MP133FAG7, STM32MP135AAE3, STM32MP135AAF3, STM32MP135AAG3, STM32MP135CAE3, STM32MP135CAF3, STM32MP135CAG3, STM32MP135DAE7, STM32MP135DAF7, STM32MP135DAG7, STM32MP135F-DK, STM32MP135FAE7, STM32MP135FAF7, STM32MP135FAF7T, STM32MP135FAF7U, STM32MP135FAG7, STM32MP211AAL3, STM32MP211AAM3, STM32MP211AAN3, STM32MP211AAO3, STM32MP211CAL3, STM32MP211CAM3, STM32MP211CAN3, STM32MP211CAO3, STM32MP211DAL3, STM32MP211DAM3, STM32MP211DAN3, STM32MP211DAO3, STM32MP211FAL3, STM32MP211FAM3, STM32MP211FAN3, STM32MP211FAO3, STM32MP213AAL3, STM32MP213AAM3, STM32MP213AAN3, STM32MP213AAO3, STM32MP213CAL3, STM32MP213CAM3, STM32MP213CAN3, STM32MP213CAO3, STM32MP213DAL3, STM32MP213DAM3, STM32MP213DAN3, STM32MP213DAO3, STM32MP213FAL3, STM32MP213FAM3, STM32MP213FAN3, STM32MP213FAO3, STM32MP215AAL3, STM32MP215AAM3, STM32MP215AAN3, STM32MP215AAO3, STM32MP215CAL3, STM32MP215CAM3, STM32MP215CAN3, STM32MP215CAO3, STM32MP215DAL3, STM32MP215DAM3, STM32MP215DAN3, STM32MP215DAO3, STM32MP215F-DK, STM32MP215FAL3, STM32MP215FAM3, STM32MP215FAN3, STM32MP215FAO3, STM32MP231AAJ3, STM32MP231AAK3, STM32MP231AAL3, STM32MP231CAJ3, STM32MP231CAK3, STM32MP231CAL3, STM32MP231DAJ3, STM32MP231DAK3, STM32MP231DAL3, STM32MP231FAJ3, STM32MP231FAK3, STM32MP231FAL3, STM32MP233AAJ3, STM32MP233AAK3, STM32MP233AAL3, STM32MP233CAJ3, STM32MP233CAK3, STM32MP233CAL3, STM32MP233DAJ3, STM32MP233DAK3, STM32MP233DAL3, STM32MP233FAJ3, STM32MP233FAK3, STM32MP233FAL3, STM32MP235AAJ3, STM32MP235AAK3, STM32MP235AAL3, STM32MP235CAJ3, STM32MP235CAK3, STM32MP235CAL3, STM32MP235DAJ3, STM32MP235DAK3, STM32MP235DAL3, STM32MP235FAJ3, STM32MP235FAK3, STM32MP235FAL3, STM32MP251AAI3, STM32MP251AAK3, STM32MP251AAL3, STM32MP251CAI3, STM32MP251CAK3, STM32MP251CAL3, STM32MP251DAI3, STM32MP251DAK3, STM32MP251DAL3, STM32MP251FAI3, STM32MP251FAK3, STM32MP251FAL3, STM32MP253AAI3, STM32MP253AAK3, STM32MP253AAL3, STM32MP253CAI3, STM32MP253CAK3, STM32MP253CAL3, STM32MP253DAI3, STM32MP253DAK3, STM32MP253DAL3, STM32MP253FAI3, STM32MP253FAK3, STM32MP253FAL3, STM32MP255AAI3, STM32MP255AAK3, STM32MP255AAL3, STM32MP255CAI3, STM32MP255CAK3, STM32MP255CAL3, STM32MP255DAI3, STM32MP255DAK3, STM32MP255DAL3, STM32MP255FAI3, STM32MP255FAK3, STM32MP255FAL3, STM32MP257AAI3, STM32MP257AAK3, STM32MP257AAL3, STM32MP257CAI3, STM32MP257CAK3, STM32MP257CAL3, STM32MP257DAI3, STM32MP257DAK3, STM32MP257DAL3, STM32MP257F-DK, STM32MP257F-EV1, STM32MP257FAI3, STM32MP257FAK3, STM32MP257FAL3, STM32N645A0H3Q, STM32N645B0H3Q, STM32N645I0H3Q, STM32N645L0H3Q, STM32N645X0H3Q, STM32N645Z0H3Q, STM32N647A0H3Q, STM32N647B0H3Q, STM32N647I0H3Q, STM32N647L0H3Q, STM32N647X0H3Q, STM32N647Z0H3Q, STM32N655A0H3Q, STM32N655B0H3Q, STM32N655I0H3Q, STM32N655L0H3Q, STM32N655X0H3Q, STM32N655Z0H3Q, STM32N6570-DK, STM32N657A0H3Q, STM32N657B0H3Q, STM32N657I0H3Q, STM32N657L0H3Q, STM32N657X0H3Q, STM32N657Z0H3Q, STM32U031C6T6, STM32U031C6U6, STM32U031C8T6, STM32U031C8U6, STM32U031F4P6, STM32U031F6P6, STM32U031F8P6, STM32U031G6Y6TR, STM32U031G8Y6TR, STM32U031K4U6, STM32U031K6U6, STM32U031K8U6, STM32U031R6I6, STM32U031R6T6, STM32U031R8I6, STM32U031R8T6, STM32U073C8T6, STM32U073C8U6, STM32U073CBT6, STM32U073CBU6, STM32U073CCT6, STM32U073CCU6, STM32U073H8Y6TR, STM32U073HBY6TR, STM32U073HCY6TR, STM32U073K8U6, STM32U073KBU6, STM32U073KCU6, STM32U073M8I6, STM32U073M8T6, STM32U073MBI6, STM32U073MBT6, STM32U073MCI6, STM32U073MCT6, STM32U073R8I6, STM32U073R8T6, STM32U073RBI6, STM32U073RBT6, STM32U073RCI6, STM32U073RCT6, STM32U083C-DK, STM32U083CCT6, STM32U083CCU6, STM32U083HCY6TR, STM32U083KCU6, STM32U083MCI6, STM32U083MCT6, STM32U083RCI6, STM32U083RCT6, STM32U375CET6, STM32U375CET6Q, STM32U375CEU6, STM32U375CEU6Q, STM32U375CEY6QTR, STM32U375CGT6, STM32U375CGT6Q, STM32U375CGU6, STM32U375CGU6Q, STM32U375CGY6QTR, STM32U375KEU6, STM32U375KGU6, STM32U375REI6, STM32U375REI6Q, STM32U375RET6, STM32U375RET6Q, STM32U375REY6GTR, STM32U375REY6QTR, STM32U375RGI6, STM32U375RGI6Q, STM32U375RGT6, STM32U375RGT6Q, STM32U375RGY6GTR, STM32U375RGY6QTR, STM32U375VEI6, STM32U375VEI6Q, STM32U375VET6, STM32U375VET6Q, STM32U375VGI6, STM32U375VGI6Q, STM32U375VGT6, STM32U375VGT6Q, STM32U385CGT6, STM32U385CGT6Q, STM32U385CGU6, STM32U385CGU6Q, STM32U385CGY6QTR, STM32U385KGU6, STM32U385RGI6, STM32U385RGI6Q, STM32U385RGT6, STM32U385RGT6Q, STM32U385RGY6GTR, STM32U385RGY6QTR, STM32U385VGI6, STM32U385VGI6Q, STM32U385VGT6, STM32U385VGT6Q, STM32U535CBT6, STM32U535CBT6Q, STM32U535CBU6, STM32U535CBU6Q, STM32U535CCT6, STM32U535CCT6Q, STM32U535CCU6, STM32U535CCU6Q, STM32U535CET6, STM32U535CET6Q, STM32U535CEU6, STM32U535CEU6Q, STM32U535JEY6QTR, STM32U535NCY6QTR, STM32U535NEY6QTR, STM32U535RBI6, STM32U535RBI6Q, STM32U535RBT6, STM32U535RBT6Q, STM32U535RCI6, STM32U535RCI6Q, STM32U535RCT6, STM32U535RCT6Q, STM32U535REI6, STM32U535REI6Q, STM32U535RET6, STM32U535RET6Q, STM32U535VCI6, STM32U535VCI6Q, STM32U535VCT6, STM32U535VCT6Q, STM32U535VEI6, STM32U535VEI6Q, STM32U535VET6, STM32U535VET6Q, STM32U545CET6, STM32U545CET6Q, STM32U545CEU6, STM32U545CEU6Q, STM32U545JEY6QTR, STM32U545NEY6QTR, STM32U545REI6, STM32U545REI6Q, STM32U545RET6, STM32U545RET6Q, STM32U545VEI6, STM32U545VEI6Q, STM32U545VET6, STM32U545VET6Q, STM32U595AIH6, STM32U595AIH6Q, STM32U595AJH6, STM32U595AJH6Q, STM32U595QII6, STM32U595QII6Q, STM32U595QJI6, STM32U595QJI6Q, STM32U595RIT6, STM32U595RIT6Q, STM32U595RJT6, STM32U595RJT6Q, STM32U595VIT6, STM32U595VIT6Q, STM32U595VJT6, STM32U595VJT6Q, STM32U595ZIT6, STM32U595ZIT6Q, STM32U595ZIY6QTR, STM32U595ZJT6, STM32U595ZJT6Q, STM32U595ZJY6QTR, STM32U599BJY6QTR, STM32U599NIH6Q, STM32U599NJH6Q, STM32U599VIT6Q, STM32U599VJT6, STM32U599VJT6Q, STM32U599ZIT6Q, STM32U599ZIY6QTR, STM32U599ZJT6Q, STM32U599ZJY6QTR, STM32U5A5AJH6, STM32U5A5AJH6Q, STM32U5A5QII3Q , STM32U5A5QJI6, STM32U5A5QJI6Q, STM32U5A5RJT6, STM32U5A5RJT6Q, STM32U5A5VJT6, STM32U5A5VJT6Q, STM32U5A5ZJT6, STM32U5A5ZJT6Q, STM32U5A5ZJY6QTR, STM32U5A9BJY6QTR, STM32U5A9J-DK, STM32U5A9NJH6Q, STM32U5A9VJT6Q, STM32U5A9ZJT6Q, STM32U5A9ZJY6QTR, STM32U5F7VIT6, STM32U5F7VIT6Q, STM32U5F7VJT6, STM32U5F7VJT6Q, STM32U5F9BJY6QTR, STM32U5F9NJH6Q, STM32U5F9VIT6Q, STM32U5F9VJT6Q, STM32U5F9ZIJ6QTR, STM32U5F9ZIT6Q, STM32U5F9ZJJ6QTR, STM32U5F9ZJT6Q, STM32U5G7VJT6, STM32U5G7VJT6Q, STM32U5G9BJY6QTR, STM32U5G9J-DK1, STM32U5G9J-DK2, STM32U5G9NJH6Q, STM32U5G9VJT6Q, STM32U5G9ZJJ6QTR, STM32U5G9ZJT6Q, STM32WB05KZV6TR, STM32WB05KZV7TR, STM32WB05TZF6TR, STM32WB05TZF7TR, STM32WB06CCF6TR, STM32WB06CCF7TR, STM32WB06CCV6TR, STM32WB06CCV7TR, STM32WB06KCV6TR, STM32WB06KCV7TR, STM32WB07CCF6TR, STM32WB07CCF7TR, STM32WB07CCV6TR, STM32WB07CCV7TR, STM32WB07KCV6TR, STM32WB07KCV7TR, STM32WB09KEV6TR, STM32WB09KEV7TR, STM32WB09TEF6TR, STM32WB09TEF7TR, STM32WB1MMCH6, STM32WBA50KGU6, STM32WBA50KGU6TR, STM32WBA52CEU6, STM32WBA52CEU6TR, STM32WBA52CEU7, STM32WBA52CEU7TR, STM32WBA52CGU6, STM32WBA52CGU6TR, STM32WBA52CGU6U, STM32WBA52CGU7, STM32WBA52CGU7TR, STM32WBA52KEU6, STM32WBA52KEU6TR, STM32WBA52KGU6, STM32WBA52KGU6TR, STM32WBA54CEU6, STM32WBA54CEU6TR, STM32WBA54CEU7, STM32WBA54CEU7TR, STM32WBA54CGU6, STM32WBA54CGU6TR, STM32WBA54CGU7, STM32WBA54CGU7TR, STM32WBA54KEU6, STM32WBA54KEU6TR, STM32WBA54KEU7, STM32WBA54KEU7TR, STM32WBA54KGU6, STM32WBA54KGU6TR, STM32WBA54KGU7, STM32WBA54KGU7TR, STM32WBA55CEU6, STM32WBA55CEU6TR, STM32WBA55CEU7, STM32WBA55CEU7TR, STM32WBA55CGU6, STM32WBA55CGU6TR, STM32WBA55CGU6U, STM32WBA55CGU7, STM32WBA55CGU7TR, STM32WBA55G-DK1, STM32WBA55HEF6, STM32WBA55HEF7, STM32WBA55HGF6, STM32WBA55HGF7, STM32WBA55UEI6, STM32WBA55UEI6TR, STM32WBA55UEI7, STM32WBA55UEI7TR, STM32WBA55UGI6, STM32WBA55UGI6TR, STM32WBA55UGI7, STM32WBA55UGI7TR, STM32WBA5MMGH6TR, STM32WBA62MGF6, STM32WBA62MIF6, STM32WBA65MGF7, STM32WBA65MIF6, STM32WBA65MIF7, STM32WL30K8V6, STM32WL30KBV6, STM32WL31C8V6, STM32WL31CBV6, STM32WL31K8V6, STM32WL31KBV6, STM32WL33C8V6, STM32WL33C8V6X, STM32WL33CBV6, STM32WL33CBV6X, STM32WL33CCV6, STM32WL33CCV6A, STM32WL33CCV6X, STM32WL33K8V7, STM32WL33K8V7X, STM32WL33KBV7 , STM32WL33KBV7X, STM32WL33KCV7, STM32WL33KCV7X, STM32WL5MOCH6, STM32WL5MOCH6TR]
2025-12-29 09:20:57,152 [INFO] DbMcus:218 - Found 4876 MCUs, 4876 are supported
2025-12-29 09:20:57,153 [INFO] ApiDb:423 - Load user favorites file C:\Users\aditi/.stm32cubeide/favorites.mcus.txt: 0 item(s)
2025-12-29 09:20:57,153 [INFO] ApiDb:427 - User favorites MCUs=[]
2025-12-29 09:20:57,154 [INFO] DbMcus:224 - Set 0 / 0 favorites MCUs
2025-12-29 09:20:57,572 [INFO] ApiDb:668 - CubeFinder database Data Model version=2.1
2025-12-29 09:20:57,572 [INFO] ApiDb:669 - CubeFinder database Configuration version=3.0.39
2025-12-29 09:20:57,572 [INFO] ApiDb:670 - CubeFinder database generation date=2025-11-05 (1762334721)
2025-12-29 09:20:57,573 [INFO] ApiDb:671 - CubeFinder database FW Pack versions=[FP-ATR-ASTRA1_V2.0.0, FP-SNS-FLIGHT1_V5.1.0, FP-SNS-MOTENV1_V5.1.0, FP-SNS-MOTENVWB1_V1.4.0, FP-SNS-SMARTAG2_V1.2.0, FP-SNS-STBOX1_V2.1.0, STM32Cube_FW_C0_V1.4.0, STM32Cube_FW_F4_V1.28.3, STM32Cube_FW_F7_V1.17.4, STM32Cube_FW_G0_V1.6.2, STM32Cube_FW_G4_V1.6.1, STM32Cube_FW_H5_V1.5.1, STM32Cube_FW_H7RS_V1.3.0, STM32Cube_FW_H7_V1.12.1, STM32Cube_FW_L0_V1.12.2, STM32Cube_FW_L4_V1.18.1, STM32Cube_FW_L5_V1.6.0, STM32Cube_FW_N6_V1.3.0, STM32Cube_FW_U0_V1.3.0, STM32Cube_FW_U3_V1.2.1, STM32Cube_FW_U5_V1.8.0, STM32Cube_FW_WB0_V1.4.0, STM32Cube_FW_WBA_V1.8.0, STM32Cube_FW_WB_V1.24.0, STM32Cube_FW_WL3_V1.3.0, STM32Cube_FW_WL_V1.4.0, X-CUBE-ALGOBUILD_V1.4.0, X-CUBE-ALS_V1.0.2, X-CUBE-AZRTOS-F4_V1.1.0, X-CUBE-AZRTOS-F7_V1.1.0, X-CUBE-AZRTOS-G0_V1.1.0, X-CUBE-AZRTOS-G4_V2.0.0, X-CUBE-AZRTOS-H7RS_V1.1.0, X-CUBE-AZRTOS-H7_V3.4.0, X-CUBE-AZRTOS-L4_V2.0.0, X-CUBE-AZRTOS-L5_V2.0.0, X-CUBE-AZRTOS-WB_V2.0.0, X-CUBE-AZRTOS-WL_V2.0.0, X-CUBE-BLE1_V7.1.0, X-CUBE-BLE2_V3.3.0, X-CUBE-BLEMGR_V4.1.0, X-CUBE-EEPRMA1_V5.2.0, X-CUBE-FREERTOS_V1.3.1, X-CUBE-GNSS1_V6.0.0, X-CUBE-MEMS1_V11.3.0, X-CUBE-NFC4_V3.0.0, X-CUBE-NFC7_V2.0.0, X-CUBE-SFXS2LP1_V4.0.0, X-CUBE-ST67W61_V1.1.0, X-CUBE-SUBG2_V5.0.0, X-CUBE-TOF1_V3.4.3]
2025-12-29 09:20:57,658 [INFO] DbBoardsSqlite:226 - include board P-NUCLEO-WB55-NUCLEO as a kit item of type 'Nucleo-64'
2025-12-29 09:20:57,658 [INFO] DbBoardsSqlite:226 - include board P-NUCLEO-WB55-USBDONGLE as a kit item of type 'Nucleo USB Dongle'
2025-12-29 09:20:57,658 [INFO] DbBoardsSqlite:226 - include board STEVAL-IDP005V1 as a kit item of type 'Evaluation Board'
2025-12-29 09:20:57,658 [INFO] DbBoardsSqlite:226 - include board STEVAL-IDP005V2 as a kit item of type 'Evaluation Board'
2025-12-29 09:20:57,728 [INFO] ApiDb:240 - Found 880 in-development CPN: [B-G473E-ZEST1S, B-WB1M-WPAN1, B-WBA5M-WPAN, B-WL5M-SUBG1, NUCLEO-C031C6, NUCLEO-C051C8, NUCLEO-C071RB, NUCLEO-C092RC, NUCLEO-H503RB, NUCLEO-H533RE, NUCLEO-H563ZI, NUCLEO-H7S3L8, NUCLEO-N657X0-Q, NUCLEO-U031R8, NUCLEO-U083RC, NUCLEO-U385RG-Q, NUCLEO-U545RE-Q, NUCLEO-U5A5ZJ-Q, NUCLEO-WB05KZ, NUCLEO-WB07CC, NUCLEO-WB09KE, NUCLEO-WBA52CG, NUCLEO-WBA55CG, NUCLEO-WL33CC1, NUCLEO-WL33CC2, STEVAL-PROTEUS1, STEVAL-SMARTAG2, STEVAL-STWINBX1, STM320518-EVAL, STM32C0116-DK, STM32C011D6Y3TR, STM32C011D6Y6TR, STM32C011F4P3, STM32C011F4P6, STM32C011F4U3, STM32C011F4U6TR, STM32C011F6P3, STM32C011F6P6, STM32C011F6U3, STM32C011F6U6TR, STM32C011J4M3, STM32C011J4M6, STM32C011J6M3, STM32C011J6M6, STM32C0316-DK, STM32C031C4T3, STM32C031C4T6, STM32C031C4U3, STM32C031C4U6, STM32C031C6T3, STM32C031C6T6, STM32C031C6U3, STM32C031C6U6, STM32C031F4P3, STM32C031F4P6, STM32C031F6P3, STM32C031F6P6, STM32C031G4U3, STM32C031G4U6, STM32C031G6U3, STM32C031G6U6, STM32C031K4T3, STM32C031K4T6, STM32C031K4U3, STM32C031K4U6, STM32C031K6T3, STM32C031K6T6, STM32C031K6U3, STM32C031K6U6, STM32C051C6T6, STM32C051C6U6, STM32C051C8T6, STM32C051C8U6, STM32C051D8Y6TR, STM32C051F6P6, STM32C051F8P6, STM32C051G6U6, STM32C051G8U6, STM32C051K6T6, STM32C051K6U6, STM32C051K8T6, STM32C071C8T6, STM32C071C8T6N, STM32C071C8U6, STM32C071C8U6N, STM32C071CBT6, STM32C071CBT6N, STM32C071CBU6, STM32C071CBU6N, STM32C071F8P6, STM32C071F8P6N, STM32C071FBP6, STM32C071FBP6N, STM32C071FBY6TR, STM32C071G8U6, STM32C071G8U6N, STM32C071GBU6, STM32C071GBU6N, STM32C071K8T6, STM32C071K8T6N, STM32C071K8U6, STM32C071K8U6N, STM32C071KBT6, STM32C071KBT6N, STM32C071KBU6, STM32C071KBU6N, STM32C071R8T6, STM32C071R8T6N, STM32C071RBI6N, STM32C071RBT6, STM32C071RBT6N, STM32C091CBT6, STM32C091CBU6, STM32C091CCT6, STM32C091CCU6, STM32C091ECY6TR, STM32C091FBP6, STM32C091FCP6, STM32C091GBU6, STM32C091GCU6, STM32C091KBT6, STM32C091KBU6, STM32C091KCT6, STM32C091KCU6, STM32C091RBT6, STM32C091RCI6, STM32C091RCT6, STM32C092CBT6, STM32C092CBU6, STM32C092CCT6, STM32C092CCU6, STM32C092ECY6TR, STM32C092FBP6, STM32C092FCP6, STM32C092GBU6, STM32C092GCU6, STM32C092KBT6, STM32C092KBU6, STM32C092KCT6, STM32C092KCU6, STM32C092RBT6, STM32C092RCI6, STM32C092RCT6, STM32G071K8TXN, STM32G071K8UXN, STM32G081GBU6N, STM32G081KBT6N, STM32G081KBUXN, STM32G0B1CCT6N, STM32G0B1KCT6, STM32G0B1NEY6TR, STM32G0B1RCT6N, STM32G0C1CCT6, STM32G0C1CCT6N, STM32G0C1CCU6N, STM32G0C1CET6N, STM32G0C1CEU6N, STM32G0C1KCT6, STM32G0C1NEY6TR, STM32G0C1RCI6N, STM32G0C1RCT6N, STM32G0C1REI6N, STM32G0C1RET6N, STM32G0C1VCI6, STM32G0C1VEI6, STM32G411C6T3, STM32G411C6T6, STM32G411C6U3, STM32G411C6U6, STM32G411C8T3, STM32G411C8T6, STM32G411C8U3, STM32G411C8U6, STM32G411CBT3, STM32G411CBT6, STM32G411CBU3, STM32G411CBU6, STM32G411K6T3, STM32G411K6T6, STM32G411K6U3, STM32G411K6U6, STM32G411K8T3, STM32G411K8T6, STM32G411K8U3, STM32G411K8U6, STM32G411KBT3, STM32G411KBT6, STM32G411KBU3, STM32G411KBU6, STM32G411M6T3, STM32G411M6T6, STM32G411M8T3, STM32G411M8T6, STM32G411MBT3, STM32G411MBT6, STM32G411R6T3, STM32G411R6T6, STM32G411R8T3, STM32G411R8T6, STM32G411RBT3, STM32G411RBT6, STM32G414CBT3, STM32G414CBT6, STM32G414CBU3, STM32G414CBU6, STM32G414CCT3, STM32G414CCT6, STM32G414CCU3, STM32G414CCU6, STM32G414MBT3, STM32G414MBT6, STM32G414MCT3, STM32G414MCT6, STM32G414RBT3, STM32G414RBT6, STM32G414RCT3, STM32G414RCT6, STM32G414VBT3, STM32G414VBT6, STM32G414VCT3, STM32G414VCT6, STM32G431CBT3Z, STM32G431RBT3Z, STM32G471CCT6, STM32G471CCU6, STM32G471CET3, STM32G471CET6, STM32G471CEU3, STM32G471CEU6, STM32G471MCT6, STM32G471MET3, STM32G471MET6, STM32G471MEY6TR, STM32G471QCT6, STM32G471QET3, STM32G471RCT6, STM32G471RET3, STM32G471RET6, STM32G471VCH6, STM32G471VCI6, STM32G471VCT6, STM32G471VEH3, STM32G471VEH6, STM32G471VEI3, STM32G471VEI6, STM32G471VET3, STM32G471VET6, STM32G473QET3Z, STM32G473RET3Z, STM32G474CCT6, STM32G491RET3Z, STM32H503CBT6, STM32H503CBU6, STM32H503EBY6TR, STM32H503KBU6, STM32H503RBT6, STM32H523CCT6, STM32H523CCU6, STM32H523CET6, STM32H523CEU6, STM32H523HEY6TR, STM32H523RCT6, STM32H523RET6, STM32H523VCI6, STM32H523VCT6, STM32H523VEI6, STM32H523VET6, STM32H523ZCJ6, STM32H523ZCT6, STM32H523ZEJ6, STM32H523ZET6, STM32H533CET6, STM32H533CEU6, STM32H533HEY6TR, STM32H533RET6, STM32H533VEI6, STM32H533VET6, STM32H533ZEJ6, STM32H533ZET6, STM32H562AGI6, STM32H562AII6, STM32H562IGK6, STM32H562IGT6, STM32H562IIK6, STM32H562IIT6, STM32H562RGT6, STM32H562RGV6, STM32H562RIT6, STM32H562RIV6, STM32H562VGT6, STM32H562VIT6, STM32H562ZGT6, STM32H562ZIT6, STM32H563AGI6, STM32H563AII3Q, STM32H563AII6, STM32H563IGK6, STM32H563IGT6, STM32H563IIK3Q, STM32H563IIK6, STM32H563IIT3Q, STM32H563IIT6, STM32H563MIY3QTR, STM32H563RGT6, STM32H563RGV6, STM32H563RIT6, STM32H563RIV6, STM32H563VGT6, STM32H563VIT3Q, STM32H563VIT6, STM32H563ZGT6, STM32H563ZIT3Q, STM32H563ZIT6, STM32H573AII3Q, STM32H573AII6, STM32H573I-DK, STM32H573IIK3Q, STM32H573IIK6, STM32H573IIT3Q, STM32H573IIT6, STM32H573MIY3QTR, STM32H573RIT6, STM32H573RIV6, STM32H573VIT3Q, STM32H573VIT6, STM32H573ZIT3Q, STM32H573ZIT6, STM32H7R3A8I6, STM32H7R3I8K6, STM32H7R3I8T6, STM32H7R3L8H6, STM32H7R3L8H6H, STM32H7R3R8V6, STM32H7R3V8H6, STM32H7R3V8T6, STM32H7R3V8Y6TR, STM32H7R3Z8J6, STM32H7R3Z8T6, STM32H7R7A8I6, STM32H7R7I8K6, STM32H7R7I8T6, STM32H7R7L8H6, STM32H7R7L8H6H, STM32H7R7Z8J6, STM32H7S3A8I6, STM32H7S3I8K6, STM32H7S3I8T6, STM32H7S3L8H6, STM32H7S3L8H6H, STM32H7S3R8V6, STM32H7S3V8H6, STM32H7S3V8T6, STM32H7S3V8Y6TR, STM32H7S3Z8J6, STM32H7S3Z8T6, STM32H7S78-DK, STM32H7S7A8I6, STM32H7S7I8K6, STM32H7S7I8T6, STM32H7S7L8H6, STM32H7S7L8H6H, STM32H7S7Z8J6, STM32L4R5QGI6STR, STM32MP131AAE3, STM32MP131AAF3, STM32MP131AAG3, STM32MP131CAE3, STM32MP131CAF3, STM32MP131CAG3, STM32MP131DAE7, STM32MP131DAF7, STM32MP131DAG7, STM32MP131FAE7, STM32MP131FAF7, STM32MP131FAG7, STM32MP133AAE3, STM32MP133AAF3, STM32MP133AAG3, STM32MP133CAE3, STM32MP133CAF3, STM32MP133CAG3, STM32MP133DAE7, STM32MP133DAF7, STM32MP133DAG7, STM32MP133FAE7, STM32MP133FAF7, STM32MP133FAG7, STM32MP135AAE3, STM32MP135AAF3, STM32MP135AAG3, STM32MP135CAE3, STM32MP135CAF3, STM32MP135CAG3, STM32MP135DAE7, STM32MP135DAF7, STM32MP135DAG7, STM32MP135F-DK, STM32MP135FAE7, STM32MP135FAF7, STM32MP135FAF7T, STM32MP135FAF7U, STM32MP135FAG7, STM32MP211AAL3, STM32MP211AAM3, STM32MP211AAN3, STM32MP211AAO3, STM32MP211CAL3, STM32MP211CAM3, STM32MP211CAN3, STM32MP211CAO3, STM32MP211DAL3, STM32MP211DAM3, STM32MP211DAN3, STM32MP211DAO3, STM32MP211FAL3, STM32MP211FAM3, STM32MP211FAN3, STM32MP211FAO3, STM32MP213AAL3, STM32MP213AAM3, STM32MP213AAN3, STM32MP213AAO3, STM32MP213CAL3, STM32MP213CAM3, STM32MP213CAN3, STM32MP213CAO3, STM32MP213DAL3, STM32MP213DAM3, STM32MP213DAN3, STM32MP213DAO3, STM32MP213FAL3, STM32MP213FAM3, STM32MP213FAN3, STM32MP213FAO3, STM32MP215AAL3, STM32MP215AAM3, STM32MP215AAN3, STM32MP215AAO3, STM32MP215CAL3, STM32MP215CAM3, STM32MP215CAN3, STM32MP215CAO3, STM32MP215DAL3, STM32MP215DAM3, STM32MP215DAN3, STM32MP215DAO3, STM32MP215F-DK, STM32MP215FAL3, STM32MP215FAM3, STM32MP215FAN3, STM32MP215FAO3, STM32MP231AAJ3, STM32MP231AAK3, STM32MP231AAL3, STM32MP231CAJ3, STM32MP231CAK3, STM32MP231CAL3, STM32MP231DAJ3, STM32MP231DAK3, STM32MP231DAL3, STM32MP231FAJ3, STM32MP231FAK3, STM32MP231FAL3, STM32MP233AAJ3, STM32MP233AAK3, STM32MP233AAL3, STM32MP233CAJ3, STM32MP233CAK3, STM32MP233CAL3, STM32MP233DAJ3, STM32MP233DAK3, STM32MP233DAL3, STM32MP233FAJ3, STM32MP233FAK3, STM32MP233FAL3, STM32MP235AAJ3, STM32MP235AAK3, STM32MP235AAL3, STM32MP235CAJ3, STM32MP235CAK3, STM32MP235CAL3, STM32MP235DAJ3, STM32MP235DAK3, STM32MP235DAL3, STM32MP235FAJ3, STM32MP235FAK3, STM32MP235FAL3, STM32MP251AAI3, STM32MP251AAK3, STM32MP251AAL3, STM32MP251CAI3, STM32MP251CAK3, STM32MP251CAL3, STM32MP251DAI3, STM32MP251DAK3, STM32MP251DAL3, STM32MP251FAI3, STM32MP251FAK3, STM32MP251FAL3, STM32MP253AAI3, STM32MP253AAK3, STM32MP253AAL3, STM32MP253CAI3, STM32MP253CAK3, STM32MP253CAL3, STM32MP253DAI3, STM32MP253DAK3, STM32MP253DAL3, STM32MP253FAI3, STM32MP253FAK3, STM32MP253FAL3, STM32MP255AAI3, STM32MP255AAK3, STM32MP255AAL3, STM32MP255CAI3, STM32MP255CAK3, STM32MP255CAL3, STM32MP255DAI3, STM32MP255DAK3, STM32MP255DAL3, STM32MP255FAI3, STM32MP255FAK3, STM32MP255FAL3, STM32MP257AAI3, STM32MP257AAK3, STM32MP257AAL3, STM32MP257CAI3, STM32MP257CAK3, STM32MP257CAL3, STM32MP257DAI3, STM32MP257DAK3, STM32MP257DAL3, STM32MP257F-DK, STM32MP257F-EV1, STM32MP257FAI3, STM32MP257FAK3, STM32MP257FAL3, STM32N645A0H3Q, STM32N645B0H3Q, STM32N645I0H3Q, STM32N645L0H3Q, STM32N645X0H3Q, STM32N645Z0H3Q, STM32N647A0H3Q, STM32N647B0H3Q, STM32N647I0H3Q, STM32N647L0H3Q, STM32N647X0H3Q, STM32N647Z0H3Q, STM32N655A0H3Q, STM32N655B0H3Q, STM32N655I0H3Q, STM32N655L0H3Q, STM32N655X0H3Q, STM32N655Z0H3Q, STM32N6570-DK, STM32N657A0H3Q, STM32N657B0H3Q, STM32N657I0H3Q, STM32N657L0H3Q, STM32N657X0H3Q, STM32N657Z0H3Q, STM32U031C6T6, STM32U031C6U6, STM32U031C8T6, STM32U031C8U6, STM32U031F4P6, STM32U031F6P6, STM32U031F8P6, STM32U031G6Y6TR, STM32U031G8Y6TR, STM32U031K4U6, STM32U031K6U6, STM32U031K8U6, STM32U031R6I6, STM32U031R6T6, STM32U031R8I6, STM32U031R8T6, STM32U073C8T6, STM32U073C8U6, STM32U073CBT6, STM32U073CBU6, STM32U073CCT6, STM32U073CCU6, STM32U073H8Y6TR, STM32U073HBY6TR, STM32U073HCY6TR, STM32U073K8U6, STM32U073KBU6, STM32U073KCU6, STM32U073M8I6, STM32U073M8T6, STM32U073MBI6, STM32U073MBT6, STM32U073MCI6, STM32U073MCT6, STM32U073R8I6, STM32U073R8T6, STM32U073RBI6, STM32U073RBT6, STM32U073RCI6, STM32U073RCT6, STM32U083C-DK, STM32U083CCT6, STM32U083CCU6, STM32U083HCY6TR, STM32U083KCU6, STM32U083MCI6, STM32U083MCT6, STM32U083RCI6, STM32U083RCT6, STM32U375CET6, STM32U375CET6Q, STM32U375CEU6, STM32U375CEU6Q, STM32U375CEY6QTR, STM32U375CGT6, STM32U375CGT6Q, STM32U375CGU6, STM32U375CGU6Q, STM32U375CGY6QTR, STM32U375KEU6, STM32U375KGU6, STM32U375REI6, STM32U375REI6Q, STM32U375RET6, STM32U375RET6Q, STM32U375REY6GTR, STM32U375REY6QTR, STM32U375RGI6, STM32U375RGI6Q, STM32U375RGT6, STM32U375RGT6Q, STM32U375RGY6GTR, STM32U375RGY6QTR, STM32U375VEI6, STM32U375VEI6Q, STM32U375VET6, STM32U375VET6Q, STM32U375VGI6, STM32U375VGI6Q, STM32U375VGT6, STM32U375VGT6Q, STM32U385CGT6, STM32U385CGT6Q, STM32U385CGU6, STM32U385CGU6Q, STM32U385CGY6QTR, STM32U385KGU6, STM32U385RGI6, STM32U385RGI6Q, STM32U385RGT6, STM32U385RGT6Q, STM32U385RGY6GTR, STM32U385RGY6QTR, STM32U385VGI6, STM32U385VGI6Q, STM32U385VGT6, STM32U385VGT6Q, STM32U535CBT6, STM32U535CBT6Q, STM32U535CBU6, STM32U535CBU6Q, STM32U535CCT6, STM32U535CCT6Q, STM32U535CCU6, STM32U535CCU6Q, STM32U535CET6, STM32U535CET6Q, STM32U535CEU6, STM32U535CEU6Q, STM32U535JEY6QTR, STM32U535NCY6QTR, STM32U535NEY6QTR, STM32U535RBI6, STM32U535RBI6Q, STM32U535RBT6, STM32U535RBT6Q, STM32U535RCI6, STM32U535RCI6Q, STM32U535RCT6, STM32U535RCT6Q, STM32U535REI6, STM32U535REI6Q, STM32U535RET6, STM32U535RET6Q, STM32U535VCI6, STM32U535VCI6Q, STM32U535VCT6, STM32U535VCT6Q, STM32U535VEI6, STM32U535VEI6Q, STM32U535VET6, STM32U535VET6Q, STM32U545CET6, STM32U545CET6Q, STM32U545CEU6, STM32U545CEU6Q, STM32U545JEY6QTR, STM32U545NEY6QTR, STM32U545REI6, STM32U545REI6Q, STM32U545RET6, STM32U545RET6Q, STM32U545VEI6, STM32U545VEI6Q, STM32U545VET6, STM32U545VET6Q, STM32U595AIH6, STM32U595AIH6Q, STM32U595AJH6, STM32U595AJH6Q, STM32U595QII6, STM32U595QII6Q, STM32U595QJI6, STM32U595QJI6Q, STM32U595RIT6, STM32U595RIT6Q, STM32U595RJT6, STM32U595RJT6Q, STM32U595VIT6, STM32U595VIT6Q, STM32U595VJT6, STM32U595VJT6Q, STM32U595ZIT6, STM32U595ZIT6Q, STM32U595ZIY6QTR, STM32U595ZJT6, STM32U595ZJT6Q, STM32U595ZJY6QTR, STM32U599BJY6QTR, STM32U599NIH6Q, STM32U599NJH6Q, STM32U599VIT6Q, STM32U599VJT6, STM32U599VJT6Q, STM32U599ZIT6Q, STM32U599ZIY6QTR, STM32U599ZJT6Q, STM32U599ZJY6QTR, STM32U5A5AJH6, STM32U5A5AJH6Q, STM32U5A5QII3Q , STM32U5A5QJI6, STM32U5A5QJI6Q, STM32U5A5RJT6, STM32U5A5RJT6Q, STM32U5A5VJT6, STM32U5A5VJT6Q, STM32U5A5ZJT6, STM32U5A5ZJT6Q, STM32U5A5ZJY6QTR, STM32U5A9BJY6QTR, STM32U5A9J-DK, STM32U5A9NJH6Q, STM32U5A9VJT6Q, STM32U5A9ZJT6Q, STM32U5A9ZJY6QTR, STM32U5F7VIT6, STM32U5F7VIT6Q, STM32U5F7VJT6, STM32U5F7VJT6Q, STM32U5F9BJY6QTR, STM32U5F9NJH6Q, STM32U5F9VIT6Q, STM32U5F9VJT6Q, STM32U5F9ZIJ6QTR, STM32U5F9ZIT6Q, STM32U5F9ZJJ6QTR, STM32U5F9ZJT6Q, STM32U5G7VJT6, STM32U5G7VJT6Q, STM32U5G9BJY6QTR, STM32U5G9J-DK1, STM32U5G9J-DK2, STM32U5G9NJH6Q, STM32U5G9VJT6Q, STM32U5G9ZJJ6QTR, STM32U5G9ZJT6Q, STM32WB05KZV6TR, STM32WB05KZV7TR, STM32WB05TZF6TR, STM32WB05TZF7TR, STM32WB06CCF6TR, STM32WB06CCF7TR, STM32WB06CCV6TR, STM32WB06CCV7TR, STM32WB06KCV6TR, STM32WB06KCV7TR, STM32WB07CCF6TR, STM32WB07CCF7TR, STM32WB07CCV6TR, STM32WB07CCV7TR, STM32WB07KCV6TR, STM32WB07KCV7TR, STM32WB09KEV6TR, STM32WB09KEV7TR, STM32WB09TEF6TR, STM32WB09TEF7TR, STM32WB1MMCH6, STM32WBA50KGU6, STM32WBA50KGU6TR, STM32WBA52CEU6, STM32WBA52CEU6TR, STM32WBA52CEU7, STM32WBA52CEU7TR, STM32WBA52CGU6, STM32WBA52CGU6TR, STM32WBA52CGU6U, STM32WBA52CGU7, STM32WBA52CGU7TR, STM32WBA52KEU6, STM32WBA52KEU6TR, STM32WBA52KGU6, STM32WBA52KGU6TR, STM32WBA54CEU6, STM32WBA54CEU6TR, STM32WBA54CEU7, STM32WBA54CEU7TR, STM32WBA54CGU6, STM32WBA54CGU6TR, STM32WBA54CGU7, STM32WBA54CGU7TR, STM32WBA54KEU6, STM32WBA54KEU6TR, STM32WBA54KEU7, STM32WBA54KEU7TR, STM32WBA54KGU6, STM32WBA54KGU6TR, STM32WBA54KGU7, STM32WBA54KGU7TR, STM32WBA55CEU6, STM32WBA55CEU6TR, STM32WBA55CEU7, STM32WBA55CEU7TR, STM32WBA55CGU6, STM32WBA55CGU6TR, STM32WBA55CGU6U, STM32WBA55CGU7, STM32WBA55CGU7TR, STM32WBA55G-DK1, STM32WBA55HEF6, STM32WBA55HEF7, STM32WBA55HGF6, STM32WBA55HGF7, STM32WBA55UEI6, STM32WBA55UEI6TR, STM32WBA55UEI7, STM32WBA55UEI7TR, STM32WBA55UGI6, STM32WBA55UGI6TR, STM32WBA55UGI7, STM32WBA55UGI7TR, STM32WBA5MMGH6TR, STM32WBA62MGF6, STM32WBA62MIF6, STM32WBA65MGF7, STM32WBA65MIF6, STM32WBA65MIF7, STM32WL30K8V6, STM32WL30KBV6, STM32WL31C8V6, STM32WL31CBV6, STM32WL31K8V6, STM32WL31KBV6, STM32WL33C8V6, STM32WL33C8V6X, STM32WL33CBV6, STM32WL33CBV6X, STM32WL33CCV6, STM32WL33CCV6A, STM32WL33CCV6X, STM32WL33K8V7, STM32WL33K8V7X, STM32WL33KBV7 , STM32WL33KBV7X, STM32WL33KCV7, STM32WL33KCV7X, STM32WL5MOCH6, STM32WL5MOCH6TR]
2025-12-29 09:20:58,034 [INFO] BoardInfo:889 - No configuration file found for board P-NUCLEO-WB55
2025-12-29 09:20:58,037 [INFO] DbBoards:161 - Kit is not supported: P-NUCLEO-WB55
2025-12-29 09:20:58,051 [INFO] BoardInfo:889 - No configuration file found for board STEVAL-BFA001V1B
2025-12-29 09:20:58,053 [INFO] DbBoards:161 - Kit is not supported: STEVAL-BFA001V1B
2025-12-29 09:20:58,055 [INFO] BoardInfo:889 - No configuration file found for board STEVAL-BFA001V2B
2025-12-29 09:20:58,057 [INFO] DbBoards:161 - Kit is not supported: STEVAL-BFA001V2B
2025-12-29 09:20:58,451 [INFO] DbBoards:168 - Found 212 boards, 209 are supported
2025-12-29 09:20:58,451 [INFO] DbBoards:169 - Found 212 boards, 43 of them is supported for  Bsp
2025-12-29 09:20:58,455 [INFO] ApiDb:423 - Load user favorites file C:\Users\aditi/.stm32cubeide/favorites.boards.txt: 1 item(s)
2025-12-29 09:20:58,456 [INFO] ApiDb:427 - User favorites Boards=[STM32F407G-DISC1]
2025-12-29 09:20:58,456 [INFO] DbBoards:198 - Set 1 / 1 favorites Boards
2025-12-29 09:20:58,457 [INFO] McuFinderGlobals:76 - Set McuFinderConnectedMode to true
2025-12-29 09:20:58,465 [INFO] MultiScanPanel:200 - Auto-refresh data requested => check proxy status ongoing
2025-12-29 09:20:58,467 [INFO] FinderPluginLoader:96 - Searching for filters in installed packs
2025-12-29 09:21:00,149 [INFO] LoadUrlFilesThread:185 - End of LoadServerUrlFiles without Thread
2025-12-29 09:21:00,162 [INFO] DetailPanel:341 - Set advertising image to C:/Users/aditi/STM32Cube/Repository/\en.prom-st67w-expansion-board.png
2025-12-29 09:21:05,045 [INFO] MultiScanPanel:200 - Auto-refresh data requested => check proxy status ongoing
2025-12-29 09:21:05,241 [INFO] LoadUrlFilesThread:185 - End of LoadServerUrlFiles without Thread
2025-12-29 09:21:05,241 [INFO] DetailPanel:341 - Set advertising image to C:/Users/aditi/STM32Cube/Repository/\en.prom-st67w-expansion-board.png
2025-12-29 09:21:05,275 [INFO] DbBoards:642 - Loading board mini-images...
2025-12-29 09:21:07,464 [ERROR] DbBoards:659 - Image file not found for board STM32MP215F-DK: C:\Users\aditi\.stmcufinder\plugins\mcufinder//mcu//boards_images/STM32MP215F-DK.jpg
2025-12-29 09:21:07,582 [INFO] DbBoards:665 - Loaded 211 board mini-images
2025-12-29 09:21:36,410 [INFO] MainUpdater:2872 - connection check result : 10
2025-12-29 09:21:36,411 [INFO] MainUpdater:2872 - connection check result : 10
2025-12-29 09:21:36,431 [INFO] MicroXplorer:468 - Change Database Path : 
2025-12-29 09:21:36,431 [INFO] MicroXplorer:498 - Change Database Version : DB.6.0.150
2025-12-29 09:21:36,440 [WARN] ThirdParty:871 - waiting for thirdparty lock release [close project]
2025-12-29 09:21:36,440 [INFO] ThirdParty:873 - entering critical section [close project]
2025-12-29 09:21:36,442 [INFO] ThirdParty:883 - exiting critical section [close project]
2025-12-29 09:21:36,445 [INFO] PinOutPanel:1589 - setPackage(No Configuration,No Configuration)
2025-12-29 09:21:36,446 [INFO] UtilMem:75 - Begin LoadConfig() Used Memory: 706396168 Bytes (865075200)
2025-12-29 09:21:36,450 [INFO] OpenFileManager:355 - Change cursor
2025-12-29 09:21:36,479 [INFO] ProjectFactory:514 - No CPN specified for board STM32F407G-DISC1 => set CPN to STM32F407VGT6
2025-12-29 09:21:36,480 [INFO] Mcu:2029 - Initializing MCU STM32F407V(E-G)Tx STM32F407VGTx STM32F407VGT6
2025-12-29 09:21:38,615 [INFO] Context:786 - Trying to add GPIOservice into a context  which must be forbidden
2025-12-29 09:21:39,429 [INFO] Rule:233 - rule 117617 - U5Cobra4M][GTZC] default value MPCBB3 and MPCBB5 - Not Secured memory - MPCBB1 is applicable
2025-12-29 09:21:39,429 [INFO] Rule:233 - rule 117617 - U5Cobra4M][GTZC] default value MPCBB3 and MPCBB5 - Not Secured memory - MPCBB1 is applicable
2025-12-29 09:21:39,429 [INFO] Rule:233 - rule 117617 - U5Cobra4M][GTZC] default value MPCBB3 and MPCBB5 - Not Secured memory - MPCBB2 is applicable
2025-12-29 09:21:39,429 [INFO] Rule:233 - rule 117617 - U5Cobra4M][GTZC] default value MPCBB3 and MPCBB5 - Not Secured memory - MPCBB2 is applicable
2025-12-29 09:21:39,430 [INFO] Rule:233 - rule 117617 - U5Cobra4M][GTZC] default value MPCBB3 and MPCBB5 - Not Secured memory - MPCBB3 is applicable
2025-12-29 09:21:39,430 [INFO] Rule:233 - rule 117617 - U5Cobra4M][GTZC] default value MPCBB3 and MPCBB5 - Not Secured memory - MPCBB3 is applicable
2025-12-29 09:21:39,430 [INFO] Rule:233 - rule 117617 - U5Cobra4M][GTZC] default value MPCBB3 and MPCBB5 - Not Secured memory - MPCBB4 is applicable
2025-12-29 09:21:39,430 [INFO] Rule:233 - rule 117617 - U5Cobra4M][GTZC] default value MPCBB3 and MPCBB5 - Not Secured memory - MPCBB4 is applicable
2025-12-29 09:21:39,430 [INFO] Rule:233 - rule 117617 - U5Cobra4M][GTZC] default value MPCBB3 and MPCBB5 - Secured memory - MPCBB1 is applicable
2025-12-29 09:21:39,430 [INFO] Rule:233 - rule 117617 - U5Cobra4M][GTZC] default value MPCBB3 and MPCBB5 - Secured memory - MPCBB2 is applicable
2025-12-29 09:21:39,430 [INFO] Rule:233 - rule 117617 - U5Cobra4M][GTZC] default value MPCBB3 and MPCBB5 - Secured memory - MPCBB3 is applicable
2025-12-29 09:21:39,430 [INFO] Rule:233 - rule 117617 - U5Cobra4M][GTZC] default value MPCBB3 and MPCBB5 - Secured memory - MPCBB4 is applicable
2025-12-29 09:21:39,430 [INFO] Rule:233 - rule 117617 - U5Cobra4M][GTZC] default value MPCBB3 and MPCBB5 - Privileged memory - MPCBB1 is applicable
2025-12-29 09:21:39,430 [INFO] Rule:233 - rule 117617 - U5Cobra4M][GTZC] default value MPCBB3 and MPCBB5 - Privileged memory - MPCBB2 is applicable
2025-12-29 09:21:39,431 [INFO] Rule:233 - rule 117617 - U5Cobra4M][GTZC] default value MPCBB3 and MPCBB5 - Privileged memory - MPCBB3 is applicable
2025-12-29 09:21:39,431 [INFO] Rule:233 - rule 117617 - U5Cobra4M][GTZC] default value MPCBB3 and MPCBB5 - Privileged memory - MPCBB4 is applicable
2025-12-29 09:21:39,431 [INFO] Rule:233 - rule 117617 - U5Cobra4M][GTZC] default value MPCBB3 and MPCBB5 - Not Privileged memory - MPCBB1 is applicable
2025-12-29 09:21:39,431 [INFO] Rule:233 - rule 117617 - U5Cobra4M][GTZC] default value MPCBB3 and MPCBB5 - Not Privileged memory - MPCBB2 is applicable
2025-12-29 09:21:39,431 [INFO] Rule:233 - rule 117617 - U5Cobra4M][GTZC] default value MPCBB3 and MPCBB5 - Not Privileged memory - MPCBB3 is applicable
2025-12-29 09:21:39,431 [INFO] Rule:233 - rule 117617 - U5Cobra4M][GTZC] default value MPCBB3 and MPCBB5 - Not Privileged memory - MPCBB4 is applicable
2025-12-29 09:21:39,431 [INFO] Rule:233 - rule 117617 - U5Cobra4M][GTZC] default value MPCBB3 and MPCBB5 - Privileged memory - MPCBB1 is applicable
2025-12-29 09:21:39,431 [INFO] Rule:233 - rule 117617 - U5Cobra4M][GTZC] default value MPCBB3 and MPCBB5 - Privileged memory - MPCBB2 is applicable
2025-12-29 09:21:39,431 [INFO] Rule:233 - rule 117617 - U5Cobra4M][GTZC] default value MPCBB3 and MPCBB5 - Privileged memory - MPCBB3 is applicable
2025-12-29 09:21:39,431 [INFO] Rule:233 - rule 117617 - U5Cobra4M][GTZC] default value MPCBB3 and MPCBB5 - Privileged memory - MPCBB4 is applicable
2025-12-29 09:21:39,431 [INFO] Rule:233 - rule 117617 - U5Cobra4M][GTZC] default value MPCBB3 and MPCBB5 - Privileged memory - MPCBB1 is applicable
2025-12-29 09:21:39,432 [INFO] Rule:233 - rule 117617 - U5Cobra4M][GTZC] default value MPCBB3 and MPCBB5 - Privileged memory - MPCBB2 is applicable
2025-12-29 09:21:39,432 [INFO] Rule:233 - rule 117617 - U5Cobra4M][GTZC] default value MPCBB3 and MPCBB5 - Privileged memory - MPCBB3 is applicable
2025-12-29 09:21:39,432 [INFO] Rule:233 - rule 117617 - U5Cobra4M][GTZC] default value MPCBB3 and MPCBB5 - Privileged memory - MPCBB4 is applicable
2025-12-29 09:21:39,432 [INFO] Rule:233 - rule 117617 - U5Cobra4M][GTZC] default value MPCBB3 and MPCBB5 - Not Privileged memory - MPCBB1 is applicable
2025-12-29 09:21:39,432 [INFO] Rule:233 - rule 117617 - U5Cobra4M][GTZC] default value MPCBB3 and MPCBB5 - Not Privileged memory - MPCBB2 is applicable
2025-12-29 09:21:39,432 [INFO] Rule:233 - rule 117617 - U5Cobra4M][GTZC] default value MPCBB3 and MPCBB5 - Not Privileged memory - MPCBB3 is applicable
2025-12-29 09:21:39,432 [INFO] Rule:233 - rule 117617 - U5Cobra4M][GTZC] default value MPCBB3 and MPCBB5 - Not Privileged memory - MPCBB4 is applicable
2025-12-29 09:21:39,432 [INFO] Rule:233 - rule 117617 - U5Cobra4M][GTZC] default value MPCBB3 and MPCBB5 - Privileged memory - MPCBB1 is applicable
2025-12-29 09:21:39,432 [INFO] Rule:233 - rule 117617 - U5Cobra4M][GTZC] default value MPCBB3 and MPCBB5 - Privileged memory - MPCBB2 is applicable
2025-12-29 09:21:39,432 [INFO] Rule:233 - rule 117617 - U5Cobra4M][GTZC] default value MPCBB3 and MPCBB5 - Privileged memory - MPCBB3 is applicable
2025-12-29 09:21:39,432 [INFO] Rule:233 - rule 117617 - U5Cobra4M][GTZC] default value MPCBB3 and MPCBB5 - Privileged memory - MPCBB4 is applicable
2025-12-29 09:21:39,432 [INFO] Rule:233 - rule Rename SubGHz_Phy SUBGHZ_APPLICATION SUBGHZ_PINGPONG to SUBGHZ_ADV_APPLICATION is applicable
2025-12-29 09:21:39,432 [INFO] Rule:233 - rule Rename Enabled to IBEACON is applicable
2025-12-29 09:21:39,432 [INFO] Rule:233 - rule GTZC_S instance for project manager is applicable
2025-12-29 09:21:39,432 [INFO] Rule:233 - rule GTZC_S instance for context M33S is applicable
2025-12-29 09:21:39,432 [INFO] Rule:233 - rule GTZC_S instance value for IP GTZC is applicable
2025-12-29 09:21:39,432 [INFO] Rule:233 - rule GTZC_S instance for mcu.IP is applicable
2025-12-29 09:21:39,432 [INFO] Rule:233 - rule GTZC_S instance for VP is applicable
2025-12-29 09:21:39,432 [INFO] Rule:233 - rule GTZC_S instance for signal is applicable
2025-12-29 09:21:39,433 [INFO] Rule:233 - rule GTZC_S instance for mcu.Pin is applicable
2025-12-29 09:21:39,433 [INFO] Rule:233 - rule GTZC_S instance for VP is applicable
2025-12-29 09:21:39,433 [INFO] Rule:233 - rule GTZC_S instance for signal is applicable
2025-12-29 09:21:39,433 [INFO] Rule:233 - rule GTZC_S instance for mcu is applicable
2025-12-29 09:21:39,433 [INFO] Rule:233 - rule GTZC_S instance for mcu.Pin is applicable
2025-12-29 09:21:39,433 [INFO] Rule:233 - rule GTZC_S instance value for IP GTZC is applicable
2025-12-29 09:21:39,433 [INFO] Rule:233 - rule GTZC_S instance for project manager is applicable
2025-12-29 09:21:39,433 [INFO] Rule:233 - rule GTZC_S instance for context M33S is applicable
2025-12-29 09:21:39,433 [INFO] Rule:233 - rule GTZC_S instance for VP is applicable
2025-12-29 09:21:39,433 [INFO] Rule:233 - rule GTZC_S instance for signal is applicable
2025-12-29 09:21:39,433 [INFO] Rule:233 - rule SPDIFRX instance for mcu is applicable
2025-12-29 09:21:39,433 [INFO] Rule:233 - rule Rename Tracer Mode is applicable
2025-12-29 09:21:39,433 [INFO] Rule:233 - rule SPDIFRX instance value for IP SPDIFRX is applicable
2025-12-29 09:21:39,434 [INFO] Rule:233 - rule SPDIFRX instance for signal is applicable
2025-12-29 09:21:39,434 [INFO] Rule:233 - rule SPDIFRX instance for project manager is applicable
2025-12-29 09:21:39,434 [INFO] Rule:233 - rule SPDIFRX instance for project manager is applicable
2025-12-29 09:21:39,434 [INFO] Rule:233 - rule ADC Scan  fix with FW F7 is applicable
2025-12-29 09:21:39,434 [INFO] Rule:233 - rule ADC Scan  fix with FW F7 is applicable
2025-12-29 09:21:39,434 [INFO] Rule:233 - rule WakeUp0 Mode is applicable
2025-12-29 09:21:39,434 [INFO] Rule:233 - rule WakeUp0 SIGNAL is applicable
2025-12-29 09:21:39,434 [INFO] Rule:233 - rule WakeUp1 Mode is applicable
2025-12-29 09:21:39,434 [INFO] Rule:233 - rule WakeUp1 SIGNAL is applicable
2025-12-29 09:21:39,435 [INFO] Rule:233 - rule WakeUp2 Mode is applicable
2025-12-29 09:21:39,435 [INFO] Rule:233 - rule WakeUp2 SIGNAL is applicable
2025-12-29 09:21:39,435 [INFO] Rule:233 - rule WakeUp4 Mode is applicable
2025-12-29 09:21:39,435 [INFO] Rule:233 - rule WakeUp4 SIGNAL is applicable
2025-12-29 09:21:39,435 [INFO] Rule:233 - rule WakeUp5 Mode is applicable
2025-12-29 09:21:39,435 [INFO] Rule:233 - rule WakeUp5 SIGNAL is applicable
2025-12-29 09:21:39,435 [INFO] Rule:233 - rule UART/USART WORD LENGTH 7 is applicable
2025-12-29 09:21:39,435 [INFO] Rule:233 - rule UART/USART WORD LENGTH 8 is applicable
2025-12-29 09:21:39,435 [INFO] Rule:233 - rule UART/USART WORD LENGTH 9 is applicable
2025-12-29 09:21:39,435 [INFO] Rule:233 - rule Change Default Value for LSE Drive Capability for WB family is applicable
2025-12-29 09:21:39,435 [INFO] Rule:233 - rule Change Default Value for ADC Clock Prescaler G0 family is applicable
2025-12-29 09:21:39,435 [INFO] Rule:233 - rule ADC SamplingTime fix with FW L0  is applicable
2025-12-29 09:21:39,435 [INFO] Rule:233 - rule ADC SamplingTime fix with FW L0  is applicable
2025-12-29 09:21:39,435 [INFO] Rule:233 - rule ADC SamplingTime fix with FW L0 is applicable
2025-12-29 09:21:39,435 [INFO] Rule:233 - rule ADC SamplingTime fix with FW L0 is applicable
2025-12-29 09:21:39,435 [INFO] Rule:233 - rule ADC SamplingTime fix with FW L0  is applicable
2025-12-29 09:21:39,435 [INFO] Rule:233 - rule ADC SamplingTime fix with FW L0 is applicable
2025-12-29 09:21:39,436 [INFO] Rule:233 - rule Rename USB_OE Signal is applicable
2025-12-29 09:21:39,436 [INFO] Rule:233 - rule Rename Activate_OE Mode is applicable
2025-12-29 09:21:39,436 [INFO] Rule:233 - rule Rename DIE462/DIE415 pin PC14/OSC32_IN -> PC14-OSC32_IN (PC14) is applicable
2025-12-29 09:21:39,436 [INFO] Rule:233 - rule Rename DIE462/DIE415 pin PC15/OSC32_OUT -> PC15-OSC32_OUT (PC15) is applicable
2025-12-29 09:21:39,436 [INFO] Rule:233 - rule Rename DIE462/DIE415 pin PH0/OSC_IN -> PH0-OSC_IN (PH0) is applicable
2025-12-29 09:21:39,436 [INFO] Rule:233 - rule Rename DIE462/DIE415 pin PH1/OSC_OUT -> PH1-OSC_OUT (PH1) is applicable
2025-12-29 09:21:39,436 [INFO] Rule:233 - rule Rename DIE462 pin PA13 -> PA13 (JTMS/SWDIO) is applicable
2025-12-29 09:21:39,436 [INFO] Rule:233 - rule Rename DIE415 pin PA13 -> PA13 (JTMS/SWDIO) is applicable
2025-12-29 09:21:39,436 [INFO] Rule:233 - rule Rename DIE462 pin PA14 -> PA14 (JTCK/SWCLK) is applicable
2025-12-29 09:21:39,436 [INFO] Rule:233 - rule Rename DIE415 pin PA14 -> PA14 (JTCK/SWCLK) is applicable
2025-12-29 09:21:39,436 [INFO] Rule:233 - rule Rename DIE462/DIE415 pin PA15 -> PA15 (JTDI) is applicable
2025-12-29 09:21:39,436 [INFO] Rule:233 - rule Rename DIE462 pin PB3 -> PB3 (JTD0/TRACESWO) is applicable
2025-12-29 09:21:39,436 [INFO] Rule:233 - rule Rename DIE415 pin PB3 -> PB3 (JTD0-TRACESWO) is applicable
2025-12-29 09:21:39,436 [INFO] Rule:233 - rule Rename DIE462/DIE415 pin PB4 -> PB4 (NJTRST) is applicable
2025-12-29 09:21:39,436 [INFO] Rule:233 - rule Rename DIE462 pin PH3/BOOT0 -> PH3-BOOT0 (BOOT0) is applicable
2025-12-29 09:21:39,436 [INFO] Rule:233 - rule Rename CRYP DataEncryptionTypesList to Algorithm is applicable
2025-12-29 09:21:39,436 [INFO] Rule:233 - rule Rename AES DataEncryptionTypesList to Algorithm is applicable
2025-12-29 09:21:39,437 [INFO] Rule:233 - rule Rename TDESECB to CRYP_TDES_ECB is applicable
2025-12-29 09:21:39,437 [INFO] Rule:233 - rule Rename TDESCBC to CRYP_TDES_CBC is applicable
2025-12-29 09:21:39,437 [INFO] Rule:233 - rule Rename DESECB to CRYP_DES_ECB is applicable
2025-12-29 09:21:39,437 [INFO] Rule:233 - rule Rename DESCBC to CRYP_DES_CBC is applicable
2025-12-29 09:21:39,437 [INFO] Rule:233 - rule Rename AESECB to CRYP_AES_ECB is applicable
2025-12-29 09:21:39,437 [INFO] Rule:233 - rule Rename AESCBC to CRYP_AES_CBC is applicable
2025-12-29 09:21:39,437 [INFO] Rule:233 - rule Rename AESCTR to CRYP_AES_CTR is applicable
2025-12-29 09:21:39,437 [INFO] Rule:233 - rule Rename AESGCM to CRYP_AES_GCM is applicable
2025-12-29 09:21:39,437 [INFO] Rule:233 - rule Rename AESCCM to CRYP_AES_CCM is applicable
2025-12-29 09:21:39,437 [INFO] Rule:233 - rule Rename CAN TimeSeg1 to BS1 is applicable
2025-12-29 09:21:39,437 [INFO] Rule:233 - rule Rename CAN TimeSeg2 to BS2 is applicable
2025-12-29 09:21:39,437 [INFO] Rule:233 - rule Rename CAN SyncJumpWidth to SJW is applicable
2025-12-29 09:21:39,437 [INFO] Rule:233 - rule TimeTriggeredMode to TTCM is applicable
2025-12-29 09:21:39,437 [INFO] Rule:233 - rule Rename CAN AutoBusOff to ABOM is applicable
2025-12-29 09:21:39,437 [INFO] Rule:233 - rule Rename CAN AutoWakeUp to AWUM is applicable
2025-12-29 09:21:39,437 [INFO] Rule:233 - rule Rename CAN AutoRetransmission to NART is applicable
2025-12-29 09:21:39,437 [INFO] Rule:233 - rule Rename CAN ReceiveFifoLocked to RFLM is applicable
2025-12-29 09:21:39,438 [INFO] Rule:233 - rule Rename CAN TransmitFifoPriority to TXFP is applicable
2025-12-29 09:21:39,438 [INFO] Rule:233 - rule Rename HRTIMER HRTIM_OUTPUTFAULTLEVEL_HIGH in HRTIMER HRTIM_OUTPUTFAULTLEVEL_HIGHZ is applicable
2025-12-29 09:21:39,438 [INFO] Rule:233 - rule Rename TIMER TIM_CLEARINPUTSOURCE_OCREFCLR in  TIMER TIM_CLEARINPUTSOURCE_NONE for F7 family is applicable
2025-12-29 09:21:39,438 [INFO] Rule:233 - rule FDCAN_R1 - Rename FDCAN mode Master into Classic is applicable
2025-12-29 09:21:39,438 [INFO] Rule:233 - rule FDCAN_R2 - Rename FDCAN mode Slave into Classic is applicable
2025-12-29 09:21:39,438 [INFO] Rule:233 - rule FDCAN1_R3 - if PA10.Mode=FullDuplex, add Pin PA12 is applicable
2025-12-29 09:21:39,438 [INFO] Rule:233 - rule FDCAN1_R3 - if PA9.Mode=FullDuplex, add Pin PA11 is applicable
2025-12-29 09:21:39,438 [INFO] Rule:233 - rule FDCAN1_R3 - Alternatepin_1 - if PE1.Mode=FullDuplex, add Pin PB9 is applicable
2025-12-29 09:21:39,438 [INFO] Rule:233 - rule FDCAN1_R3 - Alternatepin_1 - if PE0.Mode=FullDuplex, add Pin PB8 is applicable
2025-12-29 09:21:39,438 [INFO] Rule:233 - rule FDCAN1_R3 - Alternatepin_2 - if PD5.Mode=FullDuplex, add Pin PD1 is applicable
2025-12-29 09:21:39,438 [INFO] Rule:233 - rule FDCAN1_R3 - Alternatepin_2 - if PD4.Mode=FullDuplex, add Pin PD0 is applicable
2025-12-29 09:21:39,438 [INFO] Rule:233 - rule FDCAN1_R4 - Rename Mode FullDuplex into Enable FDCAN_TXFD for pin PA10 is applicable
2025-12-29 09:21:39,438 [INFO] Rule:233 - rule FDCAN1_R4 - Rename Mode FullDuplex into Enable FDCAN_TXFD for pin PA9 is applicable
2025-12-29 09:21:39,438 [INFO] Rule:233 - rule FDCAN1_R4 - Alternatepin_1 - Rename Mode FullDuplex into Enable FDCAN_TXFD for pin PE1 is applicable
2025-12-29 09:21:39,438 [INFO] Rule:233 - rule FDCAN1_R4 - Alternatepin_1 - Rename Mode FullDuplex into Enable FDCAN_TXFD for pin PE0 is applicable
2025-12-29 09:21:39,439 [INFO] Rule:233 - rule FDCAN1_R4 - Alternatepin_2 - Rename Mode FullDuplex into Enable FDCAN_TXFD for pin PD5 is applicable
2025-12-29 09:21:39,439 [INFO] Rule:233 - rule FDCAN1_R4 - Alternatepin_2 - Rename Mode FullDuplex into Enable FDCAN_TXFD for pin PD4 is applicable
2025-12-29 09:21:39,439 [INFO] Rule:233 - rule FDCAN2_R3 - if PD10.Mode=FullDuplex, add Pin PB13 is applicable
2025-12-29 09:21:39,439 [INFO] Rule:233 - rule FDCAN2_R3 - if PD9.Mode=FullDuplex, add Pin PB12 is applicable
2025-12-29 09:21:39,439 [INFO] Rule:233 - rule FDCAN2_R3 - Alternatepin_1 - if PB7.Mode=FullDuplex, add Pin PB6 is applicable
2025-12-29 09:21:39,439 [INFO] Rule:233 - rule FDCAN2_R3 - Alternatepin_1 - if PD9.Mode=FullDuplex, add Pin PB12 is applicable
2025-12-29 09:21:39,439 [INFO] Rule:233 - rule FDCAN2_R4 - Rename Mode FullDuplex into Enable FDCAN_TXFD for pin PD10 is applicable
2025-12-29 09:21:39,439 [INFO] Rule:233 - rule FDCAN2_R4 - Rename Mode FullDuplex into Enable FDCAN_TXFD for pin PD9 is applicable
2025-12-29 09:21:39,439 [INFO] Rule:233 - rule FDCAN2_R4 - Alternatepin_1 - Rename Mode FullDuplex into Enable FDCAN_TXFD for pin PB7 is applicable
2025-12-29 09:21:39,439 [INFO] Rule:233 - rule FDCAN2_R4 - Alternatepin_1 - Rename Mode FullDuplex into Enable FDCAN_TXFD for pin PD6 is applicable
2025-12-29 09:21:39,439 [INFO] Rule:233 - rule USART TxPinLevelInvertParam Mode is applicable
2025-12-29 09:21:39,439 [INFO] Rule:233 - rule USART RxPinLevelInvertParam Mode is applicable
2025-12-29 09:21:39,439 [INFO] Rule:233 - rule USART DataInvertParam Mode is applicable
2025-12-29 09:21:39,439 [INFO] Rule:233 - rule USART SwapParam Mode is applicable
2025-12-29 09:21:39,439 [INFO] Rule:233 - rule USART OverrunDisableParam Mode is applicable
2025-12-29 09:21:39,439 [INFO] Rule:233 - rule USART DMADisableonRxErrorParam Mode is applicable
2025-12-29 09:21:39,439 [INFO] Rule:233 - rule USART MSBFirstParam Mode is applicable
2025-12-29 09:21:39,439 [INFO] Rule:233 - rule Update MwName for USB_DEVICE is applicable
2025-12-29 09:21:39,439 [INFO] Rule:233 - rule Change PWR_Regulator_Voltage_Scale Default Value for RCC  H7 family is applicable
2025-12-29 09:21:39,439 [INFO] Rule:233 - rule UART/USART IPParameter rename Prescaler parameter to ClockPrescaler is applicable
2025-12-29 09:21:39,439 [INFO] Rule:233 - rule UART/USART Prescaler rename Prescaler parameter to ClockPrescaler is applicable
2025-12-29 09:21:39,440 [INFO] Rule:233 - rule TIM1CLockSelection is applicable
2025-12-29 09:21:39,440 [INFO] Rule:233 - rule TIM15CLockSelection is applicable
2025-12-29 09:21:39,440 [INFO] Rule:233 - rule align RCC SDMMC3CLockSelection default value on MP1 is applicable
2025-12-29 09:21:39,440 [INFO] Rule:233 - rule align RCC SDMMC12CLockSelection default value on MP1 is applicable
2025-12-29 09:21:39,440 [INFO] Rule:233 - rule align RCC QSPICLockSelection default value on MP1 is applicable
2025-12-29 09:21:39,440 [INFO] Rule:233 - rule align RCC QSPICLockSelection default value on MP1 is applicable
2025-12-29 09:21:39,440 [INFO] Rule:233 - rule align RCC SPI6CLockSelection default value on MP1 is applicable
2025-12-29 09:21:39,440 [INFO] Rule:233 - rule align RCC LPTIM23CLockSelection default value on MP1 is applicable
2025-12-29 09:21:39,440 [INFO] Rule:233 - rule align RCC LPTIM1CLockSelection default value on MP1 is applicable
2025-12-29 09:21:39,440 [INFO] Rule:233 - rule align RCC USART1CLockSelection default value on MP1 is applicable
2025-12-29 09:21:39,440 [INFO] Rule:233 - rule align RCC USART24CLockSelection default value on MP1 is applicable
2025-12-29 09:21:39,441 [INFO] Rule:233 - rule align RCC USART6CLockSelection default value on MP1 is applicable
2025-12-29 09:21:39,441 [INFO] Rule:233 - rule align RCC UART78CLockSelection default value on MP1 is applicable
2025-12-29 09:21:39,441 [INFO] Rule:233 - rule align RCC USART35CLockSelection default value on MP1 is applicable
2025-12-29 09:21:39,441 [INFO] Rule:233 - rule align RCC SPI45CLockSelection default value on MP1 is applicable
2025-12-29 09:21:39,441 [INFO] Rule:233 - rule align RCC I2C46CLockSelection BCLK value on MP1 is applicable
2025-12-29 09:21:39,441 [INFO] Rule:233 - rule align RCC SPI45CLockSelection default value on MP1 is applicable
2025-12-29 09:21:39,441 [INFO] Rule:233 - rule align RCC I2C12CLockSelection default value on MP1 is applicable
2025-12-29 09:21:39,441 [INFO] Rule:233 - rule align RCC I2C35CLockSelection default value on MP1 is applicable
2025-12-29 09:21:39,441 [INFO] Rule:233 - rule align RCC LPTIM45CLockSelection default value on MP1 is applicable
2025-12-29 09:21:39,442 [INFO] Rule:233 - rule Rename DCMI PIXCK signal is applicable
2025-12-29 09:21:39,442 [INFO] Rule:233 - rule Change Default Value for I2C46CLockSelection MP1 family is applicable
2025-12-29 09:21:39,442 [INFO] Rule:233 - rule Change Default Value for UART for G4, G0 and WB families is applicable
2025-12-29 09:21:39,442 [INFO] Rule:233 - rule Change Default Value for USART for G4, G0 and WB families is applicable
2025-12-29 09:21:39,442 [INFO] Rule:233 - rule Change Default Value for USART for G4 family is applicable
2025-12-29 09:21:39,442 [INFO] Rule:233 - rule Change USART1CLockSelection refparam name for MP1 is applicable
2025-12-29 09:21:39,442 [INFO] Rule:233 - rule Change USART2CLockSelection refparam name for MP1 is applicable
2025-12-29 09:21:39,442 [INFO] Rule:233 - rule Change USART3CLockSelection refparam name for MP1 is applicable
2025-12-29 09:21:39,442 [INFO] Rule:233 - rule Change UART4CLockSelection refparam name for MP1 is applicable
2025-12-29 09:21:39,442 [INFO] Rule:233 - rule Change UART5CLockSelection refparam name for MP1 is applicable
2025-12-29 09:21:39,442 [INFO] Rule:233 - rule Change LPUART1CLockSelection refparam name for MP1 is applicable
2025-12-29 09:21:39,442 [INFO] Rule:233 - rule Change LPTIM1CLockSelection refparam name for MP1 is applicable
2025-12-29 09:21:39,442 [INFO] Rule:233 - rule Change LPTIM2CLockSelection refparam name for MP1 is applicable
2025-12-29 09:21:39,442 [INFO] Rule:233 - rule Change RCC_MCO1Source refparam name for MP1 is applicable
2025-12-29 09:21:39,442 [INFO] Rule:233 - rule Change LSCOSource1 refparam name for MP1 is applicable
2025-12-29 09:21:39,443 [INFO] Rule:233 - rule Change SMPSCLockSelection refparam name for MP1 is applicable
2025-12-29 09:21:39,443 [INFO] Rule:233 - rule Change LPTIM3CLockSelection refparam name for MP1 is applicable
2025-12-29 09:21:39,443 [INFO] Rule:233 - rule Change MPCBB* Default Template Mode to Parameters is applicable
2025-12-29 09:21:39,443 [INFO] Rule:233 - rule Change MPCWM* or MPCBB* Secure Mode to Parameters is applicable
2025-12-29 09:21:39,443 [INFO] Rule:233 - rule Change MPCWM* or MPCBB* No Secure Mode to Parameters is applicable
2025-12-29 09:21:39,443 [INFO] Rule:233 - rule Change TZSC IP Secure Mode to Parameters is applicable
2025-12-29 09:21:39,443 [INFO] Rule:233 - rule Change TZSC IP No Secure Mode to Parameters is applicable
2025-12-29 09:21:39,443 [INFO] Rule:233 - rule Change TZSC IP Privilege Mode to Parameters is applicable
2025-12-29 09:21:39,443 [INFO] Rule:233 - rule Change TZSC IP No Privilege Mode to Parameters is applicable
2025-12-29 09:21:39,443 [INFO] Rule:233 - rule Change TZIC IT Secure Mode to Parameters is applicable
2025-12-29 09:21:39,443 [INFO] Rule:233 - rule Change TZIC IT No Secure Mode to Parameters is applicable
2025-12-29 09:21:39,443 [INFO] Rule:233 - rule Add MPCBB1_NonSecureArea_Start_Address value with referenced to MPCBB1_NonSecureArea_Start value is applicable
2025-12-29 09:21:39,443 [INFO] Rule:233 - rule Add MPCBB2_NonSecureArea_Start_Address value with referenced to MPCBB2_NonSecureArea_Start value is applicable
2025-12-29 09:21:39,443 [INFO] Rule:233 - rule Add MPCWM1_NonSecureArea*_Start_Address value with referenced to MPCWM1_NonSecureArea*_Start value is applicable
2025-12-29 09:21:39,443 [INFO] Rule:233 - rule Add MPCWM2_NonSecureArea*_Start_Address value with referenced to MPCWM2_NonSecureArea*_Start value is applicable
2025-12-29 09:21:39,444 [INFO] Rule:233 - rule Add MPCWM3_NonSecureArea_Start_Address value with referenced to MPCWM3_NonSecureArea_Start value is applicable
2025-12-29 09:21:39,444 [INFO] Rule:233 - rule Change Default Value for PLL1UserDefinedConfig is applicable
2025-12-29 09:21:39,444 [INFO] Rule:233 - rule Change GPIO_PuPd Default Value for USART in async mode is applicable
2025-12-29 09:21:39,444 [INFO] Rule:233 - rule Change SMPSDivider Default Value is applicable
2025-12-29 09:21:39,444 [INFO] Rule:233 - rule OPAMP is applicable
2025-12-29 09:21:39,444 [INFO] Rule:233 - rule LPUART IPParameter rename Prescaler parameter to ClockPrescaler for STM32H7 is applicable
2025-12-29 09:21:39,444 [INFO] Rule:233 - rule LPUART IPParameter rename Prescaler parameter to ClockPrescaler for STM32H7 is applicable
2025-12-29 09:21:39,444 [INFO] Rule:233 - rule LPUART IPParameter rename Prescaler parameter to ClockPrescaler for STM32WB is applicable
2025-12-29 09:21:39,444 [INFO] Rule:233 - rule LPUART IPParameter rename Prescaler parameter to ClockPrescaler for STM32WB is applicable
2025-12-29 09:21:39,444 [INFO] Rule:233 - rule LPUART IPParameter rename Prescaler parameter to ClockPrescaler for STM32G4 is applicable
2025-12-29 09:21:39,444 [INFO] Rule:233 - rule LPUART IPParameter rename Prescaler parameter to ClockPrescaler for STM32G4 is applicable
2025-12-29 09:21:39,444 [INFO] Rule:233 - rule LPUART IPParameter rename Prescaler parameter to ClockPrescaler for STM32L5 is applicable
2025-12-29 09:21:39,444 [INFO] Rule:233 - rule LPUART IPParameter rename Prescaler parameter to ClockPrescaler for STM32L5 is applicable
2025-12-29 09:21:39,444 [INFO] Rule:233 - rule LPUART IPParameter rename Prescaler parameter to ClockPrescaler for STM32G4 is applicable
2025-12-29 09:21:39,444 [INFO] Rule:233 - rule LPUART IPParameter rename Prescaler parameter to ClockPrescaler for STM32G4 is applicable
2025-12-29 09:21:39,444 [INFO] Rule:233 - rule USB device lib V2.5.3 for L0 rename USBD_SUPPORT_USER_STRING parameter to USBD_SUPPORT_USER_STRING_DESC4 is applicable
2025-12-29 09:21:39,444 [INFO] Rule:233 - rule I2SCLockSelection clock entry align is applicable
2025-12-29 09:21:39,444 [INFO] Rule:233 - rule Assign TIMx context if used as SYS timebase is applicable
2025-12-29 09:21:39,444 [INFO] Rule:233 - rule Change GPIO_Pu Default Value for I2C is applicable
2025-12-29 09:21:39,444 [INFO] Rule:233 - rule Change GPIO_Pu Default Value for SMBus is applicable
2025-12-29 09:21:39,444 [INFO] Rule:233 - rule change FDCAN default value is applicable
2025-12-29 09:21:39,444 [INFO] Rule:233 - rule Change mode sai is applicable
2025-12-29 09:21:39,444 [INFO] Rule:233 - rule **Change sai mode is applicable
2025-12-29 09:21:39,444 [INFO] Rule:233 - rule Rename STM32WPAN CFG_BLE_IRK to CFG_BLE_IR is applicable
2025-12-29 09:21:39,445 [INFO] Rule:233 - rule Rename STM32WPAN CFG_BLE_ERK to CFG_BLE_ER is applicable
2025-12-29 09:21:39,445 [INFO] Rule:233 - rule Rename STM32WPAN CFG_BLE_IRK_HEX to CFG_BLE_IR_HEX is applicable
2025-12-29 09:21:39,445 [INFO] Rule:233 - rule Rename STM32WPAN CFG_BLE_ERK_HEX to CFG_BLE_ER_HEX is applicable
2025-12-29 09:21:39,445 [INFO] Rule:233 - rule Adapt Old IOC before rework replace old CORTEX_M33/CORTEX_M55 attributes by the new one. is applicable
2025-12-29 09:21:39,445 [INFO] Rule:233 - rule Rename parametre of RCC RCC_APBDBG_DIV2 to RCC_TIMPRES_DIV2 is applicable
2025-12-29 09:21:39,445 [INFO] Rule:233 - rule Rename DIE493 pin PA10 [PA12] -> PA10 is applicable
2025-12-29 09:21:39,445 [INFO] Rule:233 - rule Rename DIE493 pin PA9 [PA11] -> PA9 is applicable
2025-12-29 09:21:39,445 [INFO] Rule:233 - rule Rename DIE492 PartNumber CPN STM32WBA5MJGHx -> STM32WBA5MMGHx is applicable
2025-12-29 09:21:39,445 [INFO] Rule:233 - rule Rename DIE492 PartNumber  Name STM32WBA5MJGHx -> STM32WBA5MMGHx is applicable
2025-12-29 09:21:39,445 [INFO] Rule:233 - rule Rename DIE492 PartNumber UserName STM32WBA5MJGHx -> STM32WBA5MMGHx is applicable
2025-12-29 09:21:39,445 [INFO] Rule:233 - rule Rename DIE492 PartNumber DeviceId STM32WBA5MJGHx -> STM32WBA5MMGHx is applicable
2025-12-29 09:21:39,445 [INFO] Rule:233 - rule Adapt Old IOC CSI. is applicable
2025-12-29 09:21:39,445 [INFO] Rule:233 - rule Adapt Old IOC DCMIPP. is applicable
2025-12-29 09:21:39,445 [INFO] Rule:233 - rule Adapt Old IOC DCMIPP Mode Parallel. is applicable
2025-12-29 09:21:39,445 [INFO] Rule:233 - rule Adapt Old IOC LTDC. is applicable
2025-12-29 09:21:39,445 [INFO] Rule:233 - rule Rename STM32MP2 RIF Peripheral LTDC RIF.RISUP.LTDC_L0L1.Privilege -> RIF.RISUP.LTDC_L1L2.Privilege is applicable
2025-12-29 09:21:39,445 [INFO] Rule:233 - rule Rename STM32MP2 RIF Peripheral LTDC RIF.RISUP.LTDC_L0L1.Privilege -> RIF.RISUP.LTDC_L1L2.Privilege is applicable
2025-12-29 09:21:39,445 [INFO] Rule:233 - rule Rename STM32MP2 RIF Peripheral LTDC RIF.RISUP.LTDC_L0L1.Lock -> RIF.RISUP.LTDC_L1L2.Lock is applicable
2025-12-29 09:21:39,445 [INFO] Rule:233 - rule Rename STM32MP2 RIF Peripheral LTDC RIF.RISUP.LTDC_L2.Lock -> RIF.RISUP.LTDC_L3.Lock is applicable
2025-12-29 09:21:39,445 [INFO] Rule:233 - rule Adapt the old IOC example for updating the SYS when it is misconfigured. is applicable
2025-12-29 09:21:39,445 [INFO] Rule:233 - rule Rename STM32C09 Mcu.Package LQFP64 -> LQFP48 is applicable
2025-12-29 09:21:39,445 [INFO] Rule:233 - rule Adapt the old IOC example for updating the SYS when it is misconfigured. is applicable
2025-12-29 09:21:39,445 [INFO] Rule:233 - rule Adapt the old IOC example for updating the SYS when it is misconfigured. is applicable
2025-12-29 09:21:39,477 [INFO] DbConfProperties:307 - Apply Compatibility (38/250 Rules)
2025-12-29 09:21:39,514 [INFO] ImportTextPane:234 - (OptionalMessage_ERROR) Unable to find key (Mcu.ThirdPartyNb) in loaded IOC file
2025-12-29 09:21:39,521 [INFO] ImportTextPane:234 - (OptionalMessage_ERROR) Pin34 (VP_RIF_VS_RIF1) cannot be retrieved for this MCU
2025-12-29 09:21:39,756 [INFO] RtosManager:558 - Registered RTOS mode: class=CMSIS, group=RTOS, mode=CMSIS_V1, owner=FREERTOS
2025-12-29 09:21:39,756 [INFO] RtosManager:558 - Registered RTOS mode: class=CMSIS, group=RTOS2, mode=CMSIS_V2, owner=FREERTOS
2025-12-29 09:21:39,756 [INFO] RtosManager:558 - Registered RTOS mode: class=RTOS, group=Core, mode=CMSIS_V1, owner=FREERTOS
2025-12-29 09:21:39,756 [INFO] RtosManager:558 - Registered RTOS mode: class=RTOS, group=Core, mode=CMSIS_V2, owner=FREERTOS
2025-12-29 09:21:39,757 [WARN] ModelIntegratedComponent:184 - Missing modes for component STMicroelectronics:FreeRTOS:0.0.1:STMicroelectronics:RTOS:FreeRTOS:Core:::10.2.0:
2025-12-29 09:21:39,779 [WARN] ModelIntegratedComponent:63 - No mode defined for component null
2025-12-29 09:21:39,779 [WARN] ModelIntegratedComponent:63 - No mode defined for component null
2025-12-29 09:21:39,779 [WARN] ModelIntegratedComponent:63 - No mode defined for component null
2025-12-29 09:21:39,779 [WARN] ModelIntegratedComponent:63 - No mode defined for component null
2025-12-29 09:21:39,779 [WARN] ModelIntegratedComponent:63 - No mode defined for component null
2025-12-29 09:21:39,779 [WARN] ModelIntegratedComponent:63 - No mode defined for component null
2025-12-29 09:21:39,779 [WARN] ModelIntegratedComponent:63 - No mode defined for component null
2025-12-29 09:21:39,779 [WARN] ModelIntegratedComponent:63 - No mode defined for component null
2025-12-29 09:21:39,780 [WARN] ModelIntegratedComponent:63 - No mode defined for component null
2025-12-29 09:21:39,780 [WARN] ModelIntegratedComponent:63 - No mode defined for component null
2025-12-29 09:21:39,780 [WARN] ModelIntegratedComponent:63 - No mode defined for component null
2025-12-29 09:21:39,780 [WARN] ModelIntegratedComponent:63 - No mode defined for component null
2025-12-29 09:21:39,780 [WARN] ModelIntegratedComponent:63 - No mode defined for component null
2025-12-29 09:21:39,780 [WARN] ModelIntegratedComponent:63 - No mode defined for component null
2025-12-29 09:21:39,780 [WARN] ModelIntegratedComponent:63 - No mode defined for component null
2025-12-29 09:21:39,780 [WARN] ModelIntegratedComponent:63 - No mode defined for component null
2025-12-29 09:21:39,780 [WARN] ModelIntegratedComponent:63 - No mode defined for component null
2025-12-29 09:21:39,780 [WARN] ModelIntegratedComponent:63 - No mode defined for component null
2025-12-29 09:21:39,780 [WARN] ModelIntegratedComponent:63 - No mode defined for component null
2025-12-29 09:21:39,780 [WARN] ModelIntegratedComponent:63 - No mode defined for component null
2025-12-29 09:21:39,780 [WARN] ModelIntegratedComponent:63 - No mode defined for component null
2025-12-29 09:21:39,780 [WARN] ModelIntegratedComponent:63 - No mode defined for component null
2025-12-29 09:21:39,780 [WARN] ModelIntegratedComponent:63 - No mode defined for component null
2025-12-29 09:21:39,780 [WARN] ModelIntegratedComponent:63 - No mode defined for component null
2025-12-29 09:21:39,780 [WARN] ModelIntegratedComponent:63 - No mode defined for component null
2025-12-29 09:21:39,780 [WARN] ModelIntegratedComponent:63 - No mode defined for component null
2025-12-29 09:21:39,780 [WARN] ModelIntegratedComponent:63 - No mode defined for component null
2025-12-29 09:21:39,780 [WARN] ModelIntegratedComponent:63 - No mode defined for component null
2025-12-29 09:21:39,781 [WARN] ModelIntegratedComponent:63 - No mode defined for component null
2025-12-29 09:21:39,781 [WARN] ModelIntegratedComponent:63 - No mode defined for component null
2025-12-29 09:21:39,781 [WARN] ModelIntegratedComponent:63 - No mode defined for component null
2025-12-29 09:21:39,781 [WARN] ModelIntegratedComponent:63 - No mode defined for component null
2025-12-29 09:21:39,781 [WARN] ModelIntegratedComponent:63 - No mode defined for component null
2025-12-29 09:21:39,781 [WARN] ModelIntegratedComponent:63 - No mode defined for component null
2025-12-29 09:21:39,781 [WARN] ModelIntegratedComponent:63 - No mode defined for component null
2025-12-29 09:21:39,781 [WARN] ModelPack:524 - Component already loaded: STMicroelectronics:HAL Drivers:0.0.0:STMicroelectronics:Device:STMicro_Driver:XSPI:HAL::0.0.1:HAL_XSPI
2025-12-29 09:21:39,824 [INFO] ThirdPartyModel:298 - Start build external matchings
2025-12-29 09:21:39,978 [INFO] ThirdPartyModel:316 - End build external matchings
2025-12-29 09:21:40,420 [INFO] UtilMem:75 - End LoadConfig() Used Memory: 880600424 Bytes (996147200)
2025-12-29 09:21:40,573 [WARN] ThirdParty:833 - waiting for thirdparty lock release [change project]
2025-12-29 09:21:40,574 [INFO] ThirdParty:835 - entering critical section [change project]
2025-12-29 09:21:40,574 [INFO] ThirdParty:1030 - CMSIS Pack Vendor :STMicroelectronics X-CUBE-PM33A1 1.0.0
2025-12-29 09:21:40,574 [INFO] ThirdParty:1030 - CMSIS Pack Vendor :STMicroelectronics USBPD 4.1
2025-12-29 09:21:40,574 [INFO] ThirdParty:1030 - CMSIS Pack Vendor :STMicroelectronics X-CUBE-NFC9 1.0.0
2025-12-29 09:21:40,574 [INFO] ThirdParty:1030 - CMSIS Pack Vendor :STMicroelectronics USB_HOST 2.0.0
2025-12-29 09:21:40,574 [INFO] ThirdParty:1030 - CMSIS Pack Vendor :STMicroelectronics FP-SNS-MOTENVWB1 1.4.0
2025-12-29 09:21:40,574 [INFO] ThirdParty:1030 - CMSIS Pack Vendor :STMicroelectronics X-CUBE-AZRTOS-F4 1.1.0
2025-12-29 09:21:40,574 [INFO] ThirdParty:1030 - CMSIS Pack Vendor :STMicroelectronics LIBJPEG 8.0.0
2025-12-29 09:21:40,574 [INFO] ThirdParty:1030 - CMSIS Pack Vendor :STMicroelectronics FP-ATR-ASTRA1 2.0.2
2025-12-29 09:21:40,574 [INFO] ThirdParty:1030 - CMSIS Pack Vendor :STMicroelectronics X-CUBE-BLE1 7.1.0
2025-12-29 09:21:40,575 [INFO] ThirdParty:1030 - CMSIS Pack Vendor :STMicroelectronics X-CUBE-SMBUS 2.1.0
2025-12-29 09:21:40,577 [INFO] ThirdParty:1030 - CMSIS Pack Vendor :STMicroelectronics USB_DEVICE 3.0.0
2025-12-29 09:21:40,577 [INFO] ThirdParty:1030 - CMSIS Pack Vendor :STMicroelectronics X-CUBE-ISPU 2.1.0
2025-12-29 09:21:40,577 [INFO] ThirdParty:1030 - CMSIS Pack Vendor :STMicroelectronics X-CUBE-AZRTOS-WB 2.0.0
2025-12-29 09:21:40,577 [INFO] ThirdParty:1030 - CMSIS Pack Vendor :STMicroelectronics X-CUBE-AZRTOS-F7 1.1.0
2025-12-29 09:21:40,577 [INFO] ThirdParty:1030 - CMSIS Pack Vendor :STMicroelectronics X-CUBE-AZRTOS-L5 2.0.0
2025-12-29 09:21:40,577 [INFO] ThirdParty:1030 - CMSIS Pack Vendor :STMicroelectronics USB_DEVICE 2.0.0
2025-12-29 09:21:40,577 [INFO] ThirdParty:1030 - CMSIS Pack Vendor :STMicroelectronics X-CUBE-NFC6 3.1.0
2025-12-29 09:21:40,578 [INFO] ThirdParty:1030 - CMSIS Pack Vendor :STMicroelectronics FreeRTOS 0.0.1
2025-12-29 09:21:40,578 [INFO] ThirdParty:1030 - CMSIS Pack Vendor :STMicroelectronics X-CUBE-AZRTOS-G0 1.1.0
2025-12-29 09:21:40,578 [INFO] ThirdParty:1030 - CMSIS Pack Vendor :STMicroelectronics X-CUBE-NFC4 3.0.0
2025-12-29 09:21:40,578 [INFO] ThirdParty:1030 - CMSIS Pack Vendor :STMicroelectronics X-CUBE-SUBG2 5.0.0
2025-12-29 09:21:40,578 [INFO] ThirdParty:1030 - CMSIS Pack Vendor :STMicroelectronics STM32_WPAN 1.0.0
2025-12-29 09:21:40,578 [INFO] ThirdParty:1030 - CMSIS Pack Vendor :STMicroelectronics lwIP 2.0.3
2025-12-29 09:21:40,578 [INFO] ThirdParty:1030 - CMSIS Pack Vendor :STMicroelectronics USB_HOST 1.0.0
2025-12-29 09:21:40,579 [INFO] ThirdParty:1030 - CMSIS Pack Vendor :STMicroelectronics X-CUBE-AZRTOS-G4 2.0.0
2025-12-29 09:21:40,579 [INFO] ThirdParty:1030 - CMSIS Pack Vendor :STMicroelectronics X-CUBE-WB05N 2.0.0
2025-12-29 09:21:40,579 [INFO] ThirdParty:1030 - CMSIS Pack Vendor :STMicroelectronics PDM2PCM 3.1.0
2025-12-29 09:21:40,579 [INFO] ThirdParty:1030 - CMSIS Pack Vendor :STMicroelectronics PDM2PCM 3.3.0
2025-12-29 09:21:40,579 [INFO] ThirdParty:1030 - CMSIS Pack Vendor :STMicroelectronics X-CUBE-DISPLAY 3.0.0
2025-12-29 09:21:40,579 [INFO] ThirdParty:1030 - CMSIS Pack Vendor :STMicroelectronics X-CUBE-NFC7 2.0.0
2025-12-29 09:21:40,579 [INFO] ThirdParty:1030 - CMSIS Pack Vendor :STMicroelectronics X-CUBE-TCPP 4.2.0
2025-12-29 09:21:40,579 [INFO] ThirdParty:1030 - CMSIS Pack Vendor :STMicroelectronics FP-ATR-SIGFOX1 3.2.0
2025-12-29 09:21:40,579 [INFO] ThirdParty:1030 - CMSIS Pack Vendor :STMicroelectronics X-CUBE-NFC10 1.0.0
2025-12-29 09:21:40,579 [INFO] ThirdParty:1030 - CMSIS Pack Vendor :STMicroelectronics HAL Drivers 0.0.0
2025-12-29 09:21:40,579 [INFO] ThirdParty:1030 - CMSIS Pack Vendor :STMicroelectronics MBEDTLS 2.16.2
2025-12-29 09:21:40,579 [INFO] ThirdParty:1030 - CMSIS Pack Vendor :STMicroelectronics X-CUBE-ALS 1.0.2
2025-12-29 09:21:40,579 [INFO] ThirdParty:1030 - CMSIS Pack Vendor :STMicroelectronics MBEDTLS 2.14.1
2025-12-29 09:21:40,579 [INFO] ThirdParty:1030 - CMSIS Pack Vendor :STMicroelectronics ThreadX 1.0.0
2025-12-29 09:21:40,579 [INFO] ThirdParty:1030 - CMSIS Pack Vendor :STMicroelectronics FP-SNS-SMARTAG2 1.2.0
2025-12-29 09:21:40,579 [INFO] ThirdParty:1030 - CMSIS Pack Vendor :STMicroelectronics FP-SNS-FLIGHT1 5.1.0
2025-12-29 09:21:40,579 [INFO] ThirdParty:1030 - CMSIS Pack Vendor :STMicroelectronics X-CUBE-AZRTOS-WL 2.0.0
2025-12-29 09:21:40,579 [INFO] ThirdParty:1030 - CMSIS Pack Vendor :STMicroelectronics X-CUBE-ALGOBUILD 1.4.0
2025-12-29 09:21:40,579 [INFO] ThirdParty:1030 - CMSIS Pack Vendor :STMicroelectronics X-CUBE-DPower 1.3.0
2025-12-29 09:21:40,579 [INFO] ThirdParty:1030 - CMSIS Pack Vendor :STMicroelectronics USB_DEVICE 1.0.0
2025-12-29 09:21:40,579 [INFO] ThirdParty:1030 - CMSIS Pack Vendor :STMicroelectronics X-CUBE-AZRTOS-L4 2.0.0
2025-12-29 09:21:40,579 [INFO] ThirdParty:1030 - CMSIS Pack Vendor :STMicroelectronics ThreadX 0.0.2
2025-12-29 09:21:40,579 [INFO] ThirdParty:1030 - CMSIS Pack Vendor :STMicroelectronics lwIP 2.1.2
2025-12-29 09:21:40,579 [INFO] ThirdParty:1030 - CMSIS Pack Vendor :STMicroelectronics X-CUBE-SFXS2LP1 4.0.0
2025-12-29 09:21:40,579 [INFO] ThirdParty:1030 - CMSIS Pack Vendor :STMicroelectronics X-CUBE-BLE2 3.3.0
2025-12-29 09:21:40,579 [INFO] ThirdParty:1030 - CMSIS Pack Vendor :STMicroelectronics X-CUBE-TOF1 3.4.3
2025-12-29 09:21:40,579 [INFO] ThirdParty:1030 - CMSIS Pack Vendor :STMicroelectronics PDM2PCM 3.2.0
2025-12-29 09:21:40,580 [INFO] ThirdParty:841 - exiting critical section [change project]
2025-12-29 09:21:41,216 [INFO] PinOutPanel:1589 - setPackage(No Configuration,No Configuration)
2025-12-29 09:21:41,219 [INFO] PinOutPanel:1589 - setPackage(STM32F407VGTx,LQFP100)
2025-12-29 09:21:41,751 [INFO] UtilMem:75 - Before build in PCC Used Memory: 882974032 Bytes (996147200)
2025-12-29 09:21:43,021 [INFO] UtilMem:75 - After build in PCC Used Memory: 705035592 Bytes (996147200)
2025-12-29 09:21:43,078 [INFO] IPUIPlugin:80 - create IPUIPlugin
2025-12-29 09:21:43,078 [INFO] IPUIPlugin:80 - create IPUIPlugin
2025-12-29 09:21:43,078 [INFO] IPUIPlugin:80 - create IPUIPlugin
2025-12-29 09:21:43,078 [INFO] IPUIPlugin:80 - create IPUIPlugin
2025-12-29 09:21:43,078 [INFO] IPUIPlugin:80 - create IPUIPlugin
2025-12-29 09:21:43,079 [INFO] IPUIPlugin:80 - create IPUIPlugin
2025-12-29 09:21:43,079 [INFO] IPUIPlugin:80 - create IPUIPlugin
2025-12-29 09:21:43,079 [INFO] IPUIPlugin:80 - create IPUIPlugin
2025-12-29 09:21:43,079 [INFO] IPUIPlugin:80 - create IPUIPlugin
2025-12-29 09:21:43,079 [INFO] IPUIPlugin:80 - create IPUIPlugin
2025-12-29 09:21:43,079 [INFO] IPUIPlugin:80 - create IPUIPlugin
2025-12-29 09:21:43,080 [INFO] IPUIPlugin:80 - create IPUIPlugin
2025-12-29 09:21:43,080 [INFO] IPUIPlugin:80 - create IPUIPlugin
2025-12-29 09:21:43,080 [INFO] IPUIPlugin:80 - create IPUIPlugin
2025-12-29 09:21:43,080 [INFO] IPUIPlugin:80 - create IPUIPlugin
2025-12-29 09:21:43,080 [INFO] IPUIPlugin:80 - create IPUIPlugin
2025-12-29 09:21:43,080 [INFO] IPUIPlugin:80 - create IPUIPlugin
2025-12-29 09:21:43,080 [INFO] IPUIPlugin:80 - create IPUIPlugin
2025-12-29 09:21:43,080 [INFO] IPUIPlugin:80 - create IPUIPlugin
2025-12-29 09:21:43,081 [INFO] IPUIPlugin:80 - create IPUIPlugin
2025-12-29 09:21:43,081 [INFO] IPUIPlugin:80 - create IPUIPlugin
2025-12-29 09:21:43,081 [INFO] IPUIPlugin:80 - create IPUIPlugin
2025-12-29 09:21:43,081 [INFO] IPUIPlugin:80 - create IPUIPlugin
2025-12-29 09:21:43,082 [INFO] IPUIPlugin:80 - create IPUIPlugin
2025-12-29 09:21:43,082 [INFO] IPUIPlugin:80 - create IPUIPlugin
2025-12-29 09:21:43,082 [INFO] IPUIPlugin:80 - create IPUIPlugin
2025-12-29 09:21:43,082 [INFO] IPUIPlugin:80 - create IPUIPlugin
2025-12-29 09:21:43,082 [INFO] IPUIPlugin:80 - create IPUIPlugin
2025-12-29 09:21:43,082 [INFO] IPUIPlugin:80 - create IPUIPlugin
2025-12-29 09:21:43,083 [INFO] IPUIPlugin:80 - create IPUIPlugin
2025-12-29 09:21:43,083 [INFO] IPUIPlugin:80 - create IPUIPlugin
2025-12-29 09:21:43,083 [INFO] IPUIPlugin:80 - create IPUIPlugin
2025-12-29 09:21:43,083 [INFO] IPUIPlugin:80 - create IPUIPlugin
2025-12-29 09:21:43,083 [INFO] IPUIPlugin:80 - create IPUIPlugin
2025-12-29 09:21:43,083 [INFO] IPUIPlugin:80 - create IPUIPlugin
2025-12-29 09:21:43,085 [INFO] IPUIPlugin:80 - create IPUIPlugin
2025-12-29 09:21:43,085 [INFO] IPUIPlugin:80 - create IPUIPlugin
2025-12-29 09:21:43,085 [INFO] IPUIPlugin:80 - create IPUIPlugin
2025-12-29 09:21:43,085 [INFO] IPUIPlugin:80 - create IPUIPlugin
2025-12-29 09:21:43,085 [INFO] IPUIPlugin:80 - create IPUIPlugin
2025-12-29 09:21:43,085 [INFO] IPUIPlugin:80 - create IPUIPlugin
2025-12-29 09:21:43,086 [INFO] IPUIPlugin:80 - create IPUIPlugin
2025-12-29 09:21:43,086 [INFO] IPUIPlugin:80 - create IPUIPlugin
2025-12-29 09:21:43,086 [INFO] IPUIPlugin:80 - create IPUIPlugin
2025-12-29 09:21:43,086 [INFO] IPUIPlugin:80 - create IPUIPlugin
2025-12-29 09:21:43,086 [INFO] IPUIPlugin:80 - create IPUIPlugin
2025-12-29 09:21:43,086 [INFO] IPUIPlugin:80 - create IPUIPlugin
2025-12-29 09:21:43,088 [INFO] IPUIPlugin:80 - create IPUIPlugin
2025-12-29 09:21:43,088 [INFO] IPUIPlugin:80 - create IPUIPlugin
2025-12-29 09:21:43,088 [INFO] IPUIPlugin:80 - create IPUIPlugin
2025-12-29 09:21:43,088 [INFO] IPUIPlugin:80 - create IPUIPlugin
2025-12-29 09:21:43,089 [INFO] IPUIPlugin:80 - create IPUIPlugin
2025-12-29 09:21:43,089 [INFO] IPUIPlugin:80 - create IPUIPlugin
2025-12-29 09:21:43,090 [INFO] IPUIPlugin:80 - create IPUIPlugin
2025-12-29 09:21:43,091 [INFO] IPUIPlugin:80 - create IPUIPlugin
2025-12-29 09:21:43,091 [INFO] IPUIPlugin:80 - create IPUIPlugin
2025-12-29 09:21:43,091 [INFO] IPUIPlugin:80 - create IPUIPlugin
2025-12-29 09:21:43,092 [INFO] IPUIPlugin:80 - create IPUIPlugin
2025-12-29 09:21:43,209 [INFO] ApiDbMcu:532 - Load IP Config File for PDM2PCM
2025-12-29 09:21:43,420 [INFO] CADModel:165 - CPN selected for project levelSTM32F407VGT6
2025-12-29 09:21:43,421 [INFO] CADModel:114 - Register for checkConnection events
2025-12-29 09:21:43,476 [INFO] OpenFileManager:386 - Restore cursor
2025-12-29 09:21:44,754 [INFO] UtilMem:75 - End SaveConfig() Used Memory: 749705928 Bytes (996147200)
2025-12-29 09:21:44,871 [INFO] UtilMem:75 - End SaveConfig() Used Memory: 769018056 Bytes (996147200)
2025-12-29 09:21:45,643 [INFO] BlockDiagram:2775 - set Specific Code input for plugin: SYS
2025-12-29 09:21:45,643 [INFO] BlockDiagram:2775 - set Specific Code input for plugin: RCC
2025-12-29 09:21:45,643 [INFO] BlockDiagram:2775 - set Specific Code input for plugin: NVIC
2025-12-29 09:21:45,644 [INFO] BlockDiagram:2775 - set Specific Code input for plugin: GPIO
2025-12-29 09:21:45,646 [INFO] CodeGenerator:892 - code generatio: config db path: C:\ST\STM32CubeIDE_1.19.0\STM32CubeIDE\plugins\com.st.stm32cube.common.mx_6.15.0.202507011659\\db\
2025-12-29 09:21:46,000 [INFO] CodeEngine:265 - oldGeneratedFile, C:\Users\aditi\OneDrive\Desktop\Sunbeam_Internship\ARM_94076_Aditi\assignment_7\code1_Basic LCD Display\MXTmpFiles\license.tmp_save
2025-12-29 09:21:46,501 [INFO] CodeEngine:289 - Generated code: C:\Users\aditi\OneDrive\Desktop\Sunbeam_Internship\ARM_94076_Aditi\assignment_7\code1_Basic LCD Display\MXTmpFiles\license.tmp
2025-12-29 09:21:46,781 [INFO] CodeEngine:265 - oldGeneratedFile, C:\Users\aditi\OneDrive\Desktop\Sunbeam_Internship\ARM_94076_Aditi\assignment_7\code1_Basic LCD Display\MXTmpFiles\gpio.tmp_save
2025-12-29 09:21:47,078 [INFO] CodeEngine:289 - Generated code: C:\Users\aditi\OneDrive\Desktop\Sunbeam_Internship\ARM_94076_Aditi\assignment_7\code1_Basic LCD Display\MXTmpFiles\gpio.tmp
2025-12-29 09:21:47,204 [INFO] CodeEngine:265 - oldGeneratedFile, C:\Users\aditi\OneDrive\Desktop\Sunbeam_Internship\ARM_94076_Aditi\assignment_7\code1_Basic LCD Display\Core\Src\stm32f4xx_it.c_save
2025-12-29 09:21:47,420 [INFO] CodeEngine:289 - Generated code: C:\Users\aditi\OneDrive\Desktop\Sunbeam_Internship\ARM_94076_Aditi\assignment_7\code1_Basic LCD Display\Core\Src\stm32f4xx_it.c
2025-12-29 09:21:47,434 [INFO] CodeEngine:265 - oldGeneratedFile, C:\Users\aditi\OneDrive\Desktop\Sunbeam_Internship\ARM_94076_Aditi\assignment_7\code1_Basic LCD Display\Core\Inc\stm32f4xx_it.h_save
2025-12-29 09:21:47,538 [INFO] CodeEngine:289 - Generated code: C:\Users\aditi\OneDrive\Desktop\Sunbeam_Internship\ARM_94076_Aditi\assignment_7\code1_Basic LCD Display\Core\Inc\stm32f4xx_it.h
2025-12-29 09:21:47,569 [INFO] CodeEngine:265 - oldGeneratedFile, C:\Users\aditi\OneDrive\Desktop\Sunbeam_Internship\ARM_94076_Aditi\assignment_7\code1_Basic LCD Display\Core\Src\stm32f4xx_hal_msp.c_save
2025-12-29 09:21:47,768 [INFO] CodeEngine:289 - Generated code: C:\Users\aditi\OneDrive\Desktop\Sunbeam_Internship\ARM_94076_Aditi\assignment_7\code1_Basic LCD Display\Core\Src\stm32f4xx_hal_msp.c
2025-12-29 09:21:47,783 [INFO] CodeEngine:265 - oldGeneratedFile, C:\Users\aditi\OneDrive\Desktop\Sunbeam_Internship\ARM_94076_Aditi\assignment_7\code1_Basic LCD Display\MXTmpFiles\system.tmp_save
2025-12-29 09:21:47,887 [INFO] CodeEngine:289 - Generated code: C:\Users\aditi\OneDrive\Desktop\Sunbeam_Internship\ARM_94076_Aditi\assignment_7\code1_Basic LCD Display\MXTmpFiles\system.tmp
2025-12-29 09:21:47,912 [INFO] CodeEngine:321 - oldGeneratedFile, C:\Users\aditi\OneDrive\Desktop\Sunbeam_Internship\ARM_94076_Aditi\assignment_7\code1_Basic LCD Display\Core\Inc\stm32f4xx_hal_conf.h_save
2025-12-29 09:21:48,029 [INFO] CodeEngine:345 - Generated code: C:\Users\aditi\OneDrive\Desktop\Sunbeam_Internship\ARM_94076_Aditi\assignment_7\code1_Basic LCD Display\Core\Inc\stm32f4xx_hal_conf.h
2025-12-29 09:21:48,132 [INFO] ApiDbMcu:532 - Load IP Config File for RCC
2025-12-29 09:21:48,191 [INFO] CodeEngine:265 - oldGeneratedFile, C:\Users\aditi\OneDrive\Desktop\Sunbeam_Internship\ARM_94076_Aditi\assignment_7\code1_Basic LCD Display\Core\Inc\main.h_save
2025-12-29 09:21:48,307 [INFO] CodeEngine:289 - Generated code: C:\Users\aditi\OneDrive\Desktop\Sunbeam_Internship\ARM_94076_Aditi\assignment_7\code1_Basic LCD Display\Core\Inc\main.h
2025-12-29 09:21:48,324 [INFO] CodeEngine:265 - oldGeneratedFile, C:\Users\aditi\OneDrive\Desktop\Sunbeam_Internship\ARM_94076_Aditi\assignment_7\code1_Basic LCD Display\Core\Src\main.c_save
2025-12-29 09:21:48,533 [INFO] CodeEngine:289 - Generated code: C:\Users\aditi\OneDrive\Desktop\Sunbeam_Internship\ARM_94076_Aditi\assignment_7\code1_Basic LCD Display\Core\Src\main.c
2025-12-29 09:21:50,218 [INFO] ProjectBuilder:3606 - Time for Copy HAL[1] : 1277mS.
2025-12-29 09:21:50,246 [INFO] ProjectBuilder:5216 - Project Generator version: 4.7.0-B52
2025-12-29 09:21:50,393 [INFO] ConfigFileManager:1595 - The Die is : DIE413
2025-12-29 09:21:50,408 [INFO] ApiDbMcu:532 - Load IP Config File for FATFS
2025-12-29 09:21:50,418 [INFO] ApiDbMcu:532 - Load IP Config File for FREERTOS
2025-12-29 09:21:50,423 [INFO] ApiDbMcu:532 - Load IP Config File for LIBJPEG
2025-12-29 09:21:50,432 [INFO] ApiDbMcu:532 - Load IP Config File for LWIP
2025-12-29 09:21:50,444 [INFO] ApiDbMcu:532 - Load IP Config File for MBEDTLS
2025-12-29 09:21:50,458 [INFO] ApiDbMcu:532 - Load IP Config File for USB_DEVICE
2025-12-29 09:21:50,466 [INFO] ApiDbMcu:532 - Load IP Config File for USB_HOST
2025-12-29 09:21:51,015 [INFO] LogOutputStream:77 - [STDOUT_REDIRECT] 
2025-12-29 09:21:54,004 [INFO] ProjectBuilder:5496 - Time for Generating toolchain IDE Files: 3758mS.
2025-12-29 09:21:54,005 [INFO] ProjectBuilder:3463 - Time for Copy CMSIS : 1mS.
2025-12-29 09:21:54,013 [INFO] ProjectBuilder:3463 - Time for Copy CMSIS : 0mS.
2025-12-29 09:21:55,962 [INFO] McuFinderGlobals:76 - Set McuFinderConnectedMode to true
2025-12-29 09:21:55,969 [INFO] ApiDb:448 - Save user favorites file C:\Users\aditi/.stm32cubeide/favorites.mcus.txt: 0 item(s)
2025-12-29 09:21:55,970 [INFO] ApiDb:452 - User favorites MCUs=[]
2025-12-29 09:21:55,973 [INFO] ApiDb:448 - Save user favorites file C:\Users\aditi/.stm32cubeide/favorites.boards.txt: 1 item(s)
2025-12-29 09:21:55,973 [INFO] ApiDb:452 - User favorites Boards=[STM32F407G-DISC1]
2025-12-29 09:22:52,453 [WARN] IP:2250 - I2C_Coeff_DF not found: check if there is a RefParameter without a condition.
2025-12-29 09:22:52,453 [WARN] IP:2250 - Analog_Filter not found: check if there is a RefParameter without a condition.
2025-12-29 09:22:52,484 [WARN] IP:2250 - I2C_Coeff_DF not found: check if there is a RefParameter without a condition.
2025-12-29 09:22:52,484 [WARN] IP:2250 - Analog_Filter not found: check if there is a RefParameter without a condition.
2025-12-29 09:22:52,485 [WARN] IP:2250 - I2C_Coeff_DF not found: check if there is a RefParameter without a condition.
2025-12-29 09:22:52,485 [WARN] IP:2250 - Analog_Filter not found: check if there is a RefParameter without a condition.
2025-12-29 09:22:52,622 [WARN] IP:2250 - I2C_Coeff_DF not found: check if there is a RefParameter without a condition.
2025-12-29 09:22:52,622 [WARN] IP:2250 - Analog_Filter not found: check if there is a RefParameter without a condition.
2025-12-29 09:22:52,625 [WARN] IP:2250 - I2C_Coeff_DF not found: check if there is a RefParameter without a condition.
2025-12-29 09:22:52,625 [WARN] IP:2250 - Analog_Filter not found: check if there is a RefParameter without a condition.
2025-12-29 09:22:59,607 [INFO] UtilMem:75 - End SaveConfig() Used Memory: 916036896 Bytes (1073741824)
2025-12-29 09:23:04,247 [INFO] UtilMem:75 - End SaveConfig() Used Memory: 966894880 Bytes (1073741824)
2025-12-29 09:23:04,526 [INFO] UtilMem:75 - End SaveConfig() Used Memory: 935672024 Bytes (1073741824)
2025-12-29 09:23:04,799 [INFO] BlockDiagram:2775 - set Specific Code input for plugin: SYS
2025-12-29 09:23:04,799 [INFO] BlockDiagram:2775 - set Specific Code input for plugin: RCC
2025-12-29 09:23:04,800 [INFO] BlockDiagram:2775 - set Specific Code input for plugin: I2C
2025-12-29 09:23:04,800 [INFO] BlockDiagram:2775 - set Specific Code input for plugin: NVIC
2025-12-29 09:23:04,801 [INFO] BlockDiagram:2775 - set Specific Code input for plugin: GPIO
2025-12-29 09:23:04,802 [INFO] CodeGenerator:892 - code generatio: config db path: C:\ST\STM32CubeIDE_1.19.0\STM32CubeIDE\plugins\com.st.stm32cube.common.mx_6.15.0.202507011659\\db\
2025-12-29 09:23:04,807 [WARN] IP:2250 - I2C_Coeff_DF not found: check if there is a RefParameter without a condition.
2025-12-29 09:23:04,807 [WARN] IP:2250 - Analog_Filter not found: check if there is a RefParameter without a condition.
2025-12-29 09:23:04,941 [INFO] CodeEngine:265 - oldGeneratedFile, C:\Users\aditi\OneDrive\Desktop\Sunbeam_Internship\ARM_94076_Aditi\assignment_7\code1_Basic LCD Display\MXTmpFiles\license.tmp_save
2025-12-29 09:23:05,071 [INFO] CodeEngine:289 - Generated code: C:\Users\aditi\OneDrive\Desktop\Sunbeam_Internship\ARM_94076_Aditi\assignment_7\code1_Basic LCD Display\MXTmpFiles\license.tmp
2025-12-29 09:23:05,106 [INFO] CodeEngine:265 - oldGeneratedFile, C:\Users\aditi\OneDrive\Desktop\Sunbeam_Internship\ARM_94076_Aditi\assignment_7\code1_Basic LCD Display\MXTmpFiles\gpio.tmp_save
2025-12-29 09:23:05,207 [INFO] CodeEngine:289 - Generated code: C:\Users\aditi\OneDrive\Desktop\Sunbeam_Internship\ARM_94076_Aditi\assignment_7\code1_Basic LCD Display\MXTmpFiles\gpio.tmp
2025-12-29 09:23:05,339 [INFO] CodeEngine:265 - oldGeneratedFile, C:\Users\aditi\OneDrive\Desktop\Sunbeam_Internship\ARM_94076_Aditi\assignment_7\code1_Basic LCD Display\Core\Src\stm32f4xx_it.c_save
2025-12-29 09:23:05,441 [INFO] CodeEngine:289 - Generated code: C:\Users\aditi\OneDrive\Desktop\Sunbeam_Internship\ARM_94076_Aditi\assignment_7\code1_Basic LCD Display\Core\Src\stm32f4xx_it.c
2025-12-29 09:23:05,457 [INFO] CodeEngine:265 - oldGeneratedFile, C:\Users\aditi\OneDrive\Desktop\Sunbeam_Internship\ARM_94076_Aditi\assignment_7\code1_Basic LCD Display\Core\Inc\stm32f4xx_it.h_save
2025-12-29 09:23:05,515 [INFO] CodeEngine:289 - Generated code: C:\Users\aditi\OneDrive\Desktop\Sunbeam_Internship\ARM_94076_Aditi\assignment_7\code1_Basic LCD Display\Core\Inc\stm32f4xx_it.h
2025-12-29 09:23:05,533 [INFO] CodeEngine:265 - oldGeneratedFile, C:\Users\aditi\OneDrive\Desktop\Sunbeam_Internship\ARM_94076_Aditi\assignment_7\code1_Basic LCD Display\Core\Src\stm32f4xx_hal_msp.c_save
2025-12-29 09:23:05,634 [INFO] CodeEngine:289 - Generated code: C:\Users\aditi\OneDrive\Desktop\Sunbeam_Internship\ARM_94076_Aditi\assignment_7\code1_Basic LCD Display\Core\Src\stm32f4xx_hal_msp.c
2025-12-29 09:23:05,647 [INFO] CodeEngine:265 - oldGeneratedFile, C:\Users\aditi\OneDrive\Desktop\Sunbeam_Internship\ARM_94076_Aditi\assignment_7\code1_Basic LCD Display\MXTmpFiles\system.tmp_save
2025-12-29 09:23:05,695 [INFO] CodeEngine:289 - Generated code: C:\Users\aditi\OneDrive\Desktop\Sunbeam_Internship\ARM_94076_Aditi\assignment_7\code1_Basic LCD Display\MXTmpFiles\system.tmp
2025-12-29 09:23:05,719 [INFO] CodeEngine:321 - oldGeneratedFile, C:\Users\aditi\OneDrive\Desktop\Sunbeam_Internship\ARM_94076_Aditi\assignment_7\code1_Basic LCD Display\Core\Inc\stm32f4xx_hal_conf.h_save
2025-12-29 09:23:05,805 [INFO] CodeEngine:345 - Generated code: C:\Users\aditi\OneDrive\Desktop\Sunbeam_Internship\ARM_94076_Aditi\assignment_7\code1_Basic LCD Display\Core\Inc\stm32f4xx_hal_conf.h
2025-12-29 09:23:05,843 [INFO] ApiDbMcu:532 - Load IP Config File for I2C1
2025-12-29 09:23:05,873 [INFO] CodeEngine:265 - oldGeneratedFile, C:\Users\aditi\OneDrive\Desktop\Sunbeam_Internship\ARM_94076_Aditi\assignment_7\code1_Basic LCD Display\Core\Inc\main.h_save
2025-12-29 09:23:05,977 [INFO] CodeEngine:289 - Generated code: C:\Users\aditi\OneDrive\Desktop\Sunbeam_Internship\ARM_94076_Aditi\assignment_7\code1_Basic LCD Display\Core\Inc\main.h
2025-12-29 09:23:05,996 [INFO] CodeEngine:265 - oldGeneratedFile, C:\Users\aditi\OneDrive\Desktop\Sunbeam_Internship\ARM_94076_Aditi\assignment_7\code1_Basic LCD Display\Core\Src\main.c_save
2025-12-29 09:23:06,146 [INFO] CodeEngine:289 - Generated code: C:\Users\aditi\OneDrive\Desktop\Sunbeam_Internship\ARM_94076_Aditi\assignment_7\code1_Basic LCD Display\Core\Src\main.c
2025-12-29 09:23:07,730 [INFO] ProjectBuilder:3606 - Time for Copy HAL[1] : 1410mS.
2025-12-29 09:23:07,741 [INFO] ProjectBuilder:5216 - Project Generator version: 4.7.0-B52
2025-12-29 09:23:07,793 [INFO] ConfigFileManager:1595 - The Die is : DIE413
2025-12-29 09:23:09,465 [INFO] ProjectBuilder:5496 - Time for Generating toolchain IDE Files: 1723mS.
2025-12-29 09:23:09,466 [INFO] ProjectBuilder:3463 - Time for Copy CMSIS : 1mS.
2025-12-29 09:23:09,478 [INFO] ProjectBuilder:3463 - Time for Copy CMSIS : 0mS.
2025-12-29 09:41:24,097 [INFO] MainUpdater:2872 - connection check result : 10
2025-12-29 09:41:24,370 [INFO] McuFinderGlobals:76 - Set McuFinderConnectedMode to true
2025-12-29 09:41:24,377 [INFO] MultiScanPanel:200 - Auto-refresh data requested => check proxy status ongoing
2025-12-29 09:41:24,380 [INFO] FinderPluginLoader:96 - Searching for filters in installed packs
2025-12-29 09:41:26,265 [INFO] LoadUrlFilesThread:185 - End of LoadServerUrlFiles without Thread
2025-12-29 09:41:26,266 [INFO] DetailPanel:341 - Set advertising image to C:/Users/aditi/STM32Cube/Repository/\en.prom-st67w-expansion-board.png
2025-12-29 09:41:37,926 [INFO] MultiScanPanel:200 - Auto-refresh data requested => check proxy status ongoing
2025-12-29 09:41:38,002 [INFO] LoadUrlFilesThread:185 - End of LoadServerUrlFiles without Thread
2025-12-29 09:41:38,002 [INFO] DetailPanel:341 - Set advertising image to C:/Users/aditi/STM32Cube/Repository/\en.prom-st67w-expansion-board.png
2025-12-29 09:41:57,928 [INFO] MainUpdater:2872 - connection check result : 10
2025-12-29 09:41:57,928 [INFO] MainUpdater:2872 - connection check result : 10
2025-12-29 09:41:58,015 [INFO] MicroXplorer:468 - Change Database Path : 
2025-12-29 09:41:58,016 [INFO] MicroXplorer:498 - Change Database Version : DB.6.0.150
2025-12-29 09:41:58,102 [ERROR] ProjectManagerView:395 - 
java.lang.NullPointerException: Cannot invoke "javax.swing.JTextField.getText()" because the return value of "java.util.List.get(int)" is null
	at com.st.microxplorer.plugins.projectmanager.gui.ProjectChoiceTab$9.caretUpdate(ProjectChoiceTab.java:2706) ~[filemanager.jar:?]
	at javax.swing.text.JTextComponent.fireCaretUpdate(JTextComponent.java:408) ~[?:?]
	at javax.swing.text.JTextComponent$MutableCaretEvent.fire(JTextComponent.java:4484) ~[?:?]
	at javax.swing.text.JTextComponent$MutableCaretEvent.stateChanged(JTextComponent.java:4506) ~[?:?]
	at javax.swing.text.DefaultCaret.fireStateChanged(DefaultCaret.java:857) ~[?:?]
	at javax.swing.text.DefaultCaret.changeCaretPosition(DefaultCaret.java:1343) ~[?:?]
	at javax.swing.text.DefaultCaret.handleSetDot(DefaultCaret.java:1242) ~[?:?]
	at javax.swing.text.DefaultCaret.setDot(DefaultCaret.java:1223) ~[?:?]
	at javax.swing.text.DefaultCaret$Handler.insertUpdate(DefaultCaret.java:1819) ~[?:?]
	at javax.swing.text.AbstractDocument.fireInsertUpdate(AbstractDocument.java:227) ~[?:?]
	at javax.swing.text.AbstractDocument.handleInsertString(AbstractDocument.java:781) ~[?:?]
	at javax.swing.text.AbstractDocument.insertString(AbstractDocument.java:740) ~[?:?]
	at javax.swing.text.PlainDocument.insertString(PlainDocument.java:131) ~[?:?]
	at javax.swing.text.AbstractDocument.replace(AbstractDocument.java:699) ~[?:?]
	at javax.swing.text.JTextComponent.setText(JTextComponent.java:1725) ~[?:?]
	at com.st.microxplorer.plugins.projectmanager.gui.ProjectChoiceTab.createHeapStackFields(ProjectChoiceTab.java:993) ~[filemanager.jar:?]
	at com.st.microxplorer.plugins.projectmanager.gui.ProjectChoiceTab.buildLinkSettingsPanel(ProjectChoiceTab.java:3813) ~[filemanager.jar:?]
	at com.st.microxplorer.plugins.projectmanager.gui.ProjectChoiceTab.defineWindowsFields(ProjectChoiceTab.java:1987) ~[filemanager.jar:?]
	at com.st.microxplorer.plugins.projectmanager.gui.ProjectChoiceTab.updateSettings(ProjectChoiceTab.java:558) ~[filemanager.jar:?]
	at com.st.microxplorer.plugins.projectmanager.gui.ProjectSettingsPanel.UpdateDialog(ProjectSettingsPanel.java:247) ~[filemanager.jar:?]
	at com.st.microxplorer.plugins.projectmanager.ProjectManagerView.propertyChange(ProjectManagerView.java:392) ~[filemanager.jar:?]
	at java.beans.PropertyChangeSupport.fire(PropertyChangeSupport.java:343) ~[?:?]
	at java.beans.PropertyChangeSupport.firePropertyChange(PropertyChangeSupport.java:335) ~[?:?]
	at java.beans.PropertyChangeSupport.firePropertyChange(PropertyChangeSupport.java:268) ~[?:?]
	at com.st.microxplorer.util.MXPropertyChangeSupport.firePropertyChange(MXPropertyChangeSupport.java:54) ~[STM32CubeMX.jar:?]
	at com.st.microxplorer.mxsystem.MxSystem.closeConfig(MxSystem.java:899) ~[STM32CubeMX.jar:?]
	at com.st.microxplorer.maingui.MainPanel.closeConfig(MainPanel.java:792) ~[STM32CubeMX.jar:?]
	at com.st.microxplorer.plugins.filemanager.engine.OpenFileManager.loadConfigurationFile(OpenFileManager.java:288) ~[filemanager.jar:?]
	at com.st.microxplorer.plugins.filemanager.engine.MainFileManager.userLoadConfig(MainFileManager.java:364) ~[filemanager.jar:?]
	at com.st.microxplorer.plugins.filemanager.FileManagerView.getSpecificTask(FileManagerView.java:268) ~[filemanager.jar:?]
	at com.st.stm32cube.common.mx.editor.CubeMxEditor.getMxTabbedPaneInstance(CubeMxEditor.java:1191) ~[com.st.stm32cube.common.mx_6.15.0.202507011659/:?]
	at com.st.stm32cube.common.mx.editor.CubeMxEditor$12$1.createSwingComponent(CubeMxEditor.java:1068) ~[com.st.stm32cube.common.mx_6.15.0.202507011659/:?]
	at com.st.stm32cube.common.mx.oss.core.awtswtbridge.EmbeddedSwingComposite.doComponentCreation(EmbeddedSwingComposite.java:492) ~[com.st.stm32cube.common.mx.oss_6.15.0.202507011659/:?]
	at com.st.stm32cube.common.mx.oss.core.awtswtbridge.EmbeddedSwingComposite$4.run(EmbeddedSwingComposite.java:291) ~[com.st.stm32cube.common.mx.oss_6.15.0.202507011659/:?]
	at com.st.stm32cube.common.mx.oss.core.awtswtbridge.AwtEnvironment$2.run(AwtEnvironment.java:166) ~[com.st.stm32cube.common.mx.oss_6.15.0.202507011659/:?]
	at java.awt.event.InvocationEvent.dispatch(InvocationEvent.java:318) ~[?:?]
	at java.awt.EventQueue.dispatchEventImpl(EventQueue.java:773) ~[?:?]
	at java.awt.EventQueue$4.run(EventQueue.java:720) ~[?:?]
	at java.awt.EventQueue$4.run(EventQueue.java:714) ~[?:?]
	at java.security.AccessController.doPrivileged(AccessController.java:400) ~[?:?]
	at java.security.ProtectionDomain$JavaSecurityAccessImpl.doIntersectionPrivilege(ProtectionDomain.java:87) ~[?:?]
	at java.awt.EventQueue.dispatchEvent(EventQueue.java:742) ~[?:?]
	at java.awt.EventDispatchThread.pumpOneEventForFilters(EventDispatchThread.java:203) ~[?:?]
	at java.awt.EventDispatchThread.pumpEventsForFilter(EventDispatchThread.java:124) ~[?:?]
	at java.awt.EventDispatchThread.pumpEventsForHierarchy(EventDispatchThread.java:113) ~[?:?]
	at java.awt.EventDispatchThread.pumpEvents(EventDispatchThread.java:109) ~[?:?]
	at java.awt.EventDispatchThread.pumpEvents(EventDispatchThread.java:101) ~[?:?]
	at java.awt.EventDispatchThread.run(EventDispatchThread.java:90) ~[?:?]
2025-12-29 09:41:58,134 [WARN] ThirdParty:871 - waiting for thirdparty lock release [close project]
2025-12-29 09:41:58,135 [INFO] ThirdParty:873 - entering critical section [close project]
2025-12-29 09:41:58,135 [INFO] ThirdParty:883 - exiting critical section [close project]
2025-12-29 09:41:58,141 [INFO] PinOutPanel:1589 - setPackage(No Configuration,No Configuration)
2025-12-29 09:41:58,167 [WARN] IpParametersView:155 - Warning: This peripheral hasn't parameters
2025-12-29 09:41:58,182 [WARN] MainPanel:289 - <html><b><center>Warning: This peripheral has no parameters to be configured<br></b></html>
2025-12-29 09:41:58,192 [INFO] UtilMem:75 - Begin LoadConfig() Used Memory: 860555000 Bytes (1073741824)
2025-12-29 09:41:58,194 [INFO] OpenFileManager:355 - Change cursor
2025-12-29 09:41:58,222 [INFO] RulesReader:64 - Compatibility file has been processed (317 Rules)
2025-12-29 09:41:58,231 [INFO] ProjectFactory:514 - No CPN specified for board STM32F407G-DISC1 => set CPN to STM32F407VGT6
2025-12-29 09:41:58,231 [INFO] Mcu:2029 - Initializing MCU STM32F407V(E-G)Tx STM32F407VGTx STM32F407VGT6
2025-12-29 09:42:00,083 [INFO] Context:786 - Trying to add GPIOservice into a context  which must be forbidden
2025-12-29 09:42:00,715 [INFO] Rule:233 - rule 117617 - U5Cobra4M][GTZC] default value MPCBB3 and MPCBB5 - Not Secured memory - MPCBB1 is applicable
2025-12-29 09:42:00,715 [INFO] Rule:233 - rule 117617 - U5Cobra4M][GTZC] default value MPCBB3 and MPCBB5 - Not Secured memory - MPCBB1 is applicable
2025-12-29 09:42:00,715 [INFO] Rule:233 - rule 117617 - U5Cobra4M][GTZC] default value MPCBB3 and MPCBB5 - Not Secured memory - MPCBB2 is applicable
2025-12-29 09:42:00,715 [INFO] Rule:233 - rule 117617 - U5Cobra4M][GTZC] default value MPCBB3 and MPCBB5 - Not Secured memory - MPCBB2 is applicable
2025-12-29 09:42:00,715 [INFO] Rule:233 - rule 117617 - U5Cobra4M][GTZC] default value MPCBB3 and MPCBB5 - Not Secured memory - MPCBB3 is applicable
2025-12-29 09:42:00,715 [INFO] Rule:233 - rule 117617 - U5Cobra4M][GTZC] default value MPCBB3 and MPCBB5 - Not Secured memory - MPCBB3 is applicable
2025-12-29 09:42:00,715 [INFO] Rule:233 - rule 117617 - U5Cobra4M][GTZC] default value MPCBB3 and MPCBB5 - Not Secured memory - MPCBB4 is applicable
2025-12-29 09:42:00,716 [INFO] Rule:233 - rule 117617 - U5Cobra4M][GTZC] default value MPCBB3 and MPCBB5 - Not Secured memory - MPCBB4 is applicable
2025-12-29 09:42:00,716 [INFO] Rule:233 - rule 117617 - U5Cobra4M][GTZC] default value MPCBB3 and MPCBB5 - Secured memory - MPCBB1 is applicable
2025-12-29 09:42:00,716 [INFO] Rule:233 - rule 117617 - U5Cobra4M][GTZC] default value MPCBB3 and MPCBB5 - Secured memory - MPCBB2 is applicable
2025-12-29 09:42:00,716 [INFO] Rule:233 - rule 117617 - U5Cobra4M][GTZC] default value MPCBB3 and MPCBB5 - Secured memory - MPCBB3 is applicable
2025-12-29 09:42:00,716 [INFO] Rule:233 - rule 117617 - U5Cobra4M][GTZC] default value MPCBB3 and MPCBB5 - Secured memory - MPCBB4 is applicable
2025-12-29 09:42:00,716 [INFO] Rule:233 - rule 117617 - U5Cobra4M][GTZC] default value MPCBB3 and MPCBB5 - Privileged memory - MPCBB1 is applicable
2025-12-29 09:42:00,716 [INFO] Rule:233 - rule 117617 - U5Cobra4M][GTZC] default value MPCBB3 and MPCBB5 - Privileged memory - MPCBB2 is applicable
2025-12-29 09:42:00,716 [INFO] Rule:233 - rule 117617 - U5Cobra4M][GTZC] default value MPCBB3 and MPCBB5 - Privileged memory - MPCBB3 is applicable
2025-12-29 09:42:00,716 [INFO] Rule:233 - rule 117617 - U5Cobra4M][GTZC] default value MPCBB3 and MPCBB5 - Privileged memory - MPCBB4 is applicable
2025-12-29 09:42:00,716 [INFO] Rule:233 - rule 117617 - U5Cobra4M][GTZC] default value MPCBB3 and MPCBB5 - Not Privileged memory - MPCBB1 is applicable
2025-12-29 09:42:00,716 [INFO] Rule:233 - rule 117617 - U5Cobra4M][GTZC] default value MPCBB3 and MPCBB5 - Not Privileged memory - MPCBB2 is applicable
2025-12-29 09:42:00,716 [INFO] Rule:233 - rule 117617 - U5Cobra4M][GTZC] default value MPCBB3 and MPCBB5 - Not Privileged memory - MPCBB3 is applicable
2025-12-29 09:42:00,716 [INFO] Rule:233 - rule 117617 - U5Cobra4M][GTZC] default value MPCBB3 and MPCBB5 - Not Privileged memory - MPCBB4 is applicable
2025-12-29 09:42:00,716 [INFO] Rule:233 - rule 117617 - U5Cobra4M][GTZC] default value MPCBB3 and MPCBB5 - Privileged memory - MPCBB1 is applicable
2025-12-29 09:42:00,716 [INFO] Rule:233 - rule 117617 - U5Cobra4M][GTZC] default value MPCBB3 and MPCBB5 - Privileged memory - MPCBB2 is applicable
2025-12-29 09:42:00,716 [INFO] Rule:233 - rule 117617 - U5Cobra4M][GTZC] default value MPCBB3 and MPCBB5 - Privileged memory - MPCBB3 is applicable
2025-12-29 09:42:00,716 [INFO] Rule:233 - rule 117617 - U5Cobra4M][GTZC] default value MPCBB3 and MPCBB5 - Privileged memory - MPCBB4 is applicable
2025-12-29 09:42:00,716 [INFO] Rule:233 - rule 117617 - U5Cobra4M][GTZC] default value MPCBB3 and MPCBB5 - Privileged memory - MPCBB1 is applicable
2025-12-29 09:42:00,716 [INFO] Rule:233 - rule 117617 - U5Cobra4M][GTZC] default value MPCBB3 and MPCBB5 - Privileged memory - MPCBB2 is applicable
2025-12-29 09:42:00,716 [INFO] Rule:233 - rule 117617 - U5Cobra4M][GTZC] default value MPCBB3 and MPCBB5 - Privileged memory - MPCBB3 is applicable
2025-12-29 09:42:00,716 [INFO] Rule:233 - rule 117617 - U5Cobra4M][GTZC] default value MPCBB3 and MPCBB5 - Privileged memory - MPCBB4 is applicable
2025-12-29 09:42:00,717 [INFO] Rule:233 - rule 117617 - U5Cobra4M][GTZC] default value MPCBB3 and MPCBB5 - Not Privileged memory - MPCBB1 is applicable
2025-12-29 09:42:00,717 [INFO] Rule:233 - rule 117617 - U5Cobra4M][GTZC] default value MPCBB3 and MPCBB5 - Not Privileged memory - MPCBB2 is applicable
2025-12-29 09:42:00,717 [INFO] Rule:233 - rule 117617 - U5Cobra4M][GTZC] default value MPCBB3 and MPCBB5 - Not Privileged memory - MPCBB3 is applicable
2025-12-29 09:42:00,717 [INFO] Rule:233 - rule 117617 - U5Cobra4M][GTZC] default value MPCBB3 and MPCBB5 - Not Privileged memory - MPCBB4 is applicable
2025-12-29 09:42:00,718 [INFO] Rule:233 - rule 117617 - U5Cobra4M][GTZC] default value MPCBB3 and MPCBB5 - Privileged memory - MPCBB1 is applicable
2025-12-29 09:42:00,718 [INFO] Rule:233 - rule 117617 - U5Cobra4M][GTZC] default value MPCBB3 and MPCBB5 - Privileged memory - MPCBB2 is applicable
2025-12-29 09:42:00,718 [INFO] Rule:233 - rule 117617 - U5Cobra4M][GTZC] default value MPCBB3 and MPCBB5 - Privileged memory - MPCBB3 is applicable
2025-12-29 09:42:00,718 [INFO] Rule:233 - rule 117617 - U5Cobra4M][GTZC] default value MPCBB3 and MPCBB5 - Privileged memory - MPCBB4 is applicable
2025-12-29 09:42:00,718 [INFO] Rule:233 - rule Rename SubGHz_Phy SUBGHZ_APPLICATION SUBGHZ_PINGPONG to SUBGHZ_ADV_APPLICATION is applicable
2025-12-29 09:42:00,718 [INFO] Rule:233 - rule Rename Enabled to IBEACON is applicable
2025-12-29 09:42:00,718 [INFO] Rule:233 - rule GTZC_S instance for project manager is applicable
2025-12-29 09:42:00,718 [INFO] Rule:233 - rule GTZC_S instance for context M33S is applicable
2025-12-29 09:42:00,718 [INFO] Rule:233 - rule GTZC_S instance value for IP GTZC is applicable
2025-12-29 09:42:00,718 [INFO] Rule:233 - rule GTZC_S instance for mcu.IP is applicable
2025-12-29 09:42:00,718 [INFO] Rule:233 - rule GTZC_S instance for VP is applicable
2025-12-29 09:42:00,719 [INFO] Rule:233 - rule GTZC_S instance for signal is applicable
2025-12-29 09:42:00,719 [INFO] Rule:233 - rule GTZC_S instance for mcu.Pin is applicable
2025-12-29 09:42:00,719 [INFO] Rule:233 - rule GTZC_S instance for VP is applicable
2025-12-29 09:42:00,719 [INFO] Rule:233 - rule GTZC_S instance for signal is applicable
2025-12-29 09:42:00,719 [INFO] Rule:233 - rule GTZC_S instance for mcu is applicable
2025-12-29 09:42:00,719 [INFO] Rule:233 - rule GTZC_S instance for mcu.Pin is applicable
2025-12-29 09:42:00,719 [INFO] Rule:233 - rule GTZC_S instance value for IP GTZC is applicable
2025-12-29 09:42:00,719 [INFO] Rule:233 - rule GTZC_S instance for project manager is applicable
2025-12-29 09:42:00,719 [INFO] Rule:233 - rule GTZC_S instance for context M33S is applicable
2025-12-29 09:42:00,720 [INFO] Rule:233 - rule GTZC_S instance for VP is applicable
2025-12-29 09:42:00,720 [INFO] Rule:233 - rule GTZC_S instance for signal is applicable
2025-12-29 09:42:00,720 [INFO] Rule:233 - rule SPDIFRX instance for mcu is applicable
2025-12-29 09:42:00,720 [INFO] Rule:233 - rule Rename Tracer Mode is applicable
2025-12-29 09:42:00,720 [INFO] Rule:233 - rule SPDIFRX instance value for IP SPDIFRX is applicable
2025-12-29 09:42:00,720 [INFO] Rule:233 - rule SPDIFRX instance for signal is applicable
2025-12-29 09:42:00,720 [INFO] Rule:233 - rule SPDIFRX instance for project manager is applicable
2025-12-29 09:42:00,720 [INFO] Rule:233 - rule SPDIFRX instance for project manager is applicable
2025-12-29 09:42:00,720 [INFO] Rule:233 - rule ADC Scan  fix with FW F7 is applicable
2025-12-29 09:42:00,720 [INFO] Rule:233 - rule ADC Scan  fix with FW F7 is applicable
2025-12-29 09:42:00,720 [INFO] Rule:233 - rule WakeUp0 Mode is applicable
2025-12-29 09:42:00,721 [INFO] Rule:233 - rule WakeUp0 SIGNAL is applicable
2025-12-29 09:42:00,721 [INFO] Rule:233 - rule WakeUp1 Mode is applicable
2025-12-29 09:42:00,721 [INFO] Rule:233 - rule WakeUp1 SIGNAL is applicable
2025-12-29 09:42:00,721 [INFO] Rule:233 - rule WakeUp2 Mode is applicable
2025-12-29 09:42:00,721 [INFO] Rule:233 - rule WakeUp2 SIGNAL is applicable
2025-12-29 09:42:00,721 [INFO] Rule:233 - rule WakeUp4 Mode is applicable
2025-12-29 09:42:00,721 [INFO] Rule:233 - rule WakeUp4 SIGNAL is applicable
2025-12-29 09:42:00,721 [INFO] Rule:233 - rule WakeUp5 Mode is applicable
2025-12-29 09:42:00,721 [INFO] Rule:233 - rule WakeUp5 SIGNAL is applicable
2025-12-29 09:42:00,721 [INFO] Rule:233 - rule UART/USART WORD LENGTH 7 is applicable
2025-12-29 09:42:00,721 [INFO] Rule:233 - rule UART/USART WORD LENGTH 8 is applicable
2025-12-29 09:42:00,721 [INFO] Rule:233 - rule UART/USART WORD LENGTH 9 is applicable
2025-12-29 09:42:00,721 [INFO] Rule:233 - rule Change Default Value for LSE Drive Capability for WB family is applicable
2025-12-29 09:42:00,721 [INFO] Rule:233 - rule Change Default Value for ADC Clock Prescaler G0 family is applicable
2025-12-29 09:42:00,721 [INFO] Rule:233 - rule ADC SamplingTime fix with FW L0  is applicable
2025-12-29 09:42:00,721 [INFO] Rule:233 - rule ADC SamplingTime fix with FW L0  is applicable
2025-12-29 09:42:00,721 [INFO] Rule:233 - rule ADC SamplingTime fix with FW L0 is applicable
2025-12-29 09:42:00,721 [INFO] Rule:233 - rule ADC SamplingTime fix with FW L0 is applicable
2025-12-29 09:42:00,721 [INFO] Rule:233 - rule ADC SamplingTime fix with FW L0  is applicable
2025-12-29 09:42:00,721 [INFO] Rule:233 - rule ADC SamplingTime fix with FW L0 is applicable
2025-12-29 09:42:00,722 [INFO] Rule:233 - rule Rename USB_OE Signal is applicable
2025-12-29 09:42:00,722 [INFO] Rule:233 - rule Rename Activate_OE Mode is applicable
2025-12-29 09:42:00,722 [INFO] Rule:233 - rule Rename DIE462/DIE415 pin PC14/OSC32_IN -> PC14-OSC32_IN (PC14) is applicable
2025-12-29 09:42:00,722 [INFO] Rule:233 - rule Rename DIE462/DIE415 pin PC15/OSC32_OUT -> PC15-OSC32_OUT (PC15) is applicable
2025-12-29 09:42:00,722 [INFO] Rule:233 - rule Rename DIE462/DIE415 pin PH0/OSC_IN -> PH0-OSC_IN (PH0) is applicable
2025-12-29 09:42:00,722 [INFO] Rule:233 - rule Rename DIE462/DIE415 pin PH1/OSC_OUT -> PH1-OSC_OUT (PH1) is applicable
2025-12-29 09:42:00,722 [INFO] Rule:233 - rule Rename DIE462 pin PA13 -> PA13 (JTMS/SWDIO) is applicable
2025-12-29 09:42:00,722 [INFO] Rule:233 - rule Rename DIE415 pin PA13 -> PA13 (JTMS/SWDIO) is applicable
2025-12-29 09:42:00,722 [INFO] Rule:233 - rule Rename DIE462 pin PA14 -> PA14 (JTCK/SWCLK) is applicable
2025-12-29 09:42:00,722 [INFO] Rule:233 - rule Rename DIE415 pin PA14 -> PA14 (JTCK/SWCLK) is applicable
2025-12-29 09:42:00,722 [INFO] Rule:233 - rule Rename DIE462/DIE415 pin PA15 -> PA15 (JTDI) is applicable
2025-12-29 09:42:00,722 [INFO] Rule:233 - rule Rename DIE462 pin PB3 -> PB3 (JTD0/TRACESWO) is applicable
2025-12-29 09:42:00,722 [INFO] Rule:233 - rule Rename DIE415 pin PB3 -> PB3 (JTD0-TRACESWO) is applicable
2025-12-29 09:42:00,722 [INFO] Rule:233 - rule Rename DIE462/DIE415 pin PB4 -> PB4 (NJTRST) is applicable
2025-12-29 09:42:00,722 [INFO] Rule:233 - rule Rename DIE462 pin PH3/BOOT0 -> PH3-BOOT0 (BOOT0) is applicable
2025-12-29 09:42:00,722 [INFO] Rule:233 - rule Rename CRYP DataEncryptionTypesList to Algorithm is applicable
2025-12-29 09:42:00,722 [INFO] Rule:233 - rule Rename AES DataEncryptionTypesList to Algorithm is applicable
2025-12-29 09:42:00,722 [INFO] Rule:233 - rule Rename TDESECB to CRYP_TDES_ECB is applicable
2025-12-29 09:42:00,722 [INFO] Rule:233 - rule Rename TDESCBC to CRYP_TDES_CBC is applicable
2025-12-29 09:42:00,722 [INFO] Rule:233 - rule Rename DESECB to CRYP_DES_ECB is applicable
2025-12-29 09:42:00,722 [INFO] Rule:233 - rule Rename DESCBC to CRYP_DES_CBC is applicable
2025-12-29 09:42:00,722 [INFO] Rule:233 - rule Rename AESECB to CRYP_AES_ECB is applicable
2025-12-29 09:42:00,723 [INFO] Rule:233 - rule Rename AESCBC to CRYP_AES_CBC is applicable
2025-12-29 09:42:00,723 [INFO] Rule:233 - rule Rename AESCTR to CRYP_AES_CTR is applicable
2025-12-29 09:42:00,723 [INFO] Rule:233 - rule Rename AESGCM to CRYP_AES_GCM is applicable
2025-12-29 09:42:00,723 [INFO] Rule:233 - rule Rename AESCCM to CRYP_AES_CCM is applicable
2025-12-29 09:42:00,723 [INFO] Rule:233 - rule Rename CAN TimeSeg1 to BS1 is applicable
2025-12-29 09:42:00,723 [INFO] Rule:233 - rule Rename CAN TimeSeg2 to BS2 is applicable
2025-12-29 09:42:00,723 [INFO] Rule:233 - rule Rename CAN SyncJumpWidth to SJW is applicable
2025-12-29 09:42:00,723 [INFO] Rule:233 - rule TimeTriggeredMode to TTCM is applicable
2025-12-29 09:42:00,723 [INFO] Rule:233 - rule Rename CAN AutoBusOff to ABOM is applicable
2025-12-29 09:42:00,723 [INFO] Rule:233 - rule Rename CAN AutoWakeUp to AWUM is applicable
2025-12-29 09:42:00,723 [INFO] Rule:233 - rule Rename CAN AutoRetransmission to NART is applicable
2025-12-29 09:42:00,723 [INFO] Rule:233 - rule Rename CAN ReceiveFifoLocked to RFLM is applicable
2025-12-29 09:42:00,723 [INFO] Rule:233 - rule Rename CAN TransmitFifoPriority to TXFP is applicable
2025-12-29 09:42:00,723 [INFO] Rule:233 - rule Rename HRTIMER HRTIM_OUTPUTFAULTLEVEL_HIGH in HRTIMER HRTIM_OUTPUTFAULTLEVEL_HIGHZ is applicable
2025-12-29 09:42:00,723 [INFO] Rule:233 - rule Rename TIMER TIM_CLEARINPUTSOURCE_OCREFCLR in  TIMER TIM_CLEARINPUTSOURCE_NONE for F7 family is applicable
2025-12-29 09:42:00,723 [INFO] Rule:233 - rule FDCAN_R1 - Rename FDCAN mode Master into Classic is applicable
2025-12-29 09:42:00,723 [INFO] Rule:233 - rule FDCAN_R2 - Rename FDCAN mode Slave into Classic is applicable
2025-12-29 09:42:00,723 [INFO] Rule:233 - rule FDCAN1_R3 - if PA10.Mode=FullDuplex, add Pin PA12 is applicable
2025-12-29 09:42:00,723 [INFO] Rule:233 - rule FDCAN1_R3 - if PA9.Mode=FullDuplex, add Pin PA11 is applicable
2025-12-29 09:42:00,723 [INFO] Rule:233 - rule FDCAN1_R3 - Alternatepin_1 - if PE1.Mode=FullDuplex, add Pin PB9 is applicable
2025-12-29 09:42:00,723 [INFO] Rule:233 - rule FDCAN1_R3 - Alternatepin_1 - if PE0.Mode=FullDuplex, add Pin PB8 is applicable
2025-12-29 09:42:00,723 [INFO] Rule:233 - rule FDCAN1_R3 - Alternatepin_2 - if PD5.Mode=FullDuplex, add Pin PD1 is applicable
2025-12-29 09:42:00,723 [INFO] Rule:233 - rule FDCAN1_R3 - Alternatepin_2 - if PD4.Mode=FullDuplex, add Pin PD0 is applicable
2025-12-29 09:42:00,723 [INFO] Rule:233 - rule FDCAN1_R4 - Rename Mode FullDuplex into Enable FDCAN_TXFD for pin PA10 is applicable
2025-12-29 09:42:00,723 [INFO] Rule:233 - rule FDCAN1_R4 - Rename Mode FullDuplex into Enable FDCAN_TXFD for pin PA9 is applicable
2025-12-29 09:42:00,723 [INFO] Rule:233 - rule FDCAN1_R4 - Alternatepin_1 - Rename Mode FullDuplex into Enable FDCAN_TXFD for pin PE1 is applicable
2025-12-29 09:42:00,723 [INFO] Rule:233 - rule FDCAN1_R4 - Alternatepin_1 - Rename Mode FullDuplex into Enable FDCAN_TXFD for pin PE0 is applicable
2025-12-29 09:42:00,723 [INFO] Rule:233 - rule FDCAN1_R4 - Alternatepin_2 - Rename Mode FullDuplex into Enable FDCAN_TXFD for pin PD5 is applicable
2025-12-29 09:42:00,723 [INFO] Rule:233 - rule FDCAN1_R4 - Alternatepin_2 - Rename Mode FullDuplex into Enable FDCAN_TXFD for pin PD4 is applicable
2025-12-29 09:42:00,723 [INFO] Rule:233 - rule FDCAN2_R3 - if PD10.Mode=FullDuplex, add Pin PB13 is applicable
2025-12-29 09:42:00,723 [INFO] Rule:233 - rule FDCAN2_R3 - if PD9.Mode=FullDuplex, add Pin PB12 is applicable
2025-12-29 09:42:00,723 [INFO] Rule:233 - rule FDCAN2_R3 - Alternatepin_1 - if PB7.Mode=FullDuplex, add Pin PB6 is applicable
2025-12-29 09:42:00,723 [INFO] Rule:233 - rule FDCAN2_R3 - Alternatepin_1 - if PD9.Mode=FullDuplex, add Pin PB12 is applicable
2025-12-29 09:42:00,724 [INFO] Rule:233 - rule FDCAN2_R4 - Rename Mode FullDuplex into Enable FDCAN_TXFD for pin PD10 is applicable
2025-12-29 09:42:00,724 [INFO] Rule:233 - rule FDCAN2_R4 - Rename Mode FullDuplex into Enable FDCAN_TXFD for pin PD9 is applicable
2025-12-29 09:42:00,724 [INFO] Rule:233 - rule FDCAN2_R4 - Alternatepin_1 - Rename Mode FullDuplex into Enable FDCAN_TXFD for pin PB7 is applicable
2025-12-29 09:42:00,724 [INFO] Rule:233 - rule FDCAN2_R4 - Alternatepin_1 - Rename Mode FullDuplex into Enable FDCAN_TXFD for pin PD6 is applicable
2025-12-29 09:42:00,724 [INFO] Rule:233 - rule USART TxPinLevelInvertParam Mode is applicable
2025-12-29 09:42:00,724 [INFO] Rule:233 - rule USART RxPinLevelInvertParam Mode is applicable
2025-12-29 09:42:00,724 [INFO] Rule:233 - rule USART DataInvertParam Mode is applicable
2025-12-29 09:42:00,724 [INFO] Rule:233 - rule USART SwapParam Mode is applicable
2025-12-29 09:42:00,724 [INFO] Rule:233 - rule USART OverrunDisableParam Mode is applicable
2025-12-29 09:42:00,724 [INFO] Rule:233 - rule USART DMADisableonRxErrorParam Mode is applicable
2025-12-29 09:42:00,724 [INFO] Rule:233 - rule USART MSBFirstParam Mode is applicable
2025-12-29 09:42:00,724 [INFO] Rule:233 - rule Update MwName for USB_DEVICE is applicable
2025-12-29 09:42:00,724 [INFO] Rule:233 - rule Change PWR_Regulator_Voltage_Scale Default Value for RCC  H7 family is applicable
2025-12-29 09:42:00,724 [INFO] Rule:233 - rule UART/USART IPParameter rename Prescaler parameter to ClockPrescaler is applicable
2025-12-29 09:42:00,724 [INFO] Rule:233 - rule UART/USART Prescaler rename Prescaler parameter to ClockPrescaler is applicable
2025-12-29 09:42:00,724 [INFO] Rule:233 - rule TIM1CLockSelection is applicable
2025-12-29 09:42:00,724 [INFO] Rule:233 - rule TIM15CLockSelection is applicable
2025-12-29 09:42:00,724 [INFO] Rule:233 - rule align RCC SDMMC3CLockSelection default value on MP1 is applicable
2025-12-29 09:42:00,724 [INFO] Rule:233 - rule align RCC SDMMC12CLockSelection default value on MP1 is applicable
2025-12-29 09:42:00,724 [INFO] Rule:233 - rule align RCC QSPICLockSelection default value on MP1 is applicable
2025-12-29 09:42:00,724 [INFO] Rule:233 - rule align RCC QSPICLockSelection default value on MP1 is applicable
2025-12-29 09:42:00,724 [INFO] Rule:233 - rule align RCC SPI6CLockSelection default value on MP1 is applicable
2025-12-29 09:42:00,724 [INFO] Rule:233 - rule align RCC LPTIM23CLockSelection default value on MP1 is applicable
2025-12-29 09:42:00,724 [INFO] Rule:233 - rule align RCC LPTIM1CLockSelection default value on MP1 is applicable
2025-12-29 09:42:00,724 [INFO] Rule:233 - rule align RCC USART1CLockSelection default value on MP1 is applicable
2025-12-29 09:42:00,724 [INFO] Rule:233 - rule align RCC USART24CLockSelection default value on MP1 is applicable
2025-12-29 09:42:00,724 [INFO] Rule:233 - rule align RCC USART6CLockSelection default value on MP1 is applicable
2025-12-29 09:42:00,724 [INFO] Rule:233 - rule align RCC UART78CLockSelection default value on MP1 is applicable
2025-12-29 09:42:00,724 [INFO] Rule:233 - rule align RCC USART35CLockSelection default value on MP1 is applicable
2025-12-29 09:42:00,724 [INFO] Rule:233 - rule align RCC SPI45CLockSelection default value on MP1 is applicable
2025-12-29 09:42:00,724 [INFO] Rule:233 - rule align RCC I2C46CLockSelection BCLK value on MP1 is applicable
2025-12-29 09:42:00,724 [INFO] Rule:233 - rule align RCC SPI45CLockSelection default value on MP1 is applicable
2025-12-29 09:42:00,724 [INFO] Rule:233 - rule align RCC I2C12CLockSelection default value on MP1 is applicable
2025-12-29 09:42:00,724 [INFO] Rule:233 - rule align RCC I2C35CLockSelection default value on MP1 is applicable
2025-12-29 09:42:00,724 [INFO] Rule:233 - rule align RCC LPTIM45CLockSelection default value on MP1 is applicable
2025-12-29 09:42:00,724 [INFO] Rule:233 - rule Rename DCMI PIXCK signal is applicable
2025-12-29 09:42:00,724 [INFO] Rule:233 - rule Change Default Value for I2C46CLockSelection MP1 family is applicable
2025-12-29 09:42:00,725 [INFO] Rule:233 - rule Change Default Value for UART for G4, G0 and WB families is applicable
2025-12-29 09:42:00,725 [INFO] Rule:233 - rule Change Default Value for USART for G4, G0 and WB families is applicable
2025-12-29 09:42:00,725 [INFO] Rule:233 - rule Change Default Value for USART for G4 family is applicable
2025-12-29 09:42:00,725 [INFO] Rule:233 - rule Change USART1CLockSelection refparam name for MP1 is applicable
2025-12-29 09:42:00,725 [INFO] Rule:233 - rule Change USART2CLockSelection refparam name for MP1 is applicable
2025-12-29 09:42:00,725 [INFO] Rule:233 - rule Change USART3CLockSelection refparam name for MP1 is applicable
2025-12-29 09:42:00,725 [INFO] Rule:233 - rule Change UART4CLockSelection refparam name for MP1 is applicable
2025-12-29 09:42:00,725 [INFO] Rule:233 - rule Change UART5CLockSelection refparam name for MP1 is applicable
2025-12-29 09:42:00,725 [INFO] Rule:233 - rule Change LPUART1CLockSelection refparam name for MP1 is applicable
2025-12-29 09:42:00,725 [INFO] Rule:233 - rule Change LPTIM1CLockSelection refparam name for MP1 is applicable
2025-12-29 09:42:00,725 [INFO] Rule:233 - rule Change LPTIM2CLockSelection refparam name for MP1 is applicable
2025-12-29 09:42:00,725 [INFO] Rule:233 - rule Change RCC_MCO1Source refparam name for MP1 is applicable
2025-12-29 09:42:00,725 [INFO] Rule:233 - rule Change LSCOSource1 refparam name for MP1 is applicable
2025-12-29 09:42:00,725 [INFO] Rule:233 - rule Change SMPSCLockSelection refparam name for MP1 is applicable
2025-12-29 09:42:00,725 [INFO] Rule:233 - rule Change LPTIM3CLockSelection refparam name for MP1 is applicable
2025-12-29 09:42:00,725 [INFO] Rule:233 - rule Change MPCBB* Default Template Mode to Parameters is applicable
2025-12-29 09:42:00,725 [INFO] Rule:233 - rule Change MPCWM* or MPCBB* Secure Mode to Parameters is applicable
2025-12-29 09:42:00,725 [INFO] Rule:233 - rule Change MPCWM* or MPCBB* No Secure Mode to Parameters is applicable
2025-12-29 09:42:00,725 [INFO] Rule:233 - rule Change TZSC IP Secure Mode to Parameters is applicable
2025-12-29 09:42:00,725 [INFO] Rule:233 - rule Change TZSC IP No Secure Mode to Parameters is applicable
2025-12-29 09:42:00,725 [INFO] Rule:233 - rule Change TZSC IP Privilege Mode to Parameters is applicable
2025-12-29 09:42:00,725 [INFO] Rule:233 - rule Change TZSC IP No Privilege Mode to Parameters is applicable
2025-12-29 09:42:00,725 [INFO] Rule:233 - rule Change TZIC IT Secure Mode to Parameters is applicable
2025-12-29 09:42:00,725 [INFO] Rule:233 - rule Change TZIC IT No Secure Mode to Parameters is applicable
2025-12-29 09:42:00,725 [INFO] Rule:233 - rule Add MPCBB1_NonSecureArea_Start_Address value with referenced to MPCBB1_NonSecureArea_Start value is applicable
2025-12-29 09:42:00,725 [INFO] Rule:233 - rule Add MPCBB2_NonSecureArea_Start_Address value with referenced to MPCBB2_NonSecureArea_Start value is applicable
2025-12-29 09:42:00,725 [INFO] Rule:233 - rule Add MPCWM1_NonSecureArea*_Start_Address value with referenced to MPCWM1_NonSecureArea*_Start value is applicable
2025-12-29 09:42:00,725 [INFO] Rule:233 - rule Add MPCWM2_NonSecureArea*_Start_Address value with referenced to MPCWM2_NonSecureArea*_Start value is applicable
2025-12-29 09:42:00,725 [INFO] Rule:233 - rule Add MPCWM3_NonSecureArea_Start_Address value with referenced to MPCWM3_NonSecureArea_Start value is applicable
2025-12-29 09:42:00,725 [INFO] Rule:233 - rule Change Default Value for PLL1UserDefinedConfig is applicable
2025-12-29 09:42:00,725 [INFO] Rule:233 - rule Change GPIO_PuPd Default Value for USART in async mode is applicable
2025-12-29 09:42:00,725 [INFO] Rule:233 - rule Change SMPSDivider Default Value is applicable
2025-12-29 09:42:00,725 [INFO] Rule:233 - rule OPAMP is applicable
2025-12-29 09:42:00,725 [INFO] Rule:233 - rule LPUART IPParameter rename Prescaler parameter to ClockPrescaler for STM32H7 is applicable
2025-12-29 09:42:00,725 [INFO] Rule:233 - rule LPUART IPParameter rename Prescaler parameter to ClockPrescaler for STM32H7 is applicable
2025-12-29 09:42:00,725 [INFO] Rule:233 - rule LPUART IPParameter rename Prescaler parameter to ClockPrescaler for STM32WB is applicable
2025-12-29 09:42:00,725 [INFO] Rule:233 - rule LPUART IPParameter rename Prescaler parameter to ClockPrescaler for STM32WB is applicable
2025-12-29 09:42:00,725 [INFO] Rule:233 - rule LPUART IPParameter rename Prescaler parameter to ClockPrescaler for STM32G4 is applicable
2025-12-29 09:42:00,726 [INFO] Rule:233 - rule LPUART IPParameter rename Prescaler parameter to ClockPrescaler for STM32G4 is applicable
2025-12-29 09:42:00,726 [INFO] Rule:233 - rule LPUART IPParameter rename Prescaler parameter to ClockPrescaler for STM32L5 is applicable
2025-12-29 09:42:00,726 [INFO] Rule:233 - rule LPUART IPParameter rename Prescaler parameter to ClockPrescaler for STM32L5 is applicable
2025-12-29 09:42:00,726 [INFO] Rule:233 - rule LPUART IPParameter rename Prescaler parameter to ClockPrescaler for STM32G4 is applicable
2025-12-29 09:42:00,726 [INFO] Rule:233 - rule LPUART IPParameter rename Prescaler parameter to ClockPrescaler for STM32G4 is applicable
2025-12-29 09:42:00,726 [INFO] Rule:233 - rule USB device lib V2.5.3 for L0 rename USBD_SUPPORT_USER_STRING parameter to USBD_SUPPORT_USER_STRING_DESC4 is applicable
2025-12-29 09:42:00,726 [INFO] Rule:233 - rule I2SCLockSelection clock entry align is applicable
2025-12-29 09:42:00,726 [INFO] Rule:233 - rule Assign TIMx context if used as SYS timebase is applicable
2025-12-29 09:42:00,726 [INFO] Rule:233 - rule Change GPIO_Pu Default Value for I2C is applicable
2025-12-29 09:42:00,726 [INFO] Rule:233 - rule Change GPIO_Pu Default Value for SMBus is applicable
2025-12-29 09:42:00,726 [INFO] Rule:233 - rule change FDCAN default value is applicable
2025-12-29 09:42:00,726 [INFO] Rule:233 - rule Change mode sai is applicable
2025-12-29 09:42:00,726 [INFO] Rule:233 - rule **Change sai mode is applicable
2025-12-29 09:42:00,726 [INFO] Rule:233 - rule Rename STM32WPAN CFG_BLE_IRK to CFG_BLE_IR is applicable
2025-12-29 09:42:00,726 [INFO] Rule:233 - rule Rename STM32WPAN CFG_BLE_ERK to CFG_BLE_ER is applicable
2025-12-29 09:42:00,726 [INFO] Rule:233 - rule Rename STM32WPAN CFG_BLE_IRK_HEX to CFG_BLE_IR_HEX is applicable
2025-12-29 09:42:00,726 [INFO] Rule:233 - rule Rename STM32WPAN CFG_BLE_ERK_HEX to CFG_BLE_ER_HEX is applicable
2025-12-29 09:42:00,726 [INFO] Rule:233 - rule Adapt Old IOC before rework replace old CORTEX_M33/CORTEX_M55 attributes by the new one. is applicable
2025-12-29 09:42:00,726 [INFO] Rule:233 - rule Rename parametre of RCC RCC_APBDBG_DIV2 to RCC_TIMPRES_DIV2 is applicable
2025-12-29 09:42:00,726 [INFO] Rule:233 - rule Rename DIE493 pin PA10 [PA12] -> PA10 is applicable
2025-12-29 09:42:00,726 [INFO] Rule:233 - rule Rename DIE493 pin PA9 [PA11] -> PA9 is applicable
2025-12-29 09:42:00,726 [INFO] Rule:233 - rule Rename DIE492 PartNumber CPN STM32WBA5MJGHx -> STM32WBA5MMGHx is applicable
2025-12-29 09:42:00,726 [INFO] Rule:233 - rule Rename DIE492 PartNumber  Name STM32WBA5MJGHx -> STM32WBA5MMGHx is applicable
2025-12-29 09:42:00,726 [INFO] Rule:233 - rule Rename DIE492 PartNumber UserName STM32WBA5MJGHx -> STM32WBA5MMGHx is applicable
2025-12-29 09:42:00,726 [INFO] Rule:233 - rule Rename DIE492 PartNumber DeviceId STM32WBA5MJGHx -> STM32WBA5MMGHx is applicable
2025-12-29 09:42:00,726 [INFO] Rule:233 - rule Adapt Old IOC CSI. is applicable
2025-12-29 09:42:00,726 [INFO] Rule:233 - rule Adapt Old IOC DCMIPP. is applicable
2025-12-29 09:42:00,726 [INFO] Rule:233 - rule Adapt Old IOC DCMIPP Mode Parallel. is applicable
2025-12-29 09:42:00,726 [INFO] Rule:233 - rule Adapt Old IOC LTDC. is applicable
2025-12-29 09:42:00,726 [INFO] Rule:233 - rule Rename STM32MP2 RIF Peripheral LTDC RIF.RISUP.LTDC_L0L1.Privilege -> RIF.RISUP.LTDC_L1L2.Privilege is applicable
2025-12-29 09:42:00,726 [INFO] Rule:233 - rule Rename STM32MP2 RIF Peripheral LTDC RIF.RISUP.LTDC_L0L1.Privilege -> RIF.RISUP.LTDC_L1L2.Privilege is applicable
2025-12-29 09:42:00,726 [INFO] Rule:233 - rule Rename STM32MP2 RIF Peripheral LTDC RIF.RISUP.LTDC_L0L1.Lock -> RIF.RISUP.LTDC_L1L2.Lock is applicable
2025-12-29 09:42:00,726 [INFO] Rule:233 - rule Rename STM32MP2 RIF Peripheral LTDC RIF.RISUP.LTDC_L2.Lock -> RIF.RISUP.LTDC_L3.Lock is applicable
2025-12-29 09:42:00,726 [INFO] Rule:233 - rule Adapt the old IOC example for updating the SYS when it is misconfigured. is applicable
2025-12-29 09:42:00,726 [INFO] Rule:233 - rule Rename STM32C09 Mcu.Package LQFP64 -> LQFP48 is applicable
2025-12-29 09:42:00,726 [INFO] Rule:233 - rule Adapt the old IOC example for updating the SYS when it is misconfigured. is applicable
2025-12-29 09:42:00,726 [INFO] Rule:233 - rule Adapt the old IOC example for updating the SYS when it is misconfigured. is applicable
2025-12-29 09:42:00,739 [INFO] DbConfProperties:307 - Apply Compatibility (38/250 Rules)
2025-12-29 09:42:00,756 [INFO] ImportTextPane:234 - (OptionalMessage_ERROR) Unable to find key (Mcu.ThirdPartyNb) in loaded IOC file
2025-12-29 09:42:00,757 [INFO] ImportTextPane:234 - (OptionalMessage_ERROR) Pin34 (VP_RIF_VS_RIF1) cannot be retrieved for this MCU
2025-12-29 09:42:00,787 [INFO] RtosManager:558 - Registered RTOS mode: class=CMSIS, group=RTOS, mode=CMSIS_V1, owner=FREERTOS
2025-12-29 09:42:00,788 [INFO] RtosManager:558 - Registered RTOS mode: class=CMSIS, group=RTOS2, mode=CMSIS_V2, owner=FREERTOS
2025-12-29 09:42:00,788 [INFO] RtosManager:558 - Registered RTOS mode: class=RTOS, group=Core, mode=CMSIS_V1, owner=FREERTOS
2025-12-29 09:42:00,788 [INFO] RtosManager:558 - Registered RTOS mode: class=RTOS, group=Core, mode=CMSIS_V2, owner=FREERTOS
2025-12-29 09:42:00,788 [WARN] ModelIntegratedComponent:184 - Missing modes for component STMicroelectronics:FreeRTOS:0.0.1:STMicroelectronics:RTOS:FreeRTOS:Core:::10.2.0:
2025-12-29 09:42:00,804 [WARN] ModelIntegratedComponent:63 - No mode defined for component null
2025-12-29 09:42:00,804 [WARN] ModelIntegratedComponent:63 - No mode defined for component null
2025-12-29 09:42:00,804 [WARN] ModelIntegratedComponent:63 - No mode defined for component null
2025-12-29 09:42:00,804 [WARN] ModelIntegratedComponent:63 - No mode defined for component null
2025-12-29 09:42:00,804 [WARN] ModelIntegratedComponent:63 - No mode defined for component null
2025-12-29 09:42:00,804 [WARN] ModelIntegratedComponent:63 - No mode defined for component null
2025-12-29 09:42:00,804 [WARN] ModelIntegratedComponent:63 - No mode defined for component null
2025-12-29 09:42:00,804 [WARN] ModelIntegratedComponent:63 - No mode defined for component null
2025-12-29 09:42:00,804 [WARN] ModelIntegratedComponent:63 - No mode defined for component null
2025-12-29 09:42:00,804 [WARN] ModelIntegratedComponent:63 - No mode defined for component null
2025-12-29 09:42:00,804 [WARN] ModelIntegratedComponent:63 - No mode defined for component null
2025-12-29 09:42:00,804 [WARN] ModelIntegratedComponent:63 - No mode defined for component null
2025-12-29 09:42:00,804 [WARN] ModelIntegratedComponent:63 - No mode defined for component null
2025-12-29 09:42:00,804 [WARN] ModelIntegratedComponent:63 - No mode defined for component null
2025-12-29 09:42:00,804 [WARN] ModelIntegratedComponent:63 - No mode defined for component null
2025-12-29 09:42:00,804 [WARN] ModelIntegratedComponent:63 - No mode defined for component null
2025-12-29 09:42:00,804 [WARN] ModelIntegratedComponent:63 - No mode defined for component null
2025-12-29 09:42:00,804 [WARN] ModelIntegratedComponent:63 - No mode defined for component null
2025-12-29 09:42:00,804 [WARN] ModelIntegratedComponent:63 - No mode defined for component null
2025-12-29 09:42:00,804 [WARN] ModelIntegratedComponent:63 - No mode defined for component null
2025-12-29 09:42:00,804 [WARN] ModelIntegratedComponent:63 - No mode defined for component null
2025-12-29 09:42:00,804 [WARN] ModelIntegratedComponent:63 - No mode defined for component null
2025-12-29 09:42:00,804 [WARN] ModelIntegratedComponent:63 - No mode defined for component null
2025-12-29 09:42:00,804 [WARN] ModelIntegratedComponent:63 - No mode defined for component null
2025-12-29 09:42:00,804 [WARN] ModelIntegratedComponent:63 - No mode defined for component null
2025-12-29 09:42:00,804 [WARN] ModelIntegratedComponent:63 - No mode defined for component null
2025-12-29 09:42:00,804 [WARN] ModelIntegratedComponent:63 - No mode defined for component null
2025-12-29 09:42:00,804 [WARN] ModelIntegratedComponent:63 - No mode defined for component null
2025-12-29 09:42:00,804 [WARN] ModelIntegratedComponent:63 - No mode defined for component null
2025-12-29 09:42:00,804 [WARN] ModelIntegratedComponent:63 - No mode defined for component null
2025-12-29 09:42:00,805 [WARN] ModelIntegratedComponent:63 - No mode defined for component null
2025-12-29 09:42:00,805 [WARN] ModelIntegratedComponent:63 - No mode defined for component null
2025-12-29 09:42:00,805 [WARN] ModelIntegratedComponent:63 - No mode defined for component null
2025-12-29 09:42:00,805 [WARN] ModelIntegratedComponent:63 - No mode defined for component null
2025-12-29 09:42:00,805 [WARN] ModelIntegratedComponent:63 - No mode defined for component null
2025-12-29 09:42:00,805 [WARN] ModelPack:524 - Component already loaded: STMicroelectronics:HAL Drivers:0.0.0:STMicroelectronics:Device:STMicro_Driver:XSPI:HAL::0.0.1:HAL_XSPI
2025-12-29 09:42:00,831 [INFO] ThirdPartyModel:298 - Start build external matchings
2025-12-29 09:42:00,901 [INFO] ThirdPartyModel:316 - End build external matchings
2025-12-29 09:42:01,355 [INFO] UtilMem:75 - End LoadConfig() Used Memory: 827191456 Bytes (1073741824)
2025-12-29 09:42:01,418 [WARN] ThirdParty:833 - waiting for thirdparty lock release [change project]
2025-12-29 09:42:01,418 [INFO] ThirdParty:835 - entering critical section [change project]
2025-12-29 09:42:01,418 [INFO] ThirdParty:1030 - CMSIS Pack Vendor :STMicroelectronics X-CUBE-PM33A1 1.0.0
2025-12-29 09:42:01,420 [INFO] ThirdParty:1030 - CMSIS Pack Vendor :STMicroelectronics USBPD 4.1
2025-12-29 09:42:01,420 [INFO] ThirdParty:1030 - CMSIS Pack Vendor :STMicroelectronics X-CUBE-NFC9 1.0.0
2025-12-29 09:42:01,420 [INFO] ThirdParty:1030 - CMSIS Pack Vendor :STMicroelectronics USB_HOST 2.0.0
2025-12-29 09:42:01,420 [INFO] ThirdParty:1030 - CMSIS Pack Vendor :STMicroelectronics FP-SNS-MOTENVWB1 1.4.0
2025-12-29 09:42:01,420 [INFO] ThirdParty:1030 - CMSIS Pack Vendor :STMicroelectronics X-CUBE-AZRTOS-F4 1.1.0
2025-12-29 09:42:01,420 [INFO] ThirdParty:1030 - CMSIS Pack Vendor :STMicroelectronics LIBJPEG 8.0.0
2025-12-29 09:42:01,420 [INFO] ThirdParty:1030 - CMSIS Pack Vendor :STMicroelectronics FP-ATR-ASTRA1 2.0.2
2025-12-29 09:42:01,420 [INFO] ThirdParty:1030 - CMSIS Pack Vendor :STMicroelectronics X-CUBE-BLE1 7.1.0
2025-12-29 09:42:01,421 [INFO] ThirdParty:1030 - CMSIS Pack Vendor :STMicroelectronics X-CUBE-SMBUS 2.1.0
2025-12-29 09:42:01,421 [INFO] ThirdParty:1030 - CMSIS Pack Vendor :STMicroelectronics USB_DEVICE 3.0.0
2025-12-29 09:42:01,421 [INFO] ThirdParty:1030 - CMSIS Pack Vendor :STMicroelectronics X-CUBE-ISPU 2.1.0
2025-12-29 09:42:01,421 [INFO] ThirdParty:1030 - CMSIS Pack Vendor :STMicroelectronics X-CUBE-AZRTOS-WB 2.0.0
2025-12-29 09:42:01,421 [INFO] ThirdParty:1030 - CMSIS Pack Vendor :STMicroelectronics X-CUBE-AZRTOS-F7 1.1.0
2025-12-29 09:42:01,421 [INFO] ThirdParty:1030 - CMSIS Pack Vendor :STMicroelectronics X-CUBE-AZRTOS-L5 2.0.0
2025-12-29 09:42:01,421 [INFO] ThirdParty:1030 - CMSIS Pack Vendor :STMicroelectronics USB_DEVICE 2.0.0
2025-12-29 09:42:01,421 [INFO] ThirdParty:1030 - CMSIS Pack Vendor :STMicroelectronics X-CUBE-NFC6 3.1.0
2025-12-29 09:42:01,421 [INFO] ThirdParty:1030 - CMSIS Pack Vendor :STMicroelectronics FreeRTOS 0.0.1
2025-12-29 09:42:01,421 [INFO] ThirdParty:1030 - CMSIS Pack Vendor :STMicroelectronics X-CUBE-AZRTOS-G0 1.1.0
2025-12-29 09:42:01,421 [INFO] ThirdParty:1030 - CMSIS Pack Vendor :STMicroelectronics X-CUBE-NFC4 3.0.0
2025-12-29 09:42:01,421 [INFO] ThirdParty:1030 - CMSIS Pack Vendor :STMicroelectronics X-CUBE-SUBG2 5.0.0
2025-12-29 09:42:01,421 [INFO] ThirdParty:1030 - CMSIS Pack Vendor :STMicroelectronics STM32_WPAN 1.0.0
2025-12-29 09:42:01,421 [INFO] ThirdParty:1030 - CMSIS Pack Vendor :STMicroelectronics lwIP 2.0.3
2025-12-29 09:42:01,421 [INFO] ThirdParty:1030 - CMSIS Pack Vendor :STMicroelectronics USB_HOST 1.0.0
2025-12-29 09:42:01,421 [INFO] ThirdParty:1030 - CMSIS Pack Vendor :STMicroelectronics X-CUBE-AZRTOS-G4 2.0.0
2025-12-29 09:42:01,421 [INFO] ThirdParty:1030 - CMSIS Pack Vendor :STMicroelectronics X-CUBE-WB05N 2.0.0
2025-12-29 09:42:01,421 [INFO] ThirdParty:1030 - CMSIS Pack Vendor :STMicroelectronics PDM2PCM 3.1.0
2025-12-29 09:42:01,421 [INFO] ThirdParty:1030 - CMSIS Pack Vendor :STMicroelectronics PDM2PCM 3.3.0
2025-12-29 09:42:01,421 [INFO] ThirdParty:1030 - CMSIS Pack Vendor :STMicroelectronics X-CUBE-DISPLAY 3.0.0
2025-12-29 09:42:01,421 [INFO] ThirdParty:1030 - CMSIS Pack Vendor :STMicroelectronics X-CUBE-NFC7 2.0.0
2025-12-29 09:42:01,421 [INFO] ThirdParty:1030 - CMSIS Pack Vendor :STMicroelectronics X-CUBE-TCPP 4.2.0
2025-12-29 09:42:01,421 [INFO] ThirdParty:1030 - CMSIS Pack Vendor :STMicroelectronics FP-ATR-SIGFOX1 3.2.0
2025-12-29 09:42:01,421 [INFO] ThirdParty:1030 - CMSIS Pack Vendor :STMicroelectronics X-CUBE-NFC10 1.0.0
2025-12-29 09:42:01,421 [INFO] ThirdParty:1030 - CMSIS Pack Vendor :STMicroelectronics HAL Drivers 0.0.0
2025-12-29 09:42:01,421 [INFO] ThirdParty:1030 - CMSIS Pack Vendor :STMicroelectronics MBEDTLS 2.16.2
2025-12-29 09:42:01,421 [INFO] ThirdParty:1030 - CMSIS Pack Vendor :STMicroelectronics X-CUBE-ALS 1.0.2
2025-12-29 09:42:01,421 [INFO] ThirdParty:1030 - CMSIS Pack Vendor :STMicroelectronics MBEDTLS 2.14.1
2025-12-29 09:42:01,421 [INFO] ThirdParty:1030 - CMSIS Pack Vendor :STMicroelectronics ThreadX 1.0.0
2025-12-29 09:42:01,421 [INFO] ThirdParty:1030 - CMSIS Pack Vendor :STMicroelectronics FP-SNS-SMARTAG2 1.2.0
2025-12-29 09:42:01,421 [INFO] ThirdParty:1030 - CMSIS Pack Vendor :STMicroelectronics FP-SNS-FLIGHT1 5.1.0
2025-12-29 09:42:01,421 [INFO] ThirdParty:1030 - CMSIS Pack Vendor :STMicroelectronics X-CUBE-AZRTOS-WL 2.0.0
2025-12-29 09:42:01,422 [INFO] ThirdParty:1030 - CMSIS Pack Vendor :STMicroelectronics X-CUBE-ALGOBUILD 1.4.0
2025-12-29 09:42:01,422 [INFO] ThirdParty:1030 - CMSIS Pack Vendor :STMicroelectronics X-CUBE-DPower 1.3.0
2025-12-29 09:42:01,422 [INFO] ThirdParty:1030 - CMSIS Pack Vendor :STMicroelectronics USB_DEVICE 1.0.0
2025-12-29 09:42:01,422 [INFO] ThirdParty:1030 - CMSIS Pack Vendor :STMicroelectronics X-CUBE-AZRTOS-L4 2.0.0
2025-12-29 09:42:01,422 [INFO] ThirdParty:1030 - CMSIS Pack Vendor :STMicroelectronics ThreadX 0.0.2
2025-12-29 09:42:01,422 [INFO] ThirdParty:1030 - CMSIS Pack Vendor :STMicroelectronics lwIP 2.1.2
2025-12-29 09:42:01,422 [INFO] ThirdParty:1030 - CMSIS Pack Vendor :STMicroelectronics X-CUBE-SFXS2LP1 4.0.0
2025-12-29 09:42:01,422 [INFO] ThirdParty:1030 - CMSIS Pack Vendor :STMicroelectronics X-CUBE-BLE2 3.3.0
2025-12-29 09:42:01,422 [INFO] ThirdParty:1030 - CMSIS Pack Vendor :STMicroelectronics X-CUBE-TOF1 3.4.3
2025-12-29 09:42:01,422 [INFO] ThirdParty:1030 - CMSIS Pack Vendor :STMicroelectronics PDM2PCM 3.2.0
2025-12-29 09:42:01,422 [INFO] ThirdParty:841 - exiting critical section [change project]
2025-12-29 09:42:01,703 [INFO] PinOutPanel:1589 - setPackage(No Configuration,No Configuration)
2025-12-29 09:42:01,704 [INFO] PinOutPanel:1589 - setPackage(STM32F407VGTx,LQFP100)
2025-12-29 09:42:01,917 [INFO] UtilMem:75 - Before build in PCC Used Memory: 988173288 Bytes (1073741824)
2025-12-29 09:42:02,129 [INFO] UtilMem:75 - After build in PCC Used Memory: 751710824 Bytes (1073741824)
2025-12-29 09:42:02,150 [INFO] IPUIPlugin:80 - create IPUIPlugin
2025-12-29 09:42:02,151 [INFO] IPUIPlugin:80 - create IPUIPlugin
2025-12-29 09:42:02,151 [INFO] IPUIPlugin:80 - create IPUIPlugin
2025-12-29 09:42:02,151 [INFO] IPUIPlugin:80 - create IPUIPlugin
2025-12-29 09:42:02,151 [INFO] IPUIPlugin:80 - create IPUIPlugin
2025-12-29 09:42:02,151 [INFO] IPUIPlugin:80 - create IPUIPlugin
2025-12-29 09:42:02,151 [INFO] IPUIPlugin:80 - create IPUIPlugin
2025-12-29 09:42:02,151 [INFO] IPUIPlugin:80 - create IPUIPlugin
2025-12-29 09:42:02,151 [INFO] IPUIPlugin:80 - create IPUIPlugin
2025-12-29 09:42:02,151 [INFO] IPUIPlugin:80 - create IPUIPlugin
2025-12-29 09:42:02,151 [INFO] IPUIPlugin:80 - create IPUIPlugin
2025-12-29 09:42:02,151 [INFO] IPUIPlugin:80 - create IPUIPlugin
2025-12-29 09:42:02,151 [INFO] IPUIPlugin:80 - create IPUIPlugin
2025-12-29 09:42:02,151 [INFO] IPUIPlugin:80 - create IPUIPlugin
2025-12-29 09:42:02,151 [INFO] IPUIPlugin:80 - create IPUIPlugin
2025-12-29 09:42:02,151 [INFO] IPUIPlugin:80 - create IPUIPlugin
2025-12-29 09:42:02,151 [INFO] IPUIPlugin:80 - create IPUIPlugin
2025-12-29 09:42:02,152 [INFO] IPUIPlugin:80 - create IPUIPlugin
2025-12-29 09:42:02,152 [INFO] IPUIPlugin:80 - create IPUIPlugin
2025-12-29 09:42:02,152 [INFO] IPUIPlugin:80 - create IPUIPlugin
2025-12-29 09:42:02,152 [INFO] IPUIPlugin:80 - create IPUIPlugin
2025-12-29 09:42:02,152 [INFO] IPUIPlugin:80 - create IPUIPlugin
2025-12-29 09:42:02,152 [INFO] IPUIPlugin:80 - create IPUIPlugin
2025-12-29 09:42:02,152 [INFO] IPUIPlugin:80 - create IPUIPlugin
2025-12-29 09:42:02,152 [INFO] IPUIPlugin:80 - create IPUIPlugin
2025-12-29 09:42:02,152 [INFO] IPUIPlugin:80 - create IPUIPlugin
2025-12-29 09:42:02,152 [INFO] IPUIPlugin:80 - create IPUIPlugin
2025-12-29 09:42:02,153 [INFO] IPUIPlugin:80 - create IPUIPlugin
2025-12-29 09:42:02,153 [INFO] IPUIPlugin:80 - create IPUIPlugin
2025-12-29 09:42:02,153 [INFO] IPUIPlugin:80 - create IPUIPlugin
2025-12-29 09:42:02,153 [INFO] IPUIPlugin:80 - create IPUIPlugin
2025-12-29 09:42:02,153 [INFO] IPUIPlugin:80 - create IPUIPlugin
2025-12-29 09:42:02,153 [INFO] IPUIPlugin:80 - create IPUIPlugin
2025-12-29 09:42:02,153 [INFO] IPUIPlugin:80 - create IPUIPlugin
2025-12-29 09:42:02,154 [INFO] IPUIPlugin:80 - create IPUIPlugin
2025-12-29 09:42:02,154 [INFO] IPUIPlugin:80 - create IPUIPlugin
2025-12-29 09:42:02,154 [INFO] IPUIPlugin:80 - create IPUIPlugin
2025-12-29 09:42:02,154 [INFO] IPUIPlugin:80 - create IPUIPlugin
2025-12-29 09:42:02,154 [INFO] IPUIPlugin:80 - create IPUIPlugin
2025-12-29 09:42:02,154 [INFO] IPUIPlugin:80 - create IPUIPlugin
2025-12-29 09:42:02,154 [INFO] IPUIPlugin:80 - create IPUIPlugin
2025-12-29 09:42:02,154 [INFO] IPUIPlugin:80 - create IPUIPlugin
2025-12-29 09:42:02,155 [INFO] IPUIPlugin:80 - create IPUIPlugin
2025-12-29 09:42:02,155 [INFO] IPUIPlugin:80 - create IPUIPlugin
2025-12-29 09:42:02,155 [INFO] IPUIPlugin:80 - create IPUIPlugin
2025-12-29 09:42:02,155 [INFO] IPUIPlugin:80 - create IPUIPlugin
2025-12-29 09:42:02,155 [INFO] IPUIPlugin:80 - create IPUIPlugin
2025-12-29 09:42:02,155 [INFO] IPUIPlugin:80 - create IPUIPlugin
2025-12-29 09:42:02,155 [INFO] IPUIPlugin:80 - create IPUIPlugin
2025-12-29 09:42:02,155 [INFO] IPUIPlugin:80 - create IPUIPlugin
2025-12-29 09:42:02,156 [INFO] IPUIPlugin:80 - create IPUIPlugin
2025-12-29 09:42:02,156 [INFO] IPUIPlugin:80 - create IPUIPlugin
2025-12-29 09:42:02,156 [INFO] IPUIPlugin:80 - create IPUIPlugin
2025-12-29 09:42:02,156 [INFO] IPUIPlugin:80 - create IPUIPlugin
2025-12-29 09:42:02,156 [INFO] IPUIPlugin:80 - create IPUIPlugin
2025-12-29 09:42:02,156 [INFO] IPUIPlugin:80 - create IPUIPlugin
2025-12-29 09:42:02,156 [INFO] IPUIPlugin:80 - create IPUIPlugin
2025-12-29 09:42:02,157 [INFO] IPUIPlugin:80 - create IPUIPlugin
2025-12-29 09:42:02,166 [INFO] ApiDbMcu:532 - Load IP Config File for PDM2PCM
2025-12-29 09:42:02,192 [INFO] CADModel:165 - CPN selected for project levelSTM32F407VGT6
2025-12-29 09:42:02,192 [INFO] CADModel:114 - Register for checkConnection events
2025-12-29 09:42:02,244 [INFO] OpenFileManager:386 - Restore cursor
2025-12-29 09:42:02,816 [INFO] UtilMem:75 - End SaveConfig() Used Memory: 843719960 Bytes (1073741824)
2025-12-29 09:42:02,903 [INFO] UtilMem:75 - End SaveConfig() Used Memory: 862853160 Bytes (1073741824)
2025-12-29 09:42:03,018 [INFO] BlockDiagram:2775 - set Specific Code input for plugin: SYS
2025-12-29 09:42:03,018 [INFO] BlockDiagram:2775 - set Specific Code input for plugin: RCC
2025-12-29 09:42:03,018 [INFO] BlockDiagram:2775 - set Specific Code input for plugin: NVIC
2025-12-29 09:42:03,018 [INFO] BlockDiagram:2775 - set Specific Code input for plugin: GPIO
2025-12-29 09:42:03,019 [INFO] CodeGenerator:892 - code generatio: config db path: C:\ST\STM32CubeIDE_1.19.0\STM32CubeIDE\plugins\com.st.stm32cube.common.mx_6.15.0.202507011659\\db\
2025-12-29 09:42:03,092 [INFO] CodeEngine:265 - oldGeneratedFile, C:\Users\aditi\OneDrive\Desktop\Sunbeam_Internship\ARM_94076_Aditi\assignment_7\code2_Cursor Position Control\MXTmpFiles\license.tmp_save
2025-12-29 09:42:03,300 [INFO] CodeEngine:289 - Generated code: C:\Users\aditi\OneDrive\Desktop\Sunbeam_Internship\ARM_94076_Aditi\assignment_7\code2_Cursor Position Control\MXTmpFiles\license.tmp
2025-12-29 09:42:03,368 [INFO] CodeEngine:265 - oldGeneratedFile, C:\Users\aditi\OneDrive\Desktop\Sunbeam_Internship\ARM_94076_Aditi\assignment_7\code2_Cursor Position Control\MXTmpFiles\gpio.tmp_save
2025-12-29 09:42:03,482 [INFO] CodeEngine:289 - Generated code: C:\Users\aditi\OneDrive\Desktop\Sunbeam_Internship\ARM_94076_Aditi\assignment_7\code2_Cursor Position Control\MXTmpFiles\gpio.tmp
2025-12-29 09:42:03,521 [INFO] CodeEngine:265 - oldGeneratedFile, C:\Users\aditi\OneDrive\Desktop\Sunbeam_Internship\ARM_94076_Aditi\assignment_7\code2_Cursor Position Control\Core\Src\stm32f4xx_it.c_save
2025-12-29 09:42:03,704 [INFO] CodeEngine:289 - Generated code: C:\Users\aditi\OneDrive\Desktop\Sunbeam_Internship\ARM_94076_Aditi\assignment_7\code2_Cursor Position Control\Core\Src\stm32f4xx_it.c
2025-12-29 09:42:03,714 [INFO] CodeEngine:265 - oldGeneratedFile, C:\Users\aditi\OneDrive\Desktop\Sunbeam_Internship\ARM_94076_Aditi\assignment_7\code2_Cursor Position Control\Core\Inc\stm32f4xx_it.h_save
2025-12-29 09:42:03,795 [INFO] CodeEngine:289 - Generated code: C:\Users\aditi\OneDrive\Desktop\Sunbeam_Internship\ARM_94076_Aditi\assignment_7\code2_Cursor Position Control\Core\Inc\stm32f4xx_it.h
2025-12-29 09:42:03,814 [INFO] CodeEngine:265 - oldGeneratedFile, C:\Users\aditi\OneDrive\Desktop\Sunbeam_Internship\ARM_94076_Aditi\assignment_7\code2_Cursor Position Control\Core\Src\stm32f4xx_hal_msp.c_save
2025-12-29 09:42:03,944 [INFO] CodeEngine:289 - Generated code: C:\Users\aditi\OneDrive\Desktop\Sunbeam_Internship\ARM_94076_Aditi\assignment_7\code2_Cursor Position Control\Core\Src\stm32f4xx_hal_msp.c
2025-12-29 09:42:03,961 [INFO] CodeEngine:265 - oldGeneratedFile, C:\Users\aditi\OneDrive\Desktop\Sunbeam_Internship\ARM_94076_Aditi\assignment_7\code2_Cursor Position Control\MXTmpFiles\system.tmp_save
2025-12-29 09:42:04,037 [INFO] CodeEngine:289 - Generated code: C:\Users\aditi\OneDrive\Desktop\Sunbeam_Internship\ARM_94076_Aditi\assignment_7\code2_Cursor Position Control\MXTmpFiles\system.tmp
2025-12-29 09:42:04,060 [INFO] CodeEngine:321 - oldGeneratedFile, C:\Users\aditi\OneDrive\Desktop\Sunbeam_Internship\ARM_94076_Aditi\assignment_7\code2_Cursor Position Control\Core\Inc\stm32f4xx_hal_conf.h_save
2025-12-29 09:42:04,122 [INFO] CodeEngine:345 - Generated code: C:\Users\aditi\OneDrive\Desktop\Sunbeam_Internship\ARM_94076_Aditi\assignment_7\code2_Cursor Position Control\Core\Inc\stm32f4xx_hal_conf.h
2025-12-29 09:42:04,149 [INFO] ApiDbMcu:532 - Load IP Config File for RCC
2025-12-29 09:42:04,161 [INFO] CodeEngine:265 - oldGeneratedFile, C:\Users\aditi\OneDrive\Desktop\Sunbeam_Internship\ARM_94076_Aditi\assignment_7\code2_Cursor Position Control\Core\Inc\main.h_save
2025-12-29 09:42:04,254 [INFO] CodeEngine:289 - Generated code: C:\Users\aditi\OneDrive\Desktop\Sunbeam_Internship\ARM_94076_Aditi\assignment_7\code2_Cursor Position Control\Core\Inc\main.h
2025-12-29 09:42:04,262 [INFO] CodeEngine:265 - oldGeneratedFile, C:\Users\aditi\OneDrive\Desktop\Sunbeam_Internship\ARM_94076_Aditi\assignment_7\code2_Cursor Position Control\Core\Src\main.c_save
2025-12-29 09:42:04,376 [INFO] CodeEngine:289 - Generated code: C:\Users\aditi\OneDrive\Desktop\Sunbeam_Internship\ARM_94076_Aditi\assignment_7\code2_Cursor Position Control\Core\Src\main.c
2025-12-29 09:42:05,864 [INFO] ProjectBuilder:3606 - Time for Copy HAL[1] : 1314mS.
2025-12-29 09:42:05,897 [INFO] ProjectBuilder:5216 - Project Generator version: 4.7.0-B52
2025-12-29 09:42:05,942 [INFO] ConfigFileManager:1595 - The Die is : DIE413
2025-12-29 09:42:05,946 [INFO] ApiDbMcu:532 - Load IP Config File for FATFS
2025-12-29 09:42:05,949 [INFO] ApiDbMcu:532 - Load IP Config File for FREERTOS
2025-12-29 09:42:05,952 [INFO] ApiDbMcu:532 - Load IP Config File for LIBJPEG
2025-12-29 09:42:05,959 [INFO] ApiDbMcu:532 - Load IP Config File for LWIP
2025-12-29 09:42:05,964 [INFO] ApiDbMcu:532 - Load IP Config File for MBEDTLS
2025-12-29 09:42:05,969 [INFO] ApiDbMcu:532 - Load IP Config File for USB_DEVICE
2025-12-29 09:42:05,972 [INFO] ApiDbMcu:532 - Load IP Config File for USB_HOST
2025-12-29 09:42:08,253 [INFO] ProjectBuilder:5496 - Time for Generating toolchain IDE Files: 2356mS.
2025-12-29 09:42:08,254 [INFO] ProjectBuilder:3463 - Time for Copy CMSIS : 0mS.
2025-12-29 09:42:08,259 [INFO] ProjectBuilder:3463 - Time for Copy CMSIS : 0mS.
2025-12-29 09:42:08,861 [INFO] McuFinderGlobals:76 - Set McuFinderConnectedMode to true
2025-12-29 09:42:08,865 [INFO] ApiDb:448 - Save user favorites file C:\Users\aditi/.stm32cubeide/favorites.mcus.txt: 0 item(s)
2025-12-29 09:42:08,865 [INFO] ApiDb:452 - User favorites MCUs=[]
2025-12-29 09:42:08,866 [INFO] ApiDb:448 - Save user favorites file C:\Users\aditi/.stm32cubeide/favorites.boards.txt: 1 item(s)
2025-12-29 09:42:08,867 [INFO] ApiDb:452 - User favorites Boards=[STM32F407G-DISC1]
2025-12-29 09:42:15,629 [WARN] IP:2250 - I2C_Coeff_DF not found: check if there is a RefParameter without a condition.
2025-12-29 09:42:15,630 [WARN] IP:2250 - Analog_Filter not found: check if there is a RefParameter without a condition.
2025-12-29 09:42:15,667 [WARN] IP:2250 - I2C_Coeff_DF not found: check if there is a RefParameter without a condition.
2025-12-29 09:42:15,668 [WARN] IP:2250 - Analog_Filter not found: check if there is a RefParameter without a condition.
2025-12-29 09:42:15,668 [WARN] IP:2250 - I2C_Coeff_DF not found: check if there is a RefParameter without a condition.
2025-12-29 09:42:15,668 [WARN] IP:2250 - Analog_Filter not found: check if there is a RefParameter without a condition.
2025-12-29 09:42:15,745 [WARN] IP:2250 - I2C_Coeff_DF not found: check if there is a RefParameter without a condition.
2025-12-29 09:42:15,745 [WARN] IP:2250 - Analog_Filter not found: check if there is a RefParameter without a condition.
2025-12-29 09:42:15,747 [WARN] IP:2250 - I2C_Coeff_DF not found: check if there is a RefParameter without a condition.
2025-12-29 09:42:15,747 [WARN] IP:2250 - Analog_Filter not found: check if there is a RefParameter without a condition.
2025-12-29 09:42:17,187 [INFO] UtilMem:75 - End SaveConfig() Used Memory: 866243288 Bytes (1073741824)
2025-12-29 09:42:18,841 [INFO] UtilMem:75 - End SaveConfig() Used Memory: 892984024 Bytes (1073741824)
2025-12-29 09:42:18,970 [INFO] UtilMem:75 - End SaveConfig() Used Memory: 916052696 Bytes (1073741824)
2025-12-29 09:42:19,075 [INFO] BlockDiagram:2775 - set Specific Code input for plugin: SYS
2025-12-29 09:42:19,075 [INFO] BlockDiagram:2775 - set Specific Code input for plugin: RCC
2025-12-29 09:42:19,075 [INFO] BlockDiagram:2775 - set Specific Code input for plugin: I2C
2025-12-29 09:42:19,075 [INFO] BlockDiagram:2775 - set Specific Code input for plugin: NVIC
2025-12-29 09:42:19,076 [INFO] BlockDiagram:2775 - set Specific Code input for plugin: GPIO
2025-12-29 09:42:19,078 [INFO] CodeGenerator:892 - code generatio: config db path: C:\ST\STM32CubeIDE_1.19.0\STM32CubeIDE\plugins\com.st.stm32cube.common.mx_6.15.0.202507011659\\db\
2025-12-29 09:42:19,079 [WARN] IP:2250 - I2C_Coeff_DF not found: check if there is a RefParameter without a condition.
2025-12-29 09:42:19,079 [WARN] IP:2250 - Analog_Filter not found: check if there is a RefParameter without a condition.
2025-12-29 09:42:19,135 [INFO] CodeEngine:265 - oldGeneratedFile, C:\Users\aditi\OneDrive\Desktop\Sunbeam_Internship\ARM_94076_Aditi\assignment_7\code2_Cursor Position Control\MXTmpFiles\license.tmp_save
2025-12-29 09:42:19,187 [INFO] CodeEngine:289 - Generated code: C:\Users\aditi\OneDrive\Desktop\Sunbeam_Internship\ARM_94076_Aditi\assignment_7\code2_Cursor Position Control\MXTmpFiles\license.tmp
2025-12-29 09:42:19,233 [INFO] CodeEngine:265 - oldGeneratedFile, C:\Users\aditi\OneDrive\Desktop\Sunbeam_Internship\ARM_94076_Aditi\assignment_7\code2_Cursor Position Control\MXTmpFiles\gpio.tmp_save
2025-12-29 09:42:19,287 [INFO] CodeEngine:289 - Generated code: C:\Users\aditi\OneDrive\Desktop\Sunbeam_Internship\ARM_94076_Aditi\assignment_7\code2_Cursor Position Control\MXTmpFiles\gpio.tmp
2025-12-29 09:42:19,350 [INFO] CodeEngine:265 - oldGeneratedFile, C:\Users\aditi\OneDrive\Desktop\Sunbeam_Internship\ARM_94076_Aditi\assignment_7\code2_Cursor Position Control\Core\Src\stm32f4xx_it.c_save
2025-12-29 09:42:19,413 [INFO] CodeEngine:289 - Generated code: C:\Users\aditi\OneDrive\Desktop\Sunbeam_Internship\ARM_94076_Aditi\assignment_7\code2_Cursor Position Control\Core\Src\stm32f4xx_it.c
2025-12-29 09:42:19,425 [INFO] CodeEngine:265 - oldGeneratedFile, C:\Users\aditi\OneDrive\Desktop\Sunbeam_Internship\ARM_94076_Aditi\assignment_7\code2_Cursor Position Control\Core\Inc\stm32f4xx_it.h_save
2025-12-29 09:42:19,478 [INFO] CodeEngine:289 - Generated code: C:\Users\aditi\OneDrive\Desktop\Sunbeam_Internship\ARM_94076_Aditi\assignment_7\code2_Cursor Position Control\Core\Inc\stm32f4xx_it.h
2025-12-29 09:42:19,500 [INFO] CodeEngine:265 - oldGeneratedFile, C:\Users\aditi\OneDrive\Desktop\Sunbeam_Internship\ARM_94076_Aditi\assignment_7\code2_Cursor Position Control\Core\Src\stm32f4xx_hal_msp.c_save
2025-12-29 09:42:19,572 [INFO] CodeEngine:289 - Generated code: C:\Users\aditi\OneDrive\Desktop\Sunbeam_Internship\ARM_94076_Aditi\assignment_7\code2_Cursor Position Control\Core\Src\stm32f4xx_hal_msp.c
2025-12-29 09:42:19,581 [INFO] CodeEngine:265 - oldGeneratedFile, C:\Users\aditi\OneDrive\Desktop\Sunbeam_Internship\ARM_94076_Aditi\assignment_7\code2_Cursor Position Control\MXTmpFiles\system.tmp_save
2025-12-29 09:42:19,619 [INFO] CodeEngine:289 - Generated code: C:\Users\aditi\OneDrive\Desktop\Sunbeam_Internship\ARM_94076_Aditi\assignment_7\code2_Cursor Position Control\MXTmpFiles\system.tmp
2025-12-29 09:42:19,634 [INFO] CodeEngine:321 - oldGeneratedFile, C:\Users\aditi\OneDrive\Desktop\Sunbeam_Internship\ARM_94076_Aditi\assignment_7\code2_Cursor Position Control\Core\Inc\stm32f4xx_hal_conf.h_save
2025-12-29 09:42:19,681 [INFO] CodeEngine:345 - Generated code: C:\Users\aditi\OneDrive\Desktop\Sunbeam_Internship\ARM_94076_Aditi\assignment_7\code2_Cursor Position Control\Core\Inc\stm32f4xx_hal_conf.h
2025-12-29 09:42:19,697 [INFO] ApiDbMcu:532 - Load IP Config File for I2C1
2025-12-29 09:42:19,712 [INFO] CodeEngine:265 - oldGeneratedFile, C:\Users\aditi\OneDrive\Desktop\Sunbeam_Internship\ARM_94076_Aditi\assignment_7\code2_Cursor Position Control\Core\Inc\main.h_save
2025-12-29 09:42:19,765 [INFO] CodeEngine:289 - Generated code: C:\Users\aditi\OneDrive\Desktop\Sunbeam_Internship\ARM_94076_Aditi\assignment_7\code2_Cursor Position Control\Core\Inc\main.h
2025-12-29 09:42:19,775 [INFO] CodeEngine:265 - oldGeneratedFile, C:\Users\aditi\OneDrive\Desktop\Sunbeam_Internship\ARM_94076_Aditi\assignment_7\code2_Cursor Position Control\Core\Src\main.c_save
2025-12-29 09:42:19,849 [INFO] CodeEngine:289 - Generated code: C:\Users\aditi\OneDrive\Desktop\Sunbeam_Internship\ARM_94076_Aditi\assignment_7\code2_Cursor Position Control\Core\Src\main.c
2025-12-29 09:42:21,258 [INFO] ProjectBuilder:3606 - Time for Copy HAL[1] : 1307mS.
2025-12-29 09:42:21,265 [INFO] ProjectBuilder:5216 - Project Generator version: 4.7.0-B52
2025-12-29 09:42:21,304 [INFO] ConfigFileManager:1595 - The Die is : DIE413
2025-12-29 09:42:22,153 [INFO] ProjectBuilder:5496 - Time for Generating toolchain IDE Files: 888mS.
2025-12-29 09:42:22,155 [INFO] ProjectBuilder:3463 - Time for Copy CMSIS : 1mS.
2025-12-29 09:42:22,168 [INFO] ProjectBuilder:3463 - Time for Copy CMSIS : 1mS.
2025-12-29 09:50:10,457 [INFO] MainUpdater:2872 - connection check result : 10
2025-12-29 09:50:10,549 [INFO] McuFinderGlobals:76 - Set McuFinderConnectedMode to true
2025-12-29 09:50:10,553 [INFO] MultiScanPanel:200 - Auto-refresh data requested => check proxy status ongoing
2025-12-29 09:50:10,554 [INFO] FinderPluginLoader:96 - Searching for filters in installed packs
2025-12-29 09:50:11,592 [INFO] LoadUrlFilesThread:185 - End of LoadServerUrlFiles without Thread
2025-12-29 09:50:11,592 [INFO] DetailPanel:341 - Set advertising image to C:/Users/aditi/STM32Cube/Repository/\en.prom-st67w-expansion-board.png
2025-12-29 09:50:14,514 [INFO] MultiScanPanel:200 - Auto-refresh data requested => check proxy status ongoing
2025-12-29 09:50:14,572 [INFO] LoadUrlFilesThread:185 - End of LoadServerUrlFiles without Thread
2025-12-29 09:50:14,573 [INFO] DetailPanel:341 - Set advertising image to C:/Users/aditi/STM32Cube/Repository/\en.prom-st67w-expansion-board.png
2025-12-29 09:50:33,360 [INFO] MainUpdater:2872 - connection check result : 10
2025-12-29 09:50:33,360 [INFO] MainUpdater:2872 - connection check result : 10
2025-12-29 09:50:33,447 [INFO] MicroXplorer:468 - Change Database Path : 
2025-12-29 09:50:33,447 [INFO] MicroXplorer:498 - Change Database Version : DB.6.0.150
2025-12-29 09:50:33,504 [ERROR] ProjectManagerView:395 - 
java.lang.NullPointerException: Cannot invoke "javax.swing.JTextField.getText()" because the return value of "java.util.List.get(int)" is null
	at com.st.microxplorer.plugins.projectmanager.gui.ProjectChoiceTab$9.caretUpdate(ProjectChoiceTab.java:2706) ~[filemanager.jar:?]
	at javax.swing.text.JTextComponent.fireCaretUpdate(JTextComponent.java:408) ~[?:?]
	at javax.swing.text.JTextComponent$MutableCaretEvent.fire(JTextComponent.java:4484) ~[?:?]
	at javax.swing.text.JTextComponent$MutableCaretEvent.stateChanged(JTextComponent.java:4506) ~[?:?]
	at javax.swing.text.DefaultCaret.fireStateChanged(DefaultCaret.java:857) ~[?:?]
	at javax.swing.text.DefaultCaret.changeCaretPosition(DefaultCaret.java:1343) ~[?:?]
	at javax.swing.text.DefaultCaret.handleSetDot(DefaultCaret.java:1242) ~[?:?]
	at javax.swing.text.DefaultCaret.setDot(DefaultCaret.java:1223) ~[?:?]
	at javax.swing.text.DefaultCaret$Handler.insertUpdate(DefaultCaret.java:1819) ~[?:?]
	at javax.swing.text.AbstractDocument.fireInsertUpdate(AbstractDocument.java:227) ~[?:?]
	at javax.swing.text.AbstractDocument.handleInsertString(AbstractDocument.java:781) ~[?:?]
	at javax.swing.text.AbstractDocument.insertString(AbstractDocument.java:740) ~[?:?]
	at javax.swing.text.PlainDocument.insertString(PlainDocument.java:131) ~[?:?]
	at javax.swing.text.AbstractDocument.replace(AbstractDocument.java:699) ~[?:?]
	at javax.swing.text.JTextComponent.setText(JTextComponent.java:1725) ~[?:?]
	at com.st.microxplorer.plugins.projectmanager.gui.ProjectChoiceTab.createHeapStackFields(ProjectChoiceTab.java:993) ~[filemanager.jar:?]
	at com.st.microxplorer.plugins.projectmanager.gui.ProjectChoiceTab.buildLinkSettingsPanel(ProjectChoiceTab.java:3813) ~[filemanager.jar:?]
	at com.st.microxplorer.plugins.projectmanager.gui.ProjectChoiceTab.defineWindowsFields(ProjectChoiceTab.java:1987) ~[filemanager.jar:?]
	at com.st.microxplorer.plugins.projectmanager.gui.ProjectChoiceTab.updateSettings(ProjectChoiceTab.java:558) ~[filemanager.jar:?]
	at com.st.microxplorer.plugins.projectmanager.gui.ProjectSettingsPanel.UpdateDialog(ProjectSettingsPanel.java:247) ~[filemanager.jar:?]
	at com.st.microxplorer.plugins.projectmanager.ProjectManagerView.propertyChange(ProjectManagerView.java:392) ~[filemanager.jar:?]
	at java.beans.PropertyChangeSupport.fire(PropertyChangeSupport.java:343) ~[?:?]
	at java.beans.PropertyChangeSupport.firePropertyChange(PropertyChangeSupport.java:335) ~[?:?]
	at java.beans.PropertyChangeSupport.firePropertyChange(PropertyChangeSupport.java:268) ~[?:?]
	at com.st.microxplorer.util.MXPropertyChangeSupport.firePropertyChange(MXPropertyChangeSupport.java:54) ~[STM32CubeMX.jar:?]
	at com.st.microxplorer.mxsystem.MxSystem.closeConfig(MxSystem.java:899) ~[STM32CubeMX.jar:?]
	at com.st.microxplorer.maingui.MainPanel.closeConfig(MainPanel.java:792) ~[STM32CubeMX.jar:?]
	at com.st.microxplorer.plugins.filemanager.engine.OpenFileManager.loadConfigurationFile(OpenFileManager.java:288) ~[filemanager.jar:?]
	at com.st.microxplorer.plugins.filemanager.engine.MainFileManager.userLoadConfig(MainFileManager.java:364) ~[filemanager.jar:?]
	at com.st.microxplorer.plugins.filemanager.FileManagerView.getSpecificTask(FileManagerView.java:268) ~[filemanager.jar:?]
	at com.st.stm32cube.common.mx.editor.CubeMxEditor.getMxTabbedPaneInstance(CubeMxEditor.java:1191) ~[com.st.stm32cube.common.mx_6.15.0.202507011659/:?]
	at com.st.stm32cube.common.mx.editor.CubeMxEditor$12$1.createSwingComponent(CubeMxEditor.java:1068) ~[com.st.stm32cube.common.mx_6.15.0.202507011659/:?]
	at com.st.stm32cube.common.mx.oss.core.awtswtbridge.EmbeddedSwingComposite.doComponentCreation(EmbeddedSwingComposite.java:492) ~[com.st.stm32cube.common.mx.oss_6.15.0.202507011659/:?]
	at com.st.stm32cube.common.mx.oss.core.awtswtbridge.EmbeddedSwingComposite$4.run(EmbeddedSwingComposite.java:291) ~[com.st.stm32cube.common.mx.oss_6.15.0.202507011659/:?]
	at com.st.stm32cube.common.mx.oss.core.awtswtbridge.AwtEnvironment$2.run(AwtEnvironment.java:166) ~[com.st.stm32cube.common.mx.oss_6.15.0.202507011659/:?]
	at java.awt.event.InvocationEvent.dispatch(InvocationEvent.java:318) ~[?:?]
	at java.awt.EventQueue.dispatchEventImpl(EventQueue.java:773) ~[?:?]
	at java.awt.EventQueue$4.run(EventQueue.java:720) ~[?:?]
	at java.awt.EventQueue$4.run(EventQueue.java:714) ~[?:?]
	at java.security.AccessController.doPrivileged(AccessController.java:400) ~[?:?]
	at java.security.ProtectionDomain$JavaSecurityAccessImpl.doIntersectionPrivilege(ProtectionDomain.java:87) ~[?:?]
	at java.awt.EventQueue.dispatchEvent(EventQueue.java:742) ~[?:?]
	at java.awt.EventDispatchThread.pumpOneEventForFilters(EventDispatchThread.java:203) ~[?:?]
	at java.awt.EventDispatchThread.pumpEventsForFilter(EventDispatchThread.java:124) ~[?:?]
	at java.awt.EventDispatchThread.pumpEventsForHierarchy(EventDispatchThread.java:113) ~[?:?]
	at java.awt.EventDispatchThread.pumpEvents(EventDispatchThread.java:109) ~[?:?]
	at java.awt.EventDispatchThread.pumpEvents(EventDispatchThread.java:101) ~[?:?]
	at java.awt.EventDispatchThread.run(EventDispatchThread.java:90) ~[?:?]
2025-12-29 09:50:33,510 [WARN] ThirdParty:871 - waiting for thirdparty lock release [close project]
2025-12-29 09:50:33,510 [INFO] ThirdParty:873 - entering critical section [close project]
2025-12-29 09:50:33,510 [INFO] ThirdParty:883 - exiting critical section [close project]
2025-12-29 09:50:33,515 [INFO] PinOutPanel:1589 - setPackage(No Configuration,No Configuration)
2025-12-29 09:50:33,545 [WARN] IpParametersView:155 - Warning: This peripheral hasn't parameters
2025-12-29 09:50:33,565 [WARN] MainPanel:289 - <html><b><center>Warning: This peripheral has no parameters to be configured<br></b></html>
2025-12-29 09:50:33,576 [INFO] UtilMem:75 - Begin LoadConfig() Used Memory: 767660032 Bytes (1073741824)
2025-12-29 09:50:33,578 [INFO] OpenFileManager:355 - Change cursor
2025-12-29 09:50:33,618 [INFO] RulesReader:64 - Compatibility file has been processed (317 Rules)
2025-12-29 09:50:33,626 [INFO] ProjectFactory:514 - No CPN specified for board STM32F407G-DISC1 => set CPN to STM32F407VGT6
2025-12-29 09:50:33,626 [INFO] Mcu:2029 - Initializing MCU STM32F407V(E-G)Tx STM32F407VGTx STM32F407VGT6
2025-12-29 09:50:35,550 [INFO] Context:786 - Trying to add GPIOservice into a context  which must be forbidden
2025-12-29 09:50:36,144 [INFO] Rule:233 - rule 117617 - U5Cobra4M][GTZC] default value MPCBB3 and MPCBB5 - Not Secured memory - MPCBB1 is applicable
2025-12-29 09:50:36,144 [INFO] Rule:233 - rule 117617 - U5Cobra4M][GTZC] default value MPCBB3 and MPCBB5 - Not Secured memory - MPCBB1 is applicable
2025-12-29 09:50:36,144 [INFO] Rule:233 - rule 117617 - U5Cobra4M][GTZC] default value MPCBB3 and MPCBB5 - Not Secured memory - MPCBB2 is applicable
2025-12-29 09:50:36,144 [INFO] Rule:233 - rule 117617 - U5Cobra4M][GTZC] default value MPCBB3 and MPCBB5 - Not Secured memory - MPCBB2 is applicable
2025-12-29 09:50:36,144 [INFO] Rule:233 - rule 117617 - U5Cobra4M][GTZC] default value MPCBB3 and MPCBB5 - Not Secured memory - MPCBB3 is applicable
2025-12-29 09:50:36,145 [INFO] Rule:233 - rule 117617 - U5Cobra4M][GTZC] default value MPCBB3 and MPCBB5 - Not Secured memory - MPCBB3 is applicable
2025-12-29 09:50:36,145 [INFO] Rule:233 - rule 117617 - U5Cobra4M][GTZC] default value MPCBB3 and MPCBB5 - Not Secured memory - MPCBB4 is applicable
2025-12-29 09:50:36,145 [INFO] Rule:233 - rule 117617 - U5Cobra4M][GTZC] default value MPCBB3 and MPCBB5 - Not Secured memory - MPCBB4 is applicable
2025-12-29 09:50:36,145 [INFO] Rule:233 - rule 117617 - U5Cobra4M][GTZC] default value MPCBB3 and MPCBB5 - Secured memory - MPCBB1 is applicable
2025-12-29 09:50:36,145 [INFO] Rule:233 - rule 117617 - U5Cobra4M][GTZC] default value MPCBB3 and MPCBB5 - Secured memory - MPCBB2 is applicable
2025-12-29 09:50:36,145 [INFO] Rule:233 - rule 117617 - U5Cobra4M][GTZC] default value MPCBB3 and MPCBB5 - Secured memory - MPCBB3 is applicable
2025-12-29 09:50:36,145 [INFO] Rule:233 - rule 117617 - U5Cobra4M][GTZC] default value MPCBB3 and MPCBB5 - Secured memory - MPCBB4 is applicable
2025-12-29 09:50:36,145 [INFO] Rule:233 - rule 117617 - U5Cobra4M][GTZC] default value MPCBB3 and MPCBB5 - Privileged memory - MPCBB1 is applicable
2025-12-29 09:50:36,145 [INFO] Rule:233 - rule 117617 - U5Cobra4M][GTZC] default value MPCBB3 and MPCBB5 - Privileged memory - MPCBB2 is applicable
2025-12-29 09:50:36,145 [INFO] Rule:233 - rule 117617 - U5Cobra4M][GTZC] default value MPCBB3 and MPCBB5 - Privileged memory - MPCBB3 is applicable
2025-12-29 09:50:36,145 [INFO] Rule:233 - rule 117617 - U5Cobra4M][GTZC] default value MPCBB3 and MPCBB5 - Privileged memory - MPCBB4 is applicable
2025-12-29 09:50:36,145 [INFO] Rule:233 - rule 117617 - U5Cobra4M][GTZC] default value MPCBB3 and MPCBB5 - Not Privileged memory - MPCBB1 is applicable
2025-12-29 09:50:36,145 [INFO] Rule:233 - rule 117617 - U5Cobra4M][GTZC] default value MPCBB3 and MPCBB5 - Not Privileged memory - MPCBB2 is applicable
2025-12-29 09:50:36,145 [INFO] Rule:233 - rule 117617 - U5Cobra4M][GTZC] default value MPCBB3 and MPCBB5 - Not Privileged memory - MPCBB3 is applicable
2025-12-29 09:50:36,145 [INFO] Rule:233 - rule 117617 - U5Cobra4M][GTZC] default value MPCBB3 and MPCBB5 - Not Privileged memory - MPCBB4 is applicable
2025-12-29 09:50:36,145 [INFO] Rule:233 - rule 117617 - U5Cobra4M][GTZC] default value MPCBB3 and MPCBB5 - Privileged memory - MPCBB1 is applicable
2025-12-29 09:50:36,145 [INFO] Rule:233 - rule 117617 - U5Cobra4M][GTZC] default value MPCBB3 and MPCBB5 - Privileged memory - MPCBB2 is applicable
2025-12-29 09:50:36,145 [INFO] Rule:233 - rule 117617 - U5Cobra4M][GTZC] default value MPCBB3 and MPCBB5 - Privileged memory - MPCBB3 is applicable
2025-12-29 09:50:36,145 [INFO] Rule:233 - rule 117617 - U5Cobra4M][GTZC] default value MPCBB3 and MPCBB5 - Privileged memory - MPCBB4 is applicable
2025-12-29 09:50:36,145 [INFO] Rule:233 - rule 117617 - U5Cobra4M][GTZC] default value MPCBB3 and MPCBB5 - Privileged memory - MPCBB1 is applicable
2025-12-29 09:50:36,145 [INFO] Rule:233 - rule 117617 - U5Cobra4M][GTZC] default value MPCBB3 and MPCBB5 - Privileged memory - MPCBB2 is applicable
2025-12-29 09:50:36,145 [INFO] Rule:233 - rule 117617 - U5Cobra4M][GTZC] default value MPCBB3 and MPCBB5 - Privileged memory - MPCBB3 is applicable
2025-12-29 09:50:36,145 [INFO] Rule:233 - rule 117617 - U5Cobra4M][GTZC] default value MPCBB3 and MPCBB5 - Privileged memory - MPCBB4 is applicable
2025-12-29 09:50:36,145 [INFO] Rule:233 - rule 117617 - U5Cobra4M][GTZC] default value MPCBB3 and MPCBB5 - Not Privileged memory - MPCBB1 is applicable
2025-12-29 09:50:36,145 [INFO] Rule:233 - rule 117617 - U5Cobra4M][GTZC] default value MPCBB3 and MPCBB5 - Not Privileged memory - MPCBB2 is applicable
2025-12-29 09:50:36,145 [INFO] Rule:233 - rule 117617 - U5Cobra4M][GTZC] default value MPCBB3 and MPCBB5 - Not Privileged memory - MPCBB3 is applicable
2025-12-29 09:50:36,145 [INFO] Rule:233 - rule 117617 - U5Cobra4M][GTZC] default value MPCBB3 and MPCBB5 - Not Privileged memory - MPCBB4 is applicable
2025-12-29 09:50:36,145 [INFO] Rule:233 - rule 117617 - U5Cobra4M][GTZC] default value MPCBB3 and MPCBB5 - Privileged memory - MPCBB1 is applicable
2025-12-29 09:50:36,145 [INFO] Rule:233 - rule 117617 - U5Cobra4M][GTZC] default value MPCBB3 and MPCBB5 - Privileged memory - MPCBB2 is applicable
2025-12-29 09:50:36,145 [INFO] Rule:233 - rule 117617 - U5Cobra4M][GTZC] default value MPCBB3 and MPCBB5 - Privileged memory - MPCBB3 is applicable
2025-12-29 09:50:36,145 [INFO] Rule:233 - rule 117617 - U5Cobra4M][GTZC] default value MPCBB3 and MPCBB5 - Privileged memory - MPCBB4 is applicable
2025-12-29 09:50:36,146 [INFO] Rule:233 - rule Rename SubGHz_Phy SUBGHZ_APPLICATION SUBGHZ_PINGPONG to SUBGHZ_ADV_APPLICATION is applicable
2025-12-29 09:50:36,146 [INFO] Rule:233 - rule Rename Enabled to IBEACON is applicable
2025-12-29 09:50:36,146 [INFO] Rule:233 - rule GTZC_S instance for project manager is applicable
2025-12-29 09:50:36,146 [INFO] Rule:233 - rule GTZC_S instance for context M33S is applicable
2025-12-29 09:50:36,146 [INFO] Rule:233 - rule GTZC_S instance value for IP GTZC is applicable
2025-12-29 09:50:36,146 [INFO] Rule:233 - rule GTZC_S instance for mcu.IP is applicable
2025-12-29 09:50:36,146 [INFO] Rule:233 - rule GTZC_S instance for VP is applicable
2025-12-29 09:50:36,146 [INFO] Rule:233 - rule GTZC_S instance for signal is applicable
2025-12-29 09:50:36,146 [INFO] Rule:233 - rule GTZC_S instance for mcu.Pin is applicable
2025-12-29 09:50:36,146 [INFO] Rule:233 - rule GTZC_S instance for VP is applicable
2025-12-29 09:50:36,147 [INFO] Rule:233 - rule GTZC_S instance for signal is applicable
2025-12-29 09:50:36,147 [INFO] Rule:233 - rule GTZC_S instance for mcu is applicable
2025-12-29 09:50:36,147 [INFO] Rule:233 - rule GTZC_S instance for mcu.Pin is applicable
2025-12-29 09:50:36,147 [INFO] Rule:233 - rule GTZC_S instance value for IP GTZC is applicable
2025-12-29 09:50:36,147 [INFO] Rule:233 - rule GTZC_S instance for project manager is applicable
2025-12-29 09:50:36,147 [INFO] Rule:233 - rule GTZC_S instance for context M33S is applicable
2025-12-29 09:50:36,147 [INFO] Rule:233 - rule GTZC_S instance for VP is applicable
2025-12-29 09:50:36,147 [INFO] Rule:233 - rule GTZC_S instance for signal is applicable
2025-12-29 09:50:36,147 [INFO] Rule:233 - rule SPDIFRX instance for mcu is applicable
2025-12-29 09:50:36,147 [INFO] Rule:233 - rule Rename Tracer Mode is applicable
2025-12-29 09:50:36,147 [INFO] Rule:233 - rule SPDIFRX instance value for IP SPDIFRX is applicable
2025-12-29 09:50:36,147 [INFO] Rule:233 - rule SPDIFRX instance for signal is applicable
2025-12-29 09:50:36,147 [INFO] Rule:233 - rule SPDIFRX instance for project manager is applicable
2025-12-29 09:50:36,148 [INFO] Rule:233 - rule SPDIFRX instance for project manager is applicable
2025-12-29 09:50:36,148 [INFO] Rule:233 - rule ADC Scan  fix with FW F7 is applicable
2025-12-29 09:50:36,148 [INFO] Rule:233 - rule ADC Scan  fix with FW F7 is applicable
2025-12-29 09:50:36,148 [INFO] Rule:233 - rule WakeUp0 Mode is applicable
2025-12-29 09:50:36,148 [INFO] Rule:233 - rule WakeUp0 SIGNAL is applicable
2025-12-29 09:50:36,148 [INFO] Rule:233 - rule WakeUp1 Mode is applicable
2025-12-29 09:50:36,148 [INFO] Rule:233 - rule WakeUp1 SIGNAL is applicable
2025-12-29 09:50:36,148 [INFO] Rule:233 - rule WakeUp2 Mode is applicable
2025-12-29 09:50:36,148 [INFO] Rule:233 - rule WakeUp2 SIGNAL is applicable
2025-12-29 09:50:36,148 [INFO] Rule:233 - rule WakeUp4 Mode is applicable
2025-12-29 09:50:36,148 [INFO] Rule:233 - rule WakeUp4 SIGNAL is applicable
2025-12-29 09:50:36,148 [INFO] Rule:233 - rule WakeUp5 Mode is applicable
2025-12-29 09:50:36,148 [INFO] Rule:233 - rule WakeUp5 SIGNAL is applicable
2025-12-29 09:50:36,148 [INFO] Rule:233 - rule UART/USART WORD LENGTH 7 is applicable
2025-12-29 09:50:36,148 [INFO] Rule:233 - rule UART/USART WORD LENGTH 8 is applicable
2025-12-29 09:50:36,148 [INFO] Rule:233 - rule UART/USART WORD LENGTH 9 is applicable
2025-12-29 09:50:36,148 [INFO] Rule:233 - rule Change Default Value for LSE Drive Capability for WB family is applicable
2025-12-29 09:50:36,148 [INFO] Rule:233 - rule Change Default Value for ADC Clock Prescaler G0 family is applicable
2025-12-29 09:50:36,148 [INFO] Rule:233 - rule ADC SamplingTime fix with FW L0  is applicable
2025-12-29 09:50:36,148 [INFO] Rule:233 - rule ADC SamplingTime fix with FW L0  is applicable
2025-12-29 09:50:36,148 [INFO] Rule:233 - rule ADC SamplingTime fix with FW L0 is applicable
2025-12-29 09:50:36,148 [INFO] Rule:233 - rule ADC SamplingTime fix with FW L0 is applicable
2025-12-29 09:50:36,148 [INFO] Rule:233 - rule ADC SamplingTime fix with FW L0  is applicable
2025-12-29 09:50:36,148 [INFO] Rule:233 - rule ADC SamplingTime fix with FW L0 is applicable
2025-12-29 09:50:36,148 [INFO] Rule:233 - rule Rename USB_OE Signal is applicable
2025-12-29 09:50:36,148 [INFO] Rule:233 - rule Rename Activate_OE Mode is applicable
2025-12-29 09:50:36,148 [INFO] Rule:233 - rule Rename DIE462/DIE415 pin PC14/OSC32_IN -> PC14-OSC32_IN (PC14) is applicable
2025-12-29 09:50:36,148 [INFO] Rule:233 - rule Rename DIE462/DIE415 pin PC15/OSC32_OUT -> PC15-OSC32_OUT (PC15) is applicable
2025-12-29 09:50:36,148 [INFO] Rule:233 - rule Rename DIE462/DIE415 pin PH0/OSC_IN -> PH0-OSC_IN (PH0) is applicable
2025-12-29 09:50:36,148 [INFO] Rule:233 - rule Rename DIE462/DIE415 pin PH1/OSC_OUT -> PH1-OSC_OUT (PH1) is applicable
2025-12-29 09:50:36,148 [INFO] Rule:233 - rule Rename DIE462 pin PA13 -> PA13 (JTMS/SWDIO) is applicable
2025-12-29 09:50:36,148 [INFO] Rule:233 - rule Rename DIE415 pin PA13 -> PA13 (JTMS/SWDIO) is applicable
2025-12-29 09:50:36,148 [INFO] Rule:233 - rule Rename DIE462 pin PA14 -> PA14 (JTCK/SWCLK) is applicable
2025-12-29 09:50:36,148 [INFO] Rule:233 - rule Rename DIE415 pin PA14 -> PA14 (JTCK/SWCLK) is applicable
2025-12-29 09:50:36,148 [INFO] Rule:233 - rule Rename DIE462/DIE415 pin PA15 -> PA15 (JTDI) is applicable
2025-12-29 09:50:36,148 [INFO] Rule:233 - rule Rename DIE462 pin PB3 -> PB3 (JTD0/TRACESWO) is applicable
2025-12-29 09:50:36,149 [INFO] Rule:233 - rule Rename DIE415 pin PB3 -> PB3 (JTD0-TRACESWO) is applicable
2025-12-29 09:50:36,149 [INFO] Rule:233 - rule Rename DIE462/DIE415 pin PB4 -> PB4 (NJTRST) is applicable
2025-12-29 09:50:36,149 [INFO] Rule:233 - rule Rename DIE462 pin PH3/BOOT0 -> PH3-BOOT0 (BOOT0) is applicable
2025-12-29 09:50:36,149 [INFO] Rule:233 - rule Rename CRYP DataEncryptionTypesList to Algorithm is applicable
2025-12-29 09:50:36,149 [INFO] Rule:233 - rule Rename AES DataEncryptionTypesList to Algorithm is applicable
2025-12-29 09:50:36,149 [INFO] Rule:233 - rule Rename TDESECB to CRYP_TDES_ECB is applicable
2025-12-29 09:50:36,149 [INFO] Rule:233 - rule Rename TDESCBC to CRYP_TDES_CBC is applicable
2025-12-29 09:50:36,149 [INFO] Rule:233 - rule Rename DESECB to CRYP_DES_ECB is applicable
2025-12-29 09:50:36,149 [INFO] Rule:233 - rule Rename DESCBC to CRYP_DES_CBC is applicable
2025-12-29 09:50:36,149 [INFO] Rule:233 - rule Rename AESECB to CRYP_AES_ECB is applicable
2025-12-29 09:50:36,149 [INFO] Rule:233 - rule Rename AESCBC to CRYP_AES_CBC is applicable
2025-12-29 09:50:36,149 [INFO] Rule:233 - rule Rename AESCTR to CRYP_AES_CTR is applicable
2025-12-29 09:50:36,149 [INFO] Rule:233 - rule Rename AESGCM to CRYP_AES_GCM is applicable
2025-12-29 09:50:36,149 [INFO] Rule:233 - rule Rename AESCCM to CRYP_AES_CCM is applicable
2025-12-29 09:50:36,149 [INFO] Rule:233 - rule Rename CAN TimeSeg1 to BS1 is applicable
2025-12-29 09:50:36,149 [INFO] Rule:233 - rule Rename CAN TimeSeg2 to BS2 is applicable
2025-12-29 09:50:36,149 [INFO] Rule:233 - rule Rename CAN SyncJumpWidth to SJW is applicable
2025-12-29 09:50:36,149 [INFO] Rule:233 - rule TimeTriggeredMode to TTCM is applicable
2025-12-29 09:50:36,149 [INFO] Rule:233 - rule Rename CAN AutoBusOff to ABOM is applicable
2025-12-29 09:50:36,149 [INFO] Rule:233 - rule Rename CAN AutoWakeUp to AWUM is applicable
2025-12-29 09:50:36,149 [INFO] Rule:233 - rule Rename CAN AutoRetransmission to NART is applicable
2025-12-29 09:50:36,149 [INFO] Rule:233 - rule Rename CAN ReceiveFifoLocked to RFLM is applicable
2025-12-29 09:50:36,149 [INFO] Rule:233 - rule Rename CAN TransmitFifoPriority to TXFP is applicable
2025-12-29 09:50:36,149 [INFO] Rule:233 - rule Rename HRTIMER HRTIM_OUTPUTFAULTLEVEL_HIGH in HRTIMER HRTIM_OUTPUTFAULTLEVEL_HIGHZ is applicable
2025-12-29 09:50:36,149 [INFO] Rule:233 - rule Rename TIMER TIM_CLEARINPUTSOURCE_OCREFCLR in  TIMER TIM_CLEARINPUTSOURCE_NONE for F7 family is applicable
2025-12-29 09:50:36,149 [INFO] Rule:233 - rule FDCAN_R1 - Rename FDCAN mode Master into Classic is applicable
2025-12-29 09:50:36,149 [INFO] Rule:233 - rule FDCAN_R2 - Rename FDCAN mode Slave into Classic is applicable
2025-12-29 09:50:36,149 [INFO] Rule:233 - rule FDCAN1_R3 - if PA10.Mode=FullDuplex, add Pin PA12 is applicable
2025-12-29 09:50:36,149 [INFO] Rule:233 - rule FDCAN1_R3 - if PA9.Mode=FullDuplex, add Pin PA11 is applicable
2025-12-29 09:50:36,149 [INFO] Rule:233 - rule FDCAN1_R3 - Alternatepin_1 - if PE1.Mode=FullDuplex, add Pin PB9 is applicable
2025-12-29 09:50:36,149 [INFO] Rule:233 - rule FDCAN1_R3 - Alternatepin_1 - if PE0.Mode=FullDuplex, add Pin PB8 is applicable
2025-12-29 09:50:36,149 [INFO] Rule:233 - rule FDCAN1_R3 - Alternatepin_2 - if PD5.Mode=FullDuplex, add Pin PD1 is applicable
2025-12-29 09:50:36,149 [INFO] Rule:233 - rule FDCAN1_R3 - Alternatepin_2 - if PD4.Mode=FullDuplex, add Pin PD0 is applicable
2025-12-29 09:50:36,149 [INFO] Rule:233 - rule FDCAN1_R4 - Rename Mode FullDuplex into Enable FDCAN_TXFD for pin PA10 is applicable
2025-12-29 09:50:36,149 [INFO] Rule:233 - rule FDCAN1_R4 - Rename Mode FullDuplex into Enable FDCAN_TXFD for pin PA9 is applicable
2025-12-29 09:50:36,149 [INFO] Rule:233 - rule FDCAN1_R4 - Alternatepin_1 - Rename Mode FullDuplex into Enable FDCAN_TXFD for pin PE1 is applicable
2025-12-29 09:50:36,149 [INFO] Rule:233 - rule FDCAN1_R4 - Alternatepin_1 - Rename Mode FullDuplex into Enable FDCAN_TXFD for pin PE0 is applicable
2025-12-29 09:50:36,149 [INFO] Rule:233 - rule FDCAN1_R4 - Alternatepin_2 - Rename Mode FullDuplex into Enable FDCAN_TXFD for pin PD5 is applicable
2025-12-29 09:50:36,149 [INFO] Rule:233 - rule FDCAN1_R4 - Alternatepin_2 - Rename Mode FullDuplex into Enable FDCAN_TXFD for pin PD4 is applicable
2025-12-29 09:50:36,149 [INFO] Rule:233 - rule FDCAN2_R3 - if PD10.Mode=FullDuplex, add Pin PB13 is applicable
2025-12-29 09:50:36,149 [INFO] Rule:233 - rule FDCAN2_R3 - if PD9.Mode=FullDuplex, add Pin PB12 is applicable
2025-12-29 09:50:36,149 [INFO] Rule:233 - rule FDCAN2_R3 - Alternatepin_1 - if PB7.Mode=FullDuplex, add Pin PB6 is applicable
2025-12-29 09:50:36,149 [INFO] Rule:233 - rule FDCAN2_R3 - Alternatepin_1 - if PD9.Mode=FullDuplex, add Pin PB12 is applicable
2025-12-29 09:50:36,149 [INFO] Rule:233 - rule FDCAN2_R4 - Rename Mode FullDuplex into Enable FDCAN_TXFD for pin PD10 is applicable
2025-12-29 09:50:36,149 [INFO] Rule:233 - rule FDCAN2_R4 - Rename Mode FullDuplex into Enable FDCAN_TXFD for pin PD9 is applicable
2025-12-29 09:50:36,149 [INFO] Rule:233 - rule FDCAN2_R4 - Alternatepin_1 - Rename Mode FullDuplex into Enable FDCAN_TXFD for pin PB7 is applicable
2025-12-29 09:50:36,149 [INFO] Rule:233 - rule FDCAN2_R4 - Alternatepin_1 - Rename Mode FullDuplex into Enable FDCAN_TXFD for pin PD6 is applicable
2025-12-29 09:50:36,149 [INFO] Rule:233 - rule USART TxPinLevelInvertParam Mode is applicable
2025-12-29 09:50:36,149 [INFO] Rule:233 - rule USART RxPinLevelInvertParam Mode is applicable
2025-12-29 09:50:36,149 [INFO] Rule:233 - rule USART DataInvertParam Mode is applicable
2025-12-29 09:50:36,149 [INFO] Rule:233 - rule USART SwapParam Mode is applicable
2025-12-29 09:50:36,149 [INFO] Rule:233 - rule USART OverrunDisableParam Mode is applicable
2025-12-29 09:50:36,150 [INFO] Rule:233 - rule USART DMADisableonRxErrorParam Mode is applicable
2025-12-29 09:50:36,150 [INFO] Rule:233 - rule USART MSBFirstParam Mode is applicable
2025-12-29 09:50:36,150 [INFO] Rule:233 - rule Update MwName for USB_DEVICE is applicable
2025-12-29 09:50:36,150 [INFO] Rule:233 - rule Change PWR_Regulator_Voltage_Scale Default Value for RCC  H7 family is applicable
2025-12-29 09:50:36,150 [INFO] Rule:233 - rule UART/USART IPParameter rename Prescaler parameter to ClockPrescaler is applicable
2025-12-29 09:50:36,150 [INFO] Rule:233 - rule UART/USART Prescaler rename Prescaler parameter to ClockPrescaler is applicable
2025-12-29 09:50:36,150 [INFO] Rule:233 - rule TIM1CLockSelection is applicable
2025-12-29 09:50:36,150 [INFO] Rule:233 - rule TIM15CLockSelection is applicable
2025-12-29 09:50:36,150 [INFO] Rule:233 - rule align RCC SDMMC3CLockSelection default value on MP1 is applicable
2025-12-29 09:50:36,150 [INFO] Rule:233 - rule align RCC SDMMC12CLockSelection default value on MP1 is applicable
2025-12-29 09:50:36,150 [INFO] Rule:233 - rule align RCC QSPICLockSelection default value on MP1 is applicable
2025-12-29 09:50:36,150 [INFO] Rule:233 - rule align RCC QSPICLockSelection default value on MP1 is applicable
2025-12-29 09:50:36,150 [INFO] Rule:233 - rule align RCC SPI6CLockSelection default value on MP1 is applicable
2025-12-29 09:50:36,150 [INFO] Rule:233 - rule align RCC LPTIM23CLockSelection default value on MP1 is applicable
2025-12-29 09:50:36,150 [INFO] Rule:233 - rule align RCC LPTIM1CLockSelection default value on MP1 is applicable
2025-12-29 09:50:36,150 [INFO] Rule:233 - rule align RCC USART1CLockSelection default value on MP1 is applicable
2025-12-29 09:50:36,150 [INFO] Rule:233 - rule align RCC USART24CLockSelection default value on MP1 is applicable
2025-12-29 09:50:36,150 [INFO] Rule:233 - rule align RCC USART6CLockSelection default value on MP1 is applicable
2025-12-29 09:50:36,150 [INFO] Rule:233 - rule align RCC UART78CLockSelection default value on MP1 is applicable
2025-12-29 09:50:36,150 [INFO] Rule:233 - rule align RCC USART35CLockSelection default value on MP1 is applicable
2025-12-29 09:50:36,150 [INFO] Rule:233 - rule align RCC SPI45CLockSelection default value on MP1 is applicable
2025-12-29 09:50:36,150 [INFO] Rule:233 - rule align RCC I2C46CLockSelection BCLK value on MP1 is applicable
2025-12-29 09:50:36,150 [INFO] Rule:233 - rule align RCC SPI45CLockSelection default value on MP1 is applicable
2025-12-29 09:50:36,150 [INFO] Rule:233 - rule align RCC I2C12CLockSelection default value on MP1 is applicable
2025-12-29 09:50:36,150 [INFO] Rule:233 - rule align RCC I2C35CLockSelection default value on MP1 is applicable
2025-12-29 09:50:36,150 [INFO] Rule:233 - rule align RCC LPTIM45CLockSelection default value on MP1 is applicable
2025-12-29 09:50:36,150 [INFO] Rule:233 - rule Rename DCMI PIXCK signal is applicable
2025-12-29 09:50:36,150 [INFO] Rule:233 - rule Change Default Value for I2C46CLockSelection MP1 family is applicable
2025-12-29 09:50:36,150 [INFO] Rule:233 - rule Change Default Value for UART for G4, G0 and WB families is applicable
2025-12-29 09:50:36,150 [INFO] Rule:233 - rule Change Default Value for USART for G4, G0 and WB families is applicable
2025-12-29 09:50:36,150 [INFO] Rule:233 - rule Change Default Value for USART for G4 family is applicable
2025-12-29 09:50:36,150 [INFO] Rule:233 - rule Change USART1CLockSelection refparam name for MP1 is applicable
2025-12-29 09:50:36,150 [INFO] Rule:233 - rule Change USART2CLockSelection refparam name for MP1 is applicable
2025-12-29 09:50:36,150 [INFO] Rule:233 - rule Change USART3CLockSelection refparam name for MP1 is applicable
2025-12-29 09:50:36,150 [INFO] Rule:233 - rule Change UART4CLockSelection refparam name for MP1 is applicable
2025-12-29 09:50:36,150 [INFO] Rule:233 - rule Change UART5CLockSelection refparam name for MP1 is applicable
2025-12-29 09:50:36,150 [INFO] Rule:233 - rule Change LPUART1CLockSelection refparam name for MP1 is applicable
2025-12-29 09:50:36,150 [INFO] Rule:233 - rule Change LPTIM1CLockSelection refparam name for MP1 is applicable
2025-12-29 09:50:36,150 [INFO] Rule:233 - rule Change LPTIM2CLockSelection refparam name for MP1 is applicable
2025-12-29 09:50:36,150 [INFO] Rule:233 - rule Change RCC_MCO1Source refparam name for MP1 is applicable
2025-12-29 09:50:36,150 [INFO] Rule:233 - rule Change LSCOSource1 refparam name for MP1 is applicable
2025-12-29 09:50:36,150 [INFO] Rule:233 - rule Change SMPSCLockSelection refparam name for MP1 is applicable
2025-12-29 09:50:36,150 [INFO] Rule:233 - rule Change LPTIM3CLockSelection refparam name for MP1 is applicable
2025-12-29 09:50:36,150 [INFO] Rule:233 - rule Change MPCBB* Default Template Mode to Parameters is applicable
2025-12-29 09:50:36,150 [INFO] Rule:233 - rule Change MPCWM* or MPCBB* Secure Mode to Parameters is applicable
2025-12-29 09:50:36,150 [INFO] Rule:233 - rule Change MPCWM* or MPCBB* No Secure Mode to Parameters is applicable
2025-12-29 09:50:36,150 [INFO] Rule:233 - rule Change TZSC IP Secure Mode to Parameters is applicable
2025-12-29 09:50:36,150 [INFO] Rule:233 - rule Change TZSC IP No Secure Mode to Parameters is applicable
2025-12-29 09:50:36,150 [INFO] Rule:233 - rule Change TZSC IP Privilege Mode to Parameters is applicable
2025-12-29 09:50:36,150 [INFO] Rule:233 - rule Change TZSC IP No Privilege Mode to Parameters is applicable
2025-12-29 09:50:36,150 [INFO] Rule:233 - rule Change TZIC IT Secure Mode to Parameters is applicable
2025-12-29 09:50:36,150 [INFO] Rule:233 - rule Change TZIC IT No Secure Mode to Parameters is applicable
2025-12-29 09:50:36,150 [INFO] Rule:233 - rule Add MPCBB1_NonSecureArea_Start_Address value with referenced to MPCBB1_NonSecureArea_Start value is applicable
2025-12-29 09:50:36,150 [INFO] Rule:233 - rule Add MPCBB2_NonSecureArea_Start_Address value with referenced to MPCBB2_NonSecureArea_Start value is applicable
2025-12-29 09:50:36,150 [INFO] Rule:233 - rule Add MPCWM1_NonSecureArea*_Start_Address value with referenced to MPCWM1_NonSecureArea*_Start value is applicable
2025-12-29 09:50:36,151 [INFO] Rule:233 - rule Add MPCWM2_NonSecureArea*_Start_Address value with referenced to MPCWM2_NonSecureArea*_Start value is applicable
2025-12-29 09:50:36,151 [INFO] Rule:233 - rule Add MPCWM3_NonSecureArea_Start_Address value with referenced to MPCWM3_NonSecureArea_Start value is applicable
2025-12-29 09:50:36,151 [INFO] Rule:233 - rule Change Default Value for PLL1UserDefinedConfig is applicable
2025-12-29 09:50:36,151 [INFO] Rule:233 - rule Change GPIO_PuPd Default Value for USART in async mode is applicable
2025-12-29 09:50:36,151 [INFO] Rule:233 - rule Change SMPSDivider Default Value is applicable
2025-12-29 09:50:36,151 [INFO] Rule:233 - rule OPAMP is applicable
2025-12-29 09:50:36,151 [INFO] Rule:233 - rule LPUART IPParameter rename Prescaler parameter to ClockPrescaler for STM32H7 is applicable
2025-12-29 09:50:36,151 [INFO] Rule:233 - rule LPUART IPParameter rename Prescaler parameter to ClockPrescaler for STM32H7 is applicable
2025-12-29 09:50:36,151 [INFO] Rule:233 - rule LPUART IPParameter rename Prescaler parameter to ClockPrescaler for STM32WB is applicable
2025-12-29 09:50:36,151 [INFO] Rule:233 - rule LPUART IPParameter rename Prescaler parameter to ClockPrescaler for STM32WB is applicable
2025-12-29 09:50:36,151 [INFO] Rule:233 - rule LPUART IPParameter rename Prescaler parameter to ClockPrescaler for STM32G4 is applicable
2025-12-29 09:50:36,151 [INFO] Rule:233 - rule LPUART IPParameter rename Prescaler parameter to ClockPrescaler for STM32G4 is applicable
2025-12-29 09:50:36,151 [INFO] Rule:233 - rule LPUART IPParameter rename Prescaler parameter to ClockPrescaler for STM32L5 is applicable
2025-12-29 09:50:36,151 [INFO] Rule:233 - rule LPUART IPParameter rename Prescaler parameter to ClockPrescaler for STM32L5 is applicable
2025-12-29 09:50:36,151 [INFO] Rule:233 - rule LPUART IPParameter rename Prescaler parameter to ClockPrescaler for STM32G4 is applicable
2025-12-29 09:50:36,151 [INFO] Rule:233 - rule LPUART IPParameter rename Prescaler parameter to ClockPrescaler for STM32G4 is applicable
2025-12-29 09:50:36,151 [INFO] Rule:233 - rule USB device lib V2.5.3 for L0 rename USBD_SUPPORT_USER_STRING parameter to USBD_SUPPORT_USER_STRING_DESC4 is applicable
2025-12-29 09:50:36,151 [INFO] Rule:233 - rule I2SCLockSelection clock entry align is applicable
2025-12-29 09:50:36,151 [INFO] Rule:233 - rule Assign TIMx context if used as SYS timebase is applicable
2025-12-29 09:50:36,151 [INFO] Rule:233 - rule Change GPIO_Pu Default Value for I2C is applicable
2025-12-29 09:50:36,151 [INFO] Rule:233 - rule Change GPIO_Pu Default Value for SMBus is applicable
2025-12-29 09:50:36,151 [INFO] Rule:233 - rule change FDCAN default value is applicable
2025-12-29 09:50:36,151 [INFO] Rule:233 - rule Change mode sai is applicable
2025-12-29 09:50:36,151 [INFO] Rule:233 - rule **Change sai mode is applicable
2025-12-29 09:50:36,151 [INFO] Rule:233 - rule Rename STM32WPAN CFG_BLE_IRK to CFG_BLE_IR is applicable
2025-12-29 09:50:36,151 [INFO] Rule:233 - rule Rename STM32WPAN CFG_BLE_ERK to CFG_BLE_ER is applicable
2025-12-29 09:50:36,151 [INFO] Rule:233 - rule Rename STM32WPAN CFG_BLE_IRK_HEX to CFG_BLE_IR_HEX is applicable
2025-12-29 09:50:36,151 [INFO] Rule:233 - rule Rename STM32WPAN CFG_BLE_ERK_HEX to CFG_BLE_ER_HEX is applicable
2025-12-29 09:50:36,151 [INFO] Rule:233 - rule Adapt Old IOC before rework replace old CORTEX_M33/CORTEX_M55 attributes by the new one. is applicable
2025-12-29 09:50:36,151 [INFO] Rule:233 - rule Rename parametre of RCC RCC_APBDBG_DIV2 to RCC_TIMPRES_DIV2 is applicable
2025-12-29 09:50:36,151 [INFO] Rule:233 - rule Rename DIE493 pin PA10 [PA12] -> PA10 is applicable
2025-12-29 09:50:36,151 [INFO] Rule:233 - rule Rename DIE493 pin PA9 [PA11] -> PA9 is applicable
2025-12-29 09:50:36,151 [INFO] Rule:233 - rule Rename DIE492 PartNumber CPN STM32WBA5MJGHx -> STM32WBA5MMGHx is applicable
2025-12-29 09:50:36,151 [INFO] Rule:233 - rule Rename DIE492 PartNumber  Name STM32WBA5MJGHx -> STM32WBA5MMGHx is applicable
2025-12-29 09:50:36,151 [INFO] Rule:233 - rule Rename DIE492 PartNumber UserName STM32WBA5MJGHx -> STM32WBA5MMGHx is applicable
2025-12-29 09:50:36,151 [INFO] Rule:233 - rule Rename DIE492 PartNumber DeviceId STM32WBA5MJGHx -> STM32WBA5MMGHx is applicable
2025-12-29 09:50:36,151 [INFO] Rule:233 - rule Adapt Old IOC CSI. is applicable
2025-12-29 09:50:36,151 [INFO] Rule:233 - rule Adapt Old IOC DCMIPP. is applicable
2025-12-29 09:50:36,151 [INFO] Rule:233 - rule Adapt Old IOC DCMIPP Mode Parallel. is applicable
2025-12-29 09:50:36,151 [INFO] Rule:233 - rule Adapt Old IOC LTDC. is applicable
2025-12-29 09:50:36,151 [INFO] Rule:233 - rule Rename STM32MP2 RIF Peripheral LTDC RIF.RISUP.LTDC_L0L1.Privilege -> RIF.RISUP.LTDC_L1L2.Privilege is applicable
2025-12-29 09:50:36,151 [INFO] Rule:233 - rule Rename STM32MP2 RIF Peripheral LTDC RIF.RISUP.LTDC_L0L1.Privilege -> RIF.RISUP.LTDC_L1L2.Privilege is applicable
2025-12-29 09:50:36,151 [INFO] Rule:233 - rule Rename STM32MP2 RIF Peripheral LTDC RIF.RISUP.LTDC_L0L1.Lock -> RIF.RISUP.LTDC_L1L2.Lock is applicable
2025-12-29 09:50:36,151 [INFO] Rule:233 - rule Rename STM32MP2 RIF Peripheral LTDC RIF.RISUP.LTDC_L2.Lock -> RIF.RISUP.LTDC_L3.Lock is applicable
2025-12-29 09:50:36,151 [INFO] Rule:233 - rule Adapt the old IOC example for updating the SYS when it is misconfigured. is applicable
2025-12-29 09:50:36,151 [INFO] Rule:233 - rule Rename STM32C09 Mcu.Package LQFP64 -> LQFP48 is applicable
2025-12-29 09:50:36,151 [INFO] Rule:233 - rule Adapt the old IOC example for updating the SYS when it is misconfigured. is applicable
2025-12-29 09:50:36,151 [INFO] Rule:233 - rule Adapt the old IOC example for updating the SYS when it is misconfigured. is applicable
2025-12-29 09:50:36,164 [INFO] DbConfProperties:307 - Apply Compatibility (38/250 Rules)
2025-12-29 09:50:36,180 [INFO] ImportTextPane:234 - (OptionalMessage_ERROR) Unable to find key (Mcu.ThirdPartyNb) in loaded IOC file
2025-12-29 09:50:36,182 [INFO] ImportTextPane:234 - (OptionalMessage_ERROR) Pin34 (VP_RIF_VS_RIF1) cannot be retrieved for this MCU
2025-12-29 09:50:36,211 [INFO] RtosManager:558 - Registered RTOS mode: class=CMSIS, group=RTOS, mode=CMSIS_V1, owner=FREERTOS
2025-12-29 09:50:36,211 [INFO] RtosManager:558 - Registered RTOS mode: class=CMSIS, group=RTOS2, mode=CMSIS_V2, owner=FREERTOS
2025-12-29 09:50:36,211 [INFO] RtosManager:558 - Registered RTOS mode: class=RTOS, group=Core, mode=CMSIS_V1, owner=FREERTOS
2025-12-29 09:50:36,211 [INFO] RtosManager:558 - Registered RTOS mode: class=RTOS, group=Core, mode=CMSIS_V2, owner=FREERTOS
2025-12-29 09:50:36,211 [WARN] ModelIntegratedComponent:184 - Missing modes for component STMicroelectronics:FreeRTOS:0.0.1:STMicroelectronics:RTOS:FreeRTOS:Core:::10.2.0:
2025-12-29 09:50:36,227 [WARN] ModelIntegratedComponent:63 - No mode defined for component null
2025-12-29 09:50:36,227 [WARN] ModelIntegratedComponent:63 - No mode defined for component null
2025-12-29 09:50:36,227 [WARN] ModelIntegratedComponent:63 - No mode defined for component null
2025-12-29 09:50:36,227 [WARN] ModelIntegratedComponent:63 - No mode defined for component null
2025-12-29 09:50:36,227 [WARN] ModelIntegratedComponent:63 - No mode defined for component null
2025-12-29 09:50:36,227 [WARN] ModelIntegratedComponent:63 - No mode defined for component null
2025-12-29 09:50:36,227 [WARN] ModelIntegratedComponent:63 - No mode defined for component null
2025-12-29 09:50:36,227 [WARN] ModelIntegratedComponent:63 - No mode defined for component null
2025-12-29 09:50:36,227 [WARN] ModelIntegratedComponent:63 - No mode defined for component null
2025-12-29 09:50:36,227 [WARN] ModelIntegratedComponent:63 - No mode defined for component null
2025-12-29 09:50:36,227 [WARN] ModelIntegratedComponent:63 - No mode defined for component null
2025-12-29 09:50:36,227 [WARN] ModelIntegratedComponent:63 - No mode defined for component null
2025-12-29 09:50:36,227 [WARN] ModelIntegratedComponent:63 - No mode defined for component null
2025-12-29 09:50:36,227 [WARN] ModelIntegratedComponent:63 - No mode defined for component null
2025-12-29 09:50:36,227 [WARN] ModelIntegratedComponent:63 - No mode defined for component null
2025-12-29 09:50:36,227 [WARN] ModelIntegratedComponent:63 - No mode defined for component null
2025-12-29 09:50:36,227 [WARN] ModelIntegratedComponent:63 - No mode defined for component null
2025-12-29 09:50:36,227 [WARN] ModelIntegratedComponent:63 - No mode defined for component null
2025-12-29 09:50:36,227 [WARN] ModelIntegratedComponent:63 - No mode defined for component null
2025-12-29 09:50:36,228 [WARN] ModelIntegratedComponent:63 - No mode defined for component null
2025-12-29 09:50:36,228 [WARN] ModelIntegratedComponent:63 - No mode defined for component null
2025-12-29 09:50:36,228 [WARN] ModelIntegratedComponent:63 - No mode defined for component null
2025-12-29 09:50:36,228 [WARN] ModelIntegratedComponent:63 - No mode defined for component null
2025-12-29 09:50:36,228 [WARN] ModelIntegratedComponent:63 - No mode defined for component null
2025-12-29 09:50:36,228 [WARN] ModelIntegratedComponent:63 - No mode defined for component null
2025-12-29 09:50:36,228 [WARN] ModelIntegratedComponent:63 - No mode defined for component null
2025-12-29 09:50:36,228 [WARN] ModelIntegratedComponent:63 - No mode defined for component null
2025-12-29 09:50:36,228 [WARN] ModelIntegratedComponent:63 - No mode defined for component null
2025-12-29 09:50:36,228 [WARN] ModelIntegratedComponent:63 - No mode defined for component null
2025-12-29 09:50:36,228 [WARN] ModelIntegratedComponent:63 - No mode defined for component null
2025-12-29 09:50:36,228 [WARN] ModelIntegratedComponent:63 - No mode defined for component null
2025-12-29 09:50:36,228 [WARN] ModelIntegratedComponent:63 - No mode defined for component null
2025-12-29 09:50:36,228 [WARN] ModelIntegratedComponent:63 - No mode defined for component null
2025-12-29 09:50:36,228 [WARN] ModelIntegratedComponent:63 - No mode defined for component null
2025-12-29 09:50:36,228 [WARN] ModelIntegratedComponent:63 - No mode defined for component null
2025-12-29 09:50:36,228 [WARN] ModelPack:524 - Component already loaded: STMicroelectronics:HAL Drivers:0.0.0:STMicroelectronics:Device:STMicro_Driver:XSPI:HAL::0.0.1:HAL_XSPI
2025-12-29 09:50:36,256 [INFO] ThirdPartyModel:298 - Start build external matchings
2025-12-29 09:50:36,319 [INFO] ThirdPartyModel:316 - End build external matchings
2025-12-29 09:50:36,655 [INFO] UtilMem:75 - End LoadConfig() Used Memory: 860688120 Bytes (1073741824)
2025-12-29 09:50:36,724 [WARN] ThirdParty:833 - waiting for thirdparty lock release [change project]
2025-12-29 09:50:36,724 [INFO] ThirdParty:835 - entering critical section [change project]
2025-12-29 09:50:36,724 [INFO] ThirdParty:1030 - CMSIS Pack Vendor :STMicroelectronics X-CUBE-PM33A1 1.0.0
2025-12-29 09:50:36,724 [INFO] ThirdParty:1030 - CMSIS Pack Vendor :STMicroelectronics USBPD 4.1
2025-12-29 09:50:36,724 [INFO] ThirdParty:1030 - CMSIS Pack Vendor :STMicroelectronics X-CUBE-NFC9 1.0.0
2025-12-29 09:50:36,724 [INFO] ThirdParty:1030 - CMSIS Pack Vendor :STMicroelectronics USB_HOST 2.0.0
2025-12-29 09:50:36,724 [INFO] ThirdParty:1030 - CMSIS Pack Vendor :STMicroelectronics FP-SNS-MOTENVWB1 1.4.0
2025-12-29 09:50:36,724 [INFO] ThirdParty:1030 - CMSIS Pack Vendor :STMicroelectronics X-CUBE-AZRTOS-F4 1.1.0
2025-12-29 09:50:36,724 [INFO] ThirdParty:1030 - CMSIS Pack Vendor :STMicroelectronics LIBJPEG 8.0.0
2025-12-29 09:50:36,724 [INFO] ThirdParty:1030 - CMSIS Pack Vendor :STMicroelectronics FP-ATR-ASTRA1 2.0.2
2025-12-29 09:50:36,724 [INFO] ThirdParty:1030 - CMSIS Pack Vendor :STMicroelectronics X-CUBE-BLE1 7.1.0
2025-12-29 09:50:36,724 [INFO] ThirdParty:1030 - CMSIS Pack Vendor :STMicroelectronics X-CUBE-SMBUS 2.1.0
2025-12-29 09:50:36,724 [INFO] ThirdParty:1030 - CMSIS Pack Vendor :STMicroelectronics USB_DEVICE 3.0.0
2025-12-29 09:50:36,724 [INFO] ThirdParty:1030 - CMSIS Pack Vendor :STMicroelectronics X-CUBE-ISPU 2.1.0
2025-12-29 09:50:36,724 [INFO] ThirdParty:1030 - CMSIS Pack Vendor :STMicroelectronics X-CUBE-AZRTOS-WB 2.0.0
2025-12-29 09:50:36,724 [INFO] ThirdParty:1030 - CMSIS Pack Vendor :STMicroelectronics X-CUBE-AZRTOS-F7 1.1.0
2025-12-29 09:50:36,724 [INFO] ThirdParty:1030 - CMSIS Pack Vendor :STMicroelectronics X-CUBE-AZRTOS-L5 2.0.0
2025-12-29 09:50:36,724 [INFO] ThirdParty:1030 - CMSIS Pack Vendor :STMicroelectronics USB_DEVICE 2.0.0
2025-12-29 09:50:36,724 [INFO] ThirdParty:1030 - CMSIS Pack Vendor :STMicroelectronics X-CUBE-NFC6 3.1.0
2025-12-29 09:50:36,724 [INFO] ThirdParty:1030 - CMSIS Pack Vendor :STMicroelectronics FreeRTOS 0.0.1
2025-12-29 09:50:36,724 [INFO] ThirdParty:1030 - CMSIS Pack Vendor :STMicroelectronics X-CUBE-AZRTOS-G0 1.1.0
2025-12-29 09:50:36,724 [INFO] ThirdParty:1030 - CMSIS Pack Vendor :STMicroelectronics X-CUBE-NFC4 3.0.0
2025-12-29 09:50:36,724 [INFO] ThirdParty:1030 - CMSIS Pack Vendor :STMicroelectronics X-CUBE-SUBG2 5.0.0
2025-12-29 09:50:36,724 [INFO] ThirdParty:1030 - CMSIS Pack Vendor :STMicroelectronics STM32_WPAN 1.0.0
2025-12-29 09:50:36,724 [INFO] ThirdParty:1030 - CMSIS Pack Vendor :STMicroelectronics lwIP 2.0.3
2025-12-29 09:50:36,724 [INFO] ThirdParty:1030 - CMSIS Pack Vendor :STMicroelectronics USB_HOST 1.0.0
2025-12-29 09:50:36,724 [INFO] ThirdParty:1030 - CMSIS Pack Vendor :STMicroelectronics X-CUBE-AZRTOS-G4 2.0.0
2025-12-29 09:50:36,724 [INFO] ThirdParty:1030 - CMSIS Pack Vendor :STMicroelectronics X-CUBE-WB05N 2.0.0
2025-12-29 09:50:36,724 [INFO] ThirdParty:1030 - CMSIS Pack Vendor :STMicroelectronics PDM2PCM 3.1.0
2025-12-29 09:50:36,724 [INFO] ThirdParty:1030 - CMSIS Pack Vendor :STMicroelectronics PDM2PCM 3.3.0
2025-12-29 09:50:36,724 [INFO] ThirdParty:1030 - CMSIS Pack Vendor :STMicroelectronics X-CUBE-DISPLAY 3.0.0
2025-12-29 09:50:36,724 [INFO] ThirdParty:1030 - CMSIS Pack Vendor :STMicroelectronics X-CUBE-NFC7 2.0.0
2025-12-29 09:50:36,724 [INFO] ThirdParty:1030 - CMSIS Pack Vendor :STMicroelectronics X-CUBE-TCPP 4.2.0
2025-12-29 09:50:36,724 [INFO] ThirdParty:1030 - CMSIS Pack Vendor :STMicroelectronics FP-ATR-SIGFOX1 3.2.0
2025-12-29 09:50:36,724 [INFO] ThirdParty:1030 - CMSIS Pack Vendor :STMicroelectronics X-CUBE-NFC10 1.0.0
2025-12-29 09:50:36,725 [INFO] ThirdParty:1030 - CMSIS Pack Vendor :STMicroelectronics HAL Drivers 0.0.0
2025-12-29 09:50:36,725 [INFO] ThirdParty:1030 - CMSIS Pack Vendor :STMicroelectronics MBEDTLS 2.16.2
2025-12-29 09:50:36,725 [INFO] ThirdParty:1030 - CMSIS Pack Vendor :STMicroelectronics X-CUBE-ALS 1.0.2
2025-12-29 09:50:36,725 [INFO] ThirdParty:1030 - CMSIS Pack Vendor :STMicroelectronics MBEDTLS 2.14.1
2025-12-29 09:50:36,725 [INFO] ThirdParty:1030 - CMSIS Pack Vendor :STMicroelectronics ThreadX 1.0.0
2025-12-29 09:50:36,725 [INFO] ThirdParty:1030 - CMSIS Pack Vendor :STMicroelectronics FP-SNS-SMARTAG2 1.2.0
2025-12-29 09:50:36,725 [INFO] ThirdParty:1030 - CMSIS Pack Vendor :STMicroelectronics FP-SNS-FLIGHT1 5.1.0
2025-12-29 09:50:36,725 [INFO] ThirdParty:1030 - CMSIS Pack Vendor :STMicroelectronics X-CUBE-AZRTOS-WL 2.0.0
2025-12-29 09:50:36,725 [INFO] ThirdParty:1030 - CMSIS Pack Vendor :STMicroelectronics X-CUBE-ALGOBUILD 1.4.0
2025-12-29 09:50:36,725 [INFO] ThirdParty:1030 - CMSIS Pack Vendor :STMicroelectronics X-CUBE-DPower 1.3.0
2025-12-29 09:50:36,725 [INFO] ThirdParty:1030 - CMSIS Pack Vendor :STMicroelectronics USB_DEVICE 1.0.0
2025-12-29 09:50:36,725 [INFO] ThirdParty:1030 - CMSIS Pack Vendor :STMicroelectronics X-CUBE-AZRTOS-L4 2.0.0
2025-12-29 09:50:36,725 [INFO] ThirdParty:1030 - CMSIS Pack Vendor :STMicroelectronics ThreadX 0.0.2
2025-12-29 09:50:36,725 [INFO] ThirdParty:1030 - CMSIS Pack Vendor :STMicroelectronics lwIP 2.1.2
2025-12-29 09:50:36,725 [INFO] ThirdParty:1030 - CMSIS Pack Vendor :STMicroelectronics X-CUBE-SFXS2LP1 4.0.0
2025-12-29 09:50:36,725 [INFO] ThirdParty:1030 - CMSIS Pack Vendor :STMicroelectronics X-CUBE-BLE2 3.3.0
2025-12-29 09:50:36,725 [INFO] ThirdParty:1030 - CMSIS Pack Vendor :STMicroelectronics X-CUBE-TOF1 3.4.3
2025-12-29 09:50:36,725 [INFO] ThirdParty:1030 - CMSIS Pack Vendor :STMicroelectronics PDM2PCM 3.2.0
2025-12-29 09:50:36,725 [INFO] ThirdParty:841 - exiting critical section [change project]
2025-12-29 09:50:36,899 [INFO] PinOutPanel:1589 - setPackage(No Configuration,No Configuration)
2025-12-29 09:50:36,900 [INFO] PinOutPanel:1589 - setPackage(STM32F407VGTx,LQFP100)
2025-12-29 09:50:37,196 [INFO] UtilMem:75 - Before build in PCC Used Memory: 735240312 Bytes (1073741824)
2025-12-29 09:50:37,429 [INFO] UtilMem:75 - After build in PCC Used Memory: 782952568 Bytes (1073741824)
2025-12-29 09:50:37,447 [INFO] IPUIPlugin:80 - create IPUIPlugin
2025-12-29 09:50:37,448 [INFO] IPUIPlugin:80 - create IPUIPlugin
2025-12-29 09:50:37,448 [INFO] IPUIPlugin:80 - create IPUIPlugin
2025-12-29 09:50:37,448 [INFO] IPUIPlugin:80 - create IPUIPlugin
2025-12-29 09:50:37,448 [INFO] IPUIPlugin:80 - create IPUIPlugin
2025-12-29 09:50:37,448 [INFO] IPUIPlugin:80 - create IPUIPlugin
2025-12-29 09:50:37,448 [INFO] IPUIPlugin:80 - create IPUIPlugin
2025-12-29 09:50:37,448 [INFO] IPUIPlugin:80 - create IPUIPlugin
2025-12-29 09:50:37,448 [INFO] IPUIPlugin:80 - create IPUIPlugin
2025-12-29 09:50:37,448 [INFO] IPUIPlugin:80 - create IPUIPlugin
2025-12-29 09:50:37,448 [INFO] IPUIPlugin:80 - create IPUIPlugin
2025-12-29 09:50:37,448 [INFO] IPUIPlugin:80 - create IPUIPlugin
2025-12-29 09:50:37,448 [INFO] IPUIPlugin:80 - create IPUIPlugin
2025-12-29 09:50:37,448 [INFO] IPUIPlugin:80 - create IPUIPlugin
2025-12-29 09:50:37,448 [INFO] IPUIPlugin:80 - create IPUIPlugin
2025-12-29 09:50:37,448 [INFO] IPUIPlugin:80 - create IPUIPlugin
2025-12-29 09:50:37,449 [INFO] IPUIPlugin:80 - create IPUIPlugin
2025-12-29 09:50:37,449 [INFO] IPUIPlugin:80 - create IPUIPlugin
2025-12-29 09:50:37,449 [INFO] IPUIPlugin:80 - create IPUIPlugin
2025-12-29 09:50:37,449 [INFO] IPUIPlugin:80 - create IPUIPlugin
2025-12-29 09:50:37,449 [INFO] IPUIPlugin:80 - create IPUIPlugin
2025-12-29 09:50:37,449 [INFO] IPUIPlugin:80 - create IPUIPlugin
2025-12-29 09:50:37,449 [INFO] IPUIPlugin:80 - create IPUIPlugin
2025-12-29 09:50:37,449 [INFO] IPUIPlugin:80 - create IPUIPlugin
2025-12-29 09:50:37,449 [INFO] IPUIPlugin:80 - create IPUIPlugin
2025-12-29 09:50:37,449 [INFO] IPUIPlugin:80 - create IPUIPlugin
2025-12-29 09:50:37,449 [INFO] IPUIPlugin:80 - create IPUIPlugin
2025-12-29 09:50:37,449 [INFO] IPUIPlugin:80 - create IPUIPlugin
2025-12-29 09:50:37,450 [INFO] IPUIPlugin:80 - create IPUIPlugin
2025-12-29 09:50:37,450 [INFO] IPUIPlugin:80 - create IPUIPlugin
2025-12-29 09:50:37,450 [INFO] IPUIPlugin:80 - create IPUIPlugin
2025-12-29 09:50:37,450 [INFO] IPUIPlugin:80 - create IPUIPlugin
2025-12-29 09:50:37,450 [INFO] IPUIPlugin:80 - create IPUIPlugin
2025-12-29 09:50:37,450 [INFO] IPUIPlugin:80 - create IPUIPlugin
2025-12-29 09:50:37,450 [INFO] IPUIPlugin:80 - create IPUIPlugin
2025-12-29 09:50:37,450 [INFO] IPUIPlugin:80 - create IPUIPlugin
2025-12-29 09:50:37,450 [INFO] IPUIPlugin:80 - create IPUIPlugin
2025-12-29 09:50:37,451 [INFO] IPUIPlugin:80 - create IPUIPlugin
2025-12-29 09:50:37,451 [INFO] IPUIPlugin:80 - create IPUIPlugin
2025-12-29 09:50:37,451 [INFO] IPUIPlugin:80 - create IPUIPlugin
2025-12-29 09:50:37,451 [INFO] IPUIPlugin:80 - create IPUIPlugin
2025-12-29 09:50:37,451 [INFO] IPUIPlugin:80 - create IPUIPlugin
2025-12-29 09:50:37,451 [INFO] IPUIPlugin:80 - create IPUIPlugin
2025-12-29 09:50:37,451 [INFO] IPUIPlugin:80 - create IPUIPlugin
2025-12-29 09:50:37,451 [INFO] IPUIPlugin:80 - create IPUIPlugin
2025-12-29 09:50:37,451 [INFO] IPUIPlugin:80 - create IPUIPlugin
2025-12-29 09:50:37,451 [INFO] IPUIPlugin:80 - create IPUIPlugin
2025-12-29 09:50:37,452 [INFO] IPUIPlugin:80 - create IPUIPlugin
2025-12-29 09:50:37,452 [INFO] IPUIPlugin:80 - create IPUIPlugin
2025-12-29 09:50:37,452 [INFO] IPUIPlugin:80 - create IPUIPlugin
2025-12-29 09:50:37,452 [INFO] IPUIPlugin:80 - create IPUIPlugin
2025-12-29 09:50:37,452 [INFO] IPUIPlugin:80 - create IPUIPlugin
2025-12-29 09:50:37,452 [INFO] IPUIPlugin:80 - create IPUIPlugin
2025-12-29 09:50:37,453 [INFO] IPUIPlugin:80 - create IPUIPlugin
2025-12-29 09:50:37,453 [INFO] IPUIPlugin:80 - create IPUIPlugin
2025-12-29 09:50:37,453 [INFO] IPUIPlugin:80 - create IPUIPlugin
2025-12-29 09:50:37,454 [INFO] IPUIPlugin:80 - create IPUIPlugin
2025-12-29 09:50:37,454 [INFO] IPUIPlugin:80 - create IPUIPlugin
2025-12-29 09:50:37,462 [INFO] ApiDbMcu:532 - Load IP Config File for PDM2PCM
2025-12-29 09:50:37,492 [INFO] CADModel:165 - CPN selected for project levelSTM32F407VGT6
2025-12-29 09:50:37,493 [INFO] CADModel:114 - Register for checkConnection events
2025-12-29 09:50:37,547 [INFO] OpenFileManager:386 - Restore cursor
2025-12-29 09:50:38,112 [INFO] UtilMem:75 - End SaveConfig() Used Memory: 874685976 Bytes (1073741824)
2025-12-29 09:50:38,191 [INFO] UtilMem:75 - End SaveConfig() Used Memory: 893575288 Bytes (1073741824)
2025-12-29 09:50:38,305 [INFO] BlockDiagram:2775 - set Specific Code input for plugin: SYS
2025-12-29 09:50:38,305 [INFO] BlockDiagram:2775 - set Specific Code input for plugin: RCC
2025-12-29 09:50:38,305 [INFO] BlockDiagram:2775 - set Specific Code input for plugin: NVIC
2025-12-29 09:50:38,306 [INFO] BlockDiagram:2775 - set Specific Code input for plugin: GPIO
2025-12-29 09:50:38,307 [INFO] CodeGenerator:892 - code generatio: config db path: C:\ST\STM32CubeIDE_1.19.0\STM32CubeIDE\plugins\com.st.stm32cube.common.mx_6.15.0.202507011659\\db\
2025-12-29 09:50:38,379 [INFO] CodeEngine:265 - oldGeneratedFile, C:\Users\aditi\OneDrive\Desktop\Sunbeam_Internship\ARM_94076_Aditi\assignment_7\code3_LCD Scrolling Operation\MXTmpFiles\license.tmp_save
2025-12-29 09:50:38,638 [INFO] CodeEngine:289 - Generated code: C:\Users\aditi\OneDrive\Desktop\Sunbeam_Internship\ARM_94076_Aditi\assignment_7\code3_LCD Scrolling Operation\MXTmpFiles\license.tmp
2025-12-29 09:50:38,707 [INFO] CodeEngine:265 - oldGeneratedFile, C:\Users\aditi\OneDrive\Desktop\Sunbeam_Internship\ARM_94076_Aditi\assignment_7\code3_LCD Scrolling Operation\MXTmpFiles\gpio.tmp_save
2025-12-29 09:50:38,830 [INFO] CodeEngine:289 - Generated code: C:\Users\aditi\OneDrive\Desktop\Sunbeam_Internship\ARM_94076_Aditi\assignment_7\code3_LCD Scrolling Operation\MXTmpFiles\gpio.tmp
2025-12-29 09:50:38,873 [INFO] CodeEngine:265 - oldGeneratedFile, C:\Users\aditi\OneDrive\Desktop\Sunbeam_Internship\ARM_94076_Aditi\assignment_7\code3_LCD Scrolling Operation\Core\Src\stm32f4xx_it.c_save
2025-12-29 09:50:39,152 [INFO] CodeEngine:289 - Generated code: C:\Users\aditi\OneDrive\Desktop\Sunbeam_Internship\ARM_94076_Aditi\assignment_7\code3_LCD Scrolling Operation\Core\Src\stm32f4xx_it.c
2025-12-29 09:50:39,170 [INFO] CodeEngine:265 - oldGeneratedFile, C:\Users\aditi\OneDrive\Desktop\Sunbeam_Internship\ARM_94076_Aditi\assignment_7\code3_LCD Scrolling Operation\Core\Inc\stm32f4xx_it.h_save
2025-12-29 09:50:39,272 [INFO] CodeEngine:289 - Generated code: C:\Users\aditi\OneDrive\Desktop\Sunbeam_Internship\ARM_94076_Aditi\assignment_7\code3_LCD Scrolling Operation\Core\Inc\stm32f4xx_it.h
2025-12-29 09:50:39,308 [INFO] CodeEngine:265 - oldGeneratedFile, C:\Users\aditi\OneDrive\Desktop\Sunbeam_Internship\ARM_94076_Aditi\assignment_7\code3_LCD Scrolling Operation\Core\Src\stm32f4xx_hal_msp.c_save
2025-12-29 09:50:39,431 [INFO] CodeEngine:289 - Generated code: C:\Users\aditi\OneDrive\Desktop\Sunbeam_Internship\ARM_94076_Aditi\assignment_7\code3_LCD Scrolling Operation\Core\Src\stm32f4xx_hal_msp.c
2025-12-29 09:50:39,451 [INFO] CodeEngine:265 - oldGeneratedFile, C:\Users\aditi\OneDrive\Desktop\Sunbeam_Internship\ARM_94076_Aditi\assignment_7\code3_LCD Scrolling Operation\MXTmpFiles\system.tmp_save
2025-12-29 09:50:39,523 [INFO] CodeEngine:289 - Generated code: C:\Users\aditi\OneDrive\Desktop\Sunbeam_Internship\ARM_94076_Aditi\assignment_7\code3_LCD Scrolling Operation\MXTmpFiles\system.tmp
2025-12-29 09:50:39,543 [INFO] CodeEngine:321 - oldGeneratedFile, C:\Users\aditi\OneDrive\Desktop\Sunbeam_Internship\ARM_94076_Aditi\assignment_7\code3_LCD Scrolling Operation\Core\Inc\stm32f4xx_hal_conf.h_save
2025-12-29 09:50:39,609 [INFO] CodeEngine:345 - Generated code: C:\Users\aditi\OneDrive\Desktop\Sunbeam_Internship\ARM_94076_Aditi\assignment_7\code3_LCD Scrolling Operation\Core\Inc\stm32f4xx_hal_conf.h
2025-12-29 09:50:39,639 [INFO] ApiDbMcu:532 - Load IP Config File for RCC
2025-12-29 09:50:39,659 [INFO] CodeEngine:265 - oldGeneratedFile, C:\Users\aditi\OneDrive\Desktop\Sunbeam_Internship\ARM_94076_Aditi\assignment_7\code3_LCD Scrolling Operation\Core\Inc\main.h_save
2025-12-29 09:50:39,753 [INFO] CodeEngine:289 - Generated code: C:\Users\aditi\OneDrive\Desktop\Sunbeam_Internship\ARM_94076_Aditi\assignment_7\code3_LCD Scrolling Operation\Core\Inc\main.h
2025-12-29 09:50:39,765 [INFO] CodeEngine:265 - oldGeneratedFile, C:\Users\aditi\OneDrive\Desktop\Sunbeam_Internship\ARM_94076_Aditi\assignment_7\code3_LCD Scrolling Operation\Core\Src\main.c_save
2025-12-29 09:50:39,876 [INFO] CodeEngine:289 - Generated code: C:\Users\aditi\OneDrive\Desktop\Sunbeam_Internship\ARM_94076_Aditi\assignment_7\code3_LCD Scrolling Operation\Core\Src\main.c
2025-12-29 09:50:41,408 [INFO] ProjectBuilder:3606 - Time for Copy HAL[1] : 1368mS.
2025-12-29 09:50:41,441 [INFO] ProjectBuilder:5216 - Project Generator version: 4.7.0-B52
2025-12-29 09:50:41,482 [INFO] ConfigFileManager:1595 - The Die is : DIE413
2025-12-29 09:50:41,486 [INFO] ApiDbMcu:532 - Load IP Config File for FATFS
2025-12-29 09:50:41,490 [INFO] ApiDbMcu:532 - Load IP Config File for FREERTOS
2025-12-29 09:50:41,492 [INFO] ApiDbMcu:532 - Load IP Config File for LIBJPEG
2025-12-29 09:50:41,496 [INFO] ApiDbMcu:532 - Load IP Config File for LWIP
2025-12-29 09:50:41,499 [INFO] ApiDbMcu:532 - Load IP Config File for MBEDTLS
2025-12-29 09:50:41,504 [INFO] ApiDbMcu:532 - Load IP Config File for USB_DEVICE
2025-12-29 09:50:41,507 [INFO] ApiDbMcu:532 - Load IP Config File for USB_HOST
2025-12-29 09:50:43,446 [INFO] ProjectBuilder:5496 - Time for Generating toolchain IDE Files: 2005mS.
2025-12-29 09:50:43,448 [INFO] ProjectBuilder:3463 - Time for Copy CMSIS : 0mS.
2025-12-29 09:50:43,454 [INFO] ProjectBuilder:3463 - Time for Copy CMSIS : 0mS.
2025-12-29 09:50:44,455 [INFO] McuFinderGlobals:76 - Set McuFinderConnectedMode to true
2025-12-29 09:50:44,459 [INFO] ApiDb:448 - Save user favorites file C:\Users\aditi/.stm32cubeide/favorites.mcus.txt: 0 item(s)
2025-12-29 09:50:44,459 [INFO] ApiDb:452 - User favorites MCUs=[]
2025-12-29 09:50:44,461 [INFO] ApiDb:448 - Save user favorites file C:\Users\aditi/.stm32cubeide/favorites.boards.txt: 1 item(s)
2025-12-29 09:50:44,461 [INFO] ApiDb:452 - User favorites Boards=[STM32F407G-DISC1]
2025-12-29 09:51:11,699 [WARN] IP:2250 - I2C_Coeff_DF not found: check if there is a RefParameter without a condition.
2025-12-29 09:51:11,700 [WARN] IP:2250 - Analog_Filter not found: check if there is a RefParameter without a condition.
2025-12-29 09:51:11,718 [WARN] IP:2250 - I2C_Coeff_DF not found: check if there is a RefParameter without a condition.
2025-12-29 09:51:11,718 [WARN] IP:2250 - Analog_Filter not found: check if there is a RefParameter without a condition.
2025-12-29 09:51:11,718 [WARN] IP:2250 - I2C_Coeff_DF not found: check if there is a RefParameter without a condition.
2025-12-29 09:51:11,718 [WARN] IP:2250 - Analog_Filter not found: check if there is a RefParameter without a condition.
2025-12-29 09:51:11,829 [WARN] IP:2250 - I2C_Coeff_DF not found: check if there is a RefParameter without a condition.
2025-12-29 09:51:11,830 [WARN] IP:2250 - Analog_Filter not found: check if there is a RefParameter without a condition.
2025-12-29 09:51:11,832 [WARN] IP:2250 - I2C_Coeff_DF not found: check if there is a RefParameter without a condition.
2025-12-29 09:51:11,832 [WARN] IP:2250 - Analog_Filter not found: check if there is a RefParameter without a condition.
2025-12-29 09:51:12,828 [INFO] UtilMem:75 - End SaveConfig() Used Memory: 776483656 Bytes (1073741824)
2025-12-29 09:51:14,574 [INFO] UtilMem:75 - End SaveConfig() Used Memory: 806589968 Bytes (1073741824)
2025-12-29 09:51:14,692 [INFO] UtilMem:75 - End SaveConfig() Used Memory: 833633096 Bytes (1073741824)
2025-12-29 09:51:14,772 [INFO] BlockDiagram:2775 - set Specific Code input for plugin: SYS
2025-12-29 09:51:14,772 [INFO] BlockDiagram:2775 - set Specific Code input for plugin: RCC
2025-12-29 09:51:14,772 [INFO] BlockDiagram:2775 - set Specific Code input for plugin: I2C
2025-12-29 09:51:14,772 [INFO] BlockDiagram:2775 - set Specific Code input for plugin: NVIC
2025-12-29 09:51:14,772 [INFO] BlockDiagram:2775 - set Specific Code input for plugin: GPIO
2025-12-29 09:51:14,774 [INFO] CodeGenerator:892 - code generatio: config db path: C:\ST\STM32CubeIDE_1.19.0\STM32CubeIDE\plugins\com.st.stm32cube.common.mx_6.15.0.202507011659\\db\
2025-12-29 09:51:14,776 [WARN] IP:2250 - I2C_Coeff_DF not found: check if there is a RefParameter without a condition.
2025-12-29 09:51:14,776 [WARN] IP:2250 - Analog_Filter not found: check if there is a RefParameter without a condition.
2025-12-29 09:51:14,828 [INFO] CodeEngine:265 - oldGeneratedFile, C:\Users\aditi\OneDrive\Desktop\Sunbeam_Internship\ARM_94076_Aditi\assignment_7\code3_LCD Scrolling Operation\MXTmpFiles\license.tmp_save
2025-12-29 09:51:14,877 [INFO] CodeEngine:289 - Generated code: C:\Users\aditi\OneDrive\Desktop\Sunbeam_Internship\ARM_94076_Aditi\assignment_7\code3_LCD Scrolling Operation\MXTmpFiles\license.tmp
2025-12-29 09:51:14,901 [INFO] CodeEngine:265 - oldGeneratedFile, C:\Users\aditi\OneDrive\Desktop\Sunbeam_Internship\ARM_94076_Aditi\assignment_7\code3_LCD Scrolling Operation\MXTmpFiles\gpio.tmp_save
2025-12-29 09:51:14,949 [INFO] CodeEngine:289 - Generated code: C:\Users\aditi\OneDrive\Desktop\Sunbeam_Internship\ARM_94076_Aditi\assignment_7\code3_LCD Scrolling Operation\MXTmpFiles\gpio.tmp
2025-12-29 09:51:14,993 [INFO] CodeEngine:265 - oldGeneratedFile, C:\Users\aditi\OneDrive\Desktop\Sunbeam_Internship\ARM_94076_Aditi\assignment_7\code3_LCD Scrolling Operation\Core\Src\stm32f4xx_it.c_save
2025-12-29 09:51:15,050 [INFO] CodeEngine:289 - Generated code: C:\Users\aditi\OneDrive\Desktop\Sunbeam_Internship\ARM_94076_Aditi\assignment_7\code3_LCD Scrolling Operation\Core\Src\stm32f4xx_it.c
2025-12-29 09:51:15,062 [INFO] CodeEngine:265 - oldGeneratedFile, C:\Users\aditi\OneDrive\Desktop\Sunbeam_Internship\ARM_94076_Aditi\assignment_7\code3_LCD Scrolling Operation\Core\Inc\stm32f4xx_it.h_save
2025-12-29 09:51:15,110 [INFO] CodeEngine:289 - Generated code: C:\Users\aditi\OneDrive\Desktop\Sunbeam_Internship\ARM_94076_Aditi\assignment_7\code3_LCD Scrolling Operation\Core\Inc\stm32f4xx_it.h
2025-12-29 09:51:15,127 [INFO] CodeEngine:265 - oldGeneratedFile, C:\Users\aditi\OneDrive\Desktop\Sunbeam_Internship\ARM_94076_Aditi\assignment_7\code3_LCD Scrolling Operation\Core\Src\stm32f4xx_hal_msp.c_save
2025-12-29 09:51:15,196 [INFO] CodeEngine:289 - Generated code: C:\Users\aditi\OneDrive\Desktop\Sunbeam_Internship\ARM_94076_Aditi\assignment_7\code3_LCD Scrolling Operation\Core\Src\stm32f4xx_hal_msp.c
2025-12-29 09:51:15,204 [INFO] CodeEngine:265 - oldGeneratedFile, C:\Users\aditi\OneDrive\Desktop\Sunbeam_Internship\ARM_94076_Aditi\assignment_7\code3_LCD Scrolling Operation\MXTmpFiles\system.tmp_save
2025-12-29 09:51:15,247 [INFO] CodeEngine:289 - Generated code: C:\Users\aditi\OneDrive\Desktop\Sunbeam_Internship\ARM_94076_Aditi\assignment_7\code3_LCD Scrolling Operation\MXTmpFiles\system.tmp
2025-12-29 09:51:15,262 [INFO] CodeEngine:321 - oldGeneratedFile, C:\Users\aditi\OneDrive\Desktop\Sunbeam_Internship\ARM_94076_Aditi\assignment_7\code3_LCD Scrolling Operation\Core\Inc\stm32f4xx_hal_conf.h_save
2025-12-29 09:51:15,312 [INFO] CodeEngine:345 - Generated code: C:\Users\aditi\OneDrive\Desktop\Sunbeam_Internship\ARM_94076_Aditi\assignment_7\code3_LCD Scrolling Operation\Core\Inc\stm32f4xx_hal_conf.h
2025-12-29 09:51:15,333 [INFO] ApiDbMcu:532 - Load IP Config File for I2C1
2025-12-29 09:51:15,346 [INFO] CodeEngine:265 - oldGeneratedFile, C:\Users\aditi\OneDrive\Desktop\Sunbeam_Internship\ARM_94076_Aditi\assignment_7\code3_LCD Scrolling Operation\Core\Inc\main.h_save
2025-12-29 09:51:15,394 [INFO] CodeEngine:289 - Generated code: C:\Users\aditi\OneDrive\Desktop\Sunbeam_Internship\ARM_94076_Aditi\assignment_7\code3_LCD Scrolling Operation\Core\Inc\main.h
2025-12-29 09:51:15,403 [INFO] CodeEngine:265 - oldGeneratedFile, C:\Users\aditi\OneDrive\Desktop\Sunbeam_Internship\ARM_94076_Aditi\assignment_7\code3_LCD Scrolling Operation\Core\Src\main.c_save
2025-12-29 09:51:15,480 [INFO] CodeEngine:289 - Generated code: C:\Users\aditi\OneDrive\Desktop\Sunbeam_Internship\ARM_94076_Aditi\assignment_7\code3_LCD Scrolling Operation\Core\Src\main.c
2025-12-29 09:51:16,931 [INFO] ProjectBuilder:3606 - Time for Copy HAL[1] : 1342mS.
2025-12-29 09:51:16,936 [INFO] ProjectBuilder:5216 - Project Generator version: 4.7.0-B52
2025-12-29 09:51:16,977 [INFO] ConfigFileManager:1595 - The Die is : DIE413
2025-12-29 09:51:17,599 [INFO] ProjectBuilder:5496 - Time for Generating toolchain IDE Files: 663mS.
2025-12-29 09:51:17,600 [INFO] ProjectBuilder:3463 - Time for Copy CMSIS : 1mS.
2025-12-29 09:51:17,610 [INFO] ProjectBuilder:3463 - Time for Copy CMSIS : 0mS.
2025-12-29 10:15:07,896 [INFO] MainUpdater:2872 - connection check result : 10
2025-12-29 10:15:08,056 [INFO] McuFinderGlobals:76 - Set McuFinderConnectedMode to true
2025-12-29 10:15:08,062 [INFO] MultiScanPanel:200 - Auto-refresh data requested => check proxy status ongoing
2025-12-29 10:15:08,063 [INFO] FinderPluginLoader:96 - Searching for filters in installed packs
2025-12-29 10:15:10,860 [INFO] LoadUrlFilesThread:185 - End of LoadServerUrlFiles without Thread
2025-12-29 10:15:10,861 [INFO] DetailPanel:341 - Set advertising image to C:/Users/aditi/STM32Cube/Repository/\en.prom-st67w-expansion-board.png
2025-12-29 10:15:17,100 [INFO] MultiScanPanel:200 - Auto-refresh data requested => check proxy status ongoing
2025-12-29 10:15:17,208 [INFO] LoadUrlFilesThread:185 - End of LoadServerUrlFiles without Thread
2025-12-29 10:15:17,209 [INFO] DetailPanel:341 - Set advertising image to C:/Users/aditi/STM32Cube/Repository/\en.prom-st67w-expansion-board.png
2025-12-29 10:15:46,464 [INFO] MainUpdater:2872 - connection check result : 10
2025-12-29 10:15:46,464 [INFO] MainUpdater:2872 - connection check result : 10
2025-12-29 10:15:46,582 [INFO] MicroXplorer:468 - Change Database Path : 
2025-12-29 10:15:46,583 [INFO] MicroXplorer:498 - Change Database Version : DB.6.0.150
2025-12-29 10:15:46,728 [ERROR] ProjectManagerView:395 - 
java.lang.NullPointerException: Cannot invoke "javax.swing.JTextField.getText()" because the return value of "java.util.List.get(int)" is null
	at com.st.microxplorer.plugins.projectmanager.gui.ProjectChoiceTab$9.caretUpdate(ProjectChoiceTab.java:2706) ~[filemanager.jar:?]
	at javax.swing.text.JTextComponent.fireCaretUpdate(JTextComponent.java:408) ~[?:?]
	at javax.swing.text.JTextComponent$MutableCaretEvent.fire(JTextComponent.java:4484) ~[?:?]
	at javax.swing.text.JTextComponent$MutableCaretEvent.stateChanged(JTextComponent.java:4506) ~[?:?]
	at javax.swing.text.DefaultCaret.fireStateChanged(DefaultCaret.java:857) ~[?:?]
	at javax.swing.text.DefaultCaret.changeCaretPosition(DefaultCaret.java:1343) ~[?:?]
	at javax.swing.text.DefaultCaret.handleSetDot(DefaultCaret.java:1242) ~[?:?]
	at javax.swing.text.DefaultCaret.setDot(DefaultCaret.java:1223) ~[?:?]
	at javax.swing.text.DefaultCaret$Handler.insertUpdate(DefaultCaret.java:1819) ~[?:?]
	at javax.swing.text.AbstractDocument.fireInsertUpdate(AbstractDocument.java:227) ~[?:?]
	at javax.swing.text.AbstractDocument.handleInsertString(AbstractDocument.java:781) ~[?:?]
	at javax.swing.text.AbstractDocument.insertString(AbstractDocument.java:740) ~[?:?]
	at javax.swing.text.PlainDocument.insertString(PlainDocument.java:131) ~[?:?]
	at javax.swing.text.AbstractDocument.replace(AbstractDocument.java:699) ~[?:?]
	at javax.swing.text.JTextComponent.setText(JTextComponent.java:1725) ~[?:?]
	at com.st.microxplorer.plugins.projectmanager.gui.ProjectChoiceTab.createHeapStackFields(ProjectChoiceTab.java:993) ~[filemanager.jar:?]
	at com.st.microxplorer.plugins.projectmanager.gui.ProjectChoiceTab.buildLinkSettingsPanel(ProjectChoiceTab.java:3813) ~[filemanager.jar:?]
	at com.st.microxplorer.plugins.projectmanager.gui.ProjectChoiceTab.defineWindowsFields(ProjectChoiceTab.java:1987) ~[filemanager.jar:?]
	at com.st.microxplorer.plugins.projectmanager.gui.ProjectChoiceTab.updateSettings(ProjectChoiceTab.java:558) ~[filemanager.jar:?]
	at com.st.microxplorer.plugins.projectmanager.gui.ProjectSettingsPanel.UpdateDialog(ProjectSettingsPanel.java:247) ~[filemanager.jar:?]
	at com.st.microxplorer.plugins.projectmanager.ProjectManagerView.propertyChange(ProjectManagerView.java:392) ~[filemanager.jar:?]
	at java.beans.PropertyChangeSupport.fire(PropertyChangeSupport.java:343) ~[?:?]
	at java.beans.PropertyChangeSupport.firePropertyChange(PropertyChangeSupport.java:335) ~[?:?]
	at java.beans.PropertyChangeSupport.firePropertyChange(PropertyChangeSupport.java:268) ~[?:?]
	at com.st.microxplorer.util.MXPropertyChangeSupport.firePropertyChange(MXPropertyChangeSupport.java:54) ~[STM32CubeMX.jar:?]
	at com.st.microxplorer.mxsystem.MxSystem.closeConfig(MxSystem.java:899) ~[STM32CubeMX.jar:?]
	at com.st.microxplorer.maingui.MainPanel.closeConfig(MainPanel.java:792) ~[STM32CubeMX.jar:?]
	at com.st.microxplorer.plugins.filemanager.engine.OpenFileManager.loadConfigurationFile(OpenFileManager.java:288) ~[filemanager.jar:?]
	at com.st.microxplorer.plugins.filemanager.engine.MainFileManager.userLoadConfig(MainFileManager.java:364) ~[filemanager.jar:?]
	at com.st.microxplorer.plugins.filemanager.FileManagerView.getSpecificTask(FileManagerView.java:268) ~[filemanager.jar:?]
	at com.st.stm32cube.common.mx.editor.CubeMxEditor.getMxTabbedPaneInstance(CubeMxEditor.java:1191) ~[com.st.stm32cube.common.mx_6.15.0.202507011659/:?]
	at com.st.stm32cube.common.mx.editor.CubeMxEditor$12$1.createSwingComponent(CubeMxEditor.java:1068) ~[com.st.stm32cube.common.mx_6.15.0.202507011659/:?]
	at com.st.stm32cube.common.mx.oss.core.awtswtbridge.EmbeddedSwingComposite.doComponentCreation(EmbeddedSwingComposite.java:492) ~[com.st.stm32cube.common.mx.oss_6.15.0.202507011659/:?]
	at com.st.stm32cube.common.mx.oss.core.awtswtbridge.EmbeddedSwingComposite$4.run(EmbeddedSwingComposite.java:291) ~[com.st.stm32cube.common.mx.oss_6.15.0.202507011659/:?]
	at com.st.stm32cube.common.mx.oss.core.awtswtbridge.AwtEnvironment$2.run(AwtEnvironment.java:166) ~[com.st.stm32cube.common.mx.oss_6.15.0.202507011659/:?]
	at java.awt.event.InvocationEvent.dispatch(InvocationEvent.java:318) ~[?:?]
	at java.awt.EventQueue.dispatchEventImpl(EventQueue.java:773) ~[?:?]
	at java.awt.EventQueue$4.run(EventQueue.java:720) ~[?:?]
	at java.awt.EventQueue$4.run(EventQueue.java:714) ~[?:?]
	at java.security.AccessController.doPrivileged(AccessController.java:400) ~[?:?]
	at java.security.ProtectionDomain$JavaSecurityAccessImpl.doIntersectionPrivilege(ProtectionDomain.java:87) ~[?:?]
	at java.awt.EventQueue.dispatchEvent(EventQueue.java:742) ~[?:?]
	at java.awt.EventDispatchThread.pumpOneEventForFilters(EventDispatchThread.java:203) ~[?:?]
	at java.awt.EventDispatchThread.pumpEventsForFilter(EventDispatchThread.java:124) ~[?:?]
	at java.awt.EventDispatchThread.pumpEventsForHierarchy(EventDispatchThread.java:113) ~[?:?]
	at java.awt.EventDispatchThread.pumpEvents(EventDispatchThread.java:109) ~[?:?]
	at java.awt.EventDispatchThread.pumpEvents(EventDispatchThread.java:101) ~[?:?]
	at java.awt.EventDispatchThread.run(EventDispatchThread.java:90) ~[?:?]
2025-12-29 10:15:46,736 [WARN] ThirdParty:871 - waiting for thirdparty lock release [close project]
2025-12-29 10:15:46,736 [INFO] ThirdParty:873 - entering critical section [close project]
2025-12-29 10:15:46,738 [INFO] ThirdParty:883 - exiting critical section [close project]
2025-12-29 10:15:46,748 [INFO] PinOutPanel:1589 - setPackage(No Configuration,No Configuration)
2025-12-29 10:15:46,786 [WARN] IpParametersView:155 - Warning: This peripheral hasn't parameters
2025-12-29 10:15:46,815 [WARN] MainPanel:289 - <html><b><center>Warning: This peripheral has no parameters to be configured<br></b></html>
2025-12-29 10:15:46,833 [INFO] UtilMem:75 - Begin LoadConfig() Used Memory: 739767296 Bytes (1073741824)
2025-12-29 10:15:46,836 [INFO] OpenFileManager:355 - Change cursor
2025-12-29 10:15:46,944 [INFO] RulesReader:64 - Compatibility file has been processed (317 Rules)
2025-12-29 10:15:47,002 [INFO] ProjectFactory:514 - No CPN specified for board STM32F407G-DISC1 => set CPN to STM32F407VGT6
2025-12-29 10:15:47,005 [INFO] Mcu:2029 - Initializing MCU STM32F407V(E-G)Tx STM32F407VGTx STM32F407VGT6
2025-12-29 10:15:49,573 [INFO] Context:786 - Trying to add GPIOservice into a context  which must be forbidden
2025-12-29 10:15:50,699 [INFO] Rule:233 - rule 117617 - U5Cobra4M][GTZC] default value MPCBB3 and MPCBB5 - Not Secured memory - MPCBB1 is applicable
2025-12-29 10:15:50,700 [INFO] Rule:233 - rule 117617 - U5Cobra4M][GTZC] default value MPCBB3 and MPCBB5 - Not Secured memory - MPCBB1 is applicable
2025-12-29 10:15:50,704 [INFO] Rule:233 - rule 117617 - U5Cobra4M][GTZC] default value MPCBB3 and MPCBB5 - Not Secured memory - MPCBB2 is applicable
2025-12-29 10:15:50,704 [INFO] Rule:233 - rule 117617 - U5Cobra4M][GTZC] default value MPCBB3 and MPCBB5 - Not Secured memory - MPCBB2 is applicable
2025-12-29 10:15:50,705 [INFO] Rule:233 - rule 117617 - U5Cobra4M][GTZC] default value MPCBB3 and MPCBB5 - Not Secured memory - MPCBB3 is applicable
2025-12-29 10:15:50,705 [INFO] Rule:233 - rule 117617 - U5Cobra4M][GTZC] default value MPCBB3 and MPCBB5 - Not Secured memory - MPCBB3 is applicable
2025-12-29 10:15:50,705 [INFO] Rule:233 - rule 117617 - U5Cobra4M][GTZC] default value MPCBB3 and MPCBB5 - Not Secured memory - MPCBB4 is applicable
2025-12-29 10:15:50,705 [INFO] Rule:233 - rule 117617 - U5Cobra4M][GTZC] default value MPCBB3 and MPCBB5 - Not Secured memory - MPCBB4 is applicable
2025-12-29 10:15:50,705 [INFO] Rule:233 - rule 117617 - U5Cobra4M][GTZC] default value MPCBB3 and MPCBB5 - Secured memory - MPCBB1 is applicable
2025-12-29 10:15:50,706 [INFO] Rule:233 - rule 117617 - U5Cobra4M][GTZC] default value MPCBB3 and MPCBB5 - Secured memory - MPCBB2 is applicable
2025-12-29 10:15:50,706 [INFO] Rule:233 - rule 117617 - U5Cobra4M][GTZC] default value MPCBB3 and MPCBB5 - Secured memory - MPCBB3 is applicable
2025-12-29 10:15:50,707 [INFO] Rule:233 - rule 117617 - U5Cobra4M][GTZC] default value MPCBB3 and MPCBB5 - Secured memory - MPCBB4 is applicable
2025-12-29 10:15:50,707 [INFO] Rule:233 - rule 117617 - U5Cobra4M][GTZC] default value MPCBB3 and MPCBB5 - Privileged memory - MPCBB1 is applicable
2025-12-29 10:15:50,707 [INFO] Rule:233 - rule 117617 - U5Cobra4M][GTZC] default value MPCBB3 and MPCBB5 - Privileged memory - MPCBB2 is applicable
2025-12-29 10:15:50,707 [INFO] Rule:233 - rule 117617 - U5Cobra4M][GTZC] default value MPCBB3 and MPCBB5 - Privileged memory - MPCBB3 is applicable
2025-12-29 10:15:50,707 [INFO] Rule:233 - rule 117617 - U5Cobra4M][GTZC] default value MPCBB3 and MPCBB5 - Privileged memory - MPCBB4 is applicable
2025-12-29 10:15:50,707 [INFO] Rule:233 - rule 117617 - U5Cobra4M][GTZC] default value MPCBB3 and MPCBB5 - Not Privileged memory - MPCBB1 is applicable
2025-12-29 10:15:50,708 [INFO] Rule:233 - rule 117617 - U5Cobra4M][GTZC] default value MPCBB3 and MPCBB5 - Not Privileged memory - MPCBB2 is applicable
2025-12-29 10:15:50,708 [INFO] Rule:233 - rule 117617 - U5Cobra4M][GTZC] default value MPCBB3 and MPCBB5 - Not Privileged memory - MPCBB3 is applicable
2025-12-29 10:15:50,708 [INFO] Rule:233 - rule 117617 - U5Cobra4M][GTZC] default value MPCBB3 and MPCBB5 - Not Privileged memory - MPCBB4 is applicable
2025-12-29 10:15:50,708 [INFO] Rule:233 - rule 117617 - U5Cobra4M][GTZC] default value MPCBB3 and MPCBB5 - Privileged memory - MPCBB1 is applicable
2025-12-29 10:15:50,708 [INFO] Rule:233 - rule 117617 - U5Cobra4M][GTZC] default value MPCBB3 and MPCBB5 - Privileged memory - MPCBB2 is applicable
2025-12-29 10:15:50,708 [INFO] Rule:233 - rule 117617 - U5Cobra4M][GTZC] default value MPCBB3 and MPCBB5 - Privileged memory - MPCBB3 is applicable
2025-12-29 10:15:50,710 [INFO] Rule:233 - rule 117617 - U5Cobra4M][GTZC] default value MPCBB3 and MPCBB5 - Privileged memory - MPCBB4 is applicable
2025-12-29 10:15:50,710 [INFO] Rule:233 - rule 117617 - U5Cobra4M][GTZC] default value MPCBB3 and MPCBB5 - Privileged memory - MPCBB1 is applicable
2025-12-29 10:15:50,710 [INFO] Rule:233 - rule 117617 - U5Cobra4M][GTZC] default value MPCBB3 and MPCBB5 - Privileged memory - MPCBB2 is applicable
2025-12-29 10:15:50,711 [INFO] Rule:233 - rule 117617 - U5Cobra4M][GTZC] default value MPCBB3 and MPCBB5 - Privileged memory - MPCBB3 is applicable
2025-12-29 10:15:50,711 [INFO] Rule:233 - rule 117617 - U5Cobra4M][GTZC] default value MPCBB3 and MPCBB5 - Privileged memory - MPCBB4 is applicable
2025-12-29 10:15:50,711 [INFO] Rule:233 - rule 117617 - U5Cobra4M][GTZC] default value MPCBB3 and MPCBB5 - Not Privileged memory - MPCBB1 is applicable
2025-12-29 10:15:50,711 [INFO] Rule:233 - rule 117617 - U5Cobra4M][GTZC] default value MPCBB3 and MPCBB5 - Not Privileged memory - MPCBB2 is applicable
2025-12-29 10:15:50,711 [INFO] Rule:233 - rule 117617 - U5Cobra4M][GTZC] default value MPCBB3 and MPCBB5 - Not Privileged memory - MPCBB3 is applicable
2025-12-29 10:15:50,712 [INFO] Rule:233 - rule 117617 - U5Cobra4M][GTZC] default value MPCBB3 and MPCBB5 - Not Privileged memory - MPCBB4 is applicable
2025-12-29 10:15:50,712 [INFO] Rule:233 - rule 117617 - U5Cobra4M][GTZC] default value MPCBB3 and MPCBB5 - Privileged memory - MPCBB1 is applicable
2025-12-29 10:15:50,712 [INFO] Rule:233 - rule 117617 - U5Cobra4M][GTZC] default value MPCBB3 and MPCBB5 - Privileged memory - MPCBB2 is applicable
2025-12-29 10:15:50,712 [INFO] Rule:233 - rule 117617 - U5Cobra4M][GTZC] default value MPCBB3 and MPCBB5 - Privileged memory - MPCBB3 is applicable
2025-12-29 10:15:50,712 [INFO] Rule:233 - rule 117617 - U5Cobra4M][GTZC] default value MPCBB3 and MPCBB5 - Privileged memory - MPCBB4 is applicable
2025-12-29 10:15:50,712 [INFO] Rule:233 - rule Rename SubGHz_Phy SUBGHZ_APPLICATION SUBGHZ_PINGPONG to SUBGHZ_ADV_APPLICATION is applicable
2025-12-29 10:15:50,713 [INFO] Rule:233 - rule Rename Enabled to IBEACON is applicable
2025-12-29 10:15:50,713 [INFO] Rule:233 - rule GTZC_S instance for project manager is applicable
2025-12-29 10:15:50,713 [INFO] Rule:233 - rule GTZC_S instance for context M33S is applicable
2025-12-29 10:15:50,713 [INFO] Rule:233 - rule GTZC_S instance value for IP GTZC is applicable
2025-12-29 10:15:50,713 [INFO] Rule:233 - rule GTZC_S instance for mcu.IP is applicable
2025-12-29 10:15:50,713 [INFO] Rule:233 - rule GTZC_S instance for VP is applicable
2025-12-29 10:15:50,714 [INFO] Rule:233 - rule GTZC_S instance for signal is applicable
2025-12-29 10:15:50,714 [INFO] Rule:233 - rule GTZC_S instance for mcu.Pin is applicable
2025-12-29 10:15:50,714 [INFO] Rule:233 - rule GTZC_S instance for VP is applicable
2025-12-29 10:15:50,714 [INFO] Rule:233 - rule GTZC_S instance for signal is applicable
2025-12-29 10:15:50,715 [INFO] Rule:233 - rule GTZC_S instance for mcu is applicable
2025-12-29 10:15:50,715 [INFO] Rule:233 - rule GTZC_S instance for mcu.Pin is applicable
2025-12-29 10:15:50,715 [INFO] Rule:233 - rule GTZC_S instance value for IP GTZC is applicable
2025-12-29 10:15:50,715 [INFO] Rule:233 - rule GTZC_S instance for project manager is applicable
2025-12-29 10:15:50,715 [INFO] Rule:233 - rule GTZC_S instance for context M33S is applicable
2025-12-29 10:15:50,716 [INFO] Rule:233 - rule GTZC_S instance for VP is applicable
2025-12-29 10:15:50,716 [INFO] Rule:233 - rule GTZC_S instance for signal is applicable
2025-12-29 10:15:50,716 [INFO] Rule:233 - rule SPDIFRX instance for mcu is applicable
2025-12-29 10:15:50,716 [INFO] Rule:233 - rule Rename Tracer Mode is applicable
2025-12-29 10:15:50,716 [INFO] Rule:233 - rule SPDIFRX instance value for IP SPDIFRX is applicable
2025-12-29 10:15:50,716 [INFO] Rule:233 - rule SPDIFRX instance for signal is applicable
2025-12-29 10:15:50,716 [INFO] Rule:233 - rule SPDIFRX instance for project manager is applicable
2025-12-29 10:15:50,716 [INFO] Rule:233 - rule SPDIFRX instance for project manager is applicable
2025-12-29 10:15:50,716 [INFO] Rule:233 - rule ADC Scan  fix with FW F7 is applicable
2025-12-29 10:15:50,717 [INFO] Rule:233 - rule ADC Scan  fix with FW F7 is applicable
2025-12-29 10:15:50,717 [INFO] Rule:233 - rule WakeUp0 Mode is applicable
2025-12-29 10:15:50,717 [INFO] Rule:233 - rule WakeUp0 SIGNAL is applicable
2025-12-29 10:15:50,717 [INFO] Rule:233 - rule WakeUp1 Mode is applicable
2025-12-29 10:15:50,717 [INFO] Rule:233 - rule WakeUp1 SIGNAL is applicable
2025-12-29 10:15:50,717 [INFO] Rule:233 - rule WakeUp2 Mode is applicable
2025-12-29 10:15:50,717 [INFO] Rule:233 - rule WakeUp2 SIGNAL is applicable
2025-12-29 10:15:50,719 [INFO] Rule:233 - rule WakeUp4 Mode is applicable
2025-12-29 10:15:50,720 [INFO] Rule:233 - rule WakeUp4 SIGNAL is applicable
2025-12-29 10:15:50,721 [INFO] Rule:233 - rule WakeUp5 Mode is applicable
2025-12-29 10:15:50,721 [INFO] Rule:233 - rule WakeUp5 SIGNAL is applicable
2025-12-29 10:15:50,722 [INFO] Rule:233 - rule UART/USART WORD LENGTH 7 is applicable
2025-12-29 10:15:50,722 [INFO] Rule:233 - rule UART/USART WORD LENGTH 8 is applicable
2025-12-29 10:15:50,722 [INFO] Rule:233 - rule UART/USART WORD LENGTH 9 is applicable
2025-12-29 10:15:50,722 [INFO] Rule:233 - rule Change Default Value for LSE Drive Capability for WB family is applicable
2025-12-29 10:15:50,723 [INFO] Rule:233 - rule Change Default Value for ADC Clock Prescaler G0 family is applicable
2025-12-29 10:15:50,723 [INFO] Rule:233 - rule ADC SamplingTime fix with FW L0  is applicable
2025-12-29 10:15:50,723 [INFO] Rule:233 - rule ADC SamplingTime fix with FW L0  is applicable
2025-12-29 10:15:50,724 [INFO] Rule:233 - rule ADC SamplingTime fix with FW L0 is applicable
2025-12-29 10:15:50,724 [INFO] Rule:233 - rule ADC SamplingTime fix with FW L0 is applicable
2025-12-29 10:15:50,724 [INFO] Rule:233 - rule ADC SamplingTime fix with FW L0  is applicable
2025-12-29 10:15:50,724 [INFO] Rule:233 - rule ADC SamplingTime fix with FW L0 is applicable
2025-12-29 10:15:50,725 [INFO] Rule:233 - rule Rename USB_OE Signal is applicable
2025-12-29 10:15:50,725 [INFO] Rule:233 - rule Rename Activate_OE Mode is applicable
2025-12-29 10:15:50,725 [INFO] Rule:233 - rule Rename DIE462/DIE415 pin PC14/OSC32_IN -> PC14-OSC32_IN (PC14) is applicable
2025-12-29 10:15:50,725 [INFO] Rule:233 - rule Rename DIE462/DIE415 pin PC15/OSC32_OUT -> PC15-OSC32_OUT (PC15) is applicable
2025-12-29 10:15:50,725 [INFO] Rule:233 - rule Rename DIE462/DIE415 pin PH0/OSC_IN -> PH0-OSC_IN (PH0) is applicable
2025-12-29 10:15:50,725 [INFO] Rule:233 - rule Rename DIE462/DIE415 pin PH1/OSC_OUT -> PH1-OSC_OUT (PH1) is applicable
2025-12-29 10:15:50,725 [INFO] Rule:233 - rule Rename DIE462 pin PA13 -> PA13 (JTMS/SWDIO) is applicable
2025-12-29 10:15:50,726 [INFO] Rule:233 - rule Rename DIE415 pin PA13 -> PA13 (JTMS/SWDIO) is applicable
2025-12-29 10:15:50,726 [INFO] Rule:233 - rule Rename DIE462 pin PA14 -> PA14 (JTCK/SWCLK) is applicable
2025-12-29 10:15:50,726 [INFO] Rule:233 - rule Rename DIE415 pin PA14 -> PA14 (JTCK/SWCLK) is applicable
2025-12-29 10:15:50,726 [INFO] Rule:233 - rule Rename DIE462/DIE415 pin PA15 -> PA15 (JTDI) is applicable
2025-12-29 10:15:50,726 [INFO] Rule:233 - rule Rename DIE462 pin PB3 -> PB3 (JTD0/TRACESWO) is applicable
2025-12-29 10:15:50,726 [INFO] Rule:233 - rule Rename DIE415 pin PB3 -> PB3 (JTD0-TRACESWO) is applicable
2025-12-29 10:15:50,726 [INFO] Rule:233 - rule Rename DIE462/DIE415 pin PB4 -> PB4 (NJTRST) is applicable
2025-12-29 10:15:50,726 [INFO] Rule:233 - rule Rename DIE462 pin PH3/BOOT0 -> PH3-BOOT0 (BOOT0) is applicable
2025-12-29 10:15:50,726 [INFO] Rule:233 - rule Rename CRYP DataEncryptionTypesList to Algorithm is applicable
2025-12-29 10:15:50,727 [INFO] Rule:233 - rule Rename AES DataEncryptionTypesList to Algorithm is applicable
2025-12-29 10:15:50,727 [INFO] Rule:233 - rule Rename TDESECB to CRYP_TDES_ECB is applicable
2025-12-29 10:15:50,727 [INFO] Rule:233 - rule Rename TDESCBC to CRYP_TDES_CBC is applicable
2025-12-29 10:15:50,727 [INFO] Rule:233 - rule Rename DESECB to CRYP_DES_ECB is applicable
2025-12-29 10:15:50,727 [INFO] Rule:233 - rule Rename DESCBC to CRYP_DES_CBC is applicable
2025-12-29 10:15:50,727 [INFO] Rule:233 - rule Rename AESECB to CRYP_AES_ECB is applicable
2025-12-29 10:15:50,727 [INFO] Rule:233 - rule Rename AESCBC to CRYP_AES_CBC is applicable
2025-12-29 10:15:50,727 [INFO] Rule:233 - rule Rename AESCTR to CRYP_AES_CTR is applicable
2025-12-29 10:15:50,727 [INFO] Rule:233 - rule Rename AESGCM to CRYP_AES_GCM is applicable
2025-12-29 10:15:50,727 [INFO] Rule:233 - rule Rename AESCCM to CRYP_AES_CCM is applicable
2025-12-29 10:15:50,727 [INFO] Rule:233 - rule Rename CAN TimeSeg1 to BS1 is applicable
2025-12-29 10:15:50,727 [INFO] Rule:233 - rule Rename CAN TimeSeg2 to BS2 is applicable
2025-12-29 10:15:50,727 [INFO] Rule:233 - rule Rename CAN SyncJumpWidth to SJW is applicable
2025-12-29 10:15:50,729 [INFO] Rule:233 - rule TimeTriggeredMode to TTCM is applicable
2025-12-29 10:15:50,729 [INFO] Rule:233 - rule Rename CAN AutoBusOff to ABOM is applicable
2025-12-29 10:15:50,729 [INFO] Rule:233 - rule Rename CAN AutoWakeUp to AWUM is applicable
2025-12-29 10:15:50,729 [INFO] Rule:233 - rule Rename CAN AutoRetransmission to NART is applicable
2025-12-29 10:15:50,729 [INFO] Rule:233 - rule Rename CAN ReceiveFifoLocked to RFLM is applicable
2025-12-29 10:15:50,729 [INFO] Rule:233 - rule Rename CAN TransmitFifoPriority to TXFP is applicable
2025-12-29 10:15:50,729 [INFO] Rule:233 - rule Rename HRTIMER HRTIM_OUTPUTFAULTLEVEL_HIGH in HRTIMER HRTIM_OUTPUTFAULTLEVEL_HIGHZ is applicable
2025-12-29 10:15:50,729 [INFO] Rule:233 - rule Rename TIMER TIM_CLEARINPUTSOURCE_OCREFCLR in  TIMER TIM_CLEARINPUTSOURCE_NONE for F7 family is applicable
2025-12-29 10:15:50,729 [INFO] Rule:233 - rule FDCAN_R1 - Rename FDCAN mode Master into Classic is applicable
2025-12-29 10:15:50,729 [INFO] Rule:233 - rule FDCAN_R2 - Rename FDCAN mode Slave into Classic is applicable
2025-12-29 10:15:50,729 [INFO] Rule:233 - rule FDCAN1_R3 - if PA10.Mode=FullDuplex, add Pin PA12 is applicable
2025-12-29 10:15:50,729 [INFO] Rule:233 - rule FDCAN1_R3 - if PA9.Mode=FullDuplex, add Pin PA11 is applicable
2025-12-29 10:15:50,729 [INFO] Rule:233 - rule FDCAN1_R3 - Alternatepin_1 - if PE1.Mode=FullDuplex, add Pin PB9 is applicable
2025-12-29 10:15:50,729 [INFO] Rule:233 - rule FDCAN1_R3 - Alternatepin_1 - if PE0.Mode=FullDuplex, add Pin PB8 is applicable
2025-12-29 10:15:50,729 [INFO] Rule:233 - rule FDCAN1_R3 - Alternatepin_2 - if PD5.Mode=FullDuplex, add Pin PD1 is applicable
2025-12-29 10:15:50,729 [INFO] Rule:233 - rule FDCAN1_R3 - Alternatepin_2 - if PD4.Mode=FullDuplex, add Pin PD0 is applicable
2025-12-29 10:15:50,729 [INFO] Rule:233 - rule FDCAN1_R4 - Rename Mode FullDuplex into Enable FDCAN_TXFD for pin PA10 is applicable
2025-12-29 10:15:50,729 [INFO] Rule:233 - rule FDCAN1_R4 - Rename Mode FullDuplex into Enable FDCAN_TXFD for pin PA9 is applicable
2025-12-29 10:15:50,730 [INFO] Rule:233 - rule FDCAN1_R4 - Alternatepin_1 - Rename Mode FullDuplex into Enable FDCAN_TXFD for pin PE1 is applicable
2025-12-29 10:15:50,730 [INFO] Rule:233 - rule FDCAN1_R4 - Alternatepin_1 - Rename Mode FullDuplex into Enable FDCAN_TXFD for pin PE0 is applicable
2025-12-29 10:15:50,730 [INFO] Rule:233 - rule FDCAN1_R4 - Alternatepin_2 - Rename Mode FullDuplex into Enable FDCAN_TXFD for pin PD5 is applicable
2025-12-29 10:15:50,730 [INFO] Rule:233 - rule FDCAN1_R4 - Alternatepin_2 - Rename Mode FullDuplex into Enable FDCAN_TXFD for pin PD4 is applicable
2025-12-29 10:15:50,730 [INFO] Rule:233 - rule FDCAN2_R3 - if PD10.Mode=FullDuplex, add Pin PB13 is applicable
2025-12-29 10:15:50,730 [INFO] Rule:233 - rule FDCAN2_R3 - if PD9.Mode=FullDuplex, add Pin PB12 is applicable
2025-12-29 10:15:50,730 [INFO] Rule:233 - rule FDCAN2_R3 - Alternatepin_1 - if PB7.Mode=FullDuplex, add Pin PB6 is applicable
2025-12-29 10:15:50,730 [INFO] Rule:233 - rule FDCAN2_R3 - Alternatepin_1 - if PD9.Mode=FullDuplex, add Pin PB12 is applicable
2025-12-29 10:15:50,730 [INFO] Rule:233 - rule FDCAN2_R4 - Rename Mode FullDuplex into Enable FDCAN_TXFD for pin PD10 is applicable
2025-12-29 10:15:50,730 [INFO] Rule:233 - rule FDCAN2_R4 - Rename Mode FullDuplex into Enable FDCAN_TXFD for pin PD9 is applicable
2025-12-29 10:15:50,731 [INFO] Rule:233 - rule FDCAN2_R4 - Alternatepin_1 - Rename Mode FullDuplex into Enable FDCAN_TXFD for pin PB7 is applicable
2025-12-29 10:15:50,731 [INFO] Rule:233 - rule FDCAN2_R4 - Alternatepin_1 - Rename Mode FullDuplex into Enable FDCAN_TXFD for pin PD6 is applicable
2025-12-29 10:15:50,731 [INFO] Rule:233 - rule USART TxPinLevelInvertParam Mode is applicable
2025-12-29 10:15:50,731 [INFO] Rule:233 - rule USART RxPinLevelInvertParam Mode is applicable
2025-12-29 10:15:50,731 [INFO] Rule:233 - rule USART DataInvertParam Mode is applicable
2025-12-29 10:15:50,731 [INFO] Rule:233 - rule USART SwapParam Mode is applicable
2025-12-29 10:15:50,731 [INFO] Rule:233 - rule USART OverrunDisableParam Mode is applicable
2025-12-29 10:15:50,731 [INFO] Rule:233 - rule USART DMADisableonRxErrorParam Mode is applicable
2025-12-29 10:15:50,731 [INFO] Rule:233 - rule USART MSBFirstParam Mode is applicable
2025-12-29 10:15:50,731 [INFO] Rule:233 - rule Update MwName for USB_DEVICE is applicable
2025-12-29 10:15:50,731 [INFO] Rule:233 - rule Change PWR_Regulator_Voltage_Scale Default Value for RCC  H7 family is applicable
2025-12-29 10:15:50,731 [INFO] Rule:233 - rule UART/USART IPParameter rename Prescaler parameter to ClockPrescaler is applicable
2025-12-29 10:15:50,731 [INFO] Rule:233 - rule UART/USART Prescaler rename Prescaler parameter to ClockPrescaler is applicable
2025-12-29 10:15:50,731 [INFO] Rule:233 - rule TIM1CLockSelection is applicable
2025-12-29 10:15:50,731 [INFO] Rule:233 - rule TIM15CLockSelection is applicable
2025-12-29 10:15:50,731 [INFO] Rule:233 - rule align RCC SDMMC3CLockSelection default value on MP1 is applicable
2025-12-29 10:15:50,731 [INFO] Rule:233 - rule align RCC SDMMC12CLockSelection default value on MP1 is applicable
2025-12-29 10:15:50,732 [INFO] Rule:233 - rule align RCC QSPICLockSelection default value on MP1 is applicable
2025-12-29 10:15:50,732 [INFO] Rule:233 - rule align RCC QSPICLockSelection default value on MP1 is applicable
2025-12-29 10:15:50,732 [INFO] Rule:233 - rule align RCC SPI6CLockSelection default value on MP1 is applicable
2025-12-29 10:15:50,732 [INFO] Rule:233 - rule align RCC LPTIM23CLockSelection default value on MP1 is applicable
2025-12-29 10:15:50,732 [INFO] Rule:233 - rule align RCC LPTIM1CLockSelection default value on MP1 is applicable
2025-12-29 10:15:50,732 [INFO] Rule:233 - rule align RCC USART1CLockSelection default value on MP1 is applicable
2025-12-29 10:15:50,732 [INFO] Rule:233 - rule align RCC USART24CLockSelection default value on MP1 is applicable
2025-12-29 10:15:50,732 [INFO] Rule:233 - rule align RCC USART6CLockSelection default value on MP1 is applicable
2025-12-29 10:15:50,732 [INFO] Rule:233 - rule align RCC UART78CLockSelection default value on MP1 is applicable
2025-12-29 10:15:50,733 [INFO] Rule:233 - rule align RCC USART35CLockSelection default value on MP1 is applicable
2025-12-29 10:15:50,733 [INFO] Rule:233 - rule align RCC SPI45CLockSelection default value on MP1 is applicable
2025-12-29 10:15:50,733 [INFO] Rule:233 - rule align RCC I2C46CLockSelection BCLK value on MP1 is applicable
2025-12-29 10:15:50,733 [INFO] Rule:233 - rule align RCC SPI45CLockSelection default value on MP1 is applicable
2025-12-29 10:15:50,734 [INFO] Rule:233 - rule align RCC I2C12CLockSelection default value on MP1 is applicable
2025-12-29 10:15:50,734 [INFO] Rule:233 - rule align RCC I2C35CLockSelection default value on MP1 is applicable
2025-12-29 10:15:50,734 [INFO] Rule:233 - rule align RCC LPTIM45CLockSelection default value on MP1 is applicable
2025-12-29 10:15:50,734 [INFO] Rule:233 - rule Rename DCMI PIXCK signal is applicable
2025-12-29 10:15:50,734 [INFO] Rule:233 - rule Change Default Value for I2C46CLockSelection MP1 family is applicable
2025-12-29 10:15:50,734 [INFO] Rule:233 - rule Change Default Value for UART for G4, G0 and WB families is applicable
2025-12-29 10:15:50,734 [INFO] Rule:233 - rule Change Default Value for USART for G4, G0 and WB families is applicable
2025-12-29 10:15:50,734 [INFO] Rule:233 - rule Change Default Value for USART for G4 family is applicable
2025-12-29 10:15:50,734 [INFO] Rule:233 - rule Change USART1CLockSelection refparam name for MP1 is applicable
2025-12-29 10:15:50,735 [INFO] Rule:233 - rule Change USART2CLockSelection refparam name for MP1 is applicable
2025-12-29 10:15:50,735 [INFO] Rule:233 - rule Change USART3CLockSelection refparam name for MP1 is applicable
2025-12-29 10:15:50,735 [INFO] Rule:233 - rule Change UART4CLockSelection refparam name for MP1 is applicable
2025-12-29 10:15:50,735 [INFO] Rule:233 - rule Change UART5CLockSelection refparam name for MP1 is applicable
2025-12-29 10:15:50,735 [INFO] Rule:233 - rule Change LPUART1CLockSelection refparam name for MP1 is applicable
2025-12-29 10:15:50,735 [INFO] Rule:233 - rule Change LPTIM1CLockSelection refparam name for MP1 is applicable
2025-12-29 10:15:50,735 [INFO] Rule:233 - rule Change LPTIM2CLockSelection refparam name for MP1 is applicable
2025-12-29 10:15:50,735 [INFO] Rule:233 - rule Change RCC_MCO1Source refparam name for MP1 is applicable
2025-12-29 10:15:50,735 [INFO] Rule:233 - rule Change LSCOSource1 refparam name for MP1 is applicable
2025-12-29 10:15:50,736 [INFO] Rule:233 - rule Change SMPSCLockSelection refparam name for MP1 is applicable
2025-12-29 10:15:50,736 [INFO] Rule:233 - rule Change LPTIM3CLockSelection refparam name for MP1 is applicable
2025-12-29 10:15:50,736 [INFO] Rule:233 - rule Change MPCBB* Default Template Mode to Parameters is applicable
2025-12-29 10:15:50,736 [INFO] Rule:233 - rule Change MPCWM* or MPCBB* Secure Mode to Parameters is applicable
2025-12-29 10:15:50,737 [INFO] Rule:233 - rule Change MPCWM* or MPCBB* No Secure Mode to Parameters is applicable
2025-12-29 10:15:50,737 [INFO] Rule:233 - rule Change TZSC IP Secure Mode to Parameters is applicable
2025-12-29 10:15:50,737 [INFO] Rule:233 - rule Change TZSC IP No Secure Mode to Parameters is applicable
2025-12-29 10:15:50,738 [INFO] Rule:233 - rule Change TZSC IP Privilege Mode to Parameters is applicable
2025-12-29 10:15:50,738 [INFO] Rule:233 - rule Change TZSC IP No Privilege Mode to Parameters is applicable
2025-12-29 10:15:50,738 [INFO] Rule:233 - rule Change TZIC IT Secure Mode to Parameters is applicable
2025-12-29 10:15:50,738 [INFO] Rule:233 - rule Change TZIC IT No Secure Mode to Parameters is applicable
2025-12-29 10:15:50,738 [INFO] Rule:233 - rule Add MPCBB1_NonSecureArea_Start_Address value with referenced to MPCBB1_NonSecureArea_Start value is applicable
2025-12-29 10:15:50,738 [INFO] Rule:233 - rule Add MPCBB2_NonSecureArea_Start_Address value with referenced to MPCBB2_NonSecureArea_Start value is applicable
2025-12-29 10:15:50,740 [INFO] Rule:233 - rule Add MPCWM1_NonSecureArea*_Start_Address value with referenced to MPCWM1_NonSecureArea*_Start value is applicable
2025-12-29 10:15:50,740 [INFO] Rule:233 - rule Add MPCWM2_NonSecureArea*_Start_Address value with referenced to MPCWM2_NonSecureArea*_Start value is applicable
2025-12-29 10:15:50,740 [INFO] Rule:233 - rule Add MPCWM3_NonSecureArea_Start_Address value with referenced to MPCWM3_NonSecureArea_Start value is applicable
2025-12-29 10:15:50,740 [INFO] Rule:233 - rule Change Default Value for PLL1UserDefinedConfig is applicable
2025-12-29 10:15:50,740 [INFO] Rule:233 - rule Change GPIO_PuPd Default Value for USART in async mode is applicable
2025-12-29 10:15:50,740 [INFO] Rule:233 - rule Change SMPSDivider Default Value is applicable
2025-12-29 10:15:50,740 [INFO] Rule:233 - rule OPAMP is applicable
2025-12-29 10:15:50,740 [INFO] Rule:233 - rule LPUART IPParameter rename Prescaler parameter to ClockPrescaler for STM32H7 is applicable
2025-12-29 10:15:50,740 [INFO] Rule:233 - rule LPUART IPParameter rename Prescaler parameter to ClockPrescaler for STM32H7 is applicable
2025-12-29 10:15:50,741 [INFO] Rule:233 - rule LPUART IPParameter rename Prescaler parameter to ClockPrescaler for STM32WB is applicable
2025-12-29 10:15:50,741 [INFO] Rule:233 - rule LPUART IPParameter rename Prescaler parameter to ClockPrescaler for STM32WB is applicable
2025-12-29 10:15:50,741 [INFO] Rule:233 - rule LPUART IPParameter rename Prescaler parameter to ClockPrescaler for STM32G4 is applicable
2025-12-29 10:15:50,741 [INFO] Rule:233 - rule LPUART IPParameter rename Prescaler parameter to ClockPrescaler for STM32G4 is applicable
2025-12-29 10:15:50,741 [INFO] Rule:233 - rule LPUART IPParameter rename Prescaler parameter to ClockPrescaler for STM32L5 is applicable
2025-12-29 10:15:50,741 [INFO] Rule:233 - rule LPUART IPParameter rename Prescaler parameter to ClockPrescaler for STM32L5 is applicable
2025-12-29 10:15:50,741 [INFO] Rule:233 - rule LPUART IPParameter rename Prescaler parameter to ClockPrescaler for STM32G4 is applicable
2025-12-29 10:15:50,742 [INFO] Rule:233 - rule LPUART IPParameter rename Prescaler parameter to ClockPrescaler for STM32G4 is applicable
2025-12-29 10:15:50,742 [INFO] Rule:233 - rule USB device lib V2.5.3 for L0 rename USBD_SUPPORT_USER_STRING parameter to USBD_SUPPORT_USER_STRING_DESC4 is applicable
2025-12-29 10:15:50,742 [INFO] Rule:233 - rule I2SCLockSelection clock entry align is applicable
2025-12-29 10:15:50,742 [INFO] Rule:233 - rule Assign TIMx context if used as SYS timebase is applicable
2025-12-29 10:15:50,742 [INFO] Rule:233 - rule Change GPIO_Pu Default Value for I2C is applicable
2025-12-29 10:15:50,742 [INFO] Rule:233 - rule Change GPIO_Pu Default Value for SMBus is applicable
2025-12-29 10:15:50,742 [INFO] Rule:233 - rule change FDCAN default value is applicable
2025-12-29 10:15:50,742 [INFO] Rule:233 - rule Change mode sai is applicable
2025-12-29 10:15:50,742 [INFO] Rule:233 - rule **Change sai mode is applicable
2025-12-29 10:15:50,742 [INFO] Rule:233 - rule Rename STM32WPAN CFG_BLE_IRK to CFG_BLE_IR is applicable
2025-12-29 10:15:50,742 [INFO] Rule:233 - rule Rename STM32WPAN CFG_BLE_ERK to CFG_BLE_ER is applicable
2025-12-29 10:15:50,743 [INFO] Rule:233 - rule Rename STM32WPAN CFG_BLE_IRK_HEX to CFG_BLE_IR_HEX is applicable
2025-12-29 10:15:50,743 [INFO] Rule:233 - rule Rename STM32WPAN CFG_BLE_ERK_HEX to CFG_BLE_ER_HEX is applicable
2025-12-29 10:15:50,743 [INFO] Rule:233 - rule Adapt Old IOC before rework replace old CORTEX_M33/CORTEX_M55 attributes by the new one. is applicable
2025-12-29 10:15:50,743 [INFO] Rule:233 - rule Rename parametre of RCC RCC_APBDBG_DIV2 to RCC_TIMPRES_DIV2 is applicable
2025-12-29 10:15:50,743 [INFO] Rule:233 - rule Rename DIE493 pin PA10 [PA12] -> PA10 is applicable
2025-12-29 10:15:50,743 [INFO] Rule:233 - rule Rename DIE493 pin PA9 [PA11] -> PA9 is applicable
2025-12-29 10:15:50,743 [INFO] Rule:233 - rule Rename DIE492 PartNumber CPN STM32WBA5MJGHx -> STM32WBA5MMGHx is applicable
2025-12-29 10:15:50,743 [INFO] Rule:233 - rule Rename DIE492 PartNumber  Name STM32WBA5MJGHx -> STM32WBA5MMGHx is applicable
2025-12-29 10:15:50,743 [INFO] Rule:233 - rule Rename DIE492 PartNumber UserName STM32WBA5MJGHx -> STM32WBA5MMGHx is applicable
2025-12-29 10:15:50,744 [INFO] Rule:233 - rule Rename DIE492 PartNumber DeviceId STM32WBA5MJGHx -> STM32WBA5MMGHx is applicable
2025-12-29 10:15:50,744 [INFO] Rule:233 - rule Adapt Old IOC CSI. is applicable
2025-12-29 10:15:50,744 [INFO] Rule:233 - rule Adapt Old IOC DCMIPP. is applicable
2025-12-29 10:15:50,744 [INFO] Rule:233 - rule Adapt Old IOC DCMIPP Mode Parallel. is applicable
2025-12-29 10:15:50,744 [INFO] Rule:233 - rule Adapt Old IOC LTDC. is applicable
2025-12-29 10:15:50,744 [INFO] Rule:233 - rule Rename STM32MP2 RIF Peripheral LTDC RIF.RISUP.LTDC_L0L1.Privilege -> RIF.RISUP.LTDC_L1L2.Privilege is applicable
2025-12-29 10:15:50,744 [INFO] Rule:233 - rule Rename STM32MP2 RIF Peripheral LTDC RIF.RISUP.LTDC_L0L1.Privilege -> RIF.RISUP.LTDC_L1L2.Privilege is applicable
2025-12-29 10:15:50,744 [INFO] Rule:233 - rule Rename STM32MP2 RIF Peripheral LTDC RIF.RISUP.LTDC_L0L1.Lock -> RIF.RISUP.LTDC_L1L2.Lock is applicable
2025-12-29 10:15:50,744 [INFO] Rule:233 - rule Rename STM32MP2 RIF Peripheral LTDC RIF.RISUP.LTDC_L2.Lock -> RIF.RISUP.LTDC_L3.Lock is applicable
2025-12-29 10:15:50,744 [INFO] Rule:233 - rule Adapt the old IOC example for updating the SYS when it is misconfigured. is applicable
2025-12-29 10:15:50,744 [INFO] Rule:233 - rule Rename STM32C09 Mcu.Package LQFP64 -> LQFP48 is applicable
2025-12-29 10:15:50,744 [INFO] Rule:233 - rule Adapt the old IOC example for updating the SYS when it is misconfigured. is applicable
2025-12-29 10:15:50,745 [INFO] Rule:233 - rule Adapt the old IOC example for updating the SYS when it is misconfigured. is applicable
2025-12-29 10:15:50,775 [INFO] DbConfProperties:307 - Apply Compatibility (38/250 Rules)
2025-12-29 10:15:50,803 [INFO] ImportTextPane:234 - (OptionalMessage_ERROR) Unable to find key (Mcu.ThirdPartyNb) in loaded IOC file
2025-12-29 10:15:50,806 [INFO] ImportTextPane:234 - (OptionalMessage_ERROR) Pin34 (VP_RIF_VS_RIF1) cannot be retrieved for this MCU
2025-12-29 10:15:50,862 [INFO] RtosManager:558 - Registered RTOS mode: class=CMSIS, group=RTOS, mode=CMSIS_V1, owner=FREERTOS
2025-12-29 10:15:50,864 [INFO] RtosManager:558 - Registered RTOS mode: class=CMSIS, group=RTOS2, mode=CMSIS_V2, owner=FREERTOS
2025-12-29 10:15:50,864 [INFO] RtosManager:558 - Registered RTOS mode: class=RTOS, group=Core, mode=CMSIS_V1, owner=FREERTOS
2025-12-29 10:15:50,864 [INFO] RtosManager:558 - Registered RTOS mode: class=RTOS, group=Core, mode=CMSIS_V2, owner=FREERTOS
2025-12-29 10:15:50,864 [WARN] ModelIntegratedComponent:184 - Missing modes for component STMicroelectronics:FreeRTOS:0.0.1:STMicroelectronics:RTOS:FreeRTOS:Core:::10.2.0:
2025-12-29 10:15:50,892 [WARN] ModelIntegratedComponent:63 - No mode defined for component null
2025-12-29 10:15:50,892 [WARN] ModelIntegratedComponent:63 - No mode defined for component null
2025-12-29 10:15:50,892 [WARN] ModelIntegratedComponent:63 - No mode defined for component null
2025-12-29 10:15:50,892 [WARN] ModelIntegratedComponent:63 - No mode defined for component null
2025-12-29 10:15:50,892 [WARN] ModelIntegratedComponent:63 - No mode defined for component null
2025-12-29 10:15:50,892 [WARN] ModelIntegratedComponent:63 - No mode defined for component null
2025-12-29 10:15:50,892 [WARN] ModelIntegratedComponent:63 - No mode defined for component null
2025-12-29 10:15:50,892 [WARN] ModelIntegratedComponent:63 - No mode defined for component null
2025-12-29 10:15:50,892 [WARN] ModelIntegratedComponent:63 - No mode defined for component null
2025-12-29 10:15:50,892 [WARN] ModelIntegratedComponent:63 - No mode defined for component null
2025-12-29 10:15:50,892 [WARN] ModelIntegratedComponent:63 - No mode defined for component null
2025-12-29 10:15:50,892 [WARN] ModelIntegratedComponent:63 - No mode defined for component null
2025-12-29 10:15:50,892 [WARN] ModelIntegratedComponent:63 - No mode defined for component null
2025-12-29 10:15:50,892 [WARN] ModelIntegratedComponent:63 - No mode defined for component null
2025-12-29 10:15:50,892 [WARN] ModelIntegratedComponent:63 - No mode defined for component null
2025-12-29 10:15:50,892 [WARN] ModelIntegratedComponent:63 - No mode defined for component null
2025-12-29 10:15:50,892 [WARN] ModelIntegratedComponent:63 - No mode defined for component null
2025-12-29 10:15:50,892 [WARN] ModelIntegratedComponent:63 - No mode defined for component null
2025-12-29 10:15:50,892 [WARN] ModelIntegratedComponent:63 - No mode defined for component null
2025-12-29 10:15:50,892 [WARN] ModelIntegratedComponent:63 - No mode defined for component null
2025-12-29 10:15:50,892 [WARN] ModelIntegratedComponent:63 - No mode defined for component null
2025-12-29 10:15:50,892 [WARN] ModelIntegratedComponent:63 - No mode defined for component null
2025-12-29 10:15:50,892 [WARN] ModelIntegratedComponent:63 - No mode defined for component null
2025-12-29 10:15:50,894 [WARN] ModelIntegratedComponent:63 - No mode defined for component null
2025-12-29 10:15:50,894 [WARN] ModelIntegratedComponent:63 - No mode defined for component null
2025-12-29 10:15:50,894 [WARN] ModelIntegratedComponent:63 - No mode defined for component null
2025-12-29 10:15:50,894 [WARN] ModelIntegratedComponent:63 - No mode defined for component null
2025-12-29 10:15:50,894 [WARN] ModelIntegratedComponent:63 - No mode defined for component null
2025-12-29 10:15:50,894 [WARN] ModelIntegratedComponent:63 - No mode defined for component null
2025-12-29 10:15:50,894 [WARN] ModelIntegratedComponent:63 - No mode defined for component null
2025-12-29 10:15:50,894 [WARN] ModelIntegratedComponent:63 - No mode defined for component null
2025-12-29 10:15:50,894 [WARN] ModelIntegratedComponent:63 - No mode defined for component null
2025-12-29 10:15:50,894 [WARN] ModelIntegratedComponent:63 - No mode defined for component null
2025-12-29 10:15:50,894 [WARN] ModelIntegratedComponent:63 - No mode defined for component null
2025-12-29 10:15:50,894 [WARN] ModelIntegratedComponent:63 - No mode defined for component null
2025-12-29 10:15:50,894 [WARN] ModelPack:524 - Component already loaded: STMicroelectronics:HAL Drivers:0.0.0:STMicroelectronics:Device:STMicro_Driver:XSPI:HAL::0.0.1:HAL_XSPI
2025-12-29 10:15:50,942 [INFO] ThirdPartyModel:298 - Start build external matchings
2025-12-29 10:15:51,071 [INFO] ThirdPartyModel:316 - End build external matchings
2025-12-29 10:15:51,621 [INFO] UtilMem:75 - End LoadConfig() Used Memory: 854248024 Bytes (1073741824)
2025-12-29 10:15:51,642 [WARN] ThirdParty:833 - waiting for thirdparty lock release [change project]
2025-12-29 10:15:51,643 [INFO] ThirdParty:835 - entering critical section [change project]
2025-12-29 10:15:51,643 [INFO] ThirdParty:1030 - CMSIS Pack Vendor :STMicroelectronics X-CUBE-PM33A1 1.0.0
2025-12-29 10:15:51,643 [INFO] ThirdParty:1030 - CMSIS Pack Vendor :STMicroelectronics USBPD 4.1
2025-12-29 10:15:51,643 [INFO] ThirdParty:1030 - CMSIS Pack Vendor :STMicroelectronics X-CUBE-NFC9 1.0.0
2025-12-29 10:15:51,643 [INFO] ThirdParty:1030 - CMSIS Pack Vendor :STMicroelectronics USB_HOST 2.0.0
2025-12-29 10:15:51,643 [INFO] ThirdParty:1030 - CMSIS Pack Vendor :STMicroelectronics FP-SNS-MOTENVWB1 1.4.0
2025-12-29 10:15:51,643 [INFO] ThirdParty:1030 - CMSIS Pack Vendor :STMicroelectronics X-CUBE-AZRTOS-F4 1.1.0
2025-12-29 10:15:51,643 [INFO] ThirdParty:1030 - CMSIS Pack Vendor :STMicroelectronics LIBJPEG 8.0.0
2025-12-29 10:15:51,643 [INFO] ThirdParty:1030 - CMSIS Pack Vendor :STMicroelectronics FP-ATR-ASTRA1 2.0.2
2025-12-29 10:15:51,643 [INFO] ThirdParty:1030 - CMSIS Pack Vendor :STMicroelectronics X-CUBE-BLE1 7.1.0
2025-12-29 10:15:51,643 [INFO] ThirdParty:1030 - CMSIS Pack Vendor :STMicroelectronics X-CUBE-SMBUS 2.1.0
2025-12-29 10:15:51,643 [INFO] ThirdParty:1030 - CMSIS Pack Vendor :STMicroelectronics USB_DEVICE 3.0.0
2025-12-29 10:15:51,643 [INFO] ThirdParty:1030 - CMSIS Pack Vendor :STMicroelectronics X-CUBE-ISPU 2.1.0
2025-12-29 10:15:51,643 [INFO] ThirdParty:1030 - CMSIS Pack Vendor :STMicroelectronics X-CUBE-AZRTOS-WB 2.0.0
2025-12-29 10:15:51,643 [INFO] ThirdParty:1030 - CMSIS Pack Vendor :STMicroelectronics X-CUBE-AZRTOS-F7 1.1.0
2025-12-29 10:15:51,644 [INFO] ThirdParty:1030 - CMSIS Pack Vendor :STMicroelectronics X-CUBE-AZRTOS-L5 2.0.0
2025-12-29 10:15:51,644 [INFO] ThirdParty:1030 - CMSIS Pack Vendor :STMicroelectronics USB_DEVICE 2.0.0
2025-12-29 10:15:51,644 [INFO] ThirdParty:1030 - CMSIS Pack Vendor :STMicroelectronics X-CUBE-NFC6 3.1.0
2025-12-29 10:15:51,644 [INFO] ThirdParty:1030 - CMSIS Pack Vendor :STMicroelectronics FreeRTOS 0.0.1
2025-12-29 10:15:51,644 [INFO] ThirdParty:1030 - CMSIS Pack Vendor :STMicroelectronics X-CUBE-AZRTOS-G0 1.1.0
2025-12-29 10:15:51,644 [INFO] ThirdParty:1030 - CMSIS Pack Vendor :STMicroelectronics X-CUBE-NFC4 3.0.0
2025-12-29 10:15:51,644 [INFO] ThirdParty:1030 - CMSIS Pack Vendor :STMicroelectronics X-CUBE-SUBG2 5.0.0
2025-12-29 10:15:51,644 [INFO] ThirdParty:1030 - CMSIS Pack Vendor :STMicroelectronics STM32_WPAN 1.0.0
2025-12-29 10:15:51,644 [INFO] ThirdParty:1030 - CMSIS Pack Vendor :STMicroelectronics lwIP 2.0.3
2025-12-29 10:15:51,644 [INFO] ThirdParty:1030 - CMSIS Pack Vendor :STMicroelectronics USB_HOST 1.0.0
2025-12-29 10:15:51,644 [INFO] ThirdParty:1030 - CMSIS Pack Vendor :STMicroelectronics X-CUBE-AZRTOS-G4 2.0.0
2025-12-29 10:15:51,644 [INFO] ThirdParty:1030 - CMSIS Pack Vendor :STMicroelectronics X-CUBE-WB05N 2.0.0
2025-12-29 10:15:51,644 [INFO] ThirdParty:1030 - CMSIS Pack Vendor :STMicroelectronics PDM2PCM 3.1.0
2025-12-29 10:15:51,644 [INFO] ThirdParty:1030 - CMSIS Pack Vendor :STMicroelectronics PDM2PCM 3.3.0
2025-12-29 10:15:51,644 [INFO] ThirdParty:1030 - CMSIS Pack Vendor :STMicroelectronics X-CUBE-DISPLAY 3.0.0
2025-12-29 10:15:51,644 [INFO] ThirdParty:1030 - CMSIS Pack Vendor :STMicroelectronics X-CUBE-NFC7 2.0.0
2025-12-29 10:15:51,644 [INFO] ThirdParty:1030 - CMSIS Pack Vendor :STMicroelectronics X-CUBE-TCPP 4.2.0
2025-12-29 10:15:51,644 [INFO] ThirdParty:1030 - CMSIS Pack Vendor :STMicroelectronics FP-ATR-SIGFOX1 3.2.0
2025-12-29 10:15:51,644 [INFO] ThirdParty:1030 - CMSIS Pack Vendor :STMicroelectronics X-CUBE-NFC10 1.0.0
2025-12-29 10:15:51,644 [INFO] ThirdParty:1030 - CMSIS Pack Vendor :STMicroelectronics HAL Drivers 0.0.0
2025-12-29 10:15:51,644 [INFO] ThirdParty:1030 - CMSIS Pack Vendor :STMicroelectronics MBEDTLS 2.16.2
2025-12-29 10:15:51,644 [INFO] ThirdParty:1030 - CMSIS Pack Vendor :STMicroelectronics X-CUBE-ALS 1.0.2
2025-12-29 10:15:51,644 [INFO] ThirdParty:1030 - CMSIS Pack Vendor :STMicroelectronics MBEDTLS 2.14.1
2025-12-29 10:15:51,644 [INFO] ThirdParty:1030 - CMSIS Pack Vendor :STMicroelectronics ThreadX 1.0.0
2025-12-29 10:15:51,644 [INFO] ThirdParty:1030 - CMSIS Pack Vendor :STMicroelectronics FP-SNS-SMARTAG2 1.2.0
2025-12-29 10:15:51,644 [INFO] ThirdParty:1030 - CMSIS Pack Vendor :STMicroelectronics FP-SNS-FLIGHT1 5.1.0
2025-12-29 10:15:51,644 [INFO] ThirdParty:1030 - CMSIS Pack Vendor :STMicroelectronics X-CUBE-AZRTOS-WL 2.0.0
2025-12-29 10:15:51,644 [INFO] ThirdParty:1030 - CMSIS Pack Vendor :STMicroelectronics X-CUBE-ALGOBUILD 1.4.0
2025-12-29 10:15:51,644 [INFO] ThirdParty:1030 - CMSIS Pack Vendor :STMicroelectronics X-CUBE-DPower 1.3.0
2025-12-29 10:15:51,644 [INFO] ThirdParty:1030 - CMSIS Pack Vendor :STMicroelectronics USB_DEVICE 1.0.0
2025-12-29 10:15:51,644 [INFO] ThirdParty:1030 - CMSIS Pack Vendor :STMicroelectronics X-CUBE-AZRTOS-L4 2.0.0
2025-12-29 10:15:51,644 [INFO] ThirdParty:1030 - CMSIS Pack Vendor :STMicroelectronics ThreadX 0.0.2
2025-12-29 10:15:51,644 [INFO] ThirdParty:1030 - CMSIS Pack Vendor :STMicroelectronics lwIP 2.1.2
2025-12-29 10:15:51,644 [INFO] ThirdParty:1030 - CMSIS Pack Vendor :STMicroelectronics X-CUBE-SFXS2LP1 4.0.0
2025-12-29 10:15:51,644 [INFO] ThirdParty:1030 - CMSIS Pack Vendor :STMicroelectronics X-CUBE-BLE2 3.3.0
2025-12-29 10:15:51,644 [INFO] ThirdParty:1030 - CMSIS Pack Vendor :STMicroelectronics X-CUBE-TOF1 3.4.3
2025-12-29 10:15:51,644 [INFO] ThirdParty:1030 - CMSIS Pack Vendor :STMicroelectronics PDM2PCM 3.2.0
2025-12-29 10:15:51,645 [INFO] ThirdParty:841 - exiting critical section [change project]
2025-12-29 10:15:52,078 [INFO] PinOutPanel:1589 - setPackage(No Configuration,No Configuration)
2025-12-29 10:15:52,080 [INFO] PinOutPanel:1589 - setPackage(STM32F407VGTx,LQFP100)
2025-12-29 10:15:52,628 [INFO] UtilMem:75 - Before build in PCC Used Memory: 713540768 Bytes (1073741824)
2025-12-29 10:15:53,141 [INFO] UtilMem:75 - After build in PCC Used Memory: 759678112 Bytes (1073741824)
2025-12-29 10:15:53,179 [INFO] IPUIPlugin:80 - create IPUIPlugin
2025-12-29 10:15:53,179 [INFO] IPUIPlugin:80 - create IPUIPlugin
2025-12-29 10:15:53,181 [INFO] IPUIPlugin:80 - create IPUIPlugin
2025-12-29 10:15:53,181 [INFO] IPUIPlugin:80 - create IPUIPlugin
2025-12-29 10:15:53,181 [INFO] IPUIPlugin:80 - create IPUIPlugin
2025-12-29 10:15:53,182 [INFO] IPUIPlugin:80 - create IPUIPlugin
2025-12-29 10:15:53,182 [INFO] IPUIPlugin:80 - create IPUIPlugin
2025-12-29 10:15:53,182 [INFO] IPUIPlugin:80 - create IPUIPlugin
2025-12-29 10:15:53,182 [INFO] IPUIPlugin:80 - create IPUIPlugin
2025-12-29 10:15:53,182 [INFO] IPUIPlugin:80 - create IPUIPlugin
2025-12-29 10:15:53,183 [INFO] IPUIPlugin:80 - create IPUIPlugin
2025-12-29 10:15:53,183 [INFO] IPUIPlugin:80 - create IPUIPlugin
2025-12-29 10:15:53,183 [INFO] IPUIPlugin:80 - create IPUIPlugin
2025-12-29 10:15:53,183 [INFO] IPUIPlugin:80 - create IPUIPlugin
2025-12-29 10:15:53,183 [INFO] IPUIPlugin:80 - create IPUIPlugin
2025-12-29 10:15:53,183 [INFO] IPUIPlugin:80 - create IPUIPlugin
2025-12-29 10:15:53,183 [INFO] IPUIPlugin:80 - create IPUIPlugin
2025-12-29 10:15:53,185 [INFO] IPUIPlugin:80 - create IPUIPlugin
2025-12-29 10:15:53,186 [INFO] IPUIPlugin:80 - create IPUIPlugin
2025-12-29 10:15:53,186 [INFO] IPUIPlugin:80 - create IPUIPlugin
2025-12-29 10:15:53,187 [INFO] IPUIPlugin:80 - create IPUIPlugin
2025-12-29 10:15:53,188 [INFO] IPUIPlugin:80 - create IPUIPlugin
2025-12-29 10:15:53,189 [INFO] IPUIPlugin:80 - create IPUIPlugin
2025-12-29 10:15:53,190 [INFO] IPUIPlugin:80 - create IPUIPlugin
2025-12-29 10:15:53,191 [INFO] IPUIPlugin:80 - create IPUIPlugin
2025-12-29 10:15:53,193 [INFO] IPUIPlugin:80 - create IPUIPlugin
2025-12-29 10:15:53,194 [INFO] IPUIPlugin:80 - create IPUIPlugin
2025-12-29 10:15:53,195 [INFO] IPUIPlugin:80 - create IPUIPlugin
2025-12-29 10:15:53,197 [INFO] IPUIPlugin:80 - create IPUIPlugin
2025-12-29 10:15:53,199 [INFO] IPUIPlugin:80 - create IPUIPlugin
2025-12-29 10:15:53,199 [INFO] IPUIPlugin:80 - create IPUIPlugin
2025-12-29 10:15:53,200 [INFO] IPUIPlugin:80 - create IPUIPlugin
2025-12-29 10:15:53,201 [INFO] IPUIPlugin:80 - create IPUIPlugin
2025-12-29 10:15:53,202 [INFO] IPUIPlugin:80 - create IPUIPlugin
2025-12-29 10:15:53,203 [INFO] IPUIPlugin:80 - create IPUIPlugin
2025-12-29 10:15:53,205 [INFO] IPUIPlugin:80 - create IPUIPlugin
2025-12-29 10:15:53,205 [INFO] IPUIPlugin:80 - create IPUIPlugin
2025-12-29 10:15:53,209 [INFO] IPUIPlugin:80 - create IPUIPlugin
2025-12-29 10:15:53,211 [INFO] IPUIPlugin:80 - create IPUIPlugin
2025-12-29 10:15:53,212 [INFO] IPUIPlugin:80 - create IPUIPlugin
2025-12-29 10:15:53,214 [INFO] IPUIPlugin:80 - create IPUIPlugin
2025-12-29 10:15:53,214 [INFO] IPUIPlugin:80 - create IPUIPlugin
2025-12-29 10:15:53,214 [INFO] IPUIPlugin:80 - create IPUIPlugin
2025-12-29 10:15:53,215 [INFO] IPUIPlugin:80 - create IPUIPlugin
2025-12-29 10:15:53,217 [INFO] IPUIPlugin:80 - create IPUIPlugin
2025-12-29 10:15:53,220 [INFO] IPUIPlugin:80 - create IPUIPlugin
2025-12-29 10:15:53,222 [INFO] IPUIPlugin:80 - create IPUIPlugin
2025-12-29 10:15:53,224 [INFO] IPUIPlugin:80 - create IPUIPlugin
2025-12-29 10:15:53,225 [INFO] IPUIPlugin:80 - create IPUIPlugin
2025-12-29 10:15:53,226 [INFO] IPUIPlugin:80 - create IPUIPlugin
2025-12-29 10:15:53,228 [INFO] IPUIPlugin:80 - create IPUIPlugin
2025-12-29 10:15:53,234 [INFO] IPUIPlugin:80 - create IPUIPlugin
2025-12-29 10:15:53,238 [INFO] IPUIPlugin:80 - create IPUIPlugin
2025-12-29 10:15:53,240 [INFO] IPUIPlugin:80 - create IPUIPlugin
2025-12-29 10:15:53,241 [INFO] IPUIPlugin:80 - create IPUIPlugin
2025-12-29 10:15:53,241 [INFO] IPUIPlugin:80 - create IPUIPlugin
2025-12-29 10:15:53,242 [INFO] IPUIPlugin:80 - create IPUIPlugin
2025-12-29 10:15:53,243 [INFO] IPUIPlugin:80 - create IPUIPlugin
2025-12-29 10:15:53,278 [INFO] ApiDbMcu:532 - Load IP Config File for PDM2PCM
2025-12-29 10:15:53,366 [INFO] CADModel:165 - CPN selected for project levelSTM32F407VGT6
2025-12-29 10:15:53,366 [INFO] CADModel:114 - Register for checkConnection events
2025-12-29 10:15:53,419 [INFO] OpenFileManager:386 - Restore cursor
2025-12-29 10:15:54,611 [INFO] UtilMem:75 - End SaveConfig() Used Memory: 850209312 Bytes (1073741824)
2025-12-29 10:15:54,714 [INFO] UtilMem:75 - End SaveConfig() Used Memory: 869778592 Bytes (1073741824)
2025-12-29 10:15:55,061 [INFO] BlockDiagram:2775 - set Specific Code input for plugin: SYS
2025-12-29 10:15:55,062 [INFO] BlockDiagram:2775 - set Specific Code input for plugin: RCC
2025-12-29 10:15:55,062 [INFO] BlockDiagram:2775 - set Specific Code input for plugin: NVIC
2025-12-29 10:15:55,066 [INFO] BlockDiagram:2775 - set Specific Code input for plugin: GPIO
2025-12-29 10:15:55,072 [INFO] CodeGenerator:892 - code generatio: config db path: C:\ST\STM32CubeIDE_1.19.0\STM32CubeIDE\plugins\com.st.stm32cube.common.mx_6.15.0.202507011659\\db\
2025-12-29 10:15:55,360 [INFO] CodeEngine:265 - oldGeneratedFile, C:\Users\aditi\OneDrive\Desktop\Sunbeam_Internship\ARM_94076_Aditi\assignment_7\code4_Numeric Counter Display\MXTmpFiles\license.tmp_save
2025-12-29 10:15:55,996 [INFO] CodeEngine:289 - Generated code: C:\Users\aditi\OneDrive\Desktop\Sunbeam_Internship\ARM_94076_Aditi\assignment_7\code4_Numeric Counter Display\MXTmpFiles\license.tmp
2025-12-29 10:15:56,208 [INFO] CodeEngine:265 - oldGeneratedFile, C:\Users\aditi\OneDrive\Desktop\Sunbeam_Internship\ARM_94076_Aditi\assignment_7\code4_Numeric Counter Display\MXTmpFiles\gpio.tmp_save
2025-12-29 10:15:56,586 [INFO] CodeEngine:289 - Generated code: C:\Users\aditi\OneDrive\Desktop\Sunbeam_Internship\ARM_94076_Aditi\assignment_7\code4_Numeric Counter Display\MXTmpFiles\gpio.tmp
2025-12-29 10:15:57,134 [INFO] CodeEngine:265 - oldGeneratedFile, C:\Users\aditi\OneDrive\Desktop\Sunbeam_Internship\ARM_94076_Aditi\assignment_7\code4_Numeric Counter Display\Core\Src\stm32f4xx_it.c_save
2025-12-29 10:15:57,951 [INFO] CodeEngine:289 - Generated code: C:\Users\aditi\OneDrive\Desktop\Sunbeam_Internship\ARM_94076_Aditi\assignment_7\code4_Numeric Counter Display\Core\Src\stm32f4xx_it.c
2025-12-29 10:15:57,983 [INFO] CodeEngine:265 - oldGeneratedFile, C:\Users\aditi\OneDrive\Desktop\Sunbeam_Internship\ARM_94076_Aditi\assignment_7\code4_Numeric Counter Display\Core\Inc\stm32f4xx_it.h_save
2025-12-29 10:15:58,316 [INFO] CodeEngine:289 - Generated code: C:\Users\aditi\OneDrive\Desktop\Sunbeam_Internship\ARM_94076_Aditi\assignment_7\code4_Numeric Counter Display\Core\Inc\stm32f4xx_it.h
2025-12-29 10:15:58,383 [INFO] CodeEngine:265 - oldGeneratedFile, C:\Users\aditi\OneDrive\Desktop\Sunbeam_Internship\ARM_94076_Aditi\assignment_7\code4_Numeric Counter Display\Core\Src\stm32f4xx_hal_msp.c_save
2025-12-29 10:15:58,984 [INFO] CodeEngine:289 - Generated code: C:\Users\aditi\OneDrive\Desktop\Sunbeam_Internship\ARM_94076_Aditi\assignment_7\code4_Numeric Counter Display\Core\Src\stm32f4xx_hal_msp.c
2025-12-29 10:15:59,048 [INFO] CodeEngine:265 - oldGeneratedFile, C:\Users\aditi\OneDrive\Desktop\Sunbeam_Internship\ARM_94076_Aditi\assignment_7\code4_Numeric Counter Display\MXTmpFiles\system.tmp_save
2025-12-29 10:15:59,430 [INFO] CodeEngine:289 - Generated code: C:\Users\aditi\OneDrive\Desktop\Sunbeam_Internship\ARM_94076_Aditi\assignment_7\code4_Numeric Counter Display\MXTmpFiles\system.tmp
2025-12-29 10:15:59,542 [INFO] CodeEngine:321 - oldGeneratedFile, C:\Users\aditi\OneDrive\Desktop\Sunbeam_Internship\ARM_94076_Aditi\assignment_7\code4_Numeric Counter Display\Core\Inc\stm32f4xx_hal_conf.h_save
2025-12-29 10:15:59,751 [INFO] CodeEngine:345 - Generated code: C:\Users\aditi\OneDrive\Desktop\Sunbeam_Internship\ARM_94076_Aditi\assignment_7\code4_Numeric Counter Display\Core\Inc\stm32f4xx_hal_conf.h
2025-12-29 10:15:59,845 [INFO] ApiDbMcu:532 - Load IP Config File for RCC
2025-12-29 10:15:59,893 [INFO] CodeEngine:265 - oldGeneratedFile, C:\Users\aditi\OneDrive\Desktop\Sunbeam_Internship\ARM_94076_Aditi\assignment_7\code4_Numeric Counter Display\Core\Inc\main.h_save
2025-12-29 10:16:00,154 [INFO] CodeEngine:289 - Generated code: C:\Users\aditi\OneDrive\Desktop\Sunbeam_Internship\ARM_94076_Aditi\assignment_7\code4_Numeric Counter Display\Core\Inc\main.h
2025-12-29 10:16:00,179 [INFO] CodeEngine:265 - oldGeneratedFile, C:\Users\aditi\OneDrive\Desktop\Sunbeam_Internship\ARM_94076_Aditi\assignment_7\code4_Numeric Counter Display\Core\Src\main.c_save
2025-12-29 10:16:00,449 [INFO] CodeEngine:289 - Generated code: C:\Users\aditi\OneDrive\Desktop\Sunbeam_Internship\ARM_94076_Aditi\assignment_7\code4_Numeric Counter Display\Core\Src\main.c
2025-12-29 10:16:02,261 [INFO] ProjectBuilder:3606 - Time for Copy HAL[1] : 1399mS.
2025-12-29 10:16:02,293 [INFO] ProjectBuilder:5216 - Project Generator version: 4.7.0-B52
2025-12-29 10:16:02,468 [INFO] ConfigFileManager:1595 - The Die is : DIE413
2025-12-29 10:16:02,500 [INFO] ApiDbMcu:532 - Load IP Config File for FATFS
2025-12-29 10:16:02,516 [INFO] ApiDbMcu:532 - Load IP Config File for FREERTOS
2025-12-29 10:16:02,516 [INFO] ApiDbMcu:532 - Load IP Config File for LIBJPEG
2025-12-29 10:16:02,548 [INFO] ApiDbMcu:532 - Load IP Config File for LWIP
2025-12-29 10:16:02,548 [INFO] ApiDbMcu:532 - Load IP Config File for MBEDTLS
2025-12-29 10:16:02,580 [INFO] ApiDbMcu:532 - Load IP Config File for USB_DEVICE
2025-12-29 10:16:02,595 [INFO] ApiDbMcu:532 - Load IP Config File for USB_HOST
2025-12-29 10:16:06,239 [INFO] ProjectBuilder:5496 - Time for Generating toolchain IDE Files: 3946mS.
2025-12-29 10:16:06,242 [INFO] ProjectBuilder:3463 - Time for Copy CMSIS : 2mS.
2025-12-29 10:16:06,250 [INFO] ProjectBuilder:3463 - Time for Copy CMSIS : 0mS.
2025-12-29 10:16:07,174 [INFO] McuFinderGlobals:76 - Set McuFinderConnectedMode to true
2025-12-29 10:16:07,177 [INFO] ApiDb:448 - Save user favorites file C:\Users\aditi/.stm32cubeide/favorites.mcus.txt: 0 item(s)
2025-12-29 10:16:07,178 [INFO] ApiDb:452 - User favorites MCUs=[]
2025-12-29 10:16:07,192 [INFO] ApiDb:448 - Save user favorites file C:\Users\aditi/.stm32cubeide/favorites.boards.txt: 1 item(s)
2025-12-29 10:16:07,192 [INFO] ApiDb:452 - User favorites Boards=[STM32F407G-DISC1]
2025-12-29 10:16:28,348 [WARN] IP:2250 - I2C_Coeff_DF not found: check if there is a RefParameter without a condition.
2025-12-29 10:16:28,348 [WARN] IP:2250 - Analog_Filter not found: check if there is a RefParameter without a condition.
2025-12-29 10:16:28,383 [WARN] IP:2250 - I2C_Coeff_DF not found: check if there is a RefParameter without a condition.
2025-12-29 10:16:28,383 [WARN] IP:2250 - Analog_Filter not found: check if there is a RefParameter without a condition.
2025-12-29 10:16:28,383 [WARN] IP:2250 - I2C_Coeff_DF not found: check if there is a RefParameter without a condition.
2025-12-29 10:16:28,383 [WARN] IP:2250 - Analog_Filter not found: check if there is a RefParameter without a condition.
2025-12-29 10:16:28,561 [WARN] IP:2250 - I2C_Coeff_DF not found: check if there is a RefParameter without a condition.
2025-12-29 10:16:28,561 [WARN] IP:2250 - Analog_Filter not found: check if there is a RefParameter without a condition.
2025-12-29 10:16:28,563 [WARN] IP:2250 - I2C_Coeff_DF not found: check if there is a RefParameter without a condition.
2025-12-29 10:16:28,563 [WARN] IP:2250 - Analog_Filter not found: check if there is a RefParameter without a condition.
2025-12-29 10:16:29,711 [INFO] UtilMem:75 - End SaveConfig() Used Memory: 854641456 Bytes (1073741824)
2025-12-29 10:16:31,160 [INFO] UtilMem:75 - End SaveConfig() Used Memory: 880855856 Bytes (1073741824)
2025-12-29 10:16:31,377 [INFO] UtilMem:75 - End SaveConfig() Used Memory: 903924528 Bytes (1073741824)
2025-12-29 10:16:31,500 [INFO] BlockDiagram:2775 - set Specific Code input for plugin: SYS
2025-12-29 10:16:31,500 [INFO] BlockDiagram:2775 - set Specific Code input for plugin: RCC
2025-12-29 10:16:31,500 [INFO] BlockDiagram:2775 - set Specific Code input for plugin: I2C
2025-12-29 10:16:31,500 [INFO] BlockDiagram:2775 - set Specific Code input for plugin: NVIC
2025-12-29 10:16:31,500 [INFO] BlockDiagram:2775 - set Specific Code input for plugin: GPIO
2025-12-29 10:16:31,502 [INFO] CodeGenerator:892 - code generatio: config db path: C:\ST\STM32CubeIDE_1.19.0\STM32CubeIDE\plugins\com.st.stm32cube.common.mx_6.15.0.202507011659\\db\
2025-12-29 10:16:31,503 [WARN] IP:2250 - I2C_Coeff_DF not found: check if there is a RefParameter without a condition.
2025-12-29 10:16:31,503 [WARN] IP:2250 - Analog_Filter not found: check if there is a RefParameter without a condition.
2025-12-29 10:16:31,566 [INFO] CodeEngine:265 - oldGeneratedFile, C:\Users\aditi\OneDrive\Desktop\Sunbeam_Internship\ARM_94076_Aditi\assignment_7\code4_Numeric Counter Display\MXTmpFiles\license.tmp_save
2025-12-29 10:16:31,634 [INFO] CodeEngine:289 - Generated code: C:\Users\aditi\OneDrive\Desktop\Sunbeam_Internship\ARM_94076_Aditi\assignment_7\code4_Numeric Counter Display\MXTmpFiles\license.tmp
2025-12-29 10:16:31,684 [INFO] CodeEngine:265 - oldGeneratedFile, C:\Users\aditi\OneDrive\Desktop\Sunbeam_Internship\ARM_94076_Aditi\assignment_7\code4_Numeric Counter Display\MXTmpFiles\gpio.tmp_save
2025-12-29 10:16:31,780 [INFO] CodeEngine:289 - Generated code: C:\Users\aditi\OneDrive\Desktop\Sunbeam_Internship\ARM_94076_Aditi\assignment_7\code4_Numeric Counter Display\MXTmpFiles\gpio.tmp
2025-12-29 10:16:31,906 [INFO] CodeEngine:265 - oldGeneratedFile, C:\Users\aditi\OneDrive\Desktop\Sunbeam_Internship\ARM_94076_Aditi\assignment_7\code4_Numeric Counter Display\Core\Src\stm32f4xx_it.c_save
2025-12-29 10:16:31,994 [INFO] CodeEngine:289 - Generated code: C:\Users\aditi\OneDrive\Desktop\Sunbeam_Internship\ARM_94076_Aditi\assignment_7\code4_Numeric Counter Display\Core\Src\stm32f4xx_it.c
2025-12-29 10:16:32,008 [INFO] CodeEngine:265 - oldGeneratedFile, C:\Users\aditi\OneDrive\Desktop\Sunbeam_Internship\ARM_94076_Aditi\assignment_7\code4_Numeric Counter Display\Core\Inc\stm32f4xx_it.h_save
2025-12-29 10:16:32,067 [INFO] CodeEngine:289 - Generated code: C:\Users\aditi\OneDrive\Desktop\Sunbeam_Internship\ARM_94076_Aditi\assignment_7\code4_Numeric Counter Display\Core\Inc\stm32f4xx_it.h
2025-12-29 10:16:32,092 [INFO] CodeEngine:265 - oldGeneratedFile, C:\Users\aditi\OneDrive\Desktop\Sunbeam_Internship\ARM_94076_Aditi\assignment_7\code4_Numeric Counter Display\Core\Src\stm32f4xx_hal_msp.c_save
2025-12-29 10:16:32,195 [INFO] CodeEngine:289 - Generated code: C:\Users\aditi\OneDrive\Desktop\Sunbeam_Internship\ARM_94076_Aditi\assignment_7\code4_Numeric Counter Display\Core\Src\stm32f4xx_hal_msp.c
2025-12-29 10:16:32,205 [INFO] CodeEngine:265 - oldGeneratedFile, C:\Users\aditi\OneDrive\Desktop\Sunbeam_Internship\ARM_94076_Aditi\assignment_7\code4_Numeric Counter Display\MXTmpFiles\system.tmp_save
2025-12-29 10:16:32,259 [INFO] CodeEngine:289 - Generated code: C:\Users\aditi\OneDrive\Desktop\Sunbeam_Internship\ARM_94076_Aditi\assignment_7\code4_Numeric Counter Display\MXTmpFiles\system.tmp
2025-12-29 10:16:32,280 [INFO] CodeEngine:321 - oldGeneratedFile, C:\Users\aditi\OneDrive\Desktop\Sunbeam_Internship\ARM_94076_Aditi\assignment_7\code4_Numeric Counter Display\Core\Inc\stm32f4xx_hal_conf.h_save
2025-12-29 10:16:32,349 [INFO] CodeEngine:345 - Generated code: C:\Users\aditi\OneDrive\Desktop\Sunbeam_Internship\ARM_94076_Aditi\assignment_7\code4_Numeric Counter Display\Core\Inc\stm32f4xx_hal_conf.h
2025-12-29 10:16:32,379 [INFO] ApiDbMcu:532 - Load IP Config File for I2C1
2025-12-29 10:16:32,397 [INFO] CodeEngine:265 - oldGeneratedFile, C:\Users\aditi\OneDrive\Desktop\Sunbeam_Internship\ARM_94076_Aditi\assignment_7\code4_Numeric Counter Display\Core\Inc\main.h_save
2025-12-29 10:16:32,474 [INFO] CodeEngine:289 - Generated code: C:\Users\aditi\OneDrive\Desktop\Sunbeam_Internship\ARM_94076_Aditi\assignment_7\code4_Numeric Counter Display\Core\Inc\main.h
2025-12-29 10:16:32,485 [INFO] CodeEngine:265 - oldGeneratedFile, C:\Users\aditi\OneDrive\Desktop\Sunbeam_Internship\ARM_94076_Aditi\assignment_7\code4_Numeric Counter Display\Core\Src\main.c_save
2025-12-29 10:16:32,587 [INFO] CodeEngine:289 - Generated code: C:\Users\aditi\OneDrive\Desktop\Sunbeam_Internship\ARM_94076_Aditi\assignment_7\code4_Numeric Counter Display\Core\Src\main.c
2025-12-29 10:16:34,038 [INFO] ProjectBuilder:3606 - Time for Copy HAL[1] : 1336mS.
2025-12-29 10:16:34,045 [INFO] ProjectBuilder:5216 - Project Generator version: 4.7.0-B52
2025-12-29 10:16:34,107 [INFO] ConfigFileManager:1595 - The Die is : DIE413
2025-12-29 10:16:35,177 [INFO] ProjectBuilder:5496 - Time for Generating toolchain IDE Files: 1133mS.
2025-12-29 10:16:35,179 [INFO] ProjectBuilder:3463 - Time for Copy CMSIS : 1mS.
2025-12-29 10:16:35,192 [INFO] ProjectBuilder:3463 - Time for Copy CMSIS : 0mS.
2025-12-29 10:56:08,180 [INFO] MainUpdater:2872 - connection check result : 10
2025-12-29 10:56:08,373 [INFO] McuFinderGlobals:76 - Set McuFinderConnectedMode to true
2025-12-29 10:56:08,379 [INFO] MultiScanPanel:200 - Auto-refresh data requested => check proxy status ongoing
2025-12-29 10:56:08,380 [INFO] FinderPluginLoader:96 - Searching for filters in installed packs
2025-12-29 10:56:11,653 [INFO] LoadUrlFilesThread:185 - End of LoadServerUrlFiles without Thread
2025-12-29 10:56:11,653 [INFO] DetailPanel:341 - Set advertising image to C:/Users/aditi/STM32Cube/Repository/\en.prom-st67w-expansion-board.png
2025-12-29 10:56:18,041 [INFO] MultiScanPanel:200 - Auto-refresh data requested => check proxy status ongoing
2025-12-29 10:56:18,142 [INFO] LoadUrlFilesThread:185 - End of LoadServerUrlFiles without Thread
2025-12-29 10:56:18,143 [INFO] DetailPanel:341 - Set advertising image to C:/Users/aditi/STM32Cube/Repository/\en.prom-st67w-expansion-board.png
2025-12-29 10:57:07,017 [INFO] MainUpdater:2872 - connection check result : 10
2025-12-29 10:57:07,020 [INFO] MainUpdater:2872 - connection check result : 10
2025-12-29 10:57:07,418 [INFO] MicroXplorer:468 - Change Database Path : 
2025-12-29 10:57:07,419 [INFO] MicroXplorer:498 - Change Database Version : DB.6.0.150
2025-12-29 10:57:07,491 [ERROR] ProjectManagerView:395 - 
java.lang.NullPointerException: Cannot invoke "javax.swing.JTextField.getText()" because the return value of "java.util.List.get(int)" is null
	at com.st.microxplorer.plugins.projectmanager.gui.ProjectChoiceTab$9.caretUpdate(ProjectChoiceTab.java:2706) ~[filemanager.jar:?]
	at javax.swing.text.JTextComponent.fireCaretUpdate(JTextComponent.java:408) ~[?:?]
	at javax.swing.text.JTextComponent$MutableCaretEvent.fire(JTextComponent.java:4484) ~[?:?]
	at javax.swing.text.JTextComponent$MutableCaretEvent.stateChanged(JTextComponent.java:4506) ~[?:?]
	at javax.swing.text.DefaultCaret.fireStateChanged(DefaultCaret.java:857) ~[?:?]
	at javax.swing.text.DefaultCaret.changeCaretPosition(DefaultCaret.java:1343) ~[?:?]
	at javax.swing.text.DefaultCaret.handleSetDot(DefaultCaret.java:1242) ~[?:?]
	at javax.swing.text.DefaultCaret.setDot(DefaultCaret.java:1223) ~[?:?]
	at javax.swing.text.DefaultCaret$Handler.insertUpdate(DefaultCaret.java:1819) ~[?:?]
	at javax.swing.text.AbstractDocument.fireInsertUpdate(AbstractDocument.java:227) ~[?:?]
	at javax.swing.text.AbstractDocument.handleInsertString(AbstractDocument.java:781) ~[?:?]
	at javax.swing.text.AbstractDocument.insertString(AbstractDocument.java:740) ~[?:?]
	at javax.swing.text.PlainDocument.insertString(PlainDocument.java:131) ~[?:?]
	at javax.swing.text.AbstractDocument.replace(AbstractDocument.java:699) ~[?:?]
	at javax.swing.text.JTextComponent.setText(JTextComponent.java:1725) ~[?:?]
	at com.st.microxplorer.plugins.projectmanager.gui.ProjectChoiceTab.createHeapStackFields(ProjectChoiceTab.java:993) ~[filemanager.jar:?]
	at com.st.microxplorer.plugins.projectmanager.gui.ProjectChoiceTab.buildLinkSettingsPanel(ProjectChoiceTab.java:3813) ~[filemanager.jar:?]
	at com.st.microxplorer.plugins.projectmanager.gui.ProjectChoiceTab.defineWindowsFields(ProjectChoiceTab.java:1987) ~[filemanager.jar:?]
	at com.st.microxplorer.plugins.projectmanager.gui.ProjectChoiceTab.updateSettings(ProjectChoiceTab.java:558) ~[filemanager.jar:?]
	at com.st.microxplorer.plugins.projectmanager.gui.ProjectSettingsPanel.UpdateDialog(ProjectSettingsPanel.java:247) ~[filemanager.jar:?]
	at com.st.microxplorer.plugins.projectmanager.ProjectManagerView.propertyChange(ProjectManagerView.java:392) ~[filemanager.jar:?]
	at java.beans.PropertyChangeSupport.fire(PropertyChangeSupport.java:343) ~[?:?]
	at java.beans.PropertyChangeSupport.firePropertyChange(PropertyChangeSupport.java:335) ~[?:?]
	at java.beans.PropertyChangeSupport.firePropertyChange(PropertyChangeSupport.java:268) ~[?:?]
	at com.st.microxplorer.util.MXPropertyChangeSupport.firePropertyChange(MXPropertyChangeSupport.java:54) ~[STM32CubeMX.jar:?]
	at com.st.microxplorer.mxsystem.MxSystem.closeConfig(MxSystem.java:899) ~[STM32CubeMX.jar:?]
	at com.st.microxplorer.maingui.MainPanel.closeConfig(MainPanel.java:792) ~[STM32CubeMX.jar:?]
	at com.st.microxplorer.plugins.filemanager.engine.OpenFileManager.loadConfigurationFile(OpenFileManager.java:288) ~[filemanager.jar:?]
	at com.st.microxplorer.plugins.filemanager.engine.MainFileManager.userLoadConfig(MainFileManager.java:364) ~[filemanager.jar:?]
	at com.st.microxplorer.plugins.filemanager.FileManagerView.getSpecificTask(FileManagerView.java:268) ~[filemanager.jar:?]
	at com.st.stm32cube.common.mx.editor.CubeMxEditor.getMxTabbedPaneInstance(CubeMxEditor.java:1191) ~[com.st.stm32cube.common.mx_6.15.0.202507011659/:?]
	at com.st.stm32cube.common.mx.editor.CubeMxEditor$12$1.createSwingComponent(CubeMxEditor.java:1068) ~[com.st.stm32cube.common.mx_6.15.0.202507011659/:?]
	at com.st.stm32cube.common.mx.oss.core.awtswtbridge.EmbeddedSwingComposite.doComponentCreation(EmbeddedSwingComposite.java:492) ~[com.st.stm32cube.common.mx.oss_6.15.0.202507011659/:?]
	at com.st.stm32cube.common.mx.oss.core.awtswtbridge.EmbeddedSwingComposite$4.run(EmbeddedSwingComposite.java:291) ~[com.st.stm32cube.common.mx.oss_6.15.0.202507011659/:?]
	at com.st.stm32cube.common.mx.oss.core.awtswtbridge.AwtEnvironment$2.run(AwtEnvironment.java:166) ~[com.st.stm32cube.common.mx.oss_6.15.0.202507011659/:?]
	at java.awt.event.InvocationEvent.dispatch(InvocationEvent.java:318) ~[?:?]
	at java.awt.EventQueue.dispatchEventImpl(EventQueue.java:773) ~[?:?]
	at java.awt.EventQueue$4.run(EventQueue.java:720) ~[?:?]
	at java.awt.EventQueue$4.run(EventQueue.java:714) ~[?:?]
	at java.security.AccessController.doPrivileged(AccessController.java:400) ~[?:?]
	at java.security.ProtectionDomain$JavaSecurityAccessImpl.doIntersectionPrivilege(ProtectionDomain.java:87) ~[?:?]
	at java.awt.EventQueue.dispatchEvent(EventQueue.java:742) ~[?:?]
	at java.awt.EventDispatchThread.pumpOneEventForFilters(EventDispatchThread.java:203) ~[?:?]
	at java.awt.EventDispatchThread.pumpEventsForFilter(EventDispatchThread.java:124) ~[?:?]
	at java.awt.EventDispatchThread.pumpEventsForHierarchy(EventDispatchThread.java:113) ~[?:?]
	at java.awt.EventDispatchThread.pumpEvents(EventDispatchThread.java:109) ~[?:?]
	at java.awt.EventDispatchThread.pumpEvents(EventDispatchThread.java:101) ~[?:?]
	at java.awt.EventDispatchThread.run(EventDispatchThread.java:90) ~[?:?]
2025-12-29 10:57:07,497 [WARN] ThirdParty:871 - waiting for thirdparty lock release [close project]
2025-12-29 10:57:07,497 [INFO] ThirdParty:873 - entering critical section [close project]
2025-12-29 10:57:07,497 [INFO] ThirdParty:883 - exiting critical section [close project]
2025-12-29 10:57:07,503 [INFO] PinOutPanel:1589 - setPackage(No Configuration,No Configuration)
2025-12-29 10:57:07,534 [WARN] IpParametersView:155 - Warning: This peripheral hasn't parameters
2025-12-29 10:57:07,558 [WARN] MainPanel:289 - <html><b><center>Warning: This peripheral has no parameters to be configured<br></b></html>
2025-12-29 10:57:07,567 [INFO] UtilMem:75 - Begin LoadConfig() Used Memory: 769853496 Bytes (1073741824)
2025-12-29 10:57:07,569 [INFO] OpenFileManager:355 - Change cursor
2025-12-29 10:57:07,642 [INFO] RulesReader:64 - Compatibility file has been processed (317 Rules)
2025-12-29 10:57:07,657 [INFO] ProjectFactory:514 - No CPN specified for board STM32F407G-DISC1 => set CPN to STM32F407VGT6
2025-12-29 10:57:07,657 [INFO] Mcu:2029 - Initializing MCU STM32F407V(E-G)Tx STM32F407VGTx STM32F407VGT6
2025-12-29 10:57:10,229 [INFO] Context:786 - Trying to add GPIOservice into a context  which must be forbidden
2025-12-29 10:57:11,357 [INFO] Rule:233 - rule 117617 - U5Cobra4M][GTZC] default value MPCBB3 and MPCBB5 - Not Secured memory - MPCBB1 is applicable
2025-12-29 10:57:11,357 [INFO] Rule:233 - rule 117617 - U5Cobra4M][GTZC] default value MPCBB3 and MPCBB5 - Not Secured memory - MPCBB1 is applicable
2025-12-29 10:57:11,357 [INFO] Rule:233 - rule 117617 - U5Cobra4M][GTZC] default value MPCBB3 and MPCBB5 - Not Secured memory - MPCBB2 is applicable
2025-12-29 10:57:11,358 [INFO] Rule:233 - rule 117617 - U5Cobra4M][GTZC] default value MPCBB3 and MPCBB5 - Not Secured memory - MPCBB2 is applicable
2025-12-29 10:57:11,358 [INFO] Rule:233 - rule 117617 - U5Cobra4M][GTZC] default value MPCBB3 and MPCBB5 - Not Secured memory - MPCBB3 is applicable
2025-12-29 10:57:11,358 [INFO] Rule:233 - rule 117617 - U5Cobra4M][GTZC] default value MPCBB3 and MPCBB5 - Not Secured memory - MPCBB3 is applicable
2025-12-29 10:57:11,358 [INFO] Rule:233 - rule 117617 - U5Cobra4M][GTZC] default value MPCBB3 and MPCBB5 - Not Secured memory - MPCBB4 is applicable
2025-12-29 10:57:11,358 [INFO] Rule:233 - rule 117617 - U5Cobra4M][GTZC] default value MPCBB3 and MPCBB5 - Not Secured memory - MPCBB4 is applicable
2025-12-29 10:57:11,358 [INFO] Rule:233 - rule 117617 - U5Cobra4M][GTZC] default value MPCBB3 and MPCBB5 - Secured memory - MPCBB1 is applicable
2025-12-29 10:57:11,358 [INFO] Rule:233 - rule 117617 - U5Cobra4M][GTZC] default value MPCBB3 and MPCBB5 - Secured memory - MPCBB2 is applicable
2025-12-29 10:57:11,358 [INFO] Rule:233 - rule 117617 - U5Cobra4M][GTZC] default value MPCBB3 and MPCBB5 - Secured memory - MPCBB3 is applicable
2025-12-29 10:57:11,358 [INFO] Rule:233 - rule 117617 - U5Cobra4M][GTZC] default value MPCBB3 and MPCBB5 - Secured memory - MPCBB4 is applicable
2025-12-29 10:57:11,359 [INFO] Rule:233 - rule 117617 - U5Cobra4M][GTZC] default value MPCBB3 and MPCBB5 - Privileged memory - MPCBB1 is applicable
2025-12-29 10:57:11,359 [INFO] Rule:233 - rule 117617 - U5Cobra4M][GTZC] default value MPCBB3 and MPCBB5 - Privileged memory - MPCBB2 is applicable
2025-12-29 10:57:11,359 [INFO] Rule:233 - rule 117617 - U5Cobra4M][GTZC] default value MPCBB3 and MPCBB5 - Privileged memory - MPCBB3 is applicable
2025-12-29 10:57:11,359 [INFO] Rule:233 - rule 117617 - U5Cobra4M][GTZC] default value MPCBB3 and MPCBB5 - Privileged memory - MPCBB4 is applicable
2025-12-29 10:57:11,359 [INFO] Rule:233 - rule 117617 - U5Cobra4M][GTZC] default value MPCBB3 and MPCBB5 - Not Privileged memory - MPCBB1 is applicable
2025-12-29 10:57:11,359 [INFO] Rule:233 - rule 117617 - U5Cobra4M][GTZC] default value MPCBB3 and MPCBB5 - Not Privileged memory - MPCBB2 is applicable
2025-12-29 10:57:11,359 [INFO] Rule:233 - rule 117617 - U5Cobra4M][GTZC] default value MPCBB3 and MPCBB5 - Not Privileged memory - MPCBB3 is applicable
2025-12-29 10:57:11,359 [INFO] Rule:233 - rule 117617 - U5Cobra4M][GTZC] default value MPCBB3 and MPCBB5 - Not Privileged memory - MPCBB4 is applicable
2025-12-29 10:57:11,360 [INFO] Rule:233 - rule 117617 - U5Cobra4M][GTZC] default value MPCBB3 and MPCBB5 - Privileged memory - MPCBB1 is applicable
2025-12-29 10:57:11,360 [INFO] Rule:233 - rule 117617 - U5Cobra4M][GTZC] default value MPCBB3 and MPCBB5 - Privileged memory - MPCBB2 is applicable
2025-12-29 10:57:11,360 [INFO] Rule:233 - rule 117617 - U5Cobra4M][GTZC] default value MPCBB3 and MPCBB5 - Privileged memory - MPCBB3 is applicable
2025-12-29 10:57:11,360 [INFO] Rule:233 - rule 117617 - U5Cobra4M][GTZC] default value MPCBB3 and MPCBB5 - Privileged memory - MPCBB4 is applicable
2025-12-29 10:57:11,360 [INFO] Rule:233 - rule 117617 - U5Cobra4M][GTZC] default value MPCBB3 and MPCBB5 - Privileged memory - MPCBB1 is applicable
2025-12-29 10:57:11,360 [INFO] Rule:233 - rule 117617 - U5Cobra4M][GTZC] default value MPCBB3 and MPCBB5 - Privileged memory - MPCBB2 is applicable
2025-12-29 10:57:11,360 [INFO] Rule:233 - rule 117617 - U5Cobra4M][GTZC] default value MPCBB3 and MPCBB5 - Privileged memory - MPCBB3 is applicable
2025-12-29 10:57:11,360 [INFO] Rule:233 - rule 117617 - U5Cobra4M][GTZC] default value MPCBB3 and MPCBB5 - Privileged memory - MPCBB4 is applicable
2025-12-29 10:57:11,361 [INFO] Rule:233 - rule 117617 - U5Cobra4M][GTZC] default value MPCBB3 and MPCBB5 - Not Privileged memory - MPCBB1 is applicable
2025-12-29 10:57:11,361 [INFO] Rule:233 - rule 117617 - U5Cobra4M][GTZC] default value MPCBB3 and MPCBB5 - Not Privileged memory - MPCBB2 is applicable
2025-12-29 10:57:11,361 [INFO] Rule:233 - rule 117617 - U5Cobra4M][GTZC] default value MPCBB3 and MPCBB5 - Not Privileged memory - MPCBB3 is applicable
2025-12-29 10:57:11,361 [INFO] Rule:233 - rule 117617 - U5Cobra4M][GTZC] default value MPCBB3 and MPCBB5 - Not Privileged memory - MPCBB4 is applicable
2025-12-29 10:57:11,361 [INFO] Rule:233 - rule 117617 - U5Cobra4M][GTZC] default value MPCBB3 and MPCBB5 - Privileged memory - MPCBB1 is applicable
2025-12-29 10:57:11,361 [INFO] Rule:233 - rule 117617 - U5Cobra4M][GTZC] default value MPCBB3 and MPCBB5 - Privileged memory - MPCBB2 is applicable
2025-12-29 10:57:11,361 [INFO] Rule:233 - rule 117617 - U5Cobra4M][GTZC] default value MPCBB3 and MPCBB5 - Privileged memory - MPCBB3 is applicable
2025-12-29 10:57:11,361 [INFO] Rule:233 - rule 117617 - U5Cobra4M][GTZC] default value MPCBB3 and MPCBB5 - Privileged memory - MPCBB4 is applicable
2025-12-29 10:57:11,361 [INFO] Rule:233 - rule Rename SubGHz_Phy SUBGHZ_APPLICATION SUBGHZ_PINGPONG to SUBGHZ_ADV_APPLICATION is applicable
2025-12-29 10:57:11,361 [INFO] Rule:233 - rule Rename Enabled to IBEACON is applicable
2025-12-29 10:57:11,361 [INFO] Rule:233 - rule GTZC_S instance for project manager is applicable
2025-12-29 10:57:11,361 [INFO] Rule:233 - rule GTZC_S instance for context M33S is applicable
2025-12-29 10:57:11,361 [INFO] Rule:233 - rule GTZC_S instance value for IP GTZC is applicable
2025-12-29 10:57:11,361 [INFO] Rule:233 - rule GTZC_S instance for mcu.IP is applicable
2025-12-29 10:57:11,361 [INFO] Rule:233 - rule GTZC_S instance for VP is applicable
2025-12-29 10:57:11,362 [INFO] Rule:233 - rule GTZC_S instance for signal is applicable
2025-12-29 10:57:11,362 [INFO] Rule:233 - rule GTZC_S instance for mcu.Pin is applicable
2025-12-29 10:57:11,362 [INFO] Rule:233 - rule GTZC_S instance for VP is applicable
2025-12-29 10:57:11,362 [INFO] Rule:233 - rule GTZC_S instance for signal is applicable
2025-12-29 10:57:11,362 [INFO] Rule:233 - rule GTZC_S instance for mcu is applicable
2025-12-29 10:57:11,362 [INFO] Rule:233 - rule GTZC_S instance for mcu.Pin is applicable
2025-12-29 10:57:11,362 [INFO] Rule:233 - rule GTZC_S instance value for IP GTZC is applicable
2025-12-29 10:57:11,362 [INFO] Rule:233 - rule GTZC_S instance for project manager is applicable
2025-12-29 10:57:11,362 [INFO] Rule:233 - rule GTZC_S instance for context M33S is applicable
2025-12-29 10:57:11,362 [INFO] Rule:233 - rule GTZC_S instance for VP is applicable
2025-12-29 10:57:11,362 [INFO] Rule:233 - rule GTZC_S instance for signal is applicable
2025-12-29 10:57:11,362 [INFO] Rule:233 - rule SPDIFRX instance for mcu is applicable
2025-12-29 10:57:11,362 [INFO] Rule:233 - rule Rename Tracer Mode is applicable
2025-12-29 10:57:11,362 [INFO] Rule:233 - rule SPDIFRX instance value for IP SPDIFRX is applicable
2025-12-29 10:57:11,362 [INFO] Rule:233 - rule SPDIFRX instance for signal is applicable
2025-12-29 10:57:11,362 [INFO] Rule:233 - rule SPDIFRX instance for project manager is applicable
2025-12-29 10:57:11,363 [INFO] Rule:233 - rule SPDIFRX instance for project manager is applicable
2025-12-29 10:57:11,363 [INFO] Rule:233 - rule ADC Scan  fix with FW F7 is applicable
2025-12-29 10:57:11,363 [INFO] Rule:233 - rule ADC Scan  fix with FW F7 is applicable
2025-12-29 10:57:11,364 [INFO] Rule:233 - rule WakeUp0 Mode is applicable
2025-12-29 10:57:11,365 [INFO] Rule:233 - rule WakeUp0 SIGNAL is applicable
2025-12-29 10:57:11,365 [INFO] Rule:233 - rule WakeUp1 Mode is applicable
2025-12-29 10:57:11,366 [INFO] Rule:233 - rule WakeUp1 SIGNAL is applicable
2025-12-29 10:57:11,366 [INFO] Rule:233 - rule WakeUp2 Mode is applicable
2025-12-29 10:57:11,366 [INFO] Rule:233 - rule WakeUp2 SIGNAL is applicable
2025-12-29 10:57:11,366 [INFO] Rule:233 - rule WakeUp4 Mode is applicable
2025-12-29 10:57:11,366 [INFO] Rule:233 - rule WakeUp4 SIGNAL is applicable
2025-12-29 10:57:11,366 [INFO] Rule:233 - rule WakeUp5 Mode is applicable
2025-12-29 10:57:11,366 [INFO] Rule:233 - rule WakeUp5 SIGNAL is applicable
2025-12-29 10:57:11,367 [INFO] Rule:233 - rule UART/USART WORD LENGTH 7 is applicable
2025-12-29 10:57:11,367 [INFO] Rule:233 - rule UART/USART WORD LENGTH 8 is applicable
2025-12-29 10:57:11,367 [INFO] Rule:233 - rule UART/USART WORD LENGTH 9 is applicable
2025-12-29 10:57:11,367 [INFO] Rule:233 - rule Change Default Value for LSE Drive Capability for WB family is applicable
2025-12-29 10:57:11,367 [INFO] Rule:233 - rule Change Default Value for ADC Clock Prescaler G0 family is applicable
2025-12-29 10:57:11,367 [INFO] Rule:233 - rule ADC SamplingTime fix with FW L0  is applicable
2025-12-29 10:57:11,367 [INFO] Rule:233 - rule ADC SamplingTime fix with FW L0  is applicable
2025-12-29 10:57:11,367 [INFO] Rule:233 - rule ADC SamplingTime fix with FW L0 is applicable
2025-12-29 10:57:11,367 [INFO] Rule:233 - rule ADC SamplingTime fix with FW L0 is applicable
2025-12-29 10:57:11,367 [INFO] Rule:233 - rule ADC SamplingTime fix with FW L0  is applicable
2025-12-29 10:57:11,367 [INFO] Rule:233 - rule ADC SamplingTime fix with FW L0 is applicable
2025-12-29 10:57:11,367 [INFO] Rule:233 - rule Rename USB_OE Signal is applicable
2025-12-29 10:57:11,368 [INFO] Rule:233 - rule Rename Activate_OE Mode is applicable
2025-12-29 10:57:11,368 [INFO] Rule:233 - rule Rename DIE462/DIE415 pin PC14/OSC32_IN -> PC14-OSC32_IN (PC14) is applicable
2025-12-29 10:57:11,368 [INFO] Rule:233 - rule Rename DIE462/DIE415 pin PC15/OSC32_OUT -> PC15-OSC32_OUT (PC15) is applicable
2025-12-29 10:57:11,368 [INFO] Rule:233 - rule Rename DIE462/DIE415 pin PH0/OSC_IN -> PH0-OSC_IN (PH0) is applicable
2025-12-29 10:57:11,368 [INFO] Rule:233 - rule Rename DIE462/DIE415 pin PH1/OSC_OUT -> PH1-OSC_OUT (PH1) is applicable
2025-12-29 10:57:11,368 [INFO] Rule:233 - rule Rename DIE462 pin PA13 -> PA13 (JTMS/SWDIO) is applicable
2025-12-29 10:57:11,368 [INFO] Rule:233 - rule Rename DIE415 pin PA13 -> PA13 (JTMS/SWDIO) is applicable
2025-12-29 10:57:11,368 [INFO] Rule:233 - rule Rename DIE462 pin PA14 -> PA14 (JTCK/SWCLK) is applicable
2025-12-29 10:57:11,368 [INFO] Rule:233 - rule Rename DIE415 pin PA14 -> PA14 (JTCK/SWCLK) is applicable
2025-12-29 10:57:11,368 [INFO] Rule:233 - rule Rename DIE462/DIE415 pin PA15 -> PA15 (JTDI) is applicable
2025-12-29 10:57:11,369 [INFO] Rule:233 - rule Rename DIE462 pin PB3 -> PB3 (JTD0/TRACESWO) is applicable
2025-12-29 10:57:11,369 [INFO] Rule:233 - rule Rename DIE415 pin PB3 -> PB3 (JTD0-TRACESWO) is applicable
2025-12-29 10:57:11,369 [INFO] Rule:233 - rule Rename DIE462/DIE415 pin PB4 -> PB4 (NJTRST) is applicable
2025-12-29 10:57:11,369 [INFO] Rule:233 - rule Rename DIE462 pin PH3/BOOT0 -> PH3-BOOT0 (BOOT0) is applicable
2025-12-29 10:57:11,369 [INFO] Rule:233 - rule Rename CRYP DataEncryptionTypesList to Algorithm is applicable
2025-12-29 10:57:11,369 [INFO] Rule:233 - rule Rename AES DataEncryptionTypesList to Algorithm is applicable
2025-12-29 10:57:11,369 [INFO] Rule:233 - rule Rename TDESECB to CRYP_TDES_ECB is applicable
2025-12-29 10:57:11,369 [INFO] Rule:233 - rule Rename TDESCBC to CRYP_TDES_CBC is applicable
2025-12-29 10:57:11,370 [INFO] Rule:233 - rule Rename DESECB to CRYP_DES_ECB is applicable
2025-12-29 10:57:11,370 [INFO] Rule:233 - rule Rename DESCBC to CRYP_DES_CBC is applicable
2025-12-29 10:57:11,370 [INFO] Rule:233 - rule Rename AESECB to CRYP_AES_ECB is applicable
2025-12-29 10:57:11,370 [INFO] Rule:233 - rule Rename AESCBC to CRYP_AES_CBC is applicable
2025-12-29 10:57:11,370 [INFO] Rule:233 - rule Rename AESCTR to CRYP_AES_CTR is applicable
2025-12-29 10:57:11,370 [INFO] Rule:233 - rule Rename AESGCM to CRYP_AES_GCM is applicable
2025-12-29 10:57:11,370 [INFO] Rule:233 - rule Rename AESCCM to CRYP_AES_CCM is applicable
2025-12-29 10:57:11,370 [INFO] Rule:233 - rule Rename CAN TimeSeg1 to BS1 is applicable
2025-12-29 10:57:11,370 [INFO] Rule:233 - rule Rename CAN TimeSeg2 to BS2 is applicable
2025-12-29 10:57:11,370 [INFO] Rule:233 - rule Rename CAN SyncJumpWidth to SJW is applicable
2025-12-29 10:57:11,371 [INFO] Rule:233 - rule TimeTriggeredMode to TTCM is applicable
2025-12-29 10:57:11,371 [INFO] Rule:233 - rule Rename CAN AutoBusOff to ABOM is applicable
2025-12-29 10:57:11,371 [INFO] Rule:233 - rule Rename CAN AutoWakeUp to AWUM is applicable
2025-12-29 10:57:11,371 [INFO] Rule:233 - rule Rename CAN AutoRetransmission to NART is applicable
2025-12-29 10:57:11,371 [INFO] Rule:233 - rule Rename CAN ReceiveFifoLocked to RFLM is applicable
2025-12-29 10:57:11,371 [INFO] Rule:233 - rule Rename CAN TransmitFifoPriority to TXFP is applicable
2025-12-29 10:57:11,371 [INFO] Rule:233 - rule Rename HRTIMER HRTIM_OUTPUTFAULTLEVEL_HIGH in HRTIMER HRTIM_OUTPUTFAULTLEVEL_HIGHZ is applicable
2025-12-29 10:57:11,371 [INFO] Rule:233 - rule Rename TIMER TIM_CLEARINPUTSOURCE_OCREFCLR in  TIMER TIM_CLEARINPUTSOURCE_NONE for F7 family is applicable
2025-12-29 10:57:11,371 [INFO] Rule:233 - rule FDCAN_R1 - Rename FDCAN mode Master into Classic is applicable
2025-12-29 10:57:11,371 [INFO] Rule:233 - rule FDCAN_R2 - Rename FDCAN mode Slave into Classic is applicable
2025-12-29 10:57:11,371 [INFO] Rule:233 - rule FDCAN1_R3 - if PA10.Mode=FullDuplex, add Pin PA12 is applicable
2025-12-29 10:57:11,371 [INFO] Rule:233 - rule FDCAN1_R3 - if PA9.Mode=FullDuplex, add Pin PA11 is applicable
2025-12-29 10:57:11,371 [INFO] Rule:233 - rule FDCAN1_R3 - Alternatepin_1 - if PE1.Mode=FullDuplex, add Pin PB9 is applicable
2025-12-29 10:57:11,371 [INFO] Rule:233 - rule FDCAN1_R3 - Alternatepin_1 - if PE0.Mode=FullDuplex, add Pin PB8 is applicable
2025-12-29 10:57:11,371 [INFO] Rule:233 - rule FDCAN1_R3 - Alternatepin_2 - if PD5.Mode=FullDuplex, add Pin PD1 is applicable
2025-12-29 10:57:11,371 [INFO] Rule:233 - rule FDCAN1_R3 - Alternatepin_2 - if PD4.Mode=FullDuplex, add Pin PD0 is applicable
2025-12-29 10:57:11,372 [INFO] Rule:233 - rule FDCAN1_R4 - Rename Mode FullDuplex into Enable FDCAN_TXFD for pin PA10 is applicable
2025-12-29 10:57:11,372 [INFO] Rule:233 - rule FDCAN1_R4 - Rename Mode FullDuplex into Enable FDCAN_TXFD for pin PA9 is applicable
2025-12-29 10:57:11,372 [INFO] Rule:233 - rule FDCAN1_R4 - Alternatepin_1 - Rename Mode FullDuplex into Enable FDCAN_TXFD for pin PE1 is applicable
2025-12-29 10:57:11,372 [INFO] Rule:233 - rule FDCAN1_R4 - Alternatepin_1 - Rename Mode FullDuplex into Enable FDCAN_TXFD for pin PE0 is applicable
2025-12-29 10:57:11,372 [INFO] Rule:233 - rule FDCAN1_R4 - Alternatepin_2 - Rename Mode FullDuplex into Enable FDCAN_TXFD for pin PD5 is applicable
2025-12-29 10:57:11,372 [INFO] Rule:233 - rule FDCAN1_R4 - Alternatepin_2 - Rename Mode FullDuplex into Enable FDCAN_TXFD for pin PD4 is applicable
2025-12-29 10:57:11,372 [INFO] Rule:233 - rule FDCAN2_R3 - if PD10.Mode=FullDuplex, add Pin PB13 is applicable
2025-12-29 10:57:11,372 [INFO] Rule:233 - rule FDCAN2_R3 - if PD9.Mode=FullDuplex, add Pin PB12 is applicable
2025-12-29 10:57:11,372 [INFO] Rule:233 - rule FDCAN2_R3 - Alternatepin_1 - if PB7.Mode=FullDuplex, add Pin PB6 is applicable
2025-12-29 10:57:11,372 [INFO] Rule:233 - rule FDCAN2_R3 - Alternatepin_1 - if PD9.Mode=FullDuplex, add Pin PB12 is applicable
2025-12-29 10:57:11,372 [INFO] Rule:233 - rule FDCAN2_R4 - Rename Mode FullDuplex into Enable FDCAN_TXFD for pin PD10 is applicable
2025-12-29 10:57:11,373 [INFO] Rule:233 - rule FDCAN2_R4 - Rename Mode FullDuplex into Enable FDCAN_TXFD for pin PD9 is applicable
2025-12-29 10:57:11,373 [INFO] Rule:233 - rule FDCAN2_R4 - Alternatepin_1 - Rename Mode FullDuplex into Enable FDCAN_TXFD for pin PB7 is applicable
2025-12-29 10:57:11,373 [INFO] Rule:233 - rule FDCAN2_R4 - Alternatepin_1 - Rename Mode FullDuplex into Enable FDCAN_TXFD for pin PD6 is applicable
2025-12-29 10:57:11,373 [INFO] Rule:233 - rule USART TxPinLevelInvertParam Mode is applicable
2025-12-29 10:57:11,373 [INFO] Rule:233 - rule USART RxPinLevelInvertParam Mode is applicable
2025-12-29 10:57:11,374 [INFO] Rule:233 - rule USART DataInvertParam Mode is applicable
2025-12-29 10:57:11,374 [INFO] Rule:233 - rule USART SwapParam Mode is applicable
2025-12-29 10:57:11,374 [INFO] Rule:233 - rule USART OverrunDisableParam Mode is applicable
2025-12-29 10:57:11,374 [INFO] Rule:233 - rule USART DMADisableonRxErrorParam Mode is applicable
2025-12-29 10:57:11,374 [INFO] Rule:233 - rule USART MSBFirstParam Mode is applicable
2025-12-29 10:57:11,374 [INFO] Rule:233 - rule Update MwName for USB_DEVICE is applicable
2025-12-29 10:57:11,374 [INFO] Rule:233 - rule Change PWR_Regulator_Voltage_Scale Default Value for RCC  H7 family is applicable
2025-12-29 10:57:11,374 [INFO] Rule:233 - rule UART/USART IPParameter rename Prescaler parameter to ClockPrescaler is applicable
2025-12-29 10:57:11,374 [INFO] Rule:233 - rule UART/USART Prescaler rename Prescaler parameter to ClockPrescaler is applicable
2025-12-29 10:57:11,374 [INFO] Rule:233 - rule TIM1CLockSelection is applicable
2025-12-29 10:57:11,375 [INFO] Rule:233 - rule TIM15CLockSelection is applicable
2025-12-29 10:57:11,375 [INFO] Rule:233 - rule align RCC SDMMC3CLockSelection default value on MP1 is applicable
2025-12-29 10:57:11,375 [INFO] Rule:233 - rule align RCC SDMMC12CLockSelection default value on MP1 is applicable
2025-12-29 10:57:11,375 [INFO] Rule:233 - rule align RCC QSPICLockSelection default value on MP1 is applicable
2025-12-29 10:57:11,375 [INFO] Rule:233 - rule align RCC QSPICLockSelection default value on MP1 is applicable
2025-12-29 10:57:11,375 [INFO] Rule:233 - rule align RCC SPI6CLockSelection default value on MP1 is applicable
2025-12-29 10:57:11,375 [INFO] Rule:233 - rule align RCC LPTIM23CLockSelection default value on MP1 is applicable
2025-12-29 10:57:11,376 [INFO] Rule:233 - rule align RCC LPTIM1CLockSelection default value on MP1 is applicable
2025-12-29 10:57:11,376 [INFO] Rule:233 - rule align RCC USART1CLockSelection default value on MP1 is applicable
2025-12-29 10:57:11,376 [INFO] Rule:233 - rule align RCC USART24CLockSelection default value on MP1 is applicable
2025-12-29 10:57:11,376 [INFO] Rule:233 - rule align RCC USART6CLockSelection default value on MP1 is applicable
2025-12-29 10:57:11,376 [INFO] Rule:233 - rule align RCC UART78CLockSelection default value on MP1 is applicable
2025-12-29 10:57:11,376 [INFO] Rule:233 - rule align RCC USART35CLockSelection default value on MP1 is applicable
2025-12-29 10:57:11,376 [INFO] Rule:233 - rule align RCC SPI45CLockSelection default value on MP1 is applicable
2025-12-29 10:57:11,376 [INFO] Rule:233 - rule align RCC I2C46CLockSelection BCLK value on MP1 is applicable
2025-12-29 10:57:11,376 [INFO] Rule:233 - rule align RCC SPI45CLockSelection default value on MP1 is applicable
2025-12-29 10:57:11,376 [INFO] Rule:233 - rule align RCC I2C12CLockSelection default value on MP1 is applicable
2025-12-29 10:57:11,376 [INFO] Rule:233 - rule align RCC I2C35CLockSelection default value on MP1 is applicable
2025-12-29 10:57:11,376 [INFO] Rule:233 - rule align RCC LPTIM45CLockSelection default value on MP1 is applicable
2025-12-29 10:57:11,376 [INFO] Rule:233 - rule Rename DCMI PIXCK signal is applicable
2025-12-29 10:57:11,376 [INFO] Rule:233 - rule Change Default Value for I2C46CLockSelection MP1 family is applicable
2025-12-29 10:57:11,376 [INFO] Rule:233 - rule Change Default Value for UART for G4, G0 and WB families is applicable
2025-12-29 10:57:11,376 [INFO] Rule:233 - rule Change Default Value for USART for G4, G0 and WB families is applicable
2025-12-29 10:57:11,376 [INFO] Rule:233 - rule Change Default Value for USART for G4 family is applicable
2025-12-29 10:57:11,376 [INFO] Rule:233 - rule Change USART1CLockSelection refparam name for MP1 is applicable
2025-12-29 10:57:11,376 [INFO] Rule:233 - rule Change USART2CLockSelection refparam name for MP1 is applicable
2025-12-29 10:57:11,376 [INFO] Rule:233 - rule Change USART3CLockSelection refparam name for MP1 is applicable
2025-12-29 10:57:11,376 [INFO] Rule:233 - rule Change UART4CLockSelection refparam name for MP1 is applicable
2025-12-29 10:57:11,376 [INFO] Rule:233 - rule Change UART5CLockSelection refparam name for MP1 is applicable
2025-12-29 10:57:11,376 [INFO] Rule:233 - rule Change LPUART1CLockSelection refparam name for MP1 is applicable
2025-12-29 10:57:11,377 [INFO] Rule:233 - rule Change LPTIM1CLockSelection refparam name for MP1 is applicable
2025-12-29 10:57:11,377 [INFO] Rule:233 - rule Change LPTIM2CLockSelection refparam name for MP1 is applicable
2025-12-29 10:57:11,377 [INFO] Rule:233 - rule Change RCC_MCO1Source refparam name for MP1 is applicable
2025-12-29 10:57:11,377 [INFO] Rule:233 - rule Change LSCOSource1 refparam name for MP1 is applicable
2025-12-29 10:57:11,377 [INFO] Rule:233 - rule Change SMPSCLockSelection refparam name for MP1 is applicable
2025-12-29 10:57:11,377 [INFO] Rule:233 - rule Change LPTIM3CLockSelection refparam name for MP1 is applicable
2025-12-29 10:57:11,377 [INFO] Rule:233 - rule Change MPCBB* Default Template Mode to Parameters is applicable
2025-12-29 10:57:11,377 [INFO] Rule:233 - rule Change MPCWM* or MPCBB* Secure Mode to Parameters is applicable
2025-12-29 10:57:11,377 [INFO] Rule:233 - rule Change MPCWM* or MPCBB* No Secure Mode to Parameters is applicable
2025-12-29 10:57:11,377 [INFO] Rule:233 - rule Change TZSC IP Secure Mode to Parameters is applicable
2025-12-29 10:57:11,377 [INFO] Rule:233 - rule Change TZSC IP No Secure Mode to Parameters is applicable
2025-12-29 10:57:11,377 [INFO] Rule:233 - rule Change TZSC IP Privilege Mode to Parameters is applicable
2025-12-29 10:57:11,377 [INFO] Rule:233 - rule Change TZSC IP No Privilege Mode to Parameters is applicable
2025-12-29 10:57:11,377 [INFO] Rule:233 - rule Change TZIC IT Secure Mode to Parameters is applicable
2025-12-29 10:57:11,377 [INFO] Rule:233 - rule Change TZIC IT No Secure Mode to Parameters is applicable
2025-12-29 10:57:11,377 [INFO] Rule:233 - rule Add MPCBB1_NonSecureArea_Start_Address value with referenced to MPCBB1_NonSecureArea_Start value is applicable
2025-12-29 10:57:11,377 [INFO] Rule:233 - rule Add MPCBB2_NonSecureArea_Start_Address value with referenced to MPCBB2_NonSecureArea_Start value is applicable
2025-12-29 10:57:11,377 [INFO] Rule:233 - rule Add MPCWM1_NonSecureArea*_Start_Address value with referenced to MPCWM1_NonSecureArea*_Start value is applicable
2025-12-29 10:57:11,377 [INFO] Rule:233 - rule Add MPCWM2_NonSecureArea*_Start_Address value with referenced to MPCWM2_NonSecureArea*_Start value is applicable
2025-12-29 10:57:11,377 [INFO] Rule:233 - rule Add MPCWM3_NonSecureArea_Start_Address value with referenced to MPCWM3_NonSecureArea_Start value is applicable
2025-12-29 10:57:11,377 [INFO] Rule:233 - rule Change Default Value for PLL1UserDefinedConfig is applicable
2025-12-29 10:57:11,377 [INFO] Rule:233 - rule Change GPIO_PuPd Default Value for USART in async mode is applicable
2025-12-29 10:57:11,377 [INFO] Rule:233 - rule Change SMPSDivider Default Value is applicable
2025-12-29 10:57:11,377 [INFO] Rule:233 - rule OPAMP is applicable
2025-12-29 10:57:11,377 [INFO] Rule:233 - rule LPUART IPParameter rename Prescaler parameter to ClockPrescaler for STM32H7 is applicable
2025-12-29 10:57:11,377 [INFO] Rule:233 - rule LPUART IPParameter rename Prescaler parameter to ClockPrescaler for STM32H7 is applicable
2025-12-29 10:57:11,378 [INFO] Rule:233 - rule LPUART IPParameter rename Prescaler parameter to ClockPrescaler for STM32WB is applicable
2025-12-29 10:57:11,378 [INFO] Rule:233 - rule LPUART IPParameter rename Prescaler parameter to ClockPrescaler for STM32WB is applicable
2025-12-29 10:57:11,378 [INFO] Rule:233 - rule LPUART IPParameter rename Prescaler parameter to ClockPrescaler for STM32G4 is applicable
2025-12-29 10:57:11,378 [INFO] Rule:233 - rule LPUART IPParameter rename Prescaler parameter to ClockPrescaler for STM32G4 is applicable
2025-12-29 10:57:11,378 [INFO] Rule:233 - rule LPUART IPParameter rename Prescaler parameter to ClockPrescaler for STM32L5 is applicable
2025-12-29 10:57:11,378 [INFO] Rule:233 - rule LPUART IPParameter rename Prescaler parameter to ClockPrescaler for STM32L5 is applicable
2025-12-29 10:57:11,378 [INFO] Rule:233 - rule LPUART IPParameter rename Prescaler parameter to ClockPrescaler for STM32G4 is applicable
2025-12-29 10:57:11,378 [INFO] Rule:233 - rule LPUART IPParameter rename Prescaler parameter to ClockPrescaler for STM32G4 is applicable
2025-12-29 10:57:11,378 [INFO] Rule:233 - rule USB device lib V2.5.3 for L0 rename USBD_SUPPORT_USER_STRING parameter to USBD_SUPPORT_USER_STRING_DESC4 is applicable
2025-12-29 10:57:11,378 [INFO] Rule:233 - rule I2SCLockSelection clock entry align is applicable
2025-12-29 10:57:11,378 [INFO] Rule:233 - rule Assign TIMx context if used as SYS timebase is applicable
2025-12-29 10:57:11,378 [INFO] Rule:233 - rule Change GPIO_Pu Default Value for I2C is applicable
2025-12-29 10:57:11,378 [INFO] Rule:233 - rule Change GPIO_Pu Default Value for SMBus is applicable
2025-12-29 10:57:11,378 [INFO] Rule:233 - rule change FDCAN default value is applicable
2025-12-29 10:57:11,378 [INFO] Rule:233 - rule Change mode sai is applicable
2025-12-29 10:57:11,378 [INFO] Rule:233 - rule **Change sai mode is applicable
2025-12-29 10:57:11,378 [INFO] Rule:233 - rule Rename STM32WPAN CFG_BLE_IRK to CFG_BLE_IR is applicable
2025-12-29 10:57:11,378 [INFO] Rule:233 - rule Rename STM32WPAN CFG_BLE_ERK to CFG_BLE_ER is applicable
2025-12-29 10:57:11,378 [INFO] Rule:233 - rule Rename STM32WPAN CFG_BLE_IRK_HEX to CFG_BLE_IR_HEX is applicable
2025-12-29 10:57:11,378 [INFO] Rule:233 - rule Rename STM32WPAN CFG_BLE_ERK_HEX to CFG_BLE_ER_HEX is applicable
2025-12-29 10:57:11,378 [INFO] Rule:233 - rule Adapt Old IOC before rework replace old CORTEX_M33/CORTEX_M55 attributes by the new one. is applicable
2025-12-29 10:57:11,378 [INFO] Rule:233 - rule Rename parametre of RCC RCC_APBDBG_DIV2 to RCC_TIMPRES_DIV2 is applicable
2025-12-29 10:57:11,378 [INFO] Rule:233 - rule Rename DIE493 pin PA10 [PA12] -> PA10 is applicable
2025-12-29 10:57:11,378 [INFO] Rule:233 - rule Rename DIE493 pin PA9 [PA11] -> PA9 is applicable
2025-12-29 10:57:11,378 [INFO] Rule:233 - rule Rename DIE492 PartNumber CPN STM32WBA5MJGHx -> STM32WBA5MMGHx is applicable
2025-12-29 10:57:11,379 [INFO] Rule:233 - rule Rename DIE492 PartNumber  Name STM32WBA5MJGHx -> STM32WBA5MMGHx is applicable
2025-12-29 10:57:11,379 [INFO] Rule:233 - rule Rename DIE492 PartNumber UserName STM32WBA5MJGHx -> STM32WBA5MMGHx is applicable
2025-12-29 10:57:11,379 [INFO] Rule:233 - rule Rename DIE492 PartNumber DeviceId STM32WBA5MJGHx -> STM32WBA5MMGHx is applicable
2025-12-29 10:57:11,379 [INFO] Rule:233 - rule Adapt Old IOC CSI. is applicable
2025-12-29 10:57:11,379 [INFO] Rule:233 - rule Adapt Old IOC DCMIPP. is applicable
2025-12-29 10:57:11,379 [INFO] Rule:233 - rule Adapt Old IOC DCMIPP Mode Parallel. is applicable
2025-12-29 10:57:11,379 [INFO] Rule:233 - rule Adapt Old IOC LTDC. is applicable
2025-12-29 10:57:11,379 [INFO] Rule:233 - rule Rename STM32MP2 RIF Peripheral LTDC RIF.RISUP.LTDC_L0L1.Privilege -> RIF.RISUP.LTDC_L1L2.Privilege is applicable
2025-12-29 10:57:11,379 [INFO] Rule:233 - rule Rename STM32MP2 RIF Peripheral LTDC RIF.RISUP.LTDC_L0L1.Privilege -> RIF.RISUP.LTDC_L1L2.Privilege is applicable
2025-12-29 10:57:11,379 [INFO] Rule:233 - rule Rename STM32MP2 RIF Peripheral LTDC RIF.RISUP.LTDC_L0L1.Lock -> RIF.RISUP.LTDC_L1L2.Lock is applicable
2025-12-29 10:57:11,379 [INFO] Rule:233 - rule Rename STM32MP2 RIF Peripheral LTDC RIF.RISUP.LTDC_L2.Lock -> RIF.RISUP.LTDC_L3.Lock is applicable
2025-12-29 10:57:11,379 [INFO] Rule:233 - rule Adapt the old IOC example for updating the SYS when it is misconfigured. is applicable
2025-12-29 10:57:11,379 [INFO] Rule:233 - rule Rename STM32C09 Mcu.Package LQFP64 -> LQFP48 is applicable
2025-12-29 10:57:11,379 [INFO] Rule:233 - rule Adapt the old IOC example for updating the SYS when it is misconfigured. is applicable
2025-12-29 10:57:11,379 [INFO] Rule:233 - rule Adapt the old IOC example for updating the SYS when it is misconfigured. is applicable
2025-12-29 10:57:11,406 [INFO] DbConfProperties:307 - Apply Compatibility (38/250 Rules)
2025-12-29 10:57:11,429 [INFO] ImportTextPane:234 - (OptionalMessage_ERROR) Unable to find key (Mcu.ThirdPartyNb) in loaded IOC file
2025-12-29 10:57:11,433 [INFO] ImportTextPane:234 - (OptionalMessage_ERROR) Pin34 (VP_RIF_VS_RIF1) cannot be retrieved for this MCU
2025-12-29 10:57:11,475 [INFO] RtosManager:558 - Registered RTOS mode: class=CMSIS, group=RTOS, mode=CMSIS_V1, owner=FREERTOS
2025-12-29 10:57:11,475 [INFO] RtosManager:558 - Registered RTOS mode: class=CMSIS, group=RTOS2, mode=CMSIS_V2, owner=FREERTOS
2025-12-29 10:57:11,475 [INFO] RtosManager:558 - Registered RTOS mode: class=RTOS, group=Core, mode=CMSIS_V1, owner=FREERTOS
2025-12-29 10:57:11,475 [INFO] RtosManager:558 - Registered RTOS mode: class=RTOS, group=Core, mode=CMSIS_V2, owner=FREERTOS
2025-12-29 10:57:11,475 [WARN] ModelIntegratedComponent:184 - Missing modes for component STMicroelectronics:FreeRTOS:0.0.1:STMicroelectronics:RTOS:FreeRTOS:Core:::10.2.0:
2025-12-29 10:57:11,500 [WARN] ModelIntegratedComponent:63 - No mode defined for component null
2025-12-29 10:57:11,500 [WARN] ModelIntegratedComponent:63 - No mode defined for component null
2025-12-29 10:57:11,500 [WARN] ModelIntegratedComponent:63 - No mode defined for component null
2025-12-29 10:57:11,500 [WARN] ModelIntegratedComponent:63 - No mode defined for component null
2025-12-29 10:57:11,500 [WARN] ModelIntegratedComponent:63 - No mode defined for component null
2025-12-29 10:57:11,500 [WARN] ModelIntegratedComponent:63 - No mode defined for component null
2025-12-29 10:57:11,500 [WARN] ModelIntegratedComponent:63 - No mode defined for component null
2025-12-29 10:57:11,500 [WARN] ModelIntegratedComponent:63 - No mode defined for component null
2025-12-29 10:57:11,500 [WARN] ModelIntegratedComponent:63 - No mode defined for component null
2025-12-29 10:57:11,500 [WARN] ModelIntegratedComponent:63 - No mode defined for component null
2025-12-29 10:57:11,500 [WARN] ModelIntegratedComponent:63 - No mode defined for component null
2025-12-29 10:57:11,500 [WARN] ModelIntegratedComponent:63 - No mode defined for component null
2025-12-29 10:57:11,500 [WARN] ModelIntegratedComponent:63 - No mode defined for component null
2025-12-29 10:57:11,500 [WARN] ModelIntegratedComponent:63 - No mode defined for component null
2025-12-29 10:57:11,500 [WARN] ModelIntegratedComponent:63 - No mode defined for component null
2025-12-29 10:57:11,500 [WARN] ModelIntegratedComponent:63 - No mode defined for component null
2025-12-29 10:57:11,500 [WARN] ModelIntegratedComponent:63 - No mode defined for component null
2025-12-29 10:57:11,500 [WARN] ModelIntegratedComponent:63 - No mode defined for component null
2025-12-29 10:57:11,500 [WARN] ModelIntegratedComponent:63 - No mode defined for component null
2025-12-29 10:57:11,500 [WARN] ModelIntegratedComponent:63 - No mode defined for component null
2025-12-29 10:57:11,500 [WARN] ModelIntegratedComponent:63 - No mode defined for component null
2025-12-29 10:57:11,500 [WARN] ModelIntegratedComponent:63 - No mode defined for component null
2025-12-29 10:57:11,500 [WARN] ModelIntegratedComponent:63 - No mode defined for component null
2025-12-29 10:57:11,501 [WARN] ModelIntegratedComponent:63 - No mode defined for component null
2025-12-29 10:57:11,501 [WARN] ModelIntegratedComponent:63 - No mode defined for component null
2025-12-29 10:57:11,501 [WARN] ModelIntegratedComponent:63 - No mode defined for component null
2025-12-29 10:57:11,501 [WARN] ModelIntegratedComponent:63 - No mode defined for component null
2025-12-29 10:57:11,501 [WARN] ModelIntegratedComponent:63 - No mode defined for component null
2025-12-29 10:57:11,501 [WARN] ModelIntegratedComponent:63 - No mode defined for component null
2025-12-29 10:57:11,501 [WARN] ModelIntegratedComponent:63 - No mode defined for component null
2025-12-29 10:57:11,501 [WARN] ModelIntegratedComponent:63 - No mode defined for component null
2025-12-29 10:57:11,501 [WARN] ModelIntegratedComponent:63 - No mode defined for component null
2025-12-29 10:57:11,501 [WARN] ModelIntegratedComponent:63 - No mode defined for component null
2025-12-29 10:57:11,501 [WARN] ModelIntegratedComponent:63 - No mode defined for component null
2025-12-29 10:57:11,501 [WARN] ModelIntegratedComponent:63 - No mode defined for component null
2025-12-29 10:57:11,501 [WARN] ModelPack:524 - Component already loaded: STMicroelectronics:HAL Drivers:0.0.0:STMicroelectronics:Device:STMicro_Driver:XSPI:HAL::0.0.1:HAL_XSPI
2025-12-29 10:57:11,546 [INFO] ThirdPartyModel:298 - Start build external matchings
2025-12-29 10:57:11,644 [INFO] ThirdPartyModel:316 - End build external matchings
2025-12-29 10:57:12,221 [INFO] UtilMem:75 - End LoadConfig() Used Memory: 828210880 Bytes (1073741824)
2025-12-29 10:57:12,307 [WARN] ThirdParty:833 - waiting for thirdparty lock release [change project]
2025-12-29 10:57:12,308 [INFO] ThirdParty:835 - entering critical section [change project]
2025-12-29 10:57:12,308 [INFO] ThirdParty:1030 - CMSIS Pack Vendor :STMicroelectronics X-CUBE-PM33A1 1.0.0
2025-12-29 10:57:12,308 [INFO] ThirdParty:1030 - CMSIS Pack Vendor :STMicroelectronics USBPD 4.1
2025-12-29 10:57:12,308 [INFO] ThirdParty:1030 - CMSIS Pack Vendor :STMicroelectronics X-CUBE-NFC9 1.0.0
2025-12-29 10:57:12,308 [INFO] ThirdParty:1030 - CMSIS Pack Vendor :STMicroelectronics USB_HOST 2.0.0
2025-12-29 10:57:12,308 [INFO] ThirdParty:1030 - CMSIS Pack Vendor :STMicroelectronics FP-SNS-MOTENVWB1 1.4.0
2025-12-29 10:57:12,308 [INFO] ThirdParty:1030 - CMSIS Pack Vendor :STMicroelectronics X-CUBE-AZRTOS-F4 1.1.0
2025-12-29 10:57:12,308 [INFO] ThirdParty:1030 - CMSIS Pack Vendor :STMicroelectronics LIBJPEG 8.0.0
2025-12-29 10:57:12,308 [INFO] ThirdParty:1030 - CMSIS Pack Vendor :STMicroelectronics FP-ATR-ASTRA1 2.0.2
2025-12-29 10:57:12,308 [INFO] ThirdParty:1030 - CMSIS Pack Vendor :STMicroelectronics X-CUBE-BLE1 7.1.0
2025-12-29 10:57:12,308 [INFO] ThirdParty:1030 - CMSIS Pack Vendor :STMicroelectronics X-CUBE-SMBUS 2.1.0
2025-12-29 10:57:12,308 [INFO] ThirdParty:1030 - CMSIS Pack Vendor :STMicroelectronics USB_DEVICE 3.0.0
2025-12-29 10:57:12,308 [INFO] ThirdParty:1030 - CMSIS Pack Vendor :STMicroelectronics X-CUBE-ISPU 2.1.0
2025-12-29 10:57:12,308 [INFO] ThirdParty:1030 - CMSIS Pack Vendor :STMicroelectronics X-CUBE-AZRTOS-WB 2.0.0
2025-12-29 10:57:12,308 [INFO] ThirdParty:1030 - CMSIS Pack Vendor :STMicroelectronics X-CUBE-AZRTOS-F7 1.1.0
2025-12-29 10:57:12,308 [INFO] ThirdParty:1030 - CMSIS Pack Vendor :STMicroelectronics X-CUBE-AZRTOS-L5 2.0.0
2025-12-29 10:57:12,308 [INFO] ThirdParty:1030 - CMSIS Pack Vendor :STMicroelectronics USB_DEVICE 2.0.0
2025-12-29 10:57:12,308 [INFO] ThirdParty:1030 - CMSIS Pack Vendor :STMicroelectronics X-CUBE-NFC6 3.1.0
2025-12-29 10:57:12,308 [INFO] ThirdParty:1030 - CMSIS Pack Vendor :STMicroelectronics FreeRTOS 0.0.1
2025-12-29 10:57:12,308 [INFO] ThirdParty:1030 - CMSIS Pack Vendor :STMicroelectronics X-CUBE-AZRTOS-G0 1.1.0
2025-12-29 10:57:12,308 [INFO] ThirdParty:1030 - CMSIS Pack Vendor :STMicroelectronics X-CUBE-NFC4 3.0.0
2025-12-29 10:57:12,308 [INFO] ThirdParty:1030 - CMSIS Pack Vendor :STMicroelectronics X-CUBE-SUBG2 5.0.0
2025-12-29 10:57:12,308 [INFO] ThirdParty:1030 - CMSIS Pack Vendor :STMicroelectronics STM32_WPAN 1.0.0
2025-12-29 10:57:12,308 [INFO] ThirdParty:1030 - CMSIS Pack Vendor :STMicroelectronics lwIP 2.0.3
2025-12-29 10:57:12,308 [INFO] ThirdParty:1030 - CMSIS Pack Vendor :STMicroelectronics USB_HOST 1.0.0
2025-12-29 10:57:12,308 [INFO] ThirdParty:1030 - CMSIS Pack Vendor :STMicroelectronics X-CUBE-AZRTOS-G4 2.0.0
2025-12-29 10:57:12,308 [INFO] ThirdParty:1030 - CMSIS Pack Vendor :STMicroelectronics X-CUBE-WB05N 2.0.0
2025-12-29 10:57:12,308 [INFO] ThirdParty:1030 - CMSIS Pack Vendor :STMicroelectronics PDM2PCM 3.1.0
2025-12-29 10:57:12,308 [INFO] ThirdParty:1030 - CMSIS Pack Vendor :STMicroelectronics PDM2PCM 3.3.0
2025-12-29 10:57:12,308 [INFO] ThirdParty:1030 - CMSIS Pack Vendor :STMicroelectronics X-CUBE-DISPLAY 3.0.0
2025-12-29 10:57:12,308 [INFO] ThirdParty:1030 - CMSIS Pack Vendor :STMicroelectronics X-CUBE-NFC7 2.0.0
2025-12-29 10:57:12,308 [INFO] ThirdParty:1030 - CMSIS Pack Vendor :STMicroelectronics X-CUBE-TCPP 4.2.0
2025-12-29 10:57:12,308 [INFO] ThirdParty:1030 - CMSIS Pack Vendor :STMicroelectronics FP-ATR-SIGFOX1 3.2.0
2025-12-29 10:57:12,308 [INFO] ThirdParty:1030 - CMSIS Pack Vendor :STMicroelectronics X-CUBE-NFC10 1.0.0
2025-12-29 10:57:12,308 [INFO] ThirdParty:1030 - CMSIS Pack Vendor :STMicroelectronics HAL Drivers 0.0.0
2025-12-29 10:57:12,309 [INFO] ThirdParty:1030 - CMSIS Pack Vendor :STMicroelectronics MBEDTLS 2.16.2
2025-12-29 10:57:12,309 [INFO] ThirdParty:1030 - CMSIS Pack Vendor :STMicroelectronics X-CUBE-ALS 1.0.2
2025-12-29 10:57:12,309 [INFO] ThirdParty:1030 - CMSIS Pack Vendor :STMicroelectronics MBEDTLS 2.14.1
2025-12-29 10:57:12,309 [INFO] ThirdParty:1030 - CMSIS Pack Vendor :STMicroelectronics ThreadX 1.0.0
2025-12-29 10:57:12,309 [INFO] ThirdParty:1030 - CMSIS Pack Vendor :STMicroelectronics FP-SNS-SMARTAG2 1.2.0
2025-12-29 10:57:12,309 [INFO] ThirdParty:1030 - CMSIS Pack Vendor :STMicroelectronics FP-SNS-FLIGHT1 5.1.0
2025-12-29 10:57:12,309 [INFO] ThirdParty:1030 - CMSIS Pack Vendor :STMicroelectronics X-CUBE-AZRTOS-WL 2.0.0
2025-12-29 10:57:12,309 [INFO] ThirdParty:1030 - CMSIS Pack Vendor :STMicroelectronics X-CUBE-ALGOBUILD 1.4.0
2025-12-29 10:57:12,309 [INFO] ThirdParty:1030 - CMSIS Pack Vendor :STMicroelectronics X-CUBE-DPower 1.3.0
2025-12-29 10:57:12,309 [INFO] ThirdParty:1030 - CMSIS Pack Vendor :STMicroelectronics USB_DEVICE 1.0.0
2025-12-29 10:57:12,309 [INFO] ThirdParty:1030 - CMSIS Pack Vendor :STMicroelectronics X-CUBE-AZRTOS-L4 2.0.0
2025-12-29 10:57:12,309 [INFO] ThirdParty:1030 - CMSIS Pack Vendor :STMicroelectronics ThreadX 0.0.2
2025-12-29 10:57:12,309 [INFO] ThirdParty:1030 - CMSIS Pack Vendor :STMicroelectronics lwIP 2.1.2
2025-12-29 10:57:12,309 [INFO] ThirdParty:1030 - CMSIS Pack Vendor :STMicroelectronics X-CUBE-SFXS2LP1 4.0.0
2025-12-29 10:57:12,309 [INFO] ThirdParty:1030 - CMSIS Pack Vendor :STMicroelectronics X-CUBE-BLE2 3.3.0
2025-12-29 10:57:12,309 [INFO] ThirdParty:1030 - CMSIS Pack Vendor :STMicroelectronics X-CUBE-TOF1 3.4.3
2025-12-29 10:57:12,309 [INFO] ThirdParty:1030 - CMSIS Pack Vendor :STMicroelectronics PDM2PCM 3.2.0
2025-12-29 10:57:12,309 [INFO] ThirdParty:841 - exiting critical section [change project]
2025-12-29 10:57:12,673 [INFO] PinOutPanel:1589 - setPackage(No Configuration,No Configuration)
2025-12-29 10:57:12,675 [INFO] PinOutPanel:1589 - setPackage(STM32F407VGTx,LQFP100)
2025-12-29 10:57:13,110 [INFO] UtilMem:75 - Before build in PCC Used Memory: 728115848 Bytes (1073741824)
2025-12-29 10:57:13,692 [INFO] UtilMem:75 - After build in PCC Used Memory: 774253192 Bytes (1073741824)
2025-12-29 10:57:13,724 [INFO] IPUIPlugin:80 - create IPUIPlugin
2025-12-29 10:57:13,724 [INFO] IPUIPlugin:80 - create IPUIPlugin
2025-12-29 10:57:13,724 [INFO] IPUIPlugin:80 - create IPUIPlugin
2025-12-29 10:57:13,724 [INFO] IPUIPlugin:80 - create IPUIPlugin
2025-12-29 10:57:13,724 [INFO] IPUIPlugin:80 - create IPUIPlugin
2025-12-29 10:57:13,725 [INFO] IPUIPlugin:80 - create IPUIPlugin
2025-12-29 10:57:13,725 [INFO] IPUIPlugin:80 - create IPUIPlugin
2025-12-29 10:57:13,725 [INFO] IPUIPlugin:80 - create IPUIPlugin
2025-12-29 10:57:13,725 [INFO] IPUIPlugin:80 - create IPUIPlugin
2025-12-29 10:57:13,725 [INFO] IPUIPlugin:80 - create IPUIPlugin
2025-12-29 10:57:13,725 [INFO] IPUIPlugin:80 - create IPUIPlugin
2025-12-29 10:57:13,726 [INFO] IPUIPlugin:80 - create IPUIPlugin
2025-12-29 10:57:13,726 [INFO] IPUIPlugin:80 - create IPUIPlugin
2025-12-29 10:57:13,726 [INFO] IPUIPlugin:80 - create IPUIPlugin
2025-12-29 10:57:13,726 [INFO] IPUIPlugin:80 - create IPUIPlugin
2025-12-29 10:57:13,726 [INFO] IPUIPlugin:80 - create IPUIPlugin
2025-12-29 10:57:13,726 [INFO] IPUIPlugin:80 - create IPUIPlugin
2025-12-29 10:57:13,726 [INFO] IPUIPlugin:80 - create IPUIPlugin
2025-12-29 10:57:13,726 [INFO] IPUIPlugin:80 - create IPUIPlugin
2025-12-29 10:57:13,726 [INFO] IPUIPlugin:80 - create IPUIPlugin
2025-12-29 10:57:13,727 [INFO] IPUIPlugin:80 - create IPUIPlugin
2025-12-29 10:57:13,727 [INFO] IPUIPlugin:80 - create IPUIPlugin
2025-12-29 10:57:13,727 [INFO] IPUIPlugin:80 - create IPUIPlugin
2025-12-29 10:57:13,727 [INFO] IPUIPlugin:80 - create IPUIPlugin
2025-12-29 10:57:13,728 [INFO] IPUIPlugin:80 - create IPUIPlugin
2025-12-29 10:57:13,728 [INFO] IPUIPlugin:80 - create IPUIPlugin
2025-12-29 10:57:13,728 [INFO] IPUIPlugin:80 - create IPUIPlugin
2025-12-29 10:57:13,729 [INFO] IPUIPlugin:80 - create IPUIPlugin
2025-12-29 10:57:13,729 [INFO] IPUIPlugin:80 - create IPUIPlugin
2025-12-29 10:57:13,729 [INFO] IPUIPlugin:80 - create IPUIPlugin
2025-12-29 10:57:13,730 [INFO] IPUIPlugin:80 - create IPUIPlugin
2025-12-29 10:57:13,730 [INFO] IPUIPlugin:80 - create IPUIPlugin
2025-12-29 10:57:13,732 [INFO] IPUIPlugin:80 - create IPUIPlugin
2025-12-29 10:57:13,732 [INFO] IPUIPlugin:80 - create IPUIPlugin
2025-12-29 10:57:13,732 [INFO] IPUIPlugin:80 - create IPUIPlugin
2025-12-29 10:57:13,732 [INFO] IPUIPlugin:80 - create IPUIPlugin
2025-12-29 10:57:13,732 [INFO] IPUIPlugin:80 - create IPUIPlugin
2025-12-29 10:57:13,733 [INFO] IPUIPlugin:80 - create IPUIPlugin
2025-12-29 10:57:13,733 [INFO] IPUIPlugin:80 - create IPUIPlugin
2025-12-29 10:57:13,733 [INFO] IPUIPlugin:80 - create IPUIPlugin
2025-12-29 10:57:13,733 [INFO] IPUIPlugin:80 - create IPUIPlugin
2025-12-29 10:57:13,733 [INFO] IPUIPlugin:80 - create IPUIPlugin
2025-12-29 10:57:13,734 [INFO] IPUIPlugin:80 - create IPUIPlugin
2025-12-29 10:57:13,734 [INFO] IPUIPlugin:80 - create IPUIPlugin
2025-12-29 10:57:13,734 [INFO] IPUIPlugin:80 - create IPUIPlugin
2025-12-29 10:57:13,735 [INFO] IPUIPlugin:80 - create IPUIPlugin
2025-12-29 10:57:13,735 [INFO] IPUIPlugin:80 - create IPUIPlugin
2025-12-29 10:57:13,735 [INFO] IPUIPlugin:80 - create IPUIPlugin
2025-12-29 10:57:13,736 [INFO] IPUIPlugin:80 - create IPUIPlugin
2025-12-29 10:57:13,736 [INFO] IPUIPlugin:80 - create IPUIPlugin
2025-12-29 10:57:13,736 [INFO] IPUIPlugin:80 - create IPUIPlugin
2025-12-29 10:57:13,737 [INFO] IPUIPlugin:80 - create IPUIPlugin
2025-12-29 10:57:13,737 [INFO] IPUIPlugin:80 - create IPUIPlugin
2025-12-29 10:57:13,738 [INFO] IPUIPlugin:80 - create IPUIPlugin
2025-12-29 10:57:13,738 [INFO] IPUIPlugin:80 - create IPUIPlugin
2025-12-29 10:57:13,739 [INFO] IPUIPlugin:80 - create IPUIPlugin
2025-12-29 10:57:13,740 [INFO] IPUIPlugin:80 - create IPUIPlugin
2025-12-29 10:57:13,740 [INFO] IPUIPlugin:80 - create IPUIPlugin
2025-12-29 10:57:13,752 [INFO] ApiDbMcu:532 - Load IP Config File for PDM2PCM
2025-12-29 10:57:13,789 [INFO] CADModel:165 - CPN selected for project levelSTM32F407VGT6
2025-12-29 10:57:13,789 [INFO] CADModel:114 - Register for checkConnection events
2025-12-29 10:57:13,879 [INFO] OpenFileManager:386 - Restore cursor
2025-12-29 10:57:15,069 [INFO] UtilMem:75 - End SaveConfig() Used Memory: 864893928 Bytes (1073741824)
2025-12-29 10:57:15,206 [INFO] UtilMem:75 - End SaveConfig() Used Memory: 884816608 Bytes (1073741824)
2025-12-29 10:57:15,752 [INFO] BlockDiagram:2775 - set Specific Code input for plugin: SYS
2025-12-29 10:57:15,752 [INFO] BlockDiagram:2775 - set Specific Code input for plugin: RCC
2025-12-29 10:57:15,752 [INFO] BlockDiagram:2775 - set Specific Code input for plugin: NVIC
2025-12-29 10:57:15,752 [INFO] BlockDiagram:2775 - set Specific Code input for plugin: GPIO
2025-12-29 10:57:15,754 [INFO] CodeGenerator:892 - code generatio: config db path: C:\ST\STM32CubeIDE_1.19.0\STM32CubeIDE\plugins\com.st.stm32cube.common.mx_6.15.0.202507011659\\db\
2025-12-29 10:57:15,892 [INFO] CodeEngine:265 - oldGeneratedFile, C:\Users\aditi\OneDrive\Desktop\Sunbeam_Internship\ARM_94076_Aditi\assignment_7\code4_Numeric Counter Display\MXTmpFiles\license.tmp_save
2025-12-29 10:57:16,383 [INFO] CodeEngine:289 - Generated code: C:\Users\aditi\OneDrive\Desktop\Sunbeam_Internship\ARM_94076_Aditi\assignment_7\code4_Numeric Counter Display\MXTmpFiles\license.tmp
2025-12-29 10:57:16,503 [INFO] CodeEngine:265 - oldGeneratedFile, C:\Users\aditi\OneDrive\Desktop\Sunbeam_Internship\ARM_94076_Aditi\assignment_7\code4_Numeric Counter Display\MXTmpFiles\gpio.tmp_save
2025-12-29 10:57:16,830 [INFO] CodeEngine:289 - Generated code: C:\Users\aditi\OneDrive\Desktop\Sunbeam_Internship\ARM_94076_Aditi\assignment_7\code4_Numeric Counter Display\MXTmpFiles\gpio.tmp
2025-12-29 10:57:16,918 [INFO] CodeEngine:265 - oldGeneratedFile, C:\Users\aditi\OneDrive\Desktop\Sunbeam_Internship\ARM_94076_Aditi\assignment_7\code4_Numeric Counter Display\Core\Src\stm32f4xx_it.c_save
2025-12-29 10:57:17,460 [INFO] CodeEngine:289 - Generated code: C:\Users\aditi\OneDrive\Desktop\Sunbeam_Internship\ARM_94076_Aditi\assignment_7\code4_Numeric Counter Display\Core\Src\stm32f4xx_it.c
2025-12-29 10:57:17,472 [INFO] CodeEngine:265 - oldGeneratedFile, C:\Users\aditi\OneDrive\Desktop\Sunbeam_Internship\ARM_94076_Aditi\assignment_7\code4_Numeric Counter Display\Core\Inc\stm32f4xx_it.h_save
2025-12-29 10:57:17,599 [INFO] CodeEngine:289 - Generated code: C:\Users\aditi\OneDrive\Desktop\Sunbeam_Internship\ARM_94076_Aditi\assignment_7\code4_Numeric Counter Display\Core\Inc\stm32f4xx_it.h
2025-12-29 10:57:17,632 [INFO] CodeEngine:265 - oldGeneratedFile, C:\Users\aditi\OneDrive\Desktop\Sunbeam_Internship\ARM_94076_Aditi\assignment_7\code4_Numeric Counter Display\Core\Src\stm32f4xx_hal_msp.c_save
2025-12-29 10:57:17,789 [INFO] CodeEngine:289 - Generated code: C:\Users\aditi\OneDrive\Desktop\Sunbeam_Internship\ARM_94076_Aditi\assignment_7\code4_Numeric Counter Display\Core\Src\stm32f4xx_hal_msp.c
2025-12-29 10:57:17,806 [INFO] CodeEngine:265 - oldGeneratedFile, C:\Users\aditi\OneDrive\Desktop\Sunbeam_Internship\ARM_94076_Aditi\assignment_7\code4_Numeric Counter Display\MXTmpFiles\system.tmp_save
2025-12-29 10:57:17,928 [INFO] CodeEngine:289 - Generated code: C:\Users\aditi\OneDrive\Desktop\Sunbeam_Internship\ARM_94076_Aditi\assignment_7\code4_Numeric Counter Display\MXTmpFiles\system.tmp
2025-12-29 10:57:17,968 [INFO] CodeEngine:321 - oldGeneratedFile, C:\Users\aditi\OneDrive\Desktop\Sunbeam_Internship\ARM_94076_Aditi\assignment_7\code4_Numeric Counter Display\Core\Inc\stm32f4xx_hal_conf.h_save
2025-12-29 10:57:18,098 [INFO] CodeEngine:345 - Generated code: C:\Users\aditi\OneDrive\Desktop\Sunbeam_Internship\ARM_94076_Aditi\assignment_7\code4_Numeric Counter Display\Core\Inc\stm32f4xx_hal_conf.h
2025-12-29 10:57:18,143 [INFO] ApiDbMcu:532 - Load IP Config File for RCC
2025-12-29 10:57:18,164 [INFO] CodeEngine:265 - oldGeneratedFile, C:\Users\aditi\OneDrive\Desktop\Sunbeam_Internship\ARM_94076_Aditi\assignment_7\code4_Numeric Counter Display\Core\Inc\main.h_save
2025-12-29 10:57:18,297 [INFO] CodeEngine:289 - Generated code: C:\Users\aditi\OneDrive\Desktop\Sunbeam_Internship\ARM_94076_Aditi\assignment_7\code4_Numeric Counter Display\Core\Inc\main.h
2025-12-29 10:57:18,308 [INFO] CodeEngine:265 - oldGeneratedFile, C:\Users\aditi\OneDrive\Desktop\Sunbeam_Internship\ARM_94076_Aditi\assignment_7\code4_Numeric Counter Display\Core\Src\main.c_save
2025-12-29 10:57:18,490 [INFO] CodeEngine:289 - Generated code: C:\Users\aditi\OneDrive\Desktop\Sunbeam_Internship\ARM_94076_Aditi\assignment_7\code4_Numeric Counter Display\Core\Src\main.c
2025-12-29 10:57:20,393 [INFO] ProjectBuilder:3606 - Time for Copy HAL[1] : 1524mS.
2025-12-29 10:57:20,415 [INFO] ProjectBuilder:5216 - Project Generator version: 4.7.0-B52
2025-12-29 10:57:20,468 [INFO] ConfigFileManager:1595 - The Die is : DIE413
2025-12-29 10:57:20,471 [INFO] ApiDbMcu:532 - Load IP Config File for FATFS
2025-12-29 10:57:20,476 [INFO] ApiDbMcu:532 - Load IP Config File for FREERTOS
2025-12-29 10:57:20,479 [INFO] ApiDbMcu:532 - Load IP Config File for LIBJPEG
2025-12-29 10:57:20,483 [INFO] ApiDbMcu:532 - Load IP Config File for LWIP
2025-12-29 10:57:20,486 [INFO] ApiDbMcu:532 - Load IP Config File for MBEDTLS
2025-12-29 10:57:20,493 [INFO] ApiDbMcu:532 - Load IP Config File for USB_DEVICE
2025-12-29 10:57:20,497 [INFO] ApiDbMcu:532 - Load IP Config File for USB_HOST
2025-12-29 10:57:23,417 [INFO] ProjectBuilder:5496 - Time for Generating toolchain IDE Files: 3002mS.
2025-12-29 10:57:23,420 [INFO] ProjectBuilder:3463 - Time for Copy CMSIS : 3mS.
2025-12-29 10:57:23,433 [INFO] ProjectBuilder:3463 - Time for Copy CMSIS : 0mS.
2025-12-29 10:57:24,835 [INFO] McuFinderGlobals:76 - Set McuFinderConnectedMode to true
2025-12-29 10:57:24,840 [INFO] ApiDb:448 - Save user favorites file C:\Users\aditi/.stm32cubeide/favorites.mcus.txt: 0 item(s)
2025-12-29 10:57:24,840 [INFO] ApiDb:452 - User favorites MCUs=[]
2025-12-29 10:57:24,843 [INFO] ApiDb:448 - Save user favorites file C:\Users\aditi/.stm32cubeide/favorites.boards.txt: 1 item(s)
2025-12-29 10:57:24,845 [INFO] ApiDb:452 - User favorites Boards=[STM32F407G-DISC1]
2025-12-29 10:57:44,282 [INFO] UtilMem:75 - End SaveConfig() Used Memory: 789308160 Bytes (1073741824)
2025-12-29 10:57:46,084 [INFO] UtilMem:75 - End SaveConfig() Used Memory: 829676288 Bytes (1073741824)
2025-12-29 10:57:46,481 [INFO] UtilMem:75 - End SaveConfig() Used Memory: 861133568 Bytes (1073741824)
2025-12-29 10:57:47,177 [INFO] BlockDiagram:2775 - set Specific Code input for plugin: SYS
2025-12-29 10:57:47,177 [INFO] BlockDiagram:2775 - set Specific Code input for plugin: RCC
2025-12-29 10:57:47,177 [INFO] BlockDiagram:2775 - set Specific Code input for plugin: NVIC
2025-12-29 10:57:47,177 [INFO] BlockDiagram:2775 - set Specific Code input for plugin: GPIO
2025-12-29 10:57:47,180 [INFO] CodeGenerator:892 - code generatio: config db path: C:\ST\STM32CubeIDE_1.19.0\STM32CubeIDE\plugins\com.st.stm32cube.common.mx_6.15.0.202507011659\\db\
2025-12-29 10:57:47,277 [INFO] CodeEngine:265 - oldGeneratedFile, C:\Users\aditi\OneDrive\Desktop\Sunbeam_Internship\ARM_94076_Aditi\assignment_7\code4_Numeric Counter Display\MXTmpFiles\license.tmp_save
2025-12-29 10:57:47,578 [INFO] CodeEngine:289 - Generated code: C:\Users\aditi\OneDrive\Desktop\Sunbeam_Internship\ARM_94076_Aditi\assignment_7\code4_Numeric Counter Display\MXTmpFiles\license.tmp
2025-12-29 10:57:47,630 [INFO] CodeEngine:265 - oldGeneratedFile, C:\Users\aditi\OneDrive\Desktop\Sunbeam_Internship\ARM_94076_Aditi\assignment_7\code4_Numeric Counter Display\MXTmpFiles\gpio.tmp_save
2025-12-29 10:57:47,827 [INFO] CodeEngine:289 - Generated code: C:\Users\aditi\OneDrive\Desktop\Sunbeam_Internship\ARM_94076_Aditi\assignment_7\code4_Numeric Counter Display\MXTmpFiles\gpio.tmp
2025-12-29 10:57:47,887 [INFO] CodeEngine:265 - oldGeneratedFile, C:\Users\aditi\OneDrive\Desktop\Sunbeam_Internship\ARM_94076_Aditi\assignment_7\code4_Numeric Counter Display\Core\Src\stm32f4xx_it.c_save
2025-12-29 10:57:48,127 [INFO] CodeEngine:289 - Generated code: C:\Users\aditi\OneDrive\Desktop\Sunbeam_Internship\ARM_94076_Aditi\assignment_7\code4_Numeric Counter Display\Core\Src\stm32f4xx_it.c
2025-12-29 10:57:48,166 [INFO] CodeEngine:265 - oldGeneratedFile, C:\Users\aditi\OneDrive\Desktop\Sunbeam_Internship\ARM_94076_Aditi\assignment_7\code4_Numeric Counter Display\Core\Inc\stm32f4xx_it.h_save
2025-12-29 10:57:48,345 [INFO] CodeEngine:289 - Generated code: C:\Users\aditi\OneDrive\Desktop\Sunbeam_Internship\ARM_94076_Aditi\assignment_7\code4_Numeric Counter Display\Core\Inc\stm32f4xx_it.h
2025-12-29 10:57:48,401 [INFO] CodeEngine:265 - oldGeneratedFile, C:\Users\aditi\OneDrive\Desktop\Sunbeam_Internship\ARM_94076_Aditi\assignment_7\code4_Numeric Counter Display\Core\Src\stm32f4xx_hal_msp.c_save
2025-12-29 10:57:48,539 [INFO] CodeEngine:289 - Generated code: C:\Users\aditi\OneDrive\Desktop\Sunbeam_Internship\ARM_94076_Aditi\assignment_7\code4_Numeric Counter Display\Core\Src\stm32f4xx_hal_msp.c
2025-12-29 10:57:48,555 [INFO] CodeEngine:265 - oldGeneratedFile, C:\Users\aditi\OneDrive\Desktop\Sunbeam_Internship\ARM_94076_Aditi\assignment_7\code4_Numeric Counter Display\MXTmpFiles\system.tmp_save
2025-12-29 10:57:48,643 [INFO] CodeEngine:289 - Generated code: C:\Users\aditi\OneDrive\Desktop\Sunbeam_Internship\ARM_94076_Aditi\assignment_7\code4_Numeric Counter Display\MXTmpFiles\system.tmp
2025-12-29 10:57:48,691 [INFO] CodeEngine:321 - oldGeneratedFile, C:\Users\aditi\OneDrive\Desktop\Sunbeam_Internship\ARM_94076_Aditi\assignment_7\code4_Numeric Counter Display\Core\Inc\stm32f4xx_hal_conf.h_save
2025-12-29 10:57:48,794 [INFO] CodeEngine:345 - Generated code: C:\Users\aditi\OneDrive\Desktop\Sunbeam_Internship\ARM_94076_Aditi\assignment_7\code4_Numeric Counter Display\Core\Inc\stm32f4xx_hal_conf.h
2025-12-29 10:57:48,929 [INFO] CodeEngine:265 - oldGeneratedFile, C:\Users\aditi\OneDrive\Desktop\Sunbeam_Internship\ARM_94076_Aditi\assignment_7\code4_Numeric Counter Display\Core\Inc\main.h_save
2025-12-29 10:57:49,040 [INFO] CodeEngine:289 - Generated code: C:\Users\aditi\OneDrive\Desktop\Sunbeam_Internship\ARM_94076_Aditi\assignment_7\code4_Numeric Counter Display\Core\Inc\main.h
2025-12-29 10:57:49,060 [INFO] CodeEngine:265 - oldGeneratedFile, C:\Users\aditi\OneDrive\Desktop\Sunbeam_Internship\ARM_94076_Aditi\assignment_7\code4_Numeric Counter Display\Core\Src\main.c_save
2025-12-29 10:57:49,309 [INFO] CodeEngine:289 - Generated code: C:\Users\aditi\OneDrive\Desktop\Sunbeam_Internship\ARM_94076_Aditi\assignment_7\code4_Numeric Counter Display\Core\Src\main.c
2025-12-29 10:57:51,070 [INFO] ProjectBuilder:3606 - Time for Copy HAL[1] : 1496mS.
2025-12-29 10:57:51,079 [INFO] ProjectBuilder:5216 - Project Generator version: 4.7.0-B52
2025-12-29 10:57:51,153 [INFO] ConfigFileManager:1595 - The Die is : DIE413
2025-12-29 10:57:53,261 [INFO] ProjectBuilder:5496 - Time for Generating toolchain IDE Files: 2184mS.
2025-12-29 10:57:53,263 [INFO] ProjectBuilder:3463 - Time for Copy CMSIS : 1mS.
2025-12-29 10:57:53,282 [INFO] ProjectBuilder:3463 - Time for Copy CMSIS : 0mS.
2025-12-29 11:06:29,602 [WARN] IP:2250 - I2C_Coeff_DF not found: check if there is a RefParameter without a condition.
2025-12-29 11:06:29,602 [WARN] IP:2250 - Analog_Filter not found: check if there is a RefParameter without a condition.
2025-12-29 11:06:29,701 [WARN] IP:2250 - I2C_Coeff_DF not found: check if there is a RefParameter without a condition.
2025-12-29 11:06:29,701 [WARN] IP:2250 - Analog_Filter not found: check if there is a RefParameter without a condition.
2025-12-29 11:06:29,703 [WARN] IP:2250 - I2C_Coeff_DF not found: check if there is a RefParameter without a condition.
2025-12-29 11:06:29,704 [WARN] IP:2250 - Analog_Filter not found: check if there is a RefParameter without a condition.
2025-12-29 11:06:30,013 [WARN] IP:2250 - I2C_Coeff_DF not found: check if there is a RefParameter without a condition.
2025-12-29 11:06:30,013 [WARN] IP:2250 - Analog_Filter not found: check if there is a RefParameter without a condition.
2025-12-29 11:06:30,018 [WARN] IP:2250 - I2C_Coeff_DF not found: check if there is a RefParameter without a condition.
2025-12-29 11:06:30,018 [WARN] IP:2250 - Analog_Filter not found: check if there is a RefParameter without a condition.
2025-12-29 11:06:30,671 [INFO] UtilMem:75 - End SaveConfig() Used Memory: 847225768 Bytes (1073741824)
2025-12-29 11:06:33,553 [INFO] UtilMem:75 - End SaveConfig() Used Memory: 877108136 Bytes (1073741824)
2025-12-29 11:06:33,921 [INFO] UtilMem:75 - End SaveConfig() Used Memory: 955229096 Bytes (1073741824)
2025-12-29 11:06:34,559 [INFO] BlockDiagram:2775 - set Specific Code input for plugin: SYS
2025-12-29 11:06:34,560 [INFO] BlockDiagram:2775 - set Specific Code input for plugin: RCC
2025-12-29 11:06:34,560 [INFO] BlockDiagram:2775 - set Specific Code input for plugin: I2C
2025-12-29 11:06:34,560 [INFO] BlockDiagram:2775 - set Specific Code input for plugin: NVIC
2025-12-29 11:06:34,561 [INFO] BlockDiagram:2775 - set Specific Code input for plugin: GPIO
2025-12-29 11:06:34,563 [INFO] CodeGenerator:892 - code generatio: config db path: C:\ST\STM32CubeIDE_1.19.0\STM32CubeIDE\plugins\com.st.stm32cube.common.mx_6.15.0.202507011659\\db\
2025-12-29 11:06:34,567 [WARN] IP:2250 - I2C_Coeff_DF not found: check if there is a RefParameter without a condition.
2025-12-29 11:06:34,567 [WARN] IP:2250 - Analog_Filter not found: check if there is a RefParameter without a condition.
2025-12-29 11:06:34,746 [INFO] CodeEngine:265 - oldGeneratedFile, C:\Users\aditi\OneDrive\Desktop\Sunbeam_Internship\ARM_94076_Aditi\assignment_7\code4_Numeric Counter Display\MXTmpFiles\license.tmp_save
2025-12-29 11:06:35,478 [INFO] CodeEngine:289 - Generated code: C:\Users\aditi\OneDrive\Desktop\Sunbeam_Internship\ARM_94076_Aditi\assignment_7\code4_Numeric Counter Display\MXTmpFiles\license.tmp
2025-12-29 11:06:35,542 [INFO] CodeEngine:265 - oldGeneratedFile, C:\Users\aditi\OneDrive\Desktop\Sunbeam_Internship\ARM_94076_Aditi\assignment_7\code4_Numeric Counter Display\MXTmpFiles\gpio.tmp_save
2025-12-29 11:06:35,767 [INFO] CodeEngine:289 - Generated code: C:\Users\aditi\OneDrive\Desktop\Sunbeam_Internship\ARM_94076_Aditi\assignment_7\code4_Numeric Counter Display\MXTmpFiles\gpio.tmp
2025-12-29 11:06:35,895 [INFO] CodeEngine:265 - oldGeneratedFile, C:\Users\aditi\OneDrive\Desktop\Sunbeam_Internship\ARM_94076_Aditi\assignment_7\code4_Numeric Counter Display\Core\Src\stm32f4xx_it.c_save
2025-12-29 11:06:36,512 [INFO] CodeEngine:289 - Generated code: C:\Users\aditi\OneDrive\Desktop\Sunbeam_Internship\ARM_94076_Aditi\assignment_7\code4_Numeric Counter Display\Core\Src\stm32f4xx_it.c
2025-12-29 11:06:36,540 [INFO] CodeEngine:265 - oldGeneratedFile, C:\Users\aditi\OneDrive\Desktop\Sunbeam_Internship\ARM_94076_Aditi\assignment_7\code4_Numeric Counter Display\Core\Inc\stm32f4xx_it.h_save
2025-12-29 11:06:36,711 [INFO] CodeEngine:289 - Generated code: C:\Users\aditi\OneDrive\Desktop\Sunbeam_Internship\ARM_94076_Aditi\assignment_7\code4_Numeric Counter Display\Core\Inc\stm32f4xx_it.h
2025-12-29 11:06:36,753 [INFO] CodeEngine:265 - oldGeneratedFile, C:\Users\aditi\OneDrive\Desktop\Sunbeam_Internship\ARM_94076_Aditi\assignment_7\code4_Numeric Counter Display\Core\Src\stm32f4xx_hal_msp.c_save
2025-12-29 11:06:36,987 [INFO] CodeEngine:289 - Generated code: C:\Users\aditi\OneDrive\Desktop\Sunbeam_Internship\ARM_94076_Aditi\assignment_7\code4_Numeric Counter Display\Core\Src\stm32f4xx_hal_msp.c
2025-12-29 11:06:37,007 [INFO] CodeEngine:265 - oldGeneratedFile, C:\Users\aditi\OneDrive\Desktop\Sunbeam_Internship\ARM_94076_Aditi\assignment_7\code4_Numeric Counter Display\MXTmpFiles\system.tmp_save
2025-12-29 11:06:37,121 [INFO] CodeEngine:289 - Generated code: C:\Users\aditi\OneDrive\Desktop\Sunbeam_Internship\ARM_94076_Aditi\assignment_7\code4_Numeric Counter Display\MXTmpFiles\system.tmp
2025-12-29 11:06:37,161 [INFO] CodeEngine:321 - oldGeneratedFile, C:\Users\aditi\OneDrive\Desktop\Sunbeam_Internship\ARM_94076_Aditi\assignment_7\code4_Numeric Counter Display\Core\Inc\stm32f4xx_hal_conf.h_save
2025-12-29 11:06:37,277 [INFO] CodeEngine:345 - Generated code: C:\Users\aditi\OneDrive\Desktop\Sunbeam_Internship\ARM_94076_Aditi\assignment_7\code4_Numeric Counter Display\Core\Inc\stm32f4xx_hal_conf.h
2025-12-29 11:06:37,323 [INFO] ApiDbMcu:532 - Load IP Config File for I2C1
2025-12-29 11:06:37,346 [INFO] CodeEngine:265 - oldGeneratedFile, C:\Users\aditi\OneDrive\Desktop\Sunbeam_Internship\ARM_94076_Aditi\assignment_7\code4_Numeric Counter Display\Core\Inc\main.h_save
2025-12-29 11:06:37,514 [INFO] CodeEngine:289 - Generated code: C:\Users\aditi\OneDrive\Desktop\Sunbeam_Internship\ARM_94076_Aditi\assignment_7\code4_Numeric Counter Display\Core\Inc\main.h
2025-12-29 11:06:37,531 [INFO] CodeEngine:265 - oldGeneratedFile, C:\Users\aditi\OneDrive\Desktop\Sunbeam_Internship\ARM_94076_Aditi\assignment_7\code4_Numeric Counter Display\Core\Src\main.c_save
2025-12-29 11:06:37,687 [INFO] CodeEngine:289 - Generated code: C:\Users\aditi\OneDrive\Desktop\Sunbeam_Internship\ARM_94076_Aditi\assignment_7\code4_Numeric Counter Display\Core\Src\main.c
2025-12-29 11:06:39,404 [INFO] ProjectBuilder:3606 - Time for Copy HAL[1] : 1497mS.
2025-12-29 11:06:39,413 [INFO] ProjectBuilder:5216 - Project Generator version: 4.7.0-B52
2025-12-29 11:06:39,489 [INFO] ConfigFileManager:1595 - The Die is : DIE413
2025-12-29 11:06:41,416 [INFO] ProjectBuilder:5496 - Time for Generating toolchain IDE Files: 2002mS.
2025-12-29 11:06:41,418 [INFO] ProjectBuilder:3463 - Time for Copy CMSIS : 2mS.
2025-12-29 11:06:41,445 [INFO] ProjectBuilder:3463 - Time for Copy CMSIS : 1mS.
