2025-12-30 14:20:17,118 [INFO] Activator:176 - 


2025-12-30 14:20:17,120 [INFO] Activator:177 - !SESSION log4j initialized
2025-12-30 14:20:18,685 [INFO] LogOutputStream:77 - [STDOUT_REDIRECT] 
2025-12-30 14:20:19,074 [ERROR] ConfigurationRetriever:142 - IOException on connection: sw-center.st.com
2025-12-30 14:20:19,075 [ERROR] ConfigurationRetriever:142 - IOException on connection: sw-center.st.com
2025-12-30 14:20:19,076 [ERROR] ConfigurationRetriever:142 - IOException on connection: sw-center.st.com
2025-12-30 14:20:20,304 [INFO] ApplicationProperties:184 - Using Application install path: C:\ST\STM32CubeIDE_1.19.0\STM32CubeIDE\plugins\com.st.stm32cube.common.mx_6.15.0.202507011659
2025-12-30 14:20:20,323 [INFO] DbMcusXml:78 - Set database path to: C:\ST\STM32CubeIDE_1.19.0\STM32CubeIDE\plugins\com.st.stm32cube.common.mx_6.15.0.202507011659\\db\/mcu/
2025-12-30 14:20:20,324 [INFO] ApiDb:274 - Set plugin database path to: C:\ST\STM32CubeIDE_1.19.0\STM32CubeIDE\plugins\com.st.stm32cube.common.mx_6.15.0.202507011659\\db\/plugins/boardmanager/
2025-12-30 14:20:20,324 [WARN] ApiDb:259 - Overriding images path with different value:  => C:\ST\STM32CubeIDE_1.19.0\STM32CubeIDE\plugins\com.st.stm32cube.common.mx_6.15.0.202507011659\\db\/plugins/mcufinder/images/
2025-12-30 14:20:20,334 [INFO] ApiDb:250 - Set database path to: C:\Users\aditi\.stmcufinder\plugins\mcufinder//mcu/
2025-12-30 14:20:20,335 [INFO] DbMcusAds:125 - Set database path to: C:\Users\aditi\.stmcufinder\plugins\mcufinder//mcu/
2025-12-30 14:20:20,338 [INFO] CrossReferenceDbSqlite:203 - Set database path to: C:\Users\aditi\.stmcufinder\plugins\mcufinder//mcu/cs/
2025-12-30 14:20:20,468 [INFO] RulesReader:64 - Compatibility file has been processed (317 Rules)
2025-12-30 14:20:20,579 [INFO] DbMcusXml:78 - Set database path to: C:\ST\STM32CubeIDE_1.19.0\STM32CubeIDE\plugins\com.st.stm32cube.common.mx_6.15.0.202507011659\\db\/mcu/
2025-12-30 14:20:20,579 [INFO] ApiDb:274 - Set plugin database path to: C:\ST\STM32CubeIDE_1.19.0\STM32CubeIDE\plugins\com.st.stm32cube.common.mx_6.15.0.202507011659\\db\/plugins/boardmanager/
2025-12-30 14:20:20,579 [INFO] ApiDb:261 - Set plugin images path to: C:\ST\STM32CubeIDE_1.19.0\STM32CubeIDE\plugins\com.st.stm32cube.common.mx_6.15.0.202507011659\\db\/plugins/mcufinder/images/
2025-12-30 14:20:20,580 [WARN] DbFile:41 - Overriding database path with different value: C:\Users\aditi\.stmcufinder\plugins\mcufinder/ => C:\Users\aditi\.stmcufinder\plugins\mcufinder
2025-12-30 14:20:20,580 [INFO] ApiDb:250 - Set database path to: C:\Users\aditi\.stmcufinder\plugins\mcufinder//mcu/
2025-12-30 14:20:20,580 [WARN] DbFile:41 - Overriding database path with different value: C:\Users\aditi\.stmcufinder\plugins\mcufinder/ => C:\Users\aditi\.stmcufinder\plugins\mcufinder
2025-12-30 14:20:20,580 [INFO] DbMcusAds:125 - Set database path to: C:\Users\aditi\.stmcufinder\plugins\mcufinder//mcu/
2025-12-30 14:20:20,580 [WARN] DbFile:41 - Overriding database path with different value: C:\Users\aditi\.stmcufinder\plugins\mcufinder/ => C:\Users\aditi\.stmcufinder\plugins\mcufinder
2025-12-30 14:20:20,580 [WARN] DbFile:41 - Overriding database path with different value: C:\Users\aditi\.stmcufinder\plugins\mcufinder/ => C:\Users\aditi\.stmcufinder\plugins\mcufinder
2025-12-30 14:20:20,580 [INFO] CrossReferenceDbSqlite:203 - Set database path to: C:\Users\aditi\.stmcufinder\plugins\mcufinder//mcu/cs/
2025-12-30 14:20:20,653 [INFO] MainPanel:274 - HeapMemory: 268435456
2025-12-30 14:20:20,764 [INFO] DbMcusXml:78 - Set database path to: C:\ST\STM32CubeIDE_1.19.0\STM32CubeIDE\plugins\com.st.stm32cube.common.mx_6.15.0.202507011659\\db\/mcu/
2025-12-30 14:20:20,764 [INFO] ApiDb:274 - Set plugin database path to: C:\ST\STM32CubeIDE_1.19.0\STM32CubeIDE\plugins\com.st.stm32cube.common.mx_6.15.0.202507011659\\db\/plugins/boardmanager/
2025-12-30 14:20:20,764 [INFO] ApiDb:261 - Set plugin images path to: C:\ST\STM32CubeIDE_1.19.0\STM32CubeIDE\plugins\com.st.stm32cube.common.mx_6.15.0.202507011659\\db\/plugins/mcufinder/images/
2025-12-30 14:20:20,764 [WARN] DbFile:41 - Overriding database path with different value: C:\Users\aditi\.stmcufinder\plugins\mcufinder/ => C:\Users\aditi\.stmcufinder\plugins\mcufinder
2025-12-30 14:20:20,765 [INFO] ApiDb:250 - Set database path to: C:\Users\aditi\.stmcufinder\plugins\mcufinder//mcu/
2025-12-30 14:20:20,765 [WARN] DbFile:41 - Overriding database path with different value: C:\Users\aditi\.stmcufinder\plugins\mcufinder/ => C:\Users\aditi\.stmcufinder\plugins\mcufinder
2025-12-30 14:20:20,765 [INFO] DbMcusAds:125 - Set database path to: C:\Users\aditi\.stmcufinder\plugins\mcufinder//mcu/
2025-12-30 14:20:20,765 [WARN] DbFile:41 - Overriding database path with different value: C:\Users\aditi\.stmcufinder\plugins\mcufinder/ => C:\Users\aditi\.stmcufinder\plugins\mcufinder
2025-12-30 14:20:20,765 [WARN] DbFile:41 - Overriding database path with different value: C:\Users\aditi\.stmcufinder\plugins\mcufinder/ => C:\Users\aditi\.stmcufinder\plugins\mcufinder
2025-12-30 14:20:20,765 [INFO] CrossReferenceDbSqlite:203 - Set database path to: C:\Users\aditi\.stmcufinder\plugins\mcufinder//mcu/cs/
2025-12-30 14:20:20,780 [INFO] ApplicationProperties:184 - Using Application install path: C:\ST\STM32CubeIDE_1.19.0\STM32CubeIDE\plugins\com.st.stm32cube.common.mx_6.15.0.202507011659
2025-12-30 14:20:20,782 [INFO] PluginManage:196 - Search for loadable plugins [exclusion list=, ]
2025-12-30 14:20:20,783 [INFO] PluginManage:310 - Check plugin analytics
2025-12-30 14:20:21,021 [INFO] AnalyticsPlugin:253 - Accepted Software Licenses: 
2025-12-30 14:20:21,021 [INFO] AnalyticsPlugin:255 - Accepted CMSIS Pack Licenses: 
2025-12-30 14:20:21,021 [INFO] AnalyticsPlugin:257 - Accepted Firmware Licenses: FW.F4.1.28.0
2025-12-30 14:20:21,026 [ERROR] ConfigurationRetriever:142 - IOException on connection: sw-center.st.com
2025-12-30 14:20:21,027 [ERROR] ConfigurationRetriever:142 - IOException on connection: sw-center.st.com
2025-12-30 14:20:21,027 [ERROR] ConfigurationRetriever:142 - IOException on connection: sw-center.st.com
2025-12-30 14:20:21,027 [INFO] PluginManage:359 - Loaded plugin analytics (category:tool,tabindex:-1)
2025-12-30 14:20:21,028 [INFO] PluginManage:310 - Check plugin cadmodel
2025-12-30 14:20:21,038 [INFO] CADModel:105 - Init CAD model plugin
2025-12-30 14:20:21,038 [INFO] PluginManage:359 - Loaded plugin cadmodel (category:power,tabindex:5)
2025-12-30 14:20:21,039 [INFO] PluginManage:310 - Check plugin clock
2025-12-30 14:20:21,055 [INFO] PluginManage:359 - Loaded plugin clock (category:base,tabindex:2)
2025-12-30 14:20:21,055 [INFO] PluginManage:310 - Check plugin ddr
2025-12-30 14:20:21,059 [INFO] PluginManage:359 - Loaded plugin ddr (category:tool,tabindex:6)
2025-12-30 14:20:21,059 [INFO] PluginManage:310 - Check plugin filemanager
2025-12-30 14:20:21,207 [INFO] PluginManage:359 - Loaded plugin filemanager (category:base,tabindex:10)
2025-12-30 14:20:21,208 [INFO] PluginManage:310 - Check plugin ipmanager
2025-12-30 14:20:21,213 [INFO] PluginManage:359 - Loaded plugin ipmanager (category:base,tabindex:5)
2025-12-30 14:20:21,214 [INFO] PluginManage:310 - Check plugin lpbam
2025-12-30 14:20:21,221 [INFO] PluginManage:359 - Loaded plugin lpbam (category:base,tabindex:0)
2025-12-30 14:20:21,221 [INFO] PluginManage:310 - Check plugin memorymap
2025-12-30 14:20:21,237 [INFO] PluginManage:359 - Loaded plugin memorymap (category:base,tabindex:4)
2025-12-30 14:20:21,237 [INFO] PluginManage:310 - Check plugin pinoutandconfiguration
2025-12-30 14:20:21,245 [INFO] PluginManage:359 - Loaded plugin pinoutandconfiguration (category:base,tabindex:1)
2025-12-30 14:20:21,245 [INFO] PluginManage:310 - Check plugin pinoutconfig
2025-12-30 14:20:21,313 [WARN] SupportedApi:132 - Cannot load RTOS API schema: s4s-elt-must-match.1: The content of 'definitions' must match (annotation?, (simpleType | complexType)?, (unique | key | keyref)*)). A problem was found starting at: attribute.
2025-12-30 14:20:21,432 [INFO] PluginManage:359 - Loaded plugin pinoutconfig (category:base,tabindex:0)
2025-12-30 14:20:21,432 [INFO] PluginManage:310 - Check plugin power
2025-12-30 14:20:21,440 [INFO] PluginManage:359 - Loaded plugin power (category:power,tabindex:4)
2025-12-30 14:20:21,440 [INFO] PluginManage:310 - Check plugin projectmanager
2025-12-30 14:20:21,454 [INFO] PluginManage:359 - Loaded plugin projectmanager (category:projectmanager,tabindex:4)
2025-12-30 14:20:21,454 [INFO] PluginManage:310 - Check plugin rif
2025-12-30 14:20:21,463 [INFO] PluginManage:359 - Loaded plugin rif (category:base,tabindex:3)
2025-12-30 14:20:21,463 [INFO] PluginManage:310 - Check plugin thirdparty
2025-12-30 14:20:21,583 [INFO] PluginManage:359 - Loaded plugin thirdparty (category:base,tabindex:-1)
2025-12-30 14:20:21,583 [WARN] IntegrityCheckThread:84 - waiting for thirdparty lock release [integrity check]
2025-12-30 14:20:21,583 [INFO] PluginManage:310 - Check plugin tools
2025-12-30 14:20:21,584 [INFO] IntegrityCheckThread:86 - entering critical section [integrity check]
2025-12-30 14:20:21,584 [INFO] ThirdPartyUpdaterWithRetryManager:70 - Updater plugin not ready yet. [1/15]
2025-12-30 14:20:21,586 [INFO] PluginManage:359 - Loaded plugin tools (category:base,tabindex:7)
2025-12-30 14:20:21,586 [INFO] PluginManage:310 - Check plugin tutovideos
2025-12-30 14:20:21,742 [INFO] PluginManage:359 - Loaded plugin tutovideos (category:base,tabindex:-1)
2025-12-30 14:20:21,742 [INFO] PluginManage:310 - Check plugin updater
2025-12-30 14:20:21,760 [INFO] PluginManage:359 - Loaded plugin updater (category:base,tabindex:12)
2025-12-30 14:20:21,760 [INFO] PluginManage:310 - Check plugin userauth
2025-12-30 14:20:21,764 [INFO] UserAuth:118 - Init User Auth plugin
2025-12-30 14:20:21,764 [INFO] PluginManage:359 - Loaded plugin userauth (category:base,tabindex:14)
2025-12-30 14:20:21,765 [INFO] PluginManage:283 - PluginManage : Loaded plugins [18]
2025-12-30 14:20:21,926 [INFO] PinOutPanel:1589 - setPackage(No Configuration,No Configuration)
2025-12-30 14:20:22,005 [INFO] CADModel:165 - CPN selected for project level
2025-12-30 14:20:22,005 [INFO] CADModel:114 - Register for checkConnection events
2025-12-30 14:20:22,025 [INFO] IPUIPlugin:80 - create IPUIPlugin
2025-12-30 14:20:22,025 [INFO] PluginManager:220 - loadIPPluginJar : add adc
2025-12-30 14:20:22,029 [INFO] IPUIPlugin:80 - create IPUIPlugin
2025-12-30 14:20:22,029 [INFO] PluginManager:220 - loadIPPluginJar : add aes
2025-12-30 14:20:22,032 [INFO] IPUIPlugin:80 - create IPUIPlugin
2025-12-30 14:20:22,032 [INFO] PluginManager:220 - loadIPPluginJar : add can
2025-12-30 14:20:22,034 [INFO] IPUIPlugin:80 - create IPUIPlugin
2025-12-30 14:20:22,035 [INFO] PluginManager:220 - loadIPPluginJar : add comp
2025-12-30 14:20:22,038 [INFO] IPUIPlugin:80 - create IPUIPlugin
2025-12-30 14:20:22,038 [INFO] PluginManager:220 - loadIPPluginJar : add cryp
2025-12-30 14:20:22,041 [INFO] IPUIPlugin:80 - create IPUIPlugin
2025-12-30 14:20:22,042 [INFO] PluginManager:220 - loadIPPluginJar : add ddr_ctrl_phy
2025-12-30 14:20:22,045 [INFO] IPUIPlugin:80 - create IPUIPlugin
2025-12-30 14:20:22,045 [INFO] PluginManager:220 - loadIPPluginJar : add dfsdm
2025-12-30 14:20:22,050 [INFO] IPUIPlugin:80 - create IPUIPlugin
2025-12-30 14:20:22,050 [INFO] PluginManager:220 - loadIPPluginJar : add dma
2025-12-30 14:20:22,053 [INFO] IPUIPlugin:80 - create IPUIPlugin
2025-12-30 14:20:22,053 [INFO] PluginManager:220 - loadIPPluginJar : add dma3
2025-12-30 14:20:22,056 [INFO] IPUIPlugin:80 - create IPUIPlugin
2025-12-30 14:20:22,056 [INFO] PluginManager:220 - loadIPPluginJar : add extmemmanager
2025-12-30 14:20:22,058 [INFO] IPUIPlugin:80 - create IPUIPlugin
2025-12-30 14:20:22,058 [INFO] PluginManager:220 - loadIPPluginJar : add fatfs
2025-12-30 14:20:22,062 [INFO] IPUIPlugin:80 - create IPUIPlugin
2025-12-30 14:20:22,063 [INFO] PluginManager:220 - loadIPPluginJar : add fmc
2025-12-30 14:20:22,069 [INFO] IPUIPlugin:80 - create IPUIPlugin
2025-12-30 14:20:22,069 [INFO] PluginManager:220 - loadIPPluginJar : add freertos
2025-12-30 14:20:22,071 [INFO] IPUIPlugin:80 - create IPUIPlugin
2025-12-30 14:20:22,071 [INFO] PluginManager:220 - loadIPPluginJar : add genericplugin
2025-12-30 14:20:22,074 [INFO] IPUIPlugin:80 - create IPUIPlugin
2025-12-30 14:20:22,074 [INFO] PluginManager:220 - loadIPPluginJar : add gfxmmu
2025-12-30 14:20:22,078 [INFO] IPUIPlugin:80 - create IPUIPlugin
2025-12-30 14:20:22,078 [INFO] PluginManager:220 - loadIPPluginJar : add gic
2025-12-30 14:20:22,082 [INFO] IPUIPlugin:80 - create IPUIPlugin
2025-12-30 14:20:22,083 [INFO] PluginManager:220 - loadIPPluginJar : add gpio
2025-12-30 14:20:22,085 [INFO] IPUIPlugin:80 - create IPUIPlugin
2025-12-30 14:20:22,086 [INFO] PluginManager:220 - loadIPPluginJar : add gtzc
2025-12-30 14:20:22,089 [INFO] IPUIPlugin:80 - create IPUIPlugin
2025-12-30 14:20:22,089 [INFO] PluginManager:220 - loadIPPluginJar : add hash
2025-12-30 14:20:22,091 [INFO] IPUIPlugin:80 - create IPUIPlugin
2025-12-30 14:20:22,092 [INFO] PluginManager:220 - loadIPPluginJar : add i2c
2025-12-30 14:20:22,094 [INFO] IPUIPlugin:80 - create IPUIPlugin
2025-12-30 14:20:22,094 [INFO] PluginManager:220 - loadIPPluginJar : add i2s
2025-12-30 14:20:22,097 [INFO] IPUIPlugin:80 - create IPUIPlugin
2025-12-30 14:20:22,098 [INFO] PluginManager:220 - loadIPPluginJar : add i3c
2025-12-30 14:20:22,100 [INFO] IPUIPlugin:80 - create IPUIPlugin
2025-12-30 14:20:22,101 [INFO] PluginManager:220 - loadIPPluginJar : add ipddr
2025-12-30 14:20:22,107 [INFO] IPUIPlugin:80 - create IPUIPlugin
2025-12-30 14:20:22,107 [INFO] PluginManager:220 - loadIPPluginJar : add linkedlist
2025-12-30 14:20:22,110 [INFO] IPUIPlugin:80 - create IPUIPlugin
2025-12-30 14:20:22,110 [INFO] PluginManager:220 - loadIPPluginJar : add lorawan
2025-12-30 14:20:22,112 [INFO] IPUIPlugin:80 - create IPUIPlugin
2025-12-30 14:20:22,112 [INFO] PluginManager:220 - loadIPPluginJar : add ltdc
2025-12-30 14:20:22,117 [INFO] IPUIPlugin:80 - create IPUIPlugin
2025-12-30 14:20:22,117 [INFO] PluginManager:220 - loadIPPluginJar : add mdma
2025-12-30 14:20:22,120 [INFO] IPUIPlugin:80 - create IPUIPlugin
2025-12-30 14:20:22,120 [INFO] PluginManager:220 - loadIPPluginJar : add nvic
2025-12-30 14:20:22,123 [INFO] IPUIPlugin:80 - create IPUIPlugin
2025-12-30 14:20:22,123 [INFO] PluginManager:220 - loadIPPluginJar : add opamp
2025-12-30 14:20:22,126 [INFO] IPUIPlugin:80 - create IPUIPlugin
2025-12-30 14:20:22,126 [INFO] PluginManager:220 - loadIPPluginJar : add openamp
2025-12-30 14:20:22,129 [INFO] IPUIPlugin:80 - create IPUIPlugin
2025-12-30 14:20:22,129 [INFO] PluginManager:220 - loadIPPluginJar : add pdm2pcm
2025-12-30 14:20:22,134 [INFO] IPUIPlugin:80 - create IPUIPlugin
2025-12-30 14:20:22,136 [INFO] PluginManager:220 - loadIPPluginJar : add plateformsettings
2025-12-30 14:20:22,137 [INFO] IPUIPlugin:80 - create IPUIPlugin
2025-12-30 14:20:22,137 [INFO] PluginManager:220 - loadIPPluginJar : add quadspi
2025-12-30 14:20:22,139 [INFO] IPUIPlugin:80 - create IPUIPlugin
2025-12-30 14:20:22,140 [INFO] PluginManager:220 - loadIPPluginJar : add radio
2025-12-30 14:20:22,143 [INFO] IPUIPlugin:80 - create IPUIPlugin
2025-12-30 14:20:22,143 [INFO] PluginManager:220 - loadIPPluginJar : add resmgrutility
2025-12-30 14:20:22,146 [INFO] IPUIPlugin:80 - create IPUIPlugin
2025-12-30 14:20:22,146 [INFO] PluginManager:220 - loadIPPluginJar : add sai
2025-12-30 14:20:22,148 [INFO] IPUIPlugin:80 - create IPUIPlugin
2025-12-30 14:20:22,148 [INFO] PluginManager:220 - loadIPPluginJar : add spi
2025-12-30 14:20:22,153 [INFO] IPUIPlugin:80 - create IPUIPlugin
2025-12-30 14:20:22,153 [INFO] PluginManager:220 - loadIPPluginJar : add stm32_wpan
2025-12-30 14:20:22,155 [INFO] IPUIPlugin:80 - create IPUIPlugin
2025-12-30 14:20:22,155 [INFO] PluginManager:220 - loadIPPluginJar : add tim
2025-12-30 14:20:22,158 [INFO] IPUIPlugin:80 - create IPUIPlugin
2025-12-30 14:20:22,158 [INFO] PluginManager:220 - loadIPPluginJar : add touchsensing
2025-12-30 14:20:22,160 [INFO] IPUIPlugin:80 - create IPUIPlugin
2025-12-30 14:20:22,160 [INFO] PluginManager:220 - loadIPPluginJar : add tracer_emb
2025-12-30 14:20:22,162 [INFO] IPUIPlugin:80 - create IPUIPlugin
2025-12-30 14:20:22,162 [INFO] PluginManager:220 - loadIPPluginJar : add ts
2025-12-30 14:20:22,163 [INFO] IPUIPlugin:80 - create IPUIPlugin
2025-12-30 14:20:22,163 [INFO] PluginManager:220 - loadIPPluginJar : add tsc
2025-12-30 14:20:22,165 [INFO] IPUIPlugin:80 - create IPUIPlugin
2025-12-30 14:20:22,165 [INFO] PluginManager:220 - loadIPPluginJar : add ucpd
2025-12-30 14:20:22,167 [INFO] IPUIPlugin:80 - create IPUIPlugin
2025-12-30 14:20:22,167 [INFO] PluginManager:220 - loadIPPluginJar : add usart
2025-12-30 14:20:22,170 [INFO] IPUIPlugin:80 - create IPUIPlugin
2025-12-30 14:20:22,170 [INFO] PluginManager:220 - loadIPPluginJar : add usbx
2025-12-30 14:20:22,287 [FATAL] Updater:351 - Updater called before beeing initialized
2025-12-30 14:20:22,310 [INFO] RulesReader:64 - Compatibility file has been processed (317 Rules)
2025-12-30 14:20:22,317 [INFO] RulesReader:64 - Compatibility file has been processed (317 Rules)
2025-12-30 14:20:22,326 [INFO] CADModel:165 - CPN selected for project level
2025-12-30 14:20:22,326 [INFO] CADModel:114 - Register for checkConnection events
2025-12-30 14:20:22,327 [FATAL] Updater:351 - Updater called before beeing initialized
2025-12-30 14:20:22,327 [ERROR] CADModel:125 - Updater not yet initialized, retry later 
2025-12-30 14:20:22,460 [FATAL] Updater:351 - Updater called before beeing initialized
2025-12-30 14:20:22,463 [INFO] CADModel:165 - CPN selected for project level
2025-12-30 14:20:22,463 [INFO] CADModel:114 - Register for checkConnection events
2025-12-30 14:20:22,463 [FATAL] Updater:351 - Updater called before beeing initialized
2025-12-30 14:20:22,463 [ERROR] CADModel:125 - Updater not yet initialized, retry later 
2025-12-30 14:20:22,468 [FATAL] Updater:351 - Updater called before beeing initialized
2025-12-30 14:20:22,564 [FATAL] Updater:351 - Updater called before beeing initialized
2025-12-30 14:20:22,568 [INFO] DbMcusAds:53 - JSON generation date=Tue Dec 16 04:41:46 IST 2025 (1765840306612)
2025-12-30 14:20:22,568 [FATAL] Updater:351 - Updater called before beeing initialized
2025-12-30 14:20:22,599 [WARN] DetailPanel:346 - Failed to get advertising image, set to default
2025-12-30 14:20:22,660 [FATAL] Updater:351 - Updater called before beeing initialized
2025-12-30 14:20:22,661 [FATAL] Updater:351 - Updater called before beeing initialized
2025-12-30 14:20:22,661 [FATAL] Updater:351 - Updater called before beeing initialized
2025-12-30 14:20:22,661 [WARN] DetailPanel:346 - Failed to get advertising image, set to default
2025-12-30 14:20:22,661 [FATAL] Updater:351 - Updater called before beeing initialized
2025-12-30 14:20:22,696 [ERROR] Updater:1198 - MainUpdater not yet initialized. External WinMGr cannot be set.
2025-12-30 14:20:22,697 [INFO] Updater:1134 - Updater Version found : 6.15.0
2025-12-30 14:20:22,712 [INFO] ApplicationProperties:184 - Using Application install path: C:\ST\STM32CubeIDE_1.19.0\STM32CubeIDE\plugins\com.st.stm32cube.common.mx_6.15.0.202507011659
2025-12-30 14:20:24,281 [ERROR] LogOutputStream:75 - [STDERR_REDIRECT] Dec 30, 2025 2:20:24 PM java.util.prefs.WindowsPreferences <init>
2025-12-30 14:20:24,282 [ERROR] LogOutputStream:75 - [STDERR_REDIRECT] WARNING: Could not open/create prefs root node Software\JavaSoft\Prefs at root 0xffffffff80000002. Windows RegCreateKeyEx(...) returned error code 5.
2025-12-30 14:20:24,282 [ERROR] LogOutputStream:75 - [STDERR_REDIRECT] 
2025-12-30 14:20:24,544 [INFO] MainUpdater:2872 - connection check result : 22
2025-12-30 14:20:24,545 [INFO] MainUpdater:289 - Updater Check For Update Now.
2025-12-30 14:20:24,545 [INFO] MicroXplorer:498 - Change Database Version : DB.6.0.150
2025-12-30 14:20:24,560 [INFO] McuFinderGlobals:63 - Set McuFinder mode to 2 (CubeIDE integrated)
2025-12-30 14:20:24,563 [INFO] UserAuth:487 - Internet connection configuration mode: 2
2025-12-30 14:20:24,578 [INFO] UserAuth:487 - Internet connection configuration mode: 2
2025-12-30 14:20:24,586 [WARN] MainUpdater:1193 - Updater busy. Cannot search thirdparties
2025-12-30 14:20:24,586 [INFO] ThirdPartyUpdaterWithRetryManager:96 - Updater plugin is busy. [1/15]
2025-12-30 14:20:24,737 [INFO] CheckServerUpdateThread:120 - End of CheckServer Thread
2025-12-30 14:20:26,730 [INFO] McuFinderGlobals:63 - Set McuFinder mode to 2 (CubeIDE integrated)
2025-12-30 14:20:26,734 [INFO] MainUpdater:2872 - connection check result : 22
2025-12-30 14:20:27,727 [WARN] PackLoader:240 - Cannot read IP mode file for STMicroelectronics.FP-SNS-MOTENVWB1.1.4.0
2025-12-30 14:20:27,733 [WARN] PackLoader:240 - Cannot read IP mode file for STMicroelectronics.FP-ATR-ASTRA1.2.0.2
2025-12-30 14:20:27,739 [WARN] PackLoader:240 - Cannot read IP mode file for STMicroelectronics.X-CUBE-SMBUS.2.1.0
2025-12-30 14:20:27,763 [WARN] PackLoader:240 - Cannot read IP mode file for STMicroelectronics.X-CUBE-AZRTOS-F7.1.1.0
2025-12-30 14:20:27,778 [WARN] PackLoader:240 - Cannot read IP mode file for STMicroelectronics.X-CUBE-DISPLAY.3.0.0
2025-12-30 14:20:27,815 [WARN] PackLoader:240 - Cannot read IP mode file for STMicroelectronics.X-CUBE-NFC10.1.0.0
2025-12-30 14:20:27,823 [WARN] PackLoader:240 - Cannot read IP mode file for STMicroelectronics.FP-SNS-SMARTAG2.1.2.0
2025-12-30 14:20:27,829 [WARN] PackLoader:240 - Cannot read IP mode file for STMicroelectronics.FP-SNS-FLIGHT1.5.1.0
2025-12-30 14:20:27,837 [INFO] LogOutputStream:77 - [STDOUT_REDIRECT] 1 : Invalid condition id : UX_CORESTACK_Condition cause : null
2025-12-30 14:20:27,840 [INFO] LogOutputStream:77 - [STDOUT_REDIRECT] 1 : Invalid condition id : UX_CORESTACK_Condition cause : null
2025-12-30 14:20:27,845 [INFO] LogOutputStream:77 - [STDOUT_REDIRECT] 1 : Invalid condition id : UX_CORESTACK_Condition cause : null
2025-12-30 14:20:27,848 [INFO] LogOutputStream:77 - [STDOUT_REDIRECT] 1 : Invalid condition id : UX_CORESTACK_Condition cause : null
2025-12-30 14:20:27,850 [INFO] LogOutputStream:77 - [STDOUT_REDIRECT] 1 : Invalid condition id : UX_CORESTACK_Condition cause : null
2025-12-30 14:20:27,852 [WARN] PackLoader:240 - Cannot read IP mode file for STMicroelectronics.X-CUBE-AZRTOS-WL.2.0.0
2025-12-30 14:20:27,861 [WARN] PackLoader:240 - Cannot read IP mode file for STMicroelectronics.X-CUBE-BLE2.3.3.0
2025-12-30 14:20:27,868 [WARN] PackLoader:240 - Cannot read IP mode file for STMicroelectronics.X-CUBE-NFC9.1.0.0
2025-12-30 14:20:27,877 [WARN] PackLoader:240 - Cannot read IP mode file for STMicroelectronics.X-CUBE-BLE1.7.1.0
2025-12-30 14:20:27,891 [WARN] PackLoader:240 - Cannot read IP mode file for STMicroelectronics.X-CUBE-AZRTOS-G0.1.1.0
2025-12-30 14:20:27,898 [WARN] PackLoader:240 - Cannot read IP mode file for STMicroelectronics.X-CUBE-NFC4.3.0.0
2025-12-30 14:20:27,903 [WARN] PackLoader:240 - Cannot read IP mode file for STMicroelectronics.X-CUBE-WB05N.2.0.0
2025-12-30 14:20:27,908 [WARN] PackLoader:240 - Cannot read IP mode file for STMicroelectronics.X-CUBE-TCPP.4.2.0
2025-12-30 14:20:27,913 [WARN] PackLoader:240 - Cannot read IP mode file for STMicroelectronics.FP-ATR-SIGFOX1.3.2.0
2025-12-30 14:20:27,919 [WARN] PackLoader:240 - Cannot read IP mode file for STMicroelectronics.X-CUBE-ALGOBUILD.1.4.0
2025-12-30 14:20:27,924 [WARN] PackLoader:240 - Cannot read IP mode file for STMicroelectronics.X-CUBE-PM33A1.1.0.0
2025-12-30 14:20:27,934 [WARN] PackLoader:240 - Cannot read IP mode file for STMicroelectronics.X-CUBE-AZRTOS-F4.1.1.0
2025-12-30 14:20:27,940 [WARN] PackLoader:240 - Cannot read IP mode file for STMicroelectronics.X-CUBE-ISPU.2.1.0
2025-12-30 14:20:27,957 [WARN] PackLoader:240 - Cannot read IP mode file for STMicroelectronics.X-CUBE-AZRTOS-L5.2.0.0
2025-12-30 14:20:27,966 [WARN] PackLoader:240 - Cannot read IP mode file for STMicroelectronics.X-CUBE-NFC6.3.1.0
2025-12-30 14:20:27,974 [WARN] PackLoader:240 - Cannot read IP mode file for STMicroelectronics.X-CUBE-DPower.1.3.0
2025-12-30 14:20:27,986 [WARN] ConditionMgr:438 - getConditionDescription Invalid condition id : LAN8742 Phy interface Condition cause : null
2025-12-30 14:20:27,987 [WARN] PackLoader:240 - Cannot read IP mode file for STMicroelectronics.X-CUBE-AZRTOS-L4.2.0.0
2025-12-30 14:20:27,988 [WARN] ConditionMgr:1044 - genDependencies : Invalid condition id : LAN8742 Phy interface Condition cause : null
2025-12-30 14:20:27,988 [WARN] ConditionMgr:1044 - genDependencies : Invalid condition id : LAN8742 Phy interface Condition cause : null
2025-12-30 14:20:27,988 [WARN] ConditionMgr:1044 - genDependencies : Invalid condition id : LAN8742 Phy interface Condition cause : null
2025-12-30 14:20:27,995 [WARN] PackLoader:240 - Cannot read IP mode file for STMicroelectronics.X-CUBE-SFXS2LP1.4.0.0
2025-12-30 14:20:28,003 [WARN] ConditionMgr:438 - getConditionDescription Invalid condition id : UX DEVICE CLASS RTOS Condition cause : null
2025-12-30 14:20:28,004 [WARN] ConditionMgr:438 - getConditionDescription Invalid condition id : UX DEVICE CLASS RTOS Condition cause : null
2025-12-30 14:20:28,005 [WARN] PackLoader:240 - Cannot read IP mode file for STMicroelectronics.X-CUBE-AZRTOS-WB.2.0.0
2025-12-30 14:20:28,005 [WARN] ConditionMgr:1044 - genDependencies : Invalid condition id : UX DEVICE CLASS RTOS Condition cause : null
2025-12-30 14:20:28,005 [WARN] ConditionMgr:1044 - genDependencies : Invalid condition id : UX DEVICE CLASS RTOS Condition cause : null
2025-12-30 14:20:28,005 [WARN] ConditionMgr:1044 - genDependencies : Invalid condition id : UX DEVICE CLASS RTOS Condition cause : null
2025-12-30 14:20:28,005 [WARN] ConditionMgr:1044 - genDependencies : Invalid condition id : UX DEVICE CLASS RTOS Condition cause : null
2025-12-30 14:20:28,005 [WARN] ConditionMgr:1044 - genDependencies : Invalid condition id : UX DEVICE CLASS RTOS Condition cause : null
2025-12-30 14:20:28,012 [WARN] PackLoader:240 - Cannot read IP mode file for STMicroelectronics.X-CUBE-SUBG2.5.0.0
2025-12-30 14:20:28,024 [WARN] PackLoader:240 - Cannot read IP mode file for STMicroelectronics.X-CUBE-AZRTOS-G4.2.0.0
2025-12-30 14:20:28,030 [WARN] PackLoader:240 - Cannot read IP mode file for STMicroelectronics.X-CUBE-NFC7.2.0.0
2025-12-30 14:20:28,039 [WARN] PackLoader:240 - Cannot read IP mode file for STMicroelectronics.X-CUBE-ALS.1.0.2
2025-12-30 14:20:28,048 [WARN] PackLoader:240 - Cannot read IP mode file for STMicroelectronics.X-CUBE-TOF1.3.4.3
2025-12-30 14:20:28,055 [INFO] ThirdParty:978 - Integrity check success = true
2025-12-30 14:20:28,055 [INFO] IntegrityCheckThread:100 - exiting critical section [integrity check]
2025-12-30 14:20:28,055 [INFO] IntegrityCheckThread:103 - End integrity checks thread
2025-12-30 14:20:29,699 [INFO] ApiDb:581 - Connected to CubeFinder SQLite database (C:\Users\aditi\.stmcufinder\plugins\mcufinder\mcu\cube-finder-db.db)
2025-12-30 14:20:29,790 [INFO] ApiDb:668 - CubeFinder database Data Model version=2.1
2025-12-30 14:20:29,790 [INFO] ApiDb:669 - CubeFinder database Configuration version=3.0.39
2025-12-30 14:20:29,791 [INFO] ApiDb:670 - CubeFinder database generation date=2025-11-05 (1762334721)
2025-12-30 14:20:29,791 [INFO] ApiDb:671 - CubeFinder database FW Pack versions=[FP-ATR-ASTRA1_V2.0.0, FP-SNS-FLIGHT1_V5.1.0, FP-SNS-MOTENV1_V5.1.0, FP-SNS-MOTENVWB1_V1.4.0, FP-SNS-SMARTAG2_V1.2.0, FP-SNS-STBOX1_V2.1.0, STM32Cube_FW_C0_V1.4.0, STM32Cube_FW_F4_V1.28.3, STM32Cube_FW_F7_V1.17.4, STM32Cube_FW_G0_V1.6.2, STM32Cube_FW_G4_V1.6.1, STM32Cube_FW_H5_V1.5.1, STM32Cube_FW_H7RS_V1.3.0, STM32Cube_FW_H7_V1.12.1, STM32Cube_FW_L0_V1.12.2, STM32Cube_FW_L4_V1.18.1, STM32Cube_FW_L5_V1.6.0, STM32Cube_FW_N6_V1.3.0, STM32Cube_FW_U0_V1.3.0, STM32Cube_FW_U3_V1.2.1, STM32Cube_FW_U5_V1.8.0, STM32Cube_FW_WB0_V1.4.0, STM32Cube_FW_WBA_V1.8.0, STM32Cube_FW_WB_V1.24.0, STM32Cube_FW_WL3_V1.3.0, STM32Cube_FW_WL_V1.4.0, X-CUBE-ALGOBUILD_V1.4.0, X-CUBE-ALS_V1.0.2, X-CUBE-AZRTOS-F4_V1.1.0, X-CUBE-AZRTOS-F7_V1.1.0, X-CUBE-AZRTOS-G0_V1.1.0, X-CUBE-AZRTOS-G4_V2.0.0, X-CUBE-AZRTOS-H7RS_V1.1.0, X-CUBE-AZRTOS-H7_V3.4.0, X-CUBE-AZRTOS-L4_V2.0.0, X-CUBE-AZRTOS-L5_V2.0.0, X-CUBE-AZRTOS-WB_V2.0.0, X-CUBE-AZRTOS-WL_V2.0.0, X-CUBE-BLE1_V7.1.0, X-CUBE-BLE2_V3.3.0, X-CUBE-BLEMGR_V4.1.0, X-CUBE-EEPRMA1_V5.2.0, X-CUBE-FREERTOS_V1.3.1, X-CUBE-GNSS1_V6.0.0, X-CUBE-MEMS1_V11.3.0, X-CUBE-NFC4_V3.0.0, X-CUBE-NFC7_V2.0.0, X-CUBE-SFXS2LP1_V4.0.0, X-CUBE-ST67W61_V1.1.0, X-CUBE-SUBG2_V5.0.0, X-CUBE-TOF1_V3.4.3]
2025-12-30 14:20:31,575 [INFO] ApiDb:240 - Found 880 in-development CPN: [B-G473E-ZEST1S, B-WB1M-WPAN1, B-WBA5M-WPAN, B-WL5M-SUBG1, NUCLEO-C031C6, NUCLEO-C051C8, NUCLEO-C071RB, NUCLEO-C092RC, NUCLEO-H503RB, NUCLEO-H533RE, NUCLEO-H563ZI, NUCLEO-H7S3L8, NUCLEO-N657X0-Q, NUCLEO-U031R8, NUCLEO-U083RC, NUCLEO-U385RG-Q, NUCLEO-U545RE-Q, NUCLEO-U5A5ZJ-Q, NUCLEO-WB05KZ, NUCLEO-WB07CC, NUCLEO-WB09KE, NUCLEO-WBA52CG, NUCLEO-WBA55CG, NUCLEO-WL33CC1, NUCLEO-WL33CC2, STEVAL-PROTEUS1, STEVAL-SMARTAG2, STEVAL-STWINBX1, STM320518-EVAL, STM32C0116-DK, STM32C011D6Y3TR, STM32C011D6Y6TR, STM32C011F4P3, STM32C011F4P6, STM32C011F4U3, STM32C011F4U6TR, STM32C011F6P3, STM32C011F6P6, STM32C011F6U3, STM32C011F6U6TR, STM32C011J4M3, STM32C011J4M6, STM32C011J6M3, STM32C011J6M6, STM32C0316-DK, STM32C031C4T3, STM32C031C4T6, STM32C031C4U3, STM32C031C4U6, STM32C031C6T3, STM32C031C6T6, STM32C031C6U3, STM32C031C6U6, STM32C031F4P3, STM32C031F4P6, STM32C031F6P3, STM32C031F6P6, STM32C031G4U3, STM32C031G4U6, STM32C031G6U3, STM32C031G6U6, STM32C031K4T3, STM32C031K4T6, STM32C031K4U3, STM32C031K4U6, STM32C031K6T3, STM32C031K6T6, STM32C031K6U3, STM32C031K6U6, STM32C051C6T6, STM32C051C6U6, STM32C051C8T6, STM32C051C8U6, STM32C051D8Y6TR, STM32C051F6P6, STM32C051F8P6, STM32C051G6U6, STM32C051G8U6, STM32C051K6T6, STM32C051K6U6, STM32C051K8T6, STM32C071C8T6, STM32C071C8T6N, STM32C071C8U6, STM32C071C8U6N, STM32C071CBT6, STM32C071CBT6N, STM32C071CBU6, STM32C071CBU6N, STM32C071F8P6, STM32C071F8P6N, STM32C071FBP6, STM32C071FBP6N, STM32C071FBY6TR, STM32C071G8U6, STM32C071G8U6N, STM32C071GBU6, STM32C071GBU6N, STM32C071K8T6, STM32C071K8T6N, STM32C071K8U6, STM32C071K8U6N, STM32C071KBT6, STM32C071KBT6N, STM32C071KBU6, STM32C071KBU6N, STM32C071R8T6, STM32C071R8T6N, STM32C071RBI6N, STM32C071RBT6, STM32C071RBT6N, STM32C091CBT6, STM32C091CBU6, STM32C091CCT6, STM32C091CCU6, STM32C091ECY6TR, STM32C091FBP6, STM32C091FCP6, STM32C091GBU6, STM32C091GCU6, STM32C091KBT6, STM32C091KBU6, STM32C091KCT6, STM32C091KCU6, STM32C091RBT6, STM32C091RCI6, STM32C091RCT6, STM32C092CBT6, STM32C092CBU6, STM32C092CCT6, STM32C092CCU6, STM32C092ECY6TR, STM32C092FBP6, STM32C092FCP6, STM32C092GBU6, STM32C092GCU6, STM32C092KBT6, STM32C092KBU6, STM32C092KCT6, STM32C092KCU6, STM32C092RBT6, STM32C092RCI6, STM32C092RCT6, STM32G071K8TXN, STM32G071K8UXN, STM32G081GBU6N, STM32G081KBT6N, STM32G081KBUXN, STM32G0B1CCT6N, STM32G0B1KCT6, STM32G0B1NEY6TR, STM32G0B1RCT6N, STM32G0C1CCT6, STM32G0C1CCT6N, STM32G0C1CCU6N, STM32G0C1CET6N, STM32G0C1CEU6N, STM32G0C1KCT6, STM32G0C1NEY6TR, STM32G0C1RCI6N, STM32G0C1RCT6N, STM32G0C1REI6N, STM32G0C1RET6N, STM32G0C1VCI6, STM32G0C1VEI6, STM32G411C6T3, STM32G411C6T6, STM32G411C6U3, STM32G411C6U6, STM32G411C8T3, STM32G411C8T6, STM32G411C8U3, STM32G411C8U6, STM32G411CBT3, STM32G411CBT6, STM32G411CBU3, STM32G411CBU6, STM32G411K6T3, STM32G411K6T6, STM32G411K6U3, STM32G411K6U6, STM32G411K8T3, STM32G411K8T6, STM32G411K8U3, STM32G411K8U6, STM32G411KBT3, STM32G411KBT6, STM32G411KBU3, STM32G411KBU6, STM32G411M6T3, STM32G411M6T6, STM32G411M8T3, STM32G411M8T6, STM32G411MBT3, STM32G411MBT6, STM32G411R6T3, STM32G411R6T6, STM32G411R8T3, STM32G411R8T6, STM32G411RBT3, STM32G411RBT6, STM32G414CBT3, STM32G414CBT6, STM32G414CBU3, STM32G414CBU6, STM32G414CCT3, STM32G414CCT6, STM32G414CCU3, STM32G414CCU6, STM32G414MBT3, STM32G414MBT6, STM32G414MCT3, STM32G414MCT6, STM32G414RBT3, STM32G414RBT6, STM32G414RCT3, STM32G414RCT6, STM32G414VBT3, STM32G414VBT6, STM32G414VCT3, STM32G414VCT6, STM32G431CBT3Z, STM32G431RBT3Z, STM32G471CCT6, STM32G471CCU6, STM32G471CET3, STM32G471CET6, STM32G471CEU3, STM32G471CEU6, STM32G471MCT6, STM32G471MET3, STM32G471MET6, STM32G471MEY6TR, STM32G471QCT6, STM32G471QET3, STM32G471RCT6, STM32G471RET3, STM32G471RET6, STM32G471VCH6, STM32G471VCI6, STM32G471VCT6, STM32G471VEH3, STM32G471VEH6, STM32G471VEI3, STM32G471VEI6, STM32G471VET3, STM32G471VET6, STM32G473QET3Z, STM32G473RET3Z, STM32G474CCT6, STM32G491RET3Z, STM32H503CBT6, STM32H503CBU6, STM32H503EBY6TR, STM32H503KBU6, STM32H503RBT6, STM32H523CCT6, STM32H523CCU6, STM32H523CET6, STM32H523CEU6, STM32H523HEY6TR, STM32H523RCT6, STM32H523RET6, STM32H523VCI6, STM32H523VCT6, STM32H523VEI6, STM32H523VET6, STM32H523ZCJ6, STM32H523ZCT6, STM32H523ZEJ6, STM32H523ZET6, STM32H533CET6, STM32H533CEU6, STM32H533HEY6TR, STM32H533RET6, STM32H533VEI6, STM32H533VET6, STM32H533ZEJ6, STM32H533ZET6, STM32H562AGI6, STM32H562AII6, STM32H562IGK6, STM32H562IGT6, STM32H562IIK6, STM32H562IIT6, STM32H562RGT6, STM32H562RGV6, STM32H562RIT6, STM32H562RIV6, STM32H562VGT6, STM32H562VIT6, STM32H562ZGT6, STM32H562ZIT6, STM32H563AGI6, STM32H563AII3Q, STM32H563AII6, STM32H563IGK6, STM32H563IGT6, STM32H563IIK3Q, STM32H563IIK6, STM32H563IIT3Q, STM32H563IIT6, STM32H563MIY3QTR, STM32H563RGT6, STM32H563RGV6, STM32H563RIT6, STM32H563RIV6, STM32H563VGT6, STM32H563VIT3Q, STM32H563VIT6, STM32H563ZGT6, STM32H563ZIT3Q, STM32H563ZIT6, STM32H573AII3Q, STM32H573AII6, STM32H573I-DK, STM32H573IIK3Q, STM32H573IIK6, STM32H573IIT3Q, STM32H573IIT6, STM32H573MIY3QTR, STM32H573RIT6, STM32H573RIV6, STM32H573VIT3Q, STM32H573VIT6, STM32H573ZIT3Q, STM32H573ZIT6, STM32H7R3A8I6, STM32H7R3I8K6, STM32H7R3I8T6, STM32H7R3L8H6, STM32H7R3L8H6H, STM32H7R3R8V6, STM32H7R3V8H6, STM32H7R3V8T6, STM32H7R3V8Y6TR, STM32H7R3Z8J6, STM32H7R3Z8T6, STM32H7R7A8I6, STM32H7R7I8K6, STM32H7R7I8T6, STM32H7R7L8H6, STM32H7R7L8H6H, STM32H7R7Z8J6, STM32H7S3A8I6, STM32H7S3I8K6, STM32H7S3I8T6, STM32H7S3L8H6, STM32H7S3L8H6H, STM32H7S3R8V6, STM32H7S3V8H6, STM32H7S3V8T6, STM32H7S3V8Y6TR, STM32H7S3Z8J6, STM32H7S3Z8T6, STM32H7S78-DK, STM32H7S7A8I6, STM32H7S7I8K6, STM32H7S7I8T6, STM32H7S7L8H6, STM32H7S7L8H6H, STM32H7S7Z8J6, STM32L4R5QGI6STR, STM32MP131AAE3, STM32MP131AAF3, STM32MP131AAG3, STM32MP131CAE3, STM32MP131CAF3, STM32MP131CAG3, STM32MP131DAE7, STM32MP131DAF7, STM32MP131DAG7, STM32MP131FAE7, STM32MP131FAF7, STM32MP131FAG7, STM32MP133AAE3, STM32MP133AAF3, STM32MP133AAG3, STM32MP133CAE3, STM32MP133CAF3, STM32MP133CAG3, STM32MP133DAE7, STM32MP133DAF7, STM32MP133DAG7, STM32MP133FAE7, STM32MP133FAF7, STM32MP133FAG7, STM32MP135AAE3, STM32MP135AAF3, STM32MP135AAG3, STM32MP135CAE3, STM32MP135CAF3, STM32MP135CAG3, STM32MP135DAE7, STM32MP135DAF7, STM32MP135DAG7, STM32MP135F-DK, STM32MP135FAE7, STM32MP135FAF7, STM32MP135FAF7T, STM32MP135FAF7U, STM32MP135FAG7, STM32MP211AAL3, STM32MP211AAM3, STM32MP211AAN3, STM32MP211AAO3, STM32MP211CAL3, STM32MP211CAM3, STM32MP211CAN3, STM32MP211CAO3, STM32MP211DAL3, STM32MP211DAM3, STM32MP211DAN3, STM32MP211DAO3, STM32MP211FAL3, STM32MP211FAM3, STM32MP211FAN3, STM32MP211FAO3, STM32MP213AAL3, STM32MP213AAM3, STM32MP213AAN3, STM32MP213AAO3, STM32MP213CAL3, STM32MP213CAM3, STM32MP213CAN3, STM32MP213CAO3, STM32MP213DAL3, STM32MP213DAM3, STM32MP213DAN3, STM32MP213DAO3, STM32MP213FAL3, STM32MP213FAM3, STM32MP213FAN3, STM32MP213FAO3, STM32MP215AAL3, STM32MP215AAM3, STM32MP215AAN3, STM32MP215AAO3, STM32MP215CAL3, STM32MP215CAM3, STM32MP215CAN3, STM32MP215CAO3, STM32MP215DAL3, STM32MP215DAM3, STM32MP215DAN3, STM32MP215DAO3, STM32MP215F-DK, STM32MP215FAL3, STM32MP215FAM3, STM32MP215FAN3, STM32MP215FAO3, STM32MP231AAJ3, STM32MP231AAK3, STM32MP231AAL3, STM32MP231CAJ3, STM32MP231CAK3, STM32MP231CAL3, STM32MP231DAJ3, STM32MP231DAK3, STM32MP231DAL3, STM32MP231FAJ3, STM32MP231FAK3, STM32MP231FAL3, STM32MP233AAJ3, STM32MP233AAK3, STM32MP233AAL3, STM32MP233CAJ3, STM32MP233CAK3, STM32MP233CAL3, STM32MP233DAJ3, STM32MP233DAK3, STM32MP233DAL3, STM32MP233FAJ3, STM32MP233FAK3, STM32MP233FAL3, STM32MP235AAJ3, STM32MP235AAK3, STM32MP235AAL3, STM32MP235CAJ3, STM32MP235CAK3, STM32MP235CAL3, STM32MP235DAJ3, STM32MP235DAK3, STM32MP235DAL3, STM32MP235FAJ3, STM32MP235FAK3, STM32MP235FAL3, STM32MP251AAI3, STM32MP251AAK3, STM32MP251AAL3, STM32MP251CAI3, STM32MP251CAK3, STM32MP251CAL3, STM32MP251DAI3, STM32MP251DAK3, STM32MP251DAL3, STM32MP251FAI3, STM32MP251FAK3, STM32MP251FAL3, STM32MP253AAI3, STM32MP253AAK3, STM32MP253AAL3, STM32MP253CAI3, STM32MP253CAK3, STM32MP253CAL3, STM32MP253DAI3, STM32MP253DAK3, STM32MP253DAL3, STM32MP253FAI3, STM32MP253FAK3, STM32MP253FAL3, STM32MP255AAI3, STM32MP255AAK3, STM32MP255AAL3, STM32MP255CAI3, STM32MP255CAK3, STM32MP255CAL3, STM32MP255DAI3, STM32MP255DAK3, STM32MP255DAL3, STM32MP255FAI3, STM32MP255FAK3, STM32MP255FAL3, STM32MP257AAI3, STM32MP257AAK3, STM32MP257AAL3, STM32MP257CAI3, STM32MP257CAK3, STM32MP257CAL3, STM32MP257DAI3, STM32MP257DAK3, STM32MP257DAL3, STM32MP257F-DK, STM32MP257F-EV1, STM32MP257FAI3, STM32MP257FAK3, STM32MP257FAL3, STM32N645A0H3Q, STM32N645B0H3Q, STM32N645I0H3Q, STM32N645L0H3Q, STM32N645X0H3Q, STM32N645Z0H3Q, STM32N647A0H3Q, STM32N647B0H3Q, STM32N647I0H3Q, STM32N647L0H3Q, STM32N647X0H3Q, STM32N647Z0H3Q, STM32N655A0H3Q, STM32N655B0H3Q, STM32N655I0H3Q, STM32N655L0H3Q, STM32N655X0H3Q, STM32N655Z0H3Q, STM32N6570-DK, STM32N657A0H3Q, STM32N657B0H3Q, STM32N657I0H3Q, STM32N657L0H3Q, STM32N657X0H3Q, STM32N657Z0H3Q, STM32U031C6T6, STM32U031C6U6, STM32U031C8T6, STM32U031C8U6, STM32U031F4P6, STM32U031F6P6, STM32U031F8P6, STM32U031G6Y6TR, STM32U031G8Y6TR, STM32U031K4U6, STM32U031K6U6, STM32U031K8U6, STM32U031R6I6, STM32U031R6T6, STM32U031R8I6, STM32U031R8T6, STM32U073C8T6, STM32U073C8U6, STM32U073CBT6, STM32U073CBU6, STM32U073CCT6, STM32U073CCU6, STM32U073H8Y6TR, STM32U073HBY6TR, STM32U073HCY6TR, STM32U073K8U6, STM32U073KBU6, STM32U073KCU6, STM32U073M8I6, STM32U073M8T6, STM32U073MBI6, STM32U073MBT6, STM32U073MCI6, STM32U073MCT6, STM32U073R8I6, STM32U073R8T6, STM32U073RBI6, STM32U073RBT6, STM32U073RCI6, STM32U073RCT6, STM32U083C-DK, STM32U083CCT6, STM32U083CCU6, STM32U083HCY6TR, STM32U083KCU6, STM32U083MCI6, STM32U083MCT6, STM32U083RCI6, STM32U083RCT6, STM32U375CET6, STM32U375CET6Q, STM32U375CEU6, STM32U375CEU6Q, STM32U375CEY6QTR, STM32U375CGT6, STM32U375CGT6Q, STM32U375CGU6, STM32U375CGU6Q, STM32U375CGY6QTR, STM32U375KEU6, STM32U375KGU6, STM32U375REI6, STM32U375REI6Q, STM32U375RET6, STM32U375RET6Q, STM32U375REY6GTR, STM32U375REY6QTR, STM32U375RGI6, STM32U375RGI6Q, STM32U375RGT6, STM32U375RGT6Q, STM32U375RGY6GTR, STM32U375RGY6QTR, STM32U375VEI6, STM32U375VEI6Q, STM32U375VET6, STM32U375VET6Q, STM32U375VGI6, STM32U375VGI6Q, STM32U375VGT6, STM32U375VGT6Q, STM32U385CGT6, STM32U385CGT6Q, STM32U385CGU6, STM32U385CGU6Q, STM32U385CGY6QTR, STM32U385KGU6, STM32U385RGI6, STM32U385RGI6Q, STM32U385RGT6, STM32U385RGT6Q, STM32U385RGY6GTR, STM32U385RGY6QTR, STM32U385VGI6, STM32U385VGI6Q, STM32U385VGT6, STM32U385VGT6Q, STM32U535CBT6, STM32U535CBT6Q, STM32U535CBU6, STM32U535CBU6Q, STM32U535CCT6, STM32U535CCT6Q, STM32U535CCU6, STM32U535CCU6Q, STM32U535CET6, STM32U535CET6Q, STM32U535CEU6, STM32U535CEU6Q, STM32U535JEY6QTR, STM32U535NCY6QTR, STM32U535NEY6QTR, STM32U535RBI6, STM32U535RBI6Q, STM32U535RBT6, STM32U535RBT6Q, STM32U535RCI6, STM32U535RCI6Q, STM32U535RCT6, STM32U535RCT6Q, STM32U535REI6, STM32U535REI6Q, STM32U535RET6, STM32U535RET6Q, STM32U535VCI6, STM32U535VCI6Q, STM32U535VCT6, STM32U535VCT6Q, STM32U535VEI6, STM32U535VEI6Q, STM32U535VET6, STM32U535VET6Q, STM32U545CET6, STM32U545CET6Q, STM32U545CEU6, STM32U545CEU6Q, STM32U545JEY6QTR, STM32U545NEY6QTR, STM32U545REI6, STM32U545REI6Q, STM32U545RET6, STM32U545RET6Q, STM32U545VEI6, STM32U545VEI6Q, STM32U545VET6, STM32U545VET6Q, STM32U595AIH6, STM32U595AIH6Q, STM32U595AJH6, STM32U595AJH6Q, STM32U595QII6, STM32U595QII6Q, STM32U595QJI6, STM32U595QJI6Q, STM32U595RIT6, STM32U595RIT6Q, STM32U595RJT6, STM32U595RJT6Q, STM32U595VIT6, STM32U595VIT6Q, STM32U595VJT6, STM32U595VJT6Q, STM32U595ZIT6, STM32U595ZIT6Q, STM32U595ZIY6QTR, STM32U595ZJT6, STM32U595ZJT6Q, STM32U595ZJY6QTR, STM32U599BJY6QTR, STM32U599NIH6Q, STM32U599NJH6Q, STM32U599VIT6Q, STM32U599VJT6, STM32U599VJT6Q, STM32U599ZIT6Q, STM32U599ZIY6QTR, STM32U599ZJT6Q, STM32U599ZJY6QTR, STM32U5A5AJH6, STM32U5A5AJH6Q, STM32U5A5QII3Q , STM32U5A5QJI6, STM32U5A5QJI6Q, STM32U5A5RJT6, STM32U5A5RJT6Q, STM32U5A5VJT6, STM32U5A5VJT6Q, STM32U5A5ZJT6, STM32U5A5ZJT6Q, STM32U5A5ZJY6QTR, STM32U5A9BJY6QTR, STM32U5A9J-DK, STM32U5A9NJH6Q, STM32U5A9VJT6Q, STM32U5A9ZJT6Q, STM32U5A9ZJY6QTR, STM32U5F7VIT6, STM32U5F7VIT6Q, STM32U5F7VJT6, STM32U5F7VJT6Q, STM32U5F9BJY6QTR, STM32U5F9NJH6Q, STM32U5F9VIT6Q, STM32U5F9VJT6Q, STM32U5F9ZIJ6QTR, STM32U5F9ZIT6Q, STM32U5F9ZJJ6QTR, STM32U5F9ZJT6Q, STM32U5G7VJT6, STM32U5G7VJT6Q, STM32U5G9BJY6QTR, STM32U5G9J-DK1, STM32U5G9J-DK2, STM32U5G9NJH6Q, STM32U5G9VJT6Q, STM32U5G9ZJJ6QTR, STM32U5G9ZJT6Q, STM32WB05KZV6TR, STM32WB05KZV7TR, STM32WB05TZF6TR, STM32WB05TZF7TR, STM32WB06CCF6TR, STM32WB06CCF7TR, STM32WB06CCV6TR, STM32WB06CCV7TR, STM32WB06KCV6TR, STM32WB06KCV7TR, STM32WB07CCF6TR, STM32WB07CCF7TR, STM32WB07CCV6TR, STM32WB07CCV7TR, STM32WB07KCV6TR, STM32WB07KCV7TR, STM32WB09KEV6TR, STM32WB09KEV7TR, STM32WB09TEF6TR, STM32WB09TEF7TR, STM32WB1MMCH6, STM32WBA50KGU6, STM32WBA50KGU6TR, STM32WBA52CEU6, STM32WBA52CEU6TR, STM32WBA52CEU7, STM32WBA52CEU7TR, STM32WBA52CGU6, STM32WBA52CGU6TR, STM32WBA52CGU6U, STM32WBA52CGU7, STM32WBA52CGU7TR, STM32WBA52KEU6, STM32WBA52KEU6TR, STM32WBA52KGU6, STM32WBA52KGU6TR, STM32WBA54CEU6, STM32WBA54CEU6TR, STM32WBA54CEU7, STM32WBA54CEU7TR, STM32WBA54CGU6, STM32WBA54CGU6TR, STM32WBA54CGU7, STM32WBA54CGU7TR, STM32WBA54KEU6, STM32WBA54KEU6TR, STM32WBA54KEU7, STM32WBA54KEU7TR, STM32WBA54KGU6, STM32WBA54KGU6TR, STM32WBA54KGU7, STM32WBA54KGU7TR, STM32WBA55CEU6, STM32WBA55CEU6TR, STM32WBA55CEU7, STM32WBA55CEU7TR, STM32WBA55CGU6, STM32WBA55CGU6TR, STM32WBA55CGU6U, STM32WBA55CGU7, STM32WBA55CGU7TR, STM32WBA55G-DK1, STM32WBA55HEF6, STM32WBA55HEF7, STM32WBA55HGF6, STM32WBA55HGF7, STM32WBA55UEI6, STM32WBA55UEI6TR, STM32WBA55UEI7, STM32WBA55UEI7TR, STM32WBA55UGI6, STM32WBA55UGI6TR, STM32WBA55UGI7, STM32WBA55UGI7TR, STM32WBA5MMGH6TR, STM32WBA62MGF6, STM32WBA62MIF6, STM32WBA65MGF7, STM32WBA65MIF6, STM32WBA65MIF7, STM32WL30K8V6, STM32WL30KBV6, STM32WL31C8V6, STM32WL31CBV6, STM32WL31K8V6, STM32WL31KBV6, STM32WL33C8V6, STM32WL33C8V6X, STM32WL33CBV6, STM32WL33CBV6X, STM32WL33CCV6, STM32WL33CCV6A, STM32WL33CCV6X, STM32WL33K8V7, STM32WL33K8V7X, STM32WL33KBV7 , STM32WL33KBV7X, STM32WL33KCV7, STM32WL33KCV7X, STM32WL5MOCH6, STM32WL5MOCH6TR]
2025-12-30 14:20:31,580 [INFO] DbMcus:218 - Found 4876 MCUs, 4876 are supported
2025-12-30 14:20:31,582 [INFO] ApiDb:423 - Load user favorites file C:\Users\aditi/.stm32cubeide/favorites.mcus.txt: 0 item(s)
2025-12-30 14:20:31,582 [INFO] ApiDb:427 - User favorites MCUs=[]
2025-12-30 14:20:31,582 [INFO] DbMcus:224 - Set 0 / 0 favorites MCUs
2025-12-30 14:20:31,865 [INFO] ApiDb:668 - CubeFinder database Data Model version=2.1
2025-12-30 14:20:31,865 [INFO] ApiDb:669 - CubeFinder database Configuration version=3.0.39
2025-12-30 14:20:31,865 [INFO] ApiDb:670 - CubeFinder database generation date=2025-11-05 (1762334721)
2025-12-30 14:20:31,865 [INFO] ApiDb:671 - CubeFinder database FW Pack versions=[FP-ATR-ASTRA1_V2.0.0, FP-SNS-FLIGHT1_V5.1.0, FP-SNS-MOTENV1_V5.1.0, FP-SNS-MOTENVWB1_V1.4.0, FP-SNS-SMARTAG2_V1.2.0, FP-SNS-STBOX1_V2.1.0, STM32Cube_FW_C0_V1.4.0, STM32Cube_FW_F4_V1.28.3, STM32Cube_FW_F7_V1.17.4, STM32Cube_FW_G0_V1.6.2, STM32Cube_FW_G4_V1.6.1, STM32Cube_FW_H5_V1.5.1, STM32Cube_FW_H7RS_V1.3.0, STM32Cube_FW_H7_V1.12.1, STM32Cube_FW_L0_V1.12.2, STM32Cube_FW_L4_V1.18.1, STM32Cube_FW_L5_V1.6.0, STM32Cube_FW_N6_V1.3.0, STM32Cube_FW_U0_V1.3.0, STM32Cube_FW_U3_V1.2.1, STM32Cube_FW_U5_V1.8.0, STM32Cube_FW_WB0_V1.4.0, STM32Cube_FW_WBA_V1.8.0, STM32Cube_FW_WB_V1.24.0, STM32Cube_FW_WL3_V1.3.0, STM32Cube_FW_WL_V1.4.0, X-CUBE-ALGOBUILD_V1.4.0, X-CUBE-ALS_V1.0.2, X-CUBE-AZRTOS-F4_V1.1.0, X-CUBE-AZRTOS-F7_V1.1.0, X-CUBE-AZRTOS-G0_V1.1.0, X-CUBE-AZRTOS-G4_V2.0.0, X-CUBE-AZRTOS-H7RS_V1.1.0, X-CUBE-AZRTOS-H7_V3.4.0, X-CUBE-AZRTOS-L4_V2.0.0, X-CUBE-AZRTOS-L5_V2.0.0, X-CUBE-AZRTOS-WB_V2.0.0, X-CUBE-AZRTOS-WL_V2.0.0, X-CUBE-BLE1_V7.1.0, X-CUBE-BLE2_V3.3.0, X-CUBE-BLEMGR_V4.1.0, X-CUBE-EEPRMA1_V5.2.0, X-CUBE-FREERTOS_V1.3.1, X-CUBE-GNSS1_V6.0.0, X-CUBE-MEMS1_V11.3.0, X-CUBE-NFC4_V3.0.0, X-CUBE-NFC7_V2.0.0, X-CUBE-SFXS2LP1_V4.0.0, X-CUBE-ST67W61_V1.1.0, X-CUBE-SUBG2_V5.0.0, X-CUBE-TOF1_V3.4.3]
2025-12-30 14:20:31,945 [INFO] DbBoardsSqlite:226 - include board P-NUCLEO-WB55-NUCLEO as a kit item of type 'Nucleo-64'
2025-12-30 14:20:31,946 [INFO] DbBoardsSqlite:226 - include board P-NUCLEO-WB55-USBDONGLE as a kit item of type 'Nucleo USB Dongle'
2025-12-30 14:20:31,946 [INFO] DbBoardsSqlite:226 - include board STEVAL-IDP005V1 as a kit item of type 'Evaluation Board'
2025-12-30 14:20:31,946 [INFO] DbBoardsSqlite:226 - include board STEVAL-IDP005V2 as a kit item of type 'Evaluation Board'
2025-12-30 14:20:32,000 [INFO] ApiDb:240 - Found 880 in-development CPN: [B-G473E-ZEST1S, B-WB1M-WPAN1, B-WBA5M-WPAN, B-WL5M-SUBG1, NUCLEO-C031C6, NUCLEO-C051C8, NUCLEO-C071RB, NUCLEO-C092RC, NUCLEO-H503RB, NUCLEO-H533RE, NUCLEO-H563ZI, NUCLEO-H7S3L8, NUCLEO-N657X0-Q, NUCLEO-U031R8, NUCLEO-U083RC, NUCLEO-U385RG-Q, NUCLEO-U545RE-Q, NUCLEO-U5A5ZJ-Q, NUCLEO-WB05KZ, NUCLEO-WB07CC, NUCLEO-WB09KE, NUCLEO-WBA52CG, NUCLEO-WBA55CG, NUCLEO-WL33CC1, NUCLEO-WL33CC2, STEVAL-PROTEUS1, STEVAL-SMARTAG2, STEVAL-STWINBX1, STM320518-EVAL, STM32C0116-DK, STM32C011D6Y3TR, STM32C011D6Y6TR, STM32C011F4P3, STM32C011F4P6, STM32C011F4U3, STM32C011F4U6TR, STM32C011F6P3, STM32C011F6P6, STM32C011F6U3, STM32C011F6U6TR, STM32C011J4M3, STM32C011J4M6, STM32C011J6M3, STM32C011J6M6, STM32C0316-DK, STM32C031C4T3, STM32C031C4T6, STM32C031C4U3, STM32C031C4U6, STM32C031C6T3, STM32C031C6T6, STM32C031C6U3, STM32C031C6U6, STM32C031F4P3, STM32C031F4P6, STM32C031F6P3, STM32C031F6P6, STM32C031G4U3, STM32C031G4U6, STM32C031G6U3, STM32C031G6U6, STM32C031K4T3, STM32C031K4T6, STM32C031K4U3, STM32C031K4U6, STM32C031K6T3, STM32C031K6T6, STM32C031K6U3, STM32C031K6U6, STM32C051C6T6, STM32C051C6U6, STM32C051C8T6, STM32C051C8U6, STM32C051D8Y6TR, STM32C051F6P6, STM32C051F8P6, STM32C051G6U6, STM32C051G8U6, STM32C051K6T6, STM32C051K6U6, STM32C051K8T6, STM32C071C8T6, STM32C071C8T6N, STM32C071C8U6, STM32C071C8U6N, STM32C071CBT6, STM32C071CBT6N, STM32C071CBU6, STM32C071CBU6N, STM32C071F8P6, STM32C071F8P6N, STM32C071FBP6, STM32C071FBP6N, STM32C071FBY6TR, STM32C071G8U6, STM32C071G8U6N, STM32C071GBU6, STM32C071GBU6N, STM32C071K8T6, STM32C071K8T6N, STM32C071K8U6, STM32C071K8U6N, STM32C071KBT6, STM32C071KBT6N, STM32C071KBU6, STM32C071KBU6N, STM32C071R8T6, STM32C071R8T6N, STM32C071RBI6N, STM32C071RBT6, STM32C071RBT6N, STM32C091CBT6, STM32C091CBU6, STM32C091CCT6, STM32C091CCU6, STM32C091ECY6TR, STM32C091FBP6, STM32C091FCP6, STM32C091GBU6, STM32C091GCU6, STM32C091KBT6, STM32C091KBU6, STM32C091KCT6, STM32C091KCU6, STM32C091RBT6, STM32C091RCI6, STM32C091RCT6, STM32C092CBT6, STM32C092CBU6, STM32C092CCT6, STM32C092CCU6, STM32C092ECY6TR, STM32C092FBP6, STM32C092FCP6, STM32C092GBU6, STM32C092GCU6, STM32C092KBT6, STM32C092KBU6, STM32C092KCT6, STM32C092KCU6, STM32C092RBT6, STM32C092RCI6, STM32C092RCT6, STM32G071K8TXN, STM32G071K8UXN, STM32G081GBU6N, STM32G081KBT6N, STM32G081KBUXN, STM32G0B1CCT6N, STM32G0B1KCT6, STM32G0B1NEY6TR, STM32G0B1RCT6N, STM32G0C1CCT6, STM32G0C1CCT6N, STM32G0C1CCU6N, STM32G0C1CET6N, STM32G0C1CEU6N, STM32G0C1KCT6, STM32G0C1NEY6TR, STM32G0C1RCI6N, STM32G0C1RCT6N, STM32G0C1REI6N, STM32G0C1RET6N, STM32G0C1VCI6, STM32G0C1VEI6, STM32G411C6T3, STM32G411C6T6, STM32G411C6U3, STM32G411C6U6, STM32G411C8T3, STM32G411C8T6, STM32G411C8U3, STM32G411C8U6, STM32G411CBT3, STM32G411CBT6, STM32G411CBU3, STM32G411CBU6, STM32G411K6T3, STM32G411K6T6, STM32G411K6U3, STM32G411K6U6, STM32G411K8T3, STM32G411K8T6, STM32G411K8U3, STM32G411K8U6, STM32G411KBT3, STM32G411KBT6, STM32G411KBU3, STM32G411KBU6, STM32G411M6T3, STM32G411M6T6, STM32G411M8T3, STM32G411M8T6, STM32G411MBT3, STM32G411MBT6, STM32G411R6T3, STM32G411R6T6, STM32G411R8T3, STM32G411R8T6, STM32G411RBT3, STM32G411RBT6, STM32G414CBT3, STM32G414CBT6, STM32G414CBU3, STM32G414CBU6, STM32G414CCT3, STM32G414CCT6, STM32G414CCU3, STM32G414CCU6, STM32G414MBT3, STM32G414MBT6, STM32G414MCT3, STM32G414MCT6, STM32G414RBT3, STM32G414RBT6, STM32G414RCT3, STM32G414RCT6, STM32G414VBT3, STM32G414VBT6, STM32G414VCT3, STM32G414VCT6, STM32G431CBT3Z, STM32G431RBT3Z, STM32G471CCT6, STM32G471CCU6, STM32G471CET3, STM32G471CET6, STM32G471CEU3, STM32G471CEU6, STM32G471MCT6, STM32G471MET3, STM32G471MET6, STM32G471MEY6TR, STM32G471QCT6, STM32G471QET3, STM32G471RCT6, STM32G471RET3, STM32G471RET6, STM32G471VCH6, STM32G471VCI6, STM32G471VCT6, STM32G471VEH3, STM32G471VEH6, STM32G471VEI3, STM32G471VEI6, STM32G471VET3, STM32G471VET6, STM32G473QET3Z, STM32G473RET3Z, STM32G474CCT6, STM32G491RET3Z, STM32H503CBT6, STM32H503CBU6, STM32H503EBY6TR, STM32H503KBU6, STM32H503RBT6, STM32H523CCT6, STM32H523CCU6, STM32H523CET6, STM32H523CEU6, STM32H523HEY6TR, STM32H523RCT6, STM32H523RET6, STM32H523VCI6, STM32H523VCT6, STM32H523VEI6, STM32H523VET6, STM32H523ZCJ6, STM32H523ZCT6, STM32H523ZEJ6, STM32H523ZET6, STM32H533CET6, STM32H533CEU6, STM32H533HEY6TR, STM32H533RET6, STM32H533VEI6, STM32H533VET6, STM32H533ZEJ6, STM32H533ZET6, STM32H562AGI6, STM32H562AII6, STM32H562IGK6, STM32H562IGT6, STM32H562IIK6, STM32H562IIT6, STM32H562RGT6, STM32H562RGV6, STM32H562RIT6, STM32H562RIV6, STM32H562VGT6, STM32H562VIT6, STM32H562ZGT6, STM32H562ZIT6, STM32H563AGI6, STM32H563AII3Q, STM32H563AII6, STM32H563IGK6, STM32H563IGT6, STM32H563IIK3Q, STM32H563IIK6, STM32H563IIT3Q, STM32H563IIT6, STM32H563MIY3QTR, STM32H563RGT6, STM32H563RGV6, STM32H563RIT6, STM32H563RIV6, STM32H563VGT6, STM32H563VIT3Q, STM32H563VIT6, STM32H563ZGT6, STM32H563ZIT3Q, STM32H563ZIT6, STM32H573AII3Q, STM32H573AII6, STM32H573I-DK, STM32H573IIK3Q, STM32H573IIK6, STM32H573IIT3Q, STM32H573IIT6, STM32H573MIY3QTR, STM32H573RIT6, STM32H573RIV6, STM32H573VIT3Q, STM32H573VIT6, STM32H573ZIT3Q, STM32H573ZIT6, STM32H7R3A8I6, STM32H7R3I8K6, STM32H7R3I8T6, STM32H7R3L8H6, STM32H7R3L8H6H, STM32H7R3R8V6, STM32H7R3V8H6, STM32H7R3V8T6, STM32H7R3V8Y6TR, STM32H7R3Z8J6, STM32H7R3Z8T6, STM32H7R7A8I6, STM32H7R7I8K6, STM32H7R7I8T6, STM32H7R7L8H6, STM32H7R7L8H6H, STM32H7R7Z8J6, STM32H7S3A8I6, STM32H7S3I8K6, STM32H7S3I8T6, STM32H7S3L8H6, STM32H7S3L8H6H, STM32H7S3R8V6, STM32H7S3V8H6, STM32H7S3V8T6, STM32H7S3V8Y6TR, STM32H7S3Z8J6, STM32H7S3Z8T6, STM32H7S78-DK, STM32H7S7A8I6, STM32H7S7I8K6, STM32H7S7I8T6, STM32H7S7L8H6, STM32H7S7L8H6H, STM32H7S7Z8J6, STM32L4R5QGI6STR, STM32MP131AAE3, STM32MP131AAF3, STM32MP131AAG3, STM32MP131CAE3, STM32MP131CAF3, STM32MP131CAG3, STM32MP131DAE7, STM32MP131DAF7, STM32MP131DAG7, STM32MP131FAE7, STM32MP131FAF7, STM32MP131FAG7, STM32MP133AAE3, STM32MP133AAF3, STM32MP133AAG3, STM32MP133CAE3, STM32MP133CAF3, STM32MP133CAG3, STM32MP133DAE7, STM32MP133DAF7, STM32MP133DAG7, STM32MP133FAE7, STM32MP133FAF7, STM32MP133FAG7, STM32MP135AAE3, STM32MP135AAF3, STM32MP135AAG3, STM32MP135CAE3, STM32MP135CAF3, STM32MP135CAG3, STM32MP135DAE7, STM32MP135DAF7, STM32MP135DAG7, STM32MP135F-DK, STM32MP135FAE7, STM32MP135FAF7, STM32MP135FAF7T, STM32MP135FAF7U, STM32MP135FAG7, STM32MP211AAL3, STM32MP211AAM3, STM32MP211AAN3, STM32MP211AAO3, STM32MP211CAL3, STM32MP211CAM3, STM32MP211CAN3, STM32MP211CAO3, STM32MP211DAL3, STM32MP211DAM3, STM32MP211DAN3, STM32MP211DAO3, STM32MP211FAL3, STM32MP211FAM3, STM32MP211FAN3, STM32MP211FAO3, STM32MP213AAL3, STM32MP213AAM3, STM32MP213AAN3, STM32MP213AAO3, STM32MP213CAL3, STM32MP213CAM3, STM32MP213CAN3, STM32MP213CAO3, STM32MP213DAL3, STM32MP213DAM3, STM32MP213DAN3, STM32MP213DAO3, STM32MP213FAL3, STM32MP213FAM3, STM32MP213FAN3, STM32MP213FAO3, STM32MP215AAL3, STM32MP215AAM3, STM32MP215AAN3, STM32MP215AAO3, STM32MP215CAL3, STM32MP215CAM3, STM32MP215CAN3, STM32MP215CAO3, STM32MP215DAL3, STM32MP215DAM3, STM32MP215DAN3, STM32MP215DAO3, STM32MP215F-DK, STM32MP215FAL3, STM32MP215FAM3, STM32MP215FAN3, STM32MP215FAO3, STM32MP231AAJ3, STM32MP231AAK3, STM32MP231AAL3, STM32MP231CAJ3, STM32MP231CAK3, STM32MP231CAL3, STM32MP231DAJ3, STM32MP231DAK3, STM32MP231DAL3, STM32MP231FAJ3, STM32MP231FAK3, STM32MP231FAL3, STM32MP233AAJ3, STM32MP233AAK3, STM32MP233AAL3, STM32MP233CAJ3, STM32MP233CAK3, STM32MP233CAL3, STM32MP233DAJ3, STM32MP233DAK3, STM32MP233DAL3, STM32MP233FAJ3, STM32MP233FAK3, STM32MP233FAL3, STM32MP235AAJ3, STM32MP235AAK3, STM32MP235AAL3, STM32MP235CAJ3, STM32MP235CAK3, STM32MP235CAL3, STM32MP235DAJ3, STM32MP235DAK3, STM32MP235DAL3, STM32MP235FAJ3, STM32MP235FAK3, STM32MP235FAL3, STM32MP251AAI3, STM32MP251AAK3, STM32MP251AAL3, STM32MP251CAI3, STM32MP251CAK3, STM32MP251CAL3, STM32MP251DAI3, STM32MP251DAK3, STM32MP251DAL3, STM32MP251FAI3, STM32MP251FAK3, STM32MP251FAL3, STM32MP253AAI3, STM32MP253AAK3, STM32MP253AAL3, STM32MP253CAI3, STM32MP253CAK3, STM32MP253CAL3, STM32MP253DAI3, STM32MP253DAK3, STM32MP253DAL3, STM32MP253FAI3, STM32MP253FAK3, STM32MP253FAL3, STM32MP255AAI3, STM32MP255AAK3, STM32MP255AAL3, STM32MP255CAI3, STM32MP255CAK3, STM32MP255CAL3, STM32MP255DAI3, STM32MP255DAK3, STM32MP255DAL3, STM32MP255FAI3, STM32MP255FAK3, STM32MP255FAL3, STM32MP257AAI3, STM32MP257AAK3, STM32MP257AAL3, STM32MP257CAI3, STM32MP257CAK3, STM32MP257CAL3, STM32MP257DAI3, STM32MP257DAK3, STM32MP257DAL3, STM32MP257F-DK, STM32MP257F-EV1, STM32MP257FAI3, STM32MP257FAK3, STM32MP257FAL3, STM32N645A0H3Q, STM32N645B0H3Q, STM32N645I0H3Q, STM32N645L0H3Q, STM32N645X0H3Q, STM32N645Z0H3Q, STM32N647A0H3Q, STM32N647B0H3Q, STM32N647I0H3Q, STM32N647L0H3Q, STM32N647X0H3Q, STM32N647Z0H3Q, STM32N655A0H3Q, STM32N655B0H3Q, STM32N655I0H3Q, STM32N655L0H3Q, STM32N655X0H3Q, STM32N655Z0H3Q, STM32N6570-DK, STM32N657A0H3Q, STM32N657B0H3Q, STM32N657I0H3Q, STM32N657L0H3Q, STM32N657X0H3Q, STM32N657Z0H3Q, STM32U031C6T6, STM32U031C6U6, STM32U031C8T6, STM32U031C8U6, STM32U031F4P6, STM32U031F6P6, STM32U031F8P6, STM32U031G6Y6TR, STM32U031G8Y6TR, STM32U031K4U6, STM32U031K6U6, STM32U031K8U6, STM32U031R6I6, STM32U031R6T6, STM32U031R8I6, STM32U031R8T6, STM32U073C8T6, STM32U073C8U6, STM32U073CBT6, STM32U073CBU6, STM32U073CCT6, STM32U073CCU6, STM32U073H8Y6TR, STM32U073HBY6TR, STM32U073HCY6TR, STM32U073K8U6, STM32U073KBU6, STM32U073KCU6, STM32U073M8I6, STM32U073M8T6, STM32U073MBI6, STM32U073MBT6, STM32U073MCI6, STM32U073MCT6, STM32U073R8I6, STM32U073R8T6, STM32U073RBI6, STM32U073RBT6, STM32U073RCI6, STM32U073RCT6, STM32U083C-DK, STM32U083CCT6, STM32U083CCU6, STM32U083HCY6TR, STM32U083KCU6, STM32U083MCI6, STM32U083MCT6, STM32U083RCI6, STM32U083RCT6, STM32U375CET6, STM32U375CET6Q, STM32U375CEU6, STM32U375CEU6Q, STM32U375CEY6QTR, STM32U375CGT6, STM32U375CGT6Q, STM32U375CGU6, STM32U375CGU6Q, STM32U375CGY6QTR, STM32U375KEU6, STM32U375KGU6, STM32U375REI6, STM32U375REI6Q, STM32U375RET6, STM32U375RET6Q, STM32U375REY6GTR, STM32U375REY6QTR, STM32U375RGI6, STM32U375RGI6Q, STM32U375RGT6, STM32U375RGT6Q, STM32U375RGY6GTR, STM32U375RGY6QTR, STM32U375VEI6, STM32U375VEI6Q, STM32U375VET6, STM32U375VET6Q, STM32U375VGI6, STM32U375VGI6Q, STM32U375VGT6, STM32U375VGT6Q, STM32U385CGT6, STM32U385CGT6Q, STM32U385CGU6, STM32U385CGU6Q, STM32U385CGY6QTR, STM32U385KGU6, STM32U385RGI6, STM32U385RGI6Q, STM32U385RGT6, STM32U385RGT6Q, STM32U385RGY6GTR, STM32U385RGY6QTR, STM32U385VGI6, STM32U385VGI6Q, STM32U385VGT6, STM32U385VGT6Q, STM32U535CBT6, STM32U535CBT6Q, STM32U535CBU6, STM32U535CBU6Q, STM32U535CCT6, STM32U535CCT6Q, STM32U535CCU6, STM32U535CCU6Q, STM32U535CET6, STM32U535CET6Q, STM32U535CEU6, STM32U535CEU6Q, STM32U535JEY6QTR, STM32U535NCY6QTR, STM32U535NEY6QTR, STM32U535RBI6, STM32U535RBI6Q, STM32U535RBT6, STM32U535RBT6Q, STM32U535RCI6, STM32U535RCI6Q, STM32U535RCT6, STM32U535RCT6Q, STM32U535REI6, STM32U535REI6Q, STM32U535RET6, STM32U535RET6Q, STM32U535VCI6, STM32U535VCI6Q, STM32U535VCT6, STM32U535VCT6Q, STM32U535VEI6, STM32U535VEI6Q, STM32U535VET6, STM32U535VET6Q, STM32U545CET6, STM32U545CET6Q, STM32U545CEU6, STM32U545CEU6Q, STM32U545JEY6QTR, STM32U545NEY6QTR, STM32U545REI6, STM32U545REI6Q, STM32U545RET6, STM32U545RET6Q, STM32U545VEI6, STM32U545VEI6Q, STM32U545VET6, STM32U545VET6Q, STM32U595AIH6, STM32U595AIH6Q, STM32U595AJH6, STM32U595AJH6Q, STM32U595QII6, STM32U595QII6Q, STM32U595QJI6, STM32U595QJI6Q, STM32U595RIT6, STM32U595RIT6Q, STM32U595RJT6, STM32U595RJT6Q, STM32U595VIT6, STM32U595VIT6Q, STM32U595VJT6, STM32U595VJT6Q, STM32U595ZIT6, STM32U595ZIT6Q, STM32U595ZIY6QTR, STM32U595ZJT6, STM32U595ZJT6Q, STM32U595ZJY6QTR, STM32U599BJY6QTR, STM32U599NIH6Q, STM32U599NJH6Q, STM32U599VIT6Q, STM32U599VJT6, STM32U599VJT6Q, STM32U599ZIT6Q, STM32U599ZIY6QTR, STM32U599ZJT6Q, STM32U599ZJY6QTR, STM32U5A5AJH6, STM32U5A5AJH6Q, STM32U5A5QII3Q , STM32U5A5QJI6, STM32U5A5QJI6Q, STM32U5A5RJT6, STM32U5A5RJT6Q, STM32U5A5VJT6, STM32U5A5VJT6Q, STM32U5A5ZJT6, STM32U5A5ZJT6Q, STM32U5A5ZJY6QTR, STM32U5A9BJY6QTR, STM32U5A9J-DK, STM32U5A9NJH6Q, STM32U5A9VJT6Q, STM32U5A9ZJT6Q, STM32U5A9ZJY6QTR, STM32U5F7VIT6, STM32U5F7VIT6Q, STM32U5F7VJT6, STM32U5F7VJT6Q, STM32U5F9BJY6QTR, STM32U5F9NJH6Q, STM32U5F9VIT6Q, STM32U5F9VJT6Q, STM32U5F9ZIJ6QTR, STM32U5F9ZIT6Q, STM32U5F9ZJJ6QTR, STM32U5F9ZJT6Q, STM32U5G7VJT6, STM32U5G7VJT6Q, STM32U5G9BJY6QTR, STM32U5G9J-DK1, STM32U5G9J-DK2, STM32U5G9NJH6Q, STM32U5G9VJT6Q, STM32U5G9ZJJ6QTR, STM32U5G9ZJT6Q, STM32WB05KZV6TR, STM32WB05KZV7TR, STM32WB05TZF6TR, STM32WB05TZF7TR, STM32WB06CCF6TR, STM32WB06CCF7TR, STM32WB06CCV6TR, STM32WB06CCV7TR, STM32WB06KCV6TR, STM32WB06KCV7TR, STM32WB07CCF6TR, STM32WB07CCF7TR, STM32WB07CCV6TR, STM32WB07CCV7TR, STM32WB07KCV6TR, STM32WB07KCV7TR, STM32WB09KEV6TR, STM32WB09KEV7TR, STM32WB09TEF6TR, STM32WB09TEF7TR, STM32WB1MMCH6, STM32WBA50KGU6, STM32WBA50KGU6TR, STM32WBA52CEU6, STM32WBA52CEU6TR, STM32WBA52CEU7, STM32WBA52CEU7TR, STM32WBA52CGU6, STM32WBA52CGU6TR, STM32WBA52CGU6U, STM32WBA52CGU7, STM32WBA52CGU7TR, STM32WBA52KEU6, STM32WBA52KEU6TR, STM32WBA52KGU6, STM32WBA52KGU6TR, STM32WBA54CEU6, STM32WBA54CEU6TR, STM32WBA54CEU7, STM32WBA54CEU7TR, STM32WBA54CGU6, STM32WBA54CGU6TR, STM32WBA54CGU7, STM32WBA54CGU7TR, STM32WBA54KEU6, STM32WBA54KEU6TR, STM32WBA54KEU7, STM32WBA54KEU7TR, STM32WBA54KGU6, STM32WBA54KGU6TR, STM32WBA54KGU7, STM32WBA54KGU7TR, STM32WBA55CEU6, STM32WBA55CEU6TR, STM32WBA55CEU7, STM32WBA55CEU7TR, STM32WBA55CGU6, STM32WBA55CGU6TR, STM32WBA55CGU6U, STM32WBA55CGU7, STM32WBA55CGU7TR, STM32WBA55G-DK1, STM32WBA55HEF6, STM32WBA55HEF7, STM32WBA55HGF6, STM32WBA55HGF7, STM32WBA55UEI6, STM32WBA55UEI6TR, STM32WBA55UEI7, STM32WBA55UEI7TR, STM32WBA55UGI6, STM32WBA55UGI6TR, STM32WBA55UGI7, STM32WBA55UGI7TR, STM32WBA5MMGH6TR, STM32WBA62MGF6, STM32WBA62MIF6, STM32WBA65MGF7, STM32WBA65MIF6, STM32WBA65MIF7, STM32WL30K8V6, STM32WL30KBV6, STM32WL31C8V6, STM32WL31CBV6, STM32WL31K8V6, STM32WL31KBV6, STM32WL33C8V6, STM32WL33C8V6X, STM32WL33CBV6, STM32WL33CBV6X, STM32WL33CCV6, STM32WL33CCV6A, STM32WL33CCV6X, STM32WL33K8V7, STM32WL33K8V7X, STM32WL33KBV7 , STM32WL33KBV7X, STM32WL33KCV7, STM32WL33KCV7X, STM32WL5MOCH6, STM32WL5MOCH6TR]
2025-12-30 14:20:32,162 [INFO] BoardInfo:889 - No configuration file found for board P-NUCLEO-WB55
2025-12-30 14:20:32,163 [INFO] DbBoards:161 - Kit is not supported: P-NUCLEO-WB55
2025-12-30 14:20:32,168 [INFO] BoardInfo:889 - No configuration file found for board STEVAL-BFA001V1B
2025-12-30 14:20:32,169 [INFO] DbBoards:161 - Kit is not supported: STEVAL-BFA001V1B
2025-12-30 14:20:32,170 [INFO] BoardInfo:889 - No configuration file found for board STEVAL-BFA001V2B
2025-12-30 14:20:32,171 [INFO] DbBoards:161 - Kit is not supported: STEVAL-BFA001V2B
2025-12-30 14:20:32,331 [INFO] DbBoards:168 - Found 212 boards, 209 are supported
2025-12-30 14:20:32,331 [INFO] DbBoards:169 - Found 212 boards, 43 of them is supported for  Bsp
2025-12-30 14:20:32,338 [INFO] ApiDb:423 - Load user favorites file C:\Users\aditi/.stm32cubeide/favorites.boards.txt: 1 item(s)
2025-12-30 14:20:32,338 [INFO] ApiDb:427 - User favorites Boards=[STM32F407G-DISC1]
2025-12-30 14:20:32,338 [INFO] DbBoards:198 - Set 1 / 1 favorites Boards
2025-12-30 14:20:32,339 [INFO] McuFinderGlobals:76 - Set McuFinderConnectedMode to false
2025-12-30 14:20:32,344 [INFO] MultiScanPanel:200 - Auto-refresh data requested => check proxy status ongoing
2025-12-30 14:20:32,344 [INFO] MultiScanPanel:204 - Proxy status is invalid
2025-12-30 14:20:32,346 [INFO] FinderPluginLoader:96 - Searching for filters in installed packs
2025-12-30 14:20:33,335 [INFO] DetailPanel:341 - Set advertising image to C:/Users/aditi/STM32Cube/Repository/\en.prom-st67w-expansion-board.png
2025-12-30 14:20:37,717 [INFO] MultiScanPanel:200 - Auto-refresh data requested => check proxy status ongoing
2025-12-30 14:20:37,717 [INFO] MultiScanPanel:204 - Proxy status is invalid
2025-12-30 14:20:37,802 [INFO] DetailPanel:341 - Set advertising image to C:/Users/aditi/STM32Cube/Repository/\en.prom-st67w-expansion-board.png
2025-12-30 14:20:37,817 [INFO] DbBoards:642 - Loading board mini-images...
2025-12-30 14:20:39,197 [ERROR] DbBoards:659 - Image file not found for board STM32MP215F-DK: C:\Users\aditi\.stmcufinder\plugins\mcufinder//mcu//boards_images/STM32MP215F-DK.jpg
2025-12-30 14:20:39,314 [INFO] DbBoards:665 - Loaded 211 board mini-images
2025-12-30 14:21:03,515 [INFO] MainUpdater:2872 - connection check result : 22
2025-12-30 14:21:03,515 [INFO] MainUpdater:2872 - connection check result : 22
2025-12-30 14:21:04,718 [INFO] MicroXplorer:468 - Change Database Path : 
2025-12-30 14:21:04,718 [INFO] MicroXplorer:498 - Change Database Version : DB.6.0.150
2025-12-30 14:21:04,723 [WARN] ThirdParty:871 - waiting for thirdparty lock release [close project]
2025-12-30 14:21:04,723 [INFO] ThirdParty:873 - entering critical section [close project]
2025-12-30 14:21:04,723 [INFO] ThirdParty:883 - exiting critical section [close project]
2025-12-30 14:21:04,725 [INFO] PinOutPanel:1589 - setPackage(No Configuration,No Configuration)
2025-12-30 14:21:04,725 [INFO] UtilMem:75 - Begin LoadConfig() Used Memory: 483462952 Bytes (691011584)
2025-12-30 14:21:04,728 [INFO] OpenFileManager:355 - Change cursor
2025-12-30 14:21:04,748 [INFO] ProjectFactory:514 - No CPN specified for board STM32F407G-DISC1 => set CPN to STM32F407VGT6
2025-12-30 14:21:04,749 [INFO] Mcu:2029 - Initializing MCU STM32F407V(E-G)Tx STM32F407VGTx STM32F407VGT6
2025-12-30 14:21:05,837 [INFO] Context:786 - Trying to add GPIOservice into a context  which must be forbidden
2025-12-30 14:21:06,195 [INFO] Rule:233 - rule 117617 - U5Cobra4M][GTZC] default value MPCBB3 and MPCBB5 - Not Secured memory - MPCBB1 is applicable
2025-12-30 14:21:06,195 [INFO] Rule:233 - rule 117617 - U5Cobra4M][GTZC] default value MPCBB3 and MPCBB5 - Not Secured memory - MPCBB1 is applicable
2025-12-30 14:21:06,195 [INFO] Rule:233 - rule 117617 - U5Cobra4M][GTZC] default value MPCBB3 and MPCBB5 - Not Secured memory - MPCBB2 is applicable
2025-12-30 14:21:06,195 [INFO] Rule:233 - rule 117617 - U5Cobra4M][GTZC] default value MPCBB3 and MPCBB5 - Not Secured memory - MPCBB2 is applicable
2025-12-30 14:21:06,195 [INFO] Rule:233 - rule 117617 - U5Cobra4M][GTZC] default value MPCBB3 and MPCBB5 - Not Secured memory - MPCBB3 is applicable
2025-12-30 14:21:06,195 [INFO] Rule:233 - rule 117617 - U5Cobra4M][GTZC] default value MPCBB3 and MPCBB5 - Not Secured memory - MPCBB3 is applicable
2025-12-30 14:21:06,195 [INFO] Rule:233 - rule 117617 - U5Cobra4M][GTZC] default value MPCBB3 and MPCBB5 - Not Secured memory - MPCBB4 is applicable
2025-12-30 14:21:06,195 [INFO] Rule:233 - rule 117617 - U5Cobra4M][GTZC] default value MPCBB3 and MPCBB5 - Not Secured memory - MPCBB4 is applicable
2025-12-30 14:21:06,195 [INFO] Rule:233 - rule 117617 - U5Cobra4M][GTZC] default value MPCBB3 and MPCBB5 - Secured memory - MPCBB1 is applicable
2025-12-30 14:21:06,195 [INFO] Rule:233 - rule 117617 - U5Cobra4M][GTZC] default value MPCBB3 and MPCBB5 - Secured memory - MPCBB2 is applicable
2025-12-30 14:21:06,195 [INFO] Rule:233 - rule 117617 - U5Cobra4M][GTZC] default value MPCBB3 and MPCBB5 - Secured memory - MPCBB3 is applicable
2025-12-30 14:21:06,195 [INFO] Rule:233 - rule 117617 - U5Cobra4M][GTZC] default value MPCBB3 and MPCBB5 - Secured memory - MPCBB4 is applicable
2025-12-30 14:21:06,195 [INFO] Rule:233 - rule 117617 - U5Cobra4M][GTZC] default value MPCBB3 and MPCBB5 - Privileged memory - MPCBB1 is applicable
2025-12-30 14:21:06,195 [INFO] Rule:233 - rule 117617 - U5Cobra4M][GTZC] default value MPCBB3 and MPCBB5 - Privileged memory - MPCBB2 is applicable
2025-12-30 14:21:06,196 [INFO] Rule:233 - rule 117617 - U5Cobra4M][GTZC] default value MPCBB3 and MPCBB5 - Privileged memory - MPCBB3 is applicable
2025-12-30 14:21:06,196 [INFO] Rule:233 - rule 117617 - U5Cobra4M][GTZC] default value MPCBB3 and MPCBB5 - Privileged memory - MPCBB4 is applicable
2025-12-30 14:21:06,196 [INFO] Rule:233 - rule 117617 - U5Cobra4M][GTZC] default value MPCBB3 and MPCBB5 - Not Privileged memory - MPCBB1 is applicable
2025-12-30 14:21:06,196 [INFO] Rule:233 - rule 117617 - U5Cobra4M][GTZC] default value MPCBB3 and MPCBB5 - Not Privileged memory - MPCBB2 is applicable
2025-12-30 14:21:06,196 [INFO] Rule:233 - rule 117617 - U5Cobra4M][GTZC] default value MPCBB3 and MPCBB5 - Not Privileged memory - MPCBB3 is applicable
2025-12-30 14:21:06,196 [INFO] Rule:233 - rule 117617 - U5Cobra4M][GTZC] default value MPCBB3 and MPCBB5 - Not Privileged memory - MPCBB4 is applicable
2025-12-30 14:21:06,196 [INFO] Rule:233 - rule 117617 - U5Cobra4M][GTZC] default value MPCBB3 and MPCBB5 - Privileged memory - MPCBB1 is applicable
2025-12-30 14:21:06,196 [INFO] Rule:233 - rule 117617 - U5Cobra4M][GTZC] default value MPCBB3 and MPCBB5 - Privileged memory - MPCBB2 is applicable
2025-12-30 14:21:06,196 [INFO] Rule:233 - rule 117617 - U5Cobra4M][GTZC] default value MPCBB3 and MPCBB5 - Privileged memory - MPCBB3 is applicable
2025-12-30 14:21:06,196 [INFO] Rule:233 - rule 117617 - U5Cobra4M][GTZC] default value MPCBB3 and MPCBB5 - Privileged memory - MPCBB4 is applicable
2025-12-30 14:21:06,196 [INFO] Rule:233 - rule 117617 - U5Cobra4M][GTZC] default value MPCBB3 and MPCBB5 - Privileged memory - MPCBB1 is applicable
2025-12-30 14:21:06,196 [INFO] Rule:233 - rule 117617 - U5Cobra4M][GTZC] default value MPCBB3 and MPCBB5 - Privileged memory - MPCBB2 is applicable
2025-12-30 14:21:06,196 [INFO] Rule:233 - rule 117617 - U5Cobra4M][GTZC] default value MPCBB3 and MPCBB5 - Privileged memory - MPCBB3 is applicable
2025-12-30 14:21:06,196 [INFO] Rule:233 - rule 117617 - U5Cobra4M][GTZC] default value MPCBB3 and MPCBB5 - Privileged memory - MPCBB4 is applicable
2025-12-30 14:21:06,196 [INFO] Rule:233 - rule 117617 - U5Cobra4M][GTZC] default value MPCBB3 and MPCBB5 - Not Privileged memory - MPCBB1 is applicable
2025-12-30 14:21:06,196 [INFO] Rule:233 - rule 117617 - U5Cobra4M][GTZC] default value MPCBB3 and MPCBB5 - Not Privileged memory - MPCBB2 is applicable
2025-12-30 14:21:06,196 [INFO] Rule:233 - rule 117617 - U5Cobra4M][GTZC] default value MPCBB3 and MPCBB5 - Not Privileged memory - MPCBB3 is applicable
2025-12-30 14:21:06,196 [INFO] Rule:233 - rule 117617 - U5Cobra4M][GTZC] default value MPCBB3 and MPCBB5 - Not Privileged memory - MPCBB4 is applicable
2025-12-30 14:21:06,196 [INFO] Rule:233 - rule 117617 - U5Cobra4M][GTZC] default value MPCBB3 and MPCBB5 - Privileged memory - MPCBB1 is applicable
2025-12-30 14:21:06,196 [INFO] Rule:233 - rule 117617 - U5Cobra4M][GTZC] default value MPCBB3 and MPCBB5 - Privileged memory - MPCBB2 is applicable
2025-12-30 14:21:06,196 [INFO] Rule:233 - rule 117617 - U5Cobra4M][GTZC] default value MPCBB3 and MPCBB5 - Privileged memory - MPCBB3 is applicable
2025-12-30 14:21:06,196 [INFO] Rule:233 - rule 117617 - U5Cobra4M][GTZC] default value MPCBB3 and MPCBB5 - Privileged memory - MPCBB4 is applicable
2025-12-30 14:21:06,196 [INFO] Rule:233 - rule Rename SubGHz_Phy SUBGHZ_APPLICATION SUBGHZ_PINGPONG to SUBGHZ_ADV_APPLICATION is applicable
2025-12-30 14:21:06,196 [INFO] Rule:233 - rule Rename Enabled to IBEACON is applicable
2025-12-30 14:21:06,196 [INFO] Rule:233 - rule GTZC_S instance for project manager is applicable
2025-12-30 14:21:06,196 [INFO] Rule:233 - rule GTZC_S instance for context M33S is applicable
2025-12-30 14:21:06,196 [INFO] Rule:233 - rule GTZC_S instance value for IP GTZC is applicable
2025-12-30 14:21:06,196 [INFO] Rule:233 - rule GTZC_S instance for mcu.IP is applicable
2025-12-30 14:21:06,196 [INFO] Rule:233 - rule GTZC_S instance for VP is applicable
2025-12-30 14:21:06,196 [INFO] Rule:233 - rule GTZC_S instance for signal is applicable
2025-12-30 14:21:06,196 [INFO] Rule:233 - rule GTZC_S instance for mcu.Pin is applicable
2025-12-30 14:21:06,196 [INFO] Rule:233 - rule GTZC_S instance for VP is applicable
2025-12-30 14:21:06,196 [INFO] Rule:233 - rule GTZC_S instance for signal is applicable
2025-12-30 14:21:06,196 [INFO] Rule:233 - rule GTZC_S instance for mcu is applicable
2025-12-30 14:21:06,197 [INFO] Rule:233 - rule GTZC_S instance for mcu.Pin is applicable
2025-12-30 14:21:06,197 [INFO] Rule:233 - rule GTZC_S instance value for IP GTZC is applicable
2025-12-30 14:21:06,197 [INFO] Rule:233 - rule GTZC_S instance for project manager is applicable
2025-12-30 14:21:06,197 [INFO] Rule:233 - rule GTZC_S instance for context M33S is applicable
2025-12-30 14:21:06,197 [INFO] Rule:233 - rule GTZC_S instance for VP is applicable
2025-12-30 14:21:06,197 [INFO] Rule:233 - rule GTZC_S instance for signal is applicable
2025-12-30 14:21:06,197 [INFO] Rule:233 - rule SPDIFRX instance for mcu is applicable
2025-12-30 14:21:06,197 [INFO] Rule:233 - rule Rename Tracer Mode is applicable
2025-12-30 14:21:06,197 [INFO] Rule:233 - rule SPDIFRX instance value for IP SPDIFRX is applicable
2025-12-30 14:21:06,197 [INFO] Rule:233 - rule SPDIFRX instance for signal is applicable
2025-12-30 14:21:06,197 [INFO] Rule:233 - rule SPDIFRX instance for project manager is applicable
2025-12-30 14:21:06,197 [INFO] Rule:233 - rule SPDIFRX instance for project manager is applicable
2025-12-30 14:21:06,197 [INFO] Rule:233 - rule ADC Scan  fix with FW F7 is applicable
2025-12-30 14:21:06,197 [INFO] Rule:233 - rule ADC Scan  fix with FW F7 is applicable
2025-12-30 14:21:06,197 [INFO] Rule:233 - rule WakeUp0 Mode is applicable
2025-12-30 14:21:06,197 [INFO] Rule:233 - rule WakeUp0 SIGNAL is applicable
2025-12-30 14:21:06,197 [INFO] Rule:233 - rule WakeUp1 Mode is applicable
2025-12-30 14:21:06,197 [INFO] Rule:233 - rule WakeUp1 SIGNAL is applicable
2025-12-30 14:21:06,197 [INFO] Rule:233 - rule WakeUp2 Mode is applicable
2025-12-30 14:21:06,197 [INFO] Rule:233 - rule WakeUp2 SIGNAL is applicable
2025-12-30 14:21:06,197 [INFO] Rule:233 - rule WakeUp4 Mode is applicable
2025-12-30 14:21:06,197 [INFO] Rule:233 - rule WakeUp4 SIGNAL is applicable
2025-12-30 14:21:06,197 [INFO] Rule:233 - rule WakeUp5 Mode is applicable
2025-12-30 14:21:06,197 [INFO] Rule:233 - rule WakeUp5 SIGNAL is applicable
2025-12-30 14:21:06,197 [INFO] Rule:233 - rule UART/USART WORD LENGTH 7 is applicable
2025-12-30 14:21:06,198 [INFO] Rule:233 - rule UART/USART WORD LENGTH 8 is applicable
2025-12-30 14:21:06,198 [INFO] Rule:233 - rule UART/USART WORD LENGTH 9 is applicable
2025-12-30 14:21:06,198 [INFO] Rule:233 - rule Change Default Value for LSE Drive Capability for WB family is applicable
2025-12-30 14:21:06,198 [INFO] Rule:233 - rule Change Default Value for ADC Clock Prescaler G0 family is applicable
2025-12-30 14:21:06,198 [INFO] Rule:233 - rule ADC SamplingTime fix with FW L0  is applicable
2025-12-30 14:21:06,198 [INFO] Rule:233 - rule ADC SamplingTime fix with FW L0  is applicable
2025-12-30 14:21:06,198 [INFO] Rule:233 - rule ADC SamplingTime fix with FW L0 is applicable
2025-12-30 14:21:06,198 [INFO] Rule:233 - rule ADC SamplingTime fix with FW L0 is applicable
2025-12-30 14:21:06,198 [INFO] Rule:233 - rule ADC SamplingTime fix with FW L0  is applicable
2025-12-30 14:21:06,198 [INFO] Rule:233 - rule ADC SamplingTime fix with FW L0 is applicable
2025-12-30 14:21:06,198 [INFO] Rule:233 - rule Rename USB_OE Signal is applicable
2025-12-30 14:21:06,198 [INFO] Rule:233 - rule Rename Activate_OE Mode is applicable
2025-12-30 14:21:06,198 [INFO] Rule:233 - rule Rename DIE462/DIE415 pin PC14/OSC32_IN -> PC14-OSC32_IN (PC14) is applicable
2025-12-30 14:21:06,198 [INFO] Rule:233 - rule Rename DIE462/DIE415 pin PC15/OSC32_OUT -> PC15-OSC32_OUT (PC15) is applicable
2025-12-30 14:21:06,198 [INFO] Rule:233 - rule Rename DIE462/DIE415 pin PH0/OSC_IN -> PH0-OSC_IN (PH0) is applicable
2025-12-30 14:21:06,198 [INFO] Rule:233 - rule Rename DIE462/DIE415 pin PH1/OSC_OUT -> PH1-OSC_OUT (PH1) is applicable
2025-12-30 14:21:06,198 [INFO] Rule:233 - rule Rename DIE462 pin PA13 -> PA13 (JTMS/SWDIO) is applicable
2025-12-30 14:21:06,198 [INFO] Rule:233 - rule Rename DIE415 pin PA13 -> PA13 (JTMS/SWDIO) is applicable
2025-12-30 14:21:06,198 [INFO] Rule:233 - rule Rename DIE462 pin PA14 -> PA14 (JTCK/SWCLK) is applicable
2025-12-30 14:21:06,199 [INFO] Rule:233 - rule Rename DIE415 pin PA14 -> PA14 (JTCK/SWCLK) is applicable
2025-12-30 14:21:06,199 [INFO] Rule:233 - rule Rename DIE462/DIE415 pin PA15 -> PA15 (JTDI) is applicable
2025-12-30 14:21:06,199 [INFO] Rule:233 - rule Rename DIE462 pin PB3 -> PB3 (JTD0/TRACESWO) is applicable
2025-12-30 14:21:06,199 [INFO] Rule:233 - rule Rename DIE415 pin PB3 -> PB3 (JTD0-TRACESWO) is applicable
2025-12-30 14:21:06,199 [INFO] Rule:233 - rule Rename DIE462/DIE415 pin PB4 -> PB4 (NJTRST) is applicable
2025-12-30 14:21:06,199 [INFO] Rule:233 - rule Rename DIE462 pin PH3/BOOT0 -> PH3-BOOT0 (BOOT0) is applicable
2025-12-30 14:21:06,199 [INFO] Rule:233 - rule Rename CRYP DataEncryptionTypesList to Algorithm is applicable
2025-12-30 14:21:06,199 [INFO] Rule:233 - rule Rename AES DataEncryptionTypesList to Algorithm is applicable
2025-12-30 14:21:06,199 [INFO] Rule:233 - rule Rename TDESECB to CRYP_TDES_ECB is applicable
2025-12-30 14:21:06,199 [INFO] Rule:233 - rule Rename TDESCBC to CRYP_TDES_CBC is applicable
2025-12-30 14:21:06,199 [INFO] Rule:233 - rule Rename DESECB to CRYP_DES_ECB is applicable
2025-12-30 14:21:06,199 [INFO] Rule:233 - rule Rename DESCBC to CRYP_DES_CBC is applicable
2025-12-30 14:21:06,199 [INFO] Rule:233 - rule Rename AESECB to CRYP_AES_ECB is applicable
2025-12-30 14:21:06,199 [INFO] Rule:233 - rule Rename AESCBC to CRYP_AES_CBC is applicable
2025-12-30 14:21:06,200 [INFO] Rule:233 - rule Rename AESCTR to CRYP_AES_CTR is applicable
2025-12-30 14:21:06,200 [INFO] Rule:233 - rule Rename AESGCM to CRYP_AES_GCM is applicable
2025-12-30 14:21:06,200 [INFO] Rule:233 - rule Rename AESCCM to CRYP_AES_CCM is applicable
2025-12-30 14:21:06,200 [INFO] Rule:233 - rule Rename CAN TimeSeg1 to BS1 is applicable
2025-12-30 14:21:06,200 [INFO] Rule:233 - rule Rename CAN TimeSeg2 to BS2 is applicable
2025-12-30 14:21:06,200 [INFO] Rule:233 - rule Rename CAN SyncJumpWidth to SJW is applicable
2025-12-30 14:21:06,200 [INFO] Rule:233 - rule TimeTriggeredMode to TTCM is applicable
2025-12-30 14:21:06,200 [INFO] Rule:233 - rule Rename CAN AutoBusOff to ABOM is applicable
2025-12-30 14:21:06,200 [INFO] Rule:233 - rule Rename CAN AutoWakeUp to AWUM is applicable
2025-12-30 14:21:06,200 [INFO] Rule:233 - rule Rename CAN AutoRetransmission to NART is applicable
2025-12-30 14:21:06,200 [INFO] Rule:233 - rule Rename CAN ReceiveFifoLocked to RFLM is applicable
2025-12-30 14:21:06,200 [INFO] Rule:233 - rule Rename CAN TransmitFifoPriority to TXFP is applicable
2025-12-30 14:21:06,200 [INFO] Rule:233 - rule Rename HRTIMER HRTIM_OUTPUTFAULTLEVEL_HIGH in HRTIMER HRTIM_OUTPUTFAULTLEVEL_HIGHZ is applicable
2025-12-30 14:21:06,200 [INFO] Rule:233 - rule Rename TIMER TIM_CLEARINPUTSOURCE_OCREFCLR in  TIMER TIM_CLEARINPUTSOURCE_NONE for F7 family is applicable
2025-12-30 14:21:06,200 [INFO] Rule:233 - rule FDCAN_R1 - Rename FDCAN mode Master into Classic is applicable
2025-12-30 14:21:06,201 [INFO] Rule:233 - rule FDCAN_R2 - Rename FDCAN mode Slave into Classic is applicable
2025-12-30 14:21:06,201 [INFO] Rule:233 - rule FDCAN1_R3 - if PA10.Mode=FullDuplex, add Pin PA12 is applicable
2025-12-30 14:21:06,201 [INFO] Rule:233 - rule FDCAN1_R3 - if PA9.Mode=FullDuplex, add Pin PA11 is applicable
2025-12-30 14:21:06,201 [INFO] Rule:233 - rule FDCAN1_R3 - Alternatepin_1 - if PE1.Mode=FullDuplex, add Pin PB9 is applicable
2025-12-30 14:21:06,201 [INFO] Rule:233 - rule FDCAN1_R3 - Alternatepin_1 - if PE0.Mode=FullDuplex, add Pin PB8 is applicable
2025-12-30 14:21:06,201 [INFO] Rule:233 - rule FDCAN1_R3 - Alternatepin_2 - if PD5.Mode=FullDuplex, add Pin PD1 is applicable
2025-12-30 14:21:06,201 [INFO] Rule:233 - rule FDCAN1_R3 - Alternatepin_2 - if PD4.Mode=FullDuplex, add Pin PD0 is applicable
2025-12-30 14:21:06,201 [INFO] Rule:233 - rule FDCAN1_R4 - Rename Mode FullDuplex into Enable FDCAN_TXFD for pin PA10 is applicable
2025-12-30 14:21:06,201 [INFO] Rule:233 - rule FDCAN1_R4 - Rename Mode FullDuplex into Enable FDCAN_TXFD for pin PA9 is applicable
2025-12-30 14:21:06,201 [INFO] Rule:233 - rule FDCAN1_R4 - Alternatepin_1 - Rename Mode FullDuplex into Enable FDCAN_TXFD for pin PE1 is applicable
2025-12-30 14:21:06,201 [INFO] Rule:233 - rule FDCAN1_R4 - Alternatepin_1 - Rename Mode FullDuplex into Enable FDCAN_TXFD for pin PE0 is applicable
2025-12-30 14:21:06,201 [INFO] Rule:233 - rule FDCAN1_R4 - Alternatepin_2 - Rename Mode FullDuplex into Enable FDCAN_TXFD for pin PD5 is applicable
2025-12-30 14:21:06,201 [INFO] Rule:233 - rule FDCAN1_R4 - Alternatepin_2 - Rename Mode FullDuplex into Enable FDCAN_TXFD for pin PD4 is applicable
2025-12-30 14:21:06,201 [INFO] Rule:233 - rule FDCAN2_R3 - if PD10.Mode=FullDuplex, add Pin PB13 is applicable
2025-12-30 14:21:06,201 [INFO] Rule:233 - rule FDCAN2_R3 - if PD9.Mode=FullDuplex, add Pin PB12 is applicable
2025-12-30 14:21:06,201 [INFO] Rule:233 - rule FDCAN2_R3 - Alternatepin_1 - if PB7.Mode=FullDuplex, add Pin PB6 is applicable
2025-12-30 14:21:06,201 [INFO] Rule:233 - rule FDCAN2_R3 - Alternatepin_1 - if PD9.Mode=FullDuplex, add Pin PB12 is applicable
2025-12-30 14:21:06,201 [INFO] Rule:233 - rule FDCAN2_R4 - Rename Mode FullDuplex into Enable FDCAN_TXFD for pin PD10 is applicable
2025-12-30 14:21:06,201 [INFO] Rule:233 - rule FDCAN2_R4 - Rename Mode FullDuplex into Enable FDCAN_TXFD for pin PD9 is applicable
2025-12-30 14:21:06,201 [INFO] Rule:233 - rule FDCAN2_R4 - Alternatepin_1 - Rename Mode FullDuplex into Enable FDCAN_TXFD for pin PB7 is applicable
2025-12-30 14:21:06,201 [INFO] Rule:233 - rule FDCAN2_R4 - Alternatepin_1 - Rename Mode FullDuplex into Enable FDCAN_TXFD for pin PD6 is applicable
2025-12-30 14:21:06,201 [INFO] Rule:233 - rule USART TxPinLevelInvertParam Mode is applicable
2025-12-30 14:21:06,201 [INFO] Rule:233 - rule USART RxPinLevelInvertParam Mode is applicable
2025-12-30 14:21:06,201 [INFO] Rule:233 - rule USART DataInvertParam Mode is applicable
2025-12-30 14:21:06,201 [INFO] Rule:233 - rule USART SwapParam Mode is applicable
2025-12-30 14:21:06,201 [INFO] Rule:233 - rule USART OverrunDisableParam Mode is applicable
2025-12-30 14:21:06,201 [INFO] Rule:233 - rule USART DMADisableonRxErrorParam Mode is applicable
2025-12-30 14:21:06,201 [INFO] Rule:233 - rule USART MSBFirstParam Mode is applicable
2025-12-30 14:21:06,201 [INFO] Rule:233 - rule Update MwName for USB_DEVICE is applicable
2025-12-30 14:21:06,201 [INFO] Rule:233 - rule Change PWR_Regulator_Voltage_Scale Default Value for RCC  H7 family is applicable
2025-12-30 14:21:06,201 [INFO] Rule:233 - rule UART/USART IPParameter rename Prescaler parameter to ClockPrescaler is applicable
2025-12-30 14:21:06,201 [INFO] Rule:233 - rule UART/USART Prescaler rename Prescaler parameter to ClockPrescaler is applicable
2025-12-30 14:21:06,201 [INFO] Rule:233 - rule TIM1CLockSelection is applicable
2025-12-30 14:21:06,201 [INFO] Rule:233 - rule TIM15CLockSelection is applicable
2025-12-30 14:21:06,201 [INFO] Rule:233 - rule align RCC SDMMC3CLockSelection default value on MP1 is applicable
2025-12-30 14:21:06,201 [INFO] Rule:233 - rule align RCC SDMMC12CLockSelection default value on MP1 is applicable
2025-12-30 14:21:06,201 [INFO] Rule:233 - rule align RCC QSPICLockSelection default value on MP1 is applicable
2025-12-30 14:21:06,201 [INFO] Rule:233 - rule align RCC QSPICLockSelection default value on MP1 is applicable
2025-12-30 14:21:06,201 [INFO] Rule:233 - rule align RCC SPI6CLockSelection default value on MP1 is applicable
2025-12-30 14:21:06,201 [INFO] Rule:233 - rule align RCC LPTIM23CLockSelection default value on MP1 is applicable
2025-12-30 14:21:06,202 [INFO] Rule:233 - rule align RCC LPTIM1CLockSelection default value on MP1 is applicable
2025-12-30 14:21:06,202 [INFO] Rule:233 - rule align RCC USART1CLockSelection default value on MP1 is applicable
2025-12-30 14:21:06,202 [INFO] Rule:233 - rule align RCC USART24CLockSelection default value on MP1 is applicable
2025-12-30 14:21:06,202 [INFO] Rule:233 - rule align RCC USART6CLockSelection default value on MP1 is applicable
2025-12-30 14:21:06,202 [INFO] Rule:233 - rule align RCC UART78CLockSelection default value on MP1 is applicable
2025-12-30 14:21:06,202 [INFO] Rule:233 - rule align RCC USART35CLockSelection default value on MP1 is applicable
2025-12-30 14:21:06,202 [INFO] Rule:233 - rule align RCC SPI45CLockSelection default value on MP1 is applicable
2025-12-30 14:21:06,202 [INFO] Rule:233 - rule align RCC I2C46CLockSelection BCLK value on MP1 is applicable
2025-12-30 14:21:06,202 [INFO] Rule:233 - rule align RCC SPI45CLockSelection default value on MP1 is applicable
2025-12-30 14:21:06,202 [INFO] Rule:233 - rule align RCC I2C12CLockSelection default value on MP1 is applicable
2025-12-30 14:21:06,202 [INFO] Rule:233 - rule align RCC I2C35CLockSelection default value on MP1 is applicable
2025-12-30 14:21:06,202 [INFO] Rule:233 - rule align RCC LPTIM45CLockSelection default value on MP1 is applicable
2025-12-30 14:21:06,202 [INFO] Rule:233 - rule Rename DCMI PIXCK signal is applicable
2025-12-30 14:21:06,202 [INFO] Rule:233 - rule Change Default Value for I2C46CLockSelection MP1 family is applicable
2025-12-30 14:21:06,202 [INFO] Rule:233 - rule Change Default Value for UART for G4, G0 and WB families is applicable
2025-12-30 14:21:06,202 [INFO] Rule:233 - rule Change Default Value for USART for G4, G0 and WB families is applicable
2025-12-30 14:21:06,202 [INFO] Rule:233 - rule Change Default Value for USART for G4 family is applicable
2025-12-30 14:21:06,202 [INFO] Rule:233 - rule Change USART1CLockSelection refparam name for MP1 is applicable
2025-12-30 14:21:06,202 [INFO] Rule:233 - rule Change USART2CLockSelection refparam name for MP1 is applicable
2025-12-30 14:21:06,202 [INFO] Rule:233 - rule Change USART3CLockSelection refparam name for MP1 is applicable
2025-12-30 14:21:06,202 [INFO] Rule:233 - rule Change UART4CLockSelection refparam name for MP1 is applicable
2025-12-30 14:21:06,202 [INFO] Rule:233 - rule Change UART5CLockSelection refparam name for MP1 is applicable
2025-12-30 14:21:06,202 [INFO] Rule:233 - rule Change LPUART1CLockSelection refparam name for MP1 is applicable
2025-12-30 14:21:06,202 [INFO] Rule:233 - rule Change LPTIM1CLockSelection refparam name for MP1 is applicable
2025-12-30 14:21:06,202 [INFO] Rule:233 - rule Change LPTIM2CLockSelection refparam name for MP1 is applicable
2025-12-30 14:21:06,202 [INFO] Rule:233 - rule Change RCC_MCO1Source refparam name for MP1 is applicable
2025-12-30 14:21:06,202 [INFO] Rule:233 - rule Change LSCOSource1 refparam name for MP1 is applicable
2025-12-30 14:21:06,202 [INFO] Rule:233 - rule Change SMPSCLockSelection refparam name for MP1 is applicable
2025-12-30 14:21:06,202 [INFO] Rule:233 - rule Change LPTIM3CLockSelection refparam name for MP1 is applicable
2025-12-30 14:21:06,202 [INFO] Rule:233 - rule Change MPCBB* Default Template Mode to Parameters is applicable
2025-12-30 14:21:06,202 [INFO] Rule:233 - rule Change MPCWM* or MPCBB* Secure Mode to Parameters is applicable
2025-12-30 14:21:06,202 [INFO] Rule:233 - rule Change MPCWM* or MPCBB* No Secure Mode to Parameters is applicable
2025-12-30 14:21:06,202 [INFO] Rule:233 - rule Change TZSC IP Secure Mode to Parameters is applicable
2025-12-30 14:21:06,202 [INFO] Rule:233 - rule Change TZSC IP No Secure Mode to Parameters is applicable
2025-12-30 14:21:06,203 [INFO] Rule:233 - rule Change TZSC IP Privilege Mode to Parameters is applicable
2025-12-30 14:21:06,203 [INFO] Rule:233 - rule Change TZSC IP No Privilege Mode to Parameters is applicable
2025-12-30 14:21:06,203 [INFO] Rule:233 - rule Change TZIC IT Secure Mode to Parameters is applicable
2025-12-30 14:21:06,203 [INFO] Rule:233 - rule Change TZIC IT No Secure Mode to Parameters is applicable
2025-12-30 14:21:06,203 [INFO] Rule:233 - rule Add MPCBB1_NonSecureArea_Start_Address value with referenced to MPCBB1_NonSecureArea_Start value is applicable
2025-12-30 14:21:06,203 [INFO] Rule:233 - rule Add MPCBB2_NonSecureArea_Start_Address value with referenced to MPCBB2_NonSecureArea_Start value is applicable
2025-12-30 14:21:06,203 [INFO] Rule:233 - rule Add MPCWM1_NonSecureArea*_Start_Address value with referenced to MPCWM1_NonSecureArea*_Start value is applicable
2025-12-30 14:21:06,203 [INFO] Rule:233 - rule Add MPCWM2_NonSecureArea*_Start_Address value with referenced to MPCWM2_NonSecureArea*_Start value is applicable
2025-12-30 14:21:06,203 [INFO] Rule:233 - rule Add MPCWM3_NonSecureArea_Start_Address value with referenced to MPCWM3_NonSecureArea_Start value is applicable
2025-12-30 14:21:06,203 [INFO] Rule:233 - rule Change Default Value for PLL1UserDefinedConfig is applicable
2025-12-30 14:21:06,203 [INFO] Rule:233 - rule Change GPIO_PuPd Default Value for USART in async mode is applicable
2025-12-30 14:21:06,203 [INFO] Rule:233 - rule Change SMPSDivider Default Value is applicable
2025-12-30 14:21:06,203 [INFO] Rule:233 - rule OPAMP is applicable
2025-12-30 14:21:06,203 [INFO] Rule:233 - rule LPUART IPParameter rename Prescaler parameter to ClockPrescaler for STM32H7 is applicable
2025-12-30 14:21:06,203 [INFO] Rule:233 - rule LPUART IPParameter rename Prescaler parameter to ClockPrescaler for STM32H7 is applicable
2025-12-30 14:21:06,203 [INFO] Rule:233 - rule LPUART IPParameter rename Prescaler parameter to ClockPrescaler for STM32WB is applicable
2025-12-30 14:21:06,203 [INFO] Rule:233 - rule LPUART IPParameter rename Prescaler parameter to ClockPrescaler for STM32WB is applicable
2025-12-30 14:21:06,203 [INFO] Rule:233 - rule LPUART IPParameter rename Prescaler parameter to ClockPrescaler for STM32G4 is applicable
2025-12-30 14:21:06,203 [INFO] Rule:233 - rule LPUART IPParameter rename Prescaler parameter to ClockPrescaler for STM32G4 is applicable
2025-12-30 14:21:06,203 [INFO] Rule:233 - rule LPUART IPParameter rename Prescaler parameter to ClockPrescaler for STM32L5 is applicable
2025-12-30 14:21:06,203 [INFO] Rule:233 - rule LPUART IPParameter rename Prescaler parameter to ClockPrescaler for STM32L5 is applicable
2025-12-30 14:21:06,203 [INFO] Rule:233 - rule LPUART IPParameter rename Prescaler parameter to ClockPrescaler for STM32G4 is applicable
2025-12-30 14:21:06,203 [INFO] Rule:233 - rule LPUART IPParameter rename Prescaler parameter to ClockPrescaler for STM32G4 is applicable
2025-12-30 14:21:06,203 [INFO] Rule:233 - rule USB device lib V2.5.3 for L0 rename USBD_SUPPORT_USER_STRING parameter to USBD_SUPPORT_USER_STRING_DESC4 is applicable
2025-12-30 14:21:06,203 [INFO] Rule:233 - rule I2SCLockSelection clock entry align is applicable
2025-12-30 14:21:06,203 [INFO] Rule:233 - rule Assign TIMx context if used as SYS timebase is applicable
2025-12-30 14:21:06,203 [INFO] Rule:233 - rule Change GPIO_Pu Default Value for I2C is applicable
2025-12-30 14:21:06,203 [INFO] Rule:233 - rule Change GPIO_Pu Default Value for SMBus is applicable
2025-12-30 14:21:06,204 [INFO] Rule:233 - rule change FDCAN default value is applicable
2025-12-30 14:21:06,204 [INFO] Rule:233 - rule Change mode sai is applicable
2025-12-30 14:21:06,204 [INFO] Rule:233 - rule **Change sai mode is applicable
2025-12-30 14:21:06,204 [INFO] Rule:233 - rule Rename STM32WPAN CFG_BLE_IRK to CFG_BLE_IR is applicable
2025-12-30 14:21:06,204 [INFO] Rule:233 - rule Rename STM32WPAN CFG_BLE_ERK to CFG_BLE_ER is applicable
2025-12-30 14:21:06,204 [INFO] Rule:233 - rule Rename STM32WPAN CFG_BLE_IRK_HEX to CFG_BLE_IR_HEX is applicable
2025-12-30 14:21:06,204 [INFO] Rule:233 - rule Rename STM32WPAN CFG_BLE_ERK_HEX to CFG_BLE_ER_HEX is applicable
2025-12-30 14:21:06,204 [INFO] Rule:233 - rule Adapt Old IOC before rework replace old CORTEX_M33/CORTEX_M55 attributes by the new one. is applicable
2025-12-30 14:21:06,204 [INFO] Rule:233 - rule Rename parametre of RCC RCC_APBDBG_DIV2 to RCC_TIMPRES_DIV2 is applicable
2025-12-30 14:21:06,204 [INFO] Rule:233 - rule Rename DIE493 pin PA10 [PA12] -> PA10 is applicable
2025-12-30 14:21:06,204 [INFO] Rule:233 - rule Rename DIE493 pin PA9 [PA11] -> PA9 is applicable
2025-12-30 14:21:06,204 [INFO] Rule:233 - rule Rename DIE492 PartNumber CPN STM32WBA5MJGHx -> STM32WBA5MMGHx is applicable
2025-12-30 14:21:06,204 [INFO] Rule:233 - rule Rename DIE492 PartNumber  Name STM32WBA5MJGHx -> STM32WBA5MMGHx is applicable
2025-12-30 14:21:06,205 [INFO] Rule:233 - rule Rename DIE492 PartNumber UserName STM32WBA5MJGHx -> STM32WBA5MMGHx is applicable
2025-12-30 14:21:06,205 [INFO] Rule:233 - rule Rename DIE492 PartNumber DeviceId STM32WBA5MJGHx -> STM32WBA5MMGHx is applicable
2025-12-30 14:21:06,205 [INFO] Rule:233 - rule Adapt Old IOC CSI. is applicable
2025-12-30 14:21:06,205 [INFO] Rule:233 - rule Adapt Old IOC DCMIPP. is applicable
2025-12-30 14:21:06,205 [INFO] Rule:233 - rule Adapt Old IOC DCMIPP Mode Parallel. is applicable
2025-12-30 14:21:06,205 [INFO] Rule:233 - rule Adapt Old IOC LTDC. is applicable
2025-12-30 14:21:06,205 [INFO] Rule:233 - rule Rename STM32MP2 RIF Peripheral LTDC RIF.RISUP.LTDC_L0L1.Privilege -> RIF.RISUP.LTDC_L1L2.Privilege is applicable
2025-12-30 14:21:06,205 [INFO] Rule:233 - rule Rename STM32MP2 RIF Peripheral LTDC RIF.RISUP.LTDC_L0L1.Privilege -> RIF.RISUP.LTDC_L1L2.Privilege is applicable
2025-12-30 14:21:06,205 [INFO] Rule:233 - rule Rename STM32MP2 RIF Peripheral LTDC RIF.RISUP.LTDC_L0L1.Lock -> RIF.RISUP.LTDC_L1L2.Lock is applicable
2025-12-30 14:21:06,205 [INFO] Rule:233 - rule Rename STM32MP2 RIF Peripheral LTDC RIF.RISUP.LTDC_L2.Lock -> RIF.RISUP.LTDC_L3.Lock is applicable
2025-12-30 14:21:06,205 [INFO] Rule:233 - rule Adapt the old IOC example for updating the SYS when it is misconfigured. is applicable
2025-12-30 14:21:06,205 [INFO] Rule:233 - rule Rename STM32C09 Mcu.Package LQFP64 -> LQFP48 is applicable
2025-12-30 14:21:06,205 [INFO] Rule:233 - rule Adapt the old IOC example for updating the SYS when it is misconfigured. is applicable
2025-12-30 14:21:06,205 [INFO] Rule:233 - rule Adapt the old IOC example for updating the SYS when it is misconfigured. is applicable
2025-12-30 14:21:06,221 [INFO] DbConfProperties:307 - Apply Compatibility (38/250 Rules)
2025-12-30 14:21:06,243 [INFO] ImportTextPane:234 - (OptionalMessage_ERROR) Unable to find key (Mcu.ThirdPartyNb) in loaded IOC file
2025-12-30 14:21:06,246 [INFO] ImportTextPane:234 - (OptionalMessage_ERROR) Pin34 (VP_RIF_VS_RIF1) cannot be retrieved for this MCU
2025-12-30 14:21:06,351 [INFO] RtosManager:558 - Registered RTOS mode: class=CMSIS, group=RTOS, mode=CMSIS_V1, owner=FREERTOS
2025-12-30 14:21:06,352 [INFO] RtosManager:558 - Registered RTOS mode: class=CMSIS, group=RTOS2, mode=CMSIS_V2, owner=FREERTOS
2025-12-30 14:21:06,352 [INFO] RtosManager:558 - Registered RTOS mode: class=RTOS, group=Core, mode=CMSIS_V1, owner=FREERTOS
2025-12-30 14:21:06,352 [INFO] RtosManager:558 - Registered RTOS mode: class=RTOS, group=Core, mode=CMSIS_V2, owner=FREERTOS
2025-12-30 14:21:06,352 [WARN] ModelIntegratedComponent:184 - Missing modes for component STMicroelectronics:FreeRTOS:0.0.1:STMicroelectronics:RTOS:FreeRTOS:Core:::10.2.0:
2025-12-30 14:21:06,362 [WARN] ModelIntegratedComponent:63 - No mode defined for component null
2025-12-30 14:21:06,362 [WARN] ModelIntegratedComponent:63 - No mode defined for component null
2025-12-30 14:21:06,362 [WARN] ModelIntegratedComponent:63 - No mode defined for component null
2025-12-30 14:21:06,362 [WARN] ModelIntegratedComponent:63 - No mode defined for component null
2025-12-30 14:21:06,362 [WARN] ModelIntegratedComponent:63 - No mode defined for component null
2025-12-30 14:21:06,362 [WARN] ModelIntegratedComponent:63 - No mode defined for component null
2025-12-30 14:21:06,362 [WARN] ModelIntegratedComponent:63 - No mode defined for component null
2025-12-30 14:21:06,362 [WARN] ModelIntegratedComponent:63 - No mode defined for component null
2025-12-30 14:21:06,362 [WARN] ModelIntegratedComponent:63 - No mode defined for component null
2025-12-30 14:21:06,362 [WARN] ModelIntegratedComponent:63 - No mode defined for component null
2025-12-30 14:21:06,362 [WARN] ModelIntegratedComponent:63 - No mode defined for component null
2025-12-30 14:21:06,362 [WARN] ModelIntegratedComponent:63 - No mode defined for component null
2025-12-30 14:21:06,362 [WARN] ModelIntegratedComponent:63 - No mode defined for component null
2025-12-30 14:21:06,362 [WARN] ModelIntegratedComponent:63 - No mode defined for component null
2025-12-30 14:21:06,362 [WARN] ModelIntegratedComponent:63 - No mode defined for component null
2025-12-30 14:21:06,362 [WARN] ModelIntegratedComponent:63 - No mode defined for component null
2025-12-30 14:21:06,362 [WARN] ModelIntegratedComponent:63 - No mode defined for component null
2025-12-30 14:21:06,363 [WARN] ModelIntegratedComponent:63 - No mode defined for component null
2025-12-30 14:21:06,363 [WARN] ModelIntegratedComponent:63 - No mode defined for component null
2025-12-30 14:21:06,363 [WARN] ModelIntegratedComponent:63 - No mode defined for component null
2025-12-30 14:21:06,363 [WARN] ModelIntegratedComponent:63 - No mode defined for component null
2025-12-30 14:21:06,363 [WARN] ModelIntegratedComponent:63 - No mode defined for component null
2025-12-30 14:21:06,363 [WARN] ModelIntegratedComponent:63 - No mode defined for component null
2025-12-30 14:21:06,363 [WARN] ModelIntegratedComponent:63 - No mode defined for component null
2025-12-30 14:21:06,363 [WARN] ModelIntegratedComponent:63 - No mode defined for component null
2025-12-30 14:21:06,363 [WARN] ModelIntegratedComponent:63 - No mode defined for component null
2025-12-30 14:21:06,363 [WARN] ModelIntegratedComponent:63 - No mode defined for component null
2025-12-30 14:21:06,363 [WARN] ModelIntegratedComponent:63 - No mode defined for component null
2025-12-30 14:21:06,363 [WARN] ModelIntegratedComponent:63 - No mode defined for component null
2025-12-30 14:21:06,363 [WARN] ModelIntegratedComponent:63 - No mode defined for component null
2025-12-30 14:21:06,363 [WARN] ModelIntegratedComponent:63 - No mode defined for component null
2025-12-30 14:21:06,363 [WARN] ModelIntegratedComponent:63 - No mode defined for component null
2025-12-30 14:21:06,363 [WARN] ModelIntegratedComponent:63 - No mode defined for component null
2025-12-30 14:21:06,363 [WARN] ModelIntegratedComponent:63 - No mode defined for component null
2025-12-30 14:21:06,363 [WARN] ModelIntegratedComponent:63 - No mode defined for component null
2025-12-30 14:21:06,363 [WARN] ModelPack:524 - Component already loaded: STMicroelectronics:HAL Drivers:0.0.0:STMicroelectronics:Device:STMicro_Driver:XSPI:HAL::0.0.1:HAL_XSPI
2025-12-30 14:21:06,381 [INFO] ThirdPartyModel:298 - Start build external matchings
2025-12-30 14:21:06,490 [INFO] ThirdPartyModel:316 - End build external matchings
2025-12-30 14:21:06,773 [INFO] UtilMem:75 - End LoadConfig() Used Memory: 443290296 Bytes (772800512)
2025-12-30 14:21:06,866 [WARN] ThirdParty:833 - waiting for thirdparty lock release [change project]
2025-12-30 14:21:06,866 [INFO] ThirdParty:835 - entering critical section [change project]
2025-12-30 14:21:06,867 [INFO] ThirdParty:1030 - CMSIS Pack Vendor :STMicroelectronics X-CUBE-PM33A1 1.0.0
2025-12-30 14:21:06,867 [INFO] ThirdParty:1030 - CMSIS Pack Vendor :STMicroelectronics USBPD 4.1
2025-12-30 14:21:06,867 [INFO] ThirdParty:1030 - CMSIS Pack Vendor :STMicroelectronics X-CUBE-NFC9 1.0.0
2025-12-30 14:21:06,867 [INFO] ThirdParty:1030 - CMSIS Pack Vendor :STMicroelectronics USB_HOST 2.0.0
2025-12-30 14:21:06,867 [INFO] ThirdParty:1030 - CMSIS Pack Vendor :STMicroelectronics FP-SNS-MOTENVWB1 1.4.0
2025-12-30 14:21:06,867 [INFO] ThirdParty:1030 - CMSIS Pack Vendor :STMicroelectronics X-CUBE-AZRTOS-F4 1.1.0
2025-12-30 14:21:06,867 [INFO] ThirdParty:1030 - CMSIS Pack Vendor :STMicroelectronics LIBJPEG 8.0.0
2025-12-30 14:21:06,867 [INFO] ThirdParty:1030 - CMSIS Pack Vendor :STMicroelectronics FP-ATR-ASTRA1 2.0.2
2025-12-30 14:21:06,867 [INFO] ThirdParty:1030 - CMSIS Pack Vendor :STMicroelectronics X-CUBE-BLE1 7.1.0
2025-12-30 14:21:06,867 [INFO] ThirdParty:1030 - CMSIS Pack Vendor :STMicroelectronics X-CUBE-SMBUS 2.1.0
2025-12-30 14:21:06,867 [INFO] ThirdParty:1030 - CMSIS Pack Vendor :STMicroelectronics USB_DEVICE 3.0.0
2025-12-30 14:21:06,867 [INFO] ThirdParty:1030 - CMSIS Pack Vendor :STMicroelectronics X-CUBE-ISPU 2.1.0
2025-12-30 14:21:06,867 [INFO] ThirdParty:1030 - CMSIS Pack Vendor :STMicroelectronics X-CUBE-AZRTOS-WB 2.0.0
2025-12-30 14:21:06,867 [INFO] ThirdParty:1030 - CMSIS Pack Vendor :STMicroelectronics X-CUBE-AZRTOS-F7 1.1.0
2025-12-30 14:21:06,867 [INFO] ThirdParty:1030 - CMSIS Pack Vendor :STMicroelectronics X-CUBE-AZRTOS-L5 2.0.0
2025-12-30 14:21:06,867 [INFO] ThirdParty:1030 - CMSIS Pack Vendor :STMicroelectronics USB_DEVICE 2.0.0
2025-12-30 14:21:06,867 [INFO] ThirdParty:1030 - CMSIS Pack Vendor :STMicroelectronics X-CUBE-NFC6 3.1.0
2025-12-30 14:21:06,867 [INFO] ThirdParty:1030 - CMSIS Pack Vendor :STMicroelectronics FreeRTOS 0.0.1
2025-12-30 14:21:06,867 [INFO] ThirdParty:1030 - CMSIS Pack Vendor :STMicroelectronics X-CUBE-AZRTOS-G0 1.1.0
2025-12-30 14:21:06,867 [INFO] ThirdParty:1030 - CMSIS Pack Vendor :STMicroelectronics X-CUBE-NFC4 3.0.0
2025-12-30 14:21:06,867 [INFO] ThirdParty:1030 - CMSIS Pack Vendor :STMicroelectronics X-CUBE-SUBG2 5.0.0
2025-12-30 14:21:06,867 [INFO] ThirdParty:1030 - CMSIS Pack Vendor :STMicroelectronics STM32_WPAN 1.0.0
2025-12-30 14:21:06,867 [INFO] ThirdParty:1030 - CMSIS Pack Vendor :STMicroelectronics lwIP 2.0.3
2025-12-30 14:21:06,867 [INFO] ThirdParty:1030 - CMSIS Pack Vendor :STMicroelectronics USB_HOST 1.0.0
2025-12-30 14:21:06,867 [INFO] ThirdParty:1030 - CMSIS Pack Vendor :STMicroelectronics X-CUBE-AZRTOS-G4 2.0.0
2025-12-30 14:21:06,867 [INFO] ThirdParty:1030 - CMSIS Pack Vendor :STMicroelectronics X-CUBE-WB05N 2.0.0
2025-12-30 14:21:06,867 [INFO] ThirdParty:1030 - CMSIS Pack Vendor :STMicroelectronics PDM2PCM 3.1.0
2025-12-30 14:21:06,867 [INFO] ThirdParty:1030 - CMSIS Pack Vendor :STMicroelectronics PDM2PCM 3.3.0
2025-12-30 14:21:06,867 [INFO] ThirdParty:1030 - CMSIS Pack Vendor :STMicroelectronics X-CUBE-DISPLAY 3.0.0
2025-12-30 14:21:06,867 [INFO] ThirdParty:1030 - CMSIS Pack Vendor :STMicroelectronics X-CUBE-NFC7 2.0.0
2025-12-30 14:21:06,869 [INFO] ThirdParty:1030 - CMSIS Pack Vendor :STMicroelectronics X-CUBE-TCPP 4.2.0
2025-12-30 14:21:06,869 [INFO] ThirdParty:1030 - CMSIS Pack Vendor :STMicroelectronics FP-ATR-SIGFOX1 3.2.0
2025-12-30 14:21:06,869 [INFO] ThirdParty:1030 - CMSIS Pack Vendor :STMicroelectronics X-CUBE-NFC10 1.0.0
2025-12-30 14:21:06,869 [INFO] ThirdParty:1030 - CMSIS Pack Vendor :STMicroelectronics HAL Drivers 0.0.0
2025-12-30 14:21:06,869 [INFO] ThirdParty:1030 - CMSIS Pack Vendor :STMicroelectronics MBEDTLS 2.16.2
2025-12-30 14:21:06,869 [INFO] ThirdParty:1030 - CMSIS Pack Vendor :STMicroelectronics X-CUBE-ALS 1.0.2
2025-12-30 14:21:06,869 [INFO] ThirdParty:1030 - CMSIS Pack Vendor :STMicroelectronics MBEDTLS 2.14.1
2025-12-30 14:21:06,869 [INFO] ThirdParty:1030 - CMSIS Pack Vendor :STMicroelectronics ThreadX 1.0.0
2025-12-30 14:21:06,869 [INFO] ThirdParty:1030 - CMSIS Pack Vendor :STMicroelectronics FP-SNS-SMARTAG2 1.2.0
2025-12-30 14:21:06,869 [INFO] ThirdParty:1030 - CMSIS Pack Vendor :STMicroelectronics FP-SNS-FLIGHT1 5.1.0
2025-12-30 14:21:06,869 [INFO] ThirdParty:1030 - CMSIS Pack Vendor :STMicroelectronics X-CUBE-AZRTOS-WL 2.0.0
2025-12-30 14:21:06,869 [INFO] ThirdParty:1030 - CMSIS Pack Vendor :STMicroelectronics X-CUBE-ALGOBUILD 1.4.0
2025-12-30 14:21:06,869 [INFO] ThirdParty:1030 - CMSIS Pack Vendor :STMicroelectronics X-CUBE-DPower 1.3.0
2025-12-30 14:21:06,869 [INFO] ThirdParty:1030 - CMSIS Pack Vendor :STMicroelectronics USB_DEVICE 1.0.0
2025-12-30 14:21:06,869 [INFO] ThirdParty:1030 - CMSIS Pack Vendor :STMicroelectronics X-CUBE-AZRTOS-L4 2.0.0
2025-12-30 14:21:06,869 [INFO] ThirdParty:1030 - CMSIS Pack Vendor :STMicroelectronics ThreadX 0.0.2
2025-12-30 14:21:06,869 [INFO] ThirdParty:1030 - CMSIS Pack Vendor :STMicroelectronics lwIP 2.1.2
2025-12-30 14:21:06,869 [INFO] ThirdParty:1030 - CMSIS Pack Vendor :STMicroelectronics X-CUBE-SFXS2LP1 4.0.0
2025-12-30 14:21:06,869 [INFO] ThirdParty:1030 - CMSIS Pack Vendor :STMicroelectronics X-CUBE-BLE2 3.3.0
2025-12-30 14:21:06,869 [INFO] ThirdParty:1030 - CMSIS Pack Vendor :STMicroelectronics X-CUBE-TOF1 3.4.3
2025-12-30 14:21:06,869 [INFO] ThirdParty:1030 - CMSIS Pack Vendor :STMicroelectronics PDM2PCM 3.2.0
2025-12-30 14:21:06,869 [INFO] ThirdParty:841 - exiting critical section [change project]
2025-12-30 14:21:07,236 [INFO] PinOutPanel:1589 - setPackage(No Configuration,No Configuration)
2025-12-30 14:21:07,237 [INFO] PinOutPanel:1589 - setPackage(STM32F407VGTx,LQFP100)
2025-12-30 14:21:07,583 [INFO] UtilMem:75 - Before build in PCC Used Memory: 615334256 Bytes (772800512)
2025-12-30 14:21:08,324 [INFO] UtilMem:75 - After build in PCC Used Memory: 677200240 Bytes (772800512)
2025-12-30 14:21:08,345 [INFO] IPUIPlugin:80 - create IPUIPlugin
2025-12-30 14:21:08,345 [INFO] IPUIPlugin:80 - create IPUIPlugin
2025-12-30 14:21:08,345 [INFO] IPUIPlugin:80 - create IPUIPlugin
2025-12-30 14:21:08,346 [INFO] IPUIPlugin:80 - create IPUIPlugin
2025-12-30 14:21:08,346 [INFO] IPUIPlugin:80 - create IPUIPlugin
2025-12-30 14:21:08,346 [INFO] IPUIPlugin:80 - create IPUIPlugin
2025-12-30 14:21:08,346 [INFO] IPUIPlugin:80 - create IPUIPlugin
2025-12-30 14:21:08,346 [INFO] IPUIPlugin:80 - create IPUIPlugin
2025-12-30 14:21:08,346 [INFO] IPUIPlugin:80 - create IPUIPlugin
2025-12-30 14:21:08,346 [INFO] IPUIPlugin:80 - create IPUIPlugin
2025-12-30 14:21:08,346 [INFO] IPUIPlugin:80 - create IPUIPlugin
2025-12-30 14:21:08,346 [INFO] IPUIPlugin:80 - create IPUIPlugin
2025-12-30 14:21:08,346 [INFO] IPUIPlugin:80 - create IPUIPlugin
2025-12-30 14:21:08,346 [INFO] IPUIPlugin:80 - create IPUIPlugin
2025-12-30 14:21:08,347 [INFO] IPUIPlugin:80 - create IPUIPlugin
2025-12-30 14:21:08,347 [INFO] IPUIPlugin:80 - create IPUIPlugin
2025-12-30 14:21:08,347 [INFO] IPUIPlugin:80 - create IPUIPlugin
2025-12-30 14:21:08,347 [INFO] IPUIPlugin:80 - create IPUIPlugin
2025-12-30 14:21:08,347 [INFO] IPUIPlugin:80 - create IPUIPlugin
2025-12-30 14:21:08,347 [INFO] IPUIPlugin:80 - create IPUIPlugin
2025-12-30 14:21:08,347 [INFO] IPUIPlugin:80 - create IPUIPlugin
2025-12-30 14:21:08,347 [INFO] IPUIPlugin:80 - create IPUIPlugin
2025-12-30 14:21:08,347 [INFO] IPUIPlugin:80 - create IPUIPlugin
2025-12-30 14:21:08,347 [INFO] IPUIPlugin:80 - create IPUIPlugin
2025-12-30 14:21:08,347 [INFO] IPUIPlugin:80 - create IPUIPlugin
2025-12-30 14:21:08,348 [INFO] IPUIPlugin:80 - create IPUIPlugin
2025-12-30 14:21:08,348 [INFO] IPUIPlugin:80 - create IPUIPlugin
2025-12-30 14:21:08,348 [INFO] IPUIPlugin:80 - create IPUIPlugin
2025-12-30 14:21:08,348 [INFO] IPUIPlugin:80 - create IPUIPlugin
2025-12-30 14:21:08,348 [INFO] IPUIPlugin:80 - create IPUIPlugin
2025-12-30 14:21:08,348 [INFO] IPUIPlugin:80 - create IPUIPlugin
2025-12-30 14:21:08,348 [INFO] IPUIPlugin:80 - create IPUIPlugin
2025-12-30 14:21:08,348 [INFO] IPUIPlugin:80 - create IPUIPlugin
2025-12-30 14:21:08,348 [INFO] IPUIPlugin:80 - create IPUIPlugin
2025-12-30 14:21:08,348 [INFO] IPUIPlugin:80 - create IPUIPlugin
2025-12-30 14:21:08,348 [INFO] IPUIPlugin:80 - create IPUIPlugin
2025-12-30 14:21:08,348 [INFO] IPUIPlugin:80 - create IPUIPlugin
2025-12-30 14:21:08,348 [INFO] IPUIPlugin:80 - create IPUIPlugin
2025-12-30 14:21:08,348 [INFO] IPUIPlugin:80 - create IPUIPlugin
2025-12-30 14:21:08,349 [INFO] IPUIPlugin:80 - create IPUIPlugin
2025-12-30 14:21:08,349 [INFO] IPUIPlugin:80 - create IPUIPlugin
2025-12-30 14:21:08,349 [INFO] IPUIPlugin:80 - create IPUIPlugin
2025-12-30 14:21:08,349 [INFO] IPUIPlugin:80 - create IPUIPlugin
2025-12-30 14:21:08,349 [INFO] IPUIPlugin:80 - create IPUIPlugin
2025-12-30 14:21:08,349 [INFO] IPUIPlugin:80 - create IPUIPlugin
2025-12-30 14:21:08,349 [INFO] IPUIPlugin:80 - create IPUIPlugin
2025-12-30 14:21:08,349 [INFO] IPUIPlugin:80 - create IPUIPlugin
2025-12-30 14:21:08,349 [INFO] IPUIPlugin:80 - create IPUIPlugin
2025-12-30 14:21:08,350 [INFO] IPUIPlugin:80 - create IPUIPlugin
2025-12-30 14:21:08,350 [INFO] IPUIPlugin:80 - create IPUIPlugin
2025-12-30 14:21:08,350 [INFO] IPUIPlugin:80 - create IPUIPlugin
2025-12-30 14:21:08,350 [INFO] IPUIPlugin:80 - create IPUIPlugin
2025-12-30 14:21:08,350 [INFO] IPUIPlugin:80 - create IPUIPlugin
2025-12-30 14:21:08,350 [INFO] IPUIPlugin:80 - create IPUIPlugin
2025-12-30 14:21:08,350 [INFO] IPUIPlugin:80 - create IPUIPlugin
2025-12-30 14:21:08,350 [INFO] IPUIPlugin:80 - create IPUIPlugin
2025-12-30 14:21:08,351 [INFO] IPUIPlugin:80 - create IPUIPlugin
2025-12-30 14:21:08,351 [INFO] IPUIPlugin:80 - create IPUIPlugin
2025-12-30 14:21:08,426 [INFO] ApiDbMcu:532 - Load IP Config File for PDM2PCM
2025-12-30 14:21:08,559 [INFO] CADModel:165 - CPN selected for project levelSTM32F407VGT6
2025-12-30 14:21:08,559 [INFO] CADModel:114 - Register for checkConnection events
2025-12-30 14:21:08,604 [INFO] OpenFileManager:386 - Restore cursor
2025-12-30 14:21:09,277 [INFO] UtilMem:75 - End SaveConfig() Used Memory: 534234808 Bytes (772800512)
2025-12-30 14:21:09,317 [ERROR] ConfigurationRetriever:142 - IOException on connection: sw-center.st.com
2025-12-30 14:21:09,318 [ERROR] ConfigurationRetriever:142 - IOException on connection: sw-center.st.com
2025-12-30 14:21:09,318 [ERROR] ConfigurationRetriever:142 - IOException on connection: sw-center.st.com
2025-12-30 14:21:09,332 [INFO] UtilMem:75 - End SaveConfig() Used Memory: 553904680 Bytes (772800512)
2025-12-30 14:21:09,711 [INFO] BlockDiagram:2775 - set Specific Code input for plugin: SYS
2025-12-30 14:21:09,711 [INFO] BlockDiagram:2775 - set Specific Code input for plugin: RCC
2025-12-30 14:21:09,711 [INFO] BlockDiagram:2775 - set Specific Code input for plugin: NVIC
2025-12-30 14:21:09,712 [INFO] BlockDiagram:2775 - set Specific Code input for plugin: GPIO
2025-12-30 14:21:09,715 [INFO] CodeGenerator:892 - code generatio: config db path: C:\ST\STM32CubeIDE_1.19.0\STM32CubeIDE\plugins\com.st.stm32cube.common.mx_6.15.0.202507011659\\db\
2025-12-30 14:21:09,866 [INFO] CodeEngine:265 - oldGeneratedFile, C:\Users\aditi\OneDrive\Desktop\Sunbeam_Internship\ARM_94076_Aditi\Smart_Env_Monitor\MQ2_LCD__Buzzer\MXTmpFiles\license.tmp_save
2025-12-30 14:21:10,133 [INFO] CodeEngine:289 - Generated code: C:\Users\aditi\OneDrive\Desktop\Sunbeam_Internship\ARM_94076_Aditi\Smart_Env_Monitor\MQ2_LCD__Buzzer\MXTmpFiles\license.tmp
2025-12-30 14:21:10,242 [INFO] CodeEngine:265 - oldGeneratedFile, C:\Users\aditi\OneDrive\Desktop\Sunbeam_Internship\ARM_94076_Aditi\Smart_Env_Monitor\MQ2_LCD__Buzzer\MXTmpFiles\gpio.tmp_save
2025-12-30 14:21:10,411 [INFO] CodeEngine:289 - Generated code: C:\Users\aditi\OneDrive\Desktop\Sunbeam_Internship\ARM_94076_Aditi\Smart_Env_Monitor\MQ2_LCD__Buzzer\MXTmpFiles\gpio.tmp
2025-12-30 14:21:10,482 [INFO] CodeEngine:265 - oldGeneratedFile, C:\Users\aditi\OneDrive\Desktop\Sunbeam_Internship\ARM_94076_Aditi\Smart_Env_Monitor\MQ2_LCD__Buzzer\Core\Src\stm32f4xx_it.c_save
2025-12-30 14:21:10,594 [INFO] CodeEngine:289 - Generated code: C:\Users\aditi\OneDrive\Desktop\Sunbeam_Internship\ARM_94076_Aditi\Smart_Env_Monitor\MQ2_LCD__Buzzer\Core\Src\stm32f4xx_it.c
2025-12-30 14:21:10,604 [INFO] CodeEngine:265 - oldGeneratedFile, C:\Users\aditi\OneDrive\Desktop\Sunbeam_Internship\ARM_94076_Aditi\Smart_Env_Monitor\MQ2_LCD__Buzzer\Core\Inc\stm32f4xx_it.h_save
2025-12-30 14:21:10,689 [INFO] CodeEngine:289 - Generated code: C:\Users\aditi\OneDrive\Desktop\Sunbeam_Internship\ARM_94076_Aditi\Smart_Env_Monitor\MQ2_LCD__Buzzer\Core\Inc\stm32f4xx_it.h
2025-12-30 14:21:10,713 [INFO] CodeEngine:265 - oldGeneratedFile, C:\Users\aditi\OneDrive\Desktop\Sunbeam_Internship\ARM_94076_Aditi\Smart_Env_Monitor\MQ2_LCD__Buzzer\Core\Src\stm32f4xx_hal_msp.c_save
2025-12-30 14:21:10,804 [INFO] CodeEngine:289 - Generated code: C:\Users\aditi\OneDrive\Desktop\Sunbeam_Internship\ARM_94076_Aditi\Smart_Env_Monitor\MQ2_LCD__Buzzer\Core\Src\stm32f4xx_hal_msp.c
2025-12-30 14:21:10,811 [INFO] CodeEngine:265 - oldGeneratedFile, C:\Users\aditi\OneDrive\Desktop\Sunbeam_Internship\ARM_94076_Aditi\Smart_Env_Monitor\MQ2_LCD__Buzzer\MXTmpFiles\system.tmp_save
2025-12-30 14:21:10,865 [INFO] CodeEngine:289 - Generated code: C:\Users\aditi\OneDrive\Desktop\Sunbeam_Internship\ARM_94076_Aditi\Smart_Env_Monitor\MQ2_LCD__Buzzer\MXTmpFiles\system.tmp
2025-12-30 14:21:10,885 [INFO] CodeEngine:321 - oldGeneratedFile, C:\Users\aditi\OneDrive\Desktop\Sunbeam_Internship\ARM_94076_Aditi\Smart_Env_Monitor\MQ2_LCD__Buzzer\Core\Inc\stm32f4xx_hal_conf.h_save
2025-12-30 14:21:10,987 [INFO] CodeEngine:345 - Generated code: C:\Users\aditi\OneDrive\Desktop\Sunbeam_Internship\ARM_94076_Aditi\Smart_Env_Monitor\MQ2_LCD__Buzzer\Core\Inc\stm32f4xx_hal_conf.h
2025-12-30 14:21:11,047 [INFO] ApiDbMcu:532 - Load IP Config File for RCC
2025-12-30 14:21:11,069 [INFO] CodeEngine:265 - oldGeneratedFile, C:\Users\aditi\OneDrive\Desktop\Sunbeam_Internship\ARM_94076_Aditi\Smart_Env_Monitor\MQ2_LCD__Buzzer\Core\Inc\main.h_save
2025-12-30 14:21:11,179 [INFO] CodeEngine:289 - Generated code: C:\Users\aditi\OneDrive\Desktop\Sunbeam_Internship\ARM_94076_Aditi\Smart_Env_Monitor\MQ2_LCD__Buzzer\Core\Inc\main.h
2025-12-30 14:21:11,187 [INFO] CodeEngine:265 - oldGeneratedFile, C:\Users\aditi\OneDrive\Desktop\Sunbeam_Internship\ARM_94076_Aditi\Smart_Env_Monitor\MQ2_LCD__Buzzer\Core\Src\main.c_save
2025-12-30 14:21:11,297 [INFO] CodeEngine:289 - Generated code: C:\Users\aditi\OneDrive\Desktop\Sunbeam_Internship\ARM_94076_Aditi\Smart_Env_Monitor\MQ2_LCD__Buzzer\Core\Src\main.c
2025-12-30 14:21:12,694 [INFO] ProjectBuilder:3606 - Time for Copy HAL[1] : 1270mS.
2025-12-30 14:21:12,723 [INFO] ProjectBuilder:5216 - Project Generator version: 4.7.0-B52
2025-12-30 14:21:12,769 [INFO] ConfigFileManager:1595 - The Die is : DIE413
2025-12-30 14:21:12,774 [INFO] ApiDbMcu:532 - Load IP Config File for FATFS
2025-12-30 14:21:12,780 [INFO] ApiDbMcu:532 - Load IP Config File for FREERTOS
2025-12-30 14:21:12,783 [INFO] ApiDbMcu:532 - Load IP Config File for LIBJPEG
2025-12-30 14:21:12,786 [INFO] ApiDbMcu:532 - Load IP Config File for LWIP
2025-12-30 14:21:12,792 [INFO] ApiDbMcu:532 - Load IP Config File for MBEDTLS
2025-12-30 14:21:12,799 [INFO] ApiDbMcu:532 - Load IP Config File for USB_DEVICE
2025-12-30 14:21:12,803 [INFO] ApiDbMcu:532 - Load IP Config File for USB_HOST
2025-12-30 14:21:13,082 [INFO] LogOutputStream:77 - [STDOUT_REDIRECT] 
2025-12-30 14:21:15,738 [INFO] ProjectBuilder:5496 - Time for Generating toolchain IDE Files: 3015mS.
2025-12-30 14:21:15,739 [INFO] ProjectBuilder:3463 - Time for Copy CMSIS : 0mS.
2025-12-30 14:21:15,744 [INFO] ProjectBuilder:3463 - Time for Copy CMSIS : 0mS.
2025-12-30 14:21:16,175 [ERROR] ConfigurationRetriever:142 - IOException on connection: sw-center.st.com
2025-12-30 14:21:16,175 [ERROR] ConfigurationRetriever:142 - IOException on connection: sw-center.st.com
2025-12-30 14:21:16,176 [ERROR] ConfigurationRetriever:142 - IOException on connection: sw-center.st.com
2025-12-30 14:21:16,537 [INFO] McuFinderGlobals:76 - Set McuFinderConnectedMode to true
2025-12-30 14:21:16,541 [INFO] ApiDb:448 - Save user favorites file C:\Users\aditi/.stm32cubeide/favorites.mcus.txt: 0 item(s)
2025-12-30 14:21:16,541 [INFO] ApiDb:452 - User favorites MCUs=[]
2025-12-30 14:21:16,542 [INFO] ApiDb:448 - Save user favorites file C:\Users\aditi/.stm32cubeide/favorites.boards.txt: 1 item(s)
2025-12-30 14:21:16,543 [INFO] ApiDb:452 - User favorites Boards=[STM32F407G-DISC1]
2025-12-30 14:24:49,515 [INFO] NvicIntPanel:101 - NVIC parent = com.st.microxplorer.plugins.ip.nvic.MultiNvicIntPanel[,0,0,450x199,layout=javax.swing.BoxLayout,alignmentX=0.0,alignmentY=0.0,border=,flags=9,maximumSize=,minimumSize=,preferredSize=]
2025-12-30 15:55:30,843 [WARN] IP:2250 - I2C_Coeff_DF not found: check if there is a RefParameter without a condition.
2025-12-30 15:55:30,844 [WARN] IP:2250 - Analog_Filter not found: check if there is a RefParameter without a condition.
2025-12-30 15:55:30,870 [WARN] IP:2250 - I2C_Coeff_DF not found: check if there is a RefParameter without a condition.
2025-12-30 15:55:30,870 [WARN] IP:2250 - Analog_Filter not found: check if there is a RefParameter without a condition.
2025-12-30 15:55:30,870 [WARN] IP:2250 - I2C_Coeff_DF not found: check if there is a RefParameter without a condition.
2025-12-30 15:55:30,870 [WARN] IP:2250 - Analog_Filter not found: check if there is a RefParameter without a condition.
2025-12-30 15:55:30,938 [WARN] IP:2250 - I2C_Coeff_DF not found: check if there is a RefParameter without a condition.
2025-12-30 15:55:30,938 [WARN] IP:2250 - Analog_Filter not found: check if there is a RefParameter without a condition.
2025-12-30 15:55:30,940 [WARN] IP:2250 - I2C_Coeff_DF not found: check if there is a RefParameter without a condition.
2025-12-30 15:55:30,940 [WARN] IP:2250 - Analog_Filter not found: check if there is a RefParameter without a condition.
2025-12-30 15:55:30,951 [INFO] NvicIntPanel:101 - NVIC parent = com.st.microxplorer.plugins.ip.nvic.MultiNvicIntPanel[,0,0,0x0,invalid,layout=javax.swing.BoxLayout,alignmentX=0.0,alignmentY=0.0,border=,flags=9,maximumSize=,minimumSize=,preferredSize=]
2025-12-30 15:56:16,572 [INFO] ADCParametersView:116 -                Rank 1 : false
2025-12-30 15:56:16,744 [INFO] ADCParametersView:116 -                Rank 1 : false
2025-12-30 15:56:16,745 [INFO] ADCParametersView:116 -                Rank 1 : false
2025-12-30 15:56:16,745 [INFO] ADCParametersView:116 -                Rank 1 : false
2025-12-30 15:56:16,746 [INFO] ADCParametersView:116 -                Rank 1 : false
2025-12-30 15:56:16,746 [INFO] ADCParametersView:116 -                Rank 1 : false
2025-12-30 15:56:16,746 [INFO] ADCParametersView:116 -                Rank 1 : false
2025-12-30 15:56:16,747 [INFO] ADCParametersView:116 -                Rank 1 : false
2025-12-30 15:56:16,747 [INFO] ADCParametersView:116 -                Rank 1 : false
2025-12-30 15:56:16,747 [INFO] ADCParametersView:116 -                Rank 1 : false
2025-12-30 15:56:16,747 [INFO] ADCParametersView:116 -                Rank 1 : false
2025-12-30 15:56:16,747 [INFO] ADCParametersView:116 -                Rank 1 : false
2025-12-30 15:56:16,748 [INFO] ADCParametersView:116 -                Rank 1 : false
2025-12-30 15:56:16,748 [INFO] ADCParametersView:116 -                Rank 1 : false
2025-12-30 15:56:16,748 [INFO] ADCParametersView:116 -                Rank 1 : false
2025-12-30 15:56:16,777 [INFO] ADCParametersView:116 -                Rank 1 : false
2025-12-30 15:56:17,038 [INFO] NvicIntPanel:101 - NVIC parent = com.st.microxplorer.plugins.ip.nvic.MultiNvicIntPanel[,0,0,0x0,invalid,layout=javax.swing.BoxLayout,alignmentX=0.0,alignmentY=0.0,border=,flags=9,maximumSize=,minimumSize=,preferredSize=]
2025-12-30 15:56:17,388 [INFO] NvicIntPanel:101 - NVIC parent = com.st.microxplorer.plugins.ip.nvic.MultiNvicIntPanel[,0,0,0x0,invalid,layout=javax.swing.BoxLayout,alignmentX=0.0,alignmentY=0.0,border=,flags=9,maximumSize=,minimumSize=,preferredSize=]
2025-12-30 15:56:17,703 [INFO] NvicIntPanel:101 - NVIC parent = com.st.microxplorer.plugins.ip.nvic.MultiNvicIntPanel[,0,0,0x0,invalid,layout=javax.swing.BoxLayout,alignmentX=0.0,alignmentY=0.0,border=,flags=9,maximumSize=,minimumSize=,preferredSize=]
2025-12-30 15:56:17,932 [INFO] ADCParametersView:116 -                Rank 1 : false
2025-12-30 15:56:17,933 [INFO] ADCParametersView:116 -                Rank 1 : false
2025-12-30 15:56:17,933 [INFO] ADCParametersView:116 -                Rank 1 : false
2025-12-30 15:56:17,934 [INFO] ADCParametersView:116 -                Rank 1 : false
2025-12-30 15:56:17,934 [INFO] ADCParametersView:116 -                Rank 1 : false
2025-12-30 15:56:17,935 [INFO] ADCParametersView:116 -                Rank 1 : false
2025-12-30 15:56:17,935 [INFO] ADCParametersView:116 -                Rank 1 : false
2025-12-30 15:56:17,935 [INFO] ADCParametersView:116 -                Rank 1 : false
2025-12-30 15:56:17,937 [INFO] ADCParametersView:116 -                Rank 1 : false
2025-12-30 15:56:17,937 [INFO] ADCParametersView:116 -                Rank 1 : false
2025-12-30 15:56:17,938 [INFO] ADCParametersView:116 -                Rank 1 : false
2025-12-30 15:56:17,938 [INFO] ADCParametersView:116 -                Rank 1 : false
2025-12-30 15:56:17,938 [INFO] ADCParametersView:116 -                Rank 1 : false
2025-12-30 15:56:17,938 [INFO] ADCParametersView:116 -                Rank 1 : false
2025-12-30 15:56:17,989 [INFO] ADCParametersView:116 -                Rank 1 : false
2025-12-30 15:56:18,103 [INFO] ADCParametersView:116 -                Rank 1 : false
2025-12-30 15:56:18,105 [INFO] ADCParametersView:116 -                Rank 1 : false
2025-12-30 15:56:18,105 [INFO] ADCParametersView:116 -                Rank 1 : false
2025-12-30 15:56:18,105 [INFO] ADCParametersView:116 -                Rank 1 : false
2025-12-30 15:56:18,106 [INFO] ADCParametersView:116 -                Rank 1 : false
2025-12-30 15:56:18,106 [INFO] ADCParametersView:116 -                Rank 1 : false
2025-12-30 15:56:18,106 [INFO] ADCParametersView:116 -                Rank 1 : false
2025-12-30 15:56:18,107 [INFO] ADCParametersView:116 -                Rank 1 : false
2025-12-30 15:56:18,107 [INFO] ADCParametersView:116 -                Rank 1 : false
2025-12-30 15:56:18,107 [INFO] ADCParametersView:116 -                Rank 1 : false
2025-12-30 15:56:18,107 [INFO] ADCParametersView:116 -                Rank 1 : false
2025-12-30 15:56:18,108 [INFO] ADCParametersView:116 -                Rank 1 : false
2025-12-30 15:56:18,108 [INFO] ADCParametersView:116 -                Rank 1 : false
2025-12-30 15:56:18,108 [INFO] ADCParametersView:116 -                Rank 1 : false
2025-12-30 15:56:18,140 [INFO] ADCParametersView:116 -                Rank 1 : false
2025-12-30 15:56:30,383 [INFO] UtilMem:75 - End SaveConfig() Used Memory: 334489880 Bytes (783286272)
2025-12-30 15:56:30,502 [ERROR] ConfigurationRetriever:142 - IOException on connection: sw-center.st.com
2025-12-30 15:56:30,504 [ERROR] ConfigurationRetriever:142 - IOException on connection: sw-center.st.com
2025-12-30 15:56:30,505 [ERROR] ConfigurationRetriever:142 - IOException on connection: sw-center.st.com
2025-12-30 15:56:32,845 [INFO] UtilMem:75 - End SaveConfig() Used Memory: 364898584 Bytes (783286272)
2025-12-30 15:56:32,944 [ERROR] ConfigurationRetriever:142 - IOException on connection: sw-center.st.com
2025-12-30 15:56:32,945 [ERROR] ConfigurationRetriever:142 - IOException on connection: sw-center.st.com
2025-12-30 15:56:32,946 [ERROR] ConfigurationRetriever:142 - IOException on connection: sw-center.st.com
2025-12-30 15:56:33,261 [INFO] UtilMem:75 - End SaveConfig() Used Memory: 396881000 Bytes (783286272)
2025-12-30 15:56:34,049 [INFO] BlockDiagram:2775 - set Specific Code input for plugin: SYS
2025-12-30 15:56:34,050 [INFO] BlockDiagram:2775 - set Specific Code input for plugin: ADC
2025-12-30 15:56:34,050 [INFO] BlockDiagram:2775 - set Specific Code input for plugin: RCC
2025-12-30 15:56:34,050 [INFO] BlockDiagram:2775 - set Specific Code input for plugin: I2C
2025-12-30 15:56:34,050 [INFO] BlockDiagram:2775 - set Specific Code input for plugin: NVIC
2025-12-30 15:56:34,051 [INFO] BlockDiagram:2775 - set Specific Code input for plugin: USART
2025-12-30 15:56:34,052 [INFO] BlockDiagram:2775 - set Specific Code input for plugin: GPIO
2025-12-30 15:56:34,055 [INFO] CodeGenerator:892 - code generatio: config db path: C:\ST\STM32CubeIDE_1.19.0\STM32CubeIDE\plugins\com.st.stm32cube.common.mx_6.15.0.202507011659\\db\
2025-12-30 15:56:34,071 [WARN] IP:2250 - I2C_Coeff_DF not found: check if there is a RefParameter without a condition.
2025-12-30 15:56:34,071 [WARN] IP:2250 - Analog_Filter not found: check if there is a RefParameter without a condition.
2025-12-30 15:56:34,190 [INFO] CodeEngine:265 - oldGeneratedFile, C:\Users\aditi\OneDrive\Desktop\Sunbeam_Internship\ARM_94076_Aditi\Smart_Env_Monitor\MQ2_LCD__Buzzer\MXTmpFiles\license.tmp_save
2025-12-30 15:56:34,520 [INFO] CodeEngine:289 - Generated code: C:\Users\aditi\OneDrive\Desktop\Sunbeam_Internship\ARM_94076_Aditi\Smart_Env_Monitor\MQ2_LCD__Buzzer\MXTmpFiles\license.tmp
2025-12-30 15:56:34,578 [INFO] CodeEngine:265 - oldGeneratedFile, C:\Users\aditi\OneDrive\Desktop\Sunbeam_Internship\ARM_94076_Aditi\Smart_Env_Monitor\MQ2_LCD__Buzzer\MXTmpFiles\gpio.tmp_save
2025-12-30 15:56:34,733 [INFO] CodeEngine:289 - Generated code: C:\Users\aditi\OneDrive\Desktop\Sunbeam_Internship\ARM_94076_Aditi\Smart_Env_Monitor\MQ2_LCD__Buzzer\MXTmpFiles\gpio.tmp
2025-12-30 15:56:35,011 [INFO] CodeEngine:265 - oldGeneratedFile, C:\Users\aditi\OneDrive\Desktop\Sunbeam_Internship\ARM_94076_Aditi\Smart_Env_Monitor\MQ2_LCD__Buzzer\Core\Src\stm32f4xx_it.c_save
2025-12-30 15:56:35,380 [INFO] CodeEngine:289 - Generated code: C:\Users\aditi\OneDrive\Desktop\Sunbeam_Internship\ARM_94076_Aditi\Smart_Env_Monitor\MQ2_LCD__Buzzer\Core\Src\stm32f4xx_it.c
2025-12-30 15:56:35,400 [INFO] CodeEngine:265 - oldGeneratedFile, C:\Users\aditi\OneDrive\Desktop\Sunbeam_Internship\ARM_94076_Aditi\Smart_Env_Monitor\MQ2_LCD__Buzzer\Core\Inc\stm32f4xx_it.h_save
2025-12-30 15:56:35,529 [INFO] CodeEngine:289 - Generated code: C:\Users\aditi\OneDrive\Desktop\Sunbeam_Internship\ARM_94076_Aditi\Smart_Env_Monitor\MQ2_LCD__Buzzer\Core\Inc\stm32f4xx_it.h
2025-12-30 15:56:35,568 [INFO] CodeEngine:265 - oldGeneratedFile, C:\Users\aditi\OneDrive\Desktop\Sunbeam_Internship\ARM_94076_Aditi\Smart_Env_Monitor\MQ2_LCD__Buzzer\Core\Src\stm32f4xx_hal_msp.c_save
2025-12-30 15:56:35,740 [INFO] CodeEngine:289 - Generated code: C:\Users\aditi\OneDrive\Desktop\Sunbeam_Internship\ARM_94076_Aditi\Smart_Env_Monitor\MQ2_LCD__Buzzer\Core\Src\stm32f4xx_hal_msp.c
2025-12-30 15:56:35,750 [INFO] CodeEngine:265 - oldGeneratedFile, C:\Users\aditi\OneDrive\Desktop\Sunbeam_Internship\ARM_94076_Aditi\Smart_Env_Monitor\MQ2_LCD__Buzzer\MXTmpFiles\system.tmp_save
2025-12-30 15:56:35,811 [INFO] CodeEngine:289 - Generated code: C:\Users\aditi\OneDrive\Desktop\Sunbeam_Internship\ARM_94076_Aditi\Smart_Env_Monitor\MQ2_LCD__Buzzer\MXTmpFiles\system.tmp
2025-12-30 15:56:35,835 [INFO] CodeEngine:321 - oldGeneratedFile, C:\Users\aditi\OneDrive\Desktop\Sunbeam_Internship\ARM_94076_Aditi\Smart_Env_Monitor\MQ2_LCD__Buzzer\Core\Inc\stm32f4xx_hal_conf.h_save
2025-12-30 15:56:35,912 [INFO] CodeEngine:345 - Generated code: C:\Users\aditi\OneDrive\Desktop\Sunbeam_Internship\ARM_94076_Aditi\Smart_Env_Monitor\MQ2_LCD__Buzzer\Core\Inc\stm32f4xx_hal_conf.h
2025-12-30 15:56:35,957 [INFO] ApiDbMcu:532 - Load IP Config File for ADC1
2025-12-30 15:56:35,968 [INFO] ApiDbMcu:532 - Load IP Config File for I2C1
2025-12-30 15:56:35,974 [INFO] ApiDbMcu:532 - Load IP Config File for USART2
2025-12-30 15:56:36,001 [INFO] CodeEngine:265 - oldGeneratedFile, C:\Users\aditi\OneDrive\Desktop\Sunbeam_Internship\ARM_94076_Aditi\Smart_Env_Monitor\MQ2_LCD__Buzzer\Core\Inc\main.h_save
2025-12-30 15:56:36,146 [INFO] CodeEngine:289 - Generated code: C:\Users\aditi\OneDrive\Desktop\Sunbeam_Internship\ARM_94076_Aditi\Smart_Env_Monitor\MQ2_LCD__Buzzer\Core\Inc\main.h
2025-12-30 15:56:36,164 [INFO] CodeEngine:265 - oldGeneratedFile, C:\Users\aditi\OneDrive\Desktop\Sunbeam_Internship\ARM_94076_Aditi\Smart_Env_Monitor\MQ2_LCD__Buzzer\Core\Src\main.c_save
2025-12-30 15:56:36,363 [INFO] CodeEngine:289 - Generated code: C:\Users\aditi\OneDrive\Desktop\Sunbeam_Internship\ARM_94076_Aditi\Smart_Env_Monitor\MQ2_LCD__Buzzer\Core\Src\main.c
2025-12-30 15:56:38,210 [INFO] ProjectBuilder:3606 - Time for Copy HAL[1] : 1634mS.
2025-12-30 15:56:38,218 [INFO] ProjectBuilder:5216 - Project Generator version: 4.7.0-B52
2025-12-30 15:56:38,292 [INFO] ConfigFileManager:1595 - The Die is : DIE413
2025-12-30 15:56:40,112 [INFO] ProjectBuilder:5496 - Time for Generating toolchain IDE Files: 1894mS.
2025-12-30 15:56:40,114 [INFO] ProjectBuilder:3463 - Time for Copy CMSIS : 1mS.
2025-12-30 15:56:40,122 [INFO] ProjectBuilder:3463 - Time for Copy CMSIS : 0mS.
2025-12-30 15:56:40,212 [ERROR] ConfigurationRetriever:142 - IOException on connection: sw-center.st.com
2025-12-30 15:56:40,213 [ERROR] ConfigurationRetriever:142 - IOException on connection: sw-center.st.com
2025-12-30 15:56:40,214 [ERROR] ConfigurationRetriever:142 - IOException on connection: sw-center.st.com
2025-12-30 16:14:13,387 [ERROR] ConfigurationRetriever:142 - IOException on connection: sw-center.st.com
2025-12-30 16:14:13,388 [ERROR] ConfigurationRetriever:142 - IOException on connection: sw-center.st.com
2025-12-30 16:14:13,388 [ERROR] ConfigurationRetriever:142 - IOException on connection: sw-center.st.com
2025-12-30 16:15:00,086 [ERROR] ConfigurationRetriever:142 - IOException on connection: sw-center.st.com
2025-12-30 16:15:00,087 [ERROR] ConfigurationRetriever:142 - IOException on connection: sw-center.st.com
2025-12-30 16:15:00,087 [ERROR] ConfigurationRetriever:142 - IOException on connection: sw-center.st.com
2025-12-30 16:45:03,698 [INFO] ADCParametersView:116 -                Rank 1 : false
2025-12-30 16:45:10,707 [INFO] UtilMem:75 - End SaveConfig() Used Memory: 693662208 Bytes (783286272)
2025-12-30 16:45:10,911 [ERROR] ConfigurationRetriever:142 - IOException on connection: sw-center.st.com
2025-12-30 16:45:10,912 [ERROR] ConfigurationRetriever:142 - IOException on connection: sw-center.st.com
2025-12-30 16:45:10,913 [ERROR] ConfigurationRetriever:142 - IOException on connection: sw-center.st.com
2025-12-30 16:45:11,811 [INFO] BlockDiagram:2775 - set Specific Code input for plugin: SYS
2025-12-30 16:45:11,812 [INFO] BlockDiagram:2775 - set Specific Code input for plugin: ADC
2025-12-30 16:45:11,812 [INFO] BlockDiagram:2775 - set Specific Code input for plugin: RCC
2025-12-30 16:45:11,812 [INFO] BlockDiagram:2775 - set Specific Code input for plugin: I2C
2025-12-30 16:45:11,812 [INFO] BlockDiagram:2775 - set Specific Code input for plugin: NVIC
2025-12-30 16:45:11,812 [INFO] BlockDiagram:2775 - set Specific Code input for plugin: USART
2025-12-30 16:45:11,814 [INFO] BlockDiagram:2775 - set Specific Code input for plugin: GPIO
2025-12-30 16:45:11,818 [INFO] CodeGenerator:892 - code generatio: config db path: C:\ST\STM32CubeIDE_1.19.0\STM32CubeIDE\plugins\com.st.stm32cube.common.mx_6.15.0.202507011659\\db\
2025-12-30 16:45:11,860 [WARN] IP:2250 - I2C_Coeff_DF not found: check if there is a RefParameter without a condition.
2025-12-30 16:45:11,862 [WARN] IP:2250 - Analog_Filter not found: check if there is a RefParameter without a condition.
2025-12-30 16:45:12,038 [INFO] CodeEngine:265 - oldGeneratedFile, C:\Users\aditi\OneDrive\Desktop\Sunbeam_Internship\ARM_94076_Aditi\Smart_Env_Monitor\MQ2_LCD__Buzzer\MXTmpFiles\license.tmp_save
2025-12-30 16:45:12,445 [INFO] CodeEngine:289 - Generated code: C:\Users\aditi\OneDrive\Desktop\Sunbeam_Internship\ARM_94076_Aditi\Smart_Env_Monitor\MQ2_LCD__Buzzer\MXTmpFiles\license.tmp
2025-12-30 16:45:12,509 [INFO] CodeEngine:265 - oldGeneratedFile, C:\Users\aditi\OneDrive\Desktop\Sunbeam_Internship\ARM_94076_Aditi\Smart_Env_Monitor\MQ2_LCD__Buzzer\MXTmpFiles\gpio.tmp_save
2025-12-30 16:45:12,770 [INFO] CodeEngine:289 - Generated code: C:\Users\aditi\OneDrive\Desktop\Sunbeam_Internship\ARM_94076_Aditi\Smart_Env_Monitor\MQ2_LCD__Buzzer\MXTmpFiles\gpio.tmp
2025-12-30 16:45:13,008 [INFO] CodeEngine:265 - oldGeneratedFile, C:\Users\aditi\OneDrive\Desktop\Sunbeam_Internship\ARM_94076_Aditi\Smart_Env_Monitor\MQ2_LCD__Buzzer\Core\Src\stm32f4xx_it.c_save
2025-12-30 16:45:13,478 [INFO] CodeEngine:289 - Generated code: C:\Users\aditi\OneDrive\Desktop\Sunbeam_Internship\ARM_94076_Aditi\Smart_Env_Monitor\MQ2_LCD__Buzzer\Core\Src\stm32f4xx_it.c
2025-12-30 16:45:13,495 [INFO] CodeEngine:265 - oldGeneratedFile, C:\Users\aditi\OneDrive\Desktop\Sunbeam_Internship\ARM_94076_Aditi\Smart_Env_Monitor\MQ2_LCD__Buzzer\Core\Inc\stm32f4xx_it.h_save
2025-12-30 16:45:13,606 [INFO] CodeEngine:289 - Generated code: C:\Users\aditi\OneDrive\Desktop\Sunbeam_Internship\ARM_94076_Aditi\Smart_Env_Monitor\MQ2_LCD__Buzzer\Core\Inc\stm32f4xx_it.h
2025-12-30 16:45:13,638 [INFO] CodeEngine:265 - oldGeneratedFile, C:\Users\aditi\OneDrive\Desktop\Sunbeam_Internship\ARM_94076_Aditi\Smart_Env_Monitor\MQ2_LCD__Buzzer\Core\Src\stm32f4xx_hal_msp.c_save
2025-12-30 16:45:13,859 [INFO] CodeEngine:289 - Generated code: C:\Users\aditi\OneDrive\Desktop\Sunbeam_Internship\ARM_94076_Aditi\Smart_Env_Monitor\MQ2_LCD__Buzzer\Core\Src\stm32f4xx_hal_msp.c
2025-12-30 16:45:13,870 [INFO] CodeEngine:265 - oldGeneratedFile, C:\Users\aditi\OneDrive\Desktop\Sunbeam_Internship\ARM_94076_Aditi\Smart_Env_Monitor\MQ2_LCD__Buzzer\MXTmpFiles\system.tmp_save
2025-12-30 16:45:13,972 [INFO] CodeEngine:289 - Generated code: C:\Users\aditi\OneDrive\Desktop\Sunbeam_Internship\ARM_94076_Aditi\Smart_Env_Monitor\MQ2_LCD__Buzzer\MXTmpFiles\system.tmp
2025-12-30 16:45:14,001 [INFO] CodeEngine:321 - oldGeneratedFile, C:\Users\aditi\OneDrive\Desktop\Sunbeam_Internship\ARM_94076_Aditi\Smart_Env_Monitor\MQ2_LCD__Buzzer\Core\Inc\stm32f4xx_hal_conf.h_save
2025-12-30 16:45:14,093 [INFO] CodeEngine:345 - Generated code: C:\Users\aditi\OneDrive\Desktop\Sunbeam_Internship\ARM_94076_Aditi\Smart_Env_Monitor\MQ2_LCD__Buzzer\Core\Inc\stm32f4xx_hal_conf.h
2025-12-30 16:45:14,151 [INFO] CodeEngine:265 - oldGeneratedFile, C:\Users\aditi\OneDrive\Desktop\Sunbeam_Internship\ARM_94076_Aditi\Smart_Env_Monitor\MQ2_LCD__Buzzer\Core\Inc\main.h_save
2025-12-30 16:45:14,311 [INFO] CodeEngine:289 - Generated code: C:\Users\aditi\OneDrive\Desktop\Sunbeam_Internship\ARM_94076_Aditi\Smart_Env_Monitor\MQ2_LCD__Buzzer\Core\Inc\main.h
2025-12-30 16:45:14,330 [INFO] CodeEngine:265 - oldGeneratedFile, C:\Users\aditi\OneDrive\Desktop\Sunbeam_Internship\ARM_94076_Aditi\Smart_Env_Monitor\MQ2_LCD__Buzzer\Core\Src\main.c_save
2025-12-30 16:45:14,545 [INFO] CodeEngine:289 - Generated code: C:\Users\aditi\OneDrive\Desktop\Sunbeam_Internship\ARM_94076_Aditi\Smart_Env_Monitor\MQ2_LCD__Buzzer\Core\Src\main.c
2025-12-30 16:45:16,486 [INFO] ProjectBuilder:3606 - Time for Copy HAL[1] : 1717mS.
2025-12-30 16:45:16,495 [INFO] ProjectBuilder:5216 - Project Generator version: 4.7.0-B52
2025-12-30 16:45:16,579 [INFO] ConfigFileManager:1595 - The Die is : DIE413
2025-12-30 16:45:17,993 [INFO] ProjectBuilder:5496 - Time for Generating toolchain IDE Files: 1499mS.
2025-12-30 16:45:17,994 [INFO] ProjectBuilder:3463 - Time for Copy CMSIS : 0mS.
2025-12-30 16:45:18,000 [INFO] ProjectBuilder:3463 - Time for Copy CMSIS : 1mS.
2025-12-30 16:45:18,142 [ERROR] ConfigurationRetriever:142 - IOException on connection: sw-center.st.com
2025-12-30 16:45:18,143 [ERROR] ConfigurationRetriever:142 - IOException on connection: sw-center.st.com
2025-12-30 16:45:18,143 [ERROR] ConfigurationRetriever:142 - IOException on connection: sw-center.st.com
2025-12-30 16:52:29,083 [WARN] IP:2250 - I2C_Coeff_DF not found: check if there is a RefParameter without a condition.
2025-12-30 16:52:29,083 [WARN] IP:2250 - Analog_Filter not found: check if there is a RefParameter without a condition.
2025-12-30 16:52:29,084 [WARN] IP:2250 - I2C_Coeff_DF not found: check if there is a RefParameter without a condition.
2025-12-30 16:52:29,084 [WARN] IP:2250 - Analog_Filter not found: check if there is a RefParameter without a condition.
2025-12-30 16:52:46,478 [INFO] UtilMem:75 - End SaveConfig() Used Memory: 409882040 Bytes (783286272)
2025-12-30 16:52:46,634 [ERROR] ConfigurationRetriever:142 - IOException on connection: sw-center.st.com
2025-12-30 16:52:46,635 [ERROR] ConfigurationRetriever:142 - IOException on connection: sw-center.st.com
2025-12-30 16:52:46,637 [ERROR] ConfigurationRetriever:142 - IOException on connection: sw-center.st.com
2025-12-30 16:52:48,316 [INFO] UtilMem:75 - End SaveConfig() Used Memory: 439768504 Bytes (783286272)
2025-12-30 16:52:48,861 [INFO] UtilMem:75 - End SaveConfig() Used Memory: 511593912 Bytes (783286272)
2025-12-30 16:52:49,007 [ERROR] ConfigurationRetriever:142 - IOException on connection: sw-center.st.com
2025-12-30 16:52:49,011 [ERROR] ConfigurationRetriever:142 - IOException on connection: sw-center.st.com
2025-12-30 16:52:49,017 [ERROR] ConfigurationRetriever:142 - IOException on connection: sw-center.st.com
2025-12-30 16:52:49,473 [INFO] BlockDiagram:2775 - set Specific Code input for plugin: SYS
2025-12-30 16:52:49,473 [INFO] BlockDiagram:2775 - set Specific Code input for plugin: ADC
2025-12-30 16:52:49,473 [INFO] BlockDiagram:2775 - set Specific Code input for plugin: RCC
2025-12-30 16:52:49,473 [INFO] BlockDiagram:2775 - set Specific Code input for plugin: I2C
2025-12-30 16:52:49,474 [INFO] BlockDiagram:2775 - set Specific Code input for plugin: NVIC
2025-12-30 16:52:49,475 [INFO] BlockDiagram:2775 - set Specific Code input for plugin: GPIO
2025-12-30 16:52:49,479 [INFO] CodeGenerator:892 - code generatio: config db path: C:\ST\STM32CubeIDE_1.19.0\STM32CubeIDE\plugins\com.st.stm32cube.common.mx_6.15.0.202507011659\\db\
2025-12-30 16:52:49,488 [WARN] IP:2250 - I2C_Coeff_DF not found: check if there is a RefParameter without a condition.
2025-12-30 16:52:49,488 [WARN] IP:2250 - Analog_Filter not found: check if there is a RefParameter without a condition.
2025-12-30 16:52:49,633 [INFO] CodeEngine:265 - oldGeneratedFile, C:\Users\aditi\OneDrive\Desktop\Sunbeam_Internship\ARM_94076_Aditi\Smart_Env_Monitor\MQ2_LCD__Buzzer\MXTmpFiles\license.tmp_save
2025-12-30 16:52:49,962 [INFO] CodeEngine:289 - Generated code: C:\Users\aditi\OneDrive\Desktop\Sunbeam_Internship\ARM_94076_Aditi\Smart_Env_Monitor\MQ2_LCD__Buzzer\MXTmpFiles\license.tmp
2025-12-30 16:52:50,019 [INFO] CodeEngine:265 - oldGeneratedFile, C:\Users\aditi\OneDrive\Desktop\Sunbeam_Internship\ARM_94076_Aditi\Smart_Env_Monitor\MQ2_LCD__Buzzer\MXTmpFiles\gpio.tmp_save
2025-12-30 16:52:50,227 [INFO] CodeEngine:289 - Generated code: C:\Users\aditi\OneDrive\Desktop\Sunbeam_Internship\ARM_94076_Aditi\Smart_Env_Monitor\MQ2_LCD__Buzzer\MXTmpFiles\gpio.tmp
2025-12-30 16:52:50,417 [INFO] CodeEngine:265 - oldGeneratedFile, C:\Users\aditi\OneDrive\Desktop\Sunbeam_Internship\ARM_94076_Aditi\Smart_Env_Monitor\MQ2_LCD__Buzzer\Core\Src\stm32f4xx_it.c_save
2025-12-30 16:52:50,685 [INFO] CodeEngine:289 - Generated code: C:\Users\aditi\OneDrive\Desktop\Sunbeam_Internship\ARM_94076_Aditi\Smart_Env_Monitor\MQ2_LCD__Buzzer\Core\Src\stm32f4xx_it.c
2025-12-30 16:52:50,752 [INFO] CodeEngine:265 - oldGeneratedFile, C:\Users\aditi\OneDrive\Desktop\Sunbeam_Internship\ARM_94076_Aditi\Smart_Env_Monitor\MQ2_LCD__Buzzer\Core\Inc\stm32f4xx_it.h_save
2025-12-30 16:52:50,974 [INFO] CodeEngine:289 - Generated code: C:\Users\aditi\OneDrive\Desktop\Sunbeam_Internship\ARM_94076_Aditi\Smart_Env_Monitor\MQ2_LCD__Buzzer\Core\Inc\stm32f4xx_it.h
2025-12-30 16:52:51,035 [INFO] CodeEngine:265 - oldGeneratedFile, C:\Users\aditi\OneDrive\Desktop\Sunbeam_Internship\ARM_94076_Aditi\Smart_Env_Monitor\MQ2_LCD__Buzzer\Core\Src\stm32f4xx_hal_msp.c_save
2025-12-30 16:52:51,340 [INFO] CodeEngine:289 - Generated code: C:\Users\aditi\OneDrive\Desktop\Sunbeam_Internship\ARM_94076_Aditi\Smart_Env_Monitor\MQ2_LCD__Buzzer\Core\Src\stm32f4xx_hal_msp.c
2025-12-30 16:52:51,364 [INFO] CodeEngine:265 - oldGeneratedFile, C:\Users\aditi\OneDrive\Desktop\Sunbeam_Internship\ARM_94076_Aditi\Smart_Env_Monitor\MQ2_LCD__Buzzer\MXTmpFiles\system.tmp_save
2025-12-30 16:52:51,533 [INFO] CodeEngine:289 - Generated code: C:\Users\aditi\OneDrive\Desktop\Sunbeam_Internship\ARM_94076_Aditi\Smart_Env_Monitor\MQ2_LCD__Buzzer\MXTmpFiles\system.tmp
2025-12-30 16:52:51,566 [INFO] CodeEngine:321 - oldGeneratedFile, C:\Users\aditi\OneDrive\Desktop\Sunbeam_Internship\ARM_94076_Aditi\Smart_Env_Monitor\MQ2_LCD__Buzzer\Core\Inc\stm32f4xx_hal_conf.h_save
2025-12-30 16:52:51,710 [INFO] CodeEngine:345 - Generated code: C:\Users\aditi\OneDrive\Desktop\Sunbeam_Internship\ARM_94076_Aditi\Smart_Env_Monitor\MQ2_LCD__Buzzer\Core\Inc\stm32f4xx_hal_conf.h
2025-12-30 16:52:51,810 [INFO] CodeEngine:265 - oldGeneratedFile, C:\Users\aditi\OneDrive\Desktop\Sunbeam_Internship\ARM_94076_Aditi\Smart_Env_Monitor\MQ2_LCD__Buzzer\Core\Inc\main.h_save
2025-12-30 16:52:51,937 [INFO] CodeEngine:289 - Generated code: C:\Users\aditi\OneDrive\Desktop\Sunbeam_Internship\ARM_94076_Aditi\Smart_Env_Monitor\MQ2_LCD__Buzzer\Core\Inc\main.h
2025-12-30 16:52:51,957 [INFO] CodeEngine:265 - oldGeneratedFile, C:\Users\aditi\OneDrive\Desktop\Sunbeam_Internship\ARM_94076_Aditi\Smart_Env_Monitor\MQ2_LCD__Buzzer\Core\Src\main.c_save
2025-12-30 16:52:52,158 [INFO] CodeEngine:289 - Generated code: C:\Users\aditi\OneDrive\Desktop\Sunbeam_Internship\ARM_94076_Aditi\Smart_Env_Monitor\MQ2_LCD__Buzzer\Core\Src\main.c
2025-12-30 16:52:54,160 [INFO] ProjectBuilder:3606 - Time for Copy HAL[1] : 1642mS.
2025-12-30 16:52:54,169 [INFO] ProjectBuilder:5216 - Project Generator version: 4.7.0-B52
2025-12-30 16:52:54,284 [INFO] ConfigFileManager:1595 - The Die is : DIE413
2025-12-30 16:52:56,422 [INFO] ProjectBuilder:5496 - Time for Generating toolchain IDE Files: 2253mS.
2025-12-30 16:52:56,427 [INFO] ProjectBuilder:3463 - Time for Copy CMSIS : 3mS.
2025-12-30 16:52:56,434 [INFO] ProjectBuilder:3463 - Time for Copy CMSIS : 0mS.
2025-12-30 16:52:56,533 [ERROR] ConfigurationRetriever:142 - IOException on connection: sw-center.st.com
2025-12-30 16:52:56,534 [ERROR] ConfigurationRetriever:142 - IOException on connection: sw-center.st.com
2025-12-30 16:52:56,535 [ERROR] ConfigurationRetriever:142 - IOException on connection: sw-center.st.com
2025-12-30 17:29:18,519 [ERROR] ConfigurationRetriever:142 - IOException on connection: sw-center.st.com
2025-12-30 17:29:18,525 [ERROR] ConfigurationRetriever:142 - IOException on connection: sw-center.st.com
2025-12-30 17:29:18,530 [ERROR] ConfigurationRetriever:142 - IOException on connection: sw-center.st.com
2025-12-30 17:40:50,306 [ERROR] ConfigurationRetriever:142 - IOException on connection: sw-center.st.com
2025-12-30 17:40:50,307 [ERROR] ConfigurationRetriever:142 - IOException on connection: sw-center.st.com
2025-12-30 17:40:50,307 [ERROR] ConfigurationRetriever:142 - IOException on connection: sw-center.st.com
2025-12-30 17:46:40,222 [WARN] IP:2250 - I2C_Coeff_DF not found: check if there is a RefParameter without a condition.
2025-12-30 17:46:40,222 [WARN] IP:2250 - Analog_Filter not found: check if there is a RefParameter without a condition.
2025-12-30 17:46:40,223 [WARN] IP:2250 - I2C_Coeff_DF not found: check if there is a RefParameter without a condition.
2025-12-30 17:46:40,223 [WARN] IP:2250 - Analog_Filter not found: check if there is a RefParameter without a condition.
2025-12-30 17:46:40,293 [WARN] IP:2250 - I2C_Coeff_DF not found: check if there is a RefParameter without a condition.
2025-12-30 17:46:40,294 [WARN] IP:2250 - Analog_Filter not found: check if there is a RefParameter without a condition.
2025-12-30 17:46:40,361 [WARN] IP:2250 - I2C_Coeff_DF not found: check if there is a RefParameter without a condition.
2025-12-30 17:46:40,362 [WARN] IP:2250 - Analog_Filter not found: check if there is a RefParameter without a condition.
2025-12-30 17:50:09,183 [INFO] UtilMem:75 - End SaveConfig() Used Memory: 444598672 Bytes (783286272)
2025-12-30 17:50:09,262 [ERROR] ConfigurationRetriever:142 - IOException on connection: sw-center.st.com
2025-12-30 17:50:09,263 [ERROR] ConfigurationRetriever:142 - IOException on connection: sw-center.st.com
2025-12-30 17:50:09,264 [ERROR] ConfigurationRetriever:142 - IOException on connection: sw-center.st.com
2025-12-30 17:53:31,299 [ERROR] ConfigurationRetriever:142 - IOException on connection: sw-center.st.com
2025-12-30 17:53:31,300 [ERROR] ConfigurationRetriever:142 - IOException on connection: sw-center.st.com
2025-12-30 17:53:31,300 [ERROR] ConfigurationRetriever:142 - IOException on connection: sw-center.st.com
2025-12-30 17:55:44,000 [ERROR] ConfigurationRetriever:142 - IOException on connection: sw-center.st.com
2025-12-30 17:55:44,001 [ERROR] ConfigurationRetriever:142 - IOException on connection: sw-center.st.com
2025-12-30 17:55:44,001 [ERROR] ConfigurationRetriever:142 - IOException on connection: sw-center.st.com
2025-12-30 17:56:49,091 [ERROR] ConfigurationRetriever:142 - IOException on connection: sw-center.st.com
2025-12-30 17:56:49,092 [ERROR] ConfigurationRetriever:142 - IOException on connection: sw-center.st.com
2025-12-30 17:56:49,092 [ERROR] ConfigurationRetriever:142 - IOException on connection: sw-center.st.com
2025-12-30 17:59:10,496 [ERROR] ConfigurationRetriever:142 - IOException on connection: sw-center.st.com
2025-12-30 17:59:10,497 [ERROR] ConfigurationRetriever:142 - IOException on connection: sw-center.st.com
2025-12-30 17:59:10,498 [ERROR] ConfigurationRetriever:142 - IOException on connection: sw-center.st.com
2025-12-30 19:06:17,031 [ERROR] ConfigurationRetriever:142 - IOException on connection: sw-center.st.com
2025-12-30 19:06:17,032 [ERROR] ConfigurationRetriever:142 - IOException on connection: sw-center.st.com
2025-12-30 19:06:17,033 [ERROR] ConfigurationRetriever:142 - IOException on connection: sw-center.st.com
2025-12-30 19:09:51,358 [ERROR] ConfigurationRetriever:142 - IOException on connection: sw-center.st.com
2025-12-30 19:09:51,365 [ERROR] ConfigurationRetriever:142 - IOException on connection: sw-center.st.com
2025-12-30 19:09:51,368 [ERROR] ConfigurationRetriever:142 - IOException on connection: sw-center.st.com
2025-12-30 19:10:25,437 [ERROR] ConfigurationRetriever:142 - IOException on connection: sw-center.st.com
2025-12-30 19:10:25,437 [ERROR] ConfigurationRetriever:142 - IOException on connection: sw-center.st.com
2025-12-30 19:10:25,438 [ERROR] ConfigurationRetriever:142 - IOException on connection: sw-center.st.com
2025-12-30 19:11:44,253 [ERROR] ConfigurationRetriever:142 - IOException on connection: sw-center.st.com
2025-12-30 19:11:44,254 [ERROR] ConfigurationRetriever:142 - IOException on connection: sw-center.st.com
2025-12-30 19:11:44,254 [ERROR] ConfigurationRetriever:142 - IOException on connection: sw-center.st.com
2025-12-30 19:13:06,809 [ERROR] ConfigurationRetriever:142 - IOException on connection: sw-center.st.com
2025-12-30 19:13:06,810 [ERROR] ConfigurationRetriever:142 - IOException on connection: sw-center.st.com
2025-12-30 19:13:06,810 [ERROR] ConfigurationRetriever:142 - IOException on connection: sw-center.st.com
2025-12-30 19:15:37,891 [ERROR] ConfigurationRetriever:142 - IOException on connection: sw-center.st.com
2025-12-30 19:15:37,891 [ERROR] ConfigurationRetriever:142 - IOException on connection: sw-center.st.com
2025-12-30 19:15:37,892 [ERROR] ConfigurationRetriever:142 - IOException on connection: sw-center.st.com
2025-12-30 19:18:52,216 [ERROR] ConfigurationRetriever:142 - IOException on connection: sw-center.st.com
2025-12-30 19:18:52,217 [ERROR] ConfigurationRetriever:142 - IOException on connection: sw-center.st.com
2025-12-30 19:18:52,217 [ERROR] ConfigurationRetriever:142 - IOException on connection: sw-center.st.com
2025-12-30 19:25:14,250 [ERROR] ConfigurationRetriever:142 - IOException on connection: sw-center.st.com
2025-12-30 19:25:14,251 [ERROR] ConfigurationRetriever:142 - IOException on connection: sw-center.st.com
2025-12-30 19:25:14,252 [ERROR] ConfigurationRetriever:142 - IOException on connection: sw-center.st.com
2025-12-30 19:26:10,823 [ERROR] ConfigurationRetriever:142 - IOException on connection: sw-center.st.com
2025-12-30 19:26:10,824 [ERROR] ConfigurationRetriever:142 - IOException on connection: sw-center.st.com
2025-12-30 19:26:10,824 [ERROR] ConfigurationRetriever:142 - IOException on connection: sw-center.st.com
2025-12-30 19:27:19,285 [ERROR] ConfigurationRetriever:142 - IOException on connection: sw-center.st.com
2025-12-30 19:27:19,286 [ERROR] ConfigurationRetriever:142 - IOException on connection: sw-center.st.com
2025-12-30 19:27:19,288 [ERROR] ConfigurationRetriever:142 - IOException on connection: sw-center.st.com
2025-12-30 20:21:38,383 [INFO] MainUpdater:2872 - connection check result : 22
2025-12-30 20:21:41,536 [INFO] McuFinderGlobals:76 - Set McuFinderConnectedMode to false
2025-12-30 20:21:41,540 [INFO] MultiScanPanel:200 - Auto-refresh data requested => check proxy status ongoing
2025-12-30 20:21:41,540 [INFO] MultiScanPanel:204 - Proxy status is invalid
2025-12-30 20:21:41,541 [INFO] FinderPluginLoader:96 - Searching for filters in installed packs
2025-12-30 20:21:43,878 [INFO] DetailPanel:341 - Set advertising image to C:/Users/aditi/STM32Cube/Repository/\en.prom-st67w-expansion-board.png
2025-12-30 20:21:47,722 [INFO] MultiScanPanel:200 - Auto-refresh data requested => check proxy status ongoing
2025-12-30 20:21:47,723 [INFO] MultiScanPanel:204 - Proxy status is invalid
2025-12-30 20:21:47,811 [INFO] DetailPanel:341 - Set advertising image to C:/Users/aditi/STM32Cube/Repository/\en.prom-st67w-expansion-board.png
2025-12-30 20:22:24,360 [INFO] MainUpdater:2872 - connection check result : 22
2025-12-30 20:22:24,371 [INFO] MainUpdater:2872 - connection check result : 22
2025-12-30 20:22:25,857 [INFO] MicroXplorer:468 - Change Database Path : 
2025-12-30 20:22:25,858 [INFO] MicroXplorer:498 - Change Database Version : DB.6.0.150
2025-12-30 20:22:25,954 [ERROR] ProjectManagerView:395 - 
java.lang.NullPointerException: Cannot invoke "javax.swing.JTextField.getText()" because the return value of "java.util.List.get(int)" is null
	at com.st.microxplorer.plugins.projectmanager.gui.ProjectChoiceTab$9.caretUpdate(ProjectChoiceTab.java:2706) ~[filemanager.jar:?]
	at javax.swing.text.JTextComponent.fireCaretUpdate(JTextComponent.java:408) ~[?:?]
	at javax.swing.text.JTextComponent$MutableCaretEvent.fire(JTextComponent.java:4484) ~[?:?]
	at javax.swing.text.JTextComponent$MutableCaretEvent.stateChanged(JTextComponent.java:4506) ~[?:?]
	at javax.swing.text.DefaultCaret.fireStateChanged(DefaultCaret.java:857) ~[?:?]
	at javax.swing.text.DefaultCaret.changeCaretPosition(DefaultCaret.java:1343) ~[?:?]
	at javax.swing.text.DefaultCaret.handleSetDot(DefaultCaret.java:1242) ~[?:?]
	at javax.swing.text.DefaultCaret.setDot(DefaultCaret.java:1223) ~[?:?]
	at javax.swing.text.DefaultCaret$Handler.insertUpdate(DefaultCaret.java:1819) ~[?:?]
	at javax.swing.text.AbstractDocument.fireInsertUpdate(AbstractDocument.java:227) ~[?:?]
	at javax.swing.text.AbstractDocument.handleInsertString(AbstractDocument.java:781) ~[?:?]
	at javax.swing.text.AbstractDocument.insertString(AbstractDocument.java:740) ~[?:?]
	at javax.swing.text.PlainDocument.insertString(PlainDocument.java:131) ~[?:?]
	at javax.swing.text.AbstractDocument.replace(AbstractDocument.java:699) ~[?:?]
	at javax.swing.text.JTextComponent.setText(JTextComponent.java:1725) ~[?:?]
	at com.st.microxplorer.plugins.projectmanager.gui.ProjectChoiceTab.createHeapStackFields(ProjectChoiceTab.java:993) ~[filemanager.jar:?]
	at com.st.microxplorer.plugins.projectmanager.gui.ProjectChoiceTab.buildLinkSettingsPanel(ProjectChoiceTab.java:3813) ~[filemanager.jar:?]
	at com.st.microxplorer.plugins.projectmanager.gui.ProjectChoiceTab.defineWindowsFields(ProjectChoiceTab.java:1987) ~[filemanager.jar:?]
	at com.st.microxplorer.plugins.projectmanager.gui.ProjectChoiceTab.updateSettings(ProjectChoiceTab.java:558) ~[filemanager.jar:?]
	at com.st.microxplorer.plugins.projectmanager.gui.ProjectSettingsPanel.UpdateDialog(ProjectSettingsPanel.java:247) ~[filemanager.jar:?]
	at com.st.microxplorer.plugins.projectmanager.ProjectManagerView.propertyChange(ProjectManagerView.java:392) ~[filemanager.jar:?]
	at java.beans.PropertyChangeSupport.fire(PropertyChangeSupport.java:343) ~[?:?]
	at java.beans.PropertyChangeSupport.firePropertyChange(PropertyChangeSupport.java:335) ~[?:?]
	at java.beans.PropertyChangeSupport.firePropertyChange(PropertyChangeSupport.java:268) ~[?:?]
	at com.st.microxplorer.util.MXPropertyChangeSupport.firePropertyChange(MXPropertyChangeSupport.java:54) ~[STM32CubeMX.jar:?]
	at com.st.microxplorer.mxsystem.MxSystem.closeConfig(MxSystem.java:899) ~[STM32CubeMX.jar:?]
	at com.st.microxplorer.maingui.MainPanel.closeConfig(MainPanel.java:792) ~[STM32CubeMX.jar:?]
	at com.st.microxplorer.plugins.filemanager.engine.OpenFileManager.loadConfigurationFile(OpenFileManager.java:288) ~[filemanager.jar:?]
	at com.st.microxplorer.plugins.filemanager.engine.MainFileManager.userLoadConfig(MainFileManager.java:364) ~[filemanager.jar:?]
	at com.st.microxplorer.plugins.filemanager.FileManagerView.getSpecificTask(FileManagerView.java:268) ~[filemanager.jar:?]
	at com.st.stm32cube.common.mx.editor.CubeMxEditor.getMxTabbedPaneInstance(CubeMxEditor.java:1191) ~[com.st.stm32cube.common.mx_6.15.0.202507011659/:?]
	at com.st.stm32cube.common.mx.editor.CubeMxEditor$12$1.createSwingComponent(CubeMxEditor.java:1068) ~[com.st.stm32cube.common.mx_6.15.0.202507011659/:?]
	at com.st.stm32cube.common.mx.oss.core.awtswtbridge.EmbeddedSwingComposite.doComponentCreation(EmbeddedSwingComposite.java:492) ~[com.st.stm32cube.common.mx.oss_6.15.0.202507011659/:?]
	at com.st.stm32cube.common.mx.oss.core.awtswtbridge.EmbeddedSwingComposite$4.run(EmbeddedSwingComposite.java:291) ~[com.st.stm32cube.common.mx.oss_6.15.0.202507011659/:?]
	at com.st.stm32cube.common.mx.oss.core.awtswtbridge.AwtEnvironment$2.run(AwtEnvironment.java:166) ~[com.st.stm32cube.common.mx.oss_6.15.0.202507011659/:?]
	at java.awt.event.InvocationEvent.dispatch(InvocationEvent.java:318) ~[?:?]
	at java.awt.EventQueue.dispatchEventImpl(EventQueue.java:773) ~[?:?]
	at java.awt.EventQueue$4.run(EventQueue.java:720) ~[?:?]
	at java.awt.EventQueue$4.run(EventQueue.java:714) ~[?:?]
	at java.security.AccessController.doPrivileged(AccessController.java:400) ~[?:?]
	at java.security.ProtectionDomain$JavaSecurityAccessImpl.doIntersectionPrivilege(ProtectionDomain.java:87) ~[?:?]
	at java.awt.EventQueue.dispatchEvent(EventQueue.java:742) ~[?:?]
	at java.awt.EventDispatchThread.pumpOneEventForFilters(EventDispatchThread.java:203) ~[?:?]
	at java.awt.EventDispatchThread.pumpEventsForFilter(EventDispatchThread.java:124) ~[?:?]
	at java.awt.EventDispatchThread.pumpEventsForHierarchy(EventDispatchThread.java:113) ~[?:?]
	at java.awt.EventDispatchThread.pumpEvents(EventDispatchThread.java:109) ~[?:?]
	at java.awt.EventDispatchThread.pumpEvents(EventDispatchThread.java:101) ~[?:?]
	at java.awt.EventDispatchThread.run(EventDispatchThread.java:90) ~[?:?]
2025-12-30 20:22:26,021 [WARN] ThirdParty:871 - waiting for thirdparty lock release [close project]
2025-12-30 20:22:26,021 [INFO] ThirdParty:873 - entering critical section [close project]
2025-12-30 20:22:26,021 [INFO] ThirdParty:883 - exiting critical section [close project]
2025-12-30 20:22:26,028 [INFO] PinOutPanel:1589 - setPackage(No Configuration,No Configuration)
2025-12-30 20:22:26,063 [WARN] IpParametersView:155 - Warning: This peripheral hasn't parameters
2025-12-30 20:22:26,094 [WARN] MainPanel:289 - <html><b><center>Warning: This peripheral has no parameters to be configured<br></b></html>
2025-12-30 20:22:26,111 [INFO] UtilMem:75 - Begin LoadConfig() Used Memory: 376114352 Bytes (783286272)
2025-12-30 20:22:26,115 [INFO] OpenFileManager:355 - Change cursor
2025-12-30 20:22:26,207 [INFO] RulesReader:64 - Compatibility file has been processed (317 Rules)
2025-12-30 20:22:26,222 [INFO] ProjectFactory:514 - No CPN specified for board STM32F407G-DISC1 => set CPN to STM32F407VGT6
2025-12-30 20:22:26,223 [INFO] Mcu:2029 - Initializing MCU STM32F407V(E-G)Tx STM32F407VGTx STM32F407VGT6
2025-12-30 20:22:28,525 [INFO] Context:786 - Trying to add GPIOservice into a context  which must be forbidden
2025-12-30 20:22:29,739 [INFO] Rule:233 - rule 117617 - U5Cobra4M][GTZC] default value MPCBB3 and MPCBB5 - Not Secured memory - MPCBB1 is applicable
2025-12-30 20:22:29,739 [INFO] Rule:233 - rule 117617 - U5Cobra4M][GTZC] default value MPCBB3 and MPCBB5 - Not Secured memory - MPCBB1 is applicable
2025-12-30 20:22:29,740 [INFO] Rule:233 - rule 117617 - U5Cobra4M][GTZC] default value MPCBB3 and MPCBB5 - Not Secured memory - MPCBB2 is applicable
2025-12-30 20:22:29,740 [INFO] Rule:233 - rule 117617 - U5Cobra4M][GTZC] default value MPCBB3 and MPCBB5 - Not Secured memory - MPCBB2 is applicable
2025-12-30 20:22:29,740 [INFO] Rule:233 - rule 117617 - U5Cobra4M][GTZC] default value MPCBB3 and MPCBB5 - Not Secured memory - MPCBB3 is applicable
2025-12-30 20:22:29,740 [INFO] Rule:233 - rule 117617 - U5Cobra4M][GTZC] default value MPCBB3 and MPCBB5 - Not Secured memory - MPCBB3 is applicable
2025-12-30 20:22:29,740 [INFO] Rule:233 - rule 117617 - U5Cobra4M][GTZC] default value MPCBB3 and MPCBB5 - Not Secured memory - MPCBB4 is applicable
2025-12-30 20:22:29,740 [INFO] Rule:233 - rule 117617 - U5Cobra4M][GTZC] default value MPCBB3 and MPCBB5 - Not Secured memory - MPCBB4 is applicable
2025-12-30 20:22:29,740 [INFO] Rule:233 - rule 117617 - U5Cobra4M][GTZC] default value MPCBB3 and MPCBB5 - Secured memory - MPCBB1 is applicable
2025-12-30 20:22:29,740 [INFO] Rule:233 - rule 117617 - U5Cobra4M][GTZC] default value MPCBB3 and MPCBB5 - Secured memory - MPCBB2 is applicable
2025-12-30 20:22:29,740 [INFO] Rule:233 - rule 117617 - U5Cobra4M][GTZC] default value MPCBB3 and MPCBB5 - Secured memory - MPCBB3 is applicable
2025-12-30 20:22:29,741 [INFO] Rule:233 - rule 117617 - U5Cobra4M][GTZC] default value MPCBB3 and MPCBB5 - Secured memory - MPCBB4 is applicable
2025-12-30 20:22:29,741 [INFO] Rule:233 - rule 117617 - U5Cobra4M][GTZC] default value MPCBB3 and MPCBB5 - Privileged memory - MPCBB1 is applicable
2025-12-30 20:22:29,741 [INFO] Rule:233 - rule 117617 - U5Cobra4M][GTZC] default value MPCBB3 and MPCBB5 - Privileged memory - MPCBB2 is applicable
2025-12-30 20:22:29,741 [INFO] Rule:233 - rule 117617 - U5Cobra4M][GTZC] default value MPCBB3 and MPCBB5 - Privileged memory - MPCBB3 is applicable
2025-12-30 20:22:29,741 [INFO] Rule:233 - rule 117617 - U5Cobra4M][GTZC] default value MPCBB3 and MPCBB5 - Privileged memory - MPCBB4 is applicable
2025-12-30 20:22:29,741 [INFO] Rule:233 - rule 117617 - U5Cobra4M][GTZC] default value MPCBB3 and MPCBB5 - Not Privileged memory - MPCBB1 is applicable
2025-12-30 20:22:29,741 [INFO] Rule:233 - rule 117617 - U5Cobra4M][GTZC] default value MPCBB3 and MPCBB5 - Not Privileged memory - MPCBB2 is applicable
2025-12-30 20:22:29,741 [INFO] Rule:233 - rule 117617 - U5Cobra4M][GTZC] default value MPCBB3 and MPCBB5 - Not Privileged memory - MPCBB3 is applicable
2025-12-30 20:22:29,741 [INFO] Rule:233 - rule 117617 - U5Cobra4M][GTZC] default value MPCBB3 and MPCBB5 - Not Privileged memory - MPCBB4 is applicable
2025-12-30 20:22:29,743 [INFO] Rule:233 - rule 117617 - U5Cobra4M][GTZC] default value MPCBB3 and MPCBB5 - Privileged memory - MPCBB1 is applicable
2025-12-30 20:22:29,743 [INFO] Rule:233 - rule 117617 - U5Cobra4M][GTZC] default value MPCBB3 and MPCBB5 - Privileged memory - MPCBB2 is applicable
2025-12-30 20:22:29,743 [INFO] Rule:233 - rule 117617 - U5Cobra4M][GTZC] default value MPCBB3 and MPCBB5 - Privileged memory - MPCBB3 is applicable
2025-12-30 20:22:29,743 [INFO] Rule:233 - rule 117617 - U5Cobra4M][GTZC] default value MPCBB3 and MPCBB5 - Privileged memory - MPCBB4 is applicable
2025-12-30 20:22:29,743 [INFO] Rule:233 - rule 117617 - U5Cobra4M][GTZC] default value MPCBB3 and MPCBB5 - Privileged memory - MPCBB1 is applicable
2025-12-30 20:22:29,743 [INFO] Rule:233 - rule 117617 - U5Cobra4M][GTZC] default value MPCBB3 and MPCBB5 - Privileged memory - MPCBB2 is applicable
2025-12-30 20:22:29,743 [INFO] Rule:233 - rule 117617 - U5Cobra4M][GTZC] default value MPCBB3 and MPCBB5 - Privileged memory - MPCBB3 is applicable
2025-12-30 20:22:29,744 [INFO] Rule:233 - rule 117617 - U5Cobra4M][GTZC] default value MPCBB3 and MPCBB5 - Privileged memory - MPCBB4 is applicable
2025-12-30 20:22:29,744 [INFO] Rule:233 - rule 117617 - U5Cobra4M][GTZC] default value MPCBB3 and MPCBB5 - Not Privileged memory - MPCBB1 is applicable
2025-12-30 20:22:29,744 [INFO] Rule:233 - rule 117617 - U5Cobra4M][GTZC] default value MPCBB3 and MPCBB5 - Not Privileged memory - MPCBB2 is applicable
2025-12-30 20:22:29,744 [INFO] Rule:233 - rule 117617 - U5Cobra4M][GTZC] default value MPCBB3 and MPCBB5 - Not Privileged memory - MPCBB3 is applicable
2025-12-30 20:22:29,744 [INFO] Rule:233 - rule 117617 - U5Cobra4M][GTZC] default value MPCBB3 and MPCBB5 - Not Privileged memory - MPCBB4 is applicable
2025-12-30 20:22:29,744 [INFO] Rule:233 - rule 117617 - U5Cobra4M][GTZC] default value MPCBB3 and MPCBB5 - Privileged memory - MPCBB1 is applicable
2025-12-30 20:22:29,744 [INFO] Rule:233 - rule 117617 - U5Cobra4M][GTZC] default value MPCBB3 and MPCBB5 - Privileged memory - MPCBB2 is applicable
2025-12-30 20:22:29,744 [INFO] Rule:233 - rule 117617 - U5Cobra4M][GTZC] default value MPCBB3 and MPCBB5 - Privileged memory - MPCBB3 is applicable
2025-12-30 20:22:29,744 [INFO] Rule:233 - rule 117617 - U5Cobra4M][GTZC] default value MPCBB3 and MPCBB5 - Privileged memory - MPCBB4 is applicable
2025-12-30 20:22:29,746 [INFO] Rule:233 - rule Rename SubGHz_Phy SUBGHZ_APPLICATION SUBGHZ_PINGPONG to SUBGHZ_ADV_APPLICATION is applicable
2025-12-30 20:22:29,746 [INFO] Rule:233 - rule Rename Enabled to IBEACON is applicable
2025-12-30 20:22:29,746 [INFO] Rule:233 - rule GTZC_S instance for project manager is applicable
2025-12-30 20:22:29,746 [INFO] Rule:233 - rule GTZC_S instance for context M33S is applicable
2025-12-30 20:22:29,746 [INFO] Rule:233 - rule GTZC_S instance value for IP GTZC is applicable
2025-12-30 20:22:29,747 [INFO] Rule:233 - rule GTZC_S instance for mcu.IP is applicable
2025-12-30 20:22:29,747 [INFO] Rule:233 - rule GTZC_S instance for VP is applicable
2025-12-30 20:22:29,747 [INFO] Rule:233 - rule GTZC_S instance for signal is applicable
2025-12-30 20:22:29,747 [INFO] Rule:233 - rule GTZC_S instance for mcu.Pin is applicable
2025-12-30 20:22:29,747 [INFO] Rule:233 - rule GTZC_S instance for VP is applicable
2025-12-30 20:22:29,747 [INFO] Rule:233 - rule GTZC_S instance for signal is applicable
2025-12-30 20:22:29,747 [INFO] Rule:233 - rule GTZC_S instance for mcu is applicable
2025-12-30 20:22:29,748 [INFO] Rule:233 - rule GTZC_S instance for mcu.Pin is applicable
2025-12-30 20:22:29,748 [INFO] Rule:233 - rule GTZC_S instance value for IP GTZC is applicable
2025-12-30 20:22:29,748 [INFO] Rule:233 - rule GTZC_S instance for project manager is applicable
2025-12-30 20:22:29,748 [INFO] Rule:233 - rule GTZC_S instance for context M33S is applicable
2025-12-30 20:22:29,748 [INFO] Rule:233 - rule GTZC_S instance for VP is applicable
2025-12-30 20:22:29,748 [INFO] Rule:233 - rule GTZC_S instance for signal is applicable
2025-12-30 20:22:29,748 [INFO] Rule:233 - rule SPDIFRX instance for mcu is applicable
2025-12-30 20:22:29,748 [INFO] Rule:233 - rule Rename Tracer Mode is applicable
2025-12-30 20:22:29,748 [INFO] Rule:233 - rule SPDIFRX instance value for IP SPDIFRX is applicable
2025-12-30 20:22:29,748 [INFO] Rule:233 - rule SPDIFRX instance for signal is applicable
2025-12-30 20:22:29,748 [INFO] Rule:233 - rule SPDIFRX instance for project manager is applicable
2025-12-30 20:22:29,748 [INFO] Rule:233 - rule SPDIFRX instance for project manager is applicable
2025-12-30 20:22:29,748 [INFO] Rule:233 - rule ADC Scan  fix with FW F7 is applicable
2025-12-30 20:22:29,748 [INFO] Rule:233 - rule ADC Scan  fix with FW F7 is applicable
2025-12-30 20:22:29,749 [INFO] Rule:233 - rule WakeUp0 Mode is applicable
2025-12-30 20:22:29,749 [INFO] Rule:233 - rule WakeUp0 SIGNAL is applicable
2025-12-30 20:22:29,749 [INFO] Rule:233 - rule WakeUp1 Mode is applicable
2025-12-30 20:22:29,749 [INFO] Rule:233 - rule WakeUp1 SIGNAL is applicable
2025-12-30 20:22:29,749 [INFO] Rule:233 - rule WakeUp2 Mode is applicable
2025-12-30 20:22:29,749 [INFO] Rule:233 - rule WakeUp2 SIGNAL is applicable
2025-12-30 20:22:29,749 [INFO] Rule:233 - rule WakeUp4 Mode is applicable
2025-12-30 20:22:29,749 [INFO] Rule:233 - rule WakeUp4 SIGNAL is applicable
2025-12-30 20:22:29,749 [INFO] Rule:233 - rule WakeUp5 Mode is applicable
2025-12-30 20:22:29,749 [INFO] Rule:233 - rule WakeUp5 SIGNAL is applicable
2025-12-30 20:22:29,749 [INFO] Rule:233 - rule UART/USART WORD LENGTH 7 is applicable
2025-12-30 20:22:29,749 [INFO] Rule:233 - rule UART/USART WORD LENGTH 8 is applicable
2025-12-30 20:22:29,749 [INFO] Rule:233 - rule UART/USART WORD LENGTH 9 is applicable
2025-12-30 20:22:29,749 [INFO] Rule:233 - rule Change Default Value for LSE Drive Capability for WB family is applicable
2025-12-30 20:22:29,749 [INFO] Rule:233 - rule Change Default Value for ADC Clock Prescaler G0 family is applicable
2025-12-30 20:22:29,749 [INFO] Rule:233 - rule ADC SamplingTime fix with FW L0  is applicable
2025-12-30 20:22:29,750 [INFO] Rule:233 - rule ADC SamplingTime fix with FW L0  is applicable
2025-12-30 20:22:29,750 [INFO] Rule:233 - rule ADC SamplingTime fix with FW L0 is applicable
2025-12-30 20:22:29,750 [INFO] Rule:233 - rule ADC SamplingTime fix with FW L0 is applicable
2025-12-30 20:22:29,750 [INFO] Rule:233 - rule ADC SamplingTime fix with FW L0  is applicable
2025-12-30 20:22:29,750 [INFO] Rule:233 - rule ADC SamplingTime fix with FW L0 is applicable
2025-12-30 20:22:29,750 [INFO] Rule:233 - rule Rename USB_OE Signal is applicable
2025-12-30 20:22:29,750 [INFO] Rule:233 - rule Rename Activate_OE Mode is applicable
2025-12-30 20:22:29,750 [INFO] Rule:233 - rule Rename DIE462/DIE415 pin PC14/OSC32_IN -> PC14-OSC32_IN (PC14) is applicable
2025-12-30 20:22:29,750 [INFO] Rule:233 - rule Rename DIE462/DIE415 pin PC15/OSC32_OUT -> PC15-OSC32_OUT (PC15) is applicable
2025-12-30 20:22:29,750 [INFO] Rule:233 - rule Rename DIE462/DIE415 pin PH0/OSC_IN -> PH0-OSC_IN (PH0) is applicable
2025-12-30 20:22:29,750 [INFO] Rule:233 - rule Rename DIE462/DIE415 pin PH1/OSC_OUT -> PH1-OSC_OUT (PH1) is applicable
2025-12-30 20:22:29,750 [INFO] Rule:233 - rule Rename DIE462 pin PA13 -> PA13 (JTMS/SWDIO) is applicable
2025-12-30 20:22:29,751 [INFO] Rule:233 - rule Rename DIE415 pin PA13 -> PA13 (JTMS/SWDIO) is applicable
2025-12-30 20:22:29,751 [INFO] Rule:233 - rule Rename DIE462 pin PA14 -> PA14 (JTCK/SWCLK) is applicable
2025-12-30 20:22:29,751 [INFO] Rule:233 - rule Rename DIE415 pin PA14 -> PA14 (JTCK/SWCLK) is applicable
2025-12-30 20:22:29,751 [INFO] Rule:233 - rule Rename DIE462/DIE415 pin PA15 -> PA15 (JTDI) is applicable
2025-12-30 20:22:29,752 [INFO] Rule:233 - rule Rename DIE462 pin PB3 -> PB3 (JTD0/TRACESWO) is applicable
2025-12-30 20:22:29,752 [INFO] Rule:233 - rule Rename DIE415 pin PB3 -> PB3 (JTD0-TRACESWO) is applicable
2025-12-30 20:22:29,752 [INFO] Rule:233 - rule Rename DIE462/DIE415 pin PB4 -> PB4 (NJTRST) is applicable
2025-12-30 20:22:29,752 [INFO] Rule:233 - rule Rename DIE462 pin PH3/BOOT0 -> PH3-BOOT0 (BOOT0) is applicable
2025-12-30 20:22:29,752 [INFO] Rule:233 - rule Rename CRYP DataEncryptionTypesList to Algorithm is applicable
2025-12-30 20:22:29,752 [INFO] Rule:233 - rule Rename AES DataEncryptionTypesList to Algorithm is applicable
2025-12-30 20:22:29,752 [INFO] Rule:233 - rule Rename TDESECB to CRYP_TDES_ECB is applicable
2025-12-30 20:22:29,752 [INFO] Rule:233 - rule Rename TDESCBC to CRYP_TDES_CBC is applicable
2025-12-30 20:22:29,752 [INFO] Rule:233 - rule Rename DESECB to CRYP_DES_ECB is applicable
2025-12-30 20:22:29,753 [INFO] Rule:233 - rule Rename DESCBC to CRYP_DES_CBC is applicable
2025-12-30 20:22:29,753 [INFO] Rule:233 - rule Rename AESECB to CRYP_AES_ECB is applicable
2025-12-30 20:22:29,753 [INFO] Rule:233 - rule Rename AESCBC to CRYP_AES_CBC is applicable
2025-12-30 20:22:29,753 [INFO] Rule:233 - rule Rename AESCTR to CRYP_AES_CTR is applicable
2025-12-30 20:22:29,753 [INFO] Rule:233 - rule Rename AESGCM to CRYP_AES_GCM is applicable
2025-12-30 20:22:29,753 [INFO] Rule:233 - rule Rename AESCCM to CRYP_AES_CCM is applicable
2025-12-30 20:22:29,753 [INFO] Rule:233 - rule Rename CAN TimeSeg1 to BS1 is applicable
2025-12-30 20:22:29,753 [INFO] Rule:233 - rule Rename CAN TimeSeg2 to BS2 is applicable
2025-12-30 20:22:29,753 [INFO] Rule:233 - rule Rename CAN SyncJumpWidth to SJW is applicable
2025-12-30 20:22:29,753 [INFO] Rule:233 - rule TimeTriggeredMode to TTCM is applicable
2025-12-30 20:22:29,753 [INFO] Rule:233 - rule Rename CAN AutoBusOff to ABOM is applicable
2025-12-30 20:22:29,753 [INFO] Rule:233 - rule Rename CAN AutoWakeUp to AWUM is applicable
2025-12-30 20:22:29,753 [INFO] Rule:233 - rule Rename CAN AutoRetransmission to NART is applicable
2025-12-30 20:22:29,753 [INFO] Rule:233 - rule Rename CAN ReceiveFifoLocked to RFLM is applicable
2025-12-30 20:22:29,753 [INFO] Rule:233 - rule Rename CAN TransmitFifoPriority to TXFP is applicable
2025-12-30 20:22:29,753 [INFO] Rule:233 - rule Rename HRTIMER HRTIM_OUTPUTFAULTLEVEL_HIGH in HRTIMER HRTIM_OUTPUTFAULTLEVEL_HIGHZ is applicable
2025-12-30 20:22:29,753 [INFO] Rule:233 - rule Rename TIMER TIM_CLEARINPUTSOURCE_OCREFCLR in  TIMER TIM_CLEARINPUTSOURCE_NONE for F7 family is applicable
2025-12-30 20:22:29,753 [INFO] Rule:233 - rule FDCAN_R1 - Rename FDCAN mode Master into Classic is applicable
2025-12-30 20:22:29,754 [INFO] Rule:233 - rule FDCAN_R2 - Rename FDCAN mode Slave into Classic is applicable
2025-12-30 20:22:29,754 [INFO] Rule:233 - rule FDCAN1_R3 - if PA10.Mode=FullDuplex, add Pin PA12 is applicable
2025-12-30 20:22:29,754 [INFO] Rule:233 - rule FDCAN1_R3 - if PA9.Mode=FullDuplex, add Pin PA11 is applicable
2025-12-30 20:22:29,754 [INFO] Rule:233 - rule FDCAN1_R3 - Alternatepin_1 - if PE1.Mode=FullDuplex, add Pin PB9 is applicable
2025-12-30 20:22:29,754 [INFO] Rule:233 - rule FDCAN1_R3 - Alternatepin_1 - if PE0.Mode=FullDuplex, add Pin PB8 is applicable
2025-12-30 20:22:29,754 [INFO] Rule:233 - rule FDCAN1_R3 - Alternatepin_2 - if PD5.Mode=FullDuplex, add Pin PD1 is applicable
2025-12-30 20:22:29,754 [INFO] Rule:233 - rule FDCAN1_R3 - Alternatepin_2 - if PD4.Mode=FullDuplex, add Pin PD0 is applicable
2025-12-30 20:22:29,754 [INFO] Rule:233 - rule FDCAN1_R4 - Rename Mode FullDuplex into Enable FDCAN_TXFD for pin PA10 is applicable
2025-12-30 20:22:29,754 [INFO] Rule:233 - rule FDCAN1_R4 - Rename Mode FullDuplex into Enable FDCAN_TXFD for pin PA9 is applicable
2025-12-30 20:22:29,754 [INFO] Rule:233 - rule FDCAN1_R4 - Alternatepin_1 - Rename Mode FullDuplex into Enable FDCAN_TXFD for pin PE1 is applicable
2025-12-30 20:22:29,754 [INFO] Rule:233 - rule FDCAN1_R4 - Alternatepin_1 - Rename Mode FullDuplex into Enable FDCAN_TXFD for pin PE0 is applicable
2025-12-30 20:22:29,754 [INFO] Rule:233 - rule FDCAN1_R4 - Alternatepin_2 - Rename Mode FullDuplex into Enable FDCAN_TXFD for pin PD5 is applicable
2025-12-30 20:22:29,754 [INFO] Rule:233 - rule FDCAN1_R4 - Alternatepin_2 - Rename Mode FullDuplex into Enable FDCAN_TXFD for pin PD4 is applicable
2025-12-30 20:22:29,754 [INFO] Rule:233 - rule FDCAN2_R3 - if PD10.Mode=FullDuplex, add Pin PB13 is applicable
2025-12-30 20:22:29,754 [INFO] Rule:233 - rule FDCAN2_R3 - if PD9.Mode=FullDuplex, add Pin PB12 is applicable
2025-12-30 20:22:29,754 [INFO] Rule:233 - rule FDCAN2_R3 - Alternatepin_1 - if PB7.Mode=FullDuplex, add Pin PB6 is applicable
2025-12-30 20:22:29,754 [INFO] Rule:233 - rule FDCAN2_R3 - Alternatepin_1 - if PD9.Mode=FullDuplex, add Pin PB12 is applicable
2025-12-30 20:22:29,755 [INFO] Rule:233 - rule FDCAN2_R4 - Rename Mode FullDuplex into Enable FDCAN_TXFD for pin PD10 is applicable
2025-12-30 20:22:29,755 [INFO] Rule:233 - rule FDCAN2_R4 - Rename Mode FullDuplex into Enable FDCAN_TXFD for pin PD9 is applicable
2025-12-30 20:22:29,755 [INFO] Rule:233 - rule FDCAN2_R4 - Alternatepin_1 - Rename Mode FullDuplex into Enable FDCAN_TXFD for pin PB7 is applicable
2025-12-30 20:22:29,755 [INFO] Rule:233 - rule FDCAN2_R4 - Alternatepin_1 - Rename Mode FullDuplex into Enable FDCAN_TXFD for pin PD6 is applicable
2025-12-30 20:22:29,755 [INFO] Rule:233 - rule USART TxPinLevelInvertParam Mode is applicable
2025-12-30 20:22:29,755 [INFO] Rule:233 - rule USART RxPinLevelInvertParam Mode is applicable
2025-12-30 20:22:29,755 [INFO] Rule:233 - rule USART DataInvertParam Mode is applicable
2025-12-30 20:22:29,755 [INFO] Rule:233 - rule USART SwapParam Mode is applicable
2025-12-30 20:22:29,755 [INFO] Rule:233 - rule USART OverrunDisableParam Mode is applicable
2025-12-30 20:22:29,755 [INFO] Rule:233 - rule USART DMADisableonRxErrorParam Mode is applicable
2025-12-30 20:22:29,755 [INFO] Rule:233 - rule USART MSBFirstParam Mode is applicable
2025-12-30 20:22:29,755 [INFO] Rule:233 - rule Update MwName for USB_DEVICE is applicable
2025-12-30 20:22:29,755 [INFO] Rule:233 - rule Change PWR_Regulator_Voltage_Scale Default Value for RCC  H7 family is applicable
2025-12-30 20:22:29,755 [INFO] Rule:233 - rule UART/USART IPParameter rename Prescaler parameter to ClockPrescaler is applicable
2025-12-30 20:22:29,755 [INFO] Rule:233 - rule UART/USART Prescaler rename Prescaler parameter to ClockPrescaler is applicable
2025-12-30 20:22:29,755 [INFO] Rule:233 - rule TIM1CLockSelection is applicable
2025-12-30 20:22:29,755 [INFO] Rule:233 - rule TIM15CLockSelection is applicable
2025-12-30 20:22:29,755 [INFO] Rule:233 - rule align RCC SDMMC3CLockSelection default value on MP1 is applicable
2025-12-30 20:22:29,755 [INFO] Rule:233 - rule align RCC SDMMC12CLockSelection default value on MP1 is applicable
2025-12-30 20:22:29,755 [INFO] Rule:233 - rule align RCC QSPICLockSelection default value on MP1 is applicable
2025-12-30 20:22:29,755 [INFO] Rule:233 - rule align RCC QSPICLockSelection default value on MP1 is applicable
2025-12-30 20:22:29,755 [INFO] Rule:233 - rule align RCC SPI6CLockSelection default value on MP1 is applicable
2025-12-30 20:22:29,755 [INFO] Rule:233 - rule align RCC LPTIM23CLockSelection default value on MP1 is applicable
2025-12-30 20:22:29,755 [INFO] Rule:233 - rule align RCC LPTIM1CLockSelection default value on MP1 is applicable
2025-12-30 20:22:29,755 [INFO] Rule:233 - rule align RCC USART1CLockSelection default value on MP1 is applicable
2025-12-30 20:22:29,755 [INFO] Rule:233 - rule align RCC USART24CLockSelection default value on MP1 is applicable
2025-12-30 20:22:29,755 [INFO] Rule:233 - rule align RCC USART6CLockSelection default value on MP1 is applicable
2025-12-30 20:22:29,755 [INFO] Rule:233 - rule align RCC UART78CLockSelection default value on MP1 is applicable
2025-12-30 20:22:29,755 [INFO] Rule:233 - rule align RCC USART35CLockSelection default value on MP1 is applicable
2025-12-30 20:22:29,756 [INFO] Rule:233 - rule align RCC SPI45CLockSelection default value on MP1 is applicable
2025-12-30 20:22:29,756 [INFO] Rule:233 - rule align RCC I2C46CLockSelection BCLK value on MP1 is applicable
2025-12-30 20:22:29,756 [INFO] Rule:233 - rule align RCC SPI45CLockSelection default value on MP1 is applicable
2025-12-30 20:22:29,756 [INFO] Rule:233 - rule align RCC I2C12CLockSelection default value on MP1 is applicable
2025-12-30 20:22:29,756 [INFO] Rule:233 - rule align RCC I2C35CLockSelection default value on MP1 is applicable
2025-12-30 20:22:29,756 [INFO] Rule:233 - rule align RCC LPTIM45CLockSelection default value on MP1 is applicable
2025-12-30 20:22:29,756 [INFO] Rule:233 - rule Rename DCMI PIXCK signal is applicable
2025-12-30 20:22:29,756 [INFO] Rule:233 - rule Change Default Value for I2C46CLockSelection MP1 family is applicable
2025-12-30 20:22:29,756 [INFO] Rule:233 - rule Change Default Value for UART for G4, G0 and WB families is applicable
2025-12-30 20:22:29,756 [INFO] Rule:233 - rule Change Default Value for USART for G4, G0 and WB families is applicable
2025-12-30 20:22:29,756 [INFO] Rule:233 - rule Change Default Value for USART for G4 family is applicable
2025-12-30 20:22:29,757 [INFO] Rule:233 - rule Change USART1CLockSelection refparam name for MP1 is applicable
2025-12-30 20:22:29,757 [INFO] Rule:233 - rule Change USART2CLockSelection refparam name for MP1 is applicable
2025-12-30 20:22:29,757 [INFO] Rule:233 - rule Change USART3CLockSelection refparam name for MP1 is applicable
2025-12-30 20:22:29,757 [INFO] Rule:233 - rule Change UART4CLockSelection refparam name for MP1 is applicable
2025-12-30 20:22:29,757 [INFO] Rule:233 - rule Change UART5CLockSelection refparam name for MP1 is applicable
2025-12-30 20:22:29,757 [INFO] Rule:233 - rule Change LPUART1CLockSelection refparam name for MP1 is applicable
2025-12-30 20:22:29,757 [INFO] Rule:233 - rule Change LPTIM1CLockSelection refparam name for MP1 is applicable
2025-12-30 20:22:29,758 [INFO] Rule:233 - rule Change LPTIM2CLockSelection refparam name for MP1 is applicable
2025-12-30 20:22:29,758 [INFO] Rule:233 - rule Change RCC_MCO1Source refparam name for MP1 is applicable
2025-12-30 20:22:29,758 [INFO] Rule:233 - rule Change LSCOSource1 refparam name for MP1 is applicable
2025-12-30 20:22:29,758 [INFO] Rule:233 - rule Change SMPSCLockSelection refparam name for MP1 is applicable
2025-12-30 20:22:29,758 [INFO] Rule:233 - rule Change LPTIM3CLockSelection refparam name for MP1 is applicable
2025-12-30 20:22:29,758 [INFO] Rule:233 - rule Change MPCBB* Default Template Mode to Parameters is applicable
2025-12-30 20:22:29,758 [INFO] Rule:233 - rule Change MPCWM* or MPCBB* Secure Mode to Parameters is applicable
2025-12-30 20:22:29,758 [INFO] Rule:233 - rule Change MPCWM* or MPCBB* No Secure Mode to Parameters is applicable
2025-12-30 20:22:29,758 [INFO] Rule:233 - rule Change TZSC IP Secure Mode to Parameters is applicable
2025-12-30 20:22:29,758 [INFO] Rule:233 - rule Change TZSC IP No Secure Mode to Parameters is applicable
2025-12-30 20:22:29,758 [INFO] Rule:233 - rule Change TZSC IP Privilege Mode to Parameters is applicable
2025-12-30 20:22:29,758 [INFO] Rule:233 - rule Change TZSC IP No Privilege Mode to Parameters is applicable
2025-12-30 20:22:29,758 [INFO] Rule:233 - rule Change TZIC IT Secure Mode to Parameters is applicable
2025-12-30 20:22:29,758 [INFO] Rule:233 - rule Change TZIC IT No Secure Mode to Parameters is applicable
2025-12-30 20:22:29,758 [INFO] Rule:233 - rule Add MPCBB1_NonSecureArea_Start_Address value with referenced to MPCBB1_NonSecureArea_Start value is applicable
2025-12-30 20:22:29,758 [INFO] Rule:233 - rule Add MPCBB2_NonSecureArea_Start_Address value with referenced to MPCBB2_NonSecureArea_Start value is applicable
2025-12-30 20:22:29,758 [INFO] Rule:233 - rule Add MPCWM1_NonSecureArea*_Start_Address value with referenced to MPCWM1_NonSecureArea*_Start value is applicable
2025-12-30 20:22:29,758 [INFO] Rule:233 - rule Add MPCWM2_NonSecureArea*_Start_Address value with referenced to MPCWM2_NonSecureArea*_Start value is applicable
2025-12-30 20:22:29,758 [INFO] Rule:233 - rule Add MPCWM3_NonSecureArea_Start_Address value with referenced to MPCWM3_NonSecureArea_Start value is applicable
2025-12-30 20:22:29,758 [INFO] Rule:233 - rule Change Default Value for PLL1UserDefinedConfig is applicable
2025-12-30 20:22:29,759 [INFO] Rule:233 - rule Change GPIO_PuPd Default Value for USART in async mode is applicable
2025-12-30 20:22:29,759 [INFO] Rule:233 - rule Change SMPSDivider Default Value is applicable
2025-12-30 20:22:29,759 [INFO] Rule:233 - rule OPAMP is applicable
2025-12-30 20:22:29,759 [INFO] Rule:233 - rule LPUART IPParameter rename Prescaler parameter to ClockPrescaler for STM32H7 is applicable
2025-12-30 20:22:29,759 [INFO] Rule:233 - rule LPUART IPParameter rename Prescaler parameter to ClockPrescaler for STM32H7 is applicable
2025-12-30 20:22:29,759 [INFO] Rule:233 - rule LPUART IPParameter rename Prescaler parameter to ClockPrescaler for STM32WB is applicable
2025-12-30 20:22:29,759 [INFO] Rule:233 - rule LPUART IPParameter rename Prescaler parameter to ClockPrescaler for STM32WB is applicable
2025-12-30 20:22:29,759 [INFO] Rule:233 - rule LPUART IPParameter rename Prescaler parameter to ClockPrescaler for STM32G4 is applicable
2025-12-30 20:22:29,759 [INFO] Rule:233 - rule LPUART IPParameter rename Prescaler parameter to ClockPrescaler for STM32G4 is applicable
2025-12-30 20:22:29,759 [INFO] Rule:233 - rule LPUART IPParameter rename Prescaler parameter to ClockPrescaler for STM32L5 is applicable
2025-12-30 20:22:29,759 [INFO] Rule:233 - rule LPUART IPParameter rename Prescaler parameter to ClockPrescaler for STM32L5 is applicable
2025-12-30 20:22:29,759 [INFO] Rule:233 - rule LPUART IPParameter rename Prescaler parameter to ClockPrescaler for STM32G4 is applicable
2025-12-30 20:22:29,759 [INFO] Rule:233 - rule LPUART IPParameter rename Prescaler parameter to ClockPrescaler for STM32G4 is applicable
2025-12-30 20:22:29,759 [INFO] Rule:233 - rule USB device lib V2.5.3 for L0 rename USBD_SUPPORT_USER_STRING parameter to USBD_SUPPORT_USER_STRING_DESC4 is applicable
2025-12-30 20:22:29,760 [INFO] Rule:233 - rule I2SCLockSelection clock entry align is applicable
2025-12-30 20:22:29,760 [INFO] Rule:233 - rule Assign TIMx context if used as SYS timebase is applicable
2025-12-30 20:22:29,760 [INFO] Rule:233 - rule Change GPIO_Pu Default Value for I2C is applicable
2025-12-30 20:22:29,760 [INFO] Rule:233 - rule Change GPIO_Pu Default Value for SMBus is applicable
2025-12-30 20:22:29,760 [INFO] Rule:233 - rule change FDCAN default value is applicable
2025-12-30 20:22:29,760 [INFO] Rule:233 - rule Change mode sai is applicable
2025-12-30 20:22:29,760 [INFO] Rule:233 - rule **Change sai mode is applicable
2025-12-30 20:22:29,760 [INFO] Rule:233 - rule Rename STM32WPAN CFG_BLE_IRK to CFG_BLE_IR is applicable
2025-12-30 20:22:29,760 [INFO] Rule:233 - rule Rename STM32WPAN CFG_BLE_ERK to CFG_BLE_ER is applicable
2025-12-30 20:22:29,762 [INFO] Rule:233 - rule Rename STM32WPAN CFG_BLE_IRK_HEX to CFG_BLE_IR_HEX is applicable
2025-12-30 20:22:29,762 [INFO] Rule:233 - rule Rename STM32WPAN CFG_BLE_ERK_HEX to CFG_BLE_ER_HEX is applicable
2025-12-30 20:22:29,762 [INFO] Rule:233 - rule Adapt Old IOC before rework replace old CORTEX_M33/CORTEX_M55 attributes by the new one. is applicable
2025-12-30 20:22:29,762 [INFO] Rule:233 - rule Rename parametre of RCC RCC_APBDBG_DIV2 to RCC_TIMPRES_DIV2 is applicable
2025-12-30 20:22:29,762 [INFO] Rule:233 - rule Rename DIE493 pin PA10 [PA12] -> PA10 is applicable
2025-12-30 20:22:29,762 [INFO] Rule:233 - rule Rename DIE493 pin PA9 [PA11] -> PA9 is applicable
2025-12-30 20:22:29,762 [INFO] Rule:233 - rule Rename DIE492 PartNumber CPN STM32WBA5MJGHx -> STM32WBA5MMGHx is applicable
2025-12-30 20:22:29,762 [INFO] Rule:233 - rule Rename DIE492 PartNumber  Name STM32WBA5MJGHx -> STM32WBA5MMGHx is applicable
2025-12-30 20:22:29,762 [INFO] Rule:233 - rule Rename DIE492 PartNumber UserName STM32WBA5MJGHx -> STM32WBA5MMGHx is applicable
2025-12-30 20:22:29,762 [INFO] Rule:233 - rule Rename DIE492 PartNumber DeviceId STM32WBA5MJGHx -> STM32WBA5MMGHx is applicable
2025-12-30 20:22:29,762 [INFO] Rule:233 - rule Adapt Old IOC CSI. is applicable
2025-12-30 20:22:29,762 [INFO] Rule:233 - rule Adapt Old IOC DCMIPP. is applicable
2025-12-30 20:22:29,762 [INFO] Rule:233 - rule Adapt Old IOC DCMIPP Mode Parallel. is applicable
2025-12-30 20:22:29,762 [INFO] Rule:233 - rule Adapt Old IOC LTDC. is applicable
2025-12-30 20:22:29,762 [INFO] Rule:233 - rule Rename STM32MP2 RIF Peripheral LTDC RIF.RISUP.LTDC_L0L1.Privilege -> RIF.RISUP.LTDC_L1L2.Privilege is applicable
2025-12-30 20:22:29,762 [INFO] Rule:233 - rule Rename STM32MP2 RIF Peripheral LTDC RIF.RISUP.LTDC_L0L1.Privilege -> RIF.RISUP.LTDC_L1L2.Privilege is applicable
2025-12-30 20:22:29,762 [INFO] Rule:233 - rule Rename STM32MP2 RIF Peripheral LTDC RIF.RISUP.LTDC_L0L1.Lock -> RIF.RISUP.LTDC_L1L2.Lock is applicable
2025-12-30 20:22:29,762 [INFO] Rule:233 - rule Rename STM32MP2 RIF Peripheral LTDC RIF.RISUP.LTDC_L2.Lock -> RIF.RISUP.LTDC_L3.Lock is applicable
2025-12-30 20:22:29,762 [INFO] Rule:233 - rule Adapt the old IOC example for updating the SYS when it is misconfigured. is applicable
2025-12-30 20:22:29,762 [INFO] Rule:233 - rule Rename STM32C09 Mcu.Package LQFP64 -> LQFP48 is applicable
2025-12-30 20:22:29,762 [INFO] Rule:233 - rule Adapt the old IOC example for updating the SYS when it is misconfigured. is applicable
2025-12-30 20:22:29,762 [INFO] Rule:233 - rule Adapt the old IOC example for updating the SYS when it is misconfigured. is applicable
2025-12-30 20:22:29,790 [INFO] DbConfProperties:307 - Apply Compatibility (38/250 Rules)
2025-12-30 20:22:29,818 [INFO] ImportTextPane:234 - (OptionalMessage_ERROR) Unable to find key (Mcu.ThirdPartyNb) in loaded IOC file
2025-12-30 20:22:29,822 [INFO] ImportTextPane:234 - (OptionalMessage_ERROR) Pin34 (VP_RIF_VS_RIF1) cannot be retrieved for this MCU
2025-12-30 20:22:29,873 [INFO] RtosManager:558 - Registered RTOS mode: class=CMSIS, group=RTOS, mode=CMSIS_V1, owner=FREERTOS
2025-12-30 20:22:29,873 [INFO] RtosManager:558 - Registered RTOS mode: class=CMSIS, group=RTOS2, mode=CMSIS_V2, owner=FREERTOS
2025-12-30 20:22:29,873 [INFO] RtosManager:558 - Registered RTOS mode: class=RTOS, group=Core, mode=CMSIS_V1, owner=FREERTOS
2025-12-30 20:22:29,873 [INFO] RtosManager:558 - Registered RTOS mode: class=RTOS, group=Core, mode=CMSIS_V2, owner=FREERTOS
2025-12-30 20:22:29,873 [WARN] ModelIntegratedComponent:184 - Missing modes for component STMicroelectronics:FreeRTOS:0.0.1:STMicroelectronics:RTOS:FreeRTOS:Core:::10.2.0:
2025-12-30 20:22:29,911 [WARN] ModelIntegratedComponent:63 - No mode defined for component null
2025-12-30 20:22:29,911 [WARN] ModelIntegratedComponent:63 - No mode defined for component null
2025-12-30 20:22:29,911 [WARN] ModelIntegratedComponent:63 - No mode defined for component null
2025-12-30 20:22:29,911 [WARN] ModelIntegratedComponent:63 - No mode defined for component null
2025-12-30 20:22:29,911 [WARN] ModelIntegratedComponent:63 - No mode defined for component null
2025-12-30 20:22:29,912 [WARN] ModelIntegratedComponent:63 - No mode defined for component null
2025-12-30 20:22:29,912 [WARN] ModelIntegratedComponent:63 - No mode defined for component null
2025-12-30 20:22:29,912 [WARN] ModelIntegratedComponent:63 - No mode defined for component null
2025-12-30 20:22:29,912 [WARN] ModelIntegratedComponent:63 - No mode defined for component null
2025-12-30 20:22:29,912 [WARN] ModelIntegratedComponent:63 - No mode defined for component null
2025-12-30 20:22:29,912 [WARN] ModelIntegratedComponent:63 - No mode defined for component null
2025-12-30 20:22:29,912 [WARN] ModelIntegratedComponent:63 - No mode defined for component null
2025-12-30 20:22:29,912 [WARN] ModelIntegratedComponent:63 - No mode defined for component null
2025-12-30 20:22:29,912 [WARN] ModelIntegratedComponent:63 - No mode defined for component null
2025-12-30 20:22:29,912 [WARN] ModelIntegratedComponent:63 - No mode defined for component null
2025-12-30 20:22:29,912 [WARN] ModelIntegratedComponent:63 - No mode defined for component null
2025-12-30 20:22:29,912 [WARN] ModelIntegratedComponent:63 - No mode defined for component null
2025-12-30 20:22:29,912 [WARN] ModelIntegratedComponent:63 - No mode defined for component null
2025-12-30 20:22:29,912 [WARN] ModelIntegratedComponent:63 - No mode defined for component null
2025-12-30 20:22:29,912 [WARN] ModelIntegratedComponent:63 - No mode defined for component null
2025-12-30 20:22:29,912 [WARN] ModelIntegratedComponent:63 - No mode defined for component null
2025-12-30 20:22:29,912 [WARN] ModelIntegratedComponent:63 - No mode defined for component null
2025-12-30 20:22:29,912 [WARN] ModelIntegratedComponent:63 - No mode defined for component null
2025-12-30 20:22:29,912 [WARN] ModelIntegratedComponent:63 - No mode defined for component null
2025-12-30 20:22:29,912 [WARN] ModelIntegratedComponent:63 - No mode defined for component null
2025-12-30 20:22:29,912 [WARN] ModelIntegratedComponent:63 - No mode defined for component null
2025-12-30 20:22:29,912 [WARN] ModelIntegratedComponent:63 - No mode defined for component null
2025-12-30 20:22:29,912 [WARN] ModelIntegratedComponent:63 - No mode defined for component null
2025-12-30 20:22:29,912 [WARN] ModelIntegratedComponent:63 - No mode defined for component null
2025-12-30 20:22:29,912 [WARN] ModelIntegratedComponent:63 - No mode defined for component null
2025-12-30 20:22:29,912 [WARN] ModelIntegratedComponent:63 - No mode defined for component null
2025-12-30 20:22:29,912 [WARN] ModelIntegratedComponent:63 - No mode defined for component null
2025-12-30 20:22:29,912 [WARN] ModelIntegratedComponent:63 - No mode defined for component null
2025-12-30 20:22:29,912 [WARN] ModelIntegratedComponent:63 - No mode defined for component null
2025-12-30 20:22:29,912 [WARN] ModelIntegratedComponent:63 - No mode defined for component null
2025-12-30 20:22:29,914 [WARN] ModelPack:524 - Component already loaded: STMicroelectronics:HAL Drivers:0.0.0:STMicroelectronics:Device:STMicro_Driver:XSPI:HAL::0.0.1:HAL_XSPI
2025-12-30 20:22:29,954 [INFO] ThirdPartyModel:298 - Start build external matchings
2025-12-30 20:22:30,028 [INFO] ThirdPartyModel:316 - End build external matchings
2025-12-30 20:22:30,424 [INFO] UtilMem:75 - End LoadConfig() Used Memory: 395112352 Bytes (783286272)
2025-12-30 20:22:30,478 [WARN] ThirdParty:833 - waiting for thirdparty lock release [change project]
2025-12-30 20:22:30,479 [INFO] ThirdParty:835 - entering critical section [change project]
2025-12-30 20:22:30,479 [INFO] ThirdParty:1030 - CMSIS Pack Vendor :STMicroelectronics X-CUBE-PM33A1 1.0.0
2025-12-30 20:22:30,480 [INFO] ThirdParty:1030 - CMSIS Pack Vendor :STMicroelectronics USBPD 4.1
2025-12-30 20:22:30,480 [INFO] ThirdParty:1030 - CMSIS Pack Vendor :STMicroelectronics X-CUBE-NFC9 1.0.0
2025-12-30 20:22:30,480 [INFO] ThirdParty:1030 - CMSIS Pack Vendor :STMicroelectronics USB_HOST 2.0.0
2025-12-30 20:22:30,480 [INFO] ThirdParty:1030 - CMSIS Pack Vendor :STMicroelectronics FP-SNS-MOTENVWB1 1.4.0
2025-12-30 20:22:30,480 [INFO] ThirdParty:1030 - CMSIS Pack Vendor :STMicroelectronics X-CUBE-AZRTOS-F4 1.1.0
2025-12-30 20:22:30,480 [INFO] ThirdParty:1030 - CMSIS Pack Vendor :STMicroelectronics LIBJPEG 8.0.0
2025-12-30 20:22:30,480 [INFO] ThirdParty:1030 - CMSIS Pack Vendor :STMicroelectronics FP-ATR-ASTRA1 2.0.2
2025-12-30 20:22:30,480 [INFO] ThirdParty:1030 - CMSIS Pack Vendor :STMicroelectronics X-CUBE-BLE1 7.1.0
2025-12-30 20:22:30,480 [INFO] ThirdParty:1030 - CMSIS Pack Vendor :STMicroelectronics X-CUBE-SMBUS 2.1.0
2025-12-30 20:22:30,480 [INFO] ThirdParty:1030 - CMSIS Pack Vendor :STMicroelectronics USB_DEVICE 3.0.0
2025-12-30 20:22:30,480 [INFO] ThirdParty:1030 - CMSIS Pack Vendor :STMicroelectronics X-CUBE-ISPU 2.1.0
2025-12-30 20:22:30,480 [INFO] ThirdParty:1030 - CMSIS Pack Vendor :STMicroelectronics X-CUBE-AZRTOS-WB 2.0.0
2025-12-30 20:22:30,480 [INFO] ThirdParty:1030 - CMSIS Pack Vendor :STMicroelectronics X-CUBE-AZRTOS-F7 1.1.0
2025-12-30 20:22:30,480 [INFO] ThirdParty:1030 - CMSIS Pack Vendor :STMicroelectronics X-CUBE-AZRTOS-L5 2.0.0
2025-12-30 20:22:30,480 [INFO] ThirdParty:1030 - CMSIS Pack Vendor :STMicroelectronics USB_DEVICE 2.0.0
2025-12-30 20:22:30,480 [INFO] ThirdParty:1030 - CMSIS Pack Vendor :STMicroelectronics X-CUBE-NFC6 3.1.0
2025-12-30 20:22:30,480 [INFO] ThirdParty:1030 - CMSIS Pack Vendor :STMicroelectronics FreeRTOS 0.0.1
2025-12-30 20:22:30,480 [INFO] ThirdParty:1030 - CMSIS Pack Vendor :STMicroelectronics X-CUBE-AZRTOS-G0 1.1.0
2025-12-30 20:22:30,480 [INFO] ThirdParty:1030 - CMSIS Pack Vendor :STMicroelectronics X-CUBE-NFC4 3.0.0
2025-12-30 20:22:30,480 [INFO] ThirdParty:1030 - CMSIS Pack Vendor :STMicroelectronics X-CUBE-SUBG2 5.0.0
2025-12-30 20:22:30,480 [INFO] ThirdParty:1030 - CMSIS Pack Vendor :STMicroelectronics STM32_WPAN 1.0.0
2025-12-30 20:22:30,480 [INFO] ThirdParty:1030 - CMSIS Pack Vendor :STMicroelectronics lwIP 2.0.3
2025-12-30 20:22:30,480 [INFO] ThirdParty:1030 - CMSIS Pack Vendor :STMicroelectronics USB_HOST 1.0.0
2025-12-30 20:22:30,480 [INFO] ThirdParty:1030 - CMSIS Pack Vendor :STMicroelectronics X-CUBE-AZRTOS-G4 2.0.0
2025-12-30 20:22:30,480 [INFO] ThirdParty:1030 - CMSIS Pack Vendor :STMicroelectronics X-CUBE-WB05N 2.0.0
2025-12-30 20:22:30,480 [INFO] ThirdParty:1030 - CMSIS Pack Vendor :STMicroelectronics PDM2PCM 3.1.0
2025-12-30 20:22:30,480 [INFO] ThirdParty:1030 - CMSIS Pack Vendor :STMicroelectronics PDM2PCM 3.3.0
2025-12-30 20:22:30,480 [INFO] ThirdParty:1030 - CMSIS Pack Vendor :STMicroelectronics X-CUBE-DISPLAY 3.0.0
2025-12-30 20:22:30,480 [INFO] ThirdParty:1030 - CMSIS Pack Vendor :STMicroelectronics X-CUBE-NFC7 2.0.0
2025-12-30 20:22:30,480 [INFO] ThirdParty:1030 - CMSIS Pack Vendor :STMicroelectronics X-CUBE-TCPP 4.2.0
2025-12-30 20:22:30,480 [INFO] ThirdParty:1030 - CMSIS Pack Vendor :STMicroelectronics FP-ATR-SIGFOX1 3.2.0
2025-12-30 20:22:30,480 [INFO] ThirdParty:1030 - CMSIS Pack Vendor :STMicroelectronics X-CUBE-NFC10 1.0.0
2025-12-30 20:22:30,480 [INFO] ThirdParty:1030 - CMSIS Pack Vendor :STMicroelectronics HAL Drivers 0.0.0
2025-12-30 20:22:30,480 [INFO] ThirdParty:1030 - CMSIS Pack Vendor :STMicroelectronics MBEDTLS 2.16.2
2025-12-30 20:22:30,480 [INFO] ThirdParty:1030 - CMSIS Pack Vendor :STMicroelectronics X-CUBE-ALS 1.0.2
2025-12-30 20:22:30,480 [INFO] ThirdParty:1030 - CMSIS Pack Vendor :STMicroelectronics MBEDTLS 2.14.1
2025-12-30 20:22:30,480 [INFO] ThirdParty:1030 - CMSIS Pack Vendor :STMicroelectronics ThreadX 1.0.0
2025-12-30 20:22:30,480 [INFO] ThirdParty:1030 - CMSIS Pack Vendor :STMicroelectronics FP-SNS-SMARTAG2 1.2.0
2025-12-30 20:22:30,480 [INFO] ThirdParty:1030 - CMSIS Pack Vendor :STMicroelectronics FP-SNS-FLIGHT1 5.1.0
2025-12-30 20:22:30,481 [INFO] ThirdParty:1030 - CMSIS Pack Vendor :STMicroelectronics X-CUBE-AZRTOS-WL 2.0.0
2025-12-30 20:22:30,481 [INFO] ThirdParty:1030 - CMSIS Pack Vendor :STMicroelectronics X-CUBE-ALGOBUILD 1.4.0
2025-12-30 20:22:30,481 [INFO] ThirdParty:1030 - CMSIS Pack Vendor :STMicroelectronics X-CUBE-DPower 1.3.0
2025-12-30 20:22:30,481 [INFO] ThirdParty:1030 - CMSIS Pack Vendor :STMicroelectronics USB_DEVICE 1.0.0
2025-12-30 20:22:30,481 [INFO] ThirdParty:1030 - CMSIS Pack Vendor :STMicroelectronics X-CUBE-AZRTOS-L4 2.0.0
2025-12-30 20:22:30,481 [INFO] ThirdParty:1030 - CMSIS Pack Vendor :STMicroelectronics ThreadX 0.0.2
2025-12-30 20:22:30,481 [INFO] ThirdParty:1030 - CMSIS Pack Vendor :STMicroelectronics lwIP 2.1.2
2025-12-30 20:22:30,481 [INFO] ThirdParty:1030 - CMSIS Pack Vendor :STMicroelectronics X-CUBE-SFXS2LP1 4.0.0
2025-12-30 20:22:30,481 [INFO] ThirdParty:1030 - CMSIS Pack Vendor :STMicroelectronics X-CUBE-BLE2 3.3.0
2025-12-30 20:22:30,481 [INFO] ThirdParty:1030 - CMSIS Pack Vendor :STMicroelectronics X-CUBE-TOF1 3.4.3
2025-12-30 20:22:30,481 [INFO] ThirdParty:1030 - CMSIS Pack Vendor :STMicroelectronics PDM2PCM 3.2.0
2025-12-30 20:22:30,481 [INFO] ThirdParty:841 - exiting critical section [change project]
2025-12-30 20:22:30,835 [INFO] PinOutPanel:1589 - setPackage(No Configuration,No Configuration)
2025-12-30 20:22:30,836 [INFO] PinOutPanel:1589 - setPackage(STM32F407VGTx,LQFP100)
2025-12-30 20:22:31,122 [INFO] UtilMem:75 - Before build in PCC Used Memory: 553973664 Bytes (783286272)
2025-12-30 20:22:31,426 [INFO] UtilMem:75 - After build in PCC Used Memory: 600633248 Bytes (783286272)
2025-12-30 20:22:31,461 [INFO] IPUIPlugin:80 - create IPUIPlugin
2025-12-30 20:22:31,462 [INFO] IPUIPlugin:80 - create IPUIPlugin
2025-12-30 20:22:31,462 [INFO] IPUIPlugin:80 - create IPUIPlugin
2025-12-30 20:22:31,462 [INFO] IPUIPlugin:80 - create IPUIPlugin
2025-12-30 20:22:31,462 [INFO] IPUIPlugin:80 - create IPUIPlugin
2025-12-30 20:22:31,462 [INFO] IPUIPlugin:80 - create IPUIPlugin
2025-12-30 20:22:31,462 [INFO] IPUIPlugin:80 - create IPUIPlugin
2025-12-30 20:22:31,462 [INFO] IPUIPlugin:80 - create IPUIPlugin
2025-12-30 20:22:31,462 [INFO] IPUIPlugin:80 - create IPUIPlugin
2025-12-30 20:22:31,462 [INFO] IPUIPlugin:80 - create IPUIPlugin
2025-12-30 20:22:31,462 [INFO] IPUIPlugin:80 - create IPUIPlugin
2025-12-30 20:22:31,463 [INFO] IPUIPlugin:80 - create IPUIPlugin
2025-12-30 20:22:31,463 [INFO] IPUIPlugin:80 - create IPUIPlugin
2025-12-30 20:22:31,463 [INFO] IPUIPlugin:80 - create IPUIPlugin
2025-12-30 20:22:31,463 [INFO] IPUIPlugin:80 - create IPUIPlugin
2025-12-30 20:22:31,463 [INFO] IPUIPlugin:80 - create IPUIPlugin
2025-12-30 20:22:31,463 [INFO] IPUIPlugin:80 - create IPUIPlugin
2025-12-30 20:22:31,463 [INFO] IPUIPlugin:80 - create IPUIPlugin
2025-12-30 20:22:31,463 [INFO] IPUIPlugin:80 - create IPUIPlugin
2025-12-30 20:22:31,463 [INFO] IPUIPlugin:80 - create IPUIPlugin
2025-12-30 20:22:31,464 [INFO] IPUIPlugin:80 - create IPUIPlugin
2025-12-30 20:22:31,464 [INFO] IPUIPlugin:80 - create IPUIPlugin
2025-12-30 20:22:31,464 [INFO] IPUIPlugin:80 - create IPUIPlugin
2025-12-30 20:22:31,464 [INFO] IPUIPlugin:80 - create IPUIPlugin
2025-12-30 20:22:31,464 [INFO] IPUIPlugin:80 - create IPUIPlugin
2025-12-30 20:22:31,464 [INFO] IPUIPlugin:80 - create IPUIPlugin
2025-12-30 20:22:31,464 [INFO] IPUIPlugin:80 - create IPUIPlugin
2025-12-30 20:22:31,465 [INFO] IPUIPlugin:80 - create IPUIPlugin
2025-12-30 20:22:31,465 [INFO] IPUIPlugin:80 - create IPUIPlugin
2025-12-30 20:22:31,465 [INFO] IPUIPlugin:80 - create IPUIPlugin
2025-12-30 20:22:31,465 [INFO] IPUIPlugin:80 - create IPUIPlugin
2025-12-30 20:22:31,465 [INFO] IPUIPlugin:80 - create IPUIPlugin
2025-12-30 20:22:31,465 [INFO] IPUIPlugin:80 - create IPUIPlugin
2025-12-30 20:22:31,465 [INFO] IPUIPlugin:80 - create IPUIPlugin
2025-12-30 20:22:31,465 [INFO] IPUIPlugin:80 - create IPUIPlugin
2025-12-30 20:22:31,466 [INFO] IPUIPlugin:80 - create IPUIPlugin
2025-12-30 20:22:31,466 [INFO] IPUIPlugin:80 - create IPUIPlugin
2025-12-30 20:22:31,466 [INFO] IPUIPlugin:80 - create IPUIPlugin
2025-12-30 20:22:31,466 [INFO] IPUIPlugin:80 - create IPUIPlugin
2025-12-30 20:22:31,466 [INFO] IPUIPlugin:80 - create IPUIPlugin
2025-12-30 20:22:31,466 [INFO] IPUIPlugin:80 - create IPUIPlugin
2025-12-30 20:22:31,466 [INFO] IPUIPlugin:80 - create IPUIPlugin
2025-12-30 20:22:31,466 [INFO] IPUIPlugin:80 - create IPUIPlugin
2025-12-30 20:22:31,467 [INFO] IPUIPlugin:80 - create IPUIPlugin
2025-12-30 20:22:31,467 [INFO] IPUIPlugin:80 - create IPUIPlugin
2025-12-30 20:22:31,467 [INFO] IPUIPlugin:80 - create IPUIPlugin
2025-12-30 20:22:31,467 [INFO] IPUIPlugin:80 - create IPUIPlugin
2025-12-30 20:22:31,467 [INFO] IPUIPlugin:80 - create IPUIPlugin
2025-12-30 20:22:31,467 [INFO] IPUIPlugin:80 - create IPUIPlugin
2025-12-30 20:22:31,467 [INFO] IPUIPlugin:80 - create IPUIPlugin
2025-12-30 20:22:31,468 [INFO] IPUIPlugin:80 - create IPUIPlugin
2025-12-30 20:22:31,468 [INFO] IPUIPlugin:80 - create IPUIPlugin
2025-12-30 20:22:31,468 [INFO] IPUIPlugin:80 - create IPUIPlugin
2025-12-30 20:22:31,468 [INFO] IPUIPlugin:80 - create IPUIPlugin
2025-12-30 20:22:31,468 [INFO] IPUIPlugin:80 - create IPUIPlugin
2025-12-30 20:22:31,469 [INFO] IPUIPlugin:80 - create IPUIPlugin
2025-12-30 20:22:31,469 [INFO] IPUIPlugin:80 - create IPUIPlugin
2025-12-30 20:22:31,469 [INFO] IPUIPlugin:80 - create IPUIPlugin
2025-12-30 20:22:31,490 [INFO] ApiDbMcu:532 - Load IP Config File for PDM2PCM
2025-12-30 20:22:31,543 [INFO] CADModel:165 - CPN selected for project levelSTM32F407VGT6
2025-12-30 20:22:31,543 [INFO] CADModel:114 - Register for checkConnection events
2025-12-30 20:22:31,626 [INFO] OpenFileManager:386 - Restore cursor
2025-12-30 20:22:32,385 [INFO] UtilMem:75 - End SaveConfig() Used Memory: 693434272 Bytes (783286272)
2025-12-30 20:22:32,458 [ERROR] ConfigurationRetriever:142 - IOException on connection: sw-center.st.com
2025-12-30 20:22:32,459 [ERROR] ConfigurationRetriever:142 - IOException on connection: sw-center.st.com
2025-12-30 20:22:32,460 [ERROR] ConfigurationRetriever:142 - IOException on connection: sw-center.st.com
2025-12-30 20:22:32,495 [INFO] UtilMem:75 - End SaveConfig() Used Memory: 713879456 Bytes (783286272)
2025-12-30 20:22:33,013 [INFO] BlockDiagram:2775 - set Specific Code input for plugin: SYS
2025-12-30 20:22:33,013 [INFO] BlockDiagram:2775 - set Specific Code input for plugin: RCC
2025-12-30 20:22:33,013 [INFO] BlockDiagram:2775 - set Specific Code input for plugin: NVIC
2025-12-30 20:22:33,014 [INFO] BlockDiagram:2775 - set Specific Code input for plugin: GPIO
2025-12-30 20:22:33,016 [INFO] CodeGenerator:892 - code generatio: config db path: C:\ST\STM32CubeIDE_1.19.0\STM32CubeIDE\plugins\com.st.stm32cube.common.mx_6.15.0.202507011659\\db\
2025-12-30 20:22:33,132 [INFO] CodeEngine:265 - oldGeneratedFile, C:\Users\aditi\OneDrive\Desktop\Sunbeam_Internship\ARM_94076_Aditi\Smart_Env_Monitor\MQ2_LCD_LED\MXTmpFiles\license.tmp_save
2025-12-30 20:22:33,557 [INFO] CodeEngine:289 - Generated code: C:\Users\aditi\OneDrive\Desktop\Sunbeam_Internship\ARM_94076_Aditi\Smart_Env_Monitor\MQ2_LCD_LED\MXTmpFiles\license.tmp
2025-12-30 20:22:33,665 [INFO] CodeEngine:265 - oldGeneratedFile, C:\Users\aditi\OneDrive\Desktop\Sunbeam_Internship\ARM_94076_Aditi\Smart_Env_Monitor\MQ2_LCD_LED\MXTmpFiles\gpio.tmp_save
2025-12-30 20:22:33,879 [INFO] CodeEngine:289 - Generated code: C:\Users\aditi\OneDrive\Desktop\Sunbeam_Internship\ARM_94076_Aditi\Smart_Env_Monitor\MQ2_LCD_LED\MXTmpFiles\gpio.tmp
2025-12-30 20:22:33,956 [INFO] CodeEngine:265 - oldGeneratedFile, C:\Users\aditi\OneDrive\Desktop\Sunbeam_Internship\ARM_94076_Aditi\Smart_Env_Monitor\MQ2_LCD_LED\Core\Src\stm32f4xx_it.c_save
2025-12-30 20:22:34,401 [INFO] CodeEngine:289 - Generated code: C:\Users\aditi\OneDrive\Desktop\Sunbeam_Internship\ARM_94076_Aditi\Smart_Env_Monitor\MQ2_LCD_LED\Core\Src\stm32f4xx_it.c
2025-12-30 20:22:34,412 [INFO] CodeEngine:265 - oldGeneratedFile, C:\Users\aditi\OneDrive\Desktop\Sunbeam_Internship\ARM_94076_Aditi\Smart_Env_Monitor\MQ2_LCD_LED\Core\Inc\stm32f4xx_it.h_save
2025-12-30 20:22:34,518 [INFO] CodeEngine:289 - Generated code: C:\Users\aditi\OneDrive\Desktop\Sunbeam_Internship\ARM_94076_Aditi\Smart_Env_Monitor\MQ2_LCD_LED\Core\Inc\stm32f4xx_it.h
2025-12-30 20:22:34,552 [INFO] CodeEngine:265 - oldGeneratedFile, C:\Users\aditi\OneDrive\Desktop\Sunbeam_Internship\ARM_94076_Aditi\Smart_Env_Monitor\MQ2_LCD_LED\Core\Src\stm32f4xx_hal_msp.c_save
2025-12-30 20:22:34,741 [INFO] CodeEngine:289 - Generated code: C:\Users\aditi\OneDrive\Desktop\Sunbeam_Internship\ARM_94076_Aditi\Smart_Env_Monitor\MQ2_LCD_LED\Core\Src\stm32f4xx_hal_msp.c
2025-12-30 20:22:34,753 [INFO] CodeEngine:265 - oldGeneratedFile, C:\Users\aditi\OneDrive\Desktop\Sunbeam_Internship\ARM_94076_Aditi\Smart_Env_Monitor\MQ2_LCD_LED\MXTmpFiles\system.tmp_save
2025-12-30 20:22:34,863 [INFO] CodeEngine:289 - Generated code: C:\Users\aditi\OneDrive\Desktop\Sunbeam_Internship\ARM_94076_Aditi\Smart_Env_Monitor\MQ2_LCD_LED\MXTmpFiles\system.tmp
2025-12-30 20:22:34,892 [INFO] CodeEngine:321 - oldGeneratedFile, C:\Users\aditi\OneDrive\Desktop\Sunbeam_Internship\ARM_94076_Aditi\Smart_Env_Monitor\MQ2_LCD_LED\Core\Inc\stm32f4xx_hal_conf.h_save
2025-12-30 20:22:35,036 [INFO] CodeEngine:345 - Generated code: C:\Users\aditi\OneDrive\Desktop\Sunbeam_Internship\ARM_94076_Aditi\Smart_Env_Monitor\MQ2_LCD_LED\Core\Inc\stm32f4xx_hal_conf.h
2025-12-30 20:22:35,084 [INFO] ApiDbMcu:532 - Load IP Config File for RCC
2025-12-30 20:22:35,106 [INFO] CodeEngine:265 - oldGeneratedFile, C:\Users\aditi\OneDrive\Desktop\Sunbeam_Internship\ARM_94076_Aditi\Smart_Env_Monitor\MQ2_LCD_LED\Core\Inc\main.h_save
2025-12-30 20:22:35,272 [INFO] CodeEngine:289 - Generated code: C:\Users\aditi\OneDrive\Desktop\Sunbeam_Internship\ARM_94076_Aditi\Smart_Env_Monitor\MQ2_LCD_LED\Core\Inc\main.h
2025-12-30 20:22:35,282 [INFO] CodeEngine:265 - oldGeneratedFile, C:\Users\aditi\OneDrive\Desktop\Sunbeam_Internship\ARM_94076_Aditi\Smart_Env_Monitor\MQ2_LCD_LED\Core\Src\main.c_save
2025-12-30 20:22:35,445 [INFO] CodeEngine:289 - Generated code: C:\Users\aditi\OneDrive\Desktop\Sunbeam_Internship\ARM_94076_Aditi\Smart_Env_Monitor\MQ2_LCD_LED\Core\Src\main.c
2025-12-30 20:22:36,926 [INFO] ProjectBuilder:3606 - Time for Copy HAL[1] : 1238mS.
2025-12-30 20:22:36,947 [INFO] ProjectBuilder:5216 - Project Generator version: 4.7.0-B52
2025-12-30 20:22:37,012 [INFO] ConfigFileManager:1595 - The Die is : DIE413
2025-12-30 20:22:37,015 [INFO] ApiDbMcu:532 - Load IP Config File for FATFS
2025-12-30 20:22:37,018 [INFO] ApiDbMcu:532 - Load IP Config File for FREERTOS
2025-12-30 20:22:37,023 [INFO] ApiDbMcu:532 - Load IP Config File for LIBJPEG
2025-12-30 20:22:37,027 [INFO] ApiDbMcu:532 - Load IP Config File for LWIP
2025-12-30 20:22:37,033 [INFO] ApiDbMcu:532 - Load IP Config File for MBEDTLS
2025-12-30 20:22:37,043 [INFO] ApiDbMcu:532 - Load IP Config File for USB_DEVICE
2025-12-30 20:22:37,047 [INFO] ApiDbMcu:532 - Load IP Config File for USB_HOST
2025-12-30 20:22:39,647 [INFO] ProjectBuilder:5496 - Time for Generating toolchain IDE Files: 2700mS.
2025-12-30 20:22:39,649 [INFO] ProjectBuilder:3463 - Time for Copy CMSIS : 0mS.
2025-12-30 20:22:39,656 [INFO] ProjectBuilder:3463 - Time for Copy CMSIS : 0mS.
2025-12-30 20:22:39,944 [ERROR] ConfigurationRetriever:142 - IOException on connection: sw-center.st.com
2025-12-30 20:22:39,946 [ERROR] ConfigurationRetriever:142 - IOException on connection: sw-center.st.com
2025-12-30 20:22:39,947 [ERROR] ConfigurationRetriever:142 - IOException on connection: sw-center.st.com
2025-12-30 20:22:40,437 [INFO] McuFinderGlobals:76 - Set McuFinderConnectedMode to true
2025-12-30 20:22:40,439 [INFO] ApiDb:448 - Save user favorites file C:\Users\aditi/.stm32cubeide/favorites.mcus.txt: 0 item(s)
2025-12-30 20:22:40,440 [INFO] ApiDb:452 - User favorites MCUs=[]
2025-12-30 20:22:40,442 [INFO] ApiDb:448 - Save user favorites file C:\Users\aditi/.stm32cubeide/favorites.boards.txt: 1 item(s)
2025-12-30 20:22:40,442 [INFO] ApiDb:452 - User favorites Boards=[STM32F407G-DISC1]
2025-12-30 20:28:49,052 [ERROR] ConfigurationRetriever:142 - IOException on connection: sw-center.st.com
2025-12-30 20:28:49,055 [ERROR] ConfigurationRetriever:142 - IOException on connection: sw-center.st.com
2025-12-30 20:28:49,055 [ERROR] ConfigurationRetriever:142 - IOException on connection: sw-center.st.com
2025-12-30 21:21:30,684 [INFO] MainUpdater:2872 - connection check result : 10
2025-12-30 21:21:30,866 [INFO] McuFinderGlobals:76 - Set McuFinderConnectedMode to true
2025-12-30 21:21:30,867 [INFO] MultiScanPanel:200 - Auto-refresh data requested => check proxy status ongoing
2025-12-30 21:21:30,868 [INFO] FinderPluginLoader:96 - Searching for filters in installed packs
2025-12-30 21:21:32,084 [INFO] LoadUrlFilesThread:185 - End of LoadServerUrlFiles without Thread
2025-12-30 21:21:32,088 [INFO] DetailPanel:341 - Set advertising image to C:/Users/aditi/STM32Cube/Repository/\en.prom-st67w-expansion-board.png
2025-12-30 21:21:41,136 [INFO] MultiScanPanel:200 - Auto-refresh data requested => check proxy status ongoing
2025-12-30 21:21:41,200 [INFO] LoadUrlFilesThread:185 - End of LoadServerUrlFiles without Thread
2025-12-30 21:21:41,202 [INFO] DetailPanel:341 - Set advertising image to C:/Users/aditi/STM32Cube/Repository/\en.prom-st67w-expansion-board.png
2025-12-30 21:22:09,752 [INFO] MainUpdater:2872 - connection check result : 10
2025-12-30 21:22:09,752 [INFO] MainUpdater:2872 - connection check result : 10
2025-12-30 21:22:09,903 [INFO] MicroXplorer:468 - Change Database Path : 
2025-12-30 21:22:09,903 [INFO] MicroXplorer:498 - Change Database Version : DB.6.0.150
2025-12-30 21:22:09,964 [ERROR] ProjectManagerView:395 - 
java.lang.NullPointerException: Cannot invoke "javax.swing.JTextField.getText()" because the return value of "java.util.List.get(int)" is null
	at com.st.microxplorer.plugins.projectmanager.gui.ProjectChoiceTab$9.caretUpdate(ProjectChoiceTab.java:2706) ~[filemanager.jar:?]
	at javax.swing.text.JTextComponent.fireCaretUpdate(JTextComponent.java:408) ~[?:?]
	at javax.swing.text.JTextComponent$MutableCaretEvent.fire(JTextComponent.java:4484) ~[?:?]
	at javax.swing.text.JTextComponent$MutableCaretEvent.stateChanged(JTextComponent.java:4506) ~[?:?]
	at javax.swing.text.DefaultCaret.fireStateChanged(DefaultCaret.java:857) ~[?:?]
	at javax.swing.text.DefaultCaret.changeCaretPosition(DefaultCaret.java:1343) ~[?:?]
	at javax.swing.text.DefaultCaret.handleSetDot(DefaultCaret.java:1242) ~[?:?]
	at javax.swing.text.DefaultCaret.setDot(DefaultCaret.java:1223) ~[?:?]
	at javax.swing.text.DefaultCaret$Handler.insertUpdate(DefaultCaret.java:1819) ~[?:?]
	at javax.swing.text.AbstractDocument.fireInsertUpdate(AbstractDocument.java:227) ~[?:?]
	at javax.swing.text.AbstractDocument.handleInsertString(AbstractDocument.java:781) ~[?:?]
	at javax.swing.text.AbstractDocument.insertString(AbstractDocument.java:740) ~[?:?]
	at javax.swing.text.PlainDocument.insertString(PlainDocument.java:131) ~[?:?]
	at javax.swing.text.AbstractDocument.replace(AbstractDocument.java:699) ~[?:?]
	at javax.swing.text.JTextComponent.setText(JTextComponent.java:1725) ~[?:?]
	at com.st.microxplorer.plugins.projectmanager.gui.ProjectChoiceTab.createHeapStackFields(ProjectChoiceTab.java:993) ~[filemanager.jar:?]
	at com.st.microxplorer.plugins.projectmanager.gui.ProjectChoiceTab.buildLinkSettingsPanel(ProjectChoiceTab.java:3813) ~[filemanager.jar:?]
	at com.st.microxplorer.plugins.projectmanager.gui.ProjectChoiceTab.defineWindowsFields(ProjectChoiceTab.java:1987) ~[filemanager.jar:?]
	at com.st.microxplorer.plugins.projectmanager.gui.ProjectChoiceTab.updateSettings(ProjectChoiceTab.java:558) ~[filemanager.jar:?]
	at com.st.microxplorer.plugins.projectmanager.gui.ProjectSettingsPanel.UpdateDialog(ProjectSettingsPanel.java:247) ~[filemanager.jar:?]
	at com.st.microxplorer.plugins.projectmanager.ProjectManagerView.propertyChange(ProjectManagerView.java:392) ~[filemanager.jar:?]
	at java.beans.PropertyChangeSupport.fire(PropertyChangeSupport.java:343) ~[?:?]
	at java.beans.PropertyChangeSupport.firePropertyChange(PropertyChangeSupport.java:335) ~[?:?]
	at java.beans.PropertyChangeSupport.firePropertyChange(PropertyChangeSupport.java:268) ~[?:?]
	at com.st.microxplorer.util.MXPropertyChangeSupport.firePropertyChange(MXPropertyChangeSupport.java:54) ~[STM32CubeMX.jar:?]
	at com.st.microxplorer.mxsystem.MxSystem.closeConfig(MxSystem.java:899) ~[STM32CubeMX.jar:?]
	at com.st.microxplorer.maingui.MainPanel.closeConfig(MainPanel.java:792) ~[STM32CubeMX.jar:?]
	at com.st.microxplorer.plugins.filemanager.engine.OpenFileManager.loadConfigurationFile(OpenFileManager.java:288) ~[filemanager.jar:?]
	at com.st.microxplorer.plugins.filemanager.engine.MainFileManager.userLoadConfig(MainFileManager.java:364) ~[filemanager.jar:?]
	at com.st.microxplorer.plugins.filemanager.FileManagerView.getSpecificTask(FileManagerView.java:268) ~[filemanager.jar:?]
	at com.st.stm32cube.common.mx.editor.CubeMxEditor.getMxTabbedPaneInstance(CubeMxEditor.java:1191) ~[com.st.stm32cube.common.mx_6.15.0.202507011659/:?]
	at com.st.stm32cube.common.mx.editor.CubeMxEditor$12$1.createSwingComponent(CubeMxEditor.java:1068) ~[com.st.stm32cube.common.mx_6.15.0.202507011659/:?]
	at com.st.stm32cube.common.mx.oss.core.awtswtbridge.EmbeddedSwingComposite.doComponentCreation(EmbeddedSwingComposite.java:492) ~[com.st.stm32cube.common.mx.oss_6.15.0.202507011659/:?]
	at com.st.stm32cube.common.mx.oss.core.awtswtbridge.EmbeddedSwingComposite$4.run(EmbeddedSwingComposite.java:291) ~[com.st.stm32cube.common.mx.oss_6.15.0.202507011659/:?]
	at com.st.stm32cube.common.mx.oss.core.awtswtbridge.AwtEnvironment$2.run(AwtEnvironment.java:166) ~[com.st.stm32cube.common.mx.oss_6.15.0.202507011659/:?]
	at java.awt.event.InvocationEvent.dispatch(InvocationEvent.java:318) ~[?:?]
	at java.awt.EventQueue.dispatchEventImpl(EventQueue.java:773) ~[?:?]
	at java.awt.EventQueue$4.run(EventQueue.java:720) ~[?:?]
	at java.awt.EventQueue$4.run(EventQueue.java:714) ~[?:?]
	at java.security.AccessController.doPrivileged(AccessController.java:400) ~[?:?]
	at java.security.ProtectionDomain$JavaSecurityAccessImpl.doIntersectionPrivilege(ProtectionDomain.java:87) ~[?:?]
	at java.awt.EventQueue.dispatchEvent(EventQueue.java:742) ~[?:?]
	at java.awt.EventDispatchThread.pumpOneEventForFilters(EventDispatchThread.java:203) ~[?:?]
	at java.awt.EventDispatchThread.pumpEventsForFilter(EventDispatchThread.java:124) ~[?:?]
	at java.awt.EventDispatchThread.pumpEventsForHierarchy(EventDispatchThread.java:113) ~[?:?]
	at java.awt.EventDispatchThread.pumpEvents(EventDispatchThread.java:109) ~[?:?]
	at java.awt.EventDispatchThread.pumpEvents(EventDispatchThread.java:101) ~[?:?]
	at java.awt.EventDispatchThread.run(EventDispatchThread.java:90) ~[?:?]
2025-12-30 21:22:09,969 [WARN] ThirdParty:871 - waiting for thirdparty lock release [close project]
2025-12-30 21:22:09,969 [INFO] ThirdParty:873 - entering critical section [close project]
2025-12-30 21:22:09,970 [INFO] ThirdParty:883 - exiting critical section [close project]
2025-12-30 21:22:09,976 [INFO] PinOutPanel:1589 - setPackage(No Configuration,No Configuration)
2025-12-30 21:22:10,005 [WARN] IpParametersView:155 - Warning: This peripheral hasn't parameters
2025-12-30 21:22:10,018 [WARN] MainPanel:289 - <html><b><center>Warning: This peripheral has no parameters to be configured<br></b></html>
2025-12-30 21:22:10,026 [INFO] UtilMem:75 - Begin LoadConfig() Used Memory: 379441992 Bytes (783286272)
2025-12-30 21:22:10,028 [INFO] OpenFileManager:355 - Change cursor
2025-12-30 21:22:10,070 [INFO] RulesReader:64 - Compatibility file has been processed (317 Rules)
2025-12-30 21:22:10,086 [INFO] ProjectFactory:514 - No CPN specified for board STM32F407G-DISC1 => set CPN to STM32F407VGT6
2025-12-30 21:22:10,087 [INFO] Mcu:2029 - Initializing MCU STM32F407V(E-G)Tx STM32F407VGTx STM32F407VGT6
2025-12-30 21:22:11,691 [INFO] Context:786 - Trying to add GPIOservice into a context  which must be forbidden
2025-12-30 21:22:12,486 [INFO] Rule:233 - rule 117617 - U5Cobra4M][GTZC] default value MPCBB3 and MPCBB5 - Not Secured memory - MPCBB1 is applicable
2025-12-30 21:22:12,486 [INFO] Rule:233 - rule 117617 - U5Cobra4M][GTZC] default value MPCBB3 and MPCBB5 - Not Secured memory - MPCBB1 is applicable
2025-12-30 21:22:12,486 [INFO] Rule:233 - rule 117617 - U5Cobra4M][GTZC] default value MPCBB3 and MPCBB5 - Not Secured memory - MPCBB2 is applicable
2025-12-30 21:22:12,486 [INFO] Rule:233 - rule 117617 - U5Cobra4M][GTZC] default value MPCBB3 and MPCBB5 - Not Secured memory - MPCBB2 is applicable
2025-12-30 21:22:12,486 [INFO] Rule:233 - rule 117617 - U5Cobra4M][GTZC] default value MPCBB3 and MPCBB5 - Not Secured memory - MPCBB3 is applicable
2025-12-30 21:22:12,487 [INFO] Rule:233 - rule 117617 - U5Cobra4M][GTZC] default value MPCBB3 and MPCBB5 - Not Secured memory - MPCBB3 is applicable
2025-12-30 21:22:12,487 [INFO] Rule:233 - rule 117617 - U5Cobra4M][GTZC] default value MPCBB3 and MPCBB5 - Not Secured memory - MPCBB4 is applicable
2025-12-30 21:22:12,487 [INFO] Rule:233 - rule 117617 - U5Cobra4M][GTZC] default value MPCBB3 and MPCBB5 - Not Secured memory - MPCBB4 is applicable
2025-12-30 21:22:12,487 [INFO] Rule:233 - rule 117617 - U5Cobra4M][GTZC] default value MPCBB3 and MPCBB5 - Secured memory - MPCBB1 is applicable
2025-12-30 21:22:12,487 [INFO] Rule:233 - rule 117617 - U5Cobra4M][GTZC] default value MPCBB3 and MPCBB5 - Secured memory - MPCBB2 is applicable
2025-12-30 21:22:12,487 [INFO] Rule:233 - rule 117617 - U5Cobra4M][GTZC] default value MPCBB3 and MPCBB5 - Secured memory - MPCBB3 is applicable
2025-12-30 21:22:12,487 [INFO] Rule:233 - rule 117617 - U5Cobra4M][GTZC] default value MPCBB3 and MPCBB5 - Secured memory - MPCBB4 is applicable
2025-12-30 21:22:12,487 [INFO] Rule:233 - rule 117617 - U5Cobra4M][GTZC] default value MPCBB3 and MPCBB5 - Privileged memory - MPCBB1 is applicable
2025-12-30 21:22:12,487 [INFO] Rule:233 - rule 117617 - U5Cobra4M][GTZC] default value MPCBB3 and MPCBB5 - Privileged memory - MPCBB2 is applicable
2025-12-30 21:22:12,487 [INFO] Rule:233 - rule 117617 - U5Cobra4M][GTZC] default value MPCBB3 and MPCBB5 - Privileged memory - MPCBB3 is applicable
2025-12-30 21:22:12,487 [INFO] Rule:233 - rule 117617 - U5Cobra4M][GTZC] default value MPCBB3 and MPCBB5 - Privileged memory - MPCBB4 is applicable
2025-12-30 21:22:12,487 [INFO] Rule:233 - rule 117617 - U5Cobra4M][GTZC] default value MPCBB3 and MPCBB5 - Not Privileged memory - MPCBB1 is applicable
2025-12-30 21:22:12,487 [INFO] Rule:233 - rule 117617 - U5Cobra4M][GTZC] default value MPCBB3 and MPCBB5 - Not Privileged memory - MPCBB2 is applicable
2025-12-30 21:22:12,487 [INFO] Rule:233 - rule 117617 - U5Cobra4M][GTZC] default value MPCBB3 and MPCBB5 - Not Privileged memory - MPCBB3 is applicable
2025-12-30 21:22:12,487 [INFO] Rule:233 - rule 117617 - U5Cobra4M][GTZC] default value MPCBB3 and MPCBB5 - Not Privileged memory - MPCBB4 is applicable
2025-12-30 21:22:12,487 [INFO] Rule:233 - rule 117617 - U5Cobra4M][GTZC] default value MPCBB3 and MPCBB5 - Privileged memory - MPCBB1 is applicable
2025-12-30 21:22:12,487 [INFO] Rule:233 - rule 117617 - U5Cobra4M][GTZC] default value MPCBB3 and MPCBB5 - Privileged memory - MPCBB2 is applicable
2025-12-30 21:22:12,487 [INFO] Rule:233 - rule 117617 - U5Cobra4M][GTZC] default value MPCBB3 and MPCBB5 - Privileged memory - MPCBB3 is applicable
2025-12-30 21:22:12,487 [INFO] Rule:233 - rule 117617 - U5Cobra4M][GTZC] default value MPCBB3 and MPCBB5 - Privileged memory - MPCBB4 is applicable
2025-12-30 21:22:12,487 [INFO] Rule:233 - rule 117617 - U5Cobra4M][GTZC] default value MPCBB3 and MPCBB5 - Privileged memory - MPCBB1 is applicable
2025-12-30 21:22:12,487 [INFO] Rule:233 - rule 117617 - U5Cobra4M][GTZC] default value MPCBB3 and MPCBB5 - Privileged memory - MPCBB2 is applicable
2025-12-30 21:22:12,487 [INFO] Rule:233 - rule 117617 - U5Cobra4M][GTZC] default value MPCBB3 and MPCBB5 - Privileged memory - MPCBB3 is applicable
2025-12-30 21:22:12,488 [INFO] Rule:233 - rule 117617 - U5Cobra4M][GTZC] default value MPCBB3 and MPCBB5 - Privileged memory - MPCBB4 is applicable
2025-12-30 21:22:12,488 [INFO] Rule:233 - rule 117617 - U5Cobra4M][GTZC] default value MPCBB3 and MPCBB5 - Not Privileged memory - MPCBB1 is applicable
2025-12-30 21:22:12,488 [INFO] Rule:233 - rule 117617 - U5Cobra4M][GTZC] default value MPCBB3 and MPCBB5 - Not Privileged memory - MPCBB2 is applicable
2025-12-30 21:22:12,488 [INFO] Rule:233 - rule 117617 - U5Cobra4M][GTZC] default value MPCBB3 and MPCBB5 - Not Privileged memory - MPCBB3 is applicable
2025-12-30 21:22:12,488 [INFO] Rule:233 - rule 117617 - U5Cobra4M][GTZC] default value MPCBB3 and MPCBB5 - Not Privileged memory - MPCBB4 is applicable
2025-12-30 21:22:12,488 [INFO] Rule:233 - rule 117617 - U5Cobra4M][GTZC] default value MPCBB3 and MPCBB5 - Privileged memory - MPCBB1 is applicable
2025-12-30 21:22:12,488 [INFO] Rule:233 - rule 117617 - U5Cobra4M][GTZC] default value MPCBB3 and MPCBB5 - Privileged memory - MPCBB2 is applicable
2025-12-30 21:22:12,488 [INFO] Rule:233 - rule 117617 - U5Cobra4M][GTZC] default value MPCBB3 and MPCBB5 - Privileged memory - MPCBB3 is applicable
2025-12-30 21:22:12,488 [INFO] Rule:233 - rule 117617 - U5Cobra4M][GTZC] default value MPCBB3 and MPCBB5 - Privileged memory - MPCBB4 is applicable
2025-12-30 21:22:12,488 [INFO] Rule:233 - rule Rename SubGHz_Phy SUBGHZ_APPLICATION SUBGHZ_PINGPONG to SUBGHZ_ADV_APPLICATION is applicable
2025-12-30 21:22:12,488 [INFO] Rule:233 - rule Rename Enabled to IBEACON is applicable
2025-12-30 21:22:12,488 [INFO] Rule:233 - rule GTZC_S instance for project manager is applicable
2025-12-30 21:22:12,488 [INFO] Rule:233 - rule GTZC_S instance for context M33S is applicable
2025-12-30 21:22:12,488 [INFO] Rule:233 - rule GTZC_S instance value for IP GTZC is applicable
2025-12-30 21:22:12,488 [INFO] Rule:233 - rule GTZC_S instance for mcu.IP is applicable
2025-12-30 21:22:12,488 [INFO] Rule:233 - rule GTZC_S instance for VP is applicable
2025-12-30 21:22:12,488 [INFO] Rule:233 - rule GTZC_S instance for signal is applicable
2025-12-30 21:22:12,488 [INFO] Rule:233 - rule GTZC_S instance for mcu.Pin is applicable
2025-12-30 21:22:12,488 [INFO] Rule:233 - rule GTZC_S instance for VP is applicable
2025-12-30 21:22:12,488 [INFO] Rule:233 - rule GTZC_S instance for signal is applicable
2025-12-30 21:22:12,488 [INFO] Rule:233 - rule GTZC_S instance for mcu is applicable
2025-12-30 21:22:12,488 [INFO] Rule:233 - rule GTZC_S instance for mcu.Pin is applicable
2025-12-30 21:22:12,488 [INFO] Rule:233 - rule GTZC_S instance value for IP GTZC is applicable
2025-12-30 21:22:12,488 [INFO] Rule:233 - rule GTZC_S instance for project manager is applicable
2025-12-30 21:22:12,488 [INFO] Rule:233 - rule GTZC_S instance for context M33S is applicable
2025-12-30 21:22:12,488 [INFO] Rule:233 - rule GTZC_S instance for VP is applicable
2025-12-30 21:22:12,488 [INFO] Rule:233 - rule GTZC_S instance for signal is applicable
2025-12-30 21:22:12,488 [INFO] Rule:233 - rule SPDIFRX instance for mcu is applicable
2025-12-30 21:22:12,488 [INFO] Rule:233 - rule Rename Tracer Mode is applicable
2025-12-30 21:22:12,488 [INFO] Rule:233 - rule SPDIFRX instance value for IP SPDIFRX is applicable
2025-12-30 21:22:12,488 [INFO] Rule:233 - rule SPDIFRX instance for signal is applicable
2025-12-30 21:22:12,488 [INFO] Rule:233 - rule SPDIFRX instance for project manager is applicable
2025-12-30 21:22:12,488 [INFO] Rule:233 - rule SPDIFRX instance for project manager is applicable
2025-12-30 21:22:12,488 [INFO] Rule:233 - rule ADC Scan  fix with FW F7 is applicable
2025-12-30 21:22:12,489 [INFO] Rule:233 - rule ADC Scan  fix with FW F7 is applicable
2025-12-30 21:22:12,489 [INFO] Rule:233 - rule WakeUp0 Mode is applicable
2025-12-30 21:22:12,489 [INFO] Rule:233 - rule WakeUp0 SIGNAL is applicable
2025-12-30 21:22:12,489 [INFO] Rule:233 - rule WakeUp1 Mode is applicable
2025-12-30 21:22:12,489 [INFO] Rule:233 - rule WakeUp1 SIGNAL is applicable
2025-12-30 21:22:12,489 [INFO] Rule:233 - rule WakeUp2 Mode is applicable
2025-12-30 21:22:12,489 [INFO] Rule:233 - rule WakeUp2 SIGNAL is applicable
2025-12-30 21:22:12,489 [INFO] Rule:233 - rule WakeUp4 Mode is applicable
2025-12-30 21:22:12,489 [INFO] Rule:233 - rule WakeUp4 SIGNAL is applicable
2025-12-30 21:22:12,489 [INFO] Rule:233 - rule WakeUp5 Mode is applicable
2025-12-30 21:22:12,489 [INFO] Rule:233 - rule WakeUp5 SIGNAL is applicable
2025-12-30 21:22:12,489 [INFO] Rule:233 - rule UART/USART WORD LENGTH 7 is applicable
2025-12-30 21:22:12,489 [INFO] Rule:233 - rule UART/USART WORD LENGTH 8 is applicable
2025-12-30 21:22:12,489 [INFO] Rule:233 - rule UART/USART WORD LENGTH 9 is applicable
2025-12-30 21:22:12,489 [INFO] Rule:233 - rule Change Default Value for LSE Drive Capability for WB family is applicable
2025-12-30 21:22:12,489 [INFO] Rule:233 - rule Change Default Value for ADC Clock Prescaler G0 family is applicable
2025-12-30 21:22:12,489 [INFO] Rule:233 - rule ADC SamplingTime fix with FW L0  is applicable
2025-12-30 21:22:12,489 [INFO] Rule:233 - rule ADC SamplingTime fix with FW L0  is applicable
2025-12-30 21:22:12,489 [INFO] Rule:233 - rule ADC SamplingTime fix with FW L0 is applicable
2025-12-30 21:22:12,489 [INFO] Rule:233 - rule ADC SamplingTime fix with FW L0 is applicable
2025-12-30 21:22:12,489 [INFO] Rule:233 - rule ADC SamplingTime fix with FW L0  is applicable
2025-12-30 21:22:12,489 [INFO] Rule:233 - rule ADC SamplingTime fix with FW L0 is applicable
2025-12-30 21:22:12,489 [INFO] Rule:233 - rule Rename USB_OE Signal is applicable
2025-12-30 21:22:12,489 [INFO] Rule:233 - rule Rename Activate_OE Mode is applicable
2025-12-30 21:22:12,489 [INFO] Rule:233 - rule Rename DIE462/DIE415 pin PC14/OSC32_IN -> PC14-OSC32_IN (PC14) is applicable
2025-12-30 21:22:12,489 [INFO] Rule:233 - rule Rename DIE462/DIE415 pin PC15/OSC32_OUT -> PC15-OSC32_OUT (PC15) is applicable
2025-12-30 21:22:12,489 [INFO] Rule:233 - rule Rename DIE462/DIE415 pin PH0/OSC_IN -> PH0-OSC_IN (PH0) is applicable
2025-12-30 21:22:12,490 [INFO] Rule:233 - rule Rename DIE462/DIE415 pin PH1/OSC_OUT -> PH1-OSC_OUT (PH1) is applicable
2025-12-30 21:22:12,490 [INFO] Rule:233 - rule Rename DIE462 pin PA13 -> PA13 (JTMS/SWDIO) is applicable
2025-12-30 21:22:12,490 [INFO] Rule:233 - rule Rename DIE415 pin PA13 -> PA13 (JTMS/SWDIO) is applicable
2025-12-30 21:22:12,490 [INFO] Rule:233 - rule Rename DIE462 pin PA14 -> PA14 (JTCK/SWCLK) is applicable
2025-12-30 21:22:12,490 [INFO] Rule:233 - rule Rename DIE415 pin PA14 -> PA14 (JTCK/SWCLK) is applicable
2025-12-30 21:22:12,490 [INFO] Rule:233 - rule Rename DIE462/DIE415 pin PA15 -> PA15 (JTDI) is applicable
2025-12-30 21:22:12,490 [INFO] Rule:233 - rule Rename DIE462 pin PB3 -> PB3 (JTD0/TRACESWO) is applicable
2025-12-30 21:22:12,490 [INFO] Rule:233 - rule Rename DIE415 pin PB3 -> PB3 (JTD0-TRACESWO) is applicable
2025-12-30 21:22:12,490 [INFO] Rule:233 - rule Rename DIE462/DIE415 pin PB4 -> PB4 (NJTRST) is applicable
2025-12-30 21:22:12,490 [INFO] Rule:233 - rule Rename DIE462 pin PH3/BOOT0 -> PH3-BOOT0 (BOOT0) is applicable
2025-12-30 21:22:12,490 [INFO] Rule:233 - rule Rename CRYP DataEncryptionTypesList to Algorithm is applicable
2025-12-30 21:22:12,490 [INFO] Rule:233 - rule Rename AES DataEncryptionTypesList to Algorithm is applicable
2025-12-30 21:22:12,490 [INFO] Rule:233 - rule Rename TDESECB to CRYP_TDES_ECB is applicable
2025-12-30 21:22:12,490 [INFO] Rule:233 - rule Rename TDESCBC to CRYP_TDES_CBC is applicable
2025-12-30 21:22:12,490 [INFO] Rule:233 - rule Rename DESECB to CRYP_DES_ECB is applicable
2025-12-30 21:22:12,490 [INFO] Rule:233 - rule Rename DESCBC to CRYP_DES_CBC is applicable
2025-12-30 21:22:12,490 [INFO] Rule:233 - rule Rename AESECB to CRYP_AES_ECB is applicable
2025-12-30 21:22:12,490 [INFO] Rule:233 - rule Rename AESCBC to CRYP_AES_CBC is applicable
2025-12-30 21:22:12,490 [INFO] Rule:233 - rule Rename AESCTR to CRYP_AES_CTR is applicable
2025-12-30 21:22:12,490 [INFO] Rule:233 - rule Rename AESGCM to CRYP_AES_GCM is applicable
2025-12-30 21:22:12,490 [INFO] Rule:233 - rule Rename AESCCM to CRYP_AES_CCM is applicable
2025-12-30 21:22:12,490 [INFO] Rule:233 - rule Rename CAN TimeSeg1 to BS1 is applicable
2025-12-30 21:22:12,490 [INFO] Rule:233 - rule Rename CAN TimeSeg2 to BS2 is applicable
2025-12-30 21:22:12,490 [INFO] Rule:233 - rule Rename CAN SyncJumpWidth to SJW is applicable
2025-12-30 21:22:12,490 [INFO] Rule:233 - rule TimeTriggeredMode to TTCM is applicable
2025-12-30 21:22:12,490 [INFO] Rule:233 - rule Rename CAN AutoBusOff to ABOM is applicable
2025-12-30 21:22:12,490 [INFO] Rule:233 - rule Rename CAN AutoWakeUp to AWUM is applicable
2025-12-30 21:22:12,490 [INFO] Rule:233 - rule Rename CAN AutoRetransmission to NART is applicable
2025-12-30 21:22:12,490 [INFO] Rule:233 - rule Rename CAN ReceiveFifoLocked to RFLM is applicable
2025-12-30 21:22:12,490 [INFO] Rule:233 - rule Rename CAN TransmitFifoPriority to TXFP is applicable
2025-12-30 21:22:12,490 [INFO] Rule:233 - rule Rename HRTIMER HRTIM_OUTPUTFAULTLEVEL_HIGH in HRTIMER HRTIM_OUTPUTFAULTLEVEL_HIGHZ is applicable
2025-12-30 21:22:12,491 [INFO] Rule:233 - rule Rename TIMER TIM_CLEARINPUTSOURCE_OCREFCLR in  TIMER TIM_CLEARINPUTSOURCE_NONE for F7 family is applicable
2025-12-30 21:22:12,491 [INFO] Rule:233 - rule FDCAN_R1 - Rename FDCAN mode Master into Classic is applicable
2025-12-30 21:22:12,491 [INFO] Rule:233 - rule FDCAN_R2 - Rename FDCAN mode Slave into Classic is applicable
2025-12-30 21:22:12,491 [INFO] Rule:233 - rule FDCAN1_R3 - if PA10.Mode=FullDuplex, add Pin PA12 is applicable
2025-12-30 21:22:12,491 [INFO] Rule:233 - rule FDCAN1_R3 - if PA9.Mode=FullDuplex, add Pin PA11 is applicable
2025-12-30 21:22:12,491 [INFO] Rule:233 - rule FDCAN1_R3 - Alternatepin_1 - if PE1.Mode=FullDuplex, add Pin PB9 is applicable
2025-12-30 21:22:12,491 [INFO] Rule:233 - rule FDCAN1_R3 - Alternatepin_1 - if PE0.Mode=FullDuplex, add Pin PB8 is applicable
2025-12-30 21:22:12,491 [INFO] Rule:233 - rule FDCAN1_R3 - Alternatepin_2 - if PD5.Mode=FullDuplex, add Pin PD1 is applicable
2025-12-30 21:22:12,491 [INFO] Rule:233 - rule FDCAN1_R3 - Alternatepin_2 - if PD4.Mode=FullDuplex, add Pin PD0 is applicable
2025-12-30 21:22:12,491 [INFO] Rule:233 - rule FDCAN1_R4 - Rename Mode FullDuplex into Enable FDCAN_TXFD for pin PA10 is applicable
2025-12-30 21:22:12,491 [INFO] Rule:233 - rule FDCAN1_R4 - Rename Mode FullDuplex into Enable FDCAN_TXFD for pin PA9 is applicable
2025-12-30 21:22:12,491 [INFO] Rule:233 - rule FDCAN1_R4 - Alternatepin_1 - Rename Mode FullDuplex into Enable FDCAN_TXFD for pin PE1 is applicable
2025-12-30 21:22:12,491 [INFO] Rule:233 - rule FDCAN1_R4 - Alternatepin_1 - Rename Mode FullDuplex into Enable FDCAN_TXFD for pin PE0 is applicable
2025-12-30 21:22:12,491 [INFO] Rule:233 - rule FDCAN1_R4 - Alternatepin_2 - Rename Mode FullDuplex into Enable FDCAN_TXFD for pin PD5 is applicable
2025-12-30 21:22:12,491 [INFO] Rule:233 - rule FDCAN1_R4 - Alternatepin_2 - Rename Mode FullDuplex into Enable FDCAN_TXFD for pin PD4 is applicable
2025-12-30 21:22:12,491 [INFO] Rule:233 - rule FDCAN2_R3 - if PD10.Mode=FullDuplex, add Pin PB13 is applicable
2025-12-30 21:22:12,491 [INFO] Rule:233 - rule FDCAN2_R3 - if PD9.Mode=FullDuplex, add Pin PB12 is applicable
2025-12-30 21:22:12,491 [INFO] Rule:233 - rule FDCAN2_R3 - Alternatepin_1 - if PB7.Mode=FullDuplex, add Pin PB6 is applicable
2025-12-30 21:22:12,491 [INFO] Rule:233 - rule FDCAN2_R3 - Alternatepin_1 - if PD9.Mode=FullDuplex, add Pin PB12 is applicable
2025-12-30 21:22:12,491 [INFO] Rule:233 - rule FDCAN2_R4 - Rename Mode FullDuplex into Enable FDCAN_TXFD for pin PD10 is applicable
2025-12-30 21:22:12,491 [INFO] Rule:233 - rule FDCAN2_R4 - Rename Mode FullDuplex into Enable FDCAN_TXFD for pin PD9 is applicable
2025-12-30 21:22:12,491 [INFO] Rule:233 - rule FDCAN2_R4 - Alternatepin_1 - Rename Mode FullDuplex into Enable FDCAN_TXFD for pin PB7 is applicable
2025-12-30 21:22:12,491 [INFO] Rule:233 - rule FDCAN2_R4 - Alternatepin_1 - Rename Mode FullDuplex into Enable FDCAN_TXFD for pin PD6 is applicable
2025-12-30 21:22:12,492 [INFO] Rule:233 - rule USART TxPinLevelInvertParam Mode is applicable
2025-12-30 21:22:12,492 [INFO] Rule:233 - rule USART RxPinLevelInvertParam Mode is applicable
2025-12-30 21:22:12,492 [INFO] Rule:233 - rule USART DataInvertParam Mode is applicable
2025-12-30 21:22:12,492 [INFO] Rule:233 - rule USART SwapParam Mode is applicable
2025-12-30 21:22:12,492 [INFO] Rule:233 - rule USART OverrunDisableParam Mode is applicable
2025-12-30 21:22:12,492 [INFO] Rule:233 - rule USART DMADisableonRxErrorParam Mode is applicable
2025-12-30 21:22:12,492 [INFO] Rule:233 - rule USART MSBFirstParam Mode is applicable
2025-12-30 21:22:12,492 [INFO] Rule:233 - rule Update MwName for USB_DEVICE is applicable
2025-12-30 21:22:12,492 [INFO] Rule:233 - rule Change PWR_Regulator_Voltage_Scale Default Value for RCC  H7 family is applicable
2025-12-30 21:22:12,492 [INFO] Rule:233 - rule UART/USART IPParameter rename Prescaler parameter to ClockPrescaler is applicable
2025-12-30 21:22:12,492 [INFO] Rule:233 - rule UART/USART Prescaler rename Prescaler parameter to ClockPrescaler is applicable
2025-12-30 21:22:12,492 [INFO] Rule:233 - rule TIM1CLockSelection is applicable
2025-12-30 21:22:12,492 [INFO] Rule:233 - rule TIM15CLockSelection is applicable
2025-12-30 21:22:12,492 [INFO] Rule:233 - rule align RCC SDMMC3CLockSelection default value on MP1 is applicable
2025-12-30 21:22:12,492 [INFO] Rule:233 - rule align RCC SDMMC12CLockSelection default value on MP1 is applicable
2025-12-30 21:22:12,492 [INFO] Rule:233 - rule align RCC QSPICLockSelection default value on MP1 is applicable
2025-12-30 21:22:12,492 [INFO] Rule:233 - rule align RCC QSPICLockSelection default value on MP1 is applicable
2025-12-30 21:22:12,492 [INFO] Rule:233 - rule align RCC SPI6CLockSelection default value on MP1 is applicable
2025-12-30 21:22:12,492 [INFO] Rule:233 - rule align RCC LPTIM23CLockSelection default value on MP1 is applicable
2025-12-30 21:22:12,492 [INFO] Rule:233 - rule align RCC LPTIM1CLockSelection default value on MP1 is applicable
2025-12-30 21:22:12,492 [INFO] Rule:233 - rule align RCC USART1CLockSelection default value on MP1 is applicable
2025-12-30 21:22:12,492 [INFO] Rule:233 - rule align RCC USART24CLockSelection default value on MP1 is applicable
2025-12-30 21:22:12,492 [INFO] Rule:233 - rule align RCC USART6CLockSelection default value on MP1 is applicable
2025-12-30 21:22:12,492 [INFO] Rule:233 - rule align RCC UART78CLockSelection default value on MP1 is applicable
2025-12-30 21:22:12,492 [INFO] Rule:233 - rule align RCC USART35CLockSelection default value on MP1 is applicable
2025-12-30 21:22:12,492 [INFO] Rule:233 - rule align RCC SPI45CLockSelection default value on MP1 is applicable
2025-12-30 21:22:12,492 [INFO] Rule:233 - rule align RCC I2C46CLockSelection BCLK value on MP1 is applicable
2025-12-30 21:22:12,492 [INFO] Rule:233 - rule align RCC SPI45CLockSelection default value on MP1 is applicable
2025-12-30 21:22:12,492 [INFO] Rule:233 - rule align RCC I2C12CLockSelection default value on MP1 is applicable
2025-12-30 21:22:12,492 [INFO] Rule:233 - rule align RCC I2C35CLockSelection default value on MP1 is applicable
2025-12-30 21:22:12,492 [INFO] Rule:233 - rule align RCC LPTIM45CLockSelection default value on MP1 is applicable
2025-12-30 21:22:12,492 [INFO] Rule:233 - rule Rename DCMI PIXCK signal is applicable
2025-12-30 21:22:12,492 [INFO] Rule:233 - rule Change Default Value for I2C46CLockSelection MP1 family is applicable
2025-12-30 21:22:12,492 [INFO] Rule:233 - rule Change Default Value for UART for G4, G0 and WB families is applicable
2025-12-30 21:22:12,492 [INFO] Rule:233 - rule Change Default Value for USART for G4, G0 and WB families is applicable
2025-12-30 21:22:12,492 [INFO] Rule:233 - rule Change Default Value for USART for G4 family is applicable
2025-12-30 21:22:12,492 [INFO] Rule:233 - rule Change USART1CLockSelection refparam name for MP1 is applicable
2025-12-30 21:22:12,492 [INFO] Rule:233 - rule Change USART2CLockSelection refparam name for MP1 is applicable
2025-12-30 21:22:12,492 [INFO] Rule:233 - rule Change USART3CLockSelection refparam name for MP1 is applicable
2025-12-30 21:22:12,492 [INFO] Rule:233 - rule Change UART4CLockSelection refparam name for MP1 is applicable
2025-12-30 21:22:12,492 [INFO] Rule:233 - rule Change UART5CLockSelection refparam name for MP1 is applicable
2025-12-30 21:22:12,492 [INFO] Rule:233 - rule Change LPUART1CLockSelection refparam name for MP1 is applicable
2025-12-30 21:22:12,492 [INFO] Rule:233 - rule Change LPTIM1CLockSelection refparam name for MP1 is applicable
2025-12-30 21:22:12,492 [INFO] Rule:233 - rule Change LPTIM2CLockSelection refparam name for MP1 is applicable
2025-12-30 21:22:12,493 [INFO] Rule:233 - rule Change RCC_MCO1Source refparam name for MP1 is applicable
2025-12-30 21:22:12,493 [INFO] Rule:233 - rule Change LSCOSource1 refparam name for MP1 is applicable
2025-12-30 21:22:12,493 [INFO] Rule:233 - rule Change SMPSCLockSelection refparam name for MP1 is applicable
2025-12-30 21:22:12,493 [INFO] Rule:233 - rule Change LPTIM3CLockSelection refparam name for MP1 is applicable
2025-12-30 21:22:12,493 [INFO] Rule:233 - rule Change MPCBB* Default Template Mode to Parameters is applicable
2025-12-30 21:22:12,493 [INFO] Rule:233 - rule Change MPCWM* or MPCBB* Secure Mode to Parameters is applicable
2025-12-30 21:22:12,493 [INFO] Rule:233 - rule Change MPCWM* or MPCBB* No Secure Mode to Parameters is applicable
2025-12-30 21:22:12,493 [INFO] Rule:233 - rule Change TZSC IP Secure Mode to Parameters is applicable
2025-12-30 21:22:12,493 [INFO] Rule:233 - rule Change TZSC IP No Secure Mode to Parameters is applicable
2025-12-30 21:22:12,493 [INFO] Rule:233 - rule Change TZSC IP Privilege Mode to Parameters is applicable
2025-12-30 21:22:12,493 [INFO] Rule:233 - rule Change TZSC IP No Privilege Mode to Parameters is applicable
2025-12-30 21:22:12,493 [INFO] Rule:233 - rule Change TZIC IT Secure Mode to Parameters is applicable
2025-12-30 21:22:12,493 [INFO] Rule:233 - rule Change TZIC IT No Secure Mode to Parameters is applicable
2025-12-30 21:22:12,493 [INFO] Rule:233 - rule Add MPCBB1_NonSecureArea_Start_Address value with referenced to MPCBB1_NonSecureArea_Start value is applicable
2025-12-30 21:22:12,493 [INFO] Rule:233 - rule Add MPCBB2_NonSecureArea_Start_Address value with referenced to MPCBB2_NonSecureArea_Start value is applicable
2025-12-30 21:22:12,493 [INFO] Rule:233 - rule Add MPCWM1_NonSecureArea*_Start_Address value with referenced to MPCWM1_NonSecureArea*_Start value is applicable
2025-12-30 21:22:12,493 [INFO] Rule:233 - rule Add MPCWM2_NonSecureArea*_Start_Address value with referenced to MPCWM2_NonSecureArea*_Start value is applicable
2025-12-30 21:22:12,493 [INFO] Rule:233 - rule Add MPCWM3_NonSecureArea_Start_Address value with referenced to MPCWM3_NonSecureArea_Start value is applicable
2025-12-30 21:22:12,493 [INFO] Rule:233 - rule Change Default Value for PLL1UserDefinedConfig is applicable
2025-12-30 21:22:12,493 [INFO] Rule:233 - rule Change GPIO_PuPd Default Value for USART in async mode is applicable
2025-12-30 21:22:12,493 [INFO] Rule:233 - rule Change SMPSDivider Default Value is applicable
2025-12-30 21:22:12,493 [INFO] Rule:233 - rule OPAMP is applicable
2025-12-30 21:22:12,493 [INFO] Rule:233 - rule LPUART IPParameter rename Prescaler parameter to ClockPrescaler for STM32H7 is applicable
2025-12-30 21:22:12,493 [INFO] Rule:233 - rule LPUART IPParameter rename Prescaler parameter to ClockPrescaler for STM32H7 is applicable
2025-12-30 21:22:12,493 [INFO] Rule:233 - rule LPUART IPParameter rename Prescaler parameter to ClockPrescaler for STM32WB is applicable
2025-12-30 21:22:12,493 [INFO] Rule:233 - rule LPUART IPParameter rename Prescaler parameter to ClockPrescaler for STM32WB is applicable
2025-12-30 21:22:12,493 [INFO] Rule:233 - rule LPUART IPParameter rename Prescaler parameter to ClockPrescaler for STM32G4 is applicable
2025-12-30 21:22:12,493 [INFO] Rule:233 - rule LPUART IPParameter rename Prescaler parameter to ClockPrescaler for STM32G4 is applicable
2025-12-30 21:22:12,493 [INFO] Rule:233 - rule LPUART IPParameter rename Prescaler parameter to ClockPrescaler for STM32L5 is applicable
2025-12-30 21:22:12,493 [INFO] Rule:233 - rule LPUART IPParameter rename Prescaler parameter to ClockPrescaler for STM32L5 is applicable
2025-12-30 21:22:12,493 [INFO] Rule:233 - rule LPUART IPParameter rename Prescaler parameter to ClockPrescaler for STM32G4 is applicable
2025-12-30 21:22:12,493 [INFO] Rule:233 - rule LPUART IPParameter rename Prescaler parameter to ClockPrescaler for STM32G4 is applicable
2025-12-30 21:22:12,493 [INFO] Rule:233 - rule USB device lib V2.5.3 for L0 rename USBD_SUPPORT_USER_STRING parameter to USBD_SUPPORT_USER_STRING_DESC4 is applicable
2025-12-30 21:22:12,493 [INFO] Rule:233 - rule I2SCLockSelection clock entry align is applicable
2025-12-30 21:22:12,493 [INFO] Rule:233 - rule Assign TIMx context if used as SYS timebase is applicable
2025-12-30 21:22:12,493 [INFO] Rule:233 - rule Change GPIO_Pu Default Value for I2C is applicable
2025-12-30 21:22:12,493 [INFO] Rule:233 - rule Change GPIO_Pu Default Value for SMBus is applicable
2025-12-30 21:22:12,493 [INFO] Rule:233 - rule change FDCAN default value is applicable
2025-12-30 21:22:12,493 [INFO] Rule:233 - rule Change mode sai is applicable
2025-12-30 21:22:12,493 [INFO] Rule:233 - rule **Change sai mode is applicable
2025-12-30 21:22:12,494 [INFO] Rule:233 - rule Rename STM32WPAN CFG_BLE_IRK to CFG_BLE_IR is applicable
2025-12-30 21:22:12,494 [INFO] Rule:233 - rule Rename STM32WPAN CFG_BLE_ERK to CFG_BLE_ER is applicable
2025-12-30 21:22:12,494 [INFO] Rule:233 - rule Rename STM32WPAN CFG_BLE_IRK_HEX to CFG_BLE_IR_HEX is applicable
2025-12-30 21:22:12,494 [INFO] Rule:233 - rule Rename STM32WPAN CFG_BLE_ERK_HEX to CFG_BLE_ER_HEX is applicable
2025-12-30 21:22:12,494 [INFO] Rule:233 - rule Adapt Old IOC before rework replace old CORTEX_M33/CORTEX_M55 attributes by the new one. is applicable
2025-12-30 21:22:12,494 [INFO] Rule:233 - rule Rename parametre of RCC RCC_APBDBG_DIV2 to RCC_TIMPRES_DIV2 is applicable
2025-12-30 21:22:12,494 [INFO] Rule:233 - rule Rename DIE493 pin PA10 [PA12] -> PA10 is applicable
2025-12-30 21:22:12,494 [INFO] Rule:233 - rule Rename DIE493 pin PA9 [PA11] -> PA9 is applicable
2025-12-30 21:22:12,494 [INFO] Rule:233 - rule Rename DIE492 PartNumber CPN STM32WBA5MJGHx -> STM32WBA5MMGHx is applicable
2025-12-30 21:22:12,494 [INFO] Rule:233 - rule Rename DIE492 PartNumber  Name STM32WBA5MJGHx -> STM32WBA5MMGHx is applicable
2025-12-30 21:22:12,494 [INFO] Rule:233 - rule Rename DIE492 PartNumber UserName STM32WBA5MJGHx -> STM32WBA5MMGHx is applicable
2025-12-30 21:22:12,494 [INFO] Rule:233 - rule Rename DIE492 PartNumber DeviceId STM32WBA5MJGHx -> STM32WBA5MMGHx is applicable
2025-12-30 21:22:12,494 [INFO] Rule:233 - rule Adapt Old IOC CSI. is applicable
2025-12-30 21:22:12,494 [INFO] Rule:233 - rule Adapt Old IOC DCMIPP. is applicable
2025-12-30 21:22:12,494 [INFO] Rule:233 - rule Adapt Old IOC DCMIPP Mode Parallel. is applicable
2025-12-30 21:22:12,494 [INFO] Rule:233 - rule Adapt Old IOC LTDC. is applicable
2025-12-30 21:22:12,494 [INFO] Rule:233 - rule Rename STM32MP2 RIF Peripheral LTDC RIF.RISUP.LTDC_L0L1.Privilege -> RIF.RISUP.LTDC_L1L2.Privilege is applicable
2025-12-30 21:22:12,494 [INFO] Rule:233 - rule Rename STM32MP2 RIF Peripheral LTDC RIF.RISUP.LTDC_L0L1.Privilege -> RIF.RISUP.LTDC_L1L2.Privilege is applicable
2025-12-30 21:22:12,494 [INFO] Rule:233 - rule Rename STM32MP2 RIF Peripheral LTDC RIF.RISUP.LTDC_L0L1.Lock -> RIF.RISUP.LTDC_L1L2.Lock is applicable
2025-12-30 21:22:12,494 [INFO] Rule:233 - rule Rename STM32MP2 RIF Peripheral LTDC RIF.RISUP.LTDC_L2.Lock -> RIF.RISUP.LTDC_L3.Lock is applicable
2025-12-30 21:22:12,494 [INFO] Rule:233 - rule Adapt the old IOC example for updating the SYS when it is misconfigured. is applicable
2025-12-30 21:22:12,494 [INFO] Rule:233 - rule Rename STM32C09 Mcu.Package LQFP64 -> LQFP48 is applicable
2025-12-30 21:22:12,494 [INFO] Rule:233 - rule Adapt the old IOC example for updating the SYS when it is misconfigured. is applicable
2025-12-30 21:22:12,494 [INFO] Rule:233 - rule Adapt the old IOC example for updating the SYS when it is misconfigured. is applicable
2025-12-30 21:22:12,520 [INFO] DbConfProperties:307 - Apply Compatibility (38/250 Rules)
2025-12-30 21:22:12,546 [INFO] ImportTextPane:234 - (OptionalMessage_ERROR) Unable to find key (Mcu.ThirdPartyNb) in loaded IOC file
2025-12-30 21:22:12,549 [INFO] ImportTextPane:234 - (OptionalMessage_ERROR) Pin34 (VP_RIF_VS_RIF1) cannot be retrieved for this MCU
2025-12-30 21:22:12,595 [INFO] RtosManager:558 - Registered RTOS mode: class=CMSIS, group=RTOS, mode=CMSIS_V1, owner=FREERTOS
2025-12-30 21:22:12,595 [INFO] RtosManager:558 - Registered RTOS mode: class=CMSIS, group=RTOS2, mode=CMSIS_V2, owner=FREERTOS
2025-12-30 21:22:12,595 [INFO] RtosManager:558 - Registered RTOS mode: class=RTOS, group=Core, mode=CMSIS_V1, owner=FREERTOS
2025-12-30 21:22:12,595 [INFO] RtosManager:558 - Registered RTOS mode: class=RTOS, group=Core, mode=CMSIS_V2, owner=FREERTOS
2025-12-30 21:22:12,595 [WARN] ModelIntegratedComponent:184 - Missing modes for component STMicroelectronics:FreeRTOS:0.0.1:STMicroelectronics:RTOS:FreeRTOS:Core:::10.2.0:
2025-12-30 21:22:12,618 [WARN] ModelIntegratedComponent:63 - No mode defined for component null
2025-12-30 21:22:12,618 [WARN] ModelIntegratedComponent:63 - No mode defined for component null
2025-12-30 21:22:12,618 [WARN] ModelIntegratedComponent:63 - No mode defined for component null
2025-12-30 21:22:12,618 [WARN] ModelIntegratedComponent:63 - No mode defined for component null
2025-12-30 21:22:12,618 [WARN] ModelIntegratedComponent:63 - No mode defined for component null
2025-12-30 21:22:12,618 [WARN] ModelIntegratedComponent:63 - No mode defined for component null
2025-12-30 21:22:12,619 [WARN] ModelIntegratedComponent:63 - No mode defined for component null
2025-12-30 21:22:12,619 [WARN] ModelIntegratedComponent:63 - No mode defined for component null
2025-12-30 21:22:12,619 [WARN] ModelIntegratedComponent:63 - No mode defined for component null
2025-12-30 21:22:12,619 [WARN] ModelIntegratedComponent:63 - No mode defined for component null
2025-12-30 21:22:12,619 [WARN] ModelIntegratedComponent:63 - No mode defined for component null
2025-12-30 21:22:12,619 [WARN] ModelIntegratedComponent:63 - No mode defined for component null
2025-12-30 21:22:12,619 [WARN] ModelIntegratedComponent:63 - No mode defined for component null
2025-12-30 21:22:12,619 [WARN] ModelIntegratedComponent:63 - No mode defined for component null
2025-12-30 21:22:12,619 [WARN] ModelIntegratedComponent:63 - No mode defined for component null
2025-12-30 21:22:12,619 [WARN] ModelIntegratedComponent:63 - No mode defined for component null
2025-12-30 21:22:12,619 [WARN] ModelIntegratedComponent:63 - No mode defined for component null
2025-12-30 21:22:12,619 [WARN] ModelIntegratedComponent:63 - No mode defined for component null
2025-12-30 21:22:12,619 [WARN] ModelIntegratedComponent:63 - No mode defined for component null
2025-12-30 21:22:12,619 [WARN] ModelIntegratedComponent:63 - No mode defined for component null
2025-12-30 21:22:12,619 [WARN] ModelIntegratedComponent:63 - No mode defined for component null
2025-12-30 21:22:12,619 [WARN] ModelIntegratedComponent:63 - No mode defined for component null
2025-12-30 21:22:12,619 [WARN] ModelIntegratedComponent:63 - No mode defined for component null
2025-12-30 21:22:12,619 [WARN] ModelIntegratedComponent:63 - No mode defined for component null
2025-12-30 21:22:12,619 [WARN] ModelIntegratedComponent:63 - No mode defined for component null
2025-12-30 21:22:12,619 [WARN] ModelIntegratedComponent:63 - No mode defined for component null
2025-12-30 21:22:12,620 [WARN] ModelIntegratedComponent:63 - No mode defined for component null
2025-12-30 21:22:12,620 [WARN] ModelIntegratedComponent:63 - No mode defined for component null
2025-12-30 21:22:12,620 [WARN] ModelIntegratedComponent:63 - No mode defined for component null
2025-12-30 21:22:12,620 [WARN] ModelIntegratedComponent:63 - No mode defined for component null
2025-12-30 21:22:12,620 [WARN] ModelIntegratedComponent:63 - No mode defined for component null
2025-12-30 21:22:12,620 [WARN] ModelIntegratedComponent:63 - No mode defined for component null
2025-12-30 21:22:12,620 [WARN] ModelIntegratedComponent:63 - No mode defined for component null
2025-12-30 21:22:12,620 [WARN] ModelIntegratedComponent:63 - No mode defined for component null
2025-12-30 21:22:12,620 [WARN] ModelIntegratedComponent:63 - No mode defined for component null
2025-12-30 21:22:12,620 [WARN] ModelPack:524 - Component already loaded: STMicroelectronics:HAL Drivers:0.0.0:STMicroelectronics:Device:STMicro_Driver:XSPI:HAL::0.0.1:HAL_XSPI
2025-12-30 21:22:12,657 [INFO] ThirdPartyModel:298 - Start build external matchings
2025-12-30 21:22:12,744 [INFO] ThirdPartyModel:316 - End build external matchings
2025-12-30 21:22:13,005 [INFO] UtilMem:75 - End LoadConfig() Used Memory: 371248008 Bytes (783286272)
2025-12-30 21:22:13,042 [WARN] ThirdParty:833 - waiting for thirdparty lock release [change project]
2025-12-30 21:22:13,043 [INFO] ThirdParty:835 - entering critical section [change project]
2025-12-30 21:22:13,043 [INFO] ThirdParty:1030 - CMSIS Pack Vendor :STMicroelectronics X-CUBE-PM33A1 1.0.0
2025-12-30 21:22:13,043 [INFO] ThirdParty:1030 - CMSIS Pack Vendor :STMicroelectronics USBPD 4.1
2025-12-30 21:22:13,043 [INFO] ThirdParty:1030 - CMSIS Pack Vendor :STMicroelectronics X-CUBE-NFC9 1.0.0
2025-12-30 21:22:13,043 [INFO] ThirdParty:1030 - CMSIS Pack Vendor :STMicroelectronics USB_HOST 2.0.0
2025-12-30 21:22:13,043 [INFO] ThirdParty:1030 - CMSIS Pack Vendor :STMicroelectronics FP-SNS-MOTENVWB1 1.4.0
2025-12-30 21:22:13,043 [INFO] ThirdParty:1030 - CMSIS Pack Vendor :STMicroelectronics X-CUBE-AZRTOS-F4 1.1.0
2025-12-30 21:22:13,043 [INFO] ThirdParty:1030 - CMSIS Pack Vendor :STMicroelectronics LIBJPEG 8.0.0
2025-12-30 21:22:13,043 [INFO] ThirdParty:1030 - CMSIS Pack Vendor :STMicroelectronics FP-ATR-ASTRA1 2.0.2
2025-12-30 21:22:13,043 [INFO] ThirdParty:1030 - CMSIS Pack Vendor :STMicroelectronics X-CUBE-BLE1 7.1.0
2025-12-30 21:22:13,043 [INFO] ThirdParty:1030 - CMSIS Pack Vendor :STMicroelectronics X-CUBE-SMBUS 2.1.0
2025-12-30 21:22:13,043 [INFO] ThirdParty:1030 - CMSIS Pack Vendor :STMicroelectronics USB_DEVICE 3.0.0
2025-12-30 21:22:13,043 [INFO] ThirdParty:1030 - CMSIS Pack Vendor :STMicroelectronics X-CUBE-ISPU 2.1.0
2025-12-30 21:22:13,043 [INFO] ThirdParty:1030 - CMSIS Pack Vendor :STMicroelectronics X-CUBE-AZRTOS-WB 2.0.0
2025-12-30 21:22:13,043 [INFO] ThirdParty:1030 - CMSIS Pack Vendor :STMicroelectronics X-CUBE-AZRTOS-F7 1.1.0
2025-12-30 21:22:13,043 [INFO] ThirdParty:1030 - CMSIS Pack Vendor :STMicroelectronics X-CUBE-AZRTOS-L5 2.0.0
2025-12-30 21:22:13,043 [INFO] ThirdParty:1030 - CMSIS Pack Vendor :STMicroelectronics USB_DEVICE 2.0.0
2025-12-30 21:22:13,043 [INFO] ThirdParty:1030 - CMSIS Pack Vendor :STMicroelectronics X-CUBE-NFC6 3.1.0
2025-12-30 21:22:13,043 [INFO] ThirdParty:1030 - CMSIS Pack Vendor :STMicroelectronics FreeRTOS 0.0.1
2025-12-30 21:22:13,043 [INFO] ThirdParty:1030 - CMSIS Pack Vendor :STMicroelectronics X-CUBE-AZRTOS-G0 1.1.0
2025-12-30 21:22:13,043 [INFO] ThirdParty:1030 - CMSIS Pack Vendor :STMicroelectronics X-CUBE-NFC4 3.0.0
2025-12-30 21:22:13,043 [INFO] ThirdParty:1030 - CMSIS Pack Vendor :STMicroelectronics X-CUBE-SUBG2 5.0.0
2025-12-30 21:22:13,043 [INFO] ThirdParty:1030 - CMSIS Pack Vendor :STMicroelectronics STM32_WPAN 1.0.0
2025-12-30 21:22:13,043 [INFO] ThirdParty:1030 - CMSIS Pack Vendor :STMicroelectronics lwIP 2.0.3
2025-12-30 21:22:13,043 [INFO] ThirdParty:1030 - CMSIS Pack Vendor :STMicroelectronics USB_HOST 1.0.0
2025-12-30 21:22:13,043 [INFO] ThirdParty:1030 - CMSIS Pack Vendor :STMicroelectronics X-CUBE-AZRTOS-G4 2.0.0
2025-12-30 21:22:13,043 [INFO] ThirdParty:1030 - CMSIS Pack Vendor :STMicroelectronics X-CUBE-WB05N 2.0.0
2025-12-30 21:22:13,043 [INFO] ThirdParty:1030 - CMSIS Pack Vendor :STMicroelectronics PDM2PCM 3.1.0
2025-12-30 21:22:13,043 [INFO] ThirdParty:1030 - CMSIS Pack Vendor :STMicroelectronics PDM2PCM 3.3.0
2025-12-30 21:22:13,043 [INFO] ThirdParty:1030 - CMSIS Pack Vendor :STMicroelectronics X-CUBE-DISPLAY 3.0.0
2025-12-30 21:22:13,043 [INFO] ThirdParty:1030 - CMSIS Pack Vendor :STMicroelectronics X-CUBE-NFC7 2.0.0
2025-12-30 21:22:13,043 [INFO] ThirdParty:1030 - CMSIS Pack Vendor :STMicroelectronics X-CUBE-TCPP 4.2.0
2025-12-30 21:22:13,043 [INFO] ThirdParty:1030 - CMSIS Pack Vendor :STMicroelectronics FP-ATR-SIGFOX1 3.2.0
2025-12-30 21:22:13,043 [INFO] ThirdParty:1030 - CMSIS Pack Vendor :STMicroelectronics X-CUBE-NFC10 1.0.0
2025-12-30 21:22:13,043 [INFO] ThirdParty:1030 - CMSIS Pack Vendor :STMicroelectronics HAL Drivers 0.0.0
2025-12-30 21:22:13,043 [INFO] ThirdParty:1030 - CMSIS Pack Vendor :STMicroelectronics MBEDTLS 2.16.2
2025-12-30 21:22:13,043 [INFO] ThirdParty:1030 - CMSIS Pack Vendor :STMicroelectronics X-CUBE-ALS 1.0.2
2025-12-30 21:22:13,043 [INFO] ThirdParty:1030 - CMSIS Pack Vendor :STMicroelectronics MBEDTLS 2.14.1
2025-12-30 21:22:13,043 [INFO] ThirdParty:1030 - CMSIS Pack Vendor :STMicroelectronics ThreadX 1.0.0
2025-12-30 21:22:13,043 [INFO] ThirdParty:1030 - CMSIS Pack Vendor :STMicroelectronics FP-SNS-SMARTAG2 1.2.0
2025-12-30 21:22:13,043 [INFO] ThirdParty:1030 - CMSIS Pack Vendor :STMicroelectronics FP-SNS-FLIGHT1 5.1.0
2025-12-30 21:22:13,043 [INFO] ThirdParty:1030 - CMSIS Pack Vendor :STMicroelectronics X-CUBE-AZRTOS-WL 2.0.0
2025-12-30 21:22:13,043 [INFO] ThirdParty:1030 - CMSIS Pack Vendor :STMicroelectronics X-CUBE-ALGOBUILD 1.4.0
2025-12-30 21:22:13,044 [INFO] ThirdParty:1030 - CMSIS Pack Vendor :STMicroelectronics X-CUBE-DPower 1.3.0
2025-12-30 21:22:13,044 [INFO] ThirdParty:1030 - CMSIS Pack Vendor :STMicroelectronics USB_DEVICE 1.0.0
2025-12-30 21:22:13,044 [INFO] ThirdParty:1030 - CMSIS Pack Vendor :STMicroelectronics X-CUBE-AZRTOS-L4 2.0.0
2025-12-30 21:22:13,044 [INFO] ThirdParty:1030 - CMSIS Pack Vendor :STMicroelectronics ThreadX 0.0.2
2025-12-30 21:22:13,044 [INFO] ThirdParty:1030 - CMSIS Pack Vendor :STMicroelectronics lwIP 2.1.2
2025-12-30 21:22:13,044 [INFO] ThirdParty:1030 - CMSIS Pack Vendor :STMicroelectronics X-CUBE-SFXS2LP1 4.0.0
2025-12-30 21:22:13,044 [INFO] ThirdParty:1030 - CMSIS Pack Vendor :STMicroelectronics X-CUBE-BLE2 3.3.0
2025-12-30 21:22:13,044 [INFO] ThirdParty:1030 - CMSIS Pack Vendor :STMicroelectronics X-CUBE-TOF1 3.4.3
2025-12-30 21:22:13,044 [INFO] ThirdParty:1030 - CMSIS Pack Vendor :STMicroelectronics PDM2PCM 3.2.0
2025-12-30 21:22:13,044 [INFO] ThirdParty:841 - exiting critical section [change project]
2025-12-30 21:22:13,322 [INFO] PinOutPanel:1589 - setPackage(No Configuration,No Configuration)
2025-12-30 21:22:13,323 [INFO] PinOutPanel:1589 - setPackage(STM32F407VGTx,LQFP100)
2025-12-30 21:22:13,516 [INFO] UtilMem:75 - Before build in PCC Used Memory: 530626248 Bytes (783286272)
2025-12-30 21:22:13,890 [INFO] UtilMem:75 - After build in PCC Used Memory: 576237256 Bytes (783286272)
2025-12-30 21:22:13,920 [INFO] IPUIPlugin:80 - create IPUIPlugin
2025-12-30 21:22:13,921 [INFO] IPUIPlugin:80 - create IPUIPlugin
2025-12-30 21:22:13,921 [INFO] IPUIPlugin:80 - create IPUIPlugin
2025-12-30 21:22:13,921 [INFO] IPUIPlugin:80 - create IPUIPlugin
2025-12-30 21:22:13,921 [INFO] IPUIPlugin:80 - create IPUIPlugin
2025-12-30 21:22:13,921 [INFO] IPUIPlugin:80 - create IPUIPlugin
2025-12-30 21:22:13,921 [INFO] IPUIPlugin:80 - create IPUIPlugin
2025-12-30 21:22:13,921 [INFO] IPUIPlugin:80 - create IPUIPlugin
2025-12-30 21:22:13,921 [INFO] IPUIPlugin:80 - create IPUIPlugin
2025-12-30 21:22:13,921 [INFO] IPUIPlugin:80 - create IPUIPlugin
2025-12-30 21:22:13,923 [INFO] IPUIPlugin:80 - create IPUIPlugin
2025-12-30 21:22:13,923 [INFO] IPUIPlugin:80 - create IPUIPlugin
2025-12-30 21:22:13,923 [INFO] IPUIPlugin:80 - create IPUIPlugin
2025-12-30 21:22:13,923 [INFO] IPUIPlugin:80 - create IPUIPlugin
2025-12-30 21:22:13,923 [INFO] IPUIPlugin:80 - create IPUIPlugin
2025-12-30 21:22:13,924 [INFO] IPUIPlugin:80 - create IPUIPlugin
2025-12-30 21:22:13,924 [INFO] IPUIPlugin:80 - create IPUIPlugin
2025-12-30 21:22:13,924 [INFO] IPUIPlugin:80 - create IPUIPlugin
2025-12-30 21:22:13,925 [INFO] IPUIPlugin:80 - create IPUIPlugin
2025-12-30 21:22:13,925 [INFO] IPUIPlugin:80 - create IPUIPlugin
2025-12-30 21:22:13,925 [INFO] IPUIPlugin:80 - create IPUIPlugin
2025-12-30 21:22:13,925 [INFO] IPUIPlugin:80 - create IPUIPlugin
2025-12-30 21:22:13,926 [INFO] IPUIPlugin:80 - create IPUIPlugin
2025-12-30 21:22:13,926 [INFO] IPUIPlugin:80 - create IPUIPlugin
2025-12-30 21:22:13,926 [INFO] IPUIPlugin:80 - create IPUIPlugin
2025-12-30 21:22:13,926 [INFO] IPUIPlugin:80 - create IPUIPlugin
2025-12-30 21:22:13,926 [INFO] IPUIPlugin:80 - create IPUIPlugin
2025-12-30 21:22:13,928 [INFO] IPUIPlugin:80 - create IPUIPlugin
2025-12-30 21:22:13,928 [INFO] IPUIPlugin:80 - create IPUIPlugin
2025-12-30 21:22:13,928 [INFO] IPUIPlugin:80 - create IPUIPlugin
2025-12-30 21:22:13,928 [INFO] IPUIPlugin:80 - create IPUIPlugin
2025-12-30 21:22:13,928 [INFO] IPUIPlugin:80 - create IPUIPlugin
2025-12-30 21:22:13,928 [INFO] IPUIPlugin:80 - create IPUIPlugin
2025-12-30 21:22:13,928 [INFO] IPUIPlugin:80 - create IPUIPlugin
2025-12-30 21:22:13,929 [INFO] IPUIPlugin:80 - create IPUIPlugin
2025-12-30 21:22:13,929 [INFO] IPUIPlugin:80 - create IPUIPlugin
2025-12-30 21:22:13,929 [INFO] IPUIPlugin:80 - create IPUIPlugin
2025-12-30 21:22:13,929 [INFO] IPUIPlugin:80 - create IPUIPlugin
2025-12-30 21:22:13,929 [INFO] IPUIPlugin:80 - create IPUIPlugin
2025-12-30 21:22:13,930 [INFO] IPUIPlugin:80 - create IPUIPlugin
2025-12-30 21:22:13,930 [INFO] IPUIPlugin:80 - create IPUIPlugin
2025-12-30 21:22:13,930 [INFO] IPUIPlugin:80 - create IPUIPlugin
2025-12-30 21:22:13,930 [INFO] IPUIPlugin:80 - create IPUIPlugin
2025-12-30 21:22:13,932 [INFO] IPUIPlugin:80 - create IPUIPlugin
2025-12-30 21:22:13,932 [INFO] IPUIPlugin:80 - create IPUIPlugin
2025-12-30 21:22:13,932 [INFO] IPUIPlugin:80 - create IPUIPlugin
2025-12-30 21:22:13,932 [INFO] IPUIPlugin:80 - create IPUIPlugin
2025-12-30 21:22:13,932 [INFO] IPUIPlugin:80 - create IPUIPlugin
2025-12-30 21:22:13,933 [INFO] IPUIPlugin:80 - create IPUIPlugin
2025-12-30 21:22:13,933 [INFO] IPUIPlugin:80 - create IPUIPlugin
2025-12-30 21:22:13,933 [INFO] IPUIPlugin:80 - create IPUIPlugin
2025-12-30 21:22:13,933 [INFO] IPUIPlugin:80 - create IPUIPlugin
2025-12-30 21:22:13,933 [INFO] IPUIPlugin:80 - create IPUIPlugin
2025-12-30 21:22:13,934 [INFO] IPUIPlugin:80 - create IPUIPlugin
2025-12-30 21:22:13,934 [INFO] IPUIPlugin:80 - create IPUIPlugin
2025-12-30 21:22:13,934 [INFO] IPUIPlugin:80 - create IPUIPlugin
2025-12-30 21:22:13,934 [INFO] IPUIPlugin:80 - create IPUIPlugin
2025-12-30 21:22:13,934 [INFO] IPUIPlugin:80 - create IPUIPlugin
2025-12-30 21:22:13,944 [INFO] ApiDbMcu:532 - Load IP Config File for PDM2PCM
2025-12-30 21:22:13,991 [INFO] CADModel:165 - CPN selected for project levelSTM32F407VGT6
2025-12-30 21:22:13,991 [INFO] CADModel:114 - Register for checkConnection events
2025-12-30 21:22:14,050 [INFO] OpenFileManager:386 - Restore cursor
2025-12-30 21:22:14,497 [INFO] UtilMem:75 - End SaveConfig() Used Memory: 669470648 Bytes (783286272)
2025-12-30 21:22:14,611 [INFO] UtilMem:75 - End SaveConfig() Used Memory: 688961224 Bytes (783286272)
2025-12-30 21:22:15,051 [INFO] BlockDiagram:2775 - set Specific Code input for plugin: SYS
2025-12-30 21:22:15,051 [INFO] BlockDiagram:2775 - set Specific Code input for plugin: RCC
2025-12-30 21:22:15,052 [INFO] BlockDiagram:2775 - set Specific Code input for plugin: NVIC
2025-12-30 21:22:15,052 [INFO] BlockDiagram:2775 - set Specific Code input for plugin: GPIO
2025-12-30 21:22:15,055 [INFO] CodeGenerator:892 - code generatio: config db path: C:\ST\STM32CubeIDE_1.19.0\STM32CubeIDE\plugins\com.st.stm32cube.common.mx_6.15.0.202507011659\\db\
2025-12-30 21:22:15,317 [INFO] CodeEngine:265 - oldGeneratedFile, C:\Users\aditi\OneDrive\Desktop\Sunbeam_Internship\ARM_94076_Aditi\Smart_Env_Monitor\LCD_I2C\MXTmpFiles\license.tmp_save
2025-12-30 21:22:15,866 [INFO] CodeEngine:289 - Generated code: C:\Users\aditi\OneDrive\Desktop\Sunbeam_Internship\ARM_94076_Aditi\Smart_Env_Monitor\LCD_I2C\MXTmpFiles\license.tmp
2025-12-30 21:22:15,982 [INFO] CodeEngine:265 - oldGeneratedFile, C:\Users\aditi\OneDrive\Desktop\Sunbeam_Internship\ARM_94076_Aditi\Smart_Env_Monitor\LCD_I2C\MXTmpFiles\gpio.tmp_save
2025-12-30 21:22:16,298 [INFO] CodeEngine:289 - Generated code: C:\Users\aditi\OneDrive\Desktop\Sunbeam_Internship\ARM_94076_Aditi\Smart_Env_Monitor\LCD_I2C\MXTmpFiles\gpio.tmp
2025-12-30 21:22:16,377 [INFO] CodeEngine:265 - oldGeneratedFile, C:\Users\aditi\OneDrive\Desktop\Sunbeam_Internship\ARM_94076_Aditi\Smart_Env_Monitor\LCD_I2C\Core\Src\stm32f4xx_it.c_save
2025-12-30 21:22:16,947 [INFO] CodeEngine:289 - Generated code: C:\Users\aditi\OneDrive\Desktop\Sunbeam_Internship\ARM_94076_Aditi\Smart_Env_Monitor\LCD_I2C\Core\Src\stm32f4xx_it.c
2025-12-30 21:22:16,967 [INFO] CodeEngine:265 - oldGeneratedFile, C:\Users\aditi\OneDrive\Desktop\Sunbeam_Internship\ARM_94076_Aditi\Smart_Env_Monitor\LCD_I2C\Core\Inc\stm32f4xx_it.h_save
2025-12-30 21:22:17,135 [INFO] CodeEngine:289 - Generated code: C:\Users\aditi\OneDrive\Desktop\Sunbeam_Internship\ARM_94076_Aditi\Smart_Env_Monitor\LCD_I2C\Core\Inc\stm32f4xx_it.h
2025-12-30 21:22:17,171 [INFO] CodeEngine:265 - oldGeneratedFile, C:\Users\aditi\OneDrive\Desktop\Sunbeam_Internship\ARM_94076_Aditi\Smart_Env_Monitor\LCD_I2C\Core\Src\stm32f4xx_hal_msp.c_save
2025-12-30 21:22:17,393 [INFO] CodeEngine:289 - Generated code: C:\Users\aditi\OneDrive\Desktop\Sunbeam_Internship\ARM_94076_Aditi\Smart_Env_Monitor\LCD_I2C\Core\Src\stm32f4xx_hal_msp.c
2025-12-30 21:22:17,408 [INFO] CodeEngine:265 - oldGeneratedFile, C:\Users\aditi\OneDrive\Desktop\Sunbeam_Internship\ARM_94076_Aditi\Smart_Env_Monitor\LCD_I2C\MXTmpFiles\system.tmp_save
2025-12-30 21:22:17,512 [INFO] CodeEngine:289 - Generated code: C:\Users\aditi\OneDrive\Desktop\Sunbeam_Internship\ARM_94076_Aditi\Smart_Env_Monitor\LCD_I2C\MXTmpFiles\system.tmp
2025-12-30 21:22:17,546 [INFO] CodeEngine:321 - oldGeneratedFile, C:\Users\aditi\OneDrive\Desktop\Sunbeam_Internship\ARM_94076_Aditi\Smart_Env_Monitor\LCD_I2C\Core\Inc\stm32f4xx_hal_conf.h_save
2025-12-30 21:22:17,683 [INFO] CodeEngine:345 - Generated code: C:\Users\aditi\OneDrive\Desktop\Sunbeam_Internship\ARM_94076_Aditi\Smart_Env_Monitor\LCD_I2C\Core\Inc\stm32f4xx_hal_conf.h
2025-12-30 21:22:17,738 [INFO] ApiDbMcu:532 - Load IP Config File for RCC
2025-12-30 21:22:17,762 [INFO] CodeEngine:265 - oldGeneratedFile, C:\Users\aditi\OneDrive\Desktop\Sunbeam_Internship\ARM_94076_Aditi\Smart_Env_Monitor\LCD_I2C\Core\Inc\main.h_save
2025-12-30 21:22:17,956 [INFO] CodeEngine:289 - Generated code: C:\Users\aditi\OneDrive\Desktop\Sunbeam_Internship\ARM_94076_Aditi\Smart_Env_Monitor\LCD_I2C\Core\Inc\main.h
2025-12-30 21:22:17,970 [INFO] CodeEngine:265 - oldGeneratedFile, C:\Users\aditi\OneDrive\Desktop\Sunbeam_Internship\ARM_94076_Aditi\Smart_Env_Monitor\LCD_I2C\Core\Src\main.c_save
2025-12-30 21:22:18,149 [INFO] CodeEngine:289 - Generated code: C:\Users\aditi\OneDrive\Desktop\Sunbeam_Internship\ARM_94076_Aditi\Smart_Env_Monitor\LCD_I2C\Core\Src\main.c
2025-12-30 21:22:19,732 [INFO] ProjectBuilder:3606 - Time for Copy HAL[1] : 1317mS.
2025-12-30 21:22:19,751 [INFO] ProjectBuilder:5216 - Project Generator version: 4.7.0-B52
2025-12-30 21:22:19,824 [INFO] ConfigFileManager:1595 - The Die is : DIE413
2025-12-30 21:22:19,828 [INFO] ApiDbMcu:532 - Load IP Config File for FATFS
2025-12-30 21:22:19,834 [INFO] ApiDbMcu:532 - Load IP Config File for FREERTOS
2025-12-30 21:22:19,837 [INFO] ApiDbMcu:532 - Load IP Config File for LIBJPEG
2025-12-30 21:22:19,843 [INFO] ApiDbMcu:532 - Load IP Config File for LWIP
2025-12-30 21:22:19,848 [INFO] ApiDbMcu:532 - Load IP Config File for MBEDTLS
2025-12-30 21:22:19,858 [INFO] ApiDbMcu:532 - Load IP Config File for USB_DEVICE
2025-12-30 21:22:19,863 [INFO] ApiDbMcu:532 - Load IP Config File for USB_HOST
2025-12-30 21:22:22,107 [INFO] ProjectBuilder:5496 - Time for Generating toolchain IDE Files: 2356mS.
2025-12-30 21:22:22,108 [INFO] ProjectBuilder:3463 - Time for Copy CMSIS : 1mS.
2025-12-30 21:22:22,114 [INFO] ProjectBuilder:3463 - Time for Copy CMSIS : 0mS.
2025-12-30 21:22:22,806 [INFO] McuFinderGlobals:76 - Set McuFinderConnectedMode to true
2025-12-30 21:22:22,810 [INFO] ApiDb:448 - Save user favorites file C:\Users\aditi/.stm32cubeide/favorites.mcus.txt: 0 item(s)
2025-12-30 21:22:22,810 [INFO] ApiDb:452 - User favorites MCUs=[]
2025-12-30 21:22:22,811 [INFO] ApiDb:448 - Save user favorites file C:\Users\aditi/.stm32cubeide/favorites.boards.txt: 1 item(s)
2025-12-30 21:22:22,812 [INFO] ApiDb:452 - User favorites Boards=[STM32F407G-DISC1]
2025-12-30 21:22:33,829 [WARN] IP:2250 - I2C_Coeff_DF not found: check if there is a RefParameter without a condition.
2025-12-30 21:22:33,830 [WARN] IP:2250 - Analog_Filter not found: check if there is a RefParameter without a condition.
2025-12-30 21:22:33,845 [WARN] IP:2250 - I2C_Coeff_DF not found: check if there is a RefParameter without a condition.
2025-12-30 21:22:33,845 [WARN] IP:2250 - Analog_Filter not found: check if there is a RefParameter without a condition.
2025-12-30 21:22:33,846 [WARN] IP:2250 - I2C_Coeff_DF not found: check if there is a RefParameter without a condition.
2025-12-30 21:22:33,846 [WARN] IP:2250 - Analog_Filter not found: check if there is a RefParameter without a condition.
2025-12-30 21:22:33,883 [WARN] IP:2250 - I2C_Coeff_DF not found: check if there is a RefParameter without a condition.
2025-12-30 21:22:33,883 [WARN] IP:2250 - Analog_Filter not found: check if there is a RefParameter without a condition.
2025-12-30 21:22:33,884 [WARN] IP:2250 - I2C_Coeff_DF not found: check if there is a RefParameter without a condition.
2025-12-30 21:22:33,884 [WARN] IP:2250 - Analog_Filter not found: check if there is a RefParameter without a condition.
2025-12-30 21:22:33,890 [INFO] NvicIntPanel:101 - NVIC parent = com.st.microxplorer.plugins.ip.nvic.MultiNvicIntPanel[,0,0,0x0,invalid,layout=javax.swing.BoxLayout,alignmentX=0.0,alignmentY=0.0,border=,flags=9,maximumSize=,minimumSize=,preferredSize=]
2025-12-30 21:22:56,091 [INFO] ADCParametersView:116 -                Rank 1 : false
2025-12-30 21:22:56,153 [INFO] ADCParametersView:116 -                Rank 1 : false
2025-12-30 21:22:56,153 [INFO] ADCParametersView:116 -                Rank 1 : false
2025-12-30 21:22:56,153 [INFO] ADCParametersView:116 -                Rank 1 : false
2025-12-30 21:22:56,153 [INFO] ADCParametersView:116 -                Rank 1 : false
2025-12-30 21:22:56,153 [INFO] ADCParametersView:116 -                Rank 1 : false
2025-12-30 21:22:56,153 [INFO] ADCParametersView:116 -                Rank 1 : false
2025-12-30 21:22:56,153 [INFO] ADCParametersView:116 -                Rank 1 : false
2025-12-30 21:22:56,153 [INFO] ADCParametersView:116 -                Rank 1 : false
2025-12-30 21:22:56,153 [INFO] ADCParametersView:116 -                Rank 1 : false
2025-12-30 21:22:56,153 [INFO] ADCParametersView:116 -                Rank 1 : false
2025-12-30 21:22:56,153 [INFO] ADCParametersView:116 -                Rank 1 : false
2025-12-30 21:22:56,153 [INFO] ADCParametersView:116 -                Rank 1 : false
2025-12-30 21:22:56,157 [INFO] ADCParametersView:116 -                Rank 1 : false
2025-12-30 21:22:56,157 [INFO] ADCParametersView:116 -                Rank 1 : false
2025-12-30 21:22:56,172 [INFO] ADCParametersView:116 -                Rank 1 : false
2025-12-30 21:22:56,263 [INFO] NvicIntPanel:101 - NVIC parent = com.st.microxplorer.plugins.ip.nvic.MultiNvicIntPanel[,0,0,0x0,invalid,layout=javax.swing.BoxLayout,alignmentX=0.0,alignmentY=0.0,border=,flags=9,maximumSize=,minimumSize=,preferredSize=]
2025-12-30 21:22:56,331 [INFO] NvicIntPanel:101 - NVIC parent = com.st.microxplorer.plugins.ip.nvic.MultiNvicIntPanel[,0,0,0x0,invalid,layout=javax.swing.BoxLayout,alignmentX=0.0,alignmentY=0.0,border=,flags=9,maximumSize=,minimumSize=,preferredSize=]
2025-12-30 21:22:56,411 [INFO] NvicIntPanel:101 - NVIC parent = com.st.microxplorer.plugins.ip.nvic.MultiNvicIntPanel[,0,0,0x0,invalid,layout=javax.swing.BoxLayout,alignmentX=0.0,alignmentY=0.0,border=,flags=9,maximumSize=,minimumSize=,preferredSize=]
2025-12-30 21:22:56,467 [INFO] ADCParametersView:116 -                Rank 1 : false
2025-12-30 21:22:56,469 [INFO] ADCParametersView:116 -                Rank 1 : false
2025-12-30 21:22:56,469 [INFO] ADCParametersView:116 -                Rank 1 : false
2025-12-30 21:22:56,469 [INFO] ADCParametersView:116 -                Rank 1 : false
2025-12-30 21:22:56,469 [INFO] ADCParametersView:116 -                Rank 1 : false
2025-12-30 21:22:56,469 [INFO] ADCParametersView:116 -                Rank 1 : false
2025-12-30 21:22:56,469 [INFO] ADCParametersView:116 -                Rank 1 : false
2025-12-30 21:22:56,469 [INFO] ADCParametersView:116 -                Rank 1 : false
2025-12-30 21:22:56,469 [INFO] ADCParametersView:116 -                Rank 1 : false
2025-12-30 21:22:56,469 [INFO] ADCParametersView:116 -                Rank 1 : false
2025-12-30 21:22:56,469 [INFO] ADCParametersView:116 -                Rank 1 : false
2025-12-30 21:22:56,469 [INFO] ADCParametersView:116 -                Rank 1 : false
2025-12-30 21:22:56,469 [INFO] ADCParametersView:116 -                Rank 1 : false
2025-12-30 21:22:56,469 [INFO] ADCParametersView:116 -                Rank 1 : false
2025-12-30 21:22:56,497 [INFO] ADCParametersView:116 -                Rank 1 : false
2025-12-30 21:22:56,537 [INFO] ADCParametersView:116 -                Rank 1 : false
2025-12-30 21:22:56,537 [INFO] ADCParametersView:116 -                Rank 1 : false
2025-12-30 21:22:56,537 [INFO] ADCParametersView:116 -                Rank 1 : false
2025-12-30 21:22:56,537 [INFO] ADCParametersView:116 -                Rank 1 : false
2025-12-30 21:22:56,537 [INFO] ADCParametersView:116 -                Rank 1 : false
2025-12-30 21:22:56,537 [INFO] ADCParametersView:116 -                Rank 1 : false
2025-12-30 21:22:56,537 [INFO] ADCParametersView:116 -                Rank 1 : false
2025-12-30 21:22:56,537 [INFO] ADCParametersView:116 -                Rank 1 : false
2025-12-30 21:22:56,537 [INFO] ADCParametersView:116 -                Rank 1 : false
2025-12-30 21:22:56,537 [INFO] ADCParametersView:116 -                Rank 1 : false
2025-12-30 21:22:56,537 [INFO] ADCParametersView:116 -                Rank 1 : false
2025-12-30 21:22:56,537 [INFO] ADCParametersView:116 -                Rank 1 : false
2025-12-30 21:22:56,537 [INFO] ADCParametersView:116 -                Rank 1 : false
2025-12-30 21:22:56,537 [INFO] ADCParametersView:116 -                Rank 1 : false
2025-12-30 21:22:56,560 [INFO] ADCParametersView:116 -                Rank 1 : false
2025-12-30 21:28:53,811 [INFO] UtilMem:75 - End SaveConfig() Used Memory: 681314560 Bytes (783286272)
2025-12-30 21:28:56,393 [INFO] UtilMem:75 - End SaveConfig() Used Memory: 714342656 Bytes (783286272)
2025-12-30 21:28:56,866 [INFO] UtilMem:75 - End SaveConfig() Used Memory: 340688352 Bytes (783286272)
2025-12-30 21:28:57,000 [ERROR] ConfigurationRetriever:142 - IOException on connection: Connection reset
2025-12-30 21:28:57,552 [INFO] BlockDiagram:2775 - set Specific Code input for plugin: SYS
2025-12-30 21:28:57,553 [INFO] BlockDiagram:2775 - set Specific Code input for plugin: RCC
2025-12-30 21:28:57,553 [INFO] BlockDiagram:2775 - set Specific Code input for plugin: I2C
2025-12-30 21:28:57,553 [INFO] BlockDiagram:2775 - set Specific Code input for plugin: NVIC
2025-12-30 21:28:57,553 [INFO] BlockDiagram:2775 - set Specific Code input for plugin: GPIO
2025-12-30 21:28:57,557 [INFO] CodeGenerator:892 - code generatio: config db path: C:\ST\STM32CubeIDE_1.19.0\STM32CubeIDE\plugins\com.st.stm32cube.common.mx_6.15.0.202507011659\\db\
2025-12-30 21:28:57,560 [WARN] IP:2250 - I2C_Coeff_DF not found: check if there is a RefParameter without a condition.
2025-12-30 21:28:57,560 [WARN] IP:2250 - Analog_Filter not found: check if there is a RefParameter without a condition.
2025-12-30 21:28:57,679 [INFO] CodeEngine:265 - oldGeneratedFile, C:\Users\aditi\OneDrive\Desktop\Sunbeam_Internship\ARM_94076_Aditi\Smart_Env_Monitor\LCD_I2C\MXTmpFiles\license.tmp_save
2025-12-30 21:28:57,993 [INFO] CodeEngine:289 - Generated code: C:\Users\aditi\OneDrive\Desktop\Sunbeam_Internship\ARM_94076_Aditi\Smart_Env_Monitor\LCD_I2C\MXTmpFiles\license.tmp
2025-12-30 21:28:58,064 [INFO] CodeEngine:265 - oldGeneratedFile, C:\Users\aditi\OneDrive\Desktop\Sunbeam_Internship\ARM_94076_Aditi\Smart_Env_Monitor\LCD_I2C\MXTmpFiles\gpio.tmp_save
2025-12-30 21:28:58,249 [INFO] CodeEngine:289 - Generated code: C:\Users\aditi\OneDrive\Desktop\Sunbeam_Internship\ARM_94076_Aditi\Smart_Env_Monitor\LCD_I2C\MXTmpFiles\gpio.tmp
2025-12-30 21:28:58,373 [INFO] CodeEngine:265 - oldGeneratedFile, C:\Users\aditi\OneDrive\Desktop\Sunbeam_Internship\ARM_94076_Aditi\Smart_Env_Monitor\LCD_I2C\Core\Src\stm32f4xx_it.c_save
2025-12-30 21:28:58,647 [INFO] CodeEngine:289 - Generated code: C:\Users\aditi\OneDrive\Desktop\Sunbeam_Internship\ARM_94076_Aditi\Smart_Env_Monitor\LCD_I2C\Core\Src\stm32f4xx_it.c
2025-12-30 21:28:58,683 [INFO] CodeEngine:265 - oldGeneratedFile, C:\Users\aditi\OneDrive\Desktop\Sunbeam_Internship\ARM_94076_Aditi\Smart_Env_Monitor\LCD_I2C\Core\Inc\stm32f4xx_it.h_save
2025-12-30 21:28:58,884 [INFO] CodeEngine:289 - Generated code: C:\Users\aditi\OneDrive\Desktop\Sunbeam_Internship\ARM_94076_Aditi\Smart_Env_Monitor\LCD_I2C\Core\Inc\stm32f4xx_it.h
2025-12-30 21:28:58,932 [INFO] CodeEngine:265 - oldGeneratedFile, C:\Users\aditi\OneDrive\Desktop\Sunbeam_Internship\ARM_94076_Aditi\Smart_Env_Monitor\LCD_I2C\Core\Src\stm32f4xx_hal_msp.c_save
2025-12-30 21:28:59,208 [INFO] CodeEngine:289 - Generated code: C:\Users\aditi\OneDrive\Desktop\Sunbeam_Internship\ARM_94076_Aditi\Smart_Env_Monitor\LCD_I2C\Core\Src\stm32f4xx_hal_msp.c
2025-12-30 21:28:59,233 [INFO] CodeEngine:265 - oldGeneratedFile, C:\Users\aditi\OneDrive\Desktop\Sunbeam_Internship\ARM_94076_Aditi\Smart_Env_Monitor\LCD_I2C\MXTmpFiles\system.tmp_save
2025-12-30 21:28:59,357 [INFO] CodeEngine:289 - Generated code: C:\Users\aditi\OneDrive\Desktop\Sunbeam_Internship\ARM_94076_Aditi\Smart_Env_Monitor\LCD_I2C\MXTmpFiles\system.tmp
2025-12-30 21:28:59,413 [INFO] CodeEngine:321 - oldGeneratedFile, C:\Users\aditi\OneDrive\Desktop\Sunbeam_Internship\ARM_94076_Aditi\Smart_Env_Monitor\LCD_I2C\Core\Inc\stm32f4xx_hal_conf.h_save
2025-12-30 21:28:59,546 [INFO] CodeEngine:345 - Generated code: C:\Users\aditi\OneDrive\Desktop\Sunbeam_Internship\ARM_94076_Aditi\Smart_Env_Monitor\LCD_I2C\Core\Inc\stm32f4xx_hal_conf.h
2025-12-30 21:28:59,597 [INFO] ApiDbMcu:532 - Load IP Config File for I2C1
2025-12-30 21:28:59,636 [INFO] CodeEngine:265 - oldGeneratedFile, C:\Users\aditi\OneDrive\Desktop\Sunbeam_Internship\ARM_94076_Aditi\Smart_Env_Monitor\LCD_I2C\Core\Inc\main.h_save
2025-12-30 21:28:59,795 [INFO] CodeEngine:289 - Generated code: C:\Users\aditi\OneDrive\Desktop\Sunbeam_Internship\ARM_94076_Aditi\Smart_Env_Monitor\LCD_I2C\Core\Inc\main.h
2025-12-30 21:28:59,820 [INFO] CodeEngine:265 - oldGeneratedFile, C:\Users\aditi\OneDrive\Desktop\Sunbeam_Internship\ARM_94076_Aditi\Smart_Env_Monitor\LCD_I2C\Core\Src\main.c_save
2025-12-30 21:29:00,014 [INFO] CodeEngine:289 - Generated code: C:\Users\aditi\OneDrive\Desktop\Sunbeam_Internship\ARM_94076_Aditi\Smart_Env_Monitor\LCD_I2C\Core\Src\main.c
2025-12-30 21:29:01,732 [INFO] ProjectBuilder:3606 - Time for Copy HAL[1] : 1479mS.
2025-12-30 21:29:01,739 [INFO] ProjectBuilder:5216 - Project Generator version: 4.7.0-B52
2025-12-30 21:29:01,817 [INFO] ConfigFileManager:1595 - The Die is : DIE413
2025-12-30 21:29:03,385 [INFO] ProjectBuilder:5496 - Time for Generating toolchain IDE Files: 1646mS.
2025-12-30 21:29:03,388 [INFO] ProjectBuilder:3463 - Time for Copy CMSIS : 1mS.
2025-12-30 21:29:03,399 [INFO] ProjectBuilder:3463 - Time for Copy CMSIS : 0mS.
2025-12-30 21:48:27,453 [INFO] MainUpdater:2872 - connection check result : 10
2025-12-30 21:48:27,453 [INFO] MainUpdater:2872 - connection check result : 10
2025-12-30 21:48:27,511 [INFO] MicroXplorer:468 - Change Database Path : 
2025-12-30 21:48:27,511 [INFO] MicroXplorer:498 - Change Database Version : DB.6.0.150
2025-12-30 21:48:27,588 [ERROR] ProjectManagerView:395 - 
java.lang.NullPointerException: Cannot invoke "javax.swing.JTextField.getText()" because the return value of "java.util.List.get(int)" is null
	at com.st.microxplorer.plugins.projectmanager.gui.ProjectChoiceTab$9.caretUpdate(ProjectChoiceTab.java:2706) ~[filemanager.jar:?]
	at javax.swing.text.JTextComponent.fireCaretUpdate(JTextComponent.java:408) ~[?:?]
	at javax.swing.text.JTextComponent$MutableCaretEvent.fire(JTextComponent.java:4484) ~[?:?]
	at javax.swing.text.JTextComponent$MutableCaretEvent.stateChanged(JTextComponent.java:4506) ~[?:?]
	at javax.swing.text.DefaultCaret.fireStateChanged(DefaultCaret.java:857) ~[?:?]
	at javax.swing.text.DefaultCaret.changeCaretPosition(DefaultCaret.java:1343) ~[?:?]
	at javax.swing.text.DefaultCaret.handleSetDot(DefaultCaret.java:1242) ~[?:?]
	at javax.swing.text.DefaultCaret.setDot(DefaultCaret.java:1223) ~[?:?]
	at javax.swing.text.DefaultCaret$Handler.insertUpdate(DefaultCaret.java:1819) ~[?:?]
	at javax.swing.text.AbstractDocument.fireInsertUpdate(AbstractDocument.java:227) ~[?:?]
	at javax.swing.text.AbstractDocument.handleInsertString(AbstractDocument.java:781) ~[?:?]
	at javax.swing.text.AbstractDocument.insertString(AbstractDocument.java:740) ~[?:?]
	at javax.swing.text.PlainDocument.insertString(PlainDocument.java:131) ~[?:?]
	at javax.swing.text.AbstractDocument.replace(AbstractDocument.java:699) ~[?:?]
	at javax.swing.text.JTextComponent.setText(JTextComponent.java:1725) ~[?:?]
	at com.st.microxplorer.plugins.projectmanager.gui.ProjectChoiceTab.createHeapStackFields(ProjectChoiceTab.java:993) ~[filemanager.jar:?]
	at com.st.microxplorer.plugins.projectmanager.gui.ProjectChoiceTab.buildLinkSettingsPanel(ProjectChoiceTab.java:3813) ~[filemanager.jar:?]
	at com.st.microxplorer.plugins.projectmanager.gui.ProjectChoiceTab.defineWindowsFields(ProjectChoiceTab.java:1987) ~[filemanager.jar:?]
	at com.st.microxplorer.plugins.projectmanager.gui.ProjectChoiceTab.updateSettings(ProjectChoiceTab.java:558) ~[filemanager.jar:?]
	at com.st.microxplorer.plugins.projectmanager.gui.ProjectSettingsPanel.UpdateDialog(ProjectSettingsPanel.java:247) ~[filemanager.jar:?]
	at com.st.microxplorer.plugins.projectmanager.ProjectManagerView.propertyChange(ProjectManagerView.java:392) ~[filemanager.jar:?]
	at java.beans.PropertyChangeSupport.fire(PropertyChangeSupport.java:343) ~[?:?]
	at java.beans.PropertyChangeSupport.firePropertyChange(PropertyChangeSupport.java:335) ~[?:?]
	at java.beans.PropertyChangeSupport.firePropertyChange(PropertyChangeSupport.java:268) ~[?:?]
	at com.st.microxplorer.util.MXPropertyChangeSupport.firePropertyChange(MXPropertyChangeSupport.java:54) ~[STM32CubeMX.jar:?]
	at com.st.microxplorer.mxsystem.MxSystem.closeConfig(MxSystem.java:899) ~[STM32CubeMX.jar:?]
	at com.st.microxplorer.maingui.MainPanel.closeConfig(MainPanel.java:792) ~[STM32CubeMX.jar:?]
	at com.st.microxplorer.plugins.filemanager.engine.OpenFileManager.loadConfigurationFile(OpenFileManager.java:288) ~[filemanager.jar:?]
	at com.st.microxplorer.plugins.filemanager.engine.MainFileManager.userLoadConfig(MainFileManager.java:364) ~[filemanager.jar:?]
	at com.st.microxplorer.plugins.filemanager.engine.MainFileManager.userLoadConfig(MainFileManager.java:342) ~[filemanager.jar:?]
	at com.st.microxplorer.plugins.filemanager.FileManagerView.getSpecificTask(FileManagerView.java:264) ~[filemanager.jar:?]
	at com.st.stm32cube.common.mx.editor.CubeMxEditor.getMxTabbedPaneInstance(CubeMxEditor.java:1198) ~[com.st.stm32cube.common.mx_6.15.0.202507011659/:?]
	at com.st.stm32cube.common.mx.editor.CubeMxEditor$12$1.createSwingComponent(CubeMxEditor.java:1068) ~[com.st.stm32cube.common.mx_6.15.0.202507011659/:?]
	at com.st.stm32cube.common.mx.oss.core.awtswtbridge.EmbeddedSwingComposite.doComponentCreation(EmbeddedSwingComposite.java:492) ~[com.st.stm32cube.common.mx.oss_6.15.0.202507011659/:?]
	at com.st.stm32cube.common.mx.oss.core.awtswtbridge.EmbeddedSwingComposite$4.run(EmbeddedSwingComposite.java:291) ~[com.st.stm32cube.common.mx.oss_6.15.0.202507011659/:?]
	at com.st.stm32cube.common.mx.oss.core.awtswtbridge.AwtEnvironment$2.run(AwtEnvironment.java:166) ~[com.st.stm32cube.common.mx.oss_6.15.0.202507011659/:?]
	at java.awt.event.InvocationEvent.dispatch(InvocationEvent.java:318) ~[?:?]
	at java.awt.EventQueue.dispatchEventImpl(EventQueue.java:773) ~[?:?]
	at java.awt.EventQueue$4.run(EventQueue.java:720) ~[?:?]
	at java.awt.EventQueue$4.run(EventQueue.java:714) ~[?:?]
	at java.security.AccessController.doPrivileged(AccessController.java:400) ~[?:?]
	at java.security.ProtectionDomain$JavaSecurityAccessImpl.doIntersectionPrivilege(ProtectionDomain.java:87) ~[?:?]
	at java.awt.EventQueue.dispatchEvent(EventQueue.java:742) ~[?:?]
	at java.awt.EventDispatchThread.pumpOneEventForFilters(EventDispatchThread.java:203) ~[?:?]
	at java.awt.EventDispatchThread.pumpEventsForFilter(EventDispatchThread.java:124) ~[?:?]
	at java.awt.EventDispatchThread.pumpEventsForHierarchy(EventDispatchThread.java:113) ~[?:?]
	at java.awt.EventDispatchThread.pumpEvents(EventDispatchThread.java:109) ~[?:?]
	at java.awt.EventDispatchThread.pumpEvents(EventDispatchThread.java:101) ~[?:?]
	at java.awt.EventDispatchThread.run(EventDispatchThread.java:90) ~[?:?]
2025-12-30 21:48:27,592 [WARN] ThirdParty:871 - waiting for thirdparty lock release [close project]
2025-12-30 21:48:27,592 [INFO] ThirdParty:873 - entering critical section [close project]
2025-12-30 21:48:27,592 [INFO] ThirdParty:883 - exiting critical section [close project]
2025-12-30 21:48:27,600 [INFO] PinOutPanel:1589 - setPackage(No Configuration,No Configuration)
2025-12-30 21:48:27,628 [WARN] IpParametersView:155 - Warning: This peripheral hasn't parameters
2025-12-30 21:48:27,639 [WARN] MainPanel:289 - <html><b><center>Warning: This peripheral has no parameters to be configured<br></b></html>
2025-12-30 21:48:27,649 [INFO] UtilMem:75 - Begin LoadConfig() Used Memory: 641555160 Bytes (783286272)
2025-12-30 21:48:27,650 [INFO] MicroXplorer:468 - Change Database Path : 
2025-12-30 21:48:27,650 [INFO] MicroXplorer:498 - Change Database Version : DB.6.0.150
2025-12-30 21:48:27,650 [INFO] OpenFileManager:355 - Change cursor
2025-12-30 21:48:27,674 [INFO] RulesReader:64 - Compatibility file has been processed (317 Rules)
2025-12-30 21:48:27,682 [INFO] Mcu:2029 - Initializing MCU STM32F407V(E-G)Tx STM32F407VGTx STM32F407VGT6
2025-12-30 21:48:29,291 [INFO] Context:786 - Trying to add GPIOservice into a context  which must be forbidden
2025-12-30 21:48:29,883 [INFO] ImportTextPane:234 - (OptionalMessage_ERROR) Pin34 (VP_RIF_VS_RIF1) cannot be retrieved for this MCU
2025-12-30 21:48:29,918 [INFO] RtosManager:558 - Registered RTOS mode: class=CMSIS, group=RTOS, mode=CMSIS_V1, owner=FREERTOS
2025-12-30 21:48:29,918 [INFO] RtosManager:558 - Registered RTOS mode: class=CMSIS, group=RTOS2, mode=CMSIS_V2, owner=FREERTOS
2025-12-30 21:48:29,919 [INFO] RtosManager:558 - Registered RTOS mode: class=RTOS, group=Core, mode=CMSIS_V1, owner=FREERTOS
2025-12-30 21:48:29,919 [INFO] RtosManager:558 - Registered RTOS mode: class=RTOS, group=Core, mode=CMSIS_V2, owner=FREERTOS
2025-12-30 21:48:29,919 [WARN] ModelIntegratedComponent:184 - Missing modes for component STMicroelectronics:FreeRTOS:0.0.1:STMicroelectronics:RTOS:FreeRTOS:Core:::10.2.0:
2025-12-30 21:48:29,937 [WARN] ModelIntegratedComponent:63 - No mode defined for component null
2025-12-30 21:48:29,937 [WARN] ModelIntegratedComponent:63 - No mode defined for component null
2025-12-30 21:48:29,938 [WARN] ModelIntegratedComponent:63 - No mode defined for component null
2025-12-30 21:48:29,938 [WARN] ModelIntegratedComponent:63 - No mode defined for component null
2025-12-30 21:48:29,938 [WARN] ModelIntegratedComponent:63 - No mode defined for component null
2025-12-30 21:48:29,938 [WARN] ModelIntegratedComponent:63 - No mode defined for component null
2025-12-30 21:48:29,938 [WARN] ModelIntegratedComponent:63 - No mode defined for component null
2025-12-30 21:48:29,938 [WARN] ModelIntegratedComponent:63 - No mode defined for component null
2025-12-30 21:48:29,938 [WARN] ModelIntegratedComponent:63 - No mode defined for component null
2025-12-30 21:48:29,938 [WARN] ModelIntegratedComponent:63 - No mode defined for component null
2025-12-30 21:48:29,938 [WARN] ModelIntegratedComponent:63 - No mode defined for component null
2025-12-30 21:48:29,938 [WARN] ModelIntegratedComponent:63 - No mode defined for component null
2025-12-30 21:48:29,938 [WARN] ModelIntegratedComponent:63 - No mode defined for component null
2025-12-30 21:48:29,938 [WARN] ModelIntegratedComponent:63 - No mode defined for component null
2025-12-30 21:48:29,938 [WARN] ModelIntegratedComponent:63 - No mode defined for component null
2025-12-30 21:48:29,938 [WARN] ModelIntegratedComponent:63 - No mode defined for component null
2025-12-30 21:48:29,938 [WARN] ModelIntegratedComponent:63 - No mode defined for component null
2025-12-30 21:48:29,938 [WARN] ModelIntegratedComponent:63 - No mode defined for component null
2025-12-30 21:48:29,938 [WARN] ModelIntegratedComponent:63 - No mode defined for component null
2025-12-30 21:48:29,938 [WARN] ModelIntegratedComponent:63 - No mode defined for component null
2025-12-30 21:48:29,938 [WARN] ModelIntegratedComponent:63 - No mode defined for component null
2025-12-30 21:48:29,938 [WARN] ModelIntegratedComponent:63 - No mode defined for component null
2025-12-30 21:48:29,938 [WARN] ModelIntegratedComponent:63 - No mode defined for component null
2025-12-30 21:48:29,938 [WARN] ModelIntegratedComponent:63 - No mode defined for component null
2025-12-30 21:48:29,939 [WARN] ModelIntegratedComponent:63 - No mode defined for component null
2025-12-30 21:48:29,939 [WARN] ModelIntegratedComponent:63 - No mode defined for component null
2025-12-30 21:48:29,939 [WARN] ModelIntegratedComponent:63 - No mode defined for component null
2025-12-30 21:48:29,939 [WARN] ModelIntegratedComponent:63 - No mode defined for component null
2025-12-30 21:48:29,939 [WARN] ModelIntegratedComponent:63 - No mode defined for component null
2025-12-30 21:48:29,939 [WARN] ModelIntegratedComponent:63 - No mode defined for component null
2025-12-30 21:48:29,939 [WARN] ModelIntegratedComponent:63 - No mode defined for component null
2025-12-30 21:48:29,939 [WARN] ModelIntegratedComponent:63 - No mode defined for component null
2025-12-30 21:48:29,939 [WARN] ModelIntegratedComponent:63 - No mode defined for component null
2025-12-30 21:48:29,939 [WARN] ModelIntegratedComponent:63 - No mode defined for component null
2025-12-30 21:48:29,939 [WARN] ModelIntegratedComponent:63 - No mode defined for component null
2025-12-30 21:48:29,939 [WARN] ModelPack:524 - Component already loaded: STMicroelectronics:HAL Drivers:0.0.0:STMicroelectronics:Device:STMicro_Driver:XSPI:HAL::0.0.1:HAL_XSPI
2025-12-30 21:48:29,970 [INFO] ThirdPartyModel:298 - Start build external matchings
2025-12-30 21:48:30,097 [INFO] ThirdPartyModel:316 - End build external matchings
2025-12-30 21:48:30,481 [INFO] UtilMem:75 - End LoadConfig() Used Memory: 338747416 Bytes (783286272)
2025-12-30 21:48:30,533 [WARN] ThirdParty:833 - waiting for thirdparty lock release [change project]
2025-12-30 21:48:30,533 [INFO] ThirdParty:835 - entering critical section [change project]
2025-12-30 21:48:30,533 [INFO] ThirdParty:1030 - CMSIS Pack Vendor :STMicroelectronics X-CUBE-PM33A1 1.0.0
2025-12-30 21:48:30,533 [INFO] ThirdParty:1030 - CMSIS Pack Vendor :STMicroelectronics USBPD 4.1
2025-12-30 21:48:30,533 [INFO] ThirdParty:1030 - CMSIS Pack Vendor :STMicroelectronics X-CUBE-NFC9 1.0.0
2025-12-30 21:48:30,535 [INFO] ThirdParty:1030 - CMSIS Pack Vendor :STMicroelectronics USB_HOST 2.0.0
2025-12-30 21:48:30,535 [INFO] ThirdParty:1030 - CMSIS Pack Vendor :STMicroelectronics FP-SNS-MOTENVWB1 1.4.0
2025-12-30 21:48:30,535 [INFO] ThirdParty:1030 - CMSIS Pack Vendor :STMicroelectronics X-CUBE-AZRTOS-F4 1.1.0
2025-12-30 21:48:30,535 [INFO] ThirdParty:1030 - CMSIS Pack Vendor :STMicroelectronics LIBJPEG 8.0.0
2025-12-30 21:48:30,535 [INFO] ThirdParty:1030 - CMSIS Pack Vendor :STMicroelectronics FP-ATR-ASTRA1 2.0.2
2025-12-30 21:48:30,535 [INFO] ThirdParty:1030 - CMSIS Pack Vendor :STMicroelectronics X-CUBE-BLE1 7.1.0
2025-12-30 21:48:30,535 [INFO] ThirdParty:1030 - CMSIS Pack Vendor :STMicroelectronics X-CUBE-SMBUS 2.1.0
2025-12-30 21:48:30,535 [INFO] ThirdParty:1030 - CMSIS Pack Vendor :STMicroelectronics USB_DEVICE 3.0.0
2025-12-30 21:48:30,535 [INFO] ThirdParty:1030 - CMSIS Pack Vendor :STMicroelectronics X-CUBE-ISPU 2.1.0
2025-12-30 21:48:30,535 [INFO] ThirdParty:1030 - CMSIS Pack Vendor :STMicroelectronics X-CUBE-AZRTOS-WB 2.0.0
2025-12-30 21:48:30,535 [INFO] ThirdParty:1030 - CMSIS Pack Vendor :STMicroelectronics X-CUBE-AZRTOS-F7 1.1.0
2025-12-30 21:48:30,535 [INFO] ThirdParty:1030 - CMSIS Pack Vendor :STMicroelectronics X-CUBE-AZRTOS-L5 2.0.0
2025-12-30 21:48:30,535 [INFO] ThirdParty:1030 - CMSIS Pack Vendor :STMicroelectronics USB_DEVICE 2.0.0
2025-12-30 21:48:30,535 [INFO] ThirdParty:1030 - CMSIS Pack Vendor :STMicroelectronics X-CUBE-NFC6 3.1.0
2025-12-30 21:48:30,535 [INFO] ThirdParty:1030 - CMSIS Pack Vendor :STMicroelectronics FreeRTOS 0.0.1
2025-12-30 21:48:30,535 [INFO] ThirdParty:1030 - CMSIS Pack Vendor :STMicroelectronics X-CUBE-AZRTOS-G0 1.1.0
2025-12-30 21:48:30,535 [INFO] ThirdParty:1030 - CMSIS Pack Vendor :STMicroelectronics X-CUBE-NFC4 3.0.0
2025-12-30 21:48:30,535 [INFO] ThirdParty:1030 - CMSIS Pack Vendor :STMicroelectronics X-CUBE-SUBG2 5.0.0
2025-12-30 21:48:30,535 [INFO] ThirdParty:1030 - CMSIS Pack Vendor :STMicroelectronics STM32_WPAN 1.0.0
2025-12-30 21:48:30,535 [INFO] ThirdParty:1030 - CMSIS Pack Vendor :STMicroelectronics lwIP 2.0.3
2025-12-30 21:48:30,535 [INFO] ThirdParty:1030 - CMSIS Pack Vendor :STMicroelectronics USB_HOST 1.0.0
2025-12-30 21:48:30,535 [INFO] ThirdParty:1030 - CMSIS Pack Vendor :STMicroelectronics X-CUBE-AZRTOS-G4 2.0.0
2025-12-30 21:48:30,535 [INFO] ThirdParty:1030 - CMSIS Pack Vendor :STMicroelectronics X-CUBE-WB05N 2.0.0
2025-12-30 21:48:30,535 [INFO] ThirdParty:1030 - CMSIS Pack Vendor :STMicroelectronics PDM2PCM 3.1.0
2025-12-30 21:48:30,535 [INFO] ThirdParty:1030 - CMSIS Pack Vendor :STMicroelectronics PDM2PCM 3.3.0
2025-12-30 21:48:30,535 [INFO] ThirdParty:1030 - CMSIS Pack Vendor :STMicroelectronics X-CUBE-DISPLAY 3.0.0
2025-12-30 21:48:30,535 [INFO] ThirdParty:1030 - CMSIS Pack Vendor :STMicroelectronics X-CUBE-NFC7 2.0.0
2025-12-30 21:48:30,535 [INFO] ThirdParty:1030 - CMSIS Pack Vendor :STMicroelectronics X-CUBE-TCPP 4.2.0
2025-12-30 21:48:30,535 [INFO] ThirdParty:1030 - CMSIS Pack Vendor :STMicroelectronics FP-ATR-SIGFOX1 3.2.0
2025-12-30 21:48:30,536 [INFO] ThirdParty:1030 - CMSIS Pack Vendor :STMicroelectronics X-CUBE-NFC10 1.0.0
2025-12-30 21:48:30,536 [INFO] ThirdParty:1030 - CMSIS Pack Vendor :STMicroelectronics HAL Drivers 0.0.0
2025-12-30 21:48:30,536 [INFO] ThirdParty:1030 - CMSIS Pack Vendor :STMicroelectronics MBEDTLS 2.16.2
2025-12-30 21:48:30,536 [INFO] ThirdParty:1030 - CMSIS Pack Vendor :STMicroelectronics X-CUBE-ALS 1.0.2
2025-12-30 21:48:30,536 [INFO] ThirdParty:1030 - CMSIS Pack Vendor :STMicroelectronics MBEDTLS 2.14.1
2025-12-30 21:48:30,536 [INFO] ThirdParty:1030 - CMSIS Pack Vendor :STMicroelectronics ThreadX 1.0.0
2025-12-30 21:48:30,536 [INFO] ThirdParty:1030 - CMSIS Pack Vendor :STMicroelectronics FP-SNS-SMARTAG2 1.2.0
2025-12-30 21:48:30,536 [INFO] ThirdParty:1030 - CMSIS Pack Vendor :STMicroelectronics FP-SNS-FLIGHT1 5.1.0
2025-12-30 21:48:30,536 [INFO] ThirdParty:1030 - CMSIS Pack Vendor :STMicroelectronics X-CUBE-AZRTOS-WL 2.0.0
2025-12-30 21:48:30,536 [INFO] ThirdParty:1030 - CMSIS Pack Vendor :STMicroelectronics X-CUBE-ALGOBUILD 1.4.0
2025-12-30 21:48:30,536 [INFO] ThirdParty:1030 - CMSIS Pack Vendor :STMicroelectronics X-CUBE-DPower 1.3.0
2025-12-30 21:48:30,536 [INFO] ThirdParty:1030 - CMSIS Pack Vendor :STMicroelectronics USB_DEVICE 1.0.0
2025-12-30 21:48:30,536 [INFO] ThirdParty:1030 - CMSIS Pack Vendor :STMicroelectronics X-CUBE-AZRTOS-L4 2.0.0
2025-12-30 21:48:30,536 [INFO] ThirdParty:1030 - CMSIS Pack Vendor :STMicroelectronics ThreadX 0.0.2
2025-12-30 21:48:30,536 [INFO] ThirdParty:1030 - CMSIS Pack Vendor :STMicroelectronics lwIP 2.1.2
2025-12-30 21:48:30,536 [INFO] ThirdParty:1030 - CMSIS Pack Vendor :STMicroelectronics X-CUBE-SFXS2LP1 4.0.0
2025-12-30 21:48:30,536 [INFO] ThirdParty:1030 - CMSIS Pack Vendor :STMicroelectronics X-CUBE-BLE2 3.3.0
2025-12-30 21:48:30,536 [INFO] ThirdParty:1030 - CMSIS Pack Vendor :STMicroelectronics X-CUBE-TOF1 3.4.3
2025-12-30 21:48:30,536 [INFO] ThirdParty:1030 - CMSIS Pack Vendor :STMicroelectronics PDM2PCM 3.2.0
2025-12-30 21:48:30,536 [INFO] ThirdParty:841 - exiting critical section [change project]
2025-12-30 21:48:30,742 [INFO] PinOutPanel:1589 - setPackage(No Configuration,No Configuration)
2025-12-30 21:48:30,744 [INFO] PinOutPanel:1589 - setPackage(STM32F407VGTx,LQFP100)
2025-12-30 21:48:31,037 [INFO] UtilMem:75 - Before build in PCC Used Memory: 497749320 Bytes (783286272)
2025-12-30 21:48:31,276 [INFO] UtilMem:75 - After build in PCC Used Memory: 543886664 Bytes (783286272)
2025-12-30 21:48:31,294 [INFO] IPUIPlugin:80 - create IPUIPlugin
2025-12-30 21:48:31,294 [INFO] IPUIPlugin:80 - create IPUIPlugin
2025-12-30 21:48:31,294 [INFO] IPUIPlugin:80 - create IPUIPlugin
2025-12-30 21:48:31,294 [INFO] IPUIPlugin:80 - create IPUIPlugin
2025-12-30 21:48:31,294 [INFO] IPUIPlugin:80 - create IPUIPlugin
2025-12-30 21:48:31,295 [INFO] IPUIPlugin:80 - create IPUIPlugin
2025-12-30 21:48:31,295 [INFO] IPUIPlugin:80 - create IPUIPlugin
2025-12-30 21:48:31,295 [INFO] IPUIPlugin:80 - create IPUIPlugin
2025-12-30 21:48:31,295 [INFO] IPUIPlugin:80 - create IPUIPlugin
2025-12-30 21:48:31,295 [INFO] IPUIPlugin:80 - create IPUIPlugin
2025-12-30 21:48:31,295 [INFO] IPUIPlugin:80 - create IPUIPlugin
2025-12-30 21:48:31,295 [INFO] IPUIPlugin:80 - create IPUIPlugin
2025-12-30 21:48:31,295 [INFO] IPUIPlugin:80 - create IPUIPlugin
2025-12-30 21:48:31,295 [INFO] IPUIPlugin:80 - create IPUIPlugin
2025-12-30 21:48:31,295 [INFO] IPUIPlugin:80 - create IPUIPlugin
2025-12-30 21:48:31,295 [INFO] IPUIPlugin:80 - create IPUIPlugin
2025-12-30 21:48:31,295 [INFO] IPUIPlugin:80 - create IPUIPlugin
2025-12-30 21:48:31,295 [INFO] IPUIPlugin:80 - create IPUIPlugin
2025-12-30 21:48:31,295 [INFO] IPUIPlugin:80 - create IPUIPlugin
2025-12-30 21:48:31,296 [INFO] IPUIPlugin:80 - create IPUIPlugin
2025-12-30 21:48:31,296 [INFO] IPUIPlugin:80 - create IPUIPlugin
2025-12-30 21:48:31,296 [INFO] IPUIPlugin:80 - create IPUIPlugin
2025-12-30 21:48:31,296 [INFO] IPUIPlugin:80 - create IPUIPlugin
2025-12-30 21:48:31,296 [INFO] IPUIPlugin:80 - create IPUIPlugin
2025-12-30 21:48:31,296 [INFO] IPUIPlugin:80 - create IPUIPlugin
2025-12-30 21:48:31,296 [INFO] IPUIPlugin:80 - create IPUIPlugin
2025-12-30 21:48:31,296 [INFO] IPUIPlugin:80 - create IPUIPlugin
2025-12-30 21:48:31,296 [INFO] IPUIPlugin:80 - create IPUIPlugin
2025-12-30 21:48:31,296 [INFO] IPUIPlugin:80 - create IPUIPlugin
2025-12-30 21:48:31,296 [INFO] IPUIPlugin:80 - create IPUIPlugin
2025-12-30 21:48:31,297 [INFO] IPUIPlugin:80 - create IPUIPlugin
2025-12-30 21:48:31,297 [INFO] IPUIPlugin:80 - create IPUIPlugin
2025-12-30 21:48:31,297 [INFO] IPUIPlugin:80 - create IPUIPlugin
2025-12-30 21:48:31,297 [INFO] IPUIPlugin:80 - create IPUIPlugin
2025-12-30 21:48:31,297 [INFO] IPUIPlugin:80 - create IPUIPlugin
2025-12-30 21:48:31,297 [INFO] IPUIPlugin:80 - create IPUIPlugin
2025-12-30 21:48:31,297 [INFO] IPUIPlugin:80 - create IPUIPlugin
2025-12-30 21:48:31,297 [INFO] IPUIPlugin:80 - create IPUIPlugin
2025-12-30 21:48:31,297 [INFO] IPUIPlugin:80 - create IPUIPlugin
2025-12-30 21:48:31,297 [INFO] IPUIPlugin:80 - create IPUIPlugin
2025-12-30 21:48:31,297 [INFO] IPUIPlugin:80 - create IPUIPlugin
2025-12-30 21:48:31,298 [INFO] IPUIPlugin:80 - create IPUIPlugin
2025-12-30 21:48:31,298 [INFO] IPUIPlugin:80 - create IPUIPlugin
2025-12-30 21:48:31,298 [INFO] IPUIPlugin:80 - create IPUIPlugin
2025-12-30 21:48:31,298 [INFO] IPUIPlugin:80 - create IPUIPlugin
2025-12-30 21:48:31,298 [INFO] IPUIPlugin:80 - create IPUIPlugin
2025-12-30 21:48:31,298 [INFO] IPUIPlugin:80 - create IPUIPlugin
2025-12-30 21:48:31,298 [INFO] IPUIPlugin:80 - create IPUIPlugin
2025-12-30 21:48:31,299 [INFO] IPUIPlugin:80 - create IPUIPlugin
2025-12-30 21:48:31,299 [INFO] IPUIPlugin:80 - create IPUIPlugin
2025-12-30 21:48:31,299 [INFO] IPUIPlugin:80 - create IPUIPlugin
2025-12-30 21:48:31,299 [INFO] IPUIPlugin:80 - create IPUIPlugin
2025-12-30 21:48:31,299 [INFO] IPUIPlugin:80 - create IPUIPlugin
2025-12-30 21:48:31,299 [INFO] IPUIPlugin:80 - create IPUIPlugin
2025-12-30 21:48:31,300 [INFO] IPUIPlugin:80 - create IPUIPlugin
2025-12-30 21:48:31,300 [INFO] IPUIPlugin:80 - create IPUIPlugin
2025-12-30 21:48:31,300 [INFO] IPUIPlugin:80 - create IPUIPlugin
2025-12-30 21:48:31,300 [INFO] IPUIPlugin:80 - create IPUIPlugin
2025-12-30 21:48:31,310 [INFO] ApiDbMcu:532 - Load IP Config File for PDM2PCM
2025-12-30 21:48:31,341 [INFO] CADModel:165 - CPN selected for project levelSTM32F407VGT6
2025-12-30 21:48:31,341 [INFO] CADModel:114 - Register for checkConnection events
2025-12-30 21:48:31,409 [INFO] OpenFileManager:386 - Restore cursor
2025-12-30 21:48:47,778 [INFO] ADCParametersView:116 -                Rank 1 : false
2025-12-30 21:48:47,827 [INFO] ADCParametersView:116 -                Rank 1 : false
2025-12-30 21:48:47,827 [INFO] ADCParametersView:116 -                Rank 1 : false
2025-12-30 21:48:47,827 [INFO] ADCParametersView:116 -                Rank 1 : false
2025-12-30 21:48:47,827 [INFO] ADCParametersView:116 -                Rank 1 : false
2025-12-30 21:48:47,827 [INFO] ADCParametersView:116 -                Rank 1 : false
2025-12-30 21:48:47,827 [INFO] ADCParametersView:116 -                Rank 1 : false
2025-12-30 21:48:47,827 [INFO] ADCParametersView:116 -                Rank 1 : false
2025-12-30 21:48:47,827 [INFO] ADCParametersView:116 -                Rank 1 : false
2025-12-30 21:48:47,827 [INFO] ADCParametersView:116 -                Rank 1 : false
2025-12-30 21:48:47,827 [INFO] ADCParametersView:116 -                Rank 1 : false
2025-12-30 21:48:47,827 [INFO] ADCParametersView:116 -                Rank 1 : false
2025-12-30 21:48:47,828 [INFO] ADCParametersView:116 -                Rank 1 : false
2025-12-30 21:48:47,828 [INFO] ADCParametersView:116 -                Rank 1 : false
2025-12-30 21:48:47,828 [INFO] ADCParametersView:116 -                Rank 1 : false
2025-12-30 21:48:47,840 [INFO] ADCParametersView:116 -                Rank 1 : false
2025-12-30 21:48:47,900 [INFO] NvicIntPanel:101 - NVIC parent = com.st.microxplorer.plugins.ip.nvic.MultiNvicIntPanel[,0,0,0x0,invalid,layout=javax.swing.BoxLayout,alignmentX=0.0,alignmentY=0.0,border=,flags=9,maximumSize=,minimumSize=,preferredSize=]
2025-12-30 21:48:47,971 [INFO] NvicIntPanel:101 - NVIC parent = com.st.microxplorer.plugins.ip.nvic.MultiNvicIntPanel[,0,0,0x0,invalid,layout=javax.swing.BoxLayout,alignmentX=0.0,alignmentY=0.0,border=,flags=9,maximumSize=,minimumSize=,preferredSize=]
2025-12-30 21:48:48,055 [INFO] NvicIntPanel:101 - NVIC parent = com.st.microxplorer.plugins.ip.nvic.MultiNvicIntPanel[,0,0,0x0,invalid,layout=javax.swing.BoxLayout,alignmentX=0.0,alignmentY=0.0,border=,flags=9,maximumSize=,minimumSize=,preferredSize=]
2025-12-30 21:48:48,114 [INFO] ADCParametersView:116 -                Rank 1 : false
2025-12-30 21:48:48,114 [INFO] ADCParametersView:116 -                Rank 1 : false
2025-12-30 21:48:48,114 [INFO] ADCParametersView:116 -                Rank 1 : false
2025-12-30 21:48:48,114 [INFO] ADCParametersView:116 -                Rank 1 : false
2025-12-30 21:48:48,114 [INFO] ADCParametersView:116 -                Rank 1 : false
2025-12-30 21:48:48,114 [INFO] ADCParametersView:116 -                Rank 1 : false
2025-12-30 21:48:48,114 [INFO] ADCParametersView:116 -                Rank 1 : false
2025-12-30 21:48:48,114 [INFO] ADCParametersView:116 -                Rank 1 : false
2025-12-30 21:48:48,114 [INFO] ADCParametersView:116 -                Rank 1 : false
2025-12-30 21:48:48,114 [INFO] ADCParametersView:116 -                Rank 1 : false
2025-12-30 21:48:48,114 [INFO] ADCParametersView:116 -                Rank 1 : false
2025-12-30 21:48:48,114 [INFO] ADCParametersView:116 -                Rank 1 : false
2025-12-30 21:48:48,114 [INFO] ADCParametersView:116 -                Rank 1 : false
2025-12-30 21:48:48,114 [INFO] ADCParametersView:116 -                Rank 1 : false
2025-12-30 21:48:48,135 [INFO] ADCParametersView:116 -                Rank 1 : false
2025-12-30 21:48:48,165 [INFO] ADCParametersView:116 -                Rank 1 : false
2025-12-30 21:48:48,166 [INFO] ADCParametersView:116 -                Rank 1 : false
2025-12-30 21:48:48,166 [INFO] ADCParametersView:116 -                Rank 1 : false
2025-12-30 21:48:48,166 [INFO] ADCParametersView:116 -                Rank 1 : false
2025-12-30 21:48:48,166 [INFO] ADCParametersView:116 -                Rank 1 : false
2025-12-30 21:48:48,166 [INFO] ADCParametersView:116 -                Rank 1 : false
2025-12-30 21:48:48,166 [INFO] ADCParametersView:116 -                Rank 1 : false
2025-12-30 21:48:48,166 [INFO] ADCParametersView:116 -                Rank 1 : false
2025-12-30 21:48:48,166 [INFO] ADCParametersView:116 -                Rank 1 : false
2025-12-30 21:48:48,166 [INFO] ADCParametersView:116 -                Rank 1 : false
2025-12-30 21:48:48,166 [INFO] ADCParametersView:116 -                Rank 1 : false
2025-12-30 21:48:48,166 [INFO] ADCParametersView:116 -                Rank 1 : false
2025-12-30 21:48:48,166 [INFO] ADCParametersView:116 -                Rank 1 : false
2025-12-30 21:48:48,166 [INFO] ADCParametersView:116 -                Rank 1 : false
2025-12-30 21:48:48,188 [INFO] ADCParametersView:116 -                Rank 1 : false
2025-12-30 21:48:56,992 [WARN] IP:2250 - I2C_Coeff_DF not found: check if there is a RefParameter without a condition.
2025-12-30 21:48:56,992 [WARN] IP:2250 - Analog_Filter not found: check if there is a RefParameter without a condition.
2025-12-30 21:48:57,001 [WARN] IP:2250 - I2C_Coeff_DF not found: check if there is a RefParameter without a condition.
2025-12-30 21:48:57,001 [WARN] IP:2250 - Analog_Filter not found: check if there is a RefParameter without a condition.
2025-12-30 21:48:57,001 [WARN] IP:2250 - I2C_Coeff_DF not found: check if there is a RefParameter without a condition.
2025-12-30 21:48:57,001 [WARN] IP:2250 - Analog_Filter not found: check if there is a RefParameter without a condition.
2025-12-30 21:48:57,029 [WARN] IP:2250 - I2C_Coeff_DF not found: check if there is a RefParameter without a condition.
2025-12-30 21:48:57,029 [WARN] IP:2250 - Analog_Filter not found: check if there is a RefParameter without a condition.
2025-12-30 21:48:57,030 [WARN] IP:2250 - I2C_Coeff_DF not found: check if there is a RefParameter without a condition.
2025-12-30 21:48:57,030 [WARN] IP:2250 - Analog_Filter not found: check if there is a RefParameter without a condition.
2025-12-30 21:48:57,036 [INFO] NvicIntPanel:101 - NVIC parent = com.st.microxplorer.plugins.ip.nvic.MultiNvicIntPanel[,0,0,0x0,invalid,layout=javax.swing.BoxLayout,alignmentX=0.0,alignmentY=0.0,border=,flags=9,maximumSize=,minimumSize=,preferredSize=]
2025-12-30 21:49:24,699 [WARN] IP:2250 - I2C_Coeff_DF not found: check if there is a RefParameter without a condition.
2025-12-30 21:49:24,699 [WARN] IP:2250 - Analog_Filter not found: check if there is a RefParameter without a condition.
2025-12-30 21:49:24,736 [INFO] NvicIntPanel:101 - NVIC parent = com.st.microxplorer.plugins.ip.nvic.MultiNvicIntPanel[,0,0,0x0,invalid,layout=javax.swing.BoxLayout,alignmentX=0.0,alignmentY=0.0,border=,flags=9,maximumSize=,minimumSize=,preferredSize=]
2025-12-30 21:49:29,175 [WARN] IP:2250 - I2C_Coeff_DF not found: check if there is a RefParameter without a condition.
2025-12-30 21:49:29,175 [WARN] IP:2250 - Analog_Filter not found: check if there is a RefParameter without a condition.
2025-12-30 21:49:29,206 [INFO] NvicIntPanel:101 - NVIC parent = com.st.microxplorer.plugins.ip.nvic.MultiNvicIntPanel[,0,0,0x0,invalid,layout=javax.swing.BoxLayout,alignmentX=0.0,alignmentY=0.0,border=,flags=9,maximumSize=,minimumSize=,preferredSize=]
2025-12-30 21:49:44,996 [WARN] IP:2250 - I2C_Coeff_DF not found: check if there is a RefParameter without a condition.
2025-12-30 21:49:44,997 [WARN] IP:2250 - Analog_Filter not found: check if there is a RefParameter without a condition.
2025-12-30 21:49:45,022 [INFO] NvicIntPanel:101 - NVIC parent = com.st.microxplorer.plugins.ip.nvic.MultiNvicIntPanel[,0,0,0x0,invalid,layout=javax.swing.BoxLayout,alignmentX=0.0,alignmentY=0.0,border=,flags=9,maximumSize=,minimumSize=,preferredSize=]
2025-12-30 21:49:56,280 [WARN] IP:2250 - I2C_Coeff_DF not found: check if there is a RefParameter without a condition.
2025-12-30 21:49:56,281 [WARN] IP:2250 - Analog_Filter not found: check if there is a RefParameter without a condition.
2025-12-30 21:49:56,303 [WARN] IP:2250 - I2C_Coeff_DF not found: check if there is a RefParameter without a condition.
2025-12-30 21:49:56,303 [WARN] IP:2250 - Analog_Filter not found: check if there is a RefParameter without a condition.
2025-12-30 21:49:56,304 [WARN] IP:2250 - I2C_Coeff_DF not found: check if there is a RefParameter without a condition.
2025-12-30 21:49:56,304 [WARN] IP:2250 - Analog_Filter not found: check if there is a RefParameter without a condition.
2025-12-30 21:49:56,454 [WARN] IP:2250 - I2C_Coeff_DF not found: check if there is a RefParameter without a condition.
2025-12-30 21:49:56,454 [WARN] IP:2250 - Analog_Filter not found: check if there is a RefParameter without a condition.
2025-12-30 21:49:56,457 [WARN] IP:2250 - I2C_Coeff_DF not found: check if there is a RefParameter without a condition.
2025-12-30 21:49:56,457 [WARN] IP:2250 - Analog_Filter not found: check if there is a RefParameter without a condition.
2025-12-30 21:49:56,477 [INFO] NvicIntPanel:101 - NVIC parent = com.st.microxplorer.plugins.ip.nvic.MultiNvicIntPanel[,0,0,0x0,invalid,layout=javax.swing.BoxLayout,alignmentX=0.0,alignmentY=0.0,border=,flags=9,maximumSize=,minimumSize=,preferredSize=]
2025-12-30 21:50:00,410 [WARN] IP:2250 - I2C_Coeff_DF not found: check if there is a RefParameter without a condition.
2025-12-30 21:50:00,411 [WARN] IP:2250 - Analog_Filter not found: check if there is a RefParameter without a condition.
2025-12-30 21:50:00,426 [INFO] NvicIntPanel:101 - NVIC parent = com.st.microxplorer.plugins.ip.nvic.MultiNvicIntPanel[,0,0,0x0,invalid,layout=javax.swing.BoxLayout,alignmentX=0.0,alignmentY=0.0,border=,flags=9,maximumSize=,minimumSize=,preferredSize=]
2025-12-30 21:50:04,393 [WARN] IP:2250 - I2C_Coeff_DF not found: check if there is a RefParameter without a condition.
2025-12-30 21:50:04,394 [WARN] IP:2250 - Analog_Filter not found: check if there is a RefParameter without a condition.
2025-12-30 21:50:04,411 [INFO] NvicIntPanel:101 - NVIC parent = com.st.microxplorer.plugins.ip.nvic.MultiNvicIntPanel[,0,0,0x0,invalid,layout=javax.swing.BoxLayout,alignmentX=0.0,alignmentY=0.0,border=,flags=9,maximumSize=,minimumSize=,preferredSize=]
2025-12-30 21:50:05,361 [WARN] IP:2250 - I2C_Coeff_DF not found: check if there is a RefParameter without a condition.
2025-12-30 21:50:05,361 [WARN] IP:2250 - Analog_Filter not found: check if there is a RefParameter without a condition.
2025-12-30 21:50:05,376 [INFO] NvicIntPanel:101 - NVIC parent = com.st.microxplorer.plugins.ip.nvic.MultiNvicIntPanel[,0,0,0x0,invalid,layout=javax.swing.BoxLayout,alignmentX=0.0,alignmentY=0.0,border=,flags=9,maximumSize=,minimumSize=,preferredSize=]
2025-12-30 21:50:12,910 [WARN] IP:2250 - I2C_Coeff_DF not found: check if there is a RefParameter without a condition.
2025-12-30 21:50:12,910 [WARN] IP:2250 - Analog_Filter not found: check if there is a RefParameter without a condition.
2025-12-30 21:50:12,910 [WARN] IP:2250 - I2C_Coeff_DF not found: check if there is a RefParameter without a condition.
2025-12-30 21:50:12,911 [WARN] IP:2250 - Analog_Filter not found: check if there is a RefParameter without a condition.
2025-12-30 21:50:12,964 [INFO] NvicIntPanel:101 - NVIC parent = com.st.microxplorer.plugins.ip.nvic.MultiNvicIntPanel[,0,0,0x0,invalid,layout=javax.swing.BoxLayout,alignmentX=0.0,alignmentY=0.0,border=,flags=9,maximumSize=,minimumSize=,preferredSize=]
2025-12-30 21:50:13,016 [WARN] IP:2250 - I2C_Coeff_DF not found: check if there is a RefParameter without a condition.
2025-12-30 21:50:13,017 [WARN] IP:2250 - Analog_Filter not found: check if there is a RefParameter without a condition.
2025-12-30 21:50:16,673 [INFO] UtilMem:75 - End SaveConfig() Used Memory: 495269448 Bytes (783286272)
2025-12-30 21:50:26,146 [INFO] UtilMem:75 - End SaveConfig() Used Memory: 561856072 Bytes (783286272)
2025-12-30 21:50:26,846 [INFO] UtilMem:75 - End SaveConfig() Used Memory: 638402120 Bytes (783286272)
2025-12-30 21:50:27,088 [INFO] BlockDiagram:2775 - set Specific Code input for plugin: SYS
2025-12-30 21:50:27,091 [INFO] BlockDiagram:2775 - set Specific Code input for plugin: ADC
2025-12-30 21:50:27,092 [INFO] BlockDiagram:2775 - set Specific Code input for plugin: RCC
2025-12-30 21:50:27,093 [INFO] BlockDiagram:2775 - set Specific Code input for plugin: I2C
2025-12-30 21:50:27,093 [INFO] BlockDiagram:2775 - set Specific Code input for plugin: NVIC
2025-12-30 21:50:27,094 [INFO] BlockDiagram:2775 - set Specific Code input for plugin: GPIO
2025-12-30 21:50:27,098 [INFO] CodeGenerator:892 - code generatio: config db path: C:\ST\STM32CubeIDE_1.19.0\STM32CubeIDE\plugins\com.st.stm32cube.common.mx_6.15.0.202507011659\\db\
2025-12-30 21:50:27,116 [WARN] IP:2250 - I2C_Coeff_DF not found: check if there is a RefParameter without a condition.
2025-12-30 21:50:27,116 [WARN] IP:2250 - Analog_Filter not found: check if there is a RefParameter without a condition.
2025-12-30 21:50:27,307 [INFO] CodeEngine:265 - oldGeneratedFile, C:\Users\aditi\OneDrive\Desktop\Sunbeam_Internship\ARM_94076_Aditi\Smart_Env_Monitor\MQ2_LCD_LED\MXTmpFiles\license.tmp_save
2025-12-30 21:50:28,059 [INFO] CodeEngine:289 - Generated code: C:\Users\aditi\OneDrive\Desktop\Sunbeam_Internship\ARM_94076_Aditi\Smart_Env_Monitor\MQ2_LCD_LED\MXTmpFiles\license.tmp
2025-12-30 21:50:28,191 [INFO] CodeEngine:265 - oldGeneratedFile, C:\Users\aditi\OneDrive\Desktop\Sunbeam_Internship\ARM_94076_Aditi\Smart_Env_Monitor\MQ2_LCD_LED\MXTmpFiles\gpio.tmp_save
2025-12-30 21:50:28,379 [INFO] CodeEngine:289 - Generated code: C:\Users\aditi\OneDrive\Desktop\Sunbeam_Internship\ARM_94076_Aditi\Smart_Env_Monitor\MQ2_LCD_LED\MXTmpFiles\gpio.tmp
2025-12-30 21:50:28,644 [INFO] CodeEngine:265 - oldGeneratedFile, C:\Users\aditi\OneDrive\Desktop\Sunbeam_Internship\ARM_94076_Aditi\Smart_Env_Monitor\MQ2_LCD_LED\Core\Src\stm32f4xx_it.c_save
2025-12-30 21:50:29,149 [INFO] CodeEngine:289 - Generated code: C:\Users\aditi\OneDrive\Desktop\Sunbeam_Internship\ARM_94076_Aditi\Smart_Env_Monitor\MQ2_LCD_LED\Core\Src\stm32f4xx_it.c
2025-12-30 21:50:29,188 [INFO] CodeEngine:265 - oldGeneratedFile, C:\Users\aditi\OneDrive\Desktop\Sunbeam_Internship\ARM_94076_Aditi\Smart_Env_Monitor\MQ2_LCD_LED\Core\Inc\stm32f4xx_it.h_save
2025-12-30 21:50:29,304 [INFO] CodeEngine:289 - Generated code: C:\Users\aditi\OneDrive\Desktop\Sunbeam_Internship\ARM_94076_Aditi\Smart_Env_Monitor\MQ2_LCD_LED\Core\Inc\stm32f4xx_it.h
2025-12-30 21:50:29,360 [INFO] CodeEngine:265 - oldGeneratedFile, C:\Users\aditi\OneDrive\Desktop\Sunbeam_Internship\ARM_94076_Aditi\Smart_Env_Monitor\MQ2_LCD_LED\Core\Src\stm32f4xx_hal_msp.c_save
2025-12-30 21:50:29,575 [INFO] CodeEngine:289 - Generated code: C:\Users\aditi\OneDrive\Desktop\Sunbeam_Internship\ARM_94076_Aditi\Smart_Env_Monitor\MQ2_LCD_LED\Core\Src\stm32f4xx_hal_msp.c
2025-12-30 21:50:29,597 [INFO] CodeEngine:265 - oldGeneratedFile, C:\Users\aditi\OneDrive\Desktop\Sunbeam_Internship\ARM_94076_Aditi\Smart_Env_Monitor\MQ2_LCD_LED\MXTmpFiles\system.tmp_save
2025-12-30 21:50:29,680 [INFO] CodeEngine:289 - Generated code: C:\Users\aditi\OneDrive\Desktop\Sunbeam_Internship\ARM_94076_Aditi\Smart_Env_Monitor\MQ2_LCD_LED\MXTmpFiles\system.tmp
2025-12-30 21:50:29,710 [INFO] CodeEngine:321 - oldGeneratedFile, C:\Users\aditi\OneDrive\Desktop\Sunbeam_Internship\ARM_94076_Aditi\Smart_Env_Monitor\MQ2_LCD_LED\Core\Inc\stm32f4xx_hal_conf.h_save
2025-12-30 21:50:29,801 [INFO] CodeEngine:345 - Generated code: C:\Users\aditi\OneDrive\Desktop\Sunbeam_Internship\ARM_94076_Aditi\Smart_Env_Monitor\MQ2_LCD_LED\Core\Inc\stm32f4xx_hal_conf.h
2025-12-30 21:50:29,864 [INFO] ApiDbMcu:532 - Load IP Config File for ADC1
2025-12-30 21:50:29,872 [INFO] ApiDbMcu:532 - Load IP Config File for I2C1
2025-12-30 21:50:29,878 [INFO] ApiDbMcu:532 - Load IP Config File for RCC
2025-12-30 21:50:29,918 [INFO] CodeEngine:265 - oldGeneratedFile, C:\Users\aditi\OneDrive\Desktop\Sunbeam_Internship\ARM_94076_Aditi\Smart_Env_Monitor\MQ2_LCD_LED\Core\Inc\main.h_save
2025-12-30 21:50:30,048 [INFO] CodeEngine:289 - Generated code: C:\Users\aditi\OneDrive\Desktop\Sunbeam_Internship\ARM_94076_Aditi\Smart_Env_Monitor\MQ2_LCD_LED\Core\Inc\main.h
2025-12-30 21:50:30,078 [INFO] CodeEngine:265 - oldGeneratedFile, C:\Users\aditi\OneDrive\Desktop\Sunbeam_Internship\ARM_94076_Aditi\Smart_Env_Monitor\MQ2_LCD_LED\Core\Src\main.c_save
2025-12-30 21:50:30,242 [INFO] CodeEngine:289 - Generated code: C:\Users\aditi\OneDrive\Desktop\Sunbeam_Internship\ARM_94076_Aditi\Smart_Env_Monitor\MQ2_LCD_LED\Core\Src\main.c
2025-12-30 21:50:32,322 [INFO] ProjectBuilder:3606 - Time for Copy HAL[1] : 1780mS.
2025-12-30 21:50:32,333 [INFO] ProjectBuilder:5216 - Project Generator version: 4.7.0-B52
2025-12-30 21:50:32,402 [INFO] ConfigFileManager:1595 - The Die is : DIE413
2025-12-30 21:50:32,407 [INFO] ApiDbMcu:532 - Load IP Config File for FATFS
2025-12-30 21:50:32,412 [INFO] ApiDbMcu:532 - Load IP Config File for FREERTOS
2025-12-30 21:50:32,415 [INFO] ApiDbMcu:532 - Load IP Config File for LIBJPEG
2025-12-30 21:50:32,419 [INFO] ApiDbMcu:532 - Load IP Config File for LWIP
2025-12-30 21:50:32,424 [INFO] ApiDbMcu:532 - Load IP Config File for MBEDTLS
2025-12-30 21:50:32,431 [INFO] ApiDbMcu:532 - Load IP Config File for USB_DEVICE
2025-12-30 21:50:32,437 [INFO] ApiDbMcu:532 - Load IP Config File for USB_HOST
2025-12-30 21:50:34,868 [INFO] ProjectBuilder:5496 - Time for Generating toolchain IDE Files: 2535mS.
2025-12-30 21:50:34,870 [INFO] ProjectBuilder:3463 - Time for Copy CMSIS : 1mS.
2025-12-30 21:50:34,882 [INFO] ProjectBuilder:3463 - Time for Copy CMSIS : 1mS.
2025-12-30 21:55:53,167 [WARN] IP:2250 - I2C_Coeff_DF not found: check if there is a RefParameter without a condition.
2025-12-30 21:55:53,167 [WARN] IP:2250 - Analog_Filter not found: check if there is a RefParameter without a condition.
2025-12-30 21:55:53,248 [INFO] NvicIntPanel:101 - NVIC parent = com.st.microxplorer.plugins.ip.nvic.MultiNvicIntPanel[,0,0,0x0,invalid,layout=javax.swing.BoxLayout,alignmentX=0.0,alignmentY=0.0,border=,flags=9,maximumSize=,minimumSize=,preferredSize=]
2025-12-30 21:55:53,450 [WARN] IP:2250 - I2C_Coeff_DF not found: check if there is a RefParameter without a condition.
2025-12-30 21:55:53,450 [WARN] IP:2250 - Analog_Filter not found: check if there is a RefParameter without a condition.
2025-12-30 21:55:53,451 [WARN] IP:2250 - I2C_Coeff_DF not found: check if there is a RefParameter without a condition.
2025-12-30 21:55:53,451 [WARN] IP:2250 - Analog_Filter not found: check if there is a RefParameter without a condition.
2025-12-30 21:55:53,551 [WARN] IP:2250 - I2C_Coeff_DF not found: check if there is a RefParameter without a condition.
2025-12-30 21:55:53,551 [WARN] IP:2250 - Analog_Filter not found: check if there is a RefParameter without a condition.
2025-12-30 21:55:53,641 [WARN] IP:2250 - I2C_Coeff_DF not found: check if there is a RefParameter without a condition.
2025-12-30 21:55:53,641 [WARN] IP:2250 - Analog_Filter not found: check if there is a RefParameter without a condition.
2025-12-30 21:55:53,851 [INFO] NvicIntPanel:101 - NVIC parent = com.st.microxplorer.plugins.ip.nvic.MultiNvicIntPanel[,0,0,0x0,invalid,layout=javax.swing.BoxLayout,alignmentX=0.0,alignmentY=0.0,border=,flags=9,maximumSize=,minimumSize=,preferredSize=]
2025-12-30 21:55:55,797 [INFO] UtilMem:75 - End SaveConfig() Used Memory: 501697896 Bytes (783286272)
2025-12-30 21:55:57,664 [INFO] UtilMem:75 - End SaveConfig() Used Memory: 542072768 Bytes (783286272)
2025-12-30 21:55:57,986 [INFO] UtilMem:75 - End SaveConfig() Used Memory: 575098216 Bytes (783286272)
2025-12-30 21:55:58,574 [INFO] BlockDiagram:2775 - set Specific Code input for plugin: SYS
2025-12-30 21:55:58,574 [INFO] BlockDiagram:2775 - set Specific Code input for plugin: ADC
2025-12-30 21:55:58,574 [INFO] BlockDiagram:2775 - set Specific Code input for plugin: RCC
2025-12-30 21:55:58,574 [INFO] BlockDiagram:2775 - set Specific Code input for plugin: I2C
2025-12-30 21:55:58,574 [INFO] BlockDiagram:2775 - set Specific Code input for plugin: NVIC
2025-12-30 21:55:58,574 [INFO] BlockDiagram:2775 - set Specific Code input for plugin: GPIO
2025-12-30 21:55:58,576 [INFO] CodeGenerator:892 - code generatio: config db path: C:\ST\STM32CubeIDE_1.19.0\STM32CubeIDE\plugins\com.st.stm32cube.common.mx_6.15.0.202507011659\\db\
2025-12-30 21:55:58,584 [WARN] IP:2250 - I2C_Coeff_DF not found: check if there is a RefParameter without a condition.
2025-12-30 21:55:58,584 [WARN] IP:2250 - Analog_Filter not found: check if there is a RefParameter without a condition.
2025-12-30 21:55:58,978 [INFO] CodeEngine:265 - oldGeneratedFile, C:\Users\aditi\OneDrive\Desktop\Sunbeam_Internship\ARM_94076_Aditi\Smart_Env_Monitor\MQ2_LCD_LED\MXTmpFiles\license.tmp_save
2025-12-30 21:55:59,193 [INFO] CodeEngine:289 - Generated code: C:\Users\aditi\OneDrive\Desktop\Sunbeam_Internship\ARM_94076_Aditi\Smart_Env_Monitor\MQ2_LCD_LED\MXTmpFiles\license.tmp
2025-12-30 21:55:59,234 [INFO] CodeEngine:265 - oldGeneratedFile, C:\Users\aditi\OneDrive\Desktop\Sunbeam_Internship\ARM_94076_Aditi\Smart_Env_Monitor\MQ2_LCD_LED\MXTmpFiles\gpio.tmp_save
2025-12-30 21:55:59,387 [INFO] CodeEngine:289 - Generated code: C:\Users\aditi\OneDrive\Desktop\Sunbeam_Internship\ARM_94076_Aditi\Smart_Env_Monitor\MQ2_LCD_LED\MXTmpFiles\gpio.tmp
2025-12-30 21:55:59,572 [INFO] CodeEngine:265 - oldGeneratedFile, C:\Users\aditi\OneDrive\Desktop\Sunbeam_Internship\ARM_94076_Aditi\Smart_Env_Monitor\MQ2_LCD_LED\Core\Src\stm32f4xx_it.c_save
2025-12-30 21:55:59,703 [INFO] CodeEngine:289 - Generated code: C:\Users\aditi\OneDrive\Desktop\Sunbeam_Internship\ARM_94076_Aditi\Smart_Env_Monitor\MQ2_LCD_LED\Core\Src\stm32f4xx_it.c
2025-12-30 21:55:59,722 [INFO] CodeEngine:265 - oldGeneratedFile, C:\Users\aditi\OneDrive\Desktop\Sunbeam_Internship\ARM_94076_Aditi\Smart_Env_Monitor\MQ2_LCD_LED\Core\Inc\stm32f4xx_it.h_save
2025-12-30 21:55:59,811 [INFO] CodeEngine:289 - Generated code: C:\Users\aditi\OneDrive\Desktop\Sunbeam_Internship\ARM_94076_Aditi\Smart_Env_Monitor\MQ2_LCD_LED\Core\Inc\stm32f4xx_it.h
2025-12-30 21:55:59,848 [INFO] CodeEngine:265 - oldGeneratedFile, C:\Users\aditi\OneDrive\Desktop\Sunbeam_Internship\ARM_94076_Aditi\Smart_Env_Monitor\MQ2_LCD_LED\Core\Src\stm32f4xx_hal_msp.c_save
2025-12-30 21:55:59,985 [INFO] CodeEngine:289 - Generated code: C:\Users\aditi\OneDrive\Desktop\Sunbeam_Internship\ARM_94076_Aditi\Smart_Env_Monitor\MQ2_LCD_LED\Core\Src\stm32f4xx_hal_msp.c
2025-12-30 21:56:00,002 [INFO] CodeEngine:265 - oldGeneratedFile, C:\Users\aditi\OneDrive\Desktop\Sunbeam_Internship\ARM_94076_Aditi\Smart_Env_Monitor\MQ2_LCD_LED\MXTmpFiles\system.tmp_save
2025-12-30 21:56:00,109 [INFO] CodeEngine:289 - Generated code: C:\Users\aditi\OneDrive\Desktop\Sunbeam_Internship\ARM_94076_Aditi\Smart_Env_Monitor\MQ2_LCD_LED\MXTmpFiles\system.tmp
2025-12-30 21:56:00,145 [INFO] CodeEngine:321 - oldGeneratedFile, C:\Users\aditi\OneDrive\Desktop\Sunbeam_Internship\ARM_94076_Aditi\Smart_Env_Monitor\MQ2_LCD_LED\Core\Inc\stm32f4xx_hal_conf.h_save
2025-12-30 21:56:00,243 [INFO] CodeEngine:345 - Generated code: C:\Users\aditi\OneDrive\Desktop\Sunbeam_Internship\ARM_94076_Aditi\Smart_Env_Monitor\MQ2_LCD_LED\Core\Inc\stm32f4xx_hal_conf.h
2025-12-30 21:56:00,309 [INFO] CodeEngine:265 - oldGeneratedFile, C:\Users\aditi\OneDrive\Desktop\Sunbeam_Internship\ARM_94076_Aditi\Smart_Env_Monitor\MQ2_LCD_LED\Core\Inc\main.h_save
2025-12-30 21:56:00,401 [INFO] CodeEngine:289 - Generated code: C:\Users\aditi\OneDrive\Desktop\Sunbeam_Internship\ARM_94076_Aditi\Smart_Env_Monitor\MQ2_LCD_LED\Core\Inc\main.h
2025-12-30 21:56:00,423 [INFO] CodeEngine:265 - oldGeneratedFile, C:\Users\aditi\OneDrive\Desktop\Sunbeam_Internship\ARM_94076_Aditi\Smart_Env_Monitor\MQ2_LCD_LED\Core\Src\main.c_save
2025-12-30 21:56:00,546 [INFO] CodeEngine:289 - Generated code: C:\Users\aditi\OneDrive\Desktop\Sunbeam_Internship\ARM_94076_Aditi\Smart_Env_Monitor\MQ2_LCD_LED\Core\Src\main.c
2025-12-30 21:56:02,458 [INFO] ProjectBuilder:3606 - Time for Copy HAL[1] : 1477mS.
2025-12-30 21:56:02,467 [INFO] ProjectBuilder:5216 - Project Generator version: 4.7.0-B52
2025-12-30 21:56:02,522 [INFO] ConfigFileManager:1595 - The Die is : DIE413
2025-12-30 21:56:03,926 [INFO] ProjectBuilder:5496 - Time for Generating toolchain IDE Files: 1458mS.
2025-12-30 21:56:03,928 [INFO] ProjectBuilder:3463 - Time for Copy CMSIS : 1mS.
2025-12-30 21:56:03,936 [INFO] ProjectBuilder:3463 - Time for Copy CMSIS : 0mS.
2025-12-30 21:59:11,536 [INFO] ADCParametersView:116 -                Rank 1 : false
2025-12-30 21:59:11,537 [INFO] ADCParametersView:116 -                Rank 1 : false
2025-12-30 21:59:11,537 [INFO] ADCParametersView:116 -                Rank 1 : false
2025-12-30 21:59:11,538 [INFO] ADCParametersView:116 -                Rank 1 : false
2025-12-30 21:59:11,538 [INFO] ADCParametersView:116 -                Rank 1 : false
2025-12-30 21:59:11,538 [INFO] ADCParametersView:116 -                Rank 1 : false
2025-12-30 21:59:11,538 [INFO] ADCParametersView:116 -                Rank 1 : false
2025-12-30 21:59:11,538 [INFO] ADCParametersView:116 -                Rank 1 : false
2025-12-30 21:59:11,539 [INFO] ADCParametersView:116 -                Rank 1 : false
2025-12-30 21:59:11,539 [INFO] ADCParametersView:116 -                Rank 1 : false
2025-12-30 21:59:11,540 [INFO] ADCParametersView:116 -                Rank 1 : false
2025-12-30 21:59:11,540 [INFO] ADCParametersView:116 -                Rank 1 : false
2025-12-30 21:59:11,541 [INFO] ADCParametersView:116 -                Rank 1 : false
2025-12-30 21:59:11,541 [INFO] ADCParametersView:116 -                Rank 1 : false
2025-12-30 21:59:11,651 [INFO] ADCParametersView:116 -                Rank 1 : false
2025-12-30 21:59:11,785 [INFO] ADCParametersView:116 -                Rank 1 : false
2025-12-30 21:59:11,785 [INFO] ADCParametersView:116 -                Rank 1 : false
2025-12-30 21:59:11,785 [INFO] ADCParametersView:116 -                Rank 1 : false
2025-12-30 21:59:11,785 [INFO] ADCParametersView:116 -                Rank 1 : false
2025-12-30 21:59:11,785 [INFO] ADCParametersView:116 -                Rank 1 : false
2025-12-30 21:59:11,785 [INFO] ADCParametersView:116 -                Rank 1 : false
2025-12-30 21:59:11,786 [INFO] ADCParametersView:116 -                Rank 1 : false
2025-12-30 21:59:11,786 [INFO] ADCParametersView:116 -                Rank 1 : false
2025-12-30 21:59:11,786 [INFO] ADCParametersView:116 -                Rank 1 : false
2025-12-30 21:59:11,786 [INFO] ADCParametersView:116 -                Rank 1 : false
2025-12-30 21:59:11,786 [INFO] ADCParametersView:116 -                Rank 1 : false
2025-12-30 21:59:11,786 [INFO] ADCParametersView:116 -                Rank 1 : false
2025-12-30 21:59:11,786 [INFO] ADCParametersView:116 -                Rank 1 : false
2025-12-30 21:59:11,786 [INFO] ADCParametersView:116 -                Rank 1 : false
2025-12-30 21:59:11,862 [INFO] ADCParametersView:116 -                Rank 1 : false
2025-12-30 21:59:16,398 [INFO] UtilMem:75 - End SaveConfig() Used Memory: 393936504 Bytes (783286272)
2025-12-30 21:59:18,289 [INFO] UtilMem:75 - End SaveConfig() Used Memory: 425920120 Bytes (783286272)
2025-12-30 21:59:18,562 [INFO] UtilMem:75 - End SaveConfig() Used Memory: 499320440 Bytes (783286272)
2025-12-30 21:59:18,999 [INFO] BlockDiagram:2775 - set Specific Code input for plugin: SYS
2025-12-30 21:59:19,000 [INFO] BlockDiagram:2775 - set Specific Code input for plugin: RCC
2025-12-30 21:59:19,000 [INFO] BlockDiagram:2775 - set Specific Code input for plugin: I2C
2025-12-30 21:59:19,000 [INFO] BlockDiagram:2775 - set Specific Code input for plugin: NVIC
2025-12-30 21:59:19,000 [INFO] BlockDiagram:2775 - set Specific Code input for plugin: GPIO
2025-12-30 21:59:19,002 [INFO] CodeGenerator:892 - code generatio: config db path: C:\ST\STM32CubeIDE_1.19.0\STM32CubeIDE\plugins\com.st.stm32cube.common.mx_6.15.0.202507011659\\db\
2025-12-30 21:59:19,004 [WARN] IP:2250 - I2C_Coeff_DF not found: check if there is a RefParameter without a condition.
2025-12-30 21:59:19,004 [WARN] IP:2250 - Analog_Filter not found: check if there is a RefParameter without a condition.
2025-12-30 21:59:19,066 [INFO] CodeEngine:265 - oldGeneratedFile, C:\Users\aditi\OneDrive\Desktop\Sunbeam_Internship\ARM_94076_Aditi\Smart_Env_Monitor\MQ2_LCD_LED\MXTmpFiles\license.tmp_save
2025-12-30 21:59:19,231 [INFO] CodeEngine:289 - Generated code: C:\Users\aditi\OneDrive\Desktop\Sunbeam_Internship\ARM_94076_Aditi\Smart_Env_Monitor\MQ2_LCD_LED\MXTmpFiles\license.tmp
2025-12-30 21:59:19,275 [INFO] CodeEngine:265 - oldGeneratedFile, C:\Users\aditi\OneDrive\Desktop\Sunbeam_Internship\ARM_94076_Aditi\Smart_Env_Monitor\MQ2_LCD_LED\MXTmpFiles\gpio.tmp_save
2025-12-30 21:59:19,391 [INFO] CodeEngine:289 - Generated code: C:\Users\aditi\OneDrive\Desktop\Sunbeam_Internship\ARM_94076_Aditi\Smart_Env_Monitor\MQ2_LCD_LED\MXTmpFiles\gpio.tmp
2025-12-30 21:59:19,466 [INFO] CodeEngine:265 - oldGeneratedFile, C:\Users\aditi\OneDrive\Desktop\Sunbeam_Internship\ARM_94076_Aditi\Smart_Env_Monitor\MQ2_LCD_LED\Core\Src\stm32f4xx_it.c_save
2025-12-30 21:59:19,576 [INFO] CodeEngine:289 - Generated code: C:\Users\aditi\OneDrive\Desktop\Sunbeam_Internship\ARM_94076_Aditi\Smart_Env_Monitor\MQ2_LCD_LED\Core\Src\stm32f4xx_it.c
2025-12-30 21:59:19,592 [INFO] CodeEngine:265 - oldGeneratedFile, C:\Users\aditi\OneDrive\Desktop\Sunbeam_Internship\ARM_94076_Aditi\Smart_Env_Monitor\MQ2_LCD_LED\Core\Inc\stm32f4xx_it.h_save
2025-12-30 21:59:19,712 [INFO] CodeEngine:289 - Generated code: C:\Users\aditi\OneDrive\Desktop\Sunbeam_Internship\ARM_94076_Aditi\Smart_Env_Monitor\MQ2_LCD_LED\Core\Inc\stm32f4xx_it.h
2025-12-30 21:59:19,741 [INFO] CodeEngine:265 - oldGeneratedFile, C:\Users\aditi\OneDrive\Desktop\Sunbeam_Internship\ARM_94076_Aditi\Smart_Env_Monitor\MQ2_LCD_LED\Core\Src\stm32f4xx_hal_msp.c_save
2025-12-30 21:59:19,935 [INFO] CodeEngine:289 - Generated code: C:\Users\aditi\OneDrive\Desktop\Sunbeam_Internship\ARM_94076_Aditi\Smart_Env_Monitor\MQ2_LCD_LED\Core\Src\stm32f4xx_hal_msp.c
2025-12-30 21:59:19,951 [INFO] CodeEngine:265 - oldGeneratedFile, C:\Users\aditi\OneDrive\Desktop\Sunbeam_Internship\ARM_94076_Aditi\Smart_Env_Monitor\MQ2_LCD_LED\MXTmpFiles\system.tmp_save
2025-12-30 21:59:20,039 [INFO] CodeEngine:289 - Generated code: C:\Users\aditi\OneDrive\Desktop\Sunbeam_Internship\ARM_94076_Aditi\Smart_Env_Monitor\MQ2_LCD_LED\MXTmpFiles\system.tmp
2025-12-30 21:59:20,072 [INFO] CodeEngine:321 - oldGeneratedFile, C:\Users\aditi\OneDrive\Desktop\Sunbeam_Internship\ARM_94076_Aditi\Smart_Env_Monitor\MQ2_LCD_LED\Core\Inc\stm32f4xx_hal_conf.h_save
2025-12-30 21:59:20,167 [INFO] CodeEngine:345 - Generated code: C:\Users\aditi\OneDrive\Desktop\Sunbeam_Internship\ARM_94076_Aditi\Smart_Env_Monitor\MQ2_LCD_LED\Core\Inc\stm32f4xx_hal_conf.h
2025-12-30 21:59:20,257 [INFO] CodeEngine:265 - oldGeneratedFile, C:\Users\aditi\OneDrive\Desktop\Sunbeam_Internship\ARM_94076_Aditi\Smart_Env_Monitor\MQ2_LCD_LED\Core\Inc\main.h_save
2025-12-30 21:59:20,406 [INFO] CodeEngine:289 - Generated code: C:\Users\aditi\OneDrive\Desktop\Sunbeam_Internship\ARM_94076_Aditi\Smart_Env_Monitor\MQ2_LCD_LED\Core\Inc\main.h
2025-12-30 21:59:20,433 [INFO] CodeEngine:265 - oldGeneratedFile, C:\Users\aditi\OneDrive\Desktop\Sunbeam_Internship\ARM_94076_Aditi\Smart_Env_Monitor\MQ2_LCD_LED\Core\Src\main.c_save
2025-12-30 21:59:20,552 [INFO] CodeEngine:289 - Generated code: C:\Users\aditi\OneDrive\Desktop\Sunbeam_Internship\ARM_94076_Aditi\Smart_Env_Monitor\MQ2_LCD_LED\Core\Src\main.c
2025-12-30 21:59:22,143 [INFO] ProjectBuilder:3606 - Time for Copy HAL[1] : 1423mS.
2025-12-30 21:59:22,143 [INFO] ProjectBuilder:5216 - Project Generator version: 4.7.0-B52
2025-12-30 21:59:22,208 [INFO] ConfigFileManager:1595 - The Die is : DIE413
2025-12-30 21:59:23,087 [INFO] ProjectBuilder:5496 - Time for Generating toolchain IDE Files: 944mS.
2025-12-30 21:59:23,088 [INFO] ProjectBuilder:3463 - Time for Copy CMSIS : 1mS.
2025-12-30 21:59:23,097 [INFO] ProjectBuilder:3463 - Time for Copy CMSIS : 0mS.
2025-12-30 22:00:38,125 [INFO] ADCParametersView:116 -                Rank 1 : false
2025-12-30 22:00:38,126 [INFO] ADCParametersView:116 -                Rank 1 : false
2025-12-30 22:00:38,126 [INFO] ADCParametersView:116 -                Rank 1 : false
2025-12-30 22:00:38,126 [INFO] ADCParametersView:116 -                Rank 1 : false
2025-12-30 22:00:38,127 [INFO] ADCParametersView:116 -                Rank 1 : false
2025-12-30 22:00:38,127 [INFO] ADCParametersView:116 -                Rank 1 : false
2025-12-30 22:00:38,127 [INFO] ADCParametersView:116 -                Rank 1 : false
2025-12-30 22:00:38,127 [INFO] ADCParametersView:116 -                Rank 1 : false
2025-12-30 22:00:38,127 [INFO] ADCParametersView:116 -                Rank 1 : false
2025-12-30 22:00:38,127 [INFO] ADCParametersView:116 -                Rank 1 : false
2025-12-30 22:00:38,128 [INFO] ADCParametersView:116 -                Rank 1 : false
2025-12-30 22:00:38,128 [INFO] ADCParametersView:116 -                Rank 1 : false
2025-12-30 22:00:38,128 [INFO] ADCParametersView:116 -                Rank 1 : false
2025-12-30 22:00:38,128 [INFO] ADCParametersView:116 -                Rank 1 : false
2025-12-30 22:00:38,158 [INFO] ADCParametersView:116 -                Rank 1 : false
2025-12-30 22:00:38,221 [INFO] ADCParametersView:116 -                Rank 1 : false
2025-12-30 22:00:38,221 [INFO] ADCParametersView:116 -                Rank 1 : false
2025-12-30 22:00:38,221 [INFO] ADCParametersView:116 -                Rank 1 : false
2025-12-30 22:00:38,221 [INFO] ADCParametersView:116 -                Rank 1 : false
2025-12-30 22:00:38,221 [INFO] ADCParametersView:116 -                Rank 1 : false
2025-12-30 22:00:38,221 [INFO] ADCParametersView:116 -                Rank 1 : false
2025-12-30 22:00:38,221 [INFO] ADCParametersView:116 -                Rank 1 : false
2025-12-30 22:00:38,221 [INFO] ADCParametersView:116 -                Rank 1 : false
2025-12-30 22:00:38,221 [INFO] ADCParametersView:116 -                Rank 1 : false
2025-12-30 22:00:38,221 [INFO] ADCParametersView:116 -                Rank 1 : false
2025-12-30 22:00:38,221 [INFO] ADCParametersView:116 -                Rank 1 : false
2025-12-30 22:00:38,222 [INFO] ADCParametersView:116 -                Rank 1 : false
2025-12-30 22:00:38,222 [INFO] ADCParametersView:116 -                Rank 1 : false
2025-12-30 22:00:38,222 [INFO] ADCParametersView:116 -                Rank 1 : false
2025-12-30 22:00:38,262 [INFO] ADCParametersView:116 -                Rank 1 : false
2025-12-30 22:00:38,413 [INFO] NvicIntPanel:101 - NVIC parent = com.st.microxplorer.plugins.ip.nvic.MultiNvicIntPanel[,0,0,0x0,invalid,layout=javax.swing.BoxLayout,alignmentX=0.0,alignmentY=0.0,border=,flags=9,maximumSize=,minimumSize=,preferredSize=]
2025-12-30 22:00:38,617 [INFO] NvicIntPanel:101 - NVIC parent = com.st.microxplorer.plugins.ip.nvic.MultiNvicIntPanel[,0,0,0x0,invalid,layout=javax.swing.BoxLayout,alignmentX=0.0,alignmentY=0.0,border=,flags=9,maximumSize=,minimumSize=,preferredSize=]
2025-12-30 22:00:38,765 [INFO] NvicIntPanel:101 - NVIC parent = com.st.microxplorer.plugins.ip.nvic.MultiNvicIntPanel[,0,0,0x0,invalid,layout=javax.swing.BoxLayout,alignmentX=0.0,alignmentY=0.0,border=,flags=9,maximumSize=,minimumSize=,preferredSize=]
2025-12-30 22:00:38,891 [INFO] ADCParametersView:116 -                Rank 1 : false
2025-12-30 22:00:38,891 [INFO] ADCParametersView:116 -                Rank 1 : false
2025-12-30 22:00:38,891 [INFO] ADCParametersView:116 -                Rank 1 : false
2025-12-30 22:00:38,892 [INFO] ADCParametersView:116 -                Rank 1 : false
2025-12-30 22:00:38,892 [INFO] ADCParametersView:116 -                Rank 1 : false
2025-12-30 22:00:38,892 [INFO] ADCParametersView:116 -                Rank 1 : false
2025-12-30 22:00:38,892 [INFO] ADCParametersView:116 -                Rank 1 : false
2025-12-30 22:00:38,892 [INFO] ADCParametersView:116 -                Rank 1 : false
2025-12-30 22:00:38,892 [INFO] ADCParametersView:116 -                Rank 1 : false
2025-12-30 22:00:38,892 [INFO] ADCParametersView:116 -                Rank 1 : false
2025-12-30 22:00:38,892 [INFO] ADCParametersView:116 -                Rank 1 : false
2025-12-30 22:00:38,892 [INFO] ADCParametersView:116 -                Rank 1 : false
2025-12-30 22:00:38,892 [INFO] ADCParametersView:116 -                Rank 1 : false
2025-12-30 22:00:38,892 [INFO] ADCParametersView:116 -                Rank 1 : false
2025-12-30 22:00:38,912 [INFO] ADCParametersView:116 -                Rank 1 : false
2025-12-30 22:00:38,953 [INFO] ADCParametersView:116 -                Rank 1 : false
2025-12-30 22:00:38,953 [INFO] ADCParametersView:116 -                Rank 1 : false
2025-12-30 22:00:38,953 [INFO] ADCParametersView:116 -                Rank 1 : false
2025-12-30 22:00:38,953 [INFO] ADCParametersView:116 -                Rank 1 : false
2025-12-30 22:00:38,953 [INFO] ADCParametersView:116 -                Rank 1 : false
2025-12-30 22:00:38,953 [INFO] ADCParametersView:116 -                Rank 1 : false
2025-12-30 22:00:38,953 [INFO] ADCParametersView:116 -                Rank 1 : false
2025-12-30 22:00:38,954 [INFO] ADCParametersView:116 -                Rank 1 : false
2025-12-30 22:00:38,954 [INFO] ADCParametersView:116 -                Rank 1 : false
2025-12-30 22:00:38,954 [INFO] ADCParametersView:116 -                Rank 1 : false
2025-12-30 22:00:38,954 [INFO] ADCParametersView:116 -                Rank 1 : false
2025-12-30 22:00:38,954 [INFO] ADCParametersView:116 -                Rank 1 : false
2025-12-30 22:00:38,954 [INFO] ADCParametersView:116 -                Rank 1 : false
2025-12-30 22:00:38,954 [INFO] ADCParametersView:116 -                Rank 1 : false
2025-12-30 22:00:38,971 [INFO] ADCParametersView:116 -                Rank 1 : false
2025-12-30 22:00:43,090 [INFO] UtilMem:75 - End SaveConfig() Used Memory: 295864104 Bytes (783286272)
2025-12-30 22:00:44,946 [INFO] UtilMem:75 - End SaveConfig() Used Memory: 323653416 Bytes (783286272)
2025-12-30 22:00:45,131 [INFO] UtilMem:75 - End SaveConfig() Used Memory: 397053736 Bytes (783286272)
2025-12-30 22:00:45,200 [INFO] BlockDiagram:2775 - set Specific Code input for plugin: SYS
2025-12-30 22:00:45,200 [INFO] BlockDiagram:2775 - set Specific Code input for plugin: ADC
2025-12-30 22:00:45,200 [INFO] BlockDiagram:2775 - set Specific Code input for plugin: RCC
2025-12-30 22:00:45,200 [INFO] BlockDiagram:2775 - set Specific Code input for plugin: I2C
2025-12-30 22:00:45,200 [INFO] BlockDiagram:2775 - set Specific Code input for plugin: NVIC
2025-12-30 22:00:45,200 [INFO] BlockDiagram:2775 - set Specific Code input for plugin: GPIO
2025-12-30 22:00:45,201 [INFO] CodeGenerator:892 - code generatio: config db path: C:\ST\STM32CubeIDE_1.19.0\STM32CubeIDE\plugins\com.st.stm32cube.common.mx_6.15.0.202507011659\\db\
2025-12-30 22:00:45,205 [WARN] IP:2250 - I2C_Coeff_DF not found: check if there is a RefParameter without a condition.
2025-12-30 22:00:45,205 [WARN] IP:2250 - Analog_Filter not found: check if there is a RefParameter without a condition.
2025-12-30 22:00:45,249 [INFO] CodeEngine:265 - oldGeneratedFile, C:\Users\aditi\OneDrive\Desktop\Sunbeam_Internship\ARM_94076_Aditi\Smart_Env_Monitor\MQ2_LCD_LED\MXTmpFiles\license.tmp_save
2025-12-30 22:00:45,295 [INFO] CodeEngine:289 - Generated code: C:\Users\aditi\OneDrive\Desktop\Sunbeam_Internship\ARM_94076_Aditi\Smart_Env_Monitor\MQ2_LCD_LED\MXTmpFiles\license.tmp
2025-12-30 22:00:45,319 [INFO] CodeEngine:265 - oldGeneratedFile, C:\Users\aditi\OneDrive\Desktop\Sunbeam_Internship\ARM_94076_Aditi\Smart_Env_Monitor\MQ2_LCD_LED\MXTmpFiles\gpio.tmp_save
2025-12-30 22:00:45,376 [INFO] CodeEngine:289 - Generated code: C:\Users\aditi\OneDrive\Desktop\Sunbeam_Internship\ARM_94076_Aditi\Smart_Env_Monitor\MQ2_LCD_LED\MXTmpFiles\gpio.tmp
2025-12-30 22:00:45,457 [INFO] CodeEngine:265 - oldGeneratedFile, C:\Users\aditi\OneDrive\Desktop\Sunbeam_Internship\ARM_94076_Aditi\Smart_Env_Monitor\MQ2_LCD_LED\Core\Src\stm32f4xx_it.c_save
2025-12-30 22:00:45,531 [INFO] CodeEngine:289 - Generated code: C:\Users\aditi\OneDrive\Desktop\Sunbeam_Internship\ARM_94076_Aditi\Smart_Env_Monitor\MQ2_LCD_LED\Core\Src\stm32f4xx_it.c
2025-12-30 22:00:45,544 [INFO] CodeEngine:265 - oldGeneratedFile, C:\Users\aditi\OneDrive\Desktop\Sunbeam_Internship\ARM_94076_Aditi\Smart_Env_Monitor\MQ2_LCD_LED\Core\Inc\stm32f4xx_it.h_save
2025-12-30 22:00:45,594 [INFO] CodeEngine:289 - Generated code: C:\Users\aditi\OneDrive\Desktop\Sunbeam_Internship\ARM_94076_Aditi\Smart_Env_Monitor\MQ2_LCD_LED\Core\Inc\stm32f4xx_it.h
2025-12-30 22:00:45,611 [INFO] CodeEngine:265 - oldGeneratedFile, C:\Users\aditi\OneDrive\Desktop\Sunbeam_Internship\ARM_94076_Aditi\Smart_Env_Monitor\MQ2_LCD_LED\Core\Src\stm32f4xx_hal_msp.c_save
2025-12-30 22:00:45,687 [INFO] CodeEngine:289 - Generated code: C:\Users\aditi\OneDrive\Desktop\Sunbeam_Internship\ARM_94076_Aditi\Smart_Env_Monitor\MQ2_LCD_LED\Core\Src\stm32f4xx_hal_msp.c
2025-12-30 22:00:45,698 [INFO] CodeEngine:265 - oldGeneratedFile, C:\Users\aditi\OneDrive\Desktop\Sunbeam_Internship\ARM_94076_Aditi\Smart_Env_Monitor\MQ2_LCD_LED\MXTmpFiles\system.tmp_save
2025-12-30 22:00:45,740 [INFO] CodeEngine:289 - Generated code: C:\Users\aditi\OneDrive\Desktop\Sunbeam_Internship\ARM_94076_Aditi\Smart_Env_Monitor\MQ2_LCD_LED\MXTmpFiles\system.tmp
2025-12-30 22:00:45,759 [INFO] CodeEngine:321 - oldGeneratedFile, C:\Users\aditi\OneDrive\Desktop\Sunbeam_Internship\ARM_94076_Aditi\Smart_Env_Monitor\MQ2_LCD_LED\Core\Inc\stm32f4xx_hal_conf.h_save
2025-12-30 22:00:45,809 [INFO] CodeEngine:345 - Generated code: C:\Users\aditi\OneDrive\Desktop\Sunbeam_Internship\ARM_94076_Aditi\Smart_Env_Monitor\MQ2_LCD_LED\Core\Inc\stm32f4xx_hal_conf.h
2025-12-30 22:00:45,853 [INFO] CodeEngine:265 - oldGeneratedFile, C:\Users\aditi\OneDrive\Desktop\Sunbeam_Internship\ARM_94076_Aditi\Smart_Env_Monitor\MQ2_LCD_LED\Core\Inc\main.h_save
2025-12-30 22:00:45,904 [INFO] CodeEngine:289 - Generated code: C:\Users\aditi\OneDrive\Desktop\Sunbeam_Internship\ARM_94076_Aditi\Smart_Env_Monitor\MQ2_LCD_LED\Core\Inc\main.h
2025-12-30 22:00:45,914 [INFO] CodeEngine:265 - oldGeneratedFile, C:\Users\aditi\OneDrive\Desktop\Sunbeam_Internship\ARM_94076_Aditi\Smart_Env_Monitor\MQ2_LCD_LED\Core\Src\main.c_save
2025-12-30 22:00:45,983 [INFO] CodeEngine:289 - Generated code: C:\Users\aditi\OneDrive\Desktop\Sunbeam_Internship\ARM_94076_Aditi\Smart_Env_Monitor\MQ2_LCD_LED\Core\Src\main.c
2025-12-30 22:00:47,526 [INFO] ProjectBuilder:3606 - Time for Copy HAL[1] : 1450mS.
2025-12-30 22:00:47,531 [INFO] ProjectBuilder:5216 - Project Generator version: 4.7.0-B52
2025-12-30 22:00:47,569 [INFO] ConfigFileManager:1595 - The Die is : DIE413
2025-12-30 22:00:48,486 [INFO] ProjectBuilder:5496 - Time for Generating toolchain IDE Files: 955mS.
2025-12-30 22:00:48,494 [INFO] ProjectBuilder:3463 - Time for Copy CMSIS : 1mS.
2025-12-30 22:00:48,505 [INFO] ProjectBuilder:3463 - Time for Copy CMSIS : 0mS.
